date,portid,portname,portcalls,portcalls_container,import,export,import_dry_bulk,import_container,import_general_cargo,import_tanker,import_roro,export_dry_bulk,export_container,export_general_cargo,export_tanker,export_roro
2019-01-07,port183,Buenaventura,4,2,12182,0,0,8543,3638,0,0,0,0,0,0,0
2019-01-08,port183,Buenaventura,3,2,13562,0,0,7596,0,5965,0,0,0,0,0,0
2019-01-09,port183,Buenaventura,5,3,41225,11938,41225,0,0,0,0,0,11938,0,0,0
2019-01-10,port183,Buenaventura,6,3,62674,2324,53867,8806,0,0,0,0,915,0,1408,0
2019-01-11,port183,Buenaventura,4,3,11124,23319,0,11124,0,0,0,0,23319,0,0,0
2019-01-12,port183,Buenaventura,3,1,38256,0,23179,11927,0,3148,0,0,0,0,0,0
2019-01-13,port183,Buenaventura,3,2,1650,9984,0,1246,0,0,403,0,9984,0,0,0
2019-01-14,port183,Buenaventura,2,1,36395,0,34230,2165,0,0,0,0,0,0,0,0
2019-01-15,port183,Buenaventura,2,0,2509,0,0,0,0,2509,0,0,0,0,0,0
2019-01-16,port183,Buenaventura,3,1,60709,2273,49638,5562,0,5508,0,0,1625,0,647,0
2019-01-17,port183,Buenaventura,7,5,29172,38528,16909,12262,0,0,0,0,38528,0,0,0
2019-01-18,port183,Buenaventura,4,3,9589,21234,2507,7082,0,0,0,0,21234,0,0,0
2019-01-19,port183,Buenaventura,4,2,11640,0,4993,5599,0,1047,0,0,0,0,0,0
2019-01-20,port183,Buenaventura,3,2,14047,1625,0,14047,0,0,0,0,1625,0,0,0
2019-01-21,port183,Buenaventura,4,2,8759,6913,4080,0,0,4678,0,0,6913,0,0,0
2019-01-22,port183,Buenaventura,5,2,112171,1625,89151,23019,0,0,0,0,1625,0,0,0
2019-01-23,port183,Buenaventura,2,2,19270,1625,0,19270,0,0,0,0,1625,0,0,0
2019-01-24,port183,Buenaventura,8,3,140653,2273,117982,17162,0,5508,0,0,1625,0,647,0
2019-01-25,port183,Buenaventura,4,3,13128,76162,0,13128,0,0,0,52974,23188,0,0,0
2019-01-26,port183,Buenaventura,5,3,42581,1625,22568,20012,0,0,0,0,1625,0,0,0
2019-01-27,port183,Buenaventura,2,1,16163,0,2441,13721,0,0,0,0,0,0,0,0
2019-01-28,port183,Buenaventura,3,2,31028,0,17457,13571,0,0,0,0,0,0,0,0
2019-01-29,port183,Buenaventura,4,2,17968,0,0,17968,0,0,0,0,0,0,0,0
2019-01-30,port183,Buenaventura,3,2,10923,9863,0,6182,4740,0,0,0,9863,0,0,0
2019-01-31,port183,Buenaventura,7,4,11490,81363,6370,5120,0,0,0,65833,15530,0,0,0
2019-02-01,port183,Buenaventura,3,3,6599,23870,0,6599,0,0,0,0,23870,0,0,0
2019-02-02,port183,Buenaventura,4,3,49391,0,21953,27437,0,0,0,0,0,0,0,0
2019-02-03,port183,Buenaventura,3,1,37509,0,23885,10951,2673,0,0,0,0,0,0,0
2019-02-04,port183,Buenaventura,4,3,11782,0,0,9568,0,0,2214,0,0,0,0,0
2019-02-05,port183,Buenaventura,7,3,101094,9079,77091,20377,3625,0,0,1169,7909,0,0,0
2019-02-06,port183,Buenaventura,0,0,0,0,0,0,0,0,0,0,0,0,0,0
2019-02-07,port183,Buenaventura,6,4,16472,36293,0,5243,0,3720,7508,0,36293,0,0,0
2019-02-08,port183,Buenaventura,4,3,11626,20601,0,6117,0,5508,0,0,19953,0,647,0
2019-02-09,port183,Buenaventura,5,2,21608,67,0,20632,0,0,976,0,0,0,0,67
2019-02-10,port183,Buenaventura,5,3,45734,0,14377,29750,0,1606,0,0,0,0,0,0
2019-02-11,port183,Buenaventura,3,2,11124,39618,0,11124,0,0,0,36368,3250,0,0,0
2019-02-12,port183,Buenaventura,4,2,50206,0,36773,13432,0,0,0,0,0,0,0,0
2019-02-13,port183,Buenaventura,3,1,56242,0,53175,2412,0,0,655,0,0,0,0,0
2019-02-14,port183,Buenaventura,6,3,21543,7396,0,5562,11268,4713,0,0,6892,0,503,0
2019-02-15,port183,Buenaventura,3,3,10503,2345,0,10503,0,0,0,0,2345,0,0,0
2019-02-16,port183,Buenaventura,5,1,39838,7625,39526,0,0,311,0,0,7625,0,0,0
2019-02-17,port183,Buenaventura,4,3,82997,0,30826,52170,0,0,0,0,0,0,0,0
2019-02-18,port183,Buenaventura,5,3,28656,3001,26876,1780,0,0,0,0,3001,0,0,0
2019-02-19,port183,Buenaventura,2,1,0,0,0,0,0,0,0,0,0,0,0,0
2019-02-20,port183,Buenaventura,4,3,6538,20124,0,5562,0,0,976,0,20057,0,0,67
2019-02-21,port183,Buenaventura,4,4,15887,14181,0,15887,0,0,0,0,14181,0,0,0
2019-02-22,port183,Buenaventura,3,3,8164,14871,0,8164,0,0,0,0,14871,0,0,0
2019-02-23,port183,Buenaventura,2,1,21576,0,0,21576,0,0,0,0,0,0,0,0
2019-02-24,port183,Buenaventura,6,4,4678,11664,1642,3036,0,0,0,0,971,0,10693,0
2019-02-25,port183,Buenaventura,3,1,28740,4562,20635,5562,0,0,2542,2937,1625,0,0,0
2019-02-26,port183,Buenaventura,0,0,0,0,0,0,0,0,0,0,0,0,0,0
2019-02-27,port183,Buenaventura,1,1,11970,0,0,11970,0,0,0,0,0,0,0,0
2019-02-28,port183,Buenaventura,6,4,77479,19584,51861,20108,0,5508,0,0,18936,0,647,0
2019-03-01,port183,Buenaventura,4,4,1375,15153,0,1375,0,0,0,0,15153,0,0,0
2019-03-02,port183,Buenaventura,2,1,21453,0,0,21453,0,0,0,0,0,0,0,0
2019-03-03,port183,Buenaventura,3,3,50128,1625,0,50128,0,0,0,0,1625,0,0,0
2019-03-04,port183,Buenaventura,0,0,0,0,0,0,0,0,0,0,0,0,0,0
2019-03-05,port183,Buenaventura,2,1,14890,0,0,14890,0,0,0,0,0,0,0,0
2019-03-06,port183,Buenaventura,5,3,25266,23697,3212,22054,0,0,0,0,23697,0,0,0
2019-03-07,port183,Buenaventura,6,4,25447,26679,0,23745,0,0,1701,13147,13532,0,0,0
2019-03-08,port183,Buenaventura,6,4,28385,20789,0,26171,0,0,2214,18257,2531,0,0,0
2019-03-09,port183,Buenaventura,2,1,1276,0,0,1276,0,0,0,0,0,0,0,0
2019-03-10,port183,Buenaventura,3,2,31837,0,23658,8179,0,0,0,0,0,0,0,0
2019-03-11,port183,Buenaventura,4,2,24536,4990,20635,3900,0,0,0,2937,2052,0,0,0
2019-03-12,port183,Buenaventura,0,0,0,0,0,0,0,0,0,0,0,0,0,0
2019-03-13,port183,Buenaventura,8,3,121803,13369,103259,13034,0,5508,0,3853,8867,0,647,0
2019-03-14,port183,Buenaventura,5,3,49872,14343,35627,14244,0,0,0,0,14343,0,0,0
2019-03-15,port183,Buenaventura,4,2,12529,67,4785,6768,0,0,976,0,0,0,0,67
2019-03-16,port183,Buenaventura,3,1,26920,10174,11695,0,0,15225,0,0,10174,0,0,0
2019-03-17,port183,Buenaventura,5,3,28611,647,0,23102,0,5508,0,0,0,0,647,0
2019-03-18,port183,Buenaventura,4,1,7188,77112,0,6666,0,522,0,77112,0,0,0,0
2019-03-19,port183,Buenaventura,1,0,0,0,0,0,0,0,0,0,0,0,0,0
2019-03-20,port183,Buenaventura,3,3,0,22222,0,0,0,0,0,0,22222,0,0,0
2019-03-21,port183,Buenaventura,5,3,78815,0,50656,14170,0,13989,0,0,0,0,0,0
2019-03-22,port183,Buenaventura,4,3,15492,6738,0,15492,0,0,0,0,6738,0,0,0
2019-03-23,port183,Buenaventura,5,2,67580,1625,47881,19699,0,0,0,0,1625,0,0,0
2019-03-24,port183,Buenaventura,3,1,1572,1247,0,0,1572,0,0,0,1247,0,0,0
2019-03-25,port183,Buenaventura,3,1,35789,677,35789,0,0,0,0,0,677,0,0,0
2019-03-26,port183,Buenaventura,4,2,15950,0,0,11905,0,0,4045,0,0,0,0,0
2019-03-27,port183,Buenaventura,1,1,5562,1625,0,5562,0,0,0,0,1625,0,0,0
2019-03-28,port183,Buenaventura,5,4,10364,18150,0,6357,0,4007,0,0,18150,0,0,0
2019-03-29,port183,Buenaventura,5,2,40546,2937,31498,6599,0,0,2448,2937,0,0,0,0
2019-03-30,port183,Buenaventura,5,4,19422,2984,0,19002,419,0,0,0,2984,0,0,0
2019-03-31,port183,Buenaventura,1,0,3399,0,0,0,0,0,3399,0,0,0,0,0
2019-04-01,port183,Buenaventura,5,2,54030,5874,45925,8104,0,0,0,5874,0,0,0,0
2019-04-02,port183,Buenaventura,2,2,9901,0,0,9901,0,0,0,0,0,0,0,0
2019-04-03,port183,Buenaventura,5,3,60405,12467,50499,9905,0,0,0,0,12309,0,158,0
2019-04-04,port183,Buenaventura,4,2,53928,0,46662,6844,0,0,421,0,0,0,0,0
2019-04-05,port183,Buenaventura,3,3,3859,1274,0,3859,0,0,0,0,1274,0,0,0
2019-04-06,port183,Buenaventura,5,2,40033,2986,20635,14403,0,4994,0,2937,0,0,49,0
2019-04-07,port183,Buenaventura,3,2,7971,68345,0,7971,0,0,0,66720,1625,0,0,0
2019-04-08,port183,Buenaventura,3,2,15128,0,0,12229,2898,0,0,0,0,0,0,0
2019-04-09,port183,Buenaventura,3,1,3407,0,0,0,0,0,3407,0,0,0,0,0
2019-04-10,port183,Buenaventura,3,3,4108,13430,0,4108,0,0,0,0,13430,0,0,0
2019-04-11,port183,Buenaventura,2,1,21719,0,14957,6761,0,0,0,0,0,0,0,0
2019-04-12,port183,Buenaventura,2,2,9930,0,0,9930,0,0,0,0,0,0,0,0
2019-04-13,port183,Buenaventura,4,2,29386,12326,0,28876,0,0,509,0,12326,0,0,0
2019-04-14,port183,Buenaventura,5,4,33385,0,0,32517,0,0,868,0,0,0,0,0
2019-04-15,port183,Buenaventura,0,0,0,0,0,0,0,0,0,0,0,0,0,0
2019-04-16,port183,Buenaventura,2,1,25894,0,3979,21914,0,0,0,0,0,0,0,0
2019-04-17,port183,Buenaventura,3,2,48185,1816,40590,7594,0,0,0,0,1816,0,0,0
2019-04-18,port183,Buenaventura,4,3,63593,1625,50061,13531,0,0,0,0,1625,0,0,0
2019-04-19,port183,Buenaventura,3,3,14627,21629,0,14627,0,0,0,0,21629,0,0,0
2019-04-20,port183,Buenaventura,3,2,22129,0,5758,16370,0,0,0,0,0,0,0,0
2019-04-21,port183,Buenaventura,4,2,40368,2937,20635,19733,0,0,0,2937,0,0,0,0
2019-04-22,port183,Buenaventura,3,2,17725,0,10268,7457,0,0,0,0,0,0,0,0
2019-04-23,port183,Buenaventura,3,2,78857,0,47051,31806,0,0,0,0,0,0,0,0
2019-04-24,port183,Buenaventura,5,1,57254,14279,51746,0,0,5508,0,5828,7803,0,647,0
2019-04-25,port183,Buenaventura,6,5,1372,27002,0,315,0,1057,0,0,27002,0,0,0
2019-04-26,port183,Buenaventura,3,2,15593,0,0,8873,0,6720,0,0,0,0,0,0
2019-04-27,port183,Buenaventura,2,1,5508,7386,0,0,0,5508,0,0,6738,0,647,0
2019-04-28,port183,Buenaventura,4,3,66481,0,46487,19993,0,0,0,0,0,0,0,0
2019-04-29,port183,Buenaventura,2,1,9856,0,0,9517,0,338,0,0,0,0,0,0
2019-04-30,port183,Buenaventura,6,2,99447,0,85112,14334,0,0,0,0,0,0,0,0
2019-05-01,port183,Buenaventura,4,3,4929,11147,0,4929,0,0,0,0,11147,0,0,0
2019-05-02,port183,Buenaventura,5,3,81992,18036,76430,5562,0,0,0,0,18036,0,0,0
2019-05-03,port183,Buenaventura,4,3,16677,13272,0,16677,0,0,0,3269,10002,0,0,0
2019-05-04,port183,Buenaventura,3,2,37175,2937,20635,16539,0,0,0,2937,0,0,0,0
2019-05-05,port183,Buenaventura,3,2,15478,1625,0,15478,0,0,0,0,1625,0,0,0
2019-05-06,port183,Buenaventura,3,2,16838,675,12452,4385,0,0,0,0,675,0,0,0
2019-05-07,port183,Buenaventura,1,0,20635,2937,20635,0,0,0,0,2937,0,0,0,0
2019-05-08,port183,Buenaventura,3,2,10451,11872,0,7659,0,2791,0,0,11872,0,0,0
2019-05-09,port183,Buenaventura,7,5,6739,27796,0,6739,0,0,0,0,27796,0,0,0
2019-05-10,port183,Buenaventura,5,3,17606,12997,0,4675,0,12930,0,0,12997,0,0,0
2019-05-11,port183,Buenaventura,2,1,16631,0,12145,4485,0,0,0,0,0,0,0,0
2019-05-12,port183,Buenaventura,3,3,24802,0,0,24802,0,0,0,0,0,0,0,0
2019-05-13,port183,Buenaventura,4,2,54113,677,53562,551,0,0,0,0,677,0,0,0
2019-05-14,port183,Buenaventura,4,2,33965,0,9415,22849,1699,0,0,0,0,0,0,0
2019-05-15,port183,Buenaventura,4,3,49712,11581,35476,14235,0,0,0,0,11581,0,0,0
2019-05-16,port183,Buenaventura,4,3,22344,10132,0,7776,0,14567,0,0,10132,0,0,0
2019-05-17,port183,Buenaventura,4,2,85485,0,70452,15033,0,0,0,0,0,0,0,0
2019-05-18,port183,Buenaventura,0,0,0,0,0,0,0,0,0,0,0,0,0,0
2019-05-19,port183,Buenaventura,5,4,11214,22661,0,8609,0,2604,0,0,22661,0,0,0
2019-05-20,port183,Buenaventura,8,3,65166,44143,39921,25245,0,0,0,44143,0,0,0,0
2019-05-21,port183,Buenaventura,4,1,69410,0,63519,5890,0,0,0,0,0,0,0,0
2019-05-22,port183,Buenaventura,4,2,26198,17568,20635,5562,0,0,0,3907,13661,0,0,0
2019-05-23,port183,Buenaventura,4,4,13208,12263,0,13208,0,0,0,0,12263,0,0,0
2019-05-24,port183,Buenaventura,4,2,20277,1625,10922,8844,0,0,509,0,1625,0,0,0
2019-05-25,port183,Buenaventura,3,2,6602,24521,0,6602,0,0,0,0,24521,0,0,0
2019-05-26,port183,Buenaventura,3,3,23612,1625,0,23612,0,0,0,0,1625,0,0,0
2019-05-27,port183,Buenaventura,3,1,22395,0,11516,7786,3092,0,0,0,0,0,0,0
2019-05-28,port183,Buenaventura,2,1,33630,2937,20635,12994,0,0,0,2937,0,0,0,0
2019-05-29,port183,Buenaventura,6,4,86047,20281,52852,33194,0,0,0,0,20281,0,0,0
2019-05-30,port183,Buenaventura,3,2,60634,9870,56185,4448,0,0,0,0,9870,0,0,0
2019-05-31,port183,Buenaventura,3,2,6849,5107,0,4817,0,0,2031,0,5107,0,0,0
2019-06-01,port183,Buenaventura,2,2,21565,0,0,21565,0,0,0,0,0,0,0,0
2019-06-02,port183,Buenaventura,5,2,60268,0,35510,23842,682,232,0,0,0,0,0,0
2019-06-03,port183,Buenaventura,3,3,12958,0,0,12958,0,0,0,0,0,0,0,0
2019-06-04,port183,Buenaventura,1,1,5562,1625,0,5562,0,0,0,0,1625,0,0,0
2019-06-05,port183,Buenaventura,2,2,9666,1625,0,9666,0,0,0,0,1625,0,0,0
2019-06-06,port183,Buenaventura,5,3,75252,11462,72723,2529,0,0,0,0,11462,0,0,0
2019-06-07,port183,Buenaventura,6,4,43883,39679,0,15436,11889,16557,0,0,39679,0,0,0
2019-06-08,port183,Buenaventura,1,0,45991,0,45991,0,0,0,0,0,0,0,0,0
2019-06-09,port183,Buenaventura,4,3,21510,0,0,21510,0,0,0,0,0,0,0,0
2019-06-10,port183,Buenaventura,5,2,32352,54944,20635,11717,0,0,0,54944,0,0,0,0
2019-06-11,port183,Buenaventura,5,3,33089,2264,16578,11854,4656,0,0,0,2264,0,0,0
2019-06-12,port183,Buenaventura,1,1,0,8504,0,0,0,0,0,0,8504,0,0,0
2019-06-13,port183,Buenaventura,7,4,26987,26689,20425,5586,0,0,976,0,26622,0,0,67
2019-06-14,port183,Buenaventura,4,3,7722,7992,7243,479,0,0,0,0,7992,0,0,0
2019-06-15,port183,Buenaventura,2,1,12036,647,0,6527,0,5508,0,0,0,0,647,0
2019-06-16,port183,Buenaventura,5,3,27034,944,0,25245,1470,319,0,0,944,0,0,0
2019-06-17,port183,Buenaventura,2,1,34351,0,0,6074,0,28277,0,0,0,0,0,0
2019-06-18,port183,Buenaventura,3,2,42902,0,34192,8709,0,0,0,0,0,0,0,0
2019-06-19,port183,Buenaventura,3,2,7193,4255,0,1371,0,5822,0,0,4255,0,0,0
2019-06-20,port183,Buenaventura,4,3,18283,68320,0,18283,0,0,0,56981,11339,0,0,0
2019-06-21,port183,Buenaventura,5,3,53974,15165,35284,17713,0,0,976,0,15098,0,0,67
2019-06-22,port183,Buenaventura,3,0,34383,0,22618,0,0,11765,0,0,0,0,0,0
2019-06-23,port183,Buenaventura,5,2,81165,0,59729,21436,0,0,0,0,0,0,0,0
2019-06-24,port183,Buenaventura,2,2,11435,0,0,11435,0,0,0,0,0,0,0,0
2019-06-25,port183,Buenaventura,1,1,15793,0,0,15793,0,0,0,0,0,0,0,0
2019-06-26,port183,Buenaventura,5,2,78604,7787,77377,1226,0,0,0,0,7787,0,0,0
2019-06-27,port183,Buenaventura,7,4,65807,97470,53015,12791,0,0,0,78725,17109,1635,0,0
2019-06-28,port183,Buenaventura,4,2,9321,21055,0,5562,0,3759,0,0,17779,3276,0,0
2019-06-29,port183,Buenaventura,2,1,5330,0,0,1092,0,4238,0,0,0,0,0,0
2019-06-30,port183,Buenaventura,5,3,49526,0,30486,16066,2973,0,0,0,0,0,0,0
2019-07-01,port183,Buenaventura,2,1,2735,0,0,2735,0,0,0,0,0,0,0,0
2019-07-02,port183,Buenaventura,2,1,23853,0,0,9903,0,13949,0,0,0,0,0,0
2019-07-03,port183,Buenaventura,3,2,14864,9116,0,5523,9341,0,0,0,9116,0,0,0
2019-07-04,port183,Buenaventura,5,2,54744,315,0,11274,17532,25937,0,0,315,0,0,0
2019-07-05,port183,Buenaventura,5,2,13123,2912,0,6041,7082,0,0,1287,1625,0,0,0
2019-07-06,port183,Buenaventura,4,2,37018,2937,20635,16382,0,0,0,2937,0,0,0,0
2019-07-07,port183,Buenaventura,2,2,17826,0,0,17826,0,0,0,0,0,0,0,0
2019-07-08,port183,Buenaventura,5,1,81309,1625,73050,5562,0,2697,0,0,1625,0,0,0
2019-07-09,port183,Buenaventura,6,2,25045,2937,20635,4409,0,0,0,2937,0,0,0,0
2019-07-10,port183,Buenaventura,2,2,5562,6795,0,5562,0,0,0,0,6795,0,0,0
2019-07-11,port183,Buenaventura,4,3,59478,16443,51175,8303,0,0,0,0,16443,0,0,0
2019-07-12,port183,Buenaventura,4,2,37077,16333,31921,5155,0,0,0,0,16333,0,0,0
2019-07-13,port183,Buenaventura,1,1,12114,0,0,12114,0,0,0,0,0,0,0,0
2019-07-14,port183,Buenaventura,5,3,22101,1625,0,17894,2669,0,1537,0,1625,0,0,0
2019-07-15,port183,Buenaventura,4,1,21257,8071,20635,0,0,621,0,2937,5134,0,0,0
2019-07-16,port183,Buenaventura,4,2,53814,0,45275,8539,0,0,0,0,0,0,0,0
2019-07-17,port183,Buenaventura,3,2,7037,22737,0,5488,0,1548,0,0,22737,0,0,0
2019-07-18,port183,Buenaventura,3,2,0,3641,0,0,0,0,0,0,3641,0,0,0
2019-07-19,port183,Buenaventura,4,4,11837,1272,0,11837,0,0,0,0,1272,0,0,0
2019-07-20,port183,Buenaventura,4,2,17188,0,0,17188,0,0,0,0,0,0,0,0
2019-07-21,port183,Buenaventura,2,2,12184,1625,0,12184,0,0,0,0,1625,0,0,0
2019-07-22,port183,Buenaventura,5,1,59360,0,7765,33325,0,12808,5460,0,0,0,0,0
2019-07-23,port183,Buenaventura,2,1,37319,0,30019,7300,0,0,0,0,0,0,0,0
2019-07-24,port183,Buenaventura,2,2,9886,17983,0,9886,0,0,0,0,17983,0,0,0
2019-07-25,port183,Buenaventura,5,3,0,14716,0,0,0,0,0,0,14716,0,0,0
2019-07-26,port183,Buenaventura,3,3,5562,1625,0,5562,0,0,0,0,1625,0,0,0
2019-07-27,port183,Buenaventura,4,3,9153,26098,0,9153,0,0,0,22223,3874,0,0,0
2019-07-28,port183,Buenaventura,4,4,7763,3669,0,7763,0,0,0,0,3669,0,0,0
2019-07-29,port183,Buenaventura,3,2,1565,2170,0,0,0,1565,0,0,2170,0,0,0
2019-07-30,port183,Buenaventura,2,2,5521,13621,0,5521,0,0,0,0,13621,0,0,0
2019-07-31,port183,Buenaventura,2,2,15579,16080,0,15579,0,0,0,0,16080,0,0,0
2019-08-01,port183,Buenaventura,2,1,27110,0,13847,13263,0,0,0,0,0,0,0,0
2019-08-02,port183,Buenaventura,3,2,12254,1273,0,9888,0,0,2365,0,1273,0,0,0
2019-08-03,port183,Buenaventura,2,2,0,6336,0,0,0,0,0,0,6336,0,0,0
2019-08-04,port183,Buenaventura,8,5,37571,8013,10408,12527,14635,0,0,0,8013,0,0,0
2019-08-05,port183,Buenaventura,1,0,1792,0,0,0,0,0,1792,0,0,0,0,0
2019-08-06,port183,Buenaventura,2,1,8156,1625,2594,5562,0,0,0,0,1625,0,0,0
2019-08-07,port183,Buenaventura,4,4,5562,20577,0,5562,0,0,0,0,20577,0,0,0
2019-08-08,port183,Buenaventura,4,1,42883,0,29362,8257,0,5262,0,0,0,0,0,0
2019-08-09,port183,Buenaventura,4,2,36263,0,0,32353,0,0,3910,0,0,0,0,0
2019-08-10,port183,Buenaventura,5,1,47886,12215,42492,0,5393,0,0,0,12215,0,0,0
2019-08-11,port183,Buenaventura,6,4,84422,3250,70941,13481,0,0,0,0,3250,0,0,0
2019-08-12,port183,Buenaventura,5,1,36173,0,21889,2159,12124,0,0,0,0,0,0,0
2019-08-13,port183,Buenaventura,2,1,8349,0,0,6472,0,1877,0,0,0,0,0,0
2019-08-14,port183,Buenaventura,4,2,22648,2114,0,7722,0,14926,0,0,1625,0,489,0
2019-08-15,port183,Buenaventura,2,2,3408,12527,0,3408,0,0,0,0,12527,0,0,0
2019-08-16,port183,Buenaventura,5,2,16535,0,8159,8376,0,0,0,0,0,0,0,0
2019-08-17,port183,Buenaventura,2,0,67459,0,67459,0,0,0,0,0,0,0,0,0
2019-08-18,port183,Buenaventura,10,5,151958,5133,109600,27963,0,14394,0,0,5133,0,0,0
2019-08-19,port183,Buenaventura,1,1,0,6185,0,0,0,0,0,0,6185,0,0,0
2019-08-20,port183,Buenaventura,7,2,47388,5588,34657,12222,0,0,508,2908,1625,0,1054,0
2019-08-21,port183,Buenaventura,1,0,4877,0,0,0,0,4877,0,0,0,0,0,0
2019-08-22,port183,Buenaventura,5,4,27015,21762,10993,16021,0,0,0,0,21762,0,0,0
2019-08-23,port183,Buenaventura,5,2,14675,3029,7095,7580,0,0,0,0,1092,1937,0,0
2019-08-24,port183,Buenaventura,2,0,10491,0,9762,0,728,0,0,0,0,0,0,0
2019-08-25,port183,Buenaventura,4,3,8811,1370,0,8811,0,0,0,0,1370,0,0,0
2019-08-26,port183,Buenaventura,7,4,92965,27490,83601,9364,0,0,0,2937,24553,0,0,0
2019-08-27,port183,Buenaventura,1,1,8572,0,0,8572,0,0,0,0,0,0,0,0
2019-08-28,port183,Buenaventura,3,2,49324,2937,20635,28688,0,0,0,2937,0,0,0,0
2019-08-29,port183,Buenaventura,4,2,5508,13655,0,0,0,5508,0,0,13007,0,647,0
2019-08-30,port183,Buenaventura,3,1,10561,0,0,8201,0,0,2359,0,0,0,0,0
2019-08-31,port183,Buenaventura,3,0,19666,0,5147,0,0,14518,0,0,0,0,0,0
2019-09-01,port183,Buenaventura,3,3,8033,2899,0,8033,0,0,0,0,2899,0,0,0
2019-09-02,port183,Buenaventura,7,2,141689,6725,141689,0,0,0,0,779,5945,0,0,0
2019-09-03,port183,Buenaventura,2,0,81821,0,81821,0,0,0,0,0,0,0,0,0
2019-09-04,port183,Buenaventura,4,2,9683,1625,0,9262,0,0,421,0,1625,0,0,0
2019-09-05,port183,Buenaventura,1,1,0,17031,0,0,0,0,0,0,17031,0,0,0
2019-09-06,port183,Buenaventura,2,1,20635,4034,20635,0,0,0,0,2937,1097,0,0,0
2019-09-07,port183,Buenaventura,2,1,14196,0,0,14196,0,0,0,0,0,0,0,0
2019-09-08,port183,Buenaventura,6,3,63407,1625,42880,8955,0,11572,0,0,1625,0,0,0
2019-09-09,port183,Buenaventura,4,2,7027,3235,0,5562,0,1465,0,0,3235,0,0,0
2019-09-10,port183,Buenaventura,3,2,6048,0,0,2151,0,3897,0,0,0,0,0,0
2019-09-11,port183,Buenaventura,3,1,45667,0,21989,4083,0,19594,0,0,0,0,0,0
2019-09-12,port183,Buenaventura,3,1,20635,51179,20635,0,0,0,0,41042,10137,0,0,0
2019-09-13,port183,Buenaventura,5,2,50226,503,28023,17489,0,4713,0,0,0,0,503,0
2019-09-14,port183,Buenaventura,1,1,6342,0,0,6342,0,0,0,0,0,0,0,0
2019-09-15,port183,Buenaventura,5,3,20184,5311,1342,17789,0,1051,0,0,5311,0,0,0
2019-09-16,port183,Buenaventura,3,1,4074,551,0,0,0,4074,0,0,551,0,0,0
2019-09-17,port183,Buenaventura,4,2,42932,0,40737,2194,0,0,0,0,0,0,0,0
2019-09-18,port183,Buenaventura,5,1,49692,22681,33481,11074,2699,2436,0,22681,0,0,0,0
2019-09-19,port183,Buenaventura,1,1,0,3368,0,0,0,0,0,0,3368,0,0,0
2019-09-20,port183,Buenaventura,4,2,57145,3282,39970,6589,10585,0,0,0,3282,0,0,0
2019-09-21,port183,Buenaventura,2,0,10058,67,9082,0,0,0,976,0,0,0,0,67
2019-09-22,port183,Buenaventura,6,4,53698,2628,42093,11604,0,0,0,0,2628,0,0,0
2019-09-23,port183,Buenaventura,4,2,12493,80271,7556,4936,0,0,0,78982,1289,0,0,0
2019-09-24,port183,Buenaventura,3,2,19912,0,0,19912,0,0,0,0,0,0,0,0
2019-09-25,port183,Buenaventura,3,1,16520,609,0,10949,5570,0,0,0,0,609,0,0
2019-09-26,port183,Buenaventura,5,2,32684,10053,1595,14198,4719,12170,0,0,10053,0,0,0
2019-09-27,port183,Buenaventura,2,2,9124,0,0,9124,0,0,0,0,0,0,0,0
2019-09-28,port183,Buenaventura,4,1,68810,2244,68810,0,0,0,0,0,2244,0,0,0
2019-09-29,port183,Buenaventura,3,2,11452,0,2454,8997,0,0,0,0,0,0,0,0
2019-09-30,port183,Buenaventura,5,2,108613,3485,107516,1096,0,0,0,0,3485,0,0,0
2019-10-01,port183,Buenaventura,7,3,75636,1625,45650,29986,0,0,0,0,1625,0,0,0
2019-10-02,port183,Buenaventura,2,2,5424,5440,0,5424,0,0,0,0,5440,0,0,0
2019-10-03,port183,Buenaventura,3,2,5465,21334,0,0,5465,0,0,0,21334,0,0,0
2019-10-04,port183,Buenaventura,2,1,8625,0,5992,2633,0,0,0,0,0,0,0,0
2019-10-05,port183,Buenaventura,0,0,0,0,0,0,0,0,0,0,0,0,0,0
2019-10-06,port183,Buenaventura,5,4,28480,4172,0,28480,0,0,0,0,4172,0,0,0
2019-10-07,port183,Buenaventura,3,2,8301,4172,0,2793,0,5508,0,0,3524,0,647,0
2019-10-08,port183,Buenaventura,7,2,123215,11945,120787,2428,0,0,0,0,11945,0,0,0
2019-10-09,port183,Buenaventura,0,0,0,0,0,0,0,0,0,0,0,0,0,0
2019-10-10,port183,Buenaventura,2,1,19243,16180,0,0,19243,0,0,0,16180,0,0,0
2019-10-11,port183,Buenaventura,4,3,17921,214,0,17921,0,0,0,0,214,0,0,0
2019-10-12,port183,Buenaventura,3,1,57421,1625,51859,5562,0,0,0,0,1625,0,0,0
2019-10-13,port183,Buenaventura,3,3,12865,2274,0,12865,0,0,0,0,2274,0,0,0
2019-10-14,port183,Buenaventura,4,3,22266,386,0,22266,0,0,0,0,386,0,0,0
2019-10-15,port183,Buenaventura,2,2,14265,0,0,14265,0,0,0,0,0,0,0,0
2019-10-16,port183,Buenaventura,4,1,60470,0,56452,0,0,4018,0,0,0,0,0,0
2019-10-17,port183,Buenaventura,3,2,8672,67,0,7696,0,0,976,0,0,0,0,67
2019-10-18,port183,Buenaventura,3,1,36031,3585,20635,9886,0,5508,0,2937,0,0,647,0
2019-10-19,port183,Buenaventura,2,2,13137,0,0,13137,0,0,0,0,0,0,0,0
2019-10-20,port183,Buenaventura,4,3,54014,1359,0,29338,0,24676,0,0,1359,0,0,0
2019-10-21,port183,Buenaventura,4,3,12474,2892,0,12474,0,0,0,0,2892,0,0,0
2019-10-22,port183,Buenaventura,2,1,10147,0,0,9751,0,395,0,0,0,0,0,0
2019-10-23,port183,Buenaventura,1,0,0,0,0,0,0,0,0,0,0,0,0,0
2019-10-24,port183,Buenaventura,2,2,0,14465,0,0,0,0,0,0,14465,0,0,0
2019-10-25,port183,Buenaventura,2,1,46141,1178,46141,0,0,0,0,0,1178,0,0,0
2019-10-26,port183,Buenaventura,2,0,38318,0,0,0,0,35047,3271,0,0,0,0,0
2019-10-27,port183,Buenaventura,7,4,41680,2995,35844,5835,0,0,0,0,2995,0,0,0
2019-10-28,port183,Buenaventura,5,1,55236,0,51670,3299,265,0,0,0,0,0,0,0
2019-10-29,port183,Buenaventura,4,3,61996,1625,0,61996,0,0,0,0,1625,0,0,0
2019-10-30,port183,Buenaventura,5,1,15612,2326,7755,0,3253,4604,0,0,2326,0,0,0
2019-10-31,port183,Buenaventura,2,2,5562,21515,0,5562,0,0,0,0,21515,0,0,0
2019-11-01,port183,Buenaventura,3,1,20175,0,12619,7555,0,0,0,0,0,0,0,0
2019-11-02,port183,Buenaventura,1,1,5562,1625,0,5562,0,0,0,0,1625,0,0,0
2019-11-03,port183,Buenaventura,4,2,21774,1625,11566,6013,4194,0,0,0,1625,0,0,0
2019-11-04,port183,Buenaventura,5,4,39401,322,23119,16282,0,0,0,0,322,0,0,0
2019-11-05,port183,Buenaventura,4,1,25904,9606,20635,0,0,5268,0,2937,6669,0,0,0
2019-11-06,port183,Buenaventura,3,1,55772,609,35005,15195,5570,0,0,0,0,609,0,0
2019-11-07,port183,Buenaventura,3,2,11450,15112,0,11450,0,0,0,0,15112,0,0,0
2019-11-08,port183,Buenaventura,1,0,31882,0,0,0,0,31882,0,0,0,0,0,0
2019-11-09,port183,Buenaventura,5,3,42235,4562,20635,18543,0,3056,0,2937,1625,0,0,0
2019-11-10,port183,Buenaventura,2,1,5562,36271,0,5562,0,0,0,34645,1625,0,0,0
2019-11-11,port183,Buenaventura,3,2,41264,2322,37372,3891,0,0,0,0,2322,0,0,0
2019-11-12,port183,Buenaventura,4,2,100557,0,83348,17208,0,0,0,0,0,0,0,0
2019-11-13,port183,Buenaventura,1,1,5562,1625,0,5562,0,0,0,0,1625,0,0,0
2019-11-14,port183,Buenaventura,3,3,5562,27259,0,5562,0,0,0,0,27259,0,0,0
2019-11-15,port183,Buenaventura,3,1,16366,0,4566,7059,4740,0,0,0,0,0,0,0
2019-11-16,port183,Buenaventura,3,1,17953,0,6491,11462,0,0,0,0,0,0,0,0
2019-11-17,port183,Buenaventura,3,2,45620,2292,28210,17409,0,0,0,0,2292,0,0,0
2019-11-18,port183,Buenaventura,3,2,11596,2572,0,2228,9367,0,0,0,2572,0,0,0
2019-11-19,port183,Buenaventura,2,0,18166,647,12658,0,0,5508,0,0,0,0,647,0
2019-11-20,port183,Buenaventura,4,2,68572,609,49185,13816,5570,0,0,0,0,609,0,0
2019-11-21,port183,Buenaventura,2,1,40537,0,0,26544,13993,0,0,0,0,0,0,0
2019-11-22,port183,Buenaventura,4,2,16850,0,0,14927,0,0,1923,0,0,0,0,0
2019-11-23,port183,Buenaventura,2,1,3928,0,0,456,0,3472,0,0,0,0,0,0
2019-11-24,port183,Buenaventura,5,3,86089,9823,80527,5562,0,0,0,0,9823,0,0,0
2019-11-25,port183,Buenaventura,4,1,976,2394,0,0,0,0,976,0,2326,0,0,67
2019-11-26,port183,Buenaventura,1,1,5421,0,0,5421,0,0,0,0,0,0,0,0
2019-11-27,port183,Buenaventura,2,0,33682,0,33682,0,0,0,0,0,0,0,0,0
2019-11-28,port183,Buenaventura,5,3,30627,16476,0,11321,19306,0,0,0,16476,0,0,0
2019-11-29,port183,Buenaventura,4,1,28780,0,22608,3030,0,3141,0,0,0,0,0,0
2019-11-30,port183,Buenaventura,1,1,5562,1625,0,5562,0,0,0,0,1625,0,0,0
2019-12-01,port183,Buenaventura,4,3,18304,0,0,13831,4472,0,0,0,0,0,0,0
2019-12-02,port183,Buenaventura,3,2,3276,55780,0,3276,0,0,0,53528,2252,0,0,0
2019-12-03,port183,Buenaventura,1,0,1164,0,0,0,0,0,1164,0,0,0,0,0
2019-12-04,port183,Buenaventura,5,3,53892,781,34059,19832,0,0,0,0,781,0,0,0
2019-12-05,port183,Buenaventura,5,1,81262,0,53875,10096,752,16537,0,0,0,0,0,0
2019-12-06,port183,Buenaventura,1,1,4352,0,0,4352,0,0,0,0,0,0,0,0
2019-12-07,port183,Buenaventura,5,3,20475,1625,0,20475,0,0,0,0,1625,0,0,0
2019-12-08,port183,Buenaventura,7,3,78567,51954,33133,44035,0,1398,0,30783,21171,0,0,0
2019-12-09,port183,Buenaventura,4,2,24653,15024,23677,0,0,0,976,0,14957,0,0,67
2019-12-10,port183,Buenaventura,4,2,26198,5664,20635,5562,0,0,0,4039,1625,0,0,0
2019-12-11,port183,Buenaventura,1,1,1241,0,0,1241,0,0,0,0,0,0,0,0
2019-12-12,port183,Buenaventura,2,2,11124,3250,0,11124,0,0,0,0,3250,0,0,0
2019-12-13,port183,Buenaventura,1,1,5562,1625,0,5562,0,0,0,0,1625,0,0,0
2019-12-14,port183,Buenaventura,5,2,84131,6254,72031,11124,0,0,976,2937,3250,0,0,67
2019-12-15,port183,Buenaventura,2,2,9676,0,0,9676,0,0,0,0,0,0,0,0
2019-12-16,port183,Buenaventura,3,2,32633,1625,0,14024,0,18609,0,0,1625,0,0,0
2019-12-17,port183,Buenaventura,2,1,27981,2937,20635,7346,0,0,0,2937,0,0,0,0
2019-12-18,port183,Buenaventura,2,1,6156,1371,6156,0,0,0,0,0,1371,0,0,0
2019-12-19,port183,Buenaventura,2,1,35490,1625,29928,5562,0,0,0,0,1625,0,0,0
2019-12-20,port183,Buenaventura,3,1,50003,4562,44441,5562,0,0,0,2937,1625,0,0,0
2019-12-21,port183,Buenaventura,4,2,12100,3317,0,11124,0,0,976,0,3250,0,0,67
2019-12-22,port183,Buenaventura,2,2,15130,1230,0,15130,0,0,0,0,1230,0,0,0
2019-12-23,port183,Buenaventura,4,2,57881,8443,52318,5562,0,0,0,2937,5506,0,0,0
2019-12-24,port183,Buenaventura,2,2,18908,1625,0,18908,0,0,0,0,1625,0,0,0
2019-12-25,port183,Buenaventura,3,1,25066,1625,0,5562,1793,17711,0,0,1625,0,0,0
2019-12-26,port183,Buenaventura,3,2,7740,12444,0,7740,0,0,0,0,12444,0,0,0
2019-12-27,port183,Buenaventura,1,0,13356,0,13356,0,0,0,0,0,0,0,0,0
2019-12-28,port183,Buenaventura,4,2,39787,905,12100,7582,20104,0,0,0,905,0,0,0
2019-12-29,port183,Buenaventura,3,2,11124,3250,0,11124,0,0,0,0,3250,0,0,0
2019-12-30,port183,Buenaventura,4,2,43849,0,25315,12863,0,5670,0,0,0,0,0,0
2019-12-31,port183,Buenaventura,2,1,21605,0,0,11977,9628,0,0,0,0,0,0,0
2020-01-01,port183,Buenaventura,2,1,10425,0,0,5521,4903,0,0,0,0,0,0,0
2020-01-02,port183,Buenaventura,1,1,0,5691,0,0,0,0,0,0,5691,0,0,0
2020-01-03,port183,Buenaventura,4,2,40996,34707,8208,32788,0,0,0,34707,0,0,0,0
2020-01-04,port183,Buenaventura,2,2,11907,1625,0,11907,0,0,0,0,1625,0,0,0
2020-01-05,port183,Buenaventura,4,3,38895,1625,0,38895,0,0,0,0,1625,0,0,0
2020-01-06,port183,Buenaventura,3,1,52119,666,52119,0,0,0,0,0,666,0,0,0
2020-01-07,port183,Buenaventura,2,1,10088,0,0,7272,0,2816,0,0,0,0,0,0
2020-01-08,port183,Buenaventura,4,1,24631,30534,0,8612,5570,10447,0,29924,0,609,0,0
2020-01-09,port183,Buenaventura,4,3,1135,0,0,1135,0,0,0,0,0,0,0,0
2020-01-10,port183,Buenaventura,3,1,54214,0,45565,8649,0,0,0,0,0,0,0,0
2020-01-11,port183,Buenaventura,4,2,28668,2707,23106,5562,0,0,0,0,2707,0,0,0
2020-01-12,port183,Buenaventura,4,3,26364,1625,10432,15932,0,0,0,0,1625,0,0,0
2020-01-13,port183,Buenaventura,1,0,34219,0,34219,0,0,0,0,0,0,0,0,0
2020-01-14,port183,Buenaventura,3,1,33786,2937,20635,6464,6685,0,0,2937,0,0,0,0
2020-01-15,port183,Buenaventura,0,0,0,0,0,0,0,0,0,0,0,0,0,0
2020-01-16,port183,Buenaventura,2,1,0,4735,0,0,0,0,0,0,4735,0,0,0
2020-01-17,port183,Buenaventura,1,1,8049,0,0,8049,0,0,0,0,0,0,0,0
2020-01-18,port183,Buenaventura,2,1,21249,0,21249,0,0,0,0,0,0,0,0,0
2020-01-19,port183,Buenaventura,4,3,29140,0,0,28121,0,0,1018,0,0,0,0,0
2020-01-20,port183,Buenaventura,4,2,18642,7389,0,12031,5570,1039,0,0,6779,609,0,0
2020-01-21,port183,Buenaventura,2,1,3352,0,0,1108,0,0,2243,0,0,0,0,0
2020-01-22,port183,Buenaventura,2,1,17352,0,7599,9752,0,0,0,0,0,0,0,0
2020-01-23,port183,Buenaventura,3,2,26198,13987,20635,5562,0,0,0,2937,11050,0,0,0
2020-01-24,port183,Buenaventura,3,1,5562,1625,0,5562,0,0,0,0,1625,0,0,0
2020-01-25,port183,Buenaventura,4,2,58525,2234,46126,6828,5570,0,0,0,1625,609,0,0
2020-01-26,port183,Buenaventura,4,3,15388,5032,9826,5562,0,0,0,0,5032,0,0,0
2020-01-27,port183,Buenaventura,5,2,55343,6733,20368,10470,24504,0,0,0,6123,609,0,0
2020-01-28,port183,Buenaventura,3,1,14135,2092,0,8627,0,5508,0,1444,0,0,647,0
2020-01-29,port183,Buenaventura,4,2,56623,3691,49683,5480,1459,0,0,0,3691,0,0,0
2020-01-30,port183,Buenaventura,2,1,10002,647,0,4494,0,5508,0,0,0,0,647,0
2020-01-31,port183,Buenaventura,2,0,26455,647,20946,0,0,5508,0,0,0,0,647,0
2020-02-01,port183,Buenaventura,4,2,36978,0,0,10844,14298,11835,0,0,0,0,0,0
2020-02-02,port183,Buenaventura,5,3,21650,0,0,17746,3904,0,0,0,0,0,0,0
2020-02-03,port183,Buenaventura,5,3,28728,4021,20255,8472,0,0,0,0,4021,0,0,0
2020-02-04,port183,Buenaventura,4,1,14942,0,3713,8669,0,0,2559,0,0,0,0,0
2020-02-05,port183,Buenaventura,2,1,6579,1625,1017,5562,0,0,0,0,1625,0,0,0
2020-02-06,port183,Buenaventura,3,2,5562,2063,0,5562,0,0,0,0,2063,0,0,0
2020-02-07,port183,Buenaventura,3,2,15328,11941,0,11071,0,4257,0,0,11941,0,0,0
2020-02-08,port183,Buenaventura,2,2,59909,0,0,59909,0,0,0,0,0,0,0,0
2020-02-09,port183,Buenaventura,3,1,2743,0,0,2390,0,352,0,0,0,0,0,0
2020-02-10,port183,Buenaventura,5,1,117069,1825,111901,0,0,5167,0,0,1825,0,0,0
2020-02-11,port183,Buenaventura,1,1,9041,0,0,9041,0,0,0,0,0,0,0,0
2020-02-12,port183,Buenaventura,3,1,5871,19003,0,5562,0,309,0,17378,1625,0,0,0
2020-02-13,port183,Buenaventura,6,3,32371,9536,0,20675,0,11182,513,0,9536,0,0,0
2020-02-14,port183,Buenaventura,2,0,22422,0,22422,0,0,0,0,0,0,0,0,0
2020-02-15,port183,Buenaventura,2,2,25212,0,0,25212,0,0,0,0,0,0,0,0
2020-02-16,port183,Buenaventura,3,3,16932,3848,0,16932,0,0,0,0,3848,0,0,0
2020-02-17,port183,Buenaventura,1,1,0,3338,0,0,0,0,0,0,3338,0,0,0
2020-02-18,port183,Buenaventura,1,0,0,0,0,0,0,0,0,0,0,0,0,0
2020-02-19,port183,Buenaventura,3,2,17791,0,0,17791,0,0,0,0,0,0,0,0
2020-02-20,port183,Buenaventura,3,1,60180,0,50199,9981,0,0,0,0,0,0,0,0
2020-02-21,port183,Buenaventura,4,1,50124,67,33911,13241,1995,0,976,0,0,0,0,67
2020-02-22,port183,Buenaventura,5,3,31491,0,3840,24746,2904,0,0,0,0,0,0,0
2020-02-23,port183,Buenaventura,1,1,5562,1625,0,5562,0,0,0,0,1625,0,0,0
2020-02-24,port183,Buenaventura,5,2,91882,5973,84389,7492,0,0,0,2937,3036,0,0,0
2020-02-25,port183,Buenaventura,5,2,39832,26257,27581,12250,0,0,0,26257,0,0,0,0
2020-02-26,port183,Buenaventura,2,0,5080,0,0,0,826,4253,0,0,0,0,0,0
2020-02-27,port183,Buenaventura,0,0,0,0,0,0,0,0,0,0,0,0,0,0
2020-02-28,port183,Buenaventura,2,1,14026,401,0,14026,0,0,0,0,0,0,401,0
2020-02-29,port183,Buenaventura,5,2,38404,0,31209,7194,0,0,0,0,0,0,0,0
2020-03-01,port183,Buenaventura,5,3,81116,0,32053,30204,0,18858,0,0,0,0,0,0
2020-03-02,port183,Buenaventura,3,2,5419,0,3415,2004,0,0,0,0,0,0,0,0
2020-03-03,port183,Buenaventura,2,2,15020,0,0,15020,0,0,0,0,0,0,0,0
2020-03-04,port183,Buenaventura,3,0,9446,67,0,0,2899,5570,976,0,0,0,0,67
2020-03-05,port183,Buenaventura,2,2,0,22223,0,0,0,0,0,0,22223,0,0,0
2020-03-06,port183,Buenaventura,4,2,0,1076,0,0,0,0,0,0,1076,0,0,0
2020-03-07,port183,Buenaventura,4,1,56423,2186,49742,0,0,6680,0,0,2186,0,0,0
2020-03-08,port183,Buenaventura,4,2,25873,2937,20635,3188,0,0,2049,2937,0,0,0,0
2020-03-09,port183,Buenaventura,1,0,0,0,0,0,0,0,0,0,0,0,0,0
2020-03-10,port183,Buenaventura,4,2,32604,1830,32604,0,0,0,0,0,1830,0,0,0
2020-03-11,port183,Buenaventura,1,0,4387,0,4387,0,0,0,0,0,0,0,0,0
2020-03-12,port183,Buenaventura,1,1,0,6669,0,0,0,0,0,0,6669,0,0,0
2020-03-13,port183,Buenaventura,3,1,8203,1094,8203,0,0,0,0,0,1094,0,0,0
2020-03-14,port183,Buenaventura,0,0,0,0,0,0,0,0,0,0,0,0,0,0
2020-03-15,port183,Buenaventura,4,2,38944,1625,28394,10549,0,0,0,0,1625,0,0,0
2020-03-16,port183,Buenaventura,4,3,34701,3973,29139,5562,0,0,0,0,3973,0,0,0
2020-03-17,port183,Buenaventura,2,0,26144,3585,20635,0,0,5508,0,2937,0,0,647,0
2020-03-18,port183,Buenaventura,3,1,22395,0,0,22395,0,0,0,0,0,0,0,0
2020-03-19,port183,Buenaventura,0,0,0,0,0,0,0,0,0,0,0,0,0,0
2020-03-20,port183,Buenaventura,2,1,2484,5668,0,0,2484,0,0,0,5668,0,0,0
2020-03-21,port183,Buenaventura,3,3,21805,2319,0,21805,0,0,0,0,2319,0,0,0
2020-03-22,port183,Buenaventura,3,2,11070,9935,0,5562,0,5508,0,0,9287,0,647,0
2020-03-23,port183,Buenaventura,5,2,69724,3051,59943,8270,1510,0,0,0,3051,0,0,0
2020-03-24,port183,Buenaventura,1,1,4893,0,0,4893,0,0,0,0,0,0,0,0
2020-03-25,port183,Buenaventura,1,1,0,22395,0,0,0,0,0,0,22395,0,0,0
2020-03-26,port183,Buenaventura,3,0,52622,0,50304,0,0,0,2317,0,0,0,0,0
2020-03-27,port183,Buenaventura,4,2,11920,0,0,11920,0,0,0,0,0,0,0,0
2020-03-28,port183,Buenaventura,3,2,11305,0,0,5062,6242,0,0,0,0,0,0,0
2020-03-29,port183,Buenaventura,5,2,79203,0,48723,20083,0,10396,0,0,0,0,0,0
2020-03-30,port183,Buenaventura,3,2,7392,4070,0,7392,0,0,0,0,4035,0,35,0
2020-03-31,port183,Buenaventura,0,0,0,0,0,0,0,0,0,0,0,0,0,0
2020-04-01,port183,Buenaventura,3,1,11635,9868,1632,10003,0,0,0,9868,0,0,0,0
2020-04-02,port183,Buenaventura,3,2,30243,3820,0,10981,0,19262,0,0,3820,0,0,0
2020-04-03,port183,Buenaventura,3,2,8143,2199,0,4519,3623,0,0,0,2199,0,0,0
2020-04-04,port183,Buenaventura,5,2,32263,2937,21085,9663,0,1514,0,2937,0,0,0,0
2020-04-05,port183,Buenaventura,4,2,55959,4841,50397,5562,0,0,0,451,4389,0,0,0
2020-04-06,port183,Buenaventura,2,1,24064,0,0,7385,0,16678,0,0,0,0,0,0
2020-04-07,port183,Buenaventura,3,1,94503,0,87197,7306,0,0,0,0,0,0,0,0
2020-04-08,port183,Buenaventura,5,1,96964,0,87500,7415,0,0,2049,0,0,0,0,0
2020-04-09,port183,Buenaventura,3,2,6829,13589,0,6829,0,0,0,11695,1893,0,0,0
2020-04-10,port183,Buenaventura,1,1,11642,0,0,11642,0,0,0,0,0,0,0,0
2020-04-11,port183,Buenaventura,3,2,34390,3839,34390,0,0,0,0,0,3839,0,0,0
2020-04-12,port183,Buenaventura,1,1,0,3590,0,0,0,0,0,0,3590,0,0,0
2020-04-13,port183,Buenaventura,4,3,22999,1625,0,17983,0,5015,0,0,1625,0,0,0
2020-04-14,port183,Buenaventura,3,3,16707,0,0,16707,0,0,0,0,0,0,0,0
2020-04-15,port183,Buenaventura,1,1,16624,0,0,16624,0,0,0,0,0,0,0,0
2020-04-16,port183,Buenaventura,3,2,3404,6372,0,3404,0,0,0,0,6372,0,0,0
2020-04-17,port183,Buenaventura,2,1,33546,2937,20635,12910,0,0,0,2937,0,0,0,0
2020-04-18,port183,Buenaventura,5,3,30598,1538,25695,3373,0,0,1528,0,1538,0,0,0
2020-04-19,port183,Buenaventura,3,1,35,940,0,0,0,35,0,0,940,0,0,0
2020-04-20,port183,Buenaventura,2,1,42274,1825,42274,0,0,0,0,0,1825,0,0,0
2020-04-21,port183,Buenaventura,1,0,3810,0,3810,0,0,0,0,0,0,0,0,0
2020-04-22,port183,Buenaventura,2,2,10299,0,0,10299,0,0,0,0,0,0,0,0
2020-04-23,port183,Buenaventura,6,3,41911,8541,8047,16152,0,17711,0,0,8541,0,0,0
2020-04-24,port183,Buenaventura,3,1,36164,0,26258,9906,0,0,0,0,0,0,0,0
2020-04-25,port183,Buenaventura,6,2,70526,3250,56490,11124,0,0,2911,0,3250,0,0,0
2020-04-26,port183,Buenaventura,2,2,8107,0,0,8107,0,0,0,0,0,0,0,0
2020-04-27,port183,Buenaventura,2,2,12071,1625,0,12071,0,0,0,0,1625,0,0,0
2020-04-28,port183,Buenaventura,4,1,24286,8709,24286,0,0,0,0,0,8709,0,0,0
2020-04-29,port183,Buenaventura,3,1,38453,0,0,9560,27241,0,1652,0,0,0,0,0
2020-04-30,port183,Buenaventura,3,3,5524,10641,0,5524,0,0,0,0,10641,0,0,0
2020-05-01,port183,Buenaventura,2,1,55400,0,50996,4404,0,0,0,0,0,0,0,0
2020-05-02,port183,Buenaventura,1,1,15321,0,0,15321,0,0,0,0,0,0,0,0
2020-05-03,port183,Buenaventura,5,2,9737,0,0,6334,3402,0,0,0,0,0,0,0
2020-05-04,port183,Buenaventura,2,1,6420,0,0,2440,0,3980,0,0,0,0,0,0
2020-05-05,port183,Buenaventura,3,1,50298,0,50298,0,0,0,0,0,0,0,0,0
2020-05-06,port183,Buenaventura,5,1,64395,25224,61287,2175,0,932,0,25224,0,0,0,0
2020-05-07,port183,Buenaventura,5,2,32538,4639,29782,0,0,2755,0,0,4639,0,0,0
2020-05-08,port183,Buenaventura,2,2,6463,1625,0,6463,0,0,0,0,1625,0,0,0
2020-05-09,port183,Buenaventura,2,1,10770,1625,5208,5562,0,0,0,0,1625,0,0,0
2020-05-10,port183,Buenaventura,4,3,12521,45317,0,12521,0,0,0,40218,5099,0,0,0
2020-05-11,port183,Buenaventura,7,3,56921,4389,56921,0,0,0,0,2937,1452,0,0,0
2020-05-12,port183,Buenaventura,2,0,57878,67,56902,0,0,0,976,0,0,0,0,67
2020-05-13,port183,Buenaventura,3,2,24701,1625,0,11112,0,13589,0,0,1625,0,0,0
2020-05-14,port183,Buenaventura,4,0,73733,0,73733,0,0,0,0,0,0,0,0,0
2020-05-15,port183,Buenaventura,4,1,75764,3226,75764,0,0,0,0,0,3226,0,0,0
2020-05-16,port183,Buenaventura,5,3,8445,3163,2883,5562,0,0,0,0,3163,0,0,0
2020-05-17,port183,Buenaventura,3,2,13610,0,2695,10915,0,0,0,0,0,0,0,0
2020-05-18,port183,Buenaventura,2,2,0,1224,0,0,0,0,0,0,1224,0,0,0
2020-05-19,port183,Buenaventura,2,0,8711,0,8711,0,0,0,0,0,0,0,0,0
2020-05-20,port183,Buenaventura,3,1,32868,0,10526,8849,0,13492,0,0,0,0,0,0
2020-05-21,port183,Buenaventura,2,2,1101,5614,0,1101,0,0,0,0,5614,0,0,0
2020-05-22,port183,Buenaventura,3,2,26880,3359,22434,4445,0,0,0,0,3359,0,0,0
2020-05-23,port183,Buenaventura,1,1,5088,0,0,5088,0,0,0,0,0,0,0,0
2020-05-24,port183,Buenaventura,7,3,91493,10328,69741,21751,0,0,0,10328,0,0,0,0
2020-05-25,port183,Buenaventura,4,2,57235,7883,46102,5562,5570,0,0,0,7273,609,0,0
2020-05-26,port183,Buenaventura,3,1,45464,2937,20635,8597,0,16230,0,2937,0,0,0,0
2020-05-27,port183,Buenaventura,3,1,29968,0,0,13841,0,16126,0,0,0,0,0,0
2020-05-28,port183,Buenaventura,3,2,5815,12173,5815,0,0,0,0,0,12173,0,0,0
2020-05-29,port183,Buenaventura,2,1,29256,2937,20635,8620,0,0,0,2937,0,0,0,0
2020-05-30,port183,Buenaventura,4,2,68930,1625,61205,7724,0,0,0,0,1625,0,0,0
2020-05-31,port183,Buenaventura,4,2,19060,27740,0,8109,0,10950,0,27740,0,0,0,0
2020-06-01,port183,Buenaventura,3,2,31836,2779,31836,0,0,0,0,0,2779,0,0,0
2020-06-02,port183,Buenaventura,2,0,5461,0,4439,0,0,0,1021,0,0,0,0,0
2020-06-03,port183,Buenaventura,2,1,6836,0,4374,2462,0,0,0,0,0,0,0,0
2020-06-04,port183,Buenaventura,4,1,61234,19320,61234,0,0,0,0,16478,2841,0,0,0
2020-06-05,port183,Buenaventura,3,2,22939,0,0,8672,0,14267,0,0,0,0,0,0
2020-06-06,port183,Buenaventura,3,2,6655,1625,0,6655,0,0,0,0,1625,0,0,0
2020-06-07,port183,Buenaventura,4,0,70632,0,68315,0,0,2316,0,0,0,0,0,0
2020-06-08,port183,Buenaventura,4,3,17162,9872,0,15032,0,2129,0,0,9872,0,0,0
2020-06-09,port183,Buenaventura,3,1,34620,0,22484,8512,3623,0,0,0,0,0,0,0
2020-06-10,port183,Buenaventura,1,0,15026,0,15026,0,0,0,0,0,0,0,0,0
2020-06-11,port183,Buenaventura,1,1,0,2808,0,0,0,0,0,0,2808,0,0,0
2020-06-12,port183,Buenaventura,0,0,0,0,0,0,0,0,0,0,0,0,0,0
2020-06-13,port183,Buenaventura,2,2,1527,902,0,1527,0,0,0,0,902,0,0,0
2020-06-14,port183,Buenaventura,4,3,45095,0,0,45095,0,0,0,0,0,0,0,0
2020-06-15,port183,Buenaventura,2,1,5562,2712,0,5562,0,0,0,1087,1625,0,0,0
2020-06-16,port183,Buenaventura,1,1,3348,0,0,3348,0,0,0,0,0,0,0,0
2020-06-17,port183,Buenaventura,4,1,27338,19468,13508,13829,0,0,0,19468,0,0,0,0
2020-06-18,port183,Buenaventura,6,2,116005,0,93777,12578,9649,0,0,0,0,0,0,0
2020-06-19,port183,Buenaventura,3,0,8756,35265,0,0,3247,5508,0,34618,0,0,647,0
2020-06-20,port183,Buenaventura,3,2,30499,0,28267,2232,0,0,0,0,0,0,0,0
2020-06-21,port183,Buenaventura,3,3,9541,0,0,9541,0,0,0,0,0,0,0,0
2020-06-22,port183,Buenaventura,3,1,46632,11331,44048,0,0,0,2584,0,11331,0,0,0
2020-06-23,port183,Buenaventura,1,1,6973,0,0,6973,0,0,0,0,0,0,0,0
2020-06-24,port183,Buenaventura,0,0,0,0,0,0,0,0,0,0,0,0,0,0
2020-06-25,port183,Buenaventura,2,1,0,23180,0,0,0,0,0,0,12410,10770,0,0
2020-06-26,port183,Buenaventura,4,3,26945,2783,0,8222,0,18723,0,0,2783,0,0,0
2020-06-27,port183,Buenaventura,0,0,0,0,0,0,0,0,0,0,0,0,0,0
2020-06-28,port183,Buenaventura,2,2,1089,1122,0,1089,0,0,0,0,1122,0,0,0
2020-06-29,port183,Buenaventura,2,1,18483,1625,0,5562,12921,0,0,0,1625,0,0,0
2020-06-30,port183,Buenaventura,2,1,25355,1458,25355,0,0,0,0,0,1458,0,0,0
2020-07-01,port183,Buenaventura,0,0,0,0,0,0,0,0,0,0,0,0,0,0
2020-07-02,port183,Buenaventura,3,1,7222,8286,7222,0,0,0,0,0,8286,0,0,0
2020-07-03,port183,Buenaventura,5,1,71444,0,66053,5391,0,0,0,0,0,0,0,0
2020-07-04,port183,Buenaventura,4,3,14084,0,0,11436,0,0,2647,0,0,0,0,0
2020-07-05,port183,Buenaventura,3,1,26306,2937,20635,3639,0,0,2030,2937,0,0,0,0
2020-07-06,port183,Buenaventura,4,2,8254,7142,0,7278,0,0,976,0,7075,0,0,67
2020-07-07,port183,Buenaventura,2,1,7659,0,0,3317,0,4342,0,0,0,0,0,0
2020-07-08,port183,Buenaventura,1,1,6924,0,0,6924,0,0,0,0,0,0,0,0
2020-07-09,port183,Buenaventura,4,1,8838,0,0,1141,7697,0,0,0,0,0,0,0
2020-07-10,port183,Buenaventura,1,1,6650,0,0,6650,0,0,0,0,0,0,0,0
2020-07-11,port183,Buenaventura,1,0,0,0,0,0,0,0,0,0,0,0,0,0
2020-07-12,port183,Buenaventura,6,5,19252,7592,0,12279,0,6972,0,0,7592,0,0,0
2020-07-13,port183,Buenaventura,2,1,10400,4750,10400,0,0,0,0,0,4750,0,0,0
2020-07-14,port183,Buenaventura,3,2,21319,0,0,21319,0,0,0,0,0,0,0,0
2020-07-15,port183,Buenaventura,1,0,0,0,0,0,0,0,0,0,0,0,0,0
2020-07-16,port183,Buenaventura,4,4,11003,13494,0,11003,0,0,0,0,13494,0,0,0
2020-07-17,port183,Buenaventura,1,1,3604,0,0,3604,0,0,0,0,0,0,0,0
2020-07-18,port183,Buenaventura,3,2,48452,1116,47368,1083,0,0,0,0,1116,0,0,0
2020-07-19,port183,Buenaventura,3,1,12575,0,7494,4309,0,770,0,0,0,0,0,0
2020-07-20,port183,Buenaventura,4,2,28729,9334,20635,7742,0,351,0,2937,6397,0,0,0
2020-07-21,port183,Buenaventura,2,1,40635,0,25153,15481,0,0,0,0,0,0,0,0
2020-07-22,port183,Buenaventura,0,0,0,0,0,0,0,0,0,0,0,0,0,0
2020-07-23,port183,Buenaventura,2,2,0,15203,0,0,0,0,0,0,15203,0,0,0
2020-07-24,port183,Buenaventura,1,1,7576,0,0,7576,0,0,0,0,0,0,0,0
2020-07-25,port183,Buenaventura,0,0,0,0,0,0,0,0,0,0,0,0,0,0
2020-07-26,port183,Buenaventura,4,3,14159,6332,0,13708,450,0,0,0,6332,0,0,0
2020-07-27,port183,Buenaventura,5,3,38293,32009,20635,17657,0,0,0,23823,8185,0,0,0
2020-07-28,port183,Buenaventura,2,1,4857,0,2413,2444,0,0,0,0,0,0,0,0
2020-07-29,port183,Buenaventura,3,1,31594,0,7160,12355,12078,0,0,0,0,0,0,0
2020-07-30,port183,Buenaventura,3,1,4793,585,0,918,0,3875,0,0,0,0,0,585
2020-07-31,port183,Buenaventura,2,2,9907,1625,0,9907,0,0,0,0,1625,0,0,0
2020-08-01,port183,Buenaventura,5,1,24555,0,0,0,16852,7702,0,0,0,0,0,0
2020-08-02,port183,Buenaventura,5,3,87646,1264,80715,6931,0,0,0,0,1264,0,0,0
2020-08-03,port183,Buenaventura,4,2,39451,2844,0,13606,0,25251,593,0,2844,0,0,0
2020-08-04,port183,Buenaventura,4,1,40281,0,31394,8887,0,0,0,0,0,0,0,0
2020-08-05,port183,Buenaventura,2,1,0,6908,0,0,0,0,0,0,5583,1324,0,0
2020-08-06,port183,Buenaventura,2,2,0,19438,0,0,0,0,0,0,19438,0,0,0
2020-08-07,port183,Buenaventura,1,1,10845,0,0,10845,0,0,0,0,0,0,0,0
2020-08-08,port183,Buenaventura,5,3,9794,24346,0,9794,0,0,0,24346,0,0,0,0
2020-08-09,port183,Buenaventura,3,2,13449,5092,0,13449,0,0,0,0,0,0,5092,0
2020-08-10,port183,Buenaventura,3,2,9813,6107,0,9813,0,0,0,0,6107,0,0,0
2020-08-11,port183,Buenaventura,2,1,41455,0,29154,12300,0,0,0,0,0,0,0,0
2020-08-12,port183,Buenaventura,1,0,12820,0,12820,0,0,0,0,0,0,0,0,0
2020-08-13,port183,Buenaventura,5,4,23743,28759,0,23743,0,0,0,27134,1625,0,0,0
2020-08-14,port183,Buenaventura,2,1,36374,0,32776,3597,0,0,0,0,0,0,0,0
2020-08-15,port183,Buenaventura,3,1,35294,2937,34178,1116,0,0,0,2937,0,0,0,0
2020-08-16,port183,Buenaventura,3,2,11750,30865,0,11750,0,0,0,30865,0,0,0,0
2020-08-17,port183,Buenaventura,1,1,5562,1625,0,5562,0,0,0,0,1625,0,0,0
2020-08-18,port183,Buenaventura,2,2,17907,0,0,17907,0,0,0,0,0,0,0,0
2020-08-19,port183,Buenaventura,0,0,0,0,0,0,0,0,0,0,0,0,0,0
2020-08-20,port183,Buenaventura,2,2,0,25522,0,0,0,0,0,0,25522,0,0,0
2020-08-21,port183,Buenaventura,2,1,26238,0,25337,900,0,0,0,0,0,0,0,0
2020-08-22,port183,Buenaventura,5,2,102205,1625,79070,22513,0,621,0,0,1625,0,0,0
2020-08-23,port183,Buenaventura,3,2,18820,0,0,18820,0,0,0,0,0,0,0,0
2020-08-24,port183,Buenaventura,6,2,82290,13066,66096,5562,10631,0,0,0,12508,0,0,558
2020-08-25,port183,Buenaventura,3,1,26449,0,14613,9712,2123,0,0,0,0,0,0,0
2020-08-26,port183,Buenaventura,0,0,0,0,0,0,0,0,0,0,0,0,0,0
2020-08-27,port183,Buenaventura,2,2,6952,1625,0,6952,0,0,0,0,1625,0,0,0
2020-08-28,port183,Buenaventura,1,0,2281,0,0,0,0,0,2281,0,0,0,0,0
2020-08-29,port183,Buenaventura,2,1,21589,0,11512,10077,0,0,0,0,0,0,0,0
2020-08-30,port183,Buenaventura,4,3,11124,6493,0,11124,0,0,0,0,6493,0,0,0
2020-08-31,port183,Buenaventura,4,1,105222,7684,105222,0,0,0,0,2937,4747,0,0,0
2020-09-01,port183,Buenaventura,5,2,42791,6790,16865,21162,4763,0,0,0,0,6790,0,0
2020-09-02,port183,Buenaventura,2,1,2483,0,0,2483,0,0,0,0,0,0,0,0
2020-09-03,port183,Buenaventura,3,2,3408,14875,3408,0,0,0,0,0,14875,0,0,0
2020-09-04,port183,Buenaventura,2,0,55083,0,55083,0,0,0,0,0,0,0,0,0
2020-09-05,port183,Buenaventura,3,1,48452,1625,40676,5562,0,0,2214,0,1625,0,0,0
2020-09-06,port183,Buenaventura,4,3,6585,0,0,6073,0,0,511,0,0,0,0,0
2020-09-07,port183,Buenaventura,1,1,0,2039,0,0,0,0,0,0,2039,0,0,0
2020-09-08,port183,Buenaventura,0,0,0,0,0,0,0,0,0,0,0,0,0,0
2020-09-09,port183,Buenaventura,1,0,6338,0,6338,0,0,0,0,0,0,0,0,0
2020-09-10,port183,Buenaventura,2,2,2188,10859,0,2188,0,0,0,0,10859,0,0,0
2020-09-11,port183,Buenaventura,4,2,30966,2919,10235,20731,0,0,0,1294,1625,0,0,0
2020-09-12,port183,Buenaventura,4,2,31695,54339,4024,27671,0,0,0,54339,0,0,0,0
2020-09-13,port183,Buenaventura,4,3,16010,647,0,10501,0,5508,0,0,0,0,647,0
2020-09-14,port183,Buenaventura,5,2,23646,36066,18084,5562,0,0,0,28367,7699,0,0,0
2020-09-15,port183,Buenaventura,2,1,34190,1625,28628,5562,0,0,0,0,1625,0,0,0
2020-09-16,port183,Buenaventura,2,0,4619,0,0,0,3599,0,1020,0,0,0,0,0
2020-09-17,port183,Buenaventura,6,3,88084,3376,58046,24528,0,5508,0,0,2728,0,647,0
2020-09-18,port183,Buenaventura,2,0,53179,2937,53179,0,0,0,0,2937,0,0,0,0
2020-09-19,port183,Buenaventura,2,2,14396,1625,0,14396,0,0,0,0,1625,0,0,0
2020-09-20,port183,Buenaventura,4,1,29007,29249,23445,5562,0,0,0,27187,1625,437,0,0
2020-09-21,port183,Buenaventura,5,4,17558,14778,0,17558,0,0,0,0,14778,0,0,0
2020-09-22,port183,Buenaventura,3,2,7699,0,0,7699,0,0,0,0,0,0,0,0
2020-09-23,port183,Buenaventura,2,1,43145,0,23212,19933,0,0,0,0,0,0,0,0
2020-09-24,port183,Buenaventura,1,1,0,14157,0,0,0,0,0,0,14157,0,0,0
2020-09-25,port183,Buenaventura,1,0,19389,0,19389,0,0,0,0,0,0,0,0,0
2020-09-26,port183,Buenaventura,0,0,0,0,0,0,0,0,0,0,0,0,0,0
2020-09-27,port183,Buenaventura,4,3,14191,10540,0,11784,0,2406,0,0,10540,0,0,0
2020-09-28,port183,Buenaventura,4,1,19468,26233,0,868,0,18599,0,26233,0,0,0,0
2020-09-29,port183,Buenaventura,4,2,56986,954,43818,13167,0,0,0,0,954,0,0,0
2020-09-30,port183,Buenaventura,5,1,97778,0,79471,3625,14681,0,0,0,0,0,0,0
2020-10-01,port183,Buenaventura,2,1,976,9615,0,0,0,0,976,0,9547,0,0,67
2020-10-02,port183,Buenaventura,4,1,61768,1625,56206,5562,0,0,0,0,1625,0,0,0
2020-10-03,port183,Buenaventura,2,2,5513,1078,0,5513,0,0,0,0,1078,0,0,0
2020-10-04,port183,Buenaventura,5,4,66204,3250,25467,40736,0,0,0,0,3250,0,0,0
2020-10-05,port183,Buenaventura,4,4,46946,8066,0,46946,0,0,0,0,8066,0,0,0
2020-10-06,port183,Buenaventura,2,2,0,7376,0,0,0,0,0,0,7376,0,0,0
2020-10-07,port183,Buenaventura,1,0,1687,0,0,0,0,0,1687,0,0,0,0,0
2020-10-08,port183,Buenaventura,3,0,38414,56105,38414,0,0,0,0,56105,0,0,0,0
2020-10-09,port183,Buenaventura,2,0,45637,67,44661,0,0,0,976,0,0,0,0,67
2020-10-10,port183,Buenaventura,4,2,20323,3924,0,13295,1519,5508,0,0,3276,0,647,0
2020-10-11,port183,Buenaventura,4,2,11070,2273,0,5562,0,5508,0,0,1625,0,647,0
2020-10-12,port183,Buenaventura,2,2,11022,10825,0,11022,0,0,0,0,10825,0,0,0
2020-10-13,port183,Buenaventura,7,5,25889,331,0,24010,0,1285,593,0,331,0,0,0
2020-10-14,port183,Buenaventura,2,1,19325,647,0,13816,0,5508,0,0,0,0,647,0
2020-10-15,port183,Buenaventura,4,3,7198,14386,6294,904,0,0,0,0,14386,0,0,0
2020-10-16,port183,Buenaventura,2,0,4029,0,4029,0,0,0,0,0,0,0,0,0
2020-10-17,port183,Buenaventura,2,2,10172,0,0,10172,0,0,0,0,0,0,0,0
2020-10-18,port183,Buenaventura,4,2,13986,5099,7711,6274,0,0,0,0,5099,0,0,0
2020-10-19,port183,Buenaventura,3,3,13171,5436,0,13171,0,0,0,0,5436,0,0,0
2020-10-20,port183,Buenaventura,3,1,43671,1625,23715,5562,0,14394,0,0,1625,0,0,0
2020-10-21,port183,Buenaventura,2,0,2444,0,1934,0,0,0,510,0,0,0,0,0
2020-10-22,port183,Buenaventura,1,0,59084,0,59084,0,0,0,0,0,0,0,0,0
2020-10-23,port183,Buenaventura,2,2,15450,2742,0,15450,0,0,0,0,2742,0,0,0
2020-10-24,port183,Buenaventura,2,2,10963,1625,0,10963,0,0,0,0,1625,0,0,0
2020-10-25,port183,Buenaventura,4,3,12813,1625,0,8050,4763,0,0,0,1625,0,0,0
2020-10-26,port183,Buenaventura,2,1,5186,13530,5186,0,0,0,0,0,13530,0,0,0
2020-10-27,port183,Buenaventura,4,3,12605,2259,0,9736,0,2868,0,0,2259,0,0,0
2020-10-28,port183,Buenaventura,1,0,6314,0,0,0,6314,0,0,0,0,0,0,0
2020-10-29,port183,Buenaventura,7,3,51628,31966,30592,14226,0,6809,0,0,9719,1305,20941,0
2020-10-30,port183,Buenaventura,5,1,84337,18179,84337,0,0,0,0,12759,5420,0,0,0
2020-10-31,port183,Buenaventura,2,1,37655,1625,32093,5562,0,0,0,0,1625,0,0,0
2020-11-01,port183,Buenaventura,3,2,2499,22135,0,2499,0,0,0,8880,13254,0,0,0
2020-11-02,port183,Buenaventura,3,3,14838,10198,0,14838,0,0,0,0,10198,0,0,0
2020-11-03,port183,Buenaventura,3,1,49505,0,29173,17458,0,2873,0,0,0,0,0,0
2020-11-04,port183,Buenaventura,4,2,72706,1323,64538,8168,0,0,0,0,1323,0,0,0
2020-11-05,port183,Buenaventura,4,2,24717,8395,0,3241,0,18618,2857,0,8395,0,0,0
2020-11-06,port183,Buenaventura,4,2,42506,208,33104,9402,0,0,0,0,0,208,0,0
2020-11-07,port183,Buenaventura,1,1,0,1865,0,0,0,0,0,0,1865,0,0,0
2020-11-08,port183,Buenaventura,4,2,17356,647,0,10602,0,6754,0,0,0,0,647,0
2020-11-09,port183,Buenaventura,3,2,8242,11267,0,8242,0,0,0,0,8069,0,0,3198
2020-11-10,port183,Buenaventura,2,2,18356,2553,0,18356,0,0,0,0,2553,0,0,0
2020-11-11,port183,Buenaventura,1,1,2478,0,0,2478,0,0,0,0,0,0,0,0
2020-11-12,port183,Buenaventura,2,2,4403,0,0,4403,0,0,0,0,0,0,0,0
2020-11-13,port183,Buenaventura,0,0,0,0,0,0,0,0,0,0,0,0,0,0
2020-11-14,port183,Buenaventura,2,2,1150,13090,0,1150,0,0,0,0,13090,0,0,0
2020-11-15,port183,Buenaventura,5,4,35471,2362,14741,20730,0,0,0,0,2362,0,0,0
2020-11-16,port183,Buenaventura,4,2,22951,6723,583,16796,5570,0,0,0,6113,609,0,0
2020-11-17,port183,Buenaventura,2,0,1963,0,1452,0,0,0,510,0,0,0,0,0
2020-11-18,port183,Buenaventura,3,2,34601,5649,34601,0,0,0,0,0,5649,0,0,0
2020-11-19,port183,Buenaventura,4,3,72222,9194,58562,13659,0,0,0,0,9194,0,0,0
2020-11-20,port183,Buenaventura,1,0,7790,0,0,0,7790,0,0,0,0,0,0,0
2020-11-21,port183,Buenaventura,4,2,91355,2937,73253,18102,0,0,0,2937,0,0,0,0
2020-11-22,port183,Buenaventura,3,3,11972,2851,0,11972,0,0,0,0,2851,0,0,0
2020-11-23,port183,Buenaventura,2,1,5212,12165,5212,0,0,0,0,0,12165,0,0,0
2020-11-24,port183,Buenaventura,4,1,50872,1982,33533,0,16938,401,0,0,1982,0,0,0
2020-11-25,port183,Buenaventura,2,2,21893,0,0,21893,0,0,0,0,0,0,0,0
2020-11-26,port183,Buenaventura,3,2,8354,1625,0,7844,0,0,510,0,1625,0,0,0
2020-11-27,port183,Buenaventura,1,1,25557,0,0,25557,0,0,0,0,0,0,0,0
2020-11-28,port183,Buenaventura,4,2,56031,3323,50439,5592,0,0,0,0,3323,0,0,0
2020-11-29,port183,Buenaventura,4,2,3960,32590,2881,1078,0,0,0,31313,1277,0,0,0
2020-11-30,port183,Buenaventura,4,2,27683,8756,0,16479,5570,5633,0,0,8147,609,0,0
2020-12-01,port183,Buenaventura,2,0,39202,2937,20635,0,0,18566,0,2937,0,0,0,0
2020-12-02,port183,Buenaventura,3,2,56631,1103,54150,2480,0,0,0,0,1103,0,0,0
2020-12-03,port183,Buenaventura,3,1,12461,10171,12461,0,0,0,0,0,10171,0,0,0
2020-12-04,port183,Buenaventura,2,0,35669,0,35669,0,0,0,0,0,0,0,0,0
2020-12-05,port183,Buenaventura,3,3,14181,0,0,14181,0,0,0,0,0,0,0,0
2020-12-06,port183,Buenaventura,4,2,27383,0,0,22911,4472,0,0,0,0,0,0,0
2020-12-07,port183,Buenaventura,4,2,40434,12212,33307,7127,0,0,0,0,12212,0,0,0
2020-12-08,port183,Buenaventura,3,2,26919,0,0,25704,1214,0,0,0,0,0,0,0
2020-12-09,port183,Buenaventura,3,2,21853,1625,0,11111,0,10741,0,0,1625,0,0,0
2020-12-10,port183,Buenaventura,3,2,5728,10909,1166,4562,0,0,0,0,10909,0,0,0
2020-12-11,port183,Buenaventura,2,0,20784,0,14897,0,0,5887,0,0,0,0,0,0
2020-12-12,port183,Buenaventura,4,2,65253,0,57457,7796,0,0,0,0,0,0,0,0
2020-12-13,port183,Buenaventura,4,2,42608,1625,21385,21223,0,0,0,0,1625,0,0,0
2020-12-14,port183,Buenaventura,3,2,15370,4057,0,11633,3737,0,0,0,4057,0,0,0
2020-12-15,port183,Buenaventura,0,0,0,0,0,0,0,0,0,0,0,0,0,0
2020-12-16,port183,Buenaventura,5,3,19553,20046,0,5562,0,13478,512,0,20046,0,0,0
2020-12-17,port183,Buenaventura,5,3,33821,14684,13236,19609,0,0,976,0,14616,0,0,67
2020-12-18,port183,Buenaventura,0,0,0,0,0,0,0,0,0,0,0,0,0,0
2020-12-19,port183,Buenaventura,6,3,21253,9399,0,4067,0,17185,0,0,4926,4472,0,0
2020-12-20,port183,Buenaventura,2,1,36138,0,33989,2148,0,0,0,0,0,0,0,0
2020-12-21,port183,Buenaventura,4,1,4458,9508,3402,0,0,1056,0,0,9508,0,0,0
2020-12-22,port183,Buenaventura,4,2,41621,0,24819,16801,0,0,0,0,0,0,0,0
2020-12-23,port183,Buenaventura,4,2,38172,0,25663,9168,0,0,3339,0,0,0,0,0
2020-12-24,port183,Buenaventura,3,3,15864,21095,0,15864,0,0,0,0,21095,0,0,0
2020-12-25,port183,Buenaventura,0,0,0,0,0,0,0,0,0,0,0,0,0,0
2020-12-26,port183,Buenaventura,6,2,61601,17841,48476,3314,9810,0,0,15666,2175,0,0,0
2020-12-27,port183,Buenaventura,3,2,25154,1625,0,20970,4184,0,0,0,1625,0,0,0
2020-12-28,port183,Buenaventura,6,1,21649,9675,21649,0,0,0,0,4901,4773,0,0,0
2020-12-29,port183,Buenaventura,2,1,22838,0,10423,12414,0,0,0,0,0,0,0,0
2020-12-30,port183,Buenaventura,3,2,5647,12070,0,5647,0,0,0,0,2798,0,9272,0
2020-12-31,port183,Buenaventura,2,1,0,1537,0,0,0,0,0,0,1084,0,453,0
2021-01-01,port183,Buenaventura,3,1,22621,1083,21407,1213,0,0,0,0,0,0,1083,0
2021-01-02,port183,Buenaventura,4,3,53321,3250,33127,20194,0,0,0,0,3250,0,0,0
2021-01-03,port183,Buenaventura,2,1,19007,0,14674,4333,0,0,0,0,0,0,0,0
2021-01-04,port183,Buenaventura,2,2,5562,4315,0,5562,0,0,0,0,4315,0,0,0
2021-01-05,port183,Buenaventura,2,1,52452,2967,52452,0,0,0,0,0,2967,0,0,0
2021-01-06,port183,Buenaventura,2,0,30918,2937,30918,0,0,0,0,2937,0,0,0,0
2021-01-07,port183,Buenaventura,2,2,5562,2542,0,5562,0,0,0,0,2542,0,0,0
2021-01-08,port183,Buenaventura,4,1,17619,28972,11893,4945,0,780,0,28972,0,0,0,0
2021-01-09,port183,Buenaventura,2,1,52747,0,29209,23538,0,0,0,0,0,0,0,0
2021-01-10,port183,Buenaventura,4,3,15793,36160,0,15793,0,0,0,30341,5819,0,0,0
2021-01-11,port183,Buenaventura,5,3,104201,2035,83216,20984,0,0,0,0,2035,0,0,0
2021-01-12,port183,Buenaventura,4,2,8008,1625,0,5881,0,2127,0,0,1625,0,0,0
2021-01-13,port183,Buenaventura,1,0,0,0,0,0,0,0,0,0,0,0,0,0
2021-01-14,port183,Buenaventura,4,1,65743,17808,65743,0,0,0,0,0,17808,0,0,0
2021-01-15,port183,Buenaventura,2,0,4472,0,0,0,4472,0,0,0,0,0,0,0
2021-01-16,port183,Buenaventura,0,0,0,0,0,0,0,0,0,0,0,0,0,0
2021-01-17,port183,Buenaventura,6,3,66053,2168,51845,8823,4998,386,0,0,2168,0,0,0
2021-01-18,port183,Buenaventura,3,3,11248,11304,0,11248,0,0,0,0,11304,0,0,0
2021-01-19,port183,Buenaventura,3,0,30328,0,30328,0,0,0,0,0,0,0,0,0
2021-01-20,port183,Buenaventura,0,0,0,0,0,0,0,0,0,0,0,0,0,0
2021-01-21,port183,Buenaventura,3,2,3633,8894,0,0,3633,0,0,0,8894,0,0,0
2021-01-22,port183,Buenaventura,1,1,5562,1625,0,5562,0,0,0,0,1625,0,0,0
2021-01-23,port183,Buenaventura,3,2,63204,1625,41360,21844,0,0,0,0,1625,0,0,0
2021-01-24,port183,Buenaventura,6,3,83616,0,31950,51306,0,358,0,0,0,0,0,0
2021-01-25,port183,Buenaventura,2,2,0,13859,0,0,0,0,0,0,13859,0,0,0
2021-01-26,port183,Buenaventura,2,1,13687,0,0,13687,0,0,0,0,0,0,0,0
2021-01-27,port183,Buenaventura,4,3,32326,1321,0,32326,0,0,0,0,1321,0,0,0
2021-01-28,port183,Buenaventura,1,0,50980,0,50980,0,0,0,0,0,0,0,0,0
2021-01-29,port183,Buenaventura,3,0,3377,0,0,0,0,0,3377,0,0,0,0,0
2021-01-30,port183,Buenaventura,7,3,52632,2566,13004,35955,3058,613,0,0,2566,0,0,0
2021-01-31,port183,Buenaventura,5,2,66891,56216,49757,17134,0,0,0,56216,0,0,0,0
2021-02-01,port183,Buenaventura,4,2,74276,4299,72730,1545,0,0,0,2937,1362,0,0,0
2021-02-02,port183,Buenaventura,2,2,0,11953,0,0,0,0,0,0,11953,0,0,0
2021-02-03,port183,Buenaventura,3,2,43404,1625,34835,8568,0,0,0,0,1625,0,0,0
2021-02-04,port183,Buenaventura,4,2,21164,8866,21164,0,0,0,0,2937,5929,0,0,0
2021-02-05,port183,Buenaventura,3,1,1367,4086,0,0,1367,0,0,0,4086,0,0,0
2021-02-06,port183,Buenaventura,2,2,11101,1625,0,11101,0,0,0,0,1625,0,0,0
2021-02-07,port183,Buenaventura,6,3,40406,2563,17243,18851,0,1829,2481,0,2563,0,0,0
2021-02-08,port183,Buenaventura,5,2,38700,14274,21680,0,1208,15811,0,0,14274,0,0,0
2021-02-09,port183,Buenaventura,2,1,46711,0,30232,16479,0,0,0,0,0,0,0,0
2021-02-10,port183,Buenaventura,4,3,32150,1625,21197,10953,0,0,0,0,1625,0,0,0
2021-02-11,port183,Buenaventura,2,1,12765,4474,12765,0,0,0,0,0,4474,0,0,0
2021-02-12,port183,Buenaventura,3,0,27501,0,15208,0,12293,0,0,0,0,0,0,0
2021-02-13,port183,Buenaventura,3,1,8658,13134,0,0,7533,0,1124,0,13134,0,0,0
2021-02-14,port183,Buenaventura,5,3,33365,0,11969,21396,0,0,0,0,0,0,0,0
2021-02-15,port183,Buenaventura,5,2,31393,17454,20635,10758,0,0,0,2937,4756,9760,0,0
2021-02-16,port183,Buenaventura,3,2,5562,2586,0,5562,0,0,0,0,2586,0,0,0
2021-02-17,port183,Buenaventura,0,0,0,0,0,0,0,0,0,0,0,0,0,0
2021-02-18,port183,Buenaventura,5,3,65566,13971,59506,6060,0,0,0,2937,11034,0,0,0
2021-02-19,port183,Buenaventura,1,1,11334,0,0,11334,0,0,0,0,0,0,0,0
2021-02-20,port183,Buenaventura,3,1,36472,75626,0,18415,0,18056,0,75626,0,0,0,0
2021-02-21,port183,Buenaventura,4,2,23364,503,0,16078,2572,4713,0,0,0,0,503,0
2021-02-22,port183,Buenaventura,2,1,12202,674,12202,0,0,0,0,0,674,0,0,0
2021-02-23,port183,Buenaventura,3,3,42765,1625,0,42765,0,0,0,0,1625,0,0,0
2021-02-24,port183,Buenaventura,1,1,10311,0,0,10311,0,0,0,0,0,0,0,0
2021-02-25,port183,Buenaventura,4,3,7996,8766,0,7996,0,0,0,0,8766,0,0,0
2021-02-26,port183,Buenaventura,1,0,2044,0,0,0,0,0,2044,0,0,0,0,0
2021-02-27,port183,Buenaventura,4,2,33995,0,22766,11109,0,119,0,0,0,0,0,0
2021-02-28,port183,Buenaventura,4,2,49656,0,43419,6236,0,0,0,0,0,0,0,0
2021-03-01,port183,Buenaventura,3,1,30291,1625,24728,5562,0,0,0,0,1625,0,0,0
2021-03-02,port183,Buenaventura,5,2,26262,70896,23179,3082,0,0,0,55309,15586,0,0,0
2021-03-03,port183,Buenaventura,5,2,55068,0,11251,35279,8536,0,0,0,0,0,0,0
2021-03-04,port183,Buenaventura,5,1,86539,0,69726,1224,0,15588,0,0,0,0,0,0
2021-03-05,port183,Buenaventura,1,0,49544,0,49544,0,0,0,0,0,0,0,0,0
2021-03-06,port183,Buenaventura,5,2,68954,0,22344,20143,14779,11687,0,0,0,0,0,0
2021-03-07,port183,Buenaventura,2,1,23495,0,22425,1070,0,0,0,0,0,0,0,0
2021-03-08,port183,Buenaventura,4,2,56556,8445,50620,5562,0,0,373,0,8445,0,0,0
2021-03-09,port183,Buenaventura,3,1,16873,0,6377,7774,2721,0,0,0,0,0,0,0
2021-03-10,port183,Buenaventura,3,3,19062,1266,0,19062,0,0,0,0,1266,0,0,0
2021-03-11,port183,Buenaventura,4,2,5562,8932,0,5562,0,0,0,0,8017,0,915,0
2021-03-12,port183,Buenaventura,2,1,9443,0,483,8960,0,0,0,0,0,0,0,0
2021-03-13,port183,Buenaventura,3,2,27429,18828,26151,1277,0,0,0,0,18828,0,0,0
2021-03-14,port183,Buenaventura,2,1,5007,0,0,5007,0,0,0,0,0,0,0,0
2021-03-15,port183,Buenaventura,3,2,31939,6660,31939,0,0,0,0,0,6660,0,0,0
2021-03-16,port183,Buenaventura,4,3,4633,0,0,4633,0,0,0,0,0,0,0,0
2021-03-17,port183,Buenaventura,4,2,68439,1045,66233,2206,0,0,0,406,639,0,0,0
2021-03-18,port183,Buenaventura,3,3,3040,7616,0,3040,0,0,0,0,7616,0,0,0
2021-03-19,port183,Buenaventura,0,0,0,0,0,0,0,0,0,0,0,0,0,0
2021-03-20,port183,Buenaventura,4,3,23581,24288,6750,16830,0,0,0,0,24288,0,0,0
2021-03-21,port183,Buenaventura,5,2,66652,483,49757,14176,2718,0,0,483,0,0,0,0
2021-03-22,port183,Buenaventura,1,1,681,0,0,681,0,0,0,0,0,0,0,0
2021-03-23,port183,Buenaventura,3,2,23020,2157,0,23020,0,0,0,532,1625,0,0,0
2021-03-24,port183,Buenaventura,4,3,24305,13565,18000,6305,0,0,0,0,13565,0,0,0
2021-03-25,port183,Buenaventura,0,0,0,0,0,0,0,0,0,0,0,0,0,0
2021-03-26,port183,Buenaventura,2,0,20786,0,16045,0,4740,0,0,0,0,0,0,0
2021-03-27,port183,Buenaventura,8,3,68296,16484,55082,10851,0,0,2363,2937,13547,0,0,0
2021-03-28,port183,Buenaventura,2,2,11124,3250,0,11124,0,0,0,0,3250,0,0,0
2021-03-29,port183,Buenaventura,2,2,5511,8179,0,5511,0,0,0,0,8179,0,0,0
2021-03-30,port183,Buenaventura,4,1,78526,0,73124,5402,0,0,0,0,0,0,0,0
2021-03-31,port183,Buenaventura,6,3,31090,1625,15154,14654,0,769,511,0,1625,0,0,0
2021-04-01,port183,Buenaventura,2,1,45053,0,0,29748,15305,0,0,0,0,0,0,0
2021-04-02,port183,Buenaventura,4,0,76866,0,60278,0,0,13310,3277,0,0,0,0,0
2021-04-03,port183,Buenaventura,5,2,113646,8447,109175,4470,0,0,0,2937,5510,0,0,0
2021-04-04,port183,Buenaventura,2,2,11261,3217,0,11261,0,0,0,0,3217,0,0,0
2021-04-05,port183,Buenaventura,1,1,0,4088,0,0,0,0,0,0,4088,0,0,0
2021-04-06,port183,Buenaventura,5,3,49026,17097,24905,22359,0,0,1761,0,17097,0,0,0
2021-04-07,port183,Buenaventura,2,1,2423,315,0,0,2423,0,0,0,315,0,0,0
2021-04-08,port183,Buenaventura,3,2,80525,0,52636,27889,0,0,0,0,0,0,0,0
2021-04-09,port183,Buenaventura,0,0,0,0,0,0,0,0,0,0,0,0,0,0
2021-04-10,port183,Buenaventura,6,4,37715,6570,20035,17618,0,62,0,0,6570,0,0,0
2021-04-11,port183,Buenaventura,3,1,4342,4408,0,3832,0,0,510,0,0,0,0,4408
2021-04-12,port183,Buenaventura,3,1,68197,7460,49764,0,0,18433,0,0,7460,0,0,0
2021-04-13,port183,Buenaventura,8,3,137200,0,108209,25420,3570,0,0,0,0,0,0,0
2021-04-14,port183,Buenaventura,6,3,54421,1940,34146,20275,0,0,0,0,1940,0,0,0
2021-04-15,port183,Buenaventura,0,0,0,0,0,0,0,0,0,0,0,0,0,0
2021-04-16,port183,Buenaventura,2,2,14786,0,0,14786,0,0,0,0,0,0,0,0
2021-04-17,port183,Buenaventura,3,2,32618,1625,24832,7786,0,0,0,0,1625,0,0,0
2021-04-18,port183,Buenaventura,3,1,64634,1372,64634,0,0,0,0,0,1372,0,0,0
2021-04-19,port183,Buenaventura,5,2,14398,16688,1639,5426,0,7332,0,0,16040,0,647,0
2021-04-20,port183,Buenaventura,5,3,27643,1625,3889,21334,2419,0,0,0,1625,0,0,0
2021-04-21,port183,Buenaventura,1,0,13134,0,13134,0,0,0,0,0,0,0,0,0
2021-04-22,port183,Buenaventura,2,2,10954,1434,0,10954,0,0,0,0,1434,0,0,0
2021-04-23,port183,Buenaventura,2,2,6904,12825,0,6904,0,0,0,0,12825,0,0,0
2021-04-24,port183,Buenaventura,5,2,80347,8367,58158,22189,0,0,0,2937,5430,0,0,0
2021-04-25,port183,Buenaventura,2,1,18397,1625,12834,5562,0,0,0,0,1625,0,0,0
2021-04-26,port183,Buenaventura,3,3,14612,2733,0,14612,0,0,0,0,2733,0,0,0
2021-04-27,port183,Buenaventura,1,0,1401,0,0,0,0,1401,0,0,0,0,0,0
2021-04-28,port183,Buenaventura,2,1,9108,1953,0,9108,0,0,0,1953,0,0,0,0
2021-04-29,port183,Buenaventura,1,1,9915,0,0,9915,0,0,0,0,0,0,0,0
2021-04-30,port183,Buenaventura,3,2,2807,10921,0,2807,0,0,0,0,10921,0,0,0
2021-05-01,port183,Buenaventura,4,2,54512,1625,37033,17479,0,0,0,0,1625,0,0,0
2021-05-02,port183,Buenaventura,2,2,38560,0,0,38560,0,0,0,0,0,0,0,0
2021-05-03,port183,Buenaventura,5,2,40746,7277,35518,0,0,5227,0,0,7277,0,0,0
2021-05-04,port183,Buenaventura,3,2,17447,59503,0,17447,0,0,0,59503,0,0,0,0
2021-05-05,port183,Buenaventura,5,2,77618,51090,49757,23610,4250,0,0,51090,0,0,0,0
2021-05-06,port183,Buenaventura,3,2,26438,11450,0,24582,0,0,1855,0,11450,0,0,0
2021-05-07,port183,Buenaventura,2,1,14558,7644,14558,0,0,0,0,0,7644,0,0,0
2021-05-08,port183,Buenaventura,2,1,12404,67,0,11428,0,0,976,0,0,0,0,67
2021-05-09,port183,Buenaventura,2,1,0,8116,0,0,0,0,0,0,8116,0,0,0
2021-05-10,port183,Buenaventura,4,2,13837,53350,445,13391,0,0,0,51985,1364,0,0,0
2021-05-11,port183,Buenaventura,2,1,9816,0,0,9816,0,0,0,0,0,0,0,0
2021-05-12,port183,Buenaventura,5,3,46061,956,11137,33186,0,1736,0,0,956,0,0,0
2021-05-13,port183,Buenaventura,2,2,15340,29262,0,15340,0,0,0,0,29262,0,0,0
2021-05-14,port183,Buenaventura,4,1,58333,0,44886,10909,0,2537,0,0,0,0,0,0
2021-05-15,port183,Buenaventura,4,2,18028,1281,0,15459,2569,0,0,0,1281,0,0,0
2021-05-16,port183,Buenaventura,0,0,0,0,0,0,0,0,0,0,0,0,0,0
2021-05-17,port183,Buenaventura,3,2,38958,4763,0,20711,0,18247,0,0,4763,0,0,0
2021-05-18,port183,Buenaventura,3,1,27946,0,27946,0,0,0,0,0,0,0,0,0
2021-05-19,port183,Buenaventura,0,0,0,0,0,0,0,0,0,0,0,0,0,0
2021-05-20,port183,Buenaventura,2,1,13078,0,0,9693,0,3385,0,0,0,0,0,0
2021-05-21,port183,Buenaventura,3,2,11179,0,1441,9738,0,0,0,0,0,0,0,0
2021-05-22,port183,Buenaventura,3,2,39662,2937,20635,19026,0,0,0,2937,0,0,0,0
2021-05-23,port183,Buenaventura,2,1,1275,35775,0,1275,0,0,0,35775,0,0,0,0
2021-05-24,port183,Buenaventura,2,2,2156,4769,0,2156,0,0,0,0,4769,0,0,0
2021-05-25,port183,Buenaventura,4,1,13497,0,1470,8935,0,3091,0,0,0,0,0,0
2021-05-26,port183,Buenaventura,2,1,47148,0,34710,12437,0,0,0,0,0,0,0,0
2021-05-27,port183,Buenaventura,1,1,4887,0,0,4887,0,0,0,0,0,0,0,0
2021-05-28,port183,Buenaventura,0,0,0,0,0,0,0,0,0,0,0,0,0,0
2021-05-29,port183,Buenaventura,3,2,10443,1625,0,10443,0,0,0,0,1625,0,0,0
2021-05-30,port183,Buenaventura,0,0,0,0,0,0,0,0,0,0,0,0,0,0
2021-05-31,port183,Buenaventura,4,3,13920,8161,0,11573,2347,0,0,0,8161,0,0,0
2021-06-01,port183,Buenaventura,2,0,35829,0,35829,0,0,0,0,0,0,0,0,0
2021-06-02,port183,Buenaventura,2,0,14420,0,14420,0,0,0,0,0,0,0,0,0
2021-06-03,port183,Buenaventura,2,0,14378,0,14378,0,0,0,0,0,0,0,0,0
2021-06-04,port183,Buenaventura,1,0,41861,0,41861,0,0,0,0,0,0,0,0,0
2021-06-05,port183,Buenaventura,1,0,6636,0,6636,0,0,0,0,0,0,0,0,0
2021-06-06,port183,Buenaventura,0,0,0,0,0,0,0,0,0,0,0,0,0,0
2021-06-07,port183,Buenaventura,3,2,9902,5391,0,4394,0,5508,0,0,4743,0,647,0
2021-06-08,port183,Buenaventura,2,1,8634,1625,0,5562,0,3072,0,0,1625,0,0,0
2021-06-09,port183,Buenaventura,0,0,0,0,0,0,0,0,0,0,0,0,0,0
2021-06-10,port183,Buenaventura,5,0,22657,0,22657,0,0,0,0,0,0,0,0,0
2021-06-11,port183,Buenaventura,2,1,4692,0,0,2200,0,2491,0,0,0,0,0,0
2021-06-12,port183,Buenaventura,2,0,3987,0,0,0,3987,0,0,0,0,0,0,0
2021-06-13,port183,Buenaventura,2,0,2032,67,0,0,0,1056,976,0,0,0,0,67
2021-06-14,port183,Buenaventura,2,2,2169,4056,0,2169,0,0,0,0,4056,0,0,0
2021-06-15,port183,Buenaventura,3,2,11745,6599,0,11745,0,0,0,4974,1625,0,0,0
2021-06-16,port183,Buenaventura,1,1,14038,0,0,14038,0,0,0,0,0,0,0,0
2021-06-17,port183,Buenaventura,4,2,34807,0,20277,3420,0,11109,0,0,0,0,0,0
2021-06-18,port183,Buenaventura,4,0,173700,0,173700,0,0,0,0,0,0,0,0,0
2021-06-19,port183,Buenaventura,2,0,20089,0,0,0,17450,0,2638,0,0,0,0,0
2021-06-20,port183,Buenaventura,2,1,58547,0,25640,32906,0,0,0,0,0,0,0,0
2021-06-21,port183,Buenaventura,4,3,63581,2719,9313,54268,0,0,0,0,2719,0,0,0
2021-06-22,port183,Buenaventura,1,1,8048,0,0,8048,0,0,0,0,0,0,0,0
2021-06-23,port183,Buenaventura,6,2,84536,3666,72904,10476,0,1155,0,0,0,3666,0,0
2021-06-24,port183,Buenaventura,3,1,6696,0,1929,1399,0,3367,0,0,0,0,0,0
2021-06-25,port183,Buenaventura,3,2,62806,1086,51188,11617,0,0,0,0,1086,0,0,0
2021-06-26,port183,Buenaventura,1,0,0,0,0,0,0,0,0,0,0,0,0,0
2021-06-27,port183,Buenaventura,2,2,9749,3842,0,9749,0,0,0,0,3842,0,0,0
2021-06-28,port183,Buenaventura,3,2,5562,13123,0,5562,0,0,0,0,13123,0,0,0
2021-06-29,port183,Buenaventura,1,1,0,0,0,0,0,0,0,0,0,0,0,0
2021-06-30,port183,Buenaventura,3,2,12985,0,0,11496,0,0,1489,0,0,0,0,0
2021-07-01,port183,Buenaventura,1,0,388,0,0,0,0,388,0,0,0,0,0,0
2021-07-02,port183,Buenaventura,2,1,31991,0,30602,1388,0,0,0,0,0,0,0,0
2021-07-03,port183,Buenaventura,4,0,51880,0,49456,0,0,2424,0,0,0,0,0,0
2021-07-04,port183,Buenaventura,3,0,20635,2937,20635,0,0,0,0,2937,0,0,0,0
2021-07-05,port183,Buenaventura,3,2,37232,13166,20635,16596,0,0,0,2937,10229,0,0,0
2021-07-06,port183,Buenaventura,3,3,6218,4476,0,6218,0,0,0,0,4476,0,0,0
2021-07-07,port183,Buenaventura,1,0,41134,0,41134,0,0,0,0,0,0,0,0,0
2021-07-08,port183,Buenaventura,1,0,0,0,0,0,0,0,0,0,0,0,0,0
2021-07-09,port183,Buenaventura,4,3,42433,6164,16552,25880,0,0,0,0,6164,0,0,0
2021-07-10,port183,Buenaventura,3,3,7616,0,0,7616,0,0,0,0,0,0,0,0
2021-07-11,port183,Buenaventura,3,2,1086,7730,0,1086,0,0,0,0,7730,0,0,0
2021-07-12,port183,Buenaventura,3,2,5408,13640,0,5408,0,0,0,3463,10176,0,0,0
2021-07-13,port183,Buenaventura,3,2,20412,0,18483,1928,0,0,0,0,0,0,0,0
2021-07-14,port183,Buenaventura,3,2,13509,5902,0,0,0,13509,0,0,5902,0,0,0
2021-07-15,port183,Buenaventura,2,1,5806,2172,0,0,5806,0,0,0,2172,0,0,0
2021-07-16,port183,Buenaventura,2,0,29914,0,29914,0,0,0,0,0,0,0,0,0
2021-07-17,port183,Buenaventura,4,3,48248,17986,42609,5639,0,0,0,0,17986,0,0,0
2021-07-18,port183,Buenaventura,2,2,5218,0,0,5218,0,0,0,0,0,0,0,0
2021-07-19,port183,Buenaventura,7,2,63392,19475,46823,0,16569,0,0,0,19475,0,0,0
2021-07-20,port183,Buenaventura,3,2,21096,1625,0,15297,0,5798,0,0,1625,0,0,0
2021-07-21,port183,Buenaventura,4,2,56819,1943,51257,5562,0,0,0,0,1943,0,0,0
2021-07-22,port183,Buenaventura,1,0,48035,0,48035,0,0,0,0,0,0,0,0,0
2021-07-23,port183,Buenaventura,3,2,18566,9867,0,0,0,18566,0,0,9867,0,0,0
2021-07-24,port183,Buenaventura,1,0,11144,0,0,0,11144,0,0,0,0,0,0,0
2021-07-25,port183,Buenaventura,2,1,16537,0,10118,6419,0,0,0,0,0,0,0,0
2021-07-26,port183,Buenaventura,4,3,52280,12336,52280,0,0,0,0,0,12336,0,0,0
2021-07-27,port183,Buenaventura,1,1,11359,0,0,11359,0,0,0,0,0,0,0,0
2021-07-28,port183,Buenaventura,2,2,5562,2736,0,5562,0,0,0,0,2736,0,0,0
2021-07-29,port183,Buenaventura,2,1,34145,0,29433,4711,0,0,0,0,0,0,0,0
2021-07-30,port183,Buenaventura,1,0,311,0,0,0,0,311,0,0,0,0,0,0
2021-07-31,port183,Buenaventura,5,3,26034,68456,20635,5398,0,0,0,60895,7561,0,0,0
2021-08-01,port183,Buenaventura,5,2,51364,6947,40293,5562,0,5508,0,0,6299,0,647,0
2021-08-02,port183,Buenaventura,3,3,10434,9113,0,10434,0,0,0,0,9113,0,0,0
2021-08-03,port183,Buenaventura,5,4,46487,635,26543,19944,0,0,0,0,635,0,0,0
2021-08-04,port183,Buenaventura,3,1,18391,0,0,2333,0,12993,3064,0,0,0,0,0
2021-08-05,port183,Buenaventura,2,1,13509,0,0,11086,2423,0,0,0,0,0,0,0
2021-08-06,port183,Buenaventura,3,1,35561,6622,32040,0,0,0,3521,0,6622,0,0,0
2021-08-07,port183,Buenaventura,2,0,2206,4690,0,0,0,0,2206,4690,0,0,0,0
2021-08-08,port183,Buenaventura,1,0,0,0,0,0,0,0,0,0,0,0,0,0
2021-08-09,port183,Buenaventura,5,4,56401,15929,38677,17724,0,0,0,0,15929,0,0,0
2021-08-10,port183,Buenaventura,1,0,57798,0,57798,0,0,0,0,0,0,0,0,0
2021-08-11,port183,Buenaventura,4,2,53514,1625,46780,6733,0,0,0,0,1625,0,0,0
2021-08-12,port183,Buenaventura,3,1,9138,5769,0,9138,0,0,0,5769,0,0,0,0
2021-08-13,port183,Buenaventura,2,1,59031,6176,59031,0,0,0,0,0,6176,0,0,0
2021-08-14,port183,Buenaventura,3,1,7817,0,5276,2540,0,0,0,0,0,0,0,0
2021-08-15,port183,Buenaventura,1,1,0,15900,0,0,0,0,0,0,15900,0,0,0
2021-08-16,port183,Buenaventura,5,2,33470,23417,26992,6477,0,0,0,0,8816,0,14600,0
2021-08-17,port183,Buenaventura,2,2,5538,0,0,5538,0,0,0,0,0,0,0,0
2021-08-18,port183,Buenaventura,4,2,12280,0,0,8086,3416,776,0,0,0,0,0,0
2021-08-19,port183,Buenaventura,4,2,26619,1625,2782,7793,0,16043,0,0,1625,0,0,0
2021-08-20,port183,Buenaventura,0,0,0,0,0,0,0,0,0,0,0,0,0,0
2021-08-21,port183,Buenaventura,6,3,29741,10285,20126,9615,0,0,0,0,10285,0,0,0
2021-08-22,port183,Buenaventura,2,1,0,2784,0,0,0,0,0,555,2229,0,0,0
2021-08-23,port183,Buenaventura,5,3,70291,7588,58063,9954,2273,0,0,0,7588,0,0,0
2021-08-24,port183,Buenaventura,3,1,37382,0,29767,2896,4719,0,0,0,0,0,0,0
2021-08-25,port183,Buenaventura,1,1,0,1891,0,0,0,0,0,0,1891,0,0,0
2021-08-26,port183,Buenaventura,2,0,0,0,0,0,0,0,0,0,0,0,0,0
2021-08-27,port183,Buenaventura,2,1,27642,7705,27642,0,0,0,0,0,7705,0,0,0
2021-08-28,port183,Buenaventura,6,3,26017,1269,0,13349,0,12668,0,0,1269,0,0,0
2021-08-29,port183,Buenaventura,3,2,24295,0,0,9111,0,15184,0,0,0,0,0,0
2021-08-30,port183,Buenaventura,4,3,69341,8371,31640,37701,0,0,0,0,8371,0,0,0
2021-08-31,port183,Buenaventura,0,0,0,0,0,0,0,0,0,0,0,0,0,0
2021-09-01,port183,Buenaventura,3,2,72824,0,51656,21167,0,0,0,0,0,0,0,0
2021-09-02,port183,Buenaventura,1,1,4477,0,0,4477,0,0,0,0,0,0,0,0
2021-09-03,port183,Buenaventura,2,1,16381,3362,16381,0,0,0,0,0,3362,0,0,0
2021-09-04,port183,Buenaventura,2,1,15184,0,0,11090,0,0,4093,0,0,0,0,0
2021-09-05,port183,Buenaventura,3,1,5562,1625,0,5562,0,0,0,0,1625,0,0,0
2021-09-06,port183,Buenaventura,4,4,19690,7832,0,19690,0,0,0,0,7832,0,0,0
2021-09-07,port183,Buenaventura,4,1,29794,0,13849,15793,151,0,0,0,0,0,0,0
2021-09-08,port183,Buenaventura,2,2,6547,1625,0,6547,0,0,0,0,1625,0,0,0
2021-09-09,port183,Buenaventura,5,2,114987,0,88200,26786,0,0,0,0,0,0,0,0
2021-09-10,port183,Buenaventura,4,0,84907,609,77063,0,7844,0,0,0,0,609,0,0
2021-09-11,port183,Buenaventura,3,1,21766,0,21230,535,0,0,0,0,0,0,0,0
2021-09-12,port183,Buenaventura,3,1,57746,0,30491,8561,0,18694,0,0,0,0,0,0
2021-09-13,port183,Buenaventura,4,1,24461,8239,20063,0,0,0,4398,0,8172,0,0,67
2021-09-14,port183,Buenaventura,3,2,20992,0,0,20992,0,0,0,0,0,0,0,0
2021-09-15,port183,Buenaventura,2,2,17590,0,0,17590,0,0,0,0,0,0,0,0
2021-09-16,port183,Buenaventura,3,1,52164,0,41981,1078,9104,0,0,0,0,0,0,0
2021-09-17,port183,Buenaventura,1,0,0,29095,0,0,0,0,0,0,0,0,29095,0
2021-09-18,port183,Buenaventura,2,1,48615,0,38687,9928,0,0,0,0,0,0,0,0
2021-09-19,port183,Buenaventura,3,3,19414,13184,0,19414,0,0,0,0,13184,0,0,0
2021-09-20,port183,Buenaventura,5,2,62611,3340,52727,8856,0,0,1027,0,2456,0,884,0
2021-09-21,port183,Buenaventura,1,1,5592,0,0,5592,0,0,0,0,0,0,0,0
2021-09-22,port183,Buenaventura,2,1,16530,0,0,13685,0,0,2844,0,0,0,0,0
2021-09-23,port183,Buenaventura,3,0,43125,647,37616,0,0,5508,0,0,0,0,647,0
2021-09-24,port183,Buenaventura,0,0,0,0,0,0,0,0,0,0,0,0,0,0
2021-09-25,port183,Buenaventura,3,1,11142,1760,0,5634,0,5508,0,1112,0,0,647,0
2021-09-26,port183,Buenaventura,2,2,12194,6214,0,12194,0,0,0,0,6214,0,0,0
2021-09-27,port183,Buenaventura,4,2,28207,4997,22645,5562,0,0,0,0,4997,0,0,0
2021-09-28,port183,Buenaventura,2,0,8941,0,0,0,2423,6518,0,0,0,0,0,0
2021-09-29,port183,Buenaventura,3,1,14649,0,0,12095,0,0,2553,0,0,0,0,0
2021-09-30,port183,Buenaventura,2,2,12378,1386,0,12378,0,0,0,0,1386,0,0,0
2021-10-01,port183,Buenaventura,2,1,9765,0,0,7270,0,2494,0,0,0,0,0,0
2021-10-02,port183,Buenaventura,2,0,12239,41472,12239,0,0,0,0,41472,0,0,0,0
2021-10-03,port183,Buenaventura,5,4,23891,6230,0,23891,0,0,0,4605,1625,0,0,0
2021-10-04,port183,Buenaventura,2,1,0,2456,0,0,0,0,0,0,2456,0,0,0
2021-10-05,port183,Buenaventura,4,4,29258,1625,0,29258,0,0,0,0,1625,0,0,0
2021-10-06,port183,Buenaventura,6,2,47185,2503,32652,13001,0,0,1530,0,0,0,0,2503
2021-10-07,port183,Buenaventura,3,3,17565,1625,0,17565,0,0,0,0,1625,0,0,0
2021-10-08,port183,Buenaventura,4,1,119253,0,84924,7497,0,26832,0,0,0,0,0,0
2021-10-09,port183,Buenaventura,0,0,0,0,0,0,0,0,0,0,0,0,0,0
2021-10-10,port183,Buenaventura,5,2,16980,2849,0,11843,0,5137,0,0,0,0,2849,0
2021-10-11,port183,Buenaventura,2,2,0,4315,0,0,0,0,0,0,4315,0,0,0
2021-10-12,port183,Buenaventura,2,0,22675,67,21699,0,0,0,976,0,0,0,0,67
2021-10-13,port183,Buenaventura,3,2,20604,666,15655,4948,0,0,0,0,666,0,0,0
2021-10-14,port183,Buenaventura,2,0,75392,0,75392,0,0,0,0,0,0,0,0,0
2021-10-15,port183,Buenaventura,2,0,56101,0,56101,0,0,0,0,0,0,0,0,0
2021-10-16,port183,Buenaventura,4,3,18056,28310,0,18056,0,0,0,19788,8522,0,0,0
2021-10-17,port183,Buenaventura,3,1,46119,12984,33359,12759,0,0,0,0,0,0,12984,0
2021-10-18,port183,Buenaventura,4,3,48169,6528,0,32103,0,16065,0,0,6528,0,0,0
2021-10-19,port183,Buenaventura,3,2,28995,0,0,25911,0,3083,0,0,0,0,0,0
2021-10-20,port183,Buenaventura,4,3,15850,2971,0,9688,0,6161,0,0,2971,0,0,0
2021-10-21,port183,Buenaventura,3,2,23492,17127,20635,2856,0,0,0,2937,14190,0,0,0
2021-10-22,port183,Buenaventura,4,1,76026,1625,66401,5562,0,4062,0,0,1625,0,0,0
2021-10-23,port183,Buenaventura,3,2,39628,1625,0,38483,1145,0,0,0,1625,0,0,0
2021-10-24,port183,Buenaventura,2,1,25994,0,0,10110,15884,0,0,0,0,0,0,0
2021-10-25,port183,Buenaventura,6,4,11425,1987,0,11425,0,0,0,0,1987,0,0,0
2021-10-26,port183,Buenaventura,3,0,5662,0,0,0,0,4636,1026,0,0,0,0,0
2021-10-27,port183,Buenaventura,1,1,20860,0,0,20860,0,0,0,0,0,0,0,0
2021-10-28,port183,Buenaventura,6,2,77841,609,65235,5733,5570,0,1302,0,0,609,0,0
2021-10-29,port183,Buenaventura,2,1,15138,0,3140,11997,0,0,0,0,0,0,0,0
2021-10-30,port183,Buenaventura,3,1,20183,0,12882,7300,0,0,0,0,0,0,0,0
2021-10-31,port183,Buenaventura,6,3,24503,3769,0,18994,0,5508,0,0,3121,0,647,0
2021-11-01,port183,Buenaventura,4,2,34736,4898,27219,7517,0,0,0,0,4898,0,0,0
2021-11-02,port183,Buenaventura,1,0,0,0,0,0,0,0,0,0,0,0,0,0
2021-11-03,port183,Buenaventura,4,2,34925,398,32845,1103,0,0,976,0,331,0,0,67
2021-11-04,port183,Buenaventura,5,2,31635,27902,22496,5562,0,0,3576,20815,7086,0,0,0
2021-11-05,port183,Buenaventura,4,1,55035,916,51200,3834,0,0,0,0,0,0,0,916
2021-11-06,port183,Buenaventura,3,2,14992,0,0,13629,0,1363,0,0,0,0,0,0
2021-11-07,port183,Buenaventura,2,0,51863,330,51863,0,0,0,0,0,0,0,330,0
2021-11-08,port183,Buenaventura,3,3,993,5978,0,993,0,0,0,0,5978,0,0,0
2021-11-09,port183,Buenaventura,0,0,0,0,0,0,0,0,0,0,0,0,0,0
2021-11-10,port183,Buenaventura,1,0,20635,2937,20635,0,0,0,0,2937,0,0,0,0
2021-11-11,port183,Buenaventura,3,2,13451,0,0,13451,0,0,0,0,0,0,0,0
2021-11-12,port183,Buenaventura,4,2,48563,1231,42145,1391,0,5025,0,0,1231,0,0,0
2021-11-13,port183,Buenaventura,2,2,22512,1625,0,22512,0,0,0,0,1625,0,0,0
2021-11-14,port183,Buenaventura,5,1,46631,4718,43333,0,0,2321,976,0,4651,0,0,67
2021-11-15,port183,Buenaventura,3,2,9755,6123,0,9755,0,0,0,0,6123,0,0,0
2021-11-16,port183,Buenaventura,3,0,23202,29889,20635,0,0,0,2566,29889,0,0,0,0
2021-11-17,port183,Buenaventura,3,0,50753,2937,46066,0,0,4687,0,2937,0,0,0,0
2021-11-18,port183,Buenaventura,4,2,42133,1518,0,41157,0,0,976,0,0,0,1450,67
2021-11-19,port183,Buenaventura,2,0,38060,0,33181,0,4878,0,0,0,0,0,0,0
2021-11-20,port183,Buenaventura,3,1,40510,3393,20635,19875,0,0,0,2937,0,0,456,0
2021-11-21,port183,Buenaventura,2,2,2802,0,0,2802,0,0,0,0,0,0,0,0
2021-11-22,port183,Buenaventura,6,6,32529,11034,0,32529,0,0,0,0,11034,0,0,0
2021-11-23,port183,Buenaventura,2,1,59328,0,57098,2230,0,0,0,0,0,0,0,0
2021-11-24,port183,Buenaventura,5,3,24199,88079,0,24199,0,0,0,77759,0,0,10320,0
2021-11-25,port183,Buenaventura,3,0,32291,2685,31423,0,0,0,868,0,0,2685,0,0
2021-11-26,port183,Buenaventura,3,1,23717,647,10393,7815,0,5508,0,0,0,0,647,0
2021-11-27,port183,Buenaventura,5,1,98291,0,83236,2430,0,12116,508,0,0,0,0,0
2021-11-28,port183,Buenaventura,3,2,20635,15319,20635,0,0,0,0,2937,12382,0,0,0
2021-11-29,port183,Buenaventura,4,1,15208,5418,15208,0,0,0,0,0,1223,4194,0,0
2021-11-30,port183,Buenaventura,2,1,9894,0,0,9894,0,0,0,0,0,0,0,0
2021-12-01,port183,Buenaventura,3,2,6804,19110,0,6804,0,0,0,17485,1625,0,0,0
2021-12-02,port183,Buenaventura,5,1,63178,5874,59906,3271,0,0,0,5874,0,0,0,0
2021-12-03,port183,Buenaventura,0,0,0,0,0,0,0,0,0,0,0,0,0,0
2021-12-04,port183,Buenaventura,2,1,26198,4562,20635,5562,0,0,0,2937,1625,0,0,0
2021-12-05,port183,Buenaventura,5,4,61204,1625,0,30314,0,30889,0,0,1625,0,0,0
2021-12-06,port183,Buenaventura,2,1,0,497,0,0,0,0,0,0,497,0,0,0
2021-12-07,port183,Buenaventura,7,3,117023,2937,81492,34502,0,0,1028,2937,0,0,0,0
2021-12-08,port183,Buenaventura,4,2,76907,0,18099,45295,0,13513,0,0,0,0,0,0
2021-12-09,port183,Buenaventura,2,2,8884,0,0,8884,0,0,0,0,0,0,0,0
2021-12-10,port183,Buenaventura,3,1,62583,0,47570,15013,0,0,0,0,0,0,0,0
2021-12-11,port183,Buenaventura,2,0,0,5842,0,0,0,0,0,0,0,5842,0,0
2021-12-12,port183,Buenaventura,3,1,10520,0,0,7632,0,2887,0,0,0,0,0,0
2021-12-13,port183,Buenaventura,3,3,19171,6117,0,19171,0,0,0,0,6117,0,0,0
2021-12-14,port183,Buenaventura,6,1,136324,2937,119780,13687,0,1270,1586,2937,0,0,0,0
2021-12-15,port183,Buenaventura,7,3,58892,8692,41289,17602,0,0,0,2937,3252,0,0,2503
2021-12-16,port183,Buenaventura,5,2,28106,11115,14326,9769,0,3033,976,0,11047,0,0,67
2021-12-17,port183,Buenaventura,2,1,60188,0,53719,6469,0,0,0,0,0,0,0,0
2021-12-18,port183,Buenaventura,5,3,19817,67,0,18841,0,0,976,0,0,0,0,67
2021-12-19,port183,Buenaventura,2,1,2893,7040,0,0,0,0,2893,0,7040,0,0,0
2021-12-20,port183,Buenaventura,3,2,10029,5476,0,0,0,10029,0,0,5476,0,0,0
2021-12-21,port183,Buenaventura,0,0,0,0,0,0,0,0,0,0,0,0,0,0
2021-12-22,port183,Buenaventura,5,4,36071,19337,0,36071,0,0,0,0,19337,0,0,0
2021-12-23,port183,Buenaventura,4,0,67934,0,54760,0,0,13173,0,0,0,0,0,0
2021-12-24,port183,Buenaventura,1,0,0,0,0,0,0,0,0,0,0,0,0,0
2021-12-25,port183,Buenaventura,3,2,10966,4934,0,10966,0,0,0,0,4934,0,0,0
2021-12-26,port183,Buenaventura,4,3,35887,6272,0,20608,0,15279,0,0,6272,0,0,0
2021-12-27,port183,Buenaventura,4,3,22187,4898,16040,6147,0,0,0,0,4898,0,0,0
2021-12-28,port183,Buenaventura,3,2,57550,1625,0,26322,0,31228,0,0,1625,0,0,0
2021-12-29,port183,Buenaventura,2,1,9296,0,0,8079,1216,0,0,0,0,0,0,0
2021-12-30,port183,Buenaventura,3,1,15259,433,0,15259,0,0,0,0,0,0,0,433
2021-12-31,port183,Buenaventura,3,1,30692,67,26929,2786,0,0,976,0,0,0,0,67
2022-01-01,port183,Buenaventura,1,1,5099,0,0,5099,0,0,0,0,0,0,0,0
2022-01-02,port183,Buenaventura,2,2,0,3702,0,0,0,0,0,0,3702,0,0,0
2022-01-03,port183,Buenaventura,3,1,77331,4440,58885,0,18445,0,0,0,4440,0,0,0
2022-01-04,port183,Buenaventura,3,0,22826,67,19345,0,0,0,3480,0,0,0,0,67
2022-01-05,port183,Buenaventura,2,2,17595,0,0,17595,0,0,0,0,0,0,0,0
2022-01-06,port183,Buenaventura,3,0,36161,2963,35472,0,689,0,0,0,0,0,0,2963
2022-01-07,port183,Buenaventura,3,3,17514,2351,0,17514,0,0,0,0,2351,0,0,0
2022-01-08,port183,Buenaventura,2,2,24210,0,0,24210,0,0,0,0,0,0,0,0
2022-01-09,port183,Buenaventura,7,2,92056,3993,84319,5562,0,0,2174,0,3993,0,0,0
2022-01-10,port183,Buenaventura,3,2,13576,4880,0,13576,0,0,0,0,4880,0,0,0
2022-01-11,port183,Buenaventura,2,0,27928,0,27928,0,0,0,0,0,0,0,0,0
2022-01-12,port183,Buenaventura,3,1,28593,2937,20635,7957,0,0,0,2937,0,0,0,0
2022-01-13,port183,Buenaventura,2,1,38638,0,37245,1392,0,0,0,0,0,0,0,0
2022-01-14,port183,Buenaventura,2,0,5570,609,0,0,5570,0,0,0,0,609,0,0
2022-01-15,port183,Buenaventura,3,1,22322,2937,20635,1173,0,0,512,2937,0,0,0,0
2022-01-16,port183,Buenaventura,0,0,0,0,0,0,0,0,0,0,0,0,0,0
2022-01-17,port183,Buenaventura,5,3,51245,1625,26548,24696,0,0,0,0,1625,0,0,0
2022-01-18,port183,Buenaventura,6,2,19009,41405,2398,5562,5540,5508,0,38802,1954,0,647,0
2022-01-19,port183,Buenaventura,3,1,20253,0,17334,2918,0,0,0,0,0,0,0,0
2022-01-20,port183,Buenaventura,1,1,1143,0,0,1143,0,0,0,0,0,0,0,0
2022-01-21,port183,Buenaventura,4,1,27358,7310,20635,0,0,6723,0,2937,4373,0,0,0
2022-01-22,port183,Buenaventura,3,1,28897,36833,0,28897,0,0,0,36833,0,0,0,0
2022-01-23,port183,Buenaventura,4,2,23071,1625,0,6833,4191,12046,0,0,1625,0,0,0
2022-01-24,port183,Buenaventura,3,1,55561,2456,55561,0,0,0,0,0,2456,0,0,0
2022-01-25,port183,Buenaventura,3,2,26685,1625,0,26164,0,520,0,0,1625,0,0,0
2022-01-26,port183,Buenaventura,5,2,34213,7099,20635,5503,0,5508,2564,2937,3514,0,647,0
2022-01-27,port183,Buenaventura,3,1,34059,0,18562,15497,0,0,0,0,0,0,0,0
2022-01-28,port183,Buenaventura,3,1,6290,0,0,2003,4287,0,0,0,0,0,0,0
2022-01-29,port183,Buenaventura,5,3,25204,9646,0,23459,0,1745,0,0,9646,0,0,0
2022-01-30,port183,Buenaventura,5,3,88861,6319,52905,34980,0,0,976,0,6252,0,0,67
2022-01-31,port183,Buenaventura,3,2,34978,0,0,34520,458,0,0,0,0,0,0,0
2022-02-01,port183,Buenaventura,4,2,33608,67,0,32632,0,0,976,0,0,0,0,67
2022-02-02,port183,Buenaventura,5,3,88622,1625,27542,29150,0,31929,0,0,1625,0,0,0
2022-02-03,port183,Buenaventura,4,2,27313,57008,24342,0,2971,0,0,0,57008,0,0,0
2022-02-04,port183,Buenaventura,2,0,12778,0,0,0,6982,5795,0,0,0,0,0,0
2022-02-05,port183,Buenaventura,5,3,14189,6210,0,13213,0,0,976,0,1239,4903,0,67
2022-02-06,port183,Buenaventura,1,0,0,0,0,0,0,0,0,0,0,0,0,0
2022-02-07,port183,Buenaventura,4,2,118204,4288,102361,15842,0,0,0,0,4288,0,0,0
2022-02-08,port183,Buenaventura,3,2,316,0,0,316,0,0,0,0,0,0,0,0
2022-02-09,port183,Buenaventura,3,0,25526,0,23251,0,0,1158,1115,0,0,0,0,0
2022-02-10,port183,Buenaventura,6,3,57432,20514,20947,21115,0,15369,0,8115,12399,0,0,0
2022-02-11,port183,Buenaventura,2,2,12419,0,0,12419,0,0,0,0,0,0,0,0
2022-02-12,port183,Buenaventura,1,1,0,8388,0,0,0,0,0,0,8388,0,0,0
2022-02-13,port183,Buenaventura,3,1,42134,0,0,5088,0,33465,3580,0,0,0,0,0
2022-02-14,port183,Buenaventura,5,2,78454,2483,74077,4376,0,0,0,0,2483,0,0,0
2022-02-15,port183,Buenaventura,1,1,3279,0,0,3279,0,0,0,0,0,0,0,0
2022-02-16,port183,Buenaventura,4,1,51803,0,33778,17039,0,985,0,0,0,0,0,0
2022-02-17,port183,Buenaventura,2,1,11070,2273,0,5562,0,5508,0,0,1625,0,647,0
2022-02-18,port183,Buenaventura,3,1,73608,2937,69377,4230,0,0,0,2937,0,0,0,0
2022-02-19,port183,Buenaventura,4,1,0,45932,0,0,0,0,0,43733,2198,0,0,0
2022-02-20,port183,Buenaventura,3,2,3817,3123,0,3817,0,0,0,0,3123,0,0,0
2022-02-21,port183,Buenaventura,4,2,13122,2516,6549,5597,0,0,976,0,2449,0,0,67
2022-02-22,port183,Buenaventura,2,0,23064,2937,20635,0,0,2428,0,2937,0,0,0,0
2022-02-23,port183,Buenaventura,6,2,41634,1274,25161,15882,0,0,590,0,1274,0,0,0
2022-02-24,port183,Buenaventura,5,0,11146,8913,9132,0,2014,0,0,0,0,8913,0,0
2022-02-25,port183,Buenaventura,4,3,52422,0,29660,22761,0,0,0,0,0,0,0,0
2022-02-26,port183,Buenaventura,2,2,21338,0,0,21338,0,0,0,0,0,0,0,0
2022-02-27,port183,Buenaventura,2,2,21128,1625,0,21128,0,0,0,0,1625,0,0,0
2022-02-28,port183,Buenaventura,3,2,17917,7843,0,0,0,17917,0,0,7843,0,0,0
2022-03-01,port183,Buenaventura,1,1,12152,0,0,12152,0,0,0,0,0,0,0,0
2022-03-02,port183,Buenaventura,6,1,12650,13462,12650,0,0,0,0,0,0,13462,0,0
2022-03-03,port183,Buenaventura,3,0,32742,609,27171,0,5570,0,0,0,0,609,0,0
2022-03-04,port183,Buenaventura,4,1,52090,2436,52090,0,0,0,0,0,2436,0,0,0
2022-03-05,port183,Buenaventura,4,1,92362,0,82096,4447,0,5818,0,0,0,0,0,0
2022-03-06,port183,Buenaventura,2,2,1085,8601,0,1085,0,0,0,0,8601,0,0,0
2022-03-07,port183,Buenaventura,6,3,115801,6726,57371,25504,0,32924,0,0,6726,0,0,0
2022-03-08,port183,Buenaventura,3,2,22926,634,14199,8726,0,0,0,0,634,0,0,0
2022-03-09,port183,Buenaventura,6,2,55839,18558,35967,19361,0,0,510,0,13429,5129,0,0
2022-03-10,port183,Buenaventura,1,0,0,4152,0,0,0,0,0,0,0,4152,0,0
2022-03-11,port183,Buenaventura,3,1,5968,512,0,2480,0,3487,0,0,0,0,0,512
2022-03-12,port183,Buenaventura,4,2,52957,0,23142,29815,0,0,0,0,0,0,0,0
2022-03-13,port183,Buenaventura,4,2,41699,1625,27540,14158,0,0,0,0,1625,0,0,0
2022-03-14,port183,Buenaventura,3,1,976,2566,0,0,0,0,976,0,1986,0,0,580
2022-03-15,port183,Buenaventura,4,2,51301,2314,32694,17070,0,0,1537,0,2314,0,0,0
2022-03-16,port183,Buenaventura,2,1,29455,2937,20635,8819,0,0,0,2937,0,0,0,0
2022-03-17,port183,Buenaventura,1,1,12547,0,0,12547,0,0,0,0,0,0,0,0
2022-03-18,port183,Buenaventura,2,0,3275,0,3275,0,0,0,0,0,0,0,0,0
2022-03-19,port183,Buenaventura,4,1,11872,71430,0,5934,0,5938,0,71430,0,0,0,0
2022-03-20,port183,Buenaventura,3,2,57509,3085,53165,4343,0,0,0,0,3085,0,0,0
2022-03-21,port183,Buenaventura,2,1,0,64650,0,0,0,0,0,58544,6106,0,0,0
2022-03-22,port183,Buenaventura,3,1,14959,0,0,5857,6020,3081,0,0,0,0,0,0
2022-03-23,port183,Buenaventura,0,0,0,0,0,0,0,0,0,0,0,0,0,0
2022-03-24,port183,Buenaventura,4,3,26347,9745,0,25016,0,1330,0,0,9745,0,0,0
2022-03-25,port183,Buenaventura,4,2,21080,0,3429,17651,0,0,0,0,0,0,0,0
2022-03-26,port183,Buenaventura,4,1,62693,647,45488,11696,0,5508,0,0,0,0,647,0
2022-03-27,port183,Buenaventura,2,2,26617,6999,0,26617,0,0,0,0,6999,0,0,0
2022-03-28,port183,Buenaventura,4,1,10358,2483,10358,0,0,0,0,0,2483,0,0,0
2022-03-29,port183,Buenaventura,2,0,30033,0,30033,0,0,0,0,0,0,0,0,0
2022-03-30,port183,Buenaventura,7,3,96281,4258,71369,21143,380,0,3386,2937,1321,0,0,0
2022-03-31,port183,Buenaventura,1,1,16753,0,0,16753,0,0,0,0,0,0,0,0
2022-04-01,port183,Buenaventura,4,1,11980,7853,11980,0,0,0,0,0,7853,0,0,0
2022-04-02,port183,Buenaventura,4,1,59044,3982,53535,0,0,5508,0,0,3334,0,647,0
2022-04-03,port183,Buenaventura,3,3,11011,6003,0,11011,0,0,0,0,6003,0,0,0
2022-04-04,port183,Buenaventura,3,1,1646,5513,1646,0,0,0,0,0,5513,0,0,0
2022-04-05,port183,Buenaventura,1,1,640,0,0,640,0,0,0,0,0,0,0,0
2022-04-06,port183,Buenaventura,3,1,46350,0,30905,9092,0,0,6352,0,0,0,0,0
2022-04-07,port183,Buenaventura,0,0,0,0,0,0,0,0,0,0,0,0,0,0
2022-04-08,port183,Buenaventura,3,0,80490,0,79367,0,0,0,1122,0,0,0,0,0
2022-04-09,port183,Buenaventura,2,0,36019,0,29290,0,6729,0,0,0,0,0,0,0
2022-04-10,port183,Buenaventura,4,3,38850,7110,0,6953,0,31897,0,0,7110,0,0,0
2022-04-11,port183,Buenaventura,5,2,44379,50107,28585,15793,0,0,0,44658,5448,0,0,0
2022-04-12,port183,Buenaventura,2,1,30846,0,21668,9177,0,0,0,0,0,0,0,0
2022-04-13,port183,Buenaventura,4,3,5762,3699,0,4448,0,1314,0,0,3699,0,0,0
2022-04-14,port183,Buenaventura,4,0,25437,0,19028,0,0,6409,0,0,0,0,0,0
2022-04-15,port183,Buenaventura,2,1,43050,0,41966,1084,0,0,0,0,0,0,0,0
2022-04-16,port183,Buenaventura,3,1,53773,0,49401,4372,0,0,0,0,0,0,0,0
2022-04-17,port183,Buenaventura,3,3,25866,0,0,25866,0,0,0,0,0,0,0,0
2022-04-18,port183,Buenaventura,2,1,38558,4284,38558,0,0,0,0,0,4284,0,0,0
2022-04-19,port183,Buenaventura,5,2,45968,2424,43245,2722,0,0,0,0,956,0,1468,0
2022-04-20,port183,Buenaventura,3,2,37342,0,15283,22058,0,0,0,0,0,0,0,0
2022-04-21,port183,Buenaventura,4,0,35688,0,21504,0,0,14184,0,0,0,0,0,0
2022-04-22,port183,Buenaventura,2,0,40012,0,40012,0,0,0,0,0,0,0,0,0
2022-04-23,port183,Buenaventura,2,1,7466,0,0,7466,0,0,0,0,0,0,0,0
2022-04-24,port183,Buenaventura,2,1,15126,3731,15126,0,0,0,0,0,3731,0,0,0
2022-04-25,port183,Buenaventura,5,3,44918,7073,3655,24747,0,16515,0,0,7073,0,0,0
2022-04-26,port183,Buenaventura,3,2,65297,0,51004,14293,0,0,0,0,0,0,0,0
2022-04-27,port183,Buenaventura,8,2,17023,989,10758,5709,0,0,555,0,989,0,0,0
2022-04-28,port183,Buenaventura,2,1,0,7084,0,0,0,0,0,0,7084,0,0,0
2022-04-29,port183,Buenaventura,3,2,16816,0,0,14527,2288,0,0,0,0,0,0,0
2022-04-30,port183,Buenaventura,6,3,57441,10113,6865,14960,0,32391,3224,0,10113,0,0,0
2022-05-01,port183,Buenaventura,5,2,31219,6093,21747,9472,0,0,0,4468,1625,0,0,0
2022-05-02,port183,Buenaventura,2,2,5565,1832,0,5565,0,0,0,0,1832,0,0,0
2022-05-03,port183,Buenaventura,1,1,6138,0,0,6138,0,0,0,0,0,0,0,0
2022-05-04,port183,Buenaventura,2,2,14178,0,0,14178,0,0,0,0,0,0,0,0
2022-05-05,port183,Buenaventura,1,0,1535,0,0,0,0,0,1535,0,0,0,0,0
2022-05-06,port183,Buenaventura,2,1,5218,0,0,5218,0,0,0,0,0,0,0,0
2022-05-07,port183,Buenaventura,2,0,48946,0,48946,0,0,0,0,0,0,0,0,0
2022-05-08,port183,Buenaventura,5,3,40817,2263,21469,19347,0,0,0,0,1625,0,638,0
2022-05-09,port183,Buenaventura,3,1,67673,1625,62110,5562,0,0,0,0,1625,0,0,0
2022-05-10,port183,Buenaventura,7,3,57140,67,24836,19811,10491,0,2000,0,0,0,0,67
2022-05-11,port183,Buenaventura,3,1,63036,0,54023,9012,0,0,0,0,0,0,0,0
2022-05-12,port183,Buenaventura,3,3,21981,1625,0,21981,0,0,0,0,1625,0,0,0
2022-05-13,port183,Buenaventura,3,0,9829,19710,0,0,0,9829,0,19710,0,0,0,0
2022-05-14,port183,Buenaventura,5,2,80232,647,53157,21566,0,5508,0,0,0,0,647,0
2022-05-15,port183,Buenaventura,4,1,23221,1116,0,0,4719,18501,0,0,1116,0,0,0
2022-05-16,port183,Buenaventura,3,2,36672,4288,34516,2156,0,0,0,0,4288,0,0,0
2022-05-17,port183,Buenaventura,1,1,0,0,0,0,0,0,0,0,0,0,0,0
2022-05-18,port183,Buenaventura,4,2,23711,0,4076,19634,0,0,0,0,0,0,0,0
2022-05-19,port183,Buenaventura,1,0,1751,0,1751,0,0,0,0,0,0,0,0,0
2022-05-20,port183,Buenaventura,1,1,11621,0,0,11621,0,0,0,0,0,0,0,0
2022-05-21,port183,Buenaventura,1,0,29619,0,29619,0,0,0,0,0,0,0,0,0
2022-05-22,port183,Buenaventura,2,1,9407,0,3034,6372,0,0,0,0,0,0,0,0
2022-05-23,port183,Buenaventura,2,2,7815,4816,0,7815,0,0,0,0,4816,0,0,0
2022-05-24,port183,Buenaventura,3,1,21328,10149,21328,0,0,0,0,0,10149,0,0,0
2022-05-25,port183,Buenaventura,4,2,41478,18636,28651,12826,0,0,0,0,18115,0,521,0
2022-05-26,port183,Buenaventura,2,1,24412,2937,20635,3776,0,0,0,2937,0,0,0,0
2022-05-27,port183,Buenaventura,3,0,20312,0,0,0,20312,0,0,0,0,0,0,0
2022-05-28,port183,Buenaventura,1,0,0,34615,0,0,0,0,0,34615,0,0,0,0
2022-05-29,port183,Buenaventura,7,2,67510,6973,20964,7641,4708,31174,3022,0,6973,0,0,0
2022-05-30,port183,Buenaventura,4,3,25985,1830,0,25117,0,0,868,0,1830,0,0,0
2022-05-31,port183,Buenaventura,2,0,0,0,0,0,0,0,0,0,0,0,0,0
2022-06-01,port183,Buenaventura,6,4,41040,0,0,40442,0,0,598,0,0,0,0,0
2022-06-02,port183,Buenaventura,1,1,3245,0,0,3245,0,0,0,0,0,0,0,0
2022-06-03,port183,Buenaventura,2,0,18694,0,18694,0,0,0,0,0,0,0,0,0
2022-06-04,port183,Buenaventura,4,1,35495,0,0,6127,10200,13889,5277,0,0,0,0,0
2022-06-05,port183,Buenaventura,4,2,13863,1108,0,10489,1322,0,2050,0,1108,0,0,0
2022-06-06,port183,Buenaventura,1,0,35498,0,35498,0,0,0,0,0,0,0,0,0
2022-06-07,port183,Buenaventura,3,0,60084,647,54575,0,0,5508,0,0,0,0,647,0
2022-06-08,port183,Buenaventura,4,2,50151,0,18203,26574,0,5373,0,0,0,0,0,0
2022-06-09,port183,Buenaventura,3,1,29102,0,0,27782,0,0,1319,0,0,0,0,0
2022-06-10,port183,Buenaventura,2,2,11121,4658,0,11121,0,0,0,0,4658,0,0,0
2022-06-11,port183,Buenaventura,5,2,89224,311,49840,34206,0,5176,0,0,0,0,311,0
2022-06-12,port183,Buenaventura,6,3,79070,26941,54605,11166,0,13298,0,0,26941,0,0,0
2022-06-13,port183,Buenaventura,3,2,10801,6485,5239,5562,0,0,0,0,6485,0,0,0
2022-06-14,port183,Buenaventura,2,1,10825,0,3293,7531,0,0,0,0,0,0,0,0
2022-06-15,port183,Buenaventura,3,2,10208,0,0,10208,0,0,0,0,0,0,0,0
2022-06-16,port183,Buenaventura,1,1,0,1385,0,0,0,0,0,0,1385,0,0,0
2022-06-17,port183,Buenaventura,2,1,1444,0,0,543,0,901,0,0,0,0,0,0
2022-06-18,port183,Buenaventura,2,1,59377,0,53269,6107,0,0,0,0,0,0,0,0
2022-06-19,port183,Buenaventura,4,2,47256,609,33796,7889,5570,0,0,0,0,609,0,0
2022-06-20,port183,Buenaventura,2,1,7811,3105,7811,0,0,0,0,0,3105,0,0,0
2022-06-21,port183,Buenaventura,3,2,10399,29556,0,10399,0,0,0,29556,0,0,0,0
2022-06-22,port183,Buenaventura,4,2,12908,321,0,7966,4942,0,0,0,321,0,0,0
2022-06-23,port183,Buenaventura,2,0,5238,0,5238,0,0,0,0,0,0,0,0,0
2022-06-24,port183,Buenaventura,3,2,42569,0,0,10313,0,32256,0,0,0,0,0,0
2022-06-25,port183,Buenaventura,2,0,29252,0,29252,0,0,0,0,0,0,0,0,0
2022-06-26,port183,Buenaventura,2,1,976,3938,0,0,0,0,976,0,3871,0,0,67
2022-06-27,port183,Buenaventura,6,2,81282,5863,70658,10624,0,0,0,5254,609,0,0,0
2022-06-28,port183,Buenaventura,2,1,8823,0,0,5562,0,0,3261,0,0,0,0,0
2022-06-29,port183,Buenaventura,3,2,19530,0,0,18827,0,703,0,0,0,0,0,0
2022-06-30,port183,Buenaventura,7,2,62926,0,30568,26577,3101,2678,0,0,0,0,0,0
2022-07-01,port183,Buenaventura,2,1,13403,2262,0,13403,0,0,0,0,0,0,0,2262
2022-07-02,port183,Buenaventura,2,1,60832,0,49849,10983,0,0,0,0,0,0,0,0
2022-07-03,port183,Buenaventura,4,1,9384,0,0,4664,4719,0,0,0,0,0,0,0
2022-07-04,port183,Buenaventura,2,1,2690,1229,0,2690,0,0,0,0,0,0,1229,0
2022-07-05,port183,Buenaventura,2,2,23302,0,0,23302,0,0,0,0,0,0,0,0
2022-07-06,port183,Buenaventura,3,0,54885,0,51794,0,0,3090,0,0,0,0,0,0
2022-07-07,port183,Buenaventura,6,2,66594,0,54535,11033,0,0,1025,0,0,0,0,0
2022-07-08,port183,Buenaventura,3,0,80656,0,79111,0,0,0,1544,0,0,0,0,0
2022-07-09,port183,Buenaventura,4,2,63079,9766,50208,12871,0,0,0,8141,1625,0,0,0
2022-07-10,port183,Buenaventura,3,2,7940,1625,0,5562,0,0,2378,0,1625,0,0,0
2022-07-11,port183,Buenaventura,1,1,4304,0,0,4304,0,0,0,0,0,0,0,0
2022-07-12,port183,Buenaventura,2,0,43865,0,43865,0,0,0,0,0,0,0,0,0
2022-07-13,port183,Buenaventura,4,3,29661,0,0,29661,0,0,0,0,0,0,0,0
2022-07-14,port183,Buenaventura,1,1,3656,0,0,3656,0,0,0,0,0,0,0,0
2022-07-15,port183,Buenaventura,3,1,31452,2662,31452,0,0,0,0,0,2662,0,0,0
2022-07-16,port183,Buenaventura,2,0,23203,0,23203,0,0,0,0,0,0,0,0,0
2022-07-17,port183,Buenaventura,3,2,54307,1625,47183,7124,0,0,0,0,1625,0,0,0
2022-07-18,port183,Buenaventura,3,1,61027,0,56833,4194,0,0,0,0,0,0,0,0
2022-07-19,port183,Buenaventura,2,1,37983,0,37343,640,0,0,0,0,0,0,0,0
2022-07-20,port183,Buenaventura,4,2,46853,0,0,24095,17471,5285,0,0,0,0,0,0
2022-07-21,port183,Buenaventura,2,2,39508,3664,0,39508,0,0,0,0,3664,0,0,0
2022-07-22,port183,Buenaventura,1,0,1977,0,0,0,0,1977,0,0,0,0,0,0
2022-07-23,port183,Buenaventura,2,1,3467,21949,0,0,3467,0,0,0,21949,0,0,0
2022-07-24,port183,Buenaventura,6,3,17068,1625,0,13890,0,1408,1768,0,1625,0,0,0
2022-07-25,port183,Buenaventura,4,2,28383,0,0,28383,0,0,0,0,0,0,0,0
2022-07-26,port183,Buenaventura,3,2,7818,0,0,7818,0,0,0,0,0,0,0,0
2022-07-27,port183,Buenaventura,3,3,39033,0,0,39033,0,0,0,0,0,0,0,0
2022-07-28,port183,Buenaventura,4,1,40965,0,13300,19972,0,7692,0,0,0,0,0,0
2022-07-29,port183,Buenaventura,3,2,12285,0,0,12285,0,0,0,0,0,0,0,0
2022-07-30,port183,Buenaventura,6,1,64157,2937,41544,4372,0,17372,868,2937,0,0,0,0
2022-07-31,port183,Buenaventura,3,3,10638,6267,0,10638,0,0,0,0,6267,0,0,0
2022-08-01,port183,Buenaventura,2,1,53088,3314,53088,0,0,0,0,0,3314,0,0,0
2022-08-02,port183,Buenaventura,3,2,31560,0,9278,22281,0,0,0,0,0,0,0,0
2022-08-03,port183,Buenaventura,4,4,22796,1945,0,22796,0,0,0,0,1945,0,0,0
2022-08-04,port183,Buenaventura,2,0,106297,0,106297,0,0,0,0,0,0,0,0,0
2022-08-05,port183,Buenaventura,5,2,8663,11004,5745,0,0,1942,976,0,10937,0,0,67
2022-08-06,port183,Buenaventura,0,0,0,0,0,0,0,0,0,0,0,0,0,0
2022-08-07,port183,Buenaventura,2,1,0,6228,0,0,0,0,0,0,6228,0,0,0
2022-08-08,port183,Buenaventura,2,1,34240,891,34240,0,0,0,0,0,891,0,0,0
2022-08-09,port183,Buenaventura,5,2,49617,0,35945,9673,3997,0,0,0,0,0,0,0
2022-08-10,port183,Buenaventura,3,0,23050,0,20715,0,0,2334,0,0,0,0,0,0
2022-08-11,port183,Buenaventura,2,2,26675,0,0,26675,0,0,0,0,0,0,0,0
2022-08-12,port183,Buenaventura,1,0,0,1264,0,0,0,0,0,0,0,0,1264,0
2022-08-13,port183,Buenaventura,2,1,25550,0,0,25550,0,0,0,0,0,0,0,0
2022-08-14,port183,Buenaventura,3,1,13472,1625,7909,5562,0,0,0,0,1625,0,0,0
2022-08-15,port183,Buenaventura,3,2,4691,10878,0,4691,0,0,0,0,10878,0,0,0
2022-08-16,port183,Buenaventura,7,6,28962,8041,0,26642,0,2320,0,0,8041,0,0,0
2022-08-17,port183,Buenaventura,4,2,14818,0,0,14818,0,0,0,0,0,0,0,0
2022-08-18,port183,Buenaventura,5,3,36346,1625,23833,12513,0,0,0,0,1625,0,0,0
2022-08-19,port183,Buenaventura,4,2,12333,0,0,12333,0,0,0,0,0,0,0,0
2022-08-20,port183,Buenaventura,2,1,15234,0,12772,2462,0,0,0,0,0,0,0,0
2022-08-21,port183,Buenaventura,3,3,0,5659,0,0,0,0,0,0,5659,0,0,0
2022-08-22,port183,Buenaventura,3,0,50856,52037,50856,0,0,0,0,52037,0,0,0,0
2022-08-23,port183,Buenaventura,3,1,58408,1625,52845,5562,0,0,0,0,1625,0,0,0
2022-08-24,port183,Buenaventura,3,2,50208,0,36598,13610,0,0,0,0,0,0,0,0
2022-08-25,port183,Buenaventura,3,1,19163,10967,1937,17225,0,0,0,10967,0,0,0,0
2022-08-26,port183,Buenaventura,3,1,8568,0,7581,986,0,0,0,0,0,0,0,0
2022-08-27,port183,Buenaventura,0,0,0,0,0,0,0,0,0,0,0,0,0,0
2022-08-28,port183,Buenaventura,4,4,19268,7648,0,19268,0,0,0,0,7648,0,0,0
2022-08-29,port183,Buenaventura,5,3,27565,0,3474,24091,0,0,0,0,0,0,0,0
2022-08-30,port183,Buenaventura,4,2,56576,0,32445,23692,0,438,0,0,0,0,0,0
2022-08-31,port183,Buenaventura,5,2,57988,0,29088,28899,0,0,0,0,0,0,0,0
2022-09-01,port183,Buenaventura,4,0,33791,2937,33791,0,0,0,0,2937,0,0,0,0
2022-09-02,port183,Buenaventura,4,1,59056,0,51125,1586,4719,1624,0,0,0,0,0,0
2022-09-03,port183,Buenaventura,3,3,25404,0,0,25404,0,0,0,0,0,0,0,0
2022-09-04,port183,Buenaventura,4,2,4192,15794,0,3278,0,913,0,14532,1262,0,0,0
2022-09-05,port183,Buenaventura,5,2,85494,0,61294,22609,1590,0,0,0,0,0,0,0
2022-09-06,port183,Buenaventura,2,0,0,0,0,0,0,0,0,0,0,0,0,0
2022-09-07,port183,Buenaventura,6,2,102402,9423,50283,31924,0,20195,0,9423,0,0,0,0
2022-09-08,port183,Buenaventura,1,0,1025,0,0,0,0,0,1025,0,0,0,0,0
2022-09-09,port183,Buenaventura,3,2,19129,3749,0,10169,0,8959,0,0,3749,0,0,0
2022-09-10,port183,Buenaventura,2,2,5562,12699,0,5562,0,0,0,0,12699,0,0,0
2022-09-11,port183,Buenaventura,3,2,9911,1625,0,9911,0,0,0,0,1625,0,0,0
2022-09-12,port183,Buenaventura,5,1,22818,11023,22049,769,0,0,0,11023,0,0,0,0
2022-09-13,port183,Buenaventura,2,2,8262,1625,0,8262,0,0,0,0,1625,0,0,0
2022-09-14,port183,Buenaventura,6,4,85671,330,52847,16574,0,16249,0,0,330,0,0,0
2022-09-15,port183,Buenaventura,4,1,10338,676,0,2189,5570,1601,976,0,0,609,0,67
2022-09-16,port183,Buenaventura,2,1,30178,2191,0,0,0,30178,0,0,2191,0,0,0
2022-09-17,port183,Buenaventura,3,1,17647,0,0,12993,4090,0,563,0,0,0,0,0
2022-09-18,port183,Buenaventura,1,1,5562,1625,0,5562,0,0,0,0,1625,0,0,0
2022-09-19,port183,Buenaventura,6,2,66902,67,61553,4372,0,0,976,0,0,0,0,67
2022-09-20,port183,Buenaventura,1,0,34199,0,34199,0,0,0,0,0,0,0,0,0
2022-09-21,port183,Buenaventura,4,2,20457,0,5209,9293,5954,0,0,0,0,0,0,0
2022-09-22,port183,Buenaventura,1,1,5562,1625,0,5562,0,0,0,0,1625,0,0,0
2022-09-23,port183,Buenaventura,4,2,2256,34108,0,0,0,0,2256,0,5501,0,28606,0
2022-09-24,port183,Buenaventura,3,1,8199,3688,0,3553,0,4645,0,3688,0,0,0,0
2022-09-25,port183,Buenaventura,2,0,5570,609,0,0,5570,0,0,0,0,609,0,0
2022-09-26,port183,Buenaventura,4,1,68680,609,41749,5424,5570,15935,0,0,0,609,0,0
2022-09-27,port183,Buenaventura,3,2,57664,4267,52101,5562,0,0,0,0,4267,0,0,0
2022-09-28,port183,Buenaventura,4,3,21442,0,0,21058,0,383,0,0,0,0,0,0
2022-09-29,port183,Buenaventura,3,0,8781,28883,0,0,8781,0,0,28883,0,0,0,0
2022-09-30,port183,Buenaventura,5,3,45343,3099,0,25252,20090,0,0,0,3099,0,0,0
2022-10-01,port183,Buenaventura,2,2,11982,0,0,11982,0,0,0,0,0,0,0,0
2022-10-02,port183,Buenaventura,2,0,0,18096,0,0,0,0,0,0,0,0,18096,0
2022-10-03,port183,Buenaventura,4,4,11346,4722,0,11346,0,0,0,0,4722,0,0,0
2022-10-04,port183,Buenaventura,6,2,131559,0,126851,4708,0,0,0,0,0,0,0,0
2022-10-05,port183,Buenaventura,2,1,7703,0,0,7703,0,0,0,0,0,0,0,0
2022-10-06,port183,Buenaventura,1,1,22157,0,0,22157,0,0,0,0,0,0,0,0
2022-10-07,port183,Buenaventura,6,3,13492,0,1050,12442,0,0,0,0,0,0,0,0
2022-10-08,port183,Buenaventura,3,1,58591,6752,58591,0,0,0,0,0,6752,0,0,0
2022-10-09,port183,Buenaventura,3,3,14038,16427,0,14038,0,0,0,0,16427,0,0,0
2022-10-10,port183,Buenaventura,2,1,2389,5381,0,0,0,0,2389,0,5381,0,0,0
2022-10-11,port183,Buenaventura,4,2,59607,1957,51068,3029,0,5508,0,0,1309,0,647,0
2022-10-12,port183,Buenaventura,4,3,67040,0,31805,35235,0,0,0,0,0,0,0,0
2022-10-13,port183,Buenaventura,3,1,9080,0,0,4174,693,4212,0,0,0,0,0,0
2022-10-14,port183,Buenaventura,3,2,40592,0,36879,3713,0,0,0,0,0,0,0,0
2022-10-15,port183,Buenaventura,1,1,28706,0,0,28706,0,0,0,0,0,0,0,0
2022-10-16,port183,Buenaventura,6,4,29973,10142,527,27631,0,1813,0,0,10142,0,0,0
2022-10-17,port183,Buenaventura,3,0,6449,4910,1107,0,5342,0,0,0,0,4910,0,0
2022-10-18,port183,Buenaventura,2,2,2262,0,0,2262,0,0,0,0,0,0,0,0
2022-10-19,port183,Buenaventura,3,1,11282,51964,0,8718,0,0,2563,51964,0,0,0,0
2022-10-20,port183,Buenaventura,4,2,17921,0,0,12965,0,4955,0,0,0,0,0,0
2022-10-21,port183,Buenaventura,3,1,98070,0,90768,7301,0,0,0,0,0,0,0,0
2022-10-22,port183,Buenaventura,1,0,0,0,0,0,0,0,0,0,0,0,0,0
2022-10-23,port183,Buenaventura,3,2,12086,4451,0,12086,0,0,0,0,4451,0,0,0
2022-10-24,port183,Buenaventura,5,3,71112,2414,64002,7109,0,0,0,0,2414,0,0,0
2022-10-25,port183,Buenaventura,5,2,46189,0,43357,2831,0,0,0,0,0,0,0,0
2022-10-26,port183,Buenaventura,3,2,29419,4763,0,24548,4870,0,0,0,4763,0,0,0
2022-10-27,port183,Buenaventura,3,1,20635,4174,20635,0,0,0,0,2937,1237,0,0,0
2022-10-28,port183,Buenaventura,3,3,4031,3859,0,4031,0,0,0,0,3859,0,0,0
2022-10-29,port183,Buenaventura,3,0,18814,609,13243,0,5570,0,0,0,0,609,0,0
2022-10-30,port183,Buenaventura,2,0,4713,503,0,0,0,4713,0,0,0,0,503,0
2022-10-31,port183,Buenaventura,5,3,19823,0,0,16387,3435,0,0,0,0,0,0,0
2022-11-01,port183,Buenaventura,3,2,9714,12305,0,9714,0,0,0,0,945,0,11360,0
2022-11-02,port183,Buenaventura,4,1,976,6159,0,0,0,0,976,6092,0,0,0,67
2022-11-03,port183,Buenaventura,1,0,0,0,0,0,0,0,0,0,0,0,0,0
2022-11-04,port183,Buenaventura,2,1,25997,0,16306,9691,0,0,0,0,0,0,0,0
2022-11-05,port183,Buenaventura,3,1,11842,77414,0,11842,0,0,0,77414,0,0,0,0
2022-11-06,port183,Buenaventura,0,0,0,0,0,0,0,0,0,0,0,0,0,0
2022-11-07,port183,Buenaventura,6,4,29266,4353,13693,15573,0,0,0,0,2745,0,1607,0
2022-11-08,port183,Buenaventura,4,1,55660,4562,47331,5562,0,0,2766,2937,1625,0,0,0
2022-11-09,port183,Buenaventura,4,2,65075,3035,51615,6031,7429,0,0,0,3035,0,0,0
2022-11-10,port183,Buenaventura,1,0,16560,0,16560,0,0,0,0,0,0,0,0,0
2022-11-11,port183,Buenaventura,2,1,16932,3518,16932,0,0,0,0,0,3518,0,0,0
2022-11-12,port183,Buenaventura,3,2,22103,0,0,22103,0,0,0,0,0,0,0,0
2022-11-13,port183,Buenaventura,4,2,16502,2200,0,10993,0,5508,0,0,1552,0,647,0
2022-11-14,port183,Buenaventura,6,3,56998,48841,37088,14401,0,5508,0,41758,6434,0,647,0
2022-11-15,port183,Buenaventura,5,3,25844,67,0,12261,0,12607,976,0,0,0,0,67
2022-11-16,port183,Buenaventura,4,2,69699,2937,55640,14058,0,0,0,2937,0,0,0,0
2022-11-17,port183,Buenaventura,1,1,15733,0,0,15733,0,0,0,0,0,0,0,0
2022-11-18,port183,Buenaventura,3,2,14144,9997,7940,6203,0,0,0,0,9997,0,0,0
2022-11-19,port183,Buenaventura,3,1,51158,5344,35443,0,15714,0,0,0,5344,0,0,0
2022-11-20,port183,Buenaventura,4,3,16565,1625,0,16565,0,0,0,0,1625,0,0,0
2022-11-21,port183,Buenaventura,4,2,48750,4562,41015,7735,0,0,0,2937,1625,0,0,0
2022-11-22,port183,Buenaventura,3,3,2037,662,0,2037,0,0,0,0,662,0,0,0
2022-11-23,port183,Buenaventura,2,1,14806,0,0,14806,0,0,0,0,0,0,0,0
2022-11-24,port183,Buenaventura,1,0,0,0,0,0,0,0,0,0,0,0,0,0
2022-11-25,port183,Buenaventura,3,3,4928,6606,0,4928,0,0,0,0,6606,0,0,0
2022-11-26,port183,Buenaventura,3,2,17426,0,0,17426,0,0,0,0,0,0,0,0
2022-11-27,port183,Buenaventura,1,0,0,25525,0,0,0,0,0,25525,0,0,0,0
2022-11-28,port183,Buenaventura,7,5,57164,56576,43023,9131,0,5009,0,0,56576,0,0,0
2022-11-29,port183,Buenaventura,2,0,8291,609,2720,0,5570,0,0,0,0,609,0,0
2022-11-30,port183,Buenaventura,4,1,11085,0,1170,9915,0,0,0,0,0,0,0,0
2022-12-01,port183,Buenaventura,1,1,25226,0,0,25226,0,0,0,0,0,0,0,0
2022-12-02,port183,Buenaventura,3,2,3455,1222,0,3455,0,0,0,0,1222,0,0,0
2022-12-03,port183,Buenaventura,4,1,27177,0,17488,9689,0,0,0,0,0,0,0,0
2022-12-04,port183,Buenaventura,5,3,42736,1338,11631,13100,0,18003,0,0,1338,0,0,0
2022-12-05,port183,Buenaventura,2,1,29879,0,0,16110,0,13768,0,0,0,0,0,0
2022-12-06,port183,Buenaventura,5,4,21234,985,3443,17790,0,0,0,0,985,0,0,0
2022-12-07,port183,Buenaventura,6,2,76893,0,51466,25427,0,0,0,0,0,0,0,0
2022-12-08,port183,Buenaventura,5,1,89710,0,85297,4413,0,0,0,0,0,0,0,0
2022-12-09,port183,Buenaventura,2,2,0,8576,0,0,0,0,0,0,8576,0,0,0
2022-12-10,port183,Buenaventura,3,2,9155,0,0,6016,0,0,3138,0,0,0,0,0
2022-12-11,port183,Buenaventura,9,2,64377,2426,53735,9185,1456,0,0,0,0,2426,0,0
2022-12-12,port183,Buenaventura,2,0,3006,764,0,0,3006,0,0,0,0,0,764,0
2022-12-13,port183,Buenaventura,4,2,53630,12830,53630,0,0,0,0,11599,1230,0,0,0
2022-12-14,port183,Buenaventura,4,3,13120,0,0,10887,0,0,2233,0,0,0,0,0
2022-12-15,port183,Buenaventura,4,2,35876,0,13402,14272,8201,0,0,0,0,0,0,0
2022-12-16,port183,Buenaventura,2,1,2122,1560,0,2122,0,0,0,1560,0,0,0,0
2022-12-17,port183,Buenaventura,2,1,14105,0,0,14105,0,0,0,0,0,0,0,0
2022-12-18,port183,Buenaventura,5,3,73521,777,61213,12308,0,0,0,0,777,0,0,0
2022-12-19,port183,Buenaventura,4,3,1803,1056,0,1803,0,0,0,0,1056,0,0,0
2022-12-20,port183,Buenaventura,4,3,12145,22989,0,12145,0,0,0,9257,13732,0,0,0
2022-12-21,port183,Buenaventura,2,2,14097,0,0,14097,0,0,0,0,0,0,0,0
2022-12-22,port183,Buenaventura,3,0,33831,74476,32855,0,0,0,976,74408,0,0,0,67
2022-12-23,port183,Buenaventura,1,0,0,2782,0,0,0,0,0,2782,0,0,0,0
2022-12-24,port183,Buenaventura,5,2,14678,5047,485,12909,0,1284,0,0,5047,0,0,0
2022-12-25,port183,Buenaventura,3,2,10390,3112,0,6098,0,4292,0,0,3112,0,0,0
2022-12-26,port183,Buenaventura,5,4,11075,1511,0,9221,0,1854,0,0,1511,0,0,0
2022-12-27,port183,Buenaventura,5,2,15075,6458,8537,5562,0,0,976,0,6390,0,0,67
2022-12-28,port183,Buenaventura,5,2,55661,4562,49012,6649,0,0,0,2937,1625,0,0,0
2022-12-29,port183,Buenaventura,1,1,0,2186,0,0,0,0,0,0,2186,0,0,0
2022-12-30,port183,Buenaventura,5,0,40992,16345,40992,0,0,0,0,12184,0,4161,0,0
2022-12-31,port183,Buenaventura,1,1,0,9924,0,0,0,0,0,0,9924,0,0,0
2023-01-01,port183,Buenaventura,3,3,18528,3250,0,18528,0,0,0,0,3250,0,0,0
2023-01-02,port183,Buenaventura,2,1,22547,0,0,5497,17050,0,0,0,0,0,0,0
2023-01-03,port183,Buenaventura,2,2,26934,3007,0,26934,0,0,0,0,3007,0,0,0
2023-01-04,port183,Buenaventura,7,3,21766,2656,0,7032,14733,0,0,1097,1558,0,0,0
2023-01-05,port183,Buenaventura,4,1,37934,0,26762,10544,0,626,0,0,0,0,0,0
2023-01-06,port183,Buenaventura,5,2,47060,3714,37615,4645,4799,0,0,0,3714,0,0,0
2023-01-07,port183,Buenaventura,3,1,6759,1625,0,5562,0,0,1197,0,1625,0,0,0
2023-01-08,port183,Buenaventura,4,2,40940,13326,30721,10218,0,0,0,11701,1625,0,0,0
2023-01-09,port183,Buenaventura,5,3,24427,1625,0,24427,0,0,0,0,1625,0,0,0
2023-01-10,port183,Buenaventura,3,1,7691,318,2951,0,4740,0,0,0,318,0,0,0
2023-01-11,port183,Buenaventura,3,2,38183,0,9985,28198,0,0,0,0,0,0,0,0
2023-01-12,port183,Buenaventura,3,1,17892,0,7150,8183,0,0,2559,0,0,0,0,0
2023-01-13,port183,Buenaventura,3,1,27220,1550,26835,0,0,385,0,0,1550,0,0,0
2023-01-14,port183,Buenaventura,0,0,0,0,0,0,0,0,0,0,0,0,0,0
2023-01-15,port183,Buenaventura,7,5,53477,11620,39552,13925,0,0,0,0,11620,0,0,0
2023-01-16,port183,Buenaventura,1,0,868,0,0,0,0,0,868,0,0,0,0,0
2023-01-17,port183,Buenaventura,1,1,5562,1625,0,5562,0,0,0,0,1625,0,0,0
2023-01-18,port183,Buenaventura,3,2,18866,7599,0,330,0,18536,0,0,7599,0,0,0
2023-01-19,port183,Buenaventura,1,1,8812,0,0,8812,0,0,0,0,0,0,0,0
2023-01-20,port183,Buenaventura,2,1,1677,6668,1677,0,0,0,0,0,6668,0,0,0
2023-01-21,port183,Buenaventura,1,1,0,6853,0,0,0,0,0,0,6853,0,0,0
2023-01-22,port183,Buenaventura,2,2,6354,0,0,6354,0,0,0,0,0,0,0,0
2023-01-23,port183,Buenaventura,3,2,1208,2509,0,1208,0,0,0,0,2509,0,0,0
2023-01-24,port183,Buenaventura,4,2,23952,1625,14212,9739,0,0,0,0,1625,0,0,0
2023-01-25,port183,Buenaventura,0,0,0,0,0,0,0,0,0,0,0,0,0,0
2023-01-26,port183,Buenaventura,3,1,14832,647,0,9323,0,5508,0,0,0,0,647,0
2023-01-27,port183,Buenaventura,5,1,62109,5916,62109,0,0,0,0,0,5916,0,0,0
2023-01-28,port183,Buenaventura,3,1,21530,1625,12808,5562,0,0,3160,0,1625,0,0,0
2023-01-29,port183,Buenaventura,4,4,9396,3071,0,9396,0,0,0,0,3071,0,0,0
2023-01-30,port183,Buenaventura,4,2,26273,1625,0,26273,0,0,0,0,1625,0,0,0
2023-01-31,port183,Buenaventura,5,3,17216,4229,583,11124,0,5508,0,0,3581,0,647,0
2023-02-01,port183,Buenaventura,3,1,4808,4510,0,0,3623,0,1185,0,4510,0,0,0
2023-02-02,port183,Buenaventura,2,0,0,11733,0,0,0,0,0,0,0,0,11733,0
2023-02-03,port183,Buenaventura,1,0,0,40850,0,0,0,0,0,40850,0,0,0,0
2023-02-04,port183,Buenaventura,4,3,24364,1592,6262,18102,0,0,0,0,1592,0,0,0
2023-02-05,port183,Buenaventura,7,5,67998,14578,58557,9440,0,0,0,0,14578,0,0,0
2023-02-06,port183,Buenaventura,5,2,95115,2762,84044,5562,0,5508,0,0,2114,0,647,0
2023-02-07,port183,Buenaventura,3,2,24000,0,0,20229,3770,0,0,0,0,0,0,0
2023-02-08,port183,Buenaventura,3,2,27224,7851,20635,6588,0,0,0,2937,4914,0,0,0
2023-02-09,port183,Buenaventura,3,2,33791,6525,25022,8768,0,0,0,0,6525,0,0,0
2023-02-10,port183,Buenaventura,1,1,0,4493,0,0,0,0,0,0,4493,0,0,0
2023-02-11,port183,Buenaventura,3,1,30495,647,17968,7018,0,5508,0,0,0,0,647,0
2023-02-12,port183,Buenaventura,5,4,40518,2856,28426,12091,0,0,0,0,2856,0,0,0
2023-02-13,port183,Buenaventura,7,4,22884,4856,0,4594,0,17777,512,1119,3736,0,0,0
2023-02-14,port183,Buenaventura,4,2,8363,1955,0,5562,0,0,2801,0,1955,0,0,0
2023-02-15,port183,Buenaventura,5,2,23610,1201,18068,5541,0,0,0,0,1201,0,0,0
2023-02-16,port183,Buenaventura,5,3,57983,8246,50323,2150,0,5508,0,0,7598,0,647,0
2023-02-17,port183,Buenaventura,3,0,43212,12643,43212,0,0,0,0,12643,0,0,0,0
2023-02-18,port183,Buenaventura,3,0,38445,0,38445,0,0,0,0,0,0,0,0,0
2023-02-19,port183,Buenaventura,5,3,46895,3098,40623,6272,0,0,0,0,3098,0,0,0
2023-02-20,port183,Buenaventura,4,4,15100,8981,0,15100,0,0,0,0,8981,0,0,0
2023-02-21,port183,Buenaventura,5,2,6179,1282,0,671,0,5508,0,0,634,0,647,0
2023-02-22,port183,Buenaventura,4,3,9802,11980,2419,7382,0,0,0,0,11980,0,0,0
2023-02-23,port183,Buenaventura,1,1,5562,1625,0,5562,0,0,0,0,1625,0,0,0
2023-02-24,port183,Buenaventura,1,0,18237,0,0,0,18237,0,0,0,0,0,0,0
2023-02-25,port183,Buenaventura,3,1,3287,12010,0,3287,0,0,0,0,0,0,12010,0
2023-02-26,port183,Buenaventura,4,1,15238,23299,7906,7332,0,0,0,23299,0,0,0,0
2023-02-27,port183,Buenaventura,4,3,20559,11438,8119,12439,0,0,0,0,11438,0,0,0
2023-02-28,port183,Buenaventura,2,1,5570,2120,0,0,5570,0,0,0,1510,609,0,0
2023-03-01,port183,Buenaventura,6,4,58640,9386,53031,5609,0,0,0,0,5418,0,3968,0
2023-03-02,port183,Buenaventura,2,1,27287,1625,21724,5562,0,0,0,0,1625,0,0,0
2023-03-03,port183,Buenaventura,4,0,68284,0,53876,0,958,13449,0,0,0,0,0,0
2023-03-04,port183,Buenaventura,2,1,3695,73556,0,3695,0,0,0,73556,0,0,0,0
2023-03-05,port183,Buenaventura,6,3,66361,4854,54998,5562,3059,2741,0,0,4854,0,0,0
2023-03-06,port183,Buenaventura,2,1,19639,1807,0,0,0,19639,0,0,1807,0,0,0
2023-03-07,port183,Buenaventura,3,1,14059,647,0,8550,0,5508,0,0,0,0,647,0
2023-03-08,port183,Buenaventura,6,4,57857,319,24638,29205,0,4013,0,0,319,0,0,0
2023-03-09,port183,Buenaventura,0,0,0,0,0,0,0,0,0,0,0,0,0,0
2023-03-10,port183,Buenaventura,3,0,10706,67,6229,0,3500,0,976,0,0,0,0,67
2023-03-11,port183,Buenaventura,3,2,4494,3305,0,526,0,3968,0,0,3305,0,0,0
2023-03-12,port183,Buenaventura,4,3,12889,1625,0,12889,0,0,0,0,1625,0,0,0
2023-03-13,port183,Buenaventura,4,2,60434,1625,41554,18880,0,0,0,0,1625,0,0,0
2023-03-14,port183,Buenaventura,4,1,2779,44385,1669,0,0,0,1110,43623,761,0,0,0
2023-03-15,port183,Buenaventura,4,2,34910,2937,20635,14274,0,0,0,2937,0,0,0,0
2023-03-16,port183,Buenaventura,6,3,35514,18067,24298,10240,0,0,976,0,13357,0,4642,67
2023-03-17,port183,Buenaventura,2,1,35746,0,31984,3761,0,0,0,0,0,0,0,0
2023-03-18,port183,Buenaventura,3,0,75606,0,58062,0,0,17544,0,0,0,0,0,0
2023-03-19,port183,Buenaventura,3,3,7987,1949,0,7987,0,0,0,0,1949,0,0,0
2023-03-20,port183,Buenaventura,6,3,80996,1951,55927,25068,0,0,0,0,1951,0,0,0
2023-03-21,port183,Buenaventura,3,0,12050,57046,12050,0,0,0,0,57046,0,0,0,0
2023-03-22,port183,Buenaventura,5,3,14355,6429,0,9984,0,0,4371,0,6429,0,0,0
2023-03-23,port183,Buenaventura,3,2,5864,7286,0,5864,0,0,0,0,2643,0,4642,0
2023-03-24,port183,Buenaventura,2,0,7624,647,2115,0,0,5508,0,0,0,0,647,0
2023-03-25,port183,Buenaventura,5,4,52978,5524,23926,29051,0,0,0,0,5524,0,0,0
2023-03-26,port183,Buenaventura,5,3,37506,7045,29851,0,0,7655,0,0,7045,0,0,0
2023-03-27,port183,Buenaventura,2,1,22535,962,22535,0,0,0,0,0,962,0,0,0
2023-03-28,port183,Buenaventura,6,2,72311,6437,59004,12791,0,0,515,0,1625,0,4812,0
2023-03-29,port183,Buenaventura,5,1,28682,42374,0,1664,19698,4184,3134,42374,0,0,0,0
2023-03-30,port183,Buenaventura,3,2,19021,769,0,19021,0,0,0,0,0,0,769,0
2023-03-31,port183,Buenaventura,1,1,0,2687,0,0,0,0,0,0,2687,0,0,0
2023-04-01,port183,Buenaventura,4,1,47955,0,33558,1234,13162,0,0,0,0,0,0,0
2023-04-02,port183,Buenaventura,4,2,31757,8867,20635,11121,0,0,0,2937,1625,0,4305,0
2023-04-03,port183,Buenaventura,3,2,22349,0,7624,14725,0,0,0,0,0,0,0,0
2023-04-04,port183,Buenaventura,7,2,105123,17034,100604,4518,0,0,0,17034,0,0,0,0
2023-04-05,port183,Buenaventura,4,3,11881,1942,0,11881,0,0,0,0,1942,0,0,0
2023-04-06,port183,Buenaventura,3,2,12837,500,0,12837,0,0,0,0,500,0,0,0
2023-04-07,port183,Buenaventura,1,0,0,4136,0,0,0,0,0,0,0,0,4136,0
2023-04-08,port183,Buenaventura,4,3,16919,7839,0,15943,0,0,976,0,7771,0,0,67
2023-04-09,port183,Buenaventura,5,0,92396,3440,87683,0,0,4713,0,2937,0,0,503,0
2023-04-10,port183,Buenaventura,6,3,87632,1625,69684,17947,0,0,0,0,1625,0,0,0
2023-04-11,port183,Buenaventura,3,1,57509,1625,50376,5562,0,1570,0,0,1625,0,0,0
2023-04-12,port183,Buenaventura,5,3,27150,2657,10193,11448,0,5508,0,0,2009,0,647,0
2023-04-13,port183,Buenaventura,4,2,44895,8788,25602,19293,0,0,0,2937,5851,0,0,0
2023-04-14,port183,Buenaventura,3,2,0,2106,0,0,0,0,0,472,1634,0,0,0
2023-04-15,port183,Buenaventura,2,1,48450,0,34725,13724,0,0,0,0,0,0,0,0
2023-04-16,port183,Buenaventura,3,2,3713,4812,0,3713,0,0,0,0,0,0,4812,0
2023-04-17,port183,Buenaventura,4,3,59844,0,47174,12670,0,0,0,0,0,0,0,0
2023-04-18,port183,Buenaventura,2,2,46405,0,0,46405,0,0,0,0,0,0,0,0
2023-04-19,port183,Buenaventura,5,3,28583,3544,23159,4448,0,0,976,0,3477,0,0,67
2023-04-20,port183,Buenaventura,4,2,60005,0,44291,14834,879,0,0,0,0,0,0,0
2023-04-21,port183,Buenaventura,4,0,66753,0,54692,0,0,12061,0,0,0,0,0,0
2023-04-22,port183,Buenaventura,1,0,9132,0,9132,0,0,0,0,0,0,0,0,0
2023-04-23,port183,Buenaventura,3,3,27130,1625,0,27130,0,0,0,0,1625,0,0,0
2023-04-24,port183,Buenaventura,1,1,3221,0,0,3221,0,0,0,0,0,0,0,0
2023-04-25,port183,Buenaventura,4,1,40009,0,27850,12159,0,0,0,0,0,0,0,0
2023-04-26,port183,Buenaventura,4,2,66511,4812,51900,14611,0,0,0,0,0,0,4812,0
2023-04-27,port183,Buenaventura,4,2,79033,2521,77267,1766,0,0,0,0,2521,0,0,0
2023-04-28,port183,Buenaventura,1,1,2483,0,0,2483,0,0,0,0,0,0,0,0
2023-04-29,port183,Buenaventura,2,0,7865,0,6997,0,0,0,868,0,0,0,0,0
2023-04-30,port183,Buenaventura,5,3,50617,1625,19355,13457,0,17804,0,0,1625,0,0,0
2023-05-01,port183,Buenaventura,3,1,38450,0,36817,1632,0,0,0,0,0,0,0,0
2023-05-02,port183,Buenaventura,4,2,30925,491,548,24710,0,5666,0,0,491,0,0,0
2023-05-03,port183,Buenaventura,4,3,6934,4406,0,6934,0,0,0,0,4406,0,0,0
2023-05-04,port183,Buenaventura,9,4,94451,4879,48118,41896,3459,0,976,0,0,0,4812,67
2023-05-05,port183,Buenaventura,3,0,79922,0,79922,0,0,0,0,0,0,0,0,0
2023-05-06,port183,Buenaventura,5,0,45254,0,36386,0,8868,0,0,0,0,0,0,0
2023-05-07,port183,Buenaventura,2,2,5562,7688,0,5562,0,0,0,0,7688,0,0,0
2023-05-08,port183,Buenaventura,3,2,26995,1868,0,23358,0,3637,0,0,1868,0,0,0
2023-05-09,port183,Buenaventura,2,1,9693,0,8185,1507,0,0,0,0,0,0,0,0
2023-05-10,port183,Buenaventura,5,4,45017,1811,33504,11512,0,0,0,0,1811,0,0,0
2023-05-11,port183,Buenaventura,1,1,0,5015,0,0,0,0,0,0,5015,0,0,0
2023-05-12,port183,Buenaventura,4,2,22252,0,16431,5821,0,0,0,0,0,0,0,0
2023-05-13,port183,Buenaventura,4,1,0,17238,0,0,0,0,0,0,12256,0,4981,0
2023-05-14,port183,Buenaventura,5,3,31651,67,0,28715,0,1960,976,0,0,0,0,67
2023-05-15,port183,Buenaventura,7,3,69727,3115,66911,985,0,0,1830,0,3115,0,0,0
2023-05-16,port183,Buenaventura,5,2,35014,10510,28617,6397,0,0,0,10510,0,0,0,0
2023-05-17,port183,Buenaventura,3,3,20540,4883,0,20540,0,0,0,0,4883,0,0,0
2023-05-18,port183,Buenaventura,4,2,19295,0,0,13492,3968,0,1834,0,0,0,0,0
2023-05-19,port183,Buenaventura,3,0,33582,647,28074,0,0,5508,0,0,0,0,647,0
2023-05-20,port183,Buenaventura,1,0,1471,0,0,0,0,1471,0,0,0,0,0,0
2023-05-21,port183,Buenaventura,3,3,0,26438,0,0,0,0,0,0,26438,0,0,0
2023-05-22,port183,Buenaventura,7,3,44145,11193,37631,545,5969,0,0,0,11193,0,0,0
2023-05-23,port183,Buenaventura,2,2,4126,759,0,4126,0,0,0,0,759,0,0,0
2023-05-24,port183,Buenaventura,5,3,29530,0,14460,15069,0,0,0,0,0,0,0,0
2023-05-25,port183,Buenaventura,3,2,5562,7653,0,5562,0,0,0,0,7653,0,0,0
2023-05-26,port183,Buenaventura,3,1,0,4704,0,0,0,0,0,2408,2296,0,0,0
2023-05-27,port183,Buenaventura,3,2,29780,0,23162,6617,0,0,0,0,0,0,0,0
2023-05-28,port183,Buenaventura,7,3,50623,41002,45976,4647,0,0,0,20295,16401,0,4305,0
2023-05-29,port183,Buenaventura,4,2,13312,827,0,0,13312,0,0,0,827,0,0,0
2023-05-30,port183,Buenaventura,2,0,0,0,0,0,0,0,0,0,0,0,0,0
2023-05-31,port183,Buenaventura,3,1,66030,0,63804,2225,0,0,0,0,0,0,0,0
2023-06-01,port183,Buenaventura,5,2,99130,7466,75173,4661,0,19294,0,2937,4529,0,0,0
2023-06-02,port183,Buenaventura,2,2,10760,0,0,10760,0,0,0,0,0,0,0,0
2023-06-03,port183,Buenaventura,1,0,4691,0,0,0,0,0,4691,0,0,0,0,0
2023-06-04,port183,Buenaventura,4,3,25569,31357,0,25569,0,0,0,28628,2729,0,0,0
2023-06-05,port183,Buenaventura,6,4,36632,9445,18666,15725,0,2240,0,0,9445,0,0,0
2023-06-06,port183,Buenaventura,1,0,22419,0,22419,0,0,0,0,0,0,0,0,0
2023-06-07,port183,Buenaventura,5,2,28195,659,7187,18013,2993,0,0,0,659,0,0,0
2023-06-08,port183,Buenaventura,4,4,9498,2090,0,9498,0,0,0,0,2090,0,0,0
2023-06-09,port183,Buenaventura,4,2,107328,3250,96203,11124,0,0,0,0,3250,0,0,0
2023-06-10,port183,Buenaventura,4,3,12674,0,1927,10747,0,0,0,0,0,0,0,0
2023-06-11,port183,Buenaventura,4,3,6567,4632,0,6567,0,0,0,0,4632,0,0,0
2023-06-12,port183,Buenaventura,4,2,15693,1111,7959,5815,0,1917,0,0,1111,0,0,0
2023-06-13,port183,Buenaventura,2,2,317,684,0,317,0,0,0,0,684,0,0,0
2023-06-14,port183,Buenaventura,6,4,28252,9334,2932,22541,0,0,2778,0,9334,0,0,0
2023-06-15,port183,Buenaventura,3,1,1993,72967,0,1160,0,0,832,72967,0,0,0,0
2023-06-16,port183,Buenaventura,0,0,0,0,0,0,0,0,0,0,0,0,0,0
2023-06-17,port183,Buenaventura,0,0,0,0,0,0,0,0,0,0,0,0,0,0
2023-06-18,port183,Buenaventura,3,1,47414,5439,47414,0,0,0,0,0,5439,0,0,0
2023-06-19,port183,Buenaventura,4,3,24652,5027,0,7027,0,17624,0,0,5027,0,0,0
2023-06-20,port183,Buenaventura,4,2,33973,38347,20974,12998,0,0,0,36722,1625,0,0,0
2023-06-21,port183,Buenaventura,6,4,18618,14260,0,14807,3810,0,0,0,14260,0,0,0
2023-06-22,port183,Buenaventura,2,1,5861,0,0,5823,0,38,0,0,0,0,0,0
2023-06-23,port183,Buenaventura,2,1,3931,0,0,3931,0,0,0,0,0,0,0,0
2023-06-24,port183,Buenaventura,1,0,2061,0,0,0,0,0,2061,0,0,0,0,0
2023-06-25,port183,Buenaventura,4,2,16935,20161,0,10911,0,5508,514,0,19513,0,647,0
2023-06-26,port183,Buenaventura,7,5,65477,9382,59136,6340,0,0,0,1749,7633,0,0,0
2023-06-27,port183,Buenaventura,4,3,7617,52869,0,7617,0,0,0,51785,1084,0,0,0
2023-06-28,port183,Buenaventura,3,3,9037,0,0,9037,0,0,0,0,0,0,0,0
2023-06-29,port183,Buenaventura,2,0,20635,13377,20635,0,0,0,0,2937,0,0,10440,0
2023-06-30,port183,Buenaventura,2,1,8191,0,0,8191,0,0,0,0,0,0,0,0
2023-07-01,port183,Buenaventura,1,1,2647,0,0,2647,0,0,0,0,0,0,0,0
2023-07-02,port183,Buenaventura,3,2,19223,3167,13661,5562,0,0,0,0,3167,0,0,0
2023-07-03,port183,Buenaventura,6,5,11346,2743,0,11346,0,0,0,0,2743,0,0,0
2023-07-04,port183,Buenaventura,4,2,51188,2937,20635,17926,0,12626,0,2937,0,0,0,0
2023-07-05,port183,Buenaventura,6,3,38422,3438,20635,17786,0,0,0,2937,501,0,0,0
2023-07-06,port183,Buenaventura,2,1,29490,0,24802,4687,0,0,0,0,0,0,0,0
2023-07-07,port183,Buenaventura,0,0,0,0,0,0,0,0,0,0,0,0,0,0
2023-07-08,port183,Buenaventura,3,1,25253,5413,25253,0,0,0,0,0,5413,0,0,0
2023-07-09,port183,Buenaventura,1,0,0,0,0,0,0,0,0,0,0,0,0,0
2023-07-10,port183,Buenaventura,4,3,19301,1625,5628,13673,0,0,0,0,1625,0,0,0
2023-07-11,port183,Buenaventura,3,1,16723,67,13557,2189,0,0,976,0,0,0,0,67
2023-07-12,port183,Buenaventura,5,4,14438,27025,0,14438,0,0,0,25754,1271,0,0,0
2023-07-13,port183,Buenaventura,8,4,51433,4027,8758,42675,0,0,0,0,3250,0,777,0
2023-07-14,port183,Buenaventura,2,1,10832,0,9601,1230,0,0,0,0,0,0,0,0
2023-07-15,port183,Buenaventura,4,2,8057,1254,0,6653,0,381,1022,0,1254,0,0,0
2023-07-16,port183,Buenaventura,6,3,49497,19035,48201,785,0,0,509,0,19035,0,0,0
2023-07-17,port183,Buenaventura,4,2,6103,1625,0,6103,0,0,0,0,1625,0,0,0
2023-07-18,port183,Buenaventura,6,2,132436,0,117267,2930,0,12239,0,0,0,0,0,0
2023-07-19,port183,Buenaventura,5,4,42980,1625,0,31473,11507,0,0,0,1625,0,0,0
2023-07-20,port183,Buenaventura,3,1,25543,2009,25543,0,0,0,0,0,2009,0,0,0
2023-07-21,port183,Buenaventura,2,2,9286,1625,0,9286,0,0,0,0,1625,0,0,0
2023-07-22,port183,Buenaventura,3,1,65002,0,57260,7741,0,0,0,0,0,0,0,0
2023-07-23,port183,Buenaventura,2,2,0,3237,0,0,0,0,0,0,3237,0,0,0
2023-07-24,port183,Buenaventura,4,3,8854,3222,3291,5562,0,0,0,0,3222,0,0,0
2023-07-25,port183,Buenaventura,1,0,0,0,0,0,0,0,0,0,0,0,0,0
2023-07-26,port183,Buenaventura,4,3,34460,631,25017,9442,0,0,0,0,631,0,0,0
2023-07-27,port183,Buenaventura,2,1,21965,0,0,21965,0,0,0,0,0,0,0,0
2023-07-28,port183,Buenaventura,2,2,13820,3513,0,13820,0,0,0,0,3513,0,0,0
2023-07-29,port183,Buenaventura,3,0,23927,0,12134,0,0,8332,3460,0,0,0,0,0
2023-07-30,port183,Buenaventura,6,4,25210,12067,17983,7227,0,0,0,0,12067,0,0,0
2023-07-31,port183,Buenaventura,4,3,7908,54822,0,7908,0,0,0,54332,490,0,0,0
2023-08-01,port183,Buenaventura,2,2,11124,3250,0,11124,0,0,0,0,3250,0,0,0
2023-08-02,port183,Buenaventura,5,3,49398,328,19778,26119,0,0,3500,0,328,0,0,0
2023-08-03,port183,Buenaventura,2,2,1078,3036,0,1078,0,0,0,0,3036,0,0,0
2023-08-04,port183,Buenaventura,5,3,18389,2067,0,16437,0,0,1952,0,1933,0,0,134
2023-08-05,port183,Buenaventura,3,1,34192,4873,34192,0,0,0,0,0,4873,0,0,0
2023-08-06,port183,Buenaventura,2,2,23811,0,0,23811,0,0,0,0,0,0,0,0
2023-08-07,port183,Buenaventura,6,4,9062,0,0,7035,0,1370,656,0,0,0,0,0
2023-08-08,port183,Buenaventura,4,1,777,0,0,777,0,0,0,0,0,0,0,0
2023-08-09,port183,Buenaventura,3,1,10997,2917,10997,0,0,0,0,0,2917,0,0,0
2023-08-10,port183,Buenaventura,5,4,49749,7613,32804,16945,0,0,0,0,7613,0,0,0
2023-08-11,port183,Buenaventura,3,2,13747,6121,11052,2694,0,0,0,0,6121,0,0,0
2023-08-12,port183,Buenaventura,4,1,65588,3878,45706,0,19882,0,0,0,3878,0,0,0
2023-08-13,port183,Buenaventura,3,2,42771,9398,37209,5562,0,0,0,0,9398,0,0,0
2023-08-14,port183,Buenaventura,6,4,72076,1625,51833,20242,0,0,0,0,1625,0,0,0
2023-08-15,port183,Buenaventura,2,2,5562,2001,0,5562,0,0,0,0,2001,0,0,0
2023-08-16,port183,Buenaventura,2,2,16648,1002,0,16648,0,0,0,0,1002,0,0,0
2023-08-17,port183,Buenaventura,2,2,0,3284,0,0,0,0,0,0,3284,0,0,0
2023-08-18,port183,Buenaventura,1,0,11631,0,11631,0,0,0,0,0,0,0,0,0
2023-08-19,port183,Buenaventura,4,2,9216,14739,9216,0,0,0,0,0,14739,0,0,0
2023-08-20,port183,Buenaventura,3,1,49234,1154,48151,1083,0,0,0,1154,0,0,0,0
2023-08-21,port183,Buenaventura,6,5,32048,68160,0,32048,0,0,0,50860,17300,0,0,0
2023-08-22,port183,Buenaventura,2,1,34111,1625,28549,5562,0,0,0,0,1625,0,0,0
2023-08-23,port183,Buenaventura,4,1,59869,0,36308,689,0,22872,0,0,0,0,0,0
2023-08-24,port183,Buenaventura,2,1,11045,1910,0,0,0,11045,0,0,1910,0,0,0
2023-08-25,port183,Buenaventura,4,3,32537,10938,6655,25882,0,0,0,0,10938,0,0,0
2023-08-26,port183,Buenaventura,7,4,42646,7586,24376,17158,0,0,1111,0,1625,0,5961,0
2023-08-27,port183,Buenaventura,2,1,43382,1625,37820,5562,0,0,0,0,1625,0,0,0
2023-08-28,port183,Buenaventura,3,3,6408,1625,0,6408,0,0,0,0,1625,0,0,0
2023-08-29,port183,Buenaventura,3,2,14981,3250,0,11124,0,3856,0,0,3250,0,0,0
2023-08-30,port183,Buenaventura,4,3,12703,1314,4393,8309,0,0,0,0,1314,0,0,0
2023-08-31,port183,Buenaventura,5,2,26117,3531,0,0,10546,15570,0,0,3531,0,0,0
2023-09-01,port183,Buenaventura,5,1,74089,12647,58753,0,0,15335,0,0,6563,0,0,6083
2023-09-02,port183,Buenaventura,2,1,3089,2507,0,0,0,0,3089,0,2507,0,0,0
2023-09-03,port183,Buenaventura,2,1,37234,1782,37234,0,0,0,0,0,1782,0,0,0
2023-09-04,port183,Buenaventura,4,3,11124,74695,0,11124,0,0,0,55762,18933,0,0,0
2023-09-05,port183,Buenaventura,3,2,35945,0,26774,9170,0,0,0,0,0,0,0,0
2023-09-06,port183,Buenaventura,3,1,38314,2937,20635,14700,2978,0,0,2937,0,0,0,0
2023-09-07,port183,Buenaventura,5,3,21421,11515,4946,7973,8501,0,0,0,11515,0,0,0
2023-09-08,port183,Buenaventura,2,1,80323,0,53088,27234,0,0,0,0,0,0,0,0
2023-09-09,port183,Buenaventura,4,3,31760,6731,20635,11124,0,0,0,2937,3794,0,0,0
2023-09-10,port183,Buenaventura,4,1,47542,2006,47081,0,0,0,460,0,2006,0,0,0
2023-09-11,port183,Buenaventura,4,3,72681,8155,55958,16723,0,0,0,0,8155,0,0,0
2023-09-12,port183,Buenaventura,2,2,5562,1625,0,5562,0,0,0,0,1625,0,0,0
2023-09-13,port183,Buenaventura,6,2,42940,0,28295,14644,0,0,0,0,0,0,0,0
2023-09-14,port183,Buenaventura,5,4,50854,3658,39907,10947,0,0,0,0,3658,0,0,0
2023-09-15,port183,Buenaventura,5,3,39506,1692,26833,11697,0,0,976,0,1625,0,0,67
2023-09-16,port183,Buenaventura,2,1,8260,2235,8260,0,0,0,0,0,2235,0,0,0
2023-09-17,port183,Buenaventura,0,0,0,0,0,0,0,0,0,0,0,0,0,0
2023-09-18,port183,Buenaventura,7,5,86973,16771,74865,12108,0,0,0,0,16771,0,0,0
2023-09-19,port183,Buenaventura,5,2,29424,35538,23757,5666,0,0,0,35538,0,0,0,0
2023-09-20,port183,Buenaventura,3,2,32059,0,22296,9763,0,0,0,0,0,0,0,0
2023-09-21,port183,Buenaventura,3,1,87845,0,62772,25072,0,0,0,0,0,0,0,0
2023-09-22,port183,Buenaventura,6,4,12466,54122,0,6696,5769,0,0,47077,7045,0,0,0
2023-09-23,port183,Buenaventura,1,0,15087,0,15087,0,0,0,0,0,0,0,0,0
2023-09-24,port183,Buenaventura,4,0,30979,0,28782,0,0,1328,868,0,0,0,0,0
2023-09-25,port183,Buenaventura,6,4,45024,6815,30540,14484,0,0,0,2937,3878,0,0,0
2023-09-26,port183,Buenaventura,4,3,26991,0,11525,15466,0,0,0,0,0,0,0,0
2023-09-27,port183,Buenaventura,1,0,2900,0,2900,0,0,0,0,0,0,0,0,0
2023-09-28,port183,Buenaventura,4,3,71404,5669,54398,17005,0,0,0,0,5669,0,0,0
2023-09-29,port183,Buenaventura,2,0,70565,0,70565,0,0,0,0,0,0,0,0,0
2023-09-30,port183,Buenaventura,2,1,52172,1625,46609,5562,0,0,0,0,1625,0,0,0
2023-10-01,port183,Buenaventura,2,2,1103,0,0,1103,0,0,0,0,0,0,0,0
2023-10-02,port183,Buenaventura,5,2,4211,20816,1104,3106,0,0,0,20427,388,0,0,0
2023-10-03,port183,Buenaventura,4,2,32211,0,0,7493,6101,18616,0,0,0,0,0,0
2023-10-04,port183,Buenaventura,4,1,18026,510,0,14817,0,0,3208,0,0,443,0,67
2023-10-05,port183,Buenaventura,3,2,7019,2558,0,5852,0,1167,0,0,2558,0,0,0
2023-10-06,port183,Buenaventura,3,1,26929,0,22083,3263,0,1582,0,0,0,0,0,0
2023-10-07,port183,Buenaventura,6,4,67433,3250,48810,18622,0,0,0,0,3250,0,0,0
2023-10-08,port183,Buenaventura,1,0,527,0,527,0,0,0,0,0,0,0,0,0
2023-10-09,port183,Buenaventura,7,4,76824,4746,34326,36188,0,5334,976,0,4678,0,0,67
2023-10-10,port183,Buenaventura,5,3,6301,2941,0,2491,3810,0,0,0,2941,0,0,0
2023-10-11,port183,Buenaventura,3,2,30222,0,0,30222,0,0,0,0,0,0,0,0
2023-10-12,port183,Buenaventura,6,5,19400,8482,0,19400,0,0,0,547,7935,0,0,0
2023-10-13,port183,Buenaventura,1,1,2573,0,0,2573,0,0,0,0,0,0,0,0
2023-10-14,port183,Buenaventura,1,1,0,5558,0,0,0,0,0,0,5558,0,0,0
2023-10-15,port183,Buenaventura,3,2,4937,0,0,4937,0,0,0,0,0,0,0,0
2023-10-16,port183,Buenaventura,5,3,7441,2114,1102,6339,0,0,0,0,2114,0,0,0
2023-10-17,port183,Buenaventura,2,1,59670,6711,59670,0,0,0,0,0,6711,0,0,0
2023-10-18,port183,Buenaventura,3,2,33918,0,0,33918,0,0,0,0,0,0,0,0
2023-10-19,port183,Buenaventura,1,1,0,4570,0,0,0,0,0,0,4570,0,0,0
2023-10-20,port183,Buenaventura,3,2,63523,1625,50954,12569,0,0,0,0,1625,0,0,0
2023-10-21,port183,Buenaventura,1,1,3344,0,0,3344,0,0,0,0,0,0,0,0
2023-10-22,port183,Buenaventura,1,1,5562,1625,0,5562,0,0,0,0,1625,0,0,0
2023-10-23,port183,Buenaventura,3,2,25231,976,22882,2349,0,0,0,0,976,0,0,0
2023-10-24,port183,Buenaventura,3,1,14885,0,12400,2485,0,0,0,0,0,0,0,0
2023-10-25,port183,Buenaventura,3,0,49975,0,49413,0,0,562,0,0,0,0,0,0
2023-10-26,port183,Buenaventura,4,1,55679,1625,47296,5562,0,2820,0,0,1625,0,0,0
2023-10-27,port183,Buenaventura,2,1,1980,67,0,1004,0,0,976,0,0,0,0,67
2023-10-28,port183,Buenaventura,6,3,30357,5328,24137,5562,0,657,0,0,5328,0,0,0
2023-10-29,port183,Buenaventura,3,2,37280,4306,31718,5562,0,0,0,0,4306,0,0,0
2023-10-30,port183,Buenaventura,6,4,84723,7060,38455,46268,0,0,0,0,7060,0,0,0
2023-10-31,port183,Buenaventura,3,2,27374,0,0,23909,3464,0,0,0,0,0,0,0
2023-11-01,port183,Buenaventura,5,2,49558,1625,30536,6703,0,12319,0,0,1625,0,0,0
2023-11-02,port183,Buenaventura,2,1,28811,1054,28811,0,0,0,0,0,1054,0,0,0
2023-11-03,port183,Buenaventura,1,0,0,967,0,0,0,0,0,0,0,0,967,0
2023-11-04,port183,Buenaventura,4,1,18871,0,11477,7394,0,0,0,0,0,0,0,0
2023-11-05,port183,Buenaventura,2,1,1188,1343,0,0,0,0,1188,0,1343,0,0,0
2023-11-06,port183,Buenaventura,3,3,16379,1087,0,16379,0,0,0,0,1087,0,0,0
2023-11-07,port183,Buenaventura,4,3,22488,1122,12855,9632,0,0,0,0,1122,0,0,0
2023-11-08,port183,Buenaventura,2,2,15070,0,0,15070,0,0,0,0,0,0,0,0
2023-11-09,port183,Buenaventura,4,2,58812,4048,34735,6311,0,17765,0,0,4048,0,0,0
2023-11-10,port183,Buenaventura,5,0,49356,23234,48332,0,0,0,1024,23234,0,0,0,0
2023-11-11,port183,Buenaventura,3,1,40336,13451,40336,0,0,0,0,0,13451,0,0,0
2023-11-12,port183,Buenaventura,3,1,0,2315,0,0,0,0,0,0,2315,0,0,0
2023-11-13,port183,Buenaventura,7,4,4447,21769,0,4447,0,0,0,0,15007,0,6762,0
2023-11-14,port183,Buenaventura,7,4,86987,4194,77206,9780,0,0,0,0,4194,0,0,0
2023-11-15,port183,Buenaventura,3,2,24117,0,0,24117,0,0,0,0,0,0,0,0
2023-11-16,port183,Buenaventura,4,2,7507,706,0,7507,0,0,0,0,0,706,0,0
2023-11-17,port183,Buenaventura,3,1,12062,18702,12062,0,0,0,0,0,18702,0,0,0
2023-11-18,port183,Buenaventura,1,1,2933,0,0,2933,0,0,0,0,0,0,0,0
2023-11-19,port183,Buenaventura,3,3,18578,1326,0,18578,0,0,0,0,1326,0,0,0
2023-11-20,port183,Buenaventura,3,3,5800,0,0,5800,0,0,0,0,0,0,0,0
2023-11-21,port183,Buenaventura,5,2,43049,1794,33650,9398,0,0,0,0,1625,169,0,0
2023-11-22,port183,Buenaventura,3,1,11365,54524,0,11365,0,0,0,54524,0,0,0,0
2023-11-23,port183,Buenaventura,1,1,10481,0,0,10481,0,0,0,0,0,0,0,0
2023-11-24,port183,Buenaventura,4,2,6513,1093,2193,4320,0,0,0,0,1093,0,0,0
2023-11-25,port183,Buenaventura,2,1,20128,0,16770,3358,0,0,0,0,0,0,0,0
2023-11-26,port183,Buenaventura,2,2,11757,13687,0,11757,0,0,0,0,13687,0,0,0
2023-11-27,port183,Buenaventura,1,0,49127,0,49127,0,0,0,0,0,0,0,0,0
2023-11-28,port183,Buenaventura,4,1,86165,1625,80603,5562,0,0,0,0,1625,0,0,0
2023-11-29,port183,Buenaventura,3,2,32806,0,0,32806,0,0,0,0,0,0,0,0
2023-11-30,port183,Buenaventura,2,1,1978,0,0,509,0,1468,0,0,0,0,0,0
2023-12-01,port183,Buenaventura,6,2,13639,82551,0,13639,0,0,0,77531,5019,0,0,0
2023-12-02,port183,Buenaventura,3,2,5562,10194,0,5562,0,0,0,0,10194,0,0,0
2023-12-03,port183,Buenaventura,3,2,23191,775,0,20935,0,0,2255,0,775,0,0,0
2023-12-04,port183,Buenaventura,3,2,5897,0,1111,4786,0,0,0,0,0,0,0,0
2023-12-05,port183,Buenaventura,4,2,18719,0,0,10326,5203,3188,0,0,0,0,0,0
2023-12-06,port183,Buenaventura,3,1,20635,3457,20635,0,0,0,0,2937,520,0,0,0
2023-12-07,port183,Buenaventura,6,3,108045,768,59481,48564,0,0,0,0,768,0,0,0
2023-12-08,port183,Buenaventura,4,1,29710,715,0,20667,0,5508,3534,0,0,0,647,67
2023-12-09,port183,Buenaventura,6,1,104029,3546,91112,7345,5570,0,0,2937,0,609,0,0
2023-12-10,port183,Buenaventura,4,3,27659,3250,15406,12252,0,0,0,0,3250,0,0,0
2023-12-11,port183,Buenaventura,4,3,18795,3898,0,13286,0,5508,0,0,3250,0,647,0
2023-12-12,port183,Buenaventura,4,1,56732,2937,55973,759,0,0,0,2937,0,0,0,0
2023-12-13,port183,Buenaventura,5,2,100825,638,76890,19194,4740,0,0,0,638,0,0,0
2023-12-14,port183,Buenaventura,3,3,14363,6098,0,14363,0,0,0,0,6098,0,0,0
2023-12-15,port183,Buenaventura,3,3,38492,1212,0,38492,0,0,0,0,1212,0,0,0
2023-12-16,port183,Buenaventura,3,2,5562,20132,0,5562,0,0,0,0,20132,0,0,0
2023-12-17,port183,Buenaventura,3,2,10595,1425,0,5086,0,5508,0,0,777,0,647,0
2023-12-18,port183,Buenaventura,3,1,43314,4562,37752,5562,0,0,0,2937,1625,0,0,0
2023-12-19,port183,Buenaventura,2,2,18884,1625,0,18884,0,0,0,0,1625,0,0,0
2023-12-20,port183,Buenaventura,4,0,36118,37234,36118,0,0,0,0,2937,0,34297,0,0
2023-12-21,port183,Buenaventura,5,3,92824,9374,57907,34916,0,0,0,0,4534,4840,0,0
2023-12-22,port183,Buenaventura,2,1,49507,1124,49507,0,0,0,0,0,1124,0,0,0
2023-12-23,port183,Buenaventura,2,1,5863,77443,0,5863,0,0,0,77443,0,0,0,0
2023-12-24,port183,Buenaventura,4,4,10084,2315,0,10084,0,0,0,0,2315,0,0,0
2023-12-25,port183,Buenaventura,3,2,2616,9817,0,2153,0,0,462,0,9817,0,0,0
2023-12-26,port183,Buenaventura,4,1,7175,1625,0,5562,836,776,0,0,1625,0,0,0
2023-12-27,port183,Buenaventura,5,2,53622,17856,35996,11378,0,6247,0,16231,1625,0,0,0
2023-12-28,port183,Buenaventura,4,4,33882,6028,0,33882,0,0,0,0,6028,0,0,0
2023-12-29,port183,Buenaventura,1,1,10161,0,0,10161,0,0,0,0,0,0,0,0
2023-12-30,port183,Buenaventura,3,1,3138,6707,0,2253,0,884,0,6707,0,0,0,0
2023-12-31,port183,Buenaventura,1,1,775,0,0,775,0,0,0,0,0,0,0,0
2024-01-01,port183,Buenaventura,1,1,5562,1625,0,5562,0,0,0,0,1625,0,0,0
2024-01-02,port183,Buenaventura,2,1,24917,0,23805,1112,0,0,0,0,0,0,0,0
2024-01-03,port183,Buenaventura,4,3,9638,0,551,9086,0,0,0,0,0,0,0,0
2024-01-04,port183,Buenaventura,3,3,28501,15448,0,28501,0,0,0,0,15448,0,0,0
2024-01-05,port183,Buenaventura,3,2,38857,0,8713,30143,0,0,0,0,0,0,0,0
2024-01-06,port183,Buenaventura,3,2,13042,7457,0,5562,0,7480,0,0,7457,0,0,0
2024-01-07,port183,Buenaventura,6,2,13215,7793,4541,8270,403,0,0,0,7793,0,0,0
2024-01-08,port183,Buenaventura,2,1,53015,3573,53015,0,0,0,0,0,3573,0,0,0
2024-01-09,port183,Buenaventura,1,0,23884,0,23884,0,0,0,0,0,0,0,0,0
2024-01-10,port183,Buenaventura,4,3,38264,0,0,38264,0,0,0,0,0,0,0,0
2024-01-11,port183,Buenaventura,3,2,87043,0,51002,36041,0,0,0,0,0,0,0,0
2024-01-12,port183,Buenaventura,2,2,2286,2503,0,2286,0,0,0,0,2503,0,0,0
2024-01-13,port183,Buenaventura,4,0,53811,0,53811,0,0,0,0,0,0,0,0,0
2024-01-14,port183,Buenaventura,7,4,65512,24213,61634,3877,0,0,0,0,24213,0,0,0
2024-01-15,port183,Buenaventura,2,1,7332,0,0,4892,0,0,2439,0,0,0,0,0
2024-01-16,port183,Buenaventura,3,0,75301,0,75301,0,0,0,0,0,0,0,0,0
2024-01-17,port183,Buenaventura,3,2,5966,2953,4514,1451,0,0,0,0,2953,0,0,0
2024-01-18,port183,Buenaventura,2,2,11319,3689,0,11319,0,0,0,0,3689,0,0,0
2024-01-19,port183,Buenaventura,3,0,29246,0,0,0,29246,0,0,0,0,0,0,0
2024-01-20,port183,Buenaventura,3,2,16269,647,0,10760,0,5508,0,0,0,0,647,0
2024-01-21,port183,Buenaventura,2,2,2447,0,0,2447,0,0,0,0,0,0,0,0
2024-01-22,port183,Buenaventura,5,2,93954,0,78213,1089,14651,0,0,0,0,0,0,0
2024-01-23,port183,Buenaventura,0,0,0,0,0,0,0,0,0,0,0,0,0,0
2024-01-24,port183,Buenaventura,2,1,47464,0,31656,15808,0,0,0,0,0,0,0,0
2024-01-25,port183,Buenaventura,2,2,8351,0,0,8351,0,0,0,0,0,0,0,0
2024-01-26,port183,Buenaventura,2,1,67413,0,51398,16014,0,0,0,0,0,0,0,0
2024-01-27,port183,Buenaventura,3,2,23197,5423,20635,2561,0,0,0,2937,2486,0,0,0
2024-01-28,port183,Buenaventura,4,3,11074,5670,0,11074,0,0,0,0,5670,0,0,0
2024-01-29,port183,Buenaventura,4,3,6784,4341,0,6784,0,0,0,0,4341,0,0,0
2024-01-30,port183,Buenaventura,0,0,0,0,0,0,0,0,0,0,0,0,0,0
2024-01-31,port183,Buenaventura,3,2,65665,0,60648,5016,0,0,0,0,0,0,0,0
2024-02-01,port183,Buenaventura,3,2,12610,4680,5809,6800,0,0,0,0,4680,0,0,0
2024-02-02,port183,Buenaventura,3,3,23409,3849,0,23409,0,0,0,0,3849,0,0,0
2024-02-03,port183,Buenaventura,4,3,2471,53435,0,2471,0,0,0,47302,6132,0,0,0
2024-02-04,port183,Buenaventura,6,3,11264,3403,1819,9445,0,0,0,0,3403,0,0,0
2024-02-05,port183,Buenaventura,4,1,10822,2568,5259,5562,0,0,0,0,1625,0,943,0
2024-02-06,port183,Buenaventura,1,1,0,758,0,0,0,0,0,0,758,0,0,0
2024-02-07,port183,Buenaventura,4,2,22155,925,0,3411,5570,13173,0,0,315,609,0,0
2024-02-08,port183,Buenaventura,1,1,8152,0,0,8152,0,0,0,0,0,0,0,0
2024-02-09,port183,Buenaventura,3,2,1998,67,0,1022,0,0,976,0,0,0,0,67
2024-02-10,port183,Buenaventura,9,3,115400,4943,58263,41019,13792,2325,0,0,4943,0,0,0
2024-02-11,port183,Buenaventura,3,2,36548,0,0,33123,3424,0,0,0,0,0,0,0
2024-02-12,port183,Buenaventura,3,2,1550,24933,0,1550,0,0,0,23983,949,0,0,0
2024-02-13,port183,Buenaventura,2,2,9485,1625,0,9485,0,0,0,0,1625,0,0,0
2024-02-14,port183,Buenaventura,1,1,0,1073,0,0,0,0,0,0,1073,0,0,0
2024-02-15,port183,Buenaventura,6,3,13592,60044,0,13592,0,0,0,53552,6491,0,0,0
2024-02-16,port183,Buenaventura,2,1,1756,545,0,0,0,1756,0,0,545,0,0,0
2024-02-17,port183,Buenaventura,4,2,27932,1625,0,19221,8711,0,0,0,1625,0,0,0
2024-02-18,port183,Buenaventura,5,2,49446,1625,26763,7886,14796,0,0,0,1625,0,0,0
2024-02-19,port183,Buenaventura,5,2,6010,1782,0,4523,0,0,1487,0,1782,0,0,0
2024-02-20,port183,Buenaventura,3,1,12013,5468,0,5794,6218,0,0,0,0,0,5468,0
2024-02-21,port183,Buenaventura,8,6,54802,1625,18700,36102,0,0,0,0,1625,0,0,0
2024-02-22,port183,Buenaventura,3,2,7048,0,0,5594,0,0,1454,0,0,0,0,0
2024-02-23,port183,Buenaventura,3,2,8623,0,0,8623,0,0,0,0,0,0,0,0
2024-02-24,port183,Buenaventura,5,2,53330,63010,53021,0,0,309,0,58646,4363,0,0,0
2024-02-25,port183,Buenaventura,3,2,0,25823,0,0,0,0,0,0,8214,17608,0,0
2024-02-26,port183,Buenaventura,3,3,34849,1625,0,34849,0,0,0,0,1625,0,0,0
2024-02-27,port183,Buenaventura,4,1,50667,0,44800,5866,0,0,0,0,0,0,0,0
2024-02-28,port183,Buenaventura,5,2,69506,21756,55434,5562,8510,0,0,0,17976,3780,0,0
2024-02-29,port183,Buenaventura,6,3,36701,1516,29324,7377,0,0,0,0,494,1022,0,0
2024-03-01,port183,Buenaventura,1,0,8047,0,8047,0,0,0,0,0,0,0,0,0
2024-03-02,port183,Buenaventura,3,2,7023,50600,0,7023,0,0,0,50600,0,0,0,0
2024-03-03,port183,Buenaventura,5,1,58609,0,56287,2322,0,0,0,0,0,0,0,0
2024-03-04,port183,Buenaventura,2,1,0,12982,0,0,0,0,0,0,12982,0,0,0
2024-03-05,port183,Buenaventura,5,1,96419,3004,88149,7293,0,0,976,2937,0,0,0,67
2024-03-06,port183,Buenaventura,2,1,1322,1594,0,0,0,1322,0,0,1594,0,0,0
2024-03-07,port183,Buenaventura,5,2,78498,0,66149,11190,1158,0,0,0,0,0,0,0
2024-03-08,port183,Buenaventura,3,2,16655,0,0,16655,0,0,0,0,0,0,0,0
2024-03-09,port183,Buenaventura,7,4,65876,4102,31131,33575,0,0,1169,0,4102,0,0,0
2024-03-10,port183,Buenaventura,5,3,24092,9804,0,18955,3267,0,1869,0,9804,0,0,0
2024-03-11,port183,Buenaventura,4,3,26227,2904,24924,1302,0,0,0,0,2904,0,0,0
2024-03-12,port183,Buenaventura,3,2,982,27254,0,655,326,0,0,0,27254,0,0,0
2024-03-13,port183,Buenaventura,3,1,81475,2937,79991,1484,0,0,0,2937,0,0,0,0
2024-03-14,port183,Buenaventura,5,2,19682,6823,4786,5983,8913,0,0,0,6823,0,0,0
2024-03-15,port183,Buenaventura,3,1,37755,0,29039,8715,0,0,0,0,0,0,0,0
2024-03-16,port183,Buenaventura,2,2,14030,0,0,14030,0,0,0,0,0,0,0,0
2024-03-17,port183,Buenaventura,4,2,16759,50754,0,10011,0,6748,0,50754,0,0,0,0
2024-03-18,port183,Buenaventura,1,1,0,0,0,0,0,0,0,0,0,0,0,0
2024-03-19,port183,Buenaventura,4,1,65800,1625,60238,5562,0,0,0,0,1625,0,0,0
2024-03-20,port183,Buenaventura,3,1,17631,929,0,17631,0,0,0,0,0,929,0,0
2024-03-21,port183,Buenaventura,3,2,74703,6586,54907,19796,0,0,0,0,6586,0,0,0
2024-03-22,port183,Buenaventura,3,1,3461,13425,3461,0,0,0,0,4828,8597,0,0,0
2024-03-23,port183,Buenaventura,3,1,25304,0,14477,10826,0,0,0,0,0,0,0,0
2024-03-24,port183,Buenaventura,1,1,4647,0,0,4647,0,0,0,0,0,0,0,0
2024-03-25,port183,Buenaventura,3,2,11465,1625,0,7731,0,3733,0,0,1625,0,0,0
2024-03-26,port183,Buenaventura,4,2,19638,27709,0,19638,0,0,0,27709,0,0,0,0
2024-03-27,port183,Buenaventura,5,3,15477,1625,0,12347,0,3129,0,0,1625,0,0,0
2024-03-28,port183,Buenaventura,5,2,37838,2552,36521,545,0,772,0,0,2552,0,0,0
2024-03-29,port183,Buenaventura,3,2,65186,1625,50211,14975,0,0,0,0,1625,0,0,0
2024-03-30,port183,Buenaventura,4,2,30768,13876,25206,5562,0,0,0,2937,10939,0,0,0
2024-03-31,port183,Buenaventura,4,3,60829,2707,54030,6799,0,0,0,0,2707,0,0,0
2024-04-01,port183,Buenaventura,0,0,0,0,0,0,0,0,0,0,0,0,0,0
2024-04-02,port183,Buenaventura,5,2,80175,0,27947,49601,2626,0,0,0,0,0,0,0
2024-04-03,port183,Buenaventura,2,2,37879,0,0,37879,0,0,0,0,0,0,0,0
2024-04-04,port183,Buenaventura,5,3,20121,14069,4026,16095,0,0,0,0,7167,6902,0,0
2024-04-05,port183,Buenaventura,0,0,0,0,0,0,0,0,0,0,0,0,0,0
2024-04-06,port183,Buenaventura,4,2,30921,1625,11436,19484,0,0,0,0,1625,0,0,0
2024-04-07,port183,Buenaventura,5,3,11204,21899,0,11204,0,0,0,20274,1625,0,0,0
2024-04-08,port183,Buenaventura,1,1,9073,0,0,9073,0,0,0,0,0,0,0,0
2024-04-09,port183,Buenaventura,3,1,34911,3084,33951,0,0,960,0,0,3084,0,0,0
2024-04-10,port183,Buenaventura,4,3,43547,0,9592,33955,0,0,0,0,0,0,0,0
2024-04-11,port183,Buenaventura,1,1,0,506,0,0,0,0,0,0,506,0,0,0
2024-04-12,port183,Buenaventura,1,1,5562,1625,0,5562,0,0,0,0,1625,0,0,0
2024-04-13,port183,Buenaventura,4,1,63999,0,58152,5846,0,0,0,0,0,0,0,0
2024-04-14,port183,Buenaventura,5,3,36199,9174,30637,5562,0,0,0,0,9174,0,0,0
2024-04-15,port183,Buenaventura,5,1,48365,15293,41281,6107,0,0,976,0,0,0,15226,67
2024-04-16,port183,Buenaventura,3,1,6261,67,0,5285,0,0,976,0,0,0,0,67
2024-04-17,port183,Buenaventura,3,3,16334,1625,0,16334,0,0,0,0,1625,0,0,0
2024-04-18,port183,Buenaventura,4,1,75649,0,64452,9033,0,2163,0,0,0,0,0,0
2024-04-19,port183,Buenaventura,2,2,10504,9766,0,10504,0,0,0,0,9766,0,0,0
2024-04-20,port183,Buenaventura,2,2,19588,0,0,19588,0,0,0,0,0,0,0,0
2024-04-21,port183,Buenaventura,4,2,54492,30341,54492,0,0,0,0,0,21024,9316,0,0
2024-04-22,port183,Buenaventura,1,1,1784,0,0,1784,0,0,0,0,0,0,0,0
2024-04-23,port183,Buenaventura,4,2,76086,1143,69916,6169,0,0,0,0,1143,0,0,0
2024-04-24,port183,Buenaventura,2,1,8809,1625,0,5562,3247,0,0,0,1625,0,0,0
2024-04-25,port183,Buenaventura,3,2,15510,1625,0,14637,0,0,872,0,1625,0,0,0
2024-04-26,port183,Buenaventura,5,2,11124,5353,0,11124,0,0,0,0,3250,0,0,2103
2024-04-27,port183,Buenaventura,2,1,43768,0,39466,4302,0,0,0,0,0,0,0,0
2024-04-28,port183,Buenaventura,5,3,26426,8464,25194,1231,0,0,0,0,8464,0,0,0
2024-04-29,port183,Buenaventura,2,1,8531,0,0,8531,0,0,0,0,0,0,0,0
2024-04-30,port183,Buenaventura,3,1,37680,2937,31050,6629,0,0,0,2937,0,0,0,0
2024-05-01,port183,Buenaventura,2,2,13129,1625,0,13129,0,0,0,0,1625,0,0,0
2024-05-02,port183,Buenaventura,4,1,70234,0,65093,2884,0,2256,0,0,0,0,0,0
2024-05-03,port183,Buenaventura,4,2,31423,1625,22081,9342,0,0,0,0,1625,0,0,0
2024-05-04,port183,Buenaventura,2,0,35348,0,16458,0,0,18890,0,0,0,0,0,0
2024-05-05,port183,Buenaventura,5,4,18768,18133,0,18768,0,0,0,12750,5383,0,0,0
2024-05-06,port183,Buenaventura,3,0,4654,939,4654,0,0,0,0,0,0,0,939,0
2024-05-07,port183,Buenaventura,3,2,10833,3073,5271,5562,0,0,0,0,3073,0,0,0
2024-05-08,port183,Buenaventura,3,1,21351,0,3510,14636,3204,0,0,0,0,0,0,0
2024-05-09,port183,Buenaventura,4,1,30475,1995,21373,0,1555,7547,0,0,1995,0,0,0
2024-05-10,port183,Buenaventura,3,2,14573,0,7723,6850,0,0,0,0,0,0,0,0
2024-05-11,port183,Buenaventura,2,2,17183,1625,0,17183,0,0,0,0,1625,0,0,0
2024-05-12,port183,Buenaventura,7,3,27161,4628,10332,16829,0,0,0,0,4628,0,0,0
2024-05-13,port183,Buenaventura,4,3,83401,1625,54534,28866,0,0,0,0,1625,0,0,0
2024-05-14,port183,Buenaventura,3,3,19263,1625,0,19263,0,0,0,0,1625,0,0,0
2024-05-15,port183,Buenaventura,3,1,0,0,0,0,0,0,0,0,0,0,0,0
2024-05-16,port183,Buenaventura,4,2,47517,1100,21403,26113,0,0,0,1100,0,0,0,0
2024-05-17,port183,Buenaventura,1,0,0,0,0,0,0,0,0,0,0,0,0,0
2024-05-18,port183,Buenaventura,3,2,6538,7140,0,5562,0,0,976,0,7073,0,0,67
2024-05-19,port183,Buenaventura,7,3,143844,4038,134225,8643,0,0,976,0,3971,0,0,67
2024-05-20,port183,Buenaventura,3,3,16686,4875,0,16686,0,0,0,0,4875,0,0,0
2024-05-21,port183,Buenaventura,6,3,70297,1625,50989,17733,0,695,878,0,1625,0,0,0
2024-05-22,port183,Buenaventura,4,3,30745,0,0,21930,0,8815,0,0,0,0,0,0
2024-05-23,port183,Buenaventura,3,2,59614,1010,42931,16682,0,0,0,0,1010,0,0,0
2024-05-24,port183,Buenaventura,4,1,7401,13803,0,5562,0,0,1839,12178,1625,0,0,0
2024-05-25,port183,Buenaventura,3,1,38682,67,31785,5920,0,0,976,0,0,0,0,67
2024-05-26,port183,Buenaventura,6,3,64281,5694,58200,6080,0,0,0,0,5694,0,0,0
2024-05-27,port183,Buenaventura,2,2,5276,0,0,5276,0,0,0,0,0,0,0,0
2024-05-28,port183,Buenaventura,2,1,0,22186,0,0,0,0,0,20876,1309,0,0,0
2024-05-29,port183,Buenaventura,4,4,36568,1625,0,36568,0,0,0,0,1625,0,0,0
2024-05-30,port183,Buenaventura,3,1,19373,6940,0,3382,0,15990,0,6940,0,0,0,0
2024-05-31,port183,Buenaventura,2,2,13084,0,0,13084,0,0,0,0,0,0,0,0
2024-06-01,port183,Buenaventura,4,3,23168,6021,20367,2800,0,0,0,0,6021,0,0,0
2024-06-02,port183,Buenaventura,6,3,50259,22405,50259,0,0,0,0,0,22405,0,0,0
2024-06-03,port183,Buenaventura,3,1,34409,2937,29534,4875,0,0,0,2937,0,0,0,0
2024-06-04,port183,Buenaventura,2,2,30353,1732,0,30353,0,0,0,0,1732,0,0,0
2024-06-05,port183,Buenaventura,5,3,40439,4528,4089,36349,0,0,0,0,4528,0,0,0
2024-06-06,port183,Buenaventura,4,1,48781,0,41993,3528,3259,0,0,0,0,0,0,0
2024-06-07,port183,Buenaventura,3,1,15057,609,7026,2459,5570,0,0,0,0,609,0,0
2024-06-08,port183,Buenaventura,4,1,104909,2937,102000,2908,0,0,0,2937,0,0,0,0
2024-06-09,port183,Buenaventura,3,2,7893,54526,0,7893,0,0,0,52901,1625,0,0,0
2024-06-10,port183,Buenaventura,1,1,7964,0,0,7964,0,0,0,0,0,0,0,0
2024-06-11,port183,Buenaventura,6,2,57920,1625,44560,10853,0,0,2506,0,1625,0,0,0
2024-06-12,port183,Buenaventura,4,3,11400,3539,0,11400,0,0,0,0,3539,0,0,0
2024-06-13,port183,Buenaventura,2,1,4175,0,0,1931,0,0,2244,0,0,0,0,0
2024-06-14,port183,Buenaventura,3,1,45116,0,24824,20291,0,0,0,0,0,0,0,0
2024-06-15,port183,Buenaventura,5,3,83868,9910,51293,23913,8660,0,0,0,9910,0,0,0
2024-06-16,port183,Buenaventura,3,2,52039,3612,52039,0,0,0,0,0,3612,0,0,0
2024-06-17,port183,Buenaventura,9,4,53229,2937,31198,22031,0,0,0,2937,0,0,0,0
2024-06-18,port183,Buenaventura,2,2,4228,3308,0,4228,0,0,0,0,3308,0,0,0
2024-06-19,port183,Buenaventura,1,1,4503,0,0,4503,0,0,0,0,0,0,0,0
2024-06-20,port183,Buenaventura,5,3,133761,5931,96681,37080,0,0,0,0,5931,0,0,0
2024-06-21,port183,Buenaventura,1,1,4698,0,0,4698,0,0,0,0,0,0,0,0
2024-06-22,port183,Buenaventura,4,3,15551,1625,0,8442,7108,0,0,0,1625,0,0,0
2024-06-23,port183,Buenaventura,5,2,61504,9531,61504,0,0,0,0,0,9531,0,0,0
2024-06-24,port183,Buenaventura,5,3,37875,1625,1061,36814,0,0,0,0,1625,0,0,0
2024-06-25,port183,Buenaventura,4,1,6469,9100,0,6469,0,0,0,3338,0,0,5762,0
2024-06-26,port183,Buenaventura,2,1,12756,0,5334,7421,0,0,0,0,0,0,0,0
2024-06-27,port183,Buenaventura,1,1,9826,0,0,9826,0,0,0,0,0,0,0,0
2024-06-28,port183,Buenaventura,4,3,25563,3371,0,20054,0,5508,0,0,2723,0,647,0
2024-06-29,port183,Buenaventura,4,3,31389,4562,20635,10754,0,0,0,2937,1625,0,0,0
2024-06-30,port183,Buenaventura,4,2,59114,2569,59114,0,0,0,0,0,2569,0,0,0
2024-07-01,port183,Buenaventura,3,2,8629,0,0,7047,0,1582,0,0,0,0,0,0
2024-07-02,port183,Buenaventura,2,1,29525,2937,20635,8889,0,0,0,2937,0,0,0,0
2024-07-03,port183,Buenaventura,2,2,8730,2516,0,8730,0,0,0,0,2516,0,0,0
2024-07-04,port183,Buenaventura,1,1,9315,0,0,9315,0,0,0,0,0,0,0,0
2024-07-05,port183,Buenaventura,0,0,0,0,0,0,0,0,0,0,0,0,0,0
2024-07-06,port183,Buenaventura,4,4,6735,9008,0,6735,0,0,0,0,9008,0,0,0
2024-07-07,port183,Buenaventura,7,1,44012,2325,35130,0,7739,0,1142,0,2325,0,0,0
2024-07-08,port183,Buenaventura,6,3,92513,4330,53443,10010,10091,18968,0,0,4330,0,0,0
2024-07-09,port183,Buenaventura,4,2,12070,1625,0,12070,0,0,0,0,1625,0,0,0
2024-07-10,port183,Buenaventura,5,3,96922,0,81229,15693,0,0,0,0,0,0,0,0
2024-07-11,port183,Buenaventura,3,0,6647,55842,0,0,0,1147,5499,55842,0,0,0,0
2024-07-12,port183,Buenaventura,4,3,8997,6658,0,5562,3435,0,0,0,6658,0,0,0
2024-07-13,port183,Buenaventura,3,1,62070,0,49220,12849,0,0,0,0,0,0,0,0
2024-07-14,port183,Buenaventura,2,2,5562,7680,0,5562,0,0,0,0,7680,0,0,0
2024-07-15,port183,Buenaventura,3,2,3761,5429,0,3252,0,0,509,0,5429,0,0,0
2024-07-16,port183,Buenaventura,5,2,4341,5273,0,1955,0,0,2385,0,5273,0,0,0
2024-07-17,port183,Buenaventura,5,3,45322,2030,17978,13997,0,13346,0,0,2030,0,0,0
2024-07-18,port183,Buenaventura,1,1,6823,0,0,6823,0,0,0,0,0,0,0,0
2024-07-19,port183,Buenaventura,2,1,30169,0,13952,16217,0,0,0,0,0,0,0,0
2024-07-20,port183,Buenaventura,6,5,70141,2226,55227,14913,0,0,0,0,2226,0,0,0
2024-07-21,port183,Buenaventura,3,1,3894,1553,3894,0,0,0,0,0,1553,0,0,0
2024-07-22,port183,Buenaventura,3,2,39687,0,11600,28086,0,0,0,0,0,0,0,0
2024-07-23,port183,Buenaventura,3,1,35805,0,32841,2964,0,0,0,0,0,0,0,0
2024-07-24,port183,Buenaventura,6,3,136828,4562,115833,20995,0,0,0,2937,1625,0,0,0
2024-07-25,port183,Buenaventura,3,1,0,24591,0,0,0,0,0,23220,1370,0,0,0
2024-07-26,port183,Buenaventura,3,2,32936,503,0,28223,0,4713,0,0,0,0,503,0
2024-07-27,port183,Buenaventura,3,3,14983,2847,0,14983,0,0,0,0,2847,0,0,0
2024-07-28,port183,Buenaventura,3,3,779,12338,0,779,0,0,0,0,12338,0,0,0
2024-07-29,port183,Buenaventura,1,0,49018,0,49018,0,0,0,0,0,0,0,0,0
2024-07-30,port183,Buenaventura,5,3,61588,2447,34602,26985,0,0,0,0,2447,0,0,0
2024-07-31,port183,Buenaventura,1,1,0,4550,0,0,0,0,0,0,4550,0,0,0
2024-08-01,port183,Buenaventura,4,3,56919,0,36767,20152,0,0,0,0,0,0,0,0
2024-08-02,port183,Buenaventura,2,1,77805,0,53040,24764,0,0,0,0,0,0,0,0
2024-08-03,port183,Buenaventura,6,4,24809,7200,9720,10375,0,4713,0,0,6696,0,503,0
2024-08-04,port183,Buenaventura,6,5,27281,14950,0,12533,0,14747,0,0,14950,0,0,0
2024-08-05,port183,Buenaventura,5,1,57861,1625,50001,5562,0,0,2297,0,1625,0,0,0
2024-08-06,port183,Buenaventura,3,2,0,15179,0,0,0,0,0,0,15179,0,0,0
2024-08-07,port183,Buenaventura,3,2,18353,1625,10545,7807,0,0,0,0,1625,0,0,0
2024-08-08,port183,Buenaventura,4,2,21825,8599,16263,5562,0,0,0,0,8599,0,0,0
2024-08-09,port183,Buenaventura,4,3,9961,3684,596,9365,0,0,0,0,3684,0,0,0
2024-08-10,port183,Buenaventura,3,2,35915,0,0,30066,5849,0,0,0,0,0,0,0
2024-08-11,port183,Buenaventura,4,3,19354,1625,0,15002,0,0,4351,0,1625,0,0,0
2024-08-12,port183,Buenaventura,2,1,2438,5651,0,2438,0,0,0,0,0,0,5651,0
2024-08-13,port183,Buenaventura,6,1,52388,6851,52388,0,0,0,0,2937,3914,0,0,0
2024-08-14,port183,Buenaventura,4,2,68443,1270,55328,646,12468,0,0,0,1270,0,0,0
2024-08-15,port183,Buenaventura,4,1,22899,886,12638,6639,0,0,3622,0,0,0,886,0
2024-08-16,port183,Buenaventura,3,3,27209,987,0,27209,0,0,0,0,987,0,0,0
2024-08-17,port183,Buenaventura,5,2,53788,609,25831,22385,5570,0,0,0,0,609,0,0
2024-08-18,port183,Buenaventura,6,4,1933,14984,0,775,0,1157,0,0,14984,0,0,0
2024-08-19,port183,Buenaventura,3,2,4659,4666,4659,0,0,0,0,0,4666,0,0,0
2024-08-20,port183,Buenaventura,6,6,20135,5926,0,20135,0,0,0,0,5926,0,0,0
2024-08-21,port183,Buenaventura,2,2,24827,1960,0,24827,0,0,0,0,1960,0,0,0
2024-08-22,port183,Buenaventura,4,3,20175,6211,0,14604,5570,0,0,0,5601,609,0,0
2024-08-23,port183,Buenaventura,5,2,53176,4114,50632,2544,0,0,0,2937,1177,0,0,0
2024-08-24,port183,Buenaventura,6,4,18789,14922,0,13281,0,5508,0,0,14274,0,647,0
2024-08-25,port183,Buenaventura,1,1,20745,0,0,20745,0,0,0,0,0,0,0,0
2024-08-26,port183,Buenaventura,6,2,65613,2450,41249,0,22885,1479,0,0,2450,0,0,0
2024-08-27,port183,Buenaventura,2,0,31997,0,31997,0,0,0,0,0,0,0,0,0
2024-08-28,port183,Buenaventura,3,2,20295,3362,0,0,0,20295,0,0,3362,0,0,0
2024-08-29,port183,Buenaventura,1,1,6775,0,0,6775,0,0,0,0,0,0,0,0
2024-08-30,port183,Buenaventura,8,3,93608,609,61504,16094,5570,10438,0,0,0,609,0,0
2024-08-31,port183,Buenaventura,7,4,57601,11512,20075,22314,0,15210,0,0,11512,0,0,0
2024-09-01,port183,Buenaventura,4,2,33372,7592,20635,10364,0,0,2372,2937,4655,0,0,0
2024-09-02,port183,Buenaventura,5,2,58754,0,57065,1689,0,0,0,0,0,0,0,0
2024-09-03,port183,Buenaventura,4,2,37284,0,11687,6878,0,18718,0,0,0,0,0,0
2024-09-04,port183,Buenaventura,5,2,17971,8247,6976,10994,0,0,0,521,1625,6101,0,0
2024-09-05,port183,Buenaventura,3,2,15458,647,0,9949,0,5508,0,0,0,0,647,0
2024-09-06,port183,Buenaventura,3,1,7912,57817,0,5562,0,2350,0,56192,1625,0,0,0
2024-09-07,port183,Buenaventura,1,1,5824,0,0,5824,0,0,0,0,0,0,0,0
2024-09-08,port183,Buenaventura,3,2,6625,0,1652,4973,0,0,0,0,0,0,0,0
2024-09-09,port183,Buenaventura,4,1,53875,2937,51724,2151,0,0,0,2937,0,0,0,0
2024-09-10,port183,Buenaventura,3,1,46051,0,45033,1018,0,0,0,0,0,0,0,0
2024-09-11,port183,Buenaventura,2,1,10087,0,0,7792,0,0,2294,0,0,0,0,0
2024-09-12,port183,Buenaventura,2,2,9826,13469,0,9826,0,0,0,0,13469,0,0,0
2024-09-13,port183,Buenaventura,3,2,11355,5227,0,11355,0,0,0,5227,0,0,0,0
2024-09-14,port183,Buenaventura,5,4,9242,1625,0,9242,0,0,0,0,1625,0,0,0
2024-09-15,port183,Buenaventura,5,3,34574,973,3046,14669,16858,0,0,0,973,0,0,0
2024-09-16,port183,Buenaventura,4,3,17944,2758,11603,6340,0,0,0,0,2758,0,0,0
2024-09-17,port183,Buenaventura,4,2,11424,1625,0,11424,0,0,0,0,1625,0,0,0
2024-09-18,port183,Buenaventura,2,1,5570,1639,0,0,5570,0,0,0,1029,609,0,0
2024-09-19,port183,Buenaventura,5,2,84591,2937,70962,13628,0,0,0,2937,0,0,0,0
2024-09-20,port183,Buenaventura,3,2,31962,2937,20635,11326,0,0,0,2937,0,0,0,0
2024-09-21,port183,Buenaventura,1,0,0,0,0,0,0,0,0,0,0,0,0,0
2024-09-22,port183,Buenaventura,5,3,7322,5357,0,7322,0,0,0,0,5357,0,0,0
2024-09-23,port183,Buenaventura,4,3,13014,1596,0,8301,0,4713,0,0,1093,0,503,0
2024-09-24,port183,Buenaventura,5,2,23672,5641,23180,491,0,0,0,2928,2712,0,0,0
2024-09-25,port183,Buenaventura,6,3,16974,51422,0,15998,0,0,976,49729,1625,0,0,67
2024-09-26,port183,Buenaventura,4,3,27685,3563,23145,4540,0,0,0,0,3563,0,0,0
2024-09-27,port183,Buenaventura,5,4,25033,1160,0,25033,0,0,0,0,0,1160,0,0
2024-09-28,port183,Buenaventura,2,1,54049,3382,54049,0,0,0,0,0,3382,0,0,0
2024-09-29,port183,Buenaventura,4,2,34181,7275,25169,775,8236,0,0,0,7275,0,0,0
2024-09-30,port183,Buenaventura,3,2,30738,0,0,30738,0,0,0,0,0,0,0,0
2024-10-01,port183,Buenaventura,3,2,12819,10596,12819,0,0,0,0,0,10596,0,0,0
2024-10-02,port183,Buenaventura,4,2,78549,2430,54282,16100,0,8166,0,0,2430,0,0,0
2024-10-03,port183,Buenaventura,2,1,19123,1574,19123,0,0,0,0,0,1574,0,0,0
2024-10-04,port183,Buenaventura,4,2,32474,0,11065,21408,0,0,0,0,0,0,0,0
2024-10-05,port183,Buenaventura,6,4,36466,9559,20635,11117,0,4713,0,2937,6118,0,503,0
2024-10-06,port183,Buenaventura,4,2,5468,5398,0,5468,0,0,0,0,1830,0,3567,0
2024-10-07,port183,Buenaventura,3,2,11483,8218,1666,9817,0,0,0,0,8218,0,0,0
2024-10-08,port183,Buenaventura,5,2,27800,3250,12188,11124,0,0,4487,0,3250,0,0,0
2024-10-09,port183,Buenaventura,4,4,25961,0,0,25961,0,0,0,0,0,0,0,0
2024-10-10,port183,Buenaventura,3,1,2569,19023,0,995,1574,0,0,19023,0,0,0,0
2024-10-11,port183,Buenaventura,8,5,87987,12041,58830,29156,0,0,0,0,12041,0,0,0
2024-10-12,port183,Buenaventura,3,3,4988,7336,0,4988,0,0,0,0,7336,0,0,0
2024-10-13,port183,Buenaventura,5,2,71026,779,48949,17234,4841,0,0,0,779,0,0,0
2024-10-14,port183,Buenaventura,3,1,17053,1625,11491,5562,0,0,0,0,1625,0,0,0
2024-10-15,port183,Buenaventura,2,1,5975,0,4053,1921,0,0,0,0,0,0,0,0
2024-10-16,port183,Buenaventura,4,2,63105,0,54191,7820,0,0,1093,0,0,0,0,0
2024-10-17,port183,Buenaventura,1,0,2359,0,2359,0,0,0,0,0,0,0,0,0
2024-10-18,port183,Buenaventura,4,3,39321,6560,20635,18685,0,0,0,2937,3623,0,0,0
2024-10-19,port183,Buenaventura,7,3,27056,2396,15953,11102,0,0,0,0,1625,0,771,0
2024-10-20,port183,Buenaventura,1,1,2439,0,0,2439,0,0,0,0,0,0,0,0
2024-10-21,port183,Buenaventura,5,3,80863,4616,60684,20178,0,0,0,0,4616,0,0,0
2024-10-22,port183,Buenaventura,1,1,39444,0,0,39444,0,0,0,0,0,0,0,0
2024-10-23,port183,Buenaventura,3,1,58781,1625,53219,5562,0,0,0,0,1625,0,0,0
2024-10-24,port183,Buenaventura,3,2,21879,2016,0,7485,0,14394,0,0,2016,0,0,0
2024-10-25,port183,Buenaventura,3,2,22907,12227,0,22907,0,0,0,0,0,0,12227,0
2024-10-26,port183,Buenaventura,5,2,25086,54608,17246,7840,0,0,0,54608,0,0,0,0
2024-10-27,port183,Buenaventura,3,3,2441,2443,0,2441,0,0,0,0,2443,0,0,0
2024-10-28,port183,Buenaventura,6,2,52088,55493,12166,39921,0,0,0,55493,0,0,0,0
2024-10-29,port183,Buenaventura,4,2,59509,11916,52829,4615,0,0,2063,0,11916,0,0,0
2024-10-30,port183,Buenaventura,3,2,41229,2937,20635,20593,0,0,0,2937,0,0,0,0
2024-10-31,port183,Buenaventura,3,1,10456,0,0,3590,0,5327,1538,0,0,0,0,0
2024-11-01,port183,Buenaventura,3,2,57047,0,28202,28844,0,0,0,0,0,0,0,0
2024-11-02,port183,Buenaventura,4,4,9367,23618,0,9367,0,0,0,0,23618,0,0,0
2024-11-03,port183,Buenaventura,3,1,6519,0,0,6519,0,0,0,0,0,0,0,0
2024-11-04,port183,Buenaventura,5,5,26953,1625,0,26953,0,0,0,0,1625,0,0,0
2024-11-05,port183,Buenaventura,5,3,43909,511,7562,36346,0,0,0,0,0,0,0,511
2024-11-06,port183,Buenaventura,4,2,20662,0,15071,5591,0,0,0,0,0,0,0,0
2024-11-07,port183,Buenaventura,2,1,61581,0,50284,11297,0,0,0,0,0,0,0,0
2024-11-08,port183,Buenaventura,4,1,64305,2603,54919,9386,0,0,0,0,0,0,0,2603
2024-11-09,port183,Buenaventura,2,2,8801,1625,0,8801,0,0,0,0,1625,0,0,0
2024-11-10,port183,Buenaventura,4,2,32208,11624,20635,6226,0,5346,0,2937,8687,0,0,0
2024-11-11,port183,Buenaventura,6,3,38764,0,23685,13001,0,0,2077,0,0,0,0,0
2024-11-12,port183,Buenaventura,4,2,36536,690,25745,10790,0,0,0,0,0,0,690,0
2024-11-13,port183,Buenaventura,3,1,57332,6527,57332,0,0,0,0,2937,3590,0,0,0
2024-11-14,port183,Buenaventura,2,2,26347,0,0,26347,0,0,0,0,0,0,0,0
2024-11-15,port183,Buenaventura,7,2,106175,0,97609,5089,0,3476,0,0,0,0,0,0
2024-11-16,port183,Buenaventura,3,2,5815,10949,0,5815,0,0,0,0,10949,0,0,0
2024-11-17,port183,Buenaventura,2,1,7635,1625,0,5562,2073,0,0,0,1625,0,0,0
2024-11-18,port183,Buenaventura,6,3,40863,1545,6652,31953,0,419,1837,0,1545,0,0,0
2024-11-19,port183,Buenaventura,2,2,5421,0,0,5421,0,0,0,0,0,0,0,0
2024-11-20,port183,Buenaventura,2,1,0,321,0,0,0,0,0,0,321,0,0,0
2024-11-21,port183,Buenaventura,3,1,8239,0,3854,2284,0,0,2101,0,0,0,0,0
2024-11-22,port183,Buenaventura,4,2,92207,0,54786,20222,0,17198,0,0,0,0,0,0
2024-11-23,port183,Buenaventura,2,1,8932,1625,0,5562,0,0,3369,0,1625,0,0,0
2024-11-24,port183,Buenaventura,2,2,0,1994,0,0,0,0,0,0,1994,0,0,0
2024-11-25,port183,Buenaventura,7,4,67341,30455,58408,8933,0,0,0,24967,5488,0,0,0
2024-11-26,port183,Buenaventura,4,1,86717,609,34096,31876,5570,15173,0,0,0,609,0,0
2024-11-27,port183,Buenaventura,2,2,3896,1595,0,3896,0,0,0,0,1595,0,0,0
2024-11-28,port183,Buenaventura,4,3,31343,0,0,19938,0,11405,0,0,0,0,0,0
2024-11-29,port183,Buenaventura,3,3,48753,0,0,48753,0,0,0,0,0,0,0,0
2024-11-30,port183,Buenaventura,8,4,107289,11162,91010,16279,0,0,0,2937,8225,0,0,0
2024-12-01,port183,Buenaventura,2,2,0,23885,0,0,0,0,0,0,23885,0,0,0
2024-12-02,port183,Buenaventura,2,2,0,5016,0,0,0,0,0,0,5016,0,0,0
2024-12-03,port183,Buenaventura,3,1,15007,0,0,8451,0,386,6169,0,0,0,0,0
2024-12-04,port183,Buenaventura,4,2,7293,639,1659,5633,0,0,0,0,639,0,0,0
2024-12-05,port183,Buenaventura,3,2,36631,0,1062,35568,0,0,0,0,0,0,0,0
2024-12-06,port183,Buenaventura,2,1,70953,0,51324,19629,0,0,0,0,0,0,0,0
2024-12-07,port183,Buenaventura,5,3,65916,4268,52688,12715,0,0,512,0,4268,0,0,0
2024-12-08,port183,Buenaventura,2,1,52746,0,52101,645,0,0,0,0,0,0,0,0
2024-12-09,port183,Buenaventura,3,2,5562,5268,0,5562,0,0,0,0,5268,0,0,0
2024-12-10,port183,Buenaventura,2,2,5861,0,0,5861,0,0,0,0,0,0,0,0
2024-12-11,port183,Buenaventura,5,3,30685,1625,0,23756,4184,0,2744,0,1625,0,0,0
2024-12-12,port183,Buenaventura,3,2,67200,0,52101,15099,0,0,0,0,0,0,0,0
2024-12-13,port183,Buenaventura,4,2,47489,0,30393,15054,0,2041,0,0,0,0,0,0
2024-12-14,port183,Buenaventura,3,3,18495,14002,0,18495,0,0,0,0,14002,0,0,0
2024-12-15,port183,Buenaventura,3,2,31760,6187,20635,11124,0,0,0,2937,3250,0,0,0
2024-12-16,port183,Buenaventura,8,4,22047,16057,9983,10356,0,1706,0,0,16057,0,0,0
2024-12-17,port183,Buenaventura,5,3,17324,1625,0,17324,0,0,0,0,1625,0,0,0
2024-12-18,port183,Buenaventura,2,0,32063,0,32063,0,0,0,0,0,0,0,0,0
2024-12-19,port183,Buenaventura,6,3,57021,0,36166,20855,0,0,0,0,0,0,0,0
2024-12-20,port183,Buenaventura,2,1,16317,0,7426,8891,0,0,0,0,0,0,0,0
2024-12-21,port183,Buenaventura,3,2,47849,4912,47849,0,0,0,0,0,4912,0,0,0
2024-12-22,port183,Buenaventura,5,4,27259,4535,11652,15606,0,0,0,0,4535,0,0,0
2024-12-23,port183,Buenaventura,3,2,20384,584,0,20384,0,0,0,584,0,0,0,0
2024-12-24,port183,Buenaventura,2,1,1410,0,0,1410,0,0,0,0,0,0,0,0
2024-12-25,port183,Buenaventura,6,5,54375,7049,20635,33739,0,0,0,2937,4112,0,0,0
2024-12-26,port183,Buenaventura,2,1,6302,0,0,6302,0,0,0,0,0,0,0,0
2024-12-27,port183,Buenaventura,2,1,17447,67,0,16471,0,0,976,0,0,0,0,67
2024-12-28,port183,Buenaventura,3,1,84989,10038,84989,0,0,0,0,0,10038,0,0,0
2024-12-29,port183,Buenaventura,4,3,52607,18220,52607,0,0,0,0,0,18220,0,0,0
2024-12-30,port183,Buenaventura,4,2,30490,18341,24928,5562,0,0,0,0,18341,0,0,0
2024-12-31,port183,Buenaventura,4,3,6661,2655,0,2243,4418,0,0,0,2655,0,0,0
2025-01-01,port183,Buenaventura,3,3,17379,320,0,17379,0,0,0,0,320,0,0,0
2025-01-02,port183,Buenaventura,5,2,19125,0,5784,12138,318,883,0,0,0,0,0,0
2025-01-03,port183,Buenaventura,5,3,29446,3143,0,12667,16000,778,0,0,3143,0,0,0
2025-01-04,port183,Buenaventura,5,3,35783,5429,22827,12956,0,0,0,0,5429,0,0,0
2025-01-05,port183,Buenaventura,3,1,10816,15607,10816,0,0,0,0,0,15607,0,0,0
2025-01-06,port183,Buenaventura,4,4,2462,6361,0,2462,0,0,0,0,6361,0,0,0
2025-01-07,port183,Buenaventura,4,2,38196,56217,0,5562,0,32633,0,50012,6205,0,0,0
2025-01-08,port183,Buenaventura,4,3,14514,0,2895,11619,0,0,0,0,0,0,0,0
2025-01-09,port183,Buenaventura,3,2,40151,0,0,25915,0,14236,0,0,0,0,0,0
2025-01-10,port183,Buenaventura,4,2,62469,0,24593,35657,0,0,2217,0,0,0,0,0
2025-01-11,port183,Buenaventura,6,2,98683,2937,75416,7811,0,15455,0,2937,0,0,0,0
2025-01-12,port183,Buenaventura,3,1,20367,7421,20367,0,0,0,0,0,7421,0,0,0
2025-01-13,port183,Buenaventura,5,3,61682,2203,54658,7023,0,0,0,0,2203,0,0,0
2025-01-14,port183,Buenaventura,2,1,1715,0,0,1715,0,0,0,0,0,0,0,0
2025-01-15,port183,Buenaventura,5,3,80861,0,52985,21806,6069,0,0,0,0,0,0,0
2025-01-16,port183,Buenaventura,5,3,66296,0,25103,41192,0,0,0,0,0,0,0,0
2025-01-17,port183,Buenaventura,4,3,10099,29672,0,7056,0,3042,0,0,29672,0,0,0
2025-01-18,port183,Buenaventura,3,2,22133,24879,0,22133,0,0,0,24879,0,0,0,0
2025-01-19,port183,Buenaventura,1,0,0,0,0,0,0,0,0,0,0,0,0,0
2025-01-20,port183,Buenaventura,10,4,27649,56173,14679,12969,0,0,0,53255,2918,0,0,0
2025-01-21,port183,Buenaventura,3,3,4108,1507,0,4108,0,0,0,0,1507,0,0,0
2025-01-22,port183,Buenaventura,2,1,40589,647,0,35080,0,5508,0,0,0,0,647,0
2025-01-23,port183,Buenaventura,5,2,57610,0,41399,16211,0,0,0,0,0,0,0,0
2025-01-24,port183,Buenaventura,3,3,29644,0,0,29644,0,0,0,0,0,0,0,0
2025-01-25,port183,Buenaventura,2,0,868,15826,0,0,0,0,868,0,0,0,15826,0
2025-01-26,port183,Buenaventura,5,4,54253,12818,41539,12714,0,0,0,0,12818,0,0,0
2025-01-27,port183,Buenaventura,7,4,54020,6964,40874,9165,0,3980,0,2937,4027,0,0,0
2025-01-28,port183,Buenaventura,1,1,2188,0,0,2188,0,0,0,0,0,0,0,0
2025-01-29,port183,Buenaventura,8,3,128544,28800,93008,27730,0,5508,2297,0,28152,0,647,0
2025-01-30,port183,Buenaventura,2,1,0,2106,0,0,0,0,0,0,2106,0,0,0
2025-01-31,port183,Buenaventura,2,1,21773,0,8849,12924,0,0,0,0,0,0,0,0
2025-02-01,port183,Buenaventura,5,3,61800,5390,53244,8555,0,0,0,0,5390,0,0,0
2025-02-02,port183,Buenaventura,5,3,8661,10588,1097,5758,0,1805,0,0,10588,0,0,0
2025-02-03,port183,Buenaventura,3,2,8967,1625,0,8967,0,0,0,0,1625,0,0,0
2025-02-04,port183,Buenaventura,3,1,5429,2839,0,0,3617,0,1812,0,2839,0,0,0
2025-02-05,port183,Buenaventura,8,5,33986,1625,0,21370,0,12616,0,0,1625,0,0,0
2025-02-06,port183,Buenaventura,2,1,24884,0,0,24884,0,0,0,0,0,0,0,0
2025-02-07,port183,Buenaventura,4,2,34058,365,11999,22058,0,0,0,365,0,0,0,0
2025-02-08,port183,Buenaventura,3,2,17174,9061,11612,5562,0,0,0,0,9061,0,0,0
2025-02-09,port183,Buenaventura,5,3,26872,25034,20635,5562,673,0,0,2937,22097,0,0,0
2025-02-10,port183,Buenaventura,6,4,96993,3250,61659,20135,15198,0,0,0,3250,0,0,0
2025-02-11,port183,Buenaventura,6,4,46604,3250,27044,19038,0,522,0,0,3250,0,0,0
2025-02-12,port183,Buenaventura,3,1,4692,5488,1653,0,0,0,3038,0,5488,0,0,0
2025-02-13,port183,Buenaventura,5,3,32132,1625,7162,24137,0,0,832,0,1625,0,0,0
2025-02-14,port183,Buenaventura,2,2,17875,0,0,17875,0,0,0,0,0,0,0,0
2025-02-15,port183,Buenaventura,3,2,45414,1625,0,15184,0,30230,0,0,1625,0,0,0
2025-02-16,port183,Buenaventura,4,3,65638,1625,56880,8757,0,0,0,0,1625,0,0,0
2025-02-17,port183,Buenaventura,4,3,16334,4383,0,16334,0,0,0,0,4383,0,0,0
2025-02-18,port183,Buenaventura,6,2,66251,2937,52694,5677,2488,5391,0,2937,0,0,0,0
2025-02-19,port183,Buenaventura,2,1,15352,0,12784,2567,0,0,0,0,0,0,0,0
2025-02-20,port183,Buenaventura,5,2,33379,0,24405,8973,0,0,0,0,0,0,0,0
2025-02-21,port183,Buenaventura,4,1,53349,5065,29152,0,5570,18626,0,0,4456,609,0,0
2025-02-22,port183,Buenaventura,4,3,9284,13149,0,9284,0,0,0,0,13149,0,0,0
2025-02-23,port183,Buenaventura,4,2,58556,0,53184,5371,0,0,0,0,0,0,0,0
2025-02-24,port183,Buenaventura,8,3,87138,4497,77270,6326,0,3540,0,2937,1560,0,0,0
2025-02-25,port183,Buenaventura,5,2,35518,13732,26044,3902,5570,0,0,0,13122,609,0,0
2025-02-26,port183,Buenaventura,4,1,24133,484,0,24133,0,0,0,484,0,0,0,0
2025-02-27,port183,Buenaventura,1,1,0,766,0,0,0,0,0,0,766,0,0,0
2025-02-28,port183,Buenaventura,2,2,3525,7382,0,3525,0,0,0,0,7382,0,0,0
2025-03-01,port183,Buenaventura,2,1,0,1502,0,0,0,0,0,0,1502,0,0,0
2025-03-02,port183,Buenaventura,4,3,17502,0,0,16336,0,0,1165,0,0,0,0,0
2025-03-03,port183,Buenaventura,4,2,5562,5287,0,5562,0,0,0,959,4327,0,0,0
2025-03-04,port183,Buenaventura,3,2,34003,0,11897,22105,0,0,0,0,0,0,0,0
2025-03-05,port183,Buenaventura,3,3,28093,1535,0,28093,0,0,0,0,1535,0,0,0
2025-03-06,port183,Buenaventura,3,1,49878,0,28018,20907,0,0,952,0,0,0,0,0
2025-03-07,port183,Buenaventura,3,2,36820,0,4832,31988,0,0,0,0,0,0,0,0
2025-03-08,port183,Buenaventura,3,3,5562,9118,0,5562,0,0,0,0,9118,0,0,0
2025-03-09,port183,Buenaventura,4,1,61857,1389,51934,0,5570,0,4351,0,779,609,0,0
2025-03-10,port183,Buenaventura,5,3,46509,4210,20635,25873,0,0,0,2937,1273,0,0,0
2025-03-11,port183,Buenaventura,5,2,81759,0,63147,18612,0,0,0,0,0,0,0,0
2025-03-12,port183,Buenaventura,5,2,37303,30119,25138,12165,0,0,0,28494,1625,0,0,0
2025-03-13,port183,Buenaventura,2,0,13513,0,0,0,0,13513,0,0,0,0,0,0
2025-03-14,port183,Buenaventura,2,0,507,0,0,0,0,0,507,0,0,0,0,0
2025-03-15,port183,Buenaventura,3,2,23153,2531,21823,1330,0,0,0,0,2531,0,0,0
2025-03-16,port183,Buenaventura,2,2,5220,4669,0,5220,0,0,0,0,4669,0,0,0
2025-03-17,port183,Buenaventura,3,2,27140,0,0,25838,0,1302,0,0,0,0,0,0
2025-03-18,port183,Buenaventura,7,4,69274,6880,62728,6546,0,0,0,0,6880,0,0,0
2025-03-19,port183,Buenaventura,4,0,30112,3440,20635,0,4763,4713,0,2937,0,0,503,0
2025-03-20,port183,Buenaventura,4,1,16641,2882,0,5562,5570,5508,0,0,1625,609,647,0
2025-03-21,port183,Buenaventura,3,3,28959,1082,0,28959,0,0,0,0,1082,0,0,0
2025-03-22,port183,Buenaventura,4,3,26359,3298,0,6526,0,19832,0,0,3298,0,0,0
2025-03-23,port183,Buenaventura,4,2,59971,15535,54409,5562,0,0,0,2923,12612,0,0,0
2025-03-24,port183,Buenaventura,5,3,40529,2719,27964,12564,0,0,0,0,2719,0,0,0
2025-03-25,port183,Buenaventura,4,2,78321,388,53303,25018,0,0,0,0,0,0,388,0
2025-03-26,port183,Buenaventura,3,1,29123,0,23821,5301,0,0,0,0,0,0,0,0
2025-03-27,port183,Buenaventura,2,2,8993,1625,0,8993,0,0,0,0,1625,0,0,0
2025-03-28,port183,Buenaventura,1,1,3779,0,0,3779,0,0,0,0,0,0,0,0
2025-03-29,port183,Buenaventura,2,1,5562,60566,0,5562,0,0,0,58941,1625,0,0,0
2025-03-30,port183,Buenaventura,6,4,57177,18969,50061,7115,0,0,0,0,18969,0,0,0
2025-03-31,port183,Buenaventura,3,2,22268,0,18225,4042,0,0,0,0,0,0,0,0
2025-04-01,port183,Buenaventura,5,1,136884,609,106104,25209,5570,0,0,0,0,609,0,0
2025-04-02,port183,Buenaventura,4,1,41284,0,20312,6027,0,12768,2175,0,0,0,0,0
2025-04-03,port183,Buenaventura,5,3,22787,1625,0,22787,0,0,0,0,1625,0,0,0
2025-04-04,port183,Buenaventura,2,1,30650,2937,20635,10014,0,0,0,2937,0,0,0,0
2025-04-05,port183,Buenaventura,4,1,79354,1120,79354,0,0,0,0,0,1120,0,0,0
2025-04-06,port183,Buenaventura,3,3,8395,1811,0,8395,0,0,0,0,1811,0,0,0
2025-04-07,port183,Buenaventura,4,1,38935,0,32750,2874,0,0,3309,0,0,0,0,0
2025-04-08,port183,Buenaventura,3,1,0,879,0,0,0,0,0,0,879,0,0,0
2025-04-09,port183,Buenaventura,3,2,24691,2809,0,24691,0,0,0,0,0,0,2809,0
2025-04-10,port183,Buenaventura,2,2,22643,0,0,22643,0,0,0,0,0,0,0,0
2025-04-11,port183,Buenaventura,0,0,0,0,0,0,0,0,0,0,0,0,0,0
2025-04-12,port183,Buenaventura,6,2,152662,67,144768,6917,0,0,976,0,0,0,0,67
2025-04-13,port183,Buenaventura,4,3,54826,6011,49735,5090,0,0,0,0,6011,0,0,0
2025-04-14,port183,Buenaventura,6,3,39570,2533,15043,24526,0,0,0,0,2533,0,0,0
2025-04-15,port183,Buenaventura,3,2,58186,602,53758,4427,0,0,0,0,602,0,0,0
2025-04-16,port183,Buenaventura,2,1,4626,0,0,4626,0,0,0,0,0,0,0,0
2025-04-17,port183,Buenaventura,2,1,42830,0,0,20841,0,21988,0,0,0,0,0,0
2025-04-18,port183,Buenaventura,1,0,5508,647,0,0,0,5508,0,0,0,0,647,0
2025-04-19,port183,Buenaventura,1,1,11699,0,0,11699,0,0,0,0,0,0,0,0
2025-04-20,port183,Buenaventura,5,2,41224,3992,35230,3679,0,2313,0,0,3992,0,0,0
2025-04-21,port183,Buenaventura,4,2,27405,1625,12602,14802,0,0,0,0,1625,0,0,0
2025-04-22,port183,Buenaventura,5,2,45339,609,13373,23486,5570,0,2908,0,0,609,0,0
2025-04-23,port183,Buenaventura,2,2,17378,0,0,17378,0,0,0,0,0,0,0,0
2025-04-24,port183,Buenaventura,2,1,11698,0,0,6975,4722,0,0,0,0,0,0,0
2025-04-25,port183,Buenaventura,2,0,13282,0,0,0,0,13282,0,0,0,0,0,0
2025-04-26,port183,Buenaventura,3,2,36153,7626,16226,19926,0,0,0,0,7626,0,0,0
2025-04-27,port183,Buenaventura,3,1,3952,34211,0,3952,0,0,0,34211,0,0,0,0
2025-04-28,port183,Buenaventura,6,4,72499,6389,57135,15363,0,0,0,0,6389,0,0,0
2025-04-29,port183,Buenaventura,3,2,26745,0,0,26745,0,0,0,0,0,0,0,0
2025-04-30,port183,Buenaventura,4,2,57061,0,0,44773,0,12288,0,0,0,0,0,0
2025-05-01,port183,Buenaventura,4,2,48303,8927,21422,26880,0,0,0,0,8927,0,0,0
2025-05-02,port183,Buenaventura,5,3,44007,0,9914,15311,0,18781,0,0,0,0,0,0
2025-05-03,port183,Buenaventura,1,0,53661,0,53661,0,0,0,0,0,0,0,0,0
2025-05-04,port183,Buenaventura,5,3,32202,6249,30503,780,0,0,918,0,6249,0,0,0
2025-05-05,port183,Buenaventura,6,4,112459,3250,81873,30586,0,0,0,0,3250,0,0,0
2025-05-06,port183,Buenaventura,4,2,48541,1625,26400,21551,0,0,589,0,1625,0,0,0
2025-05-07,port183,Buenaventura,3,2,23646,0,0,23646,0,0,0,0,0,0,0,0
2025-05-08,port183,Buenaventura,3,0,38894,0,38894,0,0,0,0,0,0,0,0,0
2025-05-09,port183,Buenaventura,3,2,28585,0,0,11339,0,17245,0,0,0,0,0,0
2025-05-10,port183,Buenaventura,4,3,7912,18375,0,4849,0,3063,0,0,18375,0,0,0
2025-05-11,port183,Buenaventura,3,1,7190,0,0,1563,0,3575,2052,0,0,0,0,0
2025-05-12,port183,Buenaventura,4,3,49869,0,8639,41229,0,0,0,0,0,0,0,0
2025-05-13,port183,Buenaventura,1,1,3791,0,0,3791,0,0,0,0,0,0,0,0
2025-05-14,port183,Buenaventura,4,3,77724,0,0,46640,0,31083,0,0,0,0,0,0
2025-05-15,port183,Buenaventura,1,1,5562,1625,0,5562,0,0,0,0,1625,0,0,0
2025-05-16,port183,Buenaventura,4,2,19904,541,12076,5075,0,0,2752,0,541,0,0,0
2025-05-17,port183,Buenaventura,1,1,0,6867,0,0,0,0,0,0,6867,0,0,0
2025-05-18,port183,Buenaventura,3,3,3655,10140,0,3655,0,0,0,0,10140,0,0,0
2025-05-19,port183,Buenaventura,2,2,11780,1007,0,11780,0,0,0,0,1007,0,0,0
2025-05-20,port183,Buenaventura,5,2,79237,0,52101,22858,0,4277,0,0,0,0,0,0
2025-05-21,port183,Buenaventura,5,1,101251,2937,89429,11311,0,0,511,2937,0,0,0,0
2025-05-22,port183,Buenaventura,5,2,85036,1860,53354,8547,17625,5508,0,0,1212,0,647,0
2025-05-23,port183,Buenaventura,2,2,17115,0,0,17115,0,0,0,0,0,0,0,0
2025-05-24,port183,Buenaventura,2,2,0,4860,0,0,0,0,0,0,4860,0,0,0
2025-05-25,port183,Buenaventura,7,4,49240,4808,33211,16029,0,0,0,0,4808,0,0,0
2025-05-26,port183,Buenaventura,4,2,77305,0,53954,20355,2995,0,0,0,0,0,0,0
2025-05-27,port183,Buenaventura,4,1,38851,3546,20635,12645,5570,0,0,2937,0,609,0,0
2025-05-28,port183,Buenaventura,3,3,48250,0,0,48250,0,0,0,0,0,0,0,0
2025-05-29,port183,Buenaventura,3,1,39796,0,37498,2297,0,0,0,0,0,0,0,0
2025-05-30,port183,Buenaventura,3,2,52872,0,43585,9287,0,0,0,0,0,0,0,0
2025-05-31,port183,Buenaventura,2,1,54554,9861,54554,0,0,0,0,0,9861,0,0,0
2025-06-01,port183,Buenaventura,5,4,35249,1557,0,34382,0,867,0,0,1557,0,0,0
2025-06-02,port183,Buenaventura,5,3,29081,15916,18011,5562,0,0,5508,0,15916,0,0,0
2025-06-03,port183,Buenaventura,5,3,41928,1625,4660,28386,8881,0,0,0,1625,0,0,0
2025-06-04,port183,Buenaventura,4,1,45540,0,42109,3431,0,0,0,0,0,0,0,0
2025-06-05,port183,Buenaventura,1,0,5570,609,0,0,5570,0,0,0,0,609,0,0
2025-06-06,port183,Buenaventura,4,3,74604,958,52261,22343,0,0,0,0,958,0,0,0
2025-06-07,port183,Buenaventura,4,2,7537,4097,1666,5562,0,309,0,0,4097,0,0,0
2025-06-08,port183,Buenaventura,5,3,11184,7842,0,6946,0,4237,0,0,7237,0,0,605
2025-06-09,port183,Buenaventura,3,1,16701,0,7540,9161,0,0,0,0,0,0,0,0
2025-06-10,port183,Buenaventura,4,3,14580,18429,6490,8089,0,0,0,0,18429,0,0,0
2025-06-11,port183,Buenaventura,4,3,63517,0,0,50071,0,13446,0,0,0,0,0,0
2025-06-12,port183,Buenaventura,1,0,4024,0,0,0,0,4024,0,0,0,0,0,0
2025-06-13,port183,Buenaventura,6,3,55619,2244,35212,17971,0,0,2436,0,2244,0,0,0
2025-06-14,port183,Buenaventura,1,0,6159,0,6159,0,0,0,0,0,0,0,0,0
2025-06-15,port183,Buenaventura,4,2,54525,12300,52210,2315,0,0,0,2937,9363,0,0,0
2025-06-16,port183,Buenaventura,9,6,90684,10947,37527,53157,0,0,0,2937,8010,0,0,0
2025-06-17,port183,Buenaventura,4,1,128399,0,99463,28935,0,0,0,0,0,0,0,0
2025-06-18,port183,Buenaventura,2,1,46972,0,30827,16145,0,0,0,0,0,0,0,0
2025-06-19,port183,Buenaventura,4,1,77370,0,61766,11393,0,0,4210,0,0,0,0,0
2025-06-20,port183,Buenaventura,2,2,15633,0,0,15633,0,0,0,0,0,0,0,0
2025-06-21,port183,Buenaventura,3,2,26469,3678,0,2531,0,23938,0,0,3678,0,0,0
2025-06-22,port183,Buenaventura,4,4,8791,7061,0,8791,0,0,0,0,7061,0,0,0
2025-06-23,port183,Buenaventura,5,4,22680,3250,0,19150,0,3529,0,0,3250,0,0,0
2025-06-24,port183,Buenaventura,5,2,21277,26653,6351,14925,0,0,0,26653,0,0,0,0
2025-06-25,port183,Buenaventura,5,2,23176,0,5721,15634,0,0,1820,0,0,0,0,0
2025-06-26,port183,Buenaventura,3,2,7642,8024,0,7059,0,0,583,0,8024,0,0,0
2025-06-27,port183,Buenaventura,4,2,85245,3250,74121,11124,0,0,0,0,3250,0,0,0
2025-06-28,port183,Buenaventura,4,2,68805,9064,63243,5562,0,0,0,0,9064,0,0,0
2025-06-29,port183,Buenaventura,6,3,52138,502,41837,10301,0,0,0,0,502,0,0,0
2025-06-30,port183,Buenaventura,3,3,37191,0,0,37191,0,0,0,0,0,0,0,0
2025-07-01,port183,Buenaventura,2,0,32612,0,32612,0,0,0,0,0,0,0,0,0
2025-07-02,port183,Buenaventura,2,1,24051,647,0,18542,0,5508,0,0,0,0,647,0
2025-07-03,port183,Buenaventura,4,3,50603,0,0,50501,0,0,102,0,0,0,0,0
2025-07-04,port183,Buenaventura,2,1,24610,0,13853,10756,0,0,0,0,0,0,0,0
2025-07-05,port183,Buenaventura,4,3,51251,2297,49053,2198,0,0,0,0,2297,0,0,0
2025-07-06,port183,Buenaventura,6,4,62003,2405,49912,12090,0,0,0,0,2405,0,0,0
2025-07-07,port183,Buenaventura,2,1,42934,1625,37371,5562,0,0,0,0,1625,0,0,0
2025-07-08,port183,Buenaventura,3,2,12603,0,0,10271,0,0,2331,0,0,0,0,0
2025-07-09,port183,Buenaventura,3,2,30271,67,0,29295,0,0,976,0,0,0,0,67
2025-07-10,port183,Buenaventura,4,2,51462,1625,0,14660,0,36802,0,0,1625,0,0,0
2025-07-11,port183,Buenaventura,4,2,71563,0,50939,20040,0,0,583,0,0,0,0,0
2025-07-12,port183,Buenaventura,5,2,97627,3353,70903,7857,0,18866,0,0,3353,0,0,0
2025-07-13,port183,Buenaventura,6,4,60852,14408,54194,6657,0,0,0,0,14408,0,0,0
2025-07-14,port183,Buenaventura,5,2,87780,8183,71742,16037,0,0,0,5874,2309,0,0,0
2025-07-15,port183,Buenaventura,2,2,26992,1625,0,26992,0,0,0,0,1625,0,0,0
2025-07-16,port183,Buenaventura,2,1,11596,0,3195,8400,0,0,0,0,0,0,0,0
2025-07-17,port183,Buenaventura,3,3,25354,0,0,25354,0,0,0,0,0,0,0,0
2025-07-18,port183,Buenaventura,3,1,60839,0,51943,6666,0,0,2228,0,0,0,0,0
2025-07-19,port183,Buenaventura,3,3,33289,1625,0,33289,0,0,0,0,1625,0,0,0
2025-07-20,port183,Buenaventura,5,4,9483,63201,0,9483,0,0,0,58635,4565,0,0,0
2025-07-21,port183,Buenaventura,3,3,19243,0,0,19243,0,0,0,0,0,0,0,0
2025-07-22,port183,Buenaventura,7,4,82376,5166,60279,19082,0,0,3014,2937,2229,0,0,0
2025-07-23,port183,Buenaventura,2,2,4376,484,0,4376,0,0,0,0,484,0,0,0
2025-07-24,port183,Buenaventura,6,2,108961,609,73962,28474,5570,952,0,0,0,609,0,0
2025-07-25,port183,Buenaventura,2,2,3802,1269,0,3802,0,0,0,0,1269,0,0,0
2025-07-26,port183,Buenaventura,2,2,46263,0,0,46263,0,0,0,0,0,0,0,0
2025-07-27,port183,Buenaventura,4,2,1337,9557,0,1337,0,0,0,0,3899,0,5657,0
2025-07-28,port183,Buenaventura,7,3,42319,16816,5837,6325,30156,0,0,0,16586,229,0,0
2025-07-29,port183,Buenaventura,2,1,6776,0,0,6776,0,0,0,0,0,0,0,0
2025-07-30,port183,Buenaventura,2,1,25352,0,16880,8471,0,0,0,0,0,0,0,0
2025-07-31,port183,Buenaventura,2,2,33413,0,0,33413,0,0,0,0,0,0,0,0
2025-08-01,port183,Buenaventura,4,2,42335,1625,0,21714,187,20432,0,0,1625,0,0,0
2025-08-02,port183,Buenaventura,5,3,70102,16063,61481,8620,0,0,0,0,16063,0,0,0
2025-08-03,port183,Buenaventura,3,1,56150,0,51722,969,0,3458,0,0,0,0,0,0
2025-08-04,port183,Buenaventura,5,4,16020,6352,0,13105,0,0,2914,0,6352,0,0,0
2025-08-05,port183,Buenaventura,5,3,46245,1625,18104,7719,0,20420,0,0,1625,0,0,0
2025-08-06,port183,Buenaventura,3,2,41321,0,6507,34813,0,0,0,0,0,0,0,0
2025-08-07,port183,Buenaventura,4,2,21441,0,20229,1212,0,0,0,0,0,0,0,0
2025-08-08,port183,Buenaventura,3,2,28914,0,2871,26043,0,0,0,0,0,0,0,0
2025-08-09,port183,Buenaventura,2,1,7558,0,0,6688,0,869,0,0,0,0,0,0
2025-08-10,port183,Buenaventura,7,5,40057,9770,27153,12904,0,0,0,0,9770,0,0,0
2025-08-11,port183,Buenaventura,4,3,39577,1625,0,24542,0,15035,0,0,1625,0,0,0
2025-08-12,port183,Buenaventura,3,1,121223,0,111353,9870,0,0,0,0,0,0,0,0
2025-08-13,port183,Buenaventura,6,1,74334,0,0,37755,32935,3134,508,0,0,0,0,0
2025-08-14,port183,Buenaventura,3,1,65341,0,53938,11403,0,0,0,0,0,0,0,0
2025-08-15,port183,Buenaventura,4,1,66877,647,49642,11726,0,5508,0,0,0,0,647,0
2025-08-16,port183,Buenaventura,3,2,2961,10169,0,509,0,2451,0,0,10169,0,0,0
2025-08-17,port183,Buenaventura,5,4,21158,6564,0,21158,0,0,0,0,6564,0,0,0
2025-08-18,port183,Buenaventura,3,2,19950,0,0,18199,0,1751,0,0,0,0,0,0
2025-08-19,port183,Buenaventura,6,3,83622,1625,31722,34183,0,17716,0,0,1625,0,0,0
2025-08-20,port183,Buenaventura,4,3,83986,0,52183,31802,0,0,0,0,0,0,0,0
2025-08-21,port183,Buenaventura,2,1,33271,609,0,27700,5570,0,0,0,0,609,0,0
2025-08-22,port183,Buenaventura,3,2,7792,14586,0,5562,0,0,2230,0,14586,0,0,0
2025-08-23,port183,Buenaventura,4,3,30121,5269,0,11124,0,18997,0,0,5269,0,0,0
2025-08-24,port183,Buenaventura,2,1,15992,0,13785,2207,0,0,0,0,0,0,0,0
2025-08-25,port183,Buenaventura,6,6,33561,2133,0,33561,0,0,0,0,2133,0,0,0
2025-08-26,port183,Buenaventura,2,1,8053,4365,8053,0,0,0,0,0,4365,0,0,0
2025-08-27,port183,Buenaventura,3,2,18253,1625,3788,14464,0,0,0,0,1625,0,0,0
2025-08-28,port183,Buenaventura,2,1,2540,0,0,2540,0,0,0,0,0,0,0,0
2025-08-29,port183,Buenaventura,4,1,11210,1259,8722,0,0,0,2487,0,1026,233,0,0
2025-08-30,port183,Buenaventura,3,2,39889,5801,0,14066,0,25823,0,0,5801,0,0,0
2025-08-31,port183,Buenaventura,2,1,58266,0,52769,5497,0,0,0,0,0,0,0,0
2025-09-01,port183,Buenaventura,5,3,47818,2541,46815,1002,0,0,0,0,2541,0,0,0
2025-09-02,port183,Buenaventura,3,2,60930,0,21212,39718,0,0,0,0,0,0,0,0
2025-09-03,port183,Buenaventura,3,1,64670,0,53205,8089,0,0,3374,0,0,0,0,0
2025-09-04,port183,Buenaventura,2,2,22564,1625,0,22564,0,0,0,0,1625,0,0,0
2025-09-05,port183,Buenaventura,4,3,14211,3110,0,7448,0,6762,0,0,3110,0,0,0
2025-09-06,port183,Buenaventura,3,3,21508,7618,0,21508,0,0,0,0,7618,0,0,0
2025-09-07,port183,Buenaventura,4,3,10381,7071,0,9257,0,1124,0,0,7071,0,0,0
2025-09-08,port183,Buenaventura,6,3,52848,1625,34892,17955,0,0,0,0,1625,0,0,0
2025-09-09,port183,Buenaventura,4,1,24484,0,0,0,1028,23455,0,0,0,0,0,0
2025-09-10,port183,Buenaventura,4,3,32827,0,0,30748,0,0,2078,0,0,0,0,0
2025-09-11,port183,Buenaventura,4,1,62201,6762,52295,6472,0,3433,0,0,0,0,6762,0
2025-09-12,port183,Buenaventura,3,0,22042,0,18941,0,0,0,3100,0,0,0,0,0
2025-09-13,port183,Buenaventura,5,3,53435,6018,53435,0,0,0,0,0,6018,0,0,0
2025-09-14,port183,Buenaventura,3,2,53045,7787,51966,1078,0,0,0,0,7787,0,0,0
2025-09-15,port183,Buenaventura,5,3,10158,6265,0,10158,0,0,0,0,5093,1171,0,0
2025-09-16,port183,Buenaventura,5,4,33068,5694,0,17132,0,15935,0,0,5694,0,0,0
2025-09-17,port183,Buenaventura,5,4,84736,1510,0,68012,16724,0,0,0,1510,0,0,0
2025-09-18,port183,Buenaventura,2,0,9714,609,0,0,5570,0,4143,0,0,609,0,0
2025-09-19,port183,Buenaventura,3,2,42164,58814,0,42164,0,0,0,58063,751,0,0,0
2025-09-20,port183,Buenaventura,2,1,51987,0,45864,6122,0,0,0,0,0,0,0,0
2025-09-21,port183,Buenaventura,5,4,24158,6214,8134,16024,0,0,0,0,6214,0,0,0
2025-09-22,port183,Buenaventura,4,2,87558,2937,20635,42984,0,23938,0,2937,0,0,0,0
2025-09-23,port183,Buenaventura,2,2,11610,1250,0,11610,0,0,0,0,1250,0,0,0
2025-09-24,port183,Buenaventura,6,3,57919,7590,38740,19178,0,0,0,2937,4653,0,0,0
2025-09-25,port183,Buenaventura,5,2,41605,4562,29455,12150,0,0,0,2937,1625,0,0,0
2025-09-26,port183,Buenaventura,2,1,16910,1625,0,5562,0,11348,0,0,1625,0,0,0
2025-09-27,port183,Buenaventura,2,1,28073,3008,28073,0,0,0,0,0,3008,0,0,0
2025-09-28,port183,Buenaventura,4,3,57777,2196,0,44421,0,13356,0,0,2196,0,0,0
2025-09-29,port183,Buenaventura,4,3,33669,3250,18108,15560,0,0,0,0,3250,0,0,0
2025-09-30,port183,Buenaventura,4,3,32709,1390,30083,2625,0,0,0,0,1390,0,0,0
2025-10-01,port183,Buenaventura,7,3,117263,2937,97869,19393,0,0,0,2937,0,0,0,0
2025-10-02,port183,Buenaventura,2,1,5867,0,0,5867,0,0,0,0,0,0,0,0
2025-10-03,port183,Buenaventura,3,2,20747,12354,0,20747,0,0,0,0,0,0,12354,0
2025-10-04,port183,Buenaventura,3,3,9972,6633,0,9972,0,0,0,0,6633,0,0,0
2025-10-05,port183,Buenaventura,4,2,58201,6371,36755,21446,0,0,0,0,6371,0,0,0
2025-10-06,port183,Buenaventura,6,3,2870,10203,2870,0,0,0,0,0,10203,0,0,0
2025-10-07,port183,Buenaventura,4,3,78322,0,46645,31676,0,0,0,0,0,0,0,0
2025-10-08,port183,Buenaventura,6,3,46483,0,23745,21657,0,1081,0,0,0,0,0,0
2025-10-09,port183,Buenaventura,6,1,24612,741,15611,7338,0,0,1662,741,0,0,0,0
2025-10-10,port183,Buenaventura,3,2,30825,10127,0,30362,0,463,0,0,10127,0,0,0
2025-10-11,port183,Buenaventura,2,1,55585,0,52256,3329,0,0,0,0,0,0,0,0
2025-10-12,port183,Buenaventura,3,1,33514,0,24791,8723,0,0,0,0,0,0,0,0
2025-10-13,port183,Buenaventura,3,3,1237,9164,0,1237,0,0,0,0,9164,0,0,0
2025-10-14,port183,Buenaventura,4,1,59858,16988,39557,6890,0,13411,0,16988,0,0,0,0
2025-10-15,port183,Buenaventura,4,3,33000,0,12050,20950,0,0,0,0,0,0,0,0
2025-10-16,port183,Buenaventura,5,2,42656,0,16769,25887,0,0,0,0,0,0,0,0
2025-10-17,port183,Buenaventura,3,2,21389,8596,3842,17547,0,0,0,0,8596,0,0,0
2025-10-18,port183,Buenaventura,4,3,33340,5805,0,33340,0,0,0,0,5805,0,0,0
2025-10-19,port183,Buenaventura,2,1,11021,0,0,11021,0,0,0,0,0,0,0,0
2025-10-20,port183,Buenaventura,9,6,45405,29917,5628,38166,0,1610,0,26640,3277,0,0,0
2025-10-21,port183,Buenaventura,2,2,12123,0,0,12123,0,0,0,0,0,0,0,0
2025-10-22,port183,Buenaventura,5,2,35703,19468,11534,23300,0,0,868,0,1625,0,17843,0
2025-10-23,port183,Buenaventura,5,3,40626,2037,10713,6754,0,23157,0,0,2037,0,0,0
2025-10-24,port183,Buenaventura,5,2,126624,7549,102264,13837,10522,0,0,0,7549,0,0,0
2025-10-25,port183,Buenaventura,1,1,5562,1625,0,5562,0,0,0,0,1625,0,0,0
2025-10-26,port183,Buenaventura,3,2,74970,912,60999,13971,0,0,0,0,912,0,0,0
2025-10-27,port183,Buenaventura,6,4,60457,3250,3689,52200,4567,0,0,0,3250,0,0,0
2025-10-28,port183,Buenaventura,1,1,15192,0,0,15192,0,0,0,0,0,0,0,0
2025-10-29,port183,Buenaventura,1,1,19998,0,0,19998,0,0,0,0,0,0,0,0
2025-10-30,port183,Buenaventura,3,2,18054,1625,0,18054,0,0,0,0,1625,0,0,0
2025-10-31,port183,Buenaventura,3,2,34591,0,0,33326,0,1265,0,0,0,0,0,0
2025-11-01,port183,Buenaventura,2,2,5562,4304,0,5562,0,0,0,0,4304,0,0,0
2025-11-02,port183,Buenaventura,6,4,47806,14158,32361,15444,0,0,0,0,14158,0,0,0
2025-11-03,port183,Buenaventura,5,4,14120,6400,0,14120,0,0,0,0,5963,0,437,0
2025-11-04,port183,Buenaventura,7,2,123645,8044,74620,26001,18826,0,4197,2937,4497,609,0,0
2025-11-05,port183,Buenaventura,1,1,14634,0,0,14634,0,0,0,0,0,0,0,0
2025-11-06,port183,Buenaventura,3,1,16905,0,14429,2475,0,0,0,0,0,0,0,0
2025-11-07,port183,Buenaventura,6,2,113277,2262,83122,30155,0,0,0,0,2262,0,0,0
2025-11-08,port183,Buenaventura,3,1,18370,0,0,13347,5023,0,0,0,0,0,0,0
2025-11-09,port183,Buenaventura,3,1,88227,0,85886,2340,0,0,0,0,0,0,0,0
2025-11-10,port183,Buenaventura,6,4,66208,1552,18019,42679,0,5508,0,0,904,0,647,0
2025-11-11,port183,Buenaventura,1,1,3663,0,0,3663,0,0,0,0,0,0,0,0
2025-11-12,port183,Buenaventura,4,2,20377,0,2563,16251,0,1562,0,0,0,0,0,0
2025-11-13,port183,Buenaventura,4,2,26500,0,0,16795,4975,0,4729,0,0,0,0,0
2025-11-14,port183,Buenaventura,3,2,31068,1625,0,29505,0,1563,0,0,1625,0,0,0
2025-11-15,port183,Buenaventura,3,2,19269,9045,13707,5562,0,0,0,0,9045,0,0,0
2025-11-16,port183,Buenaventura,3,2,28202,1554,11266,16936,0,0,0,0,1554,0,0,0
2025-11-17,port183,Buenaventura,5,3,61340,3752,30822,621,0,29896,0,0,3752,0,0,0
2025-11-18,port183,Buenaventura,4,2,19022,0,0,14072,1007,0,3943,0,0,0,0,0
2025-11-19,port183,Buenaventura,1,1,11382,0,0,11382,0,0,0,0,0,0,0,0
2025-11-20,port183,Buenaventura,5,1,12643,53443,2904,9507,231,0,0,53443,0,0,0,0
2025-11-21,port183,Buenaventura,2,1,17137,4012,17137,0,0,0,0,0,4012,0,0,0
2025-11-22,port183,Buenaventura,4,3,14253,8717,13307,945,0,0,0,0,8717,0,0,0
2025-11-23,port183,Buenaventura,4,2,40256,0,26478,13383,0,394,0,0,0,0,0,0
2025-11-24,port183,Buenaventura,5,4,9376,2976,3859,5517,0,0,0,0,2976,0,0,0
2025-11-25,port183,Buenaventura,3,1,27762,1479,4994,0,0,22767,0,0,1479,0,0,0
2025-11-26,port183,Buenaventura,4,2,16464,61345,3376,13087,0,0,0,61345,0,0,0,0
2025-11-27,port183,Buenaventura,5,0,65778,0,62711,0,0,3067,0,0,0,0,0,0
2025-11-28,port183,Buenaventura,3,2,64522,0,26152,38369,0,0,0,0,0,0,0,0
2025-11-29,port183,Buenaventura,2,2,0,11920,0,0,0,0,0,0,11920,0,0,0
2025-11-30,port183,Buenaventura,5,3,30815,5721,12215,18599,0,0,0,0,5721,0,0,0
2025-12-01,port183,Buenaventura,5,5,25183,9458,0,25183,0,0,0,0,9458,0,0,0
2025-12-02,port183,Buenaventura,3,1,45111,2937,40707,4404,0,0,0,2937,0,0,0,0
2025-12-03,port183,Buenaventura,4,2,60202,0,2226,47537,0,10438,0,0,0,0,0,0
2025-12-04,port183,Buenaventura,3,1,18536,0,10522,6626,0,0,1387,0,0,0,0,0
2025-12-05,port183,Buenaventura,3,3,22189,3496,0,22189,0,0,0,0,3496,0,0,0
2025-12-06,port183,Buenaventura,2,1,0,70540,0,0,0,0,0,59302,11238,0,0,0
2025-12-07,port183,Buenaventura,4,3,8593,15507,0,8593,0,0,0,0,15507,0,0,0
2025-12-08,port183,Buenaventura,4,2,15573,0,531,13637,0,0,1404,0,0,0,0,0
2025-12-09,port183,Buenaventura,6,1,70658,3546,47543,471,5570,17072,0,2937,0,609,0,0
2025-12-10,port183,Buenaventura,4,2,61336,609,42624,13141,5570,0,0,0,0,609,0,0
2025-12-11,port183,Buenaventura,5,1,132460,6004,126951,0,0,5508,0,29,5327,0,647,0
2025-12-12,port183,Buenaventura,1,1,5562,1625,0,5562,0,0,0,0,1625,0,0,0
2025-12-13,port183,Buenaventura,3,2,14002,5410,7506,6495,0,0,0,0,5410,0,0,0
2025-12-14,port183,Buenaventura,5,4,20424,903,0,17673,0,0,2750,0,903,0,0,0
2025-12-15,port183,Buenaventura,6,3,13674,16733,2954,7234,0,3485,0,0,607,0,16126,0
2025-12-16,port183,Buenaventura,4,1,20737,0,3579,14472,1155,0,1529,0,0,0,0,0
2025-12-17,port183,Buenaventura,4,3,37765,1625,9926,27838,0,0,0,0,1625,0,0,0
2025-12-18,port183,Buenaventura,2,1,5143,0,0,2195,0,0,2947,0,0,0,0,0
2025-12-19,port183,Buenaventura,2,1,37765,0,26113,11652,0,0,0,0,0,0,0,0
2025-12-20,port183,Buenaventura,3,2,20635,21709,20635,0,0,0,0,2937,18772,0,0,0
2025-12-21,port183,Buenaventura,3,2,40537,2153,0,22630,0,17906,0,0,2153,0,0,0
2025-12-22,port183,Buenaventura,7,5,41955,40197,0,38347,3607,0,0,38572,1625,0,0,0
2025-12-23,port183,Buenaventura,2,1,5468,0,0,2366,3101,0,0,0,0,0,0,0
2025-12-24,port183,Buenaventura,4,3,21508,1625,0,21508,0,0,0,0,1625,0,0,0
2025-12-25,port183,Buenaventura,1,0,12896,0,0,0,0,12896,0,0,0,0,0,0
2025-12-26,port183,Buenaventura,3,2,16284,755,0,12820,0,3463,0,0,755,0,0,0
2025-12-27,port183,Buenaventura,5,2,54023,0,28974,3838,0,21210,0,0,0,0,0,0
2025-12-28,port183,Buenaventura,7,4,142875,22331,134080,8794,0,0,0,0,22331,0,0,0
2025-12-29,port183,Buenaventura,5,1,49213,0,47889,1324,0,0,0,0,0,0,0,0
2025-12-30,port183,Buenaventura,5,3,49890,1044,0,49890,0,0,0,1044,0,0,0,0
2025-12-31,port183,Buenaventura,2,1,6369,0,3835,2534,0,0,0,0,0,0,0,0
2026-01-01,port183,Buenaventura,2,1,11929,67,0,10953,0,0,976,0,0,0,0,67
2026-01-02,port183,Buenaventura,3,3,27085,0,0,27085,0,0,0,0,0,0,0,0
2026-01-03,port183,Buenaventura,3,3,0,12613,0,0,0,0,0,0,12613,0,0,0
2026-01-04,port183,Buenaventura,4,3,34904,4631,22035,12869,0,0,0,0,4631,0,0,0
2026-01-05,port183,Buenaventura,5,2,37916,0,17652,11255,9008,0,0,0,0,0,0,0
2026-01-06,port183,Buenaventura,2,2,37209,0,0,37209,0,0,0,0,0,0,0,0
2026-01-07,port183,Buenaventura,3,1,24421,0,5569,12139,0,6712,0,0,0,0,0,0
2026-01-08,port183,Buenaventura,3,2,16551,1625,0,12686,0,0,3864,0,1625,0,0,0
2026-01-09,port183,Buenaventura,5,2,65620,62418,36180,29439,0,0,0,60358,1625,0,435,0
2026-01-10,port183,Buenaventura,2,2,5562,10867,0,5562,0,0,0,0,10867,0,0,0
2026-01-11,port183,Buenaventura,5,3,37231,6300,0,37231,0,0,0,4359,1625,0,315,0
2026-01-12,port183,Buenaventura,4,2,67826,4444,51180,1888,14756,0,0,0,4444,0,0,0
2026-01-13,port183,Buenaventura,4,2,96722,1625,52932,43789,0,0,0,0,1625,0,0,0
2026-01-14,port183,Buenaventura,4,2,26689,1706,5531,19992,0,1165,0,0,1625,0,81,0
2026-01-15,port183,Buenaventura,2,2,13189,0,0,13189,0,0,0,0,0,0,0,0
2026-01-16,port183,Buenaventura,3,1,31878,0,11410,19953,514,0,0,0,0,0,0,0
2026-01-17,port183,Buenaventura,5,3,19265,14352,19265,0,0,0,0,0,14352,0,0,0
2026-01-18,port183,Buenaventura,3,3,30486,3321,0,30486,0,0,0,0,3321,0,0,0
2026-01-19,port183,Buenaventura,6,3,48221,2234,0,39491,5570,2502,656,0,1625,609,0,0
2026-01-20,port183,Buenaventura,3,1,38581,3546,20635,12374,5570,0,0,2937,0,609,0,0
2026-01-21,port183,Buenaventura,4,3,25674,0,4097,21576,0,0,0,0,0,0,0,0
2026-01-22,port183,Buenaventura,3,1,65117,0,53765,11351,0,0,0,0,0,0,0,0
2026-01-23,port183,Buenaventura,6,4,33523,3121,6385,21629,0,5508,0,0,2473,0,647,0
2026-01-24,port183,Buenaventura,1,1,5562,1625,0,5562,0,0,0,0,1625,0,0,0
2026-01-25,port183,Buenaventura,5,2,98824,0,60216,31136,7471,0,0,0,0,0,0,0
2026-01-26,port183,Buenaventura,6,3,85780,4947,73839,7589,0,0,4350,2937,2010,0,0,0
2026-01-27,port183,Buenaventura,2,0,2483,0,0,0,0,0,2483,0,0,0,0,0
2026-01-28,port183,Buenaventura,4,2,52636,0,37179,14794,0,662,0,0,0,0,0,0
2026-01-29,port183,Buenaventura,1,1,0,1723,0,0,0,0,0,0,1723,0,0,0
2026-01-30,port183,Buenaventura,3,2,3082,64058,0,3082,0,0,0,56811,7246,0,0,0
2026-01-31,port183,Buenaventura,4,2,41407,4690,0,21363,0,20044,0,0,3747,0,943,0
2026-02-01,port183,Buenaventura,4,4,18800,17012,0,18800,0,0,0,0,17012,0,0,0
2026-02-02,port183,Buenaventura,4,3,17437,406,0,14335,3101,0,0,0,406,0,0,0
2026-02-03,port183,Buenaventura,3,3,39044,2633,0,39044,0,0,0,0,2633,0,0,0
2026-02-04,port183,Buenaventura,2,1,20193,0,0,18227,0,1965,0,0,0,0,0,0
2026-02-05,port183,Buenaventura,3,1,53318,1517,53318,0,0,0,0,0,1517,0,0,0
2026-02-06,port183,Buenaventura,5,2,97274,2030,81032,16242,0,0,0,0,2030,0,0,0
2026-02-07,port183,Buenaventura,5,2,60783,26905,60783,0,0,0,0,20033,6871,0,0,0
2026-02-08,port183,Buenaventura,4,2,58105,11783,55544,0,0,0,2561,0,11783,0,0,0
2026-02-09,port183,Buenaventura,4,3,23018,3179,5173,17845,0,0,0,0,3179,0,0,0
2026-02-10,port183,Buenaventura,1,1,3076,0,0,3076,0,0,0,0,0,0,0,0
2026-02-11,port183,Buenaventura,3,1,56708,609,0,29415,27293,0,0,0,0,609,0,0
2026-02-12,port183,Buenaventura,5,3,51887,0,14958,24768,0,12159,0,0,0,0,0,0
2026-02-13,port183,Buenaventura,5,2,30182,34090,11135,14245,0,0,4801,34090,0,0,0,0
2026-02-14,port183,Buenaventura,5,3,25591,5038,0,6526,0,18197,868,0,5038,0,0,0
2026-02-15,port183,Buenaventura,2,0,23848,0,22107,0,0,1741,0,0,0,0,0,0
2026-02-16,port183,Buenaventura,6,5,63402,18872,29879,33523,0,0,0,0,18872,0,0,0
2026-02-17,port183,Buenaventura,4,1,101799,29,71947,28606,0,1244,0,29,0,0,0,0
2026-02-18,port183,Buenaventura,6,3,94386,2153,68692,24824,0,869,0,0,2153,0,0,0
2026-02-19,port183,Buenaventura,2,1,20924,0,0,18712,0,2211,0,0,0,0,0,0
2026-02-20,port183,Buenaventura,5,3,56409,3792,41993,14416,0,0,0,0,3792,0,0,0
2026-02-21,port183,Buenaventura,4,2,0,17605,0,0,0,0,0,0,14340,3264,0,0
2026-02-22,port183,Buenaventura,4,4,30174,1625,0,30174,0,0,0,0,1625,0,0,0
2026-02-23,port183,Buenaventura,3,2,5562,10112,0,5562,0,0,0,0,10112,0,0,0
2026-02-24,port183,Buenaventura,3,1,15484,0,14528,956,0,0,0,0,0,0,0,0
2026-02-25,port183,Buenaventura,3,2,25101,0,8733,16367,0,0,0,0,0,0,0,0
2026-02-26,port183,Buenaventura,3,1,7796,690,0,2225,0,0,5570,0,0,0,690,0
2026-02-27,port183,Buenaventura,4,2,116342,5909,103096,13245,0,0,0,0,5909,0,0,0
2026-02-28,port183,Buenaventura,7,3,73112,12577,67955,0,5156,0,0,0,12577,0,0,0
2026-03-01,port183,Buenaventura,3,1,6263,15900,5185,0,0,1078,0,0,15900,0,0,0
2026-03-02,port183,Buenaventura,3,3,22874,1625,0,22874,0,0,0,0,1625,0,0,0
2026-03-03,port183,Buenaventura,4,2,55986,75998,20635,35351,0,0,0,64378,11619,0,0,0
2026-03-04,port183,Buenaventura,2,1,61981,0,44291,17690,0,0,0,0,0,0,0,0
2026-03-05,port183,Buenaventura,5,3,29952,506,0,23345,0,6606,0,0,506,0,0,0
2026-03-06,port183,Buenaventura,3,2,5562,3846,0,5562,0,0,0,0,3846,0,0,0
2026-03-07,port183,Buenaventura,2,2,1168,8616,0,1168,0,0,0,0,8616,0,0,0
2026-03-08,port183,Buenaventura,5,2,46286,2234,19109,20924,6252,0,0,0,1625,609,0,0
2026-03-09,port183,Buenaventura,8,2,121888,6528,117022,3708,0,1158,0,0,6528,0,0,0
2026-03-10,port183,Buenaventura,4,3,92377,0,55895,36481,0,0,0,0,0,0,0,0
2026-03-11,port183,Buenaventura,6,1,71424,18493,0,46173,7919,17332,0,18493,0,0,0,0
2026-03-12,port183,Buenaventura,2,1,4609,0,0,665,0,0,3944,0,0,0,0,0
2026-03-13,port183,Buenaventura,2,2,5634,804,0,5634,0,0,0,0,804,0,0,0
2026-03-14,port183,Buenaventura,4,2,57837,1261,54544,1902,1389,0,0,0,1261,0,0,0
2026-03-15,port183,Buenaventura,4,2,71381,0,41625,25369,0,4386,0,0,0,0,0,0
2026-03-16,port183,Buenaventura,4,3,9673,2431,0,6461,0,0,3212,0,2431,0,0,0
2026-03-17,port183,Buenaventura,4,1,82254,2937,70073,10327,0,1854,0,2937,0,0,0,0
2026-03-18,port183,Buenaventura,3,3,29049,0,0,29049,0,0,0,0,0,0,0,0
2026-03-19,port183,Buenaventura,4,2,102481,0,64242,38238,0,0,0,0,0,0,0,0
2026-03-20,port183,Buenaventura,3,1,8109,7207,6732,0,0,0,1376,0,7207,0,0,0
2026-03-21,port183,Buenaventura,4,3,37047,3250,24887,12160,0,0,0,0,3250,0,0,0
2026-03-22,port183,Buenaventura,5,3,15301,15327,7605,5818,0,1877,0,0,15327,0,0,0
2026-03-23,port183,Buenaventura,4,2,6936,1886,1721,5215,0,0,0,0,1886,0,0,0
2026-03-24,port183,Buenaventura,5,1,61817,67,48334,12506,0,0,976,0,0,0,0,67
2026-03-25,port183,Buenaventura,4,2,85569,0,23305,52936,9328,0,0,0,0,0,0,0
2026-03-26,port183,Buenaventura,1,1,11102,0,0,11102,0,0,0,0,0,0,0,0
2026-03-27,port183,Buenaventura,5,2,99249,0,81432,14126,0,3690,0,0,0,0,0,0
2026-03-28,port183,Buenaventura,3,2,12495,1625,0,12495,0,0,0,0,1625,0,0,0
2026-03-29,port183,Buenaventura,6,4,54796,6045,51437,1329,0,0,2029,0,6045,0,0,0
2026-03-30,port183,Buenaventura,6,2,66131,18689,66131,0,0,0,0,0,18689,0,0,0
2026-03-31,port183,Buenaventura,5,2,32416,25291,20635,10763,0,0,1017,2937,1625,0,20729,0
2026-04-01,port183,Buenaventura,3,3,32003,0,0,32003,0,0,0,0,0,0,0,0
2026-04-02,port183,Buenaventura,0,0,0,0,0,0,0,0,0,0,0,0,0,0
2026-04-03,port183,Buenaventura,2,1,948,0,0,510,0,438,0,0,0,0,0,0
2026-04-04,port183,Buenaventura,4,3,59375,1625,51386,7989,0,0,0,0,1625,0,0,0
2026-04-05,port183,Buenaventura,7,3,123630,34553,109060,7964,0,6606,0,27134,7418,0,0,0
2026-04-06,port183,Buenaventura,3,2,18816,2049,0,18816,0,0,0,0,1610,0,438,0
2026-04-07,port183,Buenaventura,3,2,31485,0,0,30117,0,0,1368,0,0,0,0,0
2026-04-08,port183,Buenaventura,4,2,30359,5818,20635,7436,2286,0,0,2937,2881,0,0,0
2026-04-09,port183,Buenaventura,4,2,55361,0,47340,8020,0,0,0,0,0,0,0,0
2026-04-10,port183,Buenaventura,3,3,31884,0,0,31884,0,0,0,0,0,0,0,0
2026-04-11,port183,Buenaventura,3,1,83047,0,70844,12202,0,0,0,0,0,0,0,0
2026-04-12,port183,Buenaventura,3,2,30163,4562,20635,9527,0,0,0,2937,1625,0,0,0
2026-04-13,port183,Buenaventura,3,2,35294,0,0,27600,7694,0,0,0,0,0,0,0
2026-04-14,port183,Buenaventura,2,0,17382,0,0,0,0,17382,0,0,0,0,0,0
2026-04-15,port183,Buenaventura,3,2,42719,7347,23407,19311,0,0,0,0,7347,0,0,0
2026-04-16,port183,Buenaventura,2,0,5570,609,0,0,5570,0,0,0,0,609,0,0
2026-04-17,port183,Buenaventura,6,3,160337,0,103292,33842,0,23202,0,0,0,0,0,0
2026-04-18,port183,Buenaventura,3,1,20058,63724,20058,0,0,0,0,59227,4496,0,0,0
2026-04-19,port183,Buenaventura,6,5,47053,9623,34160,12892,0,0,0,0,9623,0,0,0
2026-04-20,port183,Buenaventura,4,3,36382,1541,12677,23705,0,0,0,0,1541,0,0,0
2026-04-21,port183,Buenaventura,2,2,30321,0,0,30321,0,0,0,0,0,0,0,0
2026-04-22,port183,Buenaventura,2,1,20351,67,0,19375,0,0,976,0,0,0,0,67
2026-04-23,port183,Buenaventura,4,1,67968,1860,62406,5562,0,0,0,0,1625,235,0,0
2026-04-24,port183,Buenaventura,4,2,24603,0,0,22363,2239,0,0,0,0,0,0,0
2026-04-25,port183,Buenaventura,2,2,7583,1625,0,7583,0,0,0,0,1625,0,0,0
2026-04-26,port183,Buenaventura,5,2,41082,8644,37377,3705,0,0,0,0,8644,0,0,0
2026-04-27,port183,Buenaventura,5,4,27579,7940,0,27579,0,0,0,0,7017,0,922,0
2026-04-28,port183,Buenaventura,7,4,56664,6081,21119,35544,0,0,0,2937,3144,0,0,0
2026-04-29,port183,Buenaventura,1,0,9352,0,9352,0,0,0,0,0,0,0,0,0
2026-04-30,port183,Buenaventura,4,2,21502,1625,0,17415,0,0,4087,0,1625,0,0,0
2026-05-01,port183,Buenaventura,3,2,27798,1625,19198,8600,0,0,0,0,1625,0,0,0
2026-05-02,port183,Buenaventura,3,2,8095,1625,0,8095,0,0,0,0,1625,0,0,0
2026-05-03,port183,Buenaventura,6,4,92323,1127,87392,4930,0,0,0,0,1127,0,0,0
2026-05-04,port183,Buenaventura,6,4,50677,12170,20635,24532,0,5508,0,2937,8585,0,647,0
2026-05-05,port183,Buenaventura,3,1,11774,3325,0,0,8622,3151,0,0,3325,0,0,0
2026-05-06,port183,Buenaventura,2,1,70504,0,52129,18375,0,0,0,0,0,0,0,0
2026-05-07,port183,Buenaventura,4,3,47922,0,7473,40448,0,0,0,0,0,0,0,0
2026-05-08,port183,Buenaventura,3,3,27824,0,0,27824,0,0,0,0,0,0,0,0
2026-05-09,port183,Buenaventura,4,3,11024,8371,0,5191,0,5832,0,0,8371,0,0,0
2026-05-10,port183,Buenaventura,4,2,8932,1625,0,6574,0,0,2357,0,1625,0,0,0
2026-05-11,port183,Buenaventura,1,1,0,1156,0,0,0,0,0,0,1156,0,0,0
2026-05-12,port183,Buenaventura,3,1,18080,609,0,12068,5570,441,0,0,0,609,0,0
2026-05-13,port183,Buenaventura,6,1,66092,0,59979,3336,388,0,2388,0,0,0,0,0
2026-05-14,port183,Buenaventura,4,1,82004,0,50783,10757,0,20463,0,0,0,0,0,0
2026-05-15,port183,Buenaventura,1,1,2549,0,0,2549,0,0,0,0,0,0,0,0
2026-05-16,port183,Buenaventura,5,3,49402,3337,48287,1114,0,0,0,2937,400,0,0,0
2026-05-17,port183,Buenaventura,3,3,32710,775,0,32710,0,0,0,0,775,0,0,0
2026-05-18,port183,Buenaventura,4,4,50605,1625,0,50605,0,0,0,0,1625,0,0,0
2026-05-19,port183,Buenaventura,5,1,40861,1601,13087,0,21065,0,6707,0,1601,0,0,0
2026-05-20,port183,Buenaventura,3,1,18981,549,4234,14747,0,0,0,549,0,0,0,0
2026-05-21,port183,Buenaventura,1,1,25754,0,0,25754,0,0,0,0,0,0,0,0
2026-05-22,port183,Buenaventura,2,2,34964,0,0,34964,0,0,0,0,0,0,0,0
2026-05-23,port183,Buenaventura,4,1,49494,2937,46971,2523,0,0,0,2937,0,0,0,0
2026-05-24,port183,Buenaventura,2,2,254,3386,0,254,0,0,0,0,3386,0,0,0
2026-05-25,port183,Buenaventura,5,4,26947,61637,0,26947,0,0,0,60864,773,0,0,0
2026-05-26,port183,Buenaventura,4,2,127455,0,101742,25712,0,0,0,0,0,0,0,0
2026-05-27,port183,Buenaventura,1,1,19780,0,0,19780,0,0,0,0,0,0,0,0
2026-05-28,port183,Buenaventura,4,1,44290,0,26661,17629,0,0,0,0,0,0,0,0
2026-05-29,port183,Buenaventura,4,3,36794,2137,0,36794,0,0,0,0,2137,0,0,0
2026-05-30,port183,Buenaventura,3,2,13626,647,0,8118,0,5508,0,0,0,0,647,0
2026-05-31,port183,Buenaventura,2,2,0,3385,0,0,0,0,0,0,3385,0,0,0
2026-06-01,port183,Buenaventura,7,5,41970,12289,0,38416,0,0,3554,10713,1575,0,0,0
2026-06-02,port183,Buenaventura,1,0,0,1161,0,0,0,0,0,1161,0,0,0,0
2026-06-03,port183,Buenaventura,2,1,4623,0,1211,3412,0,0,0,0,0,0,0,0
2026-06-04,port183,Buenaventura,1,1,10221,0,0,10221,0,0,0,0,0,0,0,0
2026-06-05,port183,Buenaventura,5,2,91173,0,52287,38885,0,0,0,0,0,0,0,0
2026-06-06,port183,Buenaventura,5,3,42411,10793,20635,17107,0,4667,0,2937,7855,0,0,0
2026-06-07,port183,Buenaventura,3,2,13378,57904,0,13378,0,0,0,56279,1625,0,0,0
2026-06-08,port183,Buenaventura,4,3,59422,5321,53867,5554,0,0,0,0,5321,0,0,0
2026-06-09,port183,Buenaventura,3,2,24712,0,0,24712,0,0,0,0,0,0,0,0
2026-06-10,port183,Buenaventura,2,0,17264,0,3379,0,13884,0,0,0,0,0,0,0
2026-06-11,port183,Buenaventura,3,2,42200,0,0,42200,0,0,0,0,0,0,0,0
2026-06-12,port183,Buenaventura,2,2,3301,0,0,3301,0,0,0,0,0,0,0,0
2026-06-13,port183,Buenaventura,1,1,5562,1625,0,5562,0,0,0,0,1625,0,0,0
2026-06-14,port183,Buenaventura,3,2,16942,0,0,16942,0,0,0,0,0,0,0,0
2026-06-15,port183,Buenaventura,5,4,10349,8155,0,10349,0,0,0,0,8155,0,0,0
2026-06-16,port183,Buenaventura,5,0,141049,647,135540,0,0,5508,0,0,0,0,647,0
2026-06-17,port183,Buenaventura,2,1,33683,0,26612,7070,0,0,0,0,0,0,0,0
2026-06-18,port183,Buenaventura,4,2,99737,0,53175,45401,0,1160,0,0,0,0,0,0
2026-06-19,port183,Buenaventura,4,2,50474,2937,20635,29838,0,0,0,2937,0,0,0,0
2026-06-20,port183,Buenaventura,5,4,3329,13411,0,3329,0,0,0,0,13411,0,0,0
2026-06-21,port183,Buenaventura,4,2,1413,7608,0,0,0,1413,0,0,7608,0,0,0
2026-06-22,port183,Buenaventura,4,1,38845,7590,33274,0,5570,0,0,0,6980,609,0,0
2026-06-23,port183,Buenaventura,3,0,26801,647,0,0,0,26801,0,0,0,0,647,0
2026-06-24,port183,Buenaventura,0,0,0,0,0,0,0,0,0,0,0,0,0,0
2026-06-25,port183,Buenaventura,4,3,47679,1625,0,44882,0,2797,0,0,1625,0,0,0
2026-06-26,port183,Buenaventura,6,2,78064,3778,68282,9781,0,0,0,0,0,0,3778,0
2026-06-27,port183,Buenaventura,5,2,53499,11968,52222,0,1277,0,0,0,11968,0,0,0
2026-06-28,port183,Buenaventura,3,3,5562,26641,0,5562,0,0,0,0,26641,0,0,0
2026-06-29,port183,Buenaventura,6,4,126305,5424,91239,35065,0,0,0,0,5424,0,0,0
2026-06-30,port183,Buenaventura,5,1,31931,0,15631,13315,235,0,2748,0,0,0,0,0
2026-07-01,port183,Buenaventura,5,4,35569,1549,0,35569,0,0,0,0,0,0,1549,0
2026-07-02,port183,Buenaventura,1,0,27343,0,27343,0,0,0,0,0,0,0,0,0
2026-07-03,port183,Buenaventura,5,3,54420,1625,0,35710,0,18709,0,0,1625,0,0,0
2026-07-04,port183,Buenaventura,2,1,8041,13619,8041,0,0,0,0,0,13619,0,0,0
2026-07-05,port183,Buenaventura,3,3,32836,1625,0,32836,0,0,0,0,1625,0,0,0
2026-07-06,port183,Buenaventura,4,3,20138,3778,1669,18469,0,0,0,0,3778,0,0,0
2026-07-07,port183,Buenaventura,2,1,25451,0,12483,12968,0,0,0,0,0,0,0,0
2026-07-08,port183,Buenaventura,6,4,49565,1625,1729,47835,0,0,0,0,1625,0,0,0
2026-07-09,port183,Buenaventura,4,2,40931,0,0,31040,0,0,9890,0,0,0,0,0
2026-07-10,port183,Buenaventura,3,1,36536,0,12165,23428,0,942,0,0,0,0,0,0
2026-07-11,port183,Buenaventura,4,3,12581,0,0,12581,0,0,0,0,0,0,0,0
2026-07-12,port183,Buenaventura,7,5,71273,9673,51442,19394,0,436,0,0,9673,0,0,0
2026-07-13,port183,Buenaventura,5,3,38415,6194,13192,17125,0,8097,0,0,6194,0,0,0
2026-07-14,port183,Buenaventura,2,1,5608,0,0,2577,0,0,3030,0,0,0,0,0
2026-07-15,port183,Buenaventura,5,2,49380,81,9946,38269,0,1165,0,0,0,0,81,0
2026-07-16,port183,Buenaventura,4,1,47042,0,44854,2187,0,0,0,0,0,0,0,0
2026-07-17,port183,Buenaventura,5,4,64675,0,11060,53615,0,0,0,0,0,0,0,0
2026-07-18,port183,Buenaventura,4,3,20163,7811,0,20163,0,0,0,0,7811,0,0,0
2026-07-19,port183,Buenaventura,3,2,14188,2745,0,14188,0,0,0,0,2745,0,0,0
2026-07-20,port183,Buenaventura,3,2,6022,7252,0,5562,0,0,460,0,7252,0,0,0
2026-07-21,port183,Buenaventura,4,2,76823,0,55434,20247,0,1141,0,0,0,0,0,0
2026-07-22,port183,Buenaventura,4,2,42035,2937,20635,21399,0,0,0,2937,0,0,0,0
2026-07-23,port183,Buenaventura,3,1,4801,58452,0,0,0,0,4801,54118,4333,0,0,0
2026-07-24,port183,Buenaventura,5,2,94942,3546,72009,17362,5570,0,0,2937,0,609,0,0
2026-07-25,port183,Buenaventura,4,3,37806,10917,35571,2234,0,0,0,0,10917,0,0,0
2026-07-26,port183,Buenaventura,4,3,69776,3352,56738,13038,0,0,0,0,3352,0,0,0
2026-07-27,port183,Buenaventura,4,2,18307,357,2325,15982,0,0,0,0,357,0,0,0
2026-07-28,port183,Buenaventura,4,1,59725,2937,56760,2964,0,0,0,2937,0,0,0,0
2026-07-29,port183,Buenaventura,4,1,33753,2937,29498,3336,0,0,917,2937,0,0,0,0
2026-07-30,port183,Buenaventura,1,1,1452,0,0,1452,0,0,0,0,0,0,0,0
2026-07-31,port183,Buenaventura,4,3,17237,2308,0,17237,0,0,0,0,2308,0,0,0
2026-08-01,port183,Buenaventura,4,2,56698,0,32215,17876,0,6606,0,0,0,0,0,0
2026-08-02,port183,Buenaventura,2,2,289,6588,0,289,0,0,0,0,6588,0,0,0
2026-08-03,port183,Buenaventura,5,3,22679,0,7194,15485,0,0,0,0,0,0,0,0
2026-08-04,port183,Buenaventura,2,1,17594,0,0,14517,3076,0,0,0,0,0,0,0
2026-08-05,port183,Buenaventura,2,1,25144,29,17797,7347,0,0,0,29,0,0,0,0
2026-08-06,port183,Buenaventura,4,0,53763,96,33973,0,0,18814,976,29,0,0,0,67
2026-08-07,port183,Buenaventura,6,3,52575,609,24948,22055,5570,0,0,0,0,609,0,0
2026-08-08,port183,Buenaventura,4,3,12239,2734,0,12239,0,0,0,0,2734,0,0,0
2026-08-09,port183,Buenaventura,2,1,26752,0,26752,0,0,0,0,0,0,0,0,0
2026-08-10,port183,Buenaventura,3,1,2027,1606,0,0,0,1051,976,0,1539,0,0,67
2026-08-11,port183,Buenaventura,3,2,57077,2937,20635,36441,0,0,0,2937,0,0,0,0
2026-08-12,port183,Buenaventura,3,1,34567,0,8277,26289,0,0,0,0,0,0,0,0
2026-08-13,port183,Buenaventura,1,0,20635,2937,20635,0,0,0,0,2937,0,0,0,0
2026-08-14,port183,Buenaventura,6,2,74830,12967,61907,5562,0,7360,0,8811,4156,0,0,0
2026-08-15,port183,Buenaventura,3,2,15748,609,0,10177,5570,0,0,0,0,609,0,0
2026-08-16,port183,Buenaventura,4,1,54602,12251,41271,0,0,13330,0,5874,6377,0,0,0
2026-08-17,port183,Buenaventura,4,2,9013,12177,2286,5562,0,1165,0,0,12096,0,81,0
2026-08-18,port183,Buenaventura,2,1,26198,4562,20635,5562,0,0,0,2937,1625,0,0,0
2026-08-19,port183,Buenaventura,3,1,46833,7499,41271,5562,0,0,0,5874,1625,0,0,0
2026-08-20,port183,Buenaventura,2,0,6484,715,0,0,0,5508,976,0,0,0,647,67
2026-08-21,port183,Buenaventura,3,2,47677,1625,0,32087,0,15589,0,0,1625,0,0,0
2019-01-07,port218,Cartagena,11,7,66530,10803,23382,37940,3856,1352,0,0,9112,1690,0,0
2019-01-08,port218,Cartagena,12,6,21133,58111,0,9690,888,10553,0,0,15119,6560,36431,0
2019-01-09,port218,Cartagena,12,6,25801,24193,0,21181,888,3730,0,1490,10753,11950,0,0
2019-01-10,port218,Cartagena,5,4,29574,11850,0,29574,0,0,0,0,11850,0,0,0
2019-01-11,port218,Cartagena,8,6,20828,50662,0,14354,0,6473,0,0,12180,0,38481,0
2019-01-12,port218,Cartagena,10,8,38184,13382,0,36654,0,0,1529,2605,10776,0,0,0
2019-01-13,port218,Cartagena,8,3,17548,12563,8474,3908,0,5165,0,7042,5073,0,447,0
2019-01-14,port218,Cartagena,11,6,27639,8679,0,16812,2063,7937,825,0,8593,0,0,86
2019-01-15,port218,Cartagena,7,4,103056,47193,0,29781,0,73274,0,0,4556,0,42637,0
2019-01-16,port218,Cartagena,6,5,8818,8461,0,8818,0,0,0,0,8461,0,0,0
2019-01-17,port218,Cartagena,8,4,27520,11627,14043,6127,0,7349,0,0,7540,1255,2831,0
2019-01-18,port218,Cartagena,13,10,35360,25916,0,31840,888,2631,0,0,24458,1458,0,0
2019-01-19,port218,Cartagena,9,5,28306,91493,0,18825,4204,5276,0,34018,8262,0,49213,0
2019-01-20,port218,Cartagena,11,5,91577,133366,0,11863,0,79713,0,0,10830,0,122535,0
2019-01-21,port218,Cartagena,7,6,13923,14349,0,13663,0,260,0,0,14349,0,0,0
2019-01-22,port218,Cartagena,7,5,33753,11303,5810,22550,0,5392,0,0,11303,0,0,0
2019-01-23,port218,Cartagena,8,8,9559,15763,0,9559,0,0,0,0,15763,0,0,0
2019-01-24,port218,Cartagena,8,3,20951,138119,0,9757,888,10304,0,0,4480,1458,132180,0
2019-01-25,port218,Cartagena,12,8,28491,28900,0,23215,0,5276,0,0,19694,0,9206,0
2019-01-26,port218,Cartagena,11,6,50044,12606,27316,9035,2895,10797,0,7559,5047,0,0,0
2019-01-27,port218,Cartagena,7,7,13595,7763,0,13595,0,0,0,0,7763,0,0,0
2019-01-28,port218,Cartagena,7,3,31014,92228,0,31014,0,0,0,49131,2449,0,40647,0
2019-01-29,port218,Cartagena,8,5,15595,9486,0,14706,888,0,0,1193,6834,1458,0,0
2019-01-30,port218,Cartagena,7,4,19500,41993,0,7088,0,12412,0,0,4933,0,37059,0
2019-01-31,port218,Cartagena,6,4,7509,13460,0,1343,888,5276,0,0,11886,1458,115,0
2019-02-01,port218,Cartagena,13,9,26143,58353,0,24988,1155,0,0,40011,14428,3913,0,0
2019-02-02,port218,Cartagena,8,4,32463,16817,48,28423,0,0,3990,7042,9602,0,0,172
2019-02-03,port218,Cartagena,9,6,21067,8069,0,14007,0,7060,0,0,5883,2185,0,0
2019-02-04,port218,Cartagena,7,2,11400,5765,0,2939,1777,6682,0,0,2848,2917,0,0
2019-02-05,port218,Cartagena,7,5,8393,45154,0,8393,0,0,0,0,17066,0,28088,0
2019-02-06,port218,Cartagena,9,6,16569,58913,0,11757,0,4811,0,0,12342,0,46571,0
2019-02-07,port218,Cartagena,15,8,54897,24466,14428,27991,0,12476,0,0,7068,5587,11809,0
2019-02-08,port218,Cartagena,10,6,18897,13822,0,8162,0,10734,0,0,13707,0,115,0
2019-02-09,port218,Cartagena,7,5,13964,5598,0,13964,0,0,0,0,5598,0,0,0
2019-02-10,port218,Cartagena,10,5,54705,5720,0,42503,888,11312,0,0,2417,1458,115,1729
2019-02-11,port218,Cartagena,10,4,15383,56219,0,8081,7301,0,0,53454,2765,0,0,0
2019-02-12,port218,Cartagena,6,4,7967,47242,0,2939,0,5028,0,0,19348,0,27893,0
2019-02-13,port218,Cartagena,13,7,27176,9897,0,18024,3875,5276,0,0,5599,4182,115,0
2019-02-14,port218,Cartagena,9,6,24027,20779,0,16645,888,6493,0,0,1495,19284,0,0
2019-02-15,port218,Cartagena,12,6,27593,54655,0,22462,4305,0,825,2668,6844,1458,43598,86
2019-02-16,port218,Cartagena,8,4,20562,17330,0,16652,888,3020,0,0,3398,1458,12473,0
2019-02-17,port218,Cartagena,6,3,13889,61039,0,8612,0,5276,0,0,2850,0,58188,0
2019-02-18,port218,Cartagena,8,5,12684,6834,0,11725,959,0,0,0,6834,0,0,0
2019-02-19,port218,Cartagena,6,3,65242,8126,62303,2939,0,0,0,0,6681,0,1445,0
2019-02-20,port218,Cartagena,8,6,17356,21926,11143,6213,0,0,0,10474,8384,3067,0,0
2019-02-21,port218,Cartagena,15,9,26769,96331,0,18372,888,6682,825,0,14553,1458,80233,86
2019-02-22,port218,Cartagena,9,6,26809,82761,0,19749,0,7060,0,0,11384,0,71377,0
2019-02-23,port218,Cartagena,12,10,20905,24009,0,20016,888,0,0,0,21047,2962,0,0
2019-02-24,port218,Cartagena,7,5,16841,6786,0,11448,0,5392,0,0,6786,0,0,0
2019-02-25,port218,Cartagena,8,3,11468,70730,0,5366,0,5276,825,4800,2278,0,63566,86
2019-02-26,port218,Cartagena,7,5,4053,51182,0,4053,0,0,0,0,10111,0,41071,0
2019-02-27,port218,Cartagena,12,6,16785,43393,0,11757,0,5028,0,0,16097,0,27296,0
2019-02-28,port218,Cartagena,8,4,17036,13312,0,11757,5095,182,0,0,9112,4200,0,0
2019-03-01,port218,Cartagena,11,7,20447,35593,0,12501,596,7349,0,13060,22533,0,0,0
2019-03-02,port218,Cartagena,6,2,31897,63160,0,26012,1942,3942,0,49072,2278,0,11809,0
2019-03-03,port218,Cartagena,5,5,23364,5043,0,23364,0,0,0,0,5043,0,0,0
2019-03-04,port218,Cartagena,6,4,17034,9640,0,11757,0,5276,0,0,9112,413,115,0
2019-03-05,port218,Cartagena,7,5,31255,8019,0,20808,0,6697,3749,0,8019,0,0,0
2019-03-06,port218,Cartagena,11,6,25942,41966,12733,13209,0,0,0,2644,13200,2338,23782,0
2019-03-07,port218,Cartagena,12,6,14811,16663,0,8577,3602,2631,0,0,15204,1458,0,0
2019-03-08,port218,Cartagena,11,7,70494,15858,54912,14307,156,1118,0,7042,8815,0,0,0
2019-03-09,port218,Cartagena,10,7,102803,9282,51656,47310,3836,0,0,0,7823,1458,0,0
2019-03-10,port218,Cartagena,8,3,12127,111094,0,4425,7701,0,0,0,6022,1458,103613,0
2019-03-11,port218,Cartagena,10,6,34087,5457,0,32436,0,0,1651,0,4462,822,0,172
2019-03-12,port218,Cartagena,9,3,47449,8242,33616,5599,228,6473,1531,0,6202,2040,0,0
2019-03-13,port218,Cartagena,10,5,15968,54372,0,10617,888,4461,0,2758,6850,4693,40068,0
2019-03-14,port218,Cartagena,9,7,17405,23306,0,17405,0,0,0,0,19950,0,3355,0
2019-03-15,port218,Cartagena,11,6,32874,36840,0,26874,0,3150,2849,0,17384,2302,17153,0
2019-03-16,port218,Cartagena,10,3,105124,12216,75086,26928,888,2219,0,0,9022,3193,0,0
2019-03-17,port218,Cartagena,10,7,21634,18198,0,17725,888,3020,0,0,2098,1458,14641,0
2019-03-18,port218,Cartagena,15,7,20825,55200,8204,5878,888,5028,825,0,29988,1458,23667,86
2019-03-19,port218,Cartagena,6,3,11155,44371,0,5878,0,5276,0,0,11154,0,33217,0
2019-03-20,port218,Cartagena,10,5,22127,13495,0,10582,888,10656,0,0,11921,1458,115,0
2019-03-21,port218,Cartagena,8,6,13860,5005,0,12971,888,0,0,0,1774,1458,0,1772
2019-03-22,port218,Cartagena,13,8,24736,80605,0,14391,7325,3020,0,0,28169,0,52436,0
2019-03-23,port218,Cartagena,9,6,32439,26402,48,29740,1825,0,825,7042,19273,0,0,86
2019-03-24,port218,Cartagena,6,3,17925,4462,0,7789,888,5639,3607,0,3003,1458,0,0
2019-03-25,port218,Cartagena,11,6,54407,59256,25593,27925,888,0,0,50963,6834,1458,0,0
2019-03-26,port218,Cartagena,12,5,24057,37780,0,7426,4031,12088,510,0,12381,786,24613,0
2019-03-27,port218,Cartagena,10,5,63944,50439,0,6689,947,56307,0,0,6464,1503,42471,0
2019-03-28,port218,Cartagena,9,6,19480,91694,0,19251,228,0,0,2451,6192,1938,81111,0
2019-03-29,port218,Cartagena,7,7,26436,7945,0,26436,0,0,0,0,7945,0,0,0
2019-03-30,port218,Cartagena,11,5,40310,159528,0,33567,888,5028,825,0,12416,10987,136038,86
2019-03-31,port218,Cartagena,8,5,16388,37287,1728,14168,491,0,0,37287,0,0,0,0
2019-04-01,port218,Cartagena,11,6,39457,18644,0,24793,0,11520,3143,0,6834,0,11809,0
2019-04-02,port218,Cartagena,6,3,5878,12856,0,5878,0,0,0,0,11410,0,1445,0
2019-04-03,port218,Cartagena,10,4,42511,93124,27177,4787,5167,5379,0,45445,5302,1458,40917,0
2019-04-04,port218,Cartagena,13,9,20508,30941,0,13349,1777,5380,0,0,24668,2917,3355,0
2019-04-05,port218,Cartagena,11,8,21185,50672,0,18308,0,0,2876,0,12615,0,37971,86
2019-04-06,port218,Cartagena,7,4,28900,9725,0,21284,0,5276,2339,0,5874,3735,115,0
2019-04-07,port218,Cartagena,10,6,29116,73763,48,15852,0,13214,0,7042,7824,0,58895,0
2019-04-08,port218,Cartagena,10,7,60620,13222,46025,14594,0,0,0,0,13222,0,0,0
2019-04-09,port218,Cartagena,7,6,75092,8878,51195,23896,0,0,0,0,8878,0,0,0
2019-04-10,port218,Cartagena,8,5,2939,23548,0,2939,0,0,0,912,15525,0,7110,0
2019-04-11,port218,Cartagena,12,7,93469,13076,0,21634,1117,69891,825,0,9593,3397,0,86
2019-04-12,port218,Cartagena,11,7,25014,36124,0,14933,0,10081,0,0,24314,0,11809,0
2019-04-13,port218,Cartagena,9,4,40807,44123,3430,31335,5468,572,0,0,3392,0,40731,0
2019-04-14,port218,Cartagena,11,6,37605,28645,0,16065,0,21539,0,0,4509,2878,21257,0
2019-04-15,port218,Cartagena,10,4,70162,11129,0,7870,1422,58340,2528,2451,4556,4121,0,0
2019-04-16,port218,Cartagena,12,8,20021,47956,0,5459,4257,10304,0,0,26137,0,21819,0
2019-04-17,port218,Cartagena,11,6,29392,30038,0,27614,1777,0,0,0,12049,17989,0,0
2019-04-18,port218,Cartagena,10,4,35880,37198,20362,8085,2404,5028,0,0,9142,6798,21257,0
2019-04-19,port218,Cartagena,16,9,55832,69742,0,20611,1092,33303,825,0,10905,0,58750,86
2019-04-20,port218,Cartagena,8,4,65253,86492,31093,28883,0,5276,0,0,10352,0,76139,0
2019-04-21,port218,Cartagena,9,5,113543,82375,0,4920,0,107797,825,0,4305,0,77983,86
2019-04-22,port218,Cartagena,9,5,23608,58393,11143,11576,888,0,0,10474,11148,3124,33645,0
2019-04-23,port218,Cartagena,9,7,13497,10104,0,8909,0,4588,0,0,10104,0,0,0
2019-04-24,port218,Cartagena,7,4,4496,52921,48,4447,0,0,0,7042,1529,0,41867,2481
2019-04-25,port218,Cartagena,12,6,21991,16580,0,2291,1052,18647,0,0,15007,1458,115,0
2019-04-26,port218,Cartagena,13,8,107649,19068,0,18183,0,88954,511,0,19068,0,0,0
2019-04-27,port218,Cartagena,8,4,26592,50286,0,21315,0,5276,0,0,6000,1603,42681,0
2019-04-28,port218,Cartagena,9,5,12026,46957,0,9393,888,1744,0,0,1773,5598,39585,0
2019-04-29,port218,Cartagena,10,6,18134,30125,0,17245,888,0,0,19654,7302,2721,447,0
2019-04-30,port218,Cartagena,8,4,14759,43974,0,8842,888,5028,0,0,16575,6140,21257,0
2019-05-01,port218,Cartagena,14,9,57772,16634,34792,15443,0,7537,0,2451,14182,0,0,0
2019-05-02,port218,Cartagena,7,4,36402,9112,0,11757,0,24644,0,0,9112,0,0,0
2019-05-03,port218,Cartagena,12,9,31964,49323,0,12032,0,19932,0,0,18430,0,30892,0
2019-05-04,port218,Cartagena,7,3,53331,5531,0,51616,888,0,825,0,3987,1458,0,86
2019-05-05,port218,Cartagena,9,5,90910,28064,0,13574,888,76446,0,0,25159,1458,1446,0
2019-05-06,port218,Cartagena,10,8,26977,16373,0,26977,0,0,0,0,16373,0,0,0
2019-05-07,port218,Cartagena,7,5,27261,4853,0,19999,0,7262,0,0,4738,0,115,0
2019-05-08,port218,Cartagena,11,6,31450,47030,0,5796,888,24765,0,0,11800,4337,30892,0
2019-05-09,port218,Cartagena,10,5,34282,28880,22286,2840,3416,5276,461,20949,7815,0,115,0
2019-05-10,port218,Cartagena,6,5,40224,5432,28822,11401,0,0,0,0,5432,0,0,0
2019-05-11,port218,Cartagena,6,3,35019,23546,0,29742,0,5276,0,2668,2278,0,18600,0
2019-05-12,port218,Cartagena,5,4,11396,987,0,11396,0,0,0,0,987,0,0,0
2019-05-13,port218,Cartagena,14,7,45167,55388,0,29109,888,15169,0,0,8511,6030,40846,0
2019-05-14,port218,Cartagena,10,7,13505,118964,0,13505,0,0,0,0,14212,0,104752,0
2019-05-15,port218,Cartagena,11,5,20482,99026,0,6850,888,12743,0,22081,13807,1458,61678,0
2019-05-16,port218,Cartagena,9,7,12819,10224,0,10050,0,2769,0,0,10224,0,0,0
2019-05-17,port218,Cartagena,12,7,25386,17294,0,21406,2149,0,1830,0,14880,2413,0,0
2019-05-18,port218,Cartagena,8,3,68145,9744,35802,26840,0,4676,825,0,6669,0,2989,86
2019-05-19,port218,Cartagena,6,5,3365,3324,0,3365,0,0,0,0,3324,0,0,0
2019-05-20,port218,Cartagena,8,4,34956,17200,11143,19936,0,3051,825,12926,4188,0,0,86
2019-05-21,port218,Cartagena,12,7,30603,38816,0,17667,0,12936,0,0,7245,1856,29714,0
2019-05-22,port218,Cartagena,9,3,12101,16361,0,0,888,11212,0,1789,11641,2816,115,0
2019-05-23,port218,Cartagena,10,6,30030,42799,0,28316,888,0,825,0,2278,2747,37687,86
2019-05-24,port218,Cartagena,11,6,39634,24838,0,7865,5900,25868,0,0,21482,0,3355,0
2019-05-25,port218,Cartagena,7,5,35712,2442,0,30436,0,5276,0,0,2442,0,0,0
2019-05-26,port218,Cartagena,11,6,16355,44282,0,16355,0,0,0,0,5204,3194,35884,0
2019-05-27,port218,Cartagena,10,5,18908,16755,4389,10924,888,2705,0,1448,3433,1458,10415,0
2019-05-28,port218,Cartagena,8,5,34401,47557,0,19841,2849,11710,0,0,26299,0,21257,0
2019-05-29,port218,Cartagena,10,7,21509,14355,0,12905,888,7715,0,2668,10228,1458,0,0
2019-05-30,port218,Cartagena,9,7,8334,21643,0,7445,888,0,0,0,19965,1677,0,0
2019-05-31,port218,Cartagena,11,8,24124,22477,0,20158,0,1349,2615,0,22477,0,0,0
2019-06-01,port218,Cartagena,11,6,56109,3947,10281,35289,0,8057,2481,0,3832,0,115,0
2019-06-02,port218,Cartagena,7,3,56042,63582,0,2920,0,53122,0,0,3253,0,60329,0
2019-06-03,port218,Cartagena,13,5,33864,45940,11143,15509,151,7060,0,37810,4773,0,3355,0
2019-06-04,port218,Cartagena,7,4,9168,34678,0,8279,888,0,0,0,5294,1805,27578,0
2019-06-05,port218,Cartagena,10,6,22481,42474,0,14622,0,7349,509,28660,13813,0,0,0
2019-06-06,port218,Cartagena,5,3,888,53646,0,0,888,0,0,47030,5157,1458,0,0
2019-06-07,port218,Cartagena,12,10,24411,15925,0,19135,0,5276,0,0,14144,1665,115,0
2019-06-08,port218,Cartagena,7,4,44598,56009,0,33677,0,10920,0,0,3015,3913,49080,0
2019-06-09,port218,Cartagena,7,3,39794,3657,34115,3963,888,0,825,0,954,1458,1158,86
2019-06-10,port218,Cartagena,14,9,42320,45358,0,41268,1052,0,0,0,13765,3315,28277,0
2019-06-11,port218,Cartagena,10,6,22424,28293,5012,13540,0,0,3872,0,15187,0,13106,0
2019-06-12,port218,Cartagena,11,6,96016,10657,0,16465,888,78662,0,1638,7101,1458,0,458
2019-06-13,port218,Cartagena,12,6,56860,51653,35017,9024,6345,6473,0,0,6951,0,44702,0
2019-06-14,port218,Cartagena,12,8,30439,33156,5287,22306,888,1956,0,0,28342,1458,3355,0
2019-06-15,port218,Cartagena,11,7,26306,112082,20573,5732,0,0,0,0,26301,163,85617,0
2019-06-16,port218,Cartagena,9,6,16897,21523,0,9836,0,7060,0,0,15234,6289,0,0
2019-06-17,port218,Cartagena,9,5,26281,13278,11143,11298,0,3014,825,10474,2717,0,0,86
2019-06-18,port218,Cartagena,8,5,51000,7788,0,4175,0,46825,0,0,7673,0,115,0
2019-06-19,port218,Cartagena,6,5,2939,10224,0,2939,0,0,0,0,9316,908,0,0
2019-06-20,port218,Cartagena,12,4,57778,50139,0,6991,888,49898,0,7559,1283,2691,38605,0
2019-06-21,port218,Cartagena,11,8,32595,22033,0,18842,0,13752,0,0,10223,0,11809,0
2019-06-22,port218,Cartagena,5,2,19854,5170,0,13715,0,6139,0,0,3364,1690,115,0
2019-06-23,port218,Cartagena,6,5,26951,0,0,22632,0,4319,0,0,0,0,0,0
2019-06-24,port218,Cartagena,10,5,18482,47466,0,16503,888,1089,0,0,4556,1458,41451,0
2019-06-25,port218,Cartagena,9,5,15811,45016,2884,7898,0,5028,0,0,20402,0,24613,0
2019-06-26,port218,Cartagena,11,7,20564,48238,0,13202,0,7362,0,0,6922,0,41315,0
2019-06-27,port218,Cartagena,8,4,62096,8701,49968,3524,888,7715,0,0,7242,1458,0,0
2019-06-28,port218,Cartagena,14,9,33308,44245,3629,21120,0,7733,825,0,21330,0,22828,86
2019-06-29,port218,Cartagena,12,7,67704,52532,0,53037,888,11329,2448,1342,11990,1458,37742,0
2019-06-30,port218,Cartagena,4,2,15947,7162,0,8886,0,7060,0,2904,4258,0,0,0
2019-07-01,port218,Cartagena,9,5,45635,41402,0,39371,0,6263,0,39124,2278,0,0,0
2019-07-02,port218,Cartagena,12,7,36057,54092,14183,21413,0,0,460,0,15478,2729,35884,0
2019-07-03,port218,Cartagena,10,6,11580,10752,0,9802,1777,0,0,0,5112,5639,0,0
2019-07-04,port218,Cartagena,10,6,6181,10716,0,4430,888,861,0,0,7754,2962,0,0
2019-07-05,port218,Cartagena,13,7,50264,70977,26584,17994,228,5457,0,7559,17472,0,45945,0
2019-07-06,port218,Cartagena,7,4,48072,65392,0,41184,1859,5028,0,0,5945,0,59447,0
2019-07-07,port218,Cartagena,7,5,29806,6239,0,29806,0,0,0,0,2995,0,3244,0
2019-07-08,port218,Cartagena,12,7,85295,11612,71375,12936,984,0,0,10474,1137,0,0,0
2019-07-09,port218,Cartagena,11,5,18820,80726,0,8765,1777,8276,0,0,6389,2917,71419,0
2019-07-10,port218,Cartagena,9,8,12605,29677,0,7328,0,5276,0,0,29561,0,115,0
2019-07-11,port218,Cartagena,11,4,16335,15470,13502,0,2006,0,825,0,9522,5862,0,86
2019-07-12,port218,Cartagena,11,9,65504,34044,0,59587,888,5028,0,0,11328,1458,21257,0
2019-07-13,port218,Cartagena,13,5,80998,83526,53739,19321,0,7937,0,0,24053,10310,49162,0
2019-07-14,port218,Cartagena,6,5,19643,4864,0,17751,1892,0,0,0,4864,0,0,0
2019-07-15,port218,Cartagena,13,6,37072,53867,0,21056,0,15189,825,0,5054,0,48727,86
2019-07-16,port218,Cartagena,7,5,18242,29454,0,13214,0,5028,0,0,7477,0,21976,0
2019-07-17,port218,Cartagena,10,6,14852,37018,0,7985,0,6040,825,0,13312,0,23619,86
2019-07-18,port218,Cartagena,8,5,4971,5239,0,4082,888,0,0,0,3073,2165,0,0
2019-07-19,port218,Cartagena,12,11,22903,34643,0,13848,0,9054,0,0,34643,0,0,0
2019-07-20,port218,Cartagena,10,6,42830,17324,0,42640,189,0,0,7559,6409,0,3355,0
2019-07-21,port218,Cartagena,8,4,23264,17923,0,19689,1234,0,2339,0,1349,0,16574,0
2019-07-22,port218,Cartagena,13,10,59786,67801,0,52725,0,7060,0,0,6824,1734,59242,0
2019-07-23,port218,Cartagena,12,6,41740,90242,25979,8398,888,6473,0,0,13283,1458,75500,0
2019-07-24,port218,Cartagena,12,8,14181,75739,0,9592,0,4588,0,50449,8574,16715,0,0
2019-07-25,port218,Cartagena,11,8,25337,10325,0,14218,2042,9076,0,0,8866,1458,0,0
2019-07-26,port218,Cartagena,8,5,6725,13951,0,5836,888,0,0,0,12262,1689,0,0
2019-07-27,port218,Cartagena,9,6,12409,118104,0,11520,888,0,0,0,16161,1458,100484,0
2019-07-28,port218,Cartagena,8,3,29562,27447,0,13334,8735,7492,0,22025,2278,0,3144,0
2019-07-29,port218,Cartagena,13,10,26028,20841,0,23819,0,1498,711,0,20814,0,0,27
2019-07-30,port218,Cartagena,11,6,18280,80378,8654,8113,888,623,0,0,32664,1458,46255,0
2019-07-31,port218,Cartagena,9,5,8547,17758,0,8547,0,0,0,1490,16268,0,0,0
2019-08-01,port218,Cartagena,8,5,46235,8957,0,36611,0,9624,0,0,4535,0,4422,0
2019-08-02,port218,Cartagena,7,6,15698,12008,0,15698,0,0,0,0,8591,0,3417,0
2019-08-03,port218,Cartagena,8,5,27537,22151,0,22317,0,4509,711,0,8935,0,13189,27
2019-08-04,port218,Cartagena,8,4,70977,23814,11143,50438,3101,6293,0,10474,0,13339,0,0
2019-08-05,port218,Cartagena,13,12,29547,30639,0,26526,0,3020,0,0,18829,0,11809,0
2019-08-06,port218,Cartagena,12,7,57539,24357,47060,8819,1117,542,0,7559,13401,3397,0,0
2019-08-07,port218,Cartagena,11,6,15627,77408,0,3043,3678,7060,1844,60797,16525,0,0,86
2019-08-08,port218,Cartagena,13,7,89246,12683,0,14859,15247,59138,0,0,5064,4148,3470,0
2019-08-09,port218,Cartagena,12,7,16186,60844,6260,7539,888,578,918,0,18155,1458,41230,0
2019-08-10,port218,Cartagena,12,7,52495,68775,0,45135,2034,0,5325,0,16761,2235,49778,0
2019-08-11,port218,Cartagena,6,3,22079,1458,0,20380,1698,0,0,0,0,1458,0,0
2019-08-12,port218,Cartagena,14,9,85821,6798,32559,20291,0,32970,0,0,6208,0,590,0
2019-08-13,port218,Cartagena,10,5,54394,13676,37590,8200,888,7715,0,0,10859,2816,0,0
2019-08-14,port218,Cartagena,11,5,9042,66269,0,0,3765,5276,0,0,16040,1458,48769,0
2019-08-15,port218,Cartagena,9,6,14829,10795,0,9552,0,5276,0,1490,9189,0,115,0
2019-08-16,port218,Cartagena,13,9,68316,19225,50419,15730,0,2165,0,0,13023,5692,0,509
2019-08-17,port218,Cartagena,8,4,39864,67522,0,26267,0,12771,825,61020,6415,0,0,86
2019-08-18,port218,Cartagena,10,4,8155,70125,0,7007,322,0,825,0,27847,933,41259,86
2019-08-19,port218,Cartagena,10,9,29692,13051,0,29692,0,0,0,0,9695,0,3355,0
2019-08-20,port218,Cartagena,11,7,87044,27417,0,2935,888,82509,711,0,25931,1458,0,27
2019-08-21,port218,Cartagena,11,6,20879,27697,0,8716,0,12163,0,0,20167,1690,5839,0
2019-08-22,port218,Cartagena,12,6,16728,83877,0,11128,2579,3020,0,27073,3508,1458,51837,0
2019-08-23,port218,Cartagena,10,7,29629,24314,0,20142,0,7060,2425,0,12413,11901,0,0
2019-08-24,port218,Cartagena,11,8,52510,53934,11143,41367,0,0,0,10474,11098,0,32361,0
2019-08-25,port218,Cartagena,10,4,41339,41624,13454,26360,699,0,825,0,6388,271,34877,86
2019-08-26,port218,Cartagena,9,6,5411,11145,0,5411,0,0,0,0,9634,0,1511,0
2019-08-27,port218,Cartagena,10,4,6898,28134,0,2939,2451,1507,0,7559,17657,2917,0,0
2019-08-28,port218,Cartagena,12,5,24889,67088,1435,7569,888,12546,2448,0,10811,1458,54818,0
2019-08-29,port218,Cartagena,14,7,24969,43403,0,8516,888,13002,2561,0,3963,1458,37982,0
2019-08-30,port218,Cartagena,11,7,22444,21490,0,15722,0,6721,0,0,17732,0,115,3643
2019-08-31,port218,Cartagena,10,5,96958,49798,43420,39421,0,14116,0,0,15621,2836,31339,0
2019-09-01,port218,Cartagena,7,5,84865,14913,0,9502,0,75363,0,0,10525,0,4387,0
2019-09-02,port218,Cartagena,15,10,36102,14593,48,24097,4606,7349,0,10131,3003,1458,0,0
2019-09-03,port218,Cartagena,7,6,14277,22158,0,14277,0,0,0,0,22158,0,0,0
2019-09-04,port218,Cartagena,10,7,64155,110625,47868,11010,0,5276,0,0,8657,0,101967,0
2019-09-05,port218,Cartagena,11,7,62899,25331,0,16607,0,46291,0,0,13521,0,11809,0
2019-09-06,port218,Cartagena,12,5,104178,72382,0,8818,2581,92778,0,0,21572,606,50203,0
2019-09-07,port218,Cartagena,8,6,48043,15615,0,46265,1777,0,0,0,12698,2917,0,0
2019-09-08,port218,Cartagena,6,3,15233,14782,0,7903,269,7060,0,0,0,0,14782,0
2019-09-09,port218,Cartagena,11,8,23534,29032,11143,11680,0,0,711,10474,14778,0,3751,27
2019-09-10,port218,Cartagena,9,6,13052,24231,0,7122,1777,0,4152,0,21314,2917,0,0
2019-09-11,port218,Cartagena,8,5,9464,14771,0,9464,0,0,0,2297,9117,0,3355,0
2019-09-12,port218,Cartagena,9,5,16695,9721,0,6332,888,9473,0,0,8263,1458,0,0
2019-09-13,port218,Cartagena,10,6,16142,32926,0,9848,0,6293,0,20388,12537,0,0,0
2019-09-14,port218,Cartagena,13,7,70353,18160,1339,30148,0,38865,0,0,12754,5406,0,0
2019-09-15,port218,Cartagena,8,3,60103,14211,11143,42397,6562,0,0,10474,2278,1458,0,0
2019-09-16,port218,Cartagena,16,7,28384,50829,0,13741,2666,8582,3393,0,4119,4375,42221,113
2019-09-17,port218,Cartagena,9,5,16141,23505,0,9086,1777,5276,0,0,6935,2917,13653,0
2019-09-18,port218,Cartagena,6,6,2939,17094,0,2939,0,0,0,0,17094,0,0,0
2019-09-19,port218,Cartagena,9,8,17414,6498,0,12137,0,5276,0,0,6383,0,115,0
2019-09-20,port218,Cartagena,13,6,39266,16949,0,22426,2943,13185,711,0,486,16436,0,27
2019-09-21,port218,Cartagena,8,5,26867,14509,0,26867,0,0,0,0,8743,0,5765,0
2019-09-22,port218,Cartagena,8,7,3464,30645,0,3464,0,0,0,0,29669,976,0,0
2019-09-23,port218,Cartagena,19,7,30503,62722,6571,19329,1701,0,2901,0,10144,6536,42964,3078
2019-09-24,port218,Cartagena,8,6,29776,40154,0,24627,0,5148,0,0,871,0,39282,0
2019-09-25,port218,Cartagena,11,6,1722,79209,896,0,0,0,825,0,19876,0,59246,86
2019-09-26,port218,Cartagena,8,5,27108,5807,0,14529,0,12579,0,0,2278,3528,0,0
2019-09-27,port218,Cartagena,8,5,12025,7413,0,11314,0,0,711,2912,3929,545,0,27
2019-09-28,port218,Cartagena,11,7,50927,45732,0,44549,0,5667,711,0,11700,0,34004,27
2019-09-29,port218,Cartagena,9,3,22285,19833,0,11441,888,9955,0,0,2278,3193,11809,2552
2019-09-30,port218,Cartagena,12,8,22909,26338,0,14874,139,5028,2867,0,4381,699,21257,0
2019-10-01,port218,Cartagena,10,5,30155,34229,26327,2939,888,0,0,0,29527,1458,3244,0
2019-10-02,port218,Cartagena,11,6,52832,14207,31936,7792,4485,5276,3341,0,14092,0,115,0
2019-10-03,port218,Cartagena,12,9,95531,41985,0,29673,0,65858,0,0,2722,0,39263,0
2019-10-04,port218,Cartagena,8,5,22753,13529,0,15254,228,7270,0,0,11591,1938,0,0
2019-10-05,port218,Cartagena,9,6,47698,9299,0,33355,218,13298,825,0,9213,0,0,86
2019-10-06,port218,Cartagena,4,1,8859,23261,0,2942,888,5028,0,0,0,2004,21257,0
2019-10-07,port218,Cartagena,16,9,36747,129545,11143,18451,888,6263,0,10474,11734,1730,105606,0
2019-10-08,port218,Cartagena,13,6,34811,84625,11143,9169,3028,11471,0,63899,19266,1458,0,0
2019-10-09,port218,Cartagena,9,4,15877,6294,0,4476,888,6493,4017,0,4835,1458,0,0
2019-10-10,port218,Cartagena,9,6,12118,48156,0,7529,0,4588,0,0,7760,484,39911,0
2019-10-11,port218,Cartagena,10,7,18832,15344,0,12354,888,2020,3568,0,13885,1458,0,0
2019-10-12,port218,Cartagena,10,6,47741,60907,0,40543,3232,3965,0,0,1276,287,59343,0
2019-10-13,port218,Cartagena,5,2,9355,1998,0,1405,888,7060,0,0,540,1458,0,0
2019-10-14,port218,Cartagena,13,9,22339,11709,0,14729,888,6720,0,0,8069,1458,2180,0
2019-10-15,port218,Cartagena,10,6,21514,8156,0,19914,888,0,711,0,6671,1458,0,27
2019-10-16,port218,Cartagena,9,7,17020,5757,307,16713,0,0,0,0,4067,1690,0,0
2019-10-17,port218,Cartagena,13,7,15787,21301,0,14898,888,0,0,0,5809,15491,0,0
2019-10-18,port218,Cartagena,10,6,43211,64152,0,34562,0,7937,711,0,11260,0,52864,27
2019-10-19,port218,Cartagena,8,6,55941,46838,0,50664,0,5276,0,0,11260,0,35577,0
2019-10-20,port218,Cartagena,4,4,9803,2046,0,9803,0,0,0,0,2046,0,0,0
2019-10-21,port218,Cartagena,11,7,19891,12104,0,19891,0,0,0,0,9112,2992,0,0
2019-10-22,port218,Cartagena,7,5,5106,62270,0,5106,0,0,0,0,22579,0,39690,0
2019-10-23,port218,Cartagena,10,5,31383,20446,0,6710,11630,13042,0,1342,17530,1458,115,0
2019-10-24,port218,Cartagena,10,7,7933,23678,0,525,0,7408,0,0,22226,1452,0,0
2019-10-25,port218,Cartagena,10,6,15028,7782,4509,8919,888,0,711,0,6297,1458,0,27
2019-10-26,port218,Cartagena,12,7,13420,130206,0,13420,0,0,0,72763,13277,1058,41136,1969
2019-10-27,port218,Cartagena,6,4,15993,13977,0,13558,0,2435,0,0,13977,0,0,0
2019-10-28,port218,Cartagena,12,9,68180,4550,27340,32890,888,7060,0,0,3091,1458,0,0
2019-10-29,port218,Cartagena,7,5,24202,37140,5521,13653,0,5028,0,0,15882,0,21257,0
2019-10-30,port218,Cartagena,9,4,16313,38426,0,4481,888,10019,922,0,5085,1458,31882,0
2019-10-31,port218,Cartagena,12,10,10172,14239,0,10172,0,0,0,2399,10336,1503,0,0
2019-11-01,port218,Cartagena,5,4,10396,16476,0,9306,0,1089,0,0,16476,0,0,0
2019-11-02,port218,Cartagena,13,6,69273,146012,0,53064,1777,14431,0,49319,7058,2917,86717,0
2019-11-03,port218,Cartagena,8,2,49393,3963,38030,8758,757,1846,0,2297,0,1665,0,0
2019-11-04,port218,Cartagena,12,9,11194,10453,0,11194,0,0,0,0,6931,3522,0,0
2019-11-05,port218,Cartagena,10,7,35918,10296,0,28521,888,6507,0,0,8838,1458,0,0
2019-11-06,port218,Cartagena,10,5,30474,26351,19260,6137,0,0,5077,0,25643,0,707,0
2019-11-07,port218,Cartagena,13,7,26994,12253,0,17661,1164,8169,0,0,2920,1938,7394,0
2019-11-08,port218,Cartagena,6,5,27672,11173,0,27672,0,0,0,0,7909,3263,0,0
2019-11-09,port218,Cartagena,13,7,63485,55062,445,62151,888,0,0,0,0,1458,53604,0
2019-11-10,port218,Cartagena,10,3,93476,42954,0,12351,888,80236,0,0,2278,2027,38649,0
2019-11-11,port218,Cartagena,9,7,43814,14982,0,36417,7396,0,0,0,13524,1458,0,0
2019-11-12,port218,Cartagena,10,5,51146,29582,23170,14410,0,11025,2539,0,27584,1998,0,0
2019-11-13,port218,Cartagena,8,5,4373,45588,0,4064,309,0,0,0,7869,0,37719,0
2019-11-14,port218,Cartagena,13,8,21872,23221,1409,13574,888,6000,0,0,15154,1458,6608,0
2019-11-15,port218,Cartagena,8,6,24550,7668,0,23111,1439,0,0,0,5232,0,2436,0
2019-11-16,port218,Cartagena,7,6,69242,7212,23012,46230,0,0,0,0,7212,0,0,0
2019-11-17,port218,Cartagena,9,6,61319,19725,49532,11786,0,0,0,0,14471,1897,3355,0
2019-11-18,port218,Cartagena,11,8,16508,11631,0,14793,888,0,825,0,8737,2807,0,86
2019-11-19,port218,Cartagena,7,4,34003,41455,0,7825,4123,22054,0,0,10562,0,30892,0
2019-11-20,port218,Cartagena,11,6,53628,20018,34742,7582,134,10342,825,2297,17634,0,0,86
2019-11-21,port218,Cartagena,12,6,32376,154583,0,14182,4077,14116,0,72798,5038,1458,75287,0
2019-11-22,port218,Cartagena,8,6,31444,13043,0,25180,0,6263,0,0,12768,274,0,0
2019-11-23,port218,Cartagena,7,7,42697,9025,0,42697,0,0,0,0,9025,0,0,0
2019-11-24,port218,Cartagena,10,4,4349,14458,0,881,888,2578,0,0,6273,8185,0,0
2019-11-25,port218,Cartagena,13,8,4556,35570,0,3892,152,0,511,0,4253,139,31176,0
2019-11-26,port218,Cartagena,7,5,16208,8874,0,15497,0,0,711,1193,7654,0,0,27
2019-11-27,port218,Cartagena,12,7,23838,48476,0,14778,0,9059,0,0,6000,0,42476,0
2019-11-28,port218,Cartagena,10,6,22478,5209,0,14634,2567,5276,0,0,1738,0,3470,0
2019-11-29,port218,Cartagena,7,4,11947,33678,0,5019,3907,3020,0,0,21358,0,11809,510
2019-11-30,port218,Cartagena,10,4,42393,108286,1107,37210,228,3020,825,0,12915,3296,91988,86
2019-12-01,port218,Cartagena,12,5,29098,25282,11143,7080,2666,4319,3887,10474,10346,4375,0,86
2019-12-02,port218,Cartagena,16,10,64615,62535,30030,27524,0,7060,0,0,20559,269,41706,0
2019-12-03,port218,Cartagena,7,6,12747,31815,0,11858,888,0,0,0,30356,1458,0,0
2019-12-04,port218,Cartagena,12,4,6353,124073,0,1297,1121,3020,914,58600,10513,1895,53064,0
2019-12-05,port218,Cartagena,7,7,19800,4556,0,19800,0,0,0,0,4556,0,0,0
2019-12-06,port218,Cartagena,10,6,33825,140500,0,27104,0,6720,0,22617,10832,0,107050,0
2019-12-07,port218,Cartagena,9,6,47173,21224,0,39012,0,8160,0,0,17808,0,3415,0
2019-12-08,port218,Cartagena,7,4,26726,8341,0,11858,888,13978,0,0,3973,1458,2908,0
2019-12-09,port218,Cartagena,10,8,32300,2278,0,31277,0,565,458,0,2278,0,0,0
2019-12-10,port218,Cartagena,7,5,25840,27126,11143,14697,0,0,0,15735,11390,0,0,0
2019-12-11,port218,Cartagena,15,8,36136,45948,11143,19548,888,3020,1535,15779,14321,1458,14388,0
2019-12-12,port218,Cartagena,10,7,20372,33623,0,14332,0,6040,0,0,8566,1436,23619,0
2019-12-13,port218,Cartagena,10,5,22631,45934,0,11757,0,10873,0,0,18482,6193,21257,0
2019-12-14,port218,Cartagena,8,6,53914,11631,0,53025,888,0,0,0,9112,2519,0,0
2019-12-15,port218,Cartagena,8,4,9369,25382,0,5878,3490,0,0,0,9144,16237,0,0
2019-12-16,port218,Cartagena,11,7,26253,19549,0,20087,888,5276,0,0,9112,1458,8978,0
2019-12-17,port218,Cartagena,5,3,7423,9611,0,5878,0,718,825,0,9525,0,0,86
2019-12-18,port218,Cartagena,13,8,13617,64176,0,11757,0,1033,825,0,20280,862,42946,86
2019-12-19,port218,Cartagena,12,7,21945,22681,3535,13675,888,3020,825,0,9326,1458,11809,86
2019-12-20,port218,Cartagena,7,4,21652,6709,0,16375,0,5276,0,0,5288,1305,115,0
2019-12-21,port218,Cartagena,5,4,22004,2278,0,14944,0,7060,0,0,2278,0,0,0
2019-12-22,port218,Cartagena,9,6,28859,13877,2989,25869,0,0,0,7042,6834,0,0,0
2019-12-23,port218,Cartagena,8,6,22944,18192,0,22055,888,0,0,0,13236,1458,3497,0
2019-12-24,port218,Cartagena,9,6,11962,41026,0,8818,0,0,3143,0,38745,2280,0,0
2019-12-25,port218,Cartagena,8,5,18151,54417,0,14287,888,2974,0,0,15125,1458,37833,0
2019-12-26,port218,Cartagena,10,6,20475,72181,0,12537,0,7937,0,0,23088,0,49093,0
2019-12-27,port218,Cartagena,9,5,21148,12875,0,19370,1777,0,0,0,9439,2917,519,0
2019-12-28,port218,Cartagena,8,6,29014,12701,48,23119,0,5845,0,7042,5659,0,0,0
2019-12-29,port218,Cartagena,8,4,116841,8105,0,46675,228,69936,0,0,6166,1938,0,0
2019-12-30,port218,Cartagena,16,9,32423,51716,3636,28787,0,0,0,40129,7681,3457,447,0
2019-12-31,port218,Cartagena,9,3,30359,71922,22513,5878,0,1966,0,13389,18237,0,40294,0
2020-01-01,port218,Cartagena,5,3,23913,2826,0,19401,0,4051,460,0,2826,0,0,0
2020-01-02,port218,Cartagena,9,8,25359,27567,0,17819,0,7539,0,0,27567,0,0,0
2020-01-03,port218,Cartagena,9,6,20628,12236,0,14334,0,6293,0,0,11197,0,1039,0
2020-01-04,port218,Cartagena,9,3,25771,44738,0,13455,888,11426,0,0,2647,1458,38517,2114
2020-01-05,port218,Cartagena,8,4,26035,14480,11143,6943,888,7060,0,10474,1501,1458,1045,0
2020-01-06,port218,Cartagena,10,6,42258,15478,0,42258,0,0,0,7559,5397,2521,0,0
2020-01-07,port218,Cartagena,9,7,28209,9227,0,22932,0,5276,0,0,9112,0,115,0
2020-01-08,port218,Cartagena,8,6,35102,4325,29253,5848,0,0,0,0,4325,0,0,0
2020-01-09,port218,Cartagena,11,9,50404,62613,0,50404,0,0,0,0,45608,13588,3415,0
2020-01-10,port218,Cartagena,11,7,84541,58399,63854,12199,0,8486,0,0,18015,0,40383,0
2020-01-11,port218,Cartagena,12,8,17072,38726,0,6114,0,10958,0,0,17265,1825,19635,0
2020-01-12,port218,Cartagena,10,7,63072,4054,19680,43392,0,0,0,0,3210,0,335,509
2020-01-13,port218,Cartagena,10,5,8899,37087,0,5878,0,3020,0,0,13749,1096,22241,0
2020-01-14,port218,Cartagena,12,6,52826,47428,20461,30713,0,0,1651,10474,35090,1690,0,172
2020-01-15,port218,Cartagena,11,4,19113,94932,0,8954,812,9347,0,0,3747,862,90321,0
2020-01-16,port218,Cartagena,10,7,23231,60007,0,20210,0,3020,0,33396,14800,0,11809,0
2020-01-17,port218,Cartagena,8,6,7187,9823,0,6922,264,0,0,0,8458,1365,0,0
2020-01-18,port218,Cartagena,8,4,55939,5917,0,48174,0,7765,0,0,854,5062,0,0
2020-01-19,port218,Cartagena,5,3,13766,38605,0,13766,0,0,0,0,885,0,37719,0
2020-01-20,port218,Cartagena,7,6,6247,40271,0,5030,1216,0,0,0,40271,0,0,0
2020-01-21,port218,Cartagena,6,5,18692,25497,0,15672,0,3020,0,0,13687,0,11809,0
2020-01-22,port218,Cartagena,10,6,29716,5646,0,19553,1977,8185,0,0,4072,1458,115,0
2020-01-23,port218,Cartagena,8,5,22153,18723,0,15092,0,7060,0,0,16988,1734,0,0
2020-01-24,port218,Cartagena,6,5,33471,12816,0,33471,0,0,0,1490,11326,0,0,0
2020-01-25,port218,Cartagena,9,7,28079,15570,0,20683,888,6507,0,0,14112,1458,0,0
2020-01-26,port218,Cartagena,9,4,22387,5602,0,12439,888,9059,0,0,2400,3087,115,0
2020-01-27,port218,Cartagena,17,8,30907,101212,11143,10890,3191,4856,825,10474,43561,456,46633,86
2020-01-28,port218,Cartagena,7,3,5276,85219,0,0,0,5276,0,73596,11508,0,115,0
2020-01-29,port218,Cartagena,8,5,89903,40932,0,15255,0,74648,0,39261,1670,0,0,0
2020-01-30,port218,Cartagena,10,5,19121,6546,3772,15349,0,0,0,0,4674,1872,0,0
2020-01-31,port218,Cartagena,8,4,33395,9364,0,25066,888,7440,0,0,5270,3978,115,0
2020-02-01,port218,Cartagena,6,5,38206,21448,0,38206,0,0,0,0,21448,0,0,0
2020-02-02,port218,Cartagena,8,3,43170,54491,30216,12064,888,0,0,0,0,1458,53033,0
2020-02-03,port218,Cartagena,12,8,50301,29631,32624,9022,888,7765,0,7559,20613,1458,0,0
2020-02-04,port218,Cartagena,6,4,18684,44728,0,18684,0,0,0,0,3811,0,40917,0
2020-02-05,port218,Cartagena,10,6,22267,19214,0,12773,0,9493,0,0,7404,0,11809,0
2020-02-06,port218,Cartagena,13,8,22611,34000,0,13804,2766,6040,0,0,8922,1458,23619,0
2020-02-07,port218,Cartagena,10,6,23692,63618,0,23463,228,0,0,0,10840,4821,47957,0
2020-02-08,port218,Cartagena,10,6,43159,72226,0,36098,0,7060,0,0,27277,4121,40827,0
2020-02-09,port218,Cartagena,8,4,11034,16962,1490,8325,1218,0,0,0,15503,1458,0,0
2020-02-10,port218,Cartagena,10,5,58925,7815,32454,11779,3038,11652,0,0,6357,1458,0,0
2020-02-11,port218,Cartagena,8,4,59242,61505,49964,6768,0,0,2509,0,10935,0,50483,86
2020-02-12,port218,Cartagena,10,6,19114,5597,0,11124,2713,5276,0,0,2906,0,115,2576
2020-02-13,port218,Cartagena,4,4,12653,0,0,12653,0,0,0,0,0,0,0,0
2020-02-14,port218,Cartagena,7,4,84894,5877,50641,26091,0,8160,0,0,4963,913,0,0
2020-02-15,port218,Cartagena,6,5,20258,22881,9718,10540,0,0,0,0,22881,0,0,0
2020-02-16,port218,Cartagena,11,8,73724,10938,0,38636,0,35087,0,0,6515,0,4423,0
2020-02-17,port218,Cartagena,10,7,14192,11282,0,12369,888,933,0,0,9823,1458,0,0
2020-02-18,port218,Cartagena,9,4,90844,31382,0,9603,0,80730,510,0,10643,0,20738,0
2020-02-19,port218,Cartagena,10,7,11992,99946,4048,7943,0,0,0,0,11314,0,88631,0
2020-02-20,port218,Cartagena,13,6,23605,12408,0,16373,0,7232,0,2451,5772,4183,0,0
2020-02-21,port218,Cartagena,12,6,26277,22476,2457,20530,0,3290,0,0,19341,0,3134,0
2020-02-22,port218,Cartagena,8,4,44076,3552,0,41899,2176,0,0,0,2278,0,1274,0
2020-02-23,port218,Cartagena,7,5,12426,13687,0,10794,1632,0,0,0,12787,900,0,0
2020-02-24,port218,Cartagena,9,6,29312,24331,0,21741,888,6682,0,0,19950,4380,0,0
2020-02-25,port218,Cartagena,6,3,40470,13760,31712,8757,0,0,0,0,5436,0,8323,0
2020-02-26,port218,Cartagena,9,4,21248,8556,0,9677,888,10682,0,0,4556,4000,0,0
2020-02-27,port218,Cartagena,12,9,14275,73650,0,10681,888,2705,0,0,24232,1458,47959,0
2020-02-28,port218,Cartagena,12,7,28505,99047,0,21444,0,7060,0,37857,12677,5245,43266,0
2020-02-29,port218,Cartagena,12,6,95320,58384,29690,54925,165,9827,711,0,9012,0,49344,27
2020-03-01,port218,Cartagena,6,3,4352,4427,0,3235,1117,0,0,0,1030,3397,0,0
2020-03-02,port218,Cartagena,18,10,158196,17578,35684,49328,3986,69197,0,1490,8593,7495,0,0
2020-03-03,port218,Cartagena,7,3,16355,61791,0,10252,0,5276,825,59312,2278,0,115,86
2020-03-04,port218,Cartagena,6,5,6733,15056,0,6733,0,0,0,0,15056,0,0,0
2020-03-05,port218,Cartagena,11,7,27428,20679,0,6504,2700,15095,3128,0,20679,0,0,0
2020-03-06,port218,Cartagena,9,4,15488,25116,0,8732,456,4181,2117,0,17377,7739,0,0
2020-03-07,port218,Cartagena,7,6,4447,16716,0,3621,0,0,825,0,16629,0,0,86
2020-03-08,port218,Cartagena,11,5,51843,32069,1905,40381,4528,5028,0,0,4657,2799,24613,0
2020-03-09,port218,Cartagena,10,7,51102,49934,3349,47753,0,0,0,0,5146,5682,39105,0
2020-03-10,port218,Cartagena,5,4,14775,23760,0,7030,0,7744,0,0,23760,0,0,0
2020-03-11,port218,Cartagena,8,6,10763,11602,0,9874,888,0,0,2451,7691,1458,0,0
2020-03-12,port218,Cartagena,15,9,30187,80475,0,25605,888,0,3693,51099,25559,3816,0,0
2020-03-13,port218,Cartagena,15,8,55635,130372,3294,29972,330,22038,0,46728,14341,0,69302,0
2020-03-14,port218,Cartagena,10,6,46104,31820,6396,37369,0,0,2339,0,24081,7739,0,0
2020-03-15,port218,Cartagena,9,5,86476,34697,46728,25631,0,14116,0,0,3804,0,30892,0
2020-03-16,port218,Cartagena,7,5,26310,2402,0,18538,0,7060,711,0,2375,0,0,27
2020-03-17,port218,Cartagena,10,4,45438,74782,9285,8988,0,26654,510,0,43889,0,30892,0
2020-03-18,port218,Cartagena,8,3,83451,8661,0,3422,0,79203,825,1490,4311,2774,0,86
2020-03-19,port218,Cartagena,9,7,35283,7778,0,35283,0,0,0,0,7621,156,0,0
2020-03-20,port218,Cartagena,11,4,5869,110497,0,4269,888,0,711,52143,11430,1458,45437,27
2020-03-21,port218,Cartagena,9,6,32152,32534,0,24214,0,7937,0,0,24924,1603,6006,0
2020-03-22,port218,Cartagena,7,4,27412,8199,0,27412,0,0,0,0,4376,3823,0,0
2020-03-23,port218,Cartagena,12,8,62894,5725,30413,29040,3440,0,0,0,5725,0,0,0
2020-03-24,port218,Cartagena,7,4,13906,61125,0,4774,0,9131,0,0,10313,5021,45790,0
2020-03-25,port218,Cartagena,8,3,11130,111826,0,0,0,10304,825,75791,12166,0,23782,86
2020-03-26,port218,Cartagena,10,7,16331,88611,0,11391,888,4051,0,0,6810,1458,80342,0
2020-03-27,port218,Cartagena,10,6,23787,89567,0,15133,888,7765,0,0,5050,1458,83058,0
2020-03-28,port218,Cartagena,10,7,57010,71683,0,22988,888,33132,0,0,35756,1458,34468,0
2020-03-29,port218,Cartagena,6,3,22042,4448,0,16331,0,1715,3995,0,4362,0,0,86
2020-03-30,port218,Cartagena,14,7,26232,30629,4827,16375,228,3782,1018,0,12333,3629,14666,0
2020-03-31,port218,Cartagena,8,6,10906,63216,0,5878,0,5028,0,2451,39507,0,21257,0
2020-04-01,port218,Cartagena,6,4,7797,13956,0,4169,888,2738,0,0,12497,1458,0,0
2020-04-02,port218,Cartagena,12,8,30662,7469,10003,12621,888,7148,0,0,6010,1458,0,0
2020-04-03,port218,Cartagena,10,8,89237,21404,0,22525,0,64568,2143,0,21404,0,0,0
2020-04-04,port218,Cartagena,10,4,91350,89421,52760,22883,764,14116,825,0,17330,0,72004,86
2020-04-05,port218,Cartagena,8,6,45102,21312,0,44276,0,0,825,5824,15401,0,0,86
2020-04-06,port218,Cartagena,8,4,64592,7868,48783,7138,1777,6892,0,0,4951,2917,0,0
2020-04-07,port218,Cartagena,8,5,33752,13124,0,25803,888,7060,0,0,9949,3175,0,0
2020-04-08,port218,Cartagena,4,3,0,8651,0,0,0,0,0,0,6552,0,0,2099
2020-04-09,port218,Cartagena,8,5,7488,42371,0,5308,2179,0,0,0,11886,0,30484,0
2020-04-10,port218,Cartagena,9,7,52491,9608,0,34305,888,17296,0,0,8150,1458,0,0
2020-04-11,port218,Cartagena,9,6,26445,7957,0,21006,888,4550,0,0,3771,4185,0,0
2020-04-12,port218,Cartagena,8,6,63016,6633,0,30235,0,32781,0,0,4521,2111,0,0
2020-04-13,port218,Cartagena,14,8,23469,20150,0,17303,888,5276,0,0,12080,5192,115,2762
2020-04-14,port218,Cartagena,7,3,7167,70178,0,2939,1580,0,2646,0,26193,0,43985,0
2020-04-15,port218,Cartagena,8,6,3085,45880,0,3085,0,0,0,0,11714,0,34166,0
2020-04-16,port218,Cartagena,11,6,85056,26224,0,1144,0,83912,0,0,11119,15105,0,0
2020-04-17,port218,Cartagena,9,7,101607,14586,0,15648,0,84929,1029,0,14586,0,0,0
2020-04-18,port218,Cartagena,11,5,16999,54657,0,7911,0,9087,0,2297,5206,1734,45418,0
2020-04-19,port218,Cartagena,9,3,15311,44474,0,12891,888,0,1530,0,1263,2844,40366,0
2020-04-20,port218,Cartagena,9,7,29598,19311,0,29598,0,0,0,0,19311,0,0,0
2020-04-21,port218,Cartagena,4,4,5878,8154,0,5878,0,0,0,0,8154,0,0,0
2020-04-22,port218,Cartagena,13,7,41269,51198,0,31827,1826,7615,0,0,12449,2917,35832,0
2020-04-23,port218,Cartagena,7,5,24457,14564,48,21175,0,3233,0,7042,7521,0,0,0
2020-04-24,port218,Cartagena,7,5,13817,52234,0,13106,0,0,711,0,7127,0,45079,27
2020-04-25,port218,Cartagena,9,6,47136,3010,0,46529,606,0,0,0,3010,0,0,0
2020-04-26,port218,Cartagena,7,3,42431,1458,21546,19995,888,0,0,0,0,1458,0,0
2020-04-27,port218,Cartagena,14,10,40366,67184,0,33509,228,6628,0,48231,16899,1938,115,0
2020-04-28,port218,Cartagena,6,4,51090,50544,43719,7371,0,0,0,10474,40070,0,0,0
2020-04-29,port218,Cartagena,8,6,20071,8715,0,12422,156,7492,0,0,8715,0,0,0
2020-04-30,port218,Cartagena,9,5,17569,93229,0,3716,0,13028,825,0,11290,0,81853,86
2020-05-01,port218,Cartagena,7,5,6949,9042,0,1100,162,5686,0,0,9042,0,0,0
2020-05-02,port218,Cartagena,8,6,52452,13404,0,52452,0,0,0,0,12957,0,447,0
2020-05-03,port218,Cartagena,5,3,15905,1912,0,15905,0,0,0,0,1912,0,0,0
2020-05-04,port218,Cartagena,11,6,34745,48818,0,25771,2466,6507,0,1081,11845,852,35039,0
2020-05-05,port218,Cartagena,6,4,1378,31074,0,1149,228,0,0,0,29136,1938,0,0
2020-05-06,port218,Cartagena,7,3,38356,6488,34904,1308,1433,0,711,0,5003,1458,0,27
2020-05-07,port218,Cartagena,9,7,9658,17730,0,7395,888,1374,0,0,16272,1458,0,0
2020-05-08,port218,Cartagena,8,5,7044,19613,0,4023,0,3020,0,1490,5138,1175,11809,0
2020-05-09,port218,Cartagena,10,6,40780,71624,0,34307,0,6473,0,0,16944,2721,51958,0
2020-05-10,port218,Cartagena,10,5,11112,45532,0,9334,1777,0,0,0,16291,4520,24720,0
2020-05-11,port218,Cartagena,11,9,36855,15166,0,31759,5095,0,0,0,13708,1458,0,0
2020-05-12,port218,Cartagena,7,5,21657,8003,0,18351,888,2417,0,0,6545,1458,0,0
2020-05-13,port218,Cartagena,12,5,27937,16735,4567,13178,888,7765,1536,0,5911,1458,9252,113
2020-05-14,port218,Cartagena,11,8,30117,19917,5992,23235,888,0,0,0,12513,1458,5945,0
2020-05-15,port218,Cartagena,11,6,29200,60670,9445,7827,888,11038,0,0,7373,1458,51838,0
2020-05-16,port218,Cartagena,11,6,36115,73084,0,33702,1117,1295,0,0,30666,3397,39020,0
2020-05-17,port218,Cartagena,10,6,17311,12299,0,7370,3219,6720,0,0,8695,3604,0,0
2020-05-18,port218,Cartagena,7,5,4815,119560,0,4815,0,0,0,0,9629,4219,105711,0
2020-05-19,port218,Cartagena,5,3,10877,32105,0,2939,0,7937,0,2451,29653,0,0,0
2020-05-20,port218,Cartagena,6,4,1829,36405,0,1829,0,0,0,0,4028,3402,28973,0
2020-05-21,port218,Cartagena,12,8,38674,88130,0,33397,0,5276,0,33410,15239,0,39480,0
2020-05-22,port218,Cartagena,9,7,10093,13714,0,9204,888,0,0,0,10520,3193,0,0
2020-05-23,port218,Cartagena,8,4,84462,49468,1638,8522,0,74302,0,0,49253,0,214,0
2020-05-24,port218,Cartagena,5,3,9454,10849,0,8565,888,0,0,0,4424,6424,0,0
2020-05-25,port218,Cartagena,12,8,26982,16371,11064,10611,5306,0,0,0,16371,0,0,0
2020-05-26,port218,Cartagena,5,3,3103,17807,0,2939,164,0,0,0,17807,0,0,0
2020-05-27,port218,Cartagena,8,6,13931,44109,0,13042,888,0,0,0,8187,1458,34463,0
2020-05-28,port218,Cartagena,14,8,37953,72873,0,24138,0,13815,0,0,8420,2023,62428,0
2020-05-29,port218,Cartagena,9,6,17985,14207,0,14457,1117,2409,0,0,10810,3397,0,0
2020-05-30,port218,Cartagena,6,5,36588,38872,0,35699,888,0,0,0,37413,1458,0,0
2020-05-31,port218,Cartagena,7,6,576,18658,0,576,0,0,0,0,18658,0,0,0
2020-06-01,port218,Cartagena,11,5,36453,51157,1155,14869,4528,15188,711,0,3474,0,47655,27
2020-06-02,port218,Cartagena,11,5,6473,44479,0,2939,0,3020,514,0,27709,1603,15165,0
2020-06-03,port218,Cartagena,7,5,2619,8090,0,2619,0,0,0,0,8090,0,0,0
2020-06-04,port218,Cartagena,9,7,50594,17302,0,42003,0,7765,825,0,17216,0,0,86
2020-06-05,port218,Cartagena,5,4,8268,6493,0,8268,0,0,0,2297,4195,0,0,0
2020-06-06,port218,Cartagena,8,6,77382,14109,0,20634,888,55858,0,0,12650,1458,0,0
2020-06-07,port218,Cartagena,9,3,9859,19407,0,3806,888,5163,0,0,3603,15803,0,0
2020-06-08,port218,Cartagena,12,6,32608,4517,0,16004,2943,13660,0,0,4402,0,115,0
2020-06-09,port218,Cartagena,8,6,34484,52069,28927,2536,0,3020,0,0,40259,0,11809,0
2020-06-10,port218,Cartagena,7,6,16414,9929,0,15525,888,0,0,0,8470,1458,0,0
2020-06-11,port218,Cartagena,8,6,13150,12808,0,12921,228,0,0,0,10870,1938,0,0
2020-06-12,port218,Cartagena,4,3,12766,12774,0,12766,0,0,0,0,5616,0,7158,0
2020-06-13,port218,Cartagena,6,4,47071,2278,0,44329,0,2741,0,0,2278,0,0,0
2020-06-14,port218,Cartagena,7,4,6144,27590,0,5255,888,0,0,0,8471,4427,14691,0
2020-06-15,port218,Cartagena,9,5,10579,58686,0,10579,0,0,0,51117,5950,1172,447,0
2020-06-16,port218,Cartagena,10,8,9892,30617,0,9892,0,0,0,1490,29127,0,0,0
2020-06-17,port218,Cartagena,8,7,15928,9007,0,15389,538,0,0,0,9007,0,0,0
2020-06-18,port218,Cartagena,7,6,39782,14585,0,26788,0,12993,0,0,14585,0,0,0
2020-06-19,port218,Cartagena,15,9,37254,43049,0,21415,888,14949,0,0,14580,1458,27010,0
2020-06-20,port218,Cartagena,12,6,45358,33688,0,37771,0,7587,0,0,13700,7135,12852,0
2020-06-21,port218,Cartagena,9,5,0,80549,0,0,0,0,0,58207,17954,2365,0,2021
2020-06-22,port218,Cartagena,11,7,4728,29751,0,3839,888,0,0,2451,24984,2314,0,0
2020-06-23,port218,Cartagena,6,4,8793,77364,0,7904,888,0,0,0,35687,1458,40218,0
2020-06-24,port218,Cartagena,9,7,20538,12357,0,11265,888,8383,0,0,10898,1458,0,0
2020-06-25,port218,Cartagena,8,6,17828,62331,0,17828,0,0,0,0,8672,0,53658,0
2020-06-26,port218,Cartagena,9,6,27692,11349,0,21219,0,6473,0,0,9503,1846,0,0
2020-06-27,port218,Cartagena,9,6,11262,67234,0,11262,0,0,0,0,31020,0,36213,0
2020-06-28,port218,Cartagena,6,6,6398,13077,0,6398,0,0,0,0,13077,0,0,0
2020-06-29,port218,Cartagena,9,6,70097,5205,0,16338,1158,52600,0,0,3747,1458,0,0
2020-06-30,port218,Cartagena,8,3,19377,11477,0,12035,0,7342,0,1490,7499,0,2488,0
2020-07-01,port218,Cartagena,6,6,6285,7204,0,6285,0,0,0,0,7204,0,0,0
2020-07-02,port218,Cartagena,10,6,19949,19154,0,12133,0,6990,825,0,7258,0,11809,86
2020-07-03,port218,Cartagena,10,7,16107,50491,0,9941,888,5276,0,0,10497,1458,38535,0
2020-07-04,port218,Cartagena,10,6,44891,47660,0,43077,0,1813,0,0,43318,4341,0,0
2020-07-05,port218,Cartagena,3,3,0,13941,0,0,0,0,0,0,13941,0,0,0
2020-07-06,port218,Cartagena,15,8,44074,33346,28453,2168,2666,10785,0,0,17160,4375,11809,0
2020-07-07,port218,Cartagena,10,5,10435,18006,0,3928,0,6507,0,0,12428,0,5578,0
2020-07-08,port218,Cartagena,8,5,7802,5765,0,6913,888,0,0,0,4307,1458,0,0
2020-07-09,port218,Cartagena,10,5,35312,23589,12693,16251,888,5478,0,3088,15024,1458,4018,0
2020-07-10,port218,Cartagena,13,7,28204,58702,7185,20193,0,0,825,2451,17827,0,38337,86
2020-07-11,port218,Cartagena,8,5,24089,53272,0,17598,888,5601,0,36187,15625,1458,0,0
2020-07-12,port218,Cartagena,7,5,21130,8073,0,16939,1819,2371,0,0,8073,0,0,0
2020-07-13,port218,Cartagena,10,6,18978,115478,0,16485,888,1604,0,0,4699,7836,102942,0
2020-07-14,port218,Cartagena,9,6,27678,9529,0,16213,4194,7270,0,0,9529,0,0,0
2020-07-15,port218,Cartagena,12,6,15962,122945,0,7868,0,6263,1830,53301,11641,1819,56182,0
2020-07-16,port218,Cartagena,10,7,29914,19481,0,20175,888,8850,0,1490,16532,1458,0,0
2020-07-17,port218,Cartagena,9,5,32812,34832,16312,13349,0,3150,0,0,2987,0,31845,0
2020-07-18,port218,Cartagena,7,6,32475,22489,0,32475,0,0,0,0,21626,862,0,0
2020-07-19,port218,Cartagena,6,3,4637,21136,0,0,1117,3519,0,0,17739,3397,0,0
2020-07-20,port218,Cartagena,12,7,37691,22307,26655,10577,0,0,458,0,21867,439,0,0
2020-07-21,port218,Cartagena,6,4,16325,13892,0,10159,888,5276,0,0,12319,1458,115,0
2020-07-22,port218,Cartagena,8,6,37154,14147,28482,8672,0,0,0,0,14147,0,0,0
2020-07-23,port218,Cartagena,11,6,90258,82463,51506,32585,888,5276,0,0,10922,1458,70081,0
2020-07-24,port218,Cartagena,10,7,28566,26282,0,28363,0,0,203,1706,15141,9433,0,0
2020-07-25,port218,Cartagena,9,5,28542,147142,0,19886,890,7765,0,0,49831,0,97310,0
2020-07-26,port218,Cartagena,10,5,13812,62115,0,3844,3247,6720,0,2297,25821,1458,32536,0
2020-07-27,port218,Cartagena,9,7,25545,11415,0,25545,0,0,0,0,6834,4581,0,0
2020-07-28,port218,Cartagena,12,6,31988,17496,0,20434,888,10665,0,0,10447,7049,0,0
2020-07-29,port218,Cartagena,10,5,10615,51848,0,10386,228,0,0,0,3898,5379,42570,0
2020-07-30,port218,Cartagena,8,4,22387,19186,0,19062,888,2435,0,0,9593,6704,2889,0
2020-07-31,port218,Cartagena,8,6,24986,14486,0,17048,0,7937,0,0,14486,0,0,0
2020-08-01,port218,Cartagena,9,7,34928,52021,0,28455,0,6473,0,0,10934,0,41086,0
2020-08-02,port218,Cartagena,6,4,9598,5611,0,8709,888,0,0,0,2487,3124,0,0
2020-08-03,port218,Cartagena,6,4,6653,12440,0,6300,0,353,0,4563,7876,0,0,0
2020-08-04,port218,Cartagena,6,3,11983,5335,0,10550,0,1433,0,0,2278,0,3057,0
2020-08-05,port218,Cartagena,12,6,33911,21019,11143,15713,1777,5276,0,10474,6999,3430,115,0
2020-08-06,port218,Cartagena,12,7,81267,84140,52136,28242,888,0,0,54741,27940,1458,0,0
2020-08-07,port218,Cartagena,10,9,22026,31232,0,16749,0,5276,0,0,31117,0,115,0
2020-08-08,port218,Cartagena,8,5,40251,64448,0,40251,0,0,0,0,12378,0,51612,458
2020-08-09,port218,Cartagena,7,4,9227,44840,0,9227,0,0,0,0,0,0,44840,0
2020-08-10,port218,Cartagena,9,6,32395,8124,0,24578,5075,2741,0,0,5202,0,0,2921
2020-08-11,port218,Cartagena,15,6,109984,63589,0,13663,0,96320,0,9622,18561,1603,33801,0
2020-08-12,port218,Cartagena,9,5,6767,40203,0,5878,888,0,0,7559,28016,4627,0,0
2020-08-13,port218,Cartagena,7,7,32043,10392,0,32043,0,0,0,0,10392,0,0,0
2020-08-14,port218,Cartagena,11,7,12327,52510,0,12327,0,0,0,0,16917,5988,29604,0
2020-08-15,port218,Cartagena,8,5,17708,10606,0,9117,0,7765,825,0,10520,0,0,86
2020-08-16,port218,Cartagena,8,4,56991,53903,28081,28909,0,0,0,0,14312,0,39591,0
2020-08-17,port218,Cartagena,10,8,41896,11926,0,29316,888,11690,0,0,10467,1458,0,0
2020-08-18,port218,Cartagena,5,1,10502,77321,0,2939,0,7562,0,0,2278,3391,71652,0
2020-08-19,port218,Cartagena,9,6,19057,23375,0,14325,0,4732,0,0,4161,7404,11809,0
2020-08-20,port218,Cartagena,10,8,14483,18009,0,14483,0,0,0,0,11526,476,6006,0
2020-08-21,port218,Cartagena,11,7,19388,25887,0,10339,888,8160,0,0,24429,1458,0,0
2020-08-22,port218,Cartagena,10,6,30427,64304,0,25150,0,5276,0,0,20500,1603,42201,0
2020-08-23,port218,Cartagena,5,3,2939,59238,0,2939,0,0,0,0,16210,1734,41293,0
2020-08-24,port218,Cartagena,8,5,50716,6404,0,39335,888,10492,0,2668,2278,1458,0,0
2020-08-25,port218,Cartagena,6,5,23300,11030,10567,12732,0,0,0,0,11030,0,0,0
2020-08-26,port218,Cartagena,8,3,7040,44973,0,0,888,6151,0,0,30072,3091,11809,0
2020-08-27,port218,Cartagena,10,9,109342,14854,0,38990,0,70351,0,0,14854,0,0,0
2020-08-28,port218,Cartagena,10,6,27163,54439,21772,5390,0,0,0,0,4056,0,49357,1024
2020-08-29,port218,Cartagena,10,8,48671,7734,0,39255,0,9416,0,0,7734,0,0,0
2020-08-30,port218,Cartagena,5,4,13728,7010,0,13728,0,0,0,0,7010,0,0,0
2020-08-31,port218,Cartagena,17,8,44751,74278,0,34978,1051,8720,0,7559,24330,2841,39547,0
2020-09-01,port218,Cartagena,6,5,61159,19601,0,8121,0,53038,0,0,19601,0,0,0
2020-09-02,port218,Cartagena,5,5,8375,7219,0,8375,0,0,0,0,7219,0,0,0
2020-09-03,port218,Cartagena,11,6,20604,16783,0,11950,888,7765,0,0,14717,2065,0,0
2020-09-04,port218,Cartagena,9,4,32649,95937,8673,17095,0,6054,825,1932,15285,0,78634,86
2020-09-05,port218,Cartagena,9,7,51702,32403,0,51702,0,0,0,10605,20107,1690,0,0
2020-09-06,port218,Cartagena,5,4,33932,12752,11143,22789,0,0,0,10474,2278,0,0,0
2020-09-07,port218,Cartagena,11,5,27771,7359,0,16830,1971,8969,0,0,5786,1458,115,0
2020-09-08,port218,Cartagena,8,5,8216,88874,0,2939,0,5276,0,2668,43785,0,42421,0
2020-09-09,port218,Cartagena,9,5,39156,25788,0,7038,228,31889,0,0,22491,1938,1358,0
2020-09-10,port218,Cartagena,15,7,92091,28084,57372,20984,888,11311,1534,10474,11545,3710,2353,0
2020-09-11,port218,Cartagena,8,5,16502,12430,0,14688,888,924,0,0,10972,1458,0,0
2020-09-12,port218,Cartagena,10,5,6884,120657,0,4118,0,0,2766,50977,21018,0,48661,0
2020-09-13,port218,Cartagena,9,6,29122,6646,0,21725,888,6507,0,0,5187,1458,0,0
2020-09-14,port218,Cartagena,12,7,15154,79055,0,13221,1932,0,0,20342,12543,2898,43271,0
2020-09-15,port218,Cartagena,6,5,34009,17878,0,30878,0,3131,0,0,17878,0,0,0
2020-09-16,port218,Cartagena,7,6,8478,17829,0,8478,0,0,0,0,15897,1932,0,0
2020-09-17,port218,Cartagena,12,7,27394,25401,0,25387,2006,0,0,2297,8501,4855,9746,0
2020-09-18,port218,Cartagena,10,5,23205,16107,0,13572,3311,6320,0,0,13045,3062,0,0
2020-09-19,port218,Cartagena,11,6,22099,41607,0,21273,0,0,825,0,19263,0,22258,86
2020-09-20,port218,Cartagena,7,3,39829,38779,11124,4195,2628,21881,0,0,7886,0,30892,0
2020-09-21,port218,Cartagena,11,5,65924,116680,30462,31394,228,3839,0,55252,16552,1938,42936,0
2020-09-22,port218,Cartagena,4,3,11327,6973,0,5481,0,5845,0,0,6973,0,0,0
2020-09-23,port218,Cartagena,9,5,19895,33789,1778,4000,0,14116,0,0,1900,996,30892,0
2020-09-24,port218,Cartagena,10,8,23789,22384,0,18512,0,5276,0,0,20603,1665,115,0
2020-09-25,port218,Cartagena,10,5,17764,55743,0,7343,0,10420,0,1490,13598,312,40341,0
2020-09-26,port218,Cartagena,11,6,102131,6367,0,18233,0,83898,0,0,6252,0,115,0
2020-09-27,port218,Cartagena,8,6,84433,35716,52862,31570,0,0,0,29159,6556,0,0,0
2020-09-28,port218,Cartagena,7,5,21564,13142,0,20738,0,0,825,0,13056,0,0,86
2020-09-29,port218,Cartagena,11,4,11775,69205,0,3478,0,8297,0,0,13216,2963,53025,0
2020-09-30,port218,Cartagena,5,4,10645,19067,0,3711,0,6934,0,0,19067,0,0,0
2020-10-01,port218,Cartagena,10,8,85870,7475,0,23546,888,61435,0,0,6016,1458,0,0
2020-10-02,port218,Cartagena,11,7,26638,37903,0,9327,0,17310,0,13290,12803,0,11809,0
2020-10-03,port218,Cartagena,11,5,58351,148463,0,51009,0,7342,0,0,7541,3882,137040,0
2020-10-04,port218,Cartagena,5,3,11654,6025,0,8485,3169,0,0,3088,2936,0,0,0
2020-10-05,port218,Cartagena,10,7,10388,20180,0,0,4486,5902,0,0,20180,0,0,0
2020-10-06,port218,Cartagena,4,2,2939,5135,0,2939,0,0,0,0,3745,1389,0,0
2020-10-07,port218,Cartagena,9,3,19308,27831,0,4961,888,13457,0,19945,3403,1458,3024,0
2020-10-08,port218,Cartagena,9,8,38716,5705,3307,35408,0,0,0,0,5705,0,0,0
2020-10-09,port218,Cartagena,8,5,39817,62156,0,38076,0,0,1740,0,21283,0,40787,86
2020-10-10,port218,Cartagena,10,6,30074,51961,0,21491,0,6054,2528,0,4740,862,46358,0
2020-10-11,port218,Cartagena,9,6,12561,67682,0,12561,0,0,0,0,23167,5021,39493,0
2020-10-12,port218,Cartagena,8,7,8130,35273,0,5110,0,3020,0,0,23463,0,11809,0
2020-10-13,port218,Cartagena,12,7,32526,65144,0,13645,0,18881,0,2668,20704,2251,39519,0
2020-10-14,port218,Cartagena,6,4,11762,2278,0,10691,0,1071,0,0,2278,0,0,0
2020-10-15,port218,Cartagena,9,5,27060,18918,0,5878,1948,19233,0,0,17459,1458,0,0
2020-10-16,port218,Cartagena,9,6,57705,23588,48,56830,0,0,825,7042,14956,1503,0,86
2020-10-17,port218,Cartagena,11,6,15750,89472,0,6986,0,7937,825,46607,29330,1665,11782,86
2020-10-18,port218,Cartagena,7,3,20751,53409,0,3685,12548,4517,0,0,12780,1938,38690,0
2020-10-19,port218,Cartagena,9,5,25480,29117,0,24591,888,0,0,0,12545,3084,13487,0
2020-10-20,port218,Cartagena,8,5,7947,9718,0,7947,0,0,0,0,8744,973,0,0
2020-10-21,port218,Cartagena,11,6,11393,60548,3859,5755,1777,0,0,0,18602,3779,38166,0
2020-10-22,port218,Cartagena,9,6,42552,29804,11143,24171,0,7238,0,10474,19214,0,115,0
2020-10-23,port218,Cartagena,10,7,56114,13795,0,49173,4031,2908,0,7559,6236,0,0,0
2020-10-24,port218,Cartagena,10,9,26617,40686,0,25729,888,0,0,0,39227,1458,0,0
2020-10-25,port218,Cartagena,5,3,8417,64910,0,8417,0,0,0,60704,4206,0,0,0
2020-10-26,port218,Cartagena,13,7,21652,14725,2157,7704,0,11277,512,2668,12057,0,0,0
2020-10-27,port218,Cartagena,7,4,3168,32004,0,2939,228,0,0,0,24373,7631,0,0
2020-10-28,port218,Cartagena,10,5,89837,109236,0,14861,0,74151,825,0,2810,0,106339,86
2020-10-29,port218,Cartagena,11,8,37452,9004,0,35674,1777,0,0,0,4246,2917,1841,0
2020-10-30,port218,Cartagena,3,2,38795,3904,0,38795,0,0,0,0,3436,467,0,0
2020-10-31,port218,Cartagena,8,6,9355,43286,48,9306,0,0,0,7042,29557,6685,0,0
2020-11-01,port218,Cartagena,12,5,17713,84959,0,12988,1092,2807,825,0,4190,0,80683,86
2020-11-02,port218,Cartagena,13,8,25967,47367,0,14513,272,11181,0,12963,22594,0,11809,0
2020-11-03,port218,Cartagena,8,4,18787,59526,0,5336,926,12524,0,0,17922,0,41603,0
2020-11-04,port218,Cartagena,8,6,12297,53346,0,12297,0,0,0,2297,13405,0,37643,0
2020-11-05,port218,Cartagena,11,8,30124,16799,0,27265,888,1970,0,0,13763,1458,1577,0
2020-11-06,port218,Cartagena,10,6,38016,28045,15213,15587,0,7214,0,0,6787,0,21257,0
2020-11-07,port218,Cartagena,10,6,36210,35025,0,19848,0,16362,0,0,35025,0,0,0
2020-11-08,port218,Cartagena,12,8,42741,53219,4623,33176,888,4051,0,0,10923,1458,40837,0
2020-11-09,port218,Cartagena,10,6,12529,13138,0,10568,0,0,1961,1786,6305,1690,3355,0
2020-11-10,port218,Cartagena,7,4,5426,56493,0,4917,0,0,509,0,14006,148,42338,0
2020-11-11,port218,Cartagena,6,4,23865,3051,0,16210,0,6111,1543,0,3051,0,0,0
2020-11-12,port218,Cartagena,9,5,16018,16246,0,11189,888,3940,0,0,14787,1458,0,0
2020-11-13,port218,Cartagena,11,7,7228,43860,0,5706,0,0,1521,27514,16346,0,0,0
2020-11-14,port218,Cartagena,8,6,49068,22477,0,48633,435,0,0,0,22477,0,0,0
2020-11-15,port218,Cartagena,10,6,47832,44141,29329,7949,0,10553,0,0,9924,0,34216,0
2020-11-16,port218,Cartagena,8,5,9975,55346,0,3501,0,6473,0,0,4420,328,50597,0
2020-11-17,port218,Cartagena,8,5,11768,49091,0,10879,888,0,0,0,6015,2383,40691,0
2020-11-18,port218,Cartagena,6,4,8528,10003,0,8528,0,0,0,0,7662,1665,675,0
2020-11-19,port218,Cartagena,10,6,62996,9133,0,29166,888,32115,825,0,5902,3145,0,86
2020-11-20,port218,Cartagena,9,6,23038,10318,0,17762,0,5276,0,1490,8713,0,115,0
2020-11-21,port218,Cartagena,8,5,40225,7084,4818,34518,888,0,0,0,5625,1458,0,0
2020-11-22,port218,Cartagena,11,7,28085,15977,0,16060,0,12024,0,0,13624,0,2353,0
2020-11-23,port218,Cartagena,9,5,19323,76178,0,16067,228,3027,0,28659,2848,1938,42731,0
2020-11-24,port218,Cartagena,12,5,74439,76582,37682,14885,0,21872,0,0,15602,0,60980,0
2020-11-25,port218,Cartagena,8,5,8687,71741,0,7798,888,0,0,7559,8045,1458,54678,0
2020-11-26,port218,Cartagena,7,7,20921,20768,0,20921,0,0,0,0,20768,0,0,0
2020-11-27,port218,Cartagena,9,6,39453,32802,0,33599,0,5028,825,0,8103,0,24613,86
2020-11-28,port218,Cartagena,9,6,90001,107645,59809,15599,0,14592,0,0,15478,0,92166,0
2020-11-29,port218,Cartagena,7,5,8288,61511,0,1353,0,6934,0,0,20819,0,40691,0
2020-11-30,port218,Cartagena,12,7,17649,81653,0,5532,0,12116,0,64584,17068,0,0,0
2020-12-01,port218,Cartagena,8,3,22774,18861,0,18928,0,3020,825,0,2278,0,16497,86
2020-12-02,port218,Cartagena,9,6,22405,11466,0,15385,0,7020,0,0,11466,0,0,0
2020-12-03,port218,Cartagena,11,7,12876,14525,0,11562,1313,0,0,0,11128,3397,0,0
2020-12-04,port218,Cartagena,11,7,143157,127165,0,62814,0,80342,0,45054,8643,0,73467,0
2020-12-05,port218,Cartagena,9,7,22193,70185,0,14221,0,7971,0,0,19977,0,50207,0
2020-12-06,port218,Cartagena,12,5,84873,27367,57678,16311,1117,9765,0,0,7387,3397,16583,0
2020-12-07,port218,Cartagena,9,8,46972,14031,5190,41781,0,0,0,0,14031,0,0,0
2020-12-08,port218,Cartagena,11,8,19446,17357,0,14169,0,5276,0,2668,12883,1690,115,0
2020-12-09,port218,Cartagena,8,5,9518,9668,0,6721,888,1908,0,0,8209,1458,0,0
2020-12-10,port218,Cartagena,8,6,24131,7942,0,23305,0,0,825,0,7409,0,447,86
2020-12-11,port218,Cartagena,7,5,16451,22656,0,10285,888,5276,0,0,21083,1458,115,0
2020-12-12,port218,Cartagena,10,6,204884,31966,0,38642,2065,164176,0,0,24637,0,7329,0
2020-12-13,port218,Cartagena,9,7,4346,13962,0,4346,0,0,0,0,13962,0,0,0
2020-12-14,port218,Cartagena,12,5,52773,44524,41507,2197,0,6263,2805,0,7505,0,37018,0
2020-12-15,port218,Cartagena,5,3,27916,749,0,19052,0,7492,1371,0,749,0,0,0
2020-12-16,port218,Cartagena,8,4,15590,28393,0,11451,1117,3020,0,0,13186,3397,11809,0
2020-12-17,port218,Cartagena,10,6,17913,17600,0,15796,0,1089,1028,0,17600,0,0,0
2020-12-18,port218,Cartagena,14,8,54471,103989,0,46305,2263,5902,0,2297,11658,0,90033,0
2020-12-19,port218,Cartagena,7,6,19581,21427,0,17098,0,0,2483,0,21427,0,0,0
2020-12-20,port218,Cartagena,8,4,3947,95981,0,1400,0,2547,0,48595,7544,0,39841,0
2020-12-21,port218,Cartagena,10,7,28509,86385,0,28509,0,0,0,31615,16490,0,38278,0
2020-12-22,port218,Cartagena,8,6,37224,23394,0,36106,1117,0,0,0,19997,3397,0,0
2020-12-23,port218,Cartagena,6,4,12151,39799,0,5430,0,6720,0,0,39352,0,447,0
2020-12-24,port218,Cartagena,10,6,32327,81228,0,30161,0,2165,0,13290,16912,1690,49334,0
2020-12-25,port218,Cartagena,8,5,5486,53050,0,4597,888,0,0,0,8937,8155,35957,0
2020-12-26,port218,Cartagena,8,5,13580,23653,0,7414,888,5276,0,0,17507,6030,115,0
2020-12-27,port218,Cartagena,13,7,70800,38645,39000,19507,0,12292,0,13525,12857,453,11809,0
2020-12-28,port218,Cartagena,8,5,7154,43272,0,7154,0,0,0,2749,5751,0,34771,0
2020-12-29,port218,Cartagena,7,2,83752,46337,2968,2939,0,77844,0,0,6690,0,39647,0
2020-12-30,port218,Cartagena,5,4,0,17085,0,0,0,0,0,2451,14633,0,0,0
2020-12-31,port218,Cartagena,7,5,13665,9799,0,8388,0,5276,0,0,9683,0,115,0
2021-01-01,port218,Cartagena,7,5,16674,3875,0,15785,888,0,0,0,2417,1458,0,0
2021-01-02,port218,Cartagena,9,8,24720,44965,0,24720,0,0,0,0,43793,1172,0,0
2021-01-03,port218,Cartagena,6,5,42064,17048,30829,11235,0,0,0,0,17048,0,0,0
2021-01-04,port218,Cartagena,11,8,17862,14896,0,15422,0,2440,0,0,14896,0,0,0
2021-01-05,port218,Cartagena,6,5,13743,11885,0,7270,0,6473,0,0,11885,0,0,0
2021-01-06,port218,Cartagena,10,6,36049,62963,0,34271,1777,0,0,0,4471,2917,55574,0
2021-01-07,port218,Cartagena,7,6,8123,56268,0,8123,0,0,0,0,8889,0,47378,0
2021-01-08,port218,Cartagena,8,5,64309,4911,13474,49120,888,0,825,0,3366,1458,0,86
2021-01-09,port218,Cartagena,15,8,31621,105267,0,14606,0,17015,0,0,27112,0,78155,0
2021-01-10,port218,Cartagena,10,5,24556,5259,0,16434,888,6720,512,0,3801,1458,0,0
2021-01-11,port218,Cartagena,9,5,58169,30284,0,4108,0,54061,0,2668,24411,3204,0,0
2021-01-12,port218,Cartagena,3,1,3150,11428,0,0,0,3150,0,0,1110,7965,2353,0
2021-01-13,port218,Cartagena,10,6,22205,12626,3999,15909,1056,1239,0,0,12626,0,0,0
2021-01-14,port218,Cartagena,7,4,49302,96135,31445,17857,0,0,0,0,7532,0,88602,0
2021-01-15,port218,Cartagena,11,7,39108,15619,0,23773,9333,6002,0,0,15619,0,0,0
2021-01-16,port218,Cartagena,10,7,20845,64976,0,19035,888,920,0,0,21380,1458,42138,0
2021-01-17,port218,Cartagena,9,4,63642,31434,50653,5273,0,7715,0,13400,16343,1690,0,0
2021-01-18,port218,Cartagena,10,8,10485,23213,0,10485,0,0,0,0,23213,0,0,0
2021-01-19,port218,Cartagena,7,4,31478,19838,13688,10039,1430,6320,0,0,19838,0,0,0
2021-01-20,port218,Cartagena,11,7,49441,55310,0,34604,888,13947,0,0,7206,1458,46645,0
2021-01-21,port218,Cartagena,11,9,51203,18274,0,43664,0,7539,0,0,14918,0,3355,0
2021-01-22,port218,Cartagena,7,4,28862,63385,11143,16830,888,0,0,60158,1768,1458,0,0
2021-01-23,port218,Cartagena,12,6,93300,95511,0,18588,0,74711,0,0,9183,0,86328,0
2021-01-24,port218,Cartagena,8,5,33504,39471,16070,11735,0,5698,0,10474,28996,0,0,0
2021-01-25,port218,Cartagena,9,8,18488,7182,0,18488,0,0,0,2668,4513,0,0,0
2021-01-26,port218,Cartagena,11,6,19047,47453,0,17929,1117,0,0,2741,4021,5087,35602,0
2021-01-27,port218,Cartagena,10,6,28148,18325,4916,14277,888,7148,917,0,16867,1458,0,0
2021-01-28,port218,Cartagena,12,6,20684,24237,0,6325,0,11872,2486,0,11503,924,11809,0
2021-01-29,port218,Cartagena,10,8,41947,10649,0,40169,1777,0,0,0,7732,2917,0,0
2021-01-30,port218,Cartagena,6,5,14144,8934,0,14144,0,0,0,0,7268,1665,0,0
2021-01-31,port218,Cartagena,13,7,45427,26678,11143,30218,4066,0,0,10474,15340,862,0,0
2021-02-01,port218,Cartagena,9,6,38455,28011,0,37629,0,0,825,18275,6711,0,2938,86
2021-02-02,port218,Cartagena,9,3,20611,109914,0,0,1062,19548,0,47994,22593,0,39326,0
2021-02-03,port218,Cartagena,6,5,16286,10898,2735,13551,0,0,0,0,10898,0,0,0
2021-02-04,port218,Cartagena,7,6,18039,6305,0,14488,0,0,3550,0,6305,0,0,0
2021-02-05,port218,Cartagena,9,6,32440,15744,0,17906,0,14534,0,2297,12999,0,447,0
2021-02-06,port218,Cartagena,10,6,25115,84663,0,24226,888,0,0,12307,26859,1458,44038,0
2021-02-07,port218,Cartagena,8,4,60006,17913,11143,41634,228,6175,825,10474,5414,1938,0,86
2021-02-08,port218,Cartagena,10,8,99917,11110,0,26818,888,72210,0,0,9651,1458,0,0
2021-02-09,port218,Cartagena,5,3,52526,7009,49906,2390,228,0,0,0,5071,1938,0,0
2021-02-10,port218,Cartagena,6,2,18488,90774,11143,7345,0,0,0,13142,3817,0,73814,0
2021-02-11,port218,Cartagena,8,5,15564,4508,0,15564,0,0,0,0,1801,2707,0,0
2021-02-12,port218,Cartagena,9,6,16081,14563,0,10805,0,5276,0,0,13990,0,115,457
2021-02-13,port218,Cartagena,6,5,15069,38507,0,15069,0,0,0,0,36105,0,2401,0
2021-02-14,port218,Cartagena,10,7,53527,11091,0,49814,0,3713,0,0,9121,1969,0,0
2021-02-15,port218,Cartagena,13,6,50295,80446,0,17839,1777,30678,0,0,24043,2917,53485,0
2021-02-16,port218,Cartagena,12,8,26072,28228,6751,11711,888,6720,0,0,24741,3487,0,0
2021-02-17,port218,Cartagena,9,6,59125,54228,0,20416,0,36414,2293,0,13266,0,40961,0
2021-02-18,port218,Cartagena,11,6,20697,97378,0,15190,5506,0,0,0,21189,0,76188,0
2021-02-19,port218,Cartagena,10,5,61717,61577,29342,32374,0,0,0,0,6675,0,54901,0
2021-02-20,port218,Cartagena,6,4,22379,66208,0,14218,0,8160,0,0,27458,0,38749,0
2021-02-21,port218,Cartagena,9,5,32392,20642,11143,21249,0,0,0,12772,6203,1665,0,0
2021-02-22,port218,Cartagena,15,8,30937,12526,0,20740,5129,5066,0,0,10848,1678,0,0
2021-02-23,port218,Cartagena,3,3,9803,991,0,9803,0,0,0,0,991,0,0,0
2021-02-24,port218,Cartagena,7,4,54563,43372,46946,6728,888,0,0,0,5464,1458,36449,0
2021-02-25,port218,Cartagena,8,4,16177,51976,0,2029,0,14147,0,48674,3139,162,0,0
2021-02-26,port218,Cartagena,8,5,27385,42279,0,21317,888,5178,0,0,2835,1458,37985,0
2021-02-27,port218,Cartagena,10,8,15948,41657,0,15720,228,0,0,0,39718,1938,0,0
2021-02-28,port218,Cartagena,3,3,1400,1508,0,1400,0,0,0,0,1508,0,0,0
2021-03-01,port218,Cartagena,14,8,41756,77120,11567,8317,0,21870,0,0,32759,0,44360,0
2021-03-02,port218,Cartagena,5,3,14014,17733,0,7164,0,6850,0,0,17509,0,223,0
2021-03-03,port218,Cartagena,8,5,10622,8607,0,10109,0,0,512,2749,5858,0,0,0
2021-03-04,port218,Cartagena,12,7,11326,56140,0,9560,0,1765,0,2668,10761,0,42710,0
2021-03-05,port218,Cartagena,8,6,46089,59882,0,45200,888,0,0,0,8526,1458,49898,0
2021-03-06,port218,Cartagena,11,5,13028,143873,0,7523,228,5276,0,52866,41518,9343,40145,0
2021-03-07,port218,Cartagena,5,4,31383,36418,0,31383,0,0,0,0,0,0,36418,0
2021-03-08,port218,Cartagena,9,5,27351,7938,0,18697,888,7765,0,0,4788,3149,0,0
2021-03-09,port218,Cartagena,5,4,45711,2278,0,8938,0,36773,0,0,2278,0,0,0
2021-03-10,port218,Cartagena,9,6,13781,14331,0,13562,218,0,0,0,14331,0,0,0
2021-03-11,port218,Cartagena,12,8,39890,17090,0,20014,0,17318,2556,0,17090,0,0,0
2021-03-12,port218,Cartagena,10,7,15135,13735,0,15135,0,0,0,0,11999,0,1736,0
2021-03-13,port218,Cartagena,8,5,38685,14082,7874,21957,0,7316,1538,0,14082,0,0,0
2021-03-14,port218,Cartagena,9,6,40131,15796,0,36196,888,0,3045,0,9169,6626,0,0
2021-03-15,port218,Cartagena,12,5,33795,45035,0,32553,888,352,0,0,547,4116,40371,0
2021-03-16,port218,Cartagena,9,7,6582,57072,0,6582,0,0,0,0,17264,0,39808,0
2021-03-17,port218,Cartagena,11,5,86837,42314,29069,6618,1117,50031,0,12963,25954,3397,0,0
2021-03-18,port218,Cartagena,9,7,119727,43716,0,44529,0,75197,0,32492,11223,0,0,0
2021-03-19,port218,Cartagena,6,4,6192,5228,0,4388,888,0,914,0,3770,1458,0,0
2021-03-20,port218,Cartagena,9,5,73269,5815,0,34714,0,38555,0,0,5327,487,0,0
2021-03-21,port218,Cartagena,10,6,20574,54481,0,16421,4152,0,0,2451,6529,1458,44042,0
2021-03-22,port218,Cartagena,10,8,38445,46787,0,37802,0,643,0,0,9841,0,36946,0
2021-03-23,port218,Cartagena,9,4,37100,8877,0,8687,0,28412,0,0,8762,0,115,0
2021-03-24,port218,Cartagena,8,5,20626,52161,11000,6651,0,2974,0,0,13769,0,38392,0
2021-03-25,port218,Cartagena,10,5,27590,90131,13042,9301,5246,0,0,0,18835,1458,69837,0
2021-03-26,port218,Cartagena,8,7,22379,11494,0,21490,888,0,0,0,10035,1458,0,0
2021-03-27,port218,Cartagena,7,5,45908,15030,23923,21984,0,0,0,10474,4556,0,0,0
2021-03-28,port218,Cartagena,8,5,57294,48134,0,41823,888,14582,0,0,2159,1458,44517,0
2021-03-29,port218,Cartagena,12,4,79515,58718,0,9985,0,69529,0,2408,2726,0,53582,0
2021-03-30,port218,Cartagena,4,4,2459,8976,0,2459,0,0,0,0,8976,0,0,0
2021-03-31,port218,Cartagena,11,5,11798,113047,236,7487,228,3020,825,48674,8328,1938,54018,86
2021-04-01,port218,Cartagena,8,7,16967,10042,0,16967,0,0,0,1490,8552,0,0,0
2021-04-02,port218,Cartagena,9,6,23112,8969,0,16811,0,5276,1024,0,6743,2111,115,0
2021-04-03,port218,Cartagena,8,5,37812,8751,0,37300,0,0,511,0,6438,0,2313,0
2021-04-04,port218,Cartagena,8,6,6926,75854,0,6010,0,0,916,0,37580,0,38273,0
2021-04-05,port218,Cartagena,12,9,40083,73123,0,40083,0,0,0,0,14985,1367,56769,0
2021-04-06,port218,Cartagena,10,4,17503,20872,0,10955,1265,5282,0,0,7396,1665,11809,0
2021-04-07,port218,Cartagena,7,4,14902,27456,0,4096,0,10806,0,0,7512,0,19944,0
2021-04-08,port218,Cartagena,10,6,43092,25422,29937,13155,0,0,0,14605,7309,3507,0,0
2021-04-09,port218,Cartagena,10,7,14371,10997,0,14371,0,0,0,0,10997,0,0,0
2021-04-10,port218,Cartagena,8,5,39372,38907,0,31016,0,7530,825,0,35577,0,3244,86
2021-04-11,port218,Cartagena,6,4,20757,90507,14878,5878,0,0,0,0,14712,0,75795,0
2021-04-12,port218,Cartagena,9,7,24897,5074,0,24008,888,0,0,0,3616,1458,0,0
2021-04-13,port218,Cartagena,7,5,20246,9366,0,9662,0,10583,0,0,9366,0,0,0
2021-04-14,port218,Cartagena,11,6,27075,8269,0,8765,3456,9535,5317,0,6811,1458,0,0
2021-04-15,port218,Cartagena,13,6,69769,28340,11600,16195,457,41515,0,0,22772,5567,0,0
2021-04-16,port218,Cartagena,9,7,15615,38548,0,12136,0,3479,0,0,3518,0,35030,0
2021-04-17,port218,Cartagena,7,5,32176,29049,0,32176,0,0,0,0,29049,0,0,0
2021-04-18,port218,Cartagena,9,5,18543,11696,0,10207,8336,0,0,0,8023,3673,0,0
2021-04-19,port218,Cartagena,8,4,37519,57750,0,24539,0,11329,1651,0,14968,0,42610,172
2021-04-20,port218,Cartagena,8,6,26373,42391,0,17800,0,8572,0,30447,11943,0,0,0
2021-04-21,port218,Cartagena,5,3,24095,5607,18216,5878,0,0,0,0,5607,0,0,0
2021-04-22,port218,Cartagena,6,5,3047,62291,0,3047,0,0,0,0,16673,0,45618,0
2021-04-23,port218,Cartagena,13,8,46393,18537,0,44615,1777,0,0,7559,5660,2917,2401,0
2021-04-24,port218,Cartagena,11,6,11550,65733,6274,0,0,5276,0,0,46402,0,19330,0
2021-04-25,port218,Cartagena,6,5,30082,4556,0,30082,0,0,0,0,4556,0,0,0
2021-04-26,port218,Cartagena,8,7,16961,8136,0,11684,0,5276,0,0,8021,0,115,0
2021-04-27,port218,Cartagena,10,4,16709,13967,0,2939,1115,12654,0,0,10842,3124,0,0
2021-04-28,port218,Cartagena,7,5,12292,51203,0,12292,0,0,0,1638,11144,0,38420,0
2021-04-29,port218,Cartagena,9,4,28519,63331,0,22673,0,5845,0,12307,13302,0,37721,0
2021-04-30,port218,Cartagena,9,6,61409,35024,40795,5672,0,14116,825,0,4045,0,30892,86
2021-05-01,port218,Cartagena,10,7,45196,51046,0,44370,0,0,825,13876,35349,1734,0,86
2021-05-02,port218,Cartagena,8,5,21087,42835,0,20198,888,0,0,39098,2278,1458,0,0
2021-05-03,port218,Cartagena,9,5,17426,11506,0,11793,2307,3325,0,0,8064,3442,0,0
2021-05-04,port218,Cartagena,8,6,21544,18657,0,5878,0,15665,0,0,18657,0,0,0
2021-05-05,port218,Cartagena,11,7,92753,28152,80296,5736,0,6720,0,0,28152,0,0,0
2021-05-06,port218,Cartagena,7,6,21043,10335,0,21043,0,0,0,0,10335,0,0,0
2021-05-07,port218,Cartagena,9,6,58922,44377,0,39497,5308,14116,0,0,12026,1458,30892,0
2021-05-08,port218,Cartagena,11,7,11003,80265,0,2939,0,8063,0,2297,31801,5695,40470,0
2021-05-09,port218,Cartagena,11,6,36515,96837,16180,15973,0,2908,1452,47706,7044,0,42086,0
2021-05-10,port218,Cartagena,7,4,29898,8433,0,29898,0,0,0,0,5420,3012,0,0
2021-05-11,port218,Cartagena,8,5,18526,55421,0,13949,0,3751,825,0,17589,0,37745,86
2021-05-12,port218,Cartagena,6,5,23054,4556,0,17930,0,5124,0,0,4556,0,0,0
2021-05-13,port218,Cartagena,13,7,15203,171274,0,6883,0,5276,3043,0,27196,2609,141467,0
2021-05-14,port218,Cartagena,10,8,74955,5141,49420,22195,0,0,3339,0,5141,0,0,0
2021-05-15,port218,Cartagena,10,5,27295,11107,0,12358,7736,5178,2021,0,11107,0,0,0
2021-05-16,port218,Cartagena,6,4,18181,5953,0,13018,2900,0,2262,0,5953,0,0,0
2021-05-17,port218,Cartagena,8,6,22324,7327,0,16478,0,5845,0,0,6654,673,0,0
2021-05-18,port218,Cartagena,3,2,20866,0,0,6725,0,14141,0,0,0,0,0,0
2021-05-19,port218,Cartagena,8,5,13817,8342,0,13817,0,0,0,6108,2234,0,0,0
2021-05-20,port218,Cartagena,10,6,21915,23549,2199,18827,888,0,0,12635,9456,1458,0,0
2021-05-21,port218,Cartagena,8,4,57008,57360,49743,7264,0,0,0,0,12106,0,45254,0
2021-05-22,port218,Cartagena,8,5,10549,31252,0,2939,888,6720,0,0,29794,1458,0,0
2021-05-23,port218,Cartagena,11,8,19657,80214,0,16636,0,3020,0,55538,9197,3668,11809,0
2021-05-24,port218,Cartagena,8,5,32226,10682,0,31337,888,0,0,0,2878,7804,0,0
2021-05-25,port218,Cartagena,6,2,9020,5734,0,4381,3812,0,825,3370,2278,0,0,86
2021-05-26,port218,Cartagena,9,6,24014,45215,0,22890,0,1123,0,0,3024,1121,41069,0
2021-05-27,port218,Cartagena,9,5,43976,5677,0,34812,888,8274,0,0,1329,1458,2889,0
2021-05-28,port218,Cartagena,13,8,30190,68134,0,18519,4329,7342,0,0,8352,1129,58652,0
2021-05-29,port218,Cartagena,8,7,31903,53004,0,31903,0,0,0,0,11004,0,42000,0
2021-05-30,port218,Cartagena,10,6,27524,29655,4897,11241,0,8251,3134,0,29540,0,115,0
2021-05-31,port218,Cartagena,8,6,54997,5463,0,51931,0,0,3065,0,5200,263,0,0
2021-06-01,port218,Cartagena,11,7,21509,44089,0,6504,888,14116,0,0,10134,3062,30892,0
2021-06-02,port218,Cartagena,9,5,37205,51206,0,15299,0,21905,0,0,4556,0,46650,0
2021-06-03,port218,Cartagena,8,6,24825,9184,0,23293,0,0,1531,0,8737,0,447,0
2021-06-04,port218,Cartagena,10,5,116452,12888,24106,10231,0,79561,2554,0,12888,0,0,0
2021-06-05,port218,Cartagena,8,6,32772,14248,0,31883,888,0,0,0,11099,3149,0,0
2021-06-06,port218,Cartagena,8,7,11069,94642,0,11069,0,0,0,0,56186,0,38456,0
2021-06-07,port218,Cartagena,14,6,54929,27766,11143,34907,888,7990,0,10474,9891,7400,0,0
2021-06-08,port218,Cartagena,9,3,22733,57511,12679,6707,3346,0,0,49163,2278,6069,0,0
2021-06-09,port218,Cartagena,4,2,1276,16543,0,1276,0,0,0,0,16543,0,0,0
2021-06-10,port218,Cartagena,9,5,28984,14913,0,12980,0,14464,1539,12635,2278,0,0,0
2021-06-11,port218,Cartagena,12,6,41946,44837,0,10525,0,27101,4318,2297,11619,0,30892,27
2021-06-12,port218,Cartagena,10,7,44126,108603,28172,15953,0,0,0,0,35922,0,72681,0
2021-06-13,port218,Cartagena,9,7,18137,7441,3476,13772,888,0,0,0,5983,1458,0,0
2021-06-14,port218,Cartagena,7,5,35378,8003,0,30102,0,5276,0,0,7888,0,115,0
2021-06-15,port218,Cartagena,9,5,12772,15168,0,9252,0,3519,0,1193,10618,0,3355,0
2021-06-16,port218,Cartagena,8,3,14273,175595,0,7679,228,6365,0,38428,7066,1938,128162,0
2021-06-17,port218,Cartagena,11,7,41253,55442,6798,33565,888,0,0,0,7314,6069,42058,0
2021-06-18,port218,Cartagena,9,5,45299,48777,37236,0,0,8063,0,0,6386,0,42391,0
2021-06-19,port218,Cartagena,10,6,31319,32454,0,26404,3378,0,1536,0,30606,1734,0,113
2021-06-20,port218,Cartagena,8,5,21211,7169,0,12906,0,8304,0,0,7169,0,0,0
2021-06-21,port218,Cartagena,8,5,21749,13483,0,12591,3769,5388,0,0,9952,3531,0,0
2021-06-22,port218,Cartagena,7,6,7119,15092,0,7119,0,0,0,0,15092,0,0,0
2021-06-23,port218,Cartagena,8,5,19016,16805,0,18190,0,0,825,0,12108,4610,0,86
2021-06-24,port218,Cartagena,10,7,42168,4227,10985,24710,0,6473,0,0,4227,0,0,0
2021-06-25,port218,Cartagena,12,7,8462,48913,0,6078,0,1558,825,0,12764,494,35568,86
2021-06-26,port218,Cartagena,9,6,29553,38312,0,23387,888,5276,0,0,36291,1458,562,0
2021-06-27,port218,Cartagena,7,3,59115,1458,0,19665,4546,34903,0,0,0,1458,0,0
2021-06-28,port218,Cartagena,10,9,27646,10149,0,27646,0,0,0,2143,8005,0,0,0
2021-06-29,port218,Cartagena,5,4,9948,8505,0,9948,0,0,0,0,8505,0,0,0
2021-06-30,port218,Cartagena,6,5,14602,6222,0,14602,0,0,0,0,4556,1665,0,0
2021-07-01,port218,Cartagena,10,6,70714,10495,0,10971,0,59742,0,0,9336,1044,115,0
2021-07-02,port218,Cartagena,8,6,23108,11062,0,22397,0,0,711,0,9453,1582,0,27
2021-07-03,port218,Cartagena,6,3,15676,13872,3848,4154,0,7673,0,2814,11058,0,0,0
2021-07-04,port218,Cartagena,9,6,19267,57546,0,17895,888,0,482,0,14749,1458,41338,0
2021-07-05,port218,Cartagena,10,6,20994,24996,0,13865,0,7128,0,13290,6683,5021,0,0
2021-07-06,port218,Cartagena,7,5,3682,102890,0,3682,0,0,0,0,12761,12148,77979,0
2021-07-07,port218,Cartagena,11,6,27947,23239,0,17747,888,6293,3017,0,18363,4876,0,0
2021-07-08,port218,Cartagena,8,5,16585,49572,0,13065,0,3519,0,0,9289,0,40283,0
2021-07-09,port218,Cartagena,7,4,11543,54329,0,7811,0,3020,711,0,6933,0,47369,27
2021-07-10,port218,Cartagena,9,3,69116,5960,35041,26095,888,6263,825,0,2278,3149,447,86
2021-07-11,port218,Cartagena,10,6,21115,34003,0,21115,0,0,0,0,20641,12601,760,0
2021-07-12,port218,Cartagena,15,11,30311,6833,0,29065,223,0,1021,0,5229,1603,0,0
2021-07-13,port218,Cartagena,9,3,25227,26214,0,15423,1776,7316,711,0,2278,0,23909,27
2021-07-14,port218,Cartagena,8,3,56352,53441,37991,5858,0,12503,0,10474,4389,0,38577,0
2021-07-15,port218,Cartagena,7,4,35505,11184,28473,647,0,6384,0,2297,8886,0,0,0
2021-07-16,port218,Cartagena,14,8,21756,9052,0,19110,1934,0,711,0,8302,723,0,27
2021-07-17,port218,Cartagena,11,5,22617,55774,0,18566,0,4051,0,41762,10596,0,3415,0
2021-07-18,port218,Cartagena,10,5,18967,108732,10399,8568,0,0,0,2814,14185,556,91175,0
2021-07-19,port218,Cartagena,10,7,54841,47638,29615,24336,888,0,0,0,5772,1458,40407,0
2021-07-20,port218,Cartagena,10,7,37955,9796,0,28067,888,8999,0,0,8337,1458,0,0
2021-07-21,port218,Cartagena,6,2,25071,20885,11143,7689,0,6238,0,10474,10143,0,267,0
2021-07-22,port218,Cartagena,7,4,26284,35911,0,11278,888,14116,0,0,3559,1458,30892,0
2021-07-23,port218,Cartagena,12,8,36909,44350,0,31404,228,5276,0,0,3589,1938,38823,0
2021-07-24,port218,Cartagena,8,7,37095,77203,0,22978,0,14116,0,0,46311,0,30892,0
2021-07-25,port218,Cartagena,7,3,33922,18705,23218,2939,0,7765,0,12635,6070,0,0,0
2021-07-26,port218,Cartagena,7,5,56170,57149,45431,10738,0,0,0,0,5974,0,51175,0
2021-07-27,port218,Cartagena,11,6,51135,53484,0,36103,5141,7342,2548,0,12313,1458,39712,0
2021-07-28,port218,Cartagena,2,1,19241,2250,19241,0,0,0,0,0,2250,0,0,0
2021-07-29,port218,Cartagena,9,8,24358,12908,0,22382,1976,0,0,0,12908,0,0,0
2021-07-30,port218,Cartagena,13,7,110443,21905,5243,7666,888,96644,0,2451,17548,1458,447,0
2021-07-31,port218,Cartagena,10,7,38709,16504,0,18278,0,20431,0,0,16001,502,0,0
2021-08-01,port218,Cartagena,10,4,12982,172022,0,5209,0,7316,456,0,3589,0,168433,0
2021-08-02,port218,Cartagena,10,8,47550,8557,0,38387,888,8274,0,0,7098,1458,0,0
2021-08-03,port218,Cartagena,10,6,33028,60528,22072,10066,888,0,0,4086,18698,1458,36284,0
2021-08-04,port218,Cartagena,6,4,34232,3686,0,32993,1239,0,0,0,3686,0,0,0
2021-08-05,port218,Cartagena,8,5,19367,18987,0,17510,0,0,1856,0,13676,0,5311,0
2021-08-06,port218,Cartagena,13,6,68304,50890,29874,22153,888,13627,1760,0,6316,3124,41449,0
2021-08-07,port218,Cartagena,9,6,4483,70511,48,4434,0,0,0,7042,49768,3402,10297,0
2021-08-08,port218,Cartagena,10,4,11351,64394,0,3586,0,7765,0,0,17192,1119,46083,0
2021-08-09,port218,Cartagena,8,5,33171,15988,48,28765,4357,0,0,7042,8722,223,0,0
2021-08-10,port218,Cartagena,10,4,43592,103652,21959,8818,1932,10882,0,0,24571,0,79081,0
2021-08-11,port218,Cartagena,6,4,54199,10802,28301,25072,0,0,825,0,10716,0,0,86
2021-08-12,port218,Cartagena,10,5,58004,110344,5846,43733,0,8425,0,58265,16033,0,36045,0
2021-08-13,port218,Cartagena,9,7,19649,7645,0,14372,0,5276,0,0,7530,0,115,0
2021-08-14,port218,Cartagena,13,9,36767,70514,0,29901,0,6040,825,0,46082,0,24346,86
2021-08-15,port218,Cartagena,9,7,10932,9637,0,9809,1122,0,0,0,8179,1458,0,0
2021-08-16,port218,Cartagena,11,6,41174,14214,29022,12152,0,0,0,0,7444,6769,0,0
2021-08-17,port218,Cartagena,11,5,24101,157249,0,14639,0,9462,0,56927,5636,0,94685,0
2021-08-18,port218,Cartagena,3,3,34958,9763,0,34958,0,0,0,0,9763,0,0,0
2021-08-19,port218,Cartagena,7,4,21183,35587,0,14117,3262,3803,0,12635,22952,0,0,0
2021-08-20,port218,Cartagena,10,6,86365,49167,0,8965,0,77399,0,0,5102,1734,42330,0
2021-08-21,port218,Cartagena,15,5,83412,97787,56926,4386,1942,20157,0,0,37002,2917,57868,0
2021-08-22,port218,Cartagena,5,4,8218,8449,0,8218,0,0,0,0,8449,0,0,0
2021-08-23,port218,Cartagena,13,6,56264,77618,0,18289,0,36435,1539,0,13783,1571,62262,0
2021-08-24,port218,Cartagena,9,5,54399,8926,0,14757,0,39642,0,0,8926,0,0,0
2021-08-25,port218,Cartagena,5,2,18026,6046,12147,5878,0,0,0,1490,4556,0,0,0
2021-08-26,port218,Cartagena,12,8,28939,13622,0,27785,1153,0,0,0,12503,1119,0,0
2021-08-27,port218,Cartagena,7,4,46638,40023,0,15300,0,31337,0,0,7390,0,32633,0
2021-08-28,port218,Cartagena,7,5,16192,13999,0,16060,131,0,0,0,11815,0,2183,0
2021-08-29,port218,Cartagena,8,6,3452,41480,0,652,0,2799,0,0,41480,0,0,0
2021-08-30,port218,Cartagena,7,3,10345,83533,0,9456,888,0,0,0,1788,1458,80285,0
2021-08-31,port218,Cartagena,10,6,41654,20813,0,31100,888,9664,0,0,7545,1458,11809,0
2021-09-01,port218,Cartagena,8,3,45859,32725,36608,5923,3327,0,0,0,29328,3397,0,0
2021-09-02,port218,Cartagena,11,8,33508,23078,0,22282,4255,6969,0,2451,20627,0,0,0
2021-09-03,port218,Cartagena,8,6,0,18720,0,0,0,0,0,0,17054,1665,0,0
2021-09-04,port218,Cartagena,10,7,29859,34127,0,21232,8626,0,0,0,25724,8403,0,0
2021-09-05,port218,Cartagena,10,7,30339,13888,24460,5878,0,0,0,0,13888,0,0,0
2021-09-06,port218,Cartagena,10,5,58708,18094,0,20820,3502,34385,0,0,4826,1458,11809,0
2021-09-07,port218,Cartagena,9,6,32710,2833,0,25394,0,7316,0,555,2278,0,0,0
2021-09-08,port218,Cartagena,5,5,41533,7274,0,41533,0,0,0,0,7274,0,0,0
2021-09-09,port218,Cartagena,10,6,31890,56750,11143,20747,0,0,0,10474,6032,0,40242,0
2021-09-10,port218,Cartagena,10,6,15190,125875,0,5955,0,6293,2940,0,20836,0,105038,0
2021-09-11,port218,Cartagena,8,6,6168,44884,0,6168,0,0,0,39596,4841,0,447,0
2021-09-12,port218,Cartagena,11,8,48345,5223,0,39616,0,7765,964,1490,3733,0,0,0
2021-09-13,port218,Cartagena,9,6,85603,17134,0,6142,1777,77682,0,0,14217,2917,0,0
2021-09-14,port218,Cartagena,10,4,77185,54477,0,31021,0,43086,3077,0,2278,802,51397,0
2021-09-15,port218,Cartagena,4,3,11949,2278,0,8025,0,3923,0,0,2278,0,0,0
2021-09-16,port218,Cartagena,9,7,34815,30897,0,18111,16704,0,0,571,30326,0,0,0
2021-09-17,port218,Cartagena,12,6,16548,85889,0,8226,888,7433,0,61761,19227,4900,0,0
2021-09-18,port218,Cartagena,8,6,88450,35954,0,4065,0,84385,0,0,35954,0,0,0
2021-09-19,port218,Cartagena,10,4,12709,57402,0,9476,2488,744,0,53639,3762,0,0,0
2021-09-20,port218,Cartagena,13,7,23549,44826,0,5466,0,17625,457,0,21718,1734,21372,0
2021-09-21,port218,Cartagena,5,3,17204,9062,0,17204,0,0,0,0,9062,0,0,0
2021-09-22,port218,Cartagena,4,3,727,29735,0,727,0,0,0,5824,23910,0,0,0
2021-09-23,port218,Cartagena,10,4,38573,22670,0,23915,1516,12315,825,0,1327,0,21257,86
2021-09-24,port218,Cartagena,11,5,17533,13366,0,8432,1784,7316,0,0,6328,6748,289,0
2021-09-25,port218,Cartagena,10,5,29634,51407,0,12731,2786,14116,0,0,16113,4401,30892,0
2021-09-26,port218,Cartagena,6,5,7053,3323,0,7053,0,0,0,0,2876,0,447,0
2021-09-27,port218,Cartagena,8,5,55283,86312,0,49108,0,6175,0,0,4556,0,81756,0
2021-09-28,port218,Cartagena,8,5,56622,7089,0,54908,888,0,825,0,4556,2447,0,86
2021-09-29,port218,Cartagena,9,6,24493,18831,0,16728,0,7765,0,0,13720,5111,0,0
2021-09-30,port218,Cartagena,13,8,10864,24522,0,9975,888,0,0,1638,8253,14630,0,0
2021-10-01,port218,Cartagena,11,4,61704,45028,0,43878,0,14291,3534,0,2211,4089,38641,86
2021-10-02,port218,Cartagena,8,4,60980,90950,0,4535,0,56445,0,0,38800,0,52150,0
2021-10-03,port218,Cartagena,8,6,10483,26154,0,10483,0,0,0,0,26154,0,0,0
2021-10-04,port218,Cartagena,12,6,35078,41087,0,24632,888,6691,2866,28820,10722,1458,0,86
2021-10-05,port218,Cartagena,8,7,27940,18429,0,24421,0,3519,0,0,18429,0,0,0
2021-10-06,port218,Cartagena,8,3,7315,98482,0,6857,0,0,458,31614,4556,1665,60645,0
2021-10-07,port218,Cartagena,9,6,11442,11083,0,4322,3764,3355,0,0,11083,0,0,0
2021-10-08,port218,Cartagena,4,2,3229,141293,2141,1088,0,0,0,0,2819,0,138473,0
2021-10-09,port218,Cartagena,13,7,32846,45929,0,6752,3210,19567,3315,0,24671,0,21257,0
2021-10-10,port218,Cartagena,7,4,51472,1855,20033,23297,0,7316,825,0,1768,0,0,86
2021-10-11,port218,Cartagena,7,5,9726,48165,0,8900,0,0,825,0,9616,0,38462,86
2021-10-12,port218,Cartagena,8,3,44445,23157,33096,8745,1777,0,825,0,20154,2917,0,86
2021-10-13,port218,Cartagena,6,5,19003,20303,0,19003,0,0,0,0,18699,1603,0,0
2021-10-14,port218,Cartagena,15,6,58229,99458,20383,15348,0,20554,1943,50208,4650,4121,40477,0
2021-10-15,port218,Cartagena,11,7,31723,17049,0,28666,888,2168,0,0,12234,1458,3355,0
2021-10-16,port218,Cartagena,6,4,17693,44771,0,17235,457,0,0,13290,31481,0,0,0
2021-10-17,port218,Cartagena,7,6,28854,15224,0,28854,0,0,0,0,15224,0,0,0
2021-10-18,port218,Cartagena,9,4,21032,10548,5645,5878,1336,4588,3582,2396,8152,0,0,0
2021-10-19,port218,Cartagena,12,5,26724,48924,0,11929,888,13905,0,0,3816,3193,41914,0
2021-10-20,port218,Cartagena,8,4,71853,2543,7965,17614,0,46273,0,0,2543,0,0,0
2021-10-21,port218,Cartagena,11,8,32658,11836,5898,18994,0,7765,0,2297,9538,0,0,0
2021-10-22,port218,Cartagena,4,3,888,9936,0,0,888,0,0,0,8477,1458,0,0
2021-10-23,port218,Cartagena,10,8,30537,53700,0,30537,0,0,0,0,10041,1800,41858,0
2021-10-24,port218,Cartagena,7,5,17709,34465,0,16883,0,0,825,30506,3873,0,0,86
2021-10-25,port218,Cartagena,8,7,22682,5404,0,22682,0,0,0,0,5404,0,0,0
2021-10-26,port218,Cartagena,7,3,8498,50065,0,4785,0,3713,0,0,7388,0,42676,0
2021-10-27,port218,Cartagena,7,3,4409,8241,0,3520,888,0,0,2814,2278,3149,0,0
2021-10-28,port218,Cartagena,9,4,101296,0,1392,15711,7149,77042,0,0,0,0,0,0
2021-10-29,port218,Cartagena,8,7,13099,9255,0,9949,0,3150,0,0,6901,0,2353,0
2021-10-30,port218,Cartagena,7,6,18441,12006,0,10592,0,7848,0,0,12006,0,0,0
2021-10-31,port218,Cartagena,9,4,28464,133295,0,7031,0,21432,0,0,6033,0,127262,0
2021-11-01,port218,Cartagena,10,7,16787,62122,0,15898,888,0,0,0,3999,1458,56664,0
2021-11-02,port218,Cartagena,5,4,14331,61462,0,14331,0,0,0,0,6429,0,55032,0
2021-11-03,port218,Cartagena,8,4,24317,58567,0,17135,888,6293,0,50523,5100,2943,0,0
2021-11-04,port218,Cartagena,8,3,24674,1665,9804,11087,0,3782,0,0,0,1665,0,0
2021-11-05,port218,Cartagena,11,5,11115,13633,0,3424,1588,5276,825,0,11973,1458,115,86
2021-11-06,port218,Cartagena,9,5,10329,77736,0,2939,0,7390,0,0,11829,0,65907,0
2021-11-07,port218,Cartagena,7,5,24054,7586,0,18395,0,5659,0,0,6723,862,0,0
2021-11-08,port218,Cartagena,12,6,32414,77241,11928,16225,0,0,4260,63683,13349,0,208,0
2021-11-09,port218,Cartagena,7,3,6268,2575,0,4573,0,0,1695,0,748,163,0,1664
2021-11-10,port218,Cartagena,12,5,71284,22950,0,28764,888,40805,825,0,10918,11946,0,86
2021-11-11,port218,Cartagena,7,5,22441,3418,0,11320,3355,7765,0,0,3418,0,0,0
2021-11-12,port218,Cartagena,8,5,11560,49319,0,11345,0,214,0,0,8434,0,40884,0
2021-11-13,port218,Cartagena,8,4,13802,43596,965,12376,0,0,460,13290,24959,0,5346,0
2021-11-14,port218,Cartagena,7,5,13429,15657,0,12540,888,0,0,5577,8621,1458,0,0
2021-11-15,port218,Cartagena,8,4,93315,8596,0,27542,0,65261,511,0,5240,0,3355,0
2021-11-16,port218,Cartagena,4,3,7338,8943,0,7338,0,0,0,0,8943,0,0,0
2021-11-17,port218,Cartagena,9,5,32143,56807,11143,14025,0,3325,3648,10474,4942,0,41390,0
2021-11-18,port218,Cartagena,15,6,106082,50285,236,14282,4435,86302,825,420,4431,2453,42894,86
2021-11-19,port218,Cartagena,6,5,19600,7442,0,15996,3603,0,0,0,7442,0,0,0
2021-11-20,port218,Cartagena,10,6,30962,13042,0,11969,888,18103,0,0,11584,1458,0,0
2021-11-21,port218,Cartagena,9,8,75436,21670,56401,19034,0,0,0,0,21670,0,0,0
2021-11-22,port218,Cartagena,13,5,88842,36157,16676,53539,3422,12238,2965,34440,605,1111,0,0
2021-11-23,port218,Cartagena,5,3,13411,14087,0,10390,0,3020,0,0,2278,0,11809,0
2021-11-24,port218,Cartagena,9,4,43945,29952,27023,6085,531,10304,0,420,8159,0,21372,0
2021-11-25,port218,Cartagena,11,5,28173,32028,0,16710,0,9314,2148,2297,15756,1734,12239,0
2021-11-26,port218,Cartagena,11,7,14991,15290,0,4123,0,10868,0,6344,8945,0,0,0
2021-11-27,port218,Cartagena,6,4,9511,104656,0,9511,0,0,0,0,36070,0,68585,0
2021-11-28,port218,Cartagena,10,4,47729,15785,31398,3464,0,12040,825,0,15699,0,0,86
2021-11-29,port218,Cartagena,11,6,11700,72810,0,7290,3394,0,1015,55231,11661,5918,0,0
2021-11-30,port218,Cartagena,9,4,31463,55802,0,13437,888,17137,0,5577,4556,1458,44210,0
2021-12-01,port218,Cartagena,6,4,31575,4147,0,19410,0,11339,825,0,4061,0,0,86
2021-12-02,port218,Cartagena,7,4,20454,978,0,9202,0,10740,511,0,978,0,0,0
2021-12-03,port218,Cartagena,8,3,8848,24934,5710,2939,0,199,0,420,7398,1665,15449,0
2021-12-04,port218,Cartagena,6,3,14814,40726,0,8668,888,3020,2236,0,27458,1458,11809,0
2021-12-05,port218,Cartagena,12,6,12630,30332,0,6817,228,3020,2564,0,14980,3542,11809,0
2021-12-06,port218,Cartagena,11,8,44615,129641,0,32130,12484,0,0,0,3435,0,126206,0
2021-12-07,port218,Cartagena,9,6,19010,5129,0,13733,0,5276,0,0,4556,0,115,457
2021-12-08,port218,Cartagena,8,5,58988,4556,29290,29698,0,0,0,0,4556,0,0,0
2021-12-09,port218,Cartagena,11,4,49887,96158,13512,3866,0,31681,825,7559,14917,0,73595,86
2021-12-10,port218,Cartagena,10,6,22549,14234,0,14297,1777,6473,0,0,11317,2917,0,0
2021-12-11,port218,Cartagena,8,5,51583,78070,0,51583,0,0,0,13290,19283,0,45496,0
2021-12-12,port218,Cartagena,8,5,91429,4513,5543,13176,0,70809,1899,0,4513,0,0,0
2021-12-13,port218,Cartagena,12,7,15183,25837,0,12516,2666,0,0,0,21462,4375,0,0
2021-12-14,port218,Cartagena,7,4,27750,5148,0,19454,888,3713,3693,0,3689,1458,0,0
2021-12-15,port218,Cartagena,7,3,47999,5377,26831,7890,6983,6293,0,2814,2563,0,0,0
2021-12-16,port218,Cartagena,10,4,19986,88677,0,11332,888,7765,0,0,7489,1736,79450,0
2021-12-17,port218,Cartagena,5,3,17248,6639,0,16423,0,0,825,0,6553,0,0,86
2021-12-18,port218,Cartagena,8,6,16363,31177,0,16363,0,0,0,22150,9027,0,0,0
2021-12-19,port218,Cartagena,6,2,4598,13490,0,1408,228,0,2961,487,11064,1938,0,0
2021-12-20,port218,Cartagena,9,6,32009,4797,0,30748,0,1260,0,0,4556,241,0,0
2021-12-21,port218,Cartagena,7,6,38108,12287,0,28127,0,9980,0,0,12287,0,0,0
2021-12-22,port218,Cartagena,9,4,22248,134707,0,19949,2050,247,0,37622,6934,1938,88211,0
2021-12-23,port218,Cartagena,10,5,34601,12612,11143,17292,888,5276,0,10474,563,1458,115,0
2021-12-24,port218,Cartagena,8,6,10611,17537,0,10611,0,0,0,7559,5762,4216,0,0
2021-12-25,port218,Cartagena,8,6,10740,14762,0,9390,888,0,461,0,13304,1458,0,0
2021-12-26,port218,Cartagena,9,4,45219,15377,29072,7109,228,8297,511,0,1514,1938,11924,0
2021-12-27,port218,Cartagena,11,5,61363,62073,50942,7401,0,3020,0,0,9588,1734,50750,0
2021-12-28,port218,Cartagena,7,4,52534,18031,37538,9489,228,5276,0,0,15978,1938,115,0
2021-12-29,port218,Cartagena,9,4,11895,43091,0,3690,888,7316,0,0,9184,1458,32449,0
2021-12-30,port218,Cartagena,12,5,43708,36425,0,19134,888,23176,509,0,2278,3139,31007,0
2021-12-31,port218,Cartagena,10,5,25720,38194,236,8010,3355,14116,0,3235,4066,0,30892,0
2022-01-01,port218,Cartagena,6,5,28261,6494,0,28032,228,0,0,0,4556,1938,0,0
2022-01-02,port218,Cartagena,7,3,63530,77732,11143,2939,0,48622,825,73453,4192,0,0,86
2022-01-03,port218,Cartagena,11,4,47272,47759,0,18209,5173,23430,458,0,3598,1458,42702,0
2022-01-04,port218,Cartagena,7,4,63569,4556,3211,24027,0,36330,0,0,4556,0,0,0
2022-01-05,port218,Cartagena,5,3,22928,44769,0,8583,228,14116,0,0,11937,1938,30892,0
2022-01-06,port218,Cartagena,9,5,20785,86313,11143,9619,23,0,0,10474,4475,0,71363,0
2022-01-07,port218,Cartagena,13,6,34204,22425,11380,14364,1777,6682,0,10895,6922,4607,0,0
2022-01-08,port218,Cartagena,10,6,52192,11213,9835,40114,0,2241,0,0,9096,0,0,2117
2022-01-09,port218,Cartagena,7,3,6233,1379,0,5211,0,0,1022,0,1379,0,0,0
2022-01-10,port218,Cartagena,9,5,17181,8092,0,10715,0,5640,825,2605,5400,0,0,86
2022-01-11,port218,Cartagena,11,6,43664,17362,0,32134,888,10641,0,0,6834,10527,0,0
2022-01-12,port218,Cartagena,4,2,4717,12845,0,2939,1777,0,0,0,9928,2917,0,0
2022-01-13,port218,Cartagena,13,7,69165,76366,25525,41951,1117,570,0,27331,11469,3397,34168,0
2022-01-14,port218,Cartagena,8,5,9916,11635,0,8433,1482,0,0,0,10298,1336,0,0
2022-01-15,port218,Cartagena,4,2,3828,5731,0,2939,888,0,0,0,4273,1458,0,0
2022-01-16,port218,Cartagena,8,4,77420,63850,0,0,0,77420,0,0,22466,0,41384,0
2022-01-17,port218,Cartagena,5,4,0,31178,0,0,0,0,0,11979,19199,0,0,0
2022-01-18,port218,Cartagena,8,2,56409,12371,14950,23515,0,17944,0,0,0,0,12371,0
2022-01-19,port218,Cartagena,6,3,17623,9142,0,13844,0,0,3779,2053,6104,984,0,0
2022-01-20,port218,Cartagena,11,7,26406,11820,0,21653,1777,2974,0,0,8903,2917,0,0
2022-01-21,port218,Cartagena,11,8,20010,11069,0,12236,0,7316,457,0,11069,0,0,0
2022-01-22,port218,Cartagena,9,5,34251,22387,0,28149,0,5276,825,0,15461,0,6840,86
2022-01-23,port218,Cartagena,12,6,20310,85452,0,966,2485,16858,0,0,22463,3397,59591,0
2022-01-24,port218,Cartagena,12,7,28608,18912,0,28608,0,0,0,0,6884,7383,4643,0
2022-01-25,port218,Cartagena,7,3,4807,59946,153,2939,888,0,825,53324,5077,1458,0,86
2022-01-26,port218,Cartagena,9,7,5240,24951,0,4414,0,0,825,0,24865,0,0,86
2022-01-27,port218,Cartagena,11,8,28874,24251,0,28874,0,0,0,0,23093,0,1158,0
2022-01-28,port218,Cartagena,9,5,12440,12858,0,5048,888,6502,0,0,11400,1458,0,0
2022-01-29,port218,Cartagena,9,7,29512,38166,0,27797,888,0,825,0,36622,1458,0,86
2022-01-30,port218,Cartagena,8,3,25183,42930,0,11066,0,14116,0,1175,0,7505,34248,0
2022-01-31,port218,Cartagena,5,3,14326,5908,0,8223,0,5276,825,0,5707,0,115,86
2022-02-01,port218,Cartagena,4,2,9271,3594,0,2939,0,6332,0,0,3594,0,0,0
2022-02-02,port218,Cartagena,5,3,16354,6290,0,12959,3394,0,0,0,4556,1734,0,0
2022-02-03,port218,Cartagena,7,3,71152,5847,60690,10462,0,0,0,0,5847,0,0,0
2022-02-04,port218,Cartagena,7,3,3441,119929,0,2180,0,1260,0,43796,1424,0,74709,0
2022-02-05,port218,Cartagena,6,4,95516,5868,0,23907,228,71379,0,0,3930,1938,0,0
2022-02-06,port218,Cartagena,9,6,35184,64359,6979,28205,0,0,0,691,31770,0,31897,0
2022-02-07,port218,Cartagena,9,4,8906,13836,0,7569,1123,214,0,0,3809,10027,0,0
2022-02-08,port218,Cartagena,7,3,14999,4489,0,13221,1777,0,0,0,1572,2917,0,0
2022-02-09,port218,Cartagena,8,2,33430,8831,12380,2939,4209,13900,0,2718,6112,0,0,0
2022-02-10,port218,Cartagena,8,5,23701,6113,0,19704,0,1271,2725,0,6027,0,0,86
2022-02-11,port218,Cartagena,13,9,53899,24230,0,50650,228,3020,0,0,10034,1938,12256,0
2022-02-12,port218,Cartagena,8,4,10524,51801,0,8416,0,1084,1023,0,10318,0,41483,0
2022-02-13,port218,Cartagena,6,4,8216,23814,0,2939,0,5276,0,0,22127,0,1686,0
2022-02-14,port218,Cartagena,6,5,21302,16603,0,21302,0,0,0,0,16045,0,557,0
2022-02-15,port218,Cartagena,9,3,14070,169003,0,7694,888,4661,825,0,11831,3193,153893,86
2022-02-16,port218,Cartagena,7,5,61901,16885,0,24003,0,37897,0,11650,5234,0,0,0
2022-02-17,port218,Cartagena,9,7,24738,14227,0,23770,0,0,968,0,14227,0,0,0
2022-02-18,port218,Cartagena,11,7,29346,7835,0,21317,0,6293,1734,1342,6493,0,0,0
2022-02-19,port218,Cartagena,8,5,5959,63952,0,2939,0,3020,0,21325,30816,0,11809,0
2022-02-20,port218,Cartagena,5,4,8637,9055,0,8637,0,0,0,2297,6757,0,0,0
2022-02-21,port218,Cartagena,11,6,43438,32002,0,35538,0,7900,0,0,17482,2710,11809,0
2022-02-22,port218,Cartagena,9,3,15562,65277,236,7388,0,7936,0,420,4556,1938,58362,0
2022-02-23,port218,Cartagena,6,3,2508,59875,0,1485,1022,0,0,0,13991,1458,44424,0
2022-02-24,port218,Cartagena,11,7,35782,33083,0,34004,1777,0,0,2919,25582,4582,0,0
2022-02-25,port218,Cartagena,8,3,25367,24029,0,11666,0,13700,0,22101,236,1690,0,0
2022-02-26,port218,Cartagena,5,5,8818,8139,0,8818,0,0,0,0,8139,0,0,0
2022-02-27,port218,Cartagena,7,5,20877,15054,0,20877,0,0,0,0,11321,0,3733,0
2022-02-28,port218,Cartagena,9,5,21333,17981,0,17881,0,0,3452,0,7803,0,10177,0
2022-03-01,port218,Cartagena,6,3,45585,9282,31006,7131,228,7219,0,0,7344,1938,0,0
2022-03-02,port218,Cartagena,8,3,65943,34487,24516,37517,888,3020,0,18940,2278,1458,11809,0
2022-03-03,port218,Cartagena,8,7,26101,5543,0,26101,0,0,0,0,5543,0,0,0
2022-03-04,port218,Cartagena,12,6,42157,139650,236,37344,156,4418,0,420,0,0,139229,0
2022-03-05,port218,Cartagena,13,7,25385,26860,0,15515,879,8990,0,0,20400,5039,115,1305
2022-03-06,port218,Cartagena,5,4,5979,22338,0,5701,278,0,0,0,22338,0,0,0
2022-03-07,port218,Cartagena,12,6,27301,49040,0,17866,888,8038,508,5577,7934,1458,34070,0
2022-03-08,port218,Cartagena,6,3,21331,4123,0,12485,0,8846,0,0,4123,0,0,0
2022-03-09,port218,Cartagena,5,4,96193,6246,0,19170,0,77022,0,0,6246,0,0,0
2022-03-10,port218,Cartagena,8,4,35752,15657,0,26437,0,9314,0,0,2157,1690,11809,0
2022-03-11,port218,Cartagena,12,7,22481,64685,0,17621,4859,0,0,25366,7422,0,31897,0
2022-03-12,port218,Cartagena,9,6,18565,19161,0,17422,682,0,460,0,16344,2816,0,0
2022-03-13,port218,Cartagena,10,6,21749,36532,0,16721,0,5028,0,12307,2967,0,21257,0
2022-03-14,port218,Cartagena,8,4,25282,3296,1339,13289,888,7316,2448,0,1838,1458,0,0
2022-03-15,port218,Cartagena,6,3,40145,6678,29165,6322,888,3768,0,0,5220,1458,0,0
2022-03-16,port218,Cartagena,6,4,57141,3851,31035,15449,0,10656,0,0,3851,0,0,0
2022-03-17,port218,Cartagena,10,5,23439,167717,0,6414,0,17025,0,0,22572,1734,143410,0
2022-03-18,port218,Cartagena,10,4,11071,19357,0,3950,228,6892,0,3414,12547,3395,0,0
2022-03-19,port218,Cartagena,9,3,7766,54932,0,2939,888,3020,917,0,34347,5419,15165,0
2022-03-20,port218,Cartagena,9,6,6646,87356,0,6646,0,0,0,0,11304,0,76051,0
2022-03-21,port218,Cartagena,7,5,45748,4556,0,38264,0,7483,0,0,4556,0,0,0
2022-03-22,port218,Cartagena,7,5,2183,17567,0,27,0,0,2156,2668,14899,0,0,0
2022-03-23,port218,Cartagena,4,2,25567,4556,19688,5878,0,0,0,0,4556,0,0,0
2022-03-24,port218,Cartagena,14,6,47460,60012,0,40025,3956,2652,825,49384,8539,2002,0,86
2022-03-25,port218,Cartagena,10,6,35544,47972,11143,18547,0,5028,825,12772,13855,0,21257,86
2022-03-26,port218,Cartagena,10,7,20585,49490,0,8713,4235,7636,0,0,49375,0,115,0
2022-03-27,port218,Cartagena,6,4,24090,11637,0,8659,228,15201,0,0,9699,1938,0,0
2022-03-28,port218,Cartagena,11,5,25790,82941,6751,14996,0,3020,1022,0,19085,0,63855,0
2022-03-29,port218,Cartagena,5,3,8522,19982,0,5502,0,3020,0,0,8172,0,11809,0
2022-03-30,port218,Cartagena,6,3,24124,33546,0,16325,0,7316,482,0,1676,0,31870,0
2022-03-31,port218,Cartagena,6,4,89053,8648,79031,10022,0,0,0,0,8648,0,0,0
2022-04-01,port218,Cartagena,8,6,14271,10021,0,7481,496,6293,0,0,10021,0,0,0
2022-04-02,port218,Cartagena,7,3,7378,61963,0,0,4357,3020,0,0,39104,0,22858,0
2022-04-03,port218,Cartagena,7,4,22417,6277,0,18181,0,4235,0,0,5443,834,0,0
2022-04-04,port218,Cartagena,11,7,54998,18563,0,37706,15951,1340,0,0,15646,2917,0,0
2022-04-05,port218,Cartagena,4,2,11695,4946,0,6303,0,5392,0,2668,2278,0,0,0
2022-04-06,port218,Cartagena,7,4,14812,26660,0,5878,0,8018,915,0,26545,0,115,0
2022-04-07,port218,Cartagena,8,7,21967,9529,0,21967,0,0,0,0,9529,0,0,0
2022-04-08,port218,Cartagena,10,7,38771,72931,0,36341,0,0,2429,0,8569,0,64361,0
2022-04-09,port218,Cartagena,7,5,15470,8121,0,12561,0,2908,0,0,8121,0,0,0
2022-04-10,port218,Cartagena,8,6,44240,31612,0,41613,2626,0,0,18940,12671,0,0,0
2022-04-11,port218,Cartagena,11,6,33205,104242,0,13811,0,19393,0,13956,29798,0,60488,0
2022-04-12,port218,Cartagena,5,2,15576,1712,0,12741,0,2123,711,0,0,1685,0,27
2022-04-13,port218,Cartagena,5,3,77876,2278,0,6238,0,70615,1022,0,2278,0,0,0
2022-04-14,port218,Cartagena,9,6,28245,31333,0,20929,0,7316,0,17458,13875,0,0,0
2022-04-15,port218,Cartagena,10,4,22670,133179,1910,0,888,18849,1022,0,8468,1458,123252,0
2022-04-16,port218,Cartagena,4,4,2303,8739,0,2303,0,0,0,0,8739,0,0,0
2022-04-17,port218,Cartagena,8,6,18964,23254,0,16912,0,0,2052,0,4556,0,18698,0
2022-04-18,port218,Cartagena,10,6,28267,15558,0,28038,228,0,0,0,2956,9591,3010,0
2022-04-19,port218,Cartagena,4,3,0,11121,0,0,0,0,0,0,8072,3048,0,0
2022-04-20,port218,Cartagena,13,3,22432,23425,0,14704,1513,4362,1851,0,9916,1612,11809,86
2022-04-21,port218,Cartagena,13,9,28337,56487,0,14220,0,14116,0,0,22942,0,33108,436
2022-04-22,port218,Cartagena,7,4,10830,43333,0,2939,888,7001,0,0,6874,1458,35000,0
2022-04-23,port218,Cartagena,6,4,20381,5968,0,13255,0,7126,0,0,5968,0,0,0
2022-04-24,port218,Cartagena,8,3,20561,6614,8213,10634,888,0,825,0,3379,3149,0,86
2022-04-25,port218,Cartagena,13,6,48982,102233,15287,26747,888,5547,510,0,8603,1458,92171,0
2022-04-26,port218,Cartagena,9,5,40857,26548,0,39373,228,428,825,18609,5913,1938,0,86
2022-04-27,port218,Cartagena,7,4,18835,88967,0,18835,0,0,0,65290,12693,0,10983,0
2022-04-28,port218,Cartagena,9,7,37316,9663,0,30424,0,6892,0,5107,4556,0,0,0
2022-04-29,port218,Cartagena,7,6,17420,6076,0,17420,0,0,0,0,6076,0,0,0
2022-04-30,port218,Cartagena,8,4,10580,9548,0,5079,228,5271,0,0,4021,5527,0,0
2022-05-01,port218,Cartagena,6,3,1882,97102,0,0,888,993,0,0,30790,1458,64854,0
2022-05-02,port218,Cartagena,12,6,78367,96550,45016,22640,235,8172,2302,59488,9151,0,27910,0
2022-05-03,port218,Cartagena,7,5,21576,7316,0,20546,1029,0,0,0,7316,0,0,0
2022-05-04,port218,Cartagena,3,1,3765,2364,0,2939,0,0,825,0,2278,0,0,86
2022-05-05,port218,Cartagena,11,7,15355,60002,0,14466,888,0,0,1200,6683,5041,47076,0
2022-05-06,port218,Cartagena,7,4,1215,12315,0,390,0,0,825,1638,10591,0,0,86
2022-05-07,port218,Cartagena,9,4,24504,89008,0,7167,3674,13662,0,0,10454,1458,77095,0
2022-05-08,port218,Cartagena,10,7,65853,39657,0,6035,0,59817,0,11979,27678,0,0,0
2022-05-09,port218,Cartagena,6,4,20470,5773,0,6992,0,13478,0,0,5773,0,0,0
2022-05-10,port218,Cartagena,9,4,31946,6335,0,8450,10117,9596,3781,0,6220,0,115,0
2022-05-11,port218,Cartagena,10,6,67119,18268,46339,19355,0,1425,0,10474,7793,0,0,0
2022-05-12,port218,Cartagena,12,6,24736,9974,0,20188,2673,0,1874,907,7161,1458,447,0
2022-05-13,port218,Cartagena,11,4,46090,88670,0,1907,0,44183,0,0,6580,278,81811,0
2022-05-14,port218,Cartagena,11,4,8727,65707,48,2897,0,3020,2761,25652,28245,0,11809,0
2022-05-15,port218,Cartagena,12,6,40753,43199,0,20637,4913,15201,0,0,12359,1734,29104,0
2022-05-16,port218,Cartagena,11,4,13406,31385,0,4865,0,8541,0,0,7284,2844,21257,0
2022-05-17,port218,Cartagena,7,6,18754,18899,0,18754,0,0,0,7559,11340,0,0,0
2022-05-18,port218,Cartagena,7,3,22231,7872,2427,11599,888,7316,0,0,6414,1458,0,0
2022-05-19,port218,Cartagena,8,6,25604,4720,0,23156,0,0,2448,0,4556,164,0,0
2022-05-20,port218,Cartagena,10,8,32146,102155,0,22284,0,9861,0,0,14505,0,87650,0
2022-05-21,port218,Cartagena,6,3,4863,86556,0,3329,0,0,1533,0,33828,1584,51143,0
2022-05-22,port218,Cartagena,6,5,38632,1735,0,35723,0,2908,0,0,1735,0,0,0
2022-05-23,port218,Cartagena,7,4,3500,13754,0,3308,191,0,0,2668,11086,0,0,0
2022-05-24,port218,Cartagena,9,4,72394,8750,22033,47036,0,3325,0,2056,4008,0,0,2685
2022-05-25,port218,Cartagena,8,4,21420,5096,9126,7819,0,4474,0,0,5096,0,0,0
2022-05-26,port218,Cartagena,7,4,13241,51841,0,5878,888,6473,0,0,9187,1458,41196,0
2022-05-27,port218,Cartagena,5,5,12192,7550,0,12192,0,0,0,0,7550,0,0,0
2022-05-28,port218,Cartagena,11,5,28885,77487,11033,10911,888,5028,1023,18940,34904,1458,22183,0
2022-05-29,port218,Cartagena,6,4,888,35182,0,0,888,0,0,0,32033,3149,0,0
2022-05-30,port218,Cartagena,10,6,14778,27829,0,8282,1467,5028,0,0,6571,0,21257,0
2022-05-31,port218,Cartagena,6,2,17984,2278,0,8337,4194,5452,0,0,2278,0,0,0
2022-06-01,port218,Cartagena,7,4,2939,28637,0,2939,0,0,0,0,24156,1734,0,2746
2022-06-02,port218,Cartagena,7,6,14025,7662,0,13746,278,0,0,0,7662,0,0,0
2022-06-03,port218,Cartagena,12,6,42556,166891,11143,24097,0,7316,0,10474,12015,0,144401,0
2022-06-04,port218,Cartagena,12,7,24689,55765,0,17495,1123,6071,0,0,11670,2956,41138,0
2022-06-05,port218,Cartagena,10,5,29366,47481,0,11691,0,17674,0,6051,6834,0,34595,0
2022-06-06,port218,Cartagena,8,5,28305,8079,0,20868,888,6547,0,0,6621,1458,0,0
2022-06-07,port218,Cartagena,5,3,2939,16285,0,2939,0,0,0,11650,4635,0,0,0
2022-06-08,port218,Cartagena,9,5,73239,68015,48386,21355,477,3020,0,52375,3829,0,11809,0
2022-06-09,port218,Cartagena,8,4,16797,29036,0,10651,1117,5028,0,0,4382,3397,21257,0
2022-06-10,port218,Cartagena,10,6,21369,47559,5816,15225,326,0,0,0,3943,574,43041,0
2022-06-11,port218,Cartagena,8,4,12362,48637,0,7492,0,3325,1544,0,10016,7404,31216,0
2022-06-12,port218,Cartagena,8,6,23687,7290,0,12869,0,10818,0,0,7290,0,0,0
2022-06-13,port218,Cartagena,7,5,15415,38068,0,12394,0,3020,0,18940,7317,0,11809,0
2022-06-14,port218,Cartagena,9,1,44780,6047,29777,2939,0,11549,513,0,2278,3768,0,0
2022-06-15,port218,Cartagena,7,3,42042,56003,8430,19495,0,14116,0,3880,7691,0,44431,0
2022-06-16,port218,Cartagena,13,8,58388,88297,0,55413,0,2974,0,53543,19143,0,15610,0
2022-06-17,port218,Cartagena,8,5,16575,8663,0,12145,888,0,3540,0,7205,1458,0,0
2022-06-18,port218,Cartagena,7,5,8867,12916,0,5878,2988,0,0,0,12916,0,0,0
2022-06-19,port218,Cartagena,10,4,16162,7233,0,1866,3706,8387,2201,0,7233,0,0,0
2022-06-20,port218,Cartagena,9,3,10666,13377,1161,3541,4657,0,1306,2919,9000,1458,0,0
2022-06-21,port218,Cartagena,7,3,63804,0,24983,25608,0,13213,0,0,0,0,0,0
2022-06-22,port218,Cartagena,9,4,94890,2278,22905,67550,4434,0,0,0,2278,0,0,0
2022-06-23,port218,Cartagena,9,6,12630,87187,0,11275,0,1354,0,7559,5680,0,73947,0
2022-06-24,port218,Cartagena,10,6,22483,30141,0,19694,888,0,1899,0,26545,3149,447,0
2022-06-25,port218,Cartagena,8,6,27855,47678,0,26966,888,0,0,0,37974,1458,8244,0
2022-06-26,port218,Cartagena,5,4,3974,44808,0,3974,0,0,0,0,2420,0,42388,0
2022-06-27,port218,Cartagena,11,6,121056,32208,45205,10042,1777,64030,0,0,8033,2917,21257,0
2022-06-28,port218,Cartagena,11,4,52079,18244,0,20168,888,31021,0,0,3241,3193,11809,0
2022-06-29,port218,Cartagena,5,4,9996,958,0,8907,0,1089,0,0,958,0,0,0
2022-06-30,port218,Cartagena,10,4,24884,9656,519,19467,888,4007,0,0,7668,1988,0,0
2022-07-01,port218,Cartagena,9,6,18502,74650,0,3497,888,14116,0,18940,23357,1458,30892,0
2022-07-02,port218,Cartagena,10,7,15092,51351,0,12072,0,3020,0,15028,24513,0,11809,0
2022-07-03,port218,Cartagena,5,2,12409,0,9844,2565,0,0,0,0,0,0,0,0
2022-07-04,port218,Cartagena,7,4,13217,50912,0,6425,0,6279,512,0,7744,0,43167,0
2022-07-05,port218,Cartagena,5,1,31278,1458,0,4866,888,22955,2567,0,0,1458,0,0
2022-07-06,port218,Cartagena,6,3,11703,3049,3310,4106,4285,0,0,0,3049,0,0,0
2022-07-07,port218,Cartagena,7,5,8077,2278,0,8077,0,0,0,0,2278,0,0,0
2022-07-08,port218,Cartagena,9,5,148167,2931,0,11206,0,136960,0,0,1572,0,1359,0
2022-07-09,port218,Cartagena,6,6,5878,35698,0,5878,0,0,0,0,35698,0,0,0
2022-07-10,port218,Cartagena,8,5,27803,941,0,21701,0,5276,825,0,740,0,115,86
2022-07-11,port218,Cartagena,11,4,21742,49145,0,19471,888,0,1381,7559,1338,1458,38788,0
2022-07-12,port218,Cartagena,9,2,28945,96742,11480,16576,888,0,0,0,2278,1458,93005,0
2022-07-13,port218,Cartagena,4,3,11279,2995,0,10864,415,0,0,0,2995,0,0,0
2022-07-14,port218,Cartagena,10,6,23372,31294,0,13693,888,8789,0,20391,9445,1458,0,0
2022-07-15,port218,Cartagena,12,5,24323,12690,0,16732,888,3150,3550,0,5747,4590,2353,0
2022-07-16,port218,Cartagena,8,5,6493,27948,0,5667,0,0,825,0,16035,0,11826,86
2022-07-17,port218,Cartagena,3,2,56299,1114,54590,1708,0,0,0,0,1114,0,0,0
2022-07-18,port218,Cartagena,9,4,10669,56392,0,6113,0,3020,1535,0,3476,8318,44597,0
2022-07-19,port218,Cartagena,5,1,11200,10985,0,0,0,11200,0,0,4763,3044,3176,0
2022-07-20,port218,Cartagena,9,4,41013,8238,23129,12446,1117,4319,0,0,4841,3397,0,0
2022-07-21,port218,Cartagena,10,5,37591,58390,0,36043,888,659,0,54654,2278,1458,0,0
2022-07-22,port218,Cartagena,7,3,6546,48383,0,5878,0,209,457,0,4945,0,43438,0
2022-07-23,port218,Cartagena,7,3,3828,68186,0,2939,888,0,0,12635,8219,1458,45872,0
2022-07-24,port218,Cartagena,14,7,27181,112570,11143,11397,1261,3379,0,10474,4955,3356,93783,0
2022-07-25,port218,Cartagena,10,4,38360,27319,7325,13280,888,16039,825,18940,6834,1458,0,86
2022-07-26,port218,Cartagena,5,3,8042,8279,0,6314,0,1727,0,5479,2799,0,0,0
2022-07-27,port218,Cartagena,9,4,66866,35312,54498,9346,0,3020,0,18682,4820,0,11809,0
2022-07-28,port218,Cartagena,6,4,19907,18247,0,16887,0,3020,0,0,6437,0,11809,0
2022-07-29,port218,Cartagena,5,3,2939,4584,0,2939,0,0,0,0,4584,0,0,0
2022-07-30,port218,Cartagena,9,5,21314,37935,0,15549,644,5119,0,0,10099,0,27836,0
2022-07-31,port218,Cartagena,7,4,96648,24253,0,3680,0,92967,0,0,12443,0,11809,0
2022-08-01,port218,Cartagena,13,7,38547,46579,0,22381,1777,14387,0,0,12769,2917,30892,0
2022-08-02,port218,Cartagena,7,3,25104,4994,0,17976,3361,0,3766,0,3304,1603,0,86
2022-08-03,port218,Cartagena,4,2,16128,5742,0,16128,0,0,0,0,2278,3464,0,0
2022-08-04,port218,Cartagena,7,4,13474,94042,0,11991,0,1483,0,0,5847,0,88195,0
2022-08-05,port218,Cartagena,11,6,32567,45989,0,13779,888,14116,3781,0,12557,1458,31973,0
2022-08-06,port218,Cartagena,8,4,8445,19817,0,4535,888,3020,0,0,3591,4415,11809,0
2022-08-07,port218,Cartagena,5,3,17598,6813,0,5224,5690,0,6683,0,6813,0,0,0
2022-08-08,port218,Cartagena,11,6,57994,11135,0,52695,888,2362,2048,7398,2278,1458,0,0
2022-08-09,port218,Cartagena,10,5,14957,86661,0,5878,1812,7265,0,0,13957,627,72076,0
2022-08-10,port218,Cartagena,6,3,25120,51118,0,5878,0,19241,0,0,20225,0,30892,0
2022-08-11,port218,Cartagena,10,5,21110,14087,0,7044,888,13176,0,0,10882,1458,0,1746
2022-08-12,port218,Cartagena,6,2,28617,1658,19845,1456,0,7316,0,0,269,1389,0,0
2022-08-13,port218,Cartagena,11,5,76524,77069,27833,13395,0,34860,435,33311,5557,0,37640,560
2022-08-14,port218,Cartagena,9,4,11195,4051,0,4600,361,6233,0,865,1247,1938,0,0
2022-08-15,port218,Cartagena,6,6,43016,2878,0,43016,0,0,0,0,2878,0,0,0
2022-08-16,port218,Cartagena,5,3,27976,36548,0,13859,0,14116,0,0,0,5655,30892,0
2022-08-17,port218,Cartagena,6,3,5925,72108,0,0,0,5925,0,0,30742,0,41366,0
2022-08-18,port218,Cartagena,12,7,52971,21025,0,40640,5556,3020,3753,0,7757,1458,11809,0
2022-08-19,port218,Cartagena,9,3,14838,43701,0,2692,1603,10542,0,30591,1300,0,11809,0
2022-08-20,port218,Cartagena,8,5,7515,25371,0,2939,888,3687,0,0,23913,1458,0,0
2022-08-21,port218,Cartagena,10,6,36409,26316,0,29516,888,5178,825,0,24771,1458,0,86
2022-08-22,port218,Cartagena,8,5,50826,1338,28657,20406,0,0,1761,0,1338,0,0,0
2022-08-23,port218,Cartagena,8,5,11157,5846,1934,9222,0,0,0,0,5846,0,0,0
2022-08-24,port218,Cartagena,9,5,22020,69145,11143,9988,888,0,0,54320,13366,1458,0,0
2022-08-25,port218,Cartagena,8,5,58151,16781,50512,6278,1360,0,0,0,15322,1458,0,0
2022-08-26,port218,Cartagena,10,6,20269,86808,0,20054,0,214,0,0,13099,0,73708,0
2022-08-27,port218,Cartagena,7,4,15050,48128,0,14231,818,0,0,0,5749,0,42378,0
2022-08-28,port218,Cartagena,6,5,21762,9448,0,19862,0,0,1899,0,9448,0,0,0
2022-08-29,port218,Cartagena,14,6,31928,82751,0,26198,1151,4578,0,57089,9293,1938,14429,0
2022-08-30,port218,Cartagena,8,4,41140,12752,11143,23278,3728,2989,0,10474,2278,0,0,0
2022-08-31,port218,Cartagena,10,3,19446,45125,0,0,888,18043,514,0,8026,6206,30892,0
2022-09-01,port218,Cartagena,7,4,22540,2854,0,2987,0,17166,2385,0,1119,1734,0,0
2022-09-02,port218,Cartagena,8,4,82246,29951,0,1118,1835,79292,0,0,7235,1458,21257,0
2022-09-03,port218,Cartagena,6,3,2939,20359,0,2939,0,0,0,2568,17790,0,0,0
2022-09-04,port218,Cartagena,6,5,9083,8478,0,9083,0,0,0,0,6787,1690,0,0
2022-09-05,port218,Cartagena,9,6,7610,8405,0,6935,0,214,460,0,8405,0,0,0
2022-09-06,port218,Cartagena,4,3,31624,2364,0,30798,0,0,825,0,2278,0,0,86
2022-09-07,port218,Cartagena,10,4,31224,23158,0,21419,888,8916,0,0,2278,6930,13949,0
2022-09-08,port218,Cartagena,10,8,12232,24667,0,12232,0,0,0,0,16649,0,8018,0
2022-09-09,port218,Cartagena,10,4,18014,11450,0,3261,8650,5276,825,0,5986,5038,338,86
2022-09-10,port218,Cartagena,12,3,11273,31870,0,0,409,10863,0,1193,27008,3668,0,0
2022-09-11,port218,Cartagena,5,3,3836,8659,0,2947,888,0,0,0,7201,1458,0,0
2022-09-12,port218,Cartagena,10,4,8021,80934,0,5439,2067,0,514,0,5871,2853,72209,0
2022-09-13,port218,Cartagena,9,3,56576,22955,0,8251,4194,44129,0,0,11145,0,11809,0
2022-09-14,port218,Cartagena,9,4,23949,13976,0,21475,2474,0,0,7961,4556,1458,0,0
2022-09-15,port218,Cartagena,12,7,57561,15691,0,48516,9044,0,0,7398,6834,1458,0,0
2022-09-16,port218,Cartagena,11,6,27983,117180,11143,2723,0,14116,0,12772,10650,435,93321,0
2022-09-17,port218,Cartagena,11,7,22246,65744,0,20393,0,0,1852,0,7098,628,57931,86
2022-09-18,port218,Cartagena,8,5,21098,12483,17651,0,2419,0,1027,0,12483,0,0,0
2022-09-19,port218,Cartagena,11,5,72163,34462,0,22414,264,49484,0,0,9976,866,23619,0
2022-09-20,port218,Cartagena,8,4,13383,95313,6349,4059,0,2974,0,0,7053,0,88259,0
2022-09-21,port218,Cartagena,12,5,20194,77979,4175,11020,4998,0,0,0,3439,1458,73081,0
2022-09-22,port218,Cartagena,11,7,36065,59434,0,13603,0,22461,0,36003,20073,3358,0,0
2022-09-23,port218,Cartagena,7,4,10174,18491,0,6674,228,0,3271,0,13656,4835,0,0
2022-09-24,port218,Cartagena,6,4,36153,17379,0,3748,0,32404,0,0,4323,0,13055,0
2022-09-25,port218,Cartagena,12,4,56807,9190,42720,5728,819,6713,825,0,8318,785,0,86
2022-09-26,port218,Cartagena,10,5,36308,119083,0,3055,888,32363,0,0,1262,1458,116362,0
2022-09-27,port218,Cartagena,4,2,16414,59736,0,13361,3053,0,0,0,0,0,59736,0
2022-09-28,port218,Cartagena,8,6,9251,38914,0,4223,0,5028,0,2668,14989,0,21257,0
2022-09-29,port218,Cartagena,10,7,33493,14953,0,29305,4187,0,0,0,7548,7404,0,0
2022-09-30,port218,Cartagena,3,2,0,2090,0,0,0,0,0,0,2090,0,0,0
2022-10-01,port218,Cartagena,9,6,17082,7598,0,16318,764,0,0,0,7374,0,223,0
2022-10-02,port218,Cartagena,9,5,17415,10304,0,14585,888,1940,0,0,8426,1878,0,0
2022-10-03,port218,Cartagena,8,4,63866,80375,27929,21820,0,14116,0,41685,4965,2831,30892,0
2022-10-04,port218,Cartagena,12,5,59693,66703,29825,22902,888,5566,509,0,19921,1458,45323,0
2022-10-05,port218,Cartagena,6,4,6767,8350,0,5878,888,0,0,0,6891,1458,0,0
2022-10-06,port218,Cartagena,12,7,9714,23484,0,7775,0,1938,0,0,10812,5873,6798,0
2022-10-07,port218,Cartagena,7,5,20316,47178,0,6200,0,14116,0,1490,14795,0,30892,0
2022-10-08,port218,Cartagena,9,6,30848,22847,11143,5242,14462,0,0,10474,12372,0,0,0
2022-10-09,port218,Cartagena,5,4,12908,5838,0,9967,0,0,2940,0,5838,0,0,0
2022-10-10,port218,Cartagena,11,5,9758,24778,0,2703,1777,5276,0,4172,17574,2917,115,0
2022-10-11,port218,Cartagena,16,7,40635,46397,0,23407,1777,14188,1261,35336,8057,2917,0,86
2022-10-12,port218,Cartagena,10,6,28992,53615,0,14875,0,14116,0,0,6476,0,47138,0
2022-10-13,port218,Cartagena,8,4,14987,10128,0,7818,888,6279,0,0,4717,1458,3952,0
2022-10-14,port218,Cartagena,13,6,63092,21794,8139,15722,3295,35935,0,0,9760,0,12033,0
2022-10-15,port218,Cartagena,9,4,19994,32710,0,11098,228,8667,0,18940,11831,1938,0,0
2022-10-16,port218,Cartagena,11,6,34200,107539,0,31318,0,2366,515,90060,10074,7404,0,0
2022-10-17,port218,Cartagena,6,5,10702,21275,0,10702,0,0,0,0,20646,628,0,0
2022-10-18,port218,Cartagena,7,3,4124,25539,0,4124,0,0,0,11650,9137,4751,0,0
2022-10-19,port218,Cartagena,10,4,35031,133164,0,6399,0,28631,0,0,5333,975,126855,0
2022-10-20,port218,Cartagena,14,8,87100,9766,0,72227,4815,9601,456,0,9766,0,0,0
2022-10-21,port218,Cartagena,15,7,83379,9044,50841,10416,378,19701,2041,0,8455,588,0,0
2022-10-22,port218,Cartagena,8,6,60756,25080,50774,8982,0,1000,0,0,25080,0,0,0
2022-10-23,port218,Cartagena,8,4,17789,7871,0,4600,888,12300,0,0,6412,1458,0,0
2022-10-24,port218,Cartagena,12,6,35556,8034,16846,11120,5324,0,2265,0,5738,2296,0,0
2022-10-25,port218,Cartagena,7,4,11740,106548,0,8695,888,0,2156,0,15749,1458,89340,0
2022-10-26,port218,Cartagena,9,5,35368,8645,0,32943,0,0,2425,4819,3826,0,0,0
2022-10-27,port218,Cartagena,7,4,47096,3491,24980,21226,888,0,0,0,2032,1458,0,0
2022-10-28,port218,Cartagena,7,6,65649,21916,0,25897,0,39752,0,0,21916,0,0,0
2022-10-29,port218,Cartagena,7,4,26246,22164,0,19708,0,6537,0,0,22049,0,115,0
2022-10-30,port218,Cartagena,8,5,10866,41675,0,5838,0,5028,0,14326,6091,0,21257,0
2022-10-31,port218,Cartagena,15,8,24369,42030,0,14159,208,6444,3557,0,40655,1288,0,86
2022-11-01,port218,Cartagena,4,3,981,8949,0,981,0,0,0,0,7214,1734,0,0
2022-11-02,port218,Cartagena,11,7,11349,30656,0,4052,0,6837,460,0,30656,0,0,0
2022-11-03,port218,Cartagena,10,7,18590,5137,0,17524,888,176,0,0,323,1458,3355,0
2022-11-04,port218,Cartagena,11,9,8638,16135,0,7368,1270,0,0,0,14677,1458,0,0
2022-11-05,port218,Cartagena,9,6,28013,15264,0,26100,888,0,1023,0,13101,2162,0,0
2022-11-06,port218,Cartagena,11,4,52081,6674,0,28118,16136,7316,510,0,6674,0,0,0
2022-11-07,port218,Cartagena,15,7,44115,75540,13120,4313,418,26263,0,11650,20270,0,43619,0
2022-11-08,port218,Cartagena,9,6,24168,10697,0,13962,0,7308,2898,0,10697,0,0,0
2022-11-09,port218,Cartagena,7,3,2611,62793,0,386,329,1895,0,52327,10466,0,0,0
2022-11-10,port218,Cartagena,9,8,33962,15491,0,33962,0,0,0,0,7405,0,8086,0
2022-11-11,port218,Cartagena,7,5,28610,5716,0,27721,888,0,0,0,4031,1458,226,0
2022-11-12,port218,Cartagena,10,6,21618,33449,0,16280,1777,3560,0,0,18722,2917,11809,0
2022-11-13,port218,Cartagena,9,5,14514,48955,0,6992,0,7521,0,42350,6158,0,447,0
2022-11-14,port218,Cartagena,9,6,11574,17841,378,11196,0,0,0,4819,13021,0,0,0
2022-11-15,port218,Cartagena,11,3,18148,11712,1485,0,5450,10387,825,0,9097,2528,0,86
2022-11-16,port218,Cartagena,6,4,11043,11945,0,5007,0,2449,3586,0,11945,0,0,0
2022-11-17,port218,Cartagena,14,6,49470,69329,14293,13474,888,19161,1651,57950,8614,2592,0,172
2022-11-18,port218,Cartagena,11,8,94275,19568,36741,21880,888,34764,0,0,18110,1458,0,0
2022-11-19,port218,Cartagena,7,4,30501,35448,0,15673,149,14116,561,0,4556,0,30892,0
2022-11-20,port218,Cartagena,5,4,10766,4556,0,10766,0,0,0,0,4556,0,0,0
2022-11-21,port218,Cartagena,4,3,6486,3783,0,1209,0,5276,0,0,3668,0,115,0
2022-11-22,port218,Cartagena,7,3,29331,2823,0,23971,888,4471,0,0,1155,1668,0,0
2022-11-23,port218,Cartagena,8,3,24143,41934,0,1977,1117,21047,0,0,7644,3397,30892,0
2022-11-24,port218,Cartagena,10,7,25917,102633,0,11571,228,14116,0,0,24578,1938,76116,0
2022-11-25,port218,Cartagena,9,4,23258,13142,0,18345,888,0,4023,0,3277,9865,0,0
2022-11-26,port218,Cartagena,5,3,12621,2278,0,9265,0,3355,0,0,2278,0,0,0
2022-11-27,port218,Cartagena,10,6,24658,78841,0,22045,2613,0,0,48603,12738,12220,0,5279
2022-11-28,port218,Cartagena,15,8,181749,125275,0,21793,888,158241,825,0,21831,1458,101898,86
2022-11-29,port218,Cartagena,9,4,7677,96113,3849,2939,888,0,0,0,17513,2712,75886,0
2022-11-30,port218,Cartagena,9,6,31058,16134,11143,14638,0,5276,0,16019,0,0,115,0
2022-12-01,port218,Cartagena,6,5,5878,9944,0,5878,0,0,0,0,8771,1173,0,0
2022-12-02,port218,Cartagena,9,6,9879,4343,0,9461,0,418,0,0,4343,0,0,0
2022-12-03,port218,Cartagena,11,6,102179,12634,54109,41078,228,6762,0,5415,5280,1938,0,0
2022-12-04,port218,Cartagena,11,6,56608,52473,11143,21059,2792,21613,0,10474,9647,1458,30892,0
2022-12-05,port218,Cartagena,11,7,41969,52354,0,36318,888,0,4762,2080,5278,1458,43535,0
2022-12-06,port218,Cartagena,7,3,16466,44028,0,1268,209,14116,871,11650,1485,0,30892,0
2022-12-07,port218,Cartagena,10,5,30499,39863,11143,16668,0,2688,0,10474,25546,3507,335,0
2022-12-08,port218,Cartagena,8,5,21186,7850,0,8355,0,12831,0,0,7850,0,0,0
2022-12-09,port218,Cartagena,11,5,13169,17304,0,7240,4061,1867,0,0,12731,4572,0,0
2022-12-10,port218,Cartagena,7,5,17111,18913,0,7333,0,5276,4500,0,18798,0,115,0
2022-12-11,port218,Cartagena,12,8,29157,29221,0,24499,4658,0,0,0,27486,1734,0,0
2022-12-12,port218,Cartagena,11,7,72972,51381,39725,18240,888,14116,0,0,19029,1458,30892,0
2022-12-13,port218,Cartagena,8,3,22769,29068,1111,5878,0,14245,1533,0,15796,1461,11809,0
2022-12-14,port218,Cartagena,12,5,83412,55016,11143,6924,888,64455,0,10474,12190,1458,30892,0
2022-12-15,port218,Cartagena,11,8,29777,132636,0,17432,0,12344,0,0,27606,0,105029,0
2022-12-16,port218,Cartagena,14,8,8204,101392,0,0,1218,3020,3966,64429,23693,1458,11809,0
2022-12-17,port218,Cartagena,4,2,26750,10217,0,14416,0,12334,0,0,8844,0,0,1372
2022-12-18,port218,Cartagena,5,4,19129,13723,0,16109,0,3020,0,0,1913,0,11809,0
2022-12-19,port218,Cartagena,10,5,6414,65994,0,2645,0,3768,0,0,7290,0,58704,0
2022-12-20,port218,Cartagena,6,3,4308,61540,0,399,888,3020,0,0,2241,1458,57840,0
2022-12-21,port218,Cartagena,7,4,32679,84839,0,32679,0,0,0,8075,2278,0,74486,0
2022-12-22,port218,Cartagena,10,6,101923,35006,63885,18644,0,19393,0,0,3998,0,31007,0
2022-12-23,port218,Cartagena,13,8,27712,62954,0,7430,888,19393,0,0,28797,3149,31007,0
2022-12-24,port218,Cartagena,11,5,59124,46737,8079,36204,418,10269,4152,0,32989,1938,11809,0
2022-12-25,port218,Cartagena,10,6,14267,5336,0,7023,410,6832,0,0,3332,0,2003,0
2022-12-26,port218,Cartagena,9,7,7282,23927,0,6824,0,0,458,889,23037,0,0,0
2022-12-27,port218,Cartagena,8,3,43911,72372,576,35090,0,8244,0,39148,0,967,32257,0
2022-12-28,port218,Cartagena,9,7,21651,56120,0,21110,0,540,0,0,16873,0,39247,0
2022-12-29,port218,Cartagena,13,7,36368,34781,0,21954,297,14116,0,0,875,0,33905,0
2022-12-30,port218,Cartagena,8,6,4654,25802,0,2939,888,0,825,0,24258,1458,0,86
2022-12-31,port218,Cartagena,2,2,0,21600,0,0,0,0,0,0,21600,0,0,0
2023-01-01,port218,Cartagena,10,5,23191,50110,11143,4485,0,7102,461,29415,11990,0,8704,0
2023-01-02,port218,Cartagena,7,4,13887,21170,692,5878,0,7316,0,12635,8534,0,0,0
2023-01-03,port218,Cartagena,7,5,13192,74304,0,10554,0,0,2638,0,16813,0,57490,0
2023-01-04,port218,Cartagena,9,5,66672,34629,0,50822,1732,14116,0,0,2278,1458,30892,0
2023-01-05,port218,Cartagena,13,6,110039,9145,0,28243,888,80081,825,0,6079,2979,0,86
2023-01-06,port218,Cartagena,10,8,67143,23459,49229,17914,0,0,0,0,23012,0,447,0
2023-01-07,port218,Cartagena,9,6,4548,60757,0,4548,0,0,0,2814,54435,3507,0,0
2023-01-08,port218,Cartagena,7,4,18067,46876,0,0,3950,14116,0,0,12876,0,34000,0
2023-01-09,port218,Cartagena,14,7,17497,111627,0,6786,0,10201,508,4953,28715,0,77958,0
2023-01-10,port218,Cartagena,9,2,5097,49913,0,2939,0,2158,0,2657,3257,0,43998,0
2023-01-11,port218,Cartagena,10,4,46104,36542,0,24194,888,20195,825,0,1930,1458,33067,86
2023-01-12,port218,Cartagena,10,7,88673,17677,28893,24451,888,34439,0,0,16218,1458,0,0
2023-01-13,port218,Cartagena,14,8,28640,8309,0,11971,888,15779,0,0,6851,1458,0,0
2023-01-14,port218,Cartagena,9,5,15454,29421,0,12055,378,3020,0,12466,4556,588,11809,0
2023-01-15,port218,Cartagena,10,8,30179,55141,0,27393,2785,0,0,45411,9729,0,0,0
2023-01-16,port218,Cartagena,6,4,64535,6577,56401,8134,0,0,0,0,6130,0,447,0
2023-01-17,port218,Cartagena,6,2,21721,29530,11143,5301,0,5276,0,29415,0,0,115,0
2023-01-18,port218,Cartagena,10,6,44772,42292,32262,12510,0,0,0,30662,7508,4121,0,0
2023-01-19,port218,Cartagena,10,7,22901,49606,0,21186,888,0,825,0,15263,1458,32798,86
2023-01-20,port218,Cartagena,11,8,25582,16883,0,17350,1129,7102,0,0,15148,1734,0,0
2023-01-21,port218,Cartagena,10,6,20058,93513,0,17038,0,3020,0,0,8609,1690,83213,0
2023-01-22,port218,Cartagena,10,6,10542,20573,0,2213,1523,6805,0,9500,11072,0,0,0
2023-01-23,port218,Cartagena,9,6,14065,40619,0,6749,0,7316,0,0,6797,0,33822,0
2023-01-24,port218,Cartagena,10,5,31903,7178,2430,11900,0,14029,3544,0,3582,0,3509,86
2023-01-25,port218,Cartagena,9,5,21413,54964,0,20524,888,0,0,2521,9630,1458,41354,0
2023-01-26,port218,Cartagena,7,5,6837,58286,0,6837,0,0,0,0,14385,0,43901,0
2023-01-27,port218,Cartagena,16,8,34124,18134,0,27436,2269,0,4419,0,11861,2917,3355,0
2023-01-28,port218,Cartagena,10,6,22584,53127,0,7171,888,14524,0,0,16260,1458,35408,0
2023-01-29,port218,Cartagena,10,7,24682,18233,3487,10648,1368,9177,0,0,18233,0,0,0
2023-01-30,port218,Cartagena,12,5,43730,9494,29102,10130,2339,2158,0,0,4980,4514,0,0
2023-01-31,port218,Cartagena,6,5,8653,18358,0,6914,0,0,1739,0,18358,0,0,0
2023-02-01,port218,Cartagena,9,3,10131,148005,0,10131,0,0,0,39912,4556,0,103022,514
2023-02-02,port218,Cartagena,8,5,46174,11156,24168,8548,0,13457,0,6038,5118,0,0,0
2023-02-03,port218,Cartagena,12,6,22557,40767,0,15766,888,3020,2881,0,23424,1458,15798,86
2023-02-04,port218,Cartagena,7,6,22463,11867,0,22463,0,0,0,0,11867,0,0,0
2023-02-05,port218,Cartagena,12,9,46291,39967,7924,24250,0,14116,0,0,9074,0,30892,0
2023-02-06,port218,Cartagena,9,5,21385,14924,0,5193,888,15303,0,0,13466,1458,0,0
2023-02-07,port218,Cartagena,9,0,14165,88985,12111,0,0,0,2054,43731,0,1182,44071,0
2023-02-08,port218,Cartagena,6,4,13902,42590,0,13902,0,0,0,0,9886,0,32703,0
2023-02-09,port218,Cartagena,7,4,25489,555,0,9404,0,12985,3099,0,555,0,0,0
2023-02-10,port218,Cartagena,13,9,52070,20391,9822,28751,0,13496,0,0,20391,0,0,0
2023-02-11,port218,Cartagena,6,4,22927,1546,13432,9495,0,0,0,0,1546,0,0,0
2023-02-12,port218,Cartagena,11,7,20919,42501,0,17898,0,3020,0,18940,11750,0,11809,0
2023-02-13,port218,Cartagena,13,9,29729,53105,0,28162,888,677,0,0,10127,3124,39853,0
2023-02-14,port218,Cartagena,7,3,64553,8944,53307,9707,0,0,1538,0,3475,5469,0,0
2023-02-15,port218,Cartagena,6,4,12010,9690,0,8736,0,2255,1018,0,9690,0,0,0
2023-02-16,port218,Cartagena,8,3,10133,57602,0,3394,0,6739,0,0,1127,4188,52285,0
2023-02-17,port218,Cartagena,11,6,34171,55502,0,28666,228,5276,0,2297,5546,1938,45719,0
2023-02-18,port218,Cartagena,12,5,86655,66603,9506,3400,0,72443,1305,0,22672,3378,40552,0
2023-02-19,port218,Cartagena,8,6,23023,15377,0,23023,0,0,0,2668,9873,2836,0,0
2023-02-20,port218,Cartagena,12,8,19858,78663,0,10724,888,8244,0,56418,20786,1458,0,0
2023-02-21,port218,Cartagena,4,2,4785,8615,0,4785,0,0,0,6337,2278,0,0,0
2023-02-22,port218,Cartagena,8,3,44398,112637,35393,5984,0,3020,0,75927,2278,0,34432,0
2023-02-23,port218,Cartagena,10,7,19221,81272,0,18912,0,308,0,0,11251,0,70020,0
2023-02-24,port218,Cartagena,8,4,9144,13566,0,2939,0,5379,825,0,11745,1734,0,86
2023-02-25,port218,Cartagena,8,5,15447,38530,0,6040,228,9177,0,0,34874,1938,0,1717
2023-02-26,port218,Cartagena,7,5,7815,8146,0,5807,984,0,1023,0,8146,0,0,0
2023-02-27,port218,Cartagena,12,7,20694,46109,0,12489,888,7316,0,0,10575,1458,34075,0
2023-02-28,port218,Cartagena,9,3,21350,170421,0,10281,0,11068,0,0,1250,0,169171,0
2023-03-01,port218,Cartagena,5,3,35876,2278,14393,20677,806,0,0,0,2278,0,0,0
2023-03-02,port218,Cartagena,13,7,36907,41409,573,19818,10474,6040,0,0,17789,0,23619,0
2023-03-03,port218,Cartagena,8,5,21755,76597,0,16727,0,5028,0,0,11226,0,65371,0
2023-03-04,port218,Cartagena,15,7,50688,79211,21025,12498,888,16275,0,13288,31269,1458,30892,2302
2023-03-05,port218,Cartagena,10,9,16737,7261,0,16737,0,0,0,0,4788,2473,0,0
2023-03-06,port218,Cartagena,9,5,14423,23177,0,13534,888,0,0,0,20482,2001,693,0
2023-03-07,port218,Cartagena,7,3,29151,5790,0,6799,0,22351,0,0,4556,1234,0,0
2023-03-08,port218,Cartagena,12,7,23259,65320,0,11835,11424,0,0,54427,9434,1458,0,0
2023-03-09,port218,Cartagena,9,8,66812,11267,0,65924,888,0,0,0,9808,1458,0,0
2023-03-10,port218,Cartagena,14,8,49637,63933,13952,24419,0,11265,0,29415,22707,0,11809,0
2023-03-11,port218,Cartagena,2,2,13954,0,0,13954,0,0,0,0,0,0,0,0
2023-03-12,port218,Cartagena,12,6,25592,107686,0,23167,888,0,1536,0,14293,1458,91934,0
2023-03-13,port218,Cartagena,14,5,46464,149906,0,11823,0,32879,1761,1808,2278,1734,144084,0
2023-03-14,port218,Cartagena,11,4,12333,48965,0,4032,1777,6040,482,0,21792,3553,23619,0
2023-03-15,port218,Cartagena,8,4,13161,9232,0,3534,0,7316,2310,6343,0,0,2889,0
2023-03-16,port218,Cartagena,7,5,3917,26555,0,668,228,3020,0,0,12806,1938,11809,0
2023-03-17,port218,Cartagena,16,8,66992,17683,0,8320,888,54542,3240,0,16110,1458,115,0
2023-03-18,port218,Cartagena,6,4,17859,45886,12086,5773,0,0,0,0,5424,0,40461,0
2023-03-19,port218,Cartagena,11,7,30177,52283,3280,17207,0,9689,0,0,10146,0,42136,0
2023-03-20,port218,Cartagena,11,7,147864,22084,48454,24285,888,74235,0,0,20625,1458,0,0
2023-03-21,port218,Cartagena,8,4,11921,25735,0,8894,6,3020,0,2297,7796,3831,11809,0
2023-03-22,port218,Cartagena,7,2,35298,32671,30656,389,4253,0,0,29834,1171,1665,0,0
2023-03-23,port218,Cartagena,8,5,18305,59686,11143,7161,0,0,0,52438,7248,0,0,0
2023-03-24,port218,Cartagena,9,5,19110,173893,0,16090,0,3020,0,53492,13882,0,106518,0
2023-03-25,port218,Cartagena,11,8,32741,18311,0,18838,0,13902,0,13074,5121,0,115,0
2023-03-26,port218,Cartagena,8,4,111245,54785,0,14453,0,96791,0,0,5720,2497,46567,0
2023-03-27,port218,Cartagena,11,8,22135,58303,0,16660,5475,0,0,0,16820,1458,40025,0
2023-03-28,port218,Cartagena,4,2,6736,7163,0,6736,0,0,0,0,0,7163,0,0
2023-03-29,port218,Cartagena,8,4,29748,62202,0,28859,888,0,0,0,6932,5554,49715,0
2023-03-30,port218,Cartagena,14,7,62811,104098,42104,17685,0,3020,0,0,12794,1254,90049,0
2023-03-31,port218,Cartagena,9,6,23944,18941,0,17778,888,5276,0,0,15676,3149,115,0
2023-04-01,port218,Cartagena,10,7,27117,31235,11143,8658,0,7316,0,10474,20760,0,0,0
2023-04-02,port218,Cartagena,9,7,15049,885,0,10461,0,4588,0,0,885,0,0,0
2023-04-03,port218,Cartagena,15,9,84360,116489,11143,10375,0,62015,825,10474,34721,0,71207,86
2023-04-04,port218,Cartagena,10,5,31438,48034,11143,14254,0,6040,0,12772,10177,1465,23619,0
2023-04-05,port218,Cartagena,12,6,17237,69312,0,12972,4265,0,0,21774,12780,0,34757,0
2023-04-06,port218,Cartagena,9,6,3765,46197,0,2939,0,0,825,7238,28485,0,10387,86
2023-04-07,port218,Cartagena,21,13,46163,74035,0,43481,1205,963,512,0,23362,1458,49214,0
2023-04-08,port218,Cartagena,6,4,16687,17954,0,0,0,16687,0,0,17954,0,0,0
2023-04-09,port218,Cartagena,11,7,14362,15711,0,12713,1649,0,0,0,10258,5452,0,0
2023-04-10,port218,Cartagena,13,8,31036,38551,0,28843,181,0,2010,0,19064,1685,17800,0
2023-04-11,port218,Cartagena,6,3,42643,5399,9303,33340,0,0,0,0,2278,0,3121,0
2023-04-12,port218,Cartagena,9,3,27759,38446,9206,385,0,18167,0,25891,745,0,11809,0
2023-04-13,port218,Cartagena,9,6,14178,150625,0,7196,0,3020,3961,0,31713,0,118911,0
2023-04-14,port218,Cartagena,13,9,72366,20972,0,61381,4716,0,6268,0,19513,1458,0,0
2023-04-15,port218,Cartagena,9,4,2380,80596,0,0,0,2380,0,0,18295,0,62301,0
2023-04-16,port218,Cartagena,12,8,65070,3842,50376,10777,888,0,3027,0,2297,1458,0,86
2023-04-17,port218,Cartagena,8,6,11438,18145,0,7749,0,3688,0,0,18145,0,0,0
2023-04-18,port218,Cartagena,11,5,43693,135278,0,1614,3191,38887,0,2297,48003,1458,83518,0
2023-04-19,port218,Cartagena,9,3,70043,91476,0,10467,457,59118,0,0,4556,3877,83043,0
2023-04-20,port218,Cartagena,8,7,8949,21518,0,8949,0,0,0,0,20513,1005,0,0
2023-04-21,port218,Cartagena,9,7,17058,18197,0,16232,0,0,825,0,12418,5692,0,86
2023-04-22,port218,Cartagena,7,5,7780,43218,0,7780,0,0,0,0,41483,1734,0,0
2023-04-23,port218,Cartagena,12,6,113715,63725,0,13277,3416,93713,3307,17970,2281,0,43473,0
2023-04-24,port218,Cartagena,12,6,18031,71363,0,8008,1777,8244,0,28316,23495,2917,16634,0
2023-04-25,port218,Cartagena,4,4,7328,9064,0,7328,0,0,0,0,9064,0,0,0
2023-04-26,port218,Cartagena,10,6,5138,18695,0,5138,0,0,0,1786,15080,1829,0,0
2023-04-27,port218,Cartagena,11,9,34788,3664,0,33899,888,0,0,0,2205,1458,0,0
2023-04-28,port218,Cartagena,10,7,20970,57485,11143,6427,0,0,3399,10474,11848,0,35162,0
2023-04-29,port218,Cartagena,7,5,11146,54774,0,9955,1190,0,0,0,11747,0,43026,0
2023-04-30,port218,Cartagena,12,8,16068,26513,0,16068,0,0,0,0,19798,6715,0,0
2023-05-01,port218,Cartagena,11,7,35160,64531,0,16142,16365,2651,0,44061,20469,0,0,0
2023-05-02,port218,Cartagena,9,4,60447,86403,34610,18011,0,7316,508,0,8555,296,77551,0
2023-05-03,port218,Cartagena,11,6,21101,14474,0,12958,0,7223,919,8939,5534,0,0,0
2023-05-04,port218,Cartagena,13,10,29459,103991,0,26438,0,3020,0,66403,22332,0,11809,3445
2023-05-05,port218,Cartagena,19,9,108013,20270,0,13846,888,91971,1305,1638,13627,1458,3545,0
2023-05-06,port218,Cartagena,10,3,34065,66433,0,6935,0,27129,0,18940,4556,0,42936,0
2023-05-07,port218,Cartagena,9,8,14890,58418,0,14890,0,0,0,0,14247,0,44170,0
2023-05-08,port218,Cartagena,11,8,30840,17246,0,23010,1880,5949,0,0,17246,0,0,0
2023-05-09,port218,Cartagena,9,4,35443,50891,20028,14526,888,0,0,10474,11473,1458,27484,0
2023-05-10,port218,Cartagena,8,5,68862,24086,61007,7854,0,0,0,0,9711,2705,11669,0
2023-05-11,port218,Cartagena,12,8,25593,79645,0,25257,336,0,0,0,12860,3831,62953,0
2023-05-12,port218,Cartagena,6,3,13879,15156,0,2939,888,10050,0,0,13698,1458,0,0
2023-05-13,port218,Cartagena,6,4,23863,2278,0,16568,0,7294,0,0,2278,0,0,0
2023-05-14,port218,Cartagena,15,10,16863,32274,0,15974,888,0,0,778,23393,6078,2024,0
2023-05-15,port218,Cartagena,11,6,23584,58296,0,19949,0,1084,2551,0,8739,0,49556,0
2023-05-16,port218,Cartagena,6,3,40898,3885,0,39184,888,0,825,0,2340,1458,0,86
2023-05-17,port218,Cartagena,9,4,9725,42727,0,6895,888,0,1941,35248,2664,1458,3355,0
2023-05-18,port218,Cartagena,13,9,39626,70077,0,38471,1155,0,0,0,23752,1734,44590,0
2023-05-19,port218,Cartagena,11,8,19984,9160,0,19984,0,0,0,2143,5221,1795,0,0
2023-05-20,port218,Cartagena,5,3,16573,9170,0,14636,0,0,1937,0,2278,0,6891,0
2023-05-21,port218,Cartagena,13,8,32296,15260,13850,17556,888,0,0,0,8779,6480,0,0
2023-05-22,port218,Cartagena,10,7,12360,141365,0,12360,0,0,0,15929,6601,0,118834,0
2023-05-23,port218,Cartagena,8,4,50594,52192,0,21248,0,26786,2559,0,6191,0,46000,0
2023-05-24,port218,Cartagena,11,7,17686,14287,0,12477,888,4319,0,0,12828,1458,0,0
2023-05-25,port218,Cartagena,13,8,23502,69742,4819,16968,888,0,825,12185,20973,1458,35038,86
2023-05-26,port218,Cartagena,8,5,32075,29465,0,16873,0,15201,0,11979,1775,0,15711,0
2023-05-27,port218,Cartagena,12,6,19020,28761,0,9249,888,8881,0,6343,18666,3124,627,0
2023-05-28,port218,Cartagena,11,10,25785,18344,0,25785,0,0,0,0,14989,0,3355,0
2023-05-29,port218,Cartagena,5,4,9017,17985,0,9017,0,0,0,0,12481,5503,0,0
2023-05-30,port218,Cartagena,13,6,57973,59895,44842,3639,0,7283,2207,19106,19305,139,21257,86
2023-05-31,port218,Cartagena,11,7,89582,20837,82428,7154,0,0,0,0,20837,0,0,0
2023-06-01,port218,Cartagena,11,4,26743,78639,0,2939,888,22915,0,12941,14298,1458,49068,872
2023-06-02,port218,Cartagena,10,8,112463,7987,0,30905,0,81558,0,0,7987,0,0,0
2023-06-03,port218,Cartagena,4,3,20743,6046,0,12498,0,8244,0,0,6046,0,0,0
2023-06-04,port218,Cartagena,10,7,20260,46675,9307,10063,888,0,0,0,10697,1458,34519,0
2023-06-05,port218,Cartagena,13,6,21365,84594,0,12096,0,9269,0,54556,4163,1734,24139,0
2023-06-06,port218,Cartagena,7,5,0,101566,0,0,0,0,0,0,20265,0,81301,0
2023-06-07,port218,Cartagena,8,6,10774,8718,0,10545,228,0,0,0,6779,1938,0,0
2023-06-08,port218,Cartagena,9,5,11844,13448,0,2654,0,7316,1874,0,11051,2396,0,0
2023-06-09,port218,Cartagena,16,10,36875,66116,0,32068,0,4806,0,1638,12760,0,51717,0
2023-06-10,port218,Cartagena,8,6,18432,108204,0,15861,0,0,2571,65874,42329,0,0,0
2023-06-11,port218,Cartagena,13,9,26327,29093,0,19712,888,5725,0,0,15824,1458,11809,0
2023-06-12,port218,Cartagena,9,5,9341,49855,0,6930,2230,179,0,0,10895,2193,36765,0
2023-06-13,port218,Cartagena,4,4,3355,10078,0,3355,0,0,0,0,10078,0,0,0
2023-06-14,port218,Cartagena,12,4,40521,1543,1470,15804,17481,5764,0,0,1543,0,0,0
2023-06-15,port218,Cartagena,9,6,1535,91629,0,646,888,0,0,0,15153,1458,75016,0
2023-06-16,port218,Cartagena,16,8,42867,125004,0,17145,1835,23886,0,0,19906,1690,103406,0
2023-06-17,port218,Cartagena,3,2,2939,20830,0,2939,0,0,0,17288,3541,0,0,0
2023-06-18,port218,Cartagena,18,10,35246,41459,0,26968,7818,0,459,11650,24514,1938,3355,0
2023-06-19,port218,Cartagena,10,6,33338,7168,17257,11859,888,3333,0,0,5710,1458,0,0
2023-06-20,port218,Cartagena,10,5,38249,98059,2271,24712,0,11265,0,0,0,4525,93534,0
2023-06-21,port218,Cartagena,10,6,26999,20398,0,9832,0,17166,0,0,17198,3200,0,0
2023-06-22,port218,Cartagena,8,7,18974,6818,0,18085,888,0,0,0,5360,1458,0,0
2023-06-23,port218,Cartagena,13,9,46923,78625,0,46097,0,0,825,2143,29932,0,46463,86
2023-06-24,port218,Cartagena,10,4,124797,53511,0,1955,2803,120039,0,0,17759,1458,34293,0
2023-06-25,port218,Cartagena,10,6,47139,107985,0,33084,0,10304,3749,0,7655,0,100330,0
2023-06-26,port218,Cartagena,12,8,54055,85923,0,13736,0,40318,0,51424,22688,0,11809,0
2023-06-27,port218,Cartagena,4,4,2592,9100,0,2592,0,0,0,0,9100,0,0,0
2023-06-28,port218,Cartagena,7,5,12191,5980,0,11302,888,0,0,0,4521,1458,0,0
2023-06-29,port218,Cartagena,16,8,28962,101043,0,9522,4305,14116,1017,556,16922,6171,77393,0
2023-06-30,port218,Cartagena,12,9,56224,12058,0,55399,0,0,825,0,6925,1690,3355,86
2023-07-01,port218,Cartagena,9,6,26143,70015,0,25978,164,0,0,48803,14753,0,6458,0
2023-07-02,port218,Cartagena,6,6,6147,5956,0,6147,0,0,0,0,5956,0,0,0
2023-07-03,port218,Cartagena,11,7,60315,98558,0,57073,888,2352,0,17288,5299,1458,74512,0
2023-07-04,port218,Cartagena,5,4,2939,18276,0,2939,0,0,0,2814,15462,0,0,0
2023-07-05,port218,Cartagena,9,6,13747,61832,0,10726,0,3020,0,0,12108,0,49723,0
2023-07-06,port218,Cartagena,14,8,66960,124451,55052,7150,888,0,3867,10474,13008,1458,99509,0
2023-07-07,port218,Cartagena,8,6,29510,12237,0,24764,0,4745,0,0,12237,0,0,0
2023-07-08,port218,Cartagena,12,8,29044,25867,0,17360,888,9769,1025,0,24130,1737,0,0
2023-07-09,port218,Cartagena,9,8,25583,8005,0,11811,0,13771,0,0,8005,0,0,0
2023-07-10,port218,Cartagena,17,7,100922,135269,53998,9694,1777,35450,0,60415,29837,2917,42099,0
2023-07-11,port218,Cartagena,8,3,5322,19926,0,2939,470,0,1912,2297,17628,0,0,0
2023-07-12,port218,Cartagena,12,4,17433,23652,0,8484,3555,3020,2372,0,2887,8955,11809,0
2023-07-13,port218,Cartagena,13,8,15217,34133,2022,5878,0,7316,0,10992,19723,3417,0,0
2023-07-14,port218,Cartagena,11,8,33548,55409,0,29624,888,0,3034,0,16563,1458,37387,0
2023-07-15,port218,Cartagena,6,3,27856,2808,0,25161,0,2694,0,0,2278,530,0,0
2023-07-16,port218,Cartagena,8,7,26844,52728,0,26844,0,0,0,0,5661,0,47067,0
2023-07-17,port218,Cartagena,8,6,60354,13104,29923,24273,0,6157,0,0,13104,0,0,0
2023-07-18,port218,Cartagena,7,5,53691,17462,44749,8942,0,0,0,0,16698,0,764,0
2023-07-19,port218,Cartagena,10,5,6346,208685,0,3326,0,3020,0,52747,22375,0,133562,0
2023-07-20,port218,Cartagena,10,5,14550,37778,3140,8053,3355,0,0,16299,16094,2028,3355,0
2023-07-21,port218,Cartagena,10,6,104408,18613,0,23513,888,77619,2385,0,17154,1458,0,0
2023-07-22,port218,Cartagena,10,6,13684,73397,0,11828,1856,0,0,0,26904,1458,45034,0
2023-07-23,port218,Cartagena,11,8,17305,41130,0,12277,0,5028,0,0,19873,0,21257,0
2023-07-24,port218,Cartagena,13,8,72102,27782,0,17799,888,53414,0,0,26323,1458,0,0
2023-07-25,port218,Cartagena,5,3,0,47757,0,0,0,0,0,33466,14290,0,0,0
2023-07-26,port218,Cartagena,8,6,8871,17491,0,6959,888,0,1023,0,16033,1458,0,0
2023-07-27,port218,Cartagena,14,7,27559,94163,0,14349,0,11367,1842,2143,15864,0,76154,0
2023-07-28,port218,Cartagena,8,8,8711,19796,0,8711,0,0,0,0,19796,0,0,0
2023-07-29,port218,Cartagena,10,6,36561,26154,0,25551,0,11009,0,1786,9695,0,14672,0
2023-07-30,port218,Cartagena,10,8,14669,32217,0,11537,0,3132,0,0,16073,0,16144,0
2023-07-31,port218,Cartagena,10,5,23924,7737,0,18227,1777,3919,0,0,4820,2917,0,0
2023-08-01,port218,Cartagena,4,3,12355,12702,0,12355,0,0,0,0,11012,1690,0,0
2023-08-02,port218,Cartagena,7,5,21840,8308,0,13315,280,8244,0,0,8308,0,0,0
2023-08-03,port218,Cartagena,10,9,8701,29458,0,8701,0,0,0,14275,15183,0,0,0
2023-08-04,port218,Cartagena,13,7,47867,67787,0,33315,0,14116,435,28606,8288,0,30892,0
2023-08-05,port218,Cartagena,10,6,20918,43306,0,20918,0,0,0,0,38283,4561,0,461
2023-08-06,port218,Cartagena,8,7,6217,12190,0,6217,0,0,0,0,10455,1734,0,0
2023-08-07,port218,Cartagena,16,9,58658,62916,29560,10615,4435,13591,457,39156,23759,0,0,0
2023-08-08,port218,Cartagena,8,4,1331,63603,0,442,888,0,0,0,8728,1458,53416,0
2023-08-09,port218,Cartagena,11,6,67710,26583,22286,45423,0,0,0,20949,2278,0,3355,0
2023-08-10,port218,Cartagena,12,9,29683,51757,4530,10242,793,14116,0,0,20864,0,30892,0
2023-08-11,port218,Cartagena,11,7,21267,58049,0,20378,888,0,0,2143,18376,1458,36070,0
2023-08-12,port218,Cartagena,6,5,23518,27620,0,15279,0,8239,0,0,27620,0,0,0
2023-08-13,port218,Cartagena,12,6,43914,38588,25203,6641,0,10532,1536,34517,4070,0,0,0
2023-08-14,port218,Cartagena,11,4,22896,94471,0,9856,0,10336,2702,0,5773,0,88698,0
2023-08-15,port218,Cartagena,9,6,18877,27039,12157,3937,890,1890,0,0,27039,0,0,0
2023-08-16,port218,Cartagena,8,5,39041,85145,0,36466,0,0,2574,0,6777,0,78367,0
2023-08-17,port218,Cartagena,13,7,55154,65079,45446,8818,888,0,0,37232,23256,1458,3131,0
2023-08-18,port218,Cartagena,5,4,885,5662,0,258,0,627,0,0,5662,0,0,0
2023-08-19,port218,Cartagena,8,3,42390,28733,0,18475,888,21015,2010,0,23918,1458,3355,0
2023-08-20,port218,Cartagena,9,9,15905,13145,0,15905,0,0,0,0,13145,0,0,0
2023-08-21,port218,Cartagena,9,5,78843,19771,0,7254,888,70700,0,0,12259,7511,0,0
2023-08-22,port218,Cartagena,8,5,12357,17061,0,4687,0,7670,0,0,15370,1690,0,0
2023-08-23,port218,Cartagena,7,6,10056,13734,5840,4215,0,0,0,0,13734,0,0,0
2023-08-24,port218,Cartagena,15,12,23820,115153,0,22800,0,0,1019,0,28325,11171,75656,0
2023-08-25,port218,Cartagena,12,7,61977,80862,0,58822,888,2265,0,0,4296,1458,75107,0
2023-08-26,port218,Cartagena,11,4,31912,125659,0,28885,6,3020,0,65038,5899,3831,50891,0
2023-08-27,port218,Cartagena,7,6,32777,10559,0,32777,0,0,0,2143,8415,0,0,0
2023-08-28,port218,Cartagena,11,7,51003,65664,28948,7111,0,14116,825,11979,22705,0,30892,86
2023-08-29,port218,Cartagena,12,6,21944,82303,0,0,0,21432,511,13516,34538,0,34248,0
2023-08-30,port218,Cartagena,9,6,10784,74586,0,6875,888,3020,0,0,18091,1458,55036,0
2023-08-31,port218,Cartagena,12,7,48273,20545,3467,29362,888,14554,0,0,11682,8863,0,0
2023-09-01,port218,Cartagena,8,5,52405,40799,0,51516,888,0,0,17618,21721,1458,0,0
2023-09-02,port218,Cartagena,8,4,27971,50592,5340,16489,0,6140,0,0,9359,1690,39542,0
2023-09-03,port218,Cartagena,8,7,7976,32523,0,4576,0,0,3399,0,32523,0,0,0
2023-09-04,port218,Cartagena,8,7,20831,20196,0,12586,0,8244,0,0,20196,0,0,0
2023-09-05,port218,Cartagena,12,7,31153,39272,17340,5142,0,8670,0,0,15086,2928,21257,0
2023-09-06,port218,Cartagena,10,5,10275,50161,0,8736,228,0,1310,0,6317,3673,40083,86
2023-09-07,port218,Cartagena,11,9,26538,28240,0,11853,3101,11582,0,0,28240,0,0,0
2023-09-08,port218,Cartagena,10,6,17827,36928,0,14806,0,3020,0,2668,22451,0,11809,0
2023-09-09,port218,Cartagena,6,4,17085,49901,0,17085,0,0,0,0,6861,0,43039,0
2023-09-10,port218,Cartagena,17,9,40719,53250,0,23561,970,15361,825,2297,10782,0,40083,86
2023-09-11,port218,Cartagena,10,9,11235,15889,0,10346,888,0,0,0,14431,1458,0,0
2023-09-12,port218,Cartagena,6,3,7527,69891,0,2939,0,4588,0,53700,16190,0,0,0
2023-09-13,port218,Cartagena,10,6,90478,5177,9266,43371,655,37185,0,0,4790,387,0,0
2023-09-14,port218,Cartagena,7,6,20489,51010,0,20489,0,0,0,0,14582,0,36427,0
2023-09-15,port218,Cartagena,10,6,59986,42809,0,327,0,59659,0,0,11916,0,30892,0
2023-09-16,port218,Cartagena,11,7,18008,42893,0,9126,0,8881,0,18279,24614,0,0,0
2023-09-17,port218,Cartagena,13,7,21665,14885,0,18452,2128,1084,0,10662,2763,1458,0,0
2023-09-18,port218,Cartagena,13,7,26635,13117,0,15447,6,10156,1025,0,9286,3831,0,0
2023-09-19,port218,Cartagena,8,4,23417,116035,0,22528,888,0,0,61701,9435,1458,43439,0
2023-09-20,port218,Cartagena,11,7,85551,156022,0,11244,0,74306,0,58650,14772,0,82599,0
2023-09-21,port218,Cartagena,11,8,4908,34195,0,2939,888,1080,0,0,31001,3193,0,0
2023-09-22,port218,Cartagena,7,4,6747,22962,0,5206,0,0,1540,1786,13555,0,7620,0
2023-09-23,port218,Cartagena,8,5,31869,11978,0,18683,0,13186,0,0,7444,4534,0,0
2023-09-24,port218,Cartagena,9,6,14943,5597,0,13488,629,0,825,0,5511,0,0,86
2023-09-25,port218,Cartagena,10,7,25568,13408,0,21401,888,2255,1023,0,11950,1458,0,0
2023-09-26,port218,Cartagena,8,6,6755,21575,0,6693,61,0,0,0,18828,2746,0,0
2023-09-27,port218,Cartagena,12,5,60523,19299,30666,28968,888,0,0,2143,15185,1458,0,511
2023-09-28,port218,Cartagena,11,8,21187,18761,0,21187,0,0,0,0,18761,0,0,0
2023-09-29,port218,Cartagena,9,6,44094,12618,20244,23850,0,0,0,0,9262,0,3355,0
2023-09-30,port218,Cartagena,11,5,33762,76349,0,9328,888,22718,825,18279,25632,1458,30892,86
2023-10-01,port218,Cartagena,11,6,47624,28443,0,10171,888,36563,0,0,6064,16190,5677,511
2023-10-02,port218,Cartagena,10,7,27449,23344,0,17150,0,9473,825,0,20550,2707,0,86
2023-10-03,port218,Cartagena,11,8,11979,69854,0,8070,888,3020,0,0,11045,1458,57350,0
2023-10-04,port218,Cartagena,11,6,33570,14174,8729,20725,888,3225,0,0,6690,7484,0,0
2023-10-05,port218,Cartagena,10,7,53036,17571,0,40541,0,12495,0,0,17300,271,0,0
2023-10-06,port218,Cartagena,10,7,91049,14534,55320,13097,0,22631,0,0,14534,0,0,0
2023-10-07,port218,Cartagena,8,5,24723,56854,0,24723,0,0,0,0,19558,1734,35561,0
2023-10-08,port218,Cartagena,10,6,10931,99693,0,10042,888,0,0,0,15849,1458,82385,0
2023-10-09,port218,Cartagena,15,7,97541,85762,57478,29758,0,10304,0,14273,13406,0,58082,0
2023-10-10,port218,Cartagena,12,7,7758,18328,0,4767,6,2158,825,0,12633,5608,0,86
2023-10-11,port218,Cartagena,10,5,47761,23050,0,41073,2645,3020,1021,0,6834,4405,11809,0
2023-10-12,port218,Cartagena,8,6,18580,31557,11143,6548,888,0,0,10474,19623,1458,0,0
2023-10-13,port218,Cartagena,11,8,66201,36313,0,52396,0,13804,0,0,31506,0,4807,0
2023-10-14,port218,Cartagena,9,5,118781,52615,0,29708,0,89073,0,2143,16119,3459,30892,0
2023-10-15,port218,Cartagena,9,7,5878,23110,0,5878,0,0,0,330,22779,0,0,0
2023-10-16,port218,Cartagena,11,7,30004,17768,0,22859,0,7145,0,0,10851,6459,0,457
2023-10-17,port218,Cartagena,10,5,14843,24751,0,0,0,12959,1883,0,17211,0,7539,0
2023-10-18,port218,Cartagena,11,8,38037,54993,0,38037,0,0,0,559,17493,0,36427,513
2023-10-19,port218,Cartagena,10,5,10768,138380,0,2939,0,7316,512,0,23767,0,114612,0
2023-10-20,port218,Cartagena,11,8,18910,55684,0,18021,888,0,0,0,15459,1458,38767,0
2023-10-21,port218,Cartagena,9,7,68061,27841,29350,37885,0,0,825,0,27755,0,0,86
2023-10-22,port218,Cartagena,10,6,17497,13256,0,3748,0,13748,0,0,4247,0,9009,0
2023-10-23,port218,Cartagena,10,6,14832,43665,0,4143,4305,6382,0,0,20949,1458,21257,0
2023-10-24,port218,Cartagena,10,5,23378,115396,0,20593,228,0,2555,37804,16545,1938,59108,0
2023-10-25,port218,Cartagena,5,2,12875,5195,0,3427,1777,7670,0,0,2278,2917,0,0
2023-10-26,port218,Cartagena,13,10,65077,12543,0,25543,888,38645,0,0,11085,1458,0,0
2023-10-27,port218,Cartagena,11,7,31363,80832,0,20279,888,10194,0,64112,15261,1458,0,0
2023-10-28,port218,Cartagena,9,7,24399,6966,0,24399,0,0,0,0,3610,0,3355,0
2023-10-29,port218,Cartagena,7,5,7971,23054,0,4062,888,3020,0,0,9786,1458,11809,0
2023-10-30,port218,Cartagena,12,8,34305,53814,11162,22254,888,0,0,0,15928,1458,36427,0
2023-10-31,port218,Cartagena,8,6,36091,28434,11143,16703,0,8244,0,10474,17959,0,0,0
2023-11-01,port218,Cartagena,7,4,14163,11402,0,8095,888,5178,0,0,9944,1458,0,0
2023-11-02,port218,Cartagena,12,8,54734,27776,0,54734,0,0,0,18279,9496,0,0,0
2023-11-03,port218,Cartagena,9,7,32488,8698,0,31998,6,0,483,0,4867,3831,0,0
2023-11-04,port218,Cartagena,8,6,16994,48157,0,16105,888,0,0,0,13587,1458,33112,0
2023-11-05,port218,Cartagena,13,7,29022,67891,2384,23644,0,2993,0,0,21170,1690,45029,0
2023-11-06,port218,Cartagena,9,5,15667,11585,0,14265,888,0,512,2297,7828,1458,0,0
2023-11-07,port218,Cartagena,8,6,5605,18268,0,5605,0,0,0,6954,9579,1734,0,0
2023-11-08,port218,Cartagena,10,6,13976,11687,0,7514,0,6461,0,0,11526,161,0,0
2023-11-09,port218,Cartagena,12,6,130009,32946,0,18424,888,110695,0,0,6874,1458,24613,0
2023-11-10,port218,Cartagena,10,6,44227,58509,0,43667,560,0,0,0,17897,0,40612,0
2023-11-11,port218,Cartagena,8,5,17449,11493,0,9192,0,5392,2864,0,9682,1810,0,0
2023-11-12,port218,Cartagena,12,7,85211,10299,0,4682,8705,71823,0,0,8361,1938,0,0
2023-11-13,port218,Cartagena,13,9,27779,20036,0,24804,888,2085,0,0,18577,1458,0,0
2023-11-14,port218,Cartagena,7,5,20227,16601,0,20227,0,0,0,0,15554,1047,0,0
2023-11-15,port218,Cartagena,10,6,93668,90649,20791,36545,888,35442,0,0,19401,1458,69789,0
2023-11-16,port218,Cartagena,10,6,34963,70417,0,11950,0,23013,0,0,5891,0,64526,0
2023-11-17,port218,Cartagena,13,6,8526,112093,0,7532,0,993,0,55728,12884,1665,41815,0
2023-11-18,port218,Cartagena,10,6,23201,25280,0,22312,888,0,0,0,18135,3788,3355,0
2023-11-19,port218,Cartagena,9,8,4333,20493,0,4333,0,0,0,0,20161,0,332,0
2023-11-20,port218,Cartagena,9,5,38006,85020,10894,26286,0,0,825,0,13543,0,71390,86
2023-11-21,port218,Cartagena,5,4,12951,5269,0,12951,0,0,0,0,5269,0,0,0
2023-11-22,port218,Cartagena,7,6,23685,3816,0,22142,0,0,1543,0,3816,0,0,0
2023-11-23,port218,Cartagena,13,6,69713,67801,42121,26702,888,0,0,18033,8624,2962,38181,0
2023-11-24,port218,Cartagena,10,7,33278,42322,0,27237,0,6040,0,0,16967,1734,23619,0
2023-11-25,port218,Cartagena,11,7,59483,29042,47343,6961,0,5178,0,0,23613,5429,0,0
2023-11-26,port218,Cartagena,12,8,81584,15404,0,58476,0,23107,0,0,13777,0,1626,0
2023-11-27,port218,Cartagena,12,7,8705,78660,0,5878,888,0,1937,0,35147,3124,40387,0
2023-11-28,port218,Cartagena,8,6,3934,20256,0,3504,0,430,0,0,20256,0,0,0
2023-11-29,port218,Cartagena,9,5,32015,68215,0,31119,895,0,0,11979,9816,5289,41130,0
2023-11-30,port218,Cartagena,8,6,34295,499,0,34295,0,0,0,499,0,0,0,0
2023-12-01,port218,Cartagena,12,7,20882,21291,13969,4678,888,1345,0,0,16477,1458,3355,0
2023-12-02,port218,Cartagena,12,8,28578,21520,0,23906,888,3782,0,0,19921,1598,0,0
2023-12-03,port218,Cartagena,7,6,3688,17359,0,3688,0,0,0,0,13534,3825,0,0
2023-12-04,port218,Cartagena,9,6,3450,110835,0,2939,0,0,510,56202,13502,0,41130,0
2023-12-05,port218,Cartagena,11,7,18409,27878,0,8066,6,9313,1023,0,24046,3831,0,0
2023-12-06,port218,Cartagena,10,8,22263,36686,0,22263,0,0,0,18940,17745,0,0,0
2023-12-07,port218,Cartagena,12,7,23339,80145,0,18583,888,0,3866,0,10000,1458,68599,86
2023-12-08,port218,Cartagena,15,7,19054,135756,2591,6709,831,8921,0,27542,32364,1690,74158,0
2023-12-09,port218,Cartagena,8,5,56579,63137,0,52790,6,3782,0,0,17744,3831,41561,0
2023-12-10,port218,Cartagena,13,7,131045,46246,0,25300,888,103322,1533,0,13895,1458,30892,0
2023-12-11,port218,Cartagena,11,8,17709,27710,0,7346,888,9473,0,0,24896,2813,0,0
2023-12-12,port218,Cartagena,12,5,81740,35553,11143,22519,0,48077,0,12772,22781,0,0,0
2023-12-13,port218,Cartagena,5,5,11816,12312,0,11816,0,0,0,0,12312,0,0,0
2023-12-14,port218,Cartagena,10,9,14220,16435,0,14220,0,0,0,0,16233,201,0,0
2023-12-15,port218,Cartagena,12,7,44120,125920,0,30003,0,14116,0,1174,5551,0,119194,0
2023-12-16,port218,Cartagena,6,5,34984,14121,0,18847,0,16136,0,0,14121,0,0,0
2023-12-17,port218,Cartagena,11,7,25417,112042,0,22397,0,3020,0,12483,6063,0,93495,0
2023-12-18,port218,Cartagena,14,9,29587,25235,0,23519,888,5178,0,0,7556,5869,11809,0
2023-12-19,port218,Cartagena,13,6,25417,83538,3799,18226,3391,0,0,26298,4989,2302,49947,0
2023-12-20,port218,Cartagena,7,4,5878,120199,0,5878,0,0,0,0,5695,0,114503,0
2023-12-21,port218,Cartagena,12,7,41992,85849,11143,29960,888,0,0,22125,20704,1458,41561,0
2023-12-22,port218,Cartagena,8,5,10868,13896,2420,7964,0,0,483,0,13896,0,0,0
2023-12-23,port218,Cartagena,8,5,28062,31926,0,20746,0,7316,0,1490,20100,0,10335,0
2023-12-24,port218,Cartagena,16,9,38933,111853,0,11327,16345,11260,0,19609,31459,1458,59326,0
2023-12-25,port218,Cartagena,9,7,33538,102892,0,33538,0,0,0,0,11426,0,91465,0
2023-12-26,port218,Cartagena,8,5,26379,26620,0,13086,0,13292,0,0,14810,0,11809,0
2023-12-27,port218,Cartagena,9,7,20695,18546,0,19806,888,0,0,0,16946,1599,0,0
2023-12-28,port218,Cartagena,11,8,19723,15273,0,14217,228,5276,0,0,6496,1938,6838,0
2023-12-29,port218,Cartagena,17,9,46451,61412,0,40764,2666,3020,0,0,19019,5641,36752,0
2023-12-30,port218,Cartagena,6,5,22204,4556,0,22204,0,0,0,0,4556,0,0,0
2023-12-31,port218,Cartagena,12,7,54256,43315,8844,29517,1777,14116,0,0,9506,2917,30892,0
2024-01-01,port218,Cartagena,8,2,75444,35702,0,5878,1380,68184,0,31146,4556,0,0,0
2024-01-02,port218,Cartagena,10,6,19792,40818,11143,5499,0,3150,0,12772,19767,5925,2353,0
2024-01-03,port218,Cartagena,8,6,20145,22580,0,15373,0,4772,0,0,22580,0,0,0
2024-01-04,port218,Cartagena,12,8,16625,35615,0,11239,0,2974,2410,0,16554,0,19061,0
2024-01-05,port218,Cartagena,10,5,109778,14829,72132,26930,3832,6882,0,0,13370,1458,0,0
2024-01-06,port218,Cartagena,8,7,7250,26787,0,7250,0,0,0,0,24864,1923,0,0
2024-01-07,port218,Cartagena,7,7,10010,8410,0,10010,0,0,0,0,8410,0,0,0
2024-01-08,port218,Cartagena,9,7,26855,34643,0,26029,0,0,825,1638,32918,0,0,86
2024-01-09,port218,Cartagena,8,4,14213,26562,0,5597,228,8387,0,11543,13081,1938,0,0
2024-01-10,port218,Cartagena,10,6,61515,30121,0,52917,888,7708,0,0,12957,1458,15705,0
2024-01-11,port218,Cartagena,13,6,26132,98497,0,16730,888,7688,825,18279,3796,1458,74876,86
2024-01-12,port218,Cartagena,16,9,58327,26899,0,37855,4434,13075,2961,611,22863,3397,0,27
2024-01-13,port218,Cartagena,11,9,27713,18109,0,27713,0,0,0,4838,9914,0,3355,0
2024-01-14,port218,Cartagena,10,6,62907,17777,29524,25519,0,7864,0,11650,4776,1350,0,0
2024-01-15,port218,Cartagena,12,6,25765,23597,11143,7535,888,5276,920,10474,11549,1458,115,0
2024-01-16,port218,Cartagena,10,5,31869,55940,11143,10128,1420,9177,0,10474,44006,1458,0,0
2024-01-17,port218,Cartagena,13,5,55059,88176,0,38587,7209,9262,0,1490,25121,5289,56274,0
2024-01-18,port218,Cartagena,11,8,17682,15823,1642,15150,888,0,0,0,14365,1458,0,0
2024-01-19,port218,Cartagena,12,7,23014,67024,0,17064,0,5124,825,0,22316,0,44621,86
2024-01-20,port218,Cartagena,8,6,9863,11001,0,7705,0,2158,0,2297,8703,0,0,0
2024-01-21,port218,Cartagena,7,6,25684,51542,0,25684,0,0,0,0,19269,0,32273,0
2024-01-22,port218,Cartagena,9,5,10133,85236,0,6223,888,3020,0,0,11616,1458,72162,0
2024-01-23,port218,Cartagena,9,7,27632,56244,0,26743,888,0,0,0,12248,1458,42536,0
2024-01-24,port218,Cartagena,8,4,15139,86746,0,6513,0,8626,0,82562,4184,0,0,0
2024-01-25,port218,Cartagena,14,8,34294,75968,0,22049,0,9693,2550,0,13011,2034,60921,0
2024-01-26,port218,Cartagena,10,7,16910,84449,0,9594,0,7316,0,60843,21147,2459,0,0
2024-01-27,port218,Cartagena,11,8,38421,81838,0,38421,0,0,0,18279,21022,0,42536,0
2024-01-28,port218,Cartagena,10,7,8893,21393,0,2727,888,5276,0,0,18153,3124,115,0
2024-01-29,port218,Cartagena,9,6,79174,18380,31092,11386,0,36696,0,0,18380,0,0,0
2024-01-30,port218,Cartagena,11,7,22588,46791,0,12283,0,10304,0,0,11821,0,34969,0
2024-01-31,port218,Cartagena,8,6,23053,91048,0,10787,0,12265,0,0,5102,0,85945,0
2024-02-01,port218,Cartagena,9,7,18930,27536,0,18041,888,0,0,11561,14517,1458,0,0
2024-02-02,port218,Cartagena,14,10,87151,30679,0,12506,888,73756,0,0,25865,1458,3355,0
2024-02-03,port218,Cartagena,5,4,41175,13842,0,35732,5443,0,0,0,13842,0,0,0
2024-02-04,port218,Cartagena,10,7,6444,35957,0,3437,2578,428,0,0,34938,0,0,1018
2024-02-05,port218,Cartagena,12,7,23778,54838,0,20286,888,2168,434,0,14449,1458,38929,0
2024-02-06,port218,Cartagena,13,8,31527,45250,0,23630,0,7071,825,12307,21046,0,11809,86
2024-02-07,port218,Cartagena,8,5,18048,26480,0,10377,0,7670,0,0,17071,9408,0,0
2024-02-08,port218,Cartagena,10,7,21073,10215,0,21073,0,0,0,2297,7917,0,0,0
2024-02-09,port218,Cartagena,13,7,11381,43174,5296,3481,1777,0,825,0,18318,9064,15705,86
2024-02-10,port218,Cartagena,12,7,87644,67427,0,15439,228,71976,0,46954,18534,1938,0,0
2024-02-11,port218,Cartagena,10,4,84594,10904,46269,4045,0,34280,0,0,10904,0,0,0
2024-02-12,port218,Cartagena,11,7,32187,45684,0,30123,2063,0,0,0,6237,1259,38187,0
2024-02-13,port218,Cartagena,8,6,5878,34586,0,5878,0,0,0,0,31038,3548,0,0
2024-02-14,port218,Cartagena,14,9,21961,61973,0,21072,888,0,0,18279,13315,1458,28920,0
2024-02-15,port218,Cartagena,8,6,100449,7800,49649,50799,0,0,0,0,7800,0,0,0
2024-02-16,port218,Cartagena,11,8,44650,97689,0,25256,0,19393,0,60493,6188,0,31007,0
2024-02-17,port218,Cartagena,10,5,51756,6884,0,48141,394,2736,484,2668,2278,1938,0,0
2024-02-18,port218,Cartagena,14,7,36746,76895,0,20915,888,14116,825,0,14399,1458,60951,86
2024-02-19,port218,Cartagena,8,7,29617,16944,0,24340,0,5276,0,0,16829,0,115,0
2024-02-20,port218,Cartagena,9,6,19705,89135,13346,6352,6,0,0,0,13833,3831,71471,0
2024-02-21,port218,Cartagena,14,6,53090,57719,0,47950,814,4325,0,0,18952,6939,31828,0
2024-02-22,port218,Cartagena,7,7,10737,19818,0,10737,0,0,0,0,19818,0,0,0
2024-02-23,port218,Cartagena,14,9,24159,69494,11143,12126,888,0,0,10474,14858,1458,42702,0
2024-02-24,port218,Cartagena,9,8,23284,28146,0,23284,0,0,0,2297,25849,0,0,0
2024-02-25,port218,Cartagena,9,8,11481,3167,0,10592,888,0,0,0,1709,1458,0,0
2024-02-26,port218,Cartagena,12,8,33297,45041,11143,9561,0,12593,0,10474,34451,0,115,0
2024-02-27,port218,Cartagena,11,8,3722,93345,0,3716,6,0,0,0,49754,3831,39760,0
2024-02-28,port218,Cartagena,9,7,18513,14379,0,18513,0,0,0,0,12688,1690,0,0
2024-02-29,port218,Cartagena,12,7,59947,35085,11143,30812,0,17166,825,10474,20390,4134,0,86
2024-03-01,port218,Cartagena,13,6,65131,36563,26635,25621,5420,7453,0,11650,18639,2917,3355,0
2024-03-02,port218,Cartagena,10,4,36524,86904,0,14163,0,22361,0,0,4585,0,82319,0
2024-03-03,port218,Cartagena,8,5,25973,79122,0,25147,0,0,825,0,6095,0,72940,86
2024-03-04,port218,Cartagena,17,6,34530,52983,11143,6553,6003,7531,3299,31511,18835,2635,0,0
2024-03-05,port218,Cartagena,10,9,21193,19627,2322,18871,0,0,0,0,19627,0,0,0
2024-03-06,port218,Cartagena,9,5,53176,67103,0,7075,0,46100,0,0,21328,0,45774,0
2024-03-07,port218,Cartagena,9,7,162479,9179,143037,14164,0,5276,0,0,9064,0,115,0
2024-03-08,port218,Cartagena,9,6,29017,57243,0,14909,0,14107,0,0,15901,0,41342,0
2024-03-09,port218,Cartagena,14,7,38093,49040,2919,22556,420,12197,0,0,22390,14840,11809,0
2024-03-10,port218,Cartagena,10,8,39622,27462,0,38657,0,0,965,0,20165,0,7297,0
2024-03-11,port218,Cartagena,15,6,32396,124044,11143,5788,888,14116,459,10474,29357,3193,81019,0
2024-03-12,port218,Cartagena,9,6,24310,15452,0,23843,6,0,460,0,10762,4690,0,0
2024-03-13,port218,Cartagena,8,6,21949,13159,0,14633,0,7316,0,2297,10861,0,0,0
2024-03-14,port218,Cartagena,13,7,12453,68956,0,5579,0,6362,511,0,17764,1690,49500,0
2024-03-15,port218,Cartagena,10,9,19866,14054,0,17983,0,0,1883,0,14054,0,0,0
2024-03-16,port218,Cartagena,11,8,61847,32231,3170,53649,0,5028,0,0,10974,0,21257,0
2024-03-17,port218,Cartagena,9,5,4320,28124,0,2617,888,813,0,0,10960,1458,15705,0
2024-03-18,port218,Cartagena,9,7,20441,19513,0,18528,1913,0,0,0,19513,0,0,0
2024-03-19,port218,Cartagena,10,5,34660,14985,1422,24992,0,8244,0,0,14985,0,0,0
2024-03-20,port218,Cartagena,9,5,35090,81602,0,24116,0,8921,2052,3300,12377,0,65924,0
2024-03-21,port218,Cartagena,9,6,73446,22520,0,2788,888,69769,0,0,18819,1458,2241,0
2024-03-22,port218,Cartagena,14,12,70770,8359,47956,22813,0,0,0,0,8359,0,0,0
2024-03-23,port218,Cartagena,11,7,42287,68354,22727,17401,0,2158,0,0,27331,1690,39332,0
2024-03-24,port218,Cartagena,14,8,16863,42260,0,11923,888,4051,0,12307,10533,3714,15705,0
2024-03-25,port218,Cartagena,9,6,68568,56634,0,33648,0,34920,0,46793,9841,0,0,0
2024-03-26,port218,Cartagena,10,3,9669,34388,0,8127,6,0,1535,18279,4556,11553,0,0
2024-03-27,port218,Cartagena,9,7,5494,61021,0,5494,0,0,0,0,24419,0,36093,508
2024-03-28,port218,Cartagena,11,6,33430,21341,0,15592,235,17602,0,0,6576,1932,11809,1022
2024-03-29,port218,Cartagena,12,8,30889,10668,0,30000,888,0,0,0,8043,2625,0,0
2024-03-30,port218,Cartagena,6,5,14047,15637,0,14047,0,0,0,2297,13339,0,0,0
2024-03-31,port218,Cartagena,9,8,20476,19497,0,20476,0,0,0,0,3792,0,15705,0
2024-04-01,port218,Cartagena,13,7,47303,41812,682,27325,0,19295,0,0,9805,0,32007,0
2024-04-02,port218,Cartagena,7,6,17359,18579,0,16534,0,0,825,0,18492,0,0,86
2024-04-03,port218,Cartagena,9,6,12816,77655,0,12816,0,0,0,34941,5035,1690,35987,0
2024-04-04,port218,Cartagena,12,7,29080,21449,18953,7175,314,2553,83,0,21449,0,0,0
2024-04-05,port218,Cartagena,14,9,51185,20624,0,39345,888,10950,0,3379,15399,1845,0,0
2024-04-06,port218,Cartagena,9,6,43922,98447,0,25977,17119,0,825,0,17566,0,80795,86
2024-04-07,port218,Cartagena,10,6,10560,56103,0,6624,1777,2158,0,0,10698,2917,42487,0
2024-04-08,port218,Cartagena,10,6,43649,23882,0,34230,6,8586,825,15436,4529,3831,0,86
2024-04-09,port218,Cartagena,12,8,12374,50385,11143,1231,0,0,0,10474,35290,4619,0,0
2024-04-10,port218,Cartagena,11,6,14968,68518,0,6472,0,7670,825,3592,19831,0,45007,86
2024-04-11,port218,Cartagena,8,6,8818,23747,0,8818,0,0,0,0,21940,1807,0,0
2024-04-12,port218,Cartagena,14,8,34862,90309,0,32626,1777,0,458,0,8065,2917,79326,0
2024-04-13,port218,Cartagena,13,7,88109,20057,0,15706,0,72403,0,455,19601,0,0,0
2024-04-14,port218,Cartagena,5,4,1909,30033,0,1909,0,0,0,18940,11092,0,0,0
2024-04-15,port218,Cartagena,14,6,33438,91980,0,22814,7604,3020,0,0,5491,3124,83364,0
2024-04-16,port218,Cartagena,10,7,19866,61180,18271,1510,0,0,83,43803,17376,0,0,0
2024-04-17,port218,Cartagena,10,6,24766,11496,0,14710,0,9230,825,2451,8958,0,0,86
2024-04-18,port218,Cartagena,10,6,23999,4637,0,22221,1777,0,0,0,1720,2917,0,0
2024-04-19,port218,Cartagena,14,8,105819,32602,63362,41631,0,0,825,22125,10391,0,0,86
2024-04-20,port218,Cartagena,8,6,27981,4749,0,24550,0,1895,1535,0,4749,0,0,0
2024-04-21,port218,Cartagena,6,5,19524,9793,0,11994,0,7530,0,0,9793,0,0,0
2024-04-22,port218,Cartagena,13,6,60822,48027,1164,13737,0,45920,0,3379,4394,0,40253,0
2024-04-23,port218,Cartagena,11,8,22764,65345,0,5596,0,17167,0,0,23368,0,41977,0
2024-04-24,port218,Cartagena,11,7,16999,72217,0,13023,0,3150,825,0,30652,0,41478,86
2024-04-25,port218,Cartagena,7,5,9229,2858,0,5876,0,3352,0,0,2858,0,0,0
2024-04-26,port218,Cartagena,13,9,14084,67737,0,11406,228,2449,0,0,19420,1938,46378,0
2024-04-27,port218,Cartagena,11,9,49547,9736,0,48012,0,0,1535,0,9736,0,0,0
2024-04-28,port218,Cartagena,9,3,14321,61112,11170,0,0,3150,0,0,17242,0,43870,0
2024-04-29,port218,Cartagena,12,5,23626,37930,0,19792,888,591,2352,18279,16335,3315,0,0
2024-04-30,port218,Cartagena,13,7,53560,77038,11143,14562,0,27855,0,10474,5800,0,60762,0
2024-05-01,port218,Cartagena,10,6,15073,86949,7178,6930,0,0,965,37822,7797,0,41329,0
2024-05-02,port218,Cartagena,14,10,32929,23839,16329,15711,888,0,0,2297,20083,1458,0,0
2024-05-03,port218,Cartagena,8,5,8686,41002,0,3658,0,5028,0,0,15239,0,25763,0
2024-05-04,port218,Cartagena,7,5,11663,103134,0,6635,0,5028,0,0,12183,0,90951,0
2024-05-05,port218,Cartagena,9,7,16298,21757,0,15472,0,0,825,0,21671,0,0,86
2024-05-06,port218,Cartagena,11,6,39659,88374,0,15438,0,24221,0,7017,10839,0,70517,0
2024-05-07,port218,Cartagena,7,6,541,23871,0,541,0,0,0,0,23871,0,0,0
2024-05-08,port218,Cartagena,9,7,40643,5316,0,40643,0,0,0,0,5316,0,0,0
2024-05-09,port218,Cartagena,7,4,888,18215,0,0,888,0,0,12307,4449,1458,0,0
2024-05-10,port218,Cartagena,12,7,9977,116353,0,8790,673,0,513,55574,20140,0,40638,0
2024-05-11,port218,Cartagena,10,5,68641,86293,47678,18069,0,0,2893,0,7334,0,78959,0
2024-05-12,port218,Cartagena,10,5,30910,8863,4787,23674,0,2449,0,0,5354,3508,0,0
2024-05-13,port218,Cartagena,10,7,102335,30071,0,33133,0,69202,0,10705,19366,0,0,0
2024-05-14,port218,Cartagena,12,7,24806,89298,12178,7086,0,5028,512,0,24495,1690,63111,0
2024-05-15,port218,Cartagena,13,6,23295,111578,0,7202,0,15068,1025,18609,14537,0,78431,0
2024-05-16,port218,Cartagena,11,7,37619,109105,0,14325,0,23294,0,62419,15793,0,30892,0
2024-05-17,port218,Cartagena,9,5,10771,22945,0,5697,3048,0,2025,0,18130,1458,3355,0
2024-05-18,port218,Cartagena,12,8,79453,14379,0,56798,818,21835,0,2297,12081,0,0,0
2024-05-19,port218,Cartagena,8,6,23069,56296,0,23069,0,0,0,0,15487,1577,39232,0
2024-05-20,port218,Cartagena,9,5,25271,55311,0,13217,888,11165,0,0,5692,11004,38614,0
2024-05-21,port218,Cartagena,6,5,14605,116486,0,14605,0,0,0,87382,29103,0,0,0
2024-05-22,port218,Cartagena,13,7,17193,32999,1191,10295,926,4319,460,0,28241,4758,0,0
2024-05-23,port218,Cartagena,13,8,26786,13010,0,13550,0,13235,0,0,12895,0,115,0
2024-05-24,port218,Cartagena,13,7,27020,85332,0,21992,0,5028,0,7017,14883,0,63431,0
2024-05-25,port218,Cartagena,8,6,24599,50524,0,10482,0,14116,0,0,19631,0,30892,0
2024-05-26,port218,Cartagena,10,4,24890,157193,0,10773,0,14116,0,0,5636,1665,149891,0
2024-05-27,port218,Cartagena,7,4,30033,5522,0,11311,0,18721,0,0,5522,0,0,0
2024-05-28,port218,Cartagena,11,7,4730,57775,0,0,888,3841,0,18279,38037,1458,0,0
2024-05-29,port218,Cartagena,9,5,14827,103350,0,8593,6233,0,0,60624,4017,0,38708,0
2024-05-30,port218,Cartagena,9,8,30776,8474,0,30776,0,0,0,0,8474,0,0,0
2024-05-31,port218,Cartagena,13,8,28992,55323,0,12171,1777,12905,2137,0,15904,2917,36501,0
2024-06-01,port218,Cartagena,10,8,58310,14655,0,57290,0,0,1020,0,14655,0,0,0
2024-06-02,port218,Cartagena,15,9,82465,63605,11143,33063,0,38258,0,10474,9746,0,43384,0
2024-06-03,port218,Cartagena,10,8,64407,24874,0,59130,0,5276,0,2297,22461,0,115,0
2024-06-04,port218,Cartagena,10,6,14489,30462,0,3266,0,11223,0,12307,18155,0,0,0
2024-06-05,port218,Cartagena,5,4,3454,17341,0,3454,0,0,0,0,5561,0,11780,0
2024-06-06,port218,Cartagena,13,9,10081,23029,0,9192,888,0,0,0,18987,3149,892,0
2024-06-07,port218,Cartagena,9,6,16928,14873,3793,5878,0,7255,0,0,14873,0,0,0
2024-06-08,port218,Cartagena,8,5,39812,25964,0,22685,0,17126,0,0,25849,0,115,0
2024-06-09,port218,Cartagena,12,6,26406,111546,0,14458,1752,9177,1018,0,17558,1458,92529,0
2024-06-10,port218,Cartagena,9,6,38140,28907,11143,26107,888,0,0,10474,15252,1458,1721,0
2024-06-11,port218,Cartagena,13,7,20930,120748,0,12709,0,5028,3192,52476,7601,0,60584,86
2024-06-12,port218,Cartagena,9,7,5885,21888,0,5885,0,0,0,0,21888,0,0,0
2024-06-13,port218,Cartagena,14,10,35936,94349,0,20689,0,15246,0,0,12915,0,81433,0
2024-06-14,port218,Cartagena,12,6,35522,141227,0,34327,888,0,306,0,16325,10273,114629,0
2024-06-15,port218,Cartagena,6,5,22085,3913,0,22085,0,0,0,0,3913,0,0,0
2024-06-16,port218,Cartagena,11,7,27575,60395,0,11009,0,16566,0,0,26146,0,34248,0
2024-06-17,port218,Cartagena,7,4,7604,12625,0,5889,888,0,825,0,11080,1458,0,86
2024-06-18,port218,Cartagena,10,7,541,27550,0,541,0,0,0,0,24638,325,2586,0
2024-06-19,port218,Cartagena,7,7,16531,6661,0,16531,0,0,0,0,6661,0,0,0
2024-06-20,port218,Cartagena,15,8,37316,117309,0,25709,4041,7565,0,108969,8339,0,0,0
2024-06-21,port218,Cartagena,10,8,12943,58794,0,9442,3500,0,0,0,23744,0,35049,0
2024-06-22,port218,Cartagena,11,5,71415,23019,0,24210,0,46032,1172,0,9429,1665,11924,0
2024-06-23,port218,Cartagena,11,7,25452,158644,0,25452,0,0,0,64343,14719,8739,70841,0
2024-06-24,port218,Cartagena,9,6,32617,12367,13815,10452,0,8349,0,0,12367,0,0,0
2024-06-25,port218,Cartagena,9,7,26089,28362,0,26089,0,0,0,18609,9752,0,0,0
2024-06-26,port218,Cartagena,11,4,25356,37931,0,0,888,24467,0,0,30540,5366,2024,0
2024-06-27,port218,Cartagena,16,10,21766,39743,0,7894,2467,11403,0,0,20679,0,19063,0
2024-06-28,port218,Cartagena,9,5,14981,57867,0,4856,0,10124,0,0,9002,0,48865,0
2024-06-29,port218,Cartagena,11,5,48418,80974,0,34301,0,14116,0,0,8378,4534,68061,0
2024-06-30,port218,Cartagena,11,7,106567,34160,11935,26453,0,68178,0,12635,4526,0,16999,0
2024-07-01,port218,Cartagena,5,3,7560,6016,0,1900,0,5659,0,0,6016,0,0,0
2024-07-02,port218,Cartagena,8,7,26544,27435,0,25718,0,0,825,0,27349,0,0,86
2024-07-03,port218,Cartagena,10,5,16856,5158,0,13880,323,2651,0,0,5158,0,0,0
2024-07-04,port218,Cartagena,11,8,24928,22084,0,22064,0,0,2864,3179,18904,0,0,0
2024-07-05,port218,Cartagena,13,9,27257,19697,0,16602,1777,8877,0,1190,15590,2917,0,0
2024-07-06,port218,Cartagena,9,7,34172,66173,0,34172,0,0,0,7559,15598,0,43015,0
2024-07-07,port218,Cartagena,5,5,16636,13823,0,16636,0,0,0,0,13823,0,0,0
2024-07-08,port218,Cartagena,10,5,31966,85431,14230,17736,0,0,0,0,6545,0,78886,0
2024-07-09,port218,Cartagena,14,8,25266,96144,0,13682,888,10694,0,0,31696,1458,62989,0
2024-07-10,port218,Cartagena,10,7,6857,39685,0,5878,978,0,0,13319,26365,0,0,0
2024-07-11,port218,Cartagena,13,9,54846,76366,0,11577,0,43269,0,0,24528,1665,50172,0
2024-07-12,port218,Cartagena,11,8,80484,17761,50812,28851,820,0,0,0,17761,0,0,0
2024-07-13,port218,Cartagena,11,5,34075,20257,0,19510,888,12653,1022,18279,519,1458,0,0
2024-07-14,port218,Cartagena,11,8,73572,74859,0,54960,0,18612,0,0,4556,0,70303,0
2024-07-15,port218,Cartagena,10,7,26515,53057,0,24183,2332,0,0,0,16865,18,36173,0
2024-07-16,port218,Cartagena,7,5,14108,25525,0,13079,0,0,1029,0,7380,0,18144,0
2024-07-17,port218,Cartagena,9,7,20196,90607,0,17175,0,3020,0,54207,24590,0,11809,0
2024-07-18,port218,Cartagena,11,10,45608,12850,0,45608,0,0,0,0,12850,0,0,0
2024-07-19,port218,Cartagena,9,7,56656,10170,14352,39950,0,0,2352,0,10170,0,0,0
2024-07-20,port218,Cartagena,11,7,20806,65886,0,19917,888,0,0,38058,23013,1458,3355,0
2024-07-21,port218,Cartagena,10,5,24414,22761,3733,14754,0,5926,0,0,12869,9891,0,0
2024-07-22,port218,Cartagena,11,6,11154,44424,0,5878,0,5275,0,2297,26698,0,15428,0
2024-07-23,port218,Cartagena,5,4,30754,1348,0,28729,0,2024,0,0,1348,0,0,0
2024-07-24,port218,Cartagena,11,8,29784,27476,0,10827,0,15183,3772,0,23288,4188,0,0
2024-07-25,port218,Cartagena,9,5,34276,59250,0,22283,0,11992,0,0,18344,0,40906,0
2024-07-26,port218,Cartagena,12,8,18059,18988,630,6952,1648,5276,3551,0,18873,0,115,0
2024-07-27,port218,Cartagena,13,5,62848,60588,13582,45892,888,2484,0,3534,2536,3124,51392,0
2024-07-28,port218,Cartagena,11,7,14703,74809,0,11300,0,3403,0,59301,15508,0,0,0
2024-07-29,port218,Cartagena,6,6,5479,7982,0,5479,0,0,0,0,7982,0,0,0
2024-07-30,port218,Cartagena,10,8,34481,43179,0,33668,0,813,0,0,7006,0,36173,0
2024-07-31,port218,Cartagena,7,5,25571,9782,0,25571,0,0,0,0,4691,1734,3355,0
2024-08-01,port218,Cartagena,12,7,102790,10352,6272,11249,420,84848,0,0,10352,0,0,0
2024-08-02,port218,Cartagena,9,5,13001,107476,0,2939,888,9172,0,0,32745,1458,71740,1532
2024-08-03,port218,Cartagena,11,8,25155,22025,0,24329,0,0,825,0,21939,0,0,86
2024-08-04,port218,Cartagena,8,6,14614,13364,0,6655,0,7958,0,0,11673,1690,0,0
2024-08-05,port218,Cartagena,8,5,15816,101208,0,11851,0,3965,0,31913,8515,0,60779,0
2024-08-06,port218,Cartagena,9,5,11598,22092,0,10480,1117,0,0,7238,11456,3397,0,0
2024-08-07,port218,Cartagena,9,6,9262,28830,0,2583,0,5028,1651,0,7400,0,21257,172
2024-08-08,port218,Cartagena,11,7,5878,18143,0,5878,0,0,0,0,14787,0,3355,0
2024-08-09,port218,Cartagena,15,8,11169,28663,3414,4000,1401,2352,0,9047,19616,0,0,0
2024-08-10,port218,Cartagena,12,6,21077,83177,0,17743,888,2445,0,20577,20163,6788,35648,0
2024-08-11,port218,Cartagena,5,4,30931,1734,0,30931,0,0,0,0,0,1734,0,0
2024-08-12,port218,Cartagena,8,4,7708,95180,0,6819,888,0,0,35015,14821,1458,43886,0
2024-08-13,port218,Cartagena,9,5,36359,8139,0,30045,1158,3150,2005,0,5786,0,2353,0
2024-08-14,port218,Cartagena,15,7,33880,97894,0,8746,888,22361,1883,41425,22390,3185,30892,0
2024-08-15,port218,Cartagena,12,8,38105,66156,0,23651,0,14454,0,0,15767,0,50389,0
2024-08-16,port218,Cartagena,10,6,58423,24735,53062,2939,888,0,1532,0,23277,1458,0,0
2024-08-17,port218,Cartagena,7,4,12218,22337,0,9198,0,3020,0,0,7171,0,15165,0
2024-08-18,port218,Cartagena,9,7,15752,62656,0,13980,1771,0,0,44588,18068,0,0,0
2024-08-19,port218,Cartagena,5,4,1526,10540,0,0,0,0,1526,0,10540,0,0,0
2024-08-20,port218,Cartagena,8,8,6435,28345,0,6435,0,0,0,0,28345,0,0,0
2024-08-21,port218,Cartagena,10,5,46415,7098,27727,9566,1022,8099,0,0,5640,1458,0,0
2024-08-22,port218,Cartagena,16,8,88478,110156,0,11481,1880,75116,0,31728,5784,3193,69449,0
2024-08-23,port218,Cartagena,11,8,24049,9758,0,21074,0,2974,0,0,9758,0,0,0
2024-08-24,port218,Cartagena,11,8,72209,16507,13898,51307,0,7003,0,12307,4199,0,0,0
2024-08-25,port218,Cartagena,6,3,24081,13268,0,18013,888,5178,0,0,0,1458,11809,0
2024-08-26,port218,Cartagena,10,6,5961,98715,0,5878,0,0,83,18826,31042,0,48846,0
2024-08-27,port218,Cartagena,7,6,26651,20560,11143,15507,0,0,0,10474,10085,0,0,0
2024-08-28,port218,Cartagena,9,5,17943,62822,0,17943,0,0,0,2143,12901,3507,44269,0
2024-08-29,port218,Cartagena,16,8,62748,60519,28950,18606,1789,13402,0,0,13174,0,47344,0
2024-08-30,port218,Cartagena,9,7,21556,31764,0,13311,0,8244,0,0,30098,1665,0,0
2024-08-31,port218,Cartagena,8,7,40075,10320,0,13900,0,26175,0,0,10320,0,0,0
2024-09-01,port218,Cartagena,10,6,106995,18479,22911,3199,0,80883,0,0,18364,0,115,0
2024-09-02,port218,Cartagena,5,2,5879,3623,0,2946,2933,0,0,0,3623,0,0,0
2024-09-03,port218,Cartagena,11,7,17825,21797,0,17825,0,0,0,3534,16759,1503,0,0
2024-09-04,port218,Cartagena,9,5,7530,44085,0,6641,888,0,0,0,8027,1458,34599,0
2024-09-05,port218,Cartagena,14,8,49672,109604,29594,10315,0,9762,0,108625,978,0,0,0
2024-09-06,port218,Cartagena,10,9,16233,14589,0,16233,0,0,0,0,11345,0,3244,0
2024-09-07,port218,Cartagena,9,6,20854,42263,0,19634,1219,0,0,36172,4631,1458,0,0
2024-09-08,port218,Cartagena,10,7,33375,87513,16864,8823,0,7688,0,0,19859,0,67653,0
2024-09-09,port218,Cartagena,10,4,22106,98047,0,4501,0,14741,2864,0,15214,1665,81167,0
2024-09-10,port218,Cartagena,8,5,52851,17067,0,12721,0,35708,4421,0,17067,0,0,0
2024-09-11,port218,Cartagena,9,6,22364,43691,0,14929,0,7435,0,0,6376,1141,36173,0
2024-09-12,port218,Cartagena,12,8,22222,16344,0,15211,4244,0,2766,0,14886,1458,0,0
2024-09-13,port218,Cartagena,8,7,27667,17602,0,27667,0,0,0,0,8056,9546,0,0
2024-09-14,port218,Cartagena,9,6,10885,21147,0,7641,0,3244,0,18279,2868,0,0,0
2024-09-15,port218,Cartagena,12,7,23016,21536,0,17740,0,5276,0,0,16874,0,3744,918
2024-09-16,port218,Cartagena,11,5,6827,100704,0,1387,1777,3662,0,2143,14095,2917,81548,0
2024-09-17,port218,Cartagena,9,5,23085,4980,0,18303,0,2619,2163,0,4807,0,0,172
2024-09-18,port218,Cartagena,12,9,21150,11416,0,11088,888,9172,0,0,8201,3214,0,0
2024-09-19,port218,Cartagena,7,5,30176,1544,0,28461,888,0,825,0,0,1458,0,86
2024-09-20,port218,Cartagena,8,6,4676,88678,0,4676,0,0,0,76135,12265,276,0,0
2024-09-21,port218,Cartagena,8,6,4875,35087,0,4875,0,0,0,0,6867,0,28220,0
2024-09-22,port218,Cartagena,10,6,75526,66188,26664,48373,488,0,0,57975,4248,0,3965,0
2024-09-23,port218,Cartagena,6,3,1634,60252,0,1634,0,0,0,0,17764,0,42487,0
2024-09-24,port218,Cartagena,10,8,18140,17823,0,18140,0,0,0,3534,14289,0,0,0
2024-09-25,port218,Cartagena,12,6,69416,120934,11744,29563,0,28108,0,0,6282,0,114651,0
2024-09-26,port218,Cartagena,11,8,23468,14817,0,15938,0,7530,0,0,11573,0,3244,0
2024-09-27,port218,Cartagena,11,8,5660,25969,0,5660,0,0,0,0,19945,6023,0,0
2024-09-28,port218,Cartagena,12,6,29088,112662,0,21343,0,7744,0,26308,9757,0,76597,0
2024-09-29,port218,Cartagena,6,5,56565,2160,0,19394,0,37171,0,0,2160,0,0,0
2024-09-30,port218,Cartagena,8,2,45047,18301,18642,2939,0,23465,0,12635,5502,164,0,0
2024-10-01,port218,Cartagena,7,6,8049,10300,0,7160,888,0,0,0,8842,1458,0,0
2024-10-02,port218,Cartagena,4,3,1782,24187,0,1782,0,0,0,18609,5577,0,0,0
2024-10-03,port218,Cartagena,14,7,35255,133668,0,25136,0,10119,0,37378,2278,0,93555,457
2024-10-04,port218,Cartagena,9,7,40409,19802,27975,10532,0,1901,0,0,19802,0,0,0
2024-10-05,port218,Cartagena,6,4,30082,3789,0,13638,0,16443,0,0,3789,0,0,0
2024-10-06,port218,Cartagena,11,5,110034,54715,0,10742,888,98403,0,2297,16821,1458,34136,0
2024-10-07,port218,Cartagena,9,6,7048,74168,0,7048,0,0,0,65311,8856,0,0,0
2024-10-08,port218,Cartagena,11,6,101045,13264,0,21592,4665,74787,0,0,11598,1665,0,0
2024-10-09,port218,Cartagena,8,5,90256,10222,0,13368,0,76887,0,0,6581,3640,0,0
2024-10-10,port218,Cartagena,12,7,9958,37156,0,8288,1670,0,0,0,28590,8565,0,0
2024-10-11,port218,Cartagena,7,5,10019,13477,1975,8044,0,0,0,3534,9943,0,0,0
2024-10-12,port218,Cartagena,9,7,21487,24925,0,16882,4604,0,0,0,23466,1458,0,0
2024-10-13,port218,Cartagena,6,3,23553,39733,0,16801,0,5926,825,0,3473,0,36173,86
2024-10-14,port218,Cartagena,7,5,13376,95267,0,13376,0,0,0,57893,37094,279,0,0
2024-10-15,port218,Cartagena,11,5,15106,169735,0,5798,1777,7530,0,32047,19874,2917,114896,0
2024-10-16,port218,Cartagena,12,6,105495,11823,0,14527,0,90968,0,0,8581,2783,0,458
2024-10-17,port218,Cartagena,14,10,16980,23682,0,16980,0,0,0,0,16595,1734,5352,0
2024-10-18,port218,Cartagena,11,9,63275,20792,45773,16112,1389,0,0,0,20792,0,0,0
2024-10-19,port218,Cartagena,13,7,34140,41412,15099,9561,0,8654,825,18609,21817,898,0,86
2024-10-20,port218,Cartagena,6,4,15242,13849,0,13711,0,0,1530,0,13849,0,0,0
2024-10-21,port218,Cartagena,6,4,30036,2606,0,21158,0,8877,0,0,2606,0,0,0
2024-10-22,port218,Cartagena,12,7,19948,47324,0,18427,695,0,825,2451,14277,0,30509,86
2024-10-23,port218,Cartagena,12,6,23325,5216,0,5676,1777,15872,0,0,2299,2917,0,0
2024-10-24,port218,Cartagena,10,6,14644,15222,0,12599,2044,0,0,0,10694,1458,3069,0
2024-10-25,port218,Cartagena,12,7,12161,24652,0,3385,0,8776,0,2417,19882,0,2353,0
2024-10-26,port218,Cartagena,9,6,29185,65093,0,28360,0,0,825,12307,9068,0,43631,86
2024-10-27,port218,Cartagena,9,5,51224,11500,31442,4250,0,14019,1512,0,11500,0,0,0
2024-10-28,port218,Cartagena,7,4,12205,14069,0,4916,0,7289,0,0,7215,6853,0,0
2024-10-29,port218,Cartagena,7,4,9137,11141,0,8907,230,0,0,0,7897,0,3244,0
2024-10-30,port218,Cartagena,6,4,4508,5918,0,3683,0,0,825,0,5831,0,0,86
2024-10-31,port218,Cartagena,11,7,10456,47014,0,9567,888,0,0,3224,6598,3193,33998,0
2024-11-01,port218,Cartagena,14,7,97620,186798,0,10008,0,86786,825,18279,8451,0,159981,86
2024-11-02,port218,Cartagena,9,5,21181,19385,12420,2567,0,6193,0,0,19385,0,0,0
2024-11-03,port218,Cartagena,6,5,20353,23441,0,17332,0,3020,0,0,11631,0,11809,0
2024-11-04,port218,Cartagena,12,8,14709,78851,0,13687,0,0,1021,55607,20929,1412,902,0
2024-11-05,port218,Cartagena,12,6,14412,19350,0,7453,164,5968,825,0,17136,2127,0,86
2024-11-06,port218,Cartagena,5,4,25605,2670,0,20328,0,5276,0,0,2555,0,115,0
2024-11-07,port218,Cartagena,13,8,26668,26628,4039,22023,605,0,0,0,21930,4697,0,0
2024-11-08,port218,Cartagena,14,6,16314,101408,0,14006,888,1418,0,2297,3478,1458,94173,0
2024-11-09,port218,Cartagena,8,6,43123,5906,0,39681,0,3442,0,0,2662,0,3244,0
2024-11-10,port218,Cartagena,13,6,39973,50582,0,22445,0,16703,825,28659,15753,0,6083,86
2024-11-11,port218,Cartagena,7,4,96175,14622,0,19428,888,75032,825,0,13077,1458,0,86
2024-11-12,port218,Cartagena,9,5,65281,12647,28981,35410,888,0,0,8386,2802,1458,0,0
2024-11-13,port218,Cartagena,11,6,60755,13470,7770,31615,1604,19765,0,0,11779,1690,0,0
2024-11-14,port218,Cartagena,8,6,13984,55373,0,13095,888,0,0,37836,16078,1458,0,0
2024-11-15,port218,Cartagena,10,6,33123,50378,0,32234,888,0,0,11979,487,1458,36453,0
2024-11-16,port218,Cartagena,12,7,32598,94339,2638,24683,0,5276,0,3379,5575,0,85384,0
2024-11-17,port218,Cartagena,10,5,32710,38492,0,26150,3157,0,3402,18279,18754,1458,0,0
2024-11-18,port218,Cartagena,10,8,37076,5442,0,35937,1138,0,0,0,4667,775,0,0
2024-11-19,port218,Cartagena,8,6,6325,11524,0,5402,923,0,0,0,9858,1665,0,0
2024-11-20,port218,Cartagena,11,5,14207,105408,2063,6647,0,5495,0,15202,24800,0,65405,0
2024-11-21,port218,Cartagena,16,8,49754,82443,28717,11866,925,8244,0,0,5307,0,77135,0
2024-11-22,port218,Cartagena,6,5,24288,4882,0,24288,0,0,0,0,4882,0,0,0
2024-11-23,port218,Cartagena,10,6,28814,8522,0,22882,888,5043,0,0,7063,1458,0,0
2024-11-24,port218,Cartagena,6,4,18542,7332,0,8188,959,9394,0,0,7332,0,0,0
2024-11-25,port218,Cartagena,11,5,88436,108536,0,8233,1668,78534,0,61182,4338,0,43015,0
2024-11-26,port218,Cartagena,12,5,55652,52691,18953,21693,888,14116,0,0,18605,3193,30892,0
2024-11-27,port218,Cartagena,13,6,66435,68955,56038,0,0,10396,0,2297,30232,3486,32938,0
2024-11-28,port218,Cartagena,11,7,23733,44746,0,8727,888,14116,0,0,8387,5466,30892,0
2024-11-29,port218,Cartagena,11,7,33934,64968,0,33934,0,0,0,0,23535,0,41433,0
2024-11-30,port218,Cartagena,5,5,16197,41115,0,16197,0,0,0,0,41115,0,0,0
2024-12-01,port218,Cartagena,14,8,27745,43104,0,16633,1078,10033,0,0,20369,10924,11809,0
2024-12-02,port218,Cartagena,11,6,14165,121876,0,13276,888,0,0,0,6990,1458,113427,0
2024-12-03,port218,Cartagena,9,2,50300,21080,23972,22255,3246,0,825,18279,0,2714,0,86
2024-12-04,port218,Cartagena,12,8,34314,15626,17905,12418,0,3991,0,0,15626,0,0,0
2024-12-05,port218,Cartagena,4,3,17571,6809,0,17571,0,0,0,0,6809,0,0,0
2024-12-06,port218,Cartagena,10,4,36846,62241,0,20952,1777,14116,0,0,27499,3848,30892,0
2024-12-07,port218,Cartagena,11,8,37829,17303,0,19119,0,18709,0,0,17303,0,0,0
2024-12-08,port218,Cartagena,6,4,8787,88030,0,8787,0,0,0,0,3199,0,84830,0
2024-12-09,port218,Cartagena,13,5,8407,95461,0,2939,0,5467,0,35413,14337,2958,42240,512
2024-12-10,port218,Cartagena,10,5,10996,29510,0,8998,888,0,1108,0,28051,1458,0,0
2024-12-11,port218,Cartagena,11,5,87829,47303,49408,5250,888,32281,0,23110,22734,1458,0,0
2024-12-12,port218,Cartagena,8,5,17667,17160,0,9311,0,7530,825,0,17074,0,0,86
2024-12-13,port218,Cartagena,14,8,28526,23603,11143,11592,228,5562,0,10474,6540,1938,4649,0
2024-12-14,port218,Cartagena,8,6,34189,58044,0,34189,0,0,0,2297,15439,0,40306,0
2024-12-15,port218,Cartagena,8,5,54245,4449,22107,31249,888,0,0,0,655,3794,0,0
2024-12-16,port218,Cartagena,10,7,17538,79329,0,16641,0,897,0,47342,31986,0,0,0
2024-12-17,port218,Cartagena,14,7,12222,65690,0,5878,2277,0,4066,4580,22804,0,38219,86
2024-12-18,port218,Cartagena,7,6,16929,8078,0,13846,0,0,3083,0,8078,0,0,0
2024-12-19,port218,Cartagena,12,7,33090,99166,0,8818,0,22371,1899,0,11465,0,87701,0
2024-12-20,port218,Cartagena,13,8,32861,117810,0,30067,0,2793,0,62001,16313,0,39495,0
2024-12-21,port218,Cartagena,12,6,47139,51710,15365,30045,1383,345,0,0,10412,0,41298,0
2024-12-22,port218,Cartagena,10,4,18732,89260,0,4839,0,13893,0,17618,19531,0,52110,0
2024-12-23,port218,Cartagena,12,6,25843,94124,11035,5864,888,8054,0,34600,6709,3124,49690,0
2024-12-24,port218,Cartagena,7,4,4819,13378,0,3581,1237,0,0,10018,1902,1458,0,0
2024-12-25,port218,Cartagena,7,4,45516,69186,9132,22267,0,14116,0,0,0,0,69186,0
2024-12-26,port218,Cartagena,11,6,47397,58918,11143,33045,0,3209,0,35411,23507,0,0,0
2024-12-27,port218,Cartagena,10,5,75383,91921,30389,44104,888,0,0,0,3985,1458,86477,0
2024-12-28,port218,Cartagena,14,5,21616,100497,0,4491,2305,14819,0,0,17361,6139,76996,0
2024-12-29,port218,Cartagena,8,6,33125,39353,0,19008,0,14116,0,0,8461,0,30892,0
2024-12-30,port218,Cartagena,10,5,16556,48260,997,0,462,15097,0,20936,27324,0,0,0
2024-12-31,port218,Cartagena,10,4,40354,75084,11143,11185,888,17137,0,10474,16495,2166,45946,0
2025-01-01,port218,Cartagena,7,4,28410,38075,0,8076,0,19508,825,0,7096,0,30892,86
2025-01-02,port218,Cartagena,12,6,8831,46481,2063,5878,888,0,0,6152,18571,3193,18563,0
2025-01-03,port218,Cartagena,11,5,18107,25211,0,10508,1117,2362,4119,10248,9722,5239,0,0
2025-01-04,port218,Cartagena,8,6,26183,4075,0,26183,0,0,0,0,4075,0,0,0
2025-01-05,port218,Cartagena,8,4,31750,18275,0,24390,2083,5276,0,15191,2968,0,115,0
2025-01-06,port218,Cartagena,6,4,40157,6970,35726,4431,0,0,0,0,6970,0,0,0
2025-01-07,port218,Cartagena,9,4,31090,41701,0,15195,1777,14116,0,0,6963,3844,30892,0
2025-01-08,port218,Cartagena,7,4,36262,47938,0,28757,0,5276,2228,43267,4556,0,115,0
2025-01-09,port218,Cartagena,8,7,22960,9905,0,22960,0,0,0,0,9905,0,0,0
2025-01-10,port218,Cartagena,10,6,34786,24910,267,25575,888,8054,0,18279,5172,1458,0,0
2025-01-11,port218,Cartagena,14,8,23099,43323,0,16169,888,6040,0,7623,10622,1458,23619,0
2025-01-12,port218,Cartagena,8,5,5328,30773,0,5328,0,0,0,0,30704,0,69,0
2025-01-13,port218,Cartagena,7,6,18785,18059,0,18785,0,0,0,0,17788,271,0,0
2025-01-14,port218,Cartagena,7,3,13382,17751,0,6764,0,6533,83,0,4556,1385,11809,0
2025-01-15,port218,Cartagena,10,6,91150,19913,0,8751,0,82398,0,0,19913,0,0,0
2025-01-16,port218,Cartagena,8,6,9114,47862,0,9114,0,0,0,33409,14452,0,0,0
2025-01-17,port218,Cartagena,9,6,20689,12991,0,20689,0,0,0,0,7285,0,5191,514
2025-01-18,port218,Cartagena,15,7,34622,33657,0,11757,1777,21087,0,0,17239,4607,11809,0
2025-01-19,port218,Cartagena,5,3,14802,14087,0,11782,0,3020,0,0,2278,0,11809,0
2025-01-20,port218,Cartagena,9,4,15650,81043,0,14761,888,0,0,2297,5455,1458,71832,0
2025-01-21,port218,Cartagena,12,8,86304,34024,0,12025,0,74278,0,0,34024,0,0,0
2025-01-22,port218,Cartagena,9,8,27737,24610,0,24717,0,3020,0,0,12800,0,11809,0
2025-01-23,port218,Cartagena,9,3,6178,24640,0,3158,0,3020,0,0,8527,3968,12145,0
2025-01-24,port218,Cartagena,8,6,18517,17440,0,14264,4253,0,0,0,8117,0,9323,0
2025-01-25,port218,Cartagena,6,4,18175,105792,0,15154,0,3020,0,0,5552,0,100240,0
2025-01-26,port218,Cartagena,7,5,12113,13858,0,3868,0,8244,0,0,13858,0,0,0
2025-01-27,port218,Cartagena,9,5,10987,53973,0,2939,0,8048,0,0,23220,0,30752,0
2025-01-28,port218,Cartagena,11,6,5936,13487,2063,3559,0,312,0,2773,10713,0,0,0
2025-01-29,port218,Cartagena,9,4,60681,108297,39194,6252,1117,14116,0,0,7654,3397,97245,0
2025-01-30,port218,Cartagena,10,6,24706,10925,0,24706,0,0,0,0,9083,1842,0,0
2025-01-31,port218,Cartagena,11,7,19368,59989,0,16811,2556,0,0,15641,44348,0,0,0
2025-02-01,port218,Cartagena,6,4,30951,8292,0,30062,888,0,0,0,6834,1458,0,0
2025-02-02,port218,Cartagena,12,7,26805,34862,0,26515,0,289,0,10491,11667,12368,335,0
2025-02-03,port218,Cartagena,7,3,23967,42539,8413,6890,0,8663,0,40261,2278,0,0,0
2025-02-04,port218,Cartagena,7,7,19528,18237,0,19528,0,0,0,0,18237,0,0,0
2025-02-05,port218,Cartagena,8,5,11544,55679,0,11544,0,0,0,47573,7972,133,0,0
2025-02-06,port218,Cartagena,10,5,24110,10075,0,17119,888,5276,825,0,6793,3081,115,86
2025-02-07,port218,Cartagena,12,7,30382,13599,2086,18321,398,9576,0,0,13484,0,115,0
2025-02-08,port218,Cartagena,10,5,5095,54311,0,5095,0,0,0,2297,37353,1734,12925,0
2025-02-09,port218,Cartagena,5,3,7042,50272,0,6217,0,0,825,0,5909,0,44275,86
2025-02-10,port218,Cartagena,8,3,40459,201,0,32627,1729,5276,825,0,0,0,115,86
2025-02-11,port218,Cartagena,11,8,4341,31904,0,4341,0,0,0,3379,28525,0,0,0
2025-02-12,port218,Cartagena,6,4,87456,2573,0,17012,888,69555,0,0,1114,1458,0,0
2025-02-13,port218,Cartagena,14,11,30069,14473,0,19406,0,10662,0,0,14473,0,0,0
2025-02-14,port218,Cartagena,12,8,6435,29717,0,4552,1374,0,508,0,27689,2027,0,0
2025-02-15,port218,Cartagena,7,3,35293,67529,11656,20616,0,3020,0,11979,4618,0,50931,0
2025-02-16,port218,Cartagena,14,7,38141,34812,5834,26865,888,3020,1532,18609,2934,1458,11809,0
2025-02-17,port218,Cartagena,10,6,23956,63680,0,18779,0,5177,0,50620,13060,0,0,0
2025-02-18,port218,Cartagena,8,5,7869,11155,0,2939,4930,0,0,0,9697,1458,0,0
2025-02-19,port218,Cartagena,8,5,19780,23589,0,19226,0,470,83,0,19166,0,4422,0
2025-02-20,port218,Cartagena,9,8,16951,16849,0,3425,0,13526,0,0,16849,0,0,0
2025-02-21,port218,Cartagena,12,7,11047,7885,0,2060,933,8054,0,0,7885,0,0,0
2025-02-22,port218,Cartagena,7,4,87726,19037,0,24064,0,63662,0,0,5537,1690,11809,0
2025-02-23,port218,Cartagena,12,6,29819,37607,11143,13229,2425,3020,0,10474,13864,1458,11809,0
2025-02-24,port218,Cartagena,9,5,20616,35316,0,15504,0,5028,83,0,11789,2269,21257,0
2025-02-25,port218,Cartagena,9,5,36548,10104,14812,20847,888,0,0,0,8645,1458,0,0
2025-02-26,port218,Cartagena,7,4,32877,6513,21228,6371,0,5276,0,0,6398,0,115,0
2025-02-27,port218,Cartagena,10,9,15578,15821,0,15578,0,0,0,2297,13523,0,0,0
2025-02-28,port218,Cartagena,13,7,90122,23684,11143,38428,888,39661,0,10474,11635,1458,115,0
2025-03-01,port218,Cartagena,9,4,78506,15698,75853,0,0,2652,0,0,15015,682,0,0
2025-03-02,port218,Cartagena,12,8,99806,23084,0,19227,1777,78801,0,0,8357,2917,11809,0
2025-03-03,port218,Cartagena,8,3,24701,150167,0,0,0,24186,515,0,18390,0,131776,0
2025-03-04,port218,Cartagena,10,7,25809,31682,0,16619,233,8956,0,0,10424,0,21257,0
2025-03-05,port218,Cartagena,10,5,42534,71801,0,19846,0,22688,0,11979,5262,0,54560,0
2025-03-06,port218,Cartagena,11,7,19366,75334,0,11376,0,7530,460,18609,14340,0,42384,0
2025-03-07,port218,Cartagena,12,8,28489,32262,0,25308,160,3020,0,0,18610,1842,11809,0
2025-03-08,port218,Cartagena,8,6,7368,70637,0,7368,0,0,0,55154,15483,0,0,0
2025-03-09,port218,Cartagena,7,4,63176,2057,2843,57860,0,2473,0,0,2057,0,0,0
2025-03-10,port218,Cartagena,9,4,20120,132480,0,6616,0,13504,0,59691,20592,0,52196,0
2025-03-11,port218,Cartagena,13,7,44981,24636,12941,17383,3391,11265,0,4561,8265,0,11809,0
2025-03-12,port218,Cartagena,11,6,14549,30699,0,7743,1777,5028,0,0,6524,2917,21257,0
2025-03-13,port218,Cartagena,12,7,14808,8794,0,8705,0,5276,825,0,8593,0,115,86
2025-03-14,port218,Cartagena,14,6,70278,61125,0,19516,0,50761,0,2297,11333,1734,45758,0
2025-03-15,port218,Cartagena,11,5,42310,53632,9892,14391,888,17137,0,0,9471,1458,42702,0
2025-03-16,port218,Cartagena,9,6,69108,6533,0,66099,3008,0,0,0,6533,0,0,0
2025-03-17,port218,Cartagena,7,4,4227,27536,0,0,1777,2449,0,0,24619,2917,0,0
2025-03-18,port218,Cartagena,10,6,20614,90580,0,14721,233,5659,0,0,19128,0,71451,0
2025-03-19,port218,Cartagena,6,4,32534,35131,0,18417,0,14116,0,0,4239,0,30892,0
2025-03-20,port218,Cartagena,11,7,34002,29882,0,18423,0,14753,825,18279,11402,0,115,86
2025-03-21,port218,Cartagena,11,5,7878,40885,0,2939,888,3020,1029,0,25951,3124,11809,0
2025-03-22,port218,Cartagena,10,6,31781,58521,0,22964,0,8816,0,3381,7385,1348,46406,0
2025-03-23,port218,Cartagena,9,6,52911,21184,0,38106,0,13978,825,0,9288,0,11809,86
2025-03-24,port218,Cartagena,10,4,27165,20093,0,21581,1777,3294,511,3379,13796,2917,0,0
2025-03-25,port218,Cartagena,13,7,46062,47628,0,13294,228,32538,0,0,12622,1938,33067,0
2025-03-26,port218,Cartagena,13,7,14217,35533,0,6443,2579,3662,1532,0,20326,3397,11809,0
2025-03-27,port218,Cartagena,10,7,27845,58251,0,8966,0,18878,0,0,20946,0,37305,0
2025-03-28,port218,Cartagena,8,5,37823,2899,0,36108,888,0,825,0,1354,1458,0,86
2025-03-29,port218,Cartagena,10,5,14810,63908,0,8087,0,6723,0,7701,14762,0,41444,0
2025-03-30,port218,Cartagena,6,6,25985,9267,0,25985,0,0,0,0,9267,0,0,0
2025-03-31,port218,Cartagena,11,6,102369,11553,19500,12561,0,70307,0,2143,9409,0,0,0
2025-04-01,port218,Cartagena,6,4,7147,42886,0,4127,0,3020,0,0,29341,1734,11809,0
2025-04-02,port218,Cartagena,12,6,16503,174560,0,1497,888,14116,0,0,25467,1458,147634,0
2025-04-03,port218,Cartagena,9,5,100075,9377,25737,7082,0,67255,0,0,7545,1831,0,0
2025-04-04,port218,Cartagena,10,7,34716,162905,0,34716,0,0,0,102419,2278,0,58208,0
2025-04-05,port218,Cartagena,8,5,59709,2530,34639,23996,718,354,0,0,2530,0,0,0
2025-04-06,port218,Cartagena,18,7,75844,101679,17902,37527,2450,17137,825,27949,28567,1458,43618,86
2025-04-07,port218,Cartagena,9,7,20694,55300,0,12735,0,7958,0,0,20956,0,34343,0
2025-04-08,port218,Cartagena,10,7,7090,27576,0,3464,0,2800,825,0,27490,0,0,86
2025-04-09,port218,Cartagena,10,5,30856,20298,0,14325,0,15704,825,0,7258,0,12953,86
2025-04-10,port218,Cartagena,12,7,23560,19078,0,10792,888,11879,0,3701,13917,1458,0,0
2025-04-11,port218,Cartagena,13,9,98508,21367,0,24567,0,73940,0,0,21367,0,0,0
2025-04-12,port218,Cartagena,9,7,24627,19398,0,13942,0,10684,0,0,19398,0,0,0
2025-04-13,port218,Cartagena,11,7,45445,29082,0,35698,0,6072,3674,0,7824,0,21257,0
2025-04-14,port218,Cartagena,7,4,20949,35654,0,9724,0,11225,0,13251,22403,0,0,0
2025-04-15,port218,Cartagena,8,6,97523,30197,0,21399,0,76123,0,0,30197,0,0,0
2025-04-16,port218,Cartagena,10,4,45692,87198,0,10837,0,34343,511,0,16828,2062,67824,483
2025-04-17,port218,Cartagena,13,9,21034,32304,0,16299,888,3020,825,0,17259,3149,11809,86
2025-04-18,port218,Cartagena,10,7,23787,6444,4223,18726,837,0,0,0,6444,0,0,0
2025-04-19,port218,Cartagena,8,6,31782,5907,0,30894,888,0,0,2297,2151,1458,0,0
2025-04-20,port218,Cartagena,13,6,50404,83071,0,31110,0,19294,0,16299,18758,0,48014,0
2025-04-21,port218,Cartagena,8,5,22395,31442,0,12006,0,10389,0,0,25423,6018,0,0
2025-04-22,port218,Cartagena,8,6,18705,33243,5728,7033,0,0,5943,0,33243,0,0,0
2025-04-23,port218,Cartagena,9,4,5967,121081,0,2939,0,983,2044,0,10175,0,110905,0
2025-04-24,port218,Cartagena,11,8,13734,9448,0,11310,888,0,1535,0,7990,1458,0,0
2025-04-25,port218,Cartagena,8,7,15562,30965,0,15562,0,0,0,0,30965,0,0,0
2025-04-26,port218,Cartagena,10,4,24947,51320,0,15026,888,9031,0,0,6010,3124,42185,0
2025-04-27,port218,Cartagena,11,7,49749,15394,0,49749,0,0,0,3379,10279,1734,0,0
2025-04-28,port218,Cartagena,9,3,64640,84057,49563,5890,888,8297,0,54262,15246,2624,11924,0
2025-04-29,port218,Cartagena,12,9,41183,35365,13255,27101,0,0,825,0,35279,0,0,86
2025-04-30,port218,Cartagena,9,3,74656,108829,58629,7142,0,8885,0,54357,4556,9305,40610,0
2025-05-01,port218,Cartagena,8,8,42191,14046,0,42191,0,0,0,0,14046,0,0,0
2025-05-02,port218,Cartagena,7,4,27237,20711,8666,2800,0,15769,0,0,8901,0,11809,0
2025-05-03,port218,Cartagena,9,6,109607,12496,0,32784,189,76633,0,0,12496,0,0,0
2025-05-04,port218,Cartagena,8,6,17435,13619,0,15932,1503,0,0,2451,11167,0,0,0
2025-05-05,port218,Cartagena,15,8,62223,62422,10055,40235,888,11043,0,0,21302,3124,37995,0
2025-05-06,port218,Cartagena,8,5,3765,41864,0,2939,0,0,825,0,41777,0,0,86
2025-05-07,port218,Cartagena,13,7,83325,64930,0,10998,0,70949,1378,15970,10075,0,38884,0
2025-05-08,port218,Cartagena,10,8,12715,28062,0,8805,888,3020,0,0,14793,1458,11809,0
2025-05-09,port218,Cartagena,9,6,50426,54963,0,36309,0,14116,0,0,6510,0,48453,0
2025-05-10,port218,Cartagena,12,9,20742,25011,450,17271,0,3020,0,0,13201,0,11809,0
2025-05-11,port218,Cartagena,8,5,31099,3999,0,31099,0,0,0,0,2278,1720,0,0
2025-05-12,port218,Cartagena,15,7,57015,212972,0,33609,888,22517,0,41668,14201,3705,153395,0
2025-05-13,port218,Cartagena,11,7,10966,28515,0,4943,3158,0,2864,0,27057,1458,0,0
2025-05-14,port218,Cartagena,6,5,9849,60555,0,9849,0,0,0,51814,8740,0,0,0
2025-05-15,port218,Cartagena,12,6,43905,22213,16377,7059,0,17166,3301,7654,14558,0,0,0
2025-05-16,port218,Cartagena,11,7,36947,19848,0,26339,888,9719,0,0,18389,1458,0,0
2025-05-17,port218,Cartagena,8,5,34486,51911,0,17349,0,17137,0,0,7473,1734,42702,0
2025-05-18,port218,Cartagena,15,7,58502,101931,0,42891,467,15143,0,0,6980,4872,90078,0
2025-05-19,port218,Cartagena,10,5,53557,24434,9412,42431,888,0,825,0,22889,1458,0,86
2025-05-20,port218,Cartagena,10,7,8818,61602,0,8818,0,0,0,39429,16027,6146,0,0
2025-05-21,port218,Cartagena,10,7,8211,45375,0,2737,888,4585,0,0,42085,3290,0,0
2025-05-22,port218,Cartagena,9,6,20032,12735,0,8951,4357,6723,0,1989,10745,0,0,0
2025-05-23,port218,Cartagena,14,10,42022,12301,19430,21703,888,0,0,0,10843,1458,0,0
2025-05-24,port218,Cartagena,7,6,31060,2499,0,30491,0,568,0,0,2499,0,0,0
2025-05-25,port218,Cartagena,11,7,7713,70807,0,7713,0,0,0,18279,10263,468,41795,0
2025-05-26,port218,Cartagena,11,7,37763,25555,18675,18199,888,0,0,0,24097,1458,0,0
2025-05-27,port218,Cartagena,12,6,55123,43047,26934,23547,0,4642,0,0,9813,0,33234,0
2025-05-28,port218,Cartagena,11,7,18805,70442,0,10418,0,8387,0,0,29859,1269,39313,0
2025-05-29,port218,Cartagena,10,8,19639,60370,0,17286,0,0,2352,0,24580,0,35789,0
2025-05-30,port218,Cartagena,13,6,107935,62532,0,11604,0,96331,0,0,19829,0,42702,0
2025-05-31,port218,Cartagena,9,7,84718,6896,0,83829,888,0,0,0,5438,1458,0,0
2025-06-01,port218,Cartagena,10,6,25018,78917,0,10672,228,14116,0,36898,9188,1938,30892,0
2025-06-02,port218,Cartagena,7,3,55853,24531,54964,0,888,0,0,7238,15834,1458,0,0
2025-06-03,port218,Cartagena,14,7,16004,36240,0,12886,888,699,1528,7017,18562,1942,8717,0
2025-06-04,port218,Cartagena,10,6,24143,93353,0,12878,0,11265,0,49655,31888,0,11809,0
2025-06-05,port218,Cartagena,9,7,2421,102172,0,2421,0,0,0,0,16054,0,86118,0
2025-06-06,port218,Cartagena,16,9,49323,19578,0,35668,1978,11677,0,2143,14133,3301,0,0
2025-06-07,port218,Cartagena,9,5,9070,6745,0,7584,1486,0,0,0,6745,0,0,0
2025-06-08,port218,Cartagena,10,7,48590,18247,0,39403,888,8297,0,0,4864,1458,11924,0
2025-06-09,port218,Cartagena,11,6,10056,55069,0,2507,0,6723,825,0,19028,0,35954,86
2025-06-10,port218,Cartagena,10,6,17133,25824,3084,8715,888,4445,0,0,23951,1873,0,0
2025-06-11,port218,Cartagena,11,6,14657,33886,0,11774,0,2422,459,18609,15276,0,0,0
2025-06-12,port218,Cartagena,6,6,13792,5492,0,13792,0,0,0,0,5492,0,0,0
2025-06-13,port218,Cartagena,11,8,28959,52887,0,25938,0,3020,0,0,23784,0,29102,0
2025-06-14,port218,Cartagena,13,5,119361,6429,0,43599,3694,72068,0,0,2767,3662,0,0
2025-06-15,port218,Cartagena,9,6,31305,26204,16837,14467,0,0,0,0,4210,1310,20682,0
2025-06-16,port218,Cartagena,10,7,13888,51245,0,8459,0,3020,2408,0,39435,0,11809,0
2025-06-17,port218,Cartagena,8,6,6787,36678,0,3305,462,3020,0,0,24868,0,11809,0
2025-06-18,port218,Cartagena,10,5,58383,48448,25700,23227,888,8566,0,0,6367,1458,40622,0
2025-06-19,port218,Cartagena,13,11,6950,29819,0,6950,0,0,0,0,16790,13029,0,0
2025-06-20,port218,Cartagena,10,6,33477,58858,0,27460,228,5276,511,48253,8550,1938,115,0
2025-06-21,port218,Cartagena,13,6,58890,48076,0,35640,888,22361,0,0,15724,1458,30892,0
2025-06-22,port218,Cartagena,10,6,28578,21655,12503,15185,888,0,0,7017,10072,4565,0,0
2025-06-23,port218,Cartagena,10,7,9119,45668,0,9119,0,0,0,0,22673,1080,21914,0
2025-06-24,port218,Cartagena,11,6,14078,31129,0,2939,2253,8885,0,0,31129,0,0,0
2025-06-25,port218,Cartagena,7,6,67631,28072,52759,14872,0,0,0,0,28072,0,0,0
2025-06-26,port218,Cartagena,12,8,23428,4991,0,19460,0,347,3620,2297,2693,0,0,0
2025-06-27,port218,Cartagena,12,7,44936,72620,2060,30482,888,11504,0,0,15560,1458,55601,0
2025-06-28,port218,Cartagena,8,5,12470,92568,0,9450,0,3020,0,0,22510,0,70058,0
2025-06-29,port218,Cartagena,13,6,51793,85350,0,26238,888,24666,0,60784,8944,1458,14162,0
2025-06-30,port218,Cartagena,9,5,18641,22682,6693,6020,0,5926,0,0,22682,0,0,0
2025-07-01,port218,Cartagena,10,7,46164,23499,0,9954,1643,34566,0,0,22041,1458,0,0
2025-07-02,port218,Cartagena,8,6,0,40517,0,0,0,0,0,0,24812,0,15705,0
2025-07-03,port218,Cartagena,13,9,8907,141262,0,8907,0,0,0,7017,24260,0,109984,0
2025-07-04,port218,Cartagena,9,8,15416,11716,0,15011,404,0,0,0,11716,0,0,0
2025-07-05,port218,Cartagena,13,8,97036,29817,0,15656,0,81380,0,18624,11193,0,0,0
2025-07-06,port218,Cartagena,11,6,131237,90381,49678,61276,888,19393,0,43061,14853,1458,31007,0
2025-07-07,port218,Cartagena,8,6,20145,27797,0,20145,0,0,0,0,20509,0,7287,0
2025-07-08,port218,Cartagena,10,7,18767,70456,0,15747,0,3020,0,0,13002,0,57454,0
2025-07-09,port218,Cartagena,11,5,34352,86752,0,5378,0,28974,0,0,21264,3701,61785,0
2025-07-10,port218,Cartagena,11,7,26638,26735,0,15144,228,11265,0,0,12987,1938,11809,0
2025-07-11,port218,Cartagena,15,10,30459,54261,0,27238,888,0,2331,7559,45243,1458,0,0
2025-07-12,port218,Cartagena,13,6,66559,19958,11143,46530,0,8885,0,10474,9483,0,0,0
2025-07-13,port218,Cartagena,7,5,182848,5133,168867,13981,0,0,0,0,5133,0,0,0
2025-07-14,port218,Cartagena,20,8,26247,102349,0,20378,3005,0,2864,10732,30309,15068,46239,0
2025-07-15,port218,Cartagena,13,7,40053,100264,0,28053,0,12000,0,658,17650,0,81445,510
2025-07-16,port218,Cartagena,12,8,33828,37510,0,25477,0,8350,0,0,25701,0,11809,0
2025-07-17,port218,Cartagena,11,8,32519,51090,22491,10027,0,0,0,40356,10733,0,0,0
2025-07-18,port218,Cartagena,9,5,23540,37898,0,18769,888,3882,0,14349,6384,1458,15705,0
2025-07-19,port218,Cartagena,13,7,50674,44897,0,36557,0,14116,0,4719,9284,0,30892,0
2025-07-20,port218,Cartagena,13,11,62048,28828,0,61159,888,0,0,0,27369,1458,0,0
2025-07-21,port218,Cartagena,11,6,30912,69709,11143,2939,0,16830,0,10474,26167,0,33067,0
2025-07-22,port218,Cartagena,12,8,100953,18054,22195,1723,141,76892,0,0,11101,0,6952,0
2025-07-23,port218,Cartagena,10,7,5331,40960,0,4250,0,1080,0,3948,29507,7504,0,0
2025-07-24,port218,Cartagena,11,7,15915,60840,0,13761,0,2154,0,0,9445,0,51394,0
2025-07-25,port218,Cartagena,15,11,41404,27513,20099,7961,0,13343,0,0,27513,0,0,0
2025-07-26,port218,Cartagena,12,5,47474,79881,0,39135,888,3501,3948,0,4943,1565,73372,0
2025-07-27,port218,Cartagena,11,6,50014,51158,0,38425,0,8244,3344,7559,11498,0,32100,0
2025-07-28,port218,Cartagena,10,7,11235,29962,0,11235,0,0,0,0,26706,1665,1590,0
2025-07-29,port218,Cartagena,9,7,27990,20822,8960,18703,326,0,0,0,20822,0,0,0
2025-07-30,port218,Cartagena,12,8,29731,32727,0,8516,0,21214,0,0,9107,0,23619,0
2025-07-31,port218,Cartagena,9,7,77307,44064,60411,16895,0,0,0,29932,14131,0,0,0
2025-08-01,port218,Cartagena,11,8,38281,17856,0,38281,0,0,0,0,11367,4045,2443,0
2025-08-02,port218,Cartagena,11,6,26077,8296,0,17576,1777,6723,0,0,2511,2917,0,2867
2025-08-03,port218,Cartagena,12,7,16792,40586,0,9986,921,3020,2864,18279,10496,0,11809,0
2025-08-04,port218,Cartagena,7,5,73487,44665,0,0,888,72598,0,0,43207,1458,0,0
2025-08-05,port218,Cartagena,14,8,66821,38006,43174,10911,888,10304,1541,0,15175,1458,21372,0
2025-08-06,port218,Cartagena,10,8,21678,164155,0,21678,0,0,0,55403,36555,0,72195,0
2025-08-07,port218,Cartagena,12,9,32290,20942,0,20299,0,8996,2994,0,20942,0,0,0
2025-08-08,port218,Cartagena,13,6,11697,71251,0,9919,1777,0,0,0,18930,2917,49404,0
2025-08-09,port218,Cartagena,12,5,69910,50665,0,44746,1777,23386,0,0,13527,6130,31007,0
2025-08-10,port218,Cartagena,6,5,31294,3682,0,31294,0,0,0,0,3682,0,0,0
2025-08-11,port218,Cartagena,15,8,63757,61223,51635,1089,2666,8365,0,0,42794,17919,0,509
2025-08-12,port218,Cartagena,8,5,22141,30393,0,12241,228,9671,0,0,28455,1938,0,0
2025-08-13,port218,Cartagena,19,9,77245,129984,40646,14433,0,22165,0,10563,9372,1734,108313,0
2025-08-14,port218,Cartagena,11,6,23607,5792,0,11024,0,9181,3402,0,5114,0,677,0
2025-08-15,port218,Cartagena,17,8,36745,53014,16252,2909,888,14116,2577,0,19873,1495,31645,0
2025-08-16,port218,Cartagena,11,8,45961,33902,0,37258,0,7876,825,0,22006,0,11809,86
2025-08-17,port218,Cartagena,11,5,74218,55449,11143,56426,0,6649,0,29084,25326,0,1038,0
2025-08-18,port218,Cartagena,10,7,19126,34273,0,10513,1890,6723,0,0,32696,1577,0,0
2025-08-19,port218,Cartagena,11,8,105702,27547,0,19023,0,86678,0,0,27547,0,0,0
2025-08-20,port218,Cartagena,7,6,5806,16860,0,4980,0,0,825,0,16774,0,0,86
2025-08-21,port218,Cartagena,13,9,19709,115368,0,13668,0,6040,0,23805,27995,0,63567,0
2025-08-22,port218,Cartagena,14,10,53535,5608,0,43753,74,8996,711,0,3915,1665,0,27
2025-08-23,port218,Cartagena,7,5,31951,53858,8713,23237,0,0,0,0,10213,0,43644,0
2025-08-24,port218,Cartagena,9,7,23471,17171,0,14589,0,8881,0,0,17171,0,0,0
2025-08-25,port218,Cartagena,12,8,48996,95372,4319,37555,0,3960,3161,0,25048,0,70324,0
2025-08-26,port218,Cartagena,10,7,23750,28469,0,4190,313,19246,0,0,28469,0,0,0
2025-08-27,port218,Cartagena,6,6,2792,30954,0,2792,0,0,0,0,30954,0,0,0
2025-08-28,port218,Cartagena,15,10,31232,76665,0,17711,0,13521,0,0,22955,0,53709,0
2025-08-29,port218,Cartagena,12,8,42836,10518,0,30515,1777,10542,0,0,7601,2917,0,0
2025-08-30,port218,Cartagena,19,8,70850,96609,22286,33046,0,15517,0,35449,17178,0,43981,0
2025-08-31,port218,Cartagena,6,4,18208,67303,0,18208,0,0,0,0,6173,0,61129,0
2025-09-01,port218,Cartagena,13,7,31175,57523,0,14470,0,16705,0,0,11018,15612,30892,0
2025-09-02,port218,Cartagena,12,9,17224,47028,0,8131,0,6723,2369,0,46410,0,618,0
2025-09-03,port218,Cartagena,8,6,21990,12686,0,21213,266,0,510,0,12686,0,0,0
2025-09-04,port218,Cartagena,11,7,58750,18127,33252,24608,888,0,0,0,14836,1458,1831,0
2025-09-05,port218,Cartagena,13,10,65216,44457,1952,49147,0,14116,0,0,13564,0,30892,0
2025-09-06,port218,Cartagena,12,5,97522,46057,56627,28062,0,12832,0,38636,7421,0,0,0
2025-09-07,port218,Cartagena,10,6,28653,76605,0,26875,1777,0,0,54293,17728,4583,0,0
2025-09-08,port218,Cartagena,15,10,24973,77978,0,11057,0,13916,0,0,33214,0,44763,0
2025-09-09,port218,Cartagena,10,6,9652,27160,0,8941,0,0,711,0,12420,14713,0,27
2025-09-10,port218,Cartagena,15,9,8585,133070,0,5764,0,1995,825,44414,40450,1135,46983,86
2025-09-11,port218,Cartagena,10,6,16945,51708,0,10119,888,1940,3996,0,11226,1458,39023,0
2025-09-12,port218,Cartagena,13,8,60202,50939,0,45402,0,14799,0,0,17872,0,33067,0
2025-09-13,port218,Cartagena,11,5,77261,10191,0,38941,1777,33986,2556,0,7274,2917,0,0
2025-09-14,port218,Cartagena,11,8,43939,52266,0,34758,0,9181,0,0,8621,0,43644,0
2025-09-15,port218,Cartagena,10,6,80144,91173,0,3900,0,75222,1020,0,29800,0,61373,0
2025-09-16,port218,Cartagena,10,7,7990,31261,0,7990,0,0,0,2297,28963,0,0,0
2025-09-17,port218,Cartagena,6,4,55398,9267,0,55398,0,0,0,0,9267,0,0,0
2025-09-18,port218,Cartagena,11,8,18838,56695,0,10636,0,8201,0,0,10422,0,46272,0
2025-09-19,port218,Cartagena,15,9,31477,54325,6425,21950,888,0,2213,0,16247,1765,36312,0
2025-09-20,port218,Cartagena,10,6,33866,60298,21008,11968,888,0,0,585,8470,1458,49784,0
2025-09-21,port218,Cartagena,8,6,41036,62865,0,41036,0,0,0,52172,10693,0,0,0
2025-09-22,port218,Cartagena,12,9,19365,55956,0,16344,0,3020,0,6349,37797,0,11809,0
2025-09-23,port218,Cartagena,10,6,29025,11181,0,18742,0,10283,0,1006,10174,0,0,0
2025-09-24,port218,Cartagena,17,12,32609,37423,0,17324,0,15285,0,3224,32464,1734,0,0
2025-09-25,port218,Cartagena,12,7,72078,13991,51047,8203,1777,8881,2167,0,11074,2917,0,0
2025-09-26,port218,Cartagena,11,8,26144,102312,0,26144,0,0,0,4203,18026,230,79852,0
2025-09-27,port218,Cartagena,11,8,62479,43507,29449,18914,0,14116,0,0,12104,0,30892,509
2025-09-28,port218,Cartagena,11,6,29436,8764,0,27839,888,708,0,0,4514,4249,0,0
2025-09-29,port218,Cartagena,10,4,22784,47325,0,1444,2722,17585,1031,0,1998,0,45327,0
2025-09-30,port218,Cartagena,11,8,28486,45993,0,14200,0,14285,0,0,22373,0,23619,0
2025-10-01,port218,Cartagena,10,5,120588,3056,35363,52918,888,30591,825,0,1511,1458,0,86
2025-10-02,port218,Cartagena,13,10,27735,29613,0,11650,379,15705,0,2297,27316,0,0,0
2025-10-03,port218,Cartagena,10,7,137713,25174,0,40516,3990,93206,0,0,23715,1458,0,0
2025-10-04,port218,Cartagena,12,5,149237,70581,0,31441,888,116907,0,51085,18037,1458,0,0
2025-10-05,port218,Cartagena,11,8,30526,12117,0,18525,0,12000,0,0,12002,0,115,0
2025-10-06,port218,Cartagena,10,8,21948,25392,0,13271,0,0,8676,0,25305,0,0,86
2025-10-07,port218,Cartagena,8,6,1664,72572,0,775,888,0,0,44414,26698,1458,0,0
2025-10-08,port218,Cartagena,10,5,15744,32047,0,5973,888,8881,0,3379,27209,1458,0,0
2025-10-09,port218,Cartagena,16,11,16096,110445,0,15207,888,0,0,0,34570,7701,68173,0
2025-10-10,port218,Cartagena,14,8,52976,92930,18652,30414,888,3020,0,0,9107,1458,82364,0
2025-10-11,port218,Cartagena,6,5,29696,44979,0,29696,0,0,0,0,31622,0,13356,0
2025-10-12,port218,Cartagena,11,5,38658,71851,643,34994,0,3020,0,52901,4893,2247,11809,0
2025-10-13,port218,Cartagena,12,9,101746,21357,0,21759,888,79097,0,0,19899,1458,0,0
2025-10-14,port218,Cartagena,12,9,40595,38870,0,31993,691,4585,3325,0,38870,0,0,0
2025-10-15,port218,Cartagena,11,4,42313,47387,0,24135,0,18177,0,0,7663,1665,38058,0
2025-10-16,port218,Cartagena,16,9,112664,21446,7158,49190,888,55427,0,0,8177,1458,11809,0
2025-10-17,port218,Cartagena,11,9,40223,21486,2759,37463,0,0,0,0,21486,0,0,0
2025-10-18,port218,Cartagena,11,8,40501,56149,5288,26243,0,8970,0,0,5524,0,50624,0
2025-10-19,port218,Cartagena,11,8,6373,39550,0,5484,888,0,0,2297,35529,1723,0,0
2025-10-20,port218,Cartagena,13,9,10940,149471,0,5568,344,5028,0,46401,9729,0,93341,0
2025-10-21,port218,Cartagena,15,9,35238,68933,11143,5662,0,18432,0,10474,30504,439,27515,0
2025-10-22,port218,Cartagena,10,5,60343,58149,0,39959,888,19494,0,48813,7877,1458,0,0
2025-10-23,port218,Cartagena,10,9,35906,12455,0,35194,0,0,711,0,12428,0,0,27
2025-10-24,port218,Cartagena,8,7,16099,23711,0,15210,888,0,0,0,22253,1458,0,0
2025-10-25,port218,Cartagena,9,8,14114,24200,0,14114,0,0,0,0,21984,0,2215,0
2025-10-26,port218,Cartagena,7,5,4953,31431,0,374,0,4579,0,0,19621,0,11809,0
2025-10-27,port218,Cartagena,13,8,39946,80463,0,24940,888,14116,0,0,13487,1458,65517,0
2025-10-28,port218,Cartagena,10,5,22879,53964,0,0,0,20840,2039,0,22849,0,31115,0
2025-10-29,port218,Cartagena,10,6,49225,9767,0,47447,1777,0,0,0,5781,2917,1068,0
2025-10-30,port218,Cartagena,11,7,19403,76582,0,9926,0,9476,0,3534,13584,0,59463,0
2025-10-31,port218,Cartagena,11,10,13884,27564,0,12861,0,0,1023,0,27564,0,0,0
2025-11-01,port218,Cartagena,13,6,108557,39977,0,23897,3569,81090,0,5447,9451,1458,23619,0
2025-11-02,port218,Cartagena,7,4,15418,30149,9758,5660,0,0,0,0,20603,9546,0,0
2025-11-03,port218,Cartagena,11,8,30598,29360,0,28863,1734,0,0,0,13655,0,15705,0
2025-11-04,port218,Cartagena,11,9,28949,13941,0,10934,0,18014,0,0,13941,0,0,0
2025-11-05,port218,Cartagena,14,9,39081,87395,8313,30768,0,0,0,0,22424,0,64970,0
2025-11-06,port218,Cartagena,12,6,40589,13215,0,35464,2666,0,2457,2547,6292,4375,0,0
2025-11-07,port218,Cartagena,10,8,5163,31253,0,917,0,4245,0,0,29587,1665,0,0
2025-11-08,port218,Cartagena,15,10,55423,73468,14503,32675,0,8244,0,0,21856,0,50588,1023
2025-11-09,port218,Cartagena,9,5,29509,59813,0,22653,888,5966,0,45959,12396,1458,0,0
2025-11-10,port218,Cartagena,12,7,29774,23688,0,12464,6,11631,5671,0,19857,3831,0,0
2025-11-11,port218,Cartagena,16,8,28305,181059,0,11280,888,16136,0,98033,19973,1458,61594,0
2025-11-12,port218,Cartagena,10,5,37586,5292,0,24228,0,12097,1260,0,0,0,5205,86
2025-11-13,port218,Cartagena,13,8,29823,49553,15681,9369,0,4772,0,0,17369,0,32183,0
2025-11-14,port218,Cartagena,11,9,16549,34703,0,8936,888,6723,0,0,33244,1458,0,0
2025-11-15,port218,Cartagena,10,8,39458,5388,0,38474,158,0,825,0,5302,0,0,86
2025-11-16,port218,Cartagena,11,8,87182,28865,4988,12339,0,69853,0,0,28865,0,0,0
2025-11-17,port218,Cartagena,9,7,143807,8663,0,65212,0,78595,0,0,6928,1734,0,0
2025-11-18,port218,Cartagena,14,6,14495,124394,0,3464,0,11030,0,7017,31549,198,85627,0
2025-11-19,port218,Cartagena,12,10,32074,36206,0,30903,0,1171,0,18609,17596,0,0,0
2025-11-20,port218,Cartagena,14,9,25972,69426,0,11917,888,13166,0,41722,26245,1458,0,0
2025-11-21,port218,Cartagena,10,9,23033,17525,0,19046,0,3987,0,0,17525,0,0,0
2025-11-22,port218,Cartagena,13,8,36482,33059,0,23984,0,12497,0,0,15824,5425,11809,0
2025-11-23,port218,Cartagena,6,5,32090,13648,30467,1622,0,0,0,0,13648,0,0,0
2025-11-24,port218,Cartagena,14,7,32471,4653,0,22149,0,10322,0,0,2695,1842,115,0
2025-11-25,port218,Cartagena,14,8,55387,61778,0,42986,888,8244,3267,0,16426,1458,43893,0
2025-11-26,port218,Cartagena,11,7,15647,59273,0,5027,4357,3020,3241,0,11708,0,47565,0
2025-11-27,port218,Cartagena,11,8,8229,19440,0,7760,0,468,0,0,16726,551,2162,0
2025-11-28,port218,Cartagena,10,8,8131,83561,0,8131,0,0,0,0,22196,0,61364,0
2025-11-29,port218,Cartagena,8,4,21723,58035,0,7094,0,14116,512,25704,1437,0,30892,0
2025-11-30,port218,Cartagena,9,7,92272,21084,0,18014,888,73369,0,0,19626,1458,0,0
2025-12-01,port218,Cartagena,13,6,48989,97648,0,18210,0,29247,1531,2297,7828,0,87522,0
2025-12-02,port218,Cartagena,16,8,35091,73084,2063,30146,1777,0,1103,13596,20629,2917,35433,507
2025-12-03,port218,Cartagena,12,8,44405,21310,0,33246,0,11159,0,611,8888,0,11809,0
2025-12-04,port218,Cartagena,13,9,54978,33505,0,45073,0,8881,1023,18609,14895,0,0,0
2025-12-05,port218,Cartagena,9,8,24466,24232,0,24466,0,0,0,3534,20698,0,0,0
2025-12-06,port218,Cartagena,15,10,45705,72857,0,31253,1777,12674,0,0,39716,2917,30224,0
2025-12-07,port218,Cartagena,8,6,17382,30567,0,12207,0,0,5175,0,30567,0,0,0
2025-12-08,port218,Cartagena,10,6,46423,12786,0,35776,888,9758,0,0,11327,1458,0,0
2025-12-09,port218,Cartagena,10,7,181346,13168,0,38761,0,142585,0,0,11434,1734,0,0
2025-12-10,port218,Cartagena,10,7,7553,22989,0,7553,0,0,0,0,21323,1665,0,0
2025-12-11,port218,Cartagena,11,8,31773,17718,0,14347,0,17425,0,0,17718,0,0,0
2025-12-12,port218,Cartagena,7,5,3386,10547,0,3386,0,0,0,0,10547,0,0,0
2025-12-13,port218,Cartagena,10,7,38333,59167,0,34423,888,3020,0,0,11744,1458,45964,0
2025-12-14,port218,Cartagena,8,5,52733,10886,35314,16529,888,0,0,0,9427,1458,0,0
2025-12-15,port218,Cartagena,11,8,26855,142311,6549,6189,0,14116,0,0,38289,0,104022,0
2025-12-16,port218,Cartagena,12,10,21409,41823,0,21409,0,0,0,19035,22788,0,0,0
2025-12-17,port218,Cartagena,10,7,51481,79855,0,30640,0,20840,0,0,8997,0,70858,0
2025-12-18,port218,Cartagena,14,10,42252,89016,0,15513,3740,22998,0,26298,31825,0,30892,0
2025-12-19,port218,Cartagena,9,6,18708,8230,0,18708,0,0,0,2143,6086,0,0,0
2025-12-20,port218,Cartagena,12,8,90092,50772,44271,41900,0,3920,0,0,14473,0,36299,0
2025-12-21,port218,Cartagena,6,4,11810,43619,0,11810,0,0,0,18279,25339,0,0,0
2025-12-22,port218,Cartagena,10,5,10937,37619,0,7687,228,3020,0,3534,11655,10619,11809,0
2025-12-23,port218,Cartagena,10,7,85784,14435,0,7238,0,77524,1020,0,14435,0,0,0
2025-12-24,port218,Cartagena,8,6,39895,50238,0,34716,0,5178,0,0,7648,0,42589,0
2025-12-25,port218,Cartagena,12,8,24983,24176,0,20185,1777,3020,0,0,9449,2917,11809,0
2025-12-26,port218,Cartagena,12,7,13540,35398,0,13540,0,0,0,0,27624,1690,6083,0
2025-12-27,port218,Cartagena,11,9,20496,17101,0,15219,0,5276,0,0,16986,0,115,0
2025-12-28,port218,Cartagena,8,6,66501,8914,0,13621,888,51991,0,0,7456,1458,0,0
2025-12-29,port218,Cartagena,15,8,57513,198622,23401,26333,888,6889,0,10474,48686,1458,138001,0
2025-12-30,port218,Cartagena,11,8,10034,29825,0,6733,2785,0,515,0,29825,0,0,0
2025-12-31,port218,Cartagena,8,1,59742,91930,0,24326,13009,22406,0,0,0,1458,90471,0
2026-01-01,port218,Cartagena,13,8,39960,69051,19056,13291,888,6723,0,50468,17124,1458,0,0
2026-01-02,port218,Cartagena,9,7,29148,26089,0,14790,0,14357,0,0,26089,0,0,0
2026-01-03,port218,Cartagena,10,10,32409,17222,0,32409,0,0,0,0,17222,0,0,0
2026-01-04,port218,Cartagena,11,8,54910,22037,26226,28684,0,0,0,0,20080,1956,0,0
2026-01-05,port218,Cartagena,14,9,89739,27302,0,12672,0,77067,0,0,15492,0,11809,0
2026-01-06,port218,Cartagena,8,7,34795,6601,0,33906,888,0,0,0,5142,1458,0,0
2026-01-07,port218,Cartagena,11,6,41272,42317,0,15887,0,18701,6682,0,11424,0,30892,0
2026-01-08,port218,Cartagena,14,8,68020,30823,0,24272,888,42858,0,5986,23378,1458,0,0
2026-01-09,port218,Cartagena,15,10,74299,91459,52227,8550,0,13521,0,56588,34756,0,115,0
2026-01-10,port218,Cartagena,11,7,18508,29801,0,15578,888,2041,0,0,16914,1458,11428,0
2026-01-11,port218,Cartagena,7,5,14619,14593,0,11598,0,3020,0,0,2783,0,11809,0
2026-01-12,port218,Cartagena,12,8,17374,22935,0,15814,0,1559,0,18279,4656,0,0,0
2026-01-13,port218,Cartagena,10,8,14245,21633,0,4983,0,9262,0,0,21633,0,0,0
2026-01-14,port218,Cartagena,11,5,60303,12657,0,33561,0,26742,0,0,10966,1690,0,0
2026-01-15,port218,Cartagena,8,6,12493,36054,0,9055,888,0,2549,0,34595,1458,0,0
2026-01-16,port218,Cartagena,12,9,26888,75306,10068,16819,0,0,0,39741,35564,0,0,0
2026-01-17,port218,Cartagena,12,8,89071,18517,22488,57105,0,9476,0,10474,5282,0,2759,0
2026-01-18,port218,Cartagena,10,6,14762,116330,0,11742,0,3020,0,0,14939,0,99657,1734
2026-01-19,port218,Cartagena,10,7,13756,12611,0,12867,888,0,0,0,11153,1458,0,0
2026-01-20,port218,Cartagena,13,8,25804,33540,0,16183,9620,0,0,0,29823,3716,0,0
2026-01-21,port218,Cartagena,12,5,54897,56231,18980,25340,6,9743,825,0,5192,3831,47121,86
2026-01-22,port218,Cartagena,12,9,11201,57623,0,8155,692,0,2353,0,11879,0,45744,0
2026-01-23,port218,Cartagena,12,11,36449,27183,0,36449,0,0,0,0,27183,0,0,0
2026-01-24,port218,Cartagena,12,8,17677,106412,11143,5645,888,0,0,12772,23398,1458,68782,0
2026-01-25,port218,Cartagena,11,7,36224,45943,0,22747,0,13477,0,0,13778,0,32165,0
2026-01-26,port218,Cartagena,10,8,14722,15432,0,13833,888,0,0,0,13974,1458,0,0
2026-01-27,port218,Cartagena,8,7,18588,35100,0,5348,0,13240,0,0,35100,0,0,0
2026-01-28,port218,Cartagena,8,6,55498,5875,0,38406,0,17091,0,0,4301,1574,0,0
2026-01-29,port218,Cartagena,10,7,52341,38760,0,29133,0,23207,0,0,15140,0,23619,0
2026-01-30,port218,Cartagena,11,7,23877,64316,0,11860,0,12017,0,25297,27209,0,11809,0
2026-01-31,port218,Cartagena,10,7,38114,68587,0,29287,0,8826,0,46713,10064,0,11809,0
2026-02-01,port218,Cartagena,11,6,75443,87063,61338,479,888,12736,0,0,28692,1458,56911,0
2026-02-02,port218,Cartagena,11,8,25874,24871,0,24985,888,0,0,10479,12932,1458,0,0
2026-02-03,port218,Cartagena,11,7,47400,31617,11143,30980,0,5276,0,10474,21028,0,115,0
2026-02-04,port218,Cartagena,9,5,15304,59285,0,11757,1777,1768,0,0,9570,2917,46798,0
2026-02-05,port218,Cartagena,8,6,18996,6658,0,7804,0,10365,825,0,6571,0,0,86
2026-02-06,port218,Cartagena,17,9,49873,107723,0,9375,1777,38719,0,1223,26299,2917,77283,0
2026-02-07,port218,Cartagena,11,6,102539,14404,5623,37996,6,58913,0,0,8907,5497,0,0
2026-02-08,port218,Cartagena,8,5,68821,46310,19608,35096,0,14116,0,2297,13119,0,30892,0
2026-02-09,port218,Cartagena,12,6,18871,9322,0,6768,1049,11053,0,0,7864,1458,0,0
2026-02-10,port218,Cartagena,10,7,82212,24413,33637,48575,0,0,0,0,22532,0,1881,0
2026-02-11,port218,Cartagena,13,8,35824,41434,0,21201,0,11265,3358,0,29538,0,11809,86
2026-02-12,port218,Cartagena,10,6,26957,28791,5191,11750,0,10015,0,0,16981,0,11809,0
2026-02-13,port218,Cartagena,13,6,21566,73362,0,12254,6291,3020,0,0,20117,0,53245,0
2026-02-14,port218,Cartagena,11,7,65270,48512,0,30995,888,32874,511,31819,15234,1458,0,0
2026-02-15,port218,Cartagena,13,9,15629,56332,0,6030,0,4848,4750,12409,43923,0,0,0
2026-02-16,port218,Cartagena,12,8,36891,70752,10507,12267,0,14116,0,522,17907,0,52322,0
2026-02-17,port218,Cartagena,10,8,3765,72077,0,2939,0,0,825,0,28876,0,43114,86
2026-02-18,port218,Cartagena,11,7,44729,35718,11143,23881,0,9704,0,28754,6964,0,0,0
2026-02-19,port218,Cartagena,16,9,65481,81756,33840,11483,0,20157,0,0,26898,0,54857,0
2026-02-20,port218,Cartagena,12,7,26118,156247,0,25229,888,0,0,0,11680,1458,143109,0
2026-02-21,port218,Cartagena,8,7,72903,39304,0,58786,0,14116,0,0,8411,0,30892,0
2026-02-22,port218,Cartagena,11,6,118951,58714,3932,20253,0,94765,0,0,22412,0,36302,0
2026-02-23,port218,Cartagena,17,10,95778,87543,0,36312,888,58576,0,0,22456,3301,61785,0
2026-02-24,port218,Cartagena,11,9,11555,46663,0,8534,0,3020,0,0,34853,0,11809,0
2026-02-25,port218,Cartagena,11,5,62373,33305,22629,11763,0,27979,0,2297,0,0,31007,0
2026-02-26,port218,Cartagena,8,5,10772,25878,0,2939,6,7825,0,0,22047,3831,0,0
2026-02-27,port218,Cartagena,14,11,42204,30602,0,33959,0,8244,0,0,16658,13944,0,0
2026-02-28,port218,Cartagena,9,6,57724,4592,0,46763,0,10960,0,0,4592,0,0,0
2026-03-01,port218,Cartagena,7,6,44778,35134,29820,14957,0,0,0,0,35134,0,0,0
2026-03-02,port218,Cartagena,15,6,88735,69188,0,12282,1777,74674,0,0,1169,2917,65101,0
2026-03-03,port218,Cartagena,11,9,19744,38399,11143,6435,0,0,2166,10474,27924,0,0,0
2026-03-04,port218,Cartagena,11,7,38744,46644,0,37855,888,0,0,3379,4246,4225,34793,0
2026-03-05,port218,Cartagena,8,5,0,17845,0,0,0,0,0,520,16813,0,0,510
2026-03-06,port218,Cartagena,9,7,26667,15224,0,23975,0,1866,825,0,15138,0,0,86
2026-03-07,port218,Cartagena,12,9,38013,39389,0,33740,0,4272,0,0,31841,0,7547,0
2026-03-08,port218,Cartagena,8,5,33859,74287,0,19742,0,14116,0,0,6579,0,67195,512
2026-03-09,port218,Cartagena,13,6,39868,171218,24114,14864,888,0,0,46316,26691,1458,96752,0
2026-03-10,port218,Cartagena,12,9,35458,18947,0,35458,0,0,0,0,17627,0,1319,0
2026-03-11,port218,Cartagena,11,5,35912,26434,0,9450,0,26462,0,2297,8142,4184,11809,0
2026-03-12,port218,Cartagena,14,9,190328,47766,166677,23650,0,0,0,0,19594,0,27659,511
2026-03-13,port218,Cartagena,12,8,27205,98461,0,27205,0,0,0,0,11849,8156,78455,0
2026-03-14,port218,Cartagena,10,7,57958,11287,0,49076,0,8881,0,0,8081,161,0,3044
2026-03-15,port218,Cartagena,11,6,77514,64888,13336,934,0,63243,0,10474,54413,0,0,0
2026-03-16,port218,Cartagena,10,6,39025,28778,27767,8834,888,0,1533,12453,14866,1458,0,0
2026-03-17,port218,Cartagena,12,6,23160,124713,0,17243,888,5028,0,5730,13120,1458,104403,0
2026-03-18,port218,Cartagena,10,7,63114,15741,16157,30511,0,14400,2044,0,15741,0,0,0
2026-03-19,port218,Cartagena,14,8,39696,27747,31545,6275,0,1875,0,13123,14624,0,0,0
2026-03-20,port218,Cartagena,12,10,24632,17366,0,16387,0,8244,0,0,14278,0,3088,0
2026-03-21,port218,Cartagena,12,8,67894,21996,48475,15510,888,3020,0,0,8728,1458,11809,0
2026-03-22,port218,Cartagena,8,4,113473,2278,0,22159,3908,86384,1020,0,2278,0,0,0
2026-03-23,port218,Cartagena,12,6,38671,68736,0,13333,1424,23087,825,7017,29280,1458,30892,86
2026-03-24,port218,Cartagena,13,9,8877,67575,0,8877,0,0,0,0,33014,0,33693,867
2026-03-25,port218,Cartagena,7,5,38356,14750,0,33373,0,3020,1962,0,2940,0,11809,0
2026-03-26,port218,Cartagena,13,9,42030,117017,10313,28695,0,3020,0,18279,16907,0,81830,0
2026-03-27,port218,Cartagena,11,9,18274,60618,0,18274,0,0,0,0,7416,0,53201,0
2026-03-28,port218,Cartagena,14,8,76281,96391,0,28204,266,47810,0,64770,31621,0,0,0
2026-03-29,port218,Cartagena,9,5,6415,41102,0,5372,216,0,825,2297,38718,0,0,86
2026-03-30,port218,Cartagena,10,3,38736,109120,0,0,888,37847,0,0,15093,6068,87958,0
2026-03-31,port218,Cartagena,10,8,23492,46860,0,19736,0,3756,0,0,35050,0,11809,0
2026-04-01,port218,Cartagena,7,6,39254,5908,0,39254,0,0,0,0,5908,0,0,0
2026-04-02,port218,Cartagena,12,7,24085,13459,0,17517,0,6568,0,0,6535,0,6923,0
2026-04-03,port218,Cartagena,16,10,80017,74191,38978,19251,0,21786,0,0,32850,1924,39415,0
2026-04-04,port218,Cartagena,8,6,51184,20470,31070,20114,0,0,0,0,5578,14892,0,0
2026-04-05,port218,Cartagena,7,6,44250,23111,0,30834,0,13416,0,0,23111,0,0,0
2026-04-06,port218,Cartagena,12,3,85163,46993,0,0,888,84274,0,0,14506,1458,30003,1024
2026-04-07,port218,Cartagena,12,7,68011,54585,11143,45655,0,10387,825,10474,4582,0,39441,86
2026-04-08,port218,Cartagena,10,7,45952,71155,0,43674,0,0,2277,61250,9905,0,0,0
2026-04-09,port218,Cartagena,8,6,19685,41189,0,19685,0,0,0,0,4803,0,36386,0
2026-04-10,port218,Cartagena,14,9,39286,52231,11143,10241,888,17012,0,10474,28487,1458,11809,0
2026-04-11,port218,Cartagena,12,7,70934,41786,0,49344,0,21589,0,0,5484,0,36302,0
2026-04-12,port218,Cartagena,14,8,113709,50418,11143,32093,0,70473,0,28754,19340,221,2101,0
2026-04-13,port218,Cartagena,8,4,19098,64115,0,15299,1777,0,2021,55468,5729,2917,0,0
2026-04-14,port218,Cartagena,9,8,23053,21609,0,20032,0,3020,0,0,9799,0,11809,0
2026-04-15,port218,Cartagena,12,5,94651,12429,0,16037,4986,72707,919,2297,7006,3124,0,0
2026-04-16,port218,Cartagena,16,10,71814,145129,0,30955,888,36756,3213,0,26732,1458,116938,0
2026-04-17,port218,Cartagena,11,6,30937,35902,0,12993,0,17118,825,0,10524,1842,23448,86
2026-04-18,port218,Cartagena,13,10,53310,49776,0,44542,0,6723,2044,0,18800,0,30975,0
2026-04-19,port218,Cartagena,7,5,26581,7237,0,24589,888,0,1103,0,5270,1458,0,507
2026-04-20,port218,Cartagena,12,5,37856,81426,0,11690,1175,24990,0,0,23465,1458,56502,0
2026-04-21,port218,Cartagena,12,10,26641,25762,10143,16497,0,0,0,0,25762,0,0,0
2026-04-22,port218,Cartagena,10,2,108379,69366,29493,2583,0,74257,2044,0,787,1005,67573,0
2026-04-23,port218,Cartagena,14,9,19241,83144,6693,8913,1069,0,2565,0,35205,0,47939,0
2026-04-24,port218,Cartagena,9,6,27914,12820,0,14127,0,12961,825,0,12733,0,0,86
2026-04-25,port218,Cartagena,12,8,50041,65372,3439,46602,0,0,0,7017,22574,0,35780,0
2026-04-26,port218,Cartagena,14,7,72516,60070,0,24981,0,47534,0,18279,11222,4416,26151,0
2026-04-27,port218,Cartagena,13,7,45097,66037,13325,10873,1777,19120,0,0,61383,4653,0,0
2026-04-28,port218,Cartagena,11,7,64683,44888,55650,9032,0,0,0,25788,19099,0,0,0
2026-04-29,port218,Cartagena,10,7,80423,2761,25218,55205,0,0,0,0,2761,0,0,0
2026-04-30,port218,Cartagena,11,9,47803,27585,0,45154,0,0,2648,0,27585,0,0,0
2026-05-01,port218,Cartagena,12,6,57764,68881,0,32932,0,23810,1022,2297,19958,0,46624,0
2026-05-02,port218,Cartagena,17,10,119678,133648,11143,22322,0,84191,2021,10474,20952,8480,93740,0
2026-05-03,port218,Cartagena,8,4,48183,78541,0,34067,0,14116,0,38366,9281,0,30892,0
2026-05-04,port218,Cartagena,6,5,14763,19359,0,6176,0,8586,0,0,19359,0,0,0
2026-05-05,port218,Cartagena,14,9,23988,65387,12328,10557,0,0,1103,2773,22948,4156,35000,507
2026-05-06,port218,Cartagena,11,8,57270,49967,0,45995,0,11275,0,0,8824,0,41143,0
2026-05-07,port218,Cartagena,10,9,27608,47456,0,22844,0,4763,0,0,18767,0,28688,0
2026-05-08,port218,Cartagena,16,11,100652,115083,0,20013,888,79749,0,568,19266,1458,93790,0
2026-05-09,port218,Cartagena,10,6,92616,16224,57594,19586,0,14098,1336,0,16138,0,0,86
2026-05-10,port218,Cartagena,7,6,11529,11276,0,11529,0,0,0,0,11276,0,0,0
2026-05-11,port218,Cartagena,10,8,27116,21105,0,17068,0,10047,0,0,21105,0,0,0
2026-05-12,port218,Cartagena,11,7,56294,29925,0,20857,0,34611,825,21813,8025,0,0,86
2026-05-13,port218,Cartagena,13,5,35238,94971,0,14229,888,17304,2815,0,39880,3306,51784,0
2026-05-14,port218,Cartagena,11,9,24022,14465,0,21489,0,0,2532,0,10438,4027,0,0
2026-05-15,port218,Cartagena,20,11,35255,181203,11143,23222,888,0,0,54002,15630,1458,110112,0
2026-05-16,port218,Cartagena,11,7,12599,22910,0,10679,0,1094,825,0,22824,0,0,86
2026-05-17,port218,Cartagena,10,6,119239,36225,0,40922,0,77490,825,0,7450,0,28688,86
2026-05-18,port218,Cartagena,7,5,34376,77245,0,19232,0,15144,0,26517,50727,0,0,0
2026-05-19,port218,Cartagena,14,7,57773,109096,0,12242,6038,39493,0,49464,25269,1458,32904,0
2026-05-20,port218,Cartagena,14,6,67546,76440,45370,19911,888,0,1374,56617,10880,6321,2620,0
2026-05-21,port218,Cartagena,12,8,22406,41156,0,7010,0,14005,1390,18953,10393,0,11809,0
2026-05-22,port218,Cartagena,12,7,114694,27238,56385,53823,888,0,3596,0,8782,1458,14668,2327
2026-05-23,port218,Cartagena,12,11,35002,29058,0,34291,0,0,711,0,29031,0,0,27
2026-05-24,port218,Cartagena,7,6,11947,5534,0,11947,0,0,0,0,5534,0,0,0
2026-05-25,port218,Cartagena,10,5,17774,70145,0,0,6,17767,0,0,34167,3831,32147,0
2026-05-26,port218,Cartagena,12,8,25319,97433,0,20184,888,4245,0,0,24400,1458,71573,0
2026-05-27,port218,Cartagena,7,5,73194,0,0,53389,5031,14773,0,0,0,0,0,0
2026-05-28,port218,Cartagena,14,11,88278,26126,0,29054,0,59223,0,7017,19108,0,0,0
2026-05-29,port218,Cartagena,16,10,28679,55611,0,8125,0,20554,0,18279,37067,264,0,0
2026-05-30,port218,Cartagena,10,7,17092,63062,0,13183,888,3020,0,0,17646,1458,43957,0
2026-05-31,port218,Cartagena,12,5,122452,38098,61203,36672,0,24576,0,0,21676,4611,11809,0
2026-06-01,port218,Cartagena,7,5,3740,7034,0,3740,0,0,0,0,6363,671,0,0
2026-06-02,port218,Cartagena,12,4,20745,43662,11143,7248,0,2353,0,14096,29566,0,0,0
2026-06-03,port218,Cartagena,10,6,129428,3736,0,43977,888,83531,1029,0,2278,1458,0,0
2026-06-04,port218,Cartagena,11,7,31987,14544,0,17967,0,14019,0,0,12808,1736,0,0
2026-06-05,port218,Cartagena,11,8,18234,71616,0,7249,0,10984,0,0,35301,0,36314,0
2026-06-06,port218,Cartagena,10,8,63342,13759,0,37586,0,25756,0,0,13759,0,0,0
2026-06-07,port218,Cartagena,8,6,31257,30784,0,27301,0,0,3956,0,23015,0,7768,0
2026-06-08,port218,Cartagena,10,6,14323,56508,0,12545,1777,0,0,33768,14208,2917,5613,0
2026-06-09,port218,Cartagena,11,7,50615,91341,31328,5170,0,14116,0,0,26218,0,65122,0
2026-06-10,port218,Cartagena,7,5,39004,19726,0,35983,0,3020,0,0,7916,0,11809,0
2026-06-11,port218,Cartagena,15,9,27093,126669,2063,14874,1909,8244,0,2773,13501,1458,108936,0
2026-06-12,port218,Cartagena,15,8,39505,24883,28663,6949,1267,0,2624,2015,20350,2516,0,0
2026-06-13,port218,Cartagena,15,9,73163,39054,15721,32119,888,22411,2021,7017,30577,1458,0,0
2026-06-14,port218,Cartagena,12,7,32027,40304,2371,14650,888,14116,0,0,5592,3819,30892,0
2026-06-15,port218,Cartagena,9,4,25077,57734,5484,6029,0,13563,0,0,6721,0,51013,0
2026-06-16,port218,Cartagena,12,6,40275,122147,0,23729,0,14501,2045,0,15049,0,107097,0
2026-06-17,port218,Cartagena,10,8,117409,13701,0,39344,0,77239,825,0,13614,0,0,86
2026-06-18,port218,Cartagena,12,7,21483,95081,8312,13170,0,0,0,84216,10865,0,0,0
2026-06-19,port218,Cartagena,17,12,46448,104656,0,28422,888,17137,0,0,44789,1458,58407,0
2026-06-20,port218,Cartagena,14,8,49670,30437,0,37593,4146,6723,1206,0,27561,2875,0,0
2026-06-21,port218,Cartagena,7,6,11532,31081,0,8978,0,0,2554,0,31081,0,0,0
2026-06-22,port218,Cartagena,12,5,95918,68433,0,4308,0,89332,2277,45157,13951,0,9323,0
2026-06-23,port218,Cartagena,9,6,33539,19502,0,29514,373,2826,825,0,19416,0,0,86
2026-06-24,port218,Cartagena,14,10,83039,30857,16610,41628,0,24801,0,0,15152,0,15705,0
2026-06-25,port218,Cartagena,13,7,47896,32977,0,40147,1777,5460,510,0,13799,7368,11809,0
2026-06-26,port218,Cartagena,11,9,13088,29455,2063,6965,0,4058,0,2773,26682,0,0,0
2026-06-27,port218,Cartagena,8,5,29092,39944,0,29092,0,0,0,0,19133,10863,9946,0
2026-06-28,port218,Cartagena,12,5,50438,63874,40439,6361,228,3408,0,44143,17792,1938,0,0
2026-06-29,port218,Cartagena,10,5,21299,56312,0,8513,888,11897,0,0,27339,1458,27515,0
2026-06-30,port218,Cartagena,8,6,39202,67462,0,25085,0,14116,0,0,14052,0,53410,0
2026-07-01,port218,Cartagena,10,8,124114,25425,0,12260,0,111853,0,0,25425,0,0,0
2026-07-02,port218,Cartagena,11,8,16689,80885,0,16689,0,0,0,53231,25988,1665,0,0
2026-07-03,port218,Cartagena,9,7,41685,76034,0,38953,0,0,2732,58058,17976,0,0,0
2026-07-04,port218,Cartagena,16,7,78877,48357,0,38388,0,40488,0,2297,11198,3968,30892,0
2026-07-05,port218,Cartagena,9,4,5229,117176,0,2939,1777,0,511,0,32721,2917,81537,0
2026-07-06,port218,Cartagena,10,5,127211,22812,17328,24430,0,82803,2648,10474,12337,0,0,0
2026-07-07,port218,Cartagena,8,5,44780,21714,0,20160,0,24619,0,0,21714,0,0,0
2026-07-08,port218,Cartagena,10,7,54619,15023,35590,16469,0,0,2560,0,15023,0,0,0
2026-07-09,port218,Cartagena,14,9,33610,8900,0,27915,888,3979,825,777,4841,3195,0,86
2026-07-10,port218,Cartagena,12,9,16267,66572,0,4246,0,9743,2276,0,54762,0,11809,0
2026-07-11,port218,Cartagena,12,7,39380,94757,11143,28237,0,0,0,10474,29589,0,54693,0
2026-07-12,port218,Cartagena,10,4,18002,33527,0,5878,221,11902,0,0,21717,0,11809,0
2026-07-13,port218,Cartagena,11,8,52560,116318,0,38443,0,14116,0,0,38938,0,77380,0
2026-07-14,port218,Cartagena,12,8,14104,21077,0,13215,888,0,0,0,6416,1458,13203,0
2026-07-15,port218,Cartagena,17,9,53675,130932,13783,17857,0,20197,1837,0,14798,0,116133,0
2026-07-16,port218,Cartagena,8,6,121594,9394,41279,7412,0,72901,0,0,9394,0,0,0
2026-07-17,port218,Cartagena,10,6,28611,104143,0,28611,0,0,0,0,19364,0,84779,0
2026-07-18,port218,Cartagena,8,6,39417,36956,0,34480,0,4936,0,18279,18677,0,0,0
2026-07-19,port218,Cartagena,11,7,35182,43123,0,18547,888,15746,0,0,29855,1458,11809,0
2026-07-20,port218,Cartagena,8,5,21905,9898,0,21905,0,0,0,0,8008,1890,0,0
2026-07-21,port218,Cartagena,10,6,33622,24907,0,20109,888,8996,3627,0,23448,1458,0,0
2026-07-22,port218,Cartagena,7,4,37198,17506,0,37198,0,0,0,17392,114,0,0,0
2026-07-23,port218,Cartagena,16,7,21862,129128,2063,9687,0,8581,1529,60107,17668,5212,46140,0
2026-07-24,port218,Cartagena,10,6,17850,25896,0,1745,888,15215,0,0,24437,1458,0,0
2026-07-25,port218,Cartagena,10,8,60978,10061,0,54254,0,6723,0,0,10061,0,0,0
2026-07-26,port218,Cartagena,5,4,19448,11186,0,19448,0,0,0,0,11186,0,0,0
2026-07-27,port218,Cartagena,11,4,42183,86030,31591,1920,0,5028,3643,7017,27959,0,51053,0
2026-07-28,port218,Cartagena,11,6,94545,14555,0,19327,888,74328,0,0,9816,3810,0,928
2026-07-29,port218,Cartagena,10,6,45111,55812,8067,34024,0,3020,0,0,6746,1690,47375,0
2026-07-30,port218,Cartagena,8,6,27366,7673,0,14379,888,12097,0,0,6215,1458,0,0
2026-07-31,port218,Cartagena,14,9,16284,59362,0,8144,888,7251,0,0,28893,1458,29010,0
2026-08-01,port218,Cartagena,11,9,79484,41906,48592,30891,0,0,0,18279,23627,0,0,0
2026-08-02,port218,Cartagena,8,7,9329,39327,0,8818,0,0,511,0,39327,0,0,0
2026-08-03,port218,Cartagena,4,2,888,56405,0,0,888,0,0,0,6452,1458,48494,0
2026-08-04,port218,Cartagena,8,5,21927,36618,0,21415,0,0,511,32636,3981,0,0,0
2026-08-05,port218,Cartagena,5,4,110133,6163,0,39944,0,70189,0,0,6163,0,0,0
2026-08-06,port218,Cartagena,12,8,37686,43651,0,13359,888,23113,324,0,11299,1458,30892,0
2026-08-07,port218,Cartagena,18,9,79936,33138,17547,35633,888,23588,2277,11492,17935,3710,0,0
2026-08-08,port218,Cartagena,14,8,36722,71821,0,34944,1777,0,0,5522,15890,2917,47491,0
2026-08-09,port218,Cartagena,6,2,15352,13528,0,11443,888,3020,0,0,260,1458,11809,0
2026-08-10,port218,Cartagena,10,6,26816,25143,0,25793,0,0,1023,1367,16037,7739,0,0
2026-08-11,port218,Cartagena,9,8,34975,8051,0,34149,0,0,825,0,7965,0,0,86
2026-08-12,port218,Cartagena,8,6,9650,55009,0,9650,0,0,0,0,10147,0,44861,0
2026-08-13,port218,Cartagena,15,8,111601,111929,0,16526,888,94185,0,36076,16834,1458,57560,0
2026-08-14,port218,Cartagena,16,11,31065,49345,0,12281,5073,9802,3907,0,47887,1458,0,0
2026-08-15,port218,Cartagena,9,5,50529,5874,0,46970,134,3423,0,0,5874,0,0,0
2026-08-16,port218,Cartagena,7,5,18342,135580,0,13285,0,5057,0,0,22081,0,113499,0
2026-08-17,port218,Cartagena,7,5,14894,27496,0,14005,888,0,0,18279,7758,1458,0,0
2026-08-18,port218,Cartagena,10,6,33395,71025,11143,10349,0,11902,0,10474,4927,0,55622,0
2026-08-19,port218,Cartagena,11,6,36833,8269,0,19594,4253,12985,0,0,8269,0,0,0
2026-08-20,port218,Cartagena,12,11,16246,56212,0,16246,0,0,0,0,22680,0,33532,0
2026-08-21,port218,Cartagena,8,5,26662,31026,11143,13322,0,0,2196,10474,20551,0,0,0
2019-01-07,port120,Barranquilla,4,0,61625,1710,51182,0,1694,8747,0,0,0,1710,0,0
2019-01-08,port120,Barranquilla,2,1,10765,0,6846,3918,0,0,0,0,0,0,0,0
2019-01-09,port120,Barranquilla,0,0,0,0,0,0,0,0,0,0,0,0,0,0
2019-01-10,port120,Barranquilla,1,1,3528,0,0,3528,0,0,0,0,0,0,0,0
2019-01-11,port120,Barranquilla,9,3,18372,5393,2834,3328,544,11665,0,0,1048,4344,0,0
2019-01-12,port120,Barranquilla,4,0,33895,0,27010,0,6885,0,0,0,0,0,0,0
2019-01-13,port120,Barranquilla,1,1,3813,0,0,3813,0,0,0,0,0,0,0,0
2019-01-14,port120,Barranquilla,4,0,0,0,0,0,0,0,0,0,0,0,0,0
2019-01-15,port120,Barranquilla,3,2,18059,379,0,1302,0,16757,0,0,379,0,0,0
2019-01-16,port120,Barranquilla,3,2,5149,644,0,5149,0,0,0,0,644,0,0,0
2019-01-17,port120,Barranquilla,4,1,61368,29857,61368,0,0,0,0,24731,5126,0,0,0
2019-01-18,port120,Barranquilla,3,1,48621,0,47144,1476,0,0,0,0,0,0,0,0
2019-01-19,port120,Barranquilla,2,2,975,1393,0,975,0,0,0,0,1393,0,0,0
2019-01-20,port120,Barranquilla,2,1,24870,368,24870,0,0,0,0,0,368,0,0,0
2019-01-21,port120,Barranquilla,1,0,0,0,0,0,0,0,0,0,0,0,0,0
2019-01-22,port120,Barranquilla,1,1,0,399,0,0,0,0,0,0,399,0,0,0
2019-01-23,port120,Barranquilla,2,0,0,5775,0,0,0,0,0,0,0,0,5775,0
2019-01-24,port120,Barranquilla,2,1,0,13204,0,0,0,0,0,0,2095,0,11109,0
2019-01-25,port120,Barranquilla,5,2,5691,37295,0,3013,0,2677,0,35859,0,0,1436,0
2019-01-26,port120,Barranquilla,3,2,13178,6101,11956,1222,0,0,0,5456,644,0,0,0
2019-01-27,port120,Barranquilla,2,1,4315,3085,0,0,4315,0,0,0,3085,0,0,0
2019-01-28,port120,Barranquilla,2,1,1918,0,0,1918,0,0,0,0,0,0,0,0
2019-01-29,port120,Barranquilla,3,2,3888,1051,0,2013,0,1875,0,0,0,0,1051,0
2019-01-30,port120,Barranquilla,5,1,71241,1710,68050,1495,1694,0,0,0,0,1710,0,0
2019-01-31,port120,Barranquilla,1,0,0,12262,0,0,0,0,0,12262,0,0,0,0
2019-02-01,port120,Barranquilla,2,2,3244,0,0,3244,0,0,0,0,0,0,0,0
2019-02-02,port120,Barranquilla,3,1,873,0,0,249,0,624,0,0,0,0,0,0
2019-02-03,port120,Barranquilla,1,1,1099,0,0,1099,0,0,0,0,0,0,0,0
2019-02-04,port120,Barranquilla,4,1,317,29651,0,317,0,0,0,29651,0,0,0,0
2019-02-05,port120,Barranquilla,4,1,2677,9577,0,0,0,2677,0,0,2807,5333,1436,0
2019-02-06,port120,Barranquilla,2,1,4304,1710,0,2610,1694,0,0,0,0,1710,0,0
2019-02-07,port120,Barranquilla,2,0,0,11815,0,0,0,0,0,0,0,11815,0,0
2019-02-08,port120,Barranquilla,1,0,0,0,0,0,0,0,0,0,0,0,0,0
2019-02-09,port120,Barranquilla,3,1,35651,6101,34676,975,0,0,0,5456,644,0,0,0
2019-02-10,port120,Barranquilla,4,1,34983,21985,31282,3701,0,0,0,21985,0,0,0,0
2019-02-11,port120,Barranquilla,1,0,2728,0,0,0,2728,0,0,0,0,0,0,0
2019-02-12,port120,Barranquilla,2,1,396,1261,0,0,396,0,0,0,1261,0,0,0
2019-02-13,port120,Barranquilla,7,3,41185,12529,35763,1915,0,3506,0,0,4249,0,8279,0
2019-02-14,port120,Barranquilla,3,1,19061,5456,11956,1303,5801,0,0,5456,0,0,0,0
2019-02-15,port120,Barranquilla,5,2,15391,641,0,1133,0,14257,0,0,641,0,0,0
2019-02-16,port120,Barranquilla,3,1,12837,498,543,0,12293,0,0,0,498,0,0,0
2019-02-17,port120,Barranquilla,2,1,1694,1710,0,0,1694,0,0,0,0,1710,0,0
2019-02-18,port120,Barranquilla,2,1,2535,0,0,2535,0,0,0,0,0,0,0,0
2019-02-19,port120,Barranquilla,3,0,25495,3491,21237,0,4257,0,0,0,0,3491,0,0
2019-02-20,port120,Barranquilla,4,2,8375,1710,0,2593,5782,0,0,0,0,1710,0,0
2019-02-21,port120,Barranquilla,2,0,10797,4208,0,0,0,10797,0,0,0,4208,0,0
2019-02-22,port120,Barranquilla,4,3,2487,33084,0,2487,0,0,0,32038,1045,0,0,0
2019-02-23,port120,Barranquilla,2,1,0,1411,0,0,0,0,0,918,493,0,0,0
2019-02-24,port120,Barranquilla,2,1,1097,1752,0,0,1097,0,0,0,1752,0,0,0
2019-02-25,port120,Barranquilla,3,1,16752,3146,0,12380,1694,2677,0,0,0,1710,1436,0
2019-02-26,port120,Barranquilla,0,0,0,0,0,0,0,0,0,0,0,0,0,0
2019-02-27,port120,Barranquilla,4,2,5748,30756,1162,4586,0,0,0,30111,644,0,0,0
2019-02-28,port120,Barranquilla,6,0,43562,35599,37378,0,0,6184,0,32637,0,0,2962,0
2019-03-01,port120,Barranquilla,10,3,34208,68585,28972,1612,946,2677,0,64888,2260,0,1436,0
2019-03-02,port120,Barranquilla,1,1,1385,861,0,1385,0,0,0,0,861,0,0,0
2019-03-03,port120,Barranquilla,1,0,1172,0,0,0,1172,0,0,0,0,0,0,0
2019-03-04,port120,Barranquilla,6,1,7146,4493,0,1114,0,6031,0,956,0,189,3346,0
2019-03-05,port120,Barranquilla,3,0,3157,1436,0,0,480,2677,0,0,0,0,1436,0
2019-03-06,port120,Barranquilla,5,1,21142,40667,3279,975,0,16887,0,26980,644,0,13042,0
2019-03-07,port120,Barranquilla,2,1,2677,1684,0,0,0,2677,0,0,248,0,1436,0
2019-03-08,port120,Barranquilla,5,2,34136,644,30857,3278,0,0,0,0,644,0,0,0
2019-03-09,port120,Barranquilla,4,2,5866,644,0,5866,0,0,0,0,644,0,0,0
2019-03-10,port120,Barranquilla,5,1,40150,1710,33786,3452,2352,558,0,0,0,1710,0,0
2019-03-11,port120,Barranquilla,2,0,0,2460,0,0,0,0,0,0,0,667,1792,0
2019-03-12,port120,Barranquilla,5,1,6614,4711,0,0,6614,0,0,0,3001,1710,0,0
2019-03-13,port120,Barranquilla,3,1,33183,0,31934,1248,0,0,0,0,0,0,0,0
2019-03-14,port120,Barranquilla,4,1,40596,6210,40596,0,0,0,0,5456,754,0,0,0
2019-03-15,port120,Barranquilla,3,1,5627,1436,0,2719,230,2677,0,0,0,0,1436,0
2019-03-16,port120,Barranquilla,5,3,7028,4625,6053,975,0,0,0,0,4625,0,0,0
2019-03-17,port120,Barranquilla,2,1,0,5289,0,0,0,0,0,0,5289,0,0,0
2019-03-18,port120,Barranquilla,0,0,0,0,0,0,0,0,0,0,0,0,0,0
2019-03-19,port120,Barranquilla,4,1,11057,1710,1138,3918,1694,4304,0,0,0,1710,0,0
2019-03-20,port120,Barranquilla,5,1,48107,11427,45360,1052,1694,0,0,5456,0,5970,0,0
2019-03-21,port120,Barranquilla,4,0,16381,3146,0,0,2789,13591,0,0,0,1710,1436,0
2019-03-22,port120,Barranquilla,6,3,5441,2355,0,3746,1694,0,0,0,644,1710,0,0
2019-03-23,port120,Barranquilla,0,0,0,0,0,0,0,0,0,0,0,0,0,0
2019-03-24,port120,Barranquilla,2,1,370,0,0,370,0,0,0,0,0,0,0,0
2019-03-25,port120,Barranquilla,4,0,16951,1910,0,0,0,16951,0,0,0,0,1910,0
2019-03-26,port120,Barranquilla,6,2,39543,40268,30860,2737,5944,0,0,30140,2980,7147,0,0
2019-03-27,port120,Barranquilla,3,0,2677,1436,0,0,0,2677,0,0,0,0,1436,0
2019-03-28,port120,Barranquilla,1,0,1143,0,0,0,1143,0,0,0,0,0,0,0
2019-03-29,port120,Barranquilla,6,2,17795,7589,12413,2704,0,2677,0,5456,368,327,1436,0
2019-03-30,port120,Barranquilla,1,1,975,644,0,975,0,0,0,0,644,0,0,0
2019-03-31,port120,Barranquilla,3,1,5991,1436,0,3313,0,2677,0,0,0,0,1436,0
2019-04-01,port120,Barranquilla,7,1,65318,7900,64704,0,0,613,0,7105,794,0,0,0
2019-04-02,port120,Barranquilla,3,1,9764,1230,0,7532,2231,0,0,0,0,0,1230,0
2019-04-03,port120,Barranquilla,3,1,1636,3650,0,0,1636,0,0,0,2704,0,946,0
2019-04-04,port120,Barranquilla,1,0,0,0,0,0,0,0,0,0,0,0,0,0
2019-04-05,port120,Barranquilla,5,2,48599,13778,43533,5066,0,0,0,13133,644,0,0,0
2019-04-06,port120,Barranquilla,3,2,4179,2081,0,1502,0,2677,0,0,644,0,1436,0
2019-04-07,port120,Barranquilla,3,2,1476,740,0,1476,0,0,0,0,740,0,0,0
2019-04-08,port120,Barranquilla,3,1,30382,330,30382,0,0,0,0,0,330,0,0,0
2019-04-09,port120,Barranquilla,4,2,11956,5716,11956,0,0,0,0,5456,259,0,0,0
2019-04-10,port120,Barranquilla,3,1,2941,21697,0,264,0,2677,0,20261,0,0,1436,0
2019-04-11,port120,Barranquilla,0,0,0,0,0,0,0,0,0,0,0,0,0,0
2019-04-12,port120,Barranquilla,4,2,1859,269,0,1859,0,0,0,0,269,0,0,0
2019-04-13,port120,Barranquilla,6,1,20458,9940,574,0,0,19884,0,0,3244,6695,0,0
2019-04-14,port120,Barranquilla,2,1,11906,0,0,2592,0,9313,0,0,0,0,0,0
2019-04-15,port120,Barranquilla,3,1,4372,4782,0,0,1694,2677,0,0,1635,1710,1436,0
2019-04-16,port120,Barranquilla,6,2,33281,0,28663,4617,0,0,0,0,0,0,0,0
2019-04-17,port120,Barranquilla,1,1,1731,0,0,1731,0,0,0,0,0,0,0,0
2019-04-18,port120,Barranquilla,4,0,21120,20974,20957,0,163,0,0,13291,0,7682,0,0
2019-04-19,port120,Barranquilla,3,3,975,896,0,975,0,0,0,0,896,0,0,0
2019-04-20,port120,Barranquilla,5,1,8276,33936,0,0,8276,0,0,0,0,0,33936,0
2019-04-21,port120,Barranquilla,6,1,3337,31263,0,1471,1865,0,0,25794,0,5468,0,0
2019-04-22,port120,Barranquilla,2,0,36422,0,32247,0,4174,0,0,0,0,0,0,0
2019-04-23,port120,Barranquilla,4,1,33223,1690,30321,2737,164,0,0,0,0,1690,0,0
2019-04-24,port120,Barranquilla,1,1,499,0,0,499,0,0,0,0,0,0,0,0
2019-04-25,port120,Barranquilla,1,0,0,18697,0,0,0,0,0,18697,0,0,0,0
2019-04-26,port120,Barranquilla,7,3,12088,27634,0,6984,5104,0,0,27634,0,0,0,0
2019-04-27,port120,Barranquilla,6,2,38048,2963,30144,0,0,7904,0,0,1269,0,1693,0
2019-04-28,port120,Barranquilla,3,1,21265,536,17539,3726,0,0,0,0,0,0,536,0
2019-04-29,port120,Barranquilla,2,1,5274,644,4298,975,0,0,0,0,644,0,0,0
2019-04-30,port120,Barranquilla,6,2,11338,29899,8589,1054,1694,0,0,24731,799,4368,0,0
2019-05-01,port120,Barranquilla,0,0,0,0,0,0,0,0,0,0,0,0,0,0
2019-05-02,port120,Barranquilla,3,0,18710,1710,17015,0,1694,0,0,0,0,1710,0,0
2019-05-03,port120,Barranquilla,2,1,1488,0,0,1488,0,0,0,0,0,0,0,0
2019-05-04,port120,Barranquilla,2,1,975,644,0,975,0,0,0,0,644,0,0,0
2019-05-05,port120,Barranquilla,3,2,2238,491,0,2238,0,0,0,0,491,0,0,0
2019-05-06,port120,Barranquilla,3,0,64906,0,64906,0,0,0,0,0,0,0,0,0
2019-05-07,port120,Barranquilla,3,2,1234,12679,0,1234,0,0,0,0,0,12679,0,0
2019-05-08,port120,Barranquilla,4,2,22257,1298,20368,1889,0,0,0,979,319,0,0,0
2019-05-09,port120,Barranquilla,1,0,1394,0,0,0,0,1394,0,0,0,0,0,0
2019-05-10,port120,Barranquilla,3,1,14691,24689,0,753,13937,0,0,24689,0,0,0,0
2019-05-11,port120,Barranquilla,5,1,19493,537,15014,0,4478,0,0,0,537,0,0,0
2019-05-12,port120,Barranquilla,3,1,11976,2435,0,0,11976,0,0,0,1109,0,1325,0
2019-05-13,port120,Barranquilla,2,1,987,0,0,987,0,0,0,0,0,0,0,0
2019-05-14,port120,Barranquilla,3,2,398,1015,0,398,0,0,0,0,783,232,0,0
2019-05-15,port120,Barranquilla,2,1,745,6221,0,745,0,0,0,6221,0,0,0,0
2019-05-16,port120,Barranquilla,4,0,15345,8877,11956,0,3389,0,0,5456,0,3421,0,0
2019-05-17,port120,Barranquilla,3,1,24039,735,21907,0,2131,0,0,0,735,0,0,0
2019-05-18,port120,Barranquilla,6,2,31861,8774,28208,975,0,2677,0,0,891,6447,1436,0
2019-05-19,port120,Barranquilla,6,1,61980,10406,56954,0,5026,0,0,10036,370,0,0,0
2019-05-20,port120,Barranquilla,3,2,4000,3529,0,1323,0,2677,0,0,2093,0,1436,0
2019-05-21,port120,Barranquilla,2,1,0,2646,0,0,0,0,0,0,1133,1512,0,0
2019-05-22,port120,Barranquilla,6,1,2636,0,0,497,1665,472,0,0,0,0,0,0
2019-05-23,port120,Barranquilla,3,1,32659,1710,29682,1282,1694,0,0,0,0,1710,0,0
2019-05-24,port120,Barranquilla,2,1,3115,0,0,1511,1603,0,0,0,0,0,0,0
2019-05-25,port120,Barranquilla,2,1,11516,1489,11516,0,0,0,0,0,1489,0,0,0
2019-05-26,port120,Barranquilla,3,1,5469,0,0,2238,3231,0,0,0,0,0,0,0
2019-05-27,port120,Barranquilla,4,1,22811,26387,12833,1230,0,8747,0,26387,0,0,0,0
2019-05-28,port120,Barranquilla,6,2,26653,2388,24965,1688,0,0,0,0,0,2388,0,0
2019-05-29,port120,Barranquilla,2,1,35959,0,33390,2569,0,0,0,0,0,0,0,0
2019-05-30,port120,Barranquilla,2,1,975,644,0,975,0,0,0,0,644,0,0,0
2019-05-31,port120,Barranquilla,2,1,4882,0,0,2999,0,1882,0,0,0,0,0,0
2019-06-01,port120,Barranquilla,6,1,8535,1337,3284,0,5250,0,0,0,1337,0,0,0
2019-06-02,port120,Barranquilla,5,1,26617,1846,26247,370,0,0,0,0,0,0,1846,0
2019-06-03,port120,Barranquilla,1,1,640,0,0,640,0,0,0,0,0,0,0,0
2019-06-04,port120,Barranquilla,3,1,2361,0,0,2361,0,0,0,0,0,0,0,0
2019-06-05,port120,Barranquilla,2,1,3785,0,0,3785,0,0,0,0,0,0,0,0
2019-06-06,port120,Barranquilla,2,1,9023,1909,0,0,0,9023,0,0,1909,0,0,0
2019-06-07,port120,Barranquilla,2,2,753,2361,0,753,0,0,0,0,2361,0,0,0
2019-06-08,port120,Barranquilla,1,1,975,644,0,975,0,0,0,0,644,0,0,0
2019-06-09,port120,Barranquilla,3,1,29416,0,0,1838,0,27578,0,0,0,0,0,0
2019-06-10,port120,Barranquilla,4,1,30055,15480,29209,318,527,0,0,15480,0,0,0,0
2019-06-11,port120,Barranquilla,6,2,2491,8036,0,1374,1117,0,0,6959,644,0,432,0
2019-06-12,port120,Barranquilla,2,0,3613,0,3613,0,0,0,0,0,0,0,0,0
2019-06-13,port120,Barranquilla,3,1,246,0,0,246,0,0,0,0,0,0,0,0
2019-06-14,port120,Barranquilla,3,1,1122,163,0,1122,0,0,0,0,0,163,0,0
2019-06-15,port120,Barranquilla,4,0,9186,0,0,0,9186,0,0,0,0,0,0,0
2019-06-16,port120,Barranquilla,5,1,38847,7931,1825,6373,0,30648,0,0,0,7931,0,0
2019-06-17,port120,Barranquilla,2,1,30533,660,30533,0,0,0,0,0,660,0,0,0
2019-06-18,port120,Barranquilla,2,2,3713,644,0,3713,0,0,0,0,644,0,0,0
2019-06-19,port120,Barranquilla,4,1,23505,5456,11956,748,10801,0,0,5456,0,0,0,0
2019-06-20,port120,Barranquilla,3,1,0,8788,0,0,0,0,0,0,1648,0,7139,0
2019-06-21,port120,Barranquilla,2,1,4454,0,0,2613,0,1841,0,0,0,0,0,0
2019-06-22,port120,Barranquilla,4,1,0,1913,0,0,0,0,0,0,247,1665,0,0
2019-06-23,port120,Barranquilla,3,1,6038,33315,0,6038,0,0,0,23863,0,0,9452,0
2019-06-24,port120,Barranquilla,3,0,3930,0,0,0,0,3930,0,0,0,0,0,0
2019-06-25,port120,Barranquilla,5,1,24883,2628,20274,960,3649,0,0,0,0,1710,917,0
2019-06-26,port120,Barranquilla,3,0,8716,0,1631,0,5210,1874,0,0,0,0,0,0
2019-06-27,port120,Barranquilla,3,1,0,0,0,0,0,0,0,0,0,0,0,0
2019-06-28,port120,Barranquilla,2,0,0,4036,0,0,0,0,0,0,0,4036,0,0
2019-06-29,port120,Barranquilla,3,2,3088,0,0,3088,0,0,0,0,0,0,0,0
2019-06-30,port120,Barranquilla,3,1,7287,644,0,975,6312,0,0,0,644,0,0,0
2019-07-01,port120,Barranquilla,1,0,0,0,0,0,0,0,0,0,0,0,0,0
2019-07-02,port120,Barranquilla,4,1,975,2118,0,975,0,0,0,905,644,567,0,0
2019-07-03,port120,Barranquilla,5,1,3493,8684,0,3493,0,0,0,7774,0,0,909,0
2019-07-04,port120,Barranquilla,3,1,540,2858,0,0,0,540,0,0,2858,0,0,0
2019-07-05,port120,Barranquilla,3,2,14686,0,0,3701,10985,0,0,0,0,0,0,0
2019-07-06,port120,Barranquilla,3,1,4771,2355,0,975,3796,0,0,0,644,1710,0,0
2019-07-07,port120,Barranquilla,1,1,0,1118,0,0,0,0,0,0,1118,0,0,0
2019-07-08,port120,Barranquilla,5,1,14817,32715,11966,975,0,1875,0,31019,644,0,1051,0
2019-07-09,port120,Barranquilla,4,1,2025,1710,0,330,1694,0,0,0,0,1710,0,0
2019-07-10,port120,Barranquilla,2,1,5575,1710,0,3880,1694,0,0,0,0,1710,0,0
2019-07-11,port120,Barranquilla,2,0,5687,0,5687,0,0,0,0,0,0,0,0,0
2019-07-12,port120,Barranquilla,1,1,1484,0,0,1484,0,0,0,0,0,0,0,0
2019-07-13,port120,Barranquilla,1,1,0,0,0,0,0,0,0,0,0,0,0,0
2019-07-14,port120,Barranquilla,3,1,5416,4751,0,1476,0,3939,0,0,0,4751,0,0
2019-07-15,port120,Barranquilla,1,0,0,0,0,0,0,0,0,0,0,0,0,0
2019-07-16,port120,Barranquilla,3,2,2651,3183,2651,0,0,0,0,0,3183,0,0,0
2019-07-17,port120,Barranquilla,3,1,30711,0,29476,1235,0,0,0,0,0,0,0,0
2019-07-18,port120,Barranquilla,4,1,1409,1318,0,0,1241,168,0,0,1318,0,0,0
2019-07-19,port120,Barranquilla,4,1,60419,0,32694,5920,0,21804,0,0,0,0,0,0
2019-07-20,port120,Barranquilla,5,1,69190,494,59069,0,10121,0,0,0,494,0,0,0
2019-07-21,port120,Barranquilla,1,1,3078,0,0,3078,0,0,0,0,0,0,0,0
2019-07-22,port120,Barranquilla,3,1,2248,644,0,975,1272,0,0,0,644,0,0,0
2019-07-23,port120,Barranquilla,2,1,11535,0,0,2232,0,9302,0,0,0,0,0,0
2019-07-24,port120,Barranquilla,5,2,3664,21804,0,1969,1694,0,0,20093,0,1710,0,0
2019-07-25,port120,Barranquilla,1,0,0,0,0,0,0,0,0,0,0,0,0,0
2019-07-26,port120,Barranquilla,4,3,4456,2409,0,2581,0,1875,0,0,1357,0,1051,0
2019-07-27,port120,Barranquilla,2,0,1694,1710,0,0,1694,0,0,0,0,1710,0,0
2019-07-28,port120,Barranquilla,1,1,0,368,0,0,0,0,0,0,368,0,0,0
2019-07-29,port120,Barranquilla,2,1,0,657,0,0,0,0,0,0,657,0,0,0
2019-07-30,port120,Barranquilla,2,0,32761,0,20805,0,0,11956,0,0,0,0,0,0
2019-07-31,port120,Barranquilla,3,1,3775,0,0,3288,0,487,0,0,0,0,0,0
2019-08-01,port120,Barranquilla,4,0,8866,30991,0,0,8866,0,0,29765,0,1226,0,0
2019-08-02,port120,Barranquilla,2,2,3318,1907,0,3318,0,0,0,0,1907,0,0,0
2019-08-03,port120,Barranquilla,4,2,0,2338,0,0,0,0,0,0,2338,0,0,0
2019-08-04,port120,Barranquilla,5,1,9885,30787,4906,0,4978,0,0,27972,1104,1710,0,0
2019-08-05,port120,Barranquilla,1,0,4008,0,4008,0,0,0,0,0,0,0,0,0
2019-08-06,port120,Barranquilla,7,1,36596,26086,34599,1996,0,0,0,24395,0,0,1691,0
2019-08-07,port120,Barranquilla,2,2,651,750,0,651,0,0,0,0,750,0,0,0
2019-08-08,port120,Barranquilla,2,0,41772,5456,41772,0,0,0,0,5456,0,0,0,0
2019-08-09,port120,Barranquilla,4,1,13795,805,0,6038,7757,0,0,0,0,0,805,0
2019-08-10,port120,Barranquilla,2,1,0,18838,0,0,0,0,0,18092,745,0,0,0
2019-08-11,port120,Barranquilla,5,1,3759,5003,0,369,3389,0,0,0,0,5003,0,0
2019-08-12,port120,Barranquilla,3,0,6445,0,4779,0,1665,0,0,0,0,0,0,0
2019-08-13,port120,Barranquilla,3,1,2789,1710,0,1095,1694,0,0,0,0,1710,0,0
2019-08-14,port120,Barranquilla,4,2,35201,644,31285,3916,0,0,0,0,644,0,0,0
2019-08-15,port120,Barranquilla,3,1,42774,2081,39121,975,0,2677,0,0,644,0,1436,0
2019-08-16,port120,Barranquilla,8,2,37726,35052,26946,6994,0,3785,0,26174,644,8232,0,0
2019-08-17,port120,Barranquilla,3,1,16069,1977,10370,0,5698,0,0,0,1977,0,0,0
2019-08-18,port120,Barranquilla,5,1,4024,3300,0,0,4024,0,0,0,743,2557,0,0
2019-08-19,port120,Barranquilla,2,0,6002,1710,0,0,1694,4308,0,0,0,1710,0,0
2019-08-20,port120,Barranquilla,4,2,53735,987,51173,2562,0,0,0,0,987,0,0,0
2019-08-21,port120,Barranquilla,0,0,0,0,0,0,0,0,0,0,0,0,0,0
2019-08-22,port120,Barranquilla,4,0,11773,1436,0,0,9095,2677,0,0,0,0,1436,0
2019-08-23,port120,Barranquilla,2,1,3726,0,0,3726,0,0,0,0,0,0,0,0
2019-08-24,port120,Barranquilla,2,0,11956,5456,11956,0,0,0,0,5456,0,0,0,0
2019-08-25,port120,Barranquilla,2,1,4845,0,0,733,4111,0,0,0,0,0,0,0
2019-08-26,port120,Barranquilla,4,0,12457,5456,11956,0,501,0,0,5456,0,0,0,0
2019-08-27,port120,Barranquilla,2,0,28443,4507,28443,0,0,0,0,0,0,4507,0,0
2019-08-28,port120,Barranquilla,5,2,67565,0,52722,5749,0,9092,0,0,0,0,0,0
2019-08-29,port120,Barranquilla,3,2,0,1803,0,0,0,0,0,0,1803,0,0,0
2019-08-30,port120,Barranquilla,4,2,20282,2684,13772,4814,1694,0,0,0,973,1710,0,0
2019-08-31,port120,Barranquilla,1,1,0,2204,0,0,0,0,0,0,2204,0,0,0
2019-09-01,port120,Barranquilla,3,1,28449,745,23709,0,4740,0,0,0,745,0,0,0
2019-09-02,port120,Barranquilla,3,1,4689,0,0,0,0,4689,0,0,0,0,0,0
2019-09-03,port120,Barranquilla,1,1,0,661,0,0,0,0,0,0,661,0,0,0
2019-09-04,port120,Barranquilla,5,3,31697,0,29479,2218,0,0,0,0,0,0,0,0
2019-09-05,port120,Barranquilla,2,1,0,519,0,0,0,0,0,0,519,0,0,0
2019-09-06,port120,Barranquilla,3,2,3936,644,0,3936,0,0,0,0,644,0,0,0
2019-09-07,port120,Barranquilla,2,1,27524,250,27524,0,0,0,0,0,250,0,0,0
2019-09-08,port120,Barranquilla,2,1,26734,371,26734,0,0,0,0,0,371,0,0,0
2019-09-09,port120,Barranquilla,2,0,38036,0,36493,0,1543,0,0,0,0,0,0,0
2019-09-10,port120,Barranquilla,4,2,25069,0,24485,583,0,0,0,0,0,0,0,0
2019-09-11,port120,Barranquilla,2,0,50769,0,50769,0,0,0,0,0,0,0,0,0
2019-09-12,port120,Barranquilla,6,2,27154,8304,11956,0,4246,10952,0,5456,2071,776,0,0
2019-09-13,port120,Barranquilla,3,2,5388,659,906,4482,0,0,0,0,659,0,0,0
2019-09-14,port120,Barranquilla,4,1,23454,3293,0,0,0,23454,0,1128,2165,0,0,0
2019-09-15,port120,Barranquilla,6,1,34914,3556,34914,0,0,0,0,3183,372,0,0,0
2019-09-16,port120,Barranquilla,1,0,805,0,0,0,0,805,0,0,0,0,0,0
2019-09-17,port120,Barranquilla,2,0,2241,0,0,0,2241,0,0,0,0,0,0,0
2019-09-18,port120,Barranquilla,5,3,2969,644,0,2969,0,0,0,0,644,0,0,0
2019-09-19,port120,Barranquilla,2,1,0,318,0,0,0,0,0,0,318,0,0,0
2019-09-20,port120,Barranquilla,3,2,5180,327,0,5180,0,0,0,0,327,0,0,0
2019-09-21,port120,Barranquilla,7,2,47427,546,44500,0,2926,0,0,0,546,0,0,0
2019-09-22,port120,Barranquilla,4,1,13230,3342,9282,0,3948,0,0,0,3342,0,0,0
2019-09-23,port120,Barranquilla,3,0,6956,0,5739,0,1217,0,0,0,0,0,0,0
2019-09-24,port120,Barranquilla,4,0,19087,1710,13852,0,5235,0,0,0,0,1710,0,0
2019-09-25,port120,Barranquilla,4,2,21461,5783,11956,744,8761,0,0,5456,326,0,0,0
2019-09-26,port120,Barranquilla,2,2,975,3818,0,975,0,0,0,0,3818,0,0,0
2019-09-27,port120,Barranquilla,5,3,31583,3209,28587,2995,0,0,0,0,3209,0,0,0
2019-09-28,port120,Barranquilla,5,2,0,14479,0,0,0,0,0,3400,10037,0,1041,0
2019-09-29,port120,Barranquilla,4,1,3403,1849,0,0,3403,0,0,0,1849,0,0,0
2019-09-30,port120,Barranquilla,2,0,2115,1710,0,0,2115,0,0,0,0,1710,0,0
2019-10-01,port120,Barranquilla,4,1,34322,24789,33670,651,0,0,0,24789,0,0,0,0
2019-10-02,port120,Barranquilla,4,1,7856,0,4504,1743,0,1608,0,0,0,0,0,0
2019-10-03,port120,Barranquilla,6,2,69615,868,51892,315,1385,16021,0,0,868,0,0,0
2019-10-04,port120,Barranquilla,3,2,4498,34020,0,4498,0,0,0,33366,654,0,0,0
2019-10-05,port120,Barranquilla,5,0,59013,43955,57319,0,1694,0,0,40076,0,3879,0,0
2019-10-06,port120,Barranquilla,3,2,30477,644,26895,3582,0,0,0,0,644,0,0,0
2019-10-07,port120,Barranquilla,2,0,36935,0,36935,0,0,0,0,0,0,0,0,0
2019-10-08,port120,Barranquilla,2,1,1281,1123,0,0,1281,0,0,0,1123,0,0,0
2019-10-09,port120,Barranquilla,4,2,975,22954,0,975,0,0,0,22309,644,0,0,0
2019-10-10,port120,Barranquilla,1,1,0,319,0,0,0,0,0,0,319,0,0,0
2019-10-11,port120,Barranquilla,4,2,30041,649,27049,2992,0,0,0,0,649,0,0,0
2019-10-12,port120,Barranquilla,4,2,24002,2434,0,3547,3161,17293,0,0,2434,0,0,0
2019-10-13,port120,Barranquilla,4,1,32447,0,30214,2232,0,0,0,0,0,0,0,0
2019-10-14,port120,Barranquilla,2,0,2677,1436,0,0,0,2677,0,0,0,0,1436,0
2019-10-15,port120,Barranquilla,3,2,1951,3244,0,1951,0,0,0,0,1289,1954,0,0
2019-10-16,port120,Barranquilla,3,2,1470,644,0,1470,0,0,0,0,644,0,0,0
2019-10-17,port120,Barranquilla,3,1,2721,0,1770,950,0,0,0,0,0,0,0,0
2019-10-18,port120,Barranquilla,4,2,42370,644,38768,3601,0,0,0,0,644,0,0,0
2019-10-19,port120,Barranquilla,3,2,545,1230,0,545,0,0,0,0,1230,0,0,0
2019-10-20,port120,Barranquilla,1,1,3740,0,0,3740,0,0,0,0,0,0,0,0
2019-10-21,port120,Barranquilla,3,0,11956,13615,11956,0,0,0,0,5456,0,8158,0,0
2019-10-22,port120,Barranquilla,5,0,30211,25155,28929,0,1282,0,0,25155,0,0,0,0
2019-10-23,port120,Barranquilla,4,2,41135,1436,36408,2049,0,2677,0,0,0,0,1436,0
2019-10-24,port120,Barranquilla,5,2,5216,27807,0,2332,2883,0,0,26945,861,0,0,0
2019-10-25,port120,Barranquilla,3,3,1016,651,0,1016,0,0,0,0,651,0,0,0
2019-10-26,port120,Barranquilla,2,2,975,892,0,975,0,0,0,0,892,0,0,0
2019-10-27,port120,Barranquilla,4,1,26154,0,22307,743,3103,0,0,0,0,0,0,0
2019-10-28,port120,Barranquilla,4,0,1694,1710,0,0,1694,0,0,0,0,1710,0,0
2019-10-29,port120,Barranquilla,4,1,26382,0,19572,3141,3668,0,0,0,0,0,0,0
2019-10-30,port120,Barranquilla,4,2,49493,644,36376,1721,0,11395,0,0,644,0,0,0
2019-10-31,port120,Barranquilla,1,1,632,0,0,632,0,0,0,0,0,0,0,0
2019-11-01,port120,Barranquilla,3,2,975,4848,0,975,0,0,0,0,4848,0,0,0
2019-11-02,port120,Barranquilla,2,1,617,743,0,0,0,617,0,0,743,0,0,0
2019-11-03,port120,Barranquilla,4,1,6651,2153,3300,3351,0,0,0,0,0,2153,0,0
2019-11-04,port120,Barranquilla,3,0,2004,38112,0,0,2004,0,0,36401,0,1710,0,0
2019-11-05,port120,Barranquilla,1,1,2182,0,0,2182,0,0,0,0,0,0,0,0
2019-11-06,port120,Barranquilla,5,2,38330,7569,36433,1896,0,0,0,0,652,6917,0,0
2019-11-07,port120,Barranquilla,1,1,0,1911,0,0,0,0,0,0,1911,0,0,0
2019-11-08,port120,Barranquilla,8,2,38590,18029,32684,5260,645,0,0,16721,1307,0,0,0
2019-11-09,port120,Barranquilla,5,2,27139,7730,11956,975,14208,0,0,5456,2273,0,0,0
2019-11-10,port120,Barranquilla,2,1,5717,0,3870,1846,0,0,0,0,0,0,0,0
2019-11-11,port120,Barranquilla,5,1,31611,8207,29916,0,1694,0,0,0,3141,1710,3355,0
2019-11-12,port120,Barranquilla,6,1,20896,5456,11956,3938,4028,973,0,5456,0,0,0,0
2019-11-13,port120,Barranquilla,0,0,0,0,0,0,0,0,0,0,0,0,0,0
2019-11-14,port120,Barranquilla,3,2,6354,644,0,1289,0,5065,0,0,644,0,0,0
2019-11-15,port120,Barranquilla,2,2,4859,2565,0,4859,0,0,0,0,2565,0,0,0
2019-11-16,port120,Barranquilla,5,2,14633,7679,11956,0,0,2677,0,5456,786,0,1436,0
2019-11-17,port120,Barranquilla,2,1,9092,738,0,0,0,9092,0,0,738,0,0,0
2019-11-18,port120,Barranquilla,2,0,1949,0,0,0,0,1949,0,0,0,0,0,0
2019-11-19,port120,Barranquilla,3,1,542,323,0,0,542,0,0,0,323,0,0,0
2019-11-20,port120,Barranquilla,2,1,3347,0,0,245,3102,0,0,0,0,0,0,0
2019-11-21,port120,Barranquilla,2,1,31779,0,29868,1911,0,0,0,0,0,0,0,0
2019-11-22,port120,Barranquilla,4,2,6337,13456,0,6337,0,0,0,0,973,12483,0,0
2019-11-23,port120,Barranquilla,3,1,36832,6353,36832,0,0,0,0,0,2569,3783,0,0
2019-11-24,port120,Barranquilla,1,1,3013,0,0,3013,0,0,0,0,0,0,0,0
2019-11-25,port120,Barranquilla,3,1,975,644,0,975,0,0,0,0,644,0,0,0
2019-11-26,port120,Barranquilla,1,1,3441,0,0,3441,0,0,0,0,0,0,0,0
2019-11-27,port120,Barranquilla,6,2,57436,0,36567,3385,17483,0,0,0,0,0,0,0
2019-11-28,port120,Barranquilla,0,0,0,0,0,0,0,0,0,0,0,0,0,0
2019-11-29,port120,Barranquilla,7,2,59487,22248,56067,1725,1694,0,0,19892,644,1710,0,0
2019-11-30,port120,Barranquilla,4,1,1609,5473,0,0,0,1609,0,0,743,4730,0,0
2019-12-01,port120,Barranquilla,3,1,43493,370,43493,0,0,0,0,0,370,0,0,0
2019-12-02,port120,Barranquilla,3,0,0,0,0,0,0,0,0,0,0,0,0,0
2019-12-03,port120,Barranquilla,3,2,975,644,0,975,0,0,0,0,644,0,0,0
2019-12-04,port120,Barranquilla,4,2,12852,644,0,1626,0,11225,0,0,644,0,0,0
2019-12-05,port120,Barranquilla,1,0,2869,0,0,0,2869,0,0,0,0,0,0,0
2019-12-06,port120,Barranquilla,6,2,12529,2601,0,4131,8398,0,0,0,2601,0,0,0
2019-12-07,port120,Barranquilla,3,1,44190,8739,44190,0,0,0,0,0,2704,6035,0,0
2019-12-08,port120,Barranquilla,1,1,1490,0,0,1490,0,0,0,0,0,0,0,0
2019-12-09,port120,Barranquilla,2,1,4357,0,0,0,4357,0,0,0,0,0,0,0
2019-12-10,port120,Barranquilla,1,1,3631,0,0,3631,0,0,0,0,0,0,0,0
2019-12-11,port120,Barranquilla,1,0,1875,1051,0,0,0,1875,0,0,0,0,1051,0
2019-12-12,port120,Barranquilla,1,0,13635,0,13635,0,0,0,0,0,0,0,0,0
2019-12-13,port120,Barranquilla,3,2,4628,2726,0,1951,0,2677,0,0,1289,0,1436,0
2019-12-14,port120,Barranquilla,2,2,975,891,0,975,0,0,0,0,891,0,0,0
2019-12-15,port120,Barranquilla,7,1,50287,22472,47824,975,0,1487,0,21827,644,0,0,0
2019-12-16,port120,Barranquilla,2,1,0,2231,0,0,0,0,0,0,0,2231,0,0
2019-12-17,port120,Barranquilla,4,0,1694,28054,0,0,1694,0,0,26344,0,1710,0,0
2019-12-18,port120,Barranquilla,3,2,18422,644,15864,2558,0,0,0,0,644,0,0,0
2019-12-19,port120,Barranquilla,5,0,29526,52632,0,0,5844,23682,0,34155,0,18476,0,0
2019-12-20,port120,Barranquilla,5,2,7374,51153,0,4696,0,2677,0,49072,644,0,1436,0
2019-12-21,port120,Barranquilla,3,2,975,4881,0,975,0,0,0,0,2868,2012,0,0
2019-12-22,port120,Barranquilla,2,1,975,4635,0,975,0,0,0,0,644,3990,0,0
2019-12-23,port120,Barranquilla,3,1,3272,1710,0,1577,1694,0,0,0,0,1710,0,0
2019-12-24,port120,Barranquilla,0,0,0,0,0,0,0,0,0,0,0,0,0,0
2019-12-25,port120,Barranquilla,6,1,21705,2355,12161,975,8568,0,0,0,644,1710,0,0
2019-12-26,port120,Barranquilla,2,0,14875,1710,0,0,14875,0,0,0,0,1710,0,0
2019-12-27,port120,Barranquilla,1,1,975,644,0,975,0,0,0,0,644,0,0,0
2019-12-28,port120,Barranquilla,4,1,45959,6101,42566,975,0,2417,0,5456,644,0,0,0
2019-12-29,port120,Barranquilla,2,1,368,811,0,368,0,0,0,0,0,811,0,0
2019-12-30,port120,Barranquilla,3,1,17307,0,5405,2810,0,9092,0,0,0,0,0,0
2019-12-31,port120,Barranquilla,2,0,3459,1418,0,0,3459,0,0,0,0,1418,0,0
2020-01-01,port120,Barranquilla,2,1,975,644,0,975,0,0,0,0,644,0,0,0
2020-01-02,port120,Barranquilla,2,1,13341,6318,11956,1385,0,0,0,5456,861,0,0,0
2020-01-03,port120,Barranquilla,4,2,4322,10317,0,4322,0,0,0,0,644,7788,1883,0
2020-01-04,port120,Barranquilla,3,1,29708,2165,29708,0,0,0,0,0,2165,0,0,0
2020-01-05,port120,Barranquilla,3,1,8762,367,8762,0,0,0,0,0,367,0,0,0
2020-01-06,port120,Barranquilla,4,1,4230,40847,0,1894,2336,0,0,40847,0,0,0,0
2020-01-07,port120,Barranquilla,3,0,50186,1948,42251,0,7934,0,0,1948,0,0,0,0
2020-01-08,port120,Barranquilla,5,3,6416,891,0,3685,1690,1039,0,0,891,0,0,0
2020-01-09,port120,Barranquilla,2,0,11956,11124,11956,0,0,0,0,5456,0,0,5667,0
2020-01-10,port120,Barranquilla,2,2,1385,1636,0,1385,0,0,0,0,1636,0,0,0
2020-01-11,port120,Barranquilla,3,2,17482,985,0,4476,0,13005,0,0,985,0,0,0
2020-01-12,port120,Barranquilla,3,1,2718,1103,0,0,2718,0,0,0,1103,0,0,0
2020-01-13,port120,Barranquilla,5,2,69520,10699,68890,630,0,0,0,0,271,10427,0,0
2020-01-14,port120,Barranquilla,3,0,2978,4104,0,0,2978,0,0,0,0,4104,0,0
2020-01-15,port120,Barranquilla,2,1,653,0,0,653,0,0,0,0,0,0,0,0
2020-01-16,port120,Barranquilla,2,1,14432,743,0,0,0,14432,0,0,743,0,0,0
2020-01-17,port120,Barranquilla,4,0,1694,2646,0,0,1694,0,0,0,0,1710,936,0
2020-01-18,port120,Barranquilla,4,2,9394,3481,0,0,8112,1282,0,0,3481,0,0,0
2020-01-19,port120,Barranquilla,5,2,24301,5043,21332,2969,0,0,0,0,816,4227,0,0
2020-01-20,port120,Barranquilla,3,0,29252,0,29252,0,0,0,0,0,0,0,0,0
2020-01-21,port120,Barranquilla,1,0,0,0,0,0,0,0,0,0,0,0,0,0
2020-01-22,port120,Barranquilla,2,0,26927,0,26927,0,0,0,0,0,0,0,0,0
2020-01-23,port120,Barranquilla,5,2,31079,38862,29358,1720,0,0,0,38217,644,0,0,0
2020-01-24,port120,Barranquilla,2,1,2969,270,0,2969,0,0,0,0,0,270,0,0
2020-01-25,port120,Barranquilla,2,1,21804,248,0,0,0,21804,0,0,248,0,0,0
2020-01-26,port120,Barranquilla,3,1,1694,6151,0,0,1694,0,0,0,4440,1710,0,0
2020-01-27,port120,Barranquilla,3,1,17380,5456,11956,5424,0,0,0,5456,0,0,0,0
2020-01-28,port120,Barranquilla,2,0,13651,7167,11956,0,1694,0,0,5456,0,1710,0,0
2020-01-29,port120,Barranquilla,4,2,4502,14997,0,2624,0,1877,0,14997,0,0,0,0
2020-01-30,port120,Barranquilla,3,1,2271,1710,0,576,1694,0,0,0,0,1710,0,0
2020-01-31,port120,Barranquilla,3,2,975,9428,0,975,0,0,0,0,1951,7477,0,0
2020-02-01,port120,Barranquilla,4,1,6012,24131,0,0,6012,0,0,22029,0,0,2102,0
2020-02-02,port120,Barranquilla,3,1,975,3184,0,975,0,0,0,0,644,2539,0,0
2020-02-03,port120,Barranquilla,1,0,0,0,0,0,0,0,0,0,0,0,0,0
2020-02-04,port120,Barranquilla,3,2,7639,1102,0,1581,6057,0,0,0,1102,0,0,0
2020-02-05,port120,Barranquilla,3,1,30759,0,30372,386,0,0,0,0,0,0,0,0
2020-02-06,port120,Barranquilla,1,0,0,23472,0,0,0,0,0,23472,0,0,0,0
2020-02-07,port120,Barranquilla,4,3,3219,2194,0,542,0,2677,0,0,758,0,1436,0
2020-02-08,port120,Barranquilla,3,1,975,12297,0,975,0,0,0,0,644,0,11652,0
2020-02-09,port120,Barranquilla,2,1,530,1854,530,0,0,0,0,0,1854,0,0,0
2020-02-10,port120,Barranquilla,1,0,1694,1710,0,0,1694,0,0,0,0,1710,0,0
2020-02-11,port120,Barranquilla,2,1,1575,0,0,1575,0,0,0,0,0,0,0,0
2020-02-12,port120,Barranquilla,5,1,4872,5149,0,493,4379,0,0,0,0,5149,0,0
2020-02-13,port120,Barranquilla,3,0,0,6961,0,0,0,0,0,0,0,3605,3355,0
2020-02-14,port120,Barranquilla,6,2,3954,9670,1448,264,2241,0,0,0,2612,7058,0,0
2020-02-15,port120,Barranquilla,4,2,8476,3339,0,6781,1694,0,0,0,1629,1710,0,0
2020-02-16,port120,Barranquilla,3,2,3461,4431,3461,0,0,0,0,0,4431,0,0,0
2020-02-17,port120,Barranquilla,4,0,14750,1436,0,0,12072,2677,0,0,0,0,1436,0
2020-02-18,port120,Barranquilla,3,1,21748,9380,19823,1924,0,0,0,0,0,0,9380,0
2020-02-19,port120,Barranquilla,2,0,13783,2213,13783,0,0,0,0,2213,0,0,0,0
2020-02-20,port120,Barranquilla,2,0,0,7307,0,0,0,0,0,0,0,7307,0,0
2020-02-21,port120,Barranquilla,7,2,17079,0,1145,1134,0,14799,0,0,0,0,0,0
2020-02-22,port120,Barranquilla,4,2,11874,5198,0,975,10898,0,0,0,5198,0,0,0
2020-02-23,port120,Barranquilla,1,1,1112,0,0,1112,0,0,0,0,0,0,0,0
2020-02-24,port120,Barranquilla,3,1,3313,1436,0,635,0,2677,0,0,0,0,1436,0
2020-02-25,port120,Barranquilla,4,1,43019,0,37895,1095,0,4028,0,0,0,0,0,0
2020-02-26,port120,Barranquilla,7,2,26820,8341,17286,1583,7950,0,0,5456,652,2231,0,0
2020-02-27,port120,Barranquilla,1,0,0,26240,0,0,0,0,0,26240,0,0,0,0
2020-02-28,port120,Barranquilla,3,2,4498,1326,0,4498,0,0,0,0,995,331,0,0
2020-02-29,port120,Barranquilla,3,1,6259,1479,0,0,6259,0,0,0,1479,0,0,0
2020-03-01,port120,Barranquilla,3,1,21602,735,21602,0,0,0,0,0,735,0,0,0
2020-03-02,port120,Barranquilla,3,1,9031,0,0,2214,6817,0,0,0,0,0,0,0
2020-03-03,port120,Barranquilla,5,1,32109,6402,30466,1642,0,0,0,5456,0,0,946,0
2020-03-04,port120,Barranquilla,1,1,2295,0,0,2295,0,0,0,0,0,0,0,0
2020-03-05,port120,Barranquilla,2,0,0,5442,0,0,0,0,0,0,0,5442,0,0
2020-03-06,port120,Barranquilla,4,3,5043,2396,0,5043,0,0,0,0,1460,0,935,0
2020-03-07,port120,Barranquilla,1,1,0,740,0,0,0,0,0,0,740,0,0,0
2020-03-08,port120,Barranquilla,2,1,0,6064,0,0,0,0,0,0,1115,0,4948,0
2020-03-09,port120,Barranquilla,2,0,31866,10544,31866,0,0,0,0,10544,0,0,0,0
2020-03-10,port120,Barranquilla,3,1,54000,0,51131,2868,0,0,0,0,0,0,0,0
2020-03-11,port120,Barranquilla,7,3,40454,34676,37625,2829,0,0,0,34031,644,0,0,0
2020-03-12,port120,Barranquilla,2,0,33462,1436,30784,0,0,2677,0,0,0,0,1436,0
2020-03-13,port120,Barranquilla,5,3,6265,1376,0,6265,0,0,0,0,1031,345,0,0
2020-03-14,port120,Barranquilla,3,1,164,6219,0,0,164,0,0,4333,1886,0,0,0
2020-03-15,port120,Barranquilla,5,1,48813,18688,46953,1859,0,0,0,18688,0,0,0,0
2020-03-16,port120,Barranquilla,4,1,48139,315,46922,0,1216,0,0,0,315,0,0,0
2020-03-17,port120,Barranquilla,2,0,4255,4378,0,0,4255,0,0,0,0,4378,0,0
2020-03-18,port120,Barranquilla,4,2,9086,1795,9086,0,0,0,0,0,1795,0,0,0
2020-03-19,port120,Barranquilla,1,0,12195,0,0,0,0,12195,0,0,0,0,0,0
2020-03-20,port120,Barranquilla,5,2,46874,5845,23456,2585,0,20832,0,5456,388,0,0,0
2020-03-21,port120,Barranquilla,5,2,22023,9536,20148,0,0,1875,0,5456,3027,0,1051,0
2020-03-22,port120,Barranquilla,3,1,8855,0,2103,3085,3666,0,0,0,0,0,0,0
2020-03-23,port120,Barranquilla,5,0,12629,34243,2186,0,7765,2677,0,32807,0,0,1436,0
2020-03-24,port120,Barranquilla,5,2,49081,0,30594,1093,0,17393,0,0,0,0,0,0
2020-03-25,port120,Barranquilla,4,2,3162,2355,0,1468,1694,0,0,0,644,1710,0,0
2020-03-26,port120,Barranquilla,4,0,15981,9677,11956,0,0,4025,0,5456,0,4220,0,0
2020-03-27,port120,Barranquilla,4,2,40487,5456,37100,3387,0,0,0,5456,0,0,0,0
2020-03-28,port120,Barranquilla,3,1,9628,3809,0,0,3635,5993,0,0,3809,0,0,0
2020-03-29,port120,Barranquilla,2,1,31187,644,30211,975,0,0,0,0,644,0,0,0
2020-03-30,port120,Barranquilla,4,0,27308,4759,27308,0,0,0,0,4602,0,156,0,0
2020-03-31,port120,Barranquilla,4,2,2983,28488,0,2714,0,268,0,28488,0,0,0,0
2020-04-01,port120,Barranquilla,3,2,1466,644,0,1466,0,0,0,0,644,0,0,0
2020-04-02,port120,Barranquilla,4,0,11956,18835,11956,0,0,0,0,5456,0,0,13379,0
2020-04-03,port120,Barranquilla,3,1,52269,542,52269,0,0,0,0,0,542,0,0,0
2020-04-04,port120,Barranquilla,6,2,3761,8194,0,1348,0,2413,0,2892,644,4656,0,0
2020-04-05,port120,Barranquilla,3,1,27645,5456,11956,4162,0,11526,0,5456,0,0,0,0
2020-04-06,port120,Barranquilla,4,1,26090,39431,24829,1261,0,0,0,29462,0,0,9968,0
2020-04-07,port120,Barranquilla,1,0,0,0,0,0,0,0,0,0,0,0,0,0
2020-04-08,port120,Barranquilla,2,1,11653,644,0,975,10677,0,0,0,644,0,0,0
2020-04-09,port120,Barranquilla,2,1,23248,808,23248,0,0,0,0,0,808,0,0,0
2020-04-10,port120,Barranquilla,4,3,29925,2271,28421,1504,0,0,0,0,2271,0,0,0
2020-04-11,port120,Barranquilla,2,0,12920,5456,11956,0,0,964,0,5456,0,0,0,0
2020-04-12,port120,Barranquilla,2,1,24860,5667,24860,0,0,0,0,0,5667,0,0,0
2020-04-13,port120,Barranquilla,2,1,633,0,0,633,0,0,0,0,0,0,0,0
2020-04-14,port120,Barranquilla,2,1,975,644,0,975,0,0,0,0,644,0,0,0
2020-04-15,port120,Barranquilla,5,0,3108,0,0,0,265,2843,0,0,0,0,0,0
2020-04-16,port120,Barranquilla,3,1,42053,6101,41078,975,0,0,0,5456,644,0,0,0
2020-04-17,port120,Barranquilla,3,2,1496,9610,0,1496,0,0,0,0,0,9610,0,0
2020-04-18,port120,Barranquilla,1,0,0,0,0,0,0,0,0,0,0,0,0,0
2020-04-19,port120,Barranquilla,3,1,0,33893,0,0,0,0,0,28604,5289,0,0,0
2020-04-20,port120,Barranquilla,5,1,59819,0,47508,1901,0,10409,0,0,0,0,0,0
2020-04-21,port120,Barranquilla,1,0,4902,0,4902,0,0,0,0,0,0,0,0,0
2020-04-22,port120,Barranquilla,4,2,53885,644,52522,1362,0,0,0,0,644,0,0,0
2020-04-23,port120,Barranquilla,2,1,11458,1829,0,0,0,11458,0,0,1829,0,0,0
2020-04-24,port120,Barranquilla,3,2,11450,861,0,4328,7122,0,0,0,861,0,0,0
2020-04-25,port120,Barranquilla,1,0,0,0,0,0,0,0,0,0,0,0,0,0
2020-04-26,port120,Barranquilla,4,1,35332,2456,33637,0,1694,0,0,0,746,1710,0,0
2020-04-27,port120,Barranquilla,1,1,3125,0,0,3125,0,0,0,0,0,0,0,0
2020-04-28,port120,Barranquilla,4,0,7358,48051,0,0,0,7358,0,48051,0,0,0,0
2020-04-29,port120,Barranquilla,5,2,24370,1809,20550,975,691,2152,0,0,1809,0,0,0
2020-04-30,port120,Barranquilla,4,0,5663,2350,5135,0,528,0,0,0,0,1385,964,0
2020-05-01,port120,Barranquilla,2,1,742,19819,0,742,0,0,0,19819,0,0,0,0
2020-05-02,port120,Barranquilla,1,1,0,271,0,0,0,0,0,0,271,0,0,0
2020-05-03,port120,Barranquilla,3,1,10429,21585,0,975,9454,0,0,20940,644,0,0,0
2020-05-04,port120,Barranquilla,3,1,30406,0,28195,2211,0,0,0,0,0,0,0,0
2020-05-05,port120,Barranquilla,3,1,3260,9085,0,1385,0,1875,0,0,861,7172,1051,0
2020-05-06,port120,Barranquilla,2,1,385,0,0,385,0,0,0,0,0,0,0,0
2020-05-07,port120,Barranquilla,5,2,34644,1080,26994,2720,4928,0,0,0,1080,0,0,0
2020-05-08,port120,Barranquilla,1,1,743,0,0,743,0,0,0,0,0,0,0,0
2020-05-09,port120,Barranquilla,2,1,1318,0,0,1318,0,0,0,0,0,0,0,0
2020-05-10,port120,Barranquilla,5,2,33206,2002,31096,975,1134,0,0,623,1378,0,0,0
2020-05-11,port120,Barranquilla,1,1,1579,0,0,1579,0,0,0,0,0,0,0,0
2020-05-12,port120,Barranquilla,1,0,11956,5456,11956,0,0,0,0,5456,0,0,0,0
2020-05-13,port120,Barranquilla,2,1,0,1153,0,0,0,0,0,0,1153,0,0,0
2020-05-14,port120,Barranquilla,3,1,19541,1238,19541,0,0,0,0,0,1238,0,0,0
2020-05-15,port120,Barranquilla,3,1,17063,5456,11956,1849,0,3257,0,5456,0,0,0,0
2020-05-16,port120,Barranquilla,2,0,569,0,569,0,0,0,0,0,0,0,0,0
2020-05-17,port120,Barranquilla,6,2,6113,6606,0,1718,1716,2677,0,1041,644,0,4920,0
2020-05-18,port120,Barranquilla,5,1,4020,9240,0,630,3389,0,0,0,0,8294,946,0
2020-05-19,port120,Barranquilla,1,0,35083,0,35083,0,0,0,0,0,0,0,0,0
2020-05-20,port120,Barranquilla,3,1,19796,2046,19796,0,0,0,0,0,1740,0,306,0
2020-05-21,port120,Barranquilla,3,1,542,0,0,0,0,542,0,0,0,0,0,0
2020-05-22,port120,Barranquilla,1,0,0,0,0,0,0,0,0,0,0,0,0,0
2020-05-23,port120,Barranquilla,2,0,1996,156,0,0,1996,0,0,0,0,156,0,0
2020-05-24,port120,Barranquilla,1,1,0,5667,0,0,0,0,0,0,5667,0,0,0
2020-05-25,port120,Barranquilla,3,1,24979,12008,24004,975,0,0,0,0,644,11363,0,0
2020-05-26,port120,Barranquilla,6,1,4790,18600,2896,0,1893,0,0,17057,1379,164,0,0
2020-05-27,port120,Barranquilla,1,1,975,644,0,975,0,0,0,0,644,0,0,0
2020-05-28,port120,Barranquilla,3,1,15543,2148,0,975,0,14567,0,0,644,1503,0,0
2020-05-29,port120,Barranquilla,2,1,5057,0,0,3762,1295,0,0,0,0,0,0,0
2020-05-30,port120,Barranquilla,4,2,27143,272,24846,2297,0,0,0,0,272,0,0,0
2020-05-31,port120,Barranquilla,4,2,5563,1014,0,975,0,4588,0,0,1014,0,0,0
2020-06-01,port120,Barranquilla,2,1,632,0,0,632,0,0,0,0,0,0,0,0
2020-06-02,port120,Barranquilla,4,0,75480,0,73728,0,1752,0,0,0,0,0,0,0
2020-06-03,port120,Barranquilla,3,1,42279,996,42279,0,0,0,0,0,996,0,0,0
2020-06-04,port120,Barranquilla,1,1,269,0,0,269,0,0,0,0,0,0,0,0
2020-06-05,port120,Barranquilla,4,2,2032,26594,0,2032,0,0,0,0,644,0,25950,0
2020-06-06,port120,Barranquilla,3,1,10658,812,10658,0,0,0,0,0,812,0,0,0
2020-06-07,port120,Barranquilla,3,0,17741,1436,15063,0,0,2677,0,0,0,0,1436,0
2020-06-08,port120,Barranquilla,2,1,975,1123,0,975,0,0,0,478,644,0,0,0
2020-06-09,port120,Barranquilla,2,0,5601,4218,0,0,0,5601,0,0,0,4218,0,0
2020-06-10,port120,Barranquilla,4,1,33671,644,32696,975,0,0,0,0,644,0,0,0
2020-06-11,port120,Barranquilla,2,1,999,0,0,999,0,0,0,0,0,0,0,0
2020-06-12,port120,Barranquilla,2,0,4260,6256,0,0,0,4260,0,0,0,6256,0,0
2020-06-13,port120,Barranquilla,3,1,20993,0,20993,0,0,0,0,0,0,0,0,0
2020-06-14,port120,Barranquilla,5,1,90342,37722,90342,0,0,0,0,34723,2999,0,0,0
2020-06-15,port120,Barranquilla,1,1,0,2494,0,0,0,0,0,0,2494,0,0,0
2020-06-16,port120,Barranquilla,2,1,0,7118,0,0,0,0,0,0,2235,4882,0,0
2020-06-17,port120,Barranquilla,4,2,2756,19315,0,1351,1404,0,0,19315,0,0,0,0
2020-06-18,port120,Barranquilla,3,1,2226,9380,0,1583,643,0,0,0,0,0,9380,0
2020-06-19,port120,Barranquilla,3,1,11956,5828,11956,0,0,0,0,5456,371,0,0,0
2020-06-20,port120,Barranquilla,3,0,19686,31878,19686,0,0,0,0,24295,0,7583,0,0
2020-06-21,port120,Barranquilla,2,1,2600,644,0,975,0,1625,0,0,644,0,0,0
2020-06-22,port120,Barranquilla,1,0,0,0,0,0,0,0,0,0,0,0,0,0
2020-06-23,port120,Barranquilla,3,3,0,6522,0,0,0,0,0,0,6522,0,0,0
2020-06-24,port120,Barranquilla,2,1,2412,1155,2412,0,0,0,0,0,1155,0,0,0
2020-06-25,port120,Barranquilla,2,0,39189,0,38727,0,461,0,0,0,0,0,0,0
2020-06-26,port120,Barranquilla,2,1,8425,0,0,3726,4699,0,0,0,0,0,0,0
2020-06-27,port120,Barranquilla,0,0,0,0,0,0,0,0,0,0,0,0,0,0
2020-06-28,port120,Barranquilla,1,0,2123,0,0,0,2123,0,0,0,0,0,0,0
2020-06-29,port120,Barranquilla,4,2,1291,6133,0,1291,0,0,0,0,644,0,5488,0
2020-06-30,port120,Barranquilla,2,0,29315,0,29315,0,0,0,0,0,0,0,0,0
2020-07-01,port120,Barranquilla,3,1,30646,11445,27242,3403,0,0,0,0,0,0,11445,0
2020-07-02,port120,Barranquilla,2,2,975,2565,0,975,0,0,0,0,2565,0,0,0
2020-07-03,port120,Barranquilla,1,1,975,644,0,975,0,0,0,0,644,0,0,0
2020-07-04,port120,Barranquilla,4,1,21875,0,21603,271,0,0,0,0,0,0,0,0
2020-07-05,port120,Barranquilla,3,1,12882,644,0,975,11906,0,0,0,644,0,0,0
2020-07-06,port120,Barranquilla,1,1,2810,0,0,2810,0,0,0,0,0,0,0,0
2020-07-07,port120,Barranquilla,3,0,3152,4945,0,0,3152,0,0,0,0,4945,0,0
2020-07-08,port120,Barranquilla,1,1,0,1156,0,0,0,0,0,0,1156,0,0,0
2020-07-09,port120,Barranquilla,3,1,31975,16319,30999,975,0,0,0,0,644,0,15674,0
2020-07-10,port120,Barranquilla,2,1,14186,5456,11956,2229,0,0,0,5456,0,0,0,0
2020-07-11,port120,Barranquilla,3,1,3788,1782,0,0,0,3788,0,0,1782,0,0,0
2020-07-12,port120,Barranquilla,5,1,6063,2503,0,370,5692,0,0,0,0,2503,0,0
2020-07-13,port120,Barranquilla,1,1,1267,0,0,1267,0,0,0,0,0,0,0,0
2020-07-14,port120,Barranquilla,1,0,2455,0,2455,0,0,0,0,0,0,0,0,0
2020-07-15,port120,Barranquilla,4,1,772,3944,0,772,0,0,0,0,0,2340,1604,0
2020-07-16,port120,Barranquilla,1,1,0,248,0,0,0,0,0,0,248,0,0,0
2020-07-17,port120,Barranquilla,4,2,9661,644,5729,3932,0,0,0,0,644,0,0,0
2020-07-18,port120,Barranquilla,3,0,4559,5163,0,0,4559,0,0,0,0,5163,0,0
2020-07-19,port120,Barranquilla,1,1,0,1486,0,0,0,0,0,0,1486,0,0,0
2020-07-20,port120,Barranquilla,0,0,0,0,0,0,0,0,0,0,0,0,0,0
2020-07-21,port120,Barranquilla,5,1,2520,16368,0,0,0,2520,0,0,314,13527,2527,0
2020-07-22,port120,Barranquilla,2,1,3997,1710,0,2302,1694,0,0,0,0,1710,0,0
2020-07-23,port120,Barranquilla,2,1,1374,0,0,1374,0,0,0,0,0,0,0,0
2020-07-24,port120,Barranquilla,1,1,0,1122,0,0,0,0,0,0,1122,0,0,0
2020-07-25,port120,Barranquilla,1,0,227,0,0,0,0,227,0,0,0,0,0,0
2020-07-26,port120,Barranquilla,3,1,419,10210,0,0,0,419,0,0,2577,7632,0,0
2020-07-27,port120,Barranquilla,1,1,0,0,0,0,0,0,0,0,0,0,0,0
2020-07-28,port120,Barranquilla,2,0,1135,424,0,0,1135,0,0,0,0,424,0,0
2020-07-29,port120,Barranquilla,0,0,0,0,0,0,0,0,0,0,0,0,0,0
2020-07-30,port120,Barranquilla,1,0,1694,1710,0,0,1694,0,0,0,0,1710,0,0
2020-07-31,port120,Barranquilla,7,4,20690,2064,16465,4224,0,0,0,0,2064,0,0,0
2020-08-01,port120,Barranquilla,1,1,1039,0,0,1039,0,0,0,0,0,0,0,0
2020-08-02,port120,Barranquilla,4,1,64423,339,64049,373,0,0,0,0,0,339,0,0
2020-08-03,port120,Barranquilla,2,1,321,315,0,0,0,321,0,0,315,0,0,0
2020-08-04,port120,Barranquilla,3,0,48616,485,0,0,1828,46787,0,485,0,0,0,0
2020-08-05,port120,Barranquilla,0,0,0,0,0,0,0,0,0,0,0,0,0,0
2020-08-06,port120,Barranquilla,2,2,975,1892,0,975,0,0,0,0,1892,0,0,0
2020-08-07,port120,Barranquilla,1,1,1484,0,0,1484,0,0,0,0,0,0,0,0
2020-08-08,port120,Barranquilla,1,0,3528,0,0,0,3528,0,0,0,0,0,0,0
2020-08-09,port120,Barranquilla,3,2,12931,7203,11956,975,0,0,0,5456,1746,0,0,0
2020-08-10,port120,Barranquilla,1,0,0,15860,0,0,0,0,0,15860,0,0,0,0
2020-08-11,port120,Barranquilla,3,1,47615,644,29269,975,0,17370,0,0,644,0,0,0
2020-08-12,port120,Barranquilla,1,1,3086,0,0,3086,0,0,0,0,0,0,0,0
2020-08-13,port120,Barranquilla,3,1,19918,861,18533,1385,0,0,0,0,861,0,0,0
2020-08-14,port120,Barranquilla,5,2,15200,3128,0,4428,10772,0,0,0,982,2146,0,0
2020-08-15,port120,Barranquilla,1,0,0,24592,0,0,0,0,0,24592,0,0,0,0
2020-08-16,port120,Barranquilla,2,1,11890,0,11513,376,0,0,0,0,0,0,0,0
2020-08-17,port120,Barranquilla,2,1,0,316,0,0,0,0,0,0,316,0,0,0
2020-08-18,port120,Barranquilla,4,1,30473,15705,30473,0,0,0,0,15154,550,0,0,0
2020-08-19,port120,Barranquilla,2,1,0,386,0,0,0,0,0,0,386,0,0,0
2020-08-20,port120,Barranquilla,2,0,1694,1710,0,0,1694,0,0,0,0,1710,0,0
2020-08-21,port120,Barranquilla,5,2,35245,1112,34750,495,0,0,0,0,1112,0,0,0
2020-08-22,port120,Barranquilla,1,0,0,0,0,0,0,0,0,0,0,0,0,0
2020-08-23,port120,Barranquilla,2,1,806,368,0,0,806,0,0,0,368,0,0,0
2020-08-24,port120,Barranquilla,1,0,1875,1051,0,0,0,1875,0,0,0,0,1051,0
2020-08-25,port120,Barranquilla,4,1,9064,1838,0,1267,7797,0,0,0,0,1838,0,0
2020-08-26,port120,Barranquilla,1,0,2495,0,0,0,2495,0,0,0,0,0,0,0
2020-08-27,port120,Barranquilla,0,0,0,0,0,0,0,0,0,0,0,0,0,0
2020-08-28,port120,Barranquilla,4,3,16278,6642,11956,4322,0,0,0,5456,1185,0,0,0
2020-08-29,port120,Barranquilla,4,1,7934,21150,0,0,1694,6239,0,18638,801,1710,0,0
2020-08-30,port120,Barranquilla,3,1,373,0,0,373,0,0,0,0,0,0,0,0
2020-08-31,port120,Barranquilla,3,0,75014,5456,75014,0,0,0,0,5456,0,0,0,0
2020-09-01,port120,Barranquilla,4,2,15192,1710,12089,1408,1694,0,0,0,0,1710,0,0
2020-09-02,port120,Barranquilla,4,1,30274,10205,15057,1385,0,13832,0,0,861,9344,0,0
2020-09-03,port120,Barranquilla,0,0,0,0,0,0,0,0,0,0,0,0,0,0
2020-09-04,port120,Barranquilla,2,2,2629,747,0,2629,0,0,0,0,747,0,0,0
2020-09-05,port120,Barranquilla,3,0,32873,34555,29181,0,3692,0,0,34555,0,0,0,0
2020-09-06,port120,Barranquilla,3,2,10398,1065,8168,2229,0,0,0,0,1065,0,0,0
2020-09-07,port120,Barranquilla,0,0,0,0,0,0,0,0,0,0,0,0,0,0
2020-09-08,port120,Barranquilla,4,2,3943,4055,0,1266,0,2677,0,0,387,2231,1436,0
2020-09-09,port120,Barranquilla,1,1,995,0,0,995,0,0,0,0,0,0,0,0
2020-09-10,port120,Barranquilla,1,0,0,9254,0,0,0,0,0,9254,0,0,0,0
2020-09-11,port120,Barranquilla,1,1,1851,0,0,1851,0,0,0,0,0,0,0,0
2020-09-12,port120,Barranquilla,3,1,0,5416,0,0,0,0,0,0,744,4671,0,0
2020-09-13,port120,Barranquilla,3,1,38133,0,35678,1843,610,0,0,0,0,0,0,0
2020-09-14,port120,Barranquilla,1,1,951,0,0,951,0,0,0,0,0,0,0,0
2020-09-15,port120,Barranquilla,5,2,24054,4727,20418,1940,1694,0,0,0,1133,1710,1883,0
2020-09-16,port120,Barranquilla,1,0,0,416,0,0,0,0,0,0,0,416,0,0
2020-09-17,port120,Barranquilla,3,0,13436,5903,11956,0,1480,0,0,5456,0,0,447,0
2020-09-18,port120,Barranquilla,4,1,59632,1710,54941,2995,1694,0,0,0,0,1710,0,0
2020-09-19,port120,Barranquilla,1,0,0,0,0,0,0,0,0,0,0,0,0,0
2020-09-20,port120,Barranquilla,3,1,11523,370,11523,0,0,0,0,0,370,0,0,0
2020-09-21,port120,Barranquilla,3,0,0,24970,0,0,0,0,0,22805,0,0,2165,0
2020-09-22,port120,Barranquilla,3,2,2754,37939,0,2754,0,0,0,37939,0,0,0,0
2020-09-23,port120,Barranquilla,2,1,14471,0,0,2434,0,12037,0,0,0,0,0,0
2020-09-24,port120,Barranquilla,3,0,59318,36077,59318,0,0,0,0,36077,0,0,0,0
2020-09-25,port120,Barranquilla,3,2,16723,1351,0,767,0,15956,0,0,1351,0,0,0
2020-09-26,port120,Barranquilla,1,1,0,3244,0,0,0,0,0,0,3244,0,0,0
2020-09-27,port120,Barranquilla,1,1,2241,0,0,2241,0,0,0,0,0,0,0,0
2020-09-28,port120,Barranquilla,3,1,4133,24462,0,4133,0,0,0,23668,0,793,0,0
2020-09-29,port120,Barranquilla,5,2,40313,2258,36086,1549,0,2677,0,0,822,0,1436,0
2020-09-30,port120,Barranquilla,1,1,497,0,0,497,0,0,0,0,0,0,0,0
2020-10-01,port120,Barranquilla,3,0,7225,64994,0,0,7225,0,0,64994,0,0,0,0
2020-10-02,port120,Barranquilla,3,1,7505,0,0,1875,5629,0,0,0,0,0,0,0
2020-10-03,port120,Barranquilla,4,1,63003,10378,63003,0,0,0,0,0,998,0,9380,0
2020-10-04,port120,Barranquilla,2,1,0,1843,0,0,0,0,0,0,1843,0,0,0
2020-10-05,port120,Barranquilla,2,0,4097,45542,0,0,4097,0,0,45542,0,0,0,0
2020-10-06,port120,Barranquilla,2,2,1362,644,0,1362,0,0,0,0,644,0,0,0
2020-10-07,port120,Barranquilla,5,1,21787,28563,20541,1245,0,0,0,28563,0,0,0,0
2020-10-08,port120,Barranquilla,2,1,7208,0,0,1052,6156,0,0,0,0,0,0,0
2020-10-09,port120,Barranquilla,3,2,2629,3492,0,2629,0,0,0,0,0,3492,0,0
2020-10-10,port120,Barranquilla,3,1,0,23361,0,0,0,0,0,7139,499,15723,0,0
2020-10-11,port120,Barranquilla,3,1,24080,0,13274,5735,5070,0,0,0,0,0,0,0
2020-10-12,port120,Barranquilla,3,1,317,0,0,317,0,0,0,0,0,0,0,0
2020-10-13,port120,Barranquilla,7,3,10426,3692,0,4948,5477,0,0,0,271,3421,0,0
2020-10-14,port120,Barranquilla,2,1,975,644,0,975,0,0,0,0,644,0,0,0
2020-10-15,port120,Barranquilla,1,0,0,0,0,0,0,0,0,0,0,0,0,0
2020-10-16,port120,Barranquilla,3,1,38223,6065,38223,0,0,0,0,0,0,0,6065,0
2020-10-17,port120,Barranquilla,4,1,4352,9177,2411,246,1694,0,0,7467,0,1710,0,0
2020-10-18,port120,Barranquilla,4,2,41470,2959,38052,740,0,2677,0,0,1523,0,1436,0
2020-10-19,port120,Barranquilla,3,1,1581,0,0,1581,0,0,0,0,0,0,0,0
2020-10-20,port120,Barranquilla,6,1,26506,6893,18783,385,4659,2677,0,5456,0,0,1436,0
2020-10-21,port120,Barranquilla,4,1,6254,1710,0,537,1694,4021,0,0,0,1710,0,0
2020-10-22,port120,Barranquilla,2,0,0,0,0,0,0,0,0,0,0,0,0,0
2020-10-23,port120,Barranquilla,6,2,11594,4701,0,0,0,11594,0,0,1897,2804,0,0
2020-10-24,port120,Barranquilla,3,1,29965,1349,29965,0,0,0,0,0,1349,0,0,0
2020-10-25,port120,Barranquilla,4,1,27133,23846,27133,0,0,0,0,23107,739,0,0,0
2020-10-26,port120,Barranquilla,2,0,0,618,0,0,0,0,0,0,0,618,0,0
2020-10-27,port120,Barranquilla,2,2,3873,0,0,3873,0,0,0,0,0,0,0,0
2020-10-28,port120,Barranquilla,1,1,497,0,0,497,0,0,0,0,0,0,0,0
2020-10-29,port120,Barranquilla,2,1,14368,0,12735,1632,0,0,0,0,0,0,0,0
2020-10-30,port120,Barranquilla,3,1,34972,27686,32736,2235,0,0,0,27686,0,0,0,0
2020-10-31,port120,Barranquilla,4,2,500,2201,0,500,0,0,0,0,2201,0,0,0
2020-11-01,port120,Barranquilla,2,1,2095,0,0,1527,0,568,0,0,0,0,0,0
2020-11-02,port120,Barranquilla,1,0,8624,0,8624,0,0,0,0,0,0,0,0,0
2020-11-03,port120,Barranquilla,3,2,6247,0,5229,1017,0,0,0,0,0,0,0,0
2020-11-04,port120,Barranquilla,3,2,15081,0,0,1503,0,13577,0,0,0,0,0,0
2020-11-05,port120,Barranquilla,1,0,0,11760,0,0,0,0,0,11760,0,0,0,0
2020-11-06,port120,Barranquilla,3,1,2850,2258,0,975,0,1875,0,0,644,0,1613,0
2020-11-07,port120,Barranquilla,2,1,0,30291,0,0,0,0,0,29754,537,0,0,0
2020-11-08,port120,Barranquilla,3,2,0,618,0,0,0,0,0,0,618,0,0,0
2020-11-09,port120,Barranquilla,2,0,2677,2326,0,0,0,2677,0,0,0,890,1436,0
2020-11-10,port120,Barranquilla,5,3,68552,644,62271,6280,0,0,0,0,644,0,0,0
2020-11-11,port120,Barranquilla,1,1,0,492,0,0,0,0,0,0,492,0,0,0
2020-11-12,port120,Barranquilla,1,0,36387,0,36387,0,0,0,0,0,0,0,0,0
2020-11-13,port120,Barranquilla,5,1,17900,1910,0,1121,0,16779,0,0,0,0,1910,0
2020-11-14,port120,Barranquilla,2,2,0,4380,0,0,0,0,0,0,4380,0,0,0
2020-11-15,port120,Barranquilla,4,1,975,31893,0,975,0,0,0,26409,644,4839,0,0
2020-11-16,port120,Barranquilla,2,0,26032,0,25337,0,695,0,0,0,0,0,0,0
2020-11-17,port120,Barranquilla,5,2,8685,386,0,1577,7108,0,0,0,386,0,0,0
2020-11-18,port120,Barranquilla,2,0,47279,0,47279,0,0,0,0,0,0,0,0,0
2020-11-19,port120,Barranquilla,1,1,975,644,0,975,0,0,0,0,644,0,0,0
2020-11-20,port120,Barranquilla,4,1,25974,0,24122,1851,0,0,0,0,0,0,0,0
2020-11-21,port120,Barranquilla,2,2,1951,1289,0,1951,0,0,0,0,1289,0,0,0
2020-11-22,port120,Barranquilla,1,1,975,644,0,975,0,0,0,0,644,0,0,0
2020-11-23,port120,Barranquilla,1,1,0,633,0,0,0,0,0,0,633,0,0,0
2020-11-24,port120,Barranquilla,1,1,0,772,0,0,0,0,0,0,772,0,0,0
2020-11-25,port120,Barranquilla,5,2,3943,21580,0,746,3197,0,0,21309,271,0,0,0
2020-11-26,port120,Barranquilla,2,0,19778,0,19778,0,0,0,0,0,0,0,0,0
2020-11-27,port120,Barranquilla,6,2,9024,61843,0,2570,0,6454,0,24269,644,0,36928,0
2020-11-28,port120,Barranquilla,2,2,975,2068,0,975,0,0,0,0,2068,0,0,0
2020-11-29,port120,Barranquilla,2,1,31185,1115,31185,0,0,0,0,0,1115,0,0,0
2020-11-30,port120,Barranquilla,2,1,3813,2448,0,3813,0,0,0,0,0,2448,0,0
2020-12-01,port120,Barranquilla,4,2,54885,522,52944,1940,0,0,0,0,522,0,0,0
2020-12-02,port120,Barranquilla,5,1,6910,3254,2740,2474,1694,0,0,0,0,3254,0,0
2020-12-03,port120,Barranquilla,3,1,10816,0,0,3141,7675,0,0,0,0,0,0,0
2020-12-04,port120,Barranquilla,2,1,3902,1710,0,2207,1694,0,0,0,0,1710,0,0
2020-12-05,port120,Barranquilla,2,2,0,3400,0,0,0,0,0,0,3400,0,0,0
2020-12-06,port120,Barranquilla,5,1,21590,1696,0,975,7587,13026,0,0,644,0,1051,0
2020-12-07,port120,Barranquilla,1,0,0,24609,0,0,0,0,0,24609,0,0,0,0
2020-12-08,port120,Barranquilla,3,2,37605,771,36028,1577,0,0,0,0,771,0,0,0
2020-12-09,port120,Barranquilla,3,1,2323,644,0,975,0,1347,0,0,644,0,0,0
2020-12-10,port120,Barranquilla,2,0,25628,3429,25628,0,0,0,0,0,0,0,3429,0
2020-12-11,port120,Barranquilla,2,1,30062,0,24801,5260,0,0,0,0,0,0,0,0
2020-12-12,port120,Barranquilla,1,1,0,2043,0,0,0,0,0,0,2043,0,0,0
2020-12-13,port120,Barranquilla,4,1,22733,644,17470,975,4287,0,0,0,644,0,0,0
2020-12-14,port120,Barranquilla,7,1,46738,44321,40883,1896,2082,1875,0,31848,0,0,12472,0
2020-12-15,port120,Barranquilla,3,1,2721,5492,0,2721,0,0,0,1089,0,4403,0,0
2020-12-16,port120,Barranquilla,1,1,975,644,0,975,0,0,0,0,644,0,0,0
2020-12-17,port120,Barranquilla,2,1,0,25518,0,0,0,0,0,24165,1353,0,0,0
2020-12-18,port120,Barranquilla,2,2,975,1455,0,975,0,0,0,0,1455,0,0,0
2020-12-19,port120,Barranquilla,1,0,0,0,0,0,0,0,0,0,0,0,0,0
2020-12-20,port120,Barranquilla,5,1,50684,9881,50684,0,0,0,0,0,1112,8768,0,0
2020-12-21,port120,Barranquilla,3,1,1901,2074,0,1901,0,0,0,2074,0,0,0,0
2020-12-22,port120,Barranquilla,0,0,0,0,0,0,0,0,0,0,0,0,0,0
2020-12-23,port120,Barranquilla,3,1,28155,0,27383,771,0,0,0,0,0,0,0,0
2020-12-24,port120,Barranquilla,2,0,0,2899,0,0,0,0,0,2899,0,0,0,0
2020-12-25,port120,Barranquilla,5,2,17623,777,2749,1474,0,13399,0,0,777,0,0,0
2020-12-26,port120,Barranquilla,4,1,3908,0,0,652,3255,0,0,0,0,0,0,0
2020-12-27,port120,Barranquilla,3,1,10742,26665,0,0,0,10742,0,25930,734,0,0,0
2020-12-28,port120,Barranquilla,2,1,4945,0,0,2494,2450,0,0,0,0,0,0,0
2020-12-29,port120,Barranquilla,2,1,0,259,0,0,0,0,0,0,259,0,0,0
2020-12-30,port120,Barranquilla,5,2,3639,3752,0,1515,2123,0,0,0,0,3752,0,0
2020-12-31,port120,Barranquilla,3,1,12156,0,11887,269,0,0,0,0,0,0,0,0
2021-01-01,port120,Barranquilla,1,1,1841,0,0,1841,0,0,0,0,0,0,0,0
2021-01-02,port120,Barranquilla,3,1,9586,1046,8592,994,0,0,0,0,0,1046,0,0
2021-01-03,port120,Barranquilla,1,1,975,644,0,975,0,0,0,0,644,0,0,0
2021-01-04,port120,Barranquilla,3,1,12177,0,0,2494,6938,2743,0,0,0,0,0,0
2021-01-05,port120,Barranquilla,5,2,2007,1903,0,272,1734,0,0,0,384,1518,0,0
2021-01-06,port120,Barranquilla,4,1,2465,0,0,496,1969,0,0,0,0,0,0,0
2021-01-07,port120,Barranquilla,1,0,0,2101,0,0,0,0,0,0,0,2101,0,0
2021-01-08,port120,Barranquilla,2,1,3553,644,0,975,2578,0,0,0,644,0,0,0
2021-01-09,port120,Barranquilla,4,2,0,3333,0,0,0,0,0,0,992,2340,0,0
2021-01-10,port120,Barranquilla,2,1,10944,644,0,975,0,9968,0,0,644,0,0,0
2021-01-11,port120,Barranquilla,2,1,0,8161,0,0,0,0,0,6295,1866,0,0,0
2021-01-12,port120,Barranquilla,0,0,0,0,0,0,0,0,0,0,0,0,0,0
2021-01-13,port120,Barranquilla,6,1,23106,24305,17431,2434,0,3240,0,24305,0,0,0,0
2021-01-14,port120,Barranquilla,4,2,20113,644,0,4472,0,15641,0,0,644,0,0,0
2021-01-15,port120,Barranquilla,5,2,22957,0,19253,2013,1690,0,0,0,0,0,0,0
2021-01-16,port120,Barranquilla,3,1,6671,5422,0,0,6671,0,0,0,1349,4073,0,0
2021-01-17,port120,Barranquilla,3,1,26436,25636,26436,0,0,0,0,24896,740,0,0,0
2021-01-18,port120,Barranquilla,3,1,3441,30479,0,3441,0,0,0,27096,0,3383,0,0
2021-01-19,port120,Barranquilla,2,2,2469,0,0,2469,0,0,0,0,0,0,0,0
2021-01-20,port120,Barranquilla,1,1,0,0,0,0,0,0,0,0,0,0,0,0
2021-01-21,port120,Barranquilla,5,0,32910,3893,27307,0,5603,0,0,0,0,3893,0,0
2021-01-22,port120,Barranquilla,3,2,12113,1037,0,1851,0,10261,0,0,1037,0,0,0
2021-01-23,port120,Barranquilla,2,0,28005,0,28005,0,0,0,0,0,0,0,0,0
2021-01-24,port120,Barranquilla,7,2,9595,26135,0,975,1694,6925,0,22797,1627,1710,0,0
2021-01-25,port120,Barranquilla,4,0,3155,4099,0,0,3155,0,0,0,0,4099,0,0
2021-01-26,port120,Barranquilla,3,1,53850,0,52271,1579,0,0,0,0,0,0,0,0
2021-01-27,port120,Barranquilla,4,2,5013,3579,3269,1744,0,0,0,0,644,2934,0,0
2021-01-28,port120,Barranquilla,1,0,0,6358,0,0,0,0,0,0,0,0,6358,0
2021-01-29,port120,Barranquilla,2,2,0,5936,0,0,0,0,0,0,5936,0,0,0
2021-01-30,port120,Barranquilla,3,2,27603,3560,27083,520,0,0,0,0,3560,0,0,0
2021-01-31,port120,Barranquilla,3,1,3571,21640,2595,975,0,0,0,20995,644,0,0,0
2021-02-01,port120,Barranquilla,4,1,19360,1710,16716,949,1694,0,0,0,0,1710,0,0
2021-02-02,port120,Barranquilla,1,1,975,644,0,975,0,0,0,0,644,0,0,0
2021-02-03,port120,Barranquilla,1,1,0,248,0,0,0,0,0,0,248,0,0,0
2021-02-04,port120,Barranquilla,4,1,23515,7812,11956,975,10583,0,0,5456,644,1710,0,0
2021-02-05,port120,Barranquilla,3,1,4672,0,0,2581,199,1891,0,0,0,0,0,0
2021-02-06,port120,Barranquilla,3,2,248,1523,0,248,0,0,0,0,1523,0,0,0
2021-02-07,port120,Barranquilla,3,1,0,4065,0,0,0,0,0,2591,1474,0,0,0
2021-02-08,port120,Barranquilla,3,1,8566,6133,0,2156,0,6409,0,0,0,6133,0,0
2021-02-09,port120,Barranquilla,3,1,23776,4083,21954,1822,0,0,0,0,0,0,4083,0
2021-02-10,port120,Barranquilla,4,1,16068,11572,15092,975,0,0,0,0,644,10927,0,0
2021-02-11,port120,Barranquilla,3,1,6780,0,0,2434,4346,0,0,0,0,0,0,0
2021-02-12,port120,Barranquilla,5,2,5304,5097,0,3609,1694,0,0,0,0,5097,0,0
2021-02-13,port120,Barranquilla,3,1,0,4329,0,0,0,0,0,0,4329,0,0,0
2021-02-14,port120,Barranquilla,3,1,15242,644,0,975,4721,9544,0,0,644,0,0,0
2021-02-15,port120,Barranquilla,2,1,0,2824,0,0,0,0,0,0,2824,0,0,0
2021-02-16,port120,Barranquilla,4,1,26570,51333,25760,810,0,0,0,51333,0,0,0,0
2021-02-17,port120,Barranquilla,3,1,1690,0,0,0,1690,0,0,0,0,0,0,0
2021-02-18,port120,Barranquilla,0,0,0,0,0,0,0,0,0,0,0,0,0,0
2021-02-19,port120,Barranquilla,6,2,10952,14937,0,2514,4948,3488,0,0,644,1710,12582,0
2021-02-20,port120,Barranquilla,7,2,29540,37611,28565,975,0,0,0,31651,2327,3633,0,0
2021-02-21,port120,Barranquilla,1,1,371,0,0,371,0,0,0,0,0,0,0,0
2021-02-22,port120,Barranquilla,1,1,359,0,0,359,0,0,0,0,0,0,0,0
2021-02-23,port120,Barranquilla,3,1,4716,3733,0,776,0,3939,0,0,0,3733,0,0
2021-02-24,port120,Barranquilla,0,0,0,0,0,0,0,0,0,0,0,0,0,0
2021-02-25,port120,Barranquilla,2,0,23439,2732,23439,0,0,0,0,2732,0,0,0,0
2021-02-26,port120,Barranquilla,7,2,61509,34360,57995,3351,162,0,0,34090,269,0,0,0
2021-02-27,port120,Barranquilla,4,1,4329,4677,0,975,0,3354,0,0,644,2122,1910,0
2021-02-28,port120,Barranquilla,1,1,0,367,0,0,0,0,0,0,367,0,0,0
2021-03-01,port120,Barranquilla,1,0,22858,0,22858,0,0,0,0,0,0,0,0,0
2021-03-02,port120,Barranquilla,4,2,358,5611,0,358,0,0,0,4449,1161,0,0,0
2021-03-03,port120,Barranquilla,1,1,827,0,0,827,0,0,0,0,0,0,0,0
2021-03-04,port120,Barranquilla,1,0,40391,0,40391,0,0,0,0,0,0,0,0,0
2021-03-05,port120,Barranquilla,5,1,36972,44073,33227,3744,0,0,0,44073,0,0,0,0
2021-03-06,port120,Barranquilla,3,1,13068,991,0,0,0,13068,0,0,991,0,0,0
2021-03-07,port120,Barranquilla,5,1,43407,2340,32835,739,9832,0,0,0,0,2340,0,0
2021-03-08,port120,Barranquilla,3,0,1694,6418,0,0,1694,0,0,0,0,6418,0,0
2021-03-09,port120,Barranquilla,4,2,6401,19386,0,718,5682,0,0,19000,385,0,0,0
2021-03-10,port120,Barranquilla,4,0,13614,0,0,0,0,13614,0,0,0,0,0,0
2021-03-11,port120,Barranquilla,0,0,0,0,0,0,0,0,0,0,0,0,0,0
2021-03-12,port120,Barranquilla,5,3,81648,644,73945,7703,0,0,0,0,644,0,0,0
2021-03-13,port120,Barranquilla,6,2,14705,42033,11956,1083,1665,0,0,40782,1250,0,0,0
2021-03-14,port120,Barranquilla,3,1,34831,6774,21383,0,0,13448,0,0,6774,0,0,0
2021-03-15,port120,Barranquilla,3,0,25366,20908,25366,0,0,0,0,20908,0,0,0,0
2021-03-16,port120,Barranquilla,6,2,6060,8665,0,975,5084,0,0,0,1193,7471,0,0
2021-03-17,port120,Barranquilla,1,0,32370,0,32370,0,0,0,0,0,0,0,0,0
2021-03-18,port120,Barranquilla,7,1,5839,62019,0,975,4864,0,0,58973,644,0,2401,0
2021-03-19,port120,Barranquilla,0,0,0,0,0,0,0,0,0,0,0,0,0,0
2021-03-20,port120,Barranquilla,6,2,8142,1949,0,6186,1955,0,0,0,0,0,1949,0
2021-03-21,port120,Barranquilla,2,2,0,1747,0,0,0,0,0,0,1747,0,0,0
2021-03-22,port120,Barranquilla,4,0,3108,0,0,0,1216,1891,0,0,0,0,0,0
2021-03-23,port120,Barranquilla,3,2,17592,5456,11956,5635,0,0,0,5456,0,0,0,0
2021-03-24,port120,Barranquilla,1,0,7228,0,0,0,7228,0,0,0,0,0,0,0
2021-03-25,port120,Barranquilla,1,0,2677,1436,0,0,0,2677,0,0,0,0,1436,0
2021-03-26,port120,Barranquilla,6,1,81973,0,74808,3721,3443,0,0,0,0,0,0,0
2021-03-27,port120,Barranquilla,2,1,2677,2507,0,0,0,2677,0,0,1071,0,1436,0
2021-03-28,port120,Barranquilla,6,2,24120,16638,19836,975,1694,1613,0,0,1728,1710,13199,0
2021-03-29,port120,Barranquilla,1,1,358,0,0,358,0,0,0,0,0,0,0,0
2021-03-30,port120,Barranquilla,2,0,1641,926,0,0,1641,0,0,0,0,0,926,0
2021-03-31,port120,Barranquilla,5,1,53662,3952,50881,0,2781,0,0,0,1158,2794,0,0
2021-04-01,port120,Barranquilla,3,0,40521,7624,38826,0,1694,0,0,0,0,7624,0,0
2021-04-02,port120,Barranquilla,3,2,724,34707,0,724,0,0,0,30518,4188,0,0,0
2021-04-03,port120,Barranquilla,1,0,0,26856,0,0,0,0,0,26856,0,0,0,0
2021-04-04,port120,Barranquilla,2,1,34496,644,33520,975,0,0,0,0,644,0,0,0
2021-04-05,port120,Barranquilla,6,2,44159,5456,39258,4900,0,0,0,5456,0,0,0,0
2021-04-06,port120,Barranquilla,2,1,0,386,0,0,0,0,0,0,386,0,0,0
2021-04-07,port120,Barranquilla,1,0,11956,5456,11956,0,0,0,0,5456,0,0,0,0
2021-04-08,port120,Barranquilla,5,2,4757,26401,0,2242,0,2515,0,26401,0,0,0,0
2021-04-09,port120,Barranquilla,5,2,44702,0,35188,7909,1603,0,0,0,0,0,0,0
2021-04-10,port120,Barranquilla,4,2,21345,2310,0,975,0,20370,0,0,2310,0,0,0
2021-04-11,port120,Barranquilla,2,1,1849,28975,0,1849,0,0,0,28975,0,0,0,0
2021-04-12,port120,Barranquilla,2,1,2884,0,0,2884,0,0,0,0,0,0,0,0
2021-04-13,port120,Barranquilla,3,1,1670,0,0,1670,0,0,0,0,0,0,0,0
2021-04-14,port120,Barranquilla,1,1,975,644,0,975,0,0,0,0,644,0,0,0
2021-04-15,port120,Barranquilla,1,0,0,163,0,0,0,0,0,0,0,163,0,0
2021-04-16,port120,Barranquilla,8,1,18940,12065,0,5592,10649,2698,0,0,0,0,12065,0
2021-04-17,port120,Barranquilla,6,3,48797,16531,47822,975,0,0,0,0,2420,0,14111,0
2021-04-18,port120,Barranquilla,1,1,975,644,0,975,0,0,0,0,644,0,0,0
2021-04-19,port120,Barranquilla,3,1,0,3868,0,0,0,0,0,0,3541,326,0,0
2021-04-20,port120,Barranquilla,4,1,4027,28971,0,774,3253,0,0,28434,0,0,537,0
2021-04-21,port120,Barranquilla,5,0,45325,16791,30971,0,14354,0,0,16791,0,0,0,0
2021-04-22,port120,Barranquilla,2,1,4429,1910,0,1075,0,3354,0,0,0,0,1910,0
2021-04-23,port120,Barranquilla,5,2,7562,7276,6745,816,0,0,0,0,2719,4557,0,0
2021-04-24,port120,Barranquilla,1,0,3829,0,3829,0,0,0,0,0,0,0,0,0
2021-04-25,port120,Barranquilla,2,1,1659,1859,0,0,1659,0,0,0,1859,0,0,0
2021-04-26,port120,Barranquilla,4,1,31749,3602,25681,6067,0,0,0,3602,0,0,0,0
2021-04-27,port120,Barranquilla,2,1,0,14054,0,0,0,0,0,0,775,0,13279,0
2021-04-28,port120,Barranquilla,5,0,67913,30935,66483,0,1430,0,0,30935,0,0,0,0
2021-04-29,port120,Barranquilla,4,1,35949,3701,35709,240,0,0,0,0,0,0,3701,0
2021-04-30,port120,Barranquilla,2,1,5658,1436,0,2981,0,2677,0,0,0,0,1436,0
2021-05-01,port120,Barranquilla,2,0,0,536,0,0,0,0,0,0,0,0,536,0
2021-05-02,port120,Barranquilla,2,2,0,992,0,0,0,0,0,0,992,0,0,0
2021-05-03,port120,Barranquilla,1,1,0,2467,0,0,0,0,0,0,2467,0,0,0
2021-05-04,port120,Barranquilla,3,2,2978,0,0,2978,0,0,0,0,0,0,0,0
2021-05-05,port120,Barranquilla,1,0,0,28062,0,0,0,0,0,28062,0,0,0,0
2021-05-06,port120,Barranquilla,5,0,6164,4515,6164,0,0,0,0,0,0,4515,0,0
2021-05-07,port120,Barranquilla,3,2,36830,1194,30457,6373,0,0,0,0,1194,0,0,0
2021-05-08,port120,Barranquilla,2,0,19890,0,6373,0,0,13517,0,0,0,0,0,0
2021-05-09,port120,Barranquilla,1,1,371,0,0,371,0,0,0,0,0,0,0,0
2021-05-10,port120,Barranquilla,4,1,3178,28190,0,500,0,2677,0,26753,0,0,1436,0
2021-05-11,port120,Barranquilla,3,1,10180,0,0,2824,7355,0,0,0,0,0,0,0
2021-05-12,port120,Barranquilla,4,1,31993,0,29810,2182,0,0,0,0,0,0,0,0
2021-05-13,port120,Barranquilla,3,0,32134,0,32134,0,0,0,0,0,0,0,0,0
2021-05-14,port120,Barranquilla,4,3,30280,3479,29304,975,0,0,0,0,3479,0,0,0
2021-05-15,port120,Barranquilla,1,0,29767,0,29767,0,0,0,0,0,0,0,0,0
2021-05-16,port120,Barranquilla,2,2,0,2717,0,0,0,0,0,0,2717,0,0,0
2021-05-17,port120,Barranquilla,4,1,1525,1271,0,723,0,802,0,0,0,1271,0,0
2021-05-18,port120,Barranquilla,5,1,14929,27849,0,4174,10755,0,0,27849,0,0,0,0
2021-05-19,port120,Barranquilla,5,2,33612,1002,32637,975,0,0,0,0,644,357,0,0
2021-05-20,port120,Barranquilla,1,0,0,0,0,0,0,0,0,0,0,0,0,0
2021-05-21,port120,Barranquilla,3,1,42880,0,33901,5180,3797,0,0,0,0,0,0,0
2021-05-22,port120,Barranquilla,2,1,35574,644,34598,975,0,0,0,0,644,0,0,0
2021-05-23,port120,Barranquilla,2,1,3784,0,0,3784,0,0,0,0,0,0,0,0
2021-05-24,port120,Barranquilla,4,0,38079,1093,33741,0,0,4338,0,1093,0,0,0,0
2021-05-25,port120,Barranquilla,4,2,18371,26732,16699,1671,0,0,0,24264,2467,0,0,0
2021-05-26,port120,Barranquilla,4,1,387,1469,0,387,0,0,0,1469,0,0,0,0
2021-05-27,port120,Barranquilla,0,0,0,0,0,0,0,0,0,0,0,0,0,0
2021-05-28,port120,Barranquilla,4,1,2623,2231,0,2623,0,0,0,0,0,2231,0,0
2021-05-29,port120,Barranquilla,1,0,0,2403,0,0,0,0,0,0,0,2403,0,0
2021-05-30,port120,Barranquilla,6,2,7604,27245,0,0,7604,0,0,20953,4936,231,1123,0
2021-05-31,port120,Barranquilla,3,0,33209,0,28139,0,5070,0,0,0,0,0,0,0
2021-06-01,port120,Barranquilla,3,2,2661,1722,0,975,1685,0,0,0,1722,0,0,0
2021-06-02,port120,Barranquilla,6,2,9756,30823,3762,1500,3416,1076,0,30823,0,0,0,0
2021-06-03,port120,Barranquilla,3,0,0,40652,0,0,0,0,0,35142,0,5509,0,0
2021-06-04,port120,Barranquilla,3,1,5470,0,0,4482,0,987,0,0,0,0,0,0
2021-06-05,port120,Barranquilla,4,2,23846,2222,23846,0,0,0,0,0,2222,0,0,0
2021-06-06,port120,Barranquilla,2,1,24923,4821,24923,0,0,0,0,0,4821,0,0,0
2021-06-07,port120,Barranquilla,3,0,26840,31941,26840,0,0,0,0,31941,0,0,0,0
2021-06-08,port120,Barranquilla,7,1,34973,64881,32276,0,0,2696,0,63806,1074,0,0,0
2021-06-09,port120,Barranquilla,2,1,29595,644,28619,975,0,0,0,0,644,0,0,0
2021-06-10,port120,Barranquilla,3,1,24876,2355,22205,975,1694,0,0,0,644,1710,0,0
2021-06-11,port120,Barranquilla,3,2,4827,1167,0,4827,0,0,0,0,1167,0,0,0
2021-06-12,port120,Barranquilla,2,1,2677,2214,0,0,0,2677,0,0,777,0,1436,0
2021-06-13,port120,Barranquilla,3,2,2367,11733,0,2367,0,0,0,0,0,0,11733,0
2021-06-14,port120,Barranquilla,3,0,32821,1436,30143,0,0,2677,0,0,0,0,1436,0
2021-06-15,port120,Barranquilla,6,2,24633,30014,20883,2054,1694,0,0,27658,644,1710,0,0
2021-06-16,port120,Barranquilla,1,0,0,3844,0,0,0,0,0,0,0,3844,0,0
2021-06-17,port120,Barranquilla,4,1,44878,1310,32880,0,0,11998,0,0,0,0,1310,0
2021-06-18,port120,Barranquilla,2,1,7314,0,3588,3726,0,0,0,0,0,0,0,0
2021-06-19,port120,Barranquilla,6,1,32549,1945,30854,0,1694,0,0,0,235,1710,0,0
2021-06-20,port120,Barranquilla,5,2,2941,4224,0,975,1694,271,0,0,2514,1710,0,0
2021-06-21,port120,Barranquilla,2,0,0,8005,0,0,0,0,0,5404,0,0,2601,0
2021-06-22,port120,Barranquilla,3,1,24475,0,24475,0,0,0,0,0,0,0,0,0
2021-06-23,port120,Barranquilla,1,0,25934,0,25934,0,0,0,0,0,0,0,0,0
2021-06-24,port120,Barranquilla,1,0,1882,0,0,0,0,1882,0,0,0,0,0,0
2021-06-25,port120,Barranquilla,4,1,975,644,0,975,0,0,0,0,644,0,0,0
2021-06-26,port120,Barranquilla,2,0,15754,0,15754,0,0,0,0,0,0,0,0,0
2021-06-27,port120,Barranquilla,5,2,14274,2205,0,2588,11685,0,0,0,495,1710,0,0
2021-06-28,port120,Barranquilla,3,1,2838,9284,0,975,0,1863,0,8639,644,0,0,0
2021-06-29,port120,Barranquilla,3,2,781,23350,0,781,0,0,0,20883,2467,0,0,0
2021-06-30,port120,Barranquilla,4,1,14149,644,0,975,0,13173,0,0,644,0,0,0
2021-07-01,port120,Barranquilla,4,1,975,4187,0,975,0,0,0,572,644,2970,0,0
2021-07-02,port120,Barranquilla,4,2,22486,0,11538,10948,0,0,0,0,0,0,0,0
2021-07-03,port120,Barranquilla,3,1,4482,249,0,0,4482,0,0,0,249,0,0,0
2021-07-04,port120,Barranquilla,3,1,0,12587,0,0,0,0,0,12216,370,0,0,0
2021-07-05,port120,Barranquilla,1,1,0,325,0,0,0,0,0,0,325,0,0,0
2021-07-06,port120,Barranquilla,4,2,1714,3785,0,472,0,1241,0,960,2824,0,0,0
2021-07-07,port120,Barranquilla,1,1,3064,0,0,3064,0,0,0,0,0,0,0,0
2021-07-08,port120,Barranquilla,2,1,1920,2370,0,1920,0,0,0,0,0,2370,0,0
2021-07-09,port120,Barranquilla,0,0,0,0,0,0,0,0,0,0,0,0,0,0
2021-07-10,port120,Barranquilla,2,1,1941,0,0,1941,0,0,0,0,0,0,0,0
2021-07-11,port120,Barranquilla,5,2,16738,7779,11956,2353,2429,0,0,5456,2322,0,0,0
2021-07-12,port120,Barranquilla,0,0,0,0,0,0,0,0,0,0,0,0,0,0
2021-07-13,port120,Barranquilla,2,0,0,2545,0,0,0,0,0,0,0,2545,0,0
2021-07-14,port120,Barranquilla,2,1,975,2743,0,975,0,0,0,0,644,2098,0,0
2021-07-15,port120,Barranquilla,3,1,0,0,0,0,0,0,0,0,0,0,0,0
2021-07-16,port120,Barranquilla,3,1,975,644,0,975,0,0,0,0,644,0,0,0
2021-07-17,port120,Barranquilla,4,1,42242,0,39192,3049,0,0,0,0,0,0,0,0
2021-07-18,port120,Barranquilla,3,2,24916,0,24916,0,0,0,0,0,0,0,0,0
2021-07-19,port120,Barranquilla,4,1,0,40578,0,0,0,0,0,32274,2467,0,5837,0
2021-07-20,port120,Barranquilla,0,0,0,0,0,0,0,0,0,0,0,0,0,0
2021-07-21,port120,Barranquilla,3,2,1608,326,0,0,0,1608,0,0,326,0,0,0
2021-07-22,port120,Barranquilla,3,1,6898,0,3613,3284,0,0,0,0,0,0,0,0
2021-07-23,port120,Barranquilla,5,2,9936,3923,8960,975,0,0,0,0,2555,1367,0,0
2021-07-24,port120,Barranquilla,3,2,0,5078,0,0,0,0,0,0,5078,0,0,0
2021-07-25,port120,Barranquilla,2,1,3043,1436,0,365,0,2677,0,0,0,0,1436,0
2021-07-26,port120,Barranquilla,2,0,22332,0,20717,0,0,1614,0,0,0,0,0,0
2021-07-27,port120,Barranquilla,4,1,30885,6331,24832,0,6052,0,0,0,4620,1710,0,0
2021-07-28,port120,Barranquilla,6,0,7999,5837,0,0,5541,2457,0,0,0,0,5837,0
2021-07-29,port120,Barranquilla,4,3,2854,644,0,2854,0,0,0,0,644,0,0,0
2021-07-30,port120,Barranquilla,2,1,2317,0,0,2317,0,0,0,0,0,0,0,0
2021-07-31,port120,Barranquilla,3,1,28574,24606,28574,0,0,0,0,24279,326,0,0,0
2021-08-01,port120,Barranquilla,4,2,1471,1991,0,1471,0,0,0,0,1991,0,0,0
2021-08-02,port120,Barranquilla,3,0,0,5195,0,0,0,0,0,0,0,5195,0,0
2021-08-03,port120,Barranquilla,4,2,2371,476,0,0,2371,0,0,0,476,0,0,0
2021-08-04,port120,Barranquilla,3,0,10409,0,0,0,0,10409,0,0,0,0,0,0
2021-08-05,port120,Barranquilla,6,2,18788,2751,14062,0,2811,1914,0,0,2751,0,0,0
2021-08-06,port120,Barranquilla,4,1,19202,13671,17348,1854,0,0,0,0,0,907,12764,0
2021-08-07,port120,Barranquilla,3,1,2144,1820,0,0,0,2144,0,0,1820,0,0,0
2021-08-08,port120,Barranquilla,2,1,370,0,0,370,0,0,0,0,0,0,0,0
2021-08-09,port120,Barranquilla,3,0,0,28935,0,0,0,0,0,28935,0,0,0,0
2021-08-10,port120,Barranquilla,3,2,1385,24449,0,1385,0,0,0,23587,861,0,0,0
2021-08-11,port120,Barranquilla,4,1,63435,0,57943,389,5102,0,0,0,0,0,0,0
2021-08-12,port120,Barranquilla,2,1,28307,3785,28307,0,0,0,0,0,3785,0,0,0
2021-08-13,port120,Barranquilla,3,1,34354,7291,27951,6402,0,0,0,0,0,0,7291,0
2021-08-14,port120,Barranquilla,2,1,2144,952,0,0,0,2144,0,0,952,0,0,0
2021-08-15,port120,Barranquilla,4,1,25236,1436,22187,371,0,2677,0,0,0,0,1436,0
2021-08-16,port120,Barranquilla,3,1,0,1077,0,0,0,0,0,0,1077,0,0,0
2021-08-17,port120,Barranquilla,2,0,1216,22097,0,0,1216,0,0,22097,0,0,0,0
2021-08-18,port120,Barranquilla,1,1,0,382,0,0,0,0,0,0,382,0,0,0
2021-08-19,port120,Barranquilla,2,1,1230,0,0,1230,0,0,0,0,0,0,0,0
2021-08-20,port120,Barranquilla,4,1,3653,5711,0,975,0,2677,0,0,644,3630,1436,0
2021-08-21,port120,Barranquilla,2,0,5683,1177,0,0,5683,0,0,0,0,1177,0,0
2021-08-22,port120,Barranquilla,2,2,0,737,0,0,0,0,0,0,737,0,0,0
2021-08-23,port120,Barranquilla,2,1,0,3541,0,0,0,0,0,0,3541,0,0,0
2021-08-24,port120,Barranquilla,2,1,975,2790,0,975,0,0,0,0,644,2146,0,0
2021-08-25,port120,Barranquilla,3,0,936,5339,0,0,0,936,0,5339,0,0,0,0
2021-08-26,port120,Barranquilla,4,0,0,2340,0,0,0,0,0,0,0,2340,0,0
2021-08-27,port120,Barranquilla,2,1,2353,0,0,2353,0,0,0,0,0,0,0,0
2021-08-28,port120,Barranquilla,5,1,2423,1005,2423,0,0,0,0,1005,0,0,0,0
2021-08-29,port120,Barranquilla,9,2,23511,43581,11956,367,0,11188,0,34794,1247,7539,0,0
2021-08-30,port120,Barranquilla,4,1,11956,25292,11956,0,0,0,0,5456,3162,3633,13039,0
2021-08-31,port120,Barranquilla,6,2,29237,0,28457,780,0,0,0,0,0,0,0,0
2021-09-01,port120,Barranquilla,6,1,2641,8534,0,975,1665,0,0,1635,644,0,6254,0
2021-09-02,port120,Barranquilla,4,1,6490,19930,5751,739,0,0,0,19930,0,0,0,0
2021-09-03,port120,Barranquilla,3,1,7280,4907,0,2712,0,4568,0,4907,0,0,0,0
2021-09-04,port120,Barranquilla,6,1,31728,10913,29933,720,0,1074,0,10913,0,0,0,0
2021-09-05,port120,Barranquilla,2,1,12936,644,11960,975,0,0,0,0,644,0,0,0
2021-09-06,port120,Barranquilla,1,1,0,4260,0,0,0,0,0,0,4260,0,0,0
2021-09-07,port120,Barranquilla,2,0,0,0,0,0,0,0,0,0,0,0,0,0
2021-09-08,port120,Barranquilla,4,1,692,3364,0,474,217,0,0,0,0,3364,0,0
2021-09-09,port120,Barranquilla,7,2,25083,6875,13757,975,10349,0,0,5456,1418,0,0,0
2021-09-10,port120,Barranquilla,2,1,3701,0,0,3701,0,0,0,0,0,0,0,0
2021-09-11,port120,Barranquilla,4,1,0,896,0,0,0,0,0,0,521,0,374,0
2021-09-12,port120,Barranquilla,1,1,0,539,0,0,0,0,0,0,539,0,0,0
2021-09-13,port120,Barranquilla,3,1,13325,7680,11956,0,0,1369,0,5456,2223,0,0,0
2021-09-14,port120,Barranquilla,5,2,7027,7766,3364,3663,0,0,0,4583,3182,0,0,0
2021-09-15,port120,Barranquilla,4,2,5193,764,0,1802,3391,0,0,0,764,0,0,0
2021-09-16,port120,Barranquilla,3,0,6401,0,0,0,4357,2043,0,0,0,0,0,0
2021-09-17,port120,Barranquilla,3,1,4807,0,0,4807,0,0,0,0,0,0,0,0
2021-09-18,port120,Barranquilla,2,0,1115,1038,0,0,0,1115,0,0,0,1038,0,0
2021-09-19,port120,Barranquilla,5,1,11956,9098,11956,0,0,0,0,5456,989,2651,0,0
2021-09-20,port120,Barranquilla,3,1,0,31839,0,0,0,0,0,26120,3695,0,2023,0
2021-09-21,port120,Barranquilla,3,1,0,7052,0,0,0,0,0,0,4620,2432,0,0
2021-09-22,port120,Barranquilla,2,0,0,19272,0,0,0,0,0,19272,0,0,0,0
2021-09-23,port120,Barranquilla,6,2,33885,8454,30910,1687,1288,0,0,0,770,7684,0,0
2021-09-24,port120,Barranquilla,4,2,6308,519,0,3360,2948,0,0,0,519,0,0,0
2021-09-25,port120,Barranquilla,2,0,0,13118,0,0,0,0,0,0,0,13118,0,0
2021-09-26,port120,Barranquilla,4,2,991,20968,0,991,0,0,0,18600,0,2368,0,0
2021-09-27,port120,Barranquilla,0,0,0,0,0,0,0,0,0,0,0,0,0,0
2021-09-28,port120,Barranquilla,2,1,0,8129,0,0,0,0,0,0,2467,5662,0,0
2021-09-29,port120,Barranquilla,4,1,497,22940,0,497,0,0,0,20698,0,2241,0,0
2021-09-30,port120,Barranquilla,2,2,3010,0,0,3010,0,0,0,0,0,0,0,0
2021-10-01,port120,Barranquilla,1,1,1486,0,0,1486,0,0,0,0,0,0,0,0
2021-10-02,port120,Barranquilla,2,2,0,2691,0,0,0,0,0,0,2691,0,0,0
2021-10-03,port120,Barranquilla,1,1,975,644,0,975,0,0,0,0,644,0,0,0
2021-10-04,port120,Barranquilla,1,0,0,0,0,0,0,0,0,0,0,0,0,0
2021-10-05,port120,Barranquilla,1,0,0,0,0,0,0,0,0,0,0,0,0,0
2021-10-06,port120,Barranquilla,3,0,34585,0,25343,0,0,9242,0,0,0,0,0,0
2021-10-07,port120,Barranquilla,1,0,0,3925,0,0,0,0,0,0,0,3925,0,0
2021-10-08,port120,Barranquilla,7,2,14906,8497,0,1868,13037,0,0,0,0,8497,0,0
2021-10-09,port120,Barranquilla,3,1,29830,644,28855,975,0,0,0,0,644,0,0,0
2021-10-10,port120,Barranquilla,6,2,975,29924,0,975,0,0,0,23911,2859,3153,0,0
2021-10-11,port120,Barranquilla,2,1,726,484,0,726,0,0,0,484,0,0,0,0
2021-10-12,port120,Barranquilla,2,0,32865,0,32865,0,0,0,0,0,0,0,0,0
2021-10-13,port120,Barranquilla,3,2,3024,2188,0,3024,0,0,0,0,644,0,1543,0
2021-10-14,port120,Barranquilla,0,0,0,0,0,0,0,0,0,0,0,0,0,0
2021-10-15,port120,Barranquilla,3,0,0,26271,0,0,0,0,0,21288,0,4982,0,0
2021-10-16,port120,Barranquilla,5,2,39407,23500,22210,2577,0,14619,0,23027,473,0,0,0
2021-10-17,port120,Barranquilla,4,2,1929,2094,0,0,0,1929,0,0,2094,0,0,0
2021-10-18,port120,Barranquilla,4,0,1694,4159,0,0,1694,0,0,0,0,4159,0,0
2021-10-19,port120,Barranquilla,3,1,27733,0,23370,4363,0,0,0,0,0,0,0,0
2021-10-20,port120,Barranquilla,7,2,37193,12624,36207,986,0,0,0,12239,385,0,0,0
2021-10-21,port120,Barranquilla,4,1,30360,0,17072,963,0,12324,0,0,0,0,0,0
2021-10-22,port120,Barranquilla,1,1,5631,0,0,5631,0,0,0,0,0,0,0,0
2021-10-23,port120,Barranquilla,3,1,14983,0,0,2564,0,12418,0,0,0,0,0,0
2021-10-24,port120,Barranquilla,5,2,7757,8135,0,0,1952,5805,0,4931,3203,0,0,0
2021-10-25,port120,Barranquilla,3,1,56368,644,23998,975,0,31394,0,0,644,0,0,0
2021-10-26,port120,Barranquilla,3,0,22706,4865,22706,0,0,0,0,0,0,4865,0,0
2021-10-27,port120,Barranquilla,6,1,75717,0,73887,1829,0,0,0,0,0,0,0,0
2021-10-28,port120,Barranquilla,2,2,975,2948,0,975,0,0,0,0,2948,0,0,0
2021-10-29,port120,Barranquilla,5,1,14557,20863,13079,1478,0,0,0,20863,0,0,0,0
2021-10-30,port120,Barranquilla,0,0,0,0,0,0,0,0,0,0,0,0,0,0
2021-10-31,port120,Barranquilla,2,2,0,1722,0,0,0,0,0,0,1722,0,0,0
2021-11-01,port120,Barranquilla,4,2,0,26776,0,0,0,0,0,21340,5249,0,186,0
2021-11-02,port120,Barranquilla,2,0,24439,0,22835,0,1603,0,0,0,0,0,0,0
2021-11-03,port120,Barranquilla,3,0,3389,30280,0,0,3389,0,0,26859,0,3421,0,0
2021-11-04,port120,Barranquilla,3,1,27885,7695,27885,0,0,0,0,0,2702,4992,0,0
2021-11-05,port120,Barranquilla,6,2,74266,7558,68720,5545,0,0,0,5456,0,2101,0,0
2021-11-06,port120,Barranquilla,4,1,16521,30381,15546,975,0,0,0,29736,644,0,0,0
2021-11-07,port120,Barranquilla,5,2,35652,61913,31493,4159,0,0,0,61913,0,0,0,0
2021-11-08,port120,Barranquilla,3,1,975,2606,0,975,0,0,0,1961,644,0,0,0
2021-11-09,port120,Barranquilla,2,1,4494,0,0,2610,0,1884,0,0,0,0,0,0
2021-11-10,port120,Barranquilla,1,0,11956,5456,11956,0,0,0,0,5456,0,0,0,0
2021-11-11,port120,Barranquilla,3,0,11887,0,11887,0,0,0,0,0,0,0,0,0
2021-11-12,port120,Barranquilla,3,1,28811,0,24289,4521,0,0,0,0,0,0,0,0
2021-11-13,port120,Barranquilla,4,1,769,8702,0,769,0,0,0,0,0,0,8702,0
2021-11-14,port120,Barranquilla,4,2,975,4488,0,975,0,0,0,0,892,3596,0,0
2021-11-15,port120,Barranquilla,2,1,5405,2467,5405,0,0,0,0,0,2467,0,0,0
2021-11-16,port120,Barranquilla,4,1,24222,385,22791,0,1430,0,0,0,385,0,0,0
2021-11-17,port120,Barranquilla,3,0,12170,1813,0,0,0,12170,0,0,0,1813,0,0
2021-11-18,port120,Barranquilla,4,0,0,35641,0,0,0,0,0,35641,0,0,0,0
2021-11-19,port120,Barranquilla,3,2,21357,956,17169,4188,0,0,0,0,956,0,0,0
2021-11-20,port120,Barranquilla,1,1,975,644,0,975,0,0,0,0,644,0,0,0
2021-11-21,port120,Barranquilla,3,2,990,0,0,990,0,0,0,0,0,0,0,0
2021-11-22,port120,Barranquilla,1,0,0,0,0,0,0,0,0,0,0,0,0,0
2021-11-23,port120,Barranquilla,2,0,0,2115,0,0,0,0,0,0,0,2115,0,0
2021-11-24,port120,Barranquilla,2,1,3018,0,0,3018,0,0,0,0,0,0,0,0
2021-11-25,port120,Barranquilla,4,1,1232,2166,0,1232,0,0,0,2166,0,0,0,0
2021-11-26,port120,Barranquilla,2,2,975,644,0,975,0,0,0,0,644,0,0,0
2021-11-27,port120,Barranquilla,2,0,0,0,0,0,0,0,0,0,0,0,0,0
2021-11-28,port120,Barranquilla,7,1,2454,47499,0,0,0,2454,0,47499,0,0,0,0
2021-11-29,port120,Barranquilla,3,0,0,0,0,0,0,0,0,0,0,0,0,0
2021-11-30,port120,Barranquilla,5,1,18309,7082,15626,0,0,2682,0,0,2525,4556,0,0
2021-12-01,port120,Barranquilla,4,2,975,644,0,975,0,0,0,0,644,0,0,0
2021-12-02,port120,Barranquilla,5,1,0,1153,0,0,0,0,0,0,1153,0,0,0
2021-12-03,port120,Barranquilla,2,1,975,644,0,975,0,0,0,0,644,0,0,0
2021-12-04,port120,Barranquilla,2,0,0,32451,0,0,0,0,0,32451,0,0,0,0
2021-12-05,port120,Barranquilla,7,2,1236,20808,838,0,397,0,0,0,6119,3659,11029,0
2021-12-06,port120,Barranquilla,3,1,0,27407,0,0,0,0,0,23507,3900,0,0,0
2021-12-07,port120,Barranquilla,2,0,25825,0,18961,0,0,6863,0,0,0,0,0,0
2021-12-08,port120,Barranquilla,2,0,5250,0,3811,0,1439,0,0,0,0,0,0,0
2021-12-09,port120,Barranquilla,5,1,18218,1392,16099,774,0,1344,0,0,0,1392,0,0
2021-12-10,port120,Barranquilla,4,1,1913,6854,0,1913,0,0,0,2098,0,4756,0,0
2021-12-11,port120,Barranquilla,1,1,478,0,0,478,0,0,0,0,0,0,0,0
2021-12-12,port120,Barranquilla,4,2,31621,750,30153,1467,0,0,0,0,750,0,0,0
2021-12-13,port120,Barranquilla,2,1,0,14991,0,0,0,0,0,0,4260,10730,0,0
2021-12-14,port120,Barranquilla,2,0,0,23649,0,0,0,0,0,21309,0,2340,0,0
2021-12-15,port120,Barranquilla,3,0,11956,8187,11956,0,0,0,0,8187,0,0,0,0
2021-12-16,port120,Barranquilla,2,0,4893,0,4893,0,0,0,0,0,0,0,0,0
2021-12-17,port120,Barranquilla,2,1,12696,5456,11956,740,0,0,0,5456,0,0,0,0
2021-12-18,port120,Barranquilla,3,2,1498,1122,0,1498,0,0,0,477,644,0,0,0
2021-12-19,port120,Barranquilla,1,1,1152,0,0,1152,0,0,0,0,0,0,0,0
2021-12-20,port120,Barranquilla,3,0,536,29862,0,0,0,536,0,29862,0,0,0,0
2021-12-21,port120,Barranquilla,7,2,6558,2355,0,1334,5223,0,0,0,644,1710,0,0
2021-12-22,port120,Barranquilla,3,0,9833,1710,2103,0,7730,0,0,0,0,1710,0,0
2021-12-23,port120,Barranquilla,4,1,2323,0,0,732,1591,0,0,0,0,0,0,0
2021-12-24,port120,Barranquilla,5,2,31061,10102,28623,2438,0,0,0,0,956,9145,0,0
2021-12-25,port120,Barranquilla,1,0,964,0,0,0,964,0,0,0,0,0,0,0
2021-12-26,port120,Barranquilla,3,1,975,2287,0,975,0,0,0,1642,644,0,0,0
2021-12-27,port120,Barranquilla,5,2,29408,11729,29039,369,0,0,0,9261,2467,0,0,0
2021-12-28,port120,Barranquilla,1,0,0,4271,0,0,0,0,0,0,0,4271,0,0
2021-12-29,port120,Barranquilla,1,0,0,14169,0,0,0,0,0,14169,0,0,0,0
2021-12-30,port120,Barranquilla,0,0,0,0,0,0,0,0,0,0,0,0,0,0
2021-12-31,port120,Barranquilla,1,0,5039,0,0,0,0,5039,0,0,0,0,0,0
2022-01-01,port120,Barranquilla,2,0,2677,19425,0,0,0,2677,0,17989,0,0,1436,0
2022-01-02,port120,Barranquilla,3,2,12931,6101,11956,975,0,0,0,5456,644,0,0,0
2022-01-03,port120,Barranquilla,1,1,975,644,0,975,0,0,0,0,644,0,0,0
2022-01-04,port120,Barranquilla,2,0,0,14800,0,0,0,0,0,14800,0,0,0,0
2022-01-05,port120,Barranquilla,3,1,975,18889,0,975,0,0,0,18244,644,0,0,0
2022-01-06,port120,Barranquilla,4,0,25939,1710,24244,0,1694,0,0,0,0,1710,0,0
2022-01-07,port120,Barranquilla,4,1,14376,5456,11956,0,0,2420,0,5456,0,0,0,0
2022-01-08,port120,Barranquilla,3,0,10407,0,0,0,0,10407,0,0,0,0,0,0
2022-01-09,port120,Barranquilla,6,1,24457,2657,21103,0,0,3354,0,0,747,0,1910,0
2022-01-10,port120,Barranquilla,3,1,975,30692,0,975,0,0,0,30047,644,0,0,0
2022-01-11,port120,Barranquilla,6,1,55433,0,51946,1300,1885,301,0,0,0,0,0,0
2022-01-12,port120,Barranquilla,4,1,3653,3008,0,975,0,2677,0,0,644,927,1436,0
2022-01-13,port120,Barranquilla,4,0,0,0,0,0,0,0,0,0,0,0,0,0
2022-01-14,port120,Barranquilla,0,0,0,0,0,0,0,0,0,0,0,0,0,0
2022-01-15,port120,Barranquilla,4,2,18411,7812,11956,4760,1694,0,0,5456,644,1710,0,0
2022-01-16,port120,Barranquilla,4,0,7347,0,4290,0,0,3057,0,0,0,0,0,0
2022-01-17,port120,Barranquilla,1,0,6216,0,0,0,6216,0,0,0,0,0,0,0
2022-01-18,port120,Barranquilla,2,0,0,0,0,0,0,0,0,0,0,0,0,0
2022-01-19,port120,Barranquilla,1,0,0,0,0,0,0,0,0,0,0,0,0,0
2022-01-20,port120,Barranquilla,3,2,1159,483,0,1159,0,0,0,0,483,0,0,0
2022-01-21,port120,Barranquilla,1,0,0,0,0,0,0,0,0,0,0,0,0,0
2022-01-22,port120,Barranquilla,1,0,2954,0,0,0,0,2954,0,0,0,0,0,0
2022-01-23,port120,Barranquilla,3,1,0,38967,0,0,0,0,0,30702,1106,0,7158,0
2022-01-24,port120,Barranquilla,1,1,0,1248,0,0,0,0,0,0,1248,0,0,0
2022-01-25,port120,Barranquilla,5,2,15500,384,14129,1091,0,279,0,0,384,0,0,0
2022-01-26,port120,Barranquilla,1,0,0,0,0,0,0,0,0,0,0,0,0,0
2022-01-27,port120,Barranquilla,6,1,20450,5101,19731,718,0,0,0,5101,0,0,0,0
2022-01-28,port120,Barranquilla,2,1,8527,0,0,7146,1380,0,0,0,0,0,0,0
2022-01-29,port120,Barranquilla,4,1,975,644,0,975,0,0,0,0,644,0,0,0
2022-01-30,port120,Barranquilla,3,1,11956,39705,11956,0,0,0,0,39705,0,0,0,0
2022-01-31,port120,Barranquilla,4,1,11887,40480,11887,0,0,0,0,40480,0,0,0,0
2022-02-01,port120,Barranquilla,2,1,26940,644,25964,975,0,0,0,0,644,0,0,0
2022-02-02,port120,Barranquilla,3,0,3354,24507,0,0,0,3354,0,22597,0,0,1910,0
2022-02-03,port120,Barranquilla,2,0,13142,6641,11956,0,1185,0,0,5456,0,1184,0,0
2022-02-04,port120,Barranquilla,4,3,8330,2895,0,6635,1694,0,0,0,2895,0,0,0
2022-02-05,port120,Barranquilla,2,0,0,33584,0,0,0,0,0,33584,0,0,0,0
2022-02-06,port120,Barranquilla,2,0,33466,0,33466,0,0,0,0,0,0,0,0,0
2022-02-07,port120,Barranquilla,2,1,542,716,0,0,0,542,0,0,716,0,0,0
2022-02-08,port120,Barranquilla,4,0,18538,27489,16677,0,1861,0,0,27489,0,0,0,0
2022-02-09,port120,Barranquilla,4,1,1103,38558,0,775,327,0,0,38558,0,0,0,0
2022-02-10,port120,Barranquilla,4,3,2944,2224,0,2944,0,0,0,0,2073,151,0,0
2022-02-11,port120,Barranquilla,2,1,1772,0,0,733,1039,0,0,0,0,0,0,0
2022-02-12,port120,Barranquilla,4,0,97052,1436,94374,0,0,2677,0,0,0,0,1436,0
2022-02-13,port120,Barranquilla,5,1,975,38188,0,975,0,0,0,25650,644,11892,0,0
2022-02-14,port120,Barranquilla,4,0,3737,31848,0,0,2116,1621,0,31848,0,0,0,0
2022-02-15,port120,Barranquilla,1,0,0,0,0,0,0,0,0,0,0,0,0,0
2022-02-16,port120,Barranquilla,2,1,12754,0,0,388,12365,0,0,0,0,0,0,0
2022-02-17,port120,Barranquilla,5,2,29733,611,28537,497,698,0,0,0,238,0,373,0
2022-02-18,port120,Barranquilla,1,1,3445,0,0,3445,0,0,0,0,0,0,0,0
2022-02-19,port120,Barranquilla,4,0,27870,13272,25430,0,0,2440,0,13272,0,0,0,0
2022-02-20,port120,Barranquilla,3,1,0,20517,0,0,0,0,0,17221,2250,1045,0,0
2022-02-21,port120,Barranquilla,6,1,17221,8819,0,4037,1591,11592,0,8176,0,642,0,0
2022-02-22,port120,Barranquilla,1,0,34783,0,34783,0,0,0,0,0,0,0,0,0
2022-02-23,port120,Barranquilla,4,0,3354,1910,0,0,0,3354,0,0,0,0,1910,0
2022-02-24,port120,Barranquilla,2,1,25699,786,25699,0,0,0,0,0,786,0,0,0
2022-02-25,port120,Barranquilla,4,1,17109,8603,11956,780,1694,2677,0,5456,0,1710,1436,0
2022-02-26,port120,Barranquilla,3,1,15141,0,0,3813,0,11327,0,0,0,0,0,0
2022-02-27,port120,Barranquilla,3,1,30998,644,30023,975,0,0,0,0,644,0,0,0
2022-02-28,port120,Barranquilla,3,0,0,5067,0,0,0,0,0,0,0,5067,0,0
2022-03-01,port120,Barranquilla,5,2,5628,9173,0,579,1694,3354,0,0,716,1710,6746,0
2022-03-02,port120,Barranquilla,2,0,0,27293,0,0,0,0,0,22311,0,4982,0,0
2022-03-03,port120,Barranquilla,5,2,37203,9483,36228,975,0,0,0,0,1371,8112,0,0
2022-03-04,port120,Barranquilla,3,1,3813,0,0,3813,0,0,0,0,0,0,0,0
2022-03-05,port120,Barranquilla,4,1,34156,28084,34156,0,0,0,0,27833,251,0,0,0
2022-03-06,port120,Barranquilla,2,0,1334,542,0,0,1334,0,0,542,0,0,0,0
2022-03-07,port120,Barranquilla,1,1,0,1793,0,0,0,0,0,0,1793,0,0,0
2022-03-08,port120,Barranquilla,2,0,46928,5456,46928,0,0,0,0,5456,0,0,0,0
2022-03-09,port120,Barranquilla,3,1,16394,3265,0,0,1694,14699,0,0,1555,1710,0,0
2022-03-10,port120,Barranquilla,4,1,0,17274,0,0,0,0,0,16404,239,0,630,0
2022-03-11,port120,Barranquilla,3,1,35741,0,34633,1108,0,0,0,0,0,0,0,0
2022-03-12,port120,Barranquilla,5,1,6037,3341,0,975,4255,805,0,0,644,0,2696,0
2022-03-13,port120,Barranquilla,1,0,44183,0,44183,0,0,0,0,0,0,0,0,0
2022-03-14,port120,Barranquilla,1,1,0,3182,0,0,0,0,0,0,3182,0,0,0
2022-03-15,port120,Barranquilla,1,0,0,0,0,0,0,0,0,0,0,0,0,0
2022-03-16,port120,Barranquilla,3,0,26245,0,26245,0,0,0,0,0,0,0,0,0
2022-03-17,port120,Barranquilla,5,1,22974,34851,22264,0,709,0,0,31751,784,0,2315,0
2022-03-18,port120,Barranquilla,3,1,14702,26751,14332,369,0,0,0,26751,0,0,0,0
2022-03-19,port120,Barranquilla,5,1,62442,2081,58789,975,0,2677,0,0,644,0,1436,0
2022-03-20,port120,Barranquilla,2,0,0,0,0,0,0,0,0,0,0,0,0,0
2022-03-21,port120,Barranquilla,5,1,13294,23890,13294,0,0,0,0,17808,3182,2898,0,0
2022-03-22,port120,Barranquilla,4,2,388,33387,0,388,0,0,0,33138,248,0,0,0
2022-03-23,port120,Barranquilla,5,0,25160,3146,20787,0,1694,2677,0,0,0,1710,1436,0
2022-03-24,port120,Barranquilla,2,0,0,0,0,0,0,0,0,0,0,0,0,0
2022-03-25,port120,Barranquilla,2,1,1208,0,0,1208,0,0,0,0,0,0,0,0
2022-03-26,port120,Barranquilla,5,2,42118,30414,38919,3199,0,0,0,29769,644,0,0,0
2022-03-27,port120,Barranquilla,3,0,41721,2340,35962,0,5759,0,0,0,0,2340,0,0
2022-03-28,port120,Barranquilla,1,0,0,2315,0,0,0,0,0,0,0,0,2315,0
2022-03-29,port120,Barranquilla,3,1,4012,9425,0,4012,0,0,0,2878,0,0,6547,0
2022-03-30,port120,Barranquilla,1,0,34093,0,34093,0,0,0,0,0,0,0,0,0
2022-03-31,port120,Barranquilla,3,2,1362,644,0,1362,0,0,0,0,644,0,0,0
2022-04-01,port120,Barranquilla,4,1,2214,18823,0,2214,0,0,0,0,0,5407,13416,0
2022-04-02,port120,Barranquilla,2,0,10990,1436,0,0,8312,2677,0,0,0,0,1436,0
2022-04-03,port120,Barranquilla,2,1,0,4145,0,0,0,0,0,0,999,3146,0,0
2022-04-04,port120,Barranquilla,2,1,26060,0,26060,0,0,0,0,0,0,0,0,0
2022-04-05,port120,Barranquilla,3,0,57384,0,57384,0,0,0,0,0,0,0,0,0
2022-04-06,port120,Barranquilla,2,1,4236,1436,0,1558,0,2677,0,0,0,0,1436,0
2022-04-07,port120,Barranquilla,2,1,0,32712,0,0,0,0,0,32449,262,0,0,0
2022-04-08,port120,Barranquilla,2,1,8425,0,0,4056,4369,0,0,0,0,0,0,0
2022-04-09,port120,Barranquilla,7,1,16297,7660,15322,975,0,0,0,0,644,3263,3751,0
2022-04-10,port120,Barranquilla,1,0,0,0,0,0,0,0,0,0,0,0,0,0
2022-04-11,port120,Barranquilla,2,0,269,4984,0,0,0,269,0,0,0,4984,0,0
2022-04-12,port120,Barranquilla,5,1,3304,11404,0,0,3304,0,0,0,1435,0,9968,0
2022-04-13,port120,Barranquilla,6,1,41821,4066,24485,975,3389,12971,0,0,644,3421,0,0
2022-04-14,port120,Barranquilla,4,1,1235,10634,0,0,0,1235,0,8840,1691,101,0,0
2022-04-15,port120,Barranquilla,3,1,12022,0,0,2981,2613,6428,0,0,0,0,0,0
2022-04-16,port120,Barranquilla,6,0,55615,14845,55615,0,0,0,0,0,0,14845,0,0
2022-04-17,port120,Barranquilla,2,0,9094,0,0,0,9094,0,0,0,0,0,0,0
2022-04-18,port120,Barranquilla,3,1,1694,57830,0,0,1694,0,0,55370,749,1710,0,0
2022-04-19,port120,Barranquilla,2,1,0,26820,0,0,0,0,0,25744,1075,0,0,0
2022-04-20,port120,Barranquilla,4,1,778,35317,0,778,0,0,0,35317,0,0,0,0
2022-04-21,port120,Barranquilla,0,0,0,0,0,0,0,0,0,0,0,0,0,0
2022-04-22,port120,Barranquilla,5,2,17559,3791,0,2445,1694,13419,0,0,644,1710,1436,0
2022-04-23,port120,Barranquilla,4,1,975,12677,0,975,0,0,0,0,644,4873,7158,0
2022-04-24,port120,Barranquilla,1,1,1385,861,0,1385,0,0,0,0,861,0,0,0
2022-04-25,port120,Barranquilla,4,0,1382,22009,0,0,0,1382,0,22009,0,0,0,0
2022-04-26,port120,Barranquilla,3,1,26377,2467,0,0,0,26377,0,0,2467,0,0,0
2022-04-27,port120,Barranquilla,4,1,65067,0,64677,389,0,0,0,0,0,0,0,0
2022-04-28,port120,Barranquilla,3,1,37655,1698,34977,0,0,2677,0,0,262,0,1436,0
2022-04-29,port120,Barranquilla,1,1,2956,0,0,2956,0,0,0,0,0,0,0,0
2022-04-30,port120,Barranquilla,1,0,1694,1710,0,0,1694,0,0,0,0,1710,0,0
2022-05-01,port120,Barranquilla,2,0,0,23871,0,0,0,0,0,23871,0,0,0,0
2022-05-02,port120,Barranquilla,1,0,0,0,0,0,0,0,0,0,0,0,0,0
2022-05-03,port120,Barranquilla,6,2,36252,17814,30157,0,3416,2677,0,0,1944,0,15869,0
2022-05-04,port120,Barranquilla,3,0,28433,1710,26738,0,1694,0,0,0,0,1710,0,0
2022-05-05,port120,Barranquilla,3,1,0,12487,0,0,0,0,0,8473,389,3624,0,0
2022-05-06,port120,Barranquilla,4,2,4658,25727,0,2824,0,1833,0,25082,644,0,0,0
2022-05-07,port120,Barranquilla,4,1,39340,0,35159,4180,0,0,0,0,0,0,0,0
2022-05-08,port120,Barranquilla,3,1,4385,5144,0,975,0,3409,0,0,644,4499,0,0
2022-05-09,port120,Barranquilla,4,1,37707,2789,18108,0,1694,17903,0,0,1079,1710,0,0
2022-05-10,port120,Barranquilla,1,0,0,0,0,0,0,0,0,0,0,0,0,0
2022-05-11,port120,Barranquilla,3,0,17679,8381,0,0,17679,0,0,0,0,0,8381,0
2022-05-12,port120,Barranquilla,3,1,32075,0,30911,1164,0,0,0,0,0,0,0,0
2022-05-13,port120,Barranquilla,5,2,39202,4094,34926,2581,1694,0,0,0,2383,1710,0,0
2022-05-14,port120,Barranquilla,3,1,3227,2615,1081,0,0,2146,0,0,2615,0,0,0
2022-05-15,port120,Barranquilla,2,0,11097,2261,0,0,0,11097,0,0,0,0,2261,0
2022-05-16,port120,Barranquilla,3,0,40960,0,40960,0,0,0,0,0,0,0,0,0
2022-05-17,port120,Barranquilla,2,1,1665,359,0,0,1665,0,0,0,359,0,0,0
2022-05-18,port120,Barranquilla,4,0,41804,5002,36748,0,5056,0,0,3292,0,1710,0,0
2022-05-19,port120,Barranquilla,3,0,30389,0,30389,0,0,0,0,0,0,0,0,0
2022-05-20,port120,Barranquilla,5,1,31354,2355,27876,975,1694,807,0,0,644,1710,0,0
2022-05-21,port120,Barranquilla,5,4,5337,9129,0,5337,0,0,0,0,4146,4982,0,0
2022-05-22,port120,Barranquilla,3,0,22989,1032,11063,0,0,11926,0,1032,0,0,0,0
2022-05-23,port120,Barranquilla,3,1,1485,2313,0,1485,0,0,0,0,0,0,2313,0
2022-05-24,port120,Barranquilla,2,1,4357,359,0,0,4357,0,0,0,359,0,0,0
2022-05-25,port120,Barranquilla,0,0,0,0,0,0,0,0,0,0,0,0,0,0
2022-05-26,port120,Barranquilla,4,0,2677,25089,0,0,0,2677,0,22123,0,1530,1436,0
2022-05-27,port120,Barranquilla,0,0,0,0,0,0,0,0,0,0,0,0,0,0
2022-05-28,port120,Barranquilla,2,0,0,0,0,0,0,0,0,0,0,0,0,0
2022-05-29,port120,Barranquilla,4,1,25088,2864,25088,0,0,0,0,1619,1245,0,0,0
2022-05-30,port120,Barranquilla,5,1,3780,25913,0,1103,0,2677,0,24477,0,0,1436,0
2022-05-31,port120,Barranquilla,2,1,0,37768,0,0,0,0,0,33868,3900,0,0,0
2022-06-01,port120,Barranquilla,5,0,30668,29448,21210,0,6780,2677,0,28012,0,0,1436,0
2022-06-02,port120,Barranquilla,1,0,0,0,0,0,0,0,0,0,0,0,0,0
2022-06-03,port120,Barranquilla,2,1,720,0,0,720,0,0,0,0,0,0,0,0
2022-06-04,port120,Barranquilla,1,1,975,644,0,975,0,0,0,0,644,0,0,0
2022-06-05,port120,Barranquilla,3,1,19993,30925,17050,2943,0,0,0,30925,0,0,0,0
2022-06-06,port120,Barranquilla,2,0,0,0,0,0,0,0,0,0,0,0,0,0
2022-06-07,port120,Barranquilla,7,2,6192,37813,0,6192,0,0,0,36063,772,977,0,0
2022-06-08,port120,Barranquilla,0,0,0,0,0,0,0,0,0,0,0,0,0,0
2022-06-09,port120,Barranquilla,3,1,0,32136,0,0,0,0,0,29833,2303,0,0,0
2022-06-10,port120,Barranquilla,2,2,6747,0,0,6747,0,0,0,0,0,0,0,0
2022-06-11,port120,Barranquilla,7,1,36426,4484,29841,0,0,6585,0,0,0,4183,300,0
2022-06-12,port120,Barranquilla,2,1,27715,1250,27715,0,0,0,0,0,1250,0,0,0
2022-06-13,port120,Barranquilla,4,1,3020,28780,0,0,3020,0,0,28780,0,0,0,0
2022-06-14,port120,Barranquilla,3,0,31754,0,31754,0,0,0,0,0,0,0,0,0
2022-06-15,port120,Barranquilla,3,0,0,977,0,0,0,0,0,0,0,977,0,0
2022-06-16,port120,Barranquilla,3,1,39763,6101,38787,975,0,0,0,5456,644,0,0,0
2022-06-17,port120,Barranquilla,2,1,1861,6692,0,1861,0,0,0,0,0,6692,0,0
2022-06-18,port120,Barranquilla,6,1,31816,1594,29223,975,0,1617,0,949,644,0,0,0
2022-06-19,port120,Barranquilla,2,1,11956,6621,11956,0,0,0,0,5456,1164,0,0,0
2022-06-20,port120,Barranquilla,5,1,33666,7158,25001,247,8417,0,0,0,0,0,7158,0
2022-06-21,port120,Barranquilla,3,0,10930,1436,0,0,8253,2677,0,0,0,0,1436,0
2022-06-22,port120,Barranquilla,2,0,12592,5456,11956,0,636,0,0,5456,0,0,0,0
2022-06-23,port120,Barranquilla,2,1,975,6308,0,975,0,0,0,5663,644,0,0,0
2022-06-24,port120,Barranquilla,5,2,15773,1436,0,8810,4284,2677,0,0,0,0,1436,0
2022-06-25,port120,Barranquilla,4,1,37295,2002,34232,385,0,2677,0,566,0,0,1436,0
2022-06-26,port120,Barranquilla,1,1,0,2747,0,0,0,0,0,0,2747,0,0,0
2022-06-27,port120,Barranquilla,4,1,823,8439,0,0,823,0,0,0,240,0,8199,0
2022-06-28,port120,Barranquilla,2,2,1707,644,0,1707,0,0,0,0,644,0,0,0
2022-06-29,port120,Barranquilla,4,0,5376,7660,0,0,0,5376,0,0,0,6224,1436,0
2022-06-30,port120,Barranquilla,4,0,3057,10355,0,0,3057,0,0,10355,0,0,0,0
2022-07-01,port120,Barranquilla,3,1,0,10083,0,0,0,0,0,9809,273,0,0,0
2022-07-02,port120,Barranquilla,4,1,57861,28273,56885,975,0,0,0,27628,644,0,0,0
2022-07-03,port120,Barranquilla,2,1,2670,2355,0,975,1694,0,0,0,644,1710,0,0
2022-07-04,port120,Barranquilla,2,1,1694,2070,0,0,1694,0,0,0,360,1710,0,0
2022-07-05,port120,Barranquilla,5,1,11831,23718,9268,770,1792,0,0,23718,0,0,0,0
2022-07-06,port120,Barranquilla,3,0,0,2340,0,0,0,0,0,0,0,2340,0,0
2022-07-07,port120,Barranquilla,4,1,1331,0,0,803,528,0,0,0,0,0,0,0
2022-07-08,port120,Barranquilla,3,1,3520,3126,917,2603,0,0,0,0,0,3126,0,0
2022-07-09,port120,Barranquilla,3,1,7506,1436,0,4829,0,2677,0,0,0,0,1436,0
2022-07-10,port120,Barranquilla,3,2,975,4075,0,975,0,0,0,0,1892,0,2183,0
2022-07-11,port120,Barranquilla,4,0,20928,5456,11956,0,8972,0,0,5456,0,0,0,0
2022-07-12,port120,Barranquilla,1,1,0,3182,0,0,0,0,0,0,3182,0,0,0
2022-07-13,port120,Barranquilla,1,0,1184,0,0,0,0,1184,0,0,0,0,0,0
2022-07-14,port120,Barranquilla,4,0,9030,5149,0,0,0,9030,0,0,0,5149,0,0
2022-07-15,port120,Barranquilla,6,2,1022,1362,0,743,0,279,0,0,0,1362,0,0
2022-07-16,port120,Barranquilla,2,0,5492,1710,0,0,5492,0,0,0,0,1710,0,0
2022-07-17,port120,Barranquilla,2,2,0,1698,0,0,0,0,0,0,1698,0,0,0
2022-07-18,port120,Barranquilla,3,1,1795,13751,0,1795,0,0,0,0,0,0,13751,0
2022-07-19,port120,Barranquilla,6,0,70989,7642,69294,0,1694,0,0,5932,0,1710,0,0
2022-07-20,port120,Barranquilla,2,1,0,5025,0,0,0,0,0,0,2709,0,2315,0
2022-07-21,port120,Barranquilla,2,0,12022,0,0,0,2511,9511,0,0,0,0,0,0
2022-07-22,port120,Barranquilla,2,1,1120,25480,0,1120,0,0,0,25480,0,0,0,0
2022-07-23,port120,Barranquilla,3,1,1426,0,0,499,0,927,0,0,0,0,0,0
2022-07-24,port120,Barranquilla,1,0,0,897,0,0,0,0,0,897,0,0,0,0
2022-07-25,port120,Barranquilla,4,2,8639,1723,8639,0,0,0,0,0,1723,0,0,0
2022-07-26,port120,Barranquilla,3,0,4366,28452,4366,0,0,0,0,25617,0,0,2835,0
2022-07-27,port120,Barranquilla,1,1,975,644,0,975,0,0,0,0,644,0,0,0
2022-07-28,port120,Barranquilla,5,2,31243,805,28545,0,0,2698,0,0,805,0,0,0
2022-07-29,port120,Barranquilla,5,1,28086,17081,22428,2981,0,2677,0,12875,0,2770,1436,0
2022-07-30,port120,Barranquilla,2,1,0,4291,0,0,0,0,0,0,4291,0,0,0
2022-07-31,port120,Barranquilla,3,0,48905,23568,48905,0,0,0,0,23568,0,0,0,0
2022-08-01,port120,Barranquilla,4,2,818,0,0,497,320,0,0,0,0,0,0,0
2022-08-02,port120,Barranquilla,2,1,0,26381,0,0,0,0,0,23357,3024,0,0,0
2022-08-03,port120,Barranquilla,2,0,1622,3606,0,0,0,1622,0,0,0,3606,0,0
2022-08-04,port120,Barranquilla,0,0,0,0,0,0,0,0,0,0,0,0,0,0
2022-08-05,port120,Barranquilla,2,1,3420,1436,0,742,0,2677,0,0,0,0,1436,0
2022-08-06,port120,Barranquilla,2,1,1139,644,0,975,163,0,0,0,644,0,0,0
2022-08-07,port120,Barranquilla,2,1,0,1752,0,0,0,0,0,0,1752,0,0,0
2022-08-08,port120,Barranquilla,3,0,14579,2692,0,0,2943,11635,0,0,0,2692,0,0
2022-08-09,port120,Barranquilla,5,1,8108,30880,1906,716,5485,0,0,30880,0,0,0,0
2022-08-10,port120,Barranquilla,5,1,26827,644,25851,975,0,0,0,0,644,0,0,0
2022-08-11,port120,Barranquilla,2,1,3024,0,0,3024,0,0,0,0,0,0,0,0
2022-08-12,port120,Barranquilla,5,2,9886,1667,0,2585,325,6975,0,0,1667,0,0,0
2022-08-13,port120,Barranquilla,3,1,4357,1309,4357,0,0,0,0,0,1309,0,0,0
2022-08-14,port120,Barranquilla,3,1,29807,1080,29807,0,0,0,0,0,1080,0,0,0
2022-08-15,port120,Barranquilla,3,0,0,14862,0,0,0,0,0,14025,0,837,0,0
2022-08-16,port120,Barranquilla,4,1,33025,10092,30256,1074,1694,0,0,0,0,1710,8381,0
2022-08-17,port120,Barranquilla,3,0,2968,0,2378,0,589,0,0,0,0,0,0,0
2022-08-18,port120,Barranquilla,5,1,1915,30976,1646,268,0,0,0,30976,0,0,0,0
2022-08-19,port120,Barranquilla,1,1,3721,0,0,3721,0,0,0,0,0,0,0,0
2022-08-20,port120,Barranquilla,3,1,34158,0,28156,992,5008,0,0,0,0,0,0,0
2022-08-21,port120,Barranquilla,2,1,23274,0,22888,386,0,0,0,0,0,0,0,0
2022-08-22,port120,Barranquilla,4,0,2677,9598,0,0,0,2677,0,0,0,8162,1436,0
2022-08-23,port120,Barranquilla,4,3,5243,2824,0,1027,4216,0,0,0,2824,0,0,0
2022-08-24,port120,Barranquilla,3,0,0,0,0,0,0,0,0,0,0,0,0,0
2022-08-25,port120,Barranquilla,2,1,975,11750,0,975,0,0,0,0,644,11105,0,0
2022-08-26,port120,Barranquilla,5,1,1109,44107,0,1109,0,0,0,44107,0,0,0,0
2022-08-27,port120,Barranquilla,2,0,11956,5456,11956,0,0,0,0,5456,0,0,0,0
2022-08-28,port120,Barranquilla,3,1,11956,6279,11956,0,0,0,0,5456,822,0,0,0
2022-08-29,port120,Barranquilla,0,0,0,0,0,0,0,0,0,0,0,0,0,0
2022-08-30,port120,Barranquilla,3,1,4704,0,0,0,4704,0,0,0,0,0,0,0
2022-08-31,port120,Barranquilla,4,1,29884,24934,27578,2305,0,0,0,24934,0,0,0,0
2022-09-01,port120,Barranquilla,4,1,12909,11136,11956,0,953,0,0,10609,527,0,0,0
2022-09-02,port120,Barranquilla,4,1,18820,37892,11956,0,0,6863,0,37517,374,0,0,0
2022-09-03,port120,Barranquilla,5,0,23437,65251,21742,0,1694,0,0,63541,0,1710,0,0
2022-09-04,port120,Barranquilla,0,0,0,0,0,0,0,0,0,0,0,0,0,0
2022-09-05,port120,Barranquilla,2,1,26785,1988,26785,0,0,0,0,0,1988,0,0,0
2022-09-06,port120,Barranquilla,5,2,29364,1289,22640,1951,4772,0,0,0,1289,0,0,0
2022-09-07,port120,Barranquilla,1,0,417,0,0,0,417,0,0,0,0,0,0,0
2022-09-08,port120,Barranquilla,0,0,0,0,0,0,0,0,0,0,0,0,0,0
2022-09-09,port120,Barranquilla,4,1,7237,10358,0,2984,4253,0,0,0,0,10358,0,0
2022-09-10,port120,Barranquilla,3,0,31683,1710,24072,0,7611,0,0,0,0,1710,0,0
2022-09-11,port120,Barranquilla,2,1,0,3375,0,0,0,0,0,0,540,0,2835,0
2022-09-12,port120,Barranquilla,2,0,3905,0,0,0,3905,0,0,0,0,0,0,0
2022-09-13,port120,Barranquilla,2,1,31086,0,30698,387,0,0,0,0,0,0,0,0
2022-09-14,port120,Barranquilla,1,0,22356,0,22356,0,0,0,0,0,0,0,0,0
2022-09-15,port120,Barranquilla,5,1,16826,7167,11956,1290,1694,1885,0,5456,0,1710,0,0
2022-09-16,port120,Barranquilla,4,1,42196,0,30056,4459,7680,0,0,0,0,0,0,0
2022-09-17,port120,Barranquilla,3,1,62455,644,61480,975,0,0,0,0,644,0,0,0
2022-09-18,port120,Barranquilla,2,0,0,838,0,0,0,0,0,0,0,838,0,0
2022-09-19,port120,Barranquilla,0,0,0,0,0,0,0,0,0,0,0,0,0,0
2022-09-20,port120,Barranquilla,5,2,37211,21351,30981,5394,836,0,0,21351,0,0,0,0
2022-09-21,port120,Barranquilla,2,0,0,7677,0,0,0,0,0,0,0,7677,0,0
2022-09-22,port120,Barranquilla,3,0,33598,0,33598,0,0,0,0,0,0,0,0,0
2022-09-23,port120,Barranquilla,3,1,11956,33345,11956,0,0,0,0,33345,0,0,0,0
2022-09-24,port120,Barranquilla,6,0,13831,7544,10300,0,3530,0,0,0,0,7544,0,0
2022-09-25,port120,Barranquilla,4,1,9315,2996,7166,0,1611,538,0,0,2996,0,0,0
2022-09-26,port120,Barranquilla,8,0,38718,11283,35379,0,662,2677,0,0,0,9847,1436,0
2022-09-27,port120,Barranquilla,2,1,3753,0,0,777,2975,0,0,0,0,0,0,0
2022-09-28,port120,Barranquilla,3,1,6753,1084,5358,0,0,1394,0,0,1084,0,0,0
2022-09-29,port120,Barranquilla,2,1,270,0,0,270,0,0,0,0,0,0,0,0
2022-09-30,port120,Barranquilla,3,1,3449,0,0,2800,648,0,0,0,0,0,0,0
2022-10-01,port120,Barranquilla,2,0,209,0,0,0,209,0,0,0,0,0,0,0
2022-10-02,port120,Barranquilla,6,1,16480,35171,16480,0,0,0,0,24828,2569,7773,0,0
2022-10-03,port120,Barranquilla,2,0,6594,0,6214,0,380,0,0,0,0,0,0,0
2022-10-04,port120,Barranquilla,3,2,388,2824,0,388,0,0,0,0,2824,0,0,0
2022-10-05,port120,Barranquilla,1,0,3263,0,0,0,3263,0,0,0,0,0,0,0
2022-10-06,port120,Barranquilla,3,1,6172,256,0,0,0,6172,0,0,256,0,0,0
2022-10-07,port120,Barranquilla,3,1,975,34217,0,975,0,0,0,33572,644,0,0,0
2022-10-08,port120,Barranquilla,2,1,0,4165,0,0,0,0,0,0,2169,0,1996,0
2022-10-09,port120,Barranquilla,2,0,30978,209,30978,0,0,0,0,0,0,209,0,0
2022-10-10,port120,Barranquilla,5,1,48098,5456,43029,5069,0,0,0,5456,0,0,0,0
2022-10-11,port120,Barranquilla,3,1,26328,0,22317,773,3237,0,0,0,0,0,0,0
2022-10-12,port120,Barranquilla,3,0,21971,1436,19293,0,0,2677,0,0,0,0,1436,0
2022-10-13,port120,Barranquilla,2,0,7274,2345,0,0,7274,0,0,0,0,2345,0,0
2022-10-14,port120,Barranquilla,5,1,3933,22262,0,2238,1694,0,0,19736,0,1710,815,0
2022-10-15,port120,Barranquilla,1,0,2420,0,0,0,0,2420,0,0,0,0,0,0
2022-10-16,port120,Barranquilla,3,1,3399,1710,0,1495,1904,0,0,0,0,1710,0,0
2022-10-17,port120,Barranquilla,4,1,33615,7341,33615,0,0,0,0,0,0,699,6641,0
2022-10-18,port120,Barranquilla,4,1,2708,35206,0,0,2708,0,0,32717,778,1710,0,0
2022-10-19,port120,Barranquilla,2,0,3244,27473,0,0,0,3244,0,27473,0,0,0,0
2022-10-20,port120,Barranquilla,2,0,35568,1910,32214,0,0,3354,0,0,0,0,1910,0
2022-10-21,port120,Barranquilla,6,1,28673,0,0,2969,6729,18974,0,0,0,0,0,0
2022-10-22,port120,Barranquilla,0,0,0,0,0,0,0,0,0,0,0,0,0,0
2022-10-23,port120,Barranquilla,4,1,25639,14558,23944,0,1694,0,0,0,1633,1710,11215,0
2022-10-24,port120,Barranquilla,3,0,0,54882,0,0,0,0,0,54882,0,0,0,0
2022-10-25,port120,Barranquilla,4,1,23343,644,22367,975,0,0,0,0,644,0,0,0
2022-10-26,port120,Barranquilla,1,0,0,6889,0,0,0,0,0,0,0,0,6889,0
2022-10-27,port120,Barranquilla,5,1,100844,644,85780,975,0,14088,0,0,644,0,0,0
2022-10-28,port120,Barranquilla,2,1,5195,0,0,5195,0,0,0,0,0,0,0,0
2022-10-29,port120,Barranquilla,2,1,0,2712,0,0,0,0,0,0,2075,637,0,0
2022-10-30,port120,Barranquilla,2,0,418,0,0,0,418,0,0,0,0,0,0,0
2022-10-31,port120,Barranquilla,3,0,31725,24652,29125,0,0,2599,0,24652,0,0,0,0
2022-11-01,port120,Barranquilla,3,2,390,8853,0,390,0,0,0,0,1271,7582,0,0
2022-11-02,port120,Barranquilla,4,0,5430,28048,0,0,2906,2524,0,28048,0,0,0,0
2022-11-03,port120,Barranquilla,2,1,975,23751,0,975,0,0,0,23106,644,0,0,0
2022-11-04,port120,Barranquilla,2,1,14891,0,0,2226,0,12665,0,0,0,0,0,0
2022-11-05,port120,Barranquilla,0,0,0,0,0,0,0,0,0,0,0,0,0,0
2022-11-06,port120,Barranquilla,3,1,419,1087,0,0,419,0,0,0,1087,0,0,0
2022-11-07,port120,Barranquilla,1,1,975,644,0,975,0,0,0,0,644,0,0,0
2022-11-08,port120,Barranquilla,4,1,0,40173,0,0,0,0,0,33409,1928,0,4835,0
2022-11-09,port120,Barranquilla,3,0,4000,1643,1561,0,2439,0,0,1643,0,0,0,0
2022-11-10,port120,Barranquilla,2,0,0,164,0,0,0,0,0,0,0,164,0,0
2022-11-11,port120,Barranquilla,5,1,5420,1436,0,368,2374,2677,0,0,0,0,1436,0
2022-11-12,port120,Barranquilla,2,0,0,2340,0,0,0,0,0,0,0,2340,0,0
2022-11-13,port120,Barranquilla,1,1,0,749,0,0,0,0,0,0,749,0,0,0
2022-11-14,port120,Barranquilla,5,0,10721,1710,0,0,10721,0,0,0,0,1710,0,0
2022-11-15,port120,Barranquilla,4,2,4987,644,0,1755,0,3231,0,0,644,0,0,0
2022-11-16,port120,Barranquilla,0,0,0,0,0,0,0,0,0,0,0,0,0,0
2022-11-17,port120,Barranquilla,4,1,975,34024,0,975,0,0,0,21874,644,0,11504,0
2022-11-18,port120,Barranquilla,2,1,0,3446,0,0,0,0,0,0,1106,2340,0,0
2022-11-19,port120,Barranquilla,2,1,0,1909,0,0,0,0,0,0,1909,0,0,0
2022-11-20,port120,Barranquilla,3,1,31254,33803,29869,1385,0,0,0,32942,861,0,0,0
2022-11-21,port120,Barranquilla,3,1,4688,3146,0,315,1694,2677,0,0,0,1710,1436,0
2022-11-22,port120,Barranquilla,3,1,36452,2315,36452,0,0,0,0,0,2315,0,0,0
2022-11-23,port120,Barranquilla,1,0,32993,0,32993,0,0,0,0,0,0,0,0,0
2022-11-24,port120,Barranquilla,5,1,25094,27687,25094,0,0,0,0,26876,811,0,0,0
2022-11-25,port120,Barranquilla,1,1,975,644,0,975,0,0,0,0,644,0,0,0
2022-11-26,port120,Barranquilla,2,0,1694,1710,0,0,1694,0,0,0,0,1710,0,0
2022-11-27,port120,Barranquilla,2,1,0,7691,0,0,0,0,0,4379,3312,0,0,0
2022-11-28,port120,Barranquilla,5,1,42370,853,36413,975,0,4981,0,0,644,208,0,0
2022-11-29,port120,Barranquilla,5,1,57621,32667,57621,0,0,0,0,24942,780,0,6944,0
2022-11-30,port120,Barranquilla,1,0,0,0,0,0,0,0,0,0,0,0,0,0
2022-12-01,port120,Barranquilla,5,1,41857,28915,30977,771,10108,0,0,28915,0,0,0,0
2022-12-02,port120,Barranquilla,4,0,14399,1117,14399,0,0,0,0,0,0,1117,0,0
2022-12-03,port120,Barranquilla,4,1,13690,0,12879,810,0,0,0,0,0,0,0,0
2022-12-04,port120,Barranquilla,3,0,0,32656,0,0,0,0,0,30207,0,2448,0,0
2022-12-05,port120,Barranquilla,3,1,3417,1710,0,1723,1694,0,0,0,0,1710,0,0
2022-12-06,port120,Barranquilla,3,2,0,11660,0,0,0,0,0,10574,1086,0,0,0
2022-12-07,port120,Barranquilla,1,0,0,0,0,0,0,0,0,0,0,0,0,0
2022-12-08,port120,Barranquilla,1,1,975,644,0,975,0,0,0,0,644,0,0,0
2022-12-09,port120,Barranquilla,1,1,1851,0,0,1851,0,0,0,0,0,0,0,0
2022-12-10,port120,Barranquilla,1,0,0,23727,0,0,0,0,0,23727,0,0,0,0
2022-12-11,port120,Barranquilla,2,0,9511,0,0,0,0,9511,0,0,0,0,0,0
2022-12-12,port120,Barranquilla,5,1,37929,644,28591,975,8362,0,0,0,644,0,0,0
2022-12-13,port120,Barranquilla,2,2,975,1595,0,975,0,0,0,0,1595,0,0,0
2022-12-14,port120,Barranquilla,1,0,0,28318,0,0,0,0,0,28318,0,0,0,0
2022-12-15,port120,Barranquilla,3,1,975,40459,0,975,0,0,0,39814,644,0,0,0
2022-12-16,port120,Barranquilla,2,1,6509,1710,0,4814,1694,0,0,0,0,1710,0,0
2022-12-17,port120,Barranquilla,1,0,29236,0,29236,0,0,0,0,0,0,0,0,0
2022-12-18,port120,Barranquilla,2,0,0,6528,0,0,0,0,0,0,0,0,6528,0
2022-12-19,port120,Barranquilla,5,1,3389,5054,0,0,3389,0,0,0,1633,3421,0,0
2022-12-20,port120,Barranquilla,4,2,22928,12575,22928,0,0,0,0,0,2476,0,10098,0
2022-12-21,port120,Barranquilla,0,0,0,0,0,0,0,0,0,0,0,0,0,0
2022-12-22,port120,Barranquilla,0,0,0,0,0,0,0,0,0,0,0,0,0,0
2022-12-23,port120,Barranquilla,4,1,32403,0,27209,3323,1869,0,0,0,0,0,0,0
2022-12-24,port120,Barranquilla,3,0,1895,19476,0,0,0,1895,0,19476,0,0,0,0
2022-12-25,port120,Barranquilla,4,0,2816,13230,0,0,2816,0,0,0,0,13230,0,0
2022-12-26,port120,Barranquilla,3,0,5080,3860,0,0,5080,0,0,0,0,3860,0,0
2022-12-27,port120,Barranquilla,5,2,63612,5580,31770,975,0,30866,0,0,1590,3990,0,0
2022-12-28,port120,Barranquilla,1,1,0,1002,0,0,0,0,0,0,1002,0,0,0
2022-12-29,port120,Barranquilla,4,1,63573,644,55733,975,0,6863,0,0,644,0,0,0
2022-12-30,port120,Barranquilla,3,1,22919,644,21943,975,0,0,0,0,644,0,0,0
2022-12-31,port120,Barranquilla,3,0,58873,1436,56195,0,0,2677,0,0,0,0,1436,0
2023-01-01,port120,Barranquilla,3,0,0,3695,0,0,0,0,0,1246,0,2448,0,0
2023-01-02,port120,Barranquilla,5,2,60513,6201,58445,2068,0,0,0,6201,0,0,0,0
2023-01-03,port120,Barranquilla,2,1,771,0,0,771,0,0,0,0,0,0,0,0
2023-01-04,port120,Barranquilla,3,0,23947,40415,23947,0,0,0,0,40415,0,0,0,0
2023-01-05,port120,Barranquilla,2,1,530,0,0,530,0,0,0,0,0,0,0,0
2023-01-06,port120,Barranquilla,4,1,1109,24230,0,1109,0,0,0,20899,0,3330,0,0
2023-01-07,port120,Barranquilla,1,0,1551,0,0,0,0,1551,0,0,0,0,0,0
2023-01-08,port120,Barranquilla,4,1,997,2340,0,997,0,0,0,0,0,2340,0,0
2023-01-09,port120,Barranquilla,1,0,1902,0,1902,0,0,0,0,0,0,0,0,0
2023-01-10,port120,Barranquilla,6,2,11169,0,0,3510,0,7659,0,0,0,0,0,0
2023-01-11,port120,Barranquilla,3,0,24312,27511,24312,0,0,0,0,27511,0,0,0,0
2023-01-12,port120,Barranquilla,4,1,1694,45965,0,0,1694,0,0,43999,255,1710,0,0
2023-01-13,port120,Barranquilla,4,1,4224,269,0,2712,1512,0,0,0,0,0,269,0
2023-01-14,port120,Barranquilla,2,0,1694,1710,0,0,1694,0,0,0,0,1710,0,0
2023-01-15,port120,Barranquilla,3,0,24969,29730,24969,0,0,0,0,29730,0,0,0,0
2023-01-16,port120,Barranquilla,1,1,975,644,0,975,0,0,0,0,644,0,0,0
2023-01-17,port120,Barranquilla,2,1,2677,1821,0,0,0,2677,0,0,385,0,1436,0
2023-01-18,port120,Barranquilla,3,0,22523,7732,22523,0,0,0,0,5456,0,0,2275,0
2023-01-19,port120,Barranquilla,1,1,975,644,0,975,0,0,0,0,644,0,0,0
2023-01-20,port120,Barranquilla,4,1,0,6478,0,0,0,0,0,0,369,6108,0,0
2023-01-21,port120,Barranquilla,3,1,0,1478,0,0,0,0,0,0,995,483,0,0
2023-01-22,port120,Barranquilla,2,0,1694,1710,0,0,1694,0,0,0,0,1710,0,0
2023-01-23,port120,Barranquilla,1,0,0,0,0,0,0,0,0,0,0,0,0,0
2023-01-24,port120,Barranquilla,4,2,11102,644,8964,2138,0,0,0,0,644,0,0,0
2023-01-25,port120,Barranquilla,2,0,0,36966,0,0,0,0,0,36966,0,0,0,0
2023-01-26,port120,Barranquilla,1,1,975,644,0,975,0,0,0,0,644,0,0,0
2023-01-27,port120,Barranquilla,7,1,34693,23740,31897,1101,1694,0,0,22030,0,1710,0,0
2023-01-28,port120,Barranquilla,1,0,13338,0,13338,0,0,0,0,0,0,0,0,0
2023-01-29,port120,Barranquilla,3,0,4564,0,0,0,4564,0,0,0,0,0,0,0
2023-01-30,port120,Barranquilla,1,0,0,0,0,0,0,0,0,0,0,0,0,0
2023-01-31,port120,Barranquilla,6,2,104546,14918,102937,1608,0,0,0,0,644,0,14273,0
2023-02-01,port120,Barranquilla,3,0,23236,4746,23236,0,0,0,0,0,0,4746,0,0
2023-02-02,port120,Barranquilla,4,1,32849,7151,32849,0,0,0,0,2376,510,0,4264,0
2023-02-03,port120,Barranquilla,3,1,975,31064,0,975,0,0,0,30419,644,0,0,0
2023-02-04,port120,Barranquilla,2,1,6803,1247,0,0,6803,0,0,0,1247,0,0,0
2023-02-05,port120,Barranquilla,1,0,3386,0,0,0,3386,0,0,0,0,0,0,0
2023-02-06,port120,Barranquilla,4,0,30334,21123,30334,0,0,0,0,0,0,10188,10935,0
2023-02-07,port120,Barranquilla,1,1,975,644,0,975,0,0,0,0,644,0,0,0
2023-02-08,port120,Barranquilla,0,0,0,0,0,0,0,0,0,0,0,0,0,0
2023-02-09,port120,Barranquilla,2,1,0,722,0,0,0,0,0,0,722,0,0,0
2023-02-10,port120,Barranquilla,5,1,25159,10108,24418,741,0,0,0,0,0,0,10108,0
2023-02-11,port120,Barranquilla,5,0,71358,34545,71358,0,0,0,0,34545,0,0,0,0
2023-02-12,port120,Barranquilla,3,0,41959,0,36197,0,5761,0,0,0,0,0,0,0
2023-02-13,port120,Barranquilla,2,0,2965,0,0,0,0,2965,0,0,0,0,0,0
2023-02-14,port120,Barranquilla,2,2,2249,1165,0,2249,0,0,0,0,1165,0,0,0
2023-02-15,port120,Barranquilla,1,0,0,0,0,0,0,0,0,0,0,0,0,0
2023-02-16,port120,Barranquilla,2,1,0,799,0,0,0,0,0,0,799,0,0,0
2023-02-17,port120,Barranquilla,4,0,54955,4605,51600,0,0,3354,0,0,0,0,4605,0
2023-02-18,port120,Barranquilla,3,0,18764,0,18764,0,0,0,0,0,0,0,0,0
2023-02-19,port120,Barranquilla,2,1,6620,2569,0,0,0,6620,0,0,2569,0,0,0
2023-02-20,port120,Barranquilla,2,1,318,0,0,318,0,0,0,0,0,0,0,0
2023-02-21,port120,Barranquilla,4,1,76857,14447,74917,1940,0,0,0,0,0,14447,0,0
2023-02-22,port120,Barranquilla,2,0,0,1426,0,0,0,0,0,0,0,0,1426,0
2023-02-23,port120,Barranquilla,3,1,25740,255,24764,0,976,0,0,0,255,0,0,0
2023-02-24,port120,Barranquilla,3,1,30106,0,28604,1501,0,0,0,0,0,0,0,0
2023-02-25,port120,Barranquilla,4,0,5086,72430,814,0,0,4271,0,72430,0,0,0,0
2023-02-26,port120,Barranquilla,3,1,1539,35908,0,0,0,1539,0,34598,1309,0,0,0
2023-02-27,port120,Barranquilla,2,0,0,190,0,0,0,0,0,0,0,190,0,0
2023-02-28,port120,Barranquilla,3,1,0,30364,0,0,0,0,0,29318,388,657,0,0
2023-03-01,port120,Barranquilla,1,0,0,0,0,0,0,0,0,0,0,0,0,0
2023-03-02,port120,Barranquilla,4,1,35456,35335,35456,0,0,0,0,34621,713,0,0,0
2023-03-03,port120,Barranquilla,4,1,33810,0,29243,370,4197,0,0,0,0,0,0,0
2023-03-04,port120,Barranquilla,3,1,2061,28648,0,0,0,2061,0,24091,4557,0,0,0
2023-03-05,port120,Barranquilla,1,0,0,0,0,0,0,0,0,0,0,0,0,0
2023-03-06,port120,Barranquilla,5,1,15354,9173,11956,721,0,2677,0,5456,0,0,3716,0
2023-03-07,port120,Barranquilla,4,1,15408,43192,11956,774,0,2677,0,41756,0,0,1436,0
2023-03-08,port120,Barranquilla,2,0,2736,35826,2736,0,0,0,0,35826,0,0,0,0
2023-03-09,port120,Barranquilla,3,1,62713,267,62713,0,0,0,0,0,267,0,0,0
2023-03-10,port120,Barranquilla,3,1,30170,1710,27369,1106,1694,0,0,0,0,1710,0,0
2023-03-11,port120,Barranquilla,1,0,3265,0,3265,0,0,0,0,0,0,0,0,0
2023-03-12,port120,Barranquilla,1,0,0,0,0,0,0,0,0,0,0,0,0,0
2023-03-13,port120,Barranquilla,2,0,2712,31069,0,0,2712,0,0,31069,0,0,0,0
2023-03-14,port120,Barranquilla,3,2,975,1807,0,975,0,0,0,0,1807,0,0,0
2023-03-15,port120,Barranquilla,0,0,0,0,0,0,0,0,0,0,0,0,0,0
2023-03-16,port120,Barranquilla,4,1,1084,3778,0,253,831,0,0,0,0,3778,0,0
2023-03-17,port120,Barranquilla,5,1,61378,14838,60272,1106,0,0,0,0,0,2231,12607,0
2023-03-18,port120,Barranquilla,5,1,18233,38246,12932,0,5301,0,0,36245,2001,0,0,0
2023-03-19,port120,Barranquilla,3,0,36502,8158,28194,0,8308,0,0,0,0,0,8158,0
2023-03-20,port120,Barranquilla,3,1,11504,8782,0,0,0,11504,0,0,2604,6177,0,0
2023-03-21,port120,Barranquilla,4,1,27003,644,26027,975,0,0,0,0,644,0,0,0
2023-03-22,port120,Barranquilla,1,0,0,0,0,0,0,0,0,0,0,0,0,0
2023-03-23,port120,Barranquilla,6,1,1614,35101,0,0,0,1614,0,31901,968,2231,0,0
2023-03-24,port120,Barranquilla,3,1,2171,0,0,1469,702,0,0,0,0,0,0,0
2023-03-25,port120,Barranquilla,5,0,40129,55327,37451,0,0,2677,0,48121,0,5769,1436,0
2023-03-26,port120,Barranquilla,1,0,0,637,0,0,0,0,0,0,0,637,0,0
2023-03-27,port120,Barranquilla,1,1,0,0,0,0,0,0,0,0,0,0,0,0
2023-03-28,port120,Barranquilla,4,1,14036,44214,11956,385,1694,0,0,42504,0,1710,0,0
2023-03-29,port120,Barranquilla,2,0,0,10240,0,0,0,0,0,0,0,10240,0,0
2023-03-30,port120,Barranquilla,3,2,15792,6101,11956,3836,0,0,0,5456,644,0,0,0
2023-03-31,port120,Barranquilla,4,0,23337,0,23337,0,0,0,0,0,0,0,0,0
2023-04-01,port120,Barranquilla,1,1,737,0,0,737,0,0,0,0,0,0,0,0
2023-04-02,port120,Barranquilla,4,1,10352,33768,10352,0,0,0,0,28374,1003,0,4391,0
2023-04-03,port120,Barranquilla,4,2,2417,24659,0,2417,0,0,0,24014,644,0,0,0
2023-04-04,port120,Barranquilla,3,1,975,1483,0,975,0,0,0,0,644,838,0,0
2023-04-05,port120,Barranquilla,1,0,0,0,0,0,0,0,0,0,0,0,0,0
2023-04-06,port120,Barranquilla,7,1,42745,33015,31989,0,1694,9061,0,27268,256,1710,3780,0
2023-04-07,port120,Barranquilla,3,0,56633,28202,56633,0,0,0,0,28202,0,0,0,0
2023-04-08,port120,Barranquilla,2,2,734,1084,0,734,0,0,0,0,1084,0,0,0
2023-04-09,port120,Barranquilla,4,0,42656,1710,40961,0,1694,0,0,0,0,1710,0,0
2023-04-10,port120,Barranquilla,3,0,0,9718,0,0,0,0,0,7486,0,2231,0,0
2023-04-11,port120,Barranquilla,4,2,0,3236,0,0,0,0,0,0,2990,0,246,0
2023-04-12,port120,Barranquilla,2,0,0,0,0,0,0,0,0,0,0,0,0,0
2023-04-13,port120,Barranquilla,1,1,975,644,0,975,0,0,0,0,644,0,0,0
2023-04-14,port120,Barranquilla,5,2,41039,9315,39454,1585,0,0,0,0,742,0,8572,0
2023-04-15,port120,Barranquilla,2,0,64080,0,64080,0,0,0,0,0,0,0,0,0
2023-04-16,port120,Barranquilla,7,1,19939,6418,15859,0,2540,1539,0,0,4707,1710,0,0
2023-04-17,port120,Barranquilla,4,1,15125,0,0,4406,0,10719,0,0,0,0,0,0
2023-04-18,port120,Barranquilla,2,1,0,388,0,0,0,0,0,0,388,0,0,0
2023-04-19,port120,Barranquilla,2,0,27621,0,25886,0,1734,0,0,0,0,0,0,0
2023-04-20,port120,Barranquilla,3,1,41412,2355,38741,975,1694,0,0,0,644,1710,0,0
2023-04-21,port120,Barranquilla,2,1,0,1857,0,0,0,0,0,0,1857,0,0,0
2023-04-22,port120,Barranquilla,2,0,29764,2313,29764,0,0,0,0,0,0,0,2313,0
2023-04-23,port120,Barranquilla,3,1,32082,251,32082,0,0,0,0,0,251,0,0,0
2023-04-24,port120,Barranquilla,2,1,685,0,0,358,326,0,0,0,0,0,0,0
2023-04-25,port120,Barranquilla,3,0,17402,27186,0,0,8826,8576,0,27186,0,0,0,0
2023-04-26,port120,Barranquilla,3,1,4800,1791,3824,975,0,0,0,0,644,0,1146,0
2023-04-27,port120,Barranquilla,4,1,51414,4584,51414,0,0,0,0,0,4584,0,0,0
2023-04-28,port120,Barranquilla,2,1,0,40935,0,0,0,0,0,39816,1118,0,0,0
2023-04-29,port120,Barranquilla,3,0,40190,38315,40190,0,0,0,0,38315,0,0,0,0
2023-04-30,port120,Barranquilla,4,1,42665,4943,29871,0,12793,0,0,0,2074,2869,0,0
2023-05-01,port120,Barranquilla,3,1,3323,0,0,3323,0,0,0,0,0,0,0,0
2023-05-02,port120,Barranquilla,3,1,12692,24507,0,0,0,12692,0,24118,389,0,0,0
2023-05-03,port120,Barranquilla,3,0,0,0,0,0,0,0,0,0,0,0,0,0
2023-05-04,port120,Barranquilla,3,1,21995,2506,21995,0,0,0,0,0,963,1542,0,0
2023-05-05,port120,Barranquilla,3,1,975,38972,0,975,0,0,0,35726,644,0,2601,0
2023-05-06,port120,Barranquilla,2,0,9564,4195,9564,0,0,0,0,0,0,0,4195,0
2023-05-07,port120,Barranquilla,2,1,11564,2618,0,0,0,11564,0,0,2618,0,0,0
2023-05-08,port120,Barranquilla,3,1,29205,0,29205,0,0,0,0,0,0,0,0,0
2023-05-09,port120,Barranquilla,3,1,2677,22851,0,0,0,2677,0,21029,385,0,1436,0
2023-05-10,port120,Barranquilla,1,0,30205,0,30205,0,0,0,0,0,0,0,0,0
2023-05-11,port120,Barranquilla,1,1,269,0,0,269,0,0,0,0,0,0,0,0
2023-05-12,port120,Barranquilla,3,1,11670,5554,0,0,0,11670,0,0,5554,0,0,0
2023-05-13,port120,Barranquilla,1,0,3867,0,3867,0,0,0,0,0,0,0,0,0
2023-05-14,port120,Barranquilla,2,1,0,2874,0,0,0,0,0,0,248,0,2625,0
2023-05-15,port120,Barranquilla,4,1,0,8231,0,0,0,0,0,0,3683,3928,618,0
2023-05-16,port120,Barranquilla,6,1,43942,58741,41085,1161,1694,0,0,57030,0,1710,0,0
2023-05-17,port120,Barranquilla,0,0,0,0,0,0,0,0,0,0,0,0,0,0
2023-05-18,port120,Barranquilla,4,1,22213,1269,11365,0,10848,0,0,0,1269,0,0,0
2023-05-19,port120,Barranquilla,5,1,4308,6975,0,0,0,4308,0,0,4550,2425,0,0
2023-05-20,port120,Barranquilla,4,1,48862,5570,36456,0,12406,0,0,0,1482,4087,0,0
2023-05-21,port120,Barranquilla,1,0,0,0,0,0,0,0,0,0,0,0,0,0
2023-05-22,port120,Barranquilla,3,1,2246,25418,0,2246,0,0,0,24899,0,0,519,0
2023-05-23,port120,Barranquilla,4,1,0,12047,0,0,0,0,0,10886,1161,0,0,0
2023-05-24,port120,Barranquilla,4,0,0,24918,0,0,0,0,0,0,0,17120,7797,0
2023-05-25,port120,Barranquilla,2,1,24843,1198,24843,0,0,0,0,0,1198,0,0,0
2023-05-26,port120,Barranquilla,2,1,0,4418,0,0,0,0,0,0,2577,1840,0,0
2023-05-27,port120,Barranquilla,1,1,0,746,0,0,0,0,0,0,746,0,0,0
2023-05-28,port120,Barranquilla,3,0,9246,269,9083,0,163,0,0,0,0,0,269,0
2023-05-29,port120,Barranquilla,1,1,0,0,0,0,0,0,0,0,0,0,0,0
2023-05-30,port120,Barranquilla,4,1,27405,2949,27405,0,0,0,0,0,385,0,2564,0
2023-05-31,port120,Barranquilla,3,0,0,28528,0,0,0,0,0,23046,0,5482,0,0
2023-06-01,port120,Barranquilla,1,1,975,644,0,975,0,0,0,0,644,0,0,0
2023-06-02,port120,Barranquilla,2,1,11956,5825,11956,0,0,0,0,5456,368,0,0,0
2023-06-03,port120,Barranquilla,1,1,0,540,0,0,0,0,0,0,540,0,0,0
2023-06-04,port120,Barranquilla,4,0,33938,20473,33938,0,0,0,0,0,0,9356,11116,0
2023-06-05,port120,Barranquilla,2,1,3683,28656,0,3683,0,0,0,28656,0,0,0,0
2023-06-06,port120,Barranquilla,3,1,6538,767,2851,0,3686,0,0,0,767,0,0,0
2023-06-07,port120,Barranquilla,1,0,8941,0,0,0,8941,0,0,0,0,0,0,0
2023-06-08,port120,Barranquilla,5,1,2649,28182,2649,0,0,0,0,27135,257,789,0,0
2023-06-09,port120,Barranquilla,2,1,1480,3132,0,1480,0,0,0,0,0,0,3132,0
2023-06-10,port120,Barranquilla,2,1,0,3463,0,0,0,0,0,0,594,2869,0,0
2023-06-11,port120,Barranquilla,3,0,3642,0,0,0,0,3642,0,0,0,0,0,0
2023-06-12,port120,Barranquilla,3,1,718,23960,0,718,0,0,0,23960,0,0,0,0
2023-06-13,port120,Barranquilla,7,1,60407,522,45882,0,0,14524,0,0,389,132,0,0
2023-06-14,port120,Barranquilla,3,0,1995,0,0,0,1676,318,0,0,0,0,0,0
2023-06-15,port120,Barranquilla,2,1,996,0,0,728,0,268,0,0,0,0,0,0
2023-06-16,port120,Barranquilla,2,1,36135,368,36135,0,0,0,0,0,368,0,0,0
2023-06-17,port120,Barranquilla,5,1,48247,52417,48247,0,0,0,0,46888,1478,0,4051,0
2023-06-18,port120,Barranquilla,0,0,0,0,0,0,0,0,0,0,0,0,0,0
2023-06-19,port120,Barranquilla,2,1,39284,1264,39284,0,0,0,0,0,1264,0,0,0
2023-06-20,port120,Barranquilla,1,1,0,387,0,0,0,0,0,0,387,0,0,0
2023-06-21,port120,Barranquilla,1,0,0,17425,0,0,0,0,0,0,0,17425,0,0
2023-06-22,port120,Barranquilla,5,1,34358,8945,33288,1070,0,0,0,0,0,8945,0,0
2023-06-23,port120,Barranquilla,3,1,975,5775,0,975,0,0,0,5130,644,0,0,0
2023-06-24,port120,Barranquilla,0,0,0,0,0,0,0,0,0,0,0,0,0,0
2023-06-25,port120,Barranquilla,3,0,36574,1866,36574,0,0,0,0,0,0,1866,0,0
2023-06-26,port120,Barranquilla,3,1,40656,998,40656,0,0,0,0,0,998,0,0,0
2023-06-27,port120,Barranquilla,4,2,2808,706,0,0,0,2808,0,0,706,0,0,0
2023-06-28,port120,Barranquilla,3,0,54700,0,36514,0,0,18186,0,0,0,0,0,0
2023-06-29,port120,Barranquilla,2,1,975,644,0,975,0,0,0,0,644,0,0,0
2023-06-30,port120,Barranquilla,2,1,0,369,0,0,0,0,0,0,369,0,0,0
2023-07-01,port120,Barranquilla,1,1,0,2714,0,0,0,0,0,0,2714,0,0,0
2023-07-02,port120,Barranquilla,0,0,0,0,0,0,0,0,0,0,0,0,0,0
2023-07-03,port120,Barranquilla,3,1,4975,962,4975,0,0,0,0,0,962,0,0,0
2023-07-04,port120,Barranquilla,3,1,0,9864,0,0,0,0,0,0,1159,0,8704,0
2023-07-05,port120,Barranquilla,3,0,39760,0,39760,0,0,0,0,0,0,0,0,0
2023-07-06,port120,Barranquilla,1,1,975,644,0,975,0,0,0,0,644,0,0,0
2023-07-07,port120,Barranquilla,4,1,9918,4355,2246,3347,0,4324,0,0,0,4355,0,0
2023-07-08,port120,Barranquilla,1,0,0,10821,0,0,0,0,0,0,0,0,10821,0
2023-07-09,port120,Barranquilla,3,0,16907,0,5997,0,242,10666,0,0,0,0,0,0
2023-07-10,port120,Barranquilla,3,1,17249,7420,17249,0,0,0,0,5456,1963,0,0,0
2023-07-11,port120,Barranquilla,4,3,2554,9475,0,2554,0,0,0,0,1362,0,8112,0
2023-07-12,port120,Barranquilla,4,0,33787,31945,32703,0,0,1084,0,31945,0,0,0,0
2023-07-13,port120,Barranquilla,4,1,42171,1279,41097,1074,0,0,0,0,0,0,1279,0
2023-07-14,port120,Barranquilla,2,1,741,0,0,741,0,0,0,0,0,0,0,0
2023-07-15,port120,Barranquilla,2,1,0,35195,0,0,0,0,0,33560,1635,0,0,0
2023-07-16,port120,Barranquilla,4,0,26239,44293,26239,0,0,0,0,40593,0,0,3699,0
2023-07-17,port120,Barranquilla,1,0,1694,1710,0,0,1694,0,0,0,0,1710,0,0
2023-07-18,port120,Barranquilla,5,2,27728,28533,26455,1272,0,0,0,26506,772,1254,0,0
2023-07-19,port120,Barranquilla,4,0,0,9764,0,0,0,0,0,5749,0,0,4015,0
2023-07-20,port120,Barranquilla,2,1,0,505,0,0,0,0,0,0,505,0,0,0
2023-07-21,port120,Barranquilla,1,0,25912,0,25912,0,0,0,0,0,0,0,0,0
2023-07-22,port120,Barranquilla,5,2,23653,3263,21086,1710,855,0,0,0,644,0,2618,0
2023-07-23,port120,Barranquilla,5,0,9717,7201,8594,0,1123,0,0,0,0,7201,0,0
2023-07-24,port120,Barranquilla,1,1,1911,0,0,1911,0,0,0,0,0,0,0,0
2023-07-25,port120,Barranquilla,3,1,10414,385,10414,0,0,0,0,0,385,0,0,0
2023-07-26,port120,Barranquilla,1,0,0,9071,0,0,0,0,0,0,0,9071,0,0
2023-07-27,port120,Barranquilla,3,1,11956,36480,11956,0,0,0,0,36001,478,0,0,0
2023-07-28,port120,Barranquilla,3,0,1694,1710,0,0,1694,0,0,0,0,1710,0,0
2023-07-29,port120,Barranquilla,1,1,0,328,0,0,0,0,0,0,328,0,0,0
2023-07-30,port120,Barranquilla,2,0,23382,27630,23382,0,0,0,0,27630,0,0,0,0
2023-07-31,port120,Barranquilla,4,1,36320,5853,36320,0,0,0,0,1803,633,0,3415,0
2023-08-01,port120,Barranquilla,3,1,0,14581,0,0,0,0,0,12645,1935,0,0,0
2023-08-02,port120,Barranquilla,4,0,77305,0,67207,0,0,10098,0,0,0,0,0,0
2023-08-03,port120,Barranquilla,3,1,40483,534,21214,0,0,19268,0,0,534,0,0,0
2023-08-04,port120,Barranquilla,4,1,38636,6838,38636,0,0,0,0,0,753,6085,0,0
2023-08-05,port120,Barranquilla,3,1,32488,2295,32488,0,0,0,0,0,2295,0,0,0
2023-08-06,port120,Barranquilla,5,0,1694,76541,0,0,1694,0,0,74831,0,1710,0,0
2023-08-07,port120,Barranquilla,5,1,3668,32006,0,2545,1123,0,0,29167,0,2839,0,0
2023-08-08,port120,Barranquilla,2,1,22323,0,21935,388,0,0,0,0,0,0,0,0
2023-08-09,port120,Barranquilla,2,0,11732,0,0,0,0,11732,0,0,0,0,0,0
2023-08-10,port120,Barranquilla,2,1,0,718,0,0,0,0,0,0,718,0,0,0
2023-08-11,port120,Barranquilla,3,1,8279,29364,0,4488,3791,0,0,29364,0,0,0,0
2023-08-12,port120,Barranquilla,4,1,14633,11209,11956,0,0,2677,0,5456,1979,2336,1436,0
2023-08-13,port120,Barranquilla,0,0,0,0,0,0,0,0,0,0,0,0,0,0
2023-08-14,port120,Barranquilla,2,1,1911,3225,0,1911,0,0,0,0,0,3225,0,0
2023-08-15,port120,Barranquilla,5,1,3570,5997,0,0,1694,1875,0,0,387,1710,3900,0
2023-08-16,port120,Barranquilla,4,0,39543,39752,27584,0,11959,0,0,39752,0,0,0,0
2023-08-17,port120,Barranquilla,3,1,3476,2355,0,975,1694,805,0,0,644,1710,0,0
2023-08-18,port120,Barranquilla,2,1,6778,0,0,4096,0,2682,0,0,0,0,0,0
2023-08-19,port120,Barranquilla,4,1,9008,1748,8033,975,0,0,0,0,644,0,1103,0
2023-08-20,port120,Barranquilla,0,0,0,0,0,0,0,0,0,0,0,0,0,0
2023-08-21,port120,Barranquilla,3,1,5187,0,2955,2231,0,0,0,0,0,0,0,0
2023-08-22,port120,Barranquilla,2,1,0,11393,0,0,0,0,0,11006,386,0,0,0
2023-08-23,port120,Barranquilla,4,0,23228,3072,21533,0,1694,0,0,0,0,2756,315,0
2023-08-24,port120,Barranquilla,3,0,50578,5456,48282,0,0,2295,0,5456,0,0,0,0
2023-08-25,port120,Barranquilla,6,1,69033,17166,51699,0,0,17333,0,0,1118,0,16047,0
2023-08-26,port120,Barranquilla,1,1,267,0,0,267,0,0,0,0,0,0,0,0
2023-08-27,port120,Barranquilla,3,1,21305,32106,21305,0,0,0,0,31118,987,0,0,0
2023-08-28,port120,Barranquilla,2,0,0,0,0,0,0,0,0,0,0,0,0,0
2023-08-29,port120,Barranquilla,5,2,9559,2505,4840,0,0,4719,0,0,2505,0,0,0
2023-08-30,port120,Barranquilla,4,0,16003,5456,16003,0,0,0,0,5456,0,0,0,0
2023-08-31,port120,Barranquilla,5,1,975,29275,0,975,0,0,0,28630,644,0,0,0
2023-09-01,port120,Barranquilla,4,1,43677,0,42197,1480,0,0,0,0,0,0,0,0
2023-09-02,port120,Barranquilla,3,1,975,3493,0,975,0,0,0,0,644,0,2848,0
2023-09-03,port120,Barranquilla,3,0,20419,0,10161,0,6945,3313,0,0,0,0,0,0
2023-09-04,port120,Barranquilla,1,0,0,0,0,0,0,0,0,0,0,0,0,0
2023-09-05,port120,Barranquilla,2,2,0,704,0,0,0,0,0,0,704,0,0,0
2023-09-06,port120,Barranquilla,7,0,73597,11321,60863,0,12733,0,0,0,0,11321,0,0
2023-09-07,port120,Barranquilla,4,2,28324,38884,25064,3259,0,0,0,38884,0,0,0,0
2023-09-08,port120,Barranquilla,3,1,41527,2973,31150,0,0,10377,0,0,2973,0,0,0
2023-09-09,port120,Barranquilla,1,0,12723,0,0,0,12723,0,0,0,0,0,0,0
2023-09-10,port120,Barranquilla,1,1,330,0,0,330,0,0,0,0,0,0,0,0
2023-09-11,port120,Barranquilla,3,1,35541,29258,35541,0,0,0,0,28941,317,0,0,0
2023-09-12,port120,Barranquilla,2,1,37955,1159,37955,0,0,0,0,0,1159,0,0,0
2023-09-13,port120,Barranquilla,0,0,0,0,0,0,0,0,0,0,0,0,0,0
2023-09-14,port120,Barranquilla,4,0,22976,14127,22976,0,0,0,0,0,0,0,14127,0
2023-09-15,port120,Barranquilla,3,1,16491,6101,15516,975,0,0,0,5456,644,0,0,0
2023-09-16,port120,Barranquilla,2,0,30051,0,30051,0,0,0,0,0,0,0,0,0
2023-09-17,port120,Barranquilla,3,1,1454,982,1454,0,0,0,0,0,982,0,0,0
2023-09-18,port120,Barranquilla,0,0,0,0,0,0,0,0,0,0,0,0,0,0
2023-09-19,port120,Barranquilla,5,2,32905,0,29418,2997,0,489,0,0,0,0,0,0
2023-09-20,port120,Barranquilla,5,0,0,7632,0,0,0,0,0,0,0,7632,0,0
2023-09-21,port120,Barranquilla,3,0,4235,25986,0,0,189,4045,0,25986,0,0,0,0
2023-09-22,port120,Barranquilla,3,2,7126,734,0,7126,0,0,0,0,244,0,489,0
2023-09-23,port120,Barranquilla,1,0,21288,0,21288,0,0,0,0,0,0,0,0,0
2023-09-24,port120,Barranquilla,2,1,0,3904,0,0,0,0,0,0,2951,952,0,0
2023-09-25,port120,Barranquilla,4,1,1916,17093,0,1916,0,0,0,0,0,5588,11504,0
2023-09-26,port120,Barranquilla,1,1,975,644,0,975,0,0,0,0,644,0,0,0
2023-09-27,port120,Barranquilla,2,0,26005,0,24264,0,0,1740,0,0,0,0,0,0
2023-09-28,port120,Barranquilla,1,0,0,0,0,0,0,0,0,0,0,0,0,0
2023-09-29,port120,Barranquilla,5,2,18433,0,3248,8118,0,7066,0,0,0,0,0,0
2023-09-30,port120,Barranquilla,2,1,0,35322,0,0,0,0,0,34341,981,0,0,0
2023-10-01,port120,Barranquilla,2,0,226,282,0,0,226,0,0,0,0,282,0,0
2023-10-02,port120,Barranquilla,3,1,0,43153,0,0,0,0,0,42196,956,0,0,0
2023-10-03,port120,Barranquilla,4,1,388,2280,0,388,0,0,0,0,0,0,2280,0
2023-10-04,port120,Barranquilla,3,0,790,29467,0,0,790,0,0,27776,0,1690,0,0
2023-10-05,port120,Barranquilla,2,0,4147,14781,4147,0,0,0,0,0,0,14781,0,0
2023-10-06,port120,Barranquilla,2,1,5912,0,0,5646,266,0,0,0,0,0,0,0
2023-10-07,port120,Barranquilla,4,1,23912,12883,23912,0,0,0,0,10913,1969,0,0,0
2023-10-08,port120,Barranquilla,3,1,43278,0,42473,805,0,0,0,0,0,0,0,0
2023-10-09,port120,Barranquilla,2,0,0,9016,0,0,0,0,0,5409,0,0,3607,0
2023-10-10,port120,Barranquilla,3,1,1557,5429,0,636,0,921,0,0,0,5429,0,0
2023-10-11,port120,Barranquilla,2,1,975,644,0,975,0,0,0,0,644,0,0,0
2023-10-12,port120,Barranquilla,3,1,9356,10784,9356,0,0,0,0,0,242,0,10542,0
2023-10-13,port120,Barranquilla,3,1,38320,0,35717,2603,0,0,0,0,0,0,0,0
2023-10-14,port120,Barranquilla,2,1,36348,2618,36348,0,0,0,0,0,2618,0,0,0
2023-10-15,port120,Barranquilla,3,0,2520,0,0,0,0,2520,0,0,0,0,0,0
2023-10-16,port120,Barranquilla,3,0,44770,0,44770,0,0,0,0,0,0,0,0,0
2023-10-17,port120,Barranquilla,4,2,2076,31958,0,775,1300,0,0,30999,958,0,0,0
2023-10-18,port120,Barranquilla,7,0,42926,21087,42926,0,0,0,0,0,0,9304,11782,0
2023-10-19,port120,Barranquilla,1,0,0,39024,0,0,0,0,0,39024,0,0,0,0
2023-10-20,port120,Barranquilla,3,1,12327,7614,11956,371,0,0,0,5456,0,0,2157,0
2023-10-21,port120,Barranquilla,3,2,3305,2299,0,3305,0,0,0,0,2299,0,0,0
2023-10-22,port120,Barranquilla,1,0,0,37657,0,0,0,0,0,37657,0,0,0,0
2023-10-23,port120,Barranquilla,1,0,4155,0,0,0,0,4155,0,0,0,0,0,0
2023-10-24,port120,Barranquilla,1,1,1538,0,0,1538,0,0,0,0,0,0,0,0
2023-10-25,port120,Barranquilla,4,1,50167,644,49191,975,0,0,0,0,644,0,0,0
2023-10-26,port120,Barranquilla,4,1,27981,4835,26544,1437,0,0,0,0,0,0,4835,0
2023-10-27,port120,Barranquilla,6,2,5851,28439,0,3155,0,2696,0,27022,0,1417,0,0
2023-10-28,port120,Barranquilla,1,0,1694,1710,0,0,1694,0,0,0,0,1710,0,0
2023-10-29,port120,Barranquilla,5,1,22870,63127,22870,0,0,0,0,60552,2575,0,0,0
2023-10-30,port120,Barranquilla,1,1,0,640,0,0,0,0,0,0,640,0,0,0
2023-10-31,port120,Barranquilla,5,1,6061,1892,1838,1545,0,2677,0,0,0,0,1892,0
2023-11-01,port120,Barranquilla,3,0,549,9710,549,0,0,0,0,0,0,9710,0,0
2023-11-02,port120,Barranquilla,2,1,0,1323,0,0,0,0,0,0,1323,0,0,0
2023-11-03,port120,Barranquilla,2,1,742,4038,0,742,0,0,0,0,0,0,4038,0
2023-11-04,port120,Barranquilla,2,0,13051,0,0,0,875,12175,0,0,0,0,0,0
2023-11-05,port120,Barranquilla,4,1,34971,0,32581,654,1734,0,0,0,0,0,0,0
2023-11-06,port120,Barranquilla,1,0,18905,0,0,0,0,18905,0,0,0,0,0,0
2023-11-07,port120,Barranquilla,7,2,43214,12400,39041,4172,0,0,0,0,644,11755,0,0
2023-11-08,port120,Barranquilla,1,0,229,0,0,0,229,0,0,0,0,0,0,0
2023-11-09,port120,Barranquilla,3,0,57199,8251,57199,0,0,0,0,0,0,8251,0,0
2023-11-10,port120,Barranquilla,1,0,0,0,0,0,0,0,0,0,0,0,0,0
2023-11-11,port120,Barranquilla,4,1,46947,644,30187,975,0,15784,0,0,644,0,0,0
2023-11-12,port120,Barranquilla,7,1,51970,40522,51970,0,0,0,0,23538,326,0,16657,0
2023-11-13,port120,Barranquilla,2,1,958,0,0,958,0,0,0,0,0,0,0,0
2023-11-14,port120,Barranquilla,1,1,389,0,0,389,0,0,0,0,0,0,0,0
2023-11-15,port120,Barranquilla,3,0,0,44277,0,0,0,0,0,43459,0,279,538,0
2023-11-16,port120,Barranquilla,3,1,14215,241,0,0,14215,0,0,0,241,0,0,0
2023-11-17,port120,Barranquilla,4,1,2005,24634,0,2005,0,0,0,24634,0,0,0,0
2023-11-18,port120,Barranquilla,4,0,20893,3941,14502,0,6391,0,0,0,0,3941,0,0
2023-11-19,port120,Barranquilla,4,1,38545,2891,31182,0,0,7363,0,0,2891,0,0,0
2023-11-20,port120,Barranquilla,2,0,0,16233,0,0,0,0,0,0,0,0,16233,0
2023-11-21,port120,Barranquilla,3,2,37710,644,32898,4811,0,0,0,0,644,0,0,0
2023-11-22,port120,Barranquilla,1,0,0,0,0,0,0,0,0,0,0,0,0,0
2023-11-23,port120,Barranquilla,2,1,2351,861,0,1385,0,966,0,0,861,0,0,0
2023-11-24,port120,Barranquilla,1,1,0,800,0,0,0,0,0,0,800,0,0,0
2023-11-25,port120,Barranquilla,2,1,975,14760,0,975,0,0,0,14115,644,0,0,0
2023-11-26,port120,Barranquilla,3,0,2677,1436,0,0,0,2677,0,0,0,0,1436,0
2023-11-27,port120,Barranquilla,3,0,19889,0,0,0,0,19889,0,0,0,0,0,0
2023-11-28,port120,Barranquilla,4,2,34067,0,28353,4211,1501,0,0,0,0,0,0,0
2023-11-29,port120,Barranquilla,3,0,37806,5801,37806,0,0,0,0,0,0,5801,0,0
2023-11-30,port120,Barranquilla,2,0,1694,4862,0,0,1694,0,0,0,0,1710,3152,0
2023-12-01,port120,Barranquilla,3,1,24894,0,0,3485,2750,18658,0,0,0,0,0,0
2023-12-02,port120,Barranquilla,2,1,0,4531,0,0,0,0,0,0,4531,0,0,0
2023-12-03,port120,Barranquilla,2,0,0,30999,0,0,0,0,0,30999,0,0,0,0
2023-12-04,port120,Barranquilla,1,1,0,961,0,0,0,0,0,0,961,0,0,0
2023-12-05,port120,Barranquilla,4,1,41897,37769,41120,777,0,0,0,34353,0,0,3415,0
2023-12-06,port120,Barranquilla,2,0,0,30247,0,0,0,0,0,30247,0,0,0,0
2023-12-07,port120,Barranquilla,2,1,975,644,0,975,0,0,0,0,644,0,0,0
2023-12-08,port120,Barranquilla,6,1,67946,21671,65268,0,0,2677,0,5456,4111,0,12102,0
2023-12-09,port120,Barranquilla,2,0,62075,0,62075,0,0,0,0,0,0,0,0,0
2023-12-10,port120,Barranquilla,1,0,2876,0,2876,0,0,0,0,0,0,0,0,0
2023-12-11,port120,Barranquilla,2,0,27217,0,27217,0,0,0,0,0,0,0,0,0
2023-12-12,port120,Barranquilla,5,2,2670,27114,0,975,1694,0,0,22589,1422,3103,0,0
2023-12-13,port120,Barranquilla,4,0,40594,43672,40594,0,0,0,0,42600,0,0,1071,0
2023-12-14,port120,Barranquilla,0,0,0,0,0,0,0,0,0,0,0,0,0,0
2023-12-15,port120,Barranquilla,3,0,35045,0,34315,0,730,0,0,0,0,0,0,0
2023-12-16,port120,Barranquilla,2,1,975,644,0,975,0,0,0,0,644,0,0,0
2023-12-17,port120,Barranquilla,6,0,46741,7479,44465,0,2276,0,0,0,0,6742,737,0
2023-12-18,port120,Barranquilla,1,1,1290,0,0,1290,0,0,0,0,0,0,0,0
2023-12-19,port120,Barranquilla,4,2,975,2148,0,975,0,0,0,0,894,1254,0,0
2023-12-20,port120,Barranquilla,3,0,1694,10415,0,0,1694,0,0,0,0,1710,8704,0
2023-12-21,port120,Barranquilla,6,0,37406,38886,30487,0,6919,0,0,38886,0,0,0,0
2023-12-22,port120,Barranquilla,1,1,4106,0,0,4106,0,0,0,0,0,0,0,0
2023-12-23,port120,Barranquilla,1,0,46157,0,46157,0,0,0,0,0,0,0,0,0
2023-12-24,port120,Barranquilla,3,2,517,13035,0,517,0,0,0,0,295,0,12740,0
2023-12-25,port120,Barranquilla,2,1,14833,644,13857,975,0,0,0,0,644,0,0,0
2023-12-26,port120,Barranquilla,1,1,975,644,0,975,0,0,0,0,644,0,0,0
2023-12-27,port120,Barranquilla,0,0,0,0,0,0,0,0,0,0,0,0,0,0
2023-12-28,port120,Barranquilla,2,0,4653,0,0,0,4653,0,0,0,0,0,0,0
2023-12-29,port120,Barranquilla,5,1,36985,30101,35506,1478,0,0,0,16547,0,0,13554,0
2023-12-30,port120,Barranquilla,2,0,0,162,0,0,0,0,0,0,0,162,0,0
2023-12-31,port120,Barranquilla,5,1,2011,28532,0,975,0,1035,0,26506,644,1380,0,0
2024-01-01,port120,Barranquilla,1,0,15340,0,15340,0,0,0,0,0,0,0,0,0
2024-01-02,port120,Barranquilla,5,3,15731,7402,12175,3555,0,0,0,0,2466,4936,0,0
2024-01-03,port120,Barranquilla,2,0,2677,13444,0,0,0,2677,0,0,0,12007,1436,0
2024-01-04,port120,Barranquilla,2,1,975,3532,0,975,0,0,0,0,644,0,2887,0
2024-01-05,port120,Barranquilla,2,1,3915,1433,3915,0,0,0,0,0,1433,0,0,0
2024-01-06,port120,Barranquilla,3,1,29685,30669,29685,0,0,0,0,30374,295,0,0,0
2024-01-07,port120,Barranquilla,0,0,0,0,0,0,0,0,0,0,0,0,0,0
2024-01-08,port120,Barranquilla,1,0,12801,0,0,0,12801,0,0,0,0,0,0,0
2024-01-09,port120,Barranquilla,4,1,38834,364,35049,0,0,3785,0,0,364,0,0,0
2024-01-10,port120,Barranquilla,2,1,19823,0,0,1165,0,18658,0,0,0,0,0,0
2024-01-11,port120,Barranquilla,1,0,26801,0,26801,0,0,0,0,0,0,0,0,0
2024-01-12,port120,Barranquilla,2,1,2677,5727,0,0,0,2677,0,0,4291,0,1436,0
2024-01-13,port120,Barranquilla,3,1,0,22137,0,0,0,0,0,21782,354,0,0,0
2024-01-14,port120,Barranquilla,4,0,41453,0,35478,0,0,5975,0,0,0,0,0,0
2024-01-15,port120,Barranquilla,3,0,0,59849,0,0,0,0,0,59012,0,837,0,0
2024-01-16,port120,Barranquilla,2,2,2422,644,0,2422,0,0,0,0,644,0,0,0
2024-01-17,port120,Barranquilla,6,2,44488,4696,30587,9528,1694,2677,0,1549,0,1710,1436,0
2024-01-18,port120,Barranquilla,1,1,0,261,0,0,0,0,0,0,261,0,0,0
2024-01-19,port120,Barranquilla,1,0,0,0,0,0,0,0,0,0,0,0,0,0
2024-01-20,port120,Barranquilla,5,2,46374,4074,41009,0,5365,0,0,0,4074,0,0,0
2024-01-21,port120,Barranquilla,5,0,43274,32864,40221,0,3053,0,0,29994,0,2869,0,0
2024-01-22,port120,Barranquilla,1,0,0,34618,0,0,0,0,0,34618,0,0,0,0
2024-01-23,port120,Barranquilla,1,1,5704,0,0,5704,0,0,0,0,0,0,0,0
2024-01-24,port120,Barranquilla,3,2,5614,1506,0,2360,3253,0,0,0,1506,0,0,0
2024-01-25,port120,Barranquilla,1,0,8312,0,0,0,8312,0,0,0,0,0,0,0
2024-01-26,port120,Barranquilla,4,1,45037,11782,42972,531,1533,0,0,0,0,0,11782,0
2024-01-27,port120,Barranquilla,5,1,48584,10948,47518,1065,0,0,0,8297,0,2651,0,0
2024-01-28,port120,Barranquilla,1,0,28635,0,28635,0,0,0,0,0,0,0,0,0
2024-01-29,port120,Barranquilla,4,2,16637,15494,0,1339,15298,0,0,14849,644,0,0,0
2024-01-30,port120,Barranquilla,6,2,24758,42577,0,1246,20575,2936,0,40221,644,1710,0,0
2024-01-31,port120,Barranquilla,5,0,14962,0,3195,0,9673,2094,0,0,0,0,0,0
2024-02-01,port120,Barranquilla,1,0,422,0,0,0,422,0,0,0,0,0,0,0
2024-02-02,port120,Barranquilla,3,0,23336,2023,23336,0,0,0,0,0,0,0,2023,0
2024-02-03,port120,Barranquilla,3,1,1030,12395,0,1030,0,0,0,0,0,12395,0,0
2024-02-04,port120,Barranquilla,4,1,0,27566,0,0,0,0,0,12623,2250,0,12692,0
2024-02-05,port120,Barranquilla,1,0,0,0,0,0,0,0,0,0,0,0,0,0
2024-02-06,port120,Barranquilla,6,3,12034,1954,7268,4765,0,0,0,0,1954,0,0,0
2024-02-07,port120,Barranquilla,4,2,28624,10442,28624,0,0,0,0,8203,2238,0,0,0
2024-02-08,port120,Barranquilla,2,1,1222,0,0,528,0,693,0,0,0,0,0,0
2024-02-09,port120,Barranquilla,3,1,59062,644,58086,975,0,0,0,0,644,0,0,0
2024-02-10,port120,Barranquilla,4,1,12125,1425,0,0,0,12125,0,0,1425,0,0,0
2024-02-11,port120,Barranquilla,2,0,27461,12603,27461,0,0,0,0,12603,0,0,0,0
2024-02-12,port120,Barranquilla,1,0,443,0,0,0,443,0,0,0,0,0,0,0
2024-02-13,port120,Barranquilla,5,3,11631,1459,8211,2065,0,1353,0,0,1459,0,0,0
2024-02-14,port120,Barranquilla,1,0,32192,0,32192,0,0,0,0,0,0,0,0,0
2024-02-15,port120,Barranquilla,2,1,4041,0,0,268,3773,0,0,0,0,0,0,0
2024-02-16,port120,Barranquilla,2,0,23762,0,4355,0,0,19407,0,0,0,0,0,0
2024-02-17,port120,Barranquilla,3,2,1656,13236,0,1656,0,0,0,0,2457,0,10778,0
2024-02-18,port120,Barranquilla,1,1,2438,0,0,2438,0,0,0,0,0,0,0,0
2024-02-19,port120,Barranquilla,3,0,30329,0,30329,0,0,0,0,0,0,0,0,0
2024-02-20,port120,Barranquilla,3,2,7150,861,0,2833,0,4317,0,0,861,0,0,0
2024-02-21,port120,Barranquilla,2,1,6969,389,0,0,0,6969,0,0,389,0,0,0
2024-02-22,port120,Barranquilla,6,0,77021,18176,74344,0,0,2677,0,0,0,5192,12983,0
2024-02-23,port120,Barranquilla,2,1,1959,1718,0,1959,0,0,0,0,0,0,1718,0
2024-02-24,port120,Barranquilla,2,1,975,2886,0,975,0,0,0,0,644,2241,0,0
2024-02-25,port120,Barranquilla,6,0,72029,23420,72029,0,0,0,0,0,0,5086,18333,0
2024-02-26,port120,Barranquilla,3,1,4511,0,0,711,3262,537,0,0,0,0,0,0
2024-02-27,port120,Barranquilla,6,2,33974,67362,32999,975,0,0,0,65089,2273,0,0,0
2024-02-28,port120,Barranquilla,1,0,0,0,0,0,0,0,0,0,0,0,0,0
2024-02-29,port120,Barranquilla,1,0,39184,0,39184,0,0,0,0,0,0,0,0,0
2024-03-01,port120,Barranquilla,4,0,32462,0,30940,0,0,1522,0,0,0,0,0,0
2024-03-02,port120,Barranquilla,4,3,975,7496,0,975,0,0,0,1154,6342,0,0,0
2024-03-03,port120,Barranquilla,3,0,11956,7768,11956,0,0,0,0,5456,0,0,2311,0
2024-03-04,port120,Barranquilla,0,0,0,0,0,0,0,0,0,0,0,0,0,0
2024-03-05,port120,Barranquilla,4,1,11732,38817,0,0,0,11732,0,27634,1623,0,9558,0
2024-03-06,port120,Barranquilla,5,1,4395,13907,4395,0,0,0,0,11932,1974,0,0,0
2024-03-07,port120,Barranquilla,3,1,43586,162,42774,812,0,0,0,0,0,162,0,0
2024-03-08,port120,Barranquilla,2,1,39965,0,36199,3765,0,0,0,0,0,0,0,0
2024-03-09,port120,Barranquilla,8,1,139878,7856,138143,0,1734,0,0,0,3144,4712,0,0
2024-03-10,port120,Barranquilla,2,1,0,9665,0,0,0,0,0,0,2492,7173,0,0
2024-03-11,port120,Barranquilla,2,1,0,1612,0,0,0,0,0,0,1612,0,0,0
2024-03-12,port120,Barranquilla,3,0,44732,0,1936,0,1137,41658,0,0,0,0,0,0
2024-03-13,port120,Barranquilla,3,2,0,1712,0,0,0,0,0,0,1712,0,0,0
2024-03-14,port120,Barranquilla,5,1,62794,1032,60466,0,2328,0,0,0,1032,0,0,0
2024-03-15,port120,Barranquilla,6,0,24858,40293,24483,0,374,0,0,33701,0,6592,0,0
2024-03-16,port120,Barranquilla,1,1,4914,0,0,4914,0,0,0,0,0,0,0,0
2024-03-17,port120,Barranquilla,3,1,0,46548,0,0,0,0,0,44099,2448,0,0,0
2024-03-18,port120,Barranquilla,4,0,25612,3005,23917,0,1694,0,0,0,0,1710,1294,0
2024-03-19,port120,Barranquilla,4,1,889,26861,0,270,0,618,0,26861,0,0,0,0
2024-03-20,port120,Barranquilla,5,1,40311,16398,38688,0,0,1622,0,0,664,0,15734,0
2024-03-21,port120,Barranquilla,2,1,975,2956,0,975,0,0,0,0,644,0,2311,0
2024-03-22,port120,Barranquilla,0,0,0,0,0,0,0,0,0,0,0,0,0,0
2024-03-23,port120,Barranquilla,2,1,0,1421,0,0,0,0,0,0,1421,0,0,0
2024-03-24,port120,Barranquilla,2,1,0,11415,0,0,0,0,0,11039,375,0,0,0
2024-03-25,port120,Barranquilla,2,0,26947,11782,26947,0,0,0,0,0,0,0,11782,0
2024-03-26,port120,Barranquilla,2,1,0,11944,0,0,0,0,0,0,1082,10861,0,0
2024-03-27,port120,Barranquilla,0,0,0,0,0,0,0,0,0,0,0,0,0,0
2024-03-28,port120,Barranquilla,2,0,41763,0,41763,0,0,0,0,0,0,0,0,0
2024-03-29,port120,Barranquilla,2,1,975,913,0,975,0,0,0,0,644,0,268,0
2024-03-30,port120,Barranquilla,2,2,258,0,0,258,0,0,0,0,0,0,0,0
2024-03-31,port120,Barranquilla,4,2,27458,4593,25654,1803,0,0,0,0,0,4593,0,0
2024-04-01,port120,Barranquilla,2,0,0,28852,0,0,0,0,0,14270,0,0,14582,0
2024-04-02,port120,Barranquilla,2,2,1604,0,0,1604,0,0,0,0,0,0,0,0
2024-04-03,port120,Barranquilla,3,1,0,45355,0,0,0,0,0,44696,659,0,0,0
2024-04-04,port120,Barranquilla,2,0,41107,0,0,0,0,41107,0,0,0,0,0,0
2024-04-05,port120,Barranquilla,2,0,33101,3749,33101,0,0,0,0,0,0,0,3749,0
2024-04-06,port120,Barranquilla,2,1,0,4970,0,0,0,0,0,0,4970,0,0,0
2024-04-07,port120,Barranquilla,4,0,56752,157,56752,0,0,0,0,0,0,157,0,0
2024-04-08,port120,Barranquilla,3,0,30425,10641,30425,0,0,0,0,0,0,0,10641,0
2024-04-09,port120,Barranquilla,3,1,1694,4809,0,0,1694,0,0,0,3098,1710,0,0
2024-04-10,port120,Barranquilla,2,1,33418,861,32033,1385,0,0,0,0,861,0,0,0
2024-04-11,port120,Barranquilla,1,0,0,16094,0,0,0,0,0,0,0,0,16094,0
2024-04-12,port120,Barranquilla,2,0,13622,5456,11956,0,1665,0,0,5456,0,0,0,0
2024-04-13,port120,Barranquilla,2,1,759,20387,0,759,0,0,0,20387,0,0,0,0
2024-04-14,port120,Barranquilla,4,2,11680,5592,0,141,11539,0,0,0,3252,2340,0,0
2024-04-15,port120,Barranquilla,5,1,44337,38709,42500,1837,0,0,0,35821,0,0,2887,0
2024-04-16,port120,Barranquilla,3,1,4519,26796,0,1072,3446,0,0,26796,0,0,0,0
2024-04-17,port120,Barranquilla,3,2,3262,2180,3262,0,0,0,0,0,2180,0,0,0
2024-04-18,port120,Barranquilla,3,0,35588,12294,35588,0,0,0,0,0,0,8858,3435,0
2024-04-19,port120,Barranquilla,4,0,74762,0,72805,0,0,1956,0,0,0,0,0,0
2024-04-20,port120,Barranquilla,4,1,26877,19527,0,0,0,26877,0,5732,1421,0,12373,0
2024-04-21,port120,Barranquilla,4,1,40249,1885,38826,1423,0,0,0,0,0,0,1885,0
2024-04-22,port120,Barranquilla,4,0,2530,41512,0,0,1694,835,0,39802,0,1710,0,0
2024-04-23,port120,Barranquilla,3,1,24713,1159,24713,0,0,0,0,0,1159,0,0,0
2024-04-24,port120,Barranquilla,4,1,25297,11775,23912,1385,0,0,0,10913,861,0,0,0
2024-04-25,port120,Barranquilla,3,1,2143,14363,0,256,0,1886,0,14363,0,0,0,0
2024-04-26,port120,Barranquilla,4,0,41874,30583,41874,0,0,0,0,30300,0,0,283,0
2024-04-27,port120,Barranquilla,1,0,0,4038,0,0,0,0,0,0,0,0,4038,0
2024-04-28,port120,Barranquilla,2,1,11956,7628,11956,0,0,0,0,5456,2171,0,0,0
2024-04-29,port120,Barranquilla,0,0,0,0,0,0,0,0,0,0,0,0,0,0
2024-04-30,port120,Barranquilla,7,1,74372,17350,59074,0,15298,0,0,0,3319,2340,11690,0
2024-05-01,port120,Barranquilla,2,1,2670,2355,0,975,1694,0,0,0,644,1710,0,0
2024-05-02,port120,Barranquilla,5,0,10400,12507,9826,0,573,0,0,0,0,12507,0,0
2024-05-03,port120,Barranquilla,0,0,0,0,0,0,0,0,0,0,0,0,0,0
2024-05-04,port120,Barranquilla,5,1,4832,31122,0,2155,0,2677,0,29686,0,0,1436,0
2024-05-05,port120,Barranquilla,5,1,50874,41941,50874,0,0,0,0,38125,3816,0,0,0
2024-05-06,port120,Barranquilla,2,0,0,38687,0,0,0,0,0,38687,0,0,0,0
2024-05-07,port120,Barranquilla,4,1,11956,10193,11956,0,0,0,0,5456,1849,0,2887,0
2024-05-08,port120,Barranquilla,5,1,77304,4915,77034,270,0,0,0,0,0,4915,0,0
2024-05-09,port120,Barranquilla,1,0,0,0,0,0,0,0,0,0,0,0,0,0
2024-05-10,port120,Barranquilla,1,0,4606,0,4606,0,0,0,0,0,0,0,0,0
2024-05-11,port120,Barranquilla,5,0,29148,6782,26731,0,2416,0,0,6782,0,0,0,0
2024-05-12,port120,Barranquilla,1,1,0,2498,0,0,0,0,0,0,2498,0,0,0
2024-05-13,port120,Barranquilla,1,0,0,0,0,0,0,0,0,0,0,0,0,0
2024-05-14,port120,Barranquilla,6,1,38787,1652,21270,0,1159,16357,0,0,1652,0,0,0
2024-05-15,port120,Barranquilla,2,1,975,644,0,975,0,0,0,0,644,0,0,0
2024-05-16,port120,Barranquilla,4,1,90827,28240,88530,2297,0,0,0,28240,0,0,0,0
2024-05-17,port120,Barranquilla,3,2,1895,764,0,1895,0,0,0,0,764,0,0,0
2024-05-18,port120,Barranquilla,4,0,2677,4852,0,0,0,2677,0,0,0,0,4852,0
2024-05-19,port120,Barranquilla,1,1,0,2044,0,0,0,0,0,0,2044,0,0,0
2024-05-20,port120,Barranquilla,5,0,35681,12097,32840,0,163,2677,0,10661,0,0,1436,0
2024-05-21,port120,Barranquilla,1,0,630,0,0,0,0,630,0,0,0,0,0,0
2024-05-22,port120,Barranquilla,3,2,12931,6845,11956,975,0,0,0,5456,1388,0,0,0
2024-05-23,port120,Barranquilla,2,0,35268,0,35268,0,0,0,0,0,0,0,0,0
2024-05-24,port120,Barranquilla,1,0,7701,0,0,0,0,7701,0,0,0,0,0,0
2024-05-25,port120,Barranquilla,5,1,12722,40208,2873,0,0,9848,0,27085,2498,0,10624,0
2024-05-26,port120,Barranquilla,2,0,0,24427,0,0,0,0,0,24427,0,0,0,0
2024-05-27,port120,Barranquilla,2,0,0,2107,0,0,0,0,0,0,0,2107,0,0
2024-05-28,port120,Barranquilla,3,2,0,1869,0,0,0,0,0,0,1869,0,0,0
2024-05-29,port120,Barranquilla,0,0,0,0,0,0,0,0,0,0,0,0,0,0
2024-05-30,port120,Barranquilla,2,0,0,0,0,0,0,0,0,0,0,0,0,0
2024-05-31,port120,Barranquilla,1,0,0,360,0,0,0,0,0,0,0,0,360,0
2024-06-01,port120,Barranquilla,2,1,26256,0,25460,796,0,0,0,0,0,0,0,0
2024-06-02,port120,Barranquilla,5,1,38704,9546,38704,0,0,0,0,0,881,8664,0,0
2024-06-03,port120,Barranquilla,2,0,0,29650,0,0,0,0,0,29650,0,0,0,0
2024-06-04,port120,Barranquilla,2,1,2058,0,0,367,1690,0,0,0,0,0,0,0
2024-06-05,port120,Barranquilla,3,1,975,54484,0,975,0,0,0,40090,644,0,13748,0
2024-06-06,port120,Barranquilla,1,0,0,0,0,0,0,0,0,0,0,0,0,0
2024-06-07,port120,Barranquilla,2,0,2273,0,0,0,2273,0,0,0,0,0,0,0
2024-06-08,port120,Barranquilla,2,0,14970,0,12832,0,0,2138,0,0,0,0,0,0
2024-06-09,port120,Barranquilla,2,0,32419,5460,32419,0,0,0,0,0,0,0,5460,0
2024-06-10,port120,Barranquilla,1,0,521,0,521,0,0,0,0,0,0,0,0,0
2024-06-11,port120,Barranquilla,4,0,3114,5574,0,0,1694,1419,0,0,0,5574,0,0
2024-06-12,port120,Barranquilla,7,2,12968,35965,11956,0,742,269,0,32578,2133,1254,0,0
2024-06-13,port120,Barranquilla,4,1,40341,24859,28450,774,0,11116,0,0,0,0,24859,0
2024-06-14,port120,Barranquilla,1,0,22886,0,22886,0,0,0,0,0,0,0,0,0
2024-06-15,port120,Barranquilla,2,0,24138,0,5197,0,0,18940,0,0,0,0,0,0
2024-06-16,port120,Barranquilla,2,1,0,32865,0,0,0,0,0,31441,1423,0,0,0
2024-06-17,port120,Barranquilla,1,0,1694,0,0,0,1694,0,0,0,0,0,0,0
2024-06-18,port120,Barranquilla,8,2,40033,32673,37023,1134,0,1875,0,30532,1088,0,1051,0
2024-06-19,port120,Barranquilla,3,1,33385,1436,30339,368,0,2677,0,0,0,0,1436,0
2024-06-20,port120,Barranquilla,2,0,1665,0,0,0,1665,0,0,0,0,0,0,0
2024-06-21,port120,Barranquilla,0,0,0,0,0,0,0,0,0,0,0,0,0,0
2024-06-22,port120,Barranquilla,4,3,2491,861,0,2491,0,0,0,0,861,0,0,0
2024-06-23,port120,Barranquilla,3,0,38021,1874,38021,0,0,0,0,0,0,0,1874,0
2024-06-24,port120,Barranquilla,4,0,8209,0,8209,0,0,0,0,0,0,0,0,0
2024-06-25,port120,Barranquilla,2,1,30860,538,30860,0,0,0,0,0,538,0,0,0
2024-06-26,port120,Barranquilla,5,2,1501,15862,0,1501,0,0,0,13875,1987,0,0,0
2024-06-27,port120,Barranquilla,2,1,39835,0,39516,318,0,0,0,0,0,0,0,0
2024-06-28,port120,Barranquilla,4,0,34167,0,34167,0,0,0,0,0,0,0,0,0
2024-06-29,port120,Barranquilla,4,1,37263,39146,36288,975,0,0,0,38501,644,0,0,0
2024-06-30,port120,Barranquilla,2,1,27448,644,26472,975,0,0,0,0,644,0,0,0
2024-07-01,port120,Barranquilla,5,0,13203,0,483,0,11372,1347,0,0,0,0,0,0
2024-07-02,port120,Barranquilla,1,0,5191,0,5191,0,0,0,0,0,0,0,0,0
2024-07-03,port120,Barranquilla,5,2,3333,9645,0,656,0,2677,0,8209,0,0,1436,0
2024-07-04,port120,Barranquilla,5,1,73949,3853,72667,1282,0,0,0,3853,0,0,0,0
2024-07-05,port120,Barranquilla,0,0,0,0,0,0,0,0,0,0,0,0,0,0
2024-07-06,port120,Barranquilla,2,2,975,3624,0,975,0,0,0,0,3624,0,0,0
2024-07-07,port120,Barranquilla,2,0,11239,0,11239,0,0,0,0,0,0,0,0,0
2024-07-08,port120,Barranquilla,3,0,13651,7167,11956,0,1694,0,0,5456,0,1710,0,0
2024-07-09,port120,Barranquilla,3,2,2321,644,0,1243,1077,0,0,0,644,0,0,0
2024-07-10,port120,Barranquilla,4,0,31777,24301,30111,0,1665,0,0,19081,0,0,5220,0
2024-07-11,port120,Barranquilla,4,0,40267,1203,40267,0,0,0,0,0,0,165,1037,0
2024-07-12,port120,Barranquilla,4,0,2726,38097,2726,0,0,0,0,33367,0,977,3751,0
2024-07-13,port120,Barranquilla,2,0,0,18656,0,0,0,0,0,18656,0,0,0,0
2024-07-14,port120,Barranquilla,1,0,3323,0,0,0,3323,0,0,0,0,0,0,0
2024-07-15,port120,Barranquilla,3,1,12564,2138,0,0,0,12564,0,0,2138,0,0,0
2024-07-16,port120,Barranquilla,5,1,15788,644,0,975,1232,13580,0,0,644,0,0,0
2024-07-17,port120,Barranquilla,2,1,3632,0,0,1074,2557,0,0,0,0,0,0,0
2024-07-18,port120,Barranquilla,3,0,3984,35752,3984,0,0,0,0,30223,0,5529,0,0
2024-07-19,port120,Barranquilla,2,1,2223,0,0,2223,0,0,0,0,0,0,0,0
2024-07-20,port120,Barranquilla,4,1,42879,16206,39706,495,0,2677,0,14770,0,0,1436,0
2024-07-21,port120,Barranquilla,3,2,2219,0,0,2219,0,0,0,0,0,0,0,0
2024-07-22,port120,Barranquilla,1,0,0,3699,0,0,0,0,0,0,0,0,3699,0
2024-07-23,port120,Barranquilla,7,1,91875,644,88508,975,2391,0,0,0,644,0,0,0
2024-07-24,port120,Barranquilla,2,1,1348,277,0,1348,0,0,0,0,0,0,277,0
2024-07-25,port120,Barranquilla,4,0,79154,10330,79154,0,0,0,0,5456,0,4873,0,0
2024-07-26,port120,Barranquilla,0,0,0,0,0,0,0,0,0,0,0,0,0,0
2024-07-27,port120,Barranquilla,2,0,0,3511,0,0,0,0,0,0,0,0,3511,0
2024-07-28,port120,Barranquilla,3,0,0,46102,0,0,0,0,0,41339,0,0,4762,0
2024-07-29,port120,Barranquilla,1,1,0,1427,0,0,0,0,0,0,1427,0,0,0
2024-07-30,port120,Barranquilla,7,2,4372,72451,0,0,1694,2677,0,67245,1439,1710,2056,0
2024-07-31,port120,Barranquilla,1,0,140,0,0,0,140,0,0,0,0,0,0,0
2024-08-01,port120,Barranquilla,3,0,6339,17063,6339,0,0,0,0,17063,0,0,0,0
2024-08-02,port120,Barranquilla,3,2,3774,2101,0,3774,0,0,0,0,2101,0,0,0
2024-08-03,port120,Barranquilla,2,0,6541,1710,0,0,1694,4846,0,0,0,1710,0,0
2024-08-04,port120,Barranquilla,7,1,17271,73523,11915,0,5355,0,0,68745,1316,0,3461,0
2024-08-05,port120,Barranquilla,3,0,23638,36212,23638,0,0,0,0,36212,0,0,0,0
2024-08-06,port120,Barranquilla,3,0,16609,5078,0,0,0,16609,0,0,0,5078,0,0
2024-08-07,port120,Barranquilla,4,2,9340,2965,0,0,9340,0,0,0,2965,0,0,0
2024-08-08,port120,Barranquilla,2,1,1696,506,0,0,0,1696,0,0,506,0,0,0
2024-08-09,port120,Barranquilla,2,1,38407,0,34286,4121,0,0,0,0,0,0,0,0
2024-08-10,port120,Barranquilla,1,1,0,2498,0,0,0,0,0,0,2498,0,0,0
2024-08-11,port120,Barranquilla,2,0,2141,2643,2141,0,0,0,0,0,0,0,2643,0
2024-08-12,port120,Barranquilla,1,0,22855,0,22855,0,0,0,0,0,0,0,0,0
2024-08-13,port120,Barranquilla,3,1,1694,45766,0,0,1694,0,0,43669,386,1710,0,0
2024-08-14,port120,Barranquilla,3,1,2677,2514,0,0,0,2677,0,0,1077,0,1436,0
2024-08-15,port120,Barranquilla,2,0,28987,0,24781,0,4206,0,0,0,0,0,0,0
2024-08-16,port120,Barranquilla,2,1,8380,0,2382,5998,0,0,0,0,0,0,0,0
2024-08-17,port120,Barranquilla,1,0,28347,0,28347,0,0,0,0,0,0,0,0,0
2024-08-18,port120,Barranquilla,2,1,5297,654,5297,0,0,0,0,0,654,0,0,0
2024-08-19,port120,Barranquilla,3,0,39995,1436,37317,0,0,2677,0,0,0,0,1436,0
2024-08-20,port120,Barranquilla,3,0,11461,267,8044,0,3416,0,0,0,0,267,0,0
2024-08-21,port120,Barranquilla,3,2,3998,644,0,1737,2260,0,0,0,644,0,0,0
2024-08-22,port120,Barranquilla,4,0,78899,27770,76221,0,0,2677,0,0,0,0,27770,0
2024-08-23,port120,Barranquilla,4,2,3688,0,0,2872,815,0,0,0,0,0,0,0
2024-08-24,port120,Barranquilla,2,0,0,44716,0,0,0,0,0,39308,0,5407,0,0
2024-08-25,port120,Barranquilla,3,1,0,10708,0,0,0,0,0,0,709,0,9999,0
2024-08-26,port120,Barranquilla,1,0,1694,1710,0,0,1694,0,0,0,0,1710,0,0
2024-08-27,port120,Barranquilla,3,1,0,17270,0,0,0,0,0,3262,1165,12842,0,0
2024-08-28,port120,Barranquilla,2,1,23938,538,0,0,0,23938,0,0,538,0,0,0
2024-08-29,port120,Barranquilla,1,0,29798,0,29798,0,0,0,0,0,0,0,0,0
2024-08-30,port120,Barranquilla,5,2,15598,6288,11956,3642,0,0,0,5456,0,0,831,0
2024-08-31,port120,Barranquilla,5,1,18389,34257,18389,0,0,0,0,33255,979,22,0,0
2024-09-01,port120,Barranquilla,2,0,10366,0,0,0,9252,1114,0,0,0,0,0,0
2024-09-02,port120,Barranquilla,2,0,25371,5456,25371,0,0,0,0,5456,0,0,0,0
2024-09-03,port120,Barranquilla,3,1,13415,3919,13415,0,0,0,0,0,1070,0,2848,0
2024-09-04,port120,Barranquilla,3,1,0,3695,0,0,0,0,0,0,2995,699,0,0
2024-09-05,port120,Barranquilla,2,1,10804,644,0,975,0,9829,0,0,644,0,0,0
2024-09-06,port120,Barranquilla,4,0,3273,5537,0,0,1929,1343,0,0,0,5537,0,0
2024-09-07,port120,Barranquilla,3,1,1880,10716,0,1880,0,0,0,8594,0,2122,0,0
2024-09-08,port120,Barranquilla,4,1,1694,47683,0,0,1694,0,0,16121,1066,1710,28784,0
2024-09-09,port120,Barranquilla,3,0,1694,1710,0,0,1694,0,0,0,0,1710,0,0
2024-09-10,port120,Barranquilla,3,1,41790,10038,41790,0,0,0,0,0,776,0,9262,0
2024-09-11,port120,Barranquilla,6,1,19083,14277,11956,1335,1694,4097,0,6424,0,7852,0,0
2024-09-12,port120,Barranquilla,3,0,38635,21310,38635,0,0,0,0,0,0,7167,14143,0
2024-09-13,port120,Barranquilla,0,0,0,0,0,0,0,0,0,0,0,0,0,0
2024-09-14,port120,Barranquilla,4,1,71558,4702,68880,0,0,2677,0,0,3266,0,1436,0
2024-09-15,port120,Barranquilla,3,1,2226,816,0,2226,0,0,0,0,0,816,0,0
2024-09-16,port120,Barranquilla,4,0,50582,11966,50582,0,0,0,0,11966,0,0,0,0
2024-09-17,port120,Barranquilla,1,0,2449,0,2449,0,0,0,0,0,0,0,0,0
2024-09-18,port120,Barranquilla,4,1,42767,16079,29391,975,0,12400,0,0,644,0,15434,0
2024-09-19,port120,Barranquilla,0,0,0,0,0,0,0,0,0,0,0,0,0,0
2024-09-20,port120,Barranquilla,3,1,975,644,0,975,0,0,0,0,644,0,0,0
2024-09-21,port120,Barranquilla,2,0,22587,0,20876,0,1711,0,0,0,0,0,0,0
2024-09-22,port120,Barranquilla,1,1,0,1068,0,0,0,0,0,0,1068,0,0,0
2024-09-23,port120,Barranquilla,0,0,0,0,0,0,0,0,0,0,0,0,0,0
2024-09-24,port120,Barranquilla,5,1,6070,2095,0,0,6070,0,0,0,785,1310,0,0
2024-09-25,port120,Barranquilla,0,0,0,0,0,0,0,0,0,0,0,0,0,0
2024-09-26,port120,Barranquilla,1,0,39319,0,39319,0,0,0,0,0,0,0,0,0
2024-09-27,port120,Barranquilla,2,2,3537,0,0,3537,0,0,0,0,0,0,0,0
2024-09-28,port120,Barranquilla,4,1,7887,12602,0,0,7887,0,0,0,1966,10636,0,0
2024-09-29,port120,Barranquilla,2,0,16849,0,16684,0,164,0,0,0,0,0,0,0
2024-09-30,port120,Barranquilla,6,0,58115,51324,56420,0,1694,0,0,45288,0,1710,4325,0
2024-10-01,port120,Barranquilla,2,0,34712,3749,34712,0,0,0,0,0,0,0,3749,0
2024-10-02,port120,Barranquilla,2,0,45693,0,45693,0,0,0,0,0,0,0,0,0
2024-10-03,port120,Barranquilla,2,1,0,1096,0,0,0,0,0,0,1096,0,0,0
2024-10-04,port120,Barranquilla,2,1,0,1310,0,0,0,0,0,553,757,0,0,0
2024-10-05,port120,Barranquilla,3,1,21340,5309,0,2731,0,18609,0,0,0,5309,0,0
2024-10-06,port120,Barranquilla,3,2,24015,0,0,2234,0,21781,0,0,0,0,0,0
2024-10-07,port120,Barranquilla,0,0,0,0,0,0,0,0,0,0,0,0,0,0
2024-10-08,port120,Barranquilla,4,1,0,49760,0,0,0,0,0,27597,3113,4814,14235,0
2024-10-09,port120,Barranquilla,3,0,75003,0,75003,0,0,0,0,0,0,0,0,0
2024-10-10,port120,Barranquilla,2,0,32924,0,32227,0,697,0,0,0,0,0,0,0
2024-10-11,port120,Barranquilla,1,0,2154,0,0,0,0,2154,0,0,0,0,0,0
2024-10-12,port120,Barranquilla,3,2,0,21272,0,0,0,0,0,0,7128,0,14143,0
2024-10-13,port120,Barranquilla,4,0,75413,965,72506,0,0,2906,0,0,0,0,965,0
2024-10-14,port120,Barranquilla,5,0,28884,15229,28558,0,326,0,0,15229,0,0,0,0
2024-10-15,port120,Barranquilla,0,0,0,0,0,0,0,0,0,0,0,0,0,0
2024-10-16,port120,Barranquilla,4,1,29894,15619,11956,0,0,17938,0,14499,1119,0,0,0
2024-10-17,port120,Barranquilla,3,2,33790,1370,33025,765,0,0,0,0,1370,0,0,0
2024-10-18,port120,Barranquilla,3,1,39470,0,37210,2259,0,0,0,0,0,0,0,0
2024-10-19,port120,Barranquilla,1,1,0,1423,0,0,0,0,0,0,1423,0,0,0
2024-10-20,port120,Barranquilla,6,0,66444,8257,61054,0,3389,2000,0,0,0,3421,4835,0
2024-10-21,port120,Barranquilla,3,1,4038,52866,0,4038,0,0,0,36832,0,0,16034,0
2024-10-22,port120,Barranquilla,3,1,3391,386,0,0,231,3160,0,0,386,0,0,0
2024-10-23,port120,Barranquilla,4,1,12466,31053,0,0,12466,0,0,30658,394,0,0,0
2024-10-24,port120,Barranquilla,3,0,6791,11017,0,0,6475,315,0,11017,0,0,0,0
2024-10-25,port120,Barranquilla,2,0,1842,0,0,0,1842,0,0,0,0,0,0,0
2024-10-26,port120,Barranquilla,4,2,3269,37520,0,3269,0,0,0,36658,861,0,0,0
2024-10-27,port120,Barranquilla,3,1,35798,3607,35798,0,0,0,0,0,3607,0,0,0
2024-10-28,port120,Barranquilla,1,0,0,0,0,0,0,0,0,0,0,0,0,0
2024-10-29,port120,Barranquilla,5,1,6404,856,5635,768,0,0,0,0,0,0,856,0
2024-10-30,port120,Barranquilla,7,1,52576,3401,52576,0,0,0,0,0,378,3023,0,0
2024-10-31,port120,Barranquilla,5,1,34513,4267,33128,1385,0,0,0,0,861,3406,0,0
2024-11-01,port120,Barranquilla,5,0,2677,64412,0,0,0,2677,0,62976,0,0,1436,0
2024-11-02,port120,Barranquilla,1,0,0,0,0,0,0,0,0,0,0,0,0,0
2024-11-03,port120,Barranquilla,2,1,0,48743,0,0,0,0,0,0,2496,0,46247,0
2024-11-04,port120,Barranquilla,3,1,39280,630,38897,383,0,0,0,0,0,0,630,0
2024-11-05,port120,Barranquilla,7,1,10315,29356,8620,0,1694,0,0,26475,1170,1710,0,0
2024-11-06,port120,Barranquilla,5,0,7222,38516,7057,0,164,0,0,36631,0,463,1421,0
2024-11-07,port120,Barranquilla,5,1,33860,6279,29912,256,1694,1996,0,0,0,1710,4568,0
2024-11-08,port120,Barranquilla,3,0,35881,0,30757,0,0,5124,0,0,0,0,0,0
2024-11-09,port120,Barranquilla,3,1,5721,30398,0,5721,0,0,0,26076,0,0,4322,0
2024-11-10,port120,Barranquilla,3,1,0,1626,0,0,0,0,0,0,1626,0,0,0
2024-11-11,port120,Barranquilla,1,0,2580,0,0,0,2580,0,0,0,0,0,0,0
2024-11-12,port120,Barranquilla,3,0,2036,0,0,0,2036,0,0,0,0,0,0,0
2024-11-13,port120,Barranquilla,2,0,0,30683,0,0,0,0,0,30683,0,0,0,0
2024-11-14,port120,Barranquilla,4,1,1694,48584,0,0,1694,0,0,46599,274,1710,0,0
2024-11-15,port120,Barranquilla,2,1,0,8268,0,0,0,0,0,0,3036,5232,0,0
2024-11-16,port120,Barranquilla,2,0,17368,11782,17368,0,0,0,0,0,0,0,11782,0
2024-11-17,port120,Barranquilla,2,1,355,0,0,355,0,0,0,0,0,0,0,0
2024-11-18,port120,Barranquilla,4,0,1694,10681,0,0,1694,0,0,0,0,1710,8970,0
2024-11-19,port120,Barranquilla,4,1,385,7222,0,385,0,0,0,7222,0,0,0,0
2024-11-20,port120,Barranquilla,4,0,24400,8585,24400,0,0,0,0,5456,0,3128,0,0
2024-11-21,port120,Barranquilla,4,2,4214,2355,0,2519,1694,0,0,0,644,1710,0,0
2024-11-22,port120,Barranquilla,3,1,6775,0,0,1280,906,4588,0,0,0,0,0,0
2024-11-23,port120,Barranquilla,2,0,41313,0,41313,0,0,0,0,0,0,0,0,0
2024-11-24,port120,Barranquilla,2,1,11505,655,0,0,0,11505,0,0,655,0,0,0
2024-11-25,port120,Barranquilla,3,1,42299,0,37044,5254,0,0,0,0,0,0,0,0
2024-11-26,port120,Barranquilla,1,0,0,0,0,0,0,0,0,0,0,0,0,0
2024-11-27,port120,Barranquilla,3,0,1694,3527,0,0,1694,0,0,0,0,3527,0,0
2024-11-28,port120,Barranquilla,0,0,0,0,0,0,0,0,0,0,0,0,0,0
2024-11-29,port120,Barranquilla,5,1,45688,73027,40508,2991,0,2188,0,73027,0,0,0,0
2024-11-30,port120,Barranquilla,2,0,33061,0,33061,0,0,0,0,0,0,0,0,0
2024-12-01,port120,Barranquilla,1,0,0,0,0,0,0,0,0,0,0,0,0,0
2024-12-02,port120,Barranquilla,2,1,0,1248,0,0,0,0,0,0,1248,0,0,0
2024-12-03,port120,Barranquilla,4,0,18639,0,12323,0,0,6315,0,0,0,0,0,0
2024-12-04,port120,Barranquilla,1,1,0,3505,0,0,0,0,0,0,3505,0,0,0
2024-12-05,port120,Barranquilla,1,0,0,0,0,0,0,0,0,0,0,0,0,0
2024-12-06,port120,Barranquilla,6,1,13603,1157,10337,2188,0,1077,0,0,0,1157,0,0
2024-12-07,port120,Barranquilla,4,2,45156,4134,40629,1849,0,2677,0,0,2698,0,1436,0
2024-12-08,port120,Barranquilla,5,0,42521,10327,41895,0,0,625,0,0,0,10327,0,0
2024-12-09,port120,Barranquilla,5,0,72124,4211,72124,0,0,0,0,0,0,462,3749,0
2024-12-10,port120,Barranquilla,1,0,0,13176,0,0,0,0,0,0,0,0,13176,0
2024-12-11,port120,Barranquilla,4,2,7034,2183,0,406,3272,3354,0,0,272,0,1910,0
2024-12-12,port120,Barranquilla,4,1,41769,0,38746,3023,0,0,0,0,0,0,0,0
2024-12-13,port120,Barranquilla,3,0,54466,0,42844,0,11622,0,0,0,0,0,0,0
2024-12-14,port120,Barranquilla,4,1,0,17982,0,0,0,0,0,0,382,13562,4038,0
2024-12-15,port120,Barranquilla,4,1,44204,30552,33726,516,9961,0,0,30552,0,0,0,0
2024-12-16,port120,Barranquilla,2,0,26801,0,25192,0,0,1608,0,0,0,0,0,0
2024-12-17,port120,Barranquilla,2,1,0,7654,0,0,0,0,0,0,540,7114,0,0
2024-12-18,port120,Barranquilla,3,0,2677,11366,0,0,0,2677,0,0,0,5930,5435,0
2024-12-19,port120,Barranquilla,3,1,1244,2311,0,769,474,0,0,0,0,0,2311,0
2024-12-20,port120,Barranquilla,1,0,13851,0,13851,0,0,0,0,0,0,0,0,0
2024-12-21,port120,Barranquilla,2,2,975,2584,0,975,0,0,0,0,2584,0,0,0
2024-12-22,port120,Barranquilla,2,1,0,24514,0,0,0,0,0,22547,1966,0,0,0
2024-12-23,port120,Barranquilla,2,0,11956,5456,11956,0,0,0,0,5456,0,0,0,0
2024-12-24,port120,Barranquilla,0,0,0,0,0,0,0,0,0,0,0,0,0,0
2024-12-25,port120,Barranquilla,2,1,1095,7264,0,1095,0,0,0,0,0,7264,0,0
2024-12-26,port120,Barranquilla,6,0,56637,31176,40227,0,0,16410,0,0,0,12881,18294,0
2024-12-27,port120,Barranquilla,3,1,11983,1590,11983,0,0,0,0,0,1590,0,0,0
2024-12-28,port120,Barranquilla,3,0,7412,7614,7412,0,0,0,0,0,0,0,7614,0
2024-12-29,port120,Barranquilla,5,2,4814,2609,4814,0,0,0,0,0,2609,0,0,0
2024-12-30,port120,Barranquilla,1,0,45478,0,45478,0,0,0,0,0,0,0,0,0
2024-12-31,port120,Barranquilla,3,0,411,462,0,0,411,0,0,0,0,462,0,0
2025-01-01,port120,Barranquilla,2,1,3119,0,2862,256,0,0,0,0,0,0,0,0
2025-01-02,port120,Barranquilla,3,0,1991,5505,0,0,284,1706,0,0,0,5505,0,0
2025-01-03,port120,Barranquilla,2,0,12305,3415,0,0,0,12305,0,0,0,0,3415,0
2025-01-04,port120,Barranquilla,4,1,24647,744,24647,0,0,0,0,0,744,0,0,0
2025-01-05,port120,Barranquilla,3,1,1136,1883,0,1136,0,0,0,0,0,1078,805,0
2025-01-06,port120,Barranquilla,5,1,8219,20814,6665,1554,0,0,0,1912,0,5930,12971,0
2025-01-07,port120,Barranquilla,5,0,44238,30044,42543,0,1694,0,0,28334,0,1710,0,0
2025-01-08,port120,Barranquilla,4,0,1850,39250,0,0,1850,0,0,32983,0,2231,4035,0
2025-01-09,port120,Barranquilla,2,1,38810,0,35252,3557,0,0,0,0,0,0,0,0
2025-01-10,port120,Barranquilla,3,2,37545,1883,34952,2592,0,0,0,0,1883,0,0,0
2025-01-11,port120,Barranquilla,1,0,0,0,0,0,0,0,0,0,0,0,0,0
2025-01-12,port120,Barranquilla,3,1,6201,0,6201,0,0,0,0,0,0,0,0,0
2025-01-13,port120,Barranquilla,3,1,16838,5456,11956,4882,0,0,0,5456,0,0,0,0
2025-01-14,port120,Barranquilla,6,0,47269,40328,46139,0,1130,0,0,40328,0,0,0,0
2025-01-15,port120,Barranquilla,3,1,36300,2276,35324,975,0,0,0,0,644,1631,0,0
2025-01-16,port120,Barranquilla,4,1,17166,0,8165,1096,0,7904,0,0,0,0,0,0
2025-01-17,port120,Barranquilla,4,0,4390,27505,4390,0,0,0,0,11010,0,0,16495,0
2025-01-18,port120,Barranquilla,2,0,0,33175,0,0,0,0,0,33175,0,0,0,0
2025-01-19,port120,Barranquilla,3,1,24697,3408,22019,0,0,2677,0,0,1972,0,1436,0
2025-01-20,port120,Barranquilla,2,0,3120,2763,0,0,0,3120,0,0,0,0,2763,0
2025-01-21,port120,Barranquilla,1,0,0,0,0,0,0,0,0,0,0,0,0,0
2025-01-22,port120,Barranquilla,4,1,30439,1591,0,975,0,29464,0,0,644,0,946,0
2025-01-23,port120,Barranquilla,3,1,0,42176,0,0,0,0,0,38515,2261,1399,0,0
2025-01-24,port120,Barranquilla,1,0,422,0,0,0,422,0,0,0,0,0,0,0
2025-01-25,port120,Barranquilla,4,1,47247,5837,41847,2722,0,2677,0,0,0,4401,1436,0
2025-01-26,port120,Barranquilla,2,0,40261,0,40261,0,0,0,0,0,0,0,0,0
2025-01-27,port120,Barranquilla,4,1,0,80863,0,0,0,0,0,79879,984,0,0,0
2025-01-28,port120,Barranquilla,1,0,1842,0,0,0,1842,0,0,0,0,0,0,0
2025-01-29,port120,Barranquilla,4,1,765,4913,0,765,0,0,0,0,0,4109,804,0
2025-01-30,port120,Barranquilla,2,0,0,2887,0,0,0,0,0,0,0,0,2887,0
2025-01-31,port120,Barranquilla,1,0,15424,0,15424,0,0,0,0,0,0,0,0,0
2025-02-01,port120,Barranquilla,2,1,44419,1644,44419,0,0,0,0,0,1644,0,0,0
2025-02-02,port120,Barranquilla,4,1,57742,1761,44311,975,0,12455,0,0,644,1116,0,0
2025-02-03,port120,Barranquilla,3,0,39503,5456,39503,0,0,0,0,5456,0,0,0,0
2025-02-04,port120,Barranquilla,0,0,0,0,0,0,0,0,0,0,0,0,0,0
2025-02-05,port120,Barranquilla,2,1,850,936,0,850,0,0,0,0,0,0,936,0
2025-02-06,port120,Barranquilla,3,1,31951,3351,30256,0,1694,0,0,0,1641,1710,0,0
2025-02-07,port120,Barranquilla,1,0,0,0,0,0,0,0,0,0,0,0,0,0
2025-02-08,port120,Barranquilla,1,0,27034,0,27034,0,0,0,0,0,0,0,0,0
2025-02-09,port120,Barranquilla,3,1,64662,644,50002,975,0,13684,0,0,644,0,0,0
2025-02-10,port120,Barranquilla,2,0,0,24941,0,0,0,0,0,24941,0,0,0,0
2025-02-11,port120,Barranquilla,2,0,36898,0,36898,0,0,0,0,0,0,0,0,0
2025-02-12,port120,Barranquilla,2,0,33063,25082,33063,0,0,0,0,0,0,0,25082,0
2025-02-13,port120,Barranquilla,3,1,33055,2001,33055,0,0,0,0,0,2001,0,0,0
2025-02-14,port120,Barranquilla,1,1,6839,0,0,6839,0,0,0,0,0,0,0,0
2025-02-15,port120,Barranquilla,3,2,1782,903,0,975,0,806,0,0,903,0,0,0
2025-02-16,port120,Barranquilla,0,0,0,0,0,0,0,0,0,0,0,0,0,0
2025-02-17,port120,Barranquilla,5,1,43846,5693,43189,656,0,0,0,0,0,2231,3461,0
2025-02-18,port120,Barranquilla,3,0,68905,0,68905,0,0,0,0,0,0,0,0,0
2025-02-19,port120,Barranquilla,2,0,5355,2872,0,0,0,5355,0,0,0,0,2872,0
2025-02-20,port120,Barranquilla,4,1,37976,38497,37464,511,0,0,0,38497,0,0,0,0
2025-02-21,port120,Barranquilla,2,1,5640,0,5261,379,0,0,0,0,0,0,0,0
2025-02-22,port120,Barranquilla,5,1,34103,30180,0,0,0,34103,0,28363,381,0,1436,0
2025-02-23,port120,Barranquilla,4,1,1578,12580,821,0,0,757,0,0,3535,9045,0,0
2025-02-24,port120,Barranquilla,2,0,2630,1710,0,0,2630,0,0,0,0,1710,0,0
2025-02-25,port120,Barranquilla,4,0,47491,5767,43744,0,3747,0,0,0,0,0,5767,0
2025-02-26,port120,Barranquilla,3,1,34350,4179,34350,0,0,0,0,0,388,3791,0,0
2025-02-27,port120,Barranquilla,1,1,1083,0,0,1083,0,0,0,0,0,0,0,0
2025-02-28,port120,Barranquilla,4,1,3190,2085,0,0,1694,1496,0,0,374,1710,0,0
2025-03-01,port120,Barranquilla,1,1,1881,0,0,1881,0,0,0,0,0,0,0,0
2025-03-02,port120,Barranquilla,2,0,40861,31912,40861,0,0,0,0,0,0,0,31912,0
2025-03-03,port120,Barranquilla,4,0,0,41722,0,0,0,0,0,40056,0,1665,0,0
2025-03-04,port120,Barranquilla,2,0,0,41688,0,0,0,0,0,39089,0,0,2599,0
2025-03-05,port120,Barranquilla,5,1,40265,4166,25600,508,1831,12324,0,0,0,0,4166,0
2025-03-06,port120,Barranquilla,2,1,1552,644,576,975,0,0,0,0,644,0,0,0
2025-03-07,port120,Barranquilla,3,1,15609,7538,11956,975,0,2677,0,5456,644,0,1436,0
2025-03-08,port120,Barranquilla,2,1,1632,2162,0,0,1632,0,0,0,2162,0,0,0
2025-03-09,port120,Barranquilla,1,1,0,2636,0,0,0,0,0,0,2636,0,0,0
2025-03-10,port120,Barranquilla,4,0,34214,8366,34214,0,0,0,0,0,0,8366,0,0
2025-03-11,port120,Barranquilla,0,0,0,0,0,0,0,0,0,0,0,0,0,0
2025-03-12,port120,Barranquilla,5,2,13341,8221,11956,1385,0,0,0,5456,1648,1116,0,0
2025-03-13,port120,Barranquilla,3,1,40026,1436,36579,769,0,2677,0,0,0,0,1436,0
2025-03-14,port120,Barranquilla,2,1,1120,6710,0,1120,0,0,0,6710,0,0,0,0
2025-03-15,port120,Barranquilla,2,1,1978,861,0,1385,592,0,0,0,861,0,0,0
2025-03-16,port120,Barranquilla,2,0,36433,0,36433,0,0,0,0,0,0,0,0,0
2025-03-17,port120,Barranquilla,3,1,10745,16233,8025,2720,0,0,0,0,0,0,16233,0
2025-03-18,port120,Barranquilla,1,0,0,164,0,0,0,0,0,0,0,164,0,0
2025-03-19,port120,Barranquilla,3,2,30478,1876,30478,0,0,0,0,0,1876,0,0,0
2025-03-20,port120,Barranquilla,4,1,44463,0,42016,2446,0,0,0,0,0,0,0,0
2025-03-21,port120,Barranquilla,3,1,15285,0,10438,4846,0,0,0,0,0,0,0,0
2025-03-22,port120,Barranquilla,3,0,0,15742,0,0,0,0,0,0,0,0,15742,0
2025-03-23,port120,Barranquilla,3,1,32673,1354,32673,0,0,0,0,0,1354,0,0,0
2025-03-24,port120,Barranquilla,4,0,38071,32369,37599,0,471,0,0,32234,0,135,0,0
2025-03-25,port120,Barranquilla,4,0,4646,6603,0,0,1694,2952,0,0,0,6603,0,0
2025-03-26,port120,Barranquilla,3,0,17737,5085,14382,0,0,3354,0,0,0,0,5085,0
2025-03-27,port120,Barranquilla,3,2,17905,0,14884,3020,0,0,0,0,0,0,0,0
2025-03-28,port120,Barranquilla,4,2,26177,0,0,4393,0,21784,0,0,0,0,0,0
2025-03-29,port120,Barranquilla,5,1,17682,4113,7436,0,10245,0,0,0,1966,0,2146,0
2025-03-30,port120,Barranquilla,1,0,0,4618,0,0,0,0,0,0,0,4618,0,0
2025-03-31,port120,Barranquilla,3,0,30489,0,30489,0,0,0,0,0,0,0,0,0
2025-04-01,port120,Barranquilla,1,0,0,0,0,0,0,0,0,0,0,0,0,0
2025-04-02,port120,Barranquilla,4,1,39217,3735,39217,0,0,0,0,0,2619,1116,0,0
2025-04-03,port120,Barranquilla,1,0,33566,0,33566,0,0,0,0,0,0,0,0,0
2025-04-04,port120,Barranquilla,5,1,20714,644,0,975,327,19411,0,0,644,0,0,0
2025-04-05,port120,Barranquilla,3,0,58514,46989,58514,0,0,0,0,46989,0,0,0,0
2025-04-06,port120,Barranquilla,1,1,0,540,0,0,0,0,0,0,540,0,0,0
2025-04-07,port120,Barranquilla,5,0,54576,0,54412,0,163,0,0,0,0,0,0,0
2025-04-08,port120,Barranquilla,3,1,698,8165,0,0,698,0,0,0,3794,4371,0,0
2025-04-09,port120,Barranquilla,3,1,3105,0,0,3105,0,0,0,0,0,0,0,0
2025-04-10,port120,Barranquilla,4,1,71130,4777,71130,0,0,0,0,0,1361,0,3415,0
2025-04-11,port120,Barranquilla,4,1,1508,266,0,1508,0,0,0,0,0,266,0,0
2025-04-12,port120,Barranquilla,1,0,7524,0,7524,0,0,0,0,0,0,0,0,0
2025-04-13,port120,Barranquilla,2,0,537,3751,0,0,0,537,0,0,0,0,3751,0
2025-04-14,port120,Barranquilla,1,0,11956,5456,11956,0,0,0,0,5456,0,0,0,0
2025-04-15,port120,Barranquilla,0,0,0,0,0,0,0,0,0,0,0,0,0,0
2025-04-16,port120,Barranquilla,5,1,36710,14424,36334,376,0,0,0,14424,0,0,0,0
2025-04-17,port120,Barranquilla,3,1,12492,33806,11956,536,0,0,0,33806,0,0,0,0
2025-04-18,port120,Barranquilla,3,1,5649,0,0,5235,413,0,0,0,0,0,0,0
2025-04-19,port120,Barranquilla,0,0,0,0,0,0,0,0,0,0,0,0,0,0
2025-04-20,port120,Barranquilla,7,1,52006,2001,50396,0,0,1610,0,0,2001,0,0,0
2025-04-21,port120,Barranquilla,2,0,15467,5456,11956,0,0,3511,0,5456,0,0,0,0
2025-04-22,port120,Barranquilla,4,0,12148,38472,10453,0,1694,0,0,29425,0,9046,0,0
2025-04-23,port120,Barranquilla,2,1,26825,0,24499,2325,0,0,0,0,0,0,0,0
2025-04-24,port120,Barranquilla,2,0,46027,0,46027,0,0,0,0,0,0,0,0,0
2025-04-25,port120,Barranquilla,4,0,504,10945,0,0,504,0,0,0,0,8066,2878,0
2025-04-26,port120,Barranquilla,6,2,44581,2180,38411,6005,164,0,0,0,2180,0,0,0
2025-04-27,port120,Barranquilla,4,1,7786,11646,3591,4195,0,0,0,11646,0,0,0,0
2025-04-28,port120,Barranquilla,3,1,13821,6905,11956,1865,0,0,0,5456,0,0,1449,0
2025-04-29,port120,Barranquilla,3,0,44877,0,40425,0,4451,0,0,0,0,0,0,0
2025-04-30,port120,Barranquilla,3,1,5317,743,0,0,0,5317,0,0,743,0,0,0
2025-05-01,port120,Barranquilla,5,2,6532,1152,4841,975,0,715,0,0,1152,0,0,0
2025-05-02,port120,Barranquilla,4,1,80200,36036,38093,1496,0,40610,0,36036,0,0,0,0
2025-05-03,port120,Barranquilla,1,0,34237,0,34237,0,0,0,0,0,0,0,0,0
2025-05-04,port120,Barranquilla,2,1,378,2440,0,0,378,0,0,0,2440,0,0,0
2025-05-05,port120,Barranquilla,2,0,0,28328,0,0,0,0,0,24866,0,0,3461,0
2025-05-06,port120,Barranquilla,2,1,975,8293,0,975,0,0,0,0,644,7648,0,0
2025-05-07,port120,Barranquilla,5,2,75422,5034,41736,1951,0,31734,0,0,1289,3744,0,0
2025-05-08,port120,Barranquilla,5,0,73363,5456,32952,0,1842,38567,0,5456,0,0,0,0
2025-05-09,port120,Barranquilla,2,1,12331,5456,11956,375,0,0,0,5456,0,0,0,0
2025-05-10,port120,Barranquilla,5,1,39808,44586,38833,975,0,0,0,40525,644,0,3415,0
2025-05-11,port120,Barranquilla,1,0,0,38554,0,0,0,0,0,38554,0,0,0,0
2025-05-12,port120,Barranquilla,1,0,3562,0,3562,0,0,0,0,0,0,0,0,0
2025-05-13,port120,Barranquilla,2,1,975,6663,0,975,0,0,0,0,644,6018,0,0
2025-05-14,port120,Barranquilla,1,1,1114,0,0,1114,0,0,0,0,0,0,0,0
2025-05-15,port120,Barranquilla,1,0,37118,0,37118,0,0,0,0,0,0,0,0,0
2025-05-16,port120,Barranquilla,5,2,4394,19889,0,4394,0,0,0,0,0,3156,16733,0
2025-05-17,port120,Barranquilla,1,0,0,0,0,0,0,0,0,0,0,0,0,0
2025-05-18,port120,Barranquilla,0,0,0,0,0,0,0,0,0,0,0,0,0,0
2025-05-19,port120,Barranquilla,2,0,477,16167,0,0,477,0,0,0,0,0,16167,0
2025-05-20,port120,Barranquilla,5,1,28236,29363,26454,975,0,806,0,28718,644,0,0,0
2025-05-21,port120,Barranquilla,3,0,19434,0,18145,0,1288,0,0,0,0,0,0,0
2025-05-22,port120,Barranquilla,2,1,12706,1171,12706,0,0,0,0,0,1171,0,0,0
2025-05-23,port120,Barranquilla,3,2,7262,0,0,7262,0,0,0,0,0,0,0,0
2025-05-24,port120,Barranquilla,2,0,11956,7768,11956,0,0,0,0,5456,0,0,2311,0
2025-05-25,port120,Barranquilla,1,0,35295,0,35295,0,0,0,0,0,0,0,0,0
2025-05-26,port120,Barranquilla,3,0,1858,1710,0,0,1858,0,0,0,0,1710,0,0
2025-05-27,port120,Barranquilla,4,2,36177,1738,35201,975,0,0,0,0,1738,0,0,0
2025-05-28,port120,Barranquilla,5,2,85609,6784,83658,1951,0,0,0,0,1289,0,5494,0
2025-05-29,port120,Barranquilla,0,0,0,0,0,0,0,0,0,0,0,0,0,0
2025-05-30,port120,Barranquilla,3,1,14919,0,0,5633,0,9286,0,0,0,0,0,0
2025-05-31,port120,Barranquilla,0,0,0,0,0,0,0,0,0,0,0,0,0,0
2025-06-01,port120,Barranquilla,3,1,12139,250,0,0,322,11816,0,0,250,0,0,0
2025-06-02,port120,Barranquilla,2,0,34751,0,34751,0,0,0,0,0,0,0,0,0
2025-06-03,port120,Barranquilla,5,1,31709,6859,25385,364,5959,0,0,0,0,6859,0,0
2025-06-04,port120,Barranquilla,2,1,2489,2718,0,0,0,2489,0,0,2718,0,0,0
2025-06-05,port120,Barranquilla,4,0,38100,1710,0,0,1694,36405,0,0,0,1710,0,0
2025-06-06,port120,Barranquilla,4,1,25716,39901,13241,4509,7965,0,0,39901,0,0,0,0
2025-06-07,port120,Barranquilla,1,0,8589,0,0,0,8589,0,0,0,0,0,0,0
2025-06-08,port120,Barranquilla,1,1,0,818,0,0,0,0,0,0,818,0,0,0
2025-06-09,port120,Barranquilla,2,0,471,0,0,0,471,0,0,0,0,0,0,0
2025-06-10,port120,Barranquilla,3,2,2223,1100,0,2223,0,0,0,0,1100,0,0,0
2025-06-11,port120,Barranquilla,5,1,23527,33942,22027,1499,0,0,0,21682,0,8510,3749,0
2025-06-12,port120,Barranquilla,2,0,1694,1710,0,0,1694,0,0,0,0,1710,0,0
2025-06-13,port120,Barranquilla,5,1,60055,0,42329,4111,0,13614,0,0,0,0,0,0
2025-06-14,port120,Barranquilla,1,0,0,2848,0,0,0,0,0,0,0,0,2848,0
2025-06-15,port120,Barranquilla,4,1,31014,37725,31014,0,0,0,0,36414,1311,0,0,0
2025-06-16,port120,Barranquilla,2,1,0,8760,0,0,0,0,0,4800,3959,0,0,0
2025-06-17,port120,Barranquilla,2,1,975,40091,0,975,0,0,0,39446,644,0,0,0
2025-06-18,port120,Barranquilla,2,1,0,6005,0,0,0,0,0,0,774,0,5231,0
2025-06-19,port120,Barranquilla,3,1,45276,644,44300,975,0,0,0,0,644,0,0,0
2025-06-20,port120,Barranquilla,4,1,127424,0,126296,1128,0,0,0,0,0,0,0,0
2025-06-21,port120,Barranquilla,3,0,11251,1623,0,0,0,11251,0,0,0,1623,0,0
2025-06-22,port120,Barranquilla,3,0,0,10430,0,0,0,0,0,0,0,2946,7483,0
2025-06-23,port120,Barranquilla,1,0,19232,0,0,0,0,19232,0,0,0,0,0,0
2025-06-24,port120,Barranquilla,4,2,2060,6535,0,365,1694,0,0,0,502,1710,4322,0
2025-06-25,port120,Barranquilla,5,1,73871,0,64605,1493,0,7771,0,0,0,0,0,0
2025-06-26,port120,Barranquilla,0,0,0,0,0,0,0,0,0,0,0,0,0,0
2025-06-27,port120,Barranquilla,4,1,4311,44128,0,2616,1694,0,0,42418,0,1710,0,0
2025-06-28,port120,Barranquilla,2,0,59349,0,39750,0,0,19598,0,0,0,0,0,0
2025-06-29,port120,Barranquilla,3,0,0,1153,0,0,0,0,0,1153,0,0,0,0
2025-06-30,port120,Barranquilla,1,1,1495,0,0,1495,0,0,0,0,0,0,0,0
2025-07-01,port120,Barranquilla,1,1,727,0,0,727,0,0,0,0,0,0,0,0
2025-07-02,port120,Barranquilla,3,1,0,35422,0,0,0,0,0,28629,4313,2479,0,0
2025-07-03,port120,Barranquilla,3,0,0,69927,0,0,0,0,0,69927,0,0,0,0
2025-07-04,port120,Barranquilla,3,2,3409,0,0,1675,1734,0,0,0,0,0,0,0
2025-07-05,port120,Barranquilla,5,0,22194,534,19859,0,1578,756,0,0,0,0,534,0
2025-07-06,port120,Barranquilla,2,0,28736,1436,26059,0,0,2677,0,0,0,0,1436,0
2025-07-07,port120,Barranquilla,1,0,27102,0,27102,0,0,0,0,0,0,0,0,0
2025-07-08,port120,Barranquilla,3,2,975,31037,0,975,0,0,0,29668,1369,0,0,0
2025-07-09,port120,Barranquilla,3,1,35869,4047,35869,0,0,0,0,0,1855,0,2191,0
2025-07-10,port120,Barranquilla,3,1,256,33045,0,256,0,0,0,28306,0,4739,0,0
2025-07-11,port120,Barranquilla,4,1,93711,0,86232,7478,0,0,0,0,0,0,0,0
2025-07-12,port120,Barranquilla,2,0,1694,1710,0,0,1694,0,0,0,0,1710,0,0
2025-07-13,port120,Barranquilla,2,0,13240,1051,11364,0,0,1875,0,0,0,0,1051,0
2025-07-14,port120,Barranquilla,2,1,501,12048,0,501,0,0,0,0,0,0,12048,0
2025-07-15,port120,Barranquilla,6,2,25914,11276,22267,1951,1694,0,0,0,1289,6524,3461,0
2025-07-16,port120,Barranquilla,4,1,8552,0,7352,1056,143,0,0,0,0,0,0,0
2025-07-17,port120,Barranquilla,0,0,0,0,0,0,0,0,0,0,0,0,0,0
2025-07-18,port120,Barranquilla,4,1,48163,0,41511,4504,0,2147,0,0,0,0,0,0
2025-07-19,port120,Barranquilla,1,0,0,30938,0,0,0,0,0,0,0,0,30938,0
2025-07-20,port120,Barranquilla,2,0,18052,3415,18052,0,0,0,0,0,0,0,3415,0
2025-07-21,port120,Barranquilla,2,1,0,1451,0,0,0,0,0,0,1451,0,0,0
2025-07-22,port120,Barranquilla,0,0,0,0,0,0,0,0,0,0,0,0,0,0
2025-07-23,port120,Barranquilla,6,2,42904,251,38766,1114,424,2598,0,0,251,0,0,0
2025-07-24,port120,Barranquilla,5,0,96239,5456,96239,0,0,0,0,5456,0,0,0,0
2025-07-25,port120,Barranquilla,3,1,16455,9723,11956,4498,0,0,0,5456,0,4266,0,0
2025-07-26,port120,Barranquilla,2,1,0,4595,0,0,0,0,0,0,4057,0,537,0
2025-07-27,port120,Barranquilla,1,0,17190,0,0,0,0,17190,0,0,0,0,0,0
2025-07-28,port120,Barranquilla,5,2,249,22366,0,249,0,0,0,19580,1092,1693,0,0
2025-07-29,port120,Barranquilla,5,0,59439,5613,59439,0,0,0,0,5456,0,156,0,0
2025-07-30,port120,Barranquilla,6,1,72011,24727,68122,388,3500,0,0,24727,0,0,0,0
2025-07-31,port120,Barranquilla,3,1,0,29834,0,0,0,0,0,25888,771,0,3174,0
2025-08-01,port120,Barranquilla,3,1,5355,3626,0,0,0,5355,0,0,754,0,2872,0
2025-08-02,port120,Barranquilla,2,0,1694,1710,0,0,1694,0,0,0,0,1710,0,0
2025-08-03,port120,Barranquilla,3,0,10169,5101,10169,0,0,0,0,0,0,5101,0,0
2025-08-04,port120,Barranquilla,3,0,27318,7721,26654,0,0,663,0,0,0,0,7721,0
2025-08-05,port120,Barranquilla,5,2,38242,0,36896,1346,0,0,0,0,0,0,0,0
2025-08-06,port120,Barranquilla,3,1,53227,744,53227,0,0,0,0,0,744,0,0,0
2025-08-07,port120,Barranquilla,3,1,0,5145,0,0,0,0,0,0,1357,3787,0,0
2025-08-08,port120,Barranquilla,2,1,41512,0,38495,3016,0,0,0,0,0,0,0,0
2025-08-09,port120,Barranquilla,2,0,0,51819,0,0,0,0,0,51819,0,0,0,0
2025-08-10,port120,Barranquilla,1,0,0,30796,0,0,0,0,0,30796,0,0,0,0
2025-08-11,port120,Barranquilla,4,1,46731,325,46481,250,0,0,0,0,0,325,0,0
2025-08-12,port120,Barranquilla,1,0,2677,1436,0,0,0,2677,0,0,0,0,1436,0
2025-08-13,port120,Barranquilla,1,1,0,1939,0,0,0,0,0,0,1939,0,0,0
2025-08-14,port120,Barranquilla,3,2,0,4924,0,0,0,0,0,0,1721,3202,0,0
2025-08-15,port120,Barranquilla,6,2,16395,1710,0,6334,1694,8365,0,0,0,1710,0,0
2025-08-16,port120,Barranquilla,2,0,2136,0,0,0,2136,0,0,0,0,0,0,0
2025-08-17,port120,Barranquilla,2,0,11737,0,0,0,0,11737,0,0,0,0,0,0
2025-08-18,port120,Barranquilla,3,0,7737,3174,7737,0,0,0,0,0,0,0,3174,0
2025-08-19,port120,Barranquilla,5,1,13036,2593,10224,0,2085,726,0,0,362,2231,0,0
2025-08-20,port120,Barranquilla,4,2,37277,644,35799,1477,0,0,0,0,644,0,0,0
2025-08-21,port120,Barranquilla,5,1,54423,2709,34793,506,0,19123,0,1449,0,1260,0,0
2025-08-22,port120,Barranquilla,2,2,4887,11097,0,4887,0,0,0,0,11097,0,0,0
2025-08-23,port120,Barranquilla,0,0,0,0,0,0,0,0,0,0,0,0,0,0
2025-08-24,port120,Barranquilla,3,1,31320,28344,31320,0,0,0,0,27255,1088,0,0,0
2025-08-25,port120,Barranquilla,5,1,80857,5745,76200,0,4656,0,0,0,250,0,5494,0
2025-08-26,port120,Barranquilla,2,1,0,36375,0,0,0,0,0,36375,0,0,0,0
2025-08-27,port120,Barranquilla,2,1,0,2106,0,0,0,0,0,0,1160,0,946,0
2025-08-28,port120,Barranquilla,6,1,111822,0,110161,1086,0,574,0,0,0,0,0,0
2025-08-29,port120,Barranquilla,2,1,14441,0,0,374,0,14066,0,0,0,0,0,0
2025-08-30,port120,Barranquilla,1,0,0,2584,0,0,0,0,0,0,0,2584,0,0
2025-08-31,port120,Barranquilla,1,0,0,5954,0,0,0,0,0,0,0,5954,0,0
2025-09-01,port120,Barranquilla,2,0,2677,23857,0,0,0,2677,0,22421,0,0,1436,0
2025-09-02,port120,Barranquilla,7,2,71128,3882,71128,0,0,0,0,0,3749,133,0,0
2025-09-03,port120,Barranquilla,3,0,0,31196,0,0,0,0,0,27552,0,469,3174,0
2025-09-04,port120,Barranquilla,4,2,15681,14085,13166,2515,0,0,0,14085,0,0,0,0
2025-09-05,port120,Barranquilla,1,1,749,0,0,749,0,0,0,0,0,0,0,0
2025-09-06,port120,Barranquilla,0,0,0,0,0,0,0,0,0,0,0,0,0,0
2025-09-07,port120,Barranquilla,3,1,85082,539,85082,0,0,0,0,0,539,0,0,0
2025-09-08,port120,Barranquilla,3,1,0,12324,0,0,0,0,0,0,1503,0,10821,0
2025-09-09,port120,Barranquilla,2,1,0,5968,0,0,0,0,0,0,3323,2644,0,0
2025-09-10,port120,Barranquilla,4,1,23482,5749,20804,0,0,2677,0,0,4313,0,1436,0
2025-09-11,port120,Barranquilla,3,1,6649,0,0,1521,5127,0,0,0,0,0,0,0
2025-09-12,port120,Barranquilla,3,1,1496,483,0,1496,0,0,0,483,0,0,0,0
2025-09-13,port120,Barranquilla,2,1,7897,1436,0,5219,0,2677,0,0,0,0,1436,0
2025-09-14,port120,Barranquilla,2,1,0,251,0,0,0,0,0,0,251,0,0,0
2025-09-15,port120,Barranquilla,7,0,78245,50955,78217,0,0,28,0,49855,0,1100,0,0
2025-09-16,port120,Barranquilla,1,1,3323,0,0,3323,0,0,0,0,0,0,0,0
2025-09-17,port120,Barranquilla,3,1,8644,1436,0,1493,4472,2677,0,0,0,0,1436,0
2025-09-18,port120,Barranquilla,4,1,2888,555,2888,0,0,0,0,0,270,0,284,0
2025-09-19,port120,Barranquilla,2,1,3721,0,0,3721,0,0,0,0,0,0,0,0
2025-09-20,port120,Barranquilla,4,0,39553,11494,4586,0,3883,31083,0,0,0,0,11494,0
2025-09-21,port120,Barranquilla,3,0,30687,0,30687,0,0,0,0,0,0,0,0,0
2025-09-22,port120,Barranquilla,5,3,867,5156,0,867,0,0,0,0,1981,0,3174,0
2025-09-23,port120,Barranquilla,3,2,39092,644,38116,975,0,0,0,0,644,0,0,0
2025-09-24,port120,Barranquilla,2,0,69186,0,32694,0,0,36492,0,0,0,0,0,0
2025-09-25,port120,Barranquilla,2,0,48861,0,48861,0,0,0,0,0,0,0,0,0
2025-09-26,port120,Barranquilla,3,1,1812,0,0,1128,0,684,0,0,0,0,0,0
2025-09-27,port120,Barranquilla,1,0,0,0,0,0,0,0,0,0,0,0,0,0
2025-09-28,port120,Barranquilla,2,0,33819,3218,33819,0,0,0,0,0,0,0,3218,0
2025-09-29,port120,Barranquilla,3,2,10642,753,0,6355,4287,0,0,0,753,0,0,0
2025-09-30,port120,Barranquilla,4,1,10637,12067,10276,360,0,0,0,0,0,0,12067,0
2025-10-01,port120,Barranquilla,2,1,13826,0,11955,1871,0,0,0,0,0,0,0,0
2025-10-02,port120,Barranquilla,3,1,975,13100,0,975,0,0,0,8253,644,4201,0,0
2025-10-03,port120,Barranquilla,5,1,27485,10194,27485,0,0,0,0,0,371,5978,3843,0
2025-10-04,port120,Barranquilla,4,0,6779,6192,0,0,4101,2677,0,0,0,4756,1436,0
2025-10-05,port120,Barranquilla,2,1,0,1628,0,0,0,0,0,0,1628,0,0,0
2025-10-06,port120,Barranquilla,2,1,0,41289,0,0,0,0,0,41038,250,0,0,0
2025-10-07,port120,Barranquilla,2,1,4768,389,0,4768,0,0,0,0,0,0,389,0
2025-10-08,port120,Barranquilla,4,1,18101,3668,16552,975,0,573,0,0,644,0,3023,0
2025-10-09,port120,Barranquilla,4,1,52633,0,50096,508,2029,0,0,0,0,0,0,0
2025-10-10,port120,Barranquilla,2,1,0,2211,0,0,0,0,0,0,749,1461,0,0
2025-10-11,port120,Barranquilla,3,0,30393,38411,30393,0,0,0,0,36180,0,2231,0,0
2025-10-12,port120,Barranquilla,4,1,5567,1168,0,975,4591,0,0,0,644,523,0,0
2025-10-13,port120,Barranquilla,1,0,0,3461,0,0,0,0,0,0,0,0,3461,0
2025-10-14,port120,Barranquilla,3,1,5191,2246,0,0,0,5191,0,0,2246,0,0,0
2025-10-15,port120,Barranquilla,3,1,35634,938,34885,749,0,0,0,0,0,938,0,0
2025-10-16,port120,Barranquilla,4,1,40132,0,36348,1900,1103,780,0,0,0,0,0,0
2025-10-17,port120,Barranquilla,2,1,3360,0,0,3360,0,0,0,0,0,0,0,0
2025-10-18,port120,Barranquilla,3,0,81853,12995,81853,0,0,0,0,0,0,0,12995,0
2025-10-19,port120,Barranquilla,5,2,2197,17469,0,502,1694,0,0,0,3255,14213,0,0
2025-10-20,port120,Barranquilla,0,0,0,0,0,0,0,0,0,0,0,0,0,0
2025-10-21,port120,Barranquilla,2,1,2158,26091,0,2158,0,0,0,26091,0,0,0,0
2025-10-22,port120,Barranquilla,3,2,8160,3320,7388,771,0,0,0,0,3320,0,0,0
2025-10-23,port120,Barranquilla,3,1,0,987,0,0,0,0,0,0,987,0,0,0
2025-10-24,port120,Barranquilla,4,1,39967,0,35460,2259,0,2247,0,0,0,0,0,0
2025-10-25,port120,Barranquilla,3,0,38434,2122,38434,0,0,0,0,0,0,2122,0,0
2025-10-26,port120,Barranquilla,3,0,10343,6267,0,0,1694,8648,0,0,0,6267,0,0
2025-10-27,port120,Barranquilla,5,1,68793,37809,68793,0,0,0,0,36806,1003,0,0,0
2025-10-28,port120,Barranquilla,4,2,48274,2181,41919,6355,0,0,0,0,2181,0,0,0
2025-10-29,port120,Barranquilla,5,1,40172,0,37421,1860,0,889,0,0,0,0,0,0
2025-10-30,port120,Barranquilla,3,1,3731,0,0,1787,52,1890,0,0,0,0,0,0
2025-10-31,port120,Barranquilla,2,1,2244,3461,0,2244,0,0,0,0,0,0,3461,0
2025-11-01,port120,Barranquilla,2,0,75957,0,75957,0,0,0,0,0,0,0,0,0
2025-11-02,port120,Barranquilla,4,2,269,35212,0,269,0,0,0,30782,1253,0,3176,0
2025-11-03,port120,Barranquilla,4,0,37336,12731,31917,0,5418,0,0,0,0,12731,0,0
2025-11-04,port120,Barranquilla,3,1,12054,1456,0,0,559,11494,0,0,1456,0,0,0
2025-11-05,port120,Barranquilla,3,1,2328,1483,0,2328,0,0,0,0,0,1483,0,0
2025-11-06,port120,Barranquilla,1,0,0,31892,0,0,0,0,0,31892,0,0,0,0
2025-11-07,port120,Barranquilla,2,1,11112,0,10358,754,0,0,0,0,0,0,0,0
2025-11-08,port120,Barranquilla,1,0,40537,0,40537,0,0,0,0,0,0,0,0,0
2025-11-09,port120,Barranquilla,0,0,0,0,0,0,0,0,0,0,0,0,0,0
2025-11-10,port120,Barranquilla,5,1,0,6823,0,0,0,0,0,5353,502,967,0,0
2025-11-11,port120,Barranquilla,5,1,42243,0,41213,724,0,306,0,0,0,0,0,0
2025-11-12,port120,Barranquilla,2,1,3051,1436,0,373,0,2677,0,0,0,0,1436,0
2025-11-13,port120,Barranquilla,1,1,1368,0,0,1368,0,0,0,0,0,0,0,0
2025-11-14,port120,Barranquilla,3,1,1502,1698,0,1502,0,0,0,0,0,0,1698,0
2025-11-15,port120,Barranquilla,4,0,50519,0,31411,0,2697,16410,0,0,0,0,0,0
2025-11-16,port120,Barranquilla,5,1,65394,748,27398,0,0,37995,0,0,748,0,0,0
2025-11-17,port120,Barranquilla,5,1,40632,1710,37941,361,2328,0,0,0,0,1710,0,0
2025-11-18,port120,Barranquilla,3,1,37884,2136,33602,0,0,4281,0,0,2136,0,0,0
2025-11-19,port120,Barranquilla,5,1,43542,4852,36972,3892,0,2677,0,0,0,0,4852,0
2025-11-20,port120,Barranquilla,3,1,3046,9236,0,3046,0,0,0,0,0,7185,2051,0
2025-11-21,port120,Barranquilla,1,0,26643,0,0,0,0,26643,0,0,0,0,0,0
2025-11-22,port120,Barranquilla,1,0,5794,0,0,0,0,5794,0,0,0,0,0,0
2025-11-23,port120,Barranquilla,8,3,39260,37757,29402,9325,532,0,0,30627,1253,5876,0,0
2025-11-24,port120,Barranquilla,2,0,6756,25090,0,0,0,6756,0,0,0,0,25090,0
2025-11-25,port120,Barranquilla,2,2,2165,538,0,2165,0,0,0,0,538,0,0,0
2025-11-26,port120,Barranquilla,1,0,10769,0,0,0,10769,0,0,0,0,0,0,0
2025-11-27,port120,Barranquilla,3,1,0,21277,0,0,0,0,0,8115,1125,0,12036,0
2025-11-28,port120,Barranquilla,3,0,27637,25028,18138,0,0,9498,0,25028,0,0,0,0
2025-11-29,port120,Barranquilla,1,0,0,0,0,0,0,0,0,0,0,0,0,0
2025-11-30,port120,Barranquilla,3,1,58795,0,54763,4032,0,0,0,0,0,0,0,0
2025-12-01,port120,Barranquilla,2,1,39331,1752,39331,0,0,0,0,0,1752,0,0,0
2025-12-02,port120,Barranquilla,4,2,0,77834,0,0,0,0,0,41043,5912,0,30879,0
2025-12-03,port120,Barranquilla,4,1,32344,43302,29629,2715,0,0,0,39087,0,4214,0,0
2025-12-04,port120,Barranquilla,1,1,3002,0,0,3002,0,0,0,0,0,0,0,0
2025-12-05,port120,Barranquilla,1,0,38641,0,38641,0,0,0,0,0,0,0,0,0
2025-12-06,port120,Barranquilla,1,0,0,0,0,0,0,0,0,0,0,0,0,0
2025-12-07,port120,Barranquilla,2,1,1694,3463,0,0,1694,0,0,0,1752,1710,0,0
2025-12-08,port120,Barranquilla,4,1,27805,3694,22704,5101,0,0,0,0,0,3694,0,0
2025-12-09,port120,Barranquilla,3,2,3283,37662,0,3283,0,0,0,36579,1083,0,0,0
2025-12-10,port120,Barranquilla,2,1,1114,1350,0,1114,0,0,0,0,0,0,1350,0
2025-12-11,port120,Barranquilla,4,1,65977,1729,62164,3813,0,0,0,0,0,0,1729,0
2025-12-12,port120,Barranquilla,0,0,0,0,0,0,0,0,0,0,0,0,0,0
2025-12-13,port120,Barranquilla,0,0,0,0,0,0,0,0,0,0,0,0,0,0
2025-12-14,port120,Barranquilla,2,1,34624,0,33878,746,0,0,0,0,0,0,0,0
2025-12-15,port120,Barranquilla,1,1,4026,0,0,4026,0,0,0,0,0,0,0,0
2025-12-16,port120,Barranquilla,4,3,1456,6042,0,1456,0,0,0,0,6042,0,0,0
2025-12-17,port120,Barranquilla,3,1,46455,0,45682,772,0,0,0,0,0,0,0,0
2025-12-18,port120,Barranquilla,0,0,0,0,0,0,0,0,0,0,0,0,0,0
2025-12-19,port120,Barranquilla,3,0,65261,0,62533,0,0,2727,0,0,0,0,0,0
2025-12-20,port120,Barranquilla,2,0,0,5406,0,0,0,0,0,0,0,2231,3174,0
2025-12-21,port120,Barranquilla,3,1,32014,40012,32014,0,0,0,0,39013,998,0,0,0
2025-12-22,port120,Barranquilla,3,1,5500,462,0,5500,0,0,0,0,0,462,0,0
2025-12-23,port120,Barranquilla,4,2,34133,5734,31094,360,0,2677,0,0,4297,0,1436,0
2025-12-24,port120,Barranquilla,3,1,71422,0,71051,371,0,0,0,0,0,0,0,0
2025-12-25,port120,Barranquilla,3,2,1901,0,0,1901,0,0,0,0,0,0,0,0
2025-12-26,port120,Barranquilla,3,0,6882,36844,0,0,6882,0,0,32806,0,0,4038,0
2025-12-27,port120,Barranquilla,0,0,0,0,0,0,0,0,0,0,0,0,0,0
2025-12-28,port120,Barranquilla,2,1,1138,250,0,0,0,1138,0,0,250,0,0,0
2025-12-29,port120,Barranquilla,3,1,30330,3664,30330,0,0,0,0,0,3664,0,0,0
2025-12-30,port120,Barranquilla,5,1,54985,2455,39287,4563,4520,6614,0,0,0,2455,0,0
2025-12-31,port120,Barranquilla,3,2,37684,369,36905,778,0,0,0,0,369,0,0,0
2026-01-01,port120,Barranquilla,2,1,0,3708,0,0,0,0,0,0,1476,2231,0,0
2026-01-02,port120,Barranquilla,3,1,6847,0,4565,2282,0,0,0,0,0,0,0,0
2026-01-03,port120,Barranquilla,4,1,2647,746,2647,0,0,0,0,0,746,0,0,0
2026-01-04,port120,Barranquilla,3,0,29280,4559,27585,0,1694,0,0,0,0,1710,2848,0
2026-01-05,port120,Barranquilla,2,0,33379,0,33108,0,0,271,0,0,0,0,0,0
2026-01-06,port120,Barranquilla,3,1,11476,5179,0,0,1694,9781,0,0,3469,1710,0,0
2026-01-07,port120,Barranquilla,4,1,45012,2599,44642,369,0,0,0,0,0,0,2599,0
2026-01-08,port120,Barranquilla,2,1,975,1723,0,975,0,0,0,0,644,1078,0,0
2026-01-09,port120,Barranquilla,3,0,1842,71320,0,0,1842,0,0,71320,0,0,0,0
2026-01-10,port120,Barranquilla,2,0,5911,42044,0,0,0,5911,0,42044,0,0,0,0
2026-01-11,port120,Barranquilla,5,2,42971,4557,37895,5075,0,0,0,0,0,4557,0,0
2026-01-12,port120,Barranquilla,1,1,3725,0,0,3725,0,0,0,0,0,0,0,0
2026-01-13,port120,Barranquilla,2,0,26499,0,26499,0,0,0,0,0,0,0,0,0
2026-01-14,port120,Barranquilla,4,2,13932,2430,13147,784,0,0,0,0,0,2430,0,0
2026-01-15,port120,Barranquilla,2,0,61999,0,61999,0,0,0,0,0,0,0,0,0
2026-01-16,port120,Barranquilla,2,0,0,19343,0,0,0,0,0,19343,0,0,0,0
2026-01-17,port120,Barranquilla,1,0,0,3730,0,0,0,0,0,0,0,3730,0,0
2026-01-18,port120,Barranquilla,2,1,1828,1497,1828,0,0,0,0,0,1497,0,0,0
2026-01-19,port120,Barranquilla,2,0,0,28629,0,0,0,0,0,28629,0,0,0,0
2026-01-20,port120,Barranquilla,6,1,12351,7968,10656,0,1694,0,0,0,2161,1710,4097,0
2026-01-21,port120,Barranquilla,2,1,375,0,0,375,0,0,0,0,0,0,0,0
2026-01-22,port120,Barranquilla,3,1,1616,0,0,378,0,1237,0,0,0,0,0,0
2026-01-23,port120,Barranquilla,3,0,10984,3464,10984,0,0,0,0,0,0,0,3464,0
2026-01-24,port120,Barranquilla,5,1,46094,2001,37870,0,4853,3370,0,0,2001,0,0,0
2026-01-25,port120,Barranquilla,2,0,2338,4835,0,0,0,2338,0,0,0,0,4835,0
2026-01-26,port120,Barranquilla,3,0,8880,3461,6959,0,0,1921,0,0,0,0,3461,0
2026-01-27,port120,Barranquilla,1,0,0,27314,0,0,0,0,0,27314,0,0,0,0
2026-01-28,port120,Barranquilla,2,1,19437,0,0,2335,0,17101,0,0,0,0,0,0
2026-01-29,port120,Barranquilla,0,0,0,0,0,0,0,0,0,0,0,0,0,0
2026-01-30,port120,Barranquilla,4,1,62513,4060,61538,975,0,0,0,0,644,0,3415,0
2026-01-31,port120,Barranquilla,3,1,259,14257,0,0,259,0,0,0,2250,0,12006,0
2026-02-01,port120,Barranquilla,2,0,0,0,0,0,0,0,0,0,0,0,0,0
2026-02-02,port120,Barranquilla,0,0,0,0,0,0,0,0,0,0,0,0,0,0
2026-02-03,port120,Barranquilla,0,0,0,0,0,0,0,0,0,0,0,0,0,0
2026-02-04,port120,Barranquilla,5,2,975,10948,0,975,0,0,0,0,2243,0,8704,0
2026-02-05,port120,Barranquilla,2,0,6358,1710,0,0,1694,4663,0,0,0,1710,0,0
2026-02-06,port120,Barranquilla,4,1,69217,0,67387,1830,0,0,0,0,0,0,0,0
2026-02-07,port120,Barranquilla,3,1,35828,644,34853,975,0,0,0,0,644,0,0,0
2026-02-08,port120,Barranquilla,1,0,0,0,0,0,0,0,0,0,0,0,0,0
2026-02-09,port120,Barranquilla,3,2,3547,24019,0,3547,0,0,0,0,861,0,23157,0
2026-02-10,port120,Barranquilla,3,0,18103,14623,18103,0,0,0,0,4342,0,0,10280,0
2026-02-11,port120,Barranquilla,2,1,0,26571,0,0,0,0,0,26181,390,0,0,0
2026-02-12,port120,Barranquilla,4,0,55467,7448,53772,0,1694,0,0,5737,0,1710,0,0
2026-02-13,port120,Barranquilla,3,1,5677,784,4809,867,0,0,0,0,784,0,0,0
2026-02-14,port120,Barranquilla,5,2,5288,32762,0,369,1694,3224,0,29801,1250,1710,0,0
2026-02-15,port120,Barranquilla,3,0,421,7394,0,0,421,0,0,0,0,7111,283,0
2026-02-16,port120,Barranquilla,2,0,34622,25416,34622,0,0,0,0,25416,0,0,0,0
2026-02-17,port120,Barranquilla,5,0,31192,44373,31192,0,0,0,0,35191,0,2231,6950,0
2026-02-18,port120,Barranquilla,2,1,1491,5149,0,1491,0,0,0,0,0,5149,0,0
2026-02-19,port120,Barranquilla,2,1,0,1512,0,0,0,0,0,0,1512,0,0,0
2026-02-20,port120,Barranquilla,1,0,0,30494,0,0,0,0,0,30494,0,0,0,0
2026-02-21,port120,Barranquilla,2,1,975,644,0,975,0,0,0,0,644,0,0,0
2026-02-22,port120,Barranquilla,6,0,54781,30701,33641,0,18461,2677,0,29265,0,0,1436,0
2026-02-23,port120,Barranquilla,1,0,0,0,0,0,0,0,0,0,0,0,0,0
2026-02-24,port120,Barranquilla,3,1,390,3415,0,390,0,0,0,0,0,0,3415,0
2026-02-25,port120,Barranquilla,0,0,0,0,0,0,0,0,0,0,0,0,0,0
2026-02-26,port120,Barranquilla,4,1,3916,15800,3916,0,0,0,0,14316,1484,0,0,0
2026-02-27,port120,Barranquilla,3,1,31527,263,31527,0,0,0,0,0,263,0,0,0
2026-02-28,port120,Barranquilla,2,0,61460,0,45740,0,0,15719,0,0,0,0,0,0
2026-03-01,port120,Barranquilla,3,1,32802,1516,32802,0,0,0,0,0,753,763,0,0
2026-03-02,port120,Barranquilla,3,0,23852,31776,23852,0,0,0,0,31776,0,0,0,0
2026-03-03,port120,Barranquilla,0,0,0,0,0,0,0,0,0,0,0,0,0,0
2026-03-04,port120,Barranquilla,2,1,227,1127,0,0,0,227,0,0,1127,0,0,0
2026-03-05,port120,Barranquilla,3,2,41250,1104,40709,541,0,0,0,0,1104,0,0,0
2026-03-06,port120,Barranquilla,6,1,11956,18426,11956,0,0,0,0,11807,3444,0,3174,0
2026-03-07,port120,Barranquilla,3,0,12596,6305,0,0,0,12596,0,0,0,4868,1436,0
2026-03-08,port120,Barranquilla,3,2,0,512,0,0,0,0,0,0,512,0,0,0
2026-03-09,port120,Barranquilla,1,0,2677,1436,0,0,0,2677,0,0,0,0,1436,0
2026-03-10,port120,Barranquilla,4,0,26746,1710,25051,0,1694,0,0,0,0,1710,0,0
2026-03-11,port120,Barranquilla,4,0,11956,23778,11956,0,0,0,0,15096,0,0,8681,0
2026-03-12,port120,Barranquilla,6,1,58436,13093,56863,1573,0,0,0,2758,0,10334,0,0
2026-03-13,port120,Barranquilla,4,1,18970,16062,18103,867,0,0,0,4342,784,2231,8704,0
2026-03-14,port120,Barranquilla,4,1,44856,7202,44856,0,0,0,0,5200,2001,0,0,0
2026-03-15,port120,Barranquilla,5,1,22848,5728,16515,0,0,6332,0,5456,271,0,0,0
2026-03-16,port120,Barranquilla,2,0,321,0,0,0,321,0,0,0,0,0,0,0
2026-03-17,port120,Barranquilla,1,0,0,3916,0,0,0,0,0,3916,0,0,0,0
2026-03-18,port120,Barranquilla,7,1,32703,11072,20610,372,1500,10219,0,5456,0,1863,3751,0
2026-03-19,port120,Barranquilla,3,1,79736,0,79464,271,0,0,0,0,0,0,0,0
2026-03-20,port120,Barranquilla,1,0,33517,0,33517,0,0,0,0,0,0,0,0,0
2026-03-21,port120,Barranquilla,4,2,2085,1003,554,1530,0,0,0,0,1003,0,0,0
2026-03-22,port120,Barranquilla,1,0,15029,0,0,0,0,15029,0,0,0,0,0,0
2026-03-23,port120,Barranquilla,2,0,1152,0,0,0,1152,0,0,0,0,0,0,0
2026-03-24,port120,Barranquilla,3,1,133,4016,0,0,133,0,0,0,1075,2941,0,0
2026-03-25,port120,Barranquilla,6,1,46905,20442,31266,781,14857,0,0,16977,0,0,3464,0
2026-03-26,port120,Barranquilla,4,0,82492,279,82492,0,0,0,0,0,0,279,0,0
2026-03-27,port120,Barranquilla,2,0,37265,2887,37265,0,0,0,0,0,0,0,2887,0
2026-03-28,port120,Barranquilla,4,2,5273,2939,0,2595,0,2677,0,0,1503,0,1436,0
2026-03-29,port120,Barranquilla,1,0,0,0,0,0,0,0,0,0,0,0,0,0
2026-03-30,port120,Barranquilla,4,1,7635,5198,0,3348,4286,0,0,5198,0,0,0,0
2026-03-31,port120,Barranquilla,3,1,55586,0,53419,2167,0,0,0,0,0,0,0,0
2026-04-01,port120,Barranquilla,3,1,10633,8967,0,0,0,10633,0,7471,1495,0,0,0
2026-04-02,port120,Barranquilla,2,0,31677,0,31677,0,0,0,0,0,0,0,0,0
2026-04-03,port120,Barranquilla,1,0,1676,0,0,0,0,1676,0,0,0,0,0,0
2026-04-04,port120,Barranquilla,5,1,48032,3308,36817,0,0,11215,0,0,997,0,2311,0
2026-04-05,port120,Barranquilla,1,1,975,644,0,975,0,0,0,0,644,0,0,0
2026-04-06,port120,Barranquilla,3,1,6182,644,0,975,3528,1677,0,0,644,0,0,0
2026-04-07,port120,Barranquilla,1,0,0,13991,0,0,0,0,0,0,0,0,13991,0
2026-04-08,port120,Barranquilla,4,2,38732,35251,34964,3768,0,0,0,35251,0,0,0,0
2026-04-09,port120,Barranquilla,0,0,0,0,0,0,0,0,0,0,0,0,0,0
2026-04-10,port120,Barranquilla,2,0,8184,29378,8184,0,0,0,0,29378,0,0,0,0
2026-04-11,port120,Barranquilla,2,1,0,8812,0,0,0,0,0,0,592,8219,0,0
2026-04-12,port120,Barranquilla,2,0,0,21641,0,0,0,0,0,18176,0,0,3464,0
2026-04-13,port120,Barranquilla,2,0,54866,958,54866,0,0,0,0,0,0,958,0,0
2026-04-14,port120,Barranquilla,3,1,22361,644,16171,975,0,5214,0,0,644,0,0,0
2026-04-15,port120,Barranquilla,3,1,12328,10252,11956,372,0,0,0,5456,0,4795,0,0
2026-04-16,port120,Barranquilla,2,1,0,31305,0,0,0,0,0,0,4571,0,26734,0
2026-04-17,port120,Barranquilla,1,0,0,4502,0,0,0,0,0,0,0,4502,0,0
2026-04-18,port120,Barranquilla,2,2,867,1154,0,867,0,0,0,0,1154,0,0,0
2026-04-19,port120,Barranquilla,3,1,13228,0,10254,2974,0,0,0,0,0,0,0,0
2026-04-20,port120,Barranquilla,5,0,69837,729,69837,0,0,0,0,540,0,188,0,0
2026-04-21,port120,Barranquilla,3,0,40191,0,40191,0,0,0,0,0,0,0,0,0
2026-04-22,port120,Barranquilla,5,1,12876,10292,11956,777,143,0,0,5456,0,0,4835,0
2026-04-23,port120,Barranquilla,0,0,0,0,0,0,0,0,0,0,0,0,0,0
2026-04-24,port120,Barranquilla,2,0,1483,6377,0,0,1483,0,0,0,0,6377,0,0
2026-04-25,port120,Barranquilla,4,1,56837,6212,56837,0,0,0,0,4899,1312,0,0,0
2026-04-26,port120,Barranquilla,2,0,29671,2023,29671,0,0,0,0,0,0,0,2023,0
2026-04-27,port120,Barranquilla,1,0,55211,0,55211,0,0,0,0,0,0,0,0,0
2026-04-28,port120,Barranquilla,4,1,20275,6723,15840,0,4435,0,0,0,6723,0,0,0
2026-04-29,port120,Barranquilla,5,2,5895,2793,0,5114,0,780,0,0,1127,1665,0,0
2026-04-30,port120,Barranquilla,2,1,1851,6803,0,1851,0,0,0,0,0,6803,0,0
2026-05-01,port120,Barranquilla,3,0,25479,0,15418,0,0,10061,0,0,0,0,0,0
2026-05-02,port120,Barranquilla,3,2,11956,6480,11956,0,0,0,0,5456,1023,0,0,0
2026-05-03,port120,Barranquilla,2,1,4501,0,0,4501,0,0,0,0,0,0,0,0
2026-05-04,port120,Barranquilla,3,0,40475,32468,38780,0,1694,0,0,0,0,1710,30758,0
2026-05-05,port120,Barranquilla,4,0,79317,38355,79317,0,0,0,0,38355,0,0,0,0
2026-05-06,port120,Barranquilla,3,1,42227,10460,39883,2344,0,0,0,0,0,0,10460,0
2026-05-07,port120,Barranquilla,4,1,37718,9181,36742,975,0,0,0,0,644,8536,0,0
2026-05-08,port120,Barranquilla,1,0,0,0,0,0,0,0,0,0,0,0,0,0
2026-05-09,port120,Barranquilla,2,1,0,4060,0,0,0,0,0,0,596,3464,0,0
2026-05-10,port120,Barranquilla,2,0,11956,8056,11956,0,0,0,0,5456,0,0,2599,0
2026-05-11,port120,Barranquilla,1,0,14830,0,14830,0,0,0,0,0,0,0,0,0
2026-05-12,port120,Barranquilla,6,1,2670,74550,0,975,1694,0,0,65366,644,1710,6828,0
2026-05-13,port120,Barranquilla,5,2,45868,0,41212,4656,0,0,0,0,0,0,0,0
2026-05-14,port120,Barranquilla,3,0,25627,230,2859,0,0,22767,0,0,0,230,0,0
2026-05-15,port120,Barranquilla,5,1,1527,48345,0,1527,0,0,0,48345,0,0,0,0
2026-05-16,port120,Barranquilla,2,1,1826,784,0,867,958,0,0,0,784,0,0,0
2026-05-17,port120,Barranquilla,3,0,32013,80,32013,0,0,0,0,0,0,80,0,0
2026-05-18,port120,Barranquilla,2,1,8568,0,0,1251,0,7316,0,0,0,0,0,0
2026-05-19,port120,Barranquilla,3,0,20367,3941,18672,0,1694,0,0,0,0,3941,0,0
2026-05-20,port120,Barranquilla,5,1,22439,1829,18972,0,789,2677,0,0,393,0,1436,0
2026-05-21,port120,Barranquilla,3,0,3622,11780,0,0,0,3622,0,0,0,0,11780,0
2026-05-22,port120,Barranquilla,3,1,18842,0,16703,368,1771,0,0,0,0,0,0,0
2026-05-23,port120,Barranquilla,3,1,0,8336,0,0,0,0,0,0,298,5149,2889,0
2026-05-24,port120,Barranquilla,2,1,2087,0,0,370,0,1716,0,0,0,0,0,0
2026-05-25,port120,Barranquilla,5,0,84098,28630,84098,0,0,0,0,28630,0,0,0,0
2026-05-26,port120,Barranquilla,3,1,11956,9642,11956,0,0,0,0,5456,4185,0,0,0
2026-05-27,port120,Barranquilla,4,1,37658,725,33463,0,0,4195,0,0,725,0,0,0
2026-05-28,port120,Barranquilla,2,0,6898,0,6898,0,0,0,0,0,0,0,0,0
2026-05-29,port120,Barranquilla,1,0,0,0,0,0,0,0,0,0,0,0,0,0
2026-05-30,port120,Barranquilla,4,0,20119,33485,14356,0,3149,2614,0,33485,0,0,0,0
2026-05-31,port120,Barranquilla,2,2,367,985,0,367,0,0,0,0,985,0,0,0
2026-06-01,port120,Barranquilla,2,1,1574,2311,0,1574,0,0,0,0,0,0,2311,0
2026-06-02,port120,Barranquilla,3,0,1694,1710,0,0,1694,0,0,0,0,1710,0,0
2026-06-03,port120,Barranquilla,4,2,48271,5456,46786,1485,0,0,0,5456,0,0,0,0
2026-06-04,port120,Barranquilla,2,1,27325,0,22492,4832,0,0,0,0,0,0,0,0
2026-06-05,port120,Barranquilla,2,0,1993,2122,0,0,0,1993,0,0,0,2122,0,0
2026-06-06,port120,Barranquilla,4,2,13400,1837,0,975,0,12425,0,0,1837,0,0,0
2026-06-07,port120,Barranquilla,2,0,4966,0,4966,0,0,0,0,0,0,0,0,0
2026-06-08,port120,Barranquilla,4,1,32220,41127,2514,5768,0,23938,0,41127,0,0,0,0
2026-06-09,port120,Barranquilla,1,0,0,0,0,0,0,0,0,0,0,0,0,0
2026-06-10,port120,Barranquilla,3,1,41409,0,41409,0,0,0,0,0,0,0,0,0
2026-06-11,port120,Barranquilla,3,0,0,36435,0,0,0,0,0,27215,0,9220,0,0
2026-06-12,port120,Barranquilla,2,0,1694,4887,0,0,1694,0,0,0,0,1710,3176,0
2026-06-13,port120,Barranquilla,3,2,2389,5852,0,2389,0,0,0,0,784,5068,0,0
2026-06-14,port120,Barranquilla,4,1,7983,8704,0,6723,1260,0,0,0,0,0,8704,0
2026-06-15,port120,Barranquilla,0,0,0,0,0,0,0,0,0,0,0,0,0,0
2026-06-16,port120,Barranquilla,3,0,33432,0,33432,0,0,0,0,0,0,0,0,0
2026-06-17,port120,Barranquilla,2,1,3200,644,0,975,2225,0,0,0,644,0,0,0
2026-06-18,port120,Barranquilla,2,0,36987,0,36987,0,0,0,0,0,0,0,0,0
2026-06-19,port120,Barranquilla,2,0,11956,5456,11956,0,0,0,0,5456,0,0,0,0
2026-06-20,port120,Barranquilla,3,1,265,30562,0,265,0,0,0,28331,0,2231,0,0
2026-06-21,port120,Barranquilla,3,1,18956,0,17465,1491,0,0,0,0,0,0,0,0
2026-06-22,port120,Barranquilla,2,0,0,3121,0,0,0,0,0,0,0,3121,0,0
2026-06-23,port120,Barranquilla,2,1,7728,0,0,625,0,7102,0,0,0,0,0,0
2026-06-24,port120,Barranquilla,2,1,1445,2564,0,1445,0,0,0,0,0,0,2564,0
2026-06-25,port120,Barranquilla,0,0,0,0,0,0,0,0,0,0,0,0,0,0
2026-06-26,port120,Barranquilla,2,0,0,9065,0,0,0,0,0,9065,0,0,0,0
2026-06-27,port120,Barranquilla,9,2,151556,33179,147846,369,2946,395,0,31874,1305,0,0,0
2026-06-28,port120,Barranquilla,2,0,17824,0,0,0,10118,7705,0,0,0,0,0,0
2026-06-29,port120,Barranquilla,2,0,72790,0,72790,0,0,0,0,0,0,0,0,0
2026-06-30,port120,Barranquilla,1,0,0,0,0,0,0,0,0,0,0,0,0,0
2026-07-01,port120,Barranquilla,4,1,80615,644,74950,975,4689,0,0,0,644,0,0,0
2026-07-02,port120,Barranquilla,1,0,0,0,0,0,0,0,0,0,0,0,0,0
2026-07-03,port120,Barranquilla,0,0,0,0,0,0,0,0,0,0,0,0,0,0
2026-07-04,port120,Barranquilla,3,2,34022,1751,32637,1385,0,0,0,0,1751,0,0,0
2026-07-05,port120,Barranquilla,1,1,975,644,0,975,0,0,0,0,644,0,0,0
2026-07-06,port120,Barranquilla,1,0,0,0,0,0,0,0,0,0,0,0,0,0
2026-07-07,port120,Barranquilla,2,0,35955,0,35098,0,0,857,0,0,0,0,0,0
2026-07-08,port120,Barranquilla,3,1,2109,3777,0,975,1133,0,0,0,644,0,3132,0
2026-07-09,port120,Barranquilla,2,0,23689,7518,0,0,0,23689,0,0,0,7518,0,0
2026-07-10,port120,Barranquilla,3,0,4179,0,0,0,4179,0,0,0,0,0,0,0
2026-07-11,port120,Barranquilla,3,2,1142,651,0,1142,0,0,0,0,651,0,0,0
2026-07-12,port120,Barranquilla,3,0,13218,5493,13218,0,0,0,0,0,0,0,5493,0
2026-07-13,port120,Barranquilla,1,0,0,30347,0,0,0,0,0,30347,0,0,0,0
2026-07-14,port120,Barranquilla,3,0,10937,0,0,0,0,10937,0,0,0,0,0,0
2026-07-15,port120,Barranquilla,2,1,0,16662,0,0,0,0,0,15485,1177,0,0,0
2026-07-16,port120,Barranquilla,2,0,3854,28426,3854,0,0,0,0,0,0,0,28426,0
2026-07-17,port120,Barranquilla,4,0,44139,0,44139,0,0,0,0,0,0,0,0,0
2026-07-18,port120,Barranquilla,2,1,747,4035,0,747,0,0,0,0,0,0,4035,0
2026-07-19,port120,Barranquilla,1,1,0,2996,0,0,0,0,0,0,2996,0,0,0
2026-07-20,port120,Barranquilla,6,0,34749,17362,34347,0,0,402,0,12062,0,5300,0,0
2026-07-21,port120,Barranquilla,3,0,49959,29011,33894,0,0,16064,0,29011,0,0,0,0
2026-07-22,port120,Barranquilla,2,1,4230,0,0,724,0,3505,0,0,0,0,0,0
2026-07-23,port120,Barranquilla,2,1,37820,1459,37820,0,0,0,0,0,1459,0,0,0
2026-07-24,port120,Barranquilla,4,1,35289,7614,31583,3705,0,0,0,0,0,4438,3176,0
2026-07-25,port120,Barranquilla,3,1,0,2618,0,0,0,0,0,0,2618,0,0,0
2026-07-26,port120,Barranquilla,2,0,35992,0,35992,0,0,0,0,0,0,0,0,0
2026-07-27,port120,Barranquilla,3,1,32996,3422,30558,2438,0,0,0,0,0,3422,0,0
2026-07-28,port120,Barranquilla,2,0,11956,5456,11956,0,0,0,0,5456,0,0,0,0
2026-07-29,port120,Barranquilla,2,1,1563,23054,0,1563,0,0,0,23054,0,0,0,0
2026-07-30,port120,Barranquilla,2,0,11956,5456,11956,0,0,0,0,5456,0,0,0,0
2026-07-31,port120,Barranquilla,2,1,975,41825,0,975,0,0,0,41180,644,0,0,0
2026-08-01,port120,Barranquilla,3,1,52191,7072,52191,0,0,0,0,4342,2729,0,0,0
2026-08-02,port120,Barranquilla,3,0,11956,30739,11956,0,0,0,0,30739,0,0,0,0
2026-08-03,port120,Barranquilla,5,1,38595,73569,36860,1735,0,0,0,70437,0,0,3132,0
2026-08-04,port120,Barranquilla,2,0,40556,0,36198,0,4357,0,0,0,0,0,0,0
2026-08-05,port120,Barranquilla,2,1,1447,10992,0,1447,0,0,0,10992,0,0,0,0
2026-08-06,port120,Barranquilla,1,0,232,0,0,0,232,0,0,0,0,0,0,0
2026-08-07,port120,Barranquilla,4,1,70298,33424,69920,378,0,0,0,33424,0,0,0,0
2026-08-08,port120,Barranquilla,2,1,12519,784,0,867,0,11652,0,0,784,0,0,0
2026-08-09,port120,Barranquilla,1,0,31845,0,31845,0,0,0,0,0,0,0,0,0
2026-08-10,port120,Barranquilla,5,0,75672,7772,44654,0,0,31017,0,5456,0,2315,0,0
2026-08-11,port120,Barranquilla,0,0,0,0,0,0,0,0,0,0,0,0,0,0
2026-08-12,port120,Barranquilla,6,1,166,9466,0,0,166,0,0,0,1171,5407,2887,0
2026-08-13,port120,Barranquilla,2,0,7750,0,7750,0,0,0,0,0,0,0,0,0
2026-08-14,port120,Barranquilla,4,1,11369,10512,10995,374,0,0,0,6542,0,3970,0,0
2026-08-15,port120,Barranquilla,3,1,4267,3015,3400,867,0,0,0,0,784,2231,0,0
2026-08-16,port120,Barranquilla,3,0,14585,5456,11956,0,0,2629,0,5456,0,0,0,0
2026-08-17,port120,Barranquilla,5,0,36311,10642,31565,0,2097,2649,0,0,0,1710,8931,0
2026-08-18,port120,Barranquilla,3,0,50277,5456,50277,0,0,0,0,5456,0,0,0,0
2026-08-19,port120,Barranquilla,1,1,361,0,0,361,0,0,0,0,0,0,0,0
2026-08-20,port120,Barranquilla,0,0,0,0,0,0,0,0,0,0,0,0,0,0
2026-08-21,port120,Barranquilla,6,1,15127,11496,11956,1476,1694,0,0,7554,0,3941,0,0
2019-01-07,port1154,Santa Marta,2,1,605,4650,0,0,0,0,605,0,4557,0,0,92
2019-01-08,port1154,Santa Marta,1,0,0,2108,0,0,0,0,0,0,0,2108,0,0
2019-01-09,port1154,Santa Marta,2,0,2511,92,0,0,0,0,2511,0,0,0,0,92
2019-01-10,port1154,Santa Marta,2,1,2729,2936,0,854,1875,0,0,0,2154,782,0,0
2019-01-11,port1154,Santa Marta,3,2,16050,3714,16050,0,0,0,0,0,3714,0,0,0
2019-01-12,port1154,Santa Marta,3,2,24864,2537,21558,3306,0,0,0,0,2537,0,0,0
2019-01-13,port1154,Santa Marta,2,0,3733,4783,0,0,1400,2332,0,0,0,0,4783,0
2019-01-14,port1154,Santa Marta,1,1,4062,0,0,4062,0,0,0,0,0,0,0,0
2019-01-15,port1154,Santa Marta,1,1,0,317,0,0,0,0,0,0,317,0,0,0
2019-01-16,port1154,Santa Marta,1,0,1875,782,0,0,1875,0,0,0,0,782,0,0
2019-01-17,port1154,Santa Marta,2,1,8764,379,8764,0,0,0,0,0,379,0,0,0
2019-01-18,port1154,Santa Marta,2,1,10427,3902,10427,0,0,0,0,0,3902,0,0,0
2019-01-19,port1154,Santa Marta,2,2,854,5892,0,854,0,0,0,0,5892,0,0,0
2019-01-20,port1154,Santa Marta,2,1,2229,0,0,2229,0,0,0,0,0,0,0,0
2019-01-21,port1154,Santa Marta,2,1,0,35709,0,0,0,0,0,35340,368,0,0,0
2019-01-22,port1154,Santa Marta,0,0,0,0,0,0,0,0,0,0,0,0,0,0
2019-01-23,port1154,Santa Marta,0,0,0,0,0,0,0,0,0,0,0,0,0,0
2019-01-24,port1154,Santa Marta,2,1,16271,2012,0,0,16271,0,0,0,2012,0,0,0
2019-01-25,port1154,Santa Marta,4,2,605,44099,0,0,0,0,605,37076,6930,0,0,92
2019-01-26,port1154,Santa Marta,3,2,2291,5587,0,2291,0,0,0,0,2154,0,3433,0
2019-01-27,port1154,Santa Marta,4,1,58442,2154,57588,854,0,0,0,0,2154,0,0,0
2019-01-28,port1154,Santa Marta,3,1,33935,367,33935,0,0,0,0,0,367,0,0,0
2019-01-29,port1154,Santa Marta,2,1,318,7191,0,318,0,0,0,0,0,0,7191,0
2019-01-30,port1154,Santa Marta,2,1,58636,1636,58636,0,0,0,0,0,1636,0,0,0
2019-01-31,port1154,Santa Marta,2,1,377,0,0,377,0,0,0,0,0,0,0,0
2019-02-01,port1154,Santa Marta,2,1,2332,10629,0,0,0,2332,0,0,5845,0,4783,0
2019-02-02,port1154,Santa Marta,4,2,11353,4458,9644,1708,0,0,0,0,4308,149,0,0
2019-02-03,port1154,Santa Marta,2,1,13293,0,8736,4557,0,0,0,0,0,0,0,0
2019-02-04,port1154,Santa Marta,4,1,17685,2936,0,854,2697,14133,0,0,2154,782,0,0
2019-02-05,port1154,Santa Marta,2,1,16450,6465,15814,635,0,0,0,6465,0,0,0,0
2019-02-06,port1154,Santa Marta,1,0,0,0,0,0,0,0,0,0,0,0,0,0
2019-02-07,port1154,Santa Marta,2,1,403,41316,0,403,0,0,0,41316,0,0,0,0
2019-02-08,port1154,Santa Marta,2,2,0,11166,0,0,0,0,0,0,11166,0,0,0
2019-02-09,port1154,Santa Marta,4,1,4565,17387,0,854,0,0,3711,0,2154,15140,0,92
2019-02-10,port1154,Santa Marta,0,0,0,0,0,0,0,0,0,0,0,0,0,0
2019-02-11,port1154,Santa Marta,1,1,2596,0,0,2596,0,0,0,0,0,0,0,0
2019-02-12,port1154,Santa Marta,1,0,444,0,444,0,0,0,0,0,0,0,0,0
2019-02-13,port1154,Santa Marta,1,0,0,7775,0,0,0,0,0,0,0,0,7775,0
2019-02-14,port1154,Santa Marta,4,1,1409,10174,0,0,814,0,595,0,4249,0,5924,0
2019-02-15,port1154,Santa Marta,3,1,24473,4388,22442,0,2031,0,0,0,4388,0,0,0
2019-02-16,port1154,Santa Marta,4,2,1398,36663,0,854,544,0,0,32475,4188,0,0,0
2019-02-17,port1154,Santa Marta,4,2,13449,4783,9988,1128,0,2332,0,0,0,0,4783,0
2019-02-18,port1154,Santa Marta,2,1,4994,2154,4140,854,0,0,0,0,2154,0,0,0
2019-02-19,port1154,Santa Marta,3,1,315,0,0,315,0,0,0,0,0,0,0,0
2019-02-20,port1154,Santa Marta,2,0,1875,782,0,0,1875,0,0,0,0,782,0,0
2019-02-21,port1154,Santa Marta,3,1,16215,53234,15814,400,0,0,0,53234,0,0,0,0
2019-02-22,port1154,Santa Marta,2,1,1875,1273,0,0,1875,0,0,0,490,782,0,0
2019-02-23,port1154,Santa Marta,2,2,1708,4308,0,1708,0,0,0,0,4308,0,0,0
2019-02-24,port1154,Santa Marta,2,1,792,17084,0,792,0,0,0,17084,0,0,0,0
2019-02-25,port1154,Santa Marta,3,1,6883,0,4106,2229,546,0,0,0,0,0,0,0
2019-02-26,port1154,Santa Marta,1,1,981,0,0,981,0,0,0,0,0,0,0,0
2019-02-27,port1154,Santa Marta,0,0,0,0,0,0,0,0,0,0,0,0,0,0
2019-02-28,port1154,Santa Marta,3,2,0,3579,0,0,0,0,0,0,3579,0,0,0
2019-03-01,port1154,Santa Marta,3,1,23311,5252,23311,0,0,0,0,0,1469,0,3783,0
2019-03-02,port1154,Santa Marta,4,2,29048,8620,28194,854,0,0,0,6465,2154,0,0,0
2019-03-03,port1154,Santa Marta,0,0,0,0,0,0,0,0,0,0,0,0,0,0
2019-03-04,port1154,Santa Marta,1,0,20646,0,20646,0,0,0,0,0,0,0,0,0
2019-03-05,port1154,Santa Marta,2,1,2947,0,0,2947,0,0,0,0,0,0,0,0
2019-03-06,port1154,Santa Marta,2,0,2626,0,0,0,2626,0,0,0,0,0,0,0
2019-03-07,port1154,Santa Marta,2,1,2164,1200,0,0,2164,0,0,0,1200,0,0,0
2019-03-08,port1154,Santa Marta,2,1,5914,0,0,1237,0,4676,0,0,0,0,0,0
2019-03-09,port1154,Santa Marta,5,3,22088,7987,22088,0,0,0,0,0,7987,0,0,0
2019-03-10,port1154,Santa Marta,1,0,0,0,0,0,0,0,0,0,0,0,0,0
2019-03-11,port1154,Santa Marta,4,2,327,10341,0,0,327,0,0,0,3820,0,6520,0
2019-03-12,port1154,Santa Marta,0,0,0,0,0,0,0,0,0,0,0,0,0,0
2019-03-13,port1154,Santa Marta,0,0,0,0,0,0,0,0,0,0,0,0,0,0
2019-03-14,port1154,Santa Marta,1,1,854,2154,0,854,0,0,0,0,2154,0,0,0
2019-03-15,port1154,Santa Marta,2,1,0,2943,0,0,0,0,0,0,2943,0,0,0
2019-03-16,port1154,Santa Marta,1,1,854,2154,0,854,0,0,0,0,2154,0,0,0
2019-03-17,port1154,Santa Marta,3,1,9398,41882,0,9398,0,0,0,41394,0,0,488,0
2019-03-18,port1154,Santa Marta,1,1,369,0,0,369,0,0,0,0,0,0,0,0
2019-03-19,port1154,Santa Marta,3,2,394,65320,0,394,0,0,0,63145,2174,0,0,0
2019-03-20,port1154,Santa Marta,4,0,52286,7692,50403,0,110,0,1772,0,0,0,7692,0
2019-03-21,port1154,Santa Marta,2,1,0,2399,0,0,0,0,0,0,2399,0,0,0
2019-03-22,port1154,Santa Marta,2,0,1875,19720,0,0,1875,0,0,18938,0,782,0,0
2019-03-23,port1154,Santa Marta,4,3,7879,9610,0,854,0,7025,0,0,9610,0,0,0
2019-03-24,port1154,Santa Marta,2,1,23179,0,12660,10519,0,0,0,0,0,0,0,0
2019-03-25,port1154,Santa Marta,5,1,8798,7989,0,854,3626,3712,605,0,2154,0,5742,92
2019-03-26,port1154,Santa Marta,3,0,63314,0,63314,0,0,0,0,0,0,0,0,0
2019-03-27,port1154,Santa Marta,2,1,854,17839,0,854,0,0,0,0,2154,0,15685,0
2019-03-28,port1154,Santa Marta,2,1,0,3493,0,0,0,0,0,0,3493,0,0,0
2019-03-29,port1154,Santa Marta,4,1,7083,7842,5534,0,1548,0,0,0,7842,0,0,0
2019-03-30,port1154,Santa Marta,3,2,2294,40456,0,2294,0,0,0,0,2154,0,38301,0
2019-03-31,port1154,Santa Marta,3,1,48687,1854,48687,0,0,0,0,0,1854,0,0,0
2019-04-01,port1154,Santa Marta,1,1,854,2154,0,854,0,0,0,0,2154,0,0,0
2019-04-02,port1154,Santa Marta,1,0,0,0,0,0,0,0,0,0,0,0,0,0
2019-04-03,port1154,Santa Marta,1,0,0,0,0,0,0,0,0,0,0,0,0,0
2019-04-04,port1154,Santa Marta,2,1,24271,0,24271,0,0,0,0,0,0,0,0,0
2019-04-05,port1154,Santa Marta,1,1,0,2358,0,0,0,0,0,0,2358,0,0,0
2019-04-06,port1154,Santa Marta,2,2,479,2556,0,479,0,0,0,0,2556,0,0,0
2019-04-07,port1154,Santa Marta,4,2,2211,7276,0,2211,0,0,0,0,7276,0,0,0
2019-04-08,port1154,Santa Marta,4,2,509,18653,0,0,0,0,509,16423,2230,0,0,0
2019-04-09,port1154,Santa Marta,2,1,23788,330,23788,0,0,0,0,0,330,0,0,0
2019-04-10,port1154,Santa Marta,2,1,460,1564,0,0,0,0,460,0,1564,0,0,0
2019-04-11,port1154,Santa Marta,1,1,0,0,0,0,0,0,0,0,0,0,0,0
2019-04-12,port1154,Santa Marta,2,1,27785,3902,27785,0,0,0,0,0,3902,0,0,0
2019-04-13,port1154,Santa Marta,2,2,450,3046,0,450,0,0,0,0,3046,0,0,0
2019-04-14,port1154,Santa Marta,1,1,2960,0,0,2960,0,0,0,0,0,0,0,0
2019-04-15,port1154,Santa Marta,2,1,735,1618,0,735,0,0,0,0,0,0,1618,0
2019-04-16,port1154,Santa Marta,4,1,0,45530,0,0,0,0,0,34196,2299,0,9034,0
2019-04-17,port1154,Santa Marta,2,1,164,1746,0,0,164,0,0,0,1746,0,0,0
2019-04-18,port1154,Santa Marta,5,1,38655,6465,35160,0,3495,0,0,6465,0,0,0,0
2019-04-19,port1154,Santa Marta,3,1,4489,7329,3934,0,0,0,554,0,7329,0,0,0
2019-04-20,port1154,Santa Marta,3,1,17894,8502,15814,0,2080,0,0,6465,2036,0,0,0
2019-04-21,port1154,Santa Marta,1,1,1849,0,0,1849,0,0,0,0,0,0,0,0
2019-04-22,port1154,Santa Marta,4,1,30156,4783,24409,3085,329,2332,0,0,0,0,4783,0
2019-04-23,port1154,Santa Marta,2,0,14799,0,14799,0,0,0,0,0,0,0,0,0
2019-04-24,port1154,Santa Marta,1,0,0,58501,0,0,0,0,0,58501,0,0,0,0
2019-04-25,port1154,Santa Marta,2,1,0,0,0,0,0,0,0,0,0,0,0,0
2019-04-26,port1154,Santa Marta,1,1,0,979,0,0,0,0,0,0,979,0,0,0
2019-04-27,port1154,Santa Marta,4,2,7586,54913,6732,854,0,0,0,52759,2154,0,0,0
2019-04-28,port1154,Santa Marta,4,1,50684,6465,48679,741,1263,0,0,6465,0,0,0,0
2019-04-29,port1154,Santa Marta,3,1,19164,7248,15814,1474,1875,0,0,6465,0,782,0,0
2019-04-30,port1154,Santa Marta,4,1,1459,3748,0,854,0,0,605,1501,2154,0,0,92
2019-05-01,port1154,Santa Marta,2,0,20371,782,18495,0,1875,0,0,0,0,782,0,0
2019-05-02,port1154,Santa Marta,3,2,17332,5772,17332,0,0,0,0,0,5772,0,0,0
2019-05-03,port1154,Santa Marta,1,0,0,4602,0,0,0,0,0,0,0,0,4602,0
2019-05-04,port1154,Santa Marta,4,3,854,7172,0,854,0,0,0,0,7172,0,0,0
2019-05-05,port1154,Santa Marta,3,1,5046,48579,2449,2596,0,0,0,48579,0,0,0,0
2019-05-06,port1154,Santa Marta,3,1,6373,2725,0,6373,0,0,0,0,0,0,2725,0
2019-05-07,port1154,Santa Marta,4,0,9025,0,6431,0,0,2593,0,0,0,0,0,0
2019-05-08,port1154,Santa Marta,2,1,1169,2599,0,0,0,1169,0,0,2477,0,122,0
2019-05-09,port1154,Santa Marta,2,1,0,2737,0,0,0,0,0,0,2737,0,0,0
2019-05-10,port1154,Santa Marta,2,2,4896,882,0,4896,0,0,0,0,882,0,0,0
2019-05-11,port1154,Santa Marta,3,2,9406,2663,8551,854,0,0,0,0,2663,0,0,0
2019-05-12,port1154,Santa Marta,1,1,1875,0,0,1875,0,0,0,0,0,0,0,0
2019-05-13,port1154,Santa Marta,3,2,0,5712,0,0,0,0,0,0,1367,0,4345,0
2019-05-14,port1154,Santa Marta,1,0,0,0,0,0,0,0,0,0,0,0,0,0
2019-05-15,port1154,Santa Marta,4,1,27667,782,7412,261,1875,18118,0,0,0,782,0,0
2019-05-16,port1154,Santa Marta,3,2,893,48301,0,893,0,0,0,45218,3083,0,0,0
2019-05-17,port1154,Santa Marta,2,1,479,0,0,479,0,0,0,0,0,0,0,0
2019-05-18,port1154,Santa Marta,3,1,2332,15660,0,0,0,2332,0,0,2039,0,13621,0
2019-05-19,port1154,Santa Marta,4,1,57379,0,52703,1099,0,3576,0,0,0,0,0,0
2019-05-20,port1154,Santa Marta,1,1,0,734,0,0,0,0,0,0,734,0,0,0
2019-05-21,port1154,Santa Marta,1,0,0,6018,0,0,0,0,0,6018,0,0,0,0
2019-05-22,port1154,Santa Marta,3,0,3713,10521,3382,0,331,0,0,10521,0,0,0,0
2019-05-23,port1154,Santa Marta,2,1,11768,2154,10914,854,0,0,0,0,2154,0,0,0
2019-05-24,port1154,Santa Marta,1,1,0,5475,0,0,0,0,0,0,5475,0,0,0
2019-05-25,port1154,Santa Marta,3,1,27370,2041,27370,0,0,0,0,0,2041,0,0,0
2019-05-26,port1154,Santa Marta,2,1,3423,0,0,2249,0,0,1173,0,0,0,0,0
2019-05-27,port1154,Santa Marta,1,1,0,1117,0,0,0,0,0,0,1117,0,0,0
2019-05-28,port1154,Santa Marta,2,0,27195,0,26423,0,771,0,0,0,0,0,0,0
2019-05-29,port1154,Santa Marta,1,0,0,4148,0,0,0,0,0,0,0,0,4148,0
2019-05-30,port1154,Santa Marta,2,2,1651,2154,0,1651,0,0,0,0,2154,0,0,0
2019-05-31,port1154,Santa Marta,1,1,481,0,0,481,0,0,0,0,0,0,0,0
2019-06-01,port1154,Santa Marta,4,2,37334,12052,36825,509,0,0,0,6465,5586,0,0,0
2019-06-02,port1154,Santa Marta,2,0,0,51966,0,0,0,0,0,51966,0,0,0,0
2019-06-03,port1154,Santa Marta,3,2,741,1111,0,741,0,0,0,0,1111,0,0,0
2019-06-04,port1154,Santa Marta,2,1,757,33064,0,757,0,0,0,33064,0,0,0,0
2019-06-05,port1154,Santa Marta,1,0,4295,0,0,0,4295,0,0,0,0,0,0,0
2019-06-06,port1154,Santa Marta,2,2,951,0,0,951,0,0,0,0,0,0,0,0
2019-06-07,port1154,Santa Marta,2,1,0,970,0,0,0,0,0,0,970,0,0,0
2019-06-08,port1154,Santa Marta,4,2,41397,1113,36574,4217,0,0,605,0,1020,0,0,92
2019-06-09,port1154,Santa Marta,4,1,3385,43518,0,2616,163,0,605,0,0,0,43426,92
2019-06-10,port1154,Santa Marta,1,1,854,2154,0,854,0,0,0,0,2154,0,0,0
2019-06-11,port1154,Santa Marta,3,1,635,3759,0,635,0,0,0,0,0,0,0,3759
2019-06-12,port1154,Santa Marta,3,0,24591,0,23967,0,165,0,458,0,0,0,0,0
2019-06-13,port1154,Santa Marta,1,1,0,0,0,0,0,0,0,0,0,0,0,0
2019-06-14,port1154,Santa Marta,2,1,1875,4366,0,0,1875,0,0,0,3584,782,0,0
2019-06-15,port1154,Santa Marta,2,2,959,3050,0,959,0,0,0,0,3050,0,0,0
2019-06-16,port1154,Santa Marta,2,1,1499,0,0,1499,0,0,0,0,0,0,0,0
2019-06-17,port1154,Santa Marta,1,1,0,0,0,0,0,0,0,0,0,0,0,0
2019-06-18,port1154,Santa Marta,0,0,0,0,0,0,0,0,0,0,0,0,0,0
2019-06-19,port1154,Santa Marta,1,0,38537,0,38537,0,0,0,0,0,0,0,0,0
2019-06-20,port1154,Santa Marta,3,1,16844,984,0,0,0,16844,0,0,984,0,0,0
2019-06-21,port1154,Santa Marta,1,1,6706,0,0,6706,0,0,0,0,0,0,0,0
2019-06-22,port1154,Santa Marta,5,2,2463,10009,0,0,1875,0,588,5839,3388,782,0,0
2019-06-23,port1154,Santa Marta,3,1,662,38361,0,0,662,0,0,34906,3455,0,0,0
2019-06-24,port1154,Santa Marta,3,2,645,2719,0,0,0,645,0,0,2719,0,0,0
2019-06-25,port1154,Santa Marta,2,0,1210,66553,0,0,1210,0,0,66553,0,0,0,0
2019-06-26,port1154,Santa Marta,3,1,5871,7310,5016,854,0,0,0,0,2154,0,5156,0
2019-06-27,port1154,Santa Marta,2,1,6285,0,0,6285,0,0,0,0,0,0,0,0
2019-06-28,port1154,Santa Marta,3,1,4580,2258,2428,2152,0,0,0,0,0,0,2258,0
2019-06-29,port1154,Santa Marta,2,2,0,9147,0,0,0,0,0,0,9147,0,0,0
2019-06-30,port1154,Santa Marta,2,2,0,12156,0,0,0,0,0,0,12156,0,0,0
2019-07-01,port1154,Santa Marta,1,1,1846,0,0,1846,0,0,0,0,0,0,0,0
2019-07-02,port1154,Santa Marta,2,0,1451,0,1451,0,0,0,0,0,0,0,0,0
2019-07-03,port1154,Santa Marta,0,0,0,0,0,0,0,0,0,0,0,0,0,0
2019-07-04,port1154,Santa Marta,5,3,8829,63813,0,940,7889,0,0,63813,0,0,0,0
2019-07-05,port1154,Santa Marta,1,1,6484,0,0,6484,0,0,0,0,0,0,0,0
2019-07-06,port1154,Santa Marta,7,3,15009,59549,0,3685,10485,0,838,44364,15184,0,0,0
2019-07-07,port1154,Santa Marta,1,1,0,10292,0,0,0,0,0,0,10292,0,0,0
2019-07-08,port1154,Santa Marta,2,1,2232,0,0,2232,0,0,0,0,0,0,0,0
2019-07-09,port1154,Santa Marta,1,1,635,0,0,635,0,0,0,0,0,0,0,0
2019-07-10,port1154,Santa Marta,1,0,494,0,0,0,494,0,0,0,0,0,0,0
2019-07-11,port1154,Santa Marta,3,1,1875,782,0,0,1875,0,0,0,0,782,0,0
2019-07-12,port1154,Santa Marta,1,1,3440,0,0,3440,0,0,0,0,0,0,0,0
2019-07-13,port1154,Santa Marta,4,3,12005,3081,0,4697,7307,0,0,0,3081,0,0,0
2019-07-14,port1154,Santa Marta,2,1,11569,7838,0,0,11569,0,0,0,7838,0,0,0
2019-07-15,port1154,Santa Marta,1,1,734,0,0,734,0,0,0,0,0,0,0,0
2019-07-16,port1154,Santa Marta,1,0,19644,0,19644,0,0,0,0,0,0,0,0,0
2019-07-17,port1154,Santa Marta,1,0,0,0,0,0,0,0,0,0,0,0,0,0
2019-07-18,port1154,Santa Marta,3,2,2533,3143,0,658,1875,0,0,0,2361,782,0,0
2019-07-19,port1154,Santa Marta,2,1,4748,32190,0,4748,0,0,0,32190,0,0,0,0
2019-07-20,port1154,Santa Marta,2,2,0,1469,0,0,0,0,0,0,1469,0,0,0
2019-07-21,port1154,Santa Marta,4,2,47382,12636,46294,0,1088,0,0,0,12636,0,0,0
2019-07-22,port1154,Santa Marta,2,1,50199,5660,50199,0,0,0,0,0,5660,0,0,0
2019-07-23,port1154,Santa Marta,2,0,605,46330,0,0,0,0,605,46237,0,0,0,92
2019-07-24,port1154,Santa Marta,2,1,1418,0,0,659,759,0,0,0,0,0,0,0
2019-07-25,port1154,Santa Marta,3,2,0,33334,0,0,0,0,0,0,270,0,33063,0
2019-07-26,port1154,Santa Marta,2,1,35670,0,30501,5168,0,0,0,0,0,0,0,0
2019-07-27,port1154,Santa Marta,3,2,0,7214,0,0,0,0,0,0,4712,0,2501,0
2019-07-28,port1154,Santa Marta,4,2,34441,4915,32888,1553,0,0,0,0,4915,0,0,0
2019-07-29,port1154,Santa Marta,2,1,1104,50296,0,1104,0,0,0,50296,0,0,0,0
2019-07-30,port1154,Santa Marta,2,1,7908,1979,7908,0,0,0,0,0,1979,0,0,0
2019-07-31,port1154,Santa Marta,2,0,510,0,0,0,0,0,510,0,0,0,0,0
2019-08-01,port1154,Santa Marta,3,2,0,49856,0,0,0,0,0,48572,1284,0,0,0
2019-08-02,port1154,Santa Marta,1,1,6921,0,0,6921,0,0,0,0,0,0,0,0
2019-08-03,port1154,Santa Marta,3,1,24908,2033,24908,0,0,0,0,0,2033,0,0,0
2019-08-04,port1154,Santa Marta,2,2,0,12958,0,0,0,0,0,0,12958,0,0,0
2019-08-05,port1154,Santa Marta,3,1,27165,0,23730,368,0,0,3066,0,0,0,0,0
2019-08-06,port1154,Santa Marta,2,0,9030,2342,0,0,9030,0,0,0,0,0,0,2342
2019-08-07,port1154,Santa Marta,1,0,605,92,0,0,0,0,605,0,0,0,0,92
2019-08-08,port1154,Santa Marta,3,1,920,34686,0,0,0,0,920,31467,3219,0,0,0
2019-08-09,port1154,Santa Marta,1,1,5603,0,0,5603,0,0,0,0,0,0,0,0
2019-08-10,port1154,Santa Marta,4,3,13796,10513,13796,0,0,0,0,0,10513,0,0,0
2019-08-11,port1154,Santa Marta,1,1,0,9787,0,0,0,0,0,0,9787,0,0,0
2019-08-12,port1154,Santa Marta,2,1,5701,0,0,4550,1150,0,0,0,0,0,0,0
2019-08-13,port1154,Santa Marta,4,0,13044,19863,0,0,326,12717,0,8692,0,0,11171,0
2019-08-14,port1154,Santa Marta,4,1,26941,0,26124,817,0,0,0,0,0,0,0,0
2019-08-15,port1154,Santa Marta,3,3,325,971,0,325,0,0,0,0,971,0,0,0
2019-08-16,port1154,Santa Marta,1,1,6911,0,0,6911,0,0,0,0,0,0,0,0
2019-08-17,port1154,Santa Marta,3,2,1006,5724,0,854,151,0,0,0,5724,0,0,0
2019-08-18,port1154,Santa Marta,1,1,0,10951,0,0,0,0,0,0,10951,0,0,0
2019-08-19,port1154,Santa Marta,5,3,1597,80046,0,1597,0,0,0,71022,9024,0,0,0
2019-08-20,port1154,Santa Marta,3,0,24381,11249,15814,0,6234,2332,0,6465,0,0,4783,0
2019-08-21,port1154,Santa Marta,1,1,0,957,0,0,0,0,0,0,957,0,0,0
2019-08-22,port1154,Santa Marta,3,1,0,50670,0,0,0,0,0,50012,658,0,0,0
2019-08-23,port1154,Santa Marta,3,1,9895,0,0,3271,6624,0,0,0,0,0,0,0
2019-08-24,port1154,Santa Marta,2,2,854,6302,0,854,0,0,0,0,6302,0,0,0
2019-08-25,port1154,Santa Marta,3,1,51457,7587,49581,0,1875,0,0,0,6805,782,0,0
2019-08-26,port1154,Santa Marta,3,2,11714,10491,11714,0,0,0,0,0,10491,0,0,0
2019-08-27,port1154,Santa Marta,1,0,0,27506,0,0,0,0,0,27506,0,0,0,0
2019-08-28,port1154,Santa Marta,1,0,8668,0,8668,0,0,0,0,0,0,0,0,0
2019-08-29,port1154,Santa Marta,2,1,0,8351,0,0,0,0,0,0,969,7381,0,0
2019-08-30,port1154,Santa Marta,3,1,26836,2885,22094,4741,0,0,0,0,0,0,2885,0
2019-08-31,port1154,Santa Marta,2,2,0,4913,0,0,0,0,0,0,4913,0,0,0
2019-09-01,port1154,Santa Marta,2,1,1344,2154,490,854,0,0,0,0,2154,0,0,0
2019-09-02,port1154,Santa Marta,2,2,0,6271,0,0,0,0,0,0,6271,0,0,0
2019-09-03,port1154,Santa Marta,4,1,10813,2154,0,854,0,9959,0,0,2154,0,0,0
2019-09-04,port1154,Santa Marta,2,0,23115,0,23115,0,0,0,0,0,0,0,0,0
2019-09-05,port1154,Santa Marta,4,2,151,52769,0,0,151,0,0,49905,2863,0,0,0
2019-09-06,port1154,Santa Marta,2,2,9746,0,0,9746,0,0,0,0,0,0,0,0
2019-09-07,port1154,Santa Marta,4,1,22138,6558,21533,0,0,0,605,6465,0,0,0,92
2019-09-08,port1154,Santa Marta,5,2,14543,10135,12594,1556,392,0,0,0,9808,326,0,0
2019-09-09,port1154,Santa Marta,2,1,16929,6465,15814,1114,0,0,0,6465,0,0,0,0
2019-09-10,port1154,Santa Marta,4,0,64119,0,64119,0,0,0,0,0,0,0,0,0
2019-09-11,port1154,Santa Marta,0,0,0,0,0,0,0,0,0,0,0,0,0,0
2019-09-12,port1154,Santa Marta,2,1,0,45516,0,0,0,0,0,43573,1943,0,0,0
2019-09-13,port1154,Santa Marta,1,1,854,2154,0,854,0,0,0,0,2154,0,0,0
2019-09-14,port1154,Santa Marta,3,2,22691,5842,0,0,0,22691,0,0,5842,0,0,0
2019-09-15,port1154,Santa Marta,3,1,49345,4910,49345,0,0,0,0,0,4910,0,0,0
2019-09-16,port1154,Santa Marta,3,1,15873,50642,15501,372,0,0,0,50642,0,0,0,0
2019-09-17,port1154,Santa Marta,0,0,0,0,0,0,0,0,0,0,0,0,0,0
2019-09-18,port1154,Santa Marta,1,1,854,2154,0,854,0,0,0,0,2154,0,0,0
2019-09-19,port1154,Santa Marta,3,1,39879,0,33185,982,5710,0,0,0,0,0,0,0
2019-09-20,port1154,Santa Marta,2,1,6911,1585,0,6911,0,0,0,0,0,0,1585,0
2019-09-21,port1154,Santa Marta,3,2,0,51228,0,0,0,0,0,44448,6780,0,0,0
2019-09-22,port1154,Santa Marta,3,2,0,10702,0,0,0,0,0,0,10702,0,0,0
2019-09-23,port1154,Santa Marta,3,1,7506,6078,0,373,7132,0,0,0,0,0,6078,0
2019-09-24,port1154,Santa Marta,1,0,0,0,0,0,0,0,0,0,0,0,0,0
2019-09-25,port1154,Santa Marta,2,0,34219,1896,34219,0,0,0,0,0,0,1896,0,0
2019-09-26,port1154,Santa Marta,3,1,1302,27226,0,1302,0,0,0,0,0,0,27226,0
2019-09-27,port1154,Santa Marta,3,1,58694,0,52219,6474,0,0,0,0,0,0,0,0
2019-09-28,port1154,Santa Marta,3,2,854,6325,0,854,0,0,0,0,5208,0,1116,0
2019-09-29,port1154,Santa Marta,1,1,0,7355,0,0,0,0,0,0,7355,0,0,0
2019-09-30,port1154,Santa Marta,3,2,369,48929,0,369,0,0,0,37933,10995,0,0,0
2019-10-01,port1154,Santa Marta,1,0,3656,0,3656,0,0,0,0,0,0,0,0,0
2019-10-02,port1154,Santa Marta,0,0,0,0,0,0,0,0,0,0,0,0,0,0
2019-10-03,port1154,Santa Marta,4,1,35775,3195,35775,0,0,0,0,0,2891,303,0,0
2019-10-04,port1154,Santa Marta,1,1,10619,0,0,10619,0,0,0,0,0,0,0,0
2019-10-05,port1154,Santa Marta,4,2,854,52714,0,854,0,0,0,50560,2154,0,0,0
2019-10-06,port1154,Santa Marta,3,2,30365,18339,30365,0,0,0,0,0,18339,0,0,0
2019-10-07,port1154,Santa Marta,2,1,4647,0,0,1846,0,0,2801,0,0,0,0,0
2019-10-08,port1154,Santa Marta,4,0,23380,18663,22462,0,0,0,918,0,0,18663,0,0
2019-10-09,port1154,Santa Marta,0,0,0,0,0,0,0,0,0,0,0,0,0,0
2019-10-10,port1154,Santa Marta,2,1,0,48117,0,0,0,0,0,46825,1291,0,0,0
2019-10-11,port1154,Santa Marta,3,1,11021,0,0,10182,0,0,838,0,0,0,0,0
2019-10-12,port1154,Santa Marta,2,1,0,2191,0,0,0,0,0,0,2028,163,0,0
2019-10-13,port1154,Santa Marta,2,1,10491,8563,0,0,10491,0,0,0,8563,0,0,0
2019-10-14,port1154,Santa Marta,3,2,29559,10285,28450,1109,0,0,0,0,10285,0,0,0
2019-10-15,port1154,Santa Marta,1,0,0,65820,0,0,0,0,0,65820,0,0,0,0
2019-10-16,port1154,Santa Marta,2,1,17068,6465,15814,1253,0,0,0,6465,0,0,0,0
2019-10-17,port1154,Santa Marta,1,1,0,1913,0,0,0,0,0,0,1913,0,0,0
2019-10-18,port1154,Santa Marta,4,1,28697,0,21969,5603,0,0,1125,0,0,0,0,0
2019-10-19,port1154,Santa Marta,2,2,854,6302,0,854,0,0,0,0,6302,0,0,0
2019-10-20,port1154,Santa Marta,1,1,0,5494,0,0,0,0,0,0,5494,0,0,0
2019-10-21,port1154,Santa Marta,5,2,5700,67540,0,2956,0,2743,0,58551,8834,154,0,0
2019-10-22,port1154,Santa Marta,1,0,9883,0,9883,0,0,0,0,0,0,0,0,0
2019-10-23,port1154,Santa Marta,2,0,32833,0,32833,0,0,0,0,0,0,0,0,0
2019-10-24,port1154,Santa Marta,1,0,0,822,0,0,0,0,0,0,0,822,0,0
2019-10-25,port1154,Santa Marta,3,2,10397,0,0,10397,0,0,0,0,0,0,0,0
2019-10-26,port1154,Santa Marta,3,2,6142,35978,0,6142,0,0,0,34963,1015,0,0,0
2019-10-27,port1154,Santa Marta,3,2,4868,8439,4868,0,0,0,0,0,8439,0,0,0
2019-10-28,port1154,Santa Marta,1,1,0,743,0,0,0,0,0,0,743,0,0,0
2019-10-29,port1154,Santa Marta,2,0,10029,0,6662,0,3366,0,0,0,0,0,0,0
2019-10-30,port1154,Santa Marta,1,0,0,0,0,0,0,0,0,0,0,0,0,0
2019-10-31,port1154,Santa Marta,3,0,1058,88809,0,0,1058,0,0,61599,0,0,27209,0
2019-11-01,port1154,Santa Marta,1,1,2239,0,0,2239,0,0,0,0,0,0,0,0
2019-11-02,port1154,Santa Marta,5,3,21621,4653,12310,9310,0,0,0,0,4386,267,0,0
2019-11-03,port1154,Santa Marta,2,2,0,20120,0,0,0,0,0,0,20120,0,0,0
2019-11-04,port1154,Santa Marta,4,1,4258,2154,0,854,327,3076,0,0,2154,0,0,0
2019-11-05,port1154,Santa Marta,1,0,7213,0,7213,0,0,0,0,0,0,0,0,0
2019-11-06,port1154,Santa Marta,2,1,2023,2276,0,854,0,1169,0,0,2154,0,122,0
2019-11-07,port1154,Santa Marta,2,0,1656,0,1656,0,0,0,0,0,0,0,0,0
2019-11-08,port1154,Santa Marta,5,2,17530,32913,9744,7786,0,0,0,32587,325,0,0,0
2019-11-09,port1154,Santa Marta,3,2,35777,3171,34923,854,0,0,0,0,3171,0,0,0
2019-11-10,port1154,Santa Marta,2,2,0,18355,0,0,0,0,0,0,18355,0,0,0
2019-11-11,port1154,Santa Marta,5,1,3141,54408,0,733,0,0,2408,50744,0,0,3664,0
2019-11-12,port1154,Santa Marta,1,0,19904,0,19904,0,0,0,0,0,0,0,0,0
2019-11-13,port1154,Santa Marta,0,0,0,0,0,0,0,0,0,0,0,0,0,0
2019-11-14,port1154,Santa Marta,2,1,1459,2246,0,854,0,0,605,0,2154,0,0,92
2019-11-15,port1154,Santa Marta,2,1,11495,356,0,11495,0,0,0,0,0,356,0,0
2019-11-16,port1154,Santa Marta,1,1,0,2543,0,0,0,0,0,0,2543,0,0,0
2019-11-17,port1154,Santa Marta,3,2,0,66598,0,0,0,0,0,49099,17499,0,0,0
2019-11-18,port1154,Santa Marta,2,1,1875,1891,0,0,1875,0,0,0,1109,782,0,0
2019-11-19,port1154,Santa Marta,6,0,59494,92,48696,0,3776,6416,605,0,0,0,0,92
2019-11-20,port1154,Santa Marta,0,0,0,0,0,0,0,0,0,0,0,0,0,0
2019-11-21,port1154,Santa Marta,4,1,0,4239,0,0,0,0,0,0,969,3270,0,0
2019-11-22,port1154,Santa Marta,2,1,7786,25338,0,7786,0,0,0,25338,0,0,0,0
2019-11-23,port1154,Santa Marta,3,3,812,2039,0,812,0,0,0,0,2039,0,0,0
2019-11-24,port1154,Santa Marta,3,1,28596,1472,18593,0,10003,0,0,0,1472,0,0,0
2019-11-25,port1154,Santa Marta,3,2,16798,2368,13072,3726,0,0,0,0,2368,0,0,0
2019-11-26,port1154,Santa Marta,2,0,291,0,0,0,291,0,0,0,0,0,0,0
2019-11-27,port1154,Santa Marta,1,0,54494,0,54494,0,0,0,0,0,0,0,0,0
2019-11-28,port1154,Santa Marta,2,1,1633,7865,0,1633,0,0,0,0,0,0,7865,0
2019-11-29,port1154,Santa Marta,1,1,11057,0,0,11057,0,0,0,0,0,0,0,0
2019-11-30,port1154,Santa Marta,3,2,854,4190,0,854,0,0,0,0,4190,0,0,0
2019-12-01,port1154,Santa Marta,1,1,0,9364,0,0,0,0,0,0,9364,0,0,0
2019-12-02,port1154,Santa Marta,2,2,6641,2154,0,6641,0,0,0,0,2154,0,0,0
2019-12-03,port1154,Santa Marta,3,0,26328,37077,0,0,0,26328,0,37077,0,0,0,0
2019-12-04,port1154,Santa Marta,1,1,854,2154,0,854,0,0,0,0,2154,0,0,0
2019-12-05,port1154,Santa Marta,2,0,80575,0,80575,0,0,0,0,0,0,0,0,0
2019-12-06,port1154,Santa Marta,1,1,9746,0,0,9746,0,0,0,0,0,0,0,0
2019-12-07,port1154,Santa Marta,3,2,2229,2033,0,2229,0,0,0,0,2033,0,0,0
2019-12-08,port1154,Santa Marta,2,2,0,21572,0,0,0,0,0,0,21572,0,0,0
2019-12-09,port1154,Santa Marta,1,1,1851,0,0,1851,0,0,0,0,0,0,0,0
2019-12-10,port1154,Santa Marta,1,0,605,92,0,0,0,0,605,0,0,0,0,92
2019-12-11,port1154,Santa Marta,1,1,854,2154,0,854,0,0,0,0,2154,0,0,0
2019-12-12,port1154,Santa Marta,1,1,0,654,0,0,0,0,0,0,654,0,0,0
2019-12-13,port1154,Santa Marta,1,1,854,2154,0,854,0,0,0,0,2154,0,0,0
2019-12-14,port1154,Santa Marta,5,2,19149,16421,15814,854,1875,0,605,6465,9080,782,0,92
2019-12-15,port1154,Santa Marta,3,2,16669,14066,15814,854,0,0,0,6465,7600,0,0,0
2019-12-16,port1154,Santa Marta,2,1,854,3170,0,854,0,0,0,0,2154,0,0,1016
2019-12-17,port1154,Santa Marta,0,0,0,0,0,0,0,0,0,0,0,0,0,0
2019-12-18,port1154,Santa Marta,3,0,2755,874,0,0,2150,0,605,0,0,782,0,92
2019-12-19,port1154,Santa Marta,1,1,854,2154,0,854,0,0,0,0,2154,0,0,0
2019-12-20,port1154,Santa Marta,2,1,854,4658,0,854,0,0,0,0,2154,2503,0,0
2019-12-21,port1154,Santa Marta,3,1,8971,506,0,0,8971,0,0,0,506,0,0,0
2019-12-22,port1154,Santa Marta,1,1,854,2154,0,854,0,0,0,0,2154,0,0,0
2019-12-23,port1154,Santa Marta,3,2,2700,13348,0,2700,0,0,0,0,2154,11194,0,0
2019-12-24,port1154,Santa Marta,2,0,15814,6465,15814,0,0,0,0,6465,0,0,0,0
2019-12-25,port1154,Santa Marta,1,0,1875,782,0,0,1875,0,0,0,0,782,0,0
2019-12-26,port1154,Santa Marta,0,0,0,0,0,0,0,0,0,0,0,0,0,0
2019-12-27,port1154,Santa Marta,1,1,854,2154,0,854,0,0,0,0,2154,0,0,0
2019-12-28,port1154,Santa Marta,4,2,18128,10867,15814,1708,0,0,605,6465,4308,0,0,92
2019-12-29,port1154,Santa Marta,3,3,0,19316,0,0,0,0,0,0,19316,0,0,0
2019-12-30,port1154,Santa Marta,3,1,29540,737,29540,0,0,0,0,0,737,0,0,0
2019-12-31,port1154,Santa Marta,4,1,19528,1714,0,1091,1875,16562,0,0,0,782,932,0
2020-01-01,port1154,Santa Marta,0,0,0,0,0,0,0,0,0,0,0,0,0,0
2020-01-02,port1154,Santa Marta,1,0,0,4196,0,0,0,0,0,0,0,0,4196,0
2020-01-03,port1154,Santa Marta,2,1,32063,0,25579,6484,0,0,0,0,0,0,0,0
2020-01-04,port1154,Santa Marta,3,2,19179,6034,0,854,0,18324,0,0,6034,0,0,0
2020-01-05,port1154,Santa Marta,3,1,16419,881,0,0,15814,0,605,0,788,0,0,92
2020-01-06,port1154,Santa Marta,4,2,18157,11063,0,1099,1875,15182,0,0,10281,782,0,0
2020-01-07,port1154,Santa Marta,2,1,51911,0,50115,1795,0,0,0,0,0,0,0,0
2020-01-08,port1154,Santa Marta,0,0,0,0,0,0,0,0,0,0,0,0,0,0
2020-01-09,port1154,Santa Marta,2,2,1396,2154,0,1396,0,0,0,0,2154,0,0,0
2020-01-10,port1154,Santa Marta,0,0,0,0,0,0,0,0,0,0,0,0,0,0
2020-01-11,port1154,Santa Marta,4,2,854,30781,0,854,0,0,0,26151,3172,0,1457,0
2020-01-12,port1154,Santa Marta,3,2,5662,1911,0,5662,0,0,0,0,0,0,0,1911
2020-01-13,port1154,Santa Marta,1,1,0,6241,0,0,0,0,0,0,6241,0,0,0
2020-01-14,port1154,Santa Marta,2,1,854,21444,0,854,0,0,0,0,2154,19289,0,0
2020-01-15,port1154,Santa Marta,3,1,54326,2154,53200,854,272,0,0,0,2154,0,0,0
2020-01-16,port1154,Santa Marta,2,0,499,21361,0,0,499,0,0,21361,0,0,0,0
2020-01-17,port1154,Santa Marta,3,2,7080,416,0,6474,0,0,605,0,324,0,0,92
2020-01-18,port1154,Santa Marta,2,2,3347,1015,0,3347,0,0,0,0,1015,0,0,0
2020-01-19,port1154,Santa Marta,2,1,26765,5057,26765,0,0,0,0,0,5057,0,0,0
2020-01-20,port1154,Santa Marta,2,1,2677,11643,0,0,0,0,2677,0,11643,0,0,0
2020-01-21,port1154,Santa Marta,2,1,0,15051,0,0,0,0,0,0,3744,0,11306,0
2020-01-22,port1154,Santa Marta,3,1,59117,3275,58263,854,0,0,0,0,2154,0,1121,0
2020-01-23,port1154,Santa Marta,2,1,13996,1537,13996,0,0,0,0,0,1537,0,0,0
2020-01-24,port1154,Santa Marta,1,1,9310,0,0,9310,0,0,0,0,0,0,0,0
2020-01-25,port1154,Santa Marta,1,1,1011,0,0,1011,0,0,0,0,0,0,0,0
2020-01-26,port1154,Santa Marta,3,1,25132,2154,24277,854,0,0,0,0,2154,0,0,0
2020-01-27,port1154,Santa Marta,2,1,854,2154,0,854,0,0,0,0,2154,0,0,0
2020-01-28,port1154,Santa Marta,1,1,854,2154,0,854,0,0,0,0,2154,0,0,0
2020-01-29,port1154,Santa Marta,2,0,15894,0,15894,0,0,0,0,0,0,0,0,0
2020-01-30,port1154,Santa Marta,1,1,0,975,0,0,0,0,0,0,975,0,0,0
2020-01-31,port1154,Santa Marta,2,2,5168,274,0,5168,0,0,0,0,274,0,0,0
2020-02-01,port1154,Santa Marta,2,2,854,4190,0,854,0,0,0,0,4190,0,0,0
2020-02-02,port1154,Santa Marta,5,2,20557,20891,15814,854,3888,0,0,6465,6657,0,7768,0
2020-02-03,port1154,Santa Marta,1,1,0,2232,0,0,0,0,0,0,2232,0,0,0
2020-02-04,port1154,Santa Marta,2,1,19572,2154,0,854,0,18718,0,0,2154,0,0,0
2020-02-05,port1154,Santa Marta,2,1,547,27030,0,547,0,0,0,27030,0,0,0,0
2020-02-06,port1154,Santa Marta,0,0,0,0,0,0,0,0,0,0,0,0,0,0
2020-02-07,port1154,Santa Marta,2,2,9746,1922,0,9746,0,0,0,0,1922,0,0,0
2020-02-08,port1154,Santa Marta,1,1,0,2533,0,0,0,0,0,0,2533,0,0,0
2020-02-09,port1154,Santa Marta,3,1,4412,14306,0,0,4412,0,0,0,13366,0,0,940
2020-02-10,port1154,Santa Marta,2,1,16669,8620,15814,854,0,0,0,6465,2154,0,0,0
2020-02-11,port1154,Santa Marta,3,1,18417,2936,15688,854,1875,0,0,0,2154,782,0,0
2020-02-12,port1154,Santa Marta,0,0,0,0,0,0,0,0,0,0,0,0,0,0
2020-02-13,port1154,Santa Marta,2,1,854,2457,0,854,0,0,0,0,2154,303,0,0
2020-02-14,port1154,Santa Marta,4,1,29180,0,22239,6941,0,0,0,0,0,0,0,0
2020-02-15,port1154,Santa Marta,4,2,1031,2036,1031,0,0,0,0,0,2036,0,0,0
2020-02-16,port1154,Santa Marta,1,1,0,6740,0,0,0,0,0,0,6740,0,0,0
2020-02-17,port1154,Santa Marta,0,0,0,0,0,0,0,0,0,0,0,0,0,0
2020-02-18,port1154,Santa Marta,2,2,603,748,0,603,0,0,0,0,748,0,0,0
2020-02-19,port1154,Santa Marta,1,0,2775,0,0,0,2775,0,0,0,0,0,0,0
2020-02-20,port1154,Santa Marta,4,0,59810,13345,57478,0,0,2332,0,0,0,0,13345,0
2020-02-21,port1154,Santa Marta,4,2,8818,2246,0,8213,0,0,605,0,2154,0,0,92
2020-02-22,port1154,Santa Marta,2,1,3624,1014,3624,0,0,0,0,0,1014,0,0,0
2020-02-23,port1154,Santa Marta,3,1,0,70325,0,0,0,0,0,60813,9512,0,0,0
2020-02-24,port1154,Santa Marta,1,1,0,2229,0,0,0,0,0,0,2229,0,0,0
2020-02-25,port1154,Santa Marta,2,1,13946,1208,0,0,0,13946,0,0,1208,0,0,0
2020-02-26,port1154,Santa Marta,2,0,20384,0,18252,0,0,0,2132,0,0,0,0,0
2020-02-27,port1154,Santa Marta,3,1,165,29979,0,0,165,0,0,29432,546,0,0,0
2020-02-28,port1154,Santa Marta,1,1,7379,0,0,7379,0,0,0,0,0,0,0,0
2020-02-29,port1154,Santa Marta,4,2,48472,3173,47618,854,0,0,0,0,3173,0,0,0
2020-03-01,port1154,Santa Marta,1,1,0,12289,0,0,0,0,0,0,12289,0,0,0
2020-03-02,port1154,Santa Marta,1,1,0,1108,0,0,0,0,0,0,1108,0,0,0
2020-03-03,port1154,Santa Marta,2,1,0,2399,0,0,0,0,0,0,2399,0,0,0
2020-03-04,port1154,Santa Marta,3,1,30255,7559,30255,0,0,0,0,6465,1093,0,0,0
2020-03-05,port1154,Santa Marta,1,1,775,0,0,775,0,0,0,0,0,0,0,0
2020-03-06,port1154,Santa Marta,3,1,5781,92,0,5176,0,0,605,0,0,0,0,92
2020-03-07,port1154,Santa Marta,4,1,151,8079,0,0,151,0,0,6559,1520,0,0,0
2020-03-08,port1154,Santa Marta,1,1,0,17517,0,0,0,0,0,0,17517,0,0,0
2020-03-09,port1154,Santa Marta,1,1,854,2154,0,854,0,0,0,0,2154,0,0,0
2020-03-10,port1154,Santa Marta,1,1,0,2993,0,0,0,0,0,0,2993,0,0,0
2020-03-11,port1154,Santa Marta,3,0,8399,0,3149,0,0,5250,0,0,0,0,0,0
2020-03-12,port1154,Santa Marta,2,1,0,20555,0,0,0,0,0,0,1845,0,18709,0
2020-03-13,port1154,Santa Marta,1,1,7797,0,0,7797,0,0,0,0,0,0,0,0
2020-03-14,port1154,Santa Marta,3,2,1708,4308,0,1708,0,0,0,0,4308,0,0,0
2020-03-15,port1154,Santa Marta,4,1,17045,13940,16880,0,164,0,0,0,13940,0,0,0
2020-03-16,port1154,Santa Marta,2,2,877,1114,0,877,0,0,0,0,1114,0,0,0
2020-03-17,port1154,Santa Marta,2,1,20614,0,18807,1806,0,0,0,0,0,0,0,0
2020-03-18,port1154,Santa Marta,0,0,0,0,0,0,0,0,0,0,0,0,0,0
2020-03-19,port1154,Santa Marta,0,0,0,0,0,0,0,0,0,0,0,0,0,0
2020-03-20,port1154,Santa Marta,3,2,25369,1161,20561,4807,0,0,0,0,1161,0,0,0
2020-03-21,port1154,Santa Marta,2,2,864,4072,0,864,0,0,0,0,4072,0,0,0
2020-03-22,port1154,Santa Marta,1,1,0,8975,0,0,0,0,0,0,8975,0,0,0
2020-03-23,port1154,Santa Marta,1,1,0,2220,0,0,0,0,0,0,2220,0,0,0
2020-03-24,port1154,Santa Marta,3,0,1019,0,0,0,0,0,1019,0,0,0,0,0
2020-03-25,port1154,Santa Marta,1,1,0,1093,0,0,0,0,0,0,1093,0,0,0
2020-03-26,port1154,Santa Marta,0,0,0,0,0,0,0,0,0,0,0,0,0,0
2020-03-27,port1154,Santa Marta,2,1,7369,0,0,7369,0,0,0,0,0,0,0,0
2020-03-28,port1154,Santa Marta,3,3,854,10898,0,854,0,0,0,0,10898,0,0,0
2020-03-29,port1154,Santa Marta,2,0,2937,4876,0,0,0,2332,605,0,0,0,4783,92
2020-03-30,port1154,Santa Marta,2,1,16366,0,15995,371,0,0,0,0,0,0,0,0
2020-03-31,port1154,Santa Marta,4,1,63596,4225,62757,0,0,0,838,0,4225,0,0,0
2020-04-01,port1154,Santa Marta,1,1,546,0,0,546,0,0,0,0,0,0,0,0
2020-04-02,port1154,Santa Marta,3,1,385,61563,0,385,0,0,0,59326,0,0,2236,0
2020-04-03,port1154,Santa Marta,3,1,29568,0,12955,3879,0,12733,0,0,0,0,0,0
2020-04-04,port1154,Santa Marta,4,3,0,21509,0,0,0,0,0,4639,16869,0,0,0
2020-04-05,port1154,Santa Marta,5,0,5336,21650,0,0,5336,0,0,21650,0,0,0,0
2020-04-06,port1154,Santa Marta,2,1,0,3059,0,0,0,0,0,0,3059,0,0,0
2020-04-07,port1154,Santa Marta,2,1,14667,2154,13813,854,0,0,0,0,2154,0,0,0
2020-04-08,port1154,Santa Marta,1,0,0,26017,0,0,0,0,0,0,0,0,26017,0
2020-04-09,port1154,Santa Marta,3,2,10043,337,0,7325,0,0,2718,0,337,0,0,0
2020-04-10,port1154,Santa Marta,2,1,384,0,0,384,0,0,0,0,0,0,0,0
2020-04-11,port1154,Santa Marta,4,3,953,7610,0,953,0,0,0,0,7610,0,0,0
2020-04-12,port1154,Santa Marta,2,0,23159,11539,23159,0,0,0,0,0,0,11539,0,0
2020-04-13,port1154,Santa Marta,3,1,1937,7689,0,1478,0,0,459,0,0,0,7689,0
2020-04-14,port1154,Santa Marta,2,1,1800,133,0,1800,0,0,0,0,0,133,0,0
2020-04-15,port1154,Santa Marta,1,0,0,0,0,0,0,0,0,0,0,0,0,0
2020-04-16,port1154,Santa Marta,3,1,5833,26246,5833,0,0,0,0,0,1159,0,25086,0
2020-04-17,port1154,Santa Marta,1,1,5611,0,0,5611,0,0,0,0,0,0,0,0
2020-04-18,port1154,Santa Marta,3,2,15814,14632,15814,0,0,0,0,6465,8166,0,0,0
2020-04-19,port1154,Santa Marta,2,0,1875,782,0,0,1875,0,0,0,0,782,0,0
2020-04-20,port1154,Santa Marta,2,1,57100,0,56361,739,0,0,0,0,0,0,0,0
2020-04-21,port1154,Santa Marta,4,1,6051,6617,0,0,1875,0,4175,0,3011,782,2824,0
2020-04-22,port1154,Santa Marta,1,0,27266,0,27266,0,0,0,0,0,0,0,0,0
2020-04-23,port1154,Santa Marta,3,1,18150,0,13408,4741,0,0,0,0,0,0,0,0
2020-04-24,port1154,Santa Marta,1,1,854,2154,0,854,0,0,0,0,2154,0,0,0
2020-04-25,port1154,Santa Marta,3,2,1983,2154,0,1820,162,0,0,0,2154,0,0,0
2020-04-26,port1154,Santa Marta,1,1,0,8967,0,0,0,0,0,0,8967,0,0,0
2020-04-27,port1154,Santa Marta,2,1,0,2389,0,0,0,0,0,0,2238,151,0,0
2020-04-28,port1154,Santa Marta,1,1,0,603,0,0,0,0,0,0,603,0,0,0
2020-04-29,port1154,Santa Marta,2,0,0,7410,0,0,0,0,0,0,0,0,7410,0
2020-04-30,port1154,Santa Marta,3,1,1075,12974,0,1075,0,0,0,0,0,460,12513,0
2020-05-01,port1154,Santa Marta,4,2,37220,0,20339,7736,9145,0,0,0,0,0,0,0
2020-05-02,port1154,Santa Marta,5,3,28601,19654,24292,4309,0,0,0,0,19654,0,0,0
2020-05-03,port1154,Santa Marta,2,0,26965,6465,26965,0,0,0,0,6465,0,0,0,0
2020-05-04,port1154,Santa Marta,2,1,266,746,0,0,266,0,0,0,746,0,0,0
2020-05-05,port1154,Santa Marta,2,1,0,10037,0,0,0,0,0,7521,2515,0,0,0
2020-05-06,port1154,Santa Marta,1,0,0,0,0,0,0,0,0,0,0,0,0,0
2020-05-07,port1154,Santa Marta,1,1,854,2154,0,854,0,0,0,0,2154,0,0,0
2020-05-08,port1154,Santa Marta,1,1,9746,0,0,9746,0,0,0,0,0,0,0,0
2020-05-09,port1154,Santa Marta,2,2,0,3934,0,0,0,0,0,0,3934,0,0,0
2020-05-10,port1154,Santa Marta,3,3,854,9440,0,854,0,0,0,0,9440,0,0,0
2020-05-11,port1154,Santa Marta,0,0,0,0,0,0,0,0,0,0,0,0,0,0
2020-05-12,port1154,Santa Marta,3,1,22892,2404,22892,0,0,0,0,0,2404,0,0,0
2020-05-13,port1154,Santa Marta,0,0,0,0,0,0,0,0,0,0,0,0,0,0
2020-05-14,port1154,Santa Marta,1,1,0,385,0,0,0,0,0,0,385,0,0,0
2020-05-15,port1154,Santa Marta,2,1,28126,0,22078,6047,0,0,0,0,0,0,0,0
2020-05-16,port1154,Santa Marta,3,2,0,4208,0,0,0,0,0,0,4208,0,0,0
2020-05-17,port1154,Santa Marta,3,1,301,23716,0,0,301,0,0,0,6187,17529,0,0
2020-05-18,port1154,Santa Marta,1,1,0,2235,0,0,0,0,0,0,2235,0,0,0
2020-05-19,port1154,Santa Marta,3,1,36140,54808,36140,0,0,0,0,54209,598,0,0,0
2020-05-20,port1154,Santa Marta,1,0,0,28825,0,0,0,0,0,0,0,0,28825,0
2020-05-21,port1154,Santa Marta,1,1,1093,0,0,1093,0,0,0,0,0,0,0,0
2020-05-22,port1154,Santa Marta,2,2,6502,1252,0,6502,0,0,0,0,1252,0,0,0
2020-05-23,port1154,Santa Marta,4,3,854,15248,0,854,0,0,0,0,7217,0,8030,0
2020-05-24,port1154,Santa Marta,1,0,0,34104,0,0,0,0,0,0,0,0,34104,0
2020-05-25,port1154,Santa Marta,2,1,328,370,0,0,328,0,0,0,370,0,0,0
2020-05-26,port1154,Santa Marta,1,1,0,1800,0,0,0,0,0,0,1800,0,0,0
2020-05-27,port1154,Santa Marta,2,1,58144,0,56215,1928,0,0,0,0,0,0,0,0
2020-05-28,port1154,Santa Marta,1,0,4380,0,0,0,4380,0,0,0,0,0,0,0
2020-05-29,port1154,Santa Marta,3,2,61039,0,55463,5576,0,0,0,0,0,0,0,0
2020-05-30,port1154,Santa Marta,4,2,6348,4769,0,5659,688,0,0,0,4769,0,0,0
2020-05-31,port1154,Santa Marta,1,1,854,2154,0,854,0,0,0,0,2154,0,0,0
2020-06-01,port1154,Santa Marta,3,1,854,2154,0,854,0,0,0,0,2154,0,0,0
2020-06-02,port1154,Santa Marta,1,1,0,599,0,0,0,0,0,0,599,0,0,0
2020-06-03,port1154,Santa Marta,1,0,0,2091,0,0,0,0,0,0,0,2091,0,0
2020-06-04,port1154,Santa Marta,0,0,0,0,0,0,0,0,0,0,0,0,0,0
2020-06-05,port1154,Santa Marta,3,2,6038,2154,0,6038,0,0,0,0,2154,0,0,0
2020-06-06,port1154,Santa Marta,2,2,854,2154,0,854,0,0,0,0,2154,0,0,0
2020-06-07,port1154,Santa Marta,2,1,0,38240,0,0,0,0,0,32617,5622,0,0,0
2020-06-08,port1154,Santa Marta,0,0,0,0,0,0,0,0,0,0,0,0,0,0
2020-06-09,port1154,Santa Marta,2,1,2729,2936,0,854,1875,0,0,0,2154,782,0,0
2020-06-10,port1154,Santa Marta,1,0,20366,0,20366,0,0,0,0,0,0,0,0,0
2020-06-11,port1154,Santa Marta,3,1,10199,22776,9345,854,0,0,0,0,2154,0,20622,0
2020-06-12,port1154,Santa Marta,3,2,2584,0,0,2584,0,0,0,0,0,0,0,0
2020-06-13,port1154,Santa Marta,3,3,0,14259,0,0,0,0,0,0,14259,0,0,0
2020-06-14,port1154,Santa Marta,1,0,4856,0,0,0,4856,0,0,0,0,0,0,0
2020-06-15,port1154,Santa Marta,1,1,1128,0,0,1128,0,0,0,0,0,0,0,0
2020-06-16,port1154,Santa Marta,0,0,0,0,0,0,0,0,0,0,0,0,0,0
2020-06-17,port1154,Santa Marta,3,0,30615,26063,29776,0,0,0,838,26063,0,0,0,0
2020-06-18,port1154,Santa Marta,2,1,388,4991,0,388,0,0,0,0,0,0,4991,0
2020-06-19,port1154,Santa Marta,1,1,4320,0,0,4320,0,0,0,0,0,0,0,0
2020-06-20,port1154,Santa Marta,4,3,4251,19421,0,1708,0,2543,0,0,13800,0,5620,0
2020-06-21,port1154,Santa Marta,2,0,2332,21550,0,0,0,2332,0,16766,0,0,4783,0
2020-06-22,port1154,Santa Marta,3,2,16660,6465,15814,845,0,0,0,6465,0,0,0,0
2020-06-23,port1154,Santa Marta,1,1,601,0,0,601,0,0,0,0,0,0,0,0
2020-06-24,port1154,Santa Marta,2,1,1875,1057,0,0,1875,0,0,0,275,782,0,0
2020-06-25,port1154,Santa Marta,1,1,0,387,0,0,0,0,0,0,387,0,0,0
2020-06-26,port1154,Santa Marta,1,1,4313,0,0,4313,0,0,0,0,0,0,0,0
2020-06-27,port1154,Santa Marta,4,3,36459,8072,35980,478,0,0,0,0,8072,0,0,0
2020-06-28,port1154,Santa Marta,1,0,0,0,0,0,0,0,0,0,0,0,0,0
2020-06-29,port1154,Santa Marta,1,1,0,375,0,0,0,0,0,0,375,0,0,0
2020-06-30,port1154,Santa Marta,2,1,12672,0,0,0,0,12672,0,0,0,0,0,0
2020-07-01,port1154,Santa Marta,1,0,11165,0,0,0,0,11165,0,0,0,0,0,0
2020-07-02,port1154,Santa Marta,4,1,5788,8293,0,0,5788,0,0,0,1302,0,6991,0
2020-07-03,port1154,Santa Marta,3,2,18536,771,11625,6911,0,0,0,0,771,0,0,0
2020-07-04,port1154,Santa Marta,3,3,1708,16046,0,1708,0,0,0,0,16046,0,0,0
2020-07-05,port1154,Santa Marta,1,0,23196,0,23196,0,0,0,0,0,0,0,0,0
2020-07-06,port1154,Santa Marta,2,1,7747,373,7747,0,0,0,0,0,373,0,0,0
2020-07-07,port1154,Santa Marta,3,1,7134,2154,0,854,6279,0,0,0,2154,0,0,0
2020-07-08,port1154,Santa Marta,0,0,0,0,0,0,0,0,0,0,0,0,0,0
2020-07-09,port1154,Santa Marta,1,1,385,0,0,385,0,0,0,0,0,0,0,0
2020-07-10,port1154,Santa Marta,2,1,56588,0,52281,4307,0,0,0,0,0,0,0,0
2020-07-11,port1154,Santa Marta,3,3,3933,6362,0,3933,0,0,0,0,6362,0,0,0
2020-07-12,port1154,Santa Marta,0,0,0,0,0,0,0,0,0,0,0,0,0,0
2020-07-13,port1154,Santa Marta,1,1,739,0,0,739,0,0,0,0,0,0,0,0
2020-07-14,port1154,Santa Marta,0,0,0,0,0,0,0,0,0,0,0,0,0,0
2020-07-15,port1154,Santa Marta,2,0,0,16327,0,0,0,0,0,15431,0,0,896,0
2020-07-16,port1154,Santa Marta,0,0,0,0,0,0,0,0,0,0,0,0,0,0
2020-07-17,port1154,Santa Marta,2,1,4741,9184,0,4741,0,0,0,0,0,0,9184,0
2020-07-18,port1154,Santa Marta,2,2,854,3110,0,854,0,0,0,0,3110,0,0,0
2020-07-19,port1154,Santa Marta,2,1,4632,10033,0,0,4632,0,0,0,10033,0,0,0
2020-07-20,port1154,Santa Marta,2,1,0,10873,0,0,0,0,0,0,1492,0,9380,0
2020-07-21,port1154,Santa Marta,2,1,5505,2410,5505,0,0,0,0,0,2410,0,0,0
2020-07-22,port1154,Santa Marta,0,0,0,0,0,0,0,0,0,0,0,0,0,0
2020-07-23,port1154,Santa Marta,0,0,0,0,0,0,0,0,0,0,0,0,0,0
2020-07-24,port1154,Santa Marta,3,3,4313,2036,0,4313,0,0,0,0,2036,0,0,0
2020-07-25,port1154,Santa Marta,2,2,854,8374,0,854,0,0,0,0,8374,0,0,0
2020-07-26,port1154,Santa Marta,0,0,0,0,0,0,0,0,0,0,0,0,0,0
2020-07-27,port1154,Santa Marta,4,1,33472,19284,32617,854,0,0,0,16239,2154,890,0,0
2020-07-28,port1154,Santa Marta,2,1,29217,2154,28362,854,0,0,0,0,2154,0,0,0
2020-07-29,port1154,Santa Marta,0,0,0,0,0,0,0,0,0,0,0,0,0,0
2020-07-30,port1154,Santa Marta,3,1,11798,2154,10944,854,0,0,0,0,2154,0,0,0
2020-07-31,port1154,Santa Marta,3,1,15522,0,6115,4734,4672,0,0,0,0,0,0,0
2020-08-01,port1154,Santa Marta,2,2,0,4921,0,0,0,0,0,0,4921,0,0,0
2020-08-02,port1154,Santa Marta,2,2,0,13328,0,0,0,0,0,0,13328,0,0,0
2020-08-03,port1154,Santa Marta,3,1,8883,47392,8883,0,0,0,0,46646,745,0,0,0
2020-08-04,port1154,Santa Marta,2,1,854,2410,0,854,0,0,0,0,2154,256,0,0
2020-08-05,port1154,Santa Marta,1,0,0,48009,0,0,0,0,0,48009,0,0,0,0
2020-08-06,port1154,Santa Marta,1,0,0,0,0,0,0,0,0,0,0,0,0,0
2020-08-07,port1154,Santa Marta,2,2,11440,0,0,11440,0,0,0,0,0,0,0,0
2020-08-08,port1154,Santa Marta,4,3,13513,31311,13513,0,0,0,0,0,31311,0,0,0
2020-08-09,port1154,Santa Marta,1,0,0,0,0,0,0,0,0,0,0,0,0,0
2020-08-10,port1154,Santa Marta,2,1,605,830,0,0,0,0,605,0,738,0,0,92
2020-08-11,port1154,Santa Marta,1,1,0,5724,0,0,0,0,0,0,5724,0,0,0
2020-08-12,port1154,Santa Marta,0,0,0,0,0,0,0,0,0,0,0,0,0,0
2020-08-13,port1154,Santa Marta,2,1,383,45421,0,383,0,0,0,0,0,0,45421,0
2020-08-14,port1154,Santa Marta,2,1,7348,0,0,7348,0,0,0,0,0,0,0,0
2020-08-15,port1154,Santa Marta,4,3,24267,13128,20334,3933,0,0,0,0,13128,0,0,0
2020-08-16,port1154,Santa Marta,2,1,4388,0,0,821,3566,0,0,0,0,0,0,0
2020-08-17,port1154,Santa Marta,1,1,0,3115,0,0,0,0,0,0,3115,0,0,0
2020-08-18,port1154,Santa Marta,1,1,1800,0,0,1800,0,0,0,0,0,0,0,0
2020-08-19,port1154,Santa Marta,0,0,0,0,0,0,0,0,0,0,0,0,0,0
2020-08-20,port1154,Santa Marta,0,0,0,0,0,0,0,0,0,0,0,0,0,0
2020-08-21,port1154,Santa Marta,4,2,15211,11534,0,8651,0,6560,0,0,2154,0,9380,0
2020-08-22,port1154,Santa Marta,5,3,56024,23522,53955,0,2069,0,0,0,23522,0,0,0
2020-08-23,port1154,Santa Marta,0,0,0,0,0,0,0,0,0,0,0,0,0,0
2020-08-24,port1154,Santa Marta,1,1,854,2154,0,854,0,0,0,0,2154,0,0,0
2020-08-25,port1154,Santa Marta,1,1,0,1195,0,0,0,0,0,0,1195,0,0,0
2020-08-26,port1154,Santa Marta,3,0,32227,12931,31629,0,0,0,597,12931,0,0,0,0
2020-08-27,port1154,Santa Marta,0,0,0,0,0,0,0,0,0,0,0,0,0,0
2020-08-28,port1154,Santa Marta,2,1,22736,6465,15814,6921,0,0,0,6465,0,0,0,0
2020-08-29,port1154,Santa Marta,3,2,24257,16520,24257,0,0,0,0,0,16520,0,0,0
2020-08-30,port1154,Santa Marta,0,0,0,0,0,0,0,0,0,0,0,0,0,0
2020-08-31,port1154,Santa Marta,2,1,6899,0,0,745,0,6153,0,0,0,0,0,0
2020-09-01,port1154,Santa Marta,2,1,12773,3594,12773,0,0,0,0,0,3594,0,0,0
2020-09-02,port1154,Santa Marta,0,0,0,0,0,0,0,0,0,0,0,0,0,0
2020-09-03,port1154,Santa Marta,3,1,7079,0,6308,770,0,0,0,0,0,0,0,0
2020-09-04,port1154,Santa Marta,1,1,6511,0,0,6511,0,0,0,0,0,0,0,0
2020-09-05,port1154,Santa Marta,3,3,0,6885,0,0,0,0,0,0,6885,0,0,0
2020-09-06,port1154,Santa Marta,0,0,0,0,0,0,0,0,0,0,0,0,0,0
2020-09-07,port1154,Santa Marta,2,1,24118,0,23748,369,0,0,0,0,0,0,0,0
2020-09-08,port1154,Santa Marta,1,1,3352,0,0,3352,0,0,0,0,0,0,0,0
2020-09-09,port1154,Santa Marta,0,0,0,0,0,0,0,0,0,0,0,0,0,0
2020-09-10,port1154,Santa Marta,3,1,854,8975,0,854,0,0,0,0,2154,0,6820,0
2020-09-11,port1154,Santa Marta,4,2,8258,43903,0,8258,0,0,0,43876,27,0,0,0
2020-09-12,port1154,Santa Marta,4,3,0,22945,0,0,0,0,0,0,13673,0,9272,0
2020-09-13,port1154,Santa Marta,0,0,0,0,0,0,0,0,0,0,0,0,0,0
2020-09-14,port1154,Santa Marta,1,1,3416,0,0,3416,0,0,0,0,0,0,0,0
2020-09-15,port1154,Santa Marta,2,1,12757,2996,0,0,0,12757,0,0,2996,0,0,0
2020-09-16,port1154,Santa Marta,3,1,33386,274,33386,0,0,0,0,0,274,0,0,0
2020-09-17,port1154,Santa Marta,1,1,854,2154,0,854,0,0,0,0,2154,0,0,0
2020-09-18,port1154,Santa Marta,3,1,11588,0,4647,6941,0,0,0,0,0,0,0,0
2020-09-19,port1154,Santa Marta,2,2,0,7499,0,0,0,0,0,0,7499,0,0,0
2020-09-20,port1154,Santa Marta,1,1,0,13855,0,0,0,0,0,0,13855,0,0,0
2020-09-21,port1154,Santa Marta,1,1,0,738,0,0,0,0,0,0,738,0,0,0
2020-09-22,port1154,Santa Marta,3,1,9320,35748,9320,0,0,0,0,33061,2686,0,0,0
2020-09-23,port1154,Santa Marta,0,0,0,0,0,0,0,0,0,0,0,0,0,0
2020-09-24,port1154,Santa Marta,3,1,3541,36865,2687,854,0,0,0,0,2154,0,34710,0
2020-09-25,port1154,Santa Marta,2,1,8685,0,0,7379,0,0,1305,0,0,0,0,0
2020-09-26,port1154,Santa Marta,1,1,0,5908,0,0,0,0,0,0,5908,0,0,0
2020-09-27,port1154,Santa Marta,2,1,0,37564,0,0,0,0,0,25275,12289,0,0,0
2020-09-28,port1154,Santa Marta,1,1,0,372,0,0,0,0,0,0,372,0,0,0
2020-09-29,port1154,Santa Marta,1,1,597,0,0,597,0,0,0,0,0,0,0,0
2020-09-30,port1154,Santa Marta,2,1,3651,0,3377,274,0,0,0,0,0,0,0,0
2020-10-01,port1154,Santa Marta,1,1,0,385,0,0,0,0,0,0,385,0,0,0
2020-10-02,port1154,Santa Marta,3,1,64365,0,58291,6073,0,0,0,0,0,0,0,0
2020-10-03,port1154,Santa Marta,2,2,0,15576,0,0,0,0,0,0,15576,0,0,0
2020-10-04,port1154,Santa Marta,4,0,7944,0,6243,0,1701,0,0,0,0,0,0,0
2020-10-05,port1154,Santa Marta,1,1,368,0,0,368,0,0,0,0,0,0,0,0
2020-10-06,port1154,Santa Marta,2,1,2654,2989,0,0,2654,0,0,0,2989,0,0,0
2020-10-07,port1154,Santa Marta,1,0,16055,0,16055,0,0,0,0,0,0,0,0,0
2020-10-08,port1154,Santa Marta,1,1,768,0,0,768,0,0,0,0,0,0,0,0
2020-10-09,port1154,Santa Marta,3,2,7379,262,0,7379,0,0,0,0,262,0,0,0
2020-10-10,port1154,Santa Marta,3,2,12296,7047,0,854,11442,0,0,0,7047,0,0,0
2020-10-11,port1154,Santa Marta,1,1,0,15584,0,0,0,0,0,0,15584,0,0,0
2020-10-12,port1154,Santa Marta,1,1,854,2154,0,854,0,0,0,0,2154,0,0,0
2020-10-13,port1154,Santa Marta,3,1,854,2154,0,854,0,0,0,0,2154,0,0,0
2020-10-14,port1154,Santa Marta,1,1,271,0,0,271,0,0,0,0,0,0,0,0
2020-10-15,port1154,Santa Marta,3,1,102,770,0,0,0,0,102,0,770,0,0,0
2020-10-16,port1154,Santa Marta,1,1,7379,0,0,7379,0,0,0,0,0,0,0,0
2020-10-17,port1154,Santa Marta,3,2,56361,7820,56361,0,0,0,0,0,7820,0,0,0
2020-10-18,port1154,Santa Marta,2,1,0,13632,0,0,0,0,0,0,11928,0,1703,0
2020-10-19,port1154,Santa Marta,4,1,4993,13901,0,0,0,4993,0,0,1111,12790,0,0
2020-10-20,port1154,Santa Marta,0,0,0,0,0,0,0,0,0,0,0,0,0,0
2020-10-21,port1154,Santa Marta,1,1,0,1346,0,0,0,0,0,0,1346,0,0,0
2020-10-22,port1154,Santa Marta,3,1,1709,47067,0,0,0,1709,0,46680,387,0,0,0
2020-10-23,port1154,Santa Marta,2,1,7829,45186,0,7829,0,0,0,45186,0,0,0,0
2020-10-24,port1154,Santa Marta,2,2,0,6417,0,0,0,0,0,0,6417,0,0,0
2020-10-25,port1154,Santa Marta,2,1,20991,15037,20991,0,0,0,0,0,15037,0,0,0
2020-10-26,port1154,Santa Marta,2,1,8084,0,6612,1471,0,0,0,0,0,0,0,0
2020-10-27,port1154,Santa Marta,2,1,36140,1811,36140,0,0,0,0,0,1811,0,0,0
2020-10-28,port1154,Santa Marta,0,0,0,0,0,0,0,0,0,0,0,0,0,0
2020-10-29,port1154,Santa Marta,2,1,14565,1155,14565,0,0,0,0,0,1155,0,0,0
2020-10-30,port1154,Santa Marta,3,2,6502,1444,0,6502,0,0,0,0,1087,357,0,0
2020-10-31,port1154,Santa Marta,5,1,55837,9626,55837,0,0,0,0,0,7320,0,2306,0
2020-11-01,port1154,Santa Marta,1,1,0,5547,0,0,0,0,0,0,5547,0,0,0
2020-11-02,port1154,Santa Marta,2,1,2673,3263,0,2673,0,0,0,0,0,3263,0,0
2020-11-03,port1154,Santa Marta,3,2,854,40414,0,854,0,0,0,37287,3127,0,0,0
2020-11-04,port1154,Santa Marta,1,0,0,2727,0,0,0,0,0,0,0,0,2727,0
2020-11-05,port1154,Santa Marta,1,1,854,2154,0,854,0,0,0,0,2154,0,0,0
2020-11-06,port1154,Santa Marta,1,1,4755,0,0,4755,0,0,0,0,0,0,0,0
2020-11-07,port1154,Santa Marta,3,2,0,3551,0,0,0,0,0,0,3551,0,0,0
2020-11-08,port1154,Santa Marta,4,1,5452,24236,4993,0,0,0,458,16381,7855,0,0,0
2020-11-09,port1154,Santa Marta,1,1,0,2217,0,0,0,0,0,0,2217,0,0,0
2020-11-10,port1154,Santa Marta,1,1,0,2396,0,0,0,0,0,0,2396,0,0,0
2020-11-11,port1154,Santa Marta,1,1,270,0,0,270,0,0,0,0,0,0,0,0
2020-11-12,port1154,Santa Marta,1,1,0,387,0,0,0,0,0,0,387,0,0,0
2020-11-13,port1154,Santa Marta,3,1,23210,0,19324,3885,0,0,0,0,0,0,0,0
2020-11-14,port1154,Santa Marta,5,3,6058,37259,0,854,5204,0,0,0,27879,0,9380,0
2020-11-15,port1154,Santa Marta,0,0,0,0,0,0,0,0,0,0,0,0,0,0
2020-11-16,port1154,Santa Marta,2,1,16183,6465,15814,368,0,0,0,6465,0,0,0,0
2020-11-17,port1154,Santa Marta,2,1,0,22576,0,0,0,0,0,21381,1195,0,0,0
2020-11-18,port1154,Santa Marta,0,0,0,0,0,0,0,0,0,0,0,0,0,0
2020-11-19,port1154,Santa Marta,3,2,20978,0,18623,2354,0,0,0,0,0,0,0,0
2020-11-20,port1154,Santa Marta,2,1,3902,2042,0,3902,0,0,0,0,0,2042,0,0
2020-11-21,port1154,Santa Marta,3,2,854,2154,0,854,0,0,0,0,2154,0,0,0
2020-11-22,port1154,Santa Marta,3,1,37080,7854,37080,0,0,0,0,0,7298,0,0,556
2020-11-23,port1154,Santa Marta,1,1,854,2154,0,854,0,0,0,0,2154,0,0,0
2020-11-24,port1154,Santa Marta,3,1,36230,3598,36230,0,0,0,0,0,3598,0,0,0
2020-11-25,port1154,Santa Marta,2,1,30970,0,28391,2579,0,0,0,0,0,0,0,0
2020-11-26,port1154,Santa Marta,1,1,812,0,0,812,0,0,0,0,0,0,0,0
2020-11-27,port1154,Santa Marta,3,2,16101,0,10515,5585,0,0,0,0,0,0,0,0
2020-11-28,port1154,Santa Marta,3,3,479,18110,0,479,0,0,0,0,18110,0,0,0
2020-11-29,port1154,Santa Marta,1,0,0,48684,0,0,0,0,0,48684,0,0,0,0
2020-11-30,port1154,Santa Marta,1,1,372,0,0,372,0,0,0,0,0,0,0,0
2020-12-01,port1154,Santa Marta,1,1,0,10188,0,0,0,0,0,0,10188,0,0,0
2020-12-02,port1154,Santa Marta,2,1,1304,0,0,1304,0,0,0,0,0,0,0,0
2020-12-03,port1154,Santa Marta,1,1,854,2154,0,854,0,0,0,0,2154,0,0,0
2020-12-04,port1154,Santa Marta,5,1,8021,2853,0,3461,4560,0,0,0,0,2853,0,0
2020-12-05,port1154,Santa Marta,2,2,0,6865,0,0,0,0,0,0,6865,0,0,0
2020-12-06,port1154,Santa Marta,1,1,0,8967,0,0,0,0,0,0,8967,0,0,0
2020-12-07,port1154,Santa Marta,2,1,13650,0,10307,3342,0,0,0,0,0,0,0,0
2020-12-08,port1154,Santa Marta,1,1,854,2154,0,854,0,0,0,0,2154,0,0,0
2020-12-09,port1154,Santa Marta,2,1,16542,0,15727,814,0,0,0,0,0,0,0,0
2020-12-10,port1154,Santa Marta,3,1,2258,782,0,383,1875,0,0,0,0,782,0,0
2020-12-11,port1154,Santa Marta,3,1,33112,0,27009,5643,0,0,458,0,0,0,0,0
2020-12-12,port1154,Santa Marta,3,1,1991,0,1047,944,0,0,0,0,0,0,0,0
2020-12-13,port1154,Santa Marta,2,1,605,2925,0,0,0,0,605,0,2832,0,0,92
2020-12-14,port1154,Santa Marta,2,1,1449,2154,0,854,0,595,0,0,2154,0,0,0
2020-12-15,port1154,Santa Marta,2,1,0,2009,0,0,0,0,0,0,2009,0,0,0
2020-12-16,port1154,Santa Marta,2,1,605,1515,0,0,0,0,605,0,1423,0,0,92
2020-12-17,port1154,Santa Marta,4,1,549,58490,0,386,163,0,0,58490,0,0,0,0
2020-12-18,port1154,Santa Marta,1,1,4769,0,0,4769,0,0,0,0,0,0,0,0
2020-12-19,port1154,Santa Marta,2,2,0,6950,0,0,0,0,0,0,6950,0,0,0
2020-12-20,port1154,Santa Marta,0,0,0,0,0,0,0,0,0,0,0,0,0,0
2020-12-21,port1154,Santa Marta,2,1,0,7376,0,0,0,0,0,0,744,0,6631,0
2020-12-22,port1154,Santa Marta,1,0,33449,0,33449,0,0,0,0,0,0,0,0,0
2020-12-23,port1154,Santa Marta,0,0,0,0,0,0,0,0,0,0,0,0,0,0
2020-12-24,port1154,Santa Marta,1,1,854,2154,0,854,0,0,0,0,2154,0,0,0
2020-12-25,port1154,Santa Marta,2,2,5636,9483,0,5636,0,0,0,0,9483,0,0,0
2020-12-26,port1154,Santa Marta,3,3,854,3110,0,854,0,0,0,0,3110,0,0,0
2020-12-27,port1154,Santa Marta,1,1,0,8975,0,0,0,0,0,0,8975,0,0,0
2020-12-28,port1154,Santa Marta,3,2,1708,4308,0,1708,0,0,0,0,4308,0,0,0
2020-12-29,port1154,Santa Marta,1,1,0,598,0,0,0,0,0,0,598,0,0,0
2020-12-30,port1154,Santa Marta,1,1,1263,0,0,1263,0,0,0,0,0,0,0,0
2020-12-31,port1154,Santa Marta,0,0,0,0,0,0,0,0,0,0,0,0,0,0
2021-01-01,port1154,Santa Marta,4,2,55927,20863,50318,5609,0,0,0,20863,0,0,0,0
2021-01-02,port1154,Santa Marta,1,1,8214,0,0,8214,0,0,0,0,0,0,0,0
2021-01-03,port1154,Santa Marta,4,1,17402,5622,8569,0,8833,0,0,0,5622,0,0,0
2021-01-04,port1154,Santa Marta,1,1,854,2154,0,854,0,0,0,0,2154,0,0,0
2021-01-05,port1154,Santa Marta,2,1,58146,2154,57292,854,0,0,0,0,2154,0,0,0
2021-01-06,port1154,Santa Marta,2,2,3244,0,0,3244,0,0,0,0,0,0,0,0
2021-01-07,port1154,Santa Marta,1,1,854,2154,0,854,0,0,0,0,2154,0,0,0
2021-01-08,port1154,Santa Marta,1,1,6529,0,0,6529,0,0,0,0,0,0,0,0
2021-01-09,port1154,Santa Marta,6,3,58739,13595,55405,854,1875,0,605,0,12721,782,0,92
2021-01-10,port1154,Santa Marta,0,0,0,0,0,0,0,0,0,0,0,0,0,0
2021-01-11,port1154,Santa Marta,3,1,9586,2154,8732,854,0,0,0,0,2154,0,0,0
2021-01-12,port1154,Santa Marta,3,1,37785,7816,37785,0,0,0,0,6465,1351,0,0,0
2021-01-13,port1154,Santa Marta,0,0,0,0,0,0,0,0,0,0,0,0,0,0
2021-01-14,port1154,Santa Marta,0,0,0,0,0,0,0,0,0,0,0,0,0,0
2021-01-15,port1154,Santa Marta,2,2,6082,1161,0,6082,0,0,0,0,1161,0,0,0
2021-01-16,port1154,Santa Marta,4,3,14698,10416,13844,854,0,0,0,0,10416,0,0,0
2021-01-17,port1154,Santa Marta,1,0,53237,0,53237,0,0,0,0,0,0,0,0,0
2021-01-18,port1154,Santa Marta,3,1,22450,1524,20574,0,1875,0,0,0,742,782,0,0
2021-01-19,port1154,Santa Marta,1,1,0,1205,0,0,0,0,0,0,1205,0,0,0
2021-01-20,port1154,Santa Marta,1,0,1875,782,0,0,1875,0,0,0,0,782,0,0
2021-01-21,port1154,Santa Marta,3,1,15197,270,0,0,0,14600,597,0,270,0,0,0
2021-01-22,port1154,Santa Marta,2,2,5213,385,0,5213,0,0,0,0,385,0,0,0
2021-01-23,port1154,Santa Marta,2,2,1447,2537,0,1447,0,0,0,0,2537,0,0,0
2021-01-24,port1154,Santa Marta,1,1,0,11151,0,0,0,0,0,0,11151,0,0,0
2021-01-25,port1154,Santa Marta,1,0,0,47432,0,0,0,0,0,47432,0,0,0,0
2021-01-26,port1154,Santa Marta,2,2,1708,4308,0,1708,0,0,0,0,4308,0,0,0
2021-01-27,port1154,Santa Marta,0,0,0,0,0,0,0,0,0,0,0,0,0,0
2021-01-28,port1154,Santa Marta,2,1,2332,6321,0,0,0,2332,0,0,1537,0,4783,0
2021-01-29,port1154,Santa Marta,2,1,4782,0,0,4782,0,0,0,0,0,0,0,0
2021-01-30,port1154,Santa Marta,1,1,0,3556,0,0,0,0,0,0,3556,0,0,0
2021-01-31,port1154,Santa Marta,1,1,0,8411,0,0,0,0,0,0,8411,0,0,0
2021-02-01,port1154,Santa Marta,1,1,0,3318,0,0,0,0,0,0,3318,0,0,0
2021-02-02,port1154,Santa Marta,2,1,56398,2154,55544,854,0,0,0,0,2154,0,0,0
2021-02-03,port1154,Santa Marta,3,1,1875,1329,0,0,1875,0,0,0,547,782,0,0
2021-02-04,port1154,Santa Marta,2,0,73801,0,73801,0,0,0,0,0,0,0,0,0
2021-02-05,port1154,Santa Marta,2,1,4775,0,0,4775,0,0,0,0,0,0,0,0
2021-02-06,port1154,Santa Marta,3,2,854,2154,0,854,0,0,0,0,2154,0,0,0
2021-02-07,port1154,Santa Marta,2,1,0,14609,0,0,0,0,0,0,14609,0,0,0
2021-02-08,port1154,Santa Marta,4,1,69468,9182,57586,738,11144,0,0,0,0,9182,0,0
2021-02-09,port1154,Santa Marta,1,1,0,600,0,0,0,0,0,0,600,0,0,0
2021-02-10,port1154,Santa Marta,4,1,1459,15223,0,854,0,0,605,0,2154,0,12976,92
2021-02-11,port1154,Santa Marta,1,0,26853,0,26853,0,0,0,0,0,0,0,0,0
2021-02-12,port1154,Santa Marta,2,1,11187,0,0,4356,6831,0,0,0,0,0,0,0
2021-02-13,port1154,Santa Marta,4,3,0,6007,0,0,0,0,0,0,5497,0,0,510
2021-02-14,port1154,Santa Marta,1,1,0,9522,0,0,0,0,0,0,9522,0,0,0
2021-02-15,port1154,Santa Marta,1,1,854,2154,0,854,0,0,0,0,2154,0,0,0
2021-02-16,port1154,Santa Marta,1,1,602,0,0,602,0,0,0,0,0,0,0,0
2021-02-17,port1154,Santa Marta,3,1,0,42823,0,0,0,0,0,29677,2713,0,10431,0
2021-02-18,port1154,Santa Marta,3,1,57632,770,57632,0,0,0,0,0,770,0,0,0
2021-02-19,port1154,Santa Marta,2,1,6978,0,0,6978,0,0,0,0,0,0,0,0
2021-02-20,port1154,Santa Marta,3,2,11087,9872,11087,0,0,0,0,0,9872,0,0,0
2021-02-21,port1154,Santa Marta,1,1,0,8975,0,0,0,0,0,0,8975,0,0,0
2021-02-22,port1154,Santa Marta,2,1,0,1262,0,0,0,0,0,0,371,890,0,0
2021-02-23,port1154,Santa Marta,1,1,0,3389,0,0,0,0,0,0,3389,0,0,0
2021-02-24,port1154,Santa Marta,0,0,0,0,0,0,0,0,0,0,0,0,0,0
2021-02-25,port1154,Santa Marta,3,1,16535,2154,13544,854,0,2136,0,0,2154,0,0,0
2021-02-26,port1154,Santa Marta,0,0,0,0,0,0,0,0,0,0,0,0,0,0
2021-02-27,port1154,Santa Marta,3,2,6106,3046,0,6106,0,0,0,0,3046,0,0,0
2021-02-28,port1154,Santa Marta,1,1,0,13390,0,0,0,0,0,0,13390,0,0,0
2021-03-01,port1154,Santa Marta,2,1,854,2154,0,854,0,0,0,0,2154,0,0,0
2021-03-02,port1154,Santa Marta,1,1,854,2154,0,854,0,0,0,0,2154,0,0,0
2021-03-03,port1154,Santa Marta,1,1,0,1918,0,0,0,0,0,0,1918,0,0,0
2021-03-04,port1154,Santa Marta,2,1,854,20996,0,854,0,0,0,0,2154,0,18841,0
2021-03-05,port1154,Santa Marta,3,1,6777,0,0,5247,0,0,1529,0,0,0,0,0
2021-03-06,port1154,Santa Marta,1,1,0,9983,0,0,0,0,0,0,9983,0,0,0
2021-03-07,port1154,Santa Marta,2,0,23873,92,23268,0,0,0,605,0,0,0,0,92
2021-03-08,port1154,Santa Marta,2,1,0,14318,0,0,0,0,0,11349,2969,0,0,0
2021-03-09,port1154,Santa Marta,1,1,0,1346,0,0,0,0,0,0,1346,0,0,0
2021-03-10,port1154,Santa Marta,1,0,0,0,0,0,0,0,0,0,0,0,0,0
2021-03-11,port1154,Santa Marta,0,0,0,0,0,0,0,0,0,0,0,0,0,0
2021-03-12,port1154,Santa Marta,2,1,6302,0,0,5681,0,621,0,0,0,0,0,0
2021-03-13,port1154,Santa Marta,4,2,23159,3565,22093,0,1065,0,0,0,3565,0,0,0
2021-03-14,port1154,Santa Marta,3,1,605,11277,0,0,0,0,605,0,11184,0,0,92
2021-03-15,port1154,Santa Marta,1,1,0,1492,0,0,0,0,0,0,1492,0,0,0
2021-03-16,port1154,Santa Marta,1,0,1924,0,0,0,0,0,1924,0,0,0,0,0
2021-03-17,port1154,Santa Marta,3,1,39010,1804,39010,0,0,0,0,0,1804,0,0,0
2021-03-18,port1154,Santa Marta,0,0,0,0,0,0,0,0,0,0,0,0,0,0
2021-03-19,port1154,Santa Marta,3,2,17078,0,9334,7743,0,0,0,0,0,0,0,0
2021-03-20,port1154,Santa Marta,4,2,57641,6444,56787,854,0,0,0,0,2154,0,4289,0
2021-03-21,port1154,Santa Marta,3,1,53181,13366,53016,0,164,0,0,0,13366,0,0,0
2021-03-22,port1154,Santa Marta,1,1,854,2154,0,854,0,0,0,0,2154,0,0,0
2021-03-23,port1154,Santa Marta,1,0,53843,0,53843,0,0,0,0,0,0,0,0,0
2021-03-24,port1154,Santa Marta,3,1,7066,92,5256,1205,0,0,605,0,0,0,0,92
2021-03-25,port1154,Santa Marta,2,1,854,2154,0,854,0,0,0,0,2154,0,0,0
2021-03-26,port1154,Santa Marta,2,2,8273,2154,0,8273,0,0,0,0,2154,0,0,0
2021-03-27,port1154,Santa Marta,2,1,854,2154,0,854,0,0,0,0,2154,0,0,0
2021-03-28,port1154,Santa Marta,4,2,16928,10555,16928,0,0,0,0,0,10555,0,0,0
2021-03-29,port1154,Santa Marta,1,1,854,2154,0,854,0,0,0,0,2154,0,0,0
2021-03-30,port1154,Santa Marta,2,1,20791,0,19585,1205,0,0,0,0,0,0,0,0
2021-03-31,port1154,Santa Marta,1,0,14935,0,14935,0,0,0,0,0,0,0,0,0
2021-04-01,port1154,Santa Marta,2,1,1189,2154,0,854,335,0,0,0,2154,0,0,0
2021-04-02,port1154,Santa Marta,2,1,8269,4476,0,8269,0,0,0,0,0,0,4476,0
2021-04-03,port1154,Santa Marta,4,2,1526,972,0,1526,0,0,0,0,972,0,0,0
2021-04-04,port1154,Santa Marta,4,2,5654,13612,1114,961,0,3577,0,0,13612,0,0,0
2021-04-05,port1154,Santa Marta,1,1,371,0,0,371,0,0,0,0,0,0,0,0
2021-04-06,port1154,Santa Marta,0,0,0,0,0,0,0,0,0,0,0,0,0,0
2021-04-07,port1154,Santa Marta,0,0,0,0,0,0,0,0,0,0,0,0,0,0
2021-04-08,port1154,Santa Marta,2,1,0,387,0,0,0,0,0,0,387,0,0,0
2021-04-09,port1154,Santa Marta,1,1,4566,0,0,4566,0,0,0,0,0,0,0,0
2021-04-10,port1154,Santa Marta,5,2,605,2633,0,0,0,0,605,0,2540,0,0,92
2021-04-11,port1154,Santa Marta,2,1,29281,10077,29281,0,0,0,0,0,10077,0,0,0
2021-04-12,port1154,Santa Marta,1,1,735,0,0,735,0,0,0,0,0,0,0,0
2021-04-13,port1154,Santa Marta,1,1,0,1202,0,0,0,0,0,0,1202,0,0,0
2021-04-14,port1154,Santa Marta,2,1,1417,1670,0,0,1417,0,0,0,1670,0,0,0
2021-04-15,port1154,Santa Marta,3,0,3141,7696,3141,0,0,0,0,0,0,0,7696,0
2021-04-16,port1154,Santa Marta,4,2,0,1717,0,0,0,0,0,0,1553,164,0,0
2021-04-17,port1154,Santa Marta,2,2,5122,1901,0,5122,0,0,0,0,1901,0,0,0
2021-04-18,port1154,Santa Marta,1,1,0,12837,0,0,0,0,0,0,12837,0,0,0
2021-04-19,port1154,Santa Marta,3,1,1622,2246,0,854,163,0,605,0,2154,0,0,92
2021-04-20,port1154,Santa Marta,1,1,0,2025,0,0,0,0,0,0,2025,0,0,0
2021-04-21,port1154,Santa Marta,1,1,0,13062,0,0,0,0,0,0,13062,0,0,0
2021-04-22,port1154,Santa Marta,3,0,1229,7721,0,0,0,0,1229,0,0,0,7721,0
2021-04-23,port1154,Santa Marta,4,2,10316,7210,0,8440,1875,0,0,0,1162,782,5265,0
2021-04-24,port1154,Santa Marta,2,1,26383,0,23799,2583,0,0,0,0,0,0,0,0
2021-04-25,port1154,Santa Marta,1,1,0,9522,0,0,0,0,0,0,9522,0,0,0
2021-04-26,port1154,Santa Marta,3,1,854,60050,0,854,0,0,0,57896,2154,0,0,0
2021-04-27,port1154,Santa Marta,2,1,60507,1804,60507,0,0,0,0,0,1804,0,0,0
2021-04-28,port1154,Santa Marta,2,0,15814,8161,15814,0,0,0,0,6465,0,0,1695,0
2021-04-29,port1154,Santa Marta,2,2,0,955,0,0,0,0,0,0,955,0,0,0
2021-04-30,port1154,Santa Marta,4,2,32905,8620,15814,7668,0,9422,0,6465,2154,0,0,0
2021-05-01,port1154,Santa Marta,3,2,8027,0,0,8027,0,0,0,0,0,0,0,0
2021-05-02,port1154,Santa Marta,2,1,19547,2154,18693,854,0,0,0,0,2154,0,0,0
2021-05-03,port1154,Santa Marta,2,1,372,30178,0,372,0,0,0,30178,0,0,0,0
2021-05-04,port1154,Santa Marta,1,0,6983,0,6983,0,0,0,0,0,0,0,0,0
2021-05-05,port1154,Santa Marta,4,2,14877,3025,5829,262,8785,0,0,0,3025,0,0,0
2021-05-06,port1154,Santa Marta,0,0,0,0,0,0,0,0,0,0,0,0,0,0
2021-05-07,port1154,Santa Marta,2,2,8259,389,0,8259,0,0,0,0,389,0,0,0
2021-05-08,port1154,Santa Marta,5,2,14247,2283,12371,0,1875,0,0,0,1501,782,0,0
2021-05-09,port1154,Santa Marta,3,1,6633,5622,5355,0,1278,0,0,0,5622,0,0,0
2021-05-10,port1154,Santa Marta,3,1,0,371,0,0,0,0,0,0,371,0,0,0
2021-05-11,port1154,Santa Marta,3,1,52155,2154,51301,854,0,0,0,0,2154,0,0,0
2021-05-12,port1154,Santa Marta,0,0,0,0,0,0,0,0,0,0,0,0,0,0
2021-05-13,port1154,Santa Marta,1,1,0,815,0,0,0,0,0,0,815,0,0,0
2021-05-14,port1154,Santa Marta,4,1,38312,782,31575,3940,1875,0,921,0,0,782,0,0
2021-05-15,port1154,Santa Marta,4,2,3278,4308,0,1708,325,1243,0,0,4308,0,0,0
2021-05-16,port1154,Santa Marta,3,1,17158,12816,17158,0,0,0,0,0,12816,0,0,0
2021-05-17,port1154,Santa Marta,1,1,738,0,0,738,0,0,0,0,0,0,0,0
2021-05-18,port1154,Santa Marta,3,1,15143,24771,15143,0,0,0,0,0,8171,0,16600,0
2021-05-19,port1154,Santa Marta,1,0,23295,0,23295,0,0,0,0,0,0,0,0,0
2021-05-20,port1154,Santa Marta,1,0,453,0,0,0,453,0,0,0,0,0,0,0
2021-05-21,port1154,Santa Marta,2,1,19443,0,11666,7777,0,0,0,0,0,0,0,0
2021-05-22,port1154,Santa Marta,2,2,8583,511,0,8583,0,0,0,0,511,0,0,0
2021-05-23,port1154,Santa Marta,1,1,0,8411,0,0,0,0,0,0,8411,0,0,0
2021-05-24,port1154,Santa Marta,2,1,511,0,0,0,0,0,511,0,0,0,0,0
2021-05-25,port1154,Santa Marta,1,1,1199,0,0,1199,0,0,0,0,0,0,0,0
2021-05-26,port1154,Santa Marta,4,2,1434,3333,0,1434,0,0,0,0,1671,0,1661,0
2021-05-27,port1154,Santa Marta,2,1,13733,387,0,0,0,13733,0,0,387,0,0,0
2021-05-28,port1154,Santa Marta,2,1,38171,0,30876,7295,0,0,0,0,0,0,0,0
2021-05-29,port1154,Santa Marta,6,2,4784,18456,0,0,4325,0,458,0,2514,0,15942,0
2021-05-30,port1154,Santa Marta,1,1,0,14702,0,0,0,0,0,0,14702,0,0,0
2021-05-31,port1154,Santa Marta,2,1,3827,0,3086,741,0,0,0,0,0,0,0,0
2021-06-01,port1154,Santa Marta,1,0,0,0,0,0,0,0,0,0,0,0,0,0
2021-06-02,port1154,Santa Marta,3,1,15814,42014,15814,0,0,0,0,39327,2686,0,0,0
2021-06-03,port1154,Santa Marta,1,1,0,1871,0,0,0,0,0,0,1871,0,0,0
2021-06-04,port1154,Santa Marta,3,1,31367,0,24071,7295,0,0,0,0,0,0,0,0
2021-06-05,port1154,Santa Marta,3,2,44535,13178,44535,0,0,0,0,0,13178,0,0,0
2021-06-06,port1154,Santa Marta,1,0,11064,0,11064,0,0,0,0,0,0,0,0,0
2021-06-07,port1154,Santa Marta,1,1,0,374,0,0,0,0,0,0,374,0,0,0
2021-06-08,port1154,Santa Marta,2,1,18732,602,18732,0,0,0,0,0,602,0,0,0
2021-06-09,port1154,Santa Marta,2,1,9583,2154,8729,854,0,0,0,0,2154,0,0,0
2021-06-10,port1154,Santa Marta,3,2,2484,2154,0,2484,0,0,0,0,2154,0,0,0
2021-06-11,port1154,Santa Marta,2,1,29196,0,23663,5533,0,0,0,0,0,0,0,0
2021-06-12,port1154,Santa Marta,2,2,854,2631,0,854,0,0,0,0,2631,0,0,0
2021-06-13,port1154,Santa Marta,4,2,8046,12851,7657,389,0,0,0,0,12851,0,0,0
2021-06-14,port1154,Santa Marta,2,1,890,373,0,0,890,0,0,0,373,0,0,0
2021-06-15,port1154,Santa Marta,1,0,0,47140,0,0,0,0,0,47140,0,0,0,0
2021-06-16,port1154,Santa Marta,2,2,1708,4308,0,1708,0,0,0,0,4308,0,0,0
2021-06-17,port1154,Santa Marta,1,1,4598,0,0,4598,0,0,0,0,0,0,0,0
2021-06-18,port1154,Santa Marta,4,2,9572,2154,0,7353,0,0,2219,0,2154,0,0,0
2021-06-19,port1154,Santa Marta,2,2,854,14994,0,854,0,0,0,0,14994,0,0,0
2021-06-20,port1154,Santa Marta,2,0,11343,92,10737,0,0,0,605,0,0,0,0,92
2021-06-21,port1154,Santa Marta,1,1,0,750,0,0,0,0,0,0,750,0,0,0
2021-06-22,port1154,Santa Marta,1,1,0,600,0,0,0,0,0,0,600,0,0,0
2021-06-23,port1154,Santa Marta,1,0,0,7068,0,0,0,0,0,7068,0,0,0,0
2021-06-24,port1154,Santa Marta,4,1,8003,0,0,449,7554,0,0,0,0,0,0,0
2021-06-25,port1154,Santa Marta,3,2,11027,92,0,10422,0,0,605,0,0,0,0,92
2021-06-26,port1154,Santa Marta,1,1,0,1019,0,0,0,0,0,0,1019,0,0,0
2021-06-27,port1154,Santa Marta,3,2,6300,15598,0,0,0,6300,0,0,15598,0,0,0
2021-06-28,port1154,Santa Marta,0,0,0,0,0,0,0,0,0,0,0,0,0,0
2021-06-29,port1154,Santa Marta,1,0,512,0,0,0,0,0,512,0,0,0,0,0
2021-06-30,port1154,Santa Marta,4,2,10150,1761,9603,547,0,0,0,0,520,0,1241,0
2021-07-01,port1154,Santa Marta,2,2,387,482,0,387,0,0,0,0,482,0,0,0
2021-07-02,port1154,Santa Marta,4,1,62869,0,56099,6769,0,0,0,0,0,0,0,0
2021-07-03,port1154,Santa Marta,1,1,0,0,0,0,0,0,0,0,0,0,0,0
2021-07-04,port1154,Santa Marta,1,1,0,10077,0,0,0,0,0,0,10077,0,0,0
2021-07-05,port1154,Santa Marta,1,1,0,1112,0,0,0,0,0,0,1112,0,0,0
2021-07-06,port1154,Santa Marta,2,1,8368,0,2420,5947,0,0,0,0,0,0,0,0
2021-07-07,port1154,Santa Marta,2,2,1445,235,0,1445,0,0,0,0,235,0,0,0
2021-07-08,port1154,Santa Marta,2,1,0,0,0,0,0,0,0,0,0,0,0,0
2021-07-09,port1154,Santa Marta,2,1,8725,0,0,8725,0,0,0,0,0,0,0,0
2021-07-10,port1154,Santa Marta,4,2,3274,7436,0,854,0,0,2420,0,2629,0,4807,0
2021-07-11,port1154,Santa Marta,1,1,0,14417,0,0,0,0,0,0,14417,0,0,0
2021-07-12,port1154,Santa Marta,3,1,16357,2353,16357,0,0,0,0,0,2353,0,0,0
2021-07-13,port1154,Santa Marta,2,1,20652,0,18638,2014,0,0,0,0,0,0,0,0
2021-07-14,port1154,Santa Marta,2,1,28856,0,28362,493,0,0,0,0,0,0,0,0
2021-07-15,port1154,Santa Marta,2,2,15231,2308,0,15231,0,0,0,0,2308,0,0,0
2021-07-16,port1154,Santa Marta,2,1,39324,0,34495,4829,0,0,0,0,0,0,0,0
2021-07-17,port1154,Santa Marta,4,2,14980,10586,14466,0,0,0,514,0,10586,0,0,0
2021-07-18,port1154,Santa Marta,0,0,0,0,0,0,0,0,0,0,0,0,0,0
2021-07-19,port1154,Santa Marta,3,1,40776,2154,39921,854,0,0,0,0,2154,0,0,0
2021-07-20,port1154,Santa Marta,2,1,0,604,0,0,0,0,0,0,604,0,0,0
2021-07-21,port1154,Santa Marta,2,1,854,2154,0,854,0,0,0,0,2154,0,0,0
2021-07-22,port1154,Santa Marta,2,1,0,21608,0,0,0,0,0,21162,445,0,0,0
2021-07-23,port1154,Santa Marta,2,1,7645,596,0,7645,0,0,0,0,0,0,596,0
2021-07-24,port1154,Santa Marta,3,2,4181,18474,3327,854,0,0,0,0,18474,0,0,0
2021-07-25,port1154,Santa Marta,1,0,11371,0,11371,0,0,0,0,0,0,0,0,0
2021-07-26,port1154,Santa Marta,4,2,984,32596,0,984,0,0,0,31129,1467,0,0,0
2021-07-27,port1154,Santa Marta,2,1,3186,6938,0,854,0,2332,0,0,2154,0,4783,0
2021-07-28,port1154,Santa Marta,3,1,62617,2154,61763,854,0,0,0,0,2154,0,0,0
2021-07-29,port1154,Santa Marta,2,0,15274,782,13399,0,1875,0,0,0,0,782,0,0
2021-07-30,port1154,Santa Marta,3,2,9587,1919,0,9587,0,0,0,0,1919,0,0,0
2021-07-31,port1154,Santa Marta,4,3,2623,13831,0,1708,0,0,914,0,13831,0,0,0
2021-08-01,port1154,Santa Marta,4,1,22161,1169,19655,0,2506,0,0,0,1169,0,0,0
2021-08-02,port1154,Santa Marta,1,1,0,367,0,0,0,0,0,0,367,0,0,0
2021-08-03,port1154,Santa Marta,1,1,2416,0,0,2416,0,0,0,0,0,0,0,0
2021-08-04,port1154,Santa Marta,3,2,476,2329,0,476,0,0,0,0,494,0,1835,0
2021-08-05,port1154,Santa Marta,3,2,1300,13379,0,1300,0,0,0,0,2154,0,11225,0
2021-08-06,port1154,Santa Marta,3,1,13056,0,8214,4842,0,0,0,0,0,0,0,0
2021-08-07,port1154,Santa Marta,3,2,5559,2154,0,5559,0,0,0,0,2154,0,0,0
2021-08-08,port1154,Santa Marta,3,1,12336,11296,0,0,12336,0,0,0,11194,101,0,0
2021-08-09,port1154,Santa Marta,1,1,854,2154,0,854,0,0,0,0,2154,0,0,0
2021-08-10,port1154,Santa Marta,3,1,1528,1355,0,0,0,0,1528,0,1355,0,0,0
2021-08-11,port1154,Santa Marta,2,1,547,11991,0,547,0,0,0,11991,0,0,0,0
2021-08-12,port1154,Santa Marta,2,2,0,2340,0,0,0,0,0,0,2340,0,0,0
2021-08-13,port1154,Santa Marta,1,1,2890,0,0,2890,0,0,0,0,0,0,0,0
2021-08-14,port1154,Santa Marta,3,2,854,16451,0,854,0,0,0,0,11677,0,4774,0
2021-08-15,port1154,Santa Marta,2,0,29450,0,29148,0,302,0,0,0,0,0,0,0
2021-08-16,port1154,Santa Marta,2,1,1111,57896,0,1111,0,0,0,57896,0,0,0,0
2021-08-17,port1154,Santa Marta,2,1,15019,600,0,0,15019,0,0,0,600,0,0,0
2021-08-18,port1154,Santa Marta,2,2,1922,1578,0,1922,0,0,0,0,1578,0,0,0
2021-08-19,port1154,Santa Marta,4,2,34119,0,32216,1902,0,0,0,0,0,0,0,0
2021-08-20,port1154,Santa Marta,1,1,6795,0,0,6795,0,0,0,0,0,0,0,0
2021-08-21,port1154,Santa Marta,4,3,33037,8322,31709,1327,0,0,0,0,8322,0,0,0
2021-08-22,port1154,Santa Marta,3,0,16444,4876,13506,0,0,2332,605,0,0,0,4783,92
2021-08-23,port1154,Santa Marta,1,1,0,3085,0,0,0,0,0,0,3085,0,0,0
2021-08-24,port1154,Santa Marta,1,1,1346,0,0,1346,0,0,0,0,0,0,0,0
2021-08-25,port1154,Santa Marta,4,2,11457,958,409,1474,9573,0,0,0,958,0,0,0
2021-08-26,port1154,Santa Marta,3,1,16420,7029,15814,0,0,0,605,6465,470,0,0,92
2021-08-27,port1154,Santa Marta,2,2,4842,770,0,4842,0,0,0,0,770,0,0,0
2021-08-28,port1154,Santa Marta,4,3,3180,18013,0,854,2326,0,0,0,18013,0,0,0
2021-08-29,port1154,Santa Marta,4,0,98466,0,98466,0,0,0,0,0,0,0,0,0
2021-08-30,port1154,Santa Marta,1,1,3078,0,0,3078,0,0,0,0,0,0,0,0
2021-08-31,port1154,Santa Marta,1,1,0,598,0,0,0,0,0,0,598,0,0,0
2021-09-01,port1154,Santa Marta,1,1,0,780,0,0,0,0,0,0,780,0,0,0
2021-09-02,port1154,Santa Marta,3,1,0,26438,0,0,0,0,0,24727,386,0,1324,0
2021-09-03,port1154,Santa Marta,3,1,35836,0,28484,5803,1548,0,0,0,0,0,0,0
2021-09-04,port1154,Santa Marta,4,2,15814,53759,15814,0,0,0,0,48200,5559,0,0,0
2021-09-05,port1154,Santa Marta,3,1,3827,12816,0,0,1183,2644,0,0,12816,0,0,0
2021-09-06,port1154,Santa Marta,4,1,30012,10633,29275,737,0,0,0,0,0,0,10633,0
2021-09-07,port1154,Santa Marta,1,1,854,2154,0,854,0,0,0,0,2154,0,0,0
2021-09-08,port1154,Santa Marta,3,1,1144,2154,0,854,289,0,0,0,2154,0,0,0
2021-09-09,port1154,Santa Marta,2,1,4023,0,0,1159,0,0,2863,0,0,0,0,0
2021-09-10,port1154,Santa Marta,2,1,28960,0,26058,2901,0,0,0,0,0,0,0,0
2021-09-11,port1154,Santa Marta,3,3,6175,11184,0,6175,0,0,0,0,11184,0,0,0
2021-09-12,port1154,Santa Marta,4,1,42101,0,40621,1480,0,0,0,0,0,0,0,0
2021-09-13,port1154,Santa Marta,2,0,458,0,0,0,0,0,458,0,0,0,0,0
2021-09-14,port1154,Santa Marta,1,0,794,0,0,0,794,0,0,0,0,0,0,0
2021-09-15,port1154,Santa Marta,3,2,1263,4215,0,1263,0,0,0,0,4215,0,0,0
2021-09-16,port1154,Santa Marta,1,1,382,0,0,382,0,0,0,0,0,0,0,0
2021-09-17,port1154,Santa Marta,2,1,12099,0,0,12099,0,0,0,0,0,0,0,0
2021-09-18,port1154,Santa Marta,3,2,854,6242,0,854,0,0,0,0,6242,0,0,0
2021-09-19,port1154,Santa Marta,3,2,0,29365,0,0,0,0,0,15034,14331,0,0,0
2021-09-20,port1154,Santa Marta,2,0,7421,0,7421,0,0,0,0,0,0,0,0,0
2021-09-21,port1154,Santa Marta,1,1,676,0,0,676,0,0,0,0,0,0,0,0
2021-09-22,port1154,Santa Marta,1,1,549,0,0,549,0,0,0,0,0,0,0,0
2021-09-23,port1154,Santa Marta,2,1,0,980,0,0,0,0,0,0,721,259,0,0
2021-09-24,port1154,Santa Marta,2,1,12099,983,0,12099,0,0,0,0,0,0,983,0
2021-09-25,port1154,Santa Marta,2,2,0,3197,0,0,0,0,0,0,3197,0,0,0
2021-09-26,port1154,Santa Marta,0,0,0,0,0,0,0,0,0,0,0,0,0,0
2021-09-27,port1154,Santa Marta,1,1,0,740,0,0,0,0,0,0,740,0,0,0
2021-09-28,port1154,Santa Marta,3,1,2041,1202,0,0,0,2041,0,0,1202,0,0,0
2021-09-29,port1154,Santa Marta,0,0,0,0,0,0,0,0,0,0,0,0,0,0
2021-09-30,port1154,Santa Marta,3,2,3259,2154,0,2801,0,0,457,0,2154,0,0,0
2021-10-01,port1154,Santa Marta,3,1,15371,5620,0,11611,1216,2543,0,0,0,0,5620,0
2021-10-02,port1154,Santa Marta,4,3,3858,8790,3379,478,0,0,0,0,8790,0,0,0
2021-10-03,port1154,Santa Marta,0,0,0,0,0,0,0,0,0,0,0,0,0,0
2021-10-04,port1154,Santa Marta,1,1,0,370,0,0,0,0,0,0,370,0,0,0
2021-10-05,port1154,Santa Marta,3,1,21781,54501,21109,672,0,0,0,54501,0,0,0,0
2021-10-06,port1154,Santa Marta,1,1,1481,0,0,1481,0,0,0,0,0,0,0,0
2021-10-07,port1154,Santa Marta,2,1,854,7699,0,854,0,0,0,0,2154,0,5545,0
2021-10-08,port1154,Santa Marta,4,1,49818,809,38207,11611,0,0,0,0,0,809,0,0
2021-10-09,port1154,Santa Marta,3,2,0,12673,0,0,0,0,0,0,12673,0,0,0
2021-10-10,port1154,Santa Marta,4,1,6571,0,3894,1549,0,0,1127,0,0,0,0,0
2021-10-11,port1154,Santa Marta,1,1,0,742,0,0,0,0,0,0,742,0,0,0
2021-10-12,port1154,Santa Marta,2,1,12938,2413,12938,0,0,0,0,0,2413,0,0,0
2021-10-13,port1154,Santa Marta,3,1,30415,0,29281,975,158,0,0,0,0,0,0,0
2021-10-14,port1154,Santa Marta,2,1,2717,4783,0,385,0,2332,0,0,0,0,4783,0
2021-10-15,port1154,Santa Marta,3,2,17144,0,0,11606,5537,0,0,0,0,0,0,0
2021-10-16,port1154,Santa Marta,3,2,9217,8250,9217,0,0,0,0,0,8250,0,0,0
2021-10-17,port1154,Santa Marta,0,0,0,0,0,0,0,0,0,0,0,0,0,0
2021-10-18,port1154,Santa Marta,2,1,12814,0,11710,1104,0,0,0,0,0,0,0,0
2021-10-19,port1154,Santa Marta,4,2,5273,9163,0,854,1875,2543,0,0,2760,782,5620,0
2021-10-20,port1154,Santa Marta,2,0,6125,5676,6125,0,0,0,0,0,0,0,5676,0
2021-10-21,port1154,Santa Marta,3,1,9853,0,9468,385,0,0,0,0,0,0,0,0
2021-10-22,port1154,Santa Marta,2,1,62783,0,54018,8764,0,0,0,0,0,0,0,0
2021-10-23,port1154,Santa Marta,4,2,61782,2408,58240,3084,0,0,457,0,2408,0,0,0
2021-10-24,port1154,Santa Marta,1,1,0,12289,0,0,0,0,0,0,12289,0,0,0
2021-10-25,port1154,Santa Marta,3,1,738,0,0,738,0,0,0,0,0,0,0,0
2021-10-26,port1154,Santa Marta,1,1,0,3000,0,0,0,0,0,0,3000,0,0,0
2021-10-27,port1154,Santa Marta,0,0,0,0,0,0,0,0,0,0,0,0,0,0
2021-10-28,port1154,Santa Marta,3,1,26433,3680,26433,0,0,0,0,0,0,3680,0,0
2021-10-29,port1154,Santa Marta,4,3,23609,7754,15814,7794,0,0,0,6465,1288,0,0,0
2021-10-30,port1154,Santa Marta,3,2,39220,3603,38366,854,0,0,0,0,3603,0,0,0
2021-10-31,port1154,Santa Marta,2,1,0,39566,0,0,0,0,0,26803,12762,0,0,0
2021-11-01,port1154,Santa Marta,1,0,0,491,0,0,0,0,0,0,0,491,0,0
2021-11-02,port1154,Santa Marta,1,1,0,6082,0,0,0,0,0,0,6082,0,0,0
2021-11-03,port1154,Santa Marta,2,1,854,51739,0,854,0,0,0,49585,2154,0,0,0
2021-11-04,port1154,Santa Marta,1,0,15814,6465,15814,0,0,0,0,6465,0,0,0,0
2021-11-05,port1154,Santa Marta,4,1,37240,1751,30707,5802,729,0,0,0,0,1751,0,0
2021-11-06,port1154,Santa Marta,3,2,486,3062,0,486,0,0,0,0,3062,0,0,0
2021-11-07,port1154,Santa Marta,1,1,0,13390,0,0,0,0,0,0,13390,0,0,0
2021-11-08,port1154,Santa Marta,1,1,0,2683,0,0,0,0,0,0,2683,0,0,0
2021-11-09,port1154,Santa Marta,3,1,6899,3014,6899,0,0,0,0,0,3014,0,0,0
2021-11-10,port1154,Santa Marta,1,1,0,2303,0,0,0,0,0,0,2303,0,0,0
2021-11-11,port1154,Santa Marta,0,0,0,0,0,0,0,0,0,0,0,0,0,0
2021-11-12,port1154,Santa Marta,2,1,11608,0,0,10224,0,0,1384,0,0,0,0,0
2021-11-13,port1154,Santa Marta,4,2,0,58463,0,0,0,0,0,56455,2007,0,0,0
2021-11-14,port1154,Santa Marta,3,1,52493,11426,51888,0,0,0,605,0,11333,0,0,92
2021-11-15,port1154,Santa Marta,1,1,738,0,0,738,0,0,0,0,0,0,0,0
2021-11-16,port1154,Santa Marta,3,1,34452,2671,34452,0,0,0,0,0,2671,0,0,0
2021-11-17,port1154,Santa Marta,3,1,0,25774,0,0,0,0,0,25279,495,0,0,0
2021-11-18,port1154,Santa Marta,1,1,854,2154,0,854,0,0,0,0,2154,0,0,0
2021-11-19,port1154,Santa Marta,2,1,8645,782,0,6769,1875,0,0,0,0,782,0,0
2021-11-20,port1154,Santa Marta,5,3,31862,21988,15814,0,0,16047,0,6465,15522,0,0,0
2021-11-21,port1154,Santa Marta,1,0,31585,0,31585,0,0,0,0,0,0,0,0,0
2021-11-22,port1154,Santa Marta,1,1,0,0,0,0,0,0,0,0,0,0,0,0
2021-11-23,port1154,Santa Marta,1,1,2416,0,0,2416,0,0,0,0,0,0,0,0
2021-11-24,port1154,Santa Marta,1,0,7763,0,0,0,7763,0,0,0,0,0,0,0
2021-11-25,port1154,Santa Marta,1,1,854,2154,0,854,0,0,0,0,2154,0,0,0
2021-11-26,port1154,Santa Marta,4,2,40725,1295,30501,10224,0,0,0,0,1162,132,0,0
2021-11-27,port1154,Santa Marta,2,2,0,5045,0,0,0,0,0,0,5045,0,0,0
2021-11-28,port1154,Santa Marta,3,1,0,55213,0,0,0,0,0,49585,5627,0,0,0
2021-11-29,port1154,Santa Marta,1,1,0,2683,0,0,0,0,0,0,2683,0,0,0
2021-11-30,port1154,Santa Marta,2,1,0,2410,0,0,0,0,0,0,2410,0,0,0
2021-12-01,port1154,Santa Marta,3,1,53399,8620,52545,854,0,0,0,6465,2154,0,0,0
2021-12-02,port1154,Santa Marta,2,1,8930,0,6763,2166,0,0,0,0,0,0,0,0
2021-12-03,port1154,Santa Marta,1,1,6273,0,0,6273,0,0,0,0,0,0,0,0
2021-12-04,port1154,Santa Marta,5,2,31909,48184,28979,2427,502,0,0,43571,4612,0,0,0
2021-12-05,port1154,Santa Marta,3,2,26098,15098,26098,0,0,0,0,0,15098,0,0,0
2021-12-06,port1154,Santa Marta,2,1,15340,0,0,3318,0,12021,0,0,0,0,0,0
2021-12-07,port1154,Santa Marta,1,1,0,1802,0,0,0,0,0,0,1802,0,0,0
2021-12-08,port1154,Santa Marta,2,0,0,0,0,0,0,0,0,0,0,0,0,0
2021-12-09,port1154,Santa Marta,2,1,5825,0,5374,450,0,0,0,0,0,0,0,0
2021-12-10,port1154,Santa Marta,2,1,854,3226,0,854,0,0,0,0,2154,1071,0,0
2021-12-11,port1154,Santa Marta,4,3,2787,2538,0,2787,0,0,0,0,2538,0,0,0
2021-12-12,port1154,Santa Marta,1,1,0,12762,0,0,0,0,0,0,12762,0,0,0
2021-12-13,port1154,Santa Marta,2,1,0,3313,0,0,0,0,0,0,3313,0,0,0
2021-12-14,port1154,Santa Marta,1,1,0,4052,0,0,0,0,0,0,4052,0,0,0
2021-12-15,port1154,Santa Marta,1,0,2232,0,0,0,0,0,2232,0,0,0,0,0
2021-12-16,port1154,Santa Marta,1,0,0,24559,0,0,0,0,0,0,0,0,24559,0
2021-12-17,port1154,Santa Marta,2,1,36585,0,32242,4343,0,0,0,0,0,0,0,0
2021-12-18,port1154,Santa Marta,3,3,854,15933,0,854,0,0,0,0,15933,0,0,0
2021-12-19,port1154,Santa Marta,1,0,0,48731,0,0,0,0,0,48731,0,0,0,0
2021-12-20,port1154,Santa Marta,0,0,0,0,0,0,0,0,0,0,0,0,0,0
2021-12-21,port1154,Santa Marta,3,1,1668,599,0,0,1668,0,0,0,599,0,0,0
2021-12-22,port1154,Santa Marta,0,0,0,0,0,0,0,0,0,0,0,0,0,0
2021-12-23,port1154,Santa Marta,2,2,2317,1165,0,2317,0,0,0,0,1165,0,0,0
2021-12-24,port1154,Santa Marta,1,1,6760,0,0,6760,0,0,0,0,0,0,0,0
2021-12-25,port1154,Santa Marta,3,2,7064,2550,0,7064,0,0,0,0,2550,0,0,0
2021-12-26,port1154,Santa Marta,1,1,0,12145,0,0,0,0,0,0,12145,0,0,0
2021-12-27,port1154,Santa Marta,3,1,58951,6465,57422,1529,0,0,0,6465,0,0,0,0
2021-12-28,port1154,Santa Marta,2,1,854,17006,0,854,0,0,0,0,2154,14852,0,0
2021-12-29,port1154,Santa Marta,4,1,15957,2154,15103,854,0,0,0,0,2154,0,0,0
2021-12-30,port1154,Santa Marta,2,0,12446,8821,12446,0,0,0,0,8821,0,0,0,0
2021-12-31,port1154,Santa Marta,1,0,1459,0,1459,0,0,0,0,0,0,0,0,0
2022-01-01,port1154,Santa Marta,2,2,854,5733,0,854,0,0,0,0,5733,0,0,0
2022-01-02,port1154,Santa Marta,4,2,1768,8958,0,388,0,0,1380,0,8958,0,0,0
2022-01-03,port1154,Santa Marta,2,1,25694,2346,25694,0,0,0,0,0,2346,0,0,0
2022-01-04,port1154,Santa Marta,4,0,50224,6465,46296,0,3928,0,0,6465,0,0,0,0
2022-01-05,port1154,Santa Marta,0,0,0,0,0,0,0,0,0,0,0,0,0,0
2022-01-06,port1154,Santa Marta,2,2,0,1632,0,0,0,0,0,0,1632,0,0,0
2022-01-07,port1154,Santa Marta,2,1,21601,6465,15814,5787,0,0,0,6465,0,0,0,0
2022-01-08,port1154,Santa Marta,2,1,3643,508,0,0,0,0,3643,0,508,0,0,0
2022-01-09,port1154,Santa Marta,3,1,15814,18882,15814,0,0,0,0,6465,12416,0,0,0
2022-01-10,port1154,Santa Marta,3,0,52559,355,52559,0,0,0,0,0,0,355,0,0
2022-01-11,port1154,Santa Marta,4,2,17621,6465,15814,1806,0,0,0,6465,0,0,0,0
2022-01-12,port1154,Santa Marta,4,2,11384,3939,8654,854,1875,0,0,0,3157,782,0,0
2022-01-13,port1154,Santa Marta,3,1,3750,3115,0,0,3750,0,0,0,1551,1564,0,0
2022-01-14,port1154,Santa Marta,2,1,7248,9096,0,7248,0,0,0,9096,0,0,0,0
2022-01-15,port1154,Santa Marta,4,1,40110,5079,40110,0,0,0,0,4058,1020,0,0,0
2022-01-16,port1154,Santa Marta,3,1,15814,15768,15814,0,0,0,0,6465,3317,0,5985,0
2022-01-17,port1154,Santa Marta,2,0,9143,0,7616,0,1526,0,0,0,0,0,0,0
2022-01-18,port1154,Santa Marta,1,1,1212,0,0,1212,0,0,0,0,0,0,0,0
2022-01-19,port1154,Santa Marta,3,1,35331,2312,35331,0,0,0,0,0,988,1324,0,0
2022-01-20,port1154,Santa Marta,2,1,53170,1345,53170,0,0,0,0,0,1345,0,0,0
2022-01-21,port1154,Santa Marta,3,1,9204,34141,0,9204,0,0,0,0,0,453,33687,0
2022-01-22,port1154,Santa Marta,2,2,962,2041,0,962,0,0,0,0,2041,0,0,0
2022-01-23,port1154,Santa Marta,5,2,13390,5820,8636,0,0,4753,0,0,5820,0,0,0
2022-01-24,port1154,Santa Marta,2,1,0,740,0,0,0,0,0,0,740,0,0,0
2022-01-25,port1154,Santa Marta,3,1,62716,0,59546,2713,0,0,456,0,0,0,0,0
2022-01-26,port1154,Santa Marta,0,0,0,0,0,0,0,0,0,0,0,0,0,0
2022-01-27,port1154,Santa Marta,2,1,854,15570,0,854,0,0,0,13415,2154,0,0,0
2022-01-28,port1154,Santa Marta,2,1,6808,18036,0,6808,0,0,0,18036,0,0,0,0
2022-01-29,port1154,Santa Marta,3,2,28702,4607,28220,482,0,0,0,0,4607,0,0,0
2022-01-30,port1154,Santa Marta,3,2,0,18626,0,0,0,0,0,0,14984,0,3642,0
2022-01-31,port1154,Santa Marta,1,1,0,0,0,0,0,0,0,0,0,0,0,0
2022-02-01,port1154,Santa Marta,2,1,32753,1213,32753,0,0,0,0,0,1213,0,0,0
2022-02-02,port1154,Santa Marta,1,0,15814,6465,15814,0,0,0,0,6465,0,0,0,0
2022-02-03,port1154,Santa Marta,2,0,11612,12246,0,0,0,11612,0,12246,0,0,0,0
2022-02-04,port1154,Santa Marta,2,1,11417,0,7575,3841,0,0,0,0,0,0,0,0
2022-02-05,port1154,Santa Marta,2,2,6804,11718,0,6804,0,0,0,0,11718,0,0,0
2022-02-06,port1154,Santa Marta,1,0,3366,0,0,0,3366,0,0,0,0,0,0,0
2022-02-07,port1154,Santa Marta,3,1,1875,1149,0,0,1875,0,0,0,367,782,0,0
2022-02-08,port1154,Santa Marta,1,0,19355,0,19355,0,0,0,0,0,0,0,0,0
2022-02-09,port1154,Santa Marta,2,2,2647,0,0,2647,0,0,0,0,0,0,0,0
2022-02-10,port1154,Santa Marta,4,1,61288,0,59357,387,1543,0,0,0,0,0,0,0
2022-02-11,port1154,Santa Marta,0,0,0,0,0,0,0,0,0,0,0,0,0,0
2022-02-12,port1154,Santa Marta,2,2,1978,0,0,1978,0,0,0,0,0,0,0,0
2022-02-13,port1154,Santa Marta,1,1,0,7346,0,0,0,0,0,0,7346,0,0,0
2022-02-14,port1154,Santa Marta,3,1,1089,33104,0,854,235,0,0,30949,2154,0,0,0
2022-02-15,port1154,Santa Marta,2,1,2050,1215,0,0,2050,0,0,0,1215,0,0,0
2022-02-16,port1154,Santa Marta,1,0,3175,0,3175,0,0,0,0,0,0,0,0,0
2022-02-17,port1154,Santa Marta,3,2,954,388,0,485,469,0,0,0,388,0,0,0
2022-02-18,port1154,Santa Marta,2,0,19025,92,18420,0,0,0,605,0,0,0,0,92
2022-02-19,port1154,Santa Marta,5,2,1989,12792,0,0,1989,0,0,0,8986,3806,0,0
2022-02-20,port1154,Santa Marta,2,1,1931,15196,0,1931,0,0,0,15196,0,0,0,0
2022-02-21,port1154,Santa Marta,1,1,0,734,0,0,0,0,0,0,734,0,0,0
2022-02-22,port1154,Santa Marta,1,1,0,2436,0,0,0,0,0,0,2436,0,0,0
2022-02-23,port1154,Santa Marta,1,0,0,0,0,0,0,0,0,0,0,0,0,0
2022-02-24,port1154,Santa Marta,1,0,1875,782,0,0,1875,0,0,0,0,782,0,0
2022-02-25,port1154,Santa Marta,0,0,0,0,0,0,0,0,0,0,0,0,0,0
2022-02-26,port1154,Santa Marta,4,2,28729,1532,28246,482,0,0,0,0,1532,0,0,0
2022-02-27,port1154,Santa Marta,2,1,29783,2154,28928,854,0,0,0,0,2154,0,0,0
2022-02-28,port1154,Santa Marta,1,1,1841,0,0,1841,0,0,0,0,0,0,0,0
2022-03-01,port1154,Santa Marta,2,1,30603,1813,0,0,0,30603,0,0,1813,0,0,0
2022-03-02,port1154,Santa Marta,0,0,0,0,0,0,0,0,0,0,0,0,0,0
2022-03-03,port1154,Santa Marta,1,0,51757,0,51757,0,0,0,0,0,0,0,0,0
2022-03-04,port1154,Santa Marta,1,0,1305,0,0,0,0,0,1305,0,0,0,0,0
2022-03-05,port1154,Santa Marta,4,2,18895,9641,18041,854,0,0,0,6465,3175,0,0,0
2022-03-06,port1154,Santa Marta,1,1,0,5846,0,0,0,0,0,0,5846,0,0,0
2022-03-07,port1154,Santa Marta,2,1,2332,5153,0,0,0,2332,0,0,369,0,4783,0
2022-03-08,port1154,Santa Marta,2,1,0,30404,0,0,0,0,0,28362,2041,0,0,0
2022-03-09,port1154,Santa Marta,2,1,3161,2467,0,0,3161,0,0,0,2467,0,0,0
2022-03-10,port1154,Santa Marta,2,1,2322,0,1933,389,0,0,0,0,0,0,0,0
2022-03-11,port1154,Santa Marta,3,0,18355,6465,15814,0,0,1155,1384,6465,0,0,0,0
2022-03-12,port1154,Santa Marta,2,2,509,2447,0,509,0,0,0,0,2447,0,0,0
2022-03-13,port1154,Santa Marta,1,0,7786,0,7786,0,0,0,0,0,0,0,0,0
2022-03-14,port1154,Santa Marta,2,1,25388,0,24280,1108,0,0,0,0,0,0,0,0
2022-03-15,port1154,Santa Marta,1,1,0,1214,0,0,0,0,0,0,1214,0,0,0
2022-03-16,port1154,Santa Marta,3,0,10510,34628,10510,0,0,0,0,0,0,0,34065,563
2022-03-17,port1154,Santa Marta,0,0,0,0,0,0,0,0,0,0,0,0,0,0
2022-03-18,port1154,Santa Marta,2,1,8172,0,8172,0,0,0,0,0,0,0,0,0
2022-03-19,port1154,Santa Marta,3,1,16669,15533,15814,854,0,0,0,6465,2154,6913,0,0
2022-03-20,port1154,Santa Marta,2,1,0,51221,0,0,0,0,0,35527,15694,0,0,0
2022-03-21,port1154,Santa Marta,3,2,2342,2154,0,2342,0,0,0,0,2154,0,0,0
2022-03-22,port1154,Santa Marta,4,2,6384,3785,6384,0,0,0,0,0,3785,0,0,0
2022-03-23,port1154,Santa Marta,3,0,19740,0,17978,0,0,0,1761,0,0,0,0,0
2022-03-24,port1154,Santa Marta,1,1,0,388,0,0,0,0,0,0,388,0,0,0
2022-03-25,port1154,Santa Marta,1,0,149,0,0,0,149,0,0,0,0,0,0,0
2022-03-26,port1154,Santa Marta,2,2,0,15818,0,0,0,0,0,0,15818,0,0,0
2022-03-27,port1154,Santa Marta,0,0,0,0,0,0,0,0,0,0,0,0,0,0
2022-03-28,port1154,Santa Marta,2,1,739,0,0,739,0,0,0,0,0,0,0,0
2022-03-29,port1154,Santa Marta,2,1,0,27452,0,0,0,0,0,0,1822,0,25629,0
2022-03-30,port1154,Santa Marta,0,0,0,0,0,0,0,0,0,0,0,0,0,0
2022-03-31,port1154,Santa Marta,3,2,0,5299,0,0,0,0,0,0,1645,0,3654,0
2022-04-01,port1154,Santa Marta,0,0,0,0,0,0,0,0,0,0,0,0,0,0
2022-04-02,port1154,Santa Marta,4,2,16998,12532,15814,854,329,0,0,6465,6066,0,0,0
2022-04-03,port1154,Santa Marta,1,0,16443,0,16443,0,0,0,0,0,0,0,0,0
2022-04-04,port1154,Santa Marta,1,1,370,0,0,370,0,0,0,0,0,0,0,0
2022-04-05,port1154,Santa Marta,3,2,3894,5762,3894,0,0,0,0,0,5762,0,0,0
2022-04-06,port1154,Santa Marta,0,0,0,0,0,0,0,0,0,0,0,0,0,0
2022-04-07,port1154,Santa Marta,2,1,0,32752,0,0,0,0,0,31972,780,0,0,0
2022-04-08,port1154,Santa Marta,0,0,0,0,0,0,0,0,0,0,0,0,0,0
2022-04-09,port1154,Santa Marta,3,2,20003,0,15587,4415,0,0,0,0,0,0,0,0
2022-04-10,port1154,Santa Marta,2,1,8376,0,6418,1958,0,0,0,0,0,0,0,0
2022-04-11,port1154,Santa Marta,1,1,745,0,0,745,0,0,0,0,0,0,0,0
2022-04-12,port1154,Santa Marta,2,1,10647,3623,10647,0,0,0,0,0,3623,0,0,0
2022-04-13,port1154,Santa Marta,1,0,32806,0,32806,0,0,0,0,0,0,0,0,0
2022-04-14,port1154,Santa Marta,1,0,1461,0,0,0,1461,0,0,0,0,0,0,0
2022-04-15,port1154,Santa Marta,1,0,3745,0,0,0,3745,0,0,0,0,0,0,0
2022-04-16,port1154,Santa Marta,3,3,2065,2914,0,2065,0,0,0,0,2914,0,0,0
2022-04-17,port1154,Santa Marta,1,1,0,6939,0,0,0,0,0,0,6939,0,0,0
2022-04-18,port1154,Santa Marta,1,1,2577,0,0,2577,0,0,0,0,0,0,0,0
2022-04-19,port1154,Santa Marta,4,0,58964,7550,57658,0,0,0,1305,6465,0,1084,0,0
2022-04-20,port1154,Santa Marta,2,0,555,45676,0,0,0,0,555,45676,0,0,0,0
2022-04-21,port1154,Santa Marta,3,1,5822,1357,0,0,4949,0,873,0,1357,0,0,0
2022-04-22,port1154,Santa Marta,2,1,178,389,0,0,178,0,0,0,389,0,0,0
2022-04-23,port1154,Santa Marta,4,1,66724,10040,33020,0,0,33704,0,6465,3574,0,0,0
2022-04-24,port1154,Santa Marta,3,1,17975,10377,15814,0,2160,0,0,6465,3911,0,0,0
2022-04-25,port1154,Santa Marta,2,1,17282,6465,15814,1467,0,0,0,6465,0,0,0,0
2022-04-26,port1154,Santa Marta,1,0,34707,0,34707,0,0,0,0,0,0,0,0,0
2022-04-27,port1154,Santa Marta,1,1,0,3047,0,0,0,0,0,0,3047,0,0,0
2022-04-28,port1154,Santa Marta,2,0,8576,0,0,0,3624,4951,0,0,0,0,0,0
2022-04-29,port1154,Santa Marta,2,1,58678,387,58678,0,0,0,0,0,387,0,0,0
2022-04-30,port1154,Santa Marta,2,2,9324,2154,0,9324,0,0,0,0,2154,0,0,0
2022-05-01,port1154,Santa Marta,3,1,68330,9297,68330,0,0,0,0,0,9297,0,0,0
2022-05-02,port1154,Santa Marta,1,1,854,2154,0,854,0,0,0,0,2154,0,0,0
2022-05-03,port1154,Santa Marta,1,1,0,2718,0,0,0,0,0,0,2718,0,0,0
2022-05-04,port1154,Santa Marta,2,1,5416,2154,4562,854,0,0,0,0,2154,0,0,0
2022-05-05,port1154,Santa Marta,1,0,15814,6465,15814,0,0,0,0,6465,0,0,0,0
2022-05-06,port1154,Santa Marta,1,1,0,390,0,0,0,0,0,0,390,0,0,0
2022-05-07,port1154,Santa Marta,2,1,8180,3066,8180,0,0,0,0,0,3066,0,0,0
2022-05-08,port1154,Santa Marta,1,1,0,0,0,0,0,0,0,0,0,0,0,0
2022-05-09,port1154,Santa Marta,2,1,3383,0,2283,1099,0,0,0,0,0,0,0,0
2022-05-10,port1154,Santa Marta,1,1,0,600,0,0,0,0,0,0,600,0,0,0
2022-05-11,port1154,Santa Marta,1,0,838,0,0,0,0,0,838,0,0,0,0,0
2022-05-12,port1154,Santa Marta,2,0,25768,0,22681,0,3086,0,0,0,0,0,0,0
2022-05-13,port1154,Santa Marta,4,2,924,2222,0,0,0,0,924,0,2222,0,0,0
2022-05-14,port1154,Santa Marta,2,2,1708,4308,0,1708,0,0,0,0,4308,0,0,0
2022-05-15,port1154,Santa Marta,1,1,0,7395,0,0,0,0,0,0,7395,0,0,0
2022-05-16,port1154,Santa Marta,2,1,1478,50341,0,1478,0,0,0,50341,0,0,0,0
2022-05-17,port1154,Santa Marta,3,0,3230,0,2900,0,329,0,0,0,0,0,0,0
2022-05-18,port1154,Santa Marta,2,2,1708,4308,0,1708,0,0,0,0,4308,0,0,0
2022-05-19,port1154,Santa Marta,3,0,2332,4783,0,0,0,2332,0,0,0,0,4783,0
2022-05-20,port1154,Santa Marta,1,0,608,0,0,0,608,0,0,0,0,0,0,0
2022-05-21,port1154,Santa Marta,4,3,0,10356,0,0,0,0,0,0,10356,0,0,0
2022-05-22,port1154,Santa Marta,3,1,21052,390,16358,0,4693,0,0,0,390,0,0,0
2022-05-23,port1154,Santa Marta,2,0,0,78181,0,0,0,0,0,78181,0,0,0,0
2022-05-24,port1154,Santa Marta,1,1,0,1210,0,0,0,0,0,0,1210,0,0,0
2022-05-25,port1154,Santa Marta,2,1,26681,0,26312,368,0,0,0,0,0,0,0,0
2022-05-26,port1154,Santa Marta,2,1,57272,0,56373,898,0,0,0,0,0,0,0,0
2022-05-27,port1154,Santa Marta,1,1,772,0,0,772,0,0,0,0,0,0,0,0
2022-05-28,port1154,Santa Marta,3,2,5400,4783,0,3067,0,2332,0,0,0,0,4783,0
2022-05-29,port1154,Santa Marta,4,1,58409,10429,58409,0,0,0,0,6491,3937,0,0,0
2022-05-30,port1154,Santa Marta,1,0,0,4290,0,0,0,0,0,4290,0,0,0,0
2022-05-31,port1154,Santa Marta,0,0,0,0,0,0,0,0,0,0,0,0,0,0
2022-06-01,port1154,Santa Marta,2,1,61965,0,59953,2011,0,0,0,0,0,0,0,0
2022-06-02,port1154,Santa Marta,2,1,1108,0,0,1108,0,0,0,0,0,0,0,0
2022-06-03,port1154,Santa Marta,3,1,3277,1164,2949,0,328,0,0,0,1164,0,0,0
2022-06-04,port1154,Santa Marta,2,2,1823,2154,0,1823,0,0,0,0,2154,0,0,0
2022-06-05,port1154,Santa Marta,1,1,0,4427,0,0,0,0,0,0,4427,0,0,0
2022-06-06,port1154,Santa Marta,3,1,1969,51485,0,0,1969,0,0,51485,0,0,0,0
2022-06-07,port1154,Santa Marta,1,0,0,0,0,0,0,0,0,0,0,0,0,0
2022-06-08,port1154,Santa Marta,2,1,12926,1818,0,0,12926,0,0,0,1818,0,0,0
2022-06-09,port1154,Santa Marta,2,1,854,4456,0,854,0,0,0,0,2154,0,2302,0
2022-06-10,port1154,Santa Marta,1,0,35300,0,35300,0,0,0,0,0,0,0,0,0
2022-06-11,port1154,Santa Marta,3,3,482,8427,0,482,0,0,0,0,8427,0,0,0
2022-06-12,port1154,Santa Marta,2,0,1058,1835,0,0,1058,0,0,0,0,1835,0,0
2022-06-13,port1154,Santa Marta,3,1,19748,6558,15814,3328,0,0,605,6465,0,0,0,92
2022-06-14,port1154,Santa Marta,1,1,0,2033,0,0,0,0,0,0,2033,0,0,0
2022-06-15,port1154,Santa Marta,4,1,54024,0,53528,495,0,0,0,0,0,0,0,0
2022-06-16,port1154,Santa Marta,3,1,32483,15086,31629,854,0,0,0,12931,2154,0,0,0
2022-06-17,port1154,Santa Marta,0,0,0,0,0,0,0,0,0,0,0,0,0,0
2022-06-18,port1154,Santa Marta,5,3,7191,15381,0,6586,0,0,605,0,6478,0,8810,92
2022-06-19,port1154,Santa Marta,2,0,16994,6465,15814,0,0,0,1179,6465,0,0,0,0
2022-06-20,port1154,Santa Marta,1,1,1478,0,0,1478,0,0,0,0,0,0,0,0
2022-06-21,port1154,Santa Marta,1,1,854,2154,0,854,0,0,0,0,2154,0,0,0
2022-06-22,port1154,Santa Marta,1,0,0,10177,0,0,0,0,0,0,0,0,10177,0
2022-06-23,port1154,Santa Marta,2,1,2137,0,0,485,1652,0,0,0,0,0,0,0
2022-06-24,port1154,Santa Marta,2,1,854,2154,0,854,0,0,0,0,2154,0,0,0
2022-06-25,port1154,Santa Marta,3,2,39006,2543,35073,3933,0,0,0,0,2543,0,0,0
2022-06-26,port1154,Santa Marta,0,0,0,0,0,0,0,0,0,0,0,0,0,0
2022-06-27,port1154,Santa Marta,1,1,0,4814,0,0,0,0,0,0,4814,0,0,0
2022-06-28,port1154,Santa Marta,1,1,0,1800,0,0,0,0,0,0,1800,0,0,0
2022-06-29,port1154,Santa Marta,3,1,20126,5496,19272,854,0,0,0,3341,2154,0,0,0
2022-06-30,port1154,Santa Marta,1,1,0,390,0,0,0,0,0,0,390,0,0,0
2022-07-01,port1154,Santa Marta,2,1,37557,2154,36703,854,0,0,0,0,2154,0,0,0
2022-07-02,port1154,Santa Marta,2,2,509,3903,0,509,0,0,0,0,3903,0,0,0
2022-07-03,port1154,Santa Marta,2,0,0,33207,0,0,0,0,0,33207,0,0,0,0
2022-07-04,port1154,Santa Marta,2,0,1021,0,457,0,0,0,563,0,0,0,0,0
2022-07-05,port1154,Santa Marta,3,1,1594,0,0,604,990,0,0,0,0,0,0,0
2022-07-06,port1154,Santa Marta,2,0,11320,83890,11320,0,0,0,0,83890,0,0,0,0
2022-07-07,port1154,Santa Marta,1,1,771,0,0,771,0,0,0,0,0,0,0,0
2022-07-08,port1154,Santa Marta,1,1,0,972,0,0,0,0,0,0,972,0,0,0
2022-07-09,port1154,Santa Marta,3,2,32500,2154,26418,6082,0,0,0,0,2154,0,0,0
2022-07-10,port1154,Santa Marta,2,1,0,12843,0,0,0,0,0,0,12843,0,0,0
2022-07-11,port1154,Santa Marta,4,1,56221,6465,52716,2581,0,0,923,6465,0,0,0,0
2022-07-12,port1154,Santa Marta,1,1,0,3352,0,0,0,0,0,0,3352,0,0,0
2022-07-13,port1154,Santa Marta,2,0,28453,0,22093,0,6360,0,0,0,0,0,0,0
2022-07-14,port1154,Santa Marta,0,0,0,0,0,0,0,0,0,0,0,0,0,0
2022-07-15,port1154,Santa Marta,2,1,0,967,0,0,0,0,0,0,967,0,0,0
2022-07-16,port1154,Santa Marta,2,2,509,11664,0,509,0,0,0,0,11664,0,0,0
2022-07-17,port1154,Santa Marta,0,0,0,0,0,0,0,0,0,0,0,0,0,0
2022-07-18,port1154,Santa Marta,5,2,29198,386,26264,743,0,1733,457,0,386,0,0,0
2022-07-19,port1154,Santa Marta,3,1,11004,1802,10386,0,0,618,0,0,1802,0,0,0
2022-07-20,port1154,Santa Marta,2,0,2332,4783,0,0,0,2332,0,0,0,0,4783,0
2022-07-21,port1154,Santa Marta,2,0,32475,0,32475,0,0,0,0,0,0,0,0,0
2022-07-22,port1154,Santa Marta,2,0,9318,0,7772,0,0,1546,0,0,0,0,0,0
2022-07-23,port1154,Santa Marta,2,2,6700,0,0,6700,0,0,0,0,0,0,0,0
2022-07-24,port1154,Santa Marta,2,1,483,7011,0,483,0,0,0,7011,0,0,0,0
2022-07-25,port1154,Santa Marta,2,1,18632,368,18632,0,0,0,0,0,368,0,0,0
2022-07-26,port1154,Santa Marta,3,2,10463,9875,10463,0,0,0,0,0,9875,0,0,0
2022-07-27,port1154,Santa Marta,1,0,12942,0,12942,0,0,0,0,0,0,0,0,0
2022-07-28,port1154,Santa Marta,1,1,965,0,0,965,0,0,0,0,0,0,0,0
2022-07-29,port1154,Santa Marta,0,0,0,0,0,0,0,0,0,0,0,0,0,0
2022-07-30,port1154,Santa Marta,2,2,854,2934,0,854,0,0,0,0,2934,0,0,0
2022-07-31,port1154,Santa Marta,4,1,605,42294,0,0,0,0,605,38819,3382,0,0,92
2022-08-01,port1154,Santa Marta,1,1,0,741,0,0,0,0,0,0,741,0,0,0
2022-08-02,port1154,Santa Marta,2,1,0,72969,0,0,0,0,0,71757,1212,0,0,0
2022-08-03,port1154,Santa Marta,4,0,5912,0,5751,0,160,0,0,0,0,0,0,0
2022-08-04,port1154,Santa Marta,1,1,966,0,0,966,0,0,0,0,0,0,0,0
2022-08-05,port1154,Santa Marta,0,0,0,0,0,0,0,0,0,0,0,0,0,0
2022-08-06,port1154,Santa Marta,4,1,56439,2154,55584,854,0,0,0,0,2154,0,0,0
2022-08-07,port1154,Santa Marta,2,2,854,6076,0,854,0,0,0,0,6076,0,0,0
2022-08-08,port1154,Santa Marta,3,1,31163,0,28992,1843,326,0,0,0,0,0,0,0
2022-08-09,port1154,Santa Marta,3,1,35008,3619,35008,0,0,0,0,0,3619,0,0,0
2022-08-10,port1154,Santa Marta,1,1,854,2154,0,854,0,0,0,0,2154,0,0,0
2022-08-11,port1154,Santa Marta,0,0,0,0,0,0,0,0,0,0,0,0,0,0
2022-08-12,port1154,Santa Marta,3,1,2909,7063,0,0,1599,0,1309,0,7063,0,0,0
2022-08-13,port1154,Santa Marta,3,1,27553,7248,15814,9863,1875,0,0,6465,0,782,0,0
2022-08-14,port1154,Santa Marta,3,0,78806,0,78216,0,0,0,590,0,0,0,0,0
2022-08-15,port1154,Santa Marta,2,1,18805,0,17338,1467,0,0,0,0,0,0,0,0
2022-08-16,port1154,Santa Marta,2,1,8961,1804,8961,0,0,0,0,0,1804,0,0,0
2022-08-17,port1154,Santa Marta,1,0,36323,0,36323,0,0,0,0,0,0,0,0,0
2022-08-18,port1154,Santa Marta,1,1,449,0,0,449,0,0,0,0,0,0,0,0
2022-08-19,port1154,Santa Marta,2,1,48838,0,47383,1454,0,0,0,0,0,0,0,0
2022-08-20,port1154,Santa Marta,1,1,0,1534,0,0,0,0,0,0,1534,0,0,0
2022-08-21,port1154,Santa Marta,2,1,1372,9790,0,0,0,0,1372,0,9790,0,0,0
2022-08-22,port1154,Santa Marta,2,1,737,14294,0,737,0,0,0,14294,0,0,0,0
2022-08-23,port1154,Santa Marta,2,1,0,15623,0,0,0,0,0,12936,2686,0,0,0
2022-08-24,port1154,Santa Marta,0,0,0,0,0,0,0,0,0,0,0,0,0,0
2022-08-25,port1154,Santa Marta,1,1,854,2154,0,854,0,0,0,0,2154,0,0,0
2022-08-26,port1154,Santa Marta,2,1,35777,0,34324,1452,0,0,0,0,0,0,0,0
2022-08-27,port1154,Santa Marta,2,1,7155,2154,6300,854,0,0,0,0,2154,0,0,0
2022-08-28,port1154,Santa Marta,1,1,0,4917,0,0,0,0,0,0,4917,0,0,0
2022-08-29,port1154,Santa Marta,2,1,2592,38030,0,2592,0,0,0,38030,0,0,0,0
2022-08-30,port1154,Santa Marta,0,0,0,0,0,0,0,0,0,0,0,0,0,0
2022-08-31,port1154,Santa Marta,3,1,42452,0,41847,605,0,0,0,0,0,0,0,0
2022-09-01,port1154,Santa Marta,2,1,854,2629,0,854,0,0,0,0,2154,475,0,0
2022-09-02,port1154,Santa Marta,3,0,29482,2137,21542,0,0,7939,0,0,0,2137,0,0
2022-09-03,port1154,Santa Marta,1,1,0,2053,0,0,0,0,0,0,2053,0,0,0
2022-09-04,port1154,Santa Marta,2,1,1111,4422,0,0,1111,0,0,0,4422,0,0,0
2022-09-05,port1154,Santa Marta,3,1,1383,50541,0,0,0,0,1383,48311,2229,0,0,0
2022-09-06,port1154,Santa Marta,1,1,0,679,0,0,0,0,0,0,679,0,0,0
2022-09-07,port1154,Santa Marta,2,1,9393,0,0,494,8898,0,0,0,0,0,0,0
2022-09-08,port1154,Santa Marta,3,1,4500,2154,0,854,2530,0,1115,0,2154,0,0,0
2022-09-09,port1154,Santa Marta,3,1,25491,2154,24637,854,0,0,0,0,2154,0,0,0
2022-09-10,port1154,Santa Marta,1,1,854,2154,0,854,0,0,0,0,2154,0,0,0
2022-09-11,port1154,Santa Marta,2,1,0,26219,0,0,0,0,0,17351,8867,0,0,0
2022-09-12,port1154,Santa Marta,3,1,21453,0,18740,2712,0,0,0,0,0,0,0,0
2022-09-13,port1154,Santa Marta,3,1,0,38041,0,0,0,0,0,36836,1205,0,0,0
2022-09-14,port1154,Santa Marta,0,0,0,0,0,0,0,0,0,0,0,0,0,0
2022-09-15,port1154,Santa Marta,4,2,1708,4308,0,1708,0,0,0,0,4308,0,0,0
2022-09-16,port1154,Santa Marta,3,1,12598,458,11634,964,0,0,0,0,0,0,0,458
2022-09-17,port1154,Santa Marta,2,1,854,2154,0,854,0,0,0,0,2154,0,0,0
2022-09-18,port1154,Santa Marta,1,1,0,4436,0,0,0,0,0,0,4436,0,0,0
2022-09-19,port1154,Santa Marta,2,1,6369,0,0,1478,4890,0,0,0,0,0,0,0
2022-09-20,port1154,Santa Marta,1,1,0,1209,0,0,0,0,0,0,1209,0,0,0
2022-09-21,port1154,Santa Marta,4,1,6154,2154,5300,854,0,0,0,0,2154,0,0,0
2022-09-22,port1154,Santa Marta,1,1,1933,0,0,1933,0,0,0,0,0,0,0,0
2022-09-23,port1154,Santa Marta,2,1,30432,979,30432,0,0,0,0,0,979,0,0,0
2022-09-24,port1154,Santa Marta,2,1,6006,0,0,5676,329,0,0,0,0,0,0,0
2022-09-25,port1154,Santa Marta,2,1,0,8844,0,0,0,0,0,0,8844,0,0,0
2022-09-26,port1154,Santa Marta,2,1,3122,4717,3122,0,0,0,0,0,4717,0,0,0
2022-09-27,port1154,Santa Marta,2,1,1206,15891,0,1206,0,0,0,15891,0,0,0,0
2022-09-28,port1154,Santa Marta,1,0,1525,0,0,0,1525,0,0,0,0,0,0,0
2022-09-29,port1154,Santa Marta,1,1,854,2154,0,854,0,0,0,0,2154,0,0,0
2022-09-30,port1154,Santa Marta,3,1,69842,486,69842,0,0,0,0,0,486,0,0,0
2022-10-01,port1154,Santa Marta,1,1,0,2039,0,0,0,0,0,0,2039,0,0,0
2022-10-02,port1154,Santa Marta,0,0,0,0,0,0,0,0,0,0,0,0,0,0
2022-10-03,port1154,Santa Marta,4,1,29586,0,23734,3519,0,2333,0,0,0,0,0,0
2022-10-04,port1154,Santa Marta,2,1,24033,2154,23179,854,0,0,0,0,2154,0,0,0
2022-10-05,port1154,Santa Marta,0,0,0,0,0,0,0,0,0,0,0,0,0,0
2022-10-06,port1154,Santa Marta,2,1,1233,2154,0,854,379,0,0,0,2154,0,0,0
2022-10-07,port1154,Santa Marta,2,1,1423,1444,0,0,1423,0,0,0,1444,0,0,0
2022-10-08,port1154,Santa Marta,2,1,854,8584,0,854,0,0,0,0,2154,6429,0,0
2022-10-09,port1154,Santa Marta,2,1,0,36995,0,0,0,0,0,33074,3921,0,0,0
2022-10-10,port1154,Santa Marta,3,1,14029,0,0,399,12449,0,1179,0,0,0,0,0
2022-10-11,port1154,Santa Marta,2,1,1875,1986,0,0,1875,0,0,0,1203,782,0,0
2022-10-12,port1154,Santa Marta,0,0,0,0,0,0,0,0,0,0,0,0,0,0
2022-10-13,port1154,Santa Marta,2,1,20058,0,19672,385,0,0,0,0,0,0,0,0
2022-10-14,port1154,Santa Marta,1,0,15814,6465,15814,0,0,0,0,6465,0,0,0,0
2022-10-15,port1154,Santa Marta,1,1,0,1532,0,0,0,0,0,0,1532,0,0,0
2022-10-16,port1154,Santa Marta,3,1,1128,39713,0,0,0,0,1128,30913,8800,0,0,0
2022-10-17,port1154,Santa Marta,3,1,8415,0,7677,738,0,0,0,0,0,0,0,0
2022-10-18,port1154,Santa Marta,1,1,1356,0,0,1356,0,0,0,0,0,0,0,0
2022-10-19,port1154,Santa Marta,4,1,26183,17730,25578,0,0,0,605,17147,490,0,0,92
2022-10-20,port1154,Santa Marta,1,1,389,0,0,389,0,0,0,0,0,0,0,0
2022-10-21,port1154,Santa Marta,2,1,14405,0,12963,1442,0,0,0,0,0,0,0,0
2022-10-22,port1154,Santa Marta,2,1,854,9837,0,854,0,0,0,0,2154,0,7683,0
2022-10-23,port1154,Santa Marta,1,1,0,6337,0,0,0,0,0,0,6337,0,0,0
2022-10-24,port1154,Santa Marta,3,1,57474,0,57106,368,0,0,0,0,0,0,0,0
2022-10-25,port1154,Santa Marta,1,1,0,4826,0,0,0,0,0,0,4826,0,0,0
2022-10-26,port1154,Santa Marta,0,0,0,0,0,0,0,0,0,0,0,0,0,0
2022-10-27,port1154,Santa Marta,2,2,765,483,0,765,0,0,0,0,483,0,0,0
2022-10-28,port1154,Santa Marta,3,1,444,1908,444,0,0,0,0,0,485,1423,0,0
2022-10-29,port1154,Santa Marta,2,1,22134,1535,0,0,0,22134,0,0,1535,0,0,0
2022-10-30,port1154,Santa Marta,0,0,0,0,0,0,0,0,0,0,0,0,0,0
2022-10-31,port1154,Santa Marta,2,1,21033,0,20291,741,0,0,0,0,0,0,0,0
2022-11-01,port1154,Santa Marta,3,1,23969,2154,22654,854,0,0,460,0,2154,0,0,0
2022-11-02,port1154,Santa Marta,1,0,0,55588,0,0,0,0,0,55588,0,0,0,0
2022-11-03,port1154,Santa Marta,1,1,854,2154,0,854,0,0,0,0,2154,0,0,0
2022-11-04,port1154,Santa Marta,3,1,0,41952,0,0,0,0,0,40389,492,1070,0,0
2022-11-05,port1154,Santa Marta,3,2,511,4848,0,511,0,0,0,0,4848,0,0,0
2022-11-06,port1154,Santa Marta,2,0,2529,15785,0,0,2529,0,0,0,0,0,15785,0
2022-11-07,port1154,Santa Marta,1,1,739,0,0,739,0,0,0,0,0,0,0,0
2022-11-08,port1154,Santa Marta,2,1,46394,1808,46394,0,0,0,0,0,1808,0,0,0
2022-11-09,port1154,Santa Marta,1,0,554,0,554,0,0,0,0,0,0,0,0,0
2022-11-10,port1154,Santa Marta,3,2,10061,2928,9207,854,0,0,0,0,2928,0,0,0
2022-11-11,port1154,Santa Marta,3,1,329,1558,0,0,329,0,0,0,486,1071,0,0
2022-11-12,port1154,Santa Marta,1,1,2041,0,0,2041,0,0,0,0,0,0,0,0
2022-11-13,port1154,Santa Marta,4,1,17451,3863,17451,0,0,0,0,0,3863,0,0,0
2022-11-14,port1154,Santa Marta,1,1,737,0,0,737,0,0,0,0,0,0,0,0
2022-11-15,port1154,Santa Marta,2,1,34775,2154,33921,854,0,0,0,0,2154,0,0,0
2022-11-16,port1154,Santa Marta,2,0,2615,0,0,0,0,2157,457,0,0,0,0,0
2022-11-17,port1154,Santa Marta,2,1,0,776,0,0,0,0,0,0,776,0,0,0
2022-11-18,port1154,Santa Marta,3,1,854,12580,0,854,0,0,0,2378,2154,0,8047,0
2022-11-19,port1154,Santa Marta,3,1,26278,2154,25424,854,0,0,0,0,2154,0,0,0
2022-11-20,port1154,Santa Marta,1,0,2182,0,0,0,0,0,2182,0,0,0,0,0
2022-11-21,port1154,Santa Marta,5,2,36632,6963,29940,1841,4851,0,0,0,6181,782,0,0
2022-11-22,port1154,Santa Marta,2,1,21446,1815,21446,0,0,0,0,0,1815,0,0,0
2022-11-23,port1154,Santa Marta,1,0,9382,0,9382,0,0,0,0,0,0,0,0,0
2022-11-24,port1154,Santa Marta,3,1,7531,17338,7145,386,0,0,0,17338,0,0,0,0
2022-11-25,port1154,Santa Marta,1,0,0,0,0,0,0,0,0,0,0,0,0,0
2022-11-26,port1154,Santa Marta,2,1,2896,782,0,1020,1875,0,0,0,0,782,0,0
2022-11-27,port1154,Santa Marta,4,1,8770,20389,8164,0,0,0,605,15429,4866,0,0,92
2022-11-28,port1154,Santa Marta,2,1,854,43142,0,854,0,0,0,40988,2154,0,0,0
2022-11-29,port1154,Santa Marta,1,1,854,2154,0,854,0,0,0,0,2154,0,0,0
2022-11-30,port1154,Santa Marta,5,2,3521,28195,0,0,3521,0,0,24717,2695,782,0,0
2022-12-01,port1154,Santa Marta,1,1,0,388,0,0,0,0,0,0,388,0,0,0
2022-12-02,port1154,Santa Marta,2,1,1210,1751,0,480,729,0,0,0,0,1751,0,0
2022-12-03,port1154,Santa Marta,3,2,854,4101,0,854,0,0,0,0,4101,0,0,0
2022-12-04,port1154,Santa Marta,1,0,2779,0,2779,0,0,0,0,0,0,0,0,0
2022-12-05,port1154,Santa Marta,3,1,1727,48300,0,854,0,0,873,46145,2154,0,0,0
2022-12-06,port1154,Santa Marta,2,1,0,3628,0,0,0,0,0,0,3628,0,0,0
2022-12-07,port1154,Santa Marta,2,1,30434,0,29562,872,0,0,0,0,0,0,0,0
2022-12-08,port1154,Santa Marta,2,2,1708,4308,0,1708,0,0,0,0,4308,0,0,0
2022-12-09,port1154,Santa Marta,4,1,2476,2842,0,0,1871,0,605,0,969,1780,0,92
2022-12-10,port1154,Santa Marta,2,2,0,5961,0,0,0,0,0,0,5961,0,0,0
2022-12-11,port1154,Santa Marta,1,0,0,42216,0,0,0,0,0,42216,0,0,0,0
2022-12-12,port1154,Santa Marta,1,1,0,0,0,0,0,0,0,0,0,0,0,0
2022-12-13,port1154,Santa Marta,2,1,19356,1820,19356,0,0,0,0,0,1820,0,0,0
2022-12-14,port1154,Santa Marta,1,0,52363,0,52363,0,0,0,0,0,0,0,0,0
2022-12-15,port1154,Santa Marta,1,1,3110,0,0,3110,0,0,0,0,0,0,0,0
2022-12-16,port1154,Santa Marta,2,1,0,1557,0,0,0,0,0,0,493,1064,0,0
2022-12-17,port1154,Santa Marta,3,1,12464,2936,9734,854,1875,0,0,0,2154,782,0,0
2022-12-18,port1154,Santa Marta,2,0,458,66822,0,0,0,0,458,66822,0,0,0,0
2022-12-19,port1154,Santa Marta,2,1,16743,368,0,0,0,16743,0,0,368,0,0,0
2022-12-20,port1154,Santa Marta,3,1,854,3296,0,854,0,0,0,0,2154,0,1141,0
2022-12-21,port1154,Santa Marta,1,0,1039,0,0,0,1039,0,0,0,0,0,0,0
2022-12-22,port1154,Santa Marta,2,1,0,5658,0,0,0,0,0,0,383,0,5275,0
2022-12-23,port1154,Santa Marta,3,1,27806,77062,27318,487,0,0,0,77062,0,0,0,0
2022-12-24,port1154,Santa Marta,3,2,0,7549,0,0,0,0,0,0,6432,0,1116,0
2022-12-25,port1154,Santa Marta,2,0,29562,916,29562,0,0,0,0,0,0,0,916,0
2022-12-26,port1154,Santa Marta,2,1,15814,8312,15814,0,0,0,0,6465,1846,0,0,0
2022-12-27,port1154,Santa Marta,0,0,0,0,0,0,0,0,0,0,0,0,0,0
2022-12-28,port1154,Santa Marta,2,1,15342,2154,14487,854,0,0,0,0,2154,0,0,0
2022-12-29,port1154,Santa Marta,2,1,389,0,0,389,0,0,0,0,0,0,0,0
2022-12-30,port1154,Santa Marta,2,1,15814,8887,15814,0,0,0,0,6465,2421,0,0,0
2022-12-31,port1154,Santa Marta,4,2,3375,1455,2913,0,0,0,461,0,1455,0,0,0
2023-01-01,port1154,Santa Marta,2,0,19140,473,19140,0,0,0,0,473,0,0,0,0
2023-01-02,port1154,Santa Marta,3,1,42535,6465,41434,1101,0,0,0,6465,0,0,0,0
2023-01-03,port1154,Santa Marta,2,1,6014,2154,5160,854,0,0,0,0,2154,0,0,0
2023-01-04,port1154,Santa Marta,1,0,28536,0,28536,0,0,0,0,0,0,0,0,0
2023-01-05,port1154,Santa Marta,2,1,382,0,0,382,0,0,0,0,0,0,0,0
2023-01-06,port1154,Santa Marta,1,0,31561,0,31561,0,0,0,0,0,0,0,0,0
2023-01-07,port1154,Santa Marta,3,2,3361,11549,0,0,3361,0,0,0,11549,0,0,0
2023-01-08,port1154,Santa Marta,0,0,0,0,0,0,0,0,0,0,0,0,0,0
2023-01-09,port1154,Santa Marta,3,1,473,13109,473,0,0,0,0,0,1484,0,11625,0
2023-01-10,port1154,Santa Marta,3,1,35439,12612,35439,0,0,0,0,6465,6146,0,0,0
2023-01-11,port1154,Santa Marta,2,2,1833,2154,0,1833,0,0,0,0,2154,0,0,0
2023-01-12,port1154,Santa Marta,3,1,2543,39397,0,0,0,2543,0,33001,775,0,5620,0
2023-01-13,port1154,Santa Marta,2,1,24279,480,24279,0,0,0,0,0,480,0,0,0
2023-01-14,port1154,Santa Marta,2,2,1015,4428,0,1015,0,0,0,0,4428,0,0,0
2023-01-15,port1154,Santa Marta,1,0,52763,0,52763,0,0,0,0,0,0,0,0,0
2023-01-16,port1154,Santa Marta,2,1,367,0,0,367,0,0,0,0,0,0,0,0
2023-01-17,port1154,Santa Marta,1,1,854,2154,0,854,0,0,0,0,2154,0,0,0
2023-01-18,port1154,Santa Marta,0,0,0,0,0,0,0,0,0,0,0,0,0,0
2023-01-19,port1154,Santa Marta,4,2,3055,2885,836,0,0,0,2219,0,2885,0,0,0
2023-01-20,port1154,Santa Marta,1,0,729,1751,0,0,729,0,0,0,0,1751,0,0
2023-01-21,port1154,Santa Marta,4,1,48100,2051,48100,0,0,0,0,0,2051,0,0,0
2023-01-22,port1154,Santa Marta,3,1,1875,9477,0,0,1875,0,0,0,8371,1105,0,0
2023-01-23,port1154,Santa Marta,3,1,854,36074,0,854,0,0,0,33920,2154,0,0,0
2023-01-24,port1154,Santa Marta,2,1,0,4445,0,0,0,0,0,0,2423,2021,0,0
2023-01-25,port1154,Santa Marta,4,2,4976,3140,1167,854,2954,0,0,0,3140,0,0,0
2023-01-26,port1154,Santa Marta,2,1,19402,2154,18548,854,0,0,0,0,2154,0,0,0
2023-01-27,port1154,Santa Marta,3,1,13439,8498,11091,0,2348,0,0,0,8498,0,0,0
2023-01-28,port1154,Santa Marta,2,1,605,601,0,0,0,0,605,0,509,0,0,92
2023-01-29,port1154,Santa Marta,2,1,0,54241,0,0,0,0,0,50798,3443,0,0,0
2023-01-30,port1154,Santa Marta,1,1,854,2154,0,854,0,0,0,0,2154,0,0,0
2023-01-31,port1154,Santa Marta,3,1,50383,1692,32861,0,0,17521,0,0,1692,0,0,0
2023-02-01,port1154,Santa Marta,3,1,9877,18088,9877,0,0,0,0,15649,2438,0,0,0
2023-02-02,port1154,Santa Marta,1,1,0,384,0,0,0,0,0,0,384,0,0,0
2023-02-03,port1154,Santa Marta,3,2,2925,936,2925,0,0,0,0,0,936,0,0,0
2023-02-04,port1154,Santa Marta,2,1,12483,1532,12483,0,0,0,0,0,1532,0,0,0
2023-02-05,port1154,Santa Marta,2,0,4400,0,4400,0,0,0,0,0,0,0,0,0
2023-02-06,port1154,Santa Marta,1,1,1111,0,0,1111,0,0,0,0,0,0,0,0
2023-02-07,port1154,Santa Marta,2,1,0,2025,0,0,0,0,0,0,2025,0,0,0
2023-02-08,port1154,Santa Marta,1,0,0,20617,0,0,0,0,0,20617,0,0,0,0
2023-02-09,port1154,Santa Marta,4,1,68792,775,68792,0,0,0,0,0,775,0,0,0
2023-02-10,port1154,Santa Marta,2,1,0,0,0,0,0,0,0,0,0,0,0,0
2023-02-11,port1154,Santa Marta,2,1,506,0,0,506,0,0,0,0,0,0,0,0
2023-02-12,port1154,Santa Marta,2,1,28858,3447,28858,0,0,0,0,0,3447,0,0,0
2023-02-13,port1154,Santa Marta,1,1,854,2154,0,854,0,0,0,0,2154,0,0,0
2023-02-14,port1154,Santa Marta,1,0,3894,0,3894,0,0,0,0,0,0,0,0,0
2023-02-15,port1154,Santa Marta,2,0,2028,0,0,0,1002,0,1026,0,0,0,0,0
2023-02-16,port1154,Santa Marta,3,1,16891,774,16891,0,0,0,0,0,774,0,0,0
2023-02-17,port1154,Santa Marta,2,1,1913,0,0,542,0,0,1371,0,0,0,0,0
2023-02-18,port1154,Santa Marta,2,2,0,5548,0,0,0,0,0,0,5548,0,0,0
2023-02-19,port1154,Santa Marta,1,1,0,3742,0,0,0,0,0,0,3742,0,0,0
2023-02-20,port1154,Santa Marta,2,0,9694,0,9694,0,0,0,0,0,0,0,0,0
2023-02-21,port1154,Santa Marta,2,1,0,5967,0,0,0,0,0,0,2725,3241,0,0
2023-02-22,port1154,Santa Marta,1,0,585,0,585,0,0,0,0,0,0,0,0,0
2023-02-23,port1154,Santa Marta,1,1,854,2154,0,854,0,0,0,0,2154,0,0,0
2023-02-24,port1154,Santa Marta,1,1,0,966,0,0,0,0,0,0,966,0,0,0
2023-02-25,port1154,Santa Marta,1,0,8448,0,8448,0,0,0,0,0,0,0,0,0
2023-02-26,port1154,Santa Marta,3,2,0,81910,0,0,0,0,0,77421,4488,0,0,0
2023-02-27,port1154,Santa Marta,2,1,9816,0,8317,1499,0,0,0,0,0,0,0,0
2023-02-28,port1154,Santa Marta,1,0,0,0,0,0,0,0,0,0,0,0,0,0
2023-03-01,port1154,Santa Marta,3,1,2766,2154,1451,854,0,0,461,0,2154,0,0,0
2023-03-02,port1154,Santa Marta,1,0,0,36152,0,0,0,0,0,36152,0,0,0,0
2023-03-03,port1154,Santa Marta,1,1,0,1449,0,0,0,0,0,0,1449,0,0,0
2023-03-04,port1154,Santa Marta,3,2,0,10762,0,0,0,0,0,5767,4994,0,0,0
2023-03-05,port1154,Santa Marta,2,0,8183,0,8183,0,0,0,0,0,0,0,0,0
2023-03-06,port1154,Santa Marta,3,1,13129,0,10358,367,2403,0,0,0,0,0,0,0
2023-03-07,port1154,Santa Marta,1,1,0,3647,0,0,0,0,0,0,3647,0,0,0
2023-03-08,port1154,Santa Marta,2,1,2729,2936,0,854,1875,0,0,0,2154,782,0,0
2023-03-09,port1154,Santa Marta,2,1,30568,388,30568,0,0,0,0,0,388,0,0,0
2023-03-10,port1154,Santa Marta,0,0,0,0,0,0,0,0,0,0,0,0,0,0
2023-03-11,port1154,Santa Marta,4,1,950,2962,0,493,0,0,457,0,0,153,2809,0
2023-03-12,port1154,Santa Marta,3,2,3349,8742,0,1016,0,2332,0,0,3958,0,4783,0
2023-03-13,port1154,Santa Marta,2,1,5311,1104,5311,0,0,0,0,0,1104,0,0,0
2023-03-14,port1154,Santa Marta,3,0,5367,5620,2824,0,0,2543,0,0,0,0,5620,0
2023-03-15,port1154,Santa Marta,1,1,854,2154,0,854,0,0,0,0,2154,0,0,0
2023-03-16,port1154,Santa Marta,4,2,4083,23138,2781,1302,0,0,0,20983,2154,0,0,0
2023-03-17,port1154,Santa Marta,1,1,0,2922,0,0,0,0,0,0,2922,0,0,0
2023-03-18,port1154,Santa Marta,2,1,15814,11594,15814,0,0,0,0,6465,5128,0,0,0
2023-03-19,port1154,Santa Marta,2,1,0,4452,0,0,0,0,0,0,3941,511,0,0
2023-03-20,port1154,Santa Marta,3,1,16916,7057,15814,1101,0,0,0,6465,0,0,0,591
2023-03-21,port1154,Santa Marta,0,0,0,0,0,0,0,0,0,0,0,0,0,0
2023-03-22,port1154,Santa Marta,3,2,15375,1330,13334,2041,0,0,0,0,1330,0,0,0
2023-03-23,port1154,Santa Marta,2,1,2332,5172,0,0,0,2332,0,0,389,0,4783,0
2023-03-24,port1154,Santa Marta,1,0,5410,0,5410,0,0,0,0,0,0,0,0,0
2023-03-25,port1154,Santa Marta,1,1,0,1477,0,0,0,0,0,0,1477,0,0,0
2023-03-26,port1154,Santa Marta,2,1,365,3220,0,365,0,0,0,0,0,3220,0,0
2023-03-27,port1154,Santa Marta,1,1,0,1524,0,0,0,0,0,0,1524,0,0,0
2023-03-28,port1154,Santa Marta,1,1,0,1221,0,0,0,0,0,0,1221,0,0,0
2023-03-29,port1154,Santa Marta,2,0,33664,0,33664,0,0,0,0,0,0,0,0,0
2023-03-30,port1154,Santa Marta,1,1,0,2315,0,0,0,0,0,0,2315,0,0,0
2023-03-31,port1154,Santa Marta,2,0,0,15362,0,0,0,0,0,12158,0,3203,0,0
2023-04-01,port1154,Santa Marta,3,3,854,5707,0,854,0,0,0,0,5707,0,0,0
2023-04-02,port1154,Santa Marta,5,1,52643,15304,44677,0,0,7659,306,6465,8838,0,0,0
2023-04-03,port1154,Santa Marta,1,1,854,2154,0,854,0,0,0,0,2154,0,0,0
2023-04-04,port1154,Santa Marta,3,2,10571,1846,9893,677,0,0,0,0,1846,0,0,0
2023-04-05,port1154,Santa Marta,3,0,4195,0,3877,0,318,0,0,0,0,0,0,0
2023-04-06,port1154,Santa Marta,2,1,10117,771,0,0,10117,0,0,0,771,0,0,0
2023-04-07,port1154,Santa Marta,1,1,969,0,0,969,0,0,0,0,0,0,0,0
2023-04-08,port1154,Santa Marta,2,0,18544,0,6707,0,0,11836,0,0,0,0,0,0
2023-04-09,port1154,Santa Marta,3,1,16045,16367,16045,0,0,0,0,0,7355,0,9011,0
2023-04-10,port1154,Santa Marta,3,2,3065,58506,0,3065,0,0,0,56352,2154,0,0,0
2023-04-11,port1154,Santa Marta,0,0,0,0,0,0,0,0,0,0,0,0,0,0
2023-04-12,port1154,Santa Marta,1,0,17827,0,17827,0,0,0,0,0,0,0,0,0
2023-04-13,port1154,Santa Marta,2,2,1335,2154,0,1335,0,0,0,0,2154,0,0,0
2023-04-14,port1154,Santa Marta,2,1,15702,0,14246,1455,0,0,0,0,0,0,0,0
2023-04-15,port1154,Santa Marta,2,2,1020,2449,0,1020,0,0,0,0,2449,0,0,0
2023-04-16,port1154,Santa Marta,0,0,0,0,0,0,0,0,0,0,0,0,0,0
2023-04-17,port1154,Santa Marta,3,1,45131,829,44526,0,0,0,605,0,737,0,0,92
2023-04-18,port1154,Santa Marta,1,1,0,2426,0,0,0,0,0,0,2426,0,0,0
2023-04-19,port1154,Santa Marta,0,0,0,0,0,0,0,0,0,0,0,0,0,0
2023-04-20,port1154,Santa Marta,1,1,0,777,0,0,0,0,0,0,777,0,0,0
2023-04-21,port1154,Santa Marta,2,1,0,979,0,0,0,0,0,0,489,489,0,0
2023-04-22,port1154,Santa Marta,2,2,0,13458,0,0,0,0,0,0,13458,0,0,0
2023-04-23,port1154,Santa Marta,0,0,0,0,0,0,0,0,0,0,0,0,0,0
2023-04-24,port1154,Santa Marta,3,1,0,10463,0,0,0,0,0,0,1106,326,9030,0
2023-04-25,port1154,Santa Marta,2,1,17484,1218,17484,0,0,0,0,0,1218,0,0,0
2023-04-26,port1154,Santa Marta,2,0,55588,30303,55588,0,0,0,0,30303,0,0,0,0
2023-04-27,port1154,Santa Marta,4,1,15870,1167,13994,0,1875,0,0,0,385,782,0,0
2023-04-28,port1154,Santa Marta,3,1,1966,14237,0,1966,0,0,0,0,0,1963,12273,0
2023-04-29,port1154,Santa Marta,3,2,889,10942,889,0,0,0,0,0,10942,0,0,0
2023-04-30,port1154,Santa Marta,1,0,11801,0,11801,0,0,0,0,0,0,0,0,0
2023-05-01,port1154,Santa Marta,4,1,22600,6804,21115,1484,0,0,0,6465,0,338,0,0
2023-05-02,port1154,Santa Marta,1,1,854,2154,0,854,0,0,0,0,2154,0,0,0
2023-05-03,port1154,Santa Marta,2,0,3413,0,3413,0,0,0,0,0,0,0,0,0
2023-05-04,port1154,Santa Marta,1,1,0,1558,0,0,0,0,0,0,1558,0,0,0
2023-05-05,port1154,Santa Marta,4,0,18690,7175,17776,0,0,0,913,6465,0,709,0,0
2023-05-06,port1154,Santa Marta,4,3,11830,8173,10962,868,0,0,0,0,8173,0,0,0
2023-05-07,port1154,Santa Marta,2,1,0,12133,0,0,0,0,0,0,1462,0,10671,0
2023-05-08,port1154,Santa Marta,3,1,11041,0,10307,733,0,0,0,0,0,0,0,0
2023-05-09,port1154,Santa Marta,3,1,606,15604,0,606,0,0,0,10924,0,4680,0,0
2023-05-10,port1154,Santa Marta,3,1,28675,977,20434,0,8241,0,0,0,977,0,0,0
2023-05-11,port1154,Santa Marta,1,1,0,770,0,0,0,0,0,0,770,0,0,0
2023-05-12,port1154,Santa Marta,2,1,1430,0,0,447,982,0,0,0,0,0,0,0
2023-05-13,port1154,Santa Marta,5,2,15675,61284,13971,0,1704,0,0,58941,2342,0,0,0
2023-05-14,port1154,Santa Marta,2,1,15814,11355,15814,0,0,0,0,6465,4889,0,0,0
2023-05-15,port1154,Santa Marta,2,1,11428,0,0,3078,8350,0,0,0,0,0,0,0
2023-05-16,port1154,Santa Marta,2,1,0,3147,0,0,0,0,0,0,1359,1788,0,0
2023-05-17,port1154,Santa Marta,2,0,16066,163,16066,0,0,0,0,0,0,163,0,0
2023-05-18,port1154,Santa Marta,2,1,2729,2936,0,854,1875,0,0,0,2154,782,0,0
2023-05-19,port1154,Santa Marta,1,1,669,0,0,669,0,0,0,0,0,0,0,0
2023-05-20,port1154,Santa Marta,2,2,1173,2154,0,1173,0,0,0,0,2154,0,0,0
2023-05-21,port1154,Santa Marta,1,1,0,5899,0,0,0,0,0,0,5899,0,0,0
2023-05-22,port1154,Santa Marta,1,1,1099,0,0,1099,0,0,0,0,0,0,0,0
2023-05-23,port1154,Santa Marta,1,0,0,0,0,0,0,0,0,0,0,0,0,0
2023-05-24,port1154,Santa Marta,2,0,605,92,0,0,0,0,605,0,0,0,0,92
2023-05-25,port1154,Santa Marta,1,1,854,2154,0,854,0,0,0,0,2154,0,0,0
2023-05-26,port1154,Santa Marta,3,1,1439,77224,585,854,0,0,0,75069,2154,0,0,0
2023-05-27,port1154,Santa Marta,1,1,854,2154,0,854,0,0,0,0,2154,0,0,0
2023-05-28,port1154,Santa Marta,3,1,7881,9712,5549,0,0,2332,0,0,4928,0,4783,0
2023-05-29,port1154,Santa Marta,2,1,1104,163,0,1104,0,0,0,0,0,163,0,0
2023-05-30,port1154,Santa Marta,3,1,16107,1994,14232,0,1875,0,0,0,1212,782,0,0
2023-05-31,port1154,Santa Marta,2,0,4210,0,2900,0,0,0,1309,0,0,0,0,0
2023-06-01,port1154,Santa Marta,3,1,317,50972,0,0,317,0,0,50586,386,0,0,0
2023-06-02,port1154,Santa Marta,1,1,854,2154,0,854,0,0,0,0,2154,0,0,0
2023-06-03,port1154,Santa Marta,2,2,0,7423,0,0,0,0,0,0,7423,0,0,0
2023-06-04,port1154,Santa Marta,0,0,0,0,0,0,0,0,0,0,0,0,0,0
2023-06-05,port1154,Santa Marta,1,1,1108,0,0,1108,0,0,0,0,0,0,0,0
2023-06-06,port1154,Santa Marta,2,1,157,1815,0,0,157,0,0,0,1815,0,0,0
2023-06-07,port1154,Santa Marta,1,0,0,0,0,0,0,0,0,0,0,0,0,0
2023-06-08,port1154,Santa Marta,2,1,33065,1537,33065,0,0,0,0,0,1537,0,0,0
2023-06-09,port1154,Santa Marta,3,1,15381,5712,14527,854,0,0,0,0,2154,3557,0,0
2023-06-10,port1154,Santa Marta,1,1,5266,0,0,5266,0,0,0,0,0,0,0,0
2023-06-11,port1154,Santa Marta,2,1,12150,4896,12150,0,0,0,0,0,4896,0,0,0
2023-06-12,port1154,Santa Marta,1,1,369,0,0,369,0,0,0,0,0,0,0,0
2023-06-13,port1154,Santa Marta,4,1,71934,2510,56036,678,15219,0,0,0,0,2510,0,0
2023-06-14,port1154,Santa Marta,0,0,0,0,0,0,0,0,0,0,0,0,0,0
2023-06-15,port1154,Santa Marta,1,1,775,0,0,775,0,0,0,0,0,0,0,0
2023-06-16,port1154,Santa Marta,2,1,854,5253,0,854,0,0,0,0,2154,3099,0,0
2023-06-17,port1154,Santa Marta,5,2,6308,4308,3195,1708,841,0,561,0,4308,0,0,0
2023-06-18,port1154,Santa Marta,2,0,17690,7248,15814,0,1875,0,0,6465,0,782,0,0
2023-06-19,port1154,Santa Marta,2,1,742,15443,0,742,0,0,0,15443,0,0,0,0
2023-06-20,port1154,Santa Marta,2,0,713,12639,0,0,713,0,0,0,0,0,12639,0
2023-06-21,port1154,Santa Marta,3,1,26250,37849,25395,854,0,0,0,35694,2154,0,0,0
2023-06-22,port1154,Santa Marta,3,2,15146,386,15146,0,0,0,0,0,386,0,0,0
2023-06-23,port1154,Santa Marta,1,1,0,2903,0,0,0,0,0,0,2903,0,0,0
2023-06-24,port1154,Santa Marta,2,1,0,8793,0,0,0,0,0,0,4590,0,4203,0
2023-06-25,port1154,Santa Marta,1,1,0,6387,0,0,0,0,0,0,6387,0,0,0
2023-06-26,port1154,Santa Marta,2,1,4524,2154,0,854,0,3669,0,0,2154,0,0,0
2023-06-27,port1154,Santa Marta,1,1,0,679,0,0,0,0,0,0,679,0,0,0
2023-06-28,port1154,Santa Marta,0,0,0,0,0,0,0,0,0,0,0,0,0,0
2023-06-29,port1154,Santa Marta,2,1,854,35675,0,854,0,0,0,33521,2154,0,0,0
2023-06-30,port1154,Santa Marta,1,1,0,665,0,0,0,0,0,0,665,0,0,0
2023-07-01,port1154,Santa Marta,3,1,8625,2154,7771,854,0,0,0,0,2154,0,0,0
2023-07-02,port1154,Santa Marta,3,0,10048,0,9883,0,164,0,0,0,0,0,0,0
2023-07-03,port1154,Santa Marta,3,1,1469,23882,0,854,0,615,0,21728,2154,0,0,0
2023-07-04,port1154,Santa Marta,1,1,605,0,0,605,0,0,0,0,0,0,0,0
2023-07-05,port1154,Santa Marta,2,0,17008,38691,17008,0,0,0,0,38691,0,0,0,0
2023-07-06,port1154,Santa Marta,1,1,854,2154,0,854,0,0,0,0,2154,0,0,0
2023-07-07,port1154,Santa Marta,2,1,32457,0,30518,1939,0,0,0,0,0,0,0,0
2023-07-08,port1154,Santa Marta,3,2,13136,3586,13136,0,0,0,0,0,3586,0,0,0
2023-07-09,port1154,Santa Marta,3,1,945,36074,0,0,945,0,0,30687,5387,0,0,0
2023-07-10,port1154,Santa Marta,4,1,11198,457,10460,738,0,0,0,0,0,0,0,457
2023-07-11,port1154,Santa Marta,1,1,854,2154,0,854,0,0,0,0,2154,0,0,0
2023-07-12,port1154,Santa Marta,0,0,0,0,0,0,0,0,0,0,0,0,0,0
2023-07-13,port1154,Santa Marta,3,1,33297,2154,32443,854,0,0,0,0,2154,0,0,0
2023-07-14,port1154,Santa Marta,2,1,0,4657,0,0,0,0,0,0,488,4169,0,0
2023-07-15,port1154,Santa Marta,4,2,1954,2824,0,854,1100,0,0,0,2792,0,32,0
2023-07-16,port1154,Santa Marta,1,1,0,5901,0,0,0,0,0,0,5901,0,0,0
2023-07-17,port1154,Santa Marta,4,1,9087,0,5263,740,0,0,3083,0,0,0,0,0
2023-07-18,port1154,Santa Marta,3,1,0,30490,0,0,0,0,0,25545,2423,2520,0,0
2023-07-19,port1154,Santa Marta,1,0,0,6294,0,0,0,0,0,0,0,0,6294,0
2023-07-20,port1154,Santa Marta,1,1,386,0,0,386,0,0,0,0,0,0,0,0
2023-07-21,port1154,Santa Marta,4,1,9583,4042,1113,8470,0,0,0,0,0,0,4042,0
2023-07-22,port1154,Santa Marta,3,2,0,7531,0,0,0,0,0,3315,4216,0,0,0
2023-07-23,port1154,Santa Marta,2,1,20666,4902,20666,0,0,0,0,0,4902,0,0,0
2023-07-24,port1154,Santa Marta,1,1,3318,0,0,3318,0,0,0,0,0,0,0,0
2023-07-25,port1154,Santa Marta,1,0,0,2153,0,0,0,0,0,0,0,2153,0,0
2023-07-26,port1154,Santa Marta,2,1,2576,2154,1722,854,0,0,0,0,2154,0,0,0
2023-07-27,port1154,Santa Marta,2,1,25316,387,25316,0,0,0,0,0,387,0,0,0
2023-07-28,port1154,Santa Marta,2,1,22052,961,22052,0,0,0,0,0,961,0,0,0
2023-07-29,port1154,Santa Marta,2,2,4593,2154,0,4593,0,0,0,0,2154,0,0,0
2023-07-30,port1154,Santa Marta,2,1,12256,10805,12256,0,0,0,0,0,10805,0,0,0
2023-07-31,port1154,Santa Marta,2,1,43169,0,41334,1835,0,0,0,0,0,0,0,0
2023-08-01,port1154,Santa Marta,2,1,8842,605,8842,0,0,0,0,0,605,0,0,0
2023-08-02,port1154,Santa Marta,1,0,0,25347,0,0,0,0,0,25347,0,0,0,0
2023-08-03,port1154,Santa Marta,2,1,779,3086,0,0,779,0,0,0,3086,0,0,0
2023-08-04,port1154,Santa Marta,2,1,17633,0,13751,3881,0,0,0,0,0,0,0,0
2023-08-05,port1154,Santa Marta,3,2,1875,5009,0,0,1875,0,0,0,4227,782,0,0
2023-08-06,port1154,Santa Marta,1,1,0,7923,0,0,0,0,0,0,7923,0,0,0
2023-08-07,port1154,Santa Marta,2,1,1501,11036,0,1501,0,0,0,11036,0,0,0,0
2023-08-08,port1154,Santa Marta,2,1,27856,2018,27856,0,0,0,0,0,2018,0,0,0
2023-08-09,port1154,Santa Marta,1,0,0,38055,0,0,0,0,0,38055,0,0,0,0
2023-08-10,port1154,Santa Marta,2,1,11641,776,11641,0,0,0,0,0,776,0,0,0
2023-08-11,port1154,Santa Marta,4,1,30023,2286,29169,854,0,0,0,0,2154,131,0,0
2023-08-12,port1154,Santa Marta,2,1,12079,1524,12079,0,0,0,0,0,1524,0,0,0
2023-08-13,port1154,Santa Marta,1,1,0,11310,0,0,0,0,0,0,11310,0,0,0
2023-08-14,port1154,Santa Marta,2,1,27188,0,26444,744,0,0,0,0,0,0,0,0
2023-08-15,port1154,Santa Marta,1,1,0,1808,0,0,0,0,0,0,1808,0,0,0
2023-08-16,port1154,Santa Marta,1,0,10927,0,10927,0,0,0,0,0,0,0,0,0
2023-08-17,port1154,Santa Marta,3,1,20103,8620,19249,854,0,0,0,6465,2154,0,0,0
2023-08-18,port1154,Santa Marta,1,1,959,0,0,959,0,0,0,0,0,0,0,0
2023-08-19,port1154,Santa Marta,2,2,0,2485,0,0,0,0,0,0,2485,0,0,0
2023-08-20,port1154,Santa Marta,2,0,8482,0,7655,0,827,0,0,0,0,0,0,0
2023-08-21,port1154,Santa Marta,2,1,2220,13507,0,2220,0,0,0,13507,0,0,0,0
2023-08-22,port1154,Santa Marta,2,1,0,7448,0,0,0,0,0,0,2418,5030,0,0
2023-08-23,port1154,Santa Marta,2,0,12544,884,12544,0,0,0,0,0,0,0,884,0
2023-08-24,port1154,Santa Marta,2,1,12409,0,11636,772,0,0,0,0,0,0,0,0
2023-08-25,port1154,Santa Marta,1,1,854,2154,0,854,0,0,0,0,2154,0,0,0
2023-08-26,port1154,Santa Marta,3,2,8521,1075,0,8521,0,0,0,0,0,0,1075,0
2023-08-27,port1154,Santa Marta,3,1,15814,11397,15814,0,0,0,0,6465,4931,0,0,0
2023-08-28,port1154,Santa Marta,3,1,27875,0,23670,2603,0,1602,0,0,0,0,0,0
2023-08-29,port1154,Santa Marta,2,0,29859,4692,29859,0,0,0,0,0,0,4692,0,0
2023-08-30,port1154,Santa Marta,2,1,13857,1808,13857,0,0,0,0,0,1808,0,0,0
2023-08-31,port1154,Santa Marta,1,1,0,776,0,0,0,0,0,0,776,0,0,0
2023-09-01,port1154,Santa Marta,2,1,0,981,0,0,0,0,0,0,981,0,0,0
2023-09-02,port1154,Santa Marta,4,3,7235,7396,6380,854,0,0,0,0,7396,0,0,0
2023-09-03,port1154,Santa Marta,0,0,0,0,0,0,0,0,0,0,0,0,0,0
2023-09-04,port1154,Santa Marta,1,1,0,1106,0,0,0,0,0,0,1106,0,0,0
2023-09-05,port1154,Santa Marta,2,1,33243,2870,33243,0,0,0,0,0,2870,0,0,0
2023-09-06,port1154,Santa Marta,3,1,4454,772,0,0,0,3849,605,0,679,0,0,92
2023-09-07,port1154,Santa Marta,1,1,0,1551,0,0,0,0,0,0,1551,0,0,0
2023-09-08,port1154,Santa Marta,2,1,16242,0,14798,1444,0,0,0,0,0,0,0,0
2023-09-09,port1154,Santa Marta,2,2,0,3384,0,0,0,0,0,0,3384,0,0,0
2023-09-10,port1154,Santa Marta,0,0,0,0,0,0,0,0,0,0,0,0,0,0
2023-09-11,port1154,Santa Marta,3,1,1268,0,0,1114,0,0,154,0,0,0,0,0
2023-09-12,port1154,Santa Marta,2,2,854,3845,0,854,0,0,0,0,3845,0,0,0
2023-09-13,port1154,Santa Marta,0,0,0,0,0,0,0,0,0,0,0,0,0,0
2023-09-14,port1154,Santa Marta,2,1,488,387,0,0,488,0,0,0,387,0,0,0
2023-09-15,port1154,Santa Marta,1,1,2408,0,0,2408,0,0,0,0,0,0,0,0
2023-09-16,port1154,Santa Marta,2,2,854,4707,0,854,0,0,0,0,4707,0,0,0
2023-09-17,port1154,Santa Marta,1,1,0,9812,0,0,0,0,0,0,9812,0,0,0
2023-09-18,port1154,Santa Marta,2,1,4544,0,0,3445,1098,0,0,0,0,0,0,0
2023-09-19,port1154,Santa Marta,0,0,0,0,0,0,0,0,0,0,0,0,0,0
2023-09-20,port1154,Santa Marta,1,1,676,0,0,676,0,0,0,0,0,0,0,0
2023-09-21,port1154,Santa Marta,1,1,0,1547,0,0,0,0,0,0,1547,0,0,0
2023-09-22,port1154,Santa Marta,1,1,0,4109,0,0,0,0,0,0,4109,0,0,0
2023-09-23,port1154,Santa Marta,5,3,3034,11084,0,854,2179,0,0,0,10302,782,0,0
2023-09-24,port1154,Santa Marta,1,0,9954,0,9954,0,0,0,0,0,0,0,0,0
2023-09-25,port1154,Santa Marta,2,1,7914,0,6795,1118,0,0,0,0,0,0,0,0
2023-09-26,port1154,Santa Marta,1,0,356,0,0,0,356,0,0,0,0,0,0,0
2023-09-27,port1154,Santa Marta,1,0,0,0,0,0,0,0,0,0,0,0,0,0
2023-09-28,port1154,Santa Marta,2,1,5309,779,0,0,5309,0,0,0,779,0,0,0
2023-09-29,port1154,Santa Marta,1,1,854,2154,0,854,0,0,0,0,2154,0,0,0
2023-09-30,port1154,Santa Marta,2,2,854,3686,0,854,0,0,0,0,3686,0,0,0
2023-10-01,port1154,Santa Marta,3,1,15814,46642,15814,0,0,0,0,38272,8370,0,0,0
2023-10-02,port1154,Santa Marta,2,2,0,933,0,0,0,0,0,0,933,0,0,0
2023-10-03,port1154,Santa Marta,3,1,0,31814,0,0,0,0,0,26516,605,4692,0,0
2023-10-04,port1154,Santa Marta,0,0,0,0,0,0,0,0,0,0,0,0,0,0
2023-10-05,port1154,Santa Marta,1,1,387,0,0,387,0,0,0,0,0,0,0,0
2023-10-06,port1154,Santa Marta,2,1,36329,2154,35474,854,0,0,0,0,2154,0,0,0
2023-10-07,port1154,Santa Marta,2,2,263,3556,0,263,0,0,0,0,3556,0,0,0
2023-10-08,port1154,Santa Marta,1,0,33620,0,33620,0,0,0,0,0,0,0,0,0
2023-10-09,port1154,Santa Marta,2,1,1492,8125,0,1492,0,0,0,8125,0,0,0,0
2023-10-10,port1154,Santa Marta,1,0,17271,0,17271,0,0,0,0,0,0,0,0,0
2023-10-11,port1154,Santa Marta,1,1,0,3044,0,0,0,0,0,0,3044,0,0,0
2023-10-12,port1154,Santa Marta,2,1,58599,2154,57745,854,0,0,0,0,2154,0,0,0
2023-10-13,port1154,Santa Marta,1,1,479,0,0,479,0,0,0,0,0,0,0,0
2023-10-14,port1154,Santa Marta,3,3,1708,11654,0,1708,0,0,0,0,11654,0,0,0
2023-10-15,port1154,Santa Marta,3,0,50044,549,49439,0,0,0,605,0,0,0,0,549
2023-10-16,port1154,Santa Marta,2,1,18020,2154,17165,854,0,0,0,0,2154,0,0,0
2023-10-17,port1154,Santa Marta,1,1,0,1350,0,0,0,0,0,0,1350,0,0,0
2023-10-18,port1154,Santa Marta,1,0,923,0,0,0,923,0,0,0,0,0,0,0
2023-10-19,port1154,Santa Marta,1,1,0,387,0,0,0,0,0,0,387,0,0,0
2023-10-20,port1154,Santa Marta,2,1,0,59537,0,0,0,0,0,58055,1481,0,0,0
2023-10-21,port1154,Santa Marta,4,3,11609,3107,10743,866,0,0,0,0,3107,0,0,0
2023-10-22,port1154,Santa Marta,1,1,0,6882,0,0,0,0,0,0,6882,0,0,0
2023-10-23,port1154,Santa Marta,3,2,27300,1689,26928,371,0,0,0,0,1689,0,0,0
2023-10-24,port1154,Santa Marta,1,1,1214,0,0,1214,0,0,0,0,0,0,0,0
2023-10-25,port1154,Santa Marta,1,0,0,0,0,0,0,0,0,0,0,0,0,0
2023-10-26,port1154,Santa Marta,1,0,921,0,0,0,921,0,0,0,0,0,0,0
2023-10-27,port1154,Santa Marta,2,2,390,966,0,390,0,0,0,0,966,0,0,0
2023-10-28,port1154,Santa Marta,1,1,0,510,0,0,0,0,0,0,510,0,0,0
2023-10-29,port1154,Santa Marta,3,1,0,14803,0,0,0,0,0,5820,7388,0,1593,0
2023-10-30,port1154,Santa Marta,2,1,2603,0,0,2603,0,0,0,0,0,0,0,0
2023-10-31,port1154,Santa Marta,2,1,0,6446,0,0,0,0,0,0,683,5763,0,0
2023-11-01,port1154,Santa Marta,1,0,9912,0,9912,0,0,0,0,0,0,0,0,0
2023-11-02,port1154,Santa Marta,1,1,854,2154,0,854,0,0,0,0,2154,0,0,0
2023-11-03,port1154,Santa Marta,2,1,762,965,762,0,0,0,0,0,965,0,0,0
2023-11-04,port1154,Santa Marta,3,3,854,6080,0,854,0,0,0,0,6080,0,0,0
2023-11-05,port1154,Santa Marta,0,0,0,0,0,0,0,0,0,0,0,0,0,0
2023-11-06,port1154,Santa Marta,1,1,735,0,0,735,0,0,0,0,0,0,0,0
2023-11-07,port1154,Santa Marta,2,0,0,26243,0,0,0,0,0,22659,0,3584,0,0
2023-11-08,port1154,Santa Marta,1,0,1041,0,1041,0,0,0,0,0,0,0,0,0
2023-11-09,port1154,Santa Marta,1,1,854,2154,0,854,0,0,0,0,2154,0,0,0
2023-11-10,port1154,Santa Marta,1,1,0,484,0,0,0,0,0,0,484,0,0,0
2023-11-11,port1154,Santa Marta,2,2,0,1791,0,0,0,0,0,0,1791,0,0,0
2023-11-12,port1154,Santa Marta,1,1,0,7424,0,0,0,0,0,0,7424,0,0,0
2023-11-13,port1154,Santa Marta,2,1,7801,2154,6947,854,0,0,0,0,2154,0,0,0
2023-11-14,port1154,Santa Marta,2,1,53648,1206,53648,0,0,0,0,0,1206,0,0,0
2023-11-15,port1154,Santa Marta,1,0,0,7431,0,0,0,0,0,0,0,0,7431,0
2023-11-16,port1154,Santa Marta,3,1,0,64772,0,0,0,0,0,53945,389,0,10438,0
2023-11-17,port1154,Santa Marta,2,1,491,2134,0,491,0,0,0,0,0,2134,0,0
2023-11-18,port1154,Santa Marta,2,2,854,3168,0,854,0,0,0,0,3168,0,0,0
2023-11-19,port1154,Santa Marta,2,1,0,8315,0,0,0,0,0,0,8315,0,0,0
2023-11-20,port1154,Santa Marta,1,1,1599,0,0,1599,0,0,0,0,0,0,0,0
2023-11-21,port1154,Santa Marta,1,0,2897,0,2897,0,0,0,0,0,0,0,0,0
2023-11-22,port1154,Santa Marta,2,1,4176,1811,4176,0,0,0,0,0,1811,0,0,0
2023-11-23,port1154,Santa Marta,1,1,854,2154,0,854,0,0,0,0,2154,0,0,0
2023-11-24,port1154,Santa Marta,2,1,58374,3388,58374,0,0,0,0,0,3388,0,0,0
2023-11-25,port1154,Santa Marta,4,3,1497,8071,0,854,0,643,0,0,8071,0,0,0
2023-11-26,port1154,Santa Marta,2,1,1200,11344,0,1200,0,0,0,0,0,11344,0,0
2023-11-27,port1154,Santa Marta,0,0,0,0,0,0,0,0,0,0,0,0,0,0
2023-11-28,port1154,Santa Marta,1,1,672,0,0,672,0,0,0,0,0,0,0,0
2023-11-29,port1154,Santa Marta,2,0,0,36039,0,0,0,0,0,36039,0,0,0,0
2023-11-30,port1154,Santa Marta,1,1,0,389,0,0,0,0,0,0,389,0,0,0
2023-12-01,port1154,Santa Marta,0,0,0,0,0,0,0,0,0,0,0,0,0,0
2023-12-02,port1154,Santa Marta,2,2,0,2016,0,0,0,0,0,0,2016,0,0,0
2023-12-03,port1154,Santa Marta,0,0,0,0,0,0,0,0,0,0,0,0,0,0
2023-12-04,port1154,Santa Marta,1,0,8889,0,8889,0,0,0,0,0,0,0,0,0
2023-12-05,port1154,Santa Marta,3,0,27763,0,27407,0,356,0,0,0,0,0,0,0
2023-12-06,port1154,Santa Marta,3,2,434,5111,0,0,0,0,434,0,5111,0,0,0
2023-12-07,port1154,Santa Marta,2,1,28870,2154,28016,854,0,0,0,0,2154,0,0,0
2023-12-08,port1154,Santa Marta,1,1,0,493,0,0,0,0,0,0,493,0,0,0
2023-12-09,port1154,Santa Marta,4,3,854,13711,0,854,0,0,0,0,13200,0,0,510
2023-12-10,port1154,Santa Marta,3,0,25111,0,23840,0,1270,0,0,0,0,0,0,0
2023-12-11,port1154,Santa Marta,1,1,0,2249,0,0,0,0,0,0,2249,0,0,0
2023-12-12,port1154,Santa Marta,1,1,0,675,0,0,0,0,0,0,675,0,0,0
2023-12-13,port1154,Santa Marta,1,0,0,3589,0,0,0,0,0,0,0,3589,0,0
2023-12-14,port1154,Santa Marta,1,1,0,774,0,0,0,0,0,0,774,0,0,0
2023-12-15,port1154,Santa Marta,2,1,36379,2154,35525,854,0,0,0,0,2154,0,0,0
2023-12-16,port1154,Santa Marta,4,3,1989,12060,0,0,1989,0,0,0,12060,0,0,0
2023-12-17,port1154,Santa Marta,1,0,29662,0,29662,0,0,0,0,0,0,0,0,0
2023-12-18,port1154,Santa Marta,3,1,16130,6836,15814,0,315,0,0,6465,370,0,0,0
2023-12-19,port1154,Santa Marta,0,0,0,0,0,0,0,0,0,0,0,0,0,0
2023-12-20,port1154,Santa Marta,0,0,0,0,0,0,0,0,0,0,0,0,0,0
2023-12-21,port1154,Santa Marta,2,1,56096,2154,55242,854,0,0,0,0,2154,0,0,0
2023-12-22,port1154,Santa Marta,1,0,0,1068,0,0,0,0,0,0,0,1068,0,0
2023-12-23,port1154,Santa Marta,2,1,4159,9823,0,0,4159,0,0,0,9823,0,0,0
2023-12-24,port1154,Santa Marta,0,0,0,0,0,0,0,0,0,0,0,0,0,0
2023-12-25,port1154,Santa Marta,2,1,44963,0,44222,740,0,0,0,0,0,0,0,0
2023-12-26,port1154,Santa Marta,3,1,12202,2699,12202,0,0,0,0,0,605,0,2094,0
2023-12-27,port1154,Santa Marta,1,1,0,1959,0,0,0,0,0,0,1959,0,0,0
2023-12-28,port1154,Santa Marta,2,1,0,1914,0,0,0,0,0,0,1556,357,0,0
2023-12-29,port1154,Santa Marta,2,0,2077,0,0,0,0,2077,0,0,0,0,0,0
2023-12-30,port1154,Santa Marta,4,2,4669,24316,4669,0,0,0,0,0,11150,0,13165,0
2023-12-31,port1154,Santa Marta,0,0,0,0,0,0,0,0,0,0,0,0,0,0
2024-01-01,port1154,Santa Marta,1,1,0,374,0,0,0,0,0,0,374,0,0,0
2024-01-02,port1154,Santa Marta,1,0,18058,0,18058,0,0,0,0,0,0,0,0,0
2024-01-03,port1154,Santa Marta,1,1,0,606,0,0,0,0,0,0,606,0,0,0
2024-01-04,port1154,Santa Marta,1,1,854,2154,0,854,0,0,0,0,2154,0,0,0
2024-01-05,port1154,Santa Marta,2,1,4184,496,0,0,4184,0,0,0,496,0,0,0
2024-01-06,port1154,Santa Marta,3,2,9427,7626,9427,0,0,0,0,0,7626,0,0,0
2024-01-07,port1154,Santa Marta,1,0,0,1127,0,0,0,0,0,0,0,1127,0,0
2024-01-08,port1154,Santa Marta,0,0,0,0,0,0,0,0,0,0,0,0,0,0
2024-01-09,port1154,Santa Marta,0,0,0,0,0,0,0,0,0,0,0,0,0,0
2024-01-10,port1154,Santa Marta,3,1,66529,8620,65675,854,0,0,0,6465,2154,0,0,0
2024-01-11,port1154,Santa Marta,2,1,7224,1945,7224,0,0,0,0,0,1945,0,0,0
2024-01-12,port1154,Santa Marta,4,1,26063,0,20223,5840,0,0,0,0,0,0,0,0
2024-01-13,port1154,Santa Marta,1,0,7060,0,7060,0,0,0,0,0,0,0,0,0
2024-01-14,port1154,Santa Marta,1,1,0,8378,0,0,0,0,0,0,8378,0,0,0
2024-01-15,port1154,Santa Marta,0,0,0,0,0,0,0,0,0,0,0,0,0,0
2024-01-16,port1154,Santa Marta,1,0,0,3602,0,0,0,0,0,0,0,3602,0,0
2024-01-17,port1154,Santa Marta,3,1,50363,606,50363,0,0,0,0,0,606,0,0,0
2024-01-18,port1154,Santa Marta,2,1,854,2154,0,854,0,0,0,0,2154,0,0,0
2024-01-19,port1154,Santa Marta,1,0,0,60034,0,0,0,0,0,60034,0,0,0,0
2024-01-20,port1154,Santa Marta,2,1,0,762,0,0,0,0,0,0,762,0,0,0
2024-01-21,port1154,Santa Marta,2,1,0,6098,0,0,0,0,0,1171,4926,0,0,0
2024-01-22,port1154,Santa Marta,0,0,0,0,0,0,0,0,0,0,0,0,0,0
2024-01-23,port1154,Santa Marta,3,2,854,3502,0,854,0,0,0,0,3502,0,0,0
2024-01-24,port1154,Santa Marta,3,2,0,9476,0,0,0,0,0,0,4082,5393,0,0
2024-01-25,port1154,Santa Marta,1,1,0,3110,0,0,0,0,0,0,3110,0,0,0
2024-01-26,port1154,Santa Marta,0,0,0,0,0,0,0,0,0,0,0,0,0,0
2024-01-27,port1154,Santa Marta,1,1,0,1348,0,0,0,0,0,0,1348,0,0,0
2024-01-28,port1154,Santa Marta,2,1,2332,15122,0,0,0,2332,0,0,10338,0,4783,0
2024-01-29,port1154,Santa Marta,3,0,0,6964,0,0,0,0,0,2795,0,3654,0,514
2024-01-30,port1154,Santa Marta,1,0,7205,0,7205,0,0,0,0,0,0,0,0,0
2024-01-31,port1154,Santa Marta,2,2,1775,337,0,1775,0,0,0,0,337,0,0,0
2024-02-01,port1154,Santa Marta,2,2,2848,2154,0,2848,0,0,0,0,2154,0,0,0
2024-02-02,port1154,Santa Marta,1,1,0,2891,0,0,0,0,0,0,2891,0,0,0
2024-02-03,port1154,Santa Marta,1,0,11096,0,11096,0,0,0,0,0,0,0,0,0
2024-02-04,port1154,Santa Marta,4,1,4542,2954,0,0,4542,0,0,0,2954,0,0,0
2024-02-05,port1154,Santa Marta,1,1,0,673,0,0,0,0,0,0,673,0,0,0
2024-02-06,port1154,Santa Marta,2,1,0,7128,0,0,0,0,0,0,1818,5309,0,0
2024-02-07,port1154,Santa Marta,2,1,0,6531,0,0,0,0,0,0,1082,0,5449,0
2024-02-08,port1154,Santa Marta,4,2,15503,1862,15503,0,0,0,0,0,1862,0,0,0
2024-02-09,port1154,Santa Marta,1,1,0,2421,0,0,0,0,0,0,2421,0,0,0
2024-02-10,port1154,Santa Marta,1,0,33310,0,33310,0,0,0,0,0,0,0,0,0
2024-02-11,port1154,Santa Marta,2,1,0,7497,0,0,0,0,0,0,2950,0,4546,0
2024-02-12,port1154,Santa Marta,2,2,854,3259,0,854,0,0,0,0,3259,0,0,0
2024-02-13,port1154,Santa Marta,4,1,25382,5169,25382,0,0,0,0,0,1213,3955,0,0
2024-02-14,port1154,Santa Marta,3,1,394,25506,0,394,0,0,0,0,337,0,25168,0
2024-02-15,port1154,Santa Marta,3,1,21828,2154,20974,854,0,0,0,0,2154,0,0,0
2024-02-16,port1154,Santa Marta,1,1,0,977,0,0,0,0,0,0,977,0,0,0
2024-02-17,port1154,Santa Marta,2,2,0,3564,0,0,0,0,0,0,3564,0,0,0
2024-02-18,port1154,Santa Marta,1,0,1477,0,0,0,1477,0,0,0,0,0,0,0
2024-02-19,port1154,Santa Marta,4,1,20888,782,15642,275,4970,0,0,0,0,782,0,0
2024-02-20,port1154,Santa Marta,1,0,1075,0,0,0,1075,0,0,0,0,0,0,0
2024-02-21,port1154,Santa Marta,5,3,21471,12877,21471,0,0,0,0,0,5188,0,7689,0
2024-02-22,port1154,Santa Marta,1,0,12717,0,12717,0,0,0,0,0,0,0,0,0
2024-02-23,port1154,Santa Marta,3,2,0,2365,0,0,0,0,0,0,2365,0,0,0
2024-02-24,port1154,Santa Marta,3,2,605,2061,0,0,0,0,605,0,1968,0,0,92
2024-02-25,port1154,Santa Marta,2,0,36627,0,36627,0,0,0,0,0,0,0,0,0
2024-02-26,port1154,Santa Marta,1,1,0,1098,0,0,0,0,0,0,1098,0,0,0
2024-02-27,port1154,Santa Marta,1,1,0,608,0,0,0,0,0,0,608,0,0,0
2024-02-28,port1154,Santa Marta,3,1,16359,10778,15814,544,0,0,0,6465,0,4312,0,0
2024-02-29,port1154,Santa Marta,2,1,854,79384,0,854,0,0,0,77230,2154,0,0,0
2024-03-01,port1154,Santa Marta,4,1,1706,3218,0,854,852,0,0,0,2154,1064,0,0
2024-03-02,port1154,Santa Marta,3,1,5906,11625,0,5906,0,0,0,0,0,0,11625,0
2024-03-03,port1154,Santa Marta,2,1,13792,2483,13792,0,0,0,0,0,2483,0,0,0
2024-03-04,port1154,Santa Marta,2,0,30889,6465,30889,0,0,0,0,6465,0,0,0,0
2024-03-05,port1154,Santa Marta,1,1,854,2154,0,854,0,0,0,0,2154,0,0,0
2024-03-06,port1154,Santa Marta,5,2,3750,4809,0,0,3750,0,0,0,3245,1564,0,0
2024-03-07,port1154,Santa Marta,2,1,0,17376,0,0,0,0,0,16051,1324,0,0,0
2024-03-08,port1154,Santa Marta,1,1,485,0,0,485,0,0,0,0,0,0,0,0
2024-03-09,port1154,Santa Marta,4,1,22133,6465,22133,0,0,0,0,6465,0,0,0,0
2024-03-10,port1154,Santa Marta,2,1,1798,3911,0,0,1798,0,0,0,3911,0,0,0
2024-03-11,port1154,Santa Marta,4,2,2312,0,0,973,417,0,921,0,0,0,0,0
2024-03-12,port1154,Santa Marta,2,1,854,2154,0,854,0,0,0,0,2154,0,0,0
2024-03-13,port1154,Santa Marta,3,1,24548,704,24277,271,0,0,0,0,0,704,0,0
2024-03-14,port1154,Santa Marta,1,1,854,2154,0,854,0,0,0,0,2154,0,0,0
2024-03-15,port1154,Santa Marta,4,1,37499,0,37003,495,0,0,0,0,0,0,0,0
2024-03-16,port1154,Santa Marta,1,1,1624,0,0,1624,0,0,0,0,0,0,0,0
2024-03-17,port1154,Santa Marta,2,1,11377,4960,11377,0,0,0,0,0,4960,0,0,0
2024-03-18,port1154,Santa Marta,0,0,0,0,0,0,0,0,0,0,0,0,0,0
2024-03-19,port1154,Santa Marta,3,1,19107,2154,17896,854,356,0,0,0,2154,0,0,0
2024-03-20,port1154,Santa Marta,4,3,2373,3902,0,2373,0,0,0,0,0,0,3902,0
2024-03-21,port1154,Santa Marta,1,0,0,4945,0,0,0,0,0,0,0,0,4945,0
2024-03-22,port1154,Santa Marta,2,2,0,1302,0,0,0,0,0,0,1302,0,0,0
2024-03-23,port1154,Santa Marta,3,1,15532,7126,0,854,0,14678,0,0,2154,0,0,4972
2024-03-24,port1154,Santa Marta,1,1,0,11303,0,0,0,0,0,0,11303,0,0,0
2024-03-25,port1154,Santa Marta,2,1,0,756,0,0,0,0,0,0,756,0,0,0
2024-03-26,port1154,Santa Marta,3,1,605,1668,0,0,0,0,605,0,1219,356,0,92
2024-03-27,port1154,Santa Marta,3,2,14837,0,13009,1828,0,0,0,0,0,0,0,0
2024-03-28,port1154,Santa Marta,2,0,15814,62940,15814,0,0,0,0,62940,0,0,0,0
2024-03-29,port1154,Santa Marta,2,2,2548,0,0,2548,0,0,0,0,0,0,0,0
2024-03-30,port1154,Santa Marta,1,1,0,9812,0,0,0,0,0,0,9812,0,0,0
2024-03-31,port1154,Santa Marta,3,1,22452,2154,21598,854,0,0,0,0,2154,0,0,0
2024-04-01,port1154,Santa Marta,1,1,0,2671,0,0,0,0,0,0,2671,0,0,0
2024-04-02,port1154,Santa Marta,3,0,4672,9556,4672,0,0,0,0,0,0,5379,4176,0
2024-04-03,port1154,Santa Marta,3,2,4780,5889,0,2237,0,2543,0,0,268,0,5620,0
2024-04-04,port1154,Santa Marta,2,1,53016,330,53016,0,0,0,0,0,330,0,0,0
2024-04-05,port1154,Santa Marta,3,1,0,5164,0,0,0,0,0,3258,488,1417,0,0
2024-04-06,port1154,Santa Marta,4,2,59931,2982,58056,0,1875,0,0,0,2200,782,0,0
2024-04-07,port1154,Santa Marta,0,0,0,0,0,0,0,0,0,0,0,0,0,0
2024-04-08,port1154,Santa Marta,1,0,2929,0,2929,0,0,0,0,0,0,0,0,0
2024-04-09,port1154,Santa Marta,1,0,5726,0,0,0,5726,0,0,0,0,0,0,0
2024-04-10,port1154,Santa Marta,3,1,4148,92,0,1212,2330,0,605,0,0,0,0,92
2024-04-11,port1154,Santa Marta,2,1,11673,389,11673,0,0,0,0,0,389,0,0,0
2024-04-12,port1154,Santa Marta,1,1,0,496,0,0,0,0,0,0,496,0,0,0
2024-04-13,port1154,Santa Marta,2,1,18428,1084,18428,0,0,0,0,0,1084,0,0,0
2024-04-14,port1154,Santa Marta,0,0,0,0,0,0,0,0,0,0,0,0,0,0
2024-04-15,port1154,Santa Marta,2,2,983,2412,0,983,0,0,0,0,2412,0,0,0
2024-04-16,port1154,Santa Marta,3,1,18069,13573,15814,2254,0,0,0,6465,0,0,7107,0
2024-04-17,port1154,Santa Marta,1,1,678,0,0,678,0,0,0,0,0,0,0,0
2024-04-18,port1154,Santa Marta,2,2,0,2919,0,0,0,0,0,0,2919,0,0,0
2024-04-19,port1154,Santa Marta,3,1,16669,19162,15814,854,0,0,0,17008,2154,0,0,0
2024-04-20,port1154,Santa Marta,1,1,0,0,0,0,0,0,0,0,0,0,0,0
2024-04-21,port1154,Santa Marta,1,1,0,5911,0,0,0,0,0,0,5911,0,0,0
2024-04-22,port1154,Santa Marta,2,0,12886,20493,12886,0,0,0,0,0,0,0,20493,0
2024-04-23,port1154,Santa Marta,1,0,729,1751,0,0,729,0,0,0,0,1751,0,0
2024-04-24,port1154,Santa Marta,2,1,15814,8283,15814,0,0,0,0,6465,1817,0,0,0
2024-04-25,port1154,Santa Marta,4,2,0,17047,0,0,0,0,0,0,4903,0,12143,0
2024-04-26,port1154,Santa Marta,2,2,1396,2154,0,1396,0,0,0,0,2154,0,0,0
2024-04-27,port1154,Santa Marta,3,1,36351,20582,36351,0,0,0,0,0,5399,0,15183,0
2024-04-28,port1154,Santa Marta,1,0,7510,0,7510,0,0,0,0,0,0,0,0,0
2024-04-29,port1154,Santa Marta,2,0,36096,3593,36096,0,0,0,0,0,0,3593,0,0
2024-04-30,port1154,Santa Marta,3,1,14554,3120,14554,0,0,0,0,0,2416,704,0,0
2024-05-01,port1154,Santa Marta,0,0,0,0,0,0,0,0,0,0,0,0,0,0
2024-05-02,port1154,Santa Marta,3,1,36416,0,35154,269,991,0,0,0,0,0,0,0
2024-05-03,port1154,Santa Marta,2,2,985,1666,0,985,0,0,0,0,1666,0,0,0
2024-05-04,port1154,Santa Marta,2,1,1305,0,0,0,0,0,1305,0,0,0,0,0
2024-05-05,port1154,Santa Marta,4,1,32405,15891,31629,0,775,0,0,12931,2959,0,0,0
2024-05-06,port1154,Santa Marta,1,0,0,0,0,0,0,0,0,0,0,0,0,0
2024-05-07,port1154,Santa Marta,3,0,55595,3593,54502,0,0,1092,0,0,0,3593,0,0
2024-05-08,port1154,Santa Marta,2,2,3765,0,0,3765,0,0,0,0,0,0,0,0
2024-05-09,port1154,Santa Marta,1,1,368,0,0,368,0,0,0,0,0,0,0,0
2024-05-10,port1154,Santa Marta,2,1,972,3191,0,972,0,0,0,0,0,3191,0,0
2024-05-11,port1154,Santa Marta,3,1,1875,4521,0,0,1875,0,0,0,3739,782,0,0
2024-05-12,port1154,Santa Marta,2,1,23817,490,23817,0,0,0,0,0,490,0,0,0
2024-05-13,port1154,Santa Marta,0,0,0,0,0,0,0,0,0,0,0,0,0,0
2024-05-14,port1154,Santa Marta,2,1,1583,3905,0,854,729,0,0,0,2154,1751,0,0
2024-05-15,port1154,Santa Marta,1,0,15814,6465,15814,0,0,0,0,6465,0,0,0,0
2024-05-16,port1154,Santa Marta,2,2,0,2198,0,0,0,0,0,0,2198,0,0,0
2024-05-17,port1154,Santa Marta,2,1,854,3100,0,854,0,0,0,0,2154,946,0,0
2024-05-18,port1154,Santa Marta,3,1,15814,9087,15814,0,0,0,0,6465,0,0,2621,0
2024-05-19,port1154,Santa Marta,3,2,4590,7795,0,4590,0,0,0,0,7795,0,0,0
2024-05-20,port1154,Santa Marta,2,0,1058,0,0,0,1058,0,0,0,0,0,0,0
2024-05-21,port1154,Santa Marta,2,1,1530,0,0,607,0,0,922,0,0,0,0,0
2024-05-22,port1154,Santa Marta,2,0,15490,0,0,0,15490,0,0,0,0,0,0,0
2024-05-23,port1154,Santa Marta,2,2,272,2215,0,272,0,0,0,0,2215,0,0,0
2024-05-24,port1154,Santa Marta,1,1,482,0,0,482,0,0,0,0,0,0,0,0
2024-05-25,port1154,Santa Marta,2,1,0,17160,0,0,0,0,0,16618,541,0,0,0
2024-05-26,port1154,Santa Marta,1,1,0,2183,0,0,0,0,0,0,2183,0,0,0
2024-05-27,port1154,Santa Marta,1,0,9103,0,9103,0,0,0,0,0,0,0,0,0
2024-05-28,port1154,Santa Marta,3,1,0,5244,0,0,0,0,0,0,2029,3214,0,0
2024-05-29,port1154,Santa Marta,3,0,4363,11142,4363,0,0,0,0,0,0,0,11142,0
2024-05-30,port1154,Santa Marta,2,2,0,1867,0,0,0,0,0,0,1867,0,0,0
2024-05-31,port1154,Santa Marta,1,1,495,0,0,495,0,0,0,0,0,0,0,0
2024-06-01,port1154,Santa Marta,1,1,0,0,0,0,0,0,0,0,0,0,0,0
2024-06-02,port1154,Santa Marta,2,1,2174,5399,0,0,2174,0,0,0,5399,0,0,0
2024-06-03,port1154,Santa Marta,2,0,19056,0,18543,0,0,0,513,0,0,0,0,0
2024-06-04,port1154,Santa Marta,1,0,0,2507,0,0,0,0,0,0,0,2507,0,0
2024-06-05,port1154,Santa Marta,3,1,21495,45846,20888,607,0,0,0,45846,0,0,0,0
2024-06-06,port1154,Santa Marta,2,2,539,2209,0,539,0,0,0,0,2209,0,0,0
2024-06-07,port1154,Santa Marta,1,1,0,483,0,0,0,0,0,0,483,0,0,0
2024-06-08,port1154,Santa Marta,4,2,14728,5407,13889,0,838,0,0,0,5407,0,0,0
2024-06-09,port1154,Santa Marta,0,0,0,0,0,0,0,0,0,0,0,0,0,0
2024-06-10,port1154,Santa Marta,1,0,19332,0,19332,0,0,0,0,0,0,0,0,0
2024-06-11,port1154,Santa Marta,2,0,18356,2859,18356,0,0,0,0,0,0,2859,0,0
2024-06-12,port1154,Santa Marta,1,1,0,608,0,0,0,0,0,0,608,0,0,0
2024-06-13,port1154,Santa Marta,2,1,0,2135,0,0,0,0,0,0,1324,0,810,0
2024-06-14,port1154,Santa Marta,2,1,854,2507,0,854,0,0,0,0,2154,353,0,0
2024-06-15,port1154,Santa Marta,2,1,1443,2154,0,854,589,0,0,0,2154,0,0,0
2024-06-16,port1154,Santa Marta,1,1,0,7385,0,0,0,0,0,0,7385,0,0,0
2024-06-17,port1154,Santa Marta,0,0,0,0,0,0,0,0,0,0,0,0,0,0
2024-06-18,port1154,Santa Marta,2,1,30531,605,30531,0,0,0,0,0,605,0,0,0
2024-06-19,port1154,Santa Marta,1,0,15185,0,15185,0,0,0,0,0,0,0,0,0
2024-06-20,port1154,Santa Marta,1,1,545,0,0,545,0,0,0,0,0,0,0,0
2024-06-21,port1154,Santa Marta,3,2,854,3264,0,854,0,0,0,0,3264,0,0,0
2024-06-22,port1154,Santa Marta,2,2,1937,2154,0,1937,0,0,0,0,2154,0,0,0
2024-06-23,port1154,Santa Marta,2,1,0,13906,0,0,0,0,0,9960,3945,0,0,0
2024-06-24,port1154,Santa Marta,0,0,0,0,0,0,0,0,0,0,0,0,0,0
2024-06-25,port1154,Santa Marta,4,1,5055,59332,0,1169,3885,0,0,59332,0,0,0,0
2024-06-26,port1154,Santa Marta,2,2,1216,0,0,1216,0,0,0,0,0,0,0,0
2024-06-27,port1154,Santa Marta,1,0,16890,0,16890,0,0,0,0,0,0,0,0,0
2024-06-28,port1154,Santa Marta,2,2,854,2487,0,854,0,0,0,0,2487,0,0,0
2024-06-29,port1154,Santa Marta,1,1,0,0,0,0,0,0,0,0,0,0,0,0
2024-06-30,port1154,Santa Marta,1,1,0,10694,0,0,0,0,0,0,10694,0,0,0
2024-07-01,port1154,Santa Marta,1,0,0,0,0,0,0,0,0,0,0,0,0,0
2024-07-02,port1154,Santa Marta,2,1,385,712,0,385,0,0,0,0,0,712,0,0
2024-07-03,port1154,Santa Marta,3,1,15814,7068,15814,0,0,0,0,6465,602,0,0,0
2024-07-04,port1154,Santa Marta,1,1,0,269,0,0,0,0,0,0,269,0,0,0
2024-07-05,port1154,Santa Marta,4,2,8641,3130,7787,854,0,0,0,0,3130,0,0,0
2024-07-06,port1154,Santa Marta,3,1,19841,834,19841,0,0,0,0,0,510,323,0,0
2024-07-07,port1154,Santa Marta,2,1,6145,7632,6145,0,0,0,0,0,7632,0,0,0
2024-07-08,port1154,Santa Marta,2,1,0,677,0,0,0,0,0,0,677,0,0,0
2024-07-09,port1154,Santa Marta,3,0,48600,0,48243,0,356,0,0,0,0,0,0,0
2024-07-10,port1154,Santa Marta,1,0,0,1631,0,0,0,0,0,0,0,1631,0,0
2024-07-11,port1154,Santa Marta,3,2,37076,2847,37076,0,0,0,0,0,2847,0,0,0
2024-07-12,port1154,Santa Marta,2,0,27821,0,26995,0,826,0,0,0,0,0,0,0
2024-07-13,port1154,Santa Marta,2,1,0,153,0,0,0,0,0,0,0,153,0,0
2024-07-14,port1154,Santa Marta,3,2,774,4920,0,774,0,0,0,0,4920,0,0,0
2024-07-15,port1154,Santa Marta,4,0,8204,67032,7577,0,627,0,0,58210,0,0,8821,0
2024-07-16,port1154,Santa Marta,1,0,167,0,167,0,0,0,0,0,0,0,0,0
2024-07-17,port1154,Santa Marta,3,2,854,6361,0,854,0,0,0,0,3146,3214,0,0
2024-07-18,port1154,Santa Marta,2,2,854,2422,0,854,0,0,0,0,2422,0,0,0
2024-07-19,port1154,Santa Marta,4,1,11649,3407,10109,0,0,0,1540,0,1979,1428,0,0
2024-07-20,port1154,Santa Marta,4,1,19133,2550,16782,0,1045,0,1305,0,2550,0,0,0
2024-07-21,port1154,Santa Marta,1,1,0,4392,0,0,0,0,0,0,4392,0,0,0
2024-07-22,port1154,Santa Marta,0,0,0,0,0,0,0,0,0,0,0,0,0,0
2024-07-23,port1154,Santa Marta,1,1,0,1813,0,0,0,0,0,0,1813,0,0,0
2024-07-24,port1154,Santa Marta,0,0,0,0,0,0,0,0,0,0,0,0,0,0
2024-07-25,port1154,Santa Marta,3,2,2151,0,0,2151,0,0,0,0,0,0,0,0
2024-07-26,port1154,Santa Marta,1,1,973,0,0,973,0,0,0,0,0,0,0,0
2024-07-27,port1154,Santa Marta,1,0,0,59024,0,0,0,0,0,59024,0,0,0,0
2024-07-28,port1154,Santa Marta,1,1,0,9334,0,0,0,0,0,0,9334,0,0,0
2024-07-29,port1154,Santa Marta,2,2,6017,0,0,6017,0,0,0,0,0,0,0,0
2024-07-30,port1154,Santa Marta,0,0,0,0,0,0,0,0,0,0,0,0,0,0
2024-07-31,port1154,Santa Marta,1,0,0,2740,0,0,0,0,0,0,0,2740,0,0
2024-08-01,port1154,Santa Marta,2,1,3304,2154,2449,854,0,0,0,0,2154,0,0,0
2024-08-02,port1154,Santa Marta,3,1,29997,7248,29997,0,0,0,0,0,467,0,6781,0
2024-08-03,port1154,Santa Marta,2,1,7698,2041,7698,0,0,0,0,0,2041,0,0,0
2024-08-04,port1154,Santa Marta,1,1,0,7848,0,0,0,0,0,0,7848,0,0,0
2024-08-05,port1154,Santa Marta,2,1,4671,0,2451,2220,0,0,0,0,0,0,0,0
2024-08-06,port1154,Santa Marta,3,1,854,39975,0,854,0,0,0,37464,2154,356,0,0
2024-08-07,port1154,Santa Marta,1,0,0,0,0,0,0,0,0,0,0,0,0,0
2024-08-08,port1154,Santa Marta,2,2,0,4661,0,0,0,0,0,0,4661,0,0,0
2024-08-09,port1154,Santa Marta,1,1,0,1481,0,0,0,0,0,0,1481,0,0,0
2024-08-10,port1154,Santa Marta,4,1,18686,9303,15814,854,2017,0,0,6465,2154,682,0,0
2024-08-11,port1154,Santa Marta,2,1,49964,9393,49964,0,0,0,0,0,9393,0,0,0
2024-08-12,port1154,Santa Marta,1,0,8772,0,8772,0,0,0,0,0,0,0,0,0
2024-08-13,port1154,Santa Marta,1,0,0,4306,0,0,0,0,0,0,0,4306,0,0
2024-08-14,port1154,Santa Marta,1,0,919,0,0,0,919,0,0,0,0,0,0,0
2024-08-15,port1154,Santa Marta,5,3,27590,4308,24871,2248,470,0,0,0,4308,0,0,0
2024-08-16,port1154,Santa Marta,2,1,5724,4380,5724,0,0,0,0,0,4380,0,0,0
2024-08-17,port1154,Santa Marta,1,1,0,3069,0,0,0,0,0,0,3069,0,0,0
2024-08-18,port1154,Santa Marta,3,2,29130,10501,28276,854,0,0,0,0,10501,0,0,0
2024-08-19,port1154,Santa Marta,2,1,20321,0,15402,4919,0,0,0,0,0,0,0,0
2024-08-20,port1154,Santa Marta,3,2,2556,1337,0,681,1875,0,0,0,555,782,0,0
2024-08-21,port1154,Santa Marta,1,0,1028,0,0,0,0,0,1028,0,0,0,0,0
2024-08-22,port1154,Santa Marta,2,1,2298,1140,2298,0,0,0,0,0,1140,0,0,0
2024-08-23,port1154,Santa Marta,2,1,1875,4653,0,0,1875,0,0,0,3871,782,0,0
2024-08-24,port1154,Santa Marta,1,1,6612,0,0,6612,0,0,0,0,0,0,0,0
2024-08-25,port1154,Santa Marta,1,1,0,8200,0,0,0,0,0,0,8200,0,0,0
2024-08-26,port1154,Santa Marta,2,1,53801,2154,52947,854,0,0,0,0,2154,0,0,0
2024-08-27,port1154,Santa Marta,2,1,16669,8620,15814,854,0,0,0,6465,2154,0,0,0
2024-08-28,port1154,Santa Marta,1,1,0,536,0,0,0,0,0,0,536,0,0,0
2024-08-29,port1154,Santa Marta,2,2,854,3371,0,854,0,0,0,0,3371,0,0,0
2024-08-30,port1154,Santa Marta,2,1,930,969,0,0,930,0,0,0,969,0,0,0
2024-08-31,port1154,Santa Marta,2,1,1875,4875,0,0,1875,0,0,0,4093,782,0,0
2024-09-01,port1154,Santa Marta,2,1,0,28774,0,0,0,0,0,26586,2188,0,0,0
2024-09-02,port1154,Santa Marta,1,1,3347,0,0,3347,0,0,0,0,0,0,0,0
2024-09-03,port1154,Santa Marta,1,1,0,2423,0,0,0,0,0,0,2423,0,0,0
2024-09-04,port1154,Santa Marta,1,0,8448,0,8448,0,0,0,0,0,0,0,0,0
2024-09-05,port1154,Santa Marta,2,2,3835,376,0,3835,0,0,0,0,376,0,0,0
2024-09-06,port1154,Santa Marta,1,1,0,2972,0,0,0,0,0,0,2972,0,0,0
2024-09-07,port1154,Santa Marta,1,1,0,0,0,0,0,0,0,0,0,0,0,0
2024-09-08,port1154,Santa Marta,1,1,0,1953,0,0,0,0,0,0,1953,0,0,0
2024-09-09,port1154,Santa Marta,3,2,3815,2287,0,3815,0,0,0,0,2154,133,0,0
2024-09-10,port1154,Santa Marta,0,0,0,0,0,0,0,0,0,0,0,0,0,0
2024-09-11,port1154,Santa Marta,3,1,19632,2429,19632,0,0,0,0,0,2429,0,0,0
2024-09-12,port1154,Santa Marta,3,2,5902,390,0,1487,4415,0,0,0,390,0,0,0
2024-09-13,port1154,Santa Marta,2,1,12899,3907,12899,0,0,0,0,0,3907,0,0,0
2024-09-14,port1154,Santa Marta,1,1,0,5134,0,0,0,0,0,0,5134,0,0,0
2024-09-15,port1154,Santa Marta,3,1,26667,6897,26667,0,0,0,0,0,6897,0,0,0
2024-09-16,port1154,Santa Marta,2,0,954,755,0,0,954,0,0,0,0,755,0,0
2024-09-17,port1154,Santa Marta,1,0,1071,0,0,0,1071,0,0,0,0,0,0,0
2024-09-18,port1154,Santa Marta,2,0,0,513,0,0,0,0,0,0,0,0,0,513
2024-09-19,port1154,Santa Marta,2,2,0,4026,0,0,0,0,0,0,4026,0,0,0
2024-09-20,port1154,Santa Marta,3,1,54483,2055,54483,0,0,0,0,0,1394,0,660,0
2024-09-21,port1154,Santa Marta,0,0,0,0,0,0,0,0,0,0,0,0,0,0
2024-09-22,port1154,Santa Marta,4,2,21022,5428,6107,4550,10364,0,0,0,5428,0,0,0
2024-09-23,port1154,Santa Marta,1,1,854,2154,0,854,0,0,0,0,2154,0,0,0
2024-09-24,port1154,Santa Marta,0,0,0,0,0,0,0,0,0,0,0,0,0,0
2024-09-25,port1154,Santa Marta,1,1,0,3028,0,0,0,0,0,0,3028,0,0,0
2024-09-26,port1154,Santa Marta,2,1,4174,2154,3320,854,0,0,0,0,2154,0,0,0
2024-09-27,port1154,Santa Marta,3,1,0,57545,0,0,0,0,0,53707,981,2856,0,0
2024-09-28,port1154,Santa Marta,2,1,328,4093,0,0,328,0,0,0,4093,0,0,0
2024-09-29,port1154,Santa Marta,3,2,16669,15054,15814,854,0,0,0,6465,8588,0,0,0
2024-09-30,port1154,Santa Marta,2,1,1492,0,0,1492,0,0,0,0,0,0,0,0
2024-10-01,port1154,Santa Marta,1,0,15814,6465,15814,0,0,0,0,6465,0,0,0,0
2024-10-02,port1154,Santa Marta,3,2,22019,8578,22019,0,0,0,0,0,8578,0,0,0
2024-10-03,port1154,Santa Marta,2,0,1972,0,1972,0,0,0,0,0,0,0,0,0
2024-10-04,port1154,Santa Marta,2,2,0,6542,0,0,0,0,0,0,6542,0,0,0
2024-10-05,port1154,Santa Marta,1,1,854,2154,0,854,0,0,0,0,2154,0,0,0
2024-10-06,port1154,Santa Marta,2,1,14911,8382,0,0,0,14911,0,0,8382,0,0,0
2024-10-07,port1154,Santa Marta,3,0,11554,35521,10384,0,0,0,1169,35521,0,0,0,0
2024-10-08,port1154,Santa Marta,3,2,3186,7538,0,854,0,2332,0,0,2754,0,4783,0
2024-10-09,port1154,Santa Marta,1,1,2207,0,0,2207,0,0,0,0,0,0,0,0
2024-10-10,port1154,Santa Marta,3,1,0,13751,0,0,0,0,0,0,3138,10613,0,0
2024-10-11,port1154,Santa Marta,0,0,0,0,0,0,0,0,0,0,0,0,0,0
2024-10-12,port1154,Santa Marta,3,1,0,15302,0,0,0,0,0,0,2049,7323,5929,0
2024-10-13,port1154,Santa Marta,4,2,3638,17191,0,3638,0,0,0,10239,5810,1141,0,0
2024-10-14,port1154,Santa Marta,2,1,14529,560,14529,0,0,0,0,0,560,0,0,0
2024-10-15,port1154,Santa Marta,2,1,729,3551,0,0,729,0,0,0,1800,1751,0,0
2024-10-16,port1154,Santa Marta,1,0,57371,0,57371,0,0,0,0,0,0,0,0,0
2024-10-17,port1154,Santa Marta,3,1,0,6085,0,0,0,0,0,0,1505,4579,0,0
2024-10-18,port1154,Santa Marta,1,1,0,3851,0,0,0,0,0,0,3851,0,0,0
2024-10-19,port1154,Santa Marta,1,1,854,2154,0,854,0,0,0,0,2154,0,0,0
2024-10-20,port1154,Santa Marta,4,2,0,4566,0,0,0,0,0,0,3630,936,0,0
2024-10-21,port1154,Santa Marta,4,1,57503,38828,51199,4428,1875,0,0,38046,0,782,0,0
2024-10-22,port1154,Santa Marta,3,1,1583,4852,0,854,729,0,0,0,2154,1751,947,0
2024-10-23,port1154,Santa Marta,2,1,854,2848,0,854,0,0,0,0,2154,694,0,0
2024-10-24,port1154,Santa Marta,1,1,789,0,0,789,0,0,0,0,0,0,0,0
2024-10-25,port1154,Santa Marta,2,1,3186,6938,0,854,0,2332,0,0,2154,0,4783,0
2024-10-26,port1154,Santa Marta,2,0,15814,6465,15814,0,0,0,0,6465,0,0,0,0
2024-10-27,port1154,Santa Marta,2,2,22619,5416,0,22619,0,0,0,0,5416,0,0,0
2024-10-28,port1154,Santa Marta,4,1,86659,13771,86659,0,0,0,0,0,13771,0,0,0
2024-10-29,port1154,Santa Marta,0,0,0,0,0,0,0,0,0,0,0,0,0,0
2024-10-30,port1154,Santa Marta,3,1,230,1512,0,0,230,0,0,0,1512,0,0,0
2024-10-31,port1154,Santa Marta,2,2,3323,378,0,3323,0,0,0,0,378,0,0,0
2024-11-01,port1154,Santa Marta,3,1,985,18933,0,985,0,0,0,15385,0,3548,0,0
2024-11-02,port1154,Santa Marta,1,0,24300,0,24300,0,0,0,0,0,0,0,0,0
2024-11-03,port1154,Santa Marta,1,0,0,0,0,0,0,0,0,0,0,0,0,0
2024-11-04,port1154,Santa Marta,0,0,0,0,0,0,0,0,0,0,0,0,0,0
2024-11-05,port1154,Santa Marta,2,2,1463,2154,0,1463,0,0,0,0,2154,0,0,0
2024-11-06,port1154,Santa Marta,2,1,0,10756,0,0,0,0,0,0,10294,461,0,0
2024-11-07,port1154,Santa Marta,4,1,6473,2733,6309,0,164,0,0,0,2733,0,0,0
2024-11-08,port1154,Santa Marta,2,1,464,359,0,464,0,0,0,0,0,359,0,0
2024-11-09,port1154,Santa Marta,2,2,0,11881,0,0,0,0,0,0,11881,0,0,0
2024-11-10,port1154,Santa Marta,1,1,10147,0,0,10147,0,0,0,0,0,0,0,0
2024-11-11,port1154,Santa Marta,2,0,56199,17169,56199,0,0,0,0,17169,0,0,0,0
2024-11-12,port1154,Santa Marta,2,0,18717,0,1111,0,0,17605,0,0,0,0,0,0
2024-11-13,port1154,Santa Marta,3,0,1171,1303,0,0,0,0,1171,0,0,1303,0,0
2024-11-14,port1154,Santa Marta,3,3,4560,4037,0,4560,0,0,0,0,4037,0,0,0
2024-11-15,port1154,Santa Marta,1,1,0,489,0,0,0,0,0,0,489,0,0,0
2024-11-16,port1154,Santa Marta,3,0,1875,35260,0,0,1875,0,0,34478,0,782,0,0
2024-11-17,port1154,Santa Marta,2,2,0,15801,0,0,0,0,0,0,15801,0,0,0
2024-11-18,port1154,Santa Marta,0,0,0,0,0,0,0,0,0,0,0,0,0,0
2024-11-19,port1154,Santa Marta,4,1,1621,10967,0,854,767,0,0,3411,2154,5400,0,0
2024-11-20,port1154,Santa Marta,1,1,854,2154,0,854,0,0,0,0,2154,0,0,0
2024-11-21,port1154,Santa Marta,2,0,15814,13481,15814,0,0,0,0,6465,0,7015,0,0
2024-11-22,port1154,Santa Marta,2,2,854,2945,0,854,0,0,0,0,2945,0,0,0
2024-11-23,port1154,Santa Marta,2,1,15814,8001,15814,0,0,0,0,6465,1535,0,0,0
2024-11-24,port1154,Santa Marta,2,1,14408,17254,0,0,0,14408,0,0,17254,0,0,0
2024-11-25,port1154,Santa Marta,1,0,16876,0,16876,0,0,0,0,0,0,0,0,0
2024-11-26,port1154,Santa Marta,2,0,28955,0,28955,0,0,0,0,0,0,0,0,0
2024-11-27,port1154,Santa Marta,3,1,607,8450,0,607,0,0,0,0,0,5989,2461,0
2024-11-28,port1154,Santa Marta,1,0,0,35329,0,0,0,0,0,35329,0,0,0,0
2024-11-29,port1154,Santa Marta,1,1,0,984,0,0,0,0,0,0,984,0,0,0
2024-11-30,port1154,Santa Marta,3,2,854,3575,0,854,0,0,0,0,2154,1421,0,0
2024-12-01,port1154,Santa Marta,2,1,1027,4327,0,0,0,0,1027,0,4327,0,0,0
2024-12-02,port1154,Santa Marta,2,1,36349,0,35607,741,0,0,0,0,0,0,0,0
2024-12-03,port1154,Santa Marta,2,0,36456,0,36456,0,0,0,0,0,0,0,0,0
2024-12-04,port1154,Santa Marta,3,1,854,5633,0,854,0,0,0,0,2154,690,2788,0
2024-12-05,port1154,Santa Marta,2,0,20778,92,20173,0,0,0,605,0,0,0,0,92
2024-12-06,port1154,Santa Marta,3,1,729,2928,0,0,729,0,0,0,1177,1751,0,0
2024-12-07,port1154,Santa Marta,2,1,3186,6938,0,854,0,2332,0,0,2154,0,4783,0
2024-12-08,port1154,Santa Marta,1,1,0,3285,0,0,0,0,0,0,3285,0,0,0
2024-12-09,port1154,Santa Marta,0,0,0,0,0,0,0,0,0,0,0,0,0,0
2024-12-10,port1154,Santa Marta,2,0,18799,617,18799,0,0,0,0,0,0,617,0,0
2024-12-11,port1154,Santa Marta,1,1,854,2154,0,854,0,0,0,0,2154,0,0,0
2024-12-12,port1154,Santa Marta,2,2,854,3634,0,854,0,0,0,0,3634,0,0,0
2024-12-13,port1154,Santa Marta,2,1,5633,0,0,0,0,5633,0,0,0,0,0,0
2024-12-14,port1154,Santa Marta,1,0,0,0,0,0,0,0,0,0,0,0,0,0
2024-12-15,port1154,Santa Marta,1,1,3863,0,0,3863,0,0,0,0,0,0,0,0
2024-12-16,port1154,Santa Marta,3,2,2232,16045,0,2232,0,0,0,0,11985,0,4060,0
2024-12-17,port1154,Santa Marta,1,0,0,16741,0,0,0,0,0,0,0,16741,0,0
2024-12-18,port1154,Santa Marta,2,2,0,4612,0,0,0,0,0,0,4612,0,0,0
2024-12-19,port1154,Santa Marta,4,2,16669,16828,15814,854,0,0,0,6465,5694,4668,0,0
2024-12-20,port1154,Santa Marta,4,1,10692,1766,4672,0,1875,4144,0,0,984,782,0,0
2024-12-21,port1154,Santa Marta,1,1,0,2556,0,0,0,0,0,0,2556,0,0,0
2024-12-22,port1154,Santa Marta,1,1,0,5422,0,0,0,0,0,0,5422,0,0,0
2024-12-23,port1154,Santa Marta,1,1,0,391,0,0,0,0,0,0,391,0,0,0
2024-12-24,port1154,Santa Marta,0,0,0,0,0,0,0,0,0,0,0,0,0,0
2024-12-25,port1154,Santa Marta,2,1,0,3902,0,0,0,0,0,0,674,3228,0,0
2024-12-26,port1154,Santa Marta,2,0,4143,4562,4143,0,0,0,0,0,0,4562,0,0
2024-12-27,port1154,Santa Marta,2,0,0,1871,0,0,0,0,0,0,0,1871,0,0
2024-12-28,port1154,Santa Marta,1,1,0,0,0,0,0,0,0,0,0,0,0,0
2024-12-29,port1154,Santa Marta,1,1,0,987,0,0,0,0,0,0,987,0,0,0
2024-12-30,port1154,Santa Marta,1,1,0,381,0,0,0,0,0,0,381,0,0,0
2024-12-31,port1154,Santa Marta,2,2,0,6760,0,0,0,0,0,0,6760,0,0,0
2025-01-01,port1154,Santa Marta,2,0,1875,782,0,0,1875,0,0,0,0,782,0,0
2025-01-02,port1154,Santa Marta,2,0,41573,0,41573,0,0,0,0,0,0,0,0,0
2025-01-03,port1154,Santa Marta,2,1,4000,2154,0,854,0,3146,0,0,2154,0,0,0
2025-01-04,port1154,Santa Marta,1,1,854,2154,0,854,0,0,0,0,2154,0,0,0
2025-01-05,port1154,Santa Marta,1,1,0,490,0,0,0,0,0,0,490,0,0,0
2025-01-06,port1154,Santa Marta,2,0,605,92,0,0,0,0,605,0,0,0,0,92
2025-01-07,port1154,Santa Marta,4,1,5821,517,4102,772,946,0,0,0,0,0,517,0
2025-01-08,port1154,Santa Marta,3,2,52866,2914,52866,0,0,0,0,0,2914,0,0,0
2025-01-09,port1154,Santa Marta,3,1,1875,4080,0,0,1875,0,0,1427,1871,782,0,0
2025-01-10,port1154,Santa Marta,2,1,1953,691,0,1953,0,0,0,0,0,691,0,0
2025-01-11,port1154,Santa Marta,2,2,7623,2154,0,7623,0,0,0,0,2154,0,0,0
2025-01-12,port1154,Santa Marta,3,1,7735,30504,0,0,7735,0,0,12256,18247,0,0,0
2025-01-13,port1154,Santa Marta,2,0,16900,0,16900,0,0,0,0,0,0,0,0,0
2025-01-14,port1154,Santa Marta,2,1,0,9161,0,0,0,0,0,6740,2421,0,0,0
2025-01-15,port1154,Santa Marta,2,0,135,49448,0,0,135,0,0,49448,0,0,0,0
2025-01-16,port1154,Santa Marta,2,1,50529,4312,50529,0,0,0,0,0,4312,0,0,0
2025-01-17,port1154,Santa Marta,2,1,6398,494,6398,0,0,0,0,0,494,0,0,0
2025-01-18,port1154,Santa Marta,3,2,1875,3200,0,0,1875,0,0,0,2417,782,0,0
2025-01-19,port1154,Santa Marta,1,1,0,5839,0,0,0,0,0,0,5839,0,0,0
2025-01-20,port1154,Santa Marta,1,0,20387,0,20387,0,0,0,0,0,0,0,0,0
2025-01-21,port1154,Santa Marta,3,2,17248,3553,17248,0,0,0,0,0,3553,0,0,0
2025-01-22,port1154,Santa Marta,1,0,1229,0,0,0,0,1229,0,0,0,0,0,0
2025-01-23,port1154,Santa Marta,1,0,56301,0,56301,0,0,0,0,0,0,0,0,0
2025-01-24,port1154,Santa Marta,1,1,0,0,0,0,0,0,0,0,0,0,0,0
2025-01-25,port1154,Santa Marta,1,1,0,4919,0,0,0,0,0,0,4919,0,0,0
2025-01-26,port1154,Santa Marta,1,1,0,2190,0,0,0,0,0,0,2190,0,0,0
2025-01-27,port1154,Santa Marta,2,1,854,2993,0,854,0,0,0,0,2154,0,839,0
2025-01-28,port1154,Santa Marta,0,0,0,0,0,0,0,0,0,0,0,0,0,0
2025-01-29,port1154,Santa Marta,4,1,29216,1518,0,0,14369,14847,0,0,610,907,0,0
2025-01-30,port1154,Santa Marta,1,0,1305,0,0,0,0,0,1305,0,0,0,0,0
2025-01-31,port1154,Santa Marta,2,1,605,1625,0,0,0,0,605,0,1533,0,0,92
2025-02-01,port1154,Santa Marta,1,1,854,2154,0,854,0,0,0,0,2154,0,0,0
2025-02-02,port1154,Santa Marta,1,1,1101,0,0,1101,0,0,0,0,0,0,0,0
2025-02-03,port1154,Santa Marta,1,1,854,2154,0,854,0,0,0,0,2154,0,0,0
2025-02-04,port1154,Santa Marta,1,1,0,5803,0,0,0,0,0,0,5803,0,0,0
2025-02-05,port1154,Santa Marta,3,1,16761,8844,15814,0,946,0,0,6465,2378,0,0,0
2025-02-06,port1154,Santa Marta,1,1,0,1362,0,0,0,0,0,0,1362,0,0,0
2025-02-07,port1154,Santa Marta,2,1,1875,1287,0,0,1875,0,0,0,505,782,0,0
2025-02-08,port1154,Santa Marta,3,1,20740,2279,20608,0,132,0,0,0,2279,0,0,0
2025-02-09,port1154,Santa Marta,1,1,0,3957,0,0,0,0,0,0,3957,0,0,0
2025-02-10,port1154,Santa Marta,4,2,6782,60944,0,6629,152,0,0,58790,2154,0,0,0
2025-02-11,port1154,Santa Marta,0,0,0,0,0,0,0,0,0,0,0,0,0,0
2025-02-12,port1154,Santa Marta,2,2,2426,2023,0,2426,0,0,0,0,2023,0,0,0
2025-02-13,port1154,Santa Marta,0,0,0,0,0,0,0,0,0,0,0,0,0,0
2025-02-14,port1154,Santa Marta,2,1,25143,2154,24289,854,0,0,0,0,2154,0,0,0
2025-02-15,port1154,Santa Marta,3,2,7047,335,0,1354,5692,0,0,0,335,0,0,0
2025-02-16,port1154,Santa Marta,2,1,6358,2971,6358,0,0,0,0,0,2971,0,0,0
2025-02-17,port1154,Santa Marta,2,2,3976,2154,0,3976,0,0,0,0,2154,0,0,0
2025-02-18,port1154,Santa Marta,1,0,29362,0,29362,0,0,0,0,0,0,0,0,0
2025-02-19,port1154,Santa Marta,2,1,38119,1826,38119,0,0,0,0,0,1826,0,0,0
2025-02-20,port1154,Santa Marta,2,1,1059,2666,0,0,1059,0,0,0,2666,0,0,0
2025-02-21,port1154,Santa Marta,2,1,20030,2154,19176,854,0,0,0,0,2154,0,0,0
2025-02-22,port1154,Santa Marta,2,1,2332,11279,0,0,0,2332,0,0,6495,0,4783,0
2025-02-23,port1154,Santa Marta,3,1,5560,20075,5560,0,0,0,0,0,4931,0,15144,0
2025-02-24,port1154,Santa Marta,2,1,2223,15730,0,2223,0,0,0,0,0,15730,0,0
2025-02-25,port1154,Santa Marta,3,1,23085,2154,21661,854,569,0,0,0,2154,0,0,0
2025-02-26,port1154,Santa Marta,3,1,15439,1835,15439,0,0,0,0,0,1835,0,0,0
2025-02-27,port1154,Santa Marta,0,0,0,0,0,0,0,0,0,0,0,0,0,0
2025-02-28,port1154,Santa Marta,4,2,481,68138,0,481,0,0,0,53465,2733,0,11939,0
2025-03-01,port1154,Santa Marta,2,1,4752,2154,3897,854,0,0,0,0,2154,0,0,0
2025-03-02,port1154,Santa Marta,2,1,25702,7892,25702,0,0,0,0,0,7892,0,0,0
2025-03-03,port1154,Santa Marta,2,1,8688,0,4982,3706,0,0,0,0,0,0,0,0
2025-03-04,port1154,Santa Marta,1,1,854,2154,0,854,0,0,0,0,2154,0,0,0
2025-03-05,port1154,Santa Marta,1,1,0,8784,0,0,0,0,0,0,8784,0,0,0
2025-03-06,port1154,Santa Marta,4,0,2395,46798,0,0,2395,0,0,38437,0,6400,1960,0
2025-03-07,port1154,Santa Marta,0,0,0,0,0,0,0,0,0,0,0,0,0,0
2025-03-08,port1154,Santa Marta,3,1,22315,4817,22315,0,0,0,0,0,4172,644,0,0
2025-03-09,port1154,Santa Marta,3,2,30504,486,30235,269,0,0,0,0,486,0,0,0
2025-03-10,port1154,Santa Marta,2,1,1695,370,0,0,1695,0,0,0,370,0,0,0
2025-03-11,port1154,Santa Marta,1,1,854,2154,0,854,0,0,0,0,2154,0,0,0
2025-03-12,port1154,Santa Marta,2,1,20683,2434,20683,0,0,0,0,0,2434,0,0,0
2025-03-13,port1154,Santa Marta,4,1,605,20009,0,0,0,0,605,0,1183,0,18733,92
2025-03-14,port1154,Santa Marta,2,2,346,1492,0,346,0,0,0,0,1492,0,0,0
2025-03-15,port1154,Santa Marta,2,1,0,18897,0,0,0,0,0,0,5134,0,13762,0
2025-03-16,port1154,Santa Marta,2,1,15814,15768,15814,0,0,0,0,6465,9302,0,0,0
2025-03-17,port1154,Santa Marta,2,1,33747,0,33378,368,0,0,0,0,0,0,0,0
2025-03-18,port1154,Santa Marta,2,1,575,12254,0,575,0,0,0,12254,0,0,0,0
2025-03-19,port1154,Santa Marta,0,0,0,0,0,0,0,0,0,0,0,0,0,0
2025-03-20,port1154,Santa Marta,3,1,56653,3381,56653,0,0,0,0,0,3381,0,0,0
2025-03-21,port1154,Santa Marta,1,1,489,0,0,489,0,0,0,0,0,0,0,0
2025-03-22,port1154,Santa Marta,5,2,17755,53242,16900,854,0,0,0,51087,2154,0,0,0
2025-03-23,port1154,Santa Marta,1,1,0,5359,0,0,0,0,0,0,5359,0,0,0
2025-03-24,port1154,Santa Marta,2,1,227,2028,0,0,227,0,0,0,2028,0,0,0
2025-03-25,port1154,Santa Marta,2,0,32551,23759,32551,0,0,0,0,23759,0,0,0,0
2025-03-26,port1154,Santa Marta,2,1,54096,0,53490,606,0,0,0,0,0,0,0,0
2025-03-27,port1154,Santa Marta,0,0,0,0,0,0,0,0,0,0,0,0,0,0
2025-03-28,port1154,Santa Marta,3,2,40949,3468,40949,0,0,0,0,0,3468,0,0,0
2025-03-29,port1154,Santa Marta,2,1,33880,5617,33880,0,0,0,0,0,5617,0,0,0
2025-03-30,port1154,Santa Marta,2,0,21009,9781,21009,0,0,0,0,0,0,0,9781,0
2025-03-31,port1154,Santa Marta,1,1,854,2154,0,854,0,0,0,0,2154,0,0,0
2025-04-01,port1154,Santa Marta,2,1,7029,0,5919,1109,0,0,0,0,0,0,0,0
2025-04-02,port1154,Santa Marta,3,1,34824,0,29915,489,0,4419,0,0,0,0,0,0
2025-04-03,port1154,Santa Marta,1,1,0,1826,0,0,0,0,0,0,1826,0,0,0
2025-04-04,port1154,Santa Marta,2,2,0,2377,0,0,0,0,0,0,2377,0,0,0
2025-04-05,port1154,Santa Marta,2,1,45557,0,45557,0,0,0,0,0,0,0,0,0
2025-04-06,port1154,Santa Marta,1,1,0,5333,0,0,0,0,0,0,5333,0,0,0
2025-04-07,port1154,Santa Marta,3,0,12013,13241,0,0,12013,0,0,0,0,327,12913,0
2025-04-08,port1154,Santa Marta,2,1,1875,3020,0,0,1875,0,0,0,2238,782,0,0
2025-04-09,port1154,Santa Marta,1,1,0,5490,0,0,0,0,0,0,5490,0,0,0
2025-04-10,port1154,Santa Marta,3,1,352,7799,0,0,352,0,0,0,5063,2736,0,0
2025-04-11,port1154,Santa Marta,1,1,3469,0,0,3469,0,0,0,0,0,0,0,0
2025-04-12,port1154,Santa Marta,4,1,24979,10053,24979,0,0,0,0,6465,3587,0,0,0
2025-04-13,port1154,Santa Marta,1,1,0,5461,0,0,0,0,0,0,5461,0,0,0
2025-04-14,port1154,Santa Marta,2,1,6691,1130,0,0,6691,0,0,0,1130,0,0,0
2025-04-15,port1154,Santa Marta,1,1,854,2154,0,854,0,0,0,0,2154,0,0,0
2025-04-16,port1154,Santa Marta,2,1,0,10288,0,0,0,0,0,0,4735,0,5552,0
2025-04-17,port1154,Santa Marta,1,1,0,3786,0,0,0,0,0,0,3786,0,0,0
2025-04-18,port1154,Santa Marta,4,1,37764,459,37764,0,0,0,0,0,459,0,0,0
2025-04-19,port1154,Santa Marta,1,1,0,0,0,0,0,0,0,0,0,0,0,0
2025-04-20,port1154,Santa Marta,2,1,8772,13294,8772,0,0,0,0,0,13294,0,0,0
2025-04-21,port1154,Santa Marta,3,2,854,3009,0,854,0,0,0,0,2527,482,0,0
2025-04-22,port1154,Santa Marta,1,0,605,92,0,0,0,0,605,0,0,0,0,92
2025-04-23,port1154,Santa Marta,3,1,17086,2154,16232,854,0,0,0,0,2154,0,0,0
2025-04-24,port1154,Santa Marta,1,1,0,2718,0,0,0,0,0,0,2718,0,0,0
2025-04-25,port1154,Santa Marta,1,1,2915,0,0,2915,0,0,0,0,0,0,0,0
2025-04-26,port1154,Santa Marta,3,2,0,29792,0,0,0,0,0,0,7342,0,22450,0
2025-04-27,port1154,Santa Marta,1,0,1875,782,0,0,1875,0,0,0,0,782,0,0
2025-04-28,port1154,Santa Marta,2,1,17465,367,17465,0,0,0,0,0,367,0,0,0
2025-04-29,port1154,Santa Marta,3,1,12628,6693,0,854,0,11774,0,0,2154,4538,0,0
2025-04-30,port1154,Santa Marta,2,1,54534,1353,54534,0,0,0,0,0,1353,0,0,0
2025-05-01,port1154,Santa Marta,2,1,13274,4127,0,0,0,13274,0,0,4127,0,0,0
2025-05-02,port1154,Santa Marta,2,1,854,2154,0,854,0,0,0,0,2154,0,0,0
2025-05-03,port1154,Santa Marta,3,2,55322,3294,55322,0,0,0,0,0,3294,0,0,0
2025-05-04,port1154,Santa Marta,1,0,377,0,0,0,377,0,0,0,0,0,0,0
2025-05-05,port1154,Santa Marta,4,1,34022,17328,33168,854,0,0,0,0,2154,0,15173,0
2025-05-06,port1154,Santa Marta,0,0,0,0,0,0,0,0,0,0,0,0,0,0
2025-05-07,port1154,Santa Marta,1,1,0,1215,0,0,0,0,0,0,1215,0,0,0
2025-05-08,port1154,Santa Marta,2,1,18600,3122,18600,0,0,0,0,0,3122,0,0,0
2025-05-09,port1154,Santa Marta,3,2,16419,971,0,538,15881,0,0,0,971,0,0,0
2025-05-10,port1154,Santa Marta,0,0,0,0,0,0,0,0,0,0,0,0,0,0
2025-05-11,port1154,Santa Marta,1,0,0,0,0,0,0,0,0,0,0,0,0,0
2025-05-12,port1154,Santa Marta,2,2,1115,5503,0,1115,0,0,0,0,5503,0,0,0
2025-05-13,port1154,Santa Marta,1,0,29362,0,29362,0,0,0,0,0,0,0,0,0
2025-05-14,port1154,Santa Marta,4,2,2729,4149,0,854,1875,0,0,0,3367,782,0,0
2025-05-15,port1154,Santa Marta,4,1,3712,19785,3712,0,0,0,0,0,3723,6093,9968,0
2025-05-16,port1154,Santa Marta,2,1,2771,970,0,0,0,0,2771,0,970,0,0,0
2025-05-17,port1154,Santa Marta,3,1,20342,2029,20342,0,0,0,0,0,0,2029,0,0
2025-05-18,port1154,Santa Marta,0,0,0,0,0,0,0,0,0,0,0,0,0,0
2025-05-19,port1154,Santa Marta,3,2,22822,4308,21113,1708,0,0,0,0,4308,0,0,0
2025-05-20,port1154,Santa Marta,2,2,610,9865,0,610,0,0,0,0,9865,0,0,0
2025-05-21,port1154,Santa Marta,1,0,4487,0,4487,0,0,0,0,0,0,0,0,0
2025-05-22,port1154,Santa Marta,2,1,4162,390,0,0,4162,0,0,0,390,0,0,0
2025-05-23,port1154,Santa Marta,2,1,9662,992,9662,0,0,0,0,0,992,0,0,0
2025-05-24,port1154,Santa Marta,2,1,0,1614,0,0,0,0,0,0,1614,0,0,0
2025-05-25,port1154,Santa Marta,2,1,6260,6784,6260,0,0,0,0,0,6784,0,0,0
2025-05-26,port1154,Santa Marta,3,2,19178,1356,18805,373,0,0,0,0,1356,0,0,0
2025-05-27,port1154,Santa Marta,3,1,1017,2154,0,854,163,0,0,0,2154,0,0,0
2025-05-28,port1154,Santa Marta,1,0,0,1503,0,0,0,0,0,0,0,1503,0,0
2025-05-29,port1154,Santa Marta,2,1,0,1125,0,0,0,0,0,0,1125,0,0,0
2025-05-30,port1154,Santa Marta,2,1,5696,1984,0,0,5696,0,0,0,1984,0,0,0
2025-05-31,port1154,Santa Marta,3,1,648,1690,0,0,648,0,0,0,0,1690,0,0
2025-06-01,port1154,Santa Marta,1,1,0,8389,0,0,0,0,0,0,8389,0,0,0
2025-06-02,port1154,Santa Marta,1,1,0,369,0,0,0,0,0,0,369,0,0,0
2025-06-03,port1154,Santa Marta,0,0,0,0,0,0,0,0,0,0,0,0,0,0
2025-06-04,port1154,Santa Marta,2,1,0,39462,0,0,0,0,0,0,1828,0,37634,0
2025-06-05,port1154,Santa Marta,3,1,1087,2154,0,854,233,0,0,0,2154,0,0,0
2025-06-06,port1154,Santa Marta,1,1,854,2154,0,854,0,0,0,0,2154,0,0,0
2025-06-07,port1154,Santa Marta,4,2,68267,9000,68267,0,0,0,0,0,9000,0,0,0
2025-06-08,port1154,Santa Marta,2,0,14346,0,14346,0,0,0,0,0,0,0,0,0
2025-06-09,port1154,Santa Marta,1,1,1841,0,0,1841,0,0,0,0,0,0,0,0
2025-06-10,port1154,Santa Marta,2,1,1099,0,0,1099,0,0,0,0,0,0,0,0
2025-06-11,port1154,Santa Marta,2,0,19391,0,0,0,18362,0,1029,0,0,0,0,0
2025-06-12,port1154,Santa Marta,2,2,672,2630,0,672,0,0,0,0,2630,0,0,0
2025-06-13,port1154,Santa Marta,2,1,2411,15434,0,2411,0,0,0,15434,0,0,0,0
2025-06-14,port1154,Santa Marta,3,2,2823,1146,0,2823,0,0,0,0,0,1146,0,0
2025-06-15,port1154,Santa Marta,3,1,0,63044,0,0,0,0,0,55266,7778,0,0,0
2025-06-16,port1154,Santa Marta,3,2,1958,2154,0,1958,0,0,0,0,2154,0,0,0
2025-06-17,port1154,Santa Marta,1,1,0,1212,0,0,0,0,0,0,1212,0,0,0
2025-06-18,port1154,Santa Marta,3,0,7052,16507,7052,0,0,0,0,0,0,0,16507,0
2025-06-19,port1154,Santa Marta,3,1,15106,776,15106,0,0,0,0,0,776,0,0,0
2025-06-20,port1154,Santa Marta,2,1,2369,782,0,493,1875,0,0,0,0,782,0,0
2025-06-21,port1154,Santa Marta,3,1,0,49563,0,0,0,0,0,29101,1617,0,18844,0
2025-06-22,port1154,Santa Marta,3,1,28109,8619,28109,0,0,0,0,0,7672,0,947,0
2025-06-23,port1154,Santa Marta,2,1,18388,6465,15814,2573,0,0,0,6465,0,0,0,0
2025-06-24,port1154,Santa Marta,1,1,602,0,0,602,0,0,0,0,0,0,0,0
2025-06-25,port1154,Santa Marta,2,1,132,2882,0,0,132,0,0,0,2882,0,0,0
2025-06-26,port1154,Santa Marta,1,1,0,1116,0,0,0,0,0,0,1116,0,0,0
2025-06-27,port1154,Santa Marta,3,1,61605,0,61117,487,0,0,0,0,0,0,0,0
2025-06-28,port1154,Santa Marta,2,1,15814,6465,15814,0,0,0,0,6465,0,0,0,0
2025-06-29,port1154,Santa Marta,1,1,0,5999,0,0,0,0,0,0,5999,0,0,0
2025-06-30,port1154,Santa Marta,1,1,854,2154,0,854,0,0,0,0,2154,0,0,0
2025-07-01,port1154,Santa Marta,3,2,1708,19040,0,1708,0,0,0,0,4308,14731,0,0
2025-07-02,port1154,Santa Marta,2,1,0,818,0,0,0,0,0,0,818,0,0,0
2025-07-03,port1154,Santa Marta,5,1,20042,21403,17709,0,0,2332,0,15064,1554,0,4783,0
2025-07-04,port1154,Santa Marta,3,1,20662,0,19207,1454,0,0,0,0,0,0,0,0
2025-07-05,port1154,Santa Marta,2,1,649,0,0,515,134,0,0,0,0,0,0,0
2025-07-06,port1154,Santa Marta,0,0,0,0,0,0,0,0,0,0,0,0,0,0
2025-07-07,port1154,Santa Marta,4,2,3355,14482,0,1480,1875,0,0,0,1355,782,12344,0
2025-07-08,port1154,Santa Marta,1,1,854,2154,0,854,0,0,0,0,2154,0,0,0
2025-07-09,port1154,Santa Marta,1,1,0,1449,0,0,0,0,0,0,1449,0,0,0
2025-07-10,port1154,Santa Marta,1,1,0,372,0,0,0,0,0,0,372,0,0,0
2025-07-11,port1154,Santa Marta,1,1,495,0,0,495,0,0,0,0,0,0,0,0
2025-07-12,port1154,Santa Marta,2,1,0,526,0,0,0,0,0,526,0,0,0,0
2025-07-13,port1154,Santa Marta,3,2,4887,10772,4887,0,0,0,0,0,10772,0,0,0
2025-07-14,port1154,Santa Marta,2,2,1594,2154,0,1594,0,0,0,0,2154,0,0,0
2025-07-15,port1154,Santa Marta,3,2,1354,55303,0,1354,0,0,0,54361,942,0,0,0
2025-07-16,port1154,Santa Marta,5,1,75028,19405,57740,854,16434,0,0,0,2154,157,17093,0
2025-07-17,port1154,Santa Marta,1,1,0,3926,0,0,0,0,0,0,3926,0,0,0
2025-07-18,port1154,Santa Marta,1,1,0,987,0,0,0,0,0,0,987,0,0,0
2025-07-19,port1154,Santa Marta,3,2,726,6637,0,726,0,0,0,0,6637,0,0,0
2025-07-20,port1154,Santa Marta,1,0,0,310,0,0,0,0,0,0,0,310,0,0
2025-07-21,port1154,Santa Marta,4,2,34839,6580,34469,369,0,0,0,6465,115,0,0,0
2025-07-22,port1154,Santa Marta,2,1,17089,0,15746,1343,0,0,0,0,0,0,0,0
2025-07-23,port1154,Santa Marta,2,1,0,818,0,0,0,0,0,0,818,0,0,0
2025-07-24,port1154,Santa Marta,4,1,35454,2267,30141,0,1875,3437,0,0,1485,782,0,0
2025-07-25,port1154,Santa Marta,2,1,13357,1176,0,726,0,12631,0,0,1176,0,0,0
2025-07-26,port1154,Santa Marta,2,1,0,14577,0,0,0,0,0,0,0,0,14577,0
2025-07-27,port1154,Santa Marta,1,1,0,13779,0,0,0,0,0,0,13779,0,0,0
2025-07-28,port1154,Santa Marta,2,1,0,1264,0,0,0,0,0,0,1108,156,0,0
2025-07-29,port1154,Santa Marta,2,2,1533,2154,0,1533,0,0,0,0,2154,0,0,0
2025-07-30,port1154,Santa Marta,1,1,0,730,0,0,0,0,0,0,730,0,0,0
2025-07-31,port1154,Santa Marta,3,1,1548,0,0,1548,0,0,0,0,0,0,0,0
2025-08-01,port1154,Santa Marta,3,1,22321,3697,20445,0,1875,0,0,0,2915,782,0,0
2025-08-02,port1154,Santa Marta,1,1,726,1176,0,726,0,0,0,0,1176,0,0,0
2025-08-03,port1154,Santa Marta,2,1,5879,8209,5879,0,0,0,0,0,8209,0,0,0
2025-08-04,port1154,Santa Marta,3,2,56842,2154,54875,1966,0,0,0,0,2154,0,0,0
2025-08-05,port1154,Santa Marta,2,1,0,3050,0,0,0,0,0,0,3050,0,0,0
2025-08-06,port1154,Santa Marta,2,1,726,1176,0,726,0,0,0,0,1176,0,0,0
2025-08-07,port1154,Santa Marta,1,1,854,2154,0,854,0,0,0,0,2154,0,0,0
2025-08-08,port1154,Santa Marta,2,1,10434,496,10434,0,0,0,0,0,496,0,0,0
2025-08-09,port1154,Santa Marta,1,1,0,0,0,0,0,0,0,0,0,0,0,0
2025-08-10,port1154,Santa Marta,2,1,0,9311,0,0,0,0,0,0,9311,0,0,0
2025-08-11,port1154,Santa Marta,3,1,50256,33038,49884,371,0,0,0,33038,0,0,0,0
2025-08-12,port1154,Santa Marta,1,1,0,1813,0,0,0,0,0,0,1813,0,0,0
2025-08-13,port1154,Santa Marta,3,1,9876,3411,9876,0,0,0,0,2598,813,0,0,0
2025-08-14,port1154,Santa Marta,2,1,59748,2154,58894,854,0,0,0,0,2154,0,0,0
2025-08-15,port1154,Santa Marta,2,1,1425,0,455,970,0,0,0,0,0,0,0,0
2025-08-16,port1154,Santa Marta,3,1,66099,1176,65372,726,0,0,0,0,1176,0,0,0
2025-08-17,port1154,Santa Marta,2,1,1088,5011,1088,0,0,0,0,0,5011,0,0,0
2025-08-18,port1154,Santa Marta,3,2,5988,2894,0,854,0,5134,0,0,2894,0,0,0
2025-08-19,port1154,Santa Marta,1,1,0,2718,0,0,0,0,0,0,2718,0,0,0
2025-08-20,port1154,Santa Marta,3,1,14990,1817,14990,0,0,0,0,0,1817,0,0,0
2025-08-21,port1154,Santa Marta,2,1,5013,2154,0,854,4159,0,0,0,2154,0,0,0
2025-08-22,port1154,Santa Marta,3,1,25937,0,25449,487,0,0,0,0,0,0,0,0
2025-08-23,port1154,Santa Marta,3,1,23961,782,22085,0,1875,0,0,0,0,782,0,0
2025-08-24,port1154,Santa Marta,2,1,482,6892,482,0,0,0,0,0,6892,0,0,0
2025-08-25,port1154,Santa Marta,3,2,9983,4308,8275,1708,0,0,0,0,4308,0,0,0
2025-08-26,port1154,Santa Marta,1,1,609,0,0,609,0,0,0,0,0,0,0,0
2025-08-27,port1154,Santa Marta,2,0,15798,3647,0,0,0,15798,0,0,0,3647,0,0
2025-08-28,port1154,Santa Marta,3,1,12360,387,11118,0,1242,0,0,0,387,0,0,0
2025-08-29,port1154,Santa Marta,1,1,493,0,0,493,0,0,0,0,0,0,0,0
2025-08-30,port1154,Santa Marta,3,1,44976,1176,44249,726,0,0,0,0,1176,0,0,0
2025-08-31,port1154,Santa Marta,1,1,0,3896,0,0,0,0,0,0,3896,0,0,0
2025-09-01,port1154,Santa Marta,4,2,20495,2524,19507,854,133,0,0,0,2524,0,0,0
2025-09-02,port1154,Santa Marta,0,0,0,0,0,0,0,0,0,0,0,0,0,0
2025-09-03,port1154,Santa Marta,3,2,2332,9786,0,0,0,2332,0,0,5002,0,4783,0
2025-09-04,port1154,Santa Marta,2,1,32134,1122,32134,0,0,0,0,0,1122,0,0,0
2025-09-05,port1154,Santa Marta,1,1,989,0,0,989,0,0,0,0,0,0,0,0
2025-09-06,port1154,Santa Marta,4,2,3901,2154,0,854,3047,0,0,0,2154,0,0,0
2025-09-07,port1154,Santa Marta,2,1,20138,7410,20138,0,0,0,0,0,7410,0,0,0
2025-09-08,port1154,Santa Marta,2,2,0,4187,0,0,0,0,0,0,4187,0,0,0
2025-09-09,port1154,Santa Marta,4,1,2614,7038,0,0,0,0,2614,0,4239,0,2799,0
2025-09-10,port1154,Santa Marta,2,1,0,10162,0,0,0,0,0,8715,1447,0,0,0
2025-09-11,port1154,Santa Marta,4,1,16102,776,13850,0,0,559,1692,0,776,0,0,0
2025-09-12,port1154,Santa Marta,2,1,0,457,0,0,0,0,0,0,457,0,0,0
2025-09-13,port1154,Santa Marta,3,2,56841,13446,56841,0,0,0,0,0,13446,0,0,0
2025-09-14,port1154,Santa Marta,1,0,0,0,0,0,0,0,0,0,0,0,0,0
2025-09-15,port1154,Santa Marta,3,2,16669,10096,15814,854,0,0,0,6465,3630,0,0,0
2025-09-16,port1154,Santa Marta,1,1,0,1212,0,0,0,0,0,0,1212,0,0,0
2025-09-17,port1154,Santa Marta,3,1,3939,2154,0,854,3085,0,0,0,2154,0,0,0
2025-09-18,port1154,Santa Marta,3,1,10374,2612,10374,0,0,0,0,0,2612,0,0,0
2025-09-19,port1154,Santa Marta,2,1,0,3072,0,0,0,0,0,0,1452,0,1620,0
2025-09-20,port1154,Santa Marta,4,2,17332,973,17332,0,0,0,0,0,973,0,0,0
2025-09-21,port1154,Santa Marta,0,0,0,0,0,0,0,0,0,0,0,0,0,0
2025-09-22,port1154,Santa Marta,1,1,0,1486,0,0,0,0,0,0,1486,0,0,0
2025-09-23,port1154,Santa Marta,3,3,1354,1059,0,1354,0,0,0,0,1059,0,0,0
2025-09-24,port1154,Santa Marta,3,1,50051,3262,50051,0,0,0,0,0,3262,0,0,0
2025-09-25,port1154,Santa Marta,1,1,3537,0,0,3537,0,0,0,0,0,0,0,0
2025-09-26,port1154,Santa Marta,3,2,3761,3969,0,3761,0,0,0,0,1477,2491,0,0
2025-09-27,port1154,Santa Marta,1,0,0,0,0,0,0,0,0,0,0,0,0,0
2025-09-28,port1154,Santa Marta,0,0,0,0,0,0,0,0,0,0,0,0,0,0
2025-09-29,port1154,Santa Marta,2,2,0,5844,0,0,0,0,0,0,5844,0,0,0
2025-09-30,port1154,Santa Marta,0,0,0,0,0,0,0,0,0,0,0,0,0,0
2025-10-01,port1154,Santa Marta,5,2,6473,7116,0,676,5796,0,0,0,4379,2736,0,0
2025-10-02,port1154,Santa Marta,1,1,0,373,0,0,0,0,0,0,373,0,0,0
2025-10-03,port1154,Santa Marta,2,1,21270,2154,20416,854,0,0,0,0,2154,0,0,0
2025-10-04,port1154,Santa Marta,4,1,19777,0,19020,0,757,0,0,0,0,0,0,0
2025-10-05,port1154,Santa Marta,1,0,26410,0,26410,0,0,0,0,0,0,0,0,0
2025-10-06,port1154,Santa Marta,3,2,2341,6924,0,0,0,2341,0,0,6924,0,0,0
2025-10-07,port1154,Santa Marta,0,0,0,0,0,0,0,0,0,0,0,0,0,0
2025-10-08,port1154,Santa Marta,2,2,609,4795,0,609,0,0,0,0,4795,0,0,0
2025-10-09,port1154,Santa Marta,3,1,27356,6465,26969,386,0,0,0,6465,0,0,0,0
2025-10-10,port1154,Santa Marta,2,1,9346,0,7887,1458,0,0,0,0,0,0,0,0
2025-10-11,port1154,Santa Marta,3,1,0,8525,0,0,0,0,0,0,4316,0,4209,0
2025-10-12,port1154,Santa Marta,1,0,3724,0,0,0,0,0,3724,0,0,0,0,0
2025-10-13,port1154,Santa Marta,2,1,854,2154,0,854,0,0,0,0,2154,0,0,0
2025-10-14,port1154,Santa Marta,3,2,15814,15607,15814,0,0,0,0,6465,9141,0,0,0
2025-10-15,port1154,Santa Marta,3,1,0,58674,0,0,0,0,0,56976,1246,451,0,0
2025-10-16,port1154,Santa Marta,2,1,11473,0,11099,373,0,0,0,0,0,0,0,0
2025-10-17,port1154,Santa Marta,2,1,1875,2706,0,0,1875,0,0,0,1924,782,0,0
2025-10-18,port1154,Santa Marta,3,1,2332,6358,0,0,0,2332,0,0,0,1574,4783,0
2025-10-19,port1154,Santa Marta,1,0,0,12420,0,0,0,0,0,0,0,12420,0,0
2025-10-20,port1154,Santa Marta,4,2,986,3283,0,854,132,0,0,0,3283,0,0,0
2025-10-21,port1154,Santa Marta,2,0,36383,0,36383,0,0,0,0,0,0,0,0,0
2025-10-22,port1154,Santa Marta,4,2,18858,4393,17165,854,0,0,838,0,4393,0,0,0
2025-10-23,port1154,Santa Marta,1,1,854,2154,0,854,0,0,0,0,2154,0,0,0
2025-10-24,port1154,Santa Marta,2,1,990,0,0,990,0,0,0,0,0,0,0,0
2025-10-25,port1154,Santa Marta,2,1,25517,1074,25517,0,0,0,0,0,1074,0,0,0
2025-10-26,port1154,Santa Marta,1,0,0,0,0,0,0,0,0,0,0,0,0,0
2025-10-27,port1154,Santa Marta,5,3,60400,1694,56284,4116,0,0,0,0,1694,0,0,0
2025-10-28,port1154,Santa Marta,1,1,0,1214,0,0,0,0,0,0,1214,0,0,0
2025-10-29,port1154,Santa Marta,2,1,4880,2078,4880,0,0,0,0,0,2078,0,0,0
2025-10-30,port1154,Santa Marta,1,1,0,742,0,0,0,0,0,0,742,0,0,0
2025-10-31,port1154,Santa Marta,2,1,0,4366,0,0,0,0,0,0,455,3910,0,0
2025-11-01,port1154,Santa Marta,2,1,0,758,0,0,0,0,0,0,0,0,758,0
2025-11-02,port1154,Santa Marta,1,0,57213,0,57213,0,0,0,0,0,0,0,0,0
2025-11-03,port1154,Santa Marta,2,2,0,4311,0,0,0,0,0,0,4311,0,0,0
2025-11-04,port1154,Santa Marta,1,1,0,2429,0,0,0,0,0,0,2429,0,0,0
2025-11-05,port1154,Santa Marta,1,0,3133,0,3133,0,0,0,0,0,0,0,0,0
2025-11-06,port1154,Santa Marta,2,1,0,7482,0,0,0,0,0,0,774,6708,0,0
2025-11-07,port1154,Santa Marta,3,1,17105,1176,0,726,10526,5852,0,0,1176,0,0,0
2025-11-08,port1154,Santa Marta,1,0,8184,0,8184,0,0,0,0,0,0,0,0,0
2025-11-09,port1154,Santa Marta,2,0,1875,782,0,0,1875,0,0,0,0,782,0,0
2025-11-10,port1154,Santa Marta,4,2,59316,5442,58512,368,0,0,435,0,5442,0,0,0
2025-11-11,port1154,Santa Marta,1,1,675,0,0,675,0,0,0,0,0,0,0,0
2025-11-12,port1154,Santa Marta,2,1,0,47739,0,0,0,0,0,45537,2202,0,0,0
2025-11-13,port1154,Santa Marta,1,1,854,2154,0,854,0,0,0,0,2154,0,0,0
2025-11-14,port1154,Santa Marta,1,1,0,0,0,0,0,0,0,0,0,0,0,0
2025-11-15,port1154,Santa Marta,3,1,11068,490,11068,0,0,0,0,0,490,0,0,0
2025-11-16,port1154,Santa Marta,0,0,0,0,0,0,0,0,0,0,0,0,0,0
2025-11-17,port1154,Santa Marta,3,3,1565,4749,0,1565,0,0,0,0,4749,0,0,0
2025-11-18,port1154,Santa Marta,5,1,36232,31980,34906,854,471,0,0,29020,2154,805,0,0
2025-11-19,port1154,Santa Marta,1,1,0,2735,0,0,0,0,0,0,2735,0,0,0
2025-11-20,port1154,Santa Marta,1,1,0,1939,0,0,0,0,0,0,1939,0,0,0
2025-11-21,port1154,Santa Marta,2,1,15814,7005,15814,0,0,0,0,6465,539,0,0,0
2025-11-22,port1154,Santa Marta,1,0,814,0,0,0,814,0,0,0,0,0,0,0
2025-11-23,port1154,Santa Marta,2,0,40395,0,33764,0,6630,0,0,0,0,0,0,0
2025-11-24,port1154,Santa Marta,2,2,538,4579,0,538,0,0,0,0,4579,0,0,0
2025-11-25,port1154,Santa Marta,2,1,10571,2707,10571,0,0,0,0,0,2707,0,0,0
2025-11-26,port1154,Santa Marta,3,1,20030,1636,14408,0,5622,0,0,0,1636,0,0,0
2025-11-27,port1154,Santa Marta,4,1,62453,2154,58020,854,3579,0,0,0,2154,0,0,0
2025-11-28,port1154,Santa Marta,2,1,15814,9846,15814,0,0,0,0,6465,3380,0,0,0
2025-11-29,port1154,Santa Marta,3,1,56115,188,56115,0,0,0,0,0,0,188,0,0
2025-11-30,port1154,Santa Marta,0,0,0,0,0,0,0,0,0,0,0,0,0,0
2025-12-01,port1154,Santa Marta,2,2,2379,6718,0,2379,0,0,0,0,6718,0,0,0
2025-12-02,port1154,Santa Marta,2,1,15717,1824,15717,0,0,0,0,0,1824,0,0,0
2025-12-03,port1154,Santa Marta,2,1,0,4534,0,0,0,0,0,0,1103,0,3430,0
2025-12-04,port1154,Santa Marta,1,1,854,2154,0,854,0,0,0,0,2154,0,0,0
2025-12-05,port1154,Santa Marta,3,1,29513,1751,28245,539,729,0,0,0,0,1751,0,0
2025-12-06,port1154,Santa Marta,1,1,0,15486,0,0,0,0,0,0,15486,0,0,0
2025-12-07,port1154,Santa Marta,0,0,0,0,0,0,0,0,0,0,0,0,0,0
2025-12-08,port1154,Santa Marta,3,2,0,3770,0,0,0,0,0,0,3088,682,0,0
2025-12-09,port1154,Santa Marta,3,0,9851,843,9851,0,0,0,0,0,0,843,0,0
2025-12-10,port1154,Santa Marta,2,2,1209,1386,0,1209,0,0,0,0,1386,0,0,0
2025-12-11,port1154,Santa Marta,5,1,28696,369,23522,0,1526,3646,0,0,369,0,0,0
2025-12-12,port1154,Santa Marta,1,1,989,0,0,989,0,0,0,0,0,0,0,0
2025-12-13,port1154,Santa Marta,2,1,15814,6465,15814,0,0,0,0,6465,0,0,0,0
2025-12-14,port1154,Santa Marta,1,0,0,28385,0,0,0,0,0,28385,0,0,0,0
2025-12-15,port1154,Santa Marta,3,2,1715,12873,0,1715,0,0,0,0,8902,0,3970,0
2025-12-16,port1154,Santa Marta,2,1,605,6352,0,605,0,0,0,6352,0,0,0,0
2025-12-17,port1154,Santa Marta,4,1,86961,8620,86107,854,0,0,0,6465,2154,0,0,0
2025-12-18,port1154,Santa Marta,1,1,854,2154,0,854,0,0,0,0,2154,0,0,0
2025-12-19,port1154,Santa Marta,2,1,7104,0,4821,2283,0,0,0,0,0,0,0,0
2025-12-20,port1154,Santa Marta,1,1,0,1072,0,0,0,0,0,0,1072,0,0,0
2025-12-21,port1154,Santa Marta,3,1,23285,1651,21131,0,0,2153,0,0,1651,0,0,0
2025-12-22,port1154,Santa Marta,2,2,1652,2154,0,1652,0,0,0,0,2154,0,0,0
2025-12-23,port1154,Santa Marta,1,0,1384,0,0,0,1384,0,0,0,0,0,0,0
2025-12-24,port1154,Santa Marta,3,2,6438,2562,0,3360,3078,0,0,0,2562,0,0,0
2025-12-25,port1154,Santa Marta,0,0,0,0,0,0,0,0,0,0,0,0,0,0
2025-12-26,port1154,Santa Marta,3,2,21759,0,21389,370,0,0,0,0,0,0,0,0
2025-12-27,port1154,Santa Marta,3,0,9982,0,8967,0,1015,0,0,0,0,0,0,0
2025-12-28,port1154,Santa Marta,0,0,0,0,0,0,0,0,0,0,0,0,0,0
2025-12-29,port1154,Santa Marta,1,1,854,2154,0,854,0,0,0,0,2154,0,0,0
2025-12-30,port1154,Santa Marta,1,1,1476,0,0,1476,0,0,0,0,0,0,0,0
2025-12-31,port1154,Santa Marta,2,2,1935,1176,0,1935,0,0,0,0,1176,0,0,0
2026-01-01,port1154,Santa Marta,4,2,27805,7768,23274,4531,0,0,0,0,0,0,7768,0
2026-01-02,port1154,Santa Marta,1,1,4301,0,0,4301,0,0,0,0,0,0,0,0
2026-01-03,port1154,Santa Marta,0,0,0,0,0,0,0,0,0,0,0,0,0,0
2026-01-04,port1154,Santa Marta,0,0,0,0,0,0,0,0,0,0,0,0,0,0
2026-01-05,port1154,Santa Marta,4,2,1118,2154,0,1118,0,0,0,0,2154,0,0,0
2026-01-06,port1154,Santa Marta,3,1,68487,672,68487,0,0,0,0,0,672,0,0,0
2026-01-07,port1154,Santa Marta,3,1,1801,2154,0,854,946,0,0,0,2154,0,0,0
2026-01-08,port1154,Santa Marta,1,1,854,2154,0,854,0,0,0,0,2154,0,0,0
2026-01-09,port1154,Santa Marta,2,0,35473,4585,35473,0,0,0,0,0,0,0,4585,0
2026-01-10,port1154,Santa Marta,1,1,0,0,0,0,0,0,0,0,0,0,0,0
2026-01-11,port1154,Santa Marta,3,2,28740,335,26994,1745,0,0,0,0,335,0,0,0
2026-01-12,port1154,Santa Marta,2,2,2823,13603,0,2823,0,0,0,0,13603,0,0,0
2026-01-13,port1154,Santa Marta,2,1,1689,287,0,0,1689,0,0,0,287,0,0,0
2026-01-14,port1154,Santa Marta,1,0,605,92,0,0,0,0,605,0,0,0,0,92
2026-01-15,port1154,Santa Marta,3,1,854,17010,0,854,0,0,0,11815,2154,3040,0,0
2026-01-16,port1154,Santa Marta,0,0,0,0,0,0,0,0,0,0,0,0,0,0
2026-01-17,port1154,Santa Marta,2,1,52300,0,48008,4291,0,0,0,0,0,0,0,0
2026-01-18,port1154,Santa Marta,0,0,0,0,0,0,0,0,0,0,0,0,0,0
2026-01-19,port1154,Santa Marta,2,2,0,3594,0,0,0,0,0,0,3594,0,0,0
2026-01-20,port1154,Santa Marta,2,0,25958,0,25958,0,0,0,0,0,0,0,0,0
2026-01-21,port1154,Santa Marta,3,1,5346,2168,0,0,1875,3470,0,0,1386,782,0,0
2026-01-22,port1154,Santa Marta,1,0,51274,0,51274,0,0,0,0,0,0,0,0,0
2026-01-23,port1154,Santa Marta,1,1,0,801,0,0,0,0,0,0,801,0,0,0
2026-01-24,port1154,Santa Marta,2,1,4523,0,0,0,0,4523,0,0,0,0,0,0
2026-01-25,port1154,Santa Marta,0,0,0,0,0,0,0,0,0,0,0,0,0,0
2026-01-26,port1154,Santa Marta,2,1,55739,8690,55739,0,0,0,0,0,8690,0,0,0
2026-01-27,port1154,Santa Marta,1,0,0,0,0,0,0,0,0,0,0,0,0,0
2026-01-28,port1154,Santa Marta,1,1,854,2154,0,854,0,0,0,0,2154,0,0,0
2026-01-29,port1154,Santa Marta,4,2,3206,19998,3206,0,0,0,0,0,7262,0,12736,0
2026-01-30,port1154,Santa Marta,1,1,0,536,0,0,0,0,0,0,536,0,0,0
2026-01-31,port1154,Santa Marta,1,0,0,0,0,0,0,0,0,0,0,0,0,0
2026-02-01,port1154,Santa Marta,0,0,0,0,0,0,0,0,0,0,0,0,0,0
2026-02-02,port1154,Santa Marta,1,1,638,0,0,638,0,0,0,0,0,0,0,0
2026-02-03,port1154,Santa Marta,0,0,0,0,0,0,0,0,0,0,0,0,0,0
2026-02-04,port1154,Santa Marta,1,1,854,2154,0,854,0,0,0,0,2154,0,0,0
2026-02-05,port1154,Santa Marta,4,1,31450,4869,30967,0,483,0,0,0,4869,0,0,0
2026-02-06,port1154,Santa Marta,1,1,746,0,0,746,0,0,0,0,0,0,0,0
2026-02-07,port1154,Santa Marta,1,1,0,0,0,0,0,0,0,0,0,0,0,0
2026-02-08,port1154,Santa Marta,2,1,4479,0,0,2823,0,1656,0,0,0,0,0,0
2026-02-09,port1154,Santa Marta,3,1,2779,27438,0,854,0,0,1925,25283,2154,0,0,0
2026-02-10,port1154,Santa Marta,2,1,17038,76847,0,17038,0,0,0,76847,0,0,0,0
2026-02-11,port1154,Santa Marta,1,1,0,686,0,0,0,0,0,0,686,0,0,0
2026-02-12,port1154,Santa Marta,2,2,854,2946,0,854,0,0,0,0,2946,0,0,0
2026-02-13,port1154,Santa Marta,2,0,28058,782,26183,0,1875,0,0,0,0,782,0,0
2026-02-14,port1154,Santa Marta,2,1,3226,1078,0,3226,0,0,0,0,0,1078,0,0
2026-02-15,port1154,Santa Marta,2,0,43656,0,43656,0,0,0,0,0,0,0,0,0
2026-02-16,port1154,Santa Marta,3,0,55893,0,55753,0,139,0,0,0,0,0,0,0
2026-02-17,port1154,Santa Marta,2,2,0,7947,0,0,0,0,0,0,7947,0,0,0
2026-02-18,port1154,Santa Marta,3,2,854,5876,0,854,0,0,0,0,5876,0,0,0
2026-02-19,port1154,Santa Marta,1,1,371,0,0,371,0,0,0,0,0,0,0,0
2026-02-20,port1154,Santa Marta,3,0,15814,6465,15814,0,0,0,0,6465,0,0,0,0
2026-02-21,port1154,Santa Marta,3,2,9786,0,8589,1197,0,0,0,0,0,0,0,0
2026-02-22,port1154,Santa Marta,2,1,16080,6465,15814,265,0,0,0,6465,0,0,0,0
2026-02-23,port1154,Santa Marta,3,2,18874,2154,18020,854,0,0,0,0,2154,0,0,0
2026-02-24,port1154,Santa Marta,3,2,854,68656,0,854,0,0,0,60834,7821,0,0,0
2026-02-25,port1154,Santa Marta,0,0,0,0,0,0,0,0,0,0,0,0,0,0
2026-02-26,port1154,Santa Marta,3,2,3451,0,0,2100,1351,0,0,0,0,0,0,0
2026-02-27,port1154,Santa Marta,2,1,741,1056,0,0,741,0,0,0,1056,0,0,0
2026-02-28,port1154,Santa Marta,2,1,42773,0,40618,2155,0,0,0,0,0,0,0,0
2026-03-01,port1154,Santa Marta,1,0,0,946,0,0,0,0,0,0,0,946,0,0
2026-03-02,port1154,Santa Marta,1,0,0,12093,0,0,0,0,0,0,0,0,12093,0
2026-03-03,port1154,Santa Marta,3,1,854,41014,0,854,0,0,0,38860,2154,0,0,0
2026-03-04,port1154,Santa Marta,4,3,1662,4433,0,1662,0,0,0,0,4211,221,0,0
2026-03-05,port1154,Santa Marta,0,0,0,0,0,0,0,0,0,0,0,0,0,0
2026-03-06,port1154,Santa Marta,0,0,0,0,0,0,0,0,0,0,0,0,0,0
2026-03-07,port1154,Santa Marta,4,1,62363,6943,62363,0,0,0,0,0,0,0,6943,0
2026-03-08,port1154,Santa Marta,3,0,14439,782,0,0,14439,0,0,0,0,782,0,0
2026-03-09,port1154,Santa Marta,1,1,854,2154,0,854,0,0,0,0,2154,0,0,0
2026-03-10,port1154,Santa Marta,1,0,0,0,0,0,0,0,0,0,0,0,0,0
2026-03-11,port1154,Santa Marta,5,3,17522,7641,14976,1171,1374,0,0,0,7641,0,0,0
2026-03-12,port1154,Santa Marta,3,1,27148,0,26369,778,0,0,0,0,0,0,0,0
2026-03-13,port1154,Santa Marta,0,0,0,0,0,0,0,0,0,0,0,0,0,0
2026-03-14,port1154,Santa Marta,3,1,157,4847,0,0,157,0,0,0,539,0,4307,0
2026-03-15,port1154,Santa Marta,0,0,0,0,0,0,0,0,0,0,0,0,0,0
2026-03-16,port1154,Santa Marta,2,1,4936,2058,0,0,0,4936,0,0,2058,0,0,0
2026-03-17,port1154,Santa Marta,2,0,320,23849,0,0,320,0,0,23849,0,0,0,0
2026-03-18,port1154,Santa Marta,1,1,0,8212,0,0,0,0,0,0,8212,0,0,0
2026-03-19,port1154,Santa Marta,1,0,55865,0,55865,0,0,0,0,0,0,0,0,0
2026-03-20,port1154,Santa Marta,3,1,0,1564,0,0,0,0,0,1564,0,0,0,0
2026-03-21,port1154,Santa Marta,0,0,0,0,0,0,0,0,0,0,0,0,0,0
2026-03-22,port1154,Santa Marta,1,0,20763,0,20763,0,0,0,0,0,0,0,0,0
2026-03-23,port1154,Santa Marta,3,2,19764,1960,19764,0,0,0,0,0,1960,0,0,0
2026-03-24,port1154,Santa Marta,1,1,0,9764,0,0,0,0,0,0,9764,0,0,0
2026-03-25,port1154,Santa Marta,2,1,0,689,0,0,0,0,0,0,689,0,0,0
2026-03-26,port1154,Santa Marta,4,1,12047,1561,8213,0,663,3169,0,0,1561,0,0,0
2026-03-27,port1154,Santa Marta,2,0,18634,0,18634,0,0,0,0,0,0,0,0,0
2026-03-28,port1154,Santa Marta,1,1,2153,0,0,2153,0,0,0,0,0,0,0,0
2026-03-29,port1154,Santa Marta,0,0,0,0,0,0,0,0,0,0,0,0,0,0
2026-03-30,port1154,Santa Marta,3,0,19471,6465,19471,0,0,0,0,6465,0,0,0,0
2026-03-31,port1154,Santa Marta,1,1,0,6737,0,0,0,0,0,0,6737,0,0,0
2026-04-01,port1154,Santa Marta,3,1,15814,20317,15814,0,0,0,0,6465,4831,0,9020,0
2026-04-02,port1154,Santa Marta,2,2,0,3512,0,0,0,0,0,0,3512,0,0,0
2026-04-03,port1154,Santa Marta,3,0,63579,7721,63579,0,0,0,0,0,0,0,7721,0
2026-04-04,port1154,Santa Marta,2,1,2332,4783,0,0,0,2332,0,0,0,0,4783,0
2026-04-05,port1154,Santa Marta,1,0,0,26418,0,0,0,0,0,26418,0,0,0,0
2026-04-06,port1154,Santa Marta,1,1,0,5158,0,0,0,0,0,0,5158,0,0,0
2026-04-07,port1154,Santa Marta,4,2,19492,8620,15814,3677,0,0,0,6465,2154,0,0,0
2026-04-08,port1154,Santa Marta,1,0,914,0,914,0,0,0,0,0,0,0,0,0
2026-04-09,port1154,Santa Marta,2,2,0,1739,0,0,0,0,0,0,1739,0,0,0
2026-04-10,port1154,Santa Marta,2,1,20204,0,18053,2150,0,0,0,0,0,0,0,0
2026-04-11,port1154,Santa Marta,2,0,32866,0,32866,0,0,0,0,0,0,0,0,0
2026-04-12,port1154,Santa Marta,0,0,0,0,0,0,0,0,0,0,0,0,0,0
2026-04-13,port1154,Santa Marta,3,2,1708,16992,0,1708,0,0,0,0,4308,0,12684,0
2026-04-14,port1154,Santa Marta,2,1,854,2154,0,854,0,0,0,0,2154,0,0,0
2026-04-15,port1154,Santa Marta,1,1,685,0,0,685,0,0,0,0,0,0,0,0
2026-04-16,port1154,Santa Marta,4,1,33028,17457,33028,0,0,0,0,0,2255,0,15201,0
2026-04-17,port1154,Santa Marta,2,0,3634,0,0,0,1102,0,2532,0,0,0,0,0
2026-04-18,port1154,Santa Marta,1,1,0,0,0,0,0,0,0,0,0,0,0,0
2026-04-19,port1154,Santa Marta,1,0,11466,0,0,0,11466,0,0,0,0,0,0,0
2026-04-20,port1154,Santa Marta,0,0,0,0,0,0,0,0,0,0,0,0,0,0
2026-04-21,port1154,Santa Marta,4,2,854,60047,0,854,0,0,0,53235,6623,189,0,0
2026-04-22,port1154,Santa Marta,2,1,854,2154,0,854,0,0,0,0,2154,0,0,0
2026-04-23,port1154,Santa Marta,3,1,14746,2730,14318,0,427,0,0,0,2730,0,0,0
2026-04-24,port1154,Santa Marta,3,1,5725,7755,0,539,5185,0,0,0,0,0,7755,0
2026-04-25,port1154,Santa Marta,0,0,0,0,0,0,0,0,0,0,0,0,0,0
2026-04-26,port1154,Santa Marta,0,0,0,0,0,0,0,0,0,0,0,0,0,0
2026-04-27,port1154,Santa Marta,3,2,20534,4308,18826,1708,0,0,0,0,4308,0,0,0
2026-04-28,port1154,Santa Marta,2,1,0,2386,0,0,0,0,0,0,2386,0,0,0
2026-04-29,port1154,Santa Marta,2,0,16060,1440,16060,0,0,0,0,0,0,1440,0,0
2026-04-30,port1154,Santa Marta,2,1,58772,753,58772,0,0,0,0,0,753,0,0,0
2026-05-01,port1154,Santa Marta,1,1,0,0,0,0,0,0,0,0,0,0,0,0
2026-05-02,port1154,Santa Marta,2,0,13889,6833,13889,0,0,0,0,0,0,0,6833,0
2026-05-03,port1154,Santa Marta,0,0,0,0,0,0,0,0,0,0,0,0,0,0
2026-05-04,port1154,Santa Marta,2,1,59275,2154,58421,854,0,0,0,0,2154,0,0,0
2026-05-05,port1154,Santa Marta,0,0,0,0,0,0,0,0,0,0,0,0,0,0
2026-05-06,port1154,Santa Marta,2,2,1379,1625,0,1379,0,0,0,0,1625,0,0,0
2026-05-07,port1154,Santa Marta,3,1,34003,6854,34003,0,0,0,0,6465,388,0,0,0
2026-05-08,port1154,Santa Marta,0,0,0,0,0,0,0,0,0,0,0,0,0,0
2026-05-09,port1154,Santa Marta,2,1,1072,2455,0,1072,0,0,0,0,0,0,2455,0
2026-05-10,port1154,Santa Marta,1,0,463,0,0,0,0,463,0,0,0,0,0,0
2026-05-11,port1154,Santa Marta,3,1,19798,2154,18629,854,314,0,0,0,2154,0,0,0
2026-05-12,port1154,Santa Marta,1,1,0,813,0,0,0,0,0,0,813,0,0,0
2026-05-13,port1154,Santa Marta,3,2,854,4184,0,854,0,0,0,0,4184,0,0,0
2026-05-14,port1154,Santa Marta,2,1,230,2927,0,0,230,0,0,0,2927,0,0,0
2026-05-15,port1154,Santa Marta,3,1,19072,0,19072,0,0,0,0,0,0,0,0,0
2026-05-16,port1154,Santa Marta,1,0,1875,782,0,0,1875,0,0,0,0,782,0,0
2026-05-17,port1154,Santa Marta,3,1,27561,0,25519,2041,0,0,0,0,0,0,0,0
2026-05-18,port1154,Santa Marta,2,1,0,3442,0,0,0,0,0,0,3442,0,0,0
2026-05-19,port1154,Santa Marta,2,1,21219,2154,20365,854,0,0,0,0,2154,0,0,0
2026-05-20,port1154,Santa Marta,1,0,18211,0,0,0,18211,0,0,0,0,0,0,0
2026-05-21,port1154,Santa Marta,2,1,2736,393,2736,0,0,0,0,0,393,0,0,0
2026-05-22,port1154,Santa Marta,0,0,0,0,0,0,0,0,0,0,0,0,0,0
2026-05-23,port1154,Santa Marta,2,1,1615,40122,0,1615,0,0,0,40122,0,0,0,0
2026-05-24,port1154,Santa Marta,0,0,0,0,0,0,0,0,0,0,0,0,0,0
2026-05-25,port1154,Santa Marta,2,1,854,2154,0,854,0,0,0,0,2154,0,0,0
2026-05-26,port1154,Santa Marta,1,1,854,2154,0,854,0,0,0,0,2154,0,0,0
2026-05-27,port1154,Santa Marta,2,2,1356,1176,0,1356,0,0,0,0,1176,0,0,0
2026-05-28,port1154,Santa Marta,3,1,854,3100,0,854,0,0,0,0,2154,946,0,0
2026-05-29,port1154,Santa Marta,3,1,59258,0,58432,0,825,0,0,0,0,0,0,0
2026-05-30,port1154,Santa Marta,1,1,394,337,0,394,0,0,0,0,337,0,0,0
2026-05-31,port1154,Santa Marta,1,0,52374,0,52374,0,0,0,0,0,0,0,0,0
2026-06-01,port1154,Santa Marta,1,1,0,2821,0,0,0,0,0,0,2821,0,0,0
2026-06-02,port1154,Santa Marta,1,1,1595,0,0,1595,0,0,0,0,0,0,0,0
2026-06-03,port1154,Santa Marta,2,1,15814,8504,15814,0,0,0,0,6465,2038,0,0,0
2026-06-04,port1154,Santa Marta,2,1,3199,1171,0,0,0,3199,0,0,1171,0,0,0
2026-06-05,port1154,Santa Marta,1,0,2332,4783,0,0,0,2332,0,0,0,0,4783,0
2026-06-06,port1154,Santa Marta,2,1,0,5028,0,0,0,0,0,0,537,0,4491,0
2026-06-07,port1154,Santa Marta,1,0,1875,782,0,0,1875,0,0,0,0,782,0,0
2026-06-08,port1154,Santa Marta,3,2,0,5141,0,0,0,0,0,0,5141,0,0,0
2026-06-09,port1154,Santa Marta,1,1,0,57,0,0,0,0,0,0,57,0,0,0
2026-06-10,port1154,Santa Marta,2,1,1354,13088,0,1354,0,0,0,0,335,0,12753,0
2026-06-11,port1154,Santa Marta,2,1,16669,8620,15814,854,0,0,0,6465,2154,0,0,0
2026-06-12,port1154,Santa Marta,3,1,10066,2685,10066,0,0,0,0,0,0,0,2685,0
2026-06-13,port1154,Santa Marta,3,0,554,60859,554,0,0,0,0,60859,0,0,0,0
2026-06-14,port1154,Santa Marta,0,0,0,0,0,0,0,0,0,0,0,0,0,0
2026-06-15,port1154,Santa Marta,1,1,854,2154,0,854,0,0,0,0,2154,0,0,0
2026-06-16,port1154,Santa Marta,2,1,22659,2407,22659,0,0,0,0,0,2407,0,0,0
2026-06-17,port1154,Santa Marta,4,1,15814,49536,15814,0,0,0,0,46099,3436,0,0,0
2026-06-18,port1154,Santa Marta,1,1,0,391,0,0,0,0,0,0,391,0,0,0
2026-06-19,port1154,Santa Marta,4,1,41173,2148,41173,0,0,0,0,0,2148,0,0,0
2026-06-20,port1154,Santa Marta,0,0,0,0,0,0,0,0,0,0,0,0,0,0
2026-06-21,port1154,Santa Marta,0,0,0,0,0,0,0,0,0,0,0,0,0,0
2026-06-22,port1154,Santa Marta,2,2,0,1741,0,0,0,0,0,0,1741,0,0,0
2026-06-23,port1154,Santa Marta,3,1,1875,2569,0,0,1875,0,0,0,1629,939,0,0
2026-06-24,port1154,Santa Marta,2,1,0,9465,0,0,0,0,0,0,2028,0,7437,0
2026-06-25,port1154,Santa Marta,2,1,4506,2154,0,854,0,3652,0,0,2154,0,0,0
2026-06-26,port1154,Santa Marta,2,0,60464,0,60464,0,0,0,0,0,0,0,0,0
2026-06-27,port1154,Santa Marta,2,1,31711,0,31711,0,0,0,0,0,0,0,0,0
2026-06-28,port1154,Santa Marta,2,1,7142,0,0,4288,0,2854,0,0,0,0,0,0
2026-06-29,port1154,Santa Marta,1,1,0,2818,0,0,0,0,0,0,2818,0,0,0
2026-06-30,port1154,Santa Marta,0,0,0,0,0,0,0,0,0,0,0,0,0,0
2026-07-01,port1154,Santa Marta,2,1,0,5683,0,0,0,0,0,0,5683,0,0,0
2026-07-02,port1154,Santa Marta,4,2,64338,4636,54329,781,9227,0,0,0,4636,0,0,0
2026-07-03,port1154,Santa Marta,1,0,6746,0,6746,0,0,0,0,0,0,0,0,0
2026-07-04,port1154,Santa Marta,2,1,0,536,0,0,0,0,0,0,536,0,0,0
2026-07-05,port1154,Santa Marta,1,0,0,3704,0,0,0,0,0,0,0,0,3704,0
2026-07-06,port1154,Santa Marta,1,1,0,5616,0,0,0,0,0,0,5616,0,0,0
2026-07-07,port1154,Santa Marta,2,1,15814,9663,15814,0,0,0,0,6465,3197,0,0,0
2026-07-08,port1154,Santa Marta,2,2,1354,3768,0,1354,0,0,0,0,3768,0,0,0
2026-07-09,port1154,Santa Marta,3,1,17572,927,0,0,0,17572,0,0,361,565,0,0
2026-07-10,port1154,Santa Marta,2,1,50587,0,50587,0,0,0,0,0,0,0,0,0
2026-07-11,port1154,Santa Marta,0,0,0,0,0,0,0,0,0,0,0,0,0,0
2026-07-12,port1154,Santa Marta,0,0,0,0,0,0,0,0,0,0,0,0,0,0
2026-07-13,port1154,Santa Marta,2,1,0,1694,0,0,0,0,0,0,1694,0,0,0
2026-07-14,port1154,Santa Marta,1,1,854,2154,0,854,0,0,0,0,2154,0,0,0
2026-07-15,port1154,Santa Marta,2,1,4462,0,0,407,0,4055,0,0,0,0,0,0
2026-07-16,port1154,Santa Marta,1,1,393,0,0,393,0,0,0,0,0,0,0,0
2026-07-17,port1154,Santa Marta,2,1,726,1176,0,726,0,0,0,0,1176,0,0,0
2026-07-18,port1154,Santa Marta,0,0,0,0,0,0,0,0,0,0,0,0,0,0
2026-07-19,port1154,Santa Marta,1,0,1875,782,0,0,1875,0,0,0,0,782,0,0
2026-07-20,port1154,Santa Marta,2,1,996,0,0,677,0,318,0,0,0,0,0,0
2026-07-21,port1154,Santa Marta,0,0,0,0,0,0,0,0,0,0,0,0,0,0
2026-07-22,port1154,Santa Marta,2,0,0,585,0,0,0,0,0,0,0,389,196,0
2026-07-23,port1154,Santa Marta,2,2,2392,724,0,2392,0,0,0,0,724,0,0,0
2026-07-24,port1154,Santa Marta,1,1,0,0,0,0,0,0,0,0,0,0,0,0
2026-07-25,port1154,Santa Marta,1,0,2340,0,2340,0,0,0,0,0,0,0,0,0
2026-07-26,port1154,Santa Marta,0,0,0,0,0,0,0,0,0,0,0,0,0,0
2026-07-27,port1154,Santa Marta,2,1,55695,4502,55695,0,0,0,0,0,4502,0,0,0
2026-07-28,port1154,Santa Marta,0,0,0,0,0,0,0,0,0,0,0,0,0,0
2026-07-29,port1154,Santa Marta,0,0,0,0,0,0,0,0,0,0,0,0,0,0
2026-07-30,port1154,Santa Marta,0,0,0,0,0,0,0,0,0,0,0,0,0,0
2026-07-31,port1154,Santa Marta,2,1,537,0,0,537,0,0,0,0,0,0,0,0
2026-08-01,port1154,Santa Marta,1,0,0,47583,0,0,0,0,0,47583,0,0,0,0
2026-08-02,port1154,Santa Marta,0,0,0,0,0,0,0,0,0,0,0,0,0,0
2026-08-03,port1154,Santa Marta,3,1,79531,337,79137,394,0,0,0,0,337,0,0,0
2026-08-04,port1154,Santa Marta,4,1,69234,15096,69234,0,0,0,0,6465,5565,3065,0,0
2026-08-05,port1154,Santa Marta,1,1,0,1225,0,0,0,0,0,0,1225,0,0,0
2026-08-06,port1154,Santa Marta,2,1,0,48455,0,0,0,0,0,48094,361,0,0,0
2026-08-07,port1154,Santa Marta,1,0,695,0,0,0,695,0,0,0,0,0,0,0
2026-08-08,port1154,Santa Marta,4,1,11117,5617,8927,0,0,0,2190,0,5617,0,0,0
2026-08-09,port1154,Santa Marta,0,0,0,0,0,0,0,0,0,0,0,0,0,0
2026-08-10,port1154,Santa Marta,2,0,12783,92,12178,0,0,0,605,0,0,0,0,92
2026-08-11,port1154,Santa Marta,3,2,17749,8134,17749,0,0,0,0,0,8134,0,0,0
2026-08-12,port1154,Santa Marta,1,0,10510,0,10510,0,0,0,0,0,0,0,0,0
2026-08-13,port1154,Santa Marta,3,1,1461,1176,1461,0,0,0,0,0,1176,0,0,0
2026-08-14,port1154,Santa Marta,3,0,31921,0,31168,0,752,0,0,0,0,0,0,0
2026-08-15,port1154,Santa Marta,3,1,17146,7735,15814,726,0,0,605,6465,1176,0,0,92
2026-08-16,port1154,Santa Marta,2,0,1025,278,0,0,0,0,1025,278,0,0,0,0
2026-08-17,port1154,Santa Marta,2,1,0,4502,0,0,0,0,0,0,4502,0,0,0
2026-08-18,port1154,Santa Marta,2,1,7885,814,7885,0,0,0,0,0,814,0,0,0
2026-08-19,port1154,Santa Marta,2,1,4584,2741,4584,0,0,0,0,0,2741,0,0,0
2026-08-20,port1154,Santa Marta,2,1,835,722,835,0,0,0,0,0,722,0,0,0
2026-08-21,port1154,Santa Marta,2,0,16511,7522,16511,0,0,0,0,6104,0,0,1418,0
