date,portid,portname,portcalls,portcalls_container,import,export,import_dry_bulk,import_container,import_general_cargo,import_tanker,import_roro,export_dry_bulk,export_container,export_general_cargo,export_tanker,export_roro
2019-01-07,port183,Buenaventura,4,2,12182,0,0,8543,3638,0,0,0,0,0,0,0
2019-01-08,port183,Buenaventura,3,2,13562,0,0,7596,0,5965,0,0,0,0,0,0
2019-01-09,port183,Buenaventura,5,3,41225,11938,41225,0,0,0,0,0,11938,0,0,0
2019-01-10,port183,Buenaventura,6,3,62674,2324,53867,8806,0,0,0,0,915,0,1408,0
2019-01-11,port183,Buenaventura,4,3,11150,23313,0,11150,0,0,0,0,23313,0,0,0
2019-01-12,port183,Buenaventura,3,1,38256,0,23179,11927,0,3148,0,0,0,0,0,0
2019-01-13,port183,Buenaventura,3,2,1650,9984,0,1246,0,0,403,0,9984,0,0,0
2019-01-14,port183,Buenaventura,2,1,36395,0,34230,2165,0,0,0,0,0,0,0,0
2019-01-15,port183,Buenaventura,2,0,2509,0,0,0,0,2509,0,0,0,0,0,0
2019-01-16,port183,Buenaventura,3,1,60718,2272,49638,5575,0,5504,0,0,1622,0,650,0
2019-01-17,port183,Buenaventura,7,5,29185,38525,16909,12275,0,0,0,0,38525,0,0,0
2019-01-18,port183,Buenaventura,4,3,9589,21234,2507,7082,0,0,0,0,21234,0,0,0
2019-01-19,port183,Buenaventura,4,2,11640,0,4993,5599,0,1047,0,0,0,0,0,0
2019-01-20,port183,Buenaventura,3,2,14061,1622,0,14061,0,0,0,0,1622,0,0,0
2019-01-21,port183,Buenaventura,4,2,8759,6913,4080,0,0,4678,0,0,6913,0,0,0
2019-01-22,port183,Buenaventura,5,2,112184,1622,89151,23032,0,0,0,0,1622,0,0,0
2019-01-23,port183,Buenaventura,2,2,19283,1622,0,19283,0,0,0,0,1622,0,0,0
2019-01-24,port183,Buenaventura,8,3,140662,2272,117982,17175,0,5504,0,0,1622,0,650,0
2019-01-25,port183,Buenaventura,4,3,13141,76159,0,13141,0,0,0,52974,23185,0,0,0
2019-01-26,port183,Buenaventura,5,3,42594,1622,22568,20025,0,0,0,0,1622,0,0,0
2019-01-27,port183,Buenaventura,2,1,16163,0,2441,13721,0,0,0,0,0,0,0,0
2019-01-28,port183,Buenaventura,3,2,31028,0,17457,13571,0,0,0,0,0,0,0,0
2019-01-29,port183,Buenaventura,4,2,17968,0,0,17968,0,0,0,0,0,0,0,0
2019-01-30,port183,Buenaventura,3,2,10923,9863,0,6182,4740,0,0,0,9863,0,0,0
2019-01-31,port183,Buenaventura,7,4,11490,81363,6370,5120,0,0,0,65833,15530,0,0,0
2019-02-01,port183,Buenaventura,3,3,6599,23870,0,6599,0,0,0,0,23870,0,0,0
2019-02-02,port183,Buenaventura,4,3,49391,0,21953,27437,0,0,0,0,0,0,0,0
2019-02-03,port183,Buenaventura,3,1,37509,0,23885,10951,2673,0,0,0,0,0,0,0
2019-02-04,port183,Buenaventura,4,3,11782,0,0,9568,0,0,2214,0,0,0,0,0
2019-02-05,port183,Buenaventura,7,3,101094,9079,77091,20377,3625,0,0,1169,7909,0,0,0
2019-02-06,port183,Buenaventura,0,0,0,0,0,0,0,0,0,0,0,0,0,0
2019-02-07,port183,Buenaventura,6,4,16472,36293,0,5243,0,3720,7508,0,36293,0,0,0
2019-02-08,port183,Buenaventura,4,3,11622,20604,0,6117,0,5504,0,0,19953,0,650,0
2019-02-09,port183,Buenaventura,5,2,21621,66,0,20632,0,0,989,0,0,0,0,66
2019-02-10,port183,Buenaventura,5,3,45734,0,14377,29750,0,1606,0,0,0,0,0,0
2019-02-11,port183,Buenaventura,3,2,11150,39612,0,11150,0,0,0,36368,3244,0,0,0
2019-02-12,port183,Buenaventura,4,2,50206,0,36773,13432,0,0,0,0,0,0,0,0
2019-02-13,port183,Buenaventura,3,1,56242,0,53175,2412,0,0,655,0,0,0,0,0
2019-02-14,port183,Buenaventura,6,3,21556,7393,0,5575,11268,4713,0,0,6889,0,503,0
2019-02-15,port183,Buenaventura,3,3,10503,2345,0,10503,0,0,0,0,2345,0,0,0
2019-02-16,port183,Buenaventura,5,1,39838,7625,39526,0,0,311,0,0,7625,0,0,0
2019-02-17,port183,Buenaventura,4,3,82997,0,30826,52170,0,0,0,0,0,0,0,0
2019-02-18,port183,Buenaventura,5,3,28656,3001,26876,1780,0,0,0,0,3001,0,0,0
2019-02-19,port183,Buenaventura,2,1,0,0,0,0,0,0,0,0,0,0,0,0
2019-02-20,port183,Buenaventura,4,3,6564,20120,0,5575,0,0,989,0,20053,0,0,66
2019-02-21,port183,Buenaventura,4,4,15887,14181,0,15887,0,0,0,0,14181,0,0,0
2019-02-22,port183,Buenaventura,3,3,8164,14871,0,8164,0,0,0,0,14871,0,0,0
2019-02-23,port183,Buenaventura,2,1,21576,0,0,21576,0,0,0,0,0,0,0,0
2019-02-24,port183,Buenaventura,6,4,4678,11664,1642,3036,0,0,0,0,971,0,10693,0
2019-02-25,port183,Buenaventura,3,1,28771,4553,20653,5575,0,0,2542,2931,1622,0,0,0
2019-02-26,port183,Buenaventura,0,0,0,0,0,0,0,0,0,0,0,0,0,0
2019-02-27,port183,Buenaventura,1,1,11970,0,0,11970,0,0,0,0,0,0,0,0
2019-02-28,port183,Buenaventura,6,4,77475,19587,51861,20108,0,5504,0,0,18936,0,650,0
2019-03-01,port183,Buenaventura,4,4,1375,15153,0,1375,0,0,0,0,15153,0,0,0
2019-03-02,port183,Buenaventura,2,1,21453,0,0,21453,0,0,0,0,0,0,0,0
2019-03-03,port183,Buenaventura,3,3,50141,1622,0,50141,0,0,0,0,1622,0,0,0
2019-03-04,port183,Buenaventura,0,0,0,0,0,0,0,0,0,0,0,0,0,0
2019-03-05,port183,Buenaventura,2,1,14890,0,0,14890,0,0,0,0,0,0,0,0
2019-03-06,port183,Buenaventura,5,3,25266,23697,3212,22054,0,0,0,0,23697,0,0,0
2019-03-07,port183,Buenaventura,6,4,25447,26679,0,23745,0,0,1701,13147,13532,0,0,0
2019-03-08,port183,Buenaventura,6,4,28385,20789,0,26171,0,0,2214,18257,2531,0,0,0
2019-03-09,port183,Buenaventura,2,1,1276,0,0,1276,0,0,0,0,0,0,0,0
2019-03-10,port183,Buenaventura,3,2,31837,0,23658,8179,0,0,0,0,0,0,0,0
2019-03-11,port183,Buenaventura,4,2,24554,4984,20653,3900,0,0,0,2931,2052,0,0,0
2019-03-12,port183,Buenaventura,0,0,0,0,0,0,0,0,0,0,0,0,0,0
2019-03-13,port183,Buenaventura,8,3,121816,13366,103277,13034,0,5504,0,3847,8867,0,650,0
2019-03-14,port183,Buenaventura,5,3,49872,14343,35627,14244,0,0,0,0,14343,0,0,0
2019-03-15,port183,Buenaventura,4,2,12543,66,4785,6768,0,0,989,0,0,0,0,66
2019-03-16,port183,Buenaventura,3,1,26920,10174,11695,0,0,15225,0,0,10174,0,0,0
2019-03-17,port183,Buenaventura,5,3,28606,650,0,23102,0,5504,0,0,0,0,650,0
2019-03-18,port183,Buenaventura,4,1,7188,77112,0,6666,0,522,0,77112,0,0,0,0
2019-03-19,port183,Buenaventura,1,0,0,0,0,0,0,0,0,0,0,0,0,0
2019-03-20,port183,Buenaventura,3,3,0,22222,0,0,0,0,0,0,22222,0,0,0
2019-03-21,port183,Buenaventura,5,3,78815,0,50656,14170,0,13989,0,0,0,0,0,0
2019-03-22,port183,Buenaventura,4,3,15492,6738,0,15492,0,0,0,0,6738,0,0,0
2019-03-23,port183,Buenaventura,5,2,67594,1622,47881,19712,0,0,0,0,1622,0,0,0
2019-03-24,port183,Buenaventura,3,1,1572,1247,0,0,1572,0,0,0,1247,0,0,0
2019-03-25,port183,Buenaventura,3,1,35789,677,35789,0,0,0,0,0,677,0,0,0
2019-03-26,port183,Buenaventura,4,2,15950,0,0,11905,0,0,4045,0,0,0,0,0
2019-03-27,port183,Buenaventura,1,1,5575,1622,0,5575,0,0,0,0,1622,0,0,0
2019-03-28,port183,Buenaventura,5,4,10364,18150,0,6357,0,4007,0,0,18150,0,0,0
2019-03-29,port183,Buenaventura,5,2,40564,2931,31515,6599,0,0,2448,2931,0,0,0,0
2019-03-30,port183,Buenaventura,5,4,19435,2981,0,19015,419,0,0,0,2981,0,0,0
2019-03-31,port183,Buenaventura,1,0,3399,0,0,0,0,0,3399,0,0,0,0,0
2019-04-01,port183,Buenaventura,5,2,54065,5863,45960,8104,0,0,0,5863,0,0,0,0
2019-04-02,port183,Buenaventura,2,2,9901,0,0,9901,0,0,0,0,0,0,0,0
2019-04-03,port183,Buenaventura,5,3,60405,12467,50499,9905,0,0,0,0,12309,0,158,0
2019-04-04,port183,Buenaventura,4,2,53928,0,46662,6844,0,0,421,0,0,0,0,0
2019-04-05,port183,Buenaventura,3,3,3859,1274,0,3859,0,0,0,0,1274,0,0,0
2019-04-06,port183,Buenaventura,5,2,40050,2981,20653,14403,0,4994,0,2931,0,0,49,0
2019-04-07,port183,Buenaventura,3,2,7984,68342,0,7984,0,0,0,66720,1622,0,0,0
2019-04-08,port183,Buenaventura,3,2,15128,0,0,12229,2898,0,0,0,0,0,0,0
2019-04-09,port183,Buenaventura,3,1,3407,0,0,0,0,0,3407,0,0,0,0,0
2019-04-10,port183,Buenaventura,3,3,4108,13430,0,4108,0,0,0,0,13430,0,0,0
2019-04-11,port183,Buenaventura,2,1,21719,0,14957,6761,0,0,0,0,0,0,0,0
2019-04-12,port183,Buenaventura,2,2,9930,0,0,9930,0,0,0,0,0,0,0,0
2019-04-13,port183,Buenaventura,4,2,29386,12326,0,28876,0,0,509,0,12326,0,0,0
2019-04-14,port183,Buenaventura,5,4,33385,0,0,32517,0,0,868,0,0,0,0,0
2019-04-15,port183,Buenaventura,0,0,0,0,0,0,0,0,0,0,0,0,0,0
2019-04-16,port183,Buenaventura,2,1,25894,0,3979,21914,0,0,0,0,0,0,0,0
2019-04-17,port183,Buenaventura,3,2,48185,1816,40590,7594,0,0,0,0,1816,0,0,0
2019-04-18,port183,Buenaventura,4,3,63606,1622,50061,13544,0,0,0,0,1622,0,0,0
2019-04-19,port183,Buenaventura,3,3,14627,21629,0,14627,0,0,0,0,21629,0,0,0
2019-04-20,port183,Buenaventura,3,2,22129,0,5758,16370,0,0,0,0,0,0,0,0
2019-04-21,port183,Buenaventura,4,2,40386,2931,20653,19733,0,0,0,2931,0,0,0,0
2019-04-22,port183,Buenaventura,3,2,17725,0,10268,7457,0,0,0,0,0,0,0,0
2019-04-23,port183,Buenaventura,3,2,78857,0,47051,31806,0,0,0,0,0,0,0,0
2019-04-24,port183,Buenaventura,5,1,57250,14282,51746,0,0,5504,0,5828,7803,0,650,0
2019-04-25,port183,Buenaventura,6,5,1372,27002,0,315,0,1057,0,0,27002,0,0,0
2019-04-26,port183,Buenaventura,3,2,15593,0,0,8873,0,6720,0,0,0,0,0,0
2019-04-27,port183,Buenaventura,2,1,5504,7389,0,0,0,5504,0,0,6738,0,650,0
2019-04-28,port183,Buenaventura,4,3,66481,0,46487,19993,0,0,0,0,0,0,0,0
2019-04-29,port183,Buenaventura,2,1,9856,0,0,9517,0,338,0,0,0,0,0,0
2019-04-30,port183,Buenaventura,6,2,99447,0,85112,14334,0,0,0,0,0,0,0,0
2019-05-01,port183,Buenaventura,4,3,4929,11147,0,4929,0,0,0,0,11147,0,0,0
2019-05-02,port183,Buenaventura,5,3,82006,18033,76430,5575,0,0,0,0,18033,0,0,0
2019-05-03,port183,Buenaventura,4,3,16677,13272,0,16677,0,0,0,3269,10002,0,0,0
2019-05-04,port183,Buenaventura,3,2,37193,2931,20653,16539,0,0,0,2931,0,0,0,0
2019-05-05,port183,Buenaventura,3,2,15491,1622,0,15491,0,0,0,0,1622,0,0,0
2019-05-06,port183,Buenaventura,3,2,16838,675,12452,4385,0,0,0,0,675,0,0,0
2019-05-07,port183,Buenaventura,1,0,20653,2931,20653,0,0,0,0,2931,0,0,0,0
2019-05-08,port183,Buenaventura,3,2,10451,11872,0,7659,0,2791,0,0,11872,0,0,0
2019-05-09,port183,Buenaventura,7,5,6739,27796,0,6739,0,0,0,0,27796,0,0,0
2019-05-10,port183,Buenaventura,5,3,17606,12997,0,4675,0,12930,0,0,12997,0,0,0
2019-05-11,port183,Buenaventura,2,1,16631,0,12145,4485,0,0,0,0,0,0,0,0
2019-05-12,port183,Buenaventura,3,3,24802,0,0,24802,0,0,0,0,0,0,0,0
2019-05-13,port183,Buenaventura,4,2,54113,677,53562,551,0,0,0,0,677,0,0,0
2019-05-14,port183,Buenaventura,4,2,33965,0,9415,22849,1699,0,0,0,0,0,0,0
2019-05-15,port183,Buenaventura,4,3,49712,11581,35476,14235,0,0,0,0,11581,0,0,0
2019-05-16,port183,Buenaventura,4,3,22357,10129,0,7790,0,14567,0,0,10129,0,0,0
2019-05-17,port183,Buenaventura,4,2,85485,0,70452,15033,0,0,0,0,0,0,0,0
2019-05-18,port183,Buenaventura,0,0,0,0,0,0,0,0,0,0,0,0,0,0
2019-05-19,port183,Buenaventura,5,4,11214,22661,0,8609,0,2604,0,0,22661,0,0,0
2019-05-20,port183,Buenaventura,8,3,65166,44143,39921,25245,0,0,0,44143,0,0,0,0
2019-05-21,port183,Buenaventura,4,1,69410,0,63519,5890,0,0,0,0,0,0,0,0
2019-05-22,port183,Buenaventura,4,2,26228,17559,20653,5575,0,0,0,3901,13658,0,0,0
2019-05-23,port183,Buenaventura,4,4,13221,12260,0,13221,0,0,0,0,12260,0,0,0
2019-05-24,port183,Buenaventura,4,2,20290,1622,10922,8858,0,0,509,0,1622,0,0,0
2019-05-25,port183,Buenaventura,3,2,6602,24521,0,6602,0,0,0,0,24521,0,0,0
2019-05-26,port183,Buenaventura,3,3,23625,1622,0,23625,0,0,0,0,1622,0,0,0
2019-05-27,port183,Buenaventura,3,1,22395,0,11516,7786,3092,0,0,0,0,0,0,0
2019-05-28,port183,Buenaventura,2,1,33647,2931,20653,12994,0,0,0,2931,0,0,0,0
2019-05-29,port183,Buenaventura,6,4,86047,20281,52852,33194,0,0,0,0,20281,0,0,0
2019-05-30,port183,Buenaventura,3,2,60634,9870,56185,4448,0,0,0,0,9870,0,0,0
2019-05-31,port183,Buenaventura,3,2,6849,5107,0,4817,0,0,2031,0,5107,0,0,0
2019-06-01,port183,Buenaventura,2,2,21565,0,0,21565,0,0,0,0,0,0,0,0
2019-06-02,port183,Buenaventura,5,2,60268,0,35510,23842,682,232,0,0,0,0,0,0
2019-06-03,port183,Buenaventura,3,3,12958,0,0,12958,0,0,0,0,0,0,0,0
2019-06-04,port183,Buenaventura,1,1,5575,1622,0,5575,0,0,0,0,1622,0,0,0
2019-06-05,port183,Buenaventura,2,2,9679,1622,0,9679,0,0,0,0,1622,0,0,0
2019-06-06,port183,Buenaventura,5,3,75252,11462,72723,2529,0,0,0,0,11462,0,0,0
2019-06-07,port183,Buenaventura,6,4,43883,39679,0,15436,11889,16557,0,0,39679,0,0,0
2019-06-08,port183,Buenaventura,1,0,45991,0,45991,0,0,0,0,0,0,0,0,0
2019-06-09,port183,Buenaventura,4,3,21510,0,0,21510,0,0,0,0,0,0,0,0
2019-06-10,port183,Buenaventura,5,2,32370,54939,20653,11717,0,0,0,54939,0,0,0,0
2019-06-11,port183,Buenaventura,5,3,33089,2264,16578,11854,4656,0,0,0,2264,0,0,0
2019-06-12,port183,Buenaventura,1,1,0,8504,0,0,0,0,0,0,8504,0,0,0
2019-06-13,port183,Buenaventura,7,4,27001,26689,20425,5586,0,0,989,0,26622,0,0,66
2019-06-14,port183,Buenaventura,4,3,7722,7992,7243,479,0,0,0,0,7992,0,0,0
2019-06-15,port183,Buenaventura,2,1,12032,650,0,6527,0,5504,0,0,0,0,650,0
2019-06-16,port183,Buenaventura,5,3,27034,944,0,25245,1470,319,0,0,944,0,0,0
2019-06-17,port183,Buenaventura,2,1,34351,0,0,6074,0,28277,0,0,0,0,0,0
2019-06-18,port183,Buenaventura,3,2,42902,0,34192,8709,0,0,0,0,0,0,0,0
2019-06-19,port183,Buenaventura,3,2,7193,4255,0,1371,0,5822,0,0,4255,0,0,0
2019-06-20,port183,Buenaventura,4,3,18283,68320,0,18283,0,0,0,56981,11339,0,0,0
2019-06-21,port183,Buenaventura,5,3,53987,15165,35284,17713,0,0,989,0,15098,0,0,66
2019-06-22,port183,Buenaventura,3,0,34383,0,22618,0,0,11765,0,0,0,0,0,0
2019-06-23,port183,Buenaventura,5,2,81165,0,59729,21436,0,0,0,0,0,0,0,0
2019-06-24,port183,Buenaventura,2,2,11435,0,0,11435,0,0,0,0,0,0,0,0
2019-06-25,port183,Buenaventura,1,1,15793,0,0,15793,0,0,0,0,0,0,0,0
2019-06-26,port183,Buenaventura,5,2,78604,7787,77377,1226,0,0,0,0,7787,0,0,0
2019-06-27,port183,Buenaventura,7,4,65807,97470,53015,12791,0,0,0,78725,17109,1635,0,0
2019-06-28,port183,Buenaventura,4,2,9335,21052,0,5575,0,3759,0,0,17776,3276,0,0
2019-06-29,port183,Buenaventura,2,1,5330,0,0,1092,0,4238,0,0,0,0,0,0
2019-06-30,port183,Buenaventura,5,3,49526,0,30486,16066,2973,0,0,0,0,0,0,0
2019-07-01,port183,Buenaventura,2,1,2735,0,0,2735,0,0,0,0,0,0,0,0
2019-07-02,port183,Buenaventura,2,1,23853,0,0,9903,0,13949,0,0,0,0,0,0
2019-07-03,port183,Buenaventura,3,2,14864,9116,0,5523,9341,0,0,0,9116,0,0,0
2019-07-04,port183,Buenaventura,5,2,54744,315,0,11274,17532,25937,0,0,315,0,0,0
2019-07-05,port183,Buenaventura,5,2,13137,2909,0,6054,7082,0,0,1287,1622,0,0,0
2019-07-06,port183,Buenaventura,4,2,37036,2931,20653,16382,0,0,0,2931,0,0,0,0
2019-07-07,port183,Buenaventura,2,2,17826,0,0,17826,0,0,0,0,0,0,0,0
2019-07-08,port183,Buenaventura,5,1,81323,1622,73050,5575,0,2697,0,0,1622,0,0,0
2019-07-09,port183,Buenaventura,6,2,25063,2931,20653,4409,0,0,0,2931,0,0,0,0
2019-07-10,port183,Buenaventura,2,2,5575,6792,0,5575,0,0,0,0,6792,0,0,0
2019-07-11,port183,Buenaventura,4,3,59478,16443,51175,8303,0,0,0,0,16443,0,0,0
2019-07-12,port183,Buenaventura,4,2,37077,16333,31921,5155,0,0,0,0,16333,0,0,0
2019-07-13,port183,Buenaventura,1,1,12114,0,0,12114,0,0,0,0,0,0,0,0
2019-07-14,port183,Buenaventura,5,3,22114,1622,0,17907,2669,0,1537,0,1622,0,0,0
2019-07-15,port183,Buenaventura,4,1,21274,8066,20653,0,0,621,0,2931,5134,0,0,0
2019-07-16,port183,Buenaventura,4,2,53814,0,45275,8539,0,0,0,0,0,0,0,0
2019-07-17,port183,Buenaventura,3,2,7037,22737,0,5488,0,1548,0,0,22737,0,0,0
2019-07-18,port183,Buenaventura,3,2,0,3641,0,0,0,0,0,0,3641,0,0,0
2019-07-19,port183,Buenaventura,4,4,11837,1272,0,11837,0,0,0,0,1272,0,0,0
2019-07-20,port183,Buenaventura,4,2,17188,0,0,17188,0,0,0,0,0,0,0,0
2019-07-21,port183,Buenaventura,2,2,12198,1622,0,12198,0,0,0,0,1622,0,0,0
2019-07-22,port183,Buenaventura,5,1,59360,0,7765,33325,0,12808,5460,0,0,0,0,0
2019-07-23,port183,Buenaventura,2,1,37319,0,30019,7300,0,0,0,0,0,0,0,0
2019-07-24,port183,Buenaventura,2,2,9886,17983,0,9886,0,0,0,0,17983,0,0,0
2019-07-25,port183,Buenaventura,5,3,0,14716,0,0,0,0,0,0,14716,0,0,0
2019-07-26,port183,Buenaventura,3,3,5575,1622,0,5575,0,0,0,0,1622,0,0,0
2019-07-27,port183,Buenaventura,4,3,9166,26095,0,9166,0,0,0,22223,3871,0,0,0
2019-07-28,port183,Buenaventura,4,4,7763,3669,0,7763,0,0,0,0,3669,0,0,0
2019-07-29,port183,Buenaventura,3,2,1565,2170,0,0,0,1565,0,0,2170,0,0,0
2019-07-30,port183,Buenaventura,2,2,5521,13621,0,5521,0,0,0,0,13621,0,0,0
2019-07-31,port183,Buenaventura,2,2,15579,16080,0,15579,0,0,0,0,16080,0,0,0
2019-08-01,port183,Buenaventura,2,1,27110,0,13847,13263,0,0,0,0,0,0,0,0
2019-08-02,port183,Buenaventura,3,2,12254,1273,0,9888,0,0,2365,0,1273,0,0,0
2019-08-03,port183,Buenaventura,2,2,0,6336,0,0,0,0,0,0,6336,0,0,0
2019-08-04,port183,Buenaventura,8,5,37571,8013,10408,12527,14635,0,0,0,8013,0,0,0
2019-08-05,port183,Buenaventura,1,0,1792,0,0,0,0,0,1792,0,0,0,0,0
2019-08-06,port183,Buenaventura,2,1,8169,1622,2594,5575,0,0,0,0,1622,0,0,0
2019-08-07,port183,Buenaventura,4,4,5575,20574,0,5575,0,0,0,0,20574,0,0,0
2019-08-08,port183,Buenaventura,4,1,42883,0,29362,8257,0,5262,0,0,0,0,0,0
2019-08-09,port183,Buenaventura,4,2,36263,0,0,32353,0,0,3910,0,0,0,0,0
2019-08-10,port183,Buenaventura,5,1,47886,12215,42492,0,5393,0,0,0,12215,0,0,0
2019-08-11,port183,Buenaventura,6,4,84448,3244,70941,13507,0,0,0,0,3244,0,0,0
2019-08-12,port183,Buenaventura,5,1,36173,0,21889,2159,12124,0,0,0,0,0,0,0
2019-08-13,port183,Buenaventura,2,1,8349,0,0,6472,0,1877,0,0,0,0,0,0
2019-08-14,port183,Buenaventura,4,2,22662,2111,0,7735,0,14926,0,0,1622,0,489,0
2019-08-15,port183,Buenaventura,2,2,3408,12527,0,3408,0,0,0,0,12527,0,0,0
2019-08-16,port183,Buenaventura,5,2,16535,0,8159,8376,0,0,0,0,0,0,0,0
2019-08-17,port183,Buenaventura,2,0,67459,0,67459,0,0,0,0,0,0,0,0,0
2019-08-18,port183,Buenaventura,10,5,151971,5130,109600,27976,0,14394,0,0,5130,0,0,0
2019-08-19,port183,Buenaventura,1,1,0,6185,0,0,0,0,0,0,6185,0,0,0
2019-08-20,port183,Buenaventura,7,2,47401,5585,34657,12235,0,0,508,2908,1622,0,1054,0
2019-08-21,port183,Buenaventura,1,0,4877,0,0,0,0,4877,0,0,0,0,0,0
2019-08-22,port183,Buenaventura,5,4,27015,21762,10993,16021,0,0,0,0,21762,0,0,0
2019-08-23,port183,Buenaventura,5,2,14675,3029,7095,7580,0,0,0,0,1092,1937,0,0
2019-08-24,port183,Buenaventura,2,0,10491,0,9762,0,728,0,0,0,0,0,0,0
2019-08-25,port183,Buenaventura,4,3,8811,1370,0,8811,0,0,0,0,1370,0,0,0
2019-08-26,port183,Buenaventura,7,4,92996,27481,83618,9377,0,0,0,2931,24550,0,0,0
2019-08-27,port183,Buenaventura,1,1,8572,0,0,8572,0,0,0,0,0,0,0,0
2019-08-28,port183,Buenaventura,3,2,49341,2931,20653,28688,0,0,0,2931,0,0,0,0
2019-08-29,port183,Buenaventura,4,2,5504,13658,0,0,0,5504,0,0,13007,0,650,0
2019-08-30,port183,Buenaventura,3,1,10561,0,0,8201,0,0,2359,0,0,0,0,0
2019-08-31,port183,Buenaventura,3,0,19666,0,5147,0,0,14518,0,0,0,0,0,0
2019-09-01,port183,Buenaventura,3,3,8046,2896,0,8046,0,0,0,0,2896,0,0,0
2019-09-02,port183,Buenaventura,7,2,141689,6725,141689,0,0,0,0,779,5945,0,0,0
2019-09-03,port183,Buenaventura,2,0,81821,0,81821,0,0,0,0,0,0,0,0,0
2019-09-04,port183,Buenaventura,4,2,9696,1622,0,9275,0,0,421,0,1622,0,0,0
2019-09-05,port183,Buenaventura,1,1,0,17031,0,0,0,0,0,0,17031,0,0,0
2019-09-06,port183,Buenaventura,2,1,20653,4028,20653,0,0,0,0,2931,1097,0,0,0
2019-09-07,port183,Buenaventura,2,1,14196,0,0,14196,0,0,0,0,0,0,0,0
2019-09-08,port183,Buenaventura,6,3,63420,1622,42880,8968,0,11572,0,0,1622,0,0,0
2019-09-09,port183,Buenaventura,4,2,7040,3232,0,5575,0,1465,0,0,3232,0,0,0
2019-09-10,port183,Buenaventura,3,2,6048,0,0,2151,0,3897,0,0,0,0,0,0
2019-09-11,port183,Buenaventura,3,1,45667,0,21989,4083,0,19594,0,0,0,0,0,0
2019-09-12,port183,Buenaventura,3,1,20653,51174,20653,0,0,0,0,41036,10137,0,0,0
2019-09-13,port183,Buenaventura,5,2,50226,503,28023,17489,0,4713,0,0,0,0,503,0
2019-09-14,port183,Buenaventura,1,1,6342,0,0,6342,0,0,0,0,0,0,0,0
2019-09-15,port183,Buenaventura,5,3,20197,5308,1342,17803,0,1051,0,0,5308,0,0,0
2019-09-16,port183,Buenaventura,3,1,4074,551,0,0,0,4074,0,0,551,0,0,0
2019-09-17,port183,Buenaventura,4,2,42932,0,40737,2194,0,0,0,0,0,0,0,0
2019-09-18,port183,Buenaventura,5,1,49692,22681,33481,11074,2699,2436,0,22681,0,0,0,0
2019-09-19,port183,Buenaventura,1,1,0,3368,0,0,0,0,0,0,3368,0,0,0
2019-09-20,port183,Buenaventura,4,2,57145,3282,39970,6589,10585,0,0,0,3282,0,0,0
2019-09-21,port183,Buenaventura,2,0,10071,66,9082,0,0,0,989,0,0,0,0,66
2019-09-22,port183,Buenaventura,6,4,53698,2628,42093,11604,0,0,0,0,2628,0,0,0
2019-09-23,port183,Buenaventura,4,2,12493,80271,7556,4936,0,0,0,78982,1289,0,0,0
2019-09-24,port183,Buenaventura,3,2,19912,0,0,19912,0,0,0,0,0,0,0,0
2019-09-25,port183,Buenaventura,3,1,16537,607,0,10949,5588,0,0,0,0,607,0,0
2019-09-26,port183,Buenaventura,5,2,32684,10053,1595,14198,4719,12170,0,0,10053,0,0,0
2019-09-27,port183,Buenaventura,2,2,9124,0,0,9124,0,0,0,0,0,0,0,0
2019-09-28,port183,Buenaventura,4,1,68810,2244,68810,0,0,0,0,0,2244,0,0,0
2019-09-29,port183,Buenaventura,3,2,11452,0,2454,8997,0,0,0,0,0,0,0,0
2019-09-30,port183,Buenaventura,5,2,108613,3485,107516,1096,0,0,0,0,3485,0,0,0
2019-10-01,port183,Buenaventura,7,3,75649,1622,45650,29999,0,0,0,0,1622,0,0,0
2019-10-02,port183,Buenaventura,2,2,5424,5440,0,5424,0,0,0,0,5440,0,0,0
2019-10-03,port183,Buenaventura,3,2,5465,21334,0,0,5465,0,0,0,21334,0,0,0
2019-10-04,port183,Buenaventura,2,1,8625,0,5992,2633,0,0,0,0,0,0,0,0
2019-10-05,port183,Buenaventura,0,0,0,0,0,0,0,0,0,0,0,0,0,0
2019-10-06,port183,Buenaventura,5,4,28493,4169,0,28493,0,0,0,0,4169,0,0,0
2019-10-07,port183,Buenaventura,3,2,8297,4175,0,2793,0,5504,0,0,3524,0,650,0
2019-10-08,port183,Buenaventura,7,2,123215,11945,120787,2428,0,0,0,0,11945,0,0,0
2019-10-09,port183,Buenaventura,0,0,0,0,0,0,0,0,0,0,0,0,0,0
2019-10-10,port183,Buenaventura,2,1,19243,16180,0,0,19243,0,0,0,16180,0,0,0
2019-10-11,port183,Buenaventura,4,3,17921,214,0,17921,0,0,0,0,214,0,0,0
2019-10-12,port183,Buenaventura,3,1,57434,1622,51859,5575,0,0,0,0,1622,0,0,0
2019-10-13,port183,Buenaventura,3,3,12865,2274,0,12865,0,0,0,0,2274,0,0,0
2019-10-14,port183,Buenaventura,4,3,22266,386,0,22266,0,0,0,0,386,0,0,0
2019-10-15,port183,Buenaventura,2,2,14265,0,0,14265,0,0,0,0,0,0,0,0
2019-10-16,port183,Buenaventura,4,1,60470,0,56452,0,0,4018,0,0,0,0,0,0
2019-10-17,port183,Buenaventura,3,2,8685,66,0,7696,0,0,989,0,0,0,0,66
2019-10-18,port183,Buenaventura,3,1,36044,3582,20653,9886,0,5504,0,2931,0,0,650,0
2019-10-19,port183,Buenaventura,2,2,13137,0,0,13137,0,0,0,0,0,0,0,0
2019-10-20,port183,Buenaventura,4,3,54014,1359,0,29338,0,24676,0,0,1359,0,0,0
2019-10-21,port183,Buenaventura,4,3,12474,2892,0,12474,0,0,0,0,2892,0,0,0
2019-10-22,port183,Buenaventura,2,1,10147,0,0,9751,0,395,0,0,0,0,0,0
2019-10-23,port183,Buenaventura,1,0,0,0,0,0,0,0,0,0,0,0,0,0
2019-10-24,port183,Buenaventura,2,2,0,14465,0,0,0,0,0,0,14465,0,0,0
2019-10-25,port183,Buenaventura,2,1,46141,1178,46141,0,0,0,0,0,1178,0,0,0
2019-10-26,port183,Buenaventura,2,0,38318,0,0,0,0,35047,3271,0,0,0,0,0
2019-10-27,port183,Buenaventura,7,4,41680,2995,35844,5835,0,0,0,0,2995,0,0,0
2019-10-28,port183,Buenaventura,5,1,55236,0,51670,3299,265,0,0,0,0,0,0,0
2019-10-29,port183,Buenaventura,4,3,62010,1622,0,62010,0,0,0,0,1622,0,0,0
2019-10-30,port183,Buenaventura,5,1,15612,2326,7755,0,3253,4604,0,0,2326,0,0,0
2019-10-31,port183,Buenaventura,2,2,5575,21511,0,5575,0,0,0,0,21511,0,0,0
2019-11-01,port183,Buenaventura,3,1,20175,0,12619,7555,0,0,0,0,0,0,0,0
2019-11-02,port183,Buenaventura,1,1,5575,1622,0,5575,0,0,0,0,1622,0,0,0
2019-11-03,port183,Buenaventura,4,2,21787,1622,11566,6026,4194,0,0,0,1622,0,0,0
2019-11-04,port183,Buenaventura,5,4,39401,322,23119,16282,0,0,0,0,322,0,0,0
2019-11-05,port183,Buenaventura,4,1,25921,9601,20653,0,0,5268,0,2931,6669,0,0,0
2019-11-06,port183,Buenaventura,3,1,55789,607,35005,15195,5588,0,0,0,0,607,0,0
2019-11-07,port183,Buenaventura,3,2,11450,15112,0,11450,0,0,0,0,15112,0,0,0
2019-11-08,port183,Buenaventura,1,0,31882,0,0,0,0,31882,0,0,0,0,0,0
2019-11-09,port183,Buenaventura,5,3,42266,4553,20653,18556,0,3056,0,2931,1622,0,0,0
2019-11-10,port183,Buenaventura,2,1,5575,36267,0,5575,0,0,0,34645,1622,0,0,0
2019-11-11,port183,Buenaventura,3,2,41264,2322,37372,3891,0,0,0,0,2322,0,0,0
2019-11-12,port183,Buenaventura,4,2,100557,0,83348,17208,0,0,0,0,0,0,0,0
2019-11-13,port183,Buenaventura,1,1,5575,1622,0,5575,0,0,0,0,1622,0,0,0
2019-11-14,port183,Buenaventura,3,3,5575,27256,0,5575,0,0,0,0,27256,0,0,0
2019-11-15,port183,Buenaventura,3,1,16366,0,4566,7059,4740,0,0,0,0,0,0,0
2019-11-16,port183,Buenaventura,3,1,17953,0,6491,11462,0,0,0,0,0,0,0,0
2019-11-17,port183,Buenaventura,3,2,45620,2292,28210,17409,0,0,0,0,2292,0,0,0
2019-11-18,port183,Buenaventura,3,2,11596,2572,0,2228,9367,0,0,0,2572,0,0,0
2019-11-19,port183,Buenaventura,2,0,18162,650,12658,0,0,5504,0,0,0,0,650,0
2019-11-20,port183,Buenaventura,4,2,68589,607,49185,13816,5588,0,0,0,0,607,0,0
2019-11-21,port183,Buenaventura,2,1,40537,0,0,26544,13993,0,0,0,0,0,0,0
2019-11-22,port183,Buenaventura,4,2,16850,0,0,14927,0,0,1923,0,0,0,0,0
2019-11-23,port183,Buenaventura,2,1,3928,0,0,456,0,3472,0,0,0,0,0,0
2019-11-24,port183,Buenaventura,5,3,86102,9820,80527,5575,0,0,0,0,9820,0,0,0
2019-11-25,port183,Buenaventura,4,1,989,2393,0,0,0,0,989,0,2326,0,0,66
2019-11-26,port183,Buenaventura,1,1,5421,0,0,5421,0,0,0,0,0,0,0,0
2019-11-27,port183,Buenaventura,2,0,33682,0,33682,0,0,0,0,0,0,0,0,0
2019-11-28,port183,Buenaventura,5,3,30627,16476,0,11321,19306,0,0,0,16476,0,0,0
2019-11-29,port183,Buenaventura,4,1,28780,0,22608,3030,0,3141,0,0,0,0,0,0
2019-11-30,port183,Buenaventura,1,1,5575,1622,0,5575,0,0,0,0,1622,0,0,0
2019-12-01,port183,Buenaventura,4,3,18304,0,0,13831,4472,0,0,0,0,0,0,0
2019-12-02,port183,Buenaventura,3,2,3276,55780,0,3276,0,0,0,53528,2252,0,0,0
2019-12-03,port183,Buenaventura,1,0,1164,0,0,0,0,0,1164,0,0,0,0,0
2019-12-04,port183,Buenaventura,5,3,53892,781,34059,19832,0,0,0,0,781,0,0,0
2019-12-05,port183,Buenaventura,5,1,81262,0,53875,10096,752,16537,0,0,0,0,0,0
2019-12-06,port183,Buenaventura,1,1,4352,0,0,4352,0,0,0,0,0,0,0,0
2019-12-07,port183,Buenaventura,5,3,20488,1622,0,20488,0,0,0,0,1622,0,0,0
2019-12-08,port183,Buenaventura,7,3,78567,51954,33133,44035,0,1398,0,30783,21171,0,0,0
2019-12-09,port183,Buenaventura,4,2,24666,15024,23677,0,0,0,989,0,14957,0,0,66
2019-12-10,port183,Buenaventura,4,2,26228,5655,20653,5575,0,0,0,4033,1622,0,0,0
2019-12-11,port183,Buenaventura,1,1,1241,0,0,1241,0,0,0,0,0,0,0,0
2019-12-12,port183,Buenaventura,2,2,11150,3244,0,11150,0,0,0,0,3244,0,0,0
2019-12-13,port183,Buenaventura,1,1,5575,1622,0,5575,0,0,0,0,1622,0,0,0
2019-12-14,port183,Buenaventura,5,2,84189,6242,72048,11150,0,0,989,2931,3244,0,0,66
2019-12-15,port183,Buenaventura,2,2,9676,0,0,9676,0,0,0,0,0,0,0,0
2019-12-16,port183,Buenaventura,3,2,32647,1622,0,14037,0,18609,0,0,1622,0,0,0
2019-12-17,port183,Buenaventura,2,1,27999,2931,20653,7346,0,0,0,2931,0,0,0,0
2019-12-18,port183,Buenaventura,2,1,6156,1371,6156,0,0,0,0,0,1371,0,0,0
2019-12-19,port183,Buenaventura,2,1,35503,1622,29928,5575,0,0,0,0,1622,0,0,0
2019-12-20,port183,Buenaventura,3,1,50034,4553,44458,5575,0,0,0,2931,1622,0,0,0
2019-12-21,port183,Buenaventura,4,2,12140,3310,0,11150,0,0,989,0,3244,0,0,66
2019-12-22,port183,Buenaventura,2,2,15130,1230,0,15130,0,0,0,0,1230,0,0,0
2019-12-23,port183,Buenaventura,4,2,57911,8435,52336,5575,0,0,0,2931,5503,0,0,0
2019-12-24,port183,Buenaventura,2,2,18921,1622,0,18921,0,0,0,0,1622,0,0,0
2019-12-25,port183,Buenaventura,3,1,25080,1622,0,5575,1793,17711,0,0,1622,0,0,0
2019-12-26,port183,Buenaventura,3,2,7740,12444,0,7740,0,0,0,0,12444,0,0,0
2019-12-27,port183,Buenaventura,1,0,13356,0,13356,0,0,0,0,0,0,0,0,0
2019-12-28,port183,Buenaventura,4,2,39787,905,12100,7582,20104,0,0,0,905,0,0,0
2019-12-29,port183,Buenaventura,3,2,11150,3244,0,11150,0,0,0,0,3244,0,0,0
2019-12-30,port183,Buenaventura,4,2,43849,0,25315,12863,0,5670,0,0,0,0,0,0
2019-12-31,port183,Buenaventura,2,1,21605,0,0,11977,9628,0,0,0,0,0,0,0
2020-01-01,port183,Buenaventura,2,1,10425,0,0,5521,4903,0,0,0,0,0,0,0
2020-01-02,port183,Buenaventura,1,1,0,5691,0,0,0,0,0,0,5691,0,0,0
2020-01-03,port183,Buenaventura,4,2,40996,34707,8208,32788,0,0,0,34707,0,0,0,0
2020-01-04,port183,Buenaventura,2,2,11920,1622,0,11920,0,0,0,0,1622,0,0,0
2020-01-05,port183,Buenaventura,4,3,38908,1622,0,38908,0,0,0,0,1622,0,0,0
2020-01-06,port183,Buenaventura,3,1,52119,666,52119,0,0,0,0,0,666,0,0,0
2020-01-07,port183,Buenaventura,2,1,10088,0,0,7272,0,2816,0,0,0,0,0,0
2020-01-08,port183,Buenaventura,4,1,24648,30532,0,8612,5588,10447,0,29924,0,607,0,0
2020-01-09,port183,Buenaventura,4,3,1135,0,0,1135,0,0,0,0,0,0,0,0
2020-01-10,port183,Buenaventura,3,1,54214,0,45565,8649,0,0,0,0,0,0,0,0
2020-01-11,port183,Buenaventura,4,2,28681,2704,23106,5575,0,0,0,0,2704,0,0,0
2020-01-12,port183,Buenaventura,4,3,26378,1622,10432,15946,0,0,0,0,1622,0,0,0
2020-01-13,port183,Buenaventura,1,0,34219,0,34219,0,0,0,0,0,0,0,0,0
2020-01-14,port183,Buenaventura,3,1,33803,2931,20653,6464,6685,0,0,2931,0,0,0,0
2020-01-15,port183,Buenaventura,0,0,0,0,0,0,0,0,0,0,0,0,0,0
2020-01-16,port183,Buenaventura,2,1,0,4735,0,0,0,0,0,0,4735,0,0,0
2020-01-17,port183,Buenaventura,1,1,8049,0,0,8049,0,0,0,0,0,0,0,0
2020-01-18,port183,Buenaventura,2,1,21249,0,21249,0,0,0,0,0,0,0,0,0
2020-01-19,port183,Buenaventura,4,3,29140,0,0,28121,0,0,1018,0,0,0,0,0
2020-01-20,port183,Buenaventura,4,2,18659,7387,0,12031,5588,1039,0,0,6779,607,0,0
2020-01-21,port183,Buenaventura,2,1,3352,0,0,1108,0,0,2243,0,0,0,0,0
2020-01-22,port183,Buenaventura,2,1,17352,0,7599,9752,0,0,0,0,0,0,0,0
2020-01-23,port183,Buenaventura,3,2,26228,13978,20653,5575,0,0,0,2931,11047,0,0,0
2020-01-24,port183,Buenaventura,3,1,5575,1622,0,5575,0,0,0,0,1622,0,0,0
2020-01-25,port183,Buenaventura,4,2,58556,2229,46126,6841,5588,0,0,0,1622,607,0,0
2020-01-26,port183,Buenaventura,4,3,15401,5029,9826,5575,0,0,0,0,5029,0,0,0
2020-01-27,port183,Buenaventura,5,2,55360,6731,20368,10470,24521,0,0,0,6123,607,0,0
2020-01-28,port183,Buenaventura,3,1,14131,2095,0,8627,0,5504,0,1444,0,0,650,0
2020-01-29,port183,Buenaventura,4,2,56623,3691,49683,5480,1459,0,0,0,3691,0,0,0
2020-01-30,port183,Buenaventura,2,1,9998,650,0,4494,0,5504,0,0,0,0,650,0
2020-01-31,port183,Buenaventura,2,0,26450,650,20946,0,0,5504,0,0,0,0,650,0
2020-02-01,port183,Buenaventura,4,2,36978,0,0,10844,14298,11835,0,0,0,0,0,0
2020-02-02,port183,Buenaventura,5,3,21650,0,0,17746,3904,0,0,0,0,0,0,0
2020-02-03,port183,Buenaventura,5,3,28728,4021,20255,8472,0,0,0,0,4021,0,0,0
2020-02-04,port183,Buenaventura,4,1,14942,0,3713,8669,0,0,2559,0,0,0,0,0
2020-02-05,port183,Buenaventura,2,1,6592,1622,1017,5575,0,0,0,0,1622,0,0,0
2020-02-06,port183,Buenaventura,3,2,5575,2060,0,5575,0,0,0,0,2060,0,0,0
2020-02-07,port183,Buenaventura,3,2,15328,11941,0,11071,0,4257,0,0,11941,0,0,0
2020-02-08,port183,Buenaventura,2,2,59909,0,0,59909,0,0,0,0,0,0,0,0
2020-02-09,port183,Buenaventura,3,1,2743,0,0,2390,0,352,0,0,0,0,0,0
2020-02-10,port183,Buenaventura,5,1,117069,1825,111901,0,0,5167,0,0,1825,0,0,0
2020-02-11,port183,Buenaventura,1,1,9041,0,0,9041,0,0,0,0,0,0,0,0
2020-02-12,port183,Buenaventura,3,1,5884,19000,0,5575,0,309,0,17378,1622,0,0,0
2020-02-13,port183,Buenaventura,6,3,32371,9536,0,20675,0,11182,513,0,9536,0,0,0
2020-02-14,port183,Buenaventura,2,0,22422,0,22422,0,0,0,0,0,0,0,0,0
2020-02-15,port183,Buenaventura,2,2,25212,0,0,25212,0,0,0,0,0,0,0,0
2020-02-16,port183,Buenaventura,3,3,16945,3845,0,16945,0,0,0,0,3845,0,0,0
2020-02-17,port183,Buenaventura,1,1,0,3338,0,0,0,0,0,0,3338,0,0,0
2020-02-18,port183,Buenaventura,1,0,0,0,0,0,0,0,0,0,0,0,0,0
2020-02-19,port183,Buenaventura,3,2,17791,0,0,17791,0,0,0,0,0,0,0,0
2020-02-20,port183,Buenaventura,3,1,60180,0,50199,9981,0,0,0,0,0,0,0,0
2020-02-21,port183,Buenaventura,4,1,50137,66,33911,13241,1995,0,989,0,0,0,0,66
2020-02-22,port183,Buenaventura,5,3,31491,0,3840,24746,2904,0,0,0,0,0,0,0
2020-02-23,port183,Buenaventura,1,1,5575,1622,0,5575,0,0,0,0,1622,0,0,0
2020-02-24,port183,Buenaventura,5,2,91899,5967,84406,7492,0,0,0,2931,3036,0,0,0
2020-02-25,port183,Buenaventura,5,2,39832,26257,27581,12250,0,0,0,26257,0,0,0,0
2020-02-26,port183,Buenaventura,2,0,5080,0,0,0,826,4253,0,0,0,0,0,0
2020-02-27,port183,Buenaventura,0,0,0,0,0,0,0,0,0,0,0,0,0,0
2020-02-28,port183,Buenaventura,2,1,14026,401,0,14026,0,0,0,0,0,0,401,0
2020-02-29,port183,Buenaventura,5,2,38404,0,31209,7194,0,0,0,0,0,0,0,0
2020-03-01,port183,Buenaventura,5,3,81116,0,32053,30204,0,18858,0,0,0,0,0,0
2020-03-02,port183,Buenaventura,3,2,5419,0,3415,2004,0,0,0,0,0,0,0,0
2020-03-03,port183,Buenaventura,2,2,15020,0,0,15020,0,0,0,0,0,0,0,0
2020-03-04,port183,Buenaventura,3,0,9459,66,0,0,2899,5570,989,0,0,0,0,66
2020-03-05,port183,Buenaventura,2,2,0,22223,0,0,0,0,0,0,22223,0,0,0
2020-03-06,port183,Buenaventura,4,2,0,1076,0,0,0,0,0,0,1076,0,0,0
2020-03-07,port183,Buenaventura,4,1,56423,2186,49742,0,0,6680,0,0,2186,0,0,0
2020-03-08,port183,Buenaventura,4,2,25890,2931,20653,3188,0,0,2049,2931,0,0,0,0
2020-03-09,port183,Buenaventura,1,0,0,0,0,0,0,0,0,0,0,0,0,0
2020-03-10,port183,Buenaventura,4,2,32604,1830,32604,0,0,0,0,0,1830,0,0,0
2020-03-11,port183,Buenaventura,1,0,4387,0,4387,0,0,0,0,0,0,0,0,0
2020-03-12,port183,Buenaventura,1,1,0,6669,0,0,0,0,0,0,6669,0,0,0
2020-03-13,port183,Buenaventura,3,1,8203,1094,8203,0,0,0,0,0,1094,0,0,0
2020-03-14,port183,Buenaventura,0,0,0,0,0,0,0,0,0,0,0,0,0,0
2020-03-15,port183,Buenaventura,4,2,38957,1622,28394,10562,0,0,0,0,1622,0,0,0
2020-03-16,port183,Buenaventura,4,3,34714,3970,29139,5575,0,0,0,0,3970,0,0,0
2020-03-17,port183,Buenaventura,2,0,26157,3582,20653,0,0,5504,0,2931,0,0,650,0
2020-03-18,port183,Buenaventura,3,1,22395,0,0,22395,0,0,0,0,0,0,0,0
2020-03-19,port183,Buenaventura,0,0,0,0,0,0,0,0,0,0,0,0,0,0
2020-03-20,port183,Buenaventura,2,1,2484,5668,0,0,2484,0,0,0,5668,0,0,0
2020-03-21,port183,Buenaventura,3,3,21805,2319,0,21805,0,0,0,0,2319,0,0,0
2020-03-22,port183,Buenaventura,3,2,11079,9934,0,5575,0,5504,0,0,9283,0,650,0
2020-03-23,port183,Buenaventura,5,2,69724,3051,59943,8270,1510,0,0,0,3051,0,0,0
2020-03-24,port183,Buenaventura,1,1,4893,0,0,4893,0,0,0,0,0,0,0,0
2020-03-25,port183,Buenaventura,1,1,0,22395,0,0,0,0,0,0,22395,0,0,0
2020-03-26,port183,Buenaventura,3,0,52622,0,50304,0,0,0,2317,0,0,0,0,0
2020-03-27,port183,Buenaventura,4,2,11920,0,0,11920,0,0,0,0,0,0,0,0
2020-03-28,port183,Buenaventura,3,2,11305,0,0,5062,6242,0,0,0,0,0,0,0
2020-03-29,port183,Buenaventura,5,2,79203,0,48723,20083,0,10396,0,0,0,0,0,0
2020-03-30,port183,Buenaventura,3,2,7392,4070,0,7392,0,0,0,0,4035,0,35,0
2020-03-31,port183,Buenaventura,0,0,0,0,0,0,0,0,0,0,0,0,0,0
2020-04-01,port183,Buenaventura,3,1,11635,9868,1632,10003,0,0,0,9868,0,0,0,0
2020-04-02,port183,Buenaventura,3,2,30243,3820,0,10981,0,19262,0,0,3820,0,0,0
2020-04-03,port183,Buenaventura,3,2,8143,2199,0,4519,3623,0,0,0,2199,0,0,0
2020-04-04,port183,Buenaventura,5,2,32281,2931,21102,9663,0,1514,0,2931,0,0,0,0
2020-04-05,port183,Buenaventura,4,2,55972,4838,50397,5575,0,0,0,451,4386,0,0,0
2020-04-06,port183,Buenaventura,2,1,24064,0,0,7385,0,16678,0,0,0,0,0,0
2020-04-07,port183,Buenaventura,3,1,94503,0,87197,7306,0,0,0,0,0,0,0,0
2020-04-08,port183,Buenaventura,5,1,96964,0,87500,7415,0,0,2049,0,0,0,0,0
2020-04-09,port183,Buenaventura,3,2,6829,13589,0,6829,0,0,0,11695,1893,0,0,0
2020-04-10,port183,Buenaventura,1,1,11642,0,0,11642,0,0,0,0,0,0,0,0
2020-04-11,port183,Buenaventura,3,2,34390,3839,34390,0,0,0,0,0,3839,0,0,0
2020-04-12,port183,Buenaventura,1,1,0,3590,0,0,0,0,0,0,3590,0,0,0
2020-04-13,port183,Buenaventura,4,3,23012,1622,0,17997,0,5015,0,0,1622,0,0,0
2020-04-14,port183,Buenaventura,3,3,16707,0,0,16707,0,0,0,0,0,0,0,0
2020-04-15,port183,Buenaventura,1,1,16624,0,0,16624,0,0,0,0,0,0,0,0
2020-04-16,port183,Buenaventura,3,2,3404,6372,0,3404,0,0,0,0,6372,0,0,0
2020-04-17,port183,Buenaventura,2,1,33563,2931,20653,12910,0,0,0,2931,0,0,0,0
2020-04-18,port183,Buenaventura,5,3,30598,1538,25695,3373,0,0,1528,0,1538,0,0,0
2020-04-19,port183,Buenaventura,3,1,35,940,0,0,0,35,0,0,940,0,0,0
2020-04-20,port183,Buenaventura,2,1,42274,1825,42274,0,0,0,0,0,1825,0,0,0
2020-04-21,port183,Buenaventura,1,0,3810,0,3810,0,0,0,0,0,0,0,0,0
2020-04-22,port183,Buenaventura,2,2,10299,0,0,10299,0,0,0,0,0,0,0,0
2020-04-23,port183,Buenaventura,6,3,41911,8541,8047,16152,0,17711,0,0,8541,0,0,0
2020-04-24,port183,Buenaventura,3,1,36164,0,26258,9906,0,0,0,0,0,0,0,0
2020-04-25,port183,Buenaventura,6,2,70552,3244,56490,11150,0,0,2911,0,3244,0,0,0
2020-04-26,port183,Buenaventura,2,2,8107,0,0,8107,0,0,0,0,0,0,0,0
2020-04-27,port183,Buenaventura,2,2,12084,1622,0,12084,0,0,0,0,1622,0,0,0
2020-04-28,port183,Buenaventura,4,1,24286,8709,24286,0,0,0,0,0,8709,0,0,0
2020-04-29,port183,Buenaventura,3,1,38453,0,0,9560,27241,0,1652,0,0,0,0,0
2020-04-30,port183,Buenaventura,3,3,5524,10641,0,5524,0,0,0,0,10641,0,0,0
2020-05-01,port183,Buenaventura,2,1,55400,0,50996,4404,0,0,0,0,0,0,0,0
2020-05-02,port183,Buenaventura,1,1,15321,0,0,15321,0,0,0,0,0,0,0,0
2020-05-03,port183,Buenaventura,5,2,9737,0,0,6334,3402,0,0,0,0,0,0,0
2020-05-04,port183,Buenaventura,2,1,6420,0,0,2440,0,3980,0,0,0,0,0,0
2020-05-05,port183,Buenaventura,3,1,50298,0,50298,0,0,0,0,0,0,0,0,0
2020-05-06,port183,Buenaventura,5,1,64395,25224,61287,2175,0,932,0,25224,0,0,0,0
2020-05-07,port183,Buenaventura,5,2,32538,4639,29782,0,0,2755,0,0,4639,0,0,0
2020-05-08,port183,Buenaventura,2,2,6476,1622,0,6476,0,0,0,0,1622,0,0,0
2020-05-09,port183,Buenaventura,2,1,10783,1622,5208,5575,0,0,0,0,1622,0,0,0
2020-05-10,port183,Buenaventura,4,3,12521,45317,0,12521,0,0,0,40218,5099,0,0,0
2020-05-11,port183,Buenaventura,7,3,56939,4383,56939,0,0,0,0,2931,1452,0,0,0
2020-05-12,port183,Buenaventura,2,0,57891,66,56902,0,0,0,989,0,0,0,0,66
2020-05-13,port183,Buenaventura,3,2,24715,1622,0,11125,0,13589,0,0,1622,0,0,0
2020-05-14,port183,Buenaventura,4,0,73733,0,73733,0,0,0,0,0,0,0,0,0
2020-05-15,port183,Buenaventura,4,1,75764,3226,75764,0,0,0,0,0,3226,0,0,0
2020-05-16,port183,Buenaventura,5,3,8458,3160,2883,5575,0,0,0,0,3160,0,0,0
2020-05-17,port183,Buenaventura,3,2,13610,0,2695,10915,0,0,0,0,0,0,0,0
2020-05-18,port183,Buenaventura,2,2,0,1224,0,0,0,0,0,0,1224,0,0,0
2020-05-19,port183,Buenaventura,2,0,8711,0,8711,0,0,0,0,0,0,0,0,0
2020-05-20,port183,Buenaventura,3,1,32868,0,10526,8849,0,13492,0,0,0,0,0,0
2020-05-21,port183,Buenaventura,2,2,1101,5614,0,1101,0,0,0,0,5614,0,0,0
2020-05-22,port183,Buenaventura,3,2,26880,3359,22434,4445,0,0,0,0,3359,0,0,0
2020-05-23,port183,Buenaventura,1,1,5088,0,0,5088,0,0,0,0,0,0,0,0
2020-05-24,port183,Buenaventura,7,3,91493,10328,69741,21751,0,0,0,10328,0,0,0,0
2020-05-25,port183,Buenaventura,4,2,57265,7878,46102,5575,5588,0,0,0,7270,607,0,0
2020-05-26,port183,Buenaventura,3,1,45481,2931,20653,8597,0,16230,0,2931,0,0,0,0
2020-05-27,port183,Buenaventura,3,1,29968,0,0,13841,0,16126,0,0,0,0,0,0
2020-05-28,port183,Buenaventura,3,2,5815,12173,5815,0,0,0,0,0,12173,0,0,0
2020-05-29,port183,Buenaventura,2,1,29273,2931,20653,8620,0,0,0,2931,0,0,0,0
2020-05-30,port183,Buenaventura,4,2,68943,1622,61205,7737,0,0,0,0,1622,0,0,0
2020-05-31,port183,Buenaventura,4,2,19060,27740,0,8109,0,10950,0,27740,0,0,0,0
2020-06-01,port183,Buenaventura,3,2,31836,2779,31836,0,0,0,0,0,2779,0,0,0
2020-06-02,port183,Buenaventura,2,0,5461,0,4439,0,0,0,1021,0,0,0,0,0
2020-06-03,port183,Buenaventura,2,1,6836,0,4374,2462,0,0,0,0,0,0,0,0
2020-06-04,port183,Buenaventura,4,1,61234,19320,61234,0,0,0,0,16478,2841,0,0,0
2020-06-05,port183,Buenaventura,3,2,22939,0,0,8672,0,14267,0,0,0,0,0,0
2020-06-06,port183,Buenaventura,3,2,6668,1622,0,6668,0,0,0,0,1622,0,0,0
2020-06-07,port183,Buenaventura,4,0,70632,0,68315,0,0,2316,0,0,0,0,0,0
2020-06-08,port183,Buenaventura,4,3,17162,9872,0,15032,0,2129,0,0,9872,0,0,0
2020-06-09,port183,Buenaventura,3,1,34620,0,22484,8512,3623,0,0,0,0,0,0,0
2020-06-10,port183,Buenaventura,1,0,15026,0,15026,0,0,0,0,0,0,0,0,0
2020-06-11,port183,Buenaventura,1,1,0,2808,0,0,0,0,0,0,2808,0,0,0
2020-06-12,port183,Buenaventura,0,0,0,0,0,0,0,0,0,0,0,0,0,0
2020-06-13,port183,Buenaventura,2,2,1527,902,0,1527,0,0,0,0,902,0,0,0
2020-06-14,port183,Buenaventura,4,3,45095,0,0,45095,0,0,0,0,0,0,0,0
2020-06-15,port183,Buenaventura,2,1,5575,2709,0,5575,0,0,0,1087,1622,0,0,0
2020-06-16,port183,Buenaventura,1,1,3348,0,0,3348,0,0,0,0,0,0,0,0
2020-06-17,port183,Buenaventura,4,1,27338,19468,13508,13829,0,0,0,19468,0,0,0,0
2020-06-18,port183,Buenaventura,6,2,116005,0,93777,12578,9649,0,0,0,0,0,0,0
2020-06-19,port183,Buenaventura,3,0,8751,35268,0,0,3247,5504,0,34618,0,0,650,0
2020-06-20,port183,Buenaventura,3,2,30499,0,28267,2232,0,0,0,0,0,0,0,0
2020-06-21,port183,Buenaventura,3,3,9541,0,0,9541,0,0,0,0,0,0,0,0
2020-06-22,port183,Buenaventura,3,1,46632,11331,44048,0,0,0,2584,0,11331,0,0,0
2020-06-23,port183,Buenaventura,1,1,6973,0,0,6973,0,0,0,0,0,0,0,0
2020-06-24,port183,Buenaventura,0,0,0,0,0,0,0,0,0,0,0,0,0,0
2020-06-25,port183,Buenaventura,2,1,0,23180,0,0,0,0,0,0,12410,10770,0,0
2020-06-26,port183,Buenaventura,4,3,26945,2783,0,8222,0,18723,0,0,2783,0,0,0
2020-06-27,port183,Buenaventura,0,0,0,0,0,0,0,0,0,0,0,0,0,0
2020-06-28,port183,Buenaventura,2,2,1089,1122,0,1089,0,0,0,0,1122,0,0,0
2020-06-29,port183,Buenaventura,2,1,18497,1622,0,5575,12921,0,0,0,1622,0,0,0
2020-06-30,port183,Buenaventura,2,1,25355,1458,25355,0,0,0,0,0,1458,0,0,0
2020-07-01,port183,Buenaventura,0,0,0,0,0,0,0,0,0,0,0,0,0,0
2020-07-02,port183,Buenaventura,3,1,7222,8286,7222,0,0,0,0,0,8286,0,0,0
2020-07-03,port183,Buenaventura,5,1,71444,0,66053,5391,0,0,0,0,0,0,0,0
2020-07-04,port183,Buenaventura,4,3,14084,0,0,11436,0,0,2647,0,0,0,0,0
2020-07-05,port183,Buenaventura,3,1,26323,2931,20653,3639,0,0,2030,2931,0,0,0,0
2020-07-06,port183,Buenaventura,4,2,8267,7142,0,7278,0,0,989,0,7075,0,0,66
2020-07-07,port183,Buenaventura,2,1,7659,0,0,3317,0,4342,0,0,0,0,0,0
2020-07-08,port183,Buenaventura,1,1,6924,0,0,6924,0,0,0,0,0,0,0,0
2020-07-09,port183,Buenaventura,4,1,8838,0,0,1141,7697,0,0,0,0,0,0,0
2020-07-10,port183,Buenaventura,1,1,6650,0,0,6650,0,0,0,0,0,0,0,0
2020-07-11,port183,Buenaventura,1,0,0,0,0,0,0,0,0,0,0,0,0,0
2020-07-12,port183,Buenaventura,6,5,19265,7589,0,12292,0,6972,0,0,7589,0,0,0
2020-07-13,port183,Buenaventura,2,1,10400,4750,10400,0,0,0,0,0,4750,0,0,0
2020-07-14,port183,Buenaventura,3,2,21319,0,0,21319,0,0,0,0,0,0,0,0
2020-07-15,port183,Buenaventura,1,0,0,0,0,0,0,0,0,0,0,0,0,0
2020-07-16,port183,Buenaventura,4,4,11003,13494,0,11003,0,0,0,0,13494,0,0,0
2020-07-17,port183,Buenaventura,1,1,3604,0,0,3604,0,0,0,0,0,0,0,0
2020-07-18,port183,Buenaventura,3,2,48452,1116,47368,1083,0,0,0,0,1116,0,0,0
2020-07-19,port183,Buenaventura,3,1,12575,0,7494,4309,0,770,0,0,0,0,0,0
2020-07-20,port183,Buenaventura,4,2,28747,9328,20653,7742,0,351,0,2931,6397,0,0,0
2020-07-21,port183,Buenaventura,2,1,40635,0,25153,15481,0,0,0,0,0,0,0,0
2020-07-22,port183,Buenaventura,0,0,0,0,0,0,0,0,0,0,0,0,0,0
2020-07-23,port183,Buenaventura,2,2,0,15203,0,0,0,0,0,0,15203,0,0,0
2020-07-24,port183,Buenaventura,1,1,7576,0,0,7576,0,0,0,0,0,0,0,0
2020-07-25,port183,Buenaventura,0,0,0,0,0,0,0,0,0,0,0,0,0,0
2020-07-26,port183,Buenaventura,4,3,14159,6332,0,13708,450,0,0,0,6332,0,0,0
2020-07-27,port183,Buenaventura,5,3,38310,32003,20653,17657,0,0,0,23818,8185,0,0,0
2020-07-28,port183,Buenaventura,2,1,4857,0,2413,2444,0,0,0,0,0,0,0,0
2020-07-29,port183,Buenaventura,3,1,31594,0,7160,12355,12078,0,0,0,0,0,0,0
2020-07-30,port183,Buenaventura,3,1,4793,585,0,918,0,3875,0,0,0,0,0,585
2020-07-31,port183,Buenaventura,2,2,9920,1622,0,9920,0,0,0,0,1622,0,0,0
2020-08-01,port183,Buenaventura,5,1,24555,0,0,0,16852,7702,0,0,0,0,0,0
2020-08-02,port183,Buenaventura,5,3,87646,1264,80715,6931,0,0,0,0,1264,0,0,0
2020-08-03,port183,Buenaventura,4,2,39451,2844,0,13606,0,25251,593,0,2844,0,0,0
2020-08-04,port183,Buenaventura,4,1,40281,0,31394,8887,0,0,0,0,0,0,0,0
2020-08-05,port183,Buenaventura,2,1,0,6908,0,0,0,0,0,0,5583,1324,0,0
2020-08-06,port183,Buenaventura,2,2,0,19438,0,0,0,0,0,0,19438,0,0,0
2020-08-07,port183,Buenaventura,1,1,10845,0,0,10845,0,0,0,0,0,0,0,0
2020-08-08,port183,Buenaventura,5,3,9794,24346,0,9794,0,0,0,24346,0,0,0,0
2020-08-09,port183,Buenaventura,3,2,13449,5092,0,13449,0,0,0,0,0,0,5092,0
2020-08-10,port183,Buenaventura,3,2,9813,6107,0,9813,0,0,0,0,6107,0,0,0
2020-08-11,port183,Buenaventura,2,1,41455,0,29154,12300,0,0,0,0,0,0,0,0
2020-08-12,port183,Buenaventura,1,0,12820,0,12820,0,0,0,0,0,0,0,0,0
2020-08-13,port183,Buenaventura,5,4,23756,28756,0,23756,0,0,0,27134,1622,0,0,0
2020-08-14,port183,Buenaventura,2,1,36374,0,32776,3597,0,0,0,0,0,0,0,0
2020-08-15,port183,Buenaventura,3,1,35311,2931,34195,1116,0,0,0,2931,0,0,0,0
2020-08-16,port183,Buenaventura,3,2,11750,30865,0,11750,0,0,0,30865,0,0,0,0
2020-08-17,port183,Buenaventura,1,1,5575,1622,0,5575,0,0,0,0,1622,0,0,0
2020-08-18,port183,Buenaventura,2,2,17907,0,0,17907,0,0,0,0,0,0,0,0
2020-08-19,port183,Buenaventura,0,0,0,0,0,0,0,0,0,0,0,0,0,0
2020-08-20,port183,Buenaventura,2,2,0,25522,0,0,0,0,0,0,25522,0,0,0
2020-08-21,port183,Buenaventura,2,1,26238,0,25337,900,0,0,0,0,0,0,0,0
2020-08-22,port183,Buenaventura,5,2,102218,1622,79070,22526,0,621,0,0,1622,0,0,0
2020-08-23,port183,Buenaventura,3,2,18820,0,0,18820,0,0,0,0,0,0,0,0
2020-08-24,port183,Buenaventura,6,2,82303,13063,66096,5575,10631,0,0,0,12505,0,0,558
2020-08-25,port183,Buenaventura,3,1,26449,0,14613,9712,2123,0,0,0,0,0,0,0
2020-08-26,port183,Buenaventura,0,0,0,0,0,0,0,0,0,0,0,0,0,0
2020-08-27,port183,Buenaventura,2,2,6965,1622,0,6965,0,0,0,0,1622,0,0,0
2020-08-28,port183,Buenaventura,1,0,2281,0,0,0,0,0,2281,0,0,0,0,0
2020-08-29,port183,Buenaventura,2,1,21589,0,11512,10077,0,0,0,0,0,0,0,0
2020-08-30,port183,Buenaventura,4,3,11150,6487,0,11150,0,0,0,0,6487,0,0,0
2020-08-31,port183,Buenaventura,4,1,105240,7679,105240,0,0,0,0,2931,4747,0,0,0
2020-09-01,port183,Buenaventura,5,2,42791,6790,16865,21162,4763,0,0,0,0,6790,0,0
2020-09-02,port183,Buenaventura,2,1,2483,0,0,2483,0,0,0,0,0,0,0,0
2020-09-03,port183,Buenaventura,3,2,3408,14875,3408,0,0,0,0,0,14875,0,0,0
2020-09-04,port183,Buenaventura,2,0,55083,0,55083,0,0,0,0,0,0,0,0,0
2020-09-05,port183,Buenaventura,3,1,48465,1622,40676,5575,0,0,2214,0,1622,0,0,0
2020-09-06,port183,Buenaventura,4,3,6585,0,0,6073,0,0,511,0,0,0,0,0
2020-09-07,port183,Buenaventura,1,1,0,2039,0,0,0,0,0,0,2039,0,0,0
2020-09-08,port183,Buenaventura,0,0,0,0,0,0,0,0,0,0,0,0,0,0
2020-09-09,port183,Buenaventura,1,0,6338,0,6338,0,0,0,0,0,0,0,0,0
2020-09-10,port183,Buenaventura,2,2,2188,10859,0,2188,0,0,0,0,10859,0,0,0
2020-09-11,port183,Buenaventura,4,2,30980,2916,10235,20744,0,0,0,1294,1622,0,0,0
2020-09-12,port183,Buenaventura,4,2,31695,54339,4024,27671,0,0,0,54339,0,0,0,0
2020-09-13,port183,Buenaventura,4,3,16006,650,0,10501,0,5504,0,0,0,0,650,0
2020-09-14,port183,Buenaventura,5,2,23659,36063,18084,5575,0,0,0,28367,7696,0,0,0
2020-09-15,port183,Buenaventura,2,1,34203,1622,28628,5575,0,0,0,0,1622,0,0,0
2020-09-16,port183,Buenaventura,2,0,4619,0,0,0,3599,0,1020,0,0,0,0,0
2020-09-17,port183,Buenaventura,6,3,88079,3379,58046,24528,0,5504,0,0,2728,0,650,0
2020-09-18,port183,Buenaventura,2,0,53197,2931,53197,0,0,0,0,2931,0,0,0,0
2020-09-19,port183,Buenaventura,2,2,14409,1622,0,14409,0,0,0,0,1622,0,0,0
2020-09-20,port183,Buenaventura,4,1,29021,29246,23445,5575,0,0,0,27187,1622,437,0,0
2020-09-21,port183,Buenaventura,5,4,17558,14778,0,17558,0,0,0,0,14778,0,0,0
2020-09-22,port183,Buenaventura,3,2,7699,0,0,7699,0,0,0,0,0,0,0,0
2020-09-23,port183,Buenaventura,2,1,43145,0,23212,19933,0,0,0,0,0,0,0,0
2020-09-24,port183,Buenaventura,1,1,0,14157,0,0,0,0,0,0,14157,0,0,0
2020-09-25,port183,Buenaventura,1,0,19389,0,19389,0,0,0,0,0,0,0,0,0
2020-09-26,port183,Buenaventura,0,0,0,0,0,0,0,0,0,0,0,0,0,0
2020-09-27,port183,Buenaventura,4,3,14204,10537,0,11798,0,2406,0,0,10537,0,0,0
2020-09-28,port183,Buenaventura,4,1,19468,26233,0,868,0,18599,0,26233,0,0,0,0
2020-09-29,port183,Buenaventura,4,2,56986,954,43818,13167,0,0,0,0,954,0,0,0
2020-09-30,port183,Buenaventura,5,1,97778,0,79471,3625,14681,0,0,0,0,0,0,0
2020-10-01,port183,Buenaventura,2,1,989,9614,0,0,0,0,989,0,9547,0,0,66
2020-10-02,port183,Buenaventura,4,1,61781,1622,56206,5575,0,0,0,0,1622,0,0,0
2020-10-03,port183,Buenaventura,2,2,5513,1078,0,5513,0,0,0,0,1078,0,0,0
2020-10-04,port183,Buenaventura,5,4,66231,3244,25467,40763,0,0,0,0,3244,0,0,0
2020-10-05,port183,Buenaventura,4,4,46946,8066,0,46946,0,0,0,0,8066,0,0,0
2020-10-06,port183,Buenaventura,2,2,0,7376,0,0,0,0,0,0,7376,0,0,0
2020-10-07,port183,Buenaventura,1,0,1687,0,0,0,0,0,1687,0,0,0,0,0
2020-10-08,port183,Buenaventura,3,0,38414,56105,38414,0,0,0,0,56105,0,0,0,0
2020-10-09,port183,Buenaventura,2,0,45650,66,44661,0,0,0,989,0,0,0,0,66
2020-10-10,port183,Buenaventura,4,2,20318,3927,0,13295,1519,5504,0,0,3276,0,650,0
2020-10-11,port183,Buenaventura,4,2,11079,2272,0,5575,0,5504,0,0,1622,0,650,0
2020-10-12,port183,Buenaventura,2,2,11022,10825,0,11022,0,0,0,0,10825,0,0,0
2020-10-13,port183,Buenaventura,7,5,25889,331,0,24010,0,1285,593,0,331,0,0,0
2020-10-14,port183,Buenaventura,2,1,19321,650,0,13816,0,5504,0,0,0,0,650,0
2020-10-15,port183,Buenaventura,4,3,7198,14386,6294,904,0,0,0,0,14386,0,0,0
2020-10-16,port183,Buenaventura,2,0,4029,0,4029,0,0,0,0,0,0,0,0,0
2020-10-17,port183,Buenaventura,2,2,10172,0,0,10172,0,0,0,0,0,0,0,0
2020-10-18,port183,Buenaventura,4,2,13986,5099,7711,6274,0,0,0,0,5099,0,0,0
2020-10-19,port183,Buenaventura,3,3,13171,5436,0,13171,0,0,0,0,5436,0,0,0
2020-10-20,port183,Buenaventura,3,1,43685,1622,23715,5575,0,14394,0,0,1622,0,0,0
2020-10-21,port183,Buenaventura,2,0,2444,0,1934,0,0,0,510,0,0,0,0,0
2020-10-22,port183,Buenaventura,1,0,59084,0,59084,0,0,0,0,0,0,0,0,0
2020-10-23,port183,Buenaventura,2,2,15450,2742,0,15450,0,0,0,0,2742,0,0,0
2020-10-24,port183,Buenaventura,2,2,10976,1622,0,10976,0,0,0,0,1622,0,0,0
2020-10-25,port183,Buenaventura,4,3,12826,1622,0,8063,4763,0,0,0,1622,0,0,0
2020-10-26,port183,Buenaventura,2,1,5186,13530,5186,0,0,0,0,0,13530,0,0,0
2020-10-27,port183,Buenaventura,4,3,12618,2256,0,9749,0,2868,0,0,2256,0,0,0
2020-10-28,port183,Buenaventura,1,0,6314,0,0,0,6314,0,0,0,0,0,0,0
2020-10-29,port183,Buenaventura,7,3,51628,31966,30592,14226,0,6809,0,0,9719,1305,20941,0
2020-10-30,port183,Buenaventura,5,1,84354,18173,84354,0,0,0,0,12753,5420,0,0,0
2020-10-31,port183,Buenaventura,2,1,37669,1622,32093,5575,0,0,0,0,1622,0,0,0
2020-11-01,port183,Buenaventura,3,2,2499,22135,0,2499,0,0,0,8880,13254,0,0,0
2020-11-02,port183,Buenaventura,3,3,14838,10198,0,14838,0,0,0,0,10198,0,0,0
2020-11-03,port183,Buenaventura,3,1,49505,0,29173,17458,0,2873,0,0,0,0,0,0
2020-11-04,port183,Buenaventura,4,2,72706,1323,64538,8168,0,0,0,0,1323,0,0,0
2020-11-05,port183,Buenaventura,4,2,24717,8395,0,3241,0,18618,2857,0,8395,0,0,0
2020-11-06,port183,Buenaventura,4,2,42506,208,33104,9402,0,0,0,0,0,208,0,0
2020-11-07,port183,Buenaventura,1,1,0,1865,0,0,0,0,0,0,1865,0,0,0
2020-11-08,port183,Buenaventura,4,2,17352,650,0,10602,0,6750,0,0,0,0,650,0
2020-11-09,port183,Buenaventura,3,2,8242,11267,0,8242,0,0,0,0,8069,0,0,3198
2020-11-10,port183,Buenaventura,2,2,18356,2553,0,18356,0,0,0,0,2553,0,0,0
2020-11-11,port183,Buenaventura,1,1,2478,0,0,2478,0,0,0,0,0,0,0,0
2020-11-12,port183,Buenaventura,2,2,4403,0,0,4403,0,0,0,0,0,0,0,0
2020-11-13,port183,Buenaventura,0,0,0,0,0,0,0,0,0,0,0,0,0,0
2020-11-14,port183,Buenaventura,2,2,1150,13090,0,1150,0,0,0,0,13090,0,0,0
2020-11-15,port183,Buenaventura,5,4,35471,2362,14741,20730,0,0,0,0,2362,0,0,0
2020-11-16,port183,Buenaventura,4,2,22968,6721,583,16796,5588,0,0,0,6113,607,0,0
2020-11-17,port183,Buenaventura,2,0,1963,0,1452,0,0,0,510,0,0,0,0,0
2020-11-18,port183,Buenaventura,3,2,34601,5649,34601,0,0,0,0,0,5649,0,0,0
2020-11-19,port183,Buenaventura,4,3,72222,9194,58562,13659,0,0,0,0,9194,0,0,0
2020-11-20,port183,Buenaventura,1,0,7790,0,0,0,7790,0,0,0,0,0,0,0
2020-11-21,port183,Buenaventura,4,2,91373,2931,73271,18102,0,0,0,2931,0,0,0,0
2020-11-22,port183,Buenaventura,3,3,11985,2848,0,11985,0,0,0,0,2848,0,0,0
2020-11-23,port183,Buenaventura,2,1,5212,12165,5212,0,0,0,0,0,12165,0,0,0
2020-11-24,port183,Buenaventura,4,1,50872,1982,33533,0,16938,401,0,0,1982,0,0,0
2020-11-25,port183,Buenaventura,2,2,21893,0,0,21893,0,0,0,0,0,0,0,0
2020-11-26,port183,Buenaventura,3,2,8368,1622,0,7857,0,0,510,0,1622,0,0,0
2020-11-27,port183,Buenaventura,1,1,25557,0,0,25557,0,0,0,0,0,0,0,0
2020-11-28,port183,Buenaventura,4,2,56031,3323,50439,5592,0,0,0,0,3323,0,0,0
2020-11-29,port183,Buenaventura,4,2,3960,32590,2881,1078,0,0,0,31313,1277,0,0,0
2020-11-30,port183,Buenaventura,4,2,27700,8754,0,16479,5588,5633,0,0,8147,607,0,0
2020-12-01,port183,Buenaventura,2,0,39219,2931,20653,0,0,18566,0,2931,0,0,0,0
2020-12-02,port183,Buenaventura,3,2,56631,1103,54150,2480,0,0,0,0,1103,0,0,0
2020-12-03,port183,Buenaventura,3,1,12461,10171,12461,0,0,0,0,0,10171,0,0,0
2020-12-04,port183,Buenaventura,2,0,35669,0,35669,0,0,0,0,0,0,0,0,0
2020-12-05,port183,Buenaventura,3,3,14181,0,0,14181,0,0,0,0,0,0,0,0
2020-12-06,port183,Buenaventura,4,2,27383,0,0,22911,4472,0,0,0,0,0,0,0
2020-12-07,port183,Buenaventura,4,2,40434,12212,33307,7127,0,0,0,0,12212,0,0,0
2020-12-08,port183,Buenaventura,3,2,26919,0,0,25704,1214,0,0,0,0,0,0,0
2020-12-09,port183,Buenaventura,3,2,21866,1622,0,11125,0,10741,0,0,1622,0,0,0
2020-12-10,port183,Buenaventura,3,2,5728,10909,1166,4562,0,0,0,0,10909,0,0,0
2020-12-11,port183,Buenaventura,2,0,20784,0,14897,0,0,5887,0,0,0,0,0,0
2020-12-12,port183,Buenaventura,4,2,65253,0,57457,7796,0,0,0,0,0,0,0,0
2020-12-13,port183,Buenaventura,4,2,42622,1622,21385,21236,0,0,0,0,1622,0,0,0
2020-12-14,port183,Buenaventura,3,2,15370,4057,0,11633,3737,0,0,0,4057,0,0,0
2020-12-15,port183,Buenaventura,0,0,0,0,0,0,0,0,0,0,0,0,0,0
2020-12-16,port183,Buenaventura,5,3,19566,20043,0,5575,0,13478,512,0,20043,0,0,0
2020-12-17,port183,Buenaventura,5,3,33834,14683,13236,19609,0,0,989,0,14616,0,0,66
2020-12-18,port183,Buenaventura,0,0,0,0,0,0,0,0,0,0,0,0,0,0
2020-12-19,port183,Buenaventura,6,3,21253,9399,0,4067,0,17185,0,0,4926,4472,0,0
2020-12-20,port183,Buenaventura,2,1,36138,0,33989,2148,0,0,0,0,0,0,0,0
2020-12-21,port183,Buenaventura,4,1,4458,9508,3402,0,0,1056,0,0,9508,0,0,0
2020-12-22,port183,Buenaventura,4,2,41621,0,24819,16801,0,0,0,0,0,0,0,0
2020-12-23,port183,Buenaventura,4,2,38172,0,25663,9168,0,0,3339,0,0,0,0,0
2020-12-24,port183,Buenaventura,3,3,15864,21095,0,15864,0,0,0,0,21095,0,0,0
2020-12-25,port183,Buenaventura,0,0,0,0,0,0,0,0,0,0,0,0,0,0
2020-12-26,port183,Buenaventura,6,2,61619,17835,48494,3314,9810,0,0,15660,2175,0,0,0
2020-12-27,port183,Buenaventura,3,2,25168,1622,0,20983,4184,0,0,0,1622,0,0,0
2020-12-28,port183,Buenaventura,6,1,21649,9675,21649,0,0,0,0,4901,4773,0,0,0
2020-12-29,port183,Buenaventura,2,1,22838,0,10423,12414,0,0,0,0,0,0,0,0
2020-12-30,port183,Buenaventura,3,2,5647,12070,0,5647,0,0,0,0,2798,0,9272,0
2020-12-31,port183,Buenaventura,2,1,0,1537,0,0,0,0,0,0,1084,0,453,0
2021-01-01,port183,Buenaventura,3,1,22621,1083,21407,1213,0,0,0,0,0,0,1083,0
2021-01-02,port183,Buenaventura,4,3,53348,3244,33127,20220,0,0,0,0,3244,0,0,0
2021-01-03,port183,Buenaventura,2,1,19007,0,14674,4333,0,0,0,0,0,0,0,0
2021-01-04,port183,Buenaventura,2,2,5575,4312,0,5575,0,0,0,0,4312,0,0,0
2021-01-05,port183,Buenaventura,2,1,52452,2967,52452,0,0,0,0,0,2967,0,0,0
2021-01-06,port183,Buenaventura,2,0,30936,2931,30936,0,0,0,0,2931,0,0,0,0
2021-01-07,port183,Buenaventura,2,2,5575,2539,0,5575,0,0,0,0,2539,0,0,0
2021-01-08,port183,Buenaventura,4,1,17619,28972,11893,4945,0,780,0,28972,0,0,0,0
2021-01-09,port183,Buenaventura,2,1,52747,0,29209,23538,0,0,0,0,0,0,0,0
2021-01-10,port183,Buenaventura,4,3,15793,36160,0,15793,0,0,0,30341,5819,0,0,0
2021-01-11,port183,Buenaventura,5,3,104201,2035,83216,20984,0,0,0,0,2035,0,0,0
2021-01-12,port183,Buenaventura,4,2,8021,1622,0,5894,0,2127,0,0,1622,0,0,0
2021-01-13,port183,Buenaventura,1,0,0,0,0,0,0,0,0,0,0,0,0,0
2021-01-14,port183,Buenaventura,4,1,65743,17808,65743,0,0,0,0,0,17808,0,0,0
2021-01-15,port183,Buenaventura,2,0,4472,0,0,0,4472,0,0,0,0,0,0,0
2021-01-16,port183,Buenaventura,0,0,0,0,0,0,0,0,0,0,0,0,0,0
2021-01-17,port183,Buenaventura,6,3,66053,2168,51845,8823,4998,386,0,0,2168,0,0,0
2021-01-18,port183,Buenaventura,3,3,11248,11304,0,11248,0,0,0,0,11304,0,0,0
2021-01-19,port183,Buenaventura,3,0,30328,0,30328,0,0,0,0,0,0,0,0,0
2021-01-20,port183,Buenaventura,0,0,0,0,0,0,0,0,0,0,0,0,0,0
2021-01-21,port183,Buenaventura,3,2,3633,8894,0,0,3633,0,0,0,8894,0,0,0
2021-01-22,port183,Buenaventura,1,1,5575,1622,0,5575,0,0,0,0,1622,0,0,0
2021-01-23,port183,Buenaventura,3,2,63217,1622,41360,21857,0,0,0,0,1622,0,0,0
2021-01-24,port183,Buenaventura,6,3,83616,0,31950,51306,0,358,0,0,0,0,0,0
2021-01-25,port183,Buenaventura,2,2,0,13859,0,0,0,0,0,0,13859,0,0,0
2021-01-26,port183,Buenaventura,2,1,13687,0,0,13687,0,0,0,0,0,0,0,0
2021-01-27,port183,Buenaventura,4,3,32326,1321,0,32326,0,0,0,0,1321,0,0,0
2021-01-28,port183,Buenaventura,1,0,50980,0,50980,0,0,0,0,0,0,0,0,0
2021-01-29,port183,Buenaventura,3,0,3377,0,0,0,0,0,3377,0,0,0,0,0
2021-01-30,port183,Buenaventura,7,3,52632,2566,13004,35955,3058,613,0,0,2566,0,0,0
2021-01-31,port183,Buenaventura,5,2,66891,56216,49757,17134,0,0,0,56216,0,0,0,0
2021-02-01,port183,Buenaventura,4,2,74293,4293,72747,1545,0,0,0,2931,1362,0,0,0
2021-02-02,port183,Buenaventura,2,2,0,11953,0,0,0,0,0,0,11953,0,0,0
2021-02-03,port183,Buenaventura,3,2,43417,1622,34835,8582,0,0,0,0,1622,0,0,0
2021-02-04,port183,Buenaventura,4,2,21182,8861,21182,0,0,0,0,2931,5929,0,0,0
2021-02-05,port183,Buenaventura,3,1,1367,4086,0,0,1367,0,0,0,4086,0,0,0
2021-02-06,port183,Buenaventura,2,2,11114,1622,0,11114,0,0,0,0,1622,0,0,0
2021-02-07,port183,Buenaventura,6,3,40406,2563,17243,18851,0,1829,2481,0,2563,0,0,0
2021-02-08,port183,Buenaventura,5,2,38700,14274,21680,0,1208,15811,0,0,14274,0,0,0
2021-02-09,port183,Buenaventura,2,1,46711,0,30232,16479,0,0,0,0,0,0,0,0
2021-02-10,port183,Buenaventura,4,3,32163,1622,21197,10966,0,0,0,0,1622,0,0,0
2021-02-11,port183,Buenaventura,2,1,12765,4474,12765,0,0,0,0,0,4474,0,0,0
2021-02-12,port183,Buenaventura,3,0,27501,0,15208,0,12293,0,0,0,0,0,0,0
2021-02-13,port183,Buenaventura,3,1,8658,13134,0,0,7533,0,1124,0,13134,0,0,0
2021-02-14,port183,Buenaventura,5,3,33365,0,11969,21396,0,0,0,0,0,0,0,0
2021-02-15,port183,Buenaventura,5,2,31411,17449,20653,10758,0,0,0,2931,4756,9760,0,0
2021-02-16,port183,Buenaventura,3,2,5575,2583,0,5575,0,0,0,0,2583,0,0,0
2021-02-17,port183,Buenaventura,0,0,0,0,0,0,0,0,0,0,0,0,0,0
2021-02-18,port183,Buenaventura,5,3,65584,13965,59523,6060,0,0,0,2931,11034,0,0,0
2021-02-19,port183,Buenaventura,1,1,11334,0,0,11334,0,0,0,0,0,0,0,0
2021-02-20,port183,Buenaventura,3,1,36472,75626,0,18415,0,18056,0,75626,0,0,0,0
2021-02-21,port183,Buenaventura,4,2,23364,503,0,16078,2572,4713,0,0,0,0,503,0
2021-02-22,port183,Buenaventura,2,1,12202,674,12202,0,0,0,0,0,674,0,0,0
2021-02-23,port183,Buenaventura,3,3,42778,1622,0,42778,0,0,0,0,1622,0,0,0
2021-02-24,port183,Buenaventura,1,1,10311,0,0,10311,0,0,0,0,0,0,0,0
2021-02-25,port183,Buenaventura,4,3,7996,8766,0,7996,0,0,0,0,8766,0,0,0
2021-02-26,port183,Buenaventura,1,0,2044,0,0,0,0,0,2044,0,0,0,0,0
2021-02-27,port183,Buenaventura,4,2,33995,0,22766,11109,0,119,0,0,0,0,0,0
2021-02-28,port183,Buenaventura,4,2,49656,0,43419,6236,0,0,0,0,0,0,0,0
2021-03-01,port183,Buenaventura,3,1,30304,1622,24728,5575,0,0,0,0,1622,0,0,0
2021-03-02,port183,Buenaventura,5,2,26262,70896,23179,3082,0,0,0,55309,15586,0,0,0
2021-03-03,port183,Buenaventura,5,2,55068,0,11251,35279,8536,0,0,0,0,0,0,0
2021-03-04,port183,Buenaventura,5,1,86539,0,69726,1224,0,15588,0,0,0,0,0,0
2021-03-05,port183,Buenaventura,1,0,49544,0,49544,0,0,0,0,0,0,0,0,0
2021-03-06,port183,Buenaventura,5,2,68954,0,22344,20143,14779,11687,0,0,0,0,0,0
2021-03-07,port183,Buenaventura,2,1,23495,0,22425,1070,0,0,0,0,0,0,0,0
2021-03-08,port183,Buenaventura,4,2,56569,8442,50620,5575,0,0,373,0,8442,0,0,0
2021-03-09,port183,Buenaventura,3,1,16873,0,6377,7774,2721,0,0,0,0,0,0,0
2021-03-10,port183,Buenaventura,3,3,19062,1266,0,19062,0,0,0,0,1266,0,0,0
2021-03-11,port183,Buenaventura,4,2,5575,8929,0,5575,0,0,0,0,8014,0,915,0
2021-03-12,port183,Buenaventura,2,1,9443,0,483,8960,0,0,0,0,0,0,0,0
2021-03-13,port183,Buenaventura,3,2,27429,18828,26151,1277,0,0,0,0,18828,0,0,0
2021-03-14,port183,Buenaventura,2,1,5007,0,0,5007,0,0,0,0,0,0,0,0
2021-03-15,port183,Buenaventura,3,2,31939,6660,31939,0,0,0,0,0,6660,0,0,0
2021-03-16,port183,Buenaventura,4,3,4633,0,0,4633,0,0,0,0,0,0,0,0
2021-03-17,port183,Buenaventura,4,2,68439,1045,66233,2206,0,0,0,406,639,0,0,0
2021-03-18,port183,Buenaventura,3,3,3040,7616,0,3040,0,0,0,0,7616,0,0,0
2021-03-19,port183,Buenaventura,0,0,0,0,0,0,0,0,0,0,0,0,0,0
2021-03-20,port183,Buenaventura,4,3,23581,24288,6750,16830,0,0,0,0,24288,0,0,0
2021-03-21,port183,Buenaventura,5,2,66652,483,49757,14176,2718,0,0,483,0,0,0,0
2021-03-22,port183,Buenaventura,1,1,681,0,0,681,0,0,0,0,0,0,0,0
2021-03-23,port183,Buenaventura,3,2,23033,2154,0,23033,0,0,0,532,1622,0,0,0
2021-03-24,port183,Buenaventura,4,3,24305,13565,18000,6305,0,0,0,0,13565,0,0,0
2021-03-25,port183,Buenaventura,0,0,0,0,0,0,0,0,0,0,0,0,0,0
2021-03-26,port183,Buenaventura,2,0,20786,0,16045,0,4740,0,0,0,0,0,0,0
2021-03-27,port183,Buenaventura,8,3,68314,16479,55100,10851,0,0,2363,2931,13547,0,0,0
2021-03-28,port183,Buenaventura,2,2,11150,3244,0,11150,0,0,0,0,3244,0,0,0
2021-03-29,port183,Buenaventura,2,2,5511,8179,0,5511,0,0,0,0,8179,0,0,0
2021-03-30,port183,Buenaventura,4,1,78526,0,73124,5402,0,0,0,0,0,0,0,0
2021-03-31,port183,Buenaventura,6,3,31103,1622,15154,14668,0,769,511,0,1622,0,0,0
2021-04-01,port183,Buenaventura,2,1,45053,0,0,29748,15305,0,0,0,0,0,0,0
2021-04-02,port183,Buenaventura,4,0,76866,0,60278,0,0,13310,3277,0,0,0,0,0
2021-04-03,port183,Buenaventura,5,2,113663,8441,109192,4470,0,0,0,2931,5510,0,0,0
2021-04-04,port183,Buenaventura,2,2,11261,3217,0,11261,0,0,0,0,3217,0,0,0
2021-04-05,port183,Buenaventura,1,1,0,4088,0,0,0,0,0,0,4088,0,0,0
2021-04-06,port183,Buenaventura,5,3,49039,17094,24905,22372,0,0,1761,0,17094,0,0,0
2021-04-07,port183,Buenaventura,2,1,2423,315,0,0,2423,0,0,0,315,0,0,0
2021-04-08,port183,Buenaventura,3,2,80525,0,52636,27889,0,0,0,0,0,0,0,0
2021-04-09,port183,Buenaventura,0,0,0,0,0,0,0,0,0,0,0,0,0,0
2021-04-10,port183,Buenaventura,6,4,37715,6570,20035,17618,0,62,0,0,6570,0,0,0
2021-04-11,port183,Buenaventura,3,1,4342,4408,0,3832,0,0,510,0,0,0,0,4408
2021-04-12,port183,Buenaventura,3,1,68197,7460,49764,0,0,18433,0,0,7460,0,0,0
2021-04-13,port183,Buenaventura,8,3,137200,0,108209,25420,3570,0,0,0,0,0,0,0
2021-04-14,port183,Buenaventura,6,3,54435,1937,34146,20288,0,0,0,0,1937,0,0,0
2021-04-15,port183,Buenaventura,0,0,0,0,0,0,0,0,0,0,0,0,0,0
2021-04-16,port183,Buenaventura,2,2,14786,0,0,14786,0,0,0,0,0,0,0,0
2021-04-17,port183,Buenaventura,3,2,32632,1622,24832,7800,0,0,0,0,1622,0,0,0
2021-04-18,port183,Buenaventura,3,1,64634,1372,64634,0,0,0,0,0,1372,0,0,0
2021-04-19,port183,Buenaventura,5,2,14394,16691,1639,5426,0,7328,0,0,16040,0,650,0
2021-04-20,port183,Buenaventura,5,3,27656,1622,3889,21347,2419,0,0,0,1622,0,0,0
2021-04-21,port183,Buenaventura,1,0,13134,0,13134,0,0,0,0,0,0,0,0,0
2021-04-22,port183,Buenaventura,2,2,10954,1434,0,10954,0,0,0,0,1434,0,0,0
2021-04-23,port183,Buenaventura,2,2,6904,12825,0,6904,0,0,0,0,12825,0,0,0
2021-04-24,port183,Buenaventura,5,2,80364,8361,58175,22189,0,0,0,2931,5430,0,0,0
2021-04-25,port183,Buenaventura,2,1,18410,1622,12834,5575,0,0,0,0,1622,0,0,0
2021-04-26,port183,Buenaventura,3,3,14612,2733,0,14612,0,0,0,0,2733,0,0,0
2021-04-27,port183,Buenaventura,1,0,1401,0,0,0,0,1401,0,0,0,0,0,0
2021-04-28,port183,Buenaventura,2,1,9108,1953,0,9108,0,0,0,1953,0,0,0,0
2021-04-29,port183,Buenaventura,1,1,9915,0,0,9915,0,0,0,0,0,0,0,0
2021-04-30,port183,Buenaventura,3,2,2807,10921,0,2807,0,0,0,0,10921,0,0,0
2021-05-01,port183,Buenaventura,4,2,54525,1622,37033,17492,0,0,0,0,1622,0,0,0
2021-05-02,port183,Buenaventura,2,2,38560,0,0,38560,0,0,0,0,0,0,0,0
2021-05-03,port183,Buenaventura,5,2,40746,7277,35518,0,0,5227,0,0,7277,0,0,0
2021-05-04,port183,Buenaventura,3,2,17447,59503,0,17447,0,0,0,59503,0,0,0,0
2021-05-05,port183,Buenaventura,5,2,77618,51090,49757,23610,4250,0,0,51090,0,0,0,0
2021-05-06,port183,Buenaventura,3,2,26438,11450,0,24582,0,0,1855,0,11450,0,0,0
2021-05-07,port183,Buenaventura,2,1,14558,7644,14558,0,0,0,0,0,7644,0,0,0
2021-05-08,port183,Buenaventura,2,1,12417,66,0,11428,0,0,989,0,0,0,0,66
2021-05-09,port183,Buenaventura,2,1,0,8116,0,0,0,0,0,0,8116,0,0,0
2021-05-10,port183,Buenaventura,4,2,13837,53350,445,13391,0,0,0,51985,1364,0,0,0
2021-05-11,port183,Buenaventura,2,1,9816,0,0,9816,0,0,0,0,0,0,0,0
2021-05-12,port183,Buenaventura,5,3,46061,956,11137,33186,0,1736,0,0,956,0,0,0
2021-05-13,port183,Buenaventura,2,2,15340,29262,0,15340,0,0,0,0,29262,0,0,0
2021-05-14,port183,Buenaventura,4,1,58333,0,44886,10909,0,2537,0,0,0,0,0,0
2021-05-15,port183,Buenaventura,4,2,18028,1281,0,15459,2569,0,0,0,1281,0,0,0
2021-05-16,port183,Buenaventura,0,0,0,0,0,0,0,0,0,0,0,0,0,0
2021-05-17,port183,Buenaventura,3,2,38958,4763,0,20711,0,18247,0,0,4763,0,0,0
2021-05-18,port183,Buenaventura,3,1,27946,0,27946,0,0,0,0,0,0,0,0,0
2021-05-19,port183,Buenaventura,0,0,0,0,0,0,0,0,0,0,0,0,0,0
2021-05-20,port183,Buenaventura,2,1,13078,0,0,9693,0,3385,0,0,0,0,0,0
2021-05-21,port183,Buenaventura,3,2,11179,0,1441,9738,0,0,0,0,0,0,0,0
2021-05-22,port183,Buenaventura,3,2,39679,2931,20653,19026,0,0,0,2931,0,0,0,0
2021-05-23,port183,Buenaventura,2,1,1275,35775,0,1275,0,0,0,35775,0,0,0,0
2021-05-24,port183,Buenaventura,2,2,2156,4769,0,2156,0,0,0,0,4769,0,0,0
2021-05-25,port183,Buenaventura,4,1,13497,0,1470,8935,0,3091,0,0,0,0,0,0
2021-05-26,port183,Buenaventura,2,1,47148,0,34710,12437,0,0,0,0,0,0,0,0
2021-05-27,port183,Buenaventura,1,1,4887,0,0,4887,0,0,0,0,0,0,0,0
2021-05-28,port183,Buenaventura,0,0,0,0,0,0,0,0,0,0,0,0,0,0
2021-05-29,port183,Buenaventura,3,2,10456,1622,0,10456,0,0,0,0,1622,0,0,0
2021-05-30,port183,Buenaventura,0,0,0,0,0,0,0,0,0,0,0,0,0,0
2021-05-31,port183,Buenaventura,4,3,13920,8161,0,11573,2347,0,0,0,8161,0,0,0
2021-06-01,port183,Buenaventura,2,0,35829,0,35829,0,0,0,0,0,0,0,0,0
2021-06-02,port183,Buenaventura,2,0,14420,0,14420,0,0,0,0,0,0,0,0,0
2021-06-03,port183,Buenaventura,2,0,14378,0,14378,0,0,0,0,0,0,0,0,0
2021-06-04,port183,Buenaventura,1,0,41861,0,41861,0,0,0,0,0,0,0,0,0
2021-06-05,port183,Buenaventura,1,0,6636,0,6636,0,0,0,0,0,0,0,0,0
2021-06-06,port183,Buenaventura,0,0,0,0,0,0,0,0,0,0,0,0,0,0
2021-06-07,port183,Buenaventura,3,2,9898,5394,0,4394,0,5504,0,0,4743,0,650,0
2021-06-08,port183,Buenaventura,2,1,8647,1622,0,5575,0,3072,0,0,1622,0,0,0
2021-06-09,port183,Buenaventura,0,0,0,0,0,0,0,0,0,0,0,0,0,0
2021-06-10,port183,Buenaventura,5,0,22657,0,22657,0,0,0,0,0,0,0,0,0
2021-06-11,port183,Buenaventura,2,1,4692,0,0,2200,0,2491,0,0,0,0,0,0
2021-06-12,port183,Buenaventura,2,0,3987,0,0,0,3987,0,0,0,0,0,0,0
2021-06-13,port183,Buenaventura,2,0,2045,66,0,0,0,1056,989,0,0,0,0,66
2021-06-14,port183,Buenaventura,2,2,2169,4056,0,2169,0,0,0,0,4056,0,0,0
2021-06-15,port183,Buenaventura,3,2,11759,6596,0,11759,0,0,0,4974,1622,0,0,0
2021-06-16,port183,Buenaventura,1,1,14038,0,0,14038,0,0,0,0,0,0,0,0
2021-06-17,port183,Buenaventura,4,2,34807,0,20277,3420,0,11109,0,0,0,0,0,0
2021-06-18,port183,Buenaventura,4,0,173700,0,173700,0,0,0,0,0,0,0,0,0
2021-06-19,port183,Buenaventura,2,0,20089,0,0,0,17450,0,2638,0,0,0,0,0
2021-06-20,port183,Buenaventura,2,1,58547,0,25640,32906,0,0,0,0,0,0,0,0
2021-06-21,port183,Buenaventura,4,3,63581,2719,9313,54268,0,0,0,0,2719,0,0,0
2021-06-22,port183,Buenaventura,1,1,8048,0,0,8048,0,0,0,0,0,0,0,0
2021-06-23,port183,Buenaventura,6,2,84536,3666,72904,10476,0,1155,0,0,0,3666,0,0
2021-06-24,port183,Buenaventura,3,1,6696,0,1929,1399,0,3367,0,0,0,0,0,0
2021-06-25,port183,Buenaventura,3,2,62806,1086,51188,11617,0,0,0,0,1086,0,0,0
2021-06-26,port183,Buenaventura,1,0,0,0,0,0,0,0,0,0,0,0,0,0
2021-06-27,port183,Buenaventura,2,2,9749,3842,0,9749,0,0,0,0,3842,0,0,0
2021-06-28,port183,Buenaventura,3,2,5575,13120,0,5575,0,0,0,0,13120,0,0,0
2021-06-29,port183,Buenaventura,1,1,0,0,0,0,0,0,0,0,0,0,0,0
2021-06-30,port183,Buenaventura,3,2,12985,0,0,11496,0,0,1489,0,0,0,0,0
2021-07-01,port183,Buenaventura,1,0,388,0,0,0,0,388,0,0,0,0,0,0
2021-07-02,port183,Buenaventura,2,1,31991,0,30602,1388,0,0,0,0,0,0,0,0
2021-07-03,port183,Buenaventura,4,0,51880,0,49456,0,0,2424,0,0,0,0,0,0
2021-07-04,port183,Buenaventura,3,0,20653,2931,20653,0,0,0,0,2931,0,0,0,0
2021-07-05,port183,Buenaventura,3,2,37249,13160,20653,16596,0,0,0,2931,10229,0,0,0
2021-07-06,port183,Buenaventura,3,3,6218,4476,0,6218,0,0,0,0,4476,0,0,0
2021-07-07,port183,Buenaventura,1,0,41134,0,41134,0,0,0,0,0,0,0,0,0
2021-07-08,port183,Buenaventura,1,0,0,0,0,0,0,0,0,0,0,0,0,0
2021-07-09,port183,Buenaventura,4,3,42433,6164,16552,25880,0,0,0,0,6164,0,0,0
2021-07-10,port183,Buenaventura,3,3,7616,0,0,7616,0,0,0,0,0,0,0,0
2021-07-11,port183,Buenaventura,3,2,1086,7730,0,1086,0,0,0,0,7730,0,0,0
2021-07-12,port183,Buenaventura,3,2,5408,13640,0,5408,0,0,0,3463,10176,0,0,0
2021-07-13,port183,Buenaventura,3,2,20412,0,18483,1928,0,0,0,0,0,0,0,0
2021-07-14,port183,Buenaventura,3,2,13509,5902,0,0,0,13509,0,0,5902,0,0,0
2021-07-15,port183,Buenaventura,2,1,5806,2172,0,0,5806,0,0,0,2172,0,0,0
2021-07-16,port183,Buenaventura,2,0,29914,0,29914,0,0,0,0,0,0,0,0,0
2021-07-17,port183,Buenaventura,4,3,48248,17986,42609,5639,0,0,0,0,17986,0,0,0
2021-07-18,port183,Buenaventura,2,2,5218,0,0,5218,0,0,0,0,0,0,0,0
2021-07-19,port183,Buenaventura,7,2,63392,19475,46823,0,16569,0,0,0,19475,0,0,0
2021-07-20,port183,Buenaventura,3,2,21109,1622,0,15310,0,5798,0,0,1622,0,0,0
2021-07-21,port183,Buenaventura,4,2,56833,1940,51257,5575,0,0,0,0,1940,0,0,0
2021-07-22,port183,Buenaventura,1,0,48035,0,48035,0,0,0,0,0,0,0,0,0
2021-07-23,port183,Buenaventura,3,2,18566,9867,0,0,0,18566,0,0,9867,0,0,0
2021-07-24,port183,Buenaventura,1,0,11144,0,0,0,11144,0,0,0,0,0,0,0
2021-07-25,port183,Buenaventura,2,1,16537,0,10118,6419,0,0,0,0,0,0,0,0
2021-07-26,port183,Buenaventura,4,3,52280,12336,52280,0,0,0,0,0,12336,0,0,0
2021-07-27,port183,Buenaventura,1,1,11359,0,0,11359,0,0,0,0,0,0,0,0
2021-07-28,port183,Buenaventura,2,2,5575,2733,0,5575,0,0,0,0,2733,0,0,0
2021-07-29,port183,Buenaventura,2,1,34145,0,29433,4711,0,0,0,0,0,0,0,0
2021-07-30,port183,Buenaventura,1,0,311,0,0,0,0,311,0,0,0,0,0,0
2021-07-31,port183,Buenaventura,5,3,26051,68451,20653,5398,0,0,0,60890,7561,0,0,0
2021-08-01,port183,Buenaventura,5,2,51373,6947,40293,5575,0,5504,0,0,6296,0,650,0
2021-08-02,port183,Buenaventura,3,3,10448,9110,0,10448,0,0,0,0,9110,0,0,0
2021-08-03,port183,Buenaventura,5,4,46487,635,26543,19944,0,0,0,0,635,0,0,0
2021-08-04,port183,Buenaventura,3,1,18391,0,0,2333,0,12993,3064,0,0,0,0,0
2021-08-05,port183,Buenaventura,2,1,13509,0,0,11086,2423,0,0,0,0,0,0,0
2021-08-06,port183,Buenaventura,3,1,35561,6622,32040,0,0,0,3521,0,6622,0,0,0
2021-08-07,port183,Buenaventura,2,0,2206,4690,0,0,0,0,2206,4690,0,0,0,0
2021-08-08,port183,Buenaventura,1,0,0,0,0,0,0,0,0,0,0,0,0,0
2021-08-09,port183,Buenaventura,5,4,56415,15926,38677,17737,0,0,0,0,15926,0,0,0
2021-08-10,port183,Buenaventura,1,0,57798,0,57798,0,0,0,0,0,0,0,0,0
2021-08-11,port183,Buenaventura,4,2,53527,1622,46780,6746,0,0,0,0,1622,0,0,0
2021-08-12,port183,Buenaventura,3,1,9138,5769,0,9138,0,0,0,5769,0,0,0,0
2021-08-13,port183,Buenaventura,2,1,59031,6176,59031,0,0,0,0,0,6176,0,0,0
2021-08-14,port183,Buenaventura,3,1,7817,0,5276,2540,0,0,0,0,0,0,0,0
2021-08-15,port183,Buenaventura,1,1,0,15900,0,0,0,0,0,0,15900,0,0,0
2021-08-16,port183,Buenaventura,5,2,33470,23417,26992,6477,0,0,0,0,8816,0,14600,0
2021-08-17,port183,Buenaventura,2,2,5538,0,0,5538,0,0,0,0,0,0,0,0
2021-08-18,port183,Buenaventura,4,2,12280,0,0,8086,3416,776,0,0,0,0,0,0
2021-08-19,port183,Buenaventura,4,2,26633,1622,2782,7806,0,16043,0,0,1622,0,0,0
2021-08-20,port183,Buenaventura,0,0,0,0,0,0,0,0,0,0,0,0,0,0
2021-08-21,port183,Buenaventura,6,3,29754,10282,20126,9628,0,0,0,0,10282,0,0,0
2021-08-22,port183,Buenaventura,2,1,0,2784,0,0,0,0,0,555,2229,0,0,0
2021-08-23,port183,Buenaventura,5,3,70291,7588,58063,9954,2273,0,0,0,7588,0,0,0
2021-08-24,port183,Buenaventura,3,1,37382,0,29767,2896,4719,0,0,0,0,0,0,0
2021-08-25,port183,Buenaventura,1,1,0,1891,0,0,0,0,0,0,1891,0,0,0
2021-08-26,port183,Buenaventura,2,0,0,0,0,0,0,0,0,0,0,0,0,0
2021-08-27,port183,Buenaventura,2,1,27642,7705,27642,0,0,0,0,0,7705,0,0,0
2021-08-28,port183,Buenaventura,6,3,26017,1269,0,13349,0,12668,0,0,1269,0,0,0
2021-08-29,port183,Buenaventura,3,2,24295,0,0,9111,0,15184,0,0,0,0,0,0
2021-08-30,port183,Buenaventura,4,3,69341,8371,31640,37701,0,0,0,0,8371,0,0,0
2021-08-31,port183,Buenaventura,0,0,0,0,0,0,0,0,0,0,0,0,0,0
2021-09-01,port183,Buenaventura,3,2,72824,0,51656,21167,0,0,0,0,0,0,0,0
2021-09-02,port183,Buenaventura,1,1,4477,0,0,4477,0,0,0,0,0,0,0,0
2021-09-03,port183,Buenaventura,2,1,16381,3362,16381,0,0,0,0,0,3362,0,0,0
2021-09-04,port183,Buenaventura,2,1,15184,0,0,11090,0,0,4093,0,0,0,0,0
2021-09-05,port183,Buenaventura,3,1,5575,1622,0,5575,0,0,0,0,1622,0,0,0
2021-09-06,port183,Buenaventura,4,4,19703,7829,0,19703,0,0,0,0,7829,0,0,0
2021-09-07,port183,Buenaventura,4,1,29794,0,13849,15793,151,0,0,0,0,0,0,0
2021-09-08,port183,Buenaventura,2,2,6560,1622,0,6560,0,0,0,0,1622,0,0,0
2021-09-09,port183,Buenaventura,5,2,114987,0,88200,26786,0,0,0,0,0,0,0,0
2021-09-10,port183,Buenaventura,4,0,84924,607,77063,0,7861,0,0,0,0,607,0,0
2021-09-11,port183,Buenaventura,3,1,21766,0,21230,535,0,0,0,0,0,0,0,0
2021-09-12,port183,Buenaventura,3,1,57746,0,30491,8561,0,18694,0,0,0,0,0,0
2021-09-13,port183,Buenaventura,4,1,24475,8239,20063,0,0,0,4411,0,8172,0,0,66
2021-09-14,port183,Buenaventura,3,2,20992,0,0,20992,0,0,0,0,0,0,0,0
2021-09-15,port183,Buenaventura,2,2,17590,0,0,17590,0,0,0,0,0,0,0,0
2021-09-16,port183,Buenaventura,3,1,52164,0,41981,1078,9104,0,0,0,0,0,0,0
2021-09-17,port183,Buenaventura,1,0,0,29095,0,0,0,0,0,0,0,0,29095,0
2021-09-18,port183,Buenaventura,2,1,48615,0,38687,9928,0,0,0,0,0,0,0,0
2021-09-19,port183,Buenaventura,3,3,19414,13184,0,19414,0,0,0,0,13184,0,0,0
2021-09-20,port183,Buenaventura,5,2,62611,3340,52727,8856,0,0,1027,0,2456,0,884,0
2021-09-21,port183,Buenaventura,1,1,5592,0,0,5592,0,0,0,0,0,0,0,0
2021-09-22,port183,Buenaventura,2,1,16530,0,0,13685,0,0,2844,0,0,0,0,0
2021-09-23,port183,Buenaventura,3,0,43120,650,37616,0,0,5504,0,0,0,0,650,0
2021-09-24,port183,Buenaventura,0,0,0,0,0,0,0,0,0,0,0,0,0,0
2021-09-25,port183,Buenaventura,3,1,11138,1763,0,5634,0,5504,0,1112,0,0,650,0
2021-09-26,port183,Buenaventura,2,2,12194,6214,0,12194,0,0,0,0,6214,0,0,0
2021-09-27,port183,Buenaventura,4,2,28220,4994,22645,5575,0,0,0,0,4994,0,0,0
2021-09-28,port183,Buenaventura,2,0,8941,0,0,0,2423,6518,0,0,0,0,0,0
2021-09-29,port183,Buenaventura,3,1,14649,0,0,12095,0,0,2553,0,0,0,0,0
2021-09-30,port183,Buenaventura,2,2,12378,1386,0,12378,0,0,0,0,1386,0,0,0
2021-10-01,port183,Buenaventura,2,1,9765,0,0,7270,0,2494,0,0,0,0,0,0
2021-10-02,port183,Buenaventura,2,0,12239,41472,12239,0,0,0,0,41472,0,0,0,0
2021-10-03,port183,Buenaventura,5,4,23905,6227,0,23905,0,0,0,4605,1622,0,0,0
2021-10-04,port183,Buenaventura,2,1,0,2456,0,0,0,0,0,0,2456,0,0,0
2021-10-05,port183,Buenaventura,4,4,29271,1622,0,29271,0,0,0,0,1622,0,0,0
2021-10-06,port183,Buenaventura,6,2,47185,2503,32652,13001,0,0,1530,0,0,0,0,2503
2021-10-07,port183,Buenaventura,3,3,17578,1622,0,17578,0,0,0,0,1622,0,0,0
2021-10-08,port183,Buenaventura,4,1,119253,0,84924,7497,0,26832,0,0,0,0,0,0
2021-10-09,port183,Buenaventura,0,0,0,0,0,0,0,0,0,0,0,0,0,0
2021-10-10,port183,Buenaventura,5,2,16980,2849,0,11843,0,5137,0,0,0,0,2849,0
2021-10-11,port183,Buenaventura,2,2,0,4315,0,0,0,0,0,0,4315,0,0,0
2021-10-12,port183,Buenaventura,2,0,22688,66,21699,0,0,0,989,0,0,0,0,66
2021-10-13,port183,Buenaventura,3,2,20604,666,15655,4948,0,0,0,0,666,0,0,0
2021-10-14,port183,Buenaventura,2,0,75392,0,75392,0,0,0,0,0,0,0,0,0
2021-10-15,port183,Buenaventura,2,0,56101,0,56101,0,0,0,0,0,0,0,0,0
2021-10-16,port183,Buenaventura,4,3,18056,28310,0,18056,0,0,0,19788,8522,0,0,0
2021-10-17,port183,Buenaventura,3,1,46119,12984,33359,12759,0,0,0,0,0,0,12984,0
2021-10-18,port183,Buenaventura,4,3,48182,6525,0,32116,0,16065,0,0,6525,0,0,0
2021-10-19,port183,Buenaventura,3,2,28995,0,0,25911,0,3083,0,0,0,0,0,0
2021-10-20,port183,Buenaventura,4,3,15850,2971,0,9688,0,6161,0,0,2971,0,0,0
2021-10-21,port183,Buenaventura,3,2,23509,17121,20653,2856,0,0,0,2931,14190,0,0,0
2021-10-22,port183,Buenaventura,4,1,76039,1622,66401,5575,0,4062,0,0,1622,0,0,0
2021-10-23,port183,Buenaventura,3,2,39642,1622,0,38497,1145,0,0,0,1622,0,0,0
2021-10-24,port183,Buenaventura,2,1,25994,0,0,10110,15884,0,0,0,0,0,0,0
2021-10-25,port183,Buenaventura,6,4,11425,1987,0,11425,0,0,0,0,1987,0,0,0
2021-10-26,port183,Buenaventura,3,0,5662,0,0,0,0,4636,1026,0,0,0,0,0
2021-10-27,port183,Buenaventura,1,1,20860,0,0,20860,0,0,0,0,0,0,0,0
2021-10-28,port183,Buenaventura,6,2,77858,607,65235,5733,5588,0,1302,0,0,607,0,0
2021-10-29,port183,Buenaventura,2,1,15138,0,3140,11997,0,0,0,0,0,0,0,0
2021-10-30,port183,Buenaventura,3,1,20183,0,12882,7300,0,0,0,0,0,0,0,0
2021-10-31,port183,Buenaventura,6,3,24498,3772,0,18994,0,5504,0,0,3121,0,650,0
2021-11-01,port183,Buenaventura,4,2,34736,4898,27219,7517,0,0,0,0,4898,0,0,0
2021-11-02,port183,Buenaventura,1,0,0,0,0,0,0,0,0,0,0,0,0,0
2021-11-03,port183,Buenaventura,4,2,34939,397,32845,1103,0,0,989,0,331,0,0,66
2021-11-04,port183,Buenaventura,5,2,31648,27899,22496,5575,0,0,3576,20815,7083,0,0,0
2021-11-05,port183,Buenaventura,4,1,55035,916,51200,3834,0,0,0,0,0,0,0,916
2021-11-06,port183,Buenaventura,3,2,14992,0,0,13629,0,1363,0,0,0,0,0,0
2021-11-07,port183,Buenaventura,2,0,51863,330,51863,0,0,0,0,0,0,0,330,0
2021-11-08,port183,Buenaventura,3,3,993,5978,0,993,0,0,0,0,5978,0,0,0
2021-11-09,port183,Buenaventura,0,0,0,0,0,0,0,0,0,0,0,0,0,0
2021-11-10,port183,Buenaventura,1,0,20653,2931,20653,0,0,0,0,2931,0,0,0,0
2021-11-11,port183,Buenaventura,3,2,13451,0,0,13451,0,0,0,0,0,0,0,0
2021-11-12,port183,Buenaventura,4,2,48563,1231,42145,1391,0,5025,0,0,1231,0,0,0
2021-11-13,port183,Buenaventura,2,2,22525,1622,0,22525,0,0,0,0,1622,0,0,0
2021-11-14,port183,Buenaventura,5,1,46644,4718,43333,0,0,2321,989,0,4651,0,0,66
2021-11-15,port183,Buenaventura,3,2,9755,6123,0,9755,0,0,0,0,6123,0,0,0
2021-11-16,port183,Buenaventura,3,0,23220,29883,20653,0,0,0,2566,29883,0,0,0,0
2021-11-17,port183,Buenaventura,3,0,50770,2931,46083,0,0,4687,0,2931,0,0,0,0
2021-11-18,port183,Buenaventura,4,2,42147,1517,0,41157,0,0,989,0,0,0,1450,66
2021-11-19,port183,Buenaventura,2,0,38060,0,33181,0,4878,0,0,0,0,0,0,0
2021-11-20,port183,Buenaventura,3,1,40528,3388,20653,19875,0,0,0,2931,0,0,456,0
2021-11-21,port183,Buenaventura,2,2,2802,0,0,2802,0,0,0,0,0,0,0,0
2021-11-22,port183,Buenaventura,6,6,32529,11034,0,32529,0,0,0,0,11034,0,0,0
2021-11-23,port183,Buenaventura,2,1,59328,0,57098,2230,0,0,0,0,0,0,0,0
2021-11-24,port183,Buenaventura,5,3,24199,88079,0,24199,0,0,0,77759,0,0,10320,0
2021-11-25,port183,Buenaventura,3,0,32291,2685,31423,0,0,0,868,0,0,2685,0,0
2021-11-26,port183,Buenaventura,3,1,23713,650,10393,7815,0,5504,0,0,0,0,650,0
2021-11-27,port183,Buenaventura,5,1,98291,0,83236,2430,0,12116,508,0,0,0,0,0
2021-11-28,port183,Buenaventura,3,2,20653,15313,20653,0,0,0,0,2931,12382,0,0,0
2021-11-29,port183,Buenaventura,4,1,15208,5418,15208,0,0,0,0,0,1223,4194,0,0
2021-11-30,port183,Buenaventura,2,1,9894,0,0,9894,0,0,0,0,0,0,0,0
2021-12-01,port183,Buenaventura,3,2,6818,19107,0,6818,0,0,0,17485,1622,0,0,0
2021-12-02,port183,Buenaventura,5,1,63213,5863,59942,3271,0,0,0,5863,0,0,0,0
2021-12-03,port183,Buenaventura,0,0,0,0,0,0,0,0,0,0,0,0,0,0
2021-12-04,port183,Buenaventura,2,1,26228,4553,20653,5575,0,0,0,2931,1622,0,0,0
2021-12-05,port183,Buenaventura,5,4,61217,1622,0,30328,0,30889,0,0,1622,0,0,0
2021-12-06,port183,Buenaventura,2,1,0,497,0,0,0,0,0,0,497,0,0,0
2021-12-07,port183,Buenaventura,7,3,117040,2931,81509,34502,0,0,1028,2931,0,0,0,0
2021-12-08,port183,Buenaventura,4,2,76907,0,18099,45295,0,13513,0,0,0,0,0,0
2021-12-09,port183,Buenaventura,2,2,8884,0,0,8884,0,0,0,0,0,0,0,0
2021-12-10,port183,Buenaventura,3,1,62583,0,47570,15013,0,0,0,0,0,0,0,0
2021-12-11,port183,Buenaventura,2,0,0,5842,0,0,0,0,0,0,0,5842,0,0
2021-12-12,port183,Buenaventura,3,1,10520,0,0,7632,0,2887,0,0,0,0,0,0
2021-12-13,port183,Buenaventura,3,3,19171,6117,0,19171,0,0,0,0,6117,0,0,0
2021-12-14,port183,Buenaventura,6,1,136342,2931,119797,13687,0,1270,1586,2931,0,0,0,0
2021-12-15,port183,Buenaventura,7,3,58909,8687,41306,17602,0,0,0,2931,3252,0,0,2503
2021-12-16,port183,Buenaventura,5,2,28119,11114,14326,9769,0,3033,989,0,11047,0,0,66
2021-12-17,port183,Buenaventura,2,1,60188,0,53719,6469,0,0,0,0,0,0,0,0
2021-12-18,port183,Buenaventura,5,3,19830,66,0,18841,0,0,989,0,0,0,0,66
2021-12-19,port183,Buenaventura,2,1,2893,7040,0,0,0,0,2893,0,7040,0,0,0
2021-12-20,port183,Buenaventura,3,2,10029,5476,0,0,0,10029,0,0,5476,0,0,0
2021-12-21,port183,Buenaventura,0,0,0,0,0,0,0,0,0,0,0,0,0,0
2021-12-22,port183,Buenaventura,5,4,36071,19337,0,36071,0,0,0,0,19337,0,0,0
2021-12-23,port183,Buenaventura,4,0,67934,0,54760,0,0,13173,0,0,0,0,0,0
2021-12-24,port183,Buenaventura,1,0,0,0,0,0,0,0,0,0,0,0,0,0
2021-12-25,port183,Buenaventura,3,2,10966,4934,0,10966,0,0,0,0,4934,0,0,0
2021-12-26,port183,Buenaventura,4,3,35900,6269,0,20621,0,15279,0,0,6269,0,0,0
2021-12-27,port183,Buenaventura,4,3,22187,4898,16040,6147,0,0,0,0,4898,0,0,0
2021-12-28,port183,Buenaventura,3,2,57564,1622,0,26335,0,31228,0,0,1622,0,0,0
2021-12-29,port183,Buenaventura,2,1,9296,0,0,8079,1216,0,0,0,0,0,0,0
2021-12-30,port183,Buenaventura,3,1,15259,433,0,15259,0,0,0,0,0,0,0,433
2021-12-31,port183,Buenaventura,3,1,30705,66,26929,2786,0,0,989,0,0,0,0,66
2022-01-01,port183,Buenaventura,1,1,5099,0,0,5099,0,0,0,0,0,0,0,0
2022-01-02,port183,Buenaventura,2,2,0,3702,0,0,0,0,0,0,3702,0,0,0
2022-01-03,port183,Buenaventura,3,1,77331,4440,58885,0,18445,0,0,0,4440,0,0,0
2022-01-04,port183,Buenaventura,3,0,22839,66,19345,0,0,0,3493,0,0,0,0,66
2022-01-05,port183,Buenaventura,2,2,17595,0,0,17595,0,0,0,0,0,0,0,0
2022-01-06,port183,Buenaventura,3,0,36161,2963,35472,0,689,0,0,0,0,0,0,2963
2022-01-07,port183,Buenaventura,3,3,17527,2348,0,17527,0,0,0,0,2348,0,0,0
2022-01-08,port183,Buenaventura,2,2,24210,0,0,24210,0,0,0,0,0,0,0,0
2022-01-09,port183,Buenaventura,7,2,92069,3990,84319,5575,0,0,2174,0,3990,0,0,0
2022-01-10,port183,Buenaventura,3,2,13576,4880,0,13576,0,0,0,0,4880,0,0,0
2022-01-11,port183,Buenaventura,2,0,27928,0,27928,0,0,0,0,0,0,0,0,0
2022-01-12,port183,Buenaventura,3,1,28610,2931,20653,7957,0,0,0,2931,0,0,0,0
2022-01-13,port183,Buenaventura,2,1,38638,0,37245,1392,0,0,0,0,0,0,0,0
2022-01-14,port183,Buenaventura,2,0,5588,607,0,0,5588,0,0,0,0,607,0,0
2022-01-15,port183,Buenaventura,3,1,22339,2931,20653,1173,0,0,512,2931,0,0,0,0
2022-01-16,port183,Buenaventura,0,0,0,0,0,0,0,0,0,0,0,0,0,0
2022-01-17,port183,Buenaventura,5,3,51258,1622,26548,24709,0,0,0,0,1622,0,0,0
2022-01-18,port183,Buenaventura,6,2,19018,41404,2398,5575,5540,5504,0,38802,1951,0,650,0
2022-01-19,port183,Buenaventura,3,1,20253,0,17334,2918,0,0,0,0,0,0,0,0
2022-01-20,port183,Buenaventura,1,1,1143,0,0,1143,0,0,0,0,0,0,0,0
2022-01-21,port183,Buenaventura,4,1,27376,7305,20653,0,0,6723,0,2931,4373,0,0,0
2022-01-22,port183,Buenaventura,3,1,28897,36833,0,28897,0,0,0,36833,0,0,0,0
2022-01-23,port183,Buenaventura,4,2,23085,1622,0,6847,4191,12046,0,0,1622,0,0,0
2022-01-24,port183,Buenaventura,3,1,55561,2456,55561,0,0,0,0,0,2456,0,0,0
2022-01-25,port183,Buenaventura,3,2,26698,1622,0,26178,0,520,0,0,1622,0,0,0
2022-01-26,port183,Buenaventura,5,2,34226,7097,20653,5503,0,5504,2564,2931,3514,0,650,0
2022-01-27,port183,Buenaventura,3,1,34059,0,18562,15497,0,0,0,0,0,0,0,0
2022-01-28,port183,Buenaventura,3,1,6290,0,0,2003,4287,0,0,0,0,0,0,0
2022-01-29,port183,Buenaventura,5,3,25204,9646,0,23459,0,1745,0,0,9646,0,0,0
2022-01-30,port183,Buenaventura,5,3,88874,6319,52905,34980,0,0,989,0,6252,0,0,66
2022-01-31,port183,Buenaventura,3,2,34978,0,0,34520,458,0,0,0,0,0,0,0
2022-02-01,port183,Buenaventura,4,2,33622,66,0,32632,0,0,989,0,0,0,0,66
2022-02-02,port183,Buenaventura,5,3,88635,1622,27542,29163,0,31929,0,0,1622,0,0,0
2022-02-03,port183,Buenaventura,4,2,27313,57008,24342,0,2971,0,0,0,57008,0,0,0
2022-02-04,port183,Buenaventura,2,0,12778,0,0,0,6982,5795,0,0,0,0,0,0
2022-02-05,port183,Buenaventura,5,3,14202,6209,0,13213,0,0,989,0,1239,4903,0,66
2022-02-06,port183,Buenaventura,1,0,0,0,0,0,0,0,0,0,0,0,0,0
2022-02-07,port183,Buenaventura,4,2,118204,4288,102361,15842,0,0,0,0,4288,0,0,0
2022-02-08,port183,Buenaventura,3,2,316,0,0,316,0,0,0,0,0,0,0,0
2022-02-09,port183,Buenaventura,3,0,25526,0,23251,0,0,1158,1115,0,0,0,0,0
2022-02-10,port183,Buenaventura,6,3,57432,20514,20947,21115,0,15369,0,8115,12399,0,0,0
2022-02-11,port183,Buenaventura,2,2,12419,0,0,12419,0,0,0,0,0,0,0,0
2022-02-12,port183,Buenaventura,1,1,0,8388,0,0,0,0,0,0,8388,0,0,0
2022-02-13,port183,Buenaventura,3,1,42134,0,0,5088,0,33465,3580,0,0,0,0,0
2022-02-14,port183,Buenaventura,5,2,78454,2483,74077,4376,0,0,0,0,2483,0,0,0
2022-02-15,port183,Buenaventura,1,1,3279,0,0,3279,0,0,0,0,0,0,0,0
2022-02-16,port183,Buenaventura,4,1,51803,0,33778,17039,0,985,0,0,0,0,0,0
2022-02-17,port183,Buenaventura,2,1,11079,2272,0,5575,0,5504,0,0,1622,0,650,0
2022-02-18,port183,Buenaventura,3,1,73625,2931,69395,4230,0,0,0,2931,0,0,0,0
2022-02-19,port183,Buenaventura,4,1,0,45932,0,0,0,0,0,43733,2198,0,0,0
2022-02-20,port183,Buenaventura,3,2,3817,3123,0,3817,0,0,0,0,3123,0,0,0
2022-02-21,port183,Buenaventura,4,2,13136,2516,6549,5597,0,0,989,0,2449,0,0,66
2022-02-22,port183,Buenaventura,2,0,23082,2931,20653,0,0,2428,0,2931,0,0,0,0
2022-02-23,port183,Buenaventura,6,2,41634,1274,25161,15882,0,0,590,0,1274,0,0,0
2022-02-24,port183,Buenaventura,5,0,11146,8913,9132,0,2014,0,0,0,0,8913,0,0
2022-02-25,port183,Buenaventura,4,3,52422,0,29660,22761,0,0,0,0,0,0,0,0
2022-02-26,port183,Buenaventura,2,2,21338,0,0,21338,0,0,0,0,0,0,0,0
2022-02-27,port183,Buenaventura,2,2,21141,1622,0,21141,0,0,0,0,1622,0,0,0
2022-02-28,port183,Buenaventura,3,2,17917,7843,0,0,0,17917,0,0,7843,0,0,0
2022-03-01,port183,Buenaventura,1,1,12152,0,0,12152,0,0,0,0,0,0,0,0
2022-03-02,port183,Buenaventura,6,1,12650,13462,12650,0,0,0,0,0,0,13462,0,0
2022-03-03,port183,Buenaventura,3,0,32759,607,27171,0,5588,0,0,0,0,607,0,0
2022-03-04,port183,Buenaventura,4,1,52090,2436,52090,0,0,0,0,0,2436,0,0,0
2022-03-05,port183,Buenaventura,4,1,92362,0,82096,4447,0,5818,0,0,0,0,0,0
2022-03-06,port183,Buenaventura,2,2,1085,8601,0,1085,0,0,0,0,8601,0,0,0
2022-03-07,port183,Buenaventura,6,3,115801,6726,57371,25504,0,32924,0,0,6726,0,0,0
2022-03-08,port183,Buenaventura,3,2,22926,634,14199,8726,0,0,0,0,634,0,0,0
2022-03-09,port183,Buenaventura,6,2,55839,18558,35967,19361,0,0,510,0,13429,5129,0,0
2022-03-10,port183,Buenaventura,1,0,0,4152,0,0,0,0,0,0,0,4152,0,0
2022-03-11,port183,Buenaventura,3,1,5968,512,0,2480,0,3487,0,0,0,0,0,512
2022-03-12,port183,Buenaventura,4,2,52957,0,23142,29815,0,0,0,0,0,0,0,0
2022-03-13,port183,Buenaventura,4,2,41712,1622,27540,14171,0,0,0,0,1622,0,0,0
2022-03-14,port183,Buenaventura,3,1,989,2566,0,0,0,0,989,0,1986,0,0,580
2022-03-15,port183,Buenaventura,4,2,51301,2314,32694,17070,0,0,1537,0,2314,0,0,0
2022-03-16,port183,Buenaventura,2,1,29473,2931,20653,8819,0,0,0,2931,0,0,0,0
2022-03-17,port183,Buenaventura,1,1,12547,0,0,12547,0,0,0,0,0,0,0,0
2022-03-18,port183,Buenaventura,2,0,3275,0,3275,0,0,0,0,0,0,0,0,0
2022-03-19,port183,Buenaventura,4,1,11872,71430,0,5934,0,5938,0,71430,0,0,0,0
2022-03-20,port183,Buenaventura,3,2,57509,3085,53165,4343,0,0,0,0,3085,0,0,0
2022-03-21,port183,Buenaventura,2,1,0,64650,0,0,0,0,0,58544,6106,0,0,0
2022-03-22,port183,Buenaventura,3,1,14959,0,0,5857,6020,3081,0,0,0,0,0,0
2022-03-23,port183,Buenaventura,0,0,0,0,0,0,0,0,0,0,0,0,0,0
2022-03-24,port183,Buenaventura,4,3,26347,9745,0,25016,0,1330,0,0,9745,0,0,0
2022-03-25,port183,Buenaventura,4,2,21080,0,3429,17651,0,0,0,0,0,0,0,0
2022-03-26,port183,Buenaventura,4,1,62689,650,45488,11696,0,5504,0,0,0,0,650,0
2022-03-27,port183,Buenaventura,2,2,26617,6999,0,26617,0,0,0,0,6999,0,0,0
2022-03-28,port183,Buenaventura,4,1,10358,2483,10358,0,0,0,0,0,2483,0,0,0
2022-03-29,port183,Buenaventura,2,0,30033,0,30033,0,0,0,0,0,0,0,0,0
2022-03-30,port183,Buenaventura,7,3,96298,4253,71387,21143,380,0,3386,2931,1321,0,0,0
2022-03-31,port183,Buenaventura,1,1,16753,0,0,16753,0,0,0,0,0,0,0,0
2022-04-01,port183,Buenaventura,4,1,11980,7853,11980,0,0,0,0,0,7853,0,0,0
2022-04-02,port183,Buenaventura,4,1,59040,3985,53535,0,0,5504,0,0,3334,0,650,0
2022-04-03,port183,Buenaventura,3,3,11024,6000,0,11024,0,0,0,0,6000,0,0,0
2022-04-04,port183,Buenaventura,3,1,1646,5513,1646,0,0,0,0,0,5513,0,0,0
2022-04-05,port183,Buenaventura,1,1,640,0,0,640,0,0,0,0,0,0,0,0
2022-04-06,port183,Buenaventura,3,1,46350,0,30905,9092,0,0,6352,0,0,0,0,0
2022-04-07,port183,Buenaventura,0,0,0,0,0,0,0,0,0,0,0,0,0,0
2022-04-08,port183,Buenaventura,3,0,80490,0,79367,0,0,0,1122,0,0,0,0,0
2022-04-09,port183,Buenaventura,2,0,36019,0,29290,0,6729,0,0,0,0,0,0,0
2022-04-10,port183,Buenaventura,4,3,38864,7107,0,6966,0,31897,0,0,7107,0,0,0
2022-04-11,port183,Buenaventura,5,2,44379,50107,28585,15793,0,0,0,44658,5448,0,0,0
2022-04-12,port183,Buenaventura,2,1,30846,0,21668,9177,0,0,0,0,0,0,0,0
2022-04-13,port183,Buenaventura,4,3,5762,3699,0,4448,0,1314,0,0,3699,0,0,0
2022-04-14,port183,Buenaventura,4,0,25437,0,19028,0,0,6409,0,0,0,0,0,0
2022-04-15,port183,Buenaventura,2,1,43050,0,41966,1084,0,0,0,0,0,0,0,0
2022-04-16,port183,Buenaventura,3,1,53773,0,49401,4372,0,0,0,0,0,0,0,0
2022-04-17,port183,Buenaventura,3,3,25866,0,0,25866,0,0,0,0,0,0,0,0
2022-04-18,port183,Buenaventura,2,1,38558,4284,38558,0,0,0,0,0,4284,0,0,0
2022-04-19,port183,Buenaventura,5,2,45968,2424,43245,2722,0,0,0,0,956,0,1468,0
2022-04-20,port183,Buenaventura,3,2,37342,0,15283,22058,0,0,0,0,0,0,0,0
2022-04-21,port183,Buenaventura,4,0,35688,0,21504,0,0,14184,0,0,0,0,0,0
2022-04-22,port183,Buenaventura,2,0,40012,0,40012,0,0,0,0,0,0,0,0,0
2022-04-23,port183,Buenaventura,2,1,7466,0,0,7466,0,0,0,0,0,0,0,0
2022-04-24,port183,Buenaventura,2,1,15126,3731,15126,0,0,0,0,0,3731,0,0,0
2022-04-25,port183,Buenaventura,5,3,44932,7070,3655,24760,0,16515,0,0,7070,0,0,0
2022-04-26,port183,Buenaventura,3,2,65297,0,51004,14293,0,0,0,0,0,0,0,0
2022-04-27,port183,Buenaventura,8,2,17023,989,10758,5709,0,0,555,0,989,0,0,0
2022-04-28,port183,Buenaventura,2,1,0,7084,0,0,0,0,0,0,7084,0,0,0
2022-04-29,port183,Buenaventura,3,2,16816,0,0,14527,2288,0,0,0,0,0,0,0
2022-04-30,port183,Buenaventura,6,3,57454,10110,6865,14974,0,32391,3224,0,10110,0,0,0
2022-05-01,port183,Buenaventura,5,2,31233,6090,21747,9485,0,0,0,4468,1622,0,0,0
2022-05-02,port183,Buenaventura,2,2,5565,1832,0,5565,0,0,0,0,1832,0,0,0
2022-05-03,port183,Buenaventura,1,1,6138,0,0,6138,0,0,0,0,0,0,0,0
2022-05-04,port183,Buenaventura,2,2,14178,0,0,14178,0,0,0,0,0,0,0,0
2022-05-05,port183,Buenaventura,1,0,1535,0,0,0,0,0,1535,0,0,0,0,0
2022-05-06,port183,Buenaventura,2,1,5218,0,0,5218,0,0,0,0,0,0,0,0
2022-05-07,port183,Buenaventura,2,0,48946,0,48946,0,0,0,0,0,0,0,0,0
2022-05-08,port183,Buenaventura,5,3,40830,2260,21469,19360,0,0,0,0,1622,0,638,0
2022-05-09,port183,Buenaventura,3,1,67686,1622,62110,5575,0,0,0,0,1622,0,0,0
2022-05-10,port183,Buenaventura,7,3,57153,66,24836,19811,10491,0,2013,0,0,0,0,66
2022-05-11,port183,Buenaventura,3,1,63036,0,54023,9012,0,0,0,0,0,0,0,0
2022-05-12,port183,Buenaventura,3,3,21994,1622,0,21994,0,0,0,0,1622,0,0,0
2022-05-13,port183,Buenaventura,3,0,9829,19710,0,0,0,9829,0,19710,0,0,0,0
2022-05-14,port183,Buenaventura,5,2,80228,650,53157,21566,0,5504,0,0,0,0,650,0
2022-05-15,port183,Buenaventura,4,1,23221,1116,0,0,4719,18501,0,0,1116,0,0,0
2022-05-16,port183,Buenaventura,3,2,36672,4288,34516,2156,0,0,0,0,4288,0,0,0
2022-05-17,port183,Buenaventura,1,1,0,0,0,0,0,0,0,0,0,0,0,0
2022-05-18,port183,Buenaventura,4,2,23711,0,4076,19634,0,0,0,0,0,0,0,0
2022-05-19,port183,Buenaventura,1,0,1751,0,1751,0,0,0,0,0,0,0,0,0
2022-05-20,port183,Buenaventura,1,1,11621,0,0,11621,0,0,0,0,0,0,0,0
2022-05-21,port183,Buenaventura,1,0,29619,0,29619,0,0,0,0,0,0,0,0,0
2022-05-22,port183,Buenaventura,2,1,9407,0,3034,6372,0,0,0,0,0,0,0,0
2022-05-23,port183,Buenaventura,2,2,7815,4816,0,7815,0,0,0,0,4816,0,0,0
2022-05-24,port183,Buenaventura,3,1,21328,10149,21328,0,0,0,0,0,10149,0,0,0
2022-05-25,port183,Buenaventura,4,2,41478,18636,28651,12826,0,0,0,0,18115,0,521,0
2022-05-26,port183,Buenaventura,2,1,24429,2931,20653,3776,0,0,0,2931,0,0,0,0
2022-05-27,port183,Buenaventura,3,0,20312,0,0,0,20312,0,0,0,0,0,0,0
2022-05-28,port183,Buenaventura,1,0,0,34615,0,0,0,0,0,34615,0,0,0,0
2022-05-29,port183,Buenaventura,7,2,67510,6973,20964,7641,4708,31174,3022,0,6973,0,0,0
2022-05-30,port183,Buenaventura,4,3,25985,1830,0,25117,0,0,868,0,1830,0,0,0
2022-05-31,port183,Buenaventura,2,0,0,0,0,0,0,0,0,0,0,0,0,0
2022-06-01,port183,Buenaventura,6,4,41040,0,0,40442,0,0,598,0,0,0,0,0
2022-06-02,port183,Buenaventura,1,1,3245,0,0,3245,0,0,0,0,0,0,0,0
2022-06-03,port183,Buenaventura,2,0,18694,0,18694,0,0,0,0,0,0,0,0,0
2022-06-04,port183,Buenaventura,4,1,35495,0,0,6127,10200,13889,5277,0,0,0,0,0
2022-06-05,port183,Buenaventura,4,2,13863,1108,0,10489,1322,0,2050,0,1108,0,0,0
2022-06-06,port183,Buenaventura,1,0,35498,0,35498,0,0,0,0,0,0,0,0,0
2022-06-07,port183,Buenaventura,3,0,60080,650,54575,0,0,5504,0,0,0,0,650,0
2022-06-08,port183,Buenaventura,4,2,50151,0,18203,26574,0,5373,0,0,0,0,0,0
2022-06-09,port183,Buenaventura,3,1,29102,0,0,27782,0,0,1319,0,0,0,0,0
2022-06-10,port183,Buenaventura,2,2,11121,4658,0,11121,0,0,0,0,4658,0,0,0
2022-06-11,port183,Buenaventura,5,2,89224,311,49840,34206,0,5176,0,0,0,0,311,0
2022-06-12,port183,Buenaventura,6,3,79083,26938,54605,11180,0,13298,0,0,26938,0,0,0
2022-06-13,port183,Buenaventura,3,2,10814,6482,5239,5575,0,0,0,0,6482,0,0,0
2022-06-14,port183,Buenaventura,2,1,10825,0,3293,7531,0,0,0,0,0,0,0,0
2022-06-15,port183,Buenaventura,3,2,10208,0,0,10208,0,0,0,0,0,0,0,0
2022-06-16,port183,Buenaventura,1,1,0,1385,0,0,0,0,0,0,1385,0,0,0
2022-06-17,port183,Buenaventura,2,1,1444,0,0,543,0,901,0,0,0,0,0,0
2022-06-18,port183,Buenaventura,2,1,59377,0,53269,6107,0,0,0,0,0,0,0,0
2022-06-19,port183,Buenaventura,4,2,47273,607,33796,7889,5588,0,0,0,0,607,0,0
2022-06-20,port183,Buenaventura,2,1,7811,3105,7811,0,0,0,0,0,3105,0,0,0
2022-06-21,port183,Buenaventura,3,2,10399,29556,0,10399,0,0,0,29556,0,0,0,0
2022-06-22,port183,Buenaventura,4,2,12908,321,0,7966,4942,0,0,0,321,0,0,0
2022-06-23,port183,Buenaventura,2,0,5238,0,5238,0,0,0,0,0,0,0,0,0
2022-06-24,port183,Buenaventura,3,2,42569,0,0,10313,0,32256,0,0,0,0,0,0
2022-06-25,port183,Buenaventura,2,0,29252,0,29252,0,0,0,0,0,0,0,0,0
2022-06-26,port183,Buenaventura,2,1,989,3938,0,0,0,0,989,0,3871,0,0,66
2022-06-27,port183,Buenaventura,6,2,81282,5863,70658,10624,0,0,0,5254,609,0,0,0
2022-06-28,port183,Buenaventura,2,1,8823,0,0,5562,0,0,3261,0,0,0,0,0
2022-06-29,port183,Buenaventura,3,2,19530,0,0,18827,0,703,0,0,0,0,0,0
2022-06-30,port183,Buenaventura,7,2,62926,0,30568,26577,3101,2678,0,0,0,0,0,0
2022-07-01,port183,Buenaventura,2,1,13403,2262,0,13403,0,0,0,0,0,0,0,2262
2022-07-02,port183,Buenaventura,2,1,60832,0,49849,10983,0,0,0,0,0,0,0,0
2022-07-03,port183,Buenaventura,4,1,9384,0,0,4664,4719,0,0,0,0,0,0,0
2022-07-04,port183,Buenaventura,2,1,2690,1229,0,2690,0,0,0,0,0,0,1229,0
2022-07-05,port183,Buenaventura,2,2,23302,0,0,23302,0,0,0,0,0,0,0,0
2022-07-06,port183,Buenaventura,3,0,54885,0,51794,0,0,3090,0,0,0,0,0,0
2022-07-07,port183,Buenaventura,6,2,66594,0,54535,11033,0,0,1025,0,0,0,0,0
2022-07-08,port183,Buenaventura,3,0,80656,0,79111,0,0,0,1544,0,0,0,0,0
2022-07-09,port183,Buenaventura,4,2,63092,9763,50208,12884,0,0,0,8141,1622,0,0,0
2022-07-10,port183,Buenaventura,3,2,7953,1622,0,5575,0,0,2378,0,1622,0,0,0
2022-07-11,port183,Buenaventura,1,1,4304,0,0,4304,0,0,0,0,0,0,0,0
2022-07-12,port183,Buenaventura,2,0,43865,0,43865,0,0,0,0,0,0,0,0,0
2022-07-13,port183,Buenaventura,4,3,29661,0,0,29661,0,0,0,0,0,0,0,0
2022-07-14,port183,Buenaventura,1,1,3656,0,0,3656,0,0,0,0,0,0,0,0
2022-07-15,port183,Buenaventura,3,1,31452,2662,31452,0,0,0,0,0,2662,0,0,0
2022-07-16,port183,Buenaventura,2,0,23203,0,23203,0,0,0,0,0,0,0,0,0
2022-07-17,port183,Buenaventura,3,2,54321,1622,47183,7137,0,0,0,0,1622,0,0,0
2022-07-18,port183,Buenaventura,3,1,61027,0,56833,4194,0,0,0,0,0,0,0,0
2022-07-19,port183,Buenaventura,2,1,37983,0,37343,640,0,0,0,0,0,0,0,0
2022-07-20,port183,Buenaventura,4,2,46853,0,0,24095,17471,5285,0,0,0,0,0,0
2022-07-21,port183,Buenaventura,2,2,39508,3664,0,39508,0,0,0,0,3664,0,0,0
2022-07-22,port183,Buenaventura,1,0,1977,0,0,0,0,1977,0,0,0,0,0,0
2022-07-23,port183,Buenaventura,2,1,3467,21949,0,0,3467,0,0,0,21949,0,0,0
2022-07-24,port183,Buenaventura,6,3,17081,1622,0,13904,0,1408,1768,0,1622,0,0,0
2022-07-25,port183,Buenaventura,4,2,28383,0,0,28383,0,0,0,0,0,0,0,0
2022-07-26,port183,Buenaventura,3,2,7818,0,0,7818,0,0,0,0,0,0,0,0
2022-07-27,port183,Buenaventura,3,3,39033,0,0,39033,0,0,0,0,0,0,0,0
2022-07-28,port183,Buenaventura,4,1,40965,0,13300,19972,0,7692,0,0,0,0,0,0
2022-07-29,port183,Buenaventura,3,2,12285,0,0,12285,0,0,0,0,0,0,0,0
2022-07-30,port183,Buenaventura,6,1,64175,2931,41561,4372,0,17372,868,2931,0,0,0,0
2022-07-31,port183,Buenaventura,3,3,10651,6264,0,10651,0,0,0,0,6264,0,0,0
2022-08-01,port183,Buenaventura,2,1,53088,3314,53088,0,0,0,0,0,3314,0,0,0
2022-08-02,port183,Buenaventura,3,2,31560,0,9278,22281,0,0,0,0,0,0,0,0
2022-08-03,port183,Buenaventura,4,4,22809,1942,0,22809,0,0,0,0,1942,0,0,0
2022-08-04,port183,Buenaventura,2,0,106297,0,106297,0,0,0,0,0,0,0,0,0
2022-08-05,port183,Buenaventura,5,2,8676,11003,5745,0,0,1942,989,0,10937,0,0,66
2022-08-06,port183,Buenaventura,0,0,0,0,0,0,0,0,0,0,0,0,0,0
2022-08-07,port183,Buenaventura,2,1,0,6228,0,0,0,0,0,0,6228,0,0,0
2022-08-08,port183,Buenaventura,2,1,34240,891,34240,0,0,0,0,0,891,0,0,0
2022-08-09,port183,Buenaventura,5,2,49617,0,35945,9673,3997,0,0,0,0,0,0,0
2022-08-10,port183,Buenaventura,3,0,23050,0,20715,0,0,2334,0,0,0,0,0,0
2022-08-11,port183,Buenaventura,2,2,26675,0,0,26675,0,0,0,0,0,0,0,0
2022-08-12,port183,Buenaventura,1,0,0,1264,0,0,0,0,0,0,0,0,1264,0
2022-08-13,port183,Buenaventura,2,1,25550,0,0,25550,0,0,0,0,0,0,0,0
2022-08-14,port183,Buenaventura,3,1,13485,1622,7909,5575,0,0,0,0,1622,0,0,0
2022-08-15,port183,Buenaventura,3,2,4691,10878,0,4691,0,0,0,0,10878,0,0,0
2022-08-16,port183,Buenaventura,7,6,28975,8038,0,26655,0,2320,0,0,8038,0,0,0
2022-08-17,port183,Buenaventura,4,2,14818,0,0,14818,0,0,0,0,0,0,0,0
2022-08-18,port183,Buenaventura,5,3,36359,1622,23833,12526,0,0,0,0,1622,0,0,0
2022-08-19,port183,Buenaventura,4,2,12333,0,0,12333,0,0,0,0,0,0,0,0
2022-08-20,port183,Buenaventura,2,1,15234,0,12772,2462,0,0,0,0,0,0,0,0
2022-08-21,port183,Buenaventura,3,3,0,5659,0,0,0,0,0,0,5659,0,0,0
2022-08-22,port183,Buenaventura,3,0,50856,52037,50856,0,0,0,0,52037,0,0,0,0
2022-08-23,port183,Buenaventura,3,1,58421,1622,52845,5575,0,0,0,0,1622,0,0,0
2022-08-24,port183,Buenaventura,3,2,50208,0,36598,13610,0,0,0,0,0,0,0,0
2022-08-25,port183,Buenaventura,3,1,19163,10967,1937,17225,0,0,0,10967,0,0,0,0
2022-08-26,port183,Buenaventura,3,1,8568,0,7581,986,0,0,0,0,0,0,0,0
2022-08-27,port183,Buenaventura,0,0,0,0,0,0,0,0,0,0,0,0,0,0
2022-08-28,port183,Buenaventura,4,4,19268,7648,0,19268,0,0,0,0,7648,0,0,0
2022-08-29,port183,Buenaventura,5,3,27565,0,3474,24091,0,0,0,0,0,0,0,0
2022-08-30,port183,Buenaventura,4,2,56576,0,32445,23692,0,438,0,0,0,0,0,0
2022-08-31,port183,Buenaventura,5,2,57988,0,29088,28899,0,0,0,0,0,0,0,0
2022-09-01,port183,Buenaventura,4,0,33809,2931,33809,0,0,0,0,2931,0,0,0,0
2022-09-02,port183,Buenaventura,4,1,59056,0,51125,1586,4719,1624,0,0,0,0,0,0
2022-09-03,port183,Buenaventura,3,3,25404,0,0,25404,0,0,0,0,0,0,0,0
2022-09-04,port183,Buenaventura,4,2,4192,15794,0,3278,0,913,0,14532,1262,0,0,0
2022-09-05,port183,Buenaventura,5,2,85494,0,61294,22609,1590,0,0,0,0,0,0,0
2022-09-06,port183,Buenaventura,2,0,0,0,0,0,0,0,0,0,0,0,0,0
2022-09-07,port183,Buenaventura,6,2,102402,9423,50283,31924,0,20195,0,9423,0,0,0,0
2022-09-08,port183,Buenaventura,1,0,1025,0,0,0,0,0,1025,0,0,0,0,0
2022-09-09,port183,Buenaventura,3,2,19129,3749,0,10169,0,8959,0,0,3749,0,0,0
2022-09-10,port183,Buenaventura,2,2,5575,12696,0,5575,0,0,0,0,12696,0,0,0
2022-09-11,port183,Buenaventura,3,2,9925,1622,0,9925,0,0,0,0,1622,0,0,0
2022-09-12,port183,Buenaventura,5,1,22818,11023,22049,769,0,0,0,11023,0,0,0,0
2022-09-13,port183,Buenaventura,2,2,8276,1622,0,8276,0,0,0,0,1622,0,0,0
2022-09-14,port183,Buenaventura,6,4,85671,330,52847,16574,0,16249,0,0,330,0,0,0
2022-09-15,port183,Buenaventura,4,1,10368,674,0,2189,5588,1601,989,0,0,607,0,66
2022-09-16,port183,Buenaventura,2,1,30178,2191,0,0,0,30178,0,0,2191,0,0,0
2022-09-17,port183,Buenaventura,3,1,17647,0,0,12993,4090,0,563,0,0,0,0,0
2022-09-18,port183,Buenaventura,1,1,5575,1622,0,5575,0,0,0,0,1622,0,0,0
2022-09-19,port183,Buenaventura,6,2,66915,66,61553,4372,0,0,989,0,0,0,0,66
2022-09-20,port183,Buenaventura,1,0,34199,0,34199,0,0,0,0,0,0,0,0,0
2022-09-21,port183,Buenaventura,4,2,20457,0,5209,9293,5954,0,0,0,0,0,0,0
2022-09-22,port183,Buenaventura,1,1,5575,1622,0,5575,0,0,0,0,1622,0,0,0
2022-09-23,port183,Buenaventura,4,2,2256,34108,0,0,0,0,2256,0,5501,0,28606,0
2022-09-24,port183,Buenaventura,3,1,8199,3688,0,3553,0,4645,0,3688,0,0,0,0
2022-09-25,port183,Buenaventura,2,0,5588,607,0,0,5588,0,0,0,0,607,0,0
2022-09-26,port183,Buenaventura,4,1,68697,607,41749,5424,5588,15935,0,0,0,607,0,0
2022-09-27,port183,Buenaventura,3,2,57677,4264,52101,5575,0,0,0,0,4264,0,0,0
2022-09-28,port183,Buenaventura,4,3,21442,0,0,21058,0,383,0,0,0,0,0,0
2022-09-29,port183,Buenaventura,3,0,8781,28883,0,0,8781,0,0,28883,0,0,0,0
2022-09-30,port183,Buenaventura,5,3,45343,3099,0,25252,20090,0,0,0,3099,0,0,0
2022-10-01,port183,Buenaventura,2,2,11982,0,0,11982,0,0,0,0,0,0,0,0
2022-10-02,port183,Buenaventura,2,0,0,18096,0,0,0,0,0,0,0,0,18096,0
2022-10-03,port183,Buenaventura,4,4,11359,4719,0,11359,0,0,0,0,4719,0,0,0
2022-10-04,port183,Buenaventura,6,2,131559,0,126851,4708,0,0,0,0,0,0,0,0
2022-10-05,port183,Buenaventura,2,1,7703,0,0,7703,0,0,0,0,0,0,0,0
2022-10-06,port183,Buenaventura,1,1,22157,0,0,22157,0,0,0,0,0,0,0,0
2022-10-07,port183,Buenaventura,6,3,13492,0,1050,12442,0,0,0,0,0,0,0,0
2022-10-08,port183,Buenaventura,3,1,58591,6752,58591,0,0,0,0,0,6752,0,0,0
2022-10-09,port183,Buenaventura,3,3,14038,16427,0,14038,0,0,0,0,16427,0,0,0
2022-10-10,port183,Buenaventura,2,1,2389,5381,0,0,0,0,2389,0,5381,0,0,0
2022-10-11,port183,Buenaventura,4,2,59602,1960,51068,3029,0,5504,0,0,1309,0,650,0
2022-10-12,port183,Buenaventura,4,3,67040,0,31805,35235,0,0,0,0,0,0,0,0
2022-10-13,port183,Buenaventura,3,1,9080,0,0,4174,693,4212,0,0,0,0,0,0
2022-10-14,port183,Buenaventura,3,2,40592,0,36879,3713,0,0,0,0,0,0,0,0
2022-10-15,port183,Buenaventura,1,1,28706,0,0,28706,0,0,0,0,0,0,0,0
2022-10-16,port183,Buenaventura,6,4,29986,10139,527,27645,0,1813,0,0,10139,0,0,0
2022-10-17,port183,Buenaventura,3,0,6449,4910,1107,0,5342,0,0,0,0,4910,0,0
2022-10-18,port183,Buenaventura,2,2,2262,0,0,2262,0,0,0,0,0,0,0,0
2022-10-19,port183,Buenaventura,3,1,11282,51964,0,8718,0,0,2563,51964,0,0,0,0
2022-10-20,port183,Buenaventura,4,2,17921,0,0,12965,0,4955,0,0,0,0,0,0
2022-10-21,port183,Buenaventura,3,1,98070,0,90768,7301,0,0,0,0,0,0,0,0
2022-10-22,port183,Buenaventura,1,0,0,0,0,0,0,0,0,0,0,0,0,0
2022-10-23,port183,Buenaventura,3,2,12086,4451,0,12086,0,0,0,0,4451,0,0,0
2022-10-24,port183,Buenaventura,5,3,71125,2410,64002,7122,0,0,0,0,2410,0,0,0
2022-10-25,port183,Buenaventura,5,2,46189,0,43357,2831,0,0,0,0,0,0,0,0
2022-10-26,port183,Buenaventura,3,2,29419,4763,0,24548,4870,0,0,0,4763,0,0,0
2022-10-27,port183,Buenaventura,3,1,20653,4168,20653,0,0,0,0,2931,1237,0,0,0
2022-10-28,port183,Buenaventura,3,3,4031,3859,0,4031,0,0,0,0,3859,0,0,0
2022-10-29,port183,Buenaventura,3,0,18831,607,13243,0,5588,0,0,0,0,607,0,0
2022-10-30,port183,Buenaventura,2,0,4713,503,0,0,0,4713,0,0,0,0,503,0
2022-10-31,port183,Buenaventura,5,3,19823,0,0,16387,3435,0,0,0,0,0,0,0
2022-11-01,port183,Buenaventura,3,2,9714,12305,0,9714,0,0,0,0,945,0,11360,0
2022-11-02,port183,Buenaventura,4,1,989,6159,0,0,0,0,989,6092,0,0,0,66
2022-11-03,port183,Buenaventura,1,0,0,0,0,0,0,0,0,0,0,0,0,0
2022-11-04,port183,Buenaventura,2,1,25997,0,16306,9691,0,0,0,0,0,0,0,0
2022-11-05,port183,Buenaventura,3,1,11842,77414,0,11842,0,0,0,77414,0,0,0,0
2022-11-06,port183,Buenaventura,0,0,0,0,0,0,0,0,0,0,0,0,0,0
2022-11-07,port183,Buenaventura,6,4,29279,4350,13693,15586,0,0,0,0,2742,0,1607,0
2022-11-08,port183,Buenaventura,4,1,55690,4553,47349,5575,0,0,2766,2931,1622,0,0,0
2022-11-09,port183,Buenaventura,4,2,65075,3035,51615,6031,7429,0,0,0,3035,0,0,0
2022-11-10,port183,Buenaventura,1,0,16560,0,16560,0,0,0,0,0,0,0,0,0
2022-11-11,port183,Buenaventura,2,1,16932,3518,16932,0,0,0,0,0,3518,0,0,0
2022-11-12,port183,Buenaventura,3,2,22103,0,0,22103,0,0,0,0,0,0,0,0
2022-11-13,port183,Buenaventura,4,2,16498,2202,0,10993,0,5504,0,0,1552,0,650,0
2022-11-14,port183,Buenaventura,6,3,57007,48840,37088,14414,0,5504,0,41758,6431,0,650,0
2022-11-15,port183,Buenaventura,5,3,25857,66,0,12261,0,12607,989,0,0,0,0,66
2022-11-16,port183,Buenaventura,4,2,69716,2931,55658,14058,0,0,0,2931,0,0,0,0
2022-11-17,port183,Buenaventura,1,1,15733,0,0,15733,0,0,0,0,0,0,0,0
2022-11-18,port183,Buenaventura,3,2,14144,9997,7940,6203,0,0,0,0,9997,0,0,0
2022-11-19,port183,Buenaventura,3,1,51158,5344,35443,0,15714,0,0,0,5344,0,0,0
2022-11-20,port183,Buenaventura,4,3,16578,1622,0,16578,0,0,0,0,1622,0,0,0
2022-11-21,port183,Buenaventura,4,2,48781,4553,41032,7748,0,0,0,2931,1622,0,0,0
2022-11-22,port183,Buenaventura,3,3,2037,662,0,2037,0,0,0,0,662,0,0,0
2022-11-23,port183,Buenaventura,2,1,14806,0,0,14806,0,0,0,0,0,0,0,0
2022-11-24,port183,Buenaventura,1,0,0,0,0,0,0,0,0,0,0,0,0,0
2022-11-25,port183,Buenaventura,3,3,4928,6606,0,4928,0,0,0,0,6606,0,0,0
2022-11-26,port183,Buenaventura,3,2,17426,0,0,17426,0,0,0,0,0,0,0,0
2022-11-27,port183,Buenaventura,1,0,0,25525,0,0,0,0,0,25525,0,0,0,0
2022-11-28,port183,Buenaventura,7,5,57177,56572,43023,9144,0,5009,0,0,56572,0,0,0
2022-11-29,port183,Buenaventura,2,0,8308,607,2720,0,5588,0,0,0,0,607,0,0
2022-11-30,port183,Buenaventura,4,1,11085,0,1170,9915,0,0,0,0,0,0,0,0
2022-12-01,port183,Buenaventura,1,1,25226,0,0,25226,0,0,0,0,0,0,0,0
2022-12-02,port183,Buenaventura,3,2,3455,1222,0,3455,0,0,0,0,1222,0,0,0
2022-12-03,port183,Buenaventura,4,1,27177,0,17488,9689,0,0,0,0,0,0,0,0
2022-12-04,port183,Buenaventura,5,3,42736,1338,11631,13100,0,18003,0,0,1338,0,0,0
2022-12-05,port183,Buenaventura,2,1,29879,0,0,16110,0,13768,0,0,0,0,0,0
2022-12-06,port183,Buenaventura,5,4,21234,985,3443,17790,0,0,0,0,985,0,0,0
2022-12-07,port183,Buenaventura,6,2,76893,0,51466,25427,0,0,0,0,0,0,0,0
2022-12-08,port183,Buenaventura,5,1,89710,0,85297,4413,0,0,0,0,0,0,0,0
2022-12-09,port183,Buenaventura,2,2,0,8576,0,0,0,0,0,0,8576,0,0,0
2022-12-10,port183,Buenaventura,3,2,9155,0,0,6016,0,0,3138,0,0,0,0,0
2022-12-11,port183,Buenaventura,9,2,64377,2426,53735,9185,1456,0,0,0,0,2426,0,0
2022-12-12,port183,Buenaventura,2,0,3006,764,0,0,3006,0,0,0,0,0,764,0
2022-12-13,port183,Buenaventura,4,2,53630,12830,53630,0,0,0,0,11599,1230,0,0,0
2022-12-14,port183,Buenaventura,4,3,13120,0,0,10887,0,0,2233,0,0,0,0,0
2022-12-15,port183,Buenaventura,4,2,35876,0,13402,14272,8201,0,0,0,0,0,0,0
2022-12-16,port183,Buenaventura,2,1,2122,1560,0,2122,0,0,0,1560,0,0,0,0
2022-12-17,port183,Buenaventura,2,1,14105,0,0,14105,0,0,0,0,0,0,0,0
2022-12-18,port183,Buenaventura,5,3,73521,777,61213,12308,0,0,0,0,777,0,0,0
2022-12-19,port183,Buenaventura,4,3,1803,1056,0,1803,0,0,0,0,1056,0,0,0
2022-12-20,port183,Buenaventura,4,3,12145,22989,0,12145,0,0,0,9257,13732,0,0,0
2022-12-21,port183,Buenaventura,2,2,14097,0,0,14097,0,0,0,0,0,0,0,0
2022-12-22,port183,Buenaventura,3,0,33844,74475,32855,0,0,0,989,74408,0,0,0,66
2022-12-23,port183,Buenaventura,1,0,0,2782,0,0,0,0,0,2782,0,0,0,0
2022-12-24,port183,Buenaventura,5,2,14678,5047,485,12909,0,1284,0,0,5047,0,0,0
2022-12-25,port183,Buenaventura,3,2,10390,3112,0,6098,0,4292,0,0,3112,0,0,0
2022-12-26,port183,Buenaventura,5,4,11075,1511,0,9221,0,1854,0,0,1511,0,0,0
2022-12-27,port183,Buenaventura,5,2,15102,6454,8537,5575,0,0,989,0,6387,0,0,66
2022-12-28,port183,Buenaventura,5,2,55692,4553,49029,6662,0,0,0,2931,1622,0,0,0
2022-12-29,port183,Buenaventura,1,1,0,2186,0,0,0,0,0,0,2186,0,0,0
2022-12-30,port183,Buenaventura,5,0,40992,16345,40992,0,0,0,0,12184,0,4161,0,0
2022-12-31,port183,Buenaventura,1,1,0,9924,0,0,0,0,0,0,9924,0,0,0
2023-01-01,port183,Buenaventura,3,3,18554,3244,0,18554,0,0,0,0,3244,0,0,0
2023-01-02,port183,Buenaventura,2,1,22547,0,0,5497,17050,0,0,0,0,0,0,0
2023-01-03,port183,Buenaventura,2,2,26934,3007,0,26934,0,0,0,0,3007,0,0,0
2023-01-04,port183,Buenaventura,7,3,21766,2656,0,7032,14733,0,0,1097,1558,0,0,0
2023-01-05,port183,Buenaventura,4,1,37934,0,26762,10544,0,626,0,0,0,0,0,0
2023-01-06,port183,Buenaventura,5,2,47060,3714,37615,4645,4799,0,0,0,3714,0,0,0
2023-01-07,port183,Buenaventura,3,1,6772,1622,0,5575,0,0,1197,0,1622,0,0,0
2023-01-08,port183,Buenaventura,4,2,40953,13323,30721,10231,0,0,0,11701,1622,0,0,0
2023-01-09,port183,Buenaventura,5,3,24440,1622,0,24440,0,0,0,0,1622,0,0,0
2023-01-10,port183,Buenaventura,3,1,7691,318,2951,0,4740,0,0,0,318,0,0,0
2023-01-11,port183,Buenaventura,3,2,38183,0,9985,28198,0,0,0,0,0,0,0,0
2023-01-12,port183,Buenaventura,3,1,17892,0,7150,8183,0,0,2559,0,0,0,0,0
2023-01-13,port183,Buenaventura,3,1,27220,1550,26835,0,0,385,0,0,1550,0,0,0
2023-01-14,port183,Buenaventura,0,0,0,0,0,0,0,0,0,0,0,0,0,0
2023-01-15,port183,Buenaventura,7,5,53491,11617,39552,13938,0,0,0,0,11617,0,0,0
2023-01-16,port183,Buenaventura,1,0,868,0,0,0,0,0,868,0,0,0,0,0
2023-01-17,port183,Buenaventura,1,1,5575,1622,0,5575,0,0,0,0,1622,0,0,0
2023-01-18,port183,Buenaventura,3,2,18866,7599,0,330,0,18536,0,0,7599,0,0,0
2023-01-19,port183,Buenaventura,1,1,8812,0,0,8812,0,0,0,0,0,0,0,0
2023-01-20,port183,Buenaventura,2,1,1677,6668,1677,0,0,0,0,0,6668,0,0,0
2023-01-21,port183,Buenaventura,1,1,0,6853,0,0,0,0,0,0,6853,0,0,0
2023-01-22,port183,Buenaventura,2,2,6354,0,0,6354,0,0,0,0,0,0,0,0
2023-01-23,port183,Buenaventura,3,2,1208,2509,0,1208,0,0,0,0,2509,0,0,0
2023-01-24,port183,Buenaventura,4,2,23965,1622,14212,9752,0,0,0,0,1622,0,0,0
2023-01-25,port183,Buenaventura,0,0,0,0,0,0,0,0,0,0,0,0,0,0
2023-01-26,port183,Buenaventura,3,1,14827,650,0,9323,0,5504,0,0,0,0,650,0
2023-01-27,port183,Buenaventura,5,1,62109,5916,62109,0,0,0,0,0,5916,0,0,0
2023-01-28,port183,Buenaventura,3,1,21543,1622,12808,5575,0,0,3160,0,1622,0,0,0
2023-01-29,port183,Buenaventura,4,4,9409,3068,0,9409,0,0,0,0,3068,0,0,0
2023-01-30,port183,Buenaventura,4,2,26286,1622,0,26286,0,0,0,0,1622,0,0,0
2023-01-31,port183,Buenaventura,5,3,17238,4226,583,11150,0,5504,0,0,3575,0,650,0
2023-02-01,port183,Buenaventura,3,1,4808,4510,0,0,3623,0,1185,0,4510,0,0,0
2023-02-02,port183,Buenaventura,2,0,0,11733,0,0,0,0,0,0,0,0,11733,0
2023-02-03,port183,Buenaventura,1,0,0,40850,0,0,0,0,0,40850,0,0,0,0
2023-02-04,port183,Buenaventura,4,3,24364,1592,6262,18102,0,0,0,0,1592,0,0,0
2023-02-05,port183,Buenaventura,7,5,68011,14575,58557,9453,0,0,0,0,14575,0,0,0
2023-02-06,port183,Buenaventura,5,2,95124,2762,84044,5575,0,5504,0,0,2111,0,650,0
2023-02-07,port183,Buenaventura,3,2,24000,0,0,20229,3770,0,0,0,0,0,0,0
2023-02-08,port183,Buenaventura,3,2,27242,7846,20653,6588,0,0,0,2931,4914,0,0,0
2023-02-09,port183,Buenaventura,3,2,33791,6525,25022,8768,0,0,0,0,6525,0,0,0
2023-02-10,port183,Buenaventura,1,1,0,4493,0,0,0,0,0,0,4493,0,0,0
2023-02-11,port183,Buenaventura,3,1,30490,650,17968,7018,0,5504,0,0,0,0,650,0
2023-02-12,port183,Buenaventura,5,4,40518,2856,28426,12091,0,0,0,0,2856,0,0,0
2023-02-13,port183,Buenaventura,7,4,22884,4856,0,4594,0,17777,512,1119,3736,0,0,0
2023-02-14,port183,Buenaventura,4,2,8376,1952,0,5575,0,0,2801,0,1952,0,0,0
2023-02-15,port183,Buenaventura,5,2,23610,1201,18068,5541,0,0,0,0,1201,0,0,0
2023-02-16,port183,Buenaventura,5,3,57979,8249,50323,2150,0,5504,0,0,7598,0,650,0
2023-02-17,port183,Buenaventura,3,0,43212,12643,43212,0,0,0,0,12643,0,0,0,0
2023-02-18,port183,Buenaventura,3,0,38445,0,38445,0,0,0,0,0,0,0,0,0
2023-02-19,port183,Buenaventura,5,3,46895,3098,40623,6272,0,0,0,0,3098,0,0,0
2023-02-20,port183,Buenaventura,4,4,15113,8978,0,15113,0,0,0,0,8978,0,0,0
2023-02-21,port183,Buenaventura,5,2,6175,1285,0,671,0,5504,0,0,634,0,650,0
2023-02-22,port183,Buenaventura,4,3,9802,11980,2419,7382,0,0,0,0,11980,0,0,0
2023-02-23,port183,Buenaventura,1,1,5575,1622,0,5575,0,0,0,0,1622,0,0,0
2023-02-24,port183,Buenaventura,1,0,18237,0,0,0,18237,0,0,0,0,0,0,0
2023-02-25,port183,Buenaventura,3,1,3287,12010,0,3287,0,0,0,0,0,0,12010,0
2023-02-26,port183,Buenaventura,4,1,15238,23299,7906,7332,0,0,0,23299,0,0,0,0
2023-02-27,port183,Buenaventura,4,3,20573,11435,8119,12453,0,0,0,0,11435,0,0,0
2023-02-28,port183,Buenaventura,2,1,5588,2118,0,0,5588,0,0,0,1510,607,0,0
2023-03-01,port183,Buenaventura,6,4,58640,9386,53031,5609,0,0,0,0,5418,0,3968,0
2023-03-02,port183,Buenaventura,2,1,27300,1622,21724,5575,0,0,0,0,1622,0,0,0
2023-03-03,port183,Buenaventura,4,0,68284,0,53876,0,958,13449,0,0,0,0,0,0
2023-03-04,port183,Buenaventura,2,1,3695,73556,0,3695,0,0,0,73556,0,0,0,0
2023-03-05,port183,Buenaventura,6,3,66374,4851,54998,5575,3059,2741,0,0,4851,0,0,0
2023-03-06,port183,Buenaventura,2,1,19639,1807,0,0,0,19639,0,0,1807,0,0,0
2023-03-07,port183,Buenaventura,3,1,14055,650,0,8550,0,5504,0,0,0,0,650,0
2023-03-08,port183,Buenaventura,6,4,57857,319,24638,29205,0,4013,0,0,319,0,0,0
2023-03-09,port183,Buenaventura,0,0,0,0,0,0,0,0,0,0,0,0,0,0
2023-03-10,port183,Buenaventura,3,0,10719,66,6229,0,3500,0,989,0,0,0,0,66
2023-03-11,port183,Buenaventura,3,2,4494,3305,0,526,0,3968,0,0,3305,0,0,0
2023-03-12,port183,Buenaventura,4,3,12902,1622,0,12902,0,0,0,0,1622,0,0,0
2023-03-13,port183,Buenaventura,4,2,60447,1622,41554,18893,0,0,0,0,1622,0,0,0
2023-03-14,port183,Buenaventura,4,1,2779,44385,1669,0,0,0,1110,43623,761,0,0,0
2023-03-15,port183,Buenaventura,4,2,34927,2931,20653,14274,0,0,0,2931,0,0,0,0
2023-03-16,port183,Buenaventura,6,3,35528,18067,24298,10240,0,0,989,0,13357,0,4642,66
2023-03-17,port183,Buenaventura,2,1,35746,0,31984,3761,0,0,0,0,0,0,0,0
2023-03-18,port183,Buenaventura,3,0,75606,0,58062,0,0,17544,0,0,0,0,0,0
2023-03-19,port183,Buenaventura,3,3,7987,1949,0,7987,0,0,0,0,1949,0,0,0
2023-03-20,port183,Buenaventura,6,3,80996,1951,55927,25068,0,0,0,0,1951,0,0,0
2023-03-21,port183,Buenaventura,3,0,12050,57046,12050,0,0,0,0,57046,0,0,0,0
2023-03-22,port183,Buenaventura,5,3,14355,6429,0,9984,0,0,4371,0,6429,0,0,0
2023-03-23,port183,Buenaventura,3,2,5864,7286,0,5864,0,0,0,0,2643,0,4642,0
2023-03-24,port183,Buenaventura,2,0,7620,650,2115,0,0,5504,0,0,0,0,650,0
2023-03-25,port183,Buenaventura,5,4,52978,5524,23926,29051,0,0,0,0,5524,0,0,0
2023-03-26,port183,Buenaventura,5,3,37506,7045,29851,0,0,7655,0,0,7045,0,0,0
2023-03-27,port183,Buenaventura,2,1,22535,962,22535,0,0,0,0,0,962,0,0,0
2023-03-28,port183,Buenaventura,6,2,72324,6434,59004,12804,0,0,515,0,1622,0,4812,0
2023-03-29,port183,Buenaventura,5,1,28682,42374,0,1664,19698,4184,3134,42374,0,0,0,0
2023-03-30,port183,Buenaventura,3,2,19021,769,0,19021,0,0,0,0,0,0,769,0
2023-03-31,port183,Buenaventura,1,1,0,2687,0,0,0,0,0,0,2687,0,0,0
2023-04-01,port183,Buenaventura,4,1,47955,0,33558,1234,13162,0,0,0,0,0,0,0
2023-04-02,port183,Buenaventura,4,2,31788,8858,20653,11135,0,0,0,2931,1622,0,4305,0
2023-04-03,port183,Buenaventura,3,2,22349,0,7624,14725,0,0,0,0,0,0,0,0
2023-04-04,port183,Buenaventura,7,2,105123,17034,100604,4518,0,0,0,17034,0,0,0,0
2023-04-05,port183,Buenaventura,4,3,11894,1939,0,11894,0,0,0,0,1939,0,0,0
2023-04-06,port183,Buenaventura,3,2,12837,500,0,12837,0,0,0,0,500,0,0,0
2023-04-07,port183,Buenaventura,1,0,0,4136,0,0,0,0,0,0,0,0,4136,0
2023-04-08,port183,Buenaventura,4,3,16946,7835,0,15957,0,0,989,0,7768,0,0,66
2023-04-09,port183,Buenaventura,5,0,92414,3435,87701,0,0,4713,0,2931,0,0,503,0
2023-04-10,port183,Buenaventura,6,3,87645,1622,69684,17960,0,0,0,0,1622,0,0,0
2023-04-11,port183,Buenaventura,3,1,57522,1622,50376,5575,0,1570,0,0,1622,0,0,0
2023-04-12,port183,Buenaventura,5,3,27146,2660,10193,11448,0,5504,0,0,2009,0,650,0
2023-04-13,port183,Buenaventura,4,2,44912,8782,25619,19293,0,0,0,2931,5851,0,0,0
2023-04-14,port183,Buenaventura,3,2,0,2106,0,0,0,0,0,472,1634,0,0,0
2023-04-15,port183,Buenaventura,2,1,48450,0,34725,13724,0,0,0,0,0,0,0,0
2023-04-16,port183,Buenaventura,3,2,3713,4812,0,3713,0,0,0,0,0,0,4812,0
2023-04-17,port183,Buenaventura,4,3,59844,0,47174,12670,0,0,0,0,0,0,0,0
2023-04-18,port183,Buenaventura,2,2,46405,0,0,46405,0,0,0,0,0,0,0,0
2023-04-19,port183,Buenaventura,5,3,28597,3544,23159,4448,0,0,989,0,3477,0,0,66
2023-04-20,port183,Buenaventura,4,2,60005,0,44291,14834,879,0,0,0,0,0,0,0
2023-04-21,port183,Buenaventura,4,0,66753,0,54692,0,0,12061,0,0,0,0,0,0
2023-04-22,port183,Buenaventura,1,0,9132,0,9132,0,0,0,0,0,0,0,0,0
2023-04-23,port183,Buenaventura,3,3,27143,1622,0,27143,0,0,0,0,1622,0,0,0
2023-04-24,port183,Buenaventura,1,1,3221,0,0,3221,0,0,0,0,0,0,0,0
2023-04-25,port183,Buenaventura,4,1,40009,0,27850,12159,0,0,0,0,0,0,0,0
2023-04-26,port183,Buenaventura,4,2,66511,4812,51900,14611,0,0,0,0,0,0,4812,0
2023-04-27,port183,Buenaventura,4,2,79033,2521,77267,1766,0,0,0,0,2521,0,0,0
2023-04-28,port183,Buenaventura,1,1,2483,0,0,2483,0,0,0,0,0,0,0,0
2023-04-29,port183,Buenaventura,2,0,7865,0,6997,0,0,0,868,0,0,0,0,0
2023-04-30,port183,Buenaventura,5,3,50630,1622,19355,13470,0,17804,0,0,1622,0,0,0
2023-05-01,port183,Buenaventura,3,1,38450,0,36817,1632,0,0,0,0,0,0,0,0
2023-05-02,port183,Buenaventura,4,2,30925,491,548,24710,0,5666,0,0,491,0,0,0
2023-05-03,port183,Buenaventura,4,3,6934,4406,0,6934,0,0,0,0,4406,0,0,0
2023-05-04,port183,Buenaventura,9,4,94464,4878,48118,41896,3459,0,989,0,0,0,4812,66
2023-05-05,port183,Buenaventura,3,0,79922,0,79922,0,0,0,0,0,0,0,0,0
2023-05-06,port183,Buenaventura,5,0,45254,0,36386,0,8868,0,0,0,0,0,0,0
2023-05-07,port183,Buenaventura,2,2,5575,7685,0,5575,0,0,0,0,7685,0,0,0
2023-05-08,port183,Buenaventura,3,2,26995,1868,0,23358,0,3637,0,0,1868,0,0,0
2023-05-09,port183,Buenaventura,2,1,9693,0,8185,1507,0,0,0,0,0,0,0,0
2023-05-10,port183,Buenaventura,5,4,45017,1811,33504,11512,0,0,0,0,1811,0,0,0
2023-05-11,port183,Buenaventura,1,1,0,5015,0,0,0,0,0,0,5015,0,0,0
2023-05-12,port183,Buenaventura,4,2,22252,0,16431,5821,0,0,0,0,0,0,0,0
2023-05-13,port183,Buenaventura,4,1,0,17238,0,0,0,0,0,0,12256,0,4981,0
2023-05-14,port183,Buenaventura,5,3,31664,66,0,28715,0,1960,989,0,0,0,0,66
2023-05-15,port183,Buenaventura,7,3,69727,3115,66911,985,0,0,1830,0,3115,0,0,0
2023-05-16,port183,Buenaventura,5,2,35014,10510,28617,6397,0,0,0,10510,0,0,0,0
2023-05-17,port183,Buenaventura,3,3,20540,4883,0,20540,0,0,0,0,4883,0,0,0
2023-05-18,port183,Buenaventura,4,2,19295,0,0,13492,3968,0,1834,0,0,0,0,0
2023-05-19,port183,Buenaventura,3,0,33578,650,28074,0,0,5504,0,0,0,0,650,0
2023-05-20,port183,Buenaventura,1,0,1471,0,0,0,0,1471,0,0,0,0,0,0
2023-05-21,port183,Buenaventura,3,3,0,26438,0,0,0,0,0,0,26438,0,0,0
2023-05-22,port183,Buenaventura,7,3,44145,11193,37631,545,5969,0,0,0,11193,0,0,0
2023-05-23,port183,Buenaventura,2,2,4126,759,0,4126,0,0,0,0,759,0,0,0
2023-05-24,port183,Buenaventura,5,3,29530,0,14460,15069,0,0,0,0,0,0,0,0
2023-05-25,port183,Buenaventura,3,2,5575,7649,0,5575,0,0,0,0,7649,0,0,0
2023-05-26,port183,Buenaventura,3,1,0,4704,0,0,0,0,0,2408,2296,0,0,0
2023-05-27,port183,Buenaventura,3,2,29780,0,23162,6617,0,0,0,0,0,0,0,0
2023-05-28,port183,Buenaventura,7,3,50623,41002,45976,4647,0,0,0,20295,16401,0,4305,0
2023-05-29,port183,Buenaventura,4,2,13312,827,0,0,13312,0,0,0,827,0,0,0
2023-05-30,port183,Buenaventura,2,0,0,0,0,0,0,0,0,0,0,0,0,0
2023-05-31,port183,Buenaventura,3,1,66030,0,63804,2225,0,0,0,0,0,0,0,0
2023-06-01,port183,Buenaventura,5,2,99147,7460,75191,4661,0,19294,0,2931,4529,0,0,0
2023-06-02,port183,Buenaventura,2,2,10760,0,0,10760,0,0,0,0,0,0,0,0
2023-06-03,port183,Buenaventura,1,0,4691,0,0,0,0,0,4691,0,0,0,0,0
2023-06-04,port183,Buenaventura,4,3,25582,31354,0,25582,0,0,0,28628,2726,0,0,0
2023-06-05,port183,Buenaventura,6,4,36632,9445,18666,15725,0,2240,0,0,9445,0,0,0
2023-06-06,port183,Buenaventura,1,0,22419,0,22419,0,0,0,0,0,0,0,0,0
2023-06-07,port183,Buenaventura,5,2,28195,659,7187,18013,2993,0,0,0,659,0,0,0
2023-06-08,port183,Buenaventura,4,4,9498,2090,0,9498,0,0,0,0,2090,0,0,0
2023-06-09,port183,Buenaventura,4,2,107354,3244,96203,11150,0,0,0,0,3244,0,0,0
2023-06-10,port183,Buenaventura,4,3,12674,0,1927,10747,0,0,0,0,0,0,0,0
2023-06-11,port183,Buenaventura,4,3,6567,4632,0,6567,0,0,0,0,4632,0,0,0
2023-06-12,port183,Buenaventura,4,2,15693,1111,7959,5815,0,1917,0,0,1111,0,0,0
2023-06-13,port183,Buenaventura,2,2,317,684,0,317,0,0,0,0,684,0,0,0
2023-06-14,port183,Buenaventura,6,4,28252,9334,2932,22541,0,0,2778,0,9334,0,0,0
2023-06-15,port183,Buenaventura,3,1,1993,72967,0,1160,0,0,832,72967,0,0,0,0
2023-06-16,port183,Buenaventura,0,0,0,0,0,0,0,0,0,0,0,0,0,0
2023-06-17,port183,Buenaventura,0,0,0,0,0,0,0,0,0,0,0,0,0,0
2023-06-18,port183,Buenaventura,3,1,47414,5439,47414,0,0,0,0,0,5439,0,0,0
2023-06-19,port183,Buenaventura,4,3,24665,5024,0,7040,0,17624,0,0,5024,0,0,0
2023-06-20,port183,Buenaventura,4,2,33986,38344,20974,13011,0,0,0,36722,1622,0,0,0
2023-06-21,port183,Buenaventura,6,4,18618,14260,0,14807,3810,0,0,0,14260,0,0,0
2023-06-22,port183,Buenaventura,2,1,5861,0,0,5823,0,38,0,0,0,0,0,0
2023-06-23,port183,Buenaventura,2,1,3931,0,0,3931,0,0,0,0,0,0,0,0
2023-06-24,port183,Buenaventura,1,0,2061,0,0,0,0,0,2061,0,0,0,0,0
2023-06-25,port183,Buenaventura,4,2,16930,20164,0,10911,0,5504,514,0,19513,0,650,0
2023-06-26,port183,Buenaventura,7,5,65490,9379,59136,6353,0,0,0,1749,7630,0,0,0
2023-06-27,port183,Buenaventura,4,3,7617,52869,0,7617,0,0,0,51785,1084,0,0,0
2023-06-28,port183,Buenaventura,3,3,9037,0,0,9037,0,0,0,0,0,0,0,0
2023-06-29,port183,Buenaventura,2,0,20653,13372,20653,0,0,0,0,2931,0,0,10440,0
2023-06-30,port183,Buenaventura,2,1,8191,0,0,8191,0,0,0,0,0,0,0,0
2023-07-01,port183,Buenaventura,1,1,2647,0,0,2647,0,0,0,0,0,0,0,0
2023-07-02,port183,Buenaventura,3,2,19236,3164,13661,5575,0,0,0,0,3164,0,0,0
2023-07-03,port183,Buenaventura,6,5,11360,2740,0,11360,0,0,0,0,2740,0,0,0
2023-07-04,port183,Buenaventura,4,2,51206,2931,20653,17926,0,12626,0,2931,0,0,0,0
2023-07-05,port183,Buenaventura,6,3,38439,3433,20653,17786,0,0,0,2931,501,0,0,0
2023-07-06,port183,Buenaventura,2,1,29490,0,24802,4687,0,0,0,0,0,0,0,0
2023-07-07,port183,Buenaventura,0,0,0,0,0,0,0,0,0,0,0,0,0,0
2023-07-08,port183,Buenaventura,3,1,25253,5413,25253,0,0,0,0,0,5413,0,0,0
2023-07-09,port183,Buenaventura,1,0,0,0,0,0,0,0,0,0,0,0,0,0
2023-07-10,port183,Buenaventura,4,3,19315,1622,5628,13686,0,0,0,0,1622,0,0,0
2023-07-11,port183,Buenaventura,3,1,16736,66,13557,2189,0,0,989,0,0,0,0,66
2023-07-12,port183,Buenaventura,5,4,14438,27025,0,14438,0,0,0,25754,1271,0,0,0
2023-07-13,port183,Buenaventura,8,4,51460,4021,8758,42701,0,0,0,0,3244,0,777,0
2023-07-14,port183,Buenaventura,2,1,10832,0,9601,1230,0,0,0,0,0,0,0,0
2023-07-15,port183,Buenaventura,4,2,8057,1254,0,6653,0,381,1022,0,1254,0,0,0
2023-07-16,port183,Buenaventura,6,3,49497,19035,48201,785,0,0,509,0,19035,0,0,0
2023-07-17,port183,Buenaventura,4,2,6116,1622,0,6116,0,0,0,0,1622,0,0,0
2023-07-18,port183,Buenaventura,6,2,132436,0,117267,2930,0,12239,0,0,0,0,0,0
2023-07-19,port183,Buenaventura,5,4,42994,1622,0,31486,11507,0,0,0,1622,0,0,0
2023-07-20,port183,Buenaventura,3,1,25543,2009,25543,0,0,0,0,0,2009,0,0,0
2023-07-21,port183,Buenaventura,2,2,9299,1622,0,9299,0,0,0,0,1622,0,0,0
2023-07-22,port183,Buenaventura,3,1,65002,0,57260,7741,0,0,0,0,0,0,0,0
2023-07-23,port183,Buenaventura,2,2,0,3237,0,0,0,0,0,0,3237,0,0,0
2023-07-24,port183,Buenaventura,4,3,8867,3219,3291,5575,0,0,0,0,3219,0,0,0
2023-07-25,port183,Buenaventura,1,0,0,0,0,0,0,0,0,0,0,0,0,0
2023-07-26,port183,Buenaventura,4,3,34460,631,25017,9442,0,0,0,0,631,0,0,0
2023-07-27,port183,Buenaventura,2,1,21965,0,0,21965,0,0,0,0,0,0,0,0
2023-07-28,port183,Buenaventura,2,2,13820,3513,0,13820,0,0,0,0,3513,0,0,0
2023-07-29,port183,Buenaventura,3,0,23927,0,12134,0,0,8332,3460,0,0,0,0,0
2023-07-30,port183,Buenaventura,6,4,25210,12067,17983,7227,0,0,0,0,12067,0,0,0
2023-07-31,port183,Buenaventura,4,3,7908,54822,0,7908,0,0,0,54332,490,0,0,0
2023-08-01,port183,Buenaventura,2,2,11150,3244,0,11150,0,0,0,0,3244,0,0,0
2023-08-02,port183,Buenaventura,5,3,49398,328,19778,26119,0,0,3500,0,328,0,0,0
2023-08-03,port183,Buenaventura,2,2,1078,3036,0,1078,0,0,0,0,3036,0,0,0
2023-08-04,port183,Buenaventura,5,3,18416,2066,0,16437,0,0,1978,0,1933,0,0,133
2023-08-05,port183,Buenaventura,3,1,34192,4873,34192,0,0,0,0,0,4873,0,0,0
2023-08-06,port183,Buenaventura,2,2,23811,0,0,23811,0,0,0,0,0,0,0,0
2023-08-07,port183,Buenaventura,6,4,9062,0,0,7035,0,1370,656,0,0,0,0,0
2023-08-08,port183,Buenaventura,4,1,777,0,0,777,0,0,0,0,0,0,0,0
2023-08-09,port183,Buenaventura,3,1,10997,2917,10997,0,0,0,0,0,2917,0,0,0
2023-08-10,port183,Buenaventura,5,4,49762,7610,32804,16958,0,0,0,0,7610,0,0,0
2023-08-11,port183,Buenaventura,3,2,13747,6121,11052,2694,0,0,0,0,6121,0,0,0
2023-08-12,port183,Buenaventura,4,1,65588,3878,45706,0,19882,0,0,0,3878,0,0,0
2023-08-13,port183,Buenaventura,3,2,42784,9395,37209,5575,0,0,0,0,9395,0,0,0
2023-08-14,port183,Buenaventura,6,4,72089,1622,51833,20255,0,0,0,0,1622,0,0,0
2023-08-15,port183,Buenaventura,2,2,5575,1998,0,5575,0,0,0,0,1998,0,0,0
2023-08-16,port183,Buenaventura,2,2,16648,1002,0,16648,0,0,0,0,1002,0,0,0
2023-08-17,port183,Buenaventura,2,2,0,3284,0,0,0,0,0,0,3284,0,0,0
2023-08-18,port183,Buenaventura,1,0,11631,0,11631,0,0,0,0,0,0,0,0,0
2023-08-19,port183,Buenaventura,4,2,9216,14739,9216,0,0,0,0,0,14739,0,0,0
2023-08-20,port183,Buenaventura,3,1,49234,1154,48151,1083,0,0,0,1154,0,0,0,0
2023-08-21,port183,Buenaventura,6,5,32088,68151,0,32088,0,0,0,50860,17291,0,0,0
2023-08-22,port183,Buenaventura,2,1,34125,1622,28549,5575,0,0,0,0,1622,0,0,0
2023-08-23,port183,Buenaventura,4,1,59869,0,36308,689,0,22872,0,0,0,0,0,0
2023-08-24,port183,Buenaventura,2,1,11045,1910,0,0,0,11045,0,0,1910,0,0,0
2023-08-25,port183,Buenaventura,4,3,32537,10938,6655,25882,0,0,0,0,10938,0,0,0
2023-08-26,port183,Buenaventura,7,4,42659,7583,24376,17171,0,0,1111,0,1622,0,5961,0
2023-08-27,port183,Buenaventura,2,1,43396,1622,37820,5575,0,0,0,0,1622,0,0,0
2023-08-28,port183,Buenaventura,3,3,6421,1622,0,6421,0,0,0,0,1622,0,0,0
2023-08-29,port183,Buenaventura,3,2,15007,3244,0,11150,0,3856,0,0,3244,0,0,0
2023-08-30,port183,Buenaventura,4,3,12703,1314,4393,8309,0,0,0,0,1314,0,0,0
2023-08-31,port183,Buenaventura,5,2,26117,3531,0,0,10546,15570,0,0,3531,0,0,0
2023-09-01,port183,Buenaventura,5,1,74089,12647,58753,0,0,15335,0,0,6563,0,0,6083
2023-09-02,port183,Buenaventura,2,1,3089,2507,0,0,0,0,3089,0,2507,0,0,0
2023-09-03,port183,Buenaventura,2,1,37234,1782,37234,0,0,0,0,0,1782,0,0,0
2023-09-04,port183,Buenaventura,4,3,11150,74689,0,11150,0,0,0,55762,18926,0,0,0
2023-09-05,port183,Buenaventura,3,2,35945,0,26774,9170,0,0,0,0,0,0,0,0
2023-09-06,port183,Buenaventura,3,1,38332,2931,20653,14700,2978,0,0,2931,0,0,0,0
2023-09-07,port183,Buenaventura,5,3,21421,11515,4946,7973,8501,0,0,0,11515,0,0,0
2023-09-08,port183,Buenaventura,2,1,80323,0,53088,27234,0,0,0,0,0,0,0,0
2023-09-09,port183,Buenaventura,4,3,31804,6719,20653,11150,0,0,0,2931,3788,0,0,0
2023-09-10,port183,Buenaventura,4,1,47542,2006,47081,0,0,0,460,0,2006,0,0,0
2023-09-11,port183,Buenaventura,4,3,72681,8155,55958,16723,0,0,0,0,8155,0,0,0
2023-09-12,port183,Buenaventura,2,2,5575,1622,0,5575,0,0,0,0,1622,0,0,0
2023-09-13,port183,Buenaventura,6,2,42940,0,28295,14644,0,0,0,0,0,0,0,0
2023-09-14,port183,Buenaventura,5,4,50854,3658,39907,10947,0,0,0,0,3658,0,0,0
2023-09-15,port183,Buenaventura,5,3,39533,1688,26833,11710,0,0,989,0,1622,0,0,66
2023-09-16,port183,Buenaventura,2,1,8260,2235,8260,0,0,0,0,0,2235,0,0,0
2023-09-17,port183,Buenaventura,0,0,0,0,0,0,0,0,0,0,0,0,0,0
2023-09-18,port183,Buenaventura,7,5,86986,16768,74865,12121,0,0,0,0,16768,0,0,0
2023-09-19,port183,Buenaventura,5,2,29424,35538,23757,5666,0,0,0,35538,0,0,0,0
2023-09-20,port183,Buenaventura,3,2,32059,0,22296,9763,0,0,0,0,0,0,0,0
2023-09-21,port183,Buenaventura,3,1,87845,0,62772,25072,0,0,0,0,0,0,0,0
2023-09-22,port183,Buenaventura,6,4,12466,54122,0,6696,5769,0,0,47077,7045,0,0,0
2023-09-23,port183,Buenaventura,1,0,15087,0,15087,0,0,0,0,0,0,0,0,0
2023-09-24,port183,Buenaventura,4,0,30979,0,28782,0,0,1328,868,0,0,0,0,0
2023-09-25,port183,Buenaventura,6,4,45041,6809,30557,14484,0,0,0,2931,3878,0,0,0
2023-09-26,port183,Buenaventura,4,3,26991,0,11525,15466,0,0,0,0,0,0,0,0
2023-09-27,port183,Buenaventura,1,0,2900,0,2900,0,0,0,0,0,0,0,0,0
2023-09-28,port183,Buenaventura,4,3,71417,5665,54398,17019,0,0,0,0,5665,0,0,0
2023-09-29,port183,Buenaventura,2,0,70565,0,70565,0,0,0,0,0,0,0,0,0
2023-09-30,port183,Buenaventura,2,1,52185,1622,46609,5575,0,0,0,0,1622,0,0,0
2023-10-01,port183,Buenaventura,2,2,1103,0,0,1103,0,0,0,0,0,0,0,0
2023-10-02,port183,Buenaventura,5,2,4211,20816,1104,3106,0,0,0,20427,388,0,0,0
2023-10-03,port183,Buenaventura,4,2,32211,0,0,7493,6101,18616,0,0,0,0,0,0
2023-10-04,port183,Buenaventura,4,1,18039,510,0,14817,0,0,3222,0,0,443,0,66
2023-10-05,port183,Buenaventura,3,2,7019,2558,0,5852,0,1167,0,0,2558,0,0,0
2023-10-06,port183,Buenaventura,3,1,26929,0,22083,3263,0,1582,0,0,0,0,0,0
2023-10-07,port183,Buenaventura,6,4,67459,3244,48810,18648,0,0,0,0,3244,0,0,0
2023-10-08,port183,Buenaventura,1,0,527,0,527,0,0,0,0,0,0,0,0,0
2023-10-09,port183,Buenaventura,7,4,76838,4745,34326,36188,0,5334,989,0,4678,0,0,66
2023-10-10,port183,Buenaventura,5,3,6301,2941,0,2491,3810,0,0,0,2941,0,0,0
2023-10-11,port183,Buenaventura,3,2,30222,0,0,30222,0,0,0,0,0,0,0,0
2023-10-12,port183,Buenaventura,6,5,19400,8482,0,19400,0,0,0,547,7935,0,0,0
2023-10-13,port183,Buenaventura,1,1,2573,0,0,2573,0,0,0,0,0,0,0,0
2023-10-14,port183,Buenaventura,1,1,0,5558,0,0,0,0,0,0,5558,0,0,0
2023-10-15,port183,Buenaventura,3,2,4937,0,0,4937,0,0,0,0,0,0,0,0
2023-10-16,port183,Buenaventura,5,3,7455,2111,1102,6352,0,0,0,0,2111,0,0,0
2023-10-17,port183,Buenaventura,2,1,59670,6711,59670,0,0,0,0,0,6711,0,0,0
2023-10-18,port183,Buenaventura,3,2,33918,0,0,33918,0,0,0,0,0,0,0,0
2023-10-19,port183,Buenaventura,1,1,0,4570,0,0,0,0,0,0,4570,0,0,0
2023-10-20,port183,Buenaventura,3,2,63536,1622,50954,12582,0,0,0,0,1622,0,0,0
2023-10-21,port183,Buenaventura,1,1,3344,0,0,3344,0,0,0,0,0,0,0,0
2023-10-22,port183,Buenaventura,1,1,5575,1622,0,5575,0,0,0,0,1622,0,0,0
2023-10-23,port183,Buenaventura,3,2,25231,976,22882,2349,0,0,0,0,976,0,0,0
2023-10-24,port183,Buenaventura,3,1,14885,0,12400,2485,0,0,0,0,0,0,0,0
2023-10-25,port183,Buenaventura,3,0,49975,0,49413,0,0,562,0,0,0,0,0,0
2023-10-26,port183,Buenaventura,4,1,55692,1622,47296,5575,0,2820,0,0,1622,0,0,0
2023-10-27,port183,Buenaventura,2,1,1993,66,0,1004,0,0,989,0,0,0,0,66
2023-10-28,port183,Buenaventura,6,3,30370,5325,24137,5575,0,657,0,0,5325,0,0,0
2023-10-29,port183,Buenaventura,3,2,37293,4302,31718,5575,0,0,0,0,4302,0,0,0
2023-10-30,port183,Buenaventura,6,4,84736,7057,38455,46281,0,0,0,0,7057,0,0,0
2023-10-31,port183,Buenaventura,3,2,27374,0,0,23909,3464,0,0,0,0,0,0,0
2023-11-01,port183,Buenaventura,5,2,49571,1622,30536,6716,0,12319,0,0,1622,0,0,0
2023-11-02,port183,Buenaventura,2,1,28811,1054,28811,0,0,0,0,0,1054,0,0,0
2023-11-03,port183,Buenaventura,1,0,0,967,0,0,0,0,0,0,0,0,967,0
2023-11-04,port183,Buenaventura,4,1,18871,0,11477,7394,0,0,0,0,0,0,0,0
2023-11-05,port183,Buenaventura,2,1,1188,1343,0,0,0,0,1188,0,1343,0,0,0
2023-11-06,port183,Buenaventura,3,3,16379,1087,0,16379,0,0,0,0,1087,0,0,0
2023-11-07,port183,Buenaventura,4,3,22488,1122,12855,9632,0,0,0,0,1122,0,0,0
2023-11-08,port183,Buenaventura,2,2,15070,0,0,15070,0,0,0,0,0,0,0,0
2023-11-09,port183,Buenaventura,4,2,58812,4048,34735,6311,0,17765,0,0,4048,0,0,0
2023-11-10,port183,Buenaventura,5,0,49356,23234,48332,0,0,0,1024,23234,0,0,0,0
2023-11-11,port183,Buenaventura,3,1,40336,13451,40336,0,0,0,0,0,13451,0,0,0
2023-11-12,port183,Buenaventura,3,1,0,2315,0,0,0,0,0,0,2315,0,0,0
2023-11-13,port183,Buenaventura,7,4,4447,21769,0,4447,0,0,0,0,15007,0,6762,0
2023-11-14,port183,Buenaventura,7,4,87000,4191,77206,9793,0,0,0,0,4191,0,0,0
2023-11-15,port183,Buenaventura,3,2,24117,0,0,24117,0,0,0,0,0,0,0,0
2023-11-16,port183,Buenaventura,4,2,7507,706,0,7507,0,0,0,0,0,706,0,0
2023-11-17,port183,Buenaventura,3,1,12062,18702,12062,0,0,0,0,0,18702,0,0,0
2023-11-18,port183,Buenaventura,1,1,2933,0,0,2933,0,0,0,0,0,0,0,0
2023-11-19,port183,Buenaventura,3,3,18578,1326,0,18578,0,0,0,0,1326,0,0,0
2023-11-20,port183,Buenaventura,3,3,5800,0,0,5800,0,0,0,0,0,0,0,0
2023-11-21,port183,Buenaventura,5,2,43062,1791,33650,9411,0,0,0,0,1622,169,0,0
2023-11-22,port183,Buenaventura,3,1,11365,54524,0,11365,0,0,0,54524,0,0,0,0
2023-11-23,port183,Buenaventura,1,1,10481,0,0,10481,0,0,0,0,0,0,0,0
2023-11-24,port183,Buenaventura,4,2,6513,1093,2193,4320,0,0,0,0,1093,0,0,0
2023-11-25,port183,Buenaventura,2,1,20128,0,16770,3358,0,0,0,0,0,0,0,0
2023-11-26,port183,Buenaventura,2,2,11757,13687,0,11757,0,0,0,0,13687,0,0,0
2023-11-27,port183,Buenaventura,1,0,49127,0,49127,0,0,0,0,0,0,0,0,0
2023-11-28,port183,Buenaventura,4,1,86178,1622,80603,5575,0,0,0,0,1622,0,0,0
2023-11-29,port183,Buenaventura,3,2,32806,0,0,32806,0,0,0,0,0,0,0,0
2023-11-30,port183,Buenaventura,2,1,1978,0,0,509,0,1468,0,0,0,0,0,0
2023-12-01,port183,Buenaventura,6,2,13639,82551,0,13639,0,0,0,77531,5019,0,0,0
2023-12-02,port183,Buenaventura,3,2,5575,10191,0,5575,0,0,0,0,10191,0,0,0
2023-12-03,port183,Buenaventura,3,2,23191,775,0,20935,0,0,2255,0,775,0,0,0
2023-12-04,port183,Buenaventura,3,2,5897,0,1111,4786,0,0,0,0,0,0,0,0
2023-12-05,port183,Buenaventura,4,2,18719,0,0,10326,5203,3188,0,0,0,0,0,0
2023-12-06,port183,Buenaventura,3,1,20653,3451,20653,0,0,0,0,2931,520,0,0,0
2023-12-07,port183,Buenaventura,6,3,108045,768,59481,48564,0,0,0,0,768,0,0,0
2023-12-08,port183,Buenaventura,4,1,29719,717,0,20667,0,5504,3548,0,0,0,650,66
2023-12-09,port183,Buenaventura,6,1,104063,3539,91129,7345,5588,0,0,2931,0,607,0,0
2023-12-10,port183,Buenaventura,4,3,27685,3244,15406,12279,0,0,0,0,3244,0,0,0
2023-12-11,port183,Buenaventura,4,3,18817,3894,0,13313,0,5504,0,0,3244,0,650,0
2023-12-12,port183,Buenaventura,4,1,56749,2931,55990,759,0,0,0,2931,0,0,0,0
2023-12-13,port183,Buenaventura,5,2,100825,638,76890,19194,4740,0,0,0,638,0,0,0
2023-12-14,port183,Buenaventura,3,3,14363,6098,0,14363,0,0,0,0,6098,0,0,0
2023-12-15,port183,Buenaventura,3,3,38492,1212,0,38492,0,0,0,0,1212,0,0,0
2023-12-16,port183,Buenaventura,3,2,5575,20129,0,5575,0,0,0,0,20129,0,0,0
2023-12-17,port183,Buenaventura,3,2,10591,1427,0,5086,0,5504,0,0,777,0,650,0
2023-12-18,port183,Buenaventura,3,1,43345,4553,37769,5575,0,0,0,2931,1622,0,0,0
2023-12-19,port183,Buenaventura,2,2,18897,1622,0,18897,0,0,0,0,1622,0,0,0
2023-12-20,port183,Buenaventura,4,0,36136,37228,36136,0,0,0,0,2931,0,34297,0,0
2023-12-21,port183,Buenaventura,5,3,92824,9374,57907,34916,0,0,0,0,4534,4840,0,0
2023-12-22,port183,Buenaventura,2,1,49507,1124,49507,0,0,0,0,0,1124,0,0,0
2023-12-23,port183,Buenaventura,2,1,5863,77443,0,5863,0,0,0,77443,0,0,0,0
2023-12-24,port183,Buenaventura,4,4,10084,2315,0,10084,0,0,0,0,2315,0,0,0
2023-12-25,port183,Buenaventura,3,2,2616,9817,0,2153,0,0,462,0,9817,0,0,0
2023-12-26,port183,Buenaventura,4,1,7188,1622,0,5575,836,776,0,0,1622,0,0,0
2023-12-27,port183,Buenaventura,5,2,53635,17853,35996,11391,0,6247,0,16231,1622,0,0,0
2023-12-28,port183,Buenaventura,4,4,33882,6028,0,33882,0,0,0,0,6028,0,0,0
2023-12-29,port183,Buenaventura,1,1,10161,0,0,10161,0,0,0,0,0,0,0,0
2023-12-30,port183,Buenaventura,3,1,3138,6707,0,2253,0,884,0,6707,0,0,0,0
2023-12-31,port183,Buenaventura,1,1,775,0,0,775,0,0,0,0,0,0,0,0
2024-01-01,port183,Buenaventura,1,1,5575,1622,0,5575,0,0,0,0,1622,0,0,0
2024-01-02,port183,Buenaventura,2,1,24917,0,23805,1112,0,0,0,0,0,0,0,0
2024-01-03,port183,Buenaventura,4,3,9638,0,551,9086,0,0,0,0,0,0,0,0
2024-01-04,port183,Buenaventura,3,3,28501,15448,0,28501,0,0,0,0,15448,0,0,0
2024-01-05,port183,Buenaventura,3,2,38857,0,8713,30143,0,0,0,0,0,0,0,0
2024-01-06,port183,Buenaventura,3,2,13056,7454,0,5575,0,7480,0,0,7454,0,0,0
2024-01-07,port183,Buenaventura,6,2,13215,7793,4541,8270,403,0,0,0,7793,0,0,0
2024-01-08,port183,Buenaventura,2,1,53015,3573,53015,0,0,0,0,0,3573,0,0,0
2024-01-09,port183,Buenaventura,1,0,23884,0,23884,0,0,0,0,0,0,0,0,0
2024-01-10,port183,Buenaventura,4,3,38264,0,0,38264,0,0,0,0,0,0,0,0
2024-01-11,port183,Buenaventura,3,2,87043,0,51002,36041,0,0,0,0,0,0,0,0
2024-01-12,port183,Buenaventura,2,2,2286,2503,0,2286,0,0,0,0,2503,0,0,0
2024-01-13,port183,Buenaventura,4,0,53811,0,53811,0,0,0,0,0,0,0,0,0
2024-01-14,port183,Buenaventura,7,4,65512,24213,61634,3877,0,0,0,0,24213,0,0,0
2024-01-15,port183,Buenaventura,2,1,7332,0,0,4892,0,0,2439,0,0,0,0,0
2024-01-16,port183,Buenaventura,3,0,75301,0,75301,0,0,0,0,0,0,0,0,0
2024-01-17,port183,Buenaventura,3,2,5966,2953,4514,1451,0,0,0,0,2953,0,0,0
2024-01-18,port183,Buenaventura,2,2,11319,3689,0,11319,0,0,0,0,3689,0,0,0
2024-01-19,port183,Buenaventura,3,0,29246,0,0,0,29246,0,0,0,0,0,0,0
2024-01-20,port183,Buenaventura,3,2,16264,650,0,10760,0,5504,0,0,0,0,650,0
2024-01-21,port183,Buenaventura,2,2,2447,0,0,2447,0,0,0,0,0,0,0,0
2024-01-22,port183,Buenaventura,5,2,93954,0,78213,1089,14651,0,0,0,0,0,0,0
2024-01-23,port183,Buenaventura,0,0,0,0,0,0,0,0,0,0,0,0,0,0
2024-01-24,port183,Buenaventura,2,1,47464,0,31656,15808,0,0,0,0,0,0,0,0
2024-01-25,port183,Buenaventura,2,2,8351,0,0,8351,0,0,0,0,0,0,0,0
2024-01-26,port183,Buenaventura,2,1,67413,0,51398,16014,0,0,0,0,0,0,0,0
2024-01-27,port183,Buenaventura,3,2,23215,5418,20653,2561,0,0,0,2931,2486,0,0,0
2024-01-28,port183,Buenaventura,4,3,11074,5670,0,11074,0,0,0,0,5670,0,0,0
2024-01-29,port183,Buenaventura,4,3,6797,4338,0,6797,0,0,0,0,4338,0,0,0
2024-01-30,port183,Buenaventura,0,0,0,0,0,0,0,0,0,0,0,0,0,0
2024-01-31,port183,Buenaventura,3,2,65665,0,60648,5016,0,0,0,0,0,0,0,0
2024-02-01,port183,Buenaventura,3,2,12610,4680,5809,6800,0,0,0,0,4680,0,0,0
2024-02-02,port183,Buenaventura,3,3,23409,3849,0,23409,0,0,0,0,3849,0,0,0
2024-02-03,port183,Buenaventura,4,3,2471,53435,0,2471,0,0,0,47302,6132,0,0,0
2024-02-04,port183,Buenaventura,6,3,11277,3400,1819,9458,0,0,0,0,3400,0,0,0
2024-02-05,port183,Buenaventura,4,1,10835,2565,5259,5575,0,0,0,0,1622,0,943,0
2024-02-06,port183,Buenaventura,1,1,0,758,0,0,0,0,0,0,758,0,0,0
2024-02-07,port183,Buenaventura,4,2,22172,923,0,3411,5588,13173,0,0,315,607,0,0
2024-02-08,port183,Buenaventura,1,1,8152,0,0,8152,0,0,0,0,0,0,0,0
2024-02-09,port183,Buenaventura,3,2,2012,66,0,1022,0,0,989,0,0,0,0,66
2024-02-10,port183,Buenaventura,9,3,115400,4943,58263,41019,13792,2325,0,0,4943,0,0,0
2024-02-11,port183,Buenaventura,3,2,36548,0,0,33123,3424,0,0,0,0,0,0,0
2024-02-12,port183,Buenaventura,3,2,1550,24933,0,1550,0,0,0,23983,949,0,0,0
2024-02-13,port183,Buenaventura,2,2,9498,1622,0,9498,0,0,0,0,1622,0,0,0
2024-02-14,port183,Buenaventura,1,1,0,1073,0,0,0,0,0,0,1073,0,0,0
2024-02-15,port183,Buenaventura,6,3,13592,60044,0,13592,0,0,0,53552,6491,0,0,0
2024-02-16,port183,Buenaventura,2,1,1756,545,0,0,0,1756,0,0,545,0,0,0
2024-02-17,port183,Buenaventura,4,2,27946,1622,0,19234,8711,0,0,0,1622,0,0,0
2024-02-18,port183,Buenaventura,5,2,49460,1622,26763,7899,14796,0,0,0,1622,0,0,0
2024-02-19,port183,Buenaventura,5,2,6010,1782,0,4523,0,0,1487,0,1782,0,0,0
2024-02-20,port183,Buenaventura,3,1,12013,5468,0,5794,6218,0,0,0,0,0,5468,0
2024-02-21,port183,Buenaventura,8,6,54816,1622,18700,36116,0,0,0,0,1622,0,0,0
2024-02-22,port183,Buenaventura,3,2,7048,0,0,5594,0,0,1454,0,0,0,0,0
2024-02-23,port183,Buenaventura,3,2,8623,0,0,8623,0,0,0,0,0,0,0,0
2024-02-24,port183,Buenaventura,5,2,53330,63010,53021,0,0,309,0,58646,4363,0,0,0
2024-02-25,port183,Buenaventura,3,2,0,25823,0,0,0,0,0,0,8214,17608,0,0
2024-02-26,port183,Buenaventura,3,3,34862,1622,0,34862,0,0,0,0,1622,0,0,0
2024-02-27,port183,Buenaventura,4,1,50667,0,44800,5866,0,0,0,0,0,0,0,0
2024-02-28,port183,Buenaventura,5,2,69519,21752,55434,5575,8510,0,0,0,17972,3780,0,0
2024-02-29,port183,Buenaventura,6,3,36701,1516,29324,7377,0,0,0,0,494,1022,0,0
2024-03-01,port183,Buenaventura,1,0,8047,0,8047,0,0,0,0,0,0,0,0,0
2024-03-02,port183,Buenaventura,3,2,7023,50600,0,7023,0,0,0,50600,0,0,0,0
2024-03-03,port183,Buenaventura,5,1,58609,0,56287,2322,0,0,0,0,0,0,0,0
2024-03-04,port183,Buenaventura,2,1,0,12982,0,0,0,0,0,0,12982,0,0,0
2024-03-05,port183,Buenaventura,5,1,96450,2998,88167,7293,0,0,989,2931,0,0,0,66
2024-03-06,port183,Buenaventura,2,1,1322,1594,0,0,0,1322,0,0,1594,0,0,0
2024-03-07,port183,Buenaventura,5,2,78498,0,66149,11190,1158,0,0,0,0,0,0,0
2024-03-08,port183,Buenaventura,3,2,16655,0,0,16655,0,0,0,0,0,0,0,0
2024-03-09,port183,Buenaventura,7,4,65889,4099,31131,33588,0,0,1169,0,4099,0,0,0
2024-03-10,port183,Buenaventura,5,3,24092,9804,0,18955,3267,0,1869,0,9804,0,0,0
2024-03-11,port183,Buenaventura,4,3,26227,2904,24924,1302,0,0,0,0,2904,0,0,0
2024-03-12,port183,Buenaventura,3,2,982,27254,0,655,326,0,0,0,27254,0,0,0
2024-03-13,port183,Buenaventura,3,1,81493,2931,80008,1484,0,0,0,2931,0,0,0,0
2024-03-14,port183,Buenaventura,5,2,19682,6823,4786,5983,8913,0,0,0,6823,0,0,0
2024-03-15,port183,Buenaventura,3,1,37755,0,29039,8715,0,0,0,0,0,0,0,0
2024-03-16,port183,Buenaventura,2,2,14030,0,0,14030,0,0,0,0,0,0,0,0
2024-03-17,port183,Buenaventura,4,2,16759,50754,0,10011,0,6748,0,50754,0,0,0,0
2024-03-18,port183,Buenaventura,1,1,0,0,0,0,0,0,0,0,0,0,0,0
2024-03-19,port183,Buenaventura,4,1,65813,1622,60238,5575,0,0,0,0,1622,0,0,0
2024-03-20,port183,Buenaventura,3,1,17631,929,0,17631,0,0,0,0,0,929,0,0
2024-03-21,port183,Buenaventura,3,2,74703,6586,54907,19796,0,0,0,0,6586,0,0,0
2024-03-22,port183,Buenaventura,3,1,3461,13425,3461,0,0,0,0,4828,8597,0,0,0
2024-03-23,port183,Buenaventura,3,1,25304,0,14477,10826,0,0,0,0,0,0,0,0
2024-03-24,port183,Buenaventura,1,1,4647,0,0,4647,0,0,0,0,0,0,0,0
2024-03-25,port183,Buenaventura,3,2,11478,1622,0,7744,0,3733,0,0,1622,0,0,0
2024-03-26,port183,Buenaventura,4,2,19638,27709,0,19638,0,0,0,27709,0,0,0,0
2024-03-27,port183,Buenaventura,5,3,15490,1622,0,12360,0,3129,0,0,1622,0,0,0
2024-03-28,port183,Buenaventura,5,2,37838,2552,36521,545,0,772,0,0,2552,0,0,0
2024-03-29,port183,Buenaventura,3,2,65199,1622,50211,14988,0,0,0,0,1622,0,0,0
2024-03-30,port183,Buenaventura,4,2,30799,13867,25223,5575,0,0,0,2931,10935,0,0,0
2024-03-31,port183,Buenaventura,4,3,60829,2707,54030,6799,0,0,0,0,2707,0,0,0
2024-04-01,port183,Buenaventura,0,0,0,0,0,0,0,0,0,0,0,0,0,0
2024-04-02,port183,Buenaventura,5,2,80175,0,27947,49601,2626,0,0,0,0,0,0,0
2024-04-03,port183,Buenaventura,2,2,37879,0,0,37879,0,0,0,0,0,0,0,0
2024-04-04,port183,Buenaventura,5,3,20121,14069,4026,16095,0,0,0,0,7167,6902,0,0
2024-04-05,port183,Buenaventura,0,0,0,0,0,0,0,0,0,0,0,0,0,0
2024-04-06,port183,Buenaventura,4,2,30934,1622,11436,19497,0,0,0,0,1622,0,0,0
2024-04-07,port183,Buenaventura,5,3,11217,21896,0,11217,0,0,0,20274,1622,0,0,0
2024-04-08,port183,Buenaventura,1,1,9073,0,0,9073,0,0,0,0,0,0,0,0
2024-04-09,port183,Buenaventura,3,1,34911,3084,33951,0,0,960,0,0,3084,0,0,0
2024-04-10,port183,Buenaventura,4,3,43547,0,9592,33955,0,0,0,0,0,0,0,0
2024-04-11,port183,Buenaventura,1,1,0,506,0,0,0,0,0,0,506,0,0,0
2024-04-12,port183,Buenaventura,1,1,5575,1622,0,5575,0,0,0,0,1622,0,0,0
2024-04-13,port183,Buenaventura,4,1,63999,0,58152,5846,0,0,0,0,0,0,0,0
2024-04-14,port183,Buenaventura,5,3,36212,9171,30637,5575,0,0,0,0,9171,0,0,0
2024-04-15,port183,Buenaventura,5,1,48378,15293,41281,6107,0,0,989,0,0,0,15226,66
2024-04-16,port183,Buenaventura,3,1,6275,66,0,5285,0,0,989,0,0,0,0,66
2024-04-17,port183,Buenaventura,3,3,16347,1622,0,16347,0,0,0,0,1622,0,0,0
2024-04-18,port183,Buenaventura,4,1,75649,0,64452,9033,0,2163,0,0,0,0,0,0
2024-04-19,port183,Buenaventura,2,2,10504,9766,0,10504,0,0,0,0,9766,0,0,0
2024-04-20,port183,Buenaventura,2,2,19588,0,0,19588,0,0,0,0,0,0,0,0
2024-04-21,port183,Buenaventura,4,2,54492,30341,54492,0,0,0,0,0,21024,9316,0,0
2024-04-22,port183,Buenaventura,1,1,1784,0,0,1784,0,0,0,0,0,0,0,0
2024-04-23,port183,Buenaventura,4,2,76086,1143,69916,6169,0,0,0,0,1143,0,0,0
2024-04-24,port183,Buenaventura,2,1,8823,1622,0,5575,3247,0,0,0,1622,0,0,0
2024-04-25,port183,Buenaventura,3,2,15524,1622,0,14651,0,0,872,0,1622,0,0,0
2024-04-26,port183,Buenaventura,5,2,11150,5347,0,11150,0,0,0,0,3244,0,0,2103
2024-04-27,port183,Buenaventura,2,1,43768,0,39466,4302,0,0,0,0,0,0,0,0
2024-04-28,port183,Buenaventura,5,3,26426,8464,25194,1231,0,0,0,0,8464,0,0,0
2024-04-29,port183,Buenaventura,2,1,8531,0,0,8531,0,0,0,0,0,0,0,0
2024-04-30,port183,Buenaventura,3,1,37698,2931,31068,6629,0,0,0,2931,0,0,0,0
2024-05-01,port183,Buenaventura,2,2,13142,1622,0,13142,0,0,0,0,1622,0,0,0
2024-05-02,port183,Buenaventura,4,1,70234,0,65093,2884,0,2256,0,0,0,0,0,0
2024-05-03,port183,Buenaventura,4,2,31437,1622,22081,9355,0,0,0,0,1622,0,0,0
2024-05-04,port183,Buenaventura,2,0,35348,0,16458,0,0,18890,0,0,0,0,0,0
2024-05-05,port183,Buenaventura,5,4,18768,18133,0,18768,0,0,0,12750,5383,0,0,0
2024-05-06,port183,Buenaventura,3,0,4654,939,4654,0,0,0,0,0,0,0,939,0
2024-05-07,port183,Buenaventura,3,2,10847,3070,5271,5575,0,0,0,0,3070,0,0,0
2024-05-08,port183,Buenaventura,3,1,21351,0,3510,14636,3204,0,0,0,0,0,0,0
2024-05-09,port183,Buenaventura,4,1,30475,1995,21373,0,1555,7547,0,0,1995,0,0,0
2024-05-10,port183,Buenaventura,3,2,14573,0,7723,6850,0,0,0,0,0,0,0,0
2024-05-11,port183,Buenaventura,2,2,17196,1622,0,17196,0,0,0,0,1622,0,0,0
2024-05-12,port183,Buenaventura,7,3,27161,4628,10332,16829,0,0,0,0,4628,0,0,0
2024-05-13,port183,Buenaventura,4,3,83414,1622,54534,28879,0,0,0,0,1622,0,0,0
2024-05-14,port183,Buenaventura,3,3,19276,1622,0,19276,0,0,0,0,1622,0,0,0
2024-05-15,port183,Buenaventura,3,1,0,0,0,0,0,0,0,0,0,0,0,0
2024-05-16,port183,Buenaventura,4,2,47517,1100,21403,26113,0,0,0,1100,0,0,0,0
2024-05-17,port183,Buenaventura,1,0,0,0,0,0,0,0,0,0,0,0,0,0
2024-05-18,port183,Buenaventura,3,2,6564,7136,0,5575,0,0,989,0,7070,0,0,66
2024-05-19,port183,Buenaventura,7,3,143857,4037,134225,8643,0,0,989,0,3971,0,0,66
2024-05-20,port183,Buenaventura,3,3,16726,4866,0,16726,0,0,0,0,4866,0,0,0
2024-05-21,port183,Buenaventura,6,3,70311,1622,50989,17747,0,695,878,0,1622,0,0,0
2024-05-22,port183,Buenaventura,4,3,30745,0,0,21930,0,8815,0,0,0,0,0,0
2024-05-23,port183,Buenaventura,3,2,59614,1010,42931,16682,0,0,0,0,1010,0,0,0
2024-05-24,port183,Buenaventura,4,1,7414,13800,0,5575,0,0,1839,12178,1622,0,0,0
2024-05-25,port183,Buenaventura,3,1,38695,66,31785,5920,0,0,989,0,0,0,0,66
2024-05-26,port183,Buenaventura,6,3,64281,5694,58200,6080,0,0,0,0,5694,0,0,0
2024-05-27,port183,Buenaventura,2,2,5276,0,0,5276,0,0,0,0,0,0,0,0
2024-05-28,port183,Buenaventura,2,1,0,22186,0,0,0,0,0,20876,1309,0,0,0
2024-05-29,port183,Buenaventura,4,4,36581,1622,0,36581,0,0,0,0,1622,0,0,0
2024-05-30,port183,Buenaventura,3,1,19373,6940,0,3382,0,15990,0,6940,0,0,0,0
2024-05-31,port183,Buenaventura,2,2,13084,0,0,13084,0,0,0,0,0,0,0,0
2024-06-01,port183,Buenaventura,4,3,23168,6021,20367,2800,0,0,0,0,6021,0,0,0
2024-06-02,port183,Buenaventura,6,3,50259,22405,50259,0,0,0,0,0,22405,0,0,0
2024-06-03,port183,Buenaventura,3,1,34427,2931,29551,4875,0,0,0,2931,0,0,0,0
2024-06-04,port183,Buenaventura,2,2,30353,1732,0,30353,0,0,0,0,1732,0,0,0
2024-06-05,port183,Buenaventura,5,3,40439,4528,4089,36349,0,0,0,0,4528,0,0,0
2024-06-06,port183,Buenaventura,4,1,48781,0,41993,3528,3259,0,0,0,0,0,0,0
2024-06-07,port183,Buenaventura,3,1,15074,607,7026,2459,5588,0,0,0,0,607,0,0
2024-06-08,port183,Buenaventura,4,1,104926,2931,102018,2908,0,0,0,2931,0,0,0,0
2024-06-09,port183,Buenaventura,3,2,7906,54523,0,7906,0,0,0,52901,1622,0,0,0
2024-06-10,port183,Buenaventura,1,1,7964,0,0,7964,0,0,0,0,0,0,0,0
2024-06-11,port183,Buenaventura,6,2,57933,1622,44560,10866,0,0,2506,0,1622,0,0,0
2024-06-12,port183,Buenaventura,4,3,11413,3536,0,11413,0,0,0,0,3536,0,0,0
2024-06-13,port183,Buenaventura,2,1,4175,0,0,1931,0,0,2244,0,0,0,0,0
2024-06-14,port183,Buenaventura,3,1,45116,0,24824,20291,0,0,0,0,0,0,0,0
2024-06-15,port183,Buenaventura,5,3,83868,9910,51293,23913,8660,0,0,0,9910,0,0,0
2024-06-16,port183,Buenaventura,3,2,52039,3612,52039,0,0,0,0,0,3612,0,0,0
2024-06-17,port183,Buenaventura,9,4,53247,2931,31215,22031,0,0,0,2931,0,0,0,0
2024-06-18,port183,Buenaventura,2,2,4228,3308,0,4228,0,0,0,0,3308,0,0,0
2024-06-19,port183,Buenaventura,1,1,4503,0,0,4503,0,0,0,0,0,0,0,0
2024-06-20,port183,Buenaventura,5,3,133761,5931,96681,37080,0,0,0,0,5931,0,0,0
2024-06-21,port183,Buenaventura,1,1,4698,0,0,4698,0,0,0,0,0,0,0,0
2024-06-22,port183,Buenaventura,4,3,15564,1622,0,8455,7108,0,0,0,1622,0,0,0
2024-06-23,port183,Buenaventura,5,2,61504,9531,61504,0,0,0,0,0,9531,0,0,0
2024-06-24,port183,Buenaventura,5,3,37889,1622,1061,36828,0,0,0,0,1622,0,0,0
2024-06-25,port183,Buenaventura,4,1,6469,9100,0,6469,0,0,0,3338,0,0,5762,0
2024-06-26,port183,Buenaventura,2,1,12756,0,5334,7421,0,0,0,0,0,0,0,0
2024-06-27,port183,Buenaventura,1,1,9826,0,0,9826,0,0,0,0,0,0,0,0
2024-06-28,port183,Buenaventura,4,3,25572,3371,0,20067,0,5504,0,0,2720,0,650,0
2024-06-29,port183,Buenaventura,4,3,31420,4553,20653,10767,0,0,0,2931,1622,0,0,0
2024-06-30,port183,Buenaventura,4,2,59114,2569,59114,0,0,0,0,0,2569,0,0,0
2024-07-01,port183,Buenaventura,3,2,8629,0,0,7047,0,1582,0,0,0,0,0,0
2024-07-02,port183,Buenaventura,2,1,29542,2931,20653,8889,0,0,0,2931,0,0,0,0
2024-07-03,port183,Buenaventura,2,2,8730,2516,0,8730,0,0,0,0,2516,0,0,0
2024-07-04,port183,Buenaventura,1,1,9315,0,0,9315,0,0,0,0,0,0,0,0
2024-07-05,port183,Buenaventura,0,0,0,0,0,0,0,0,0,0,0,0,0,0
2024-07-06,port183,Buenaventura,4,4,6748,9005,0,6748,0,0,0,0,9005,0,0,0
2024-07-07,port183,Buenaventura,7,1,44012,2325,35130,0,7739,0,1142,0,2325,0,0,0
2024-07-08,port183,Buenaventura,6,3,92526,4327,53443,10023,10091,18968,0,0,4327,0,0,0
2024-07-09,port183,Buenaventura,4,2,12083,1622,0,12083,0,0,0,0,1622,0,0,0
2024-07-10,port183,Buenaventura,5,3,96922,0,81229,15693,0,0,0,0,0,0,0,0
2024-07-11,port183,Buenaventura,3,0,6647,55842,0,0,0,1147,5499,55842,0,0,0,0
2024-07-12,port183,Buenaventura,4,3,9011,6654,0,5575,3435,0,0,0,6654,0,0,0
2024-07-13,port183,Buenaventura,3,1,62070,0,49220,12849,0,0,0,0,0,0,0,0
2024-07-14,port183,Buenaventura,2,2,5575,7677,0,5575,0,0,0,0,7677,0,0,0
2024-07-15,port183,Buenaventura,3,2,3761,5429,0,3252,0,0,509,0,5429,0,0,0
2024-07-16,port183,Buenaventura,5,2,4341,5273,0,1955,0,0,2385,0,5273,0,0,0
2024-07-17,port183,Buenaventura,5,3,45322,2030,17978,13997,0,13346,0,0,2030,0,0,0
2024-07-18,port183,Buenaventura,1,1,6823,0,0,6823,0,0,0,0,0,0,0,0
2024-07-19,port183,Buenaventura,2,1,30169,0,13952,16217,0,0,0,0,0,0,0,0
2024-07-20,port183,Buenaventura,6,5,70141,2226,55227,14913,0,0,0,0,2226,0,0,0
2024-07-21,port183,Buenaventura,3,1,3894,1553,3894,0,0,0,0,0,1553,0,0,0
2024-07-22,port183,Buenaventura,3,2,39687,0,11600,28086,0,0,0,0,0,0,0,0
2024-07-23,port183,Buenaventura,3,1,35805,0,32841,2964,0,0,0,0,0,0,0,0
2024-07-24,port183,Buenaventura,6,3,136859,4553,115850,21009,0,0,0,2931,1622,0,0,0
2024-07-25,port183,Buenaventura,3,1,0,24591,0,0,0,0,0,23220,1370,0,0,0
2024-07-26,port183,Buenaventura,3,2,32936,503,0,28223,0,4713,0,0,0,0,503,0
2024-07-27,port183,Buenaventura,3,3,14996,2844,0,14996,0,0,0,0,2844,0,0,0
2024-07-28,port183,Buenaventura,3,3,779,12338,0,779,0,0,0,0,12338,0,0,0
2024-07-29,port183,Buenaventura,1,0,49018,0,49018,0,0,0,0,0,0,0,0,0
2024-07-30,port183,Buenaventura,5,3,61588,2447,34602,26985,0,0,0,0,2447,0,0,0
2024-07-31,port183,Buenaventura,1,1,0,4550,0,0,0,0,0,0,4550,0,0,0
2024-08-01,port183,Buenaventura,4,3,56919,0,36767,20152,0,0,0,0,0,0,0,0
2024-08-02,port183,Buenaventura,2,1,77805,0,53040,24764,0,0,0,0,0,0,0,0
2024-08-03,port183,Buenaventura,6,4,24822,7197,9720,10388,0,4713,0,0,6693,0,503,0
2024-08-04,port183,Buenaventura,6,5,27307,14944,0,12560,0,14747,0,0,14944,0,0,0
2024-08-05,port183,Buenaventura,5,1,57875,1622,50001,5575,0,0,2297,0,1622,0,0,0
2024-08-06,port183,Buenaventura,3,2,0,15179,0,0,0,0,0,0,15179,0,0,0
2024-08-07,port183,Buenaventura,3,2,18366,1622,10545,7821,0,0,0,0,1622,0,0,0
2024-08-08,port183,Buenaventura,4,2,21838,8596,16263,5575,0,0,0,0,8596,0,0,0
2024-08-09,port183,Buenaventura,4,3,9961,3684,596,9365,0,0,0,0,3684,0,0,0
2024-08-10,port183,Buenaventura,3,2,35915,0,0,30066,5849,0,0,0,0,0,0,0
2024-08-11,port183,Buenaventura,4,3,19367,1622,0,15015,0,0,4351,0,1622,0,0,0
2024-08-12,port183,Buenaventura,2,1,2438,5651,0,2438,0,0,0,0,0,0,5651,0
2024-08-13,port183,Buenaventura,6,1,52405,6845,52405,0,0,0,0,2931,3914,0,0,0
2024-08-14,port183,Buenaventura,4,2,68443,1270,55328,646,12468,0,0,0,1270,0,0,0
2024-08-15,port183,Buenaventura,4,1,22899,886,12638,6639,0,0,3622,0,0,0,886,0
2024-08-16,port183,Buenaventura,3,3,27209,987,0,27209,0,0,0,0,987,0,0,0
2024-08-17,port183,Buenaventura,5,2,53805,607,25831,22385,5588,0,0,0,0,607,0,0
2024-08-18,port183,Buenaventura,6,4,1933,14984,0,775,0,1157,0,0,14984,0,0,0
2024-08-19,port183,Buenaventura,3,2,4659,4666,4659,0,0,0,0,0,4666,0,0,0
2024-08-20,port183,Buenaventura,6,6,20161,5920,0,20161,0,0,0,0,5920,0,0,0
2024-08-21,port183,Buenaventura,2,2,24827,1960,0,24827,0,0,0,0,1960,0,0,0
2024-08-22,port183,Buenaventura,4,3,20192,6209,0,14604,5588,0,0,0,5601,607,0,0
2024-08-23,port183,Buenaventura,5,2,53193,4108,50649,2544,0,0,0,2931,1177,0,0,0
2024-08-24,port183,Buenaventura,6,4,18811,14919,0,13307,0,5504,0,0,14268,0,650,0
2024-08-25,port183,Buenaventura,1,1,20745,0,0,20745,0,0,0,0,0,0,0,0
2024-08-26,port183,Buenaventura,6,2,65613,2450,41249,0,22885,1479,0,0,2450,0,0,0
2024-08-27,port183,Buenaventura,2,0,31997,0,31997,0,0,0,0,0,0,0,0,0
2024-08-28,port183,Buenaventura,3,2,20295,3362,0,0,0,20295,0,0,3362,0,0,0
2024-08-29,port183,Buenaventura,1,1,6775,0,0,6775,0,0,0,0,0,0,0,0
2024-08-30,port183,Buenaventura,8,3,93625,607,61504,16094,5588,10438,0,0,0,607,0,0
2024-08-31,port183,Buenaventura,7,4,57614,11509,20075,22327,0,15210,0,0,11509,0,0,0
2024-09-01,port183,Buenaventura,4,2,33390,7587,20653,10364,0,0,2372,2931,4655,0,0,0
2024-09-02,port183,Buenaventura,5,2,58754,0,57065,1689,0,0,0,0,0,0,0,0
2024-09-03,port183,Buenaventura,4,2,37284,0,11687,6878,0,18718,0,0,0,0,0,0
2024-09-04,port183,Buenaventura,5,2,17984,8244,6976,11007,0,0,0,521,1622,6101,0,0
2024-09-05,port183,Buenaventura,3,2,15454,650,0,9949,0,5504,0,0,0,0,650,0
2024-09-06,port183,Buenaventura,3,1,7926,57814,0,5575,0,2350,0,56192,1622,0,0,0
2024-09-07,port183,Buenaventura,1,1,5824,0,0,5824,0,0,0,0,0,0,0,0
2024-09-08,port183,Buenaventura,3,2,6625,0,1652,4973,0,0,0,0,0,0,0,0
2024-09-09,port183,Buenaventura,4,1,53893,2931,51741,2151,0,0,0,2931,0,0,0,0
2024-09-10,port183,Buenaventura,3,1,46051,0,45033,1018,0,0,0,0,0,0,0,0
2024-09-11,port183,Buenaventura,2,1,10087,0,0,7792,0,0,2294,0,0,0,0,0
2024-09-12,port183,Buenaventura,2,2,9826,13469,0,9826,0,0,0,0,13469,0,0,0
2024-09-13,port183,Buenaventura,3,2,11355,5227,0,11355,0,0,0,5227,0,0,0,0
2024-09-14,port183,Buenaventura,5,4,9256,1622,0,9256,0,0,0,0,1622,0,0,0
2024-09-15,port183,Buenaventura,5,3,34574,973,3046,14669,16858,0,0,0,973,0,0,0
2024-09-16,port183,Buenaventura,4,3,17957,2755,11603,6353,0,0,0,0,2755,0,0,0
2024-09-17,port183,Buenaventura,4,2,11437,1622,0,11437,0,0,0,0,1622,0,0,0
2024-09-18,port183,Buenaventura,2,1,5588,1637,0,0,5588,0,0,0,1029,607,0,0
2024-09-19,port183,Buenaventura,5,2,84608,2931,70980,13628,0,0,0,2931,0,0,0,0
2024-09-20,port183,Buenaventura,3,2,31979,2931,20653,11326,0,0,0,2931,0,0,0,0
2024-09-21,port183,Buenaventura,1,0,0,0,0,0,0,0,0,0,0,0,0,0
2024-09-22,port183,Buenaventura,5,3,7322,5357,0,7322,0,0,0,0,5357,0,0,0
2024-09-23,port183,Buenaventura,4,3,13014,1596,0,8301,0,4713,0,0,1093,0,503,0
2024-09-24,port183,Buenaventura,5,2,23672,5641,23180,491,0,0,0,2928,2712,0,0,0
2024-09-25,port183,Buenaventura,6,3,17001,51418,0,16011,0,0,989,49729,1622,0,0,66
2024-09-26,port183,Buenaventura,4,3,27685,3563,23145,4540,0,0,0,0,3563,0,0,0
2024-09-27,port183,Buenaventura,5,4,25033,1160,0,25033,0,0,0,0,0,1160,0,0
2024-09-28,port183,Buenaventura,2,1,54049,3382,54049,0,0,0,0,0,3382,0,0,0
2024-09-29,port183,Buenaventura,4,2,34181,7275,25169,775,8236,0,0,0,7275,0,0,0
2024-09-30,port183,Buenaventura,3,2,30738,0,0,30738,0,0,0,0,0,0,0,0
2024-10-01,port183,Buenaventura,3,2,12819,10596,12819,0,0,0,0,0,10596,0,0,0
2024-10-02,port183,Buenaventura,4,2,78549,2430,54282,16100,0,8166,0,0,2430,0,0,0
2024-10-03,port183,Buenaventura,2,1,19123,1574,19123,0,0,0,0,0,1574,0,0,0
2024-10-04,port183,Buenaventura,4,2,32474,0,11065,21408,0,0,0,0,0,0,0,0
2024-10-05,port183,Buenaventura,6,4,36497,9550,20653,11130,0,4713,0,2931,6115,0,503,0
2024-10-06,port183,Buenaventura,4,2,5468,5398,0,5468,0,0,0,0,1830,0,3567,0
2024-10-07,port183,Buenaventura,3,2,11483,8218,1666,9817,0,0,0,0,8218,0,0,0
2024-10-08,port183,Buenaventura,5,2,27826,3244,12188,11150,0,0,4487,0,3244,0,0,0
2024-10-09,port183,Buenaventura,4,4,25961,0,0,25961,0,0,0,0,0,0,0,0
2024-10-10,port183,Buenaventura,3,1,2569,19023,0,995,1574,0,0,19023,0,0,0,0
2024-10-11,port183,Buenaventura,8,5,87987,12041,58830,29156,0,0,0,0,12041,0,0,0
2024-10-12,port183,Buenaventura,3,3,4988,7336,0,4988,0,0,0,0,7336,0,0,0
2024-10-13,port183,Buenaventura,5,2,71026,779,48949,17234,4841,0,0,0,779,0,0,0
2024-10-14,port183,Buenaventura,3,1,17066,1622,11491,5575,0,0,0,0,1622,0,0,0
2024-10-15,port183,Buenaventura,2,1,5975,0,4053,1921,0,0,0,0,0,0,0,0
2024-10-16,port183,Buenaventura,4,2,63105,0,54191,7820,0,0,1093,0,0,0,0,0
2024-10-17,port183,Buenaventura,1,0,2359,0,2359,0,0,0,0,0,0,0,0,0
2024-10-18,port183,Buenaventura,4,3,39338,6555,20653,18685,0,0,0,2931,3623,0,0,0
2024-10-19,port183,Buenaventura,7,3,27069,2393,15953,11115,0,0,0,0,1622,0,771,0
2024-10-20,port183,Buenaventura,1,1,2439,0,0,2439,0,0,0,0,0,0,0,0
2024-10-21,port183,Buenaventura,5,3,80876,4613,60684,20191,0,0,0,0,4613,0,0,0
2024-10-22,port183,Buenaventura,1,1,39444,0,0,39444,0,0,0,0,0,0,0,0
2024-10-23,port183,Buenaventura,3,1,58794,1622,53219,5575,0,0,0,0,1622,0,0,0
2024-10-24,port183,Buenaventura,3,2,21879,2016,0,7485,0,14394,0,0,2016,0,0,0
2024-10-25,port183,Buenaventura,3,2,22907,12227,0,22907,0,0,0,0,0,0,12227,0
2024-10-26,port183,Buenaventura,5,2,25086,54608,17246,7840,0,0,0,54608,0,0,0,0
2024-10-27,port183,Buenaventura,3,3,2441,2443,0,2441,0,0,0,0,2443,0,0,0
2024-10-28,port183,Buenaventura,6,2,52088,55493,12166,39921,0,0,0,55493,0,0,0,0
2024-10-29,port183,Buenaventura,4,2,59509,11916,52829,4615,0,0,2063,0,11916,0,0,0
2024-10-30,port183,Buenaventura,3,2,41246,2931,20653,20593,0,0,0,2931,0,0,0,0
2024-10-31,port183,Buenaventura,3,1,10456,0,0,3590,0,5327,1538,0,0,0,0,0
2024-11-01,port183,Buenaventura,3,2,57047,0,28202,28844,0,0,0,0,0,0,0,0
2024-11-02,port183,Buenaventura,4,4,9381,23615,0,9381,0,0,0,0,23615,0,0,0
2024-11-03,port183,Buenaventura,3,1,6519,0,0,6519,0,0,0,0,0,0,0,0
2024-11-04,port183,Buenaventura,5,5,26966,1622,0,26966,0,0,0,0,1622,0,0,0
2024-11-05,port183,Buenaventura,5,3,43909,511,7562,36346,0,0,0,0,0,0,0,511
2024-11-06,port183,Buenaventura,4,2,20662,0,15071,5591,0,0,0,0,0,0,0,0
2024-11-07,port183,Buenaventura,2,1,61581,0,50284,11297,0,0,0,0,0,0,0,0
2024-11-08,port183,Buenaventura,4,1,64305,2603,54919,9386,0,0,0,0,0,0,0,2603
2024-11-09,port183,Buenaventura,2,2,8814,1622,0,8814,0,0,0,0,1622,0,0,0
2024-11-10,port183,Buenaventura,4,2,32226,11619,20653,6226,0,5346,0,2931,8687,0,0,0
2024-11-11,port183,Buenaventura,6,3,38764,0,23685,13001,0,0,2077,0,0,0,0,0
2024-11-12,port183,Buenaventura,4,2,36536,690,25745,10790,0,0,0,0,0,0,690,0
2024-11-13,port183,Buenaventura,3,1,57349,6521,57349,0,0,0,0,2931,3590,0,0,0
2024-11-14,port183,Buenaventura,2,2,26347,0,0,26347,0,0,0,0,0,0,0,0
2024-11-15,port183,Buenaventura,7,2,106175,0,97609,5089,0,3476,0,0,0,0,0,0
2024-11-16,port183,Buenaventura,3,2,5815,10949,0,5815,0,0,0,0,10949,0,0,0
2024-11-17,port183,Buenaventura,2,1,7648,1622,0,5575,2073,0,0,0,1622,0,0,0
2024-11-18,port183,Buenaventura,6,3,40863,1545,6652,31953,0,419,1837,0,1545,0,0,0
2024-11-19,port183,Buenaventura,2,2,5421,0,0,5421,0,0,0,0,0,0,0,0
2024-11-20,port183,Buenaventura,2,1,0,321,0,0,0,0,0,0,321,0,0,0
2024-11-21,port183,Buenaventura,3,1,8239,0,3854,2284,0,0,2101,0,0,0,0,0
2024-11-22,port183,Buenaventura,4,2,92207,0,54786,20222,0,17198,0,0,0,0,0,0
2024-11-23,port183,Buenaventura,2,1,8945,1622,0,5575,0,0,3369,0,1622,0,0,0
2024-11-24,port183,Buenaventura,2,2,0,1994,0,0,0,0,0,0,1994,0,0,0
2024-11-25,port183,Buenaventura,7,4,67354,30452,58408,8946,0,0,0,24967,5484,0,0,0
2024-11-26,port183,Buenaventura,4,1,86734,607,34096,31876,5588,15173,0,0,0,607,0,0
2024-11-27,port183,Buenaventura,2,2,3896,1595,0,3896,0,0,0,0,1595,0,0,0
2024-11-28,port183,Buenaventura,4,3,31343,0,0,19938,0,11405,0,0,0,0,0,0
2024-11-29,port183,Buenaventura,3,3,48753,0,0,48753,0,0,0,0,0,0,0,0
2024-11-30,port183,Buenaventura,8,4,107307,11157,91027,16279,0,0,0,2931,8225,0,0,0
2024-12-01,port183,Buenaventura,2,2,0,23885,0,0,0,0,0,0,23885,0,0,0
2024-12-02,port183,Buenaventura,2,2,0,5016,0,0,0,0,0,0,5016,0,0,0
2024-12-03,port183,Buenaventura,3,1,15007,0,0,8451,0,386,6169,0,0,0,0,0
2024-12-04,port183,Buenaventura,4,2,7293,639,1659,5633,0,0,0,0,639,0,0,0
2024-12-05,port183,Buenaventura,3,2,36631,0,1062,35568,0,0,0,0,0,0,0,0
2024-12-06,port183,Buenaventura,2,1,70953,0,51324,19629,0,0,0,0,0,0,0,0
2024-12-07,port183,Buenaventura,5,3,65916,4268,52688,12715,0,0,512,0,4268,0,0,0
2024-12-08,port183,Buenaventura,2,1,52746,0,52101,645,0,0,0,0,0,0,0,0
2024-12-09,port183,Buenaventura,3,2,5575,5265,0,5575,0,0,0,0,5265,0,0,0
2024-12-10,port183,Buenaventura,2,2,5861,0,0,5861,0,0,0,0,0,0,0,0
2024-12-11,port183,Buenaventura,5,3,30698,1622,0,23769,4184,0,2744,0,1622,0,0,0
2024-12-12,port183,Buenaventura,3,2,67200,0,52101,15099,0,0,0,0,0,0,0,0
2024-12-13,port183,Buenaventura,4,2,47489,0,30393,15054,0,2041,0,0,0,0,0,0
2024-12-14,port183,Buenaventura,3,3,18508,13999,0,18508,0,0,0,0,13999,0,0,0
2024-12-15,port183,Buenaventura,3,2,31804,6175,20653,11150,0,0,0,2931,3244,0,0,0
2024-12-16,port183,Buenaventura,8,4,22047,16057,9983,10356,0,1706,0,0,16057,0,0,0
2024-12-17,port183,Buenaventura,5,3,17337,1622,0,17337,0,0,0,0,1622,0,0,0
2024-12-18,port183,Buenaventura,2,0,32063,0,32063,0,0,0,0,0,0,0,0,0
2024-12-19,port183,Buenaventura,6,3,57021,0,36166,20855,0,0,0,0,0,0,0,0
2024-12-20,port183,Buenaventura,2,1,16317,0,7426,8891,0,0,0,0,0,0,0,0
2024-12-21,port183,Buenaventura,3,2,47849,4912,47849,0,0,0,0,0,4912,0,0,0
2024-12-22,port183,Buenaventura,5,4,27272,4532,11652,15619,0,0,0,0,4532,0,0,0
2024-12-23,port183,Buenaventura,3,2,20384,584,0,20384,0,0,0,584,0,0,0,0
2024-12-24,port183,Buenaventura,2,1,1410,0,0,1410,0,0,0,0,0,0,0,0
2024-12-25,port183,Buenaventura,6,5,54392,7044,20653,33739,0,0,0,2931,4112,0,0,0
2024-12-26,port183,Buenaventura,2,1,6302,0,0,6302,0,0,0,0,0,0,0,0
2024-12-27,port183,Buenaventura,2,1,17460,66,0,16471,0,0,989,0,0,0,0,66
2024-12-28,port183,Buenaventura,3,1,84989,10038,84989,0,0,0,0,0,10038,0,0,0
2024-12-29,port183,Buenaventura,4,3,52607,18220,52607,0,0,0,0,0,18220,0,0,0
2024-12-30,port183,Buenaventura,4,2,30503,18338,24928,5575,0,0,0,0,18338,0,0,0
2024-12-31,port183,Buenaventura,4,3,6661,2655,0,2243,4418,0,0,0,2655,0,0,0
2025-01-01,port183,Buenaventura,3,3,17379,320,0,17379,0,0,0,0,320,0,0,0
2025-01-02,port183,Buenaventura,5,2,19125,0,5784,12138,318,883,0,0,0,0,0,0
2025-01-03,port183,Buenaventura,5,3,29446,3143,0,12667,16000,778,0,0,3143,0,0,0
2025-01-04,port183,Buenaventura,5,3,35796,5426,22827,12969,0,0,0,0,5426,0,0,0
2025-01-05,port183,Buenaventura,3,1,10816,15607,10816,0,0,0,0,0,15607,0,0,0
2025-01-06,port183,Buenaventura,4,4,2462,6361,0,2462,0,0,0,0,6361,0,0,0
2025-01-07,port183,Buenaventura,4,2,38209,56214,0,5575,0,32633,0,50012,6202,0,0,0
2025-01-08,port183,Buenaventura,4,3,14514,0,2895,11619,0,0,0,0,0,0,0,0
2025-01-09,port183,Buenaventura,3,2,40151,0,0,25915,0,14236,0,0,0,0,0,0
2025-01-10,port183,Buenaventura,4,2,62469,0,24593,35657,0,0,2217,0,0,0,0,0
2025-01-11,port183,Buenaventura,6,2,98701,2931,75434,7811,0,15455,0,2931,0,0,0,0
2025-01-12,port183,Buenaventura,3,1,20367,7421,20367,0,0,0,0,0,7421,0,0,0
2025-01-13,port183,Buenaventura,5,3,61695,2200,54658,7036,0,0,0,0,2200,0,0,0
2025-01-14,port183,Buenaventura,2,1,1715,0,0,1715,0,0,0,0,0,0,0,0
2025-01-15,port183,Buenaventura,5,3,80861,0,52985,21806,6069,0,0,0,0,0,0,0
2025-01-16,port183,Buenaventura,5,3,66296,0,25103,41192,0,0,0,0,0,0,0,0
2025-01-17,port183,Buenaventura,4,3,10099,29672,0,7056,0,3042,0,0,29672,0,0,0
2025-01-18,port183,Buenaventura,3,2,22133,24879,0,22133,0,0,0,24879,0,0,0,0
2025-01-19,port183,Buenaventura,1,0,0,0,0,0,0,0,0,0,0,0,0,0
2025-01-20,port183,Buenaventura,10,4,27662,56170,14679,12983,0,0,0,53255,2915,0,0,0
2025-01-21,port183,Buenaventura,3,3,4108,1507,0,4108,0,0,0,0,1507,0,0,0
2025-01-22,port183,Buenaventura,2,1,40584,650,0,35080,0,5504,0,0,0,0,650,0
2025-01-23,port183,Buenaventura,5,2,57610,0,41399,16211,0,0,0,0,0,0,0,0
2025-01-24,port183,Buenaventura,3,3,29644,0,0,29644,0,0,0,0,0,0,0,0
2025-01-25,port183,Buenaventura,2,0,868,15826,0,0,0,0,868,0,0,0,15826,0
2025-01-26,port183,Buenaventura,5,4,54253,12818,41539,12714,0,0,0,0,12818,0,0,0
2025-01-27,port183,Buenaventura,7,4,54038,6958,40891,9165,0,3980,0,2931,4027,0,0,0
2025-01-28,port183,Buenaventura,1,1,2188,0,0,2188,0,0,0,0,0,0,0,0
2025-01-29,port183,Buenaventura,8,3,128540,28803,93008,27730,0,5504,2297,0,28152,0,650,0
2025-01-30,port183,Buenaventura,2,1,0,2106,0,0,0,0,0,0,2106,0,0,0
2025-01-31,port183,Buenaventura,2,1,21773,0,8849,12924,0,0,0,0,0,0,0,0
2025-02-01,port183,Buenaventura,5,3,61800,5390,53244,8555,0,0,0,0,5390,0,0,0
2025-02-02,port183,Buenaventura,5,3,8661,10588,1097,5758,0,1805,0,0,10588,0,0,0
2025-02-03,port183,Buenaventura,3,2,8981,1622,0,8981,0,0,0,0,1622,0,0,0
2025-02-04,port183,Buenaventura,3,1,5429,2839,0,0,3617,0,1812,0,2839,0,0,0
2025-02-05,port183,Buenaventura,8,5,33999,1622,0,21383,0,12616,0,0,1622,0,0,0
2025-02-06,port183,Buenaventura,2,1,24884,0,0,24884,0,0,0,0,0,0,0,0
2025-02-07,port183,Buenaventura,4,2,34058,365,11999,22058,0,0,0,365,0,0,0,0
2025-02-08,port183,Buenaventura,3,2,17187,9058,11612,5575,0,0,0,0,9058,0,0,0
2025-02-09,port183,Buenaventura,5,3,26902,25026,20653,5575,673,0,0,2931,22094,0,0,0
2025-02-10,port183,Buenaventura,6,4,97019,3244,61659,20161,15198,0,0,0,3244,0,0,0
2025-02-11,port183,Buenaventura,6,4,46630,3244,27044,19064,0,522,0,0,3244,0,0,0
2025-02-12,port183,Buenaventura,3,1,4692,5488,1653,0,0,0,3038,0,5488,0,0,0
2025-02-13,port183,Buenaventura,5,3,32146,1622,7162,24150,0,0,832,0,1622,0,0,0
2025-02-14,port183,Buenaventura,2,2,17875,0,0,17875,0,0,0,0,0,0,0,0
2025-02-15,port183,Buenaventura,3,2,45427,1622,0,15197,0,30230,0,0,1622,0,0,0
2025-02-16,port183,Buenaventura,4,3,65651,1622,56880,8771,0,0,0,0,1622,0,0,0
2025-02-17,port183,Buenaventura,4,3,16347,4380,0,16347,0,0,0,0,4380,0,0,0
2025-02-18,port183,Buenaventura,6,2,66269,2931,52711,5677,2488,5391,0,2931,0,0,0,0
2025-02-19,port183,Buenaventura,2,1,15352,0,12784,2567,0,0,0,0,0,0,0,0
2025-02-20,port183,Buenaventura,5,2,33379,0,24405,8973,0,0,0,0,0,0,0,0
2025-02-21,port183,Buenaventura,4,1,53366,5063,29152,0,5588,18626,0,0,4456,607,0,0
2025-02-22,port183,Buenaventura,4,3,9284,13149,0,9284,0,0,0,0,13149,0,0,0
2025-02-23,port183,Buenaventura,4,2,58556,0,53184,5371,0,0,0,0,0,0,0,0
2025-02-24,port183,Buenaventura,8,3,87155,4491,77288,6326,0,3540,0,2931,1560,0,0,0
2025-02-25,port183,Buenaventura,5,2,35535,13730,26044,3902,5588,0,0,0,13122,607,0,0
2025-02-26,port183,Buenaventura,4,1,24133,484,0,24133,0,0,0,484,0,0,0,0
2025-02-27,port183,Buenaventura,1,1,0,766,0,0,0,0,0,0,766,0,0,0
2025-02-28,port183,Buenaventura,2,2,3525,7382,0,3525,0,0,0,0,7382,0,0,0
2025-03-01,port183,Buenaventura,2,1,0,1502,0,0,0,0,0,0,1502,0,0,0
2025-03-02,port183,Buenaventura,4,3,17502,0,0,16336,0,0,1165,0,0,0,0,0
2025-03-03,port183,Buenaventura,4,2,5575,5284,0,5575,0,0,0,959,4324,0,0,0
2025-03-04,port183,Buenaventura,3,2,34003,0,11897,22105,0,0,0,0,0,0,0,0
2025-03-05,port183,Buenaventura,3,3,28093,1535,0,28093,0,0,0,0,1535,0,0,0
2025-03-06,port183,Buenaventura,3,1,49878,0,28018,20907,0,0,952,0,0,0,0,0
2025-03-07,port183,Buenaventura,3,2,36820,0,4832,31988,0,0,0,0,0,0,0,0
2025-03-08,port183,Buenaventura,3,3,5575,9115,0,5575,0,0,0,0,9115,0,0,0
2025-03-09,port183,Buenaventura,4,1,61874,1387,51934,0,5588,0,4351,0,779,607,0,0
2025-03-10,port183,Buenaventura,5,3,46526,4204,20653,25873,0,0,0,2931,1273,0,0,0
2025-03-11,port183,Buenaventura,5,2,81759,0,63147,18612,0,0,0,0,0,0,0,0
2025-03-12,port183,Buenaventura,5,2,37317,30116,25138,12178,0,0,0,28494,1622,0,0,0
2025-03-13,port183,Buenaventura,2,0,13513,0,0,0,0,13513,0,0,0,0,0,0
2025-03-14,port183,Buenaventura,2,0,507,0,0,0,0,0,507,0,0,0,0,0
2025-03-15,port183,Buenaventura,3,2,23153,2531,21823,1330,0,0,0,0,2531,0,0,0
2025-03-16,port183,Buenaventura,2,2,5220,4669,0,5220,0,0,0,0,4669,0,0,0
2025-03-17,port183,Buenaventura,3,2,27140,0,0,25838,0,1302,0,0,0,0,0,0
2025-03-18,port183,Buenaventura,7,4,69274,6880,62728,6546,0,0,0,0,6880,0,0,0
2025-03-19,port183,Buenaventura,4,0,30129,3435,20653,0,4763,4713,0,2931,0,0,503,0
2025-03-20,port183,Buenaventura,4,1,16667,2880,0,5575,5588,5504,0,0,1622,607,650,0
2025-03-21,port183,Buenaventura,3,3,28959,1082,0,28959,0,0,0,0,1082,0,0,0
2025-03-22,port183,Buenaventura,4,3,26359,3298,0,6526,0,19832,0,0,3298,0,0,0
2025-03-23,port183,Buenaventura,4,2,59985,15532,54409,5575,0,0,0,2923,12609,0,0,0
2025-03-24,port183,Buenaventura,5,3,40529,2719,27964,12564,0,0,0,0,2719,0,0,0
2025-03-25,port183,Buenaventura,4,2,78321,388,53303,25018,0,0,0,0,0,0,388,0
2025-03-26,port183,Buenaventura,3,1,29123,0,23821,5301,0,0,0,0,0,0,0,0
2025-03-27,port183,Buenaventura,2,2,9006,1622,0,9006,0,0,0,0,1622,0,0,0
2025-03-28,port183,Buenaventura,1,1,3779,0,0,3779,0,0,0,0,0,0,0,0
2025-03-29,port183,Buenaventura,2,1,5575,60563,0,5575,0,0,0,58941,1622,0,0,0
2025-03-30,port183,Buenaventura,6,4,57190,18966,50061,7128,0,0,0,0,18966,0,0,0
2025-03-31,port183,Buenaventura,3,2,22268,0,18225,4042,0,0,0,0,0,0,0,0
2025-04-01,port183,Buenaventura,5,1,136902,607,106104,25209,5588,0,0,0,0,607,0,0
2025-04-02,port183,Buenaventura,4,1,41284,0,20312,6027,0,12768,2175,0,0,0,0,0
2025-04-03,port183,Buenaventura,5,3,22800,1622,0,22800,0,0,0,0,1622,0,0,0
2025-04-04,port183,Buenaventura,2,1,30668,2931,20653,10014,0,0,0,2931,0,0,0,0
2025-04-05,port183,Buenaventura,4,1,79354,1120,79354,0,0,0,0,0,1120,0,0,0
2025-04-06,port183,Buenaventura,3,3,8395,1811,0,8395,0,0,0,0,1811,0,0,0
2025-04-07,port183,Buenaventura,4,1,38935,0,32750,2874,0,0,3309,0,0,0,0,0
2025-04-08,port183,Buenaventura,3,1,0,879,0,0,0,0,0,0,879,0,0,0
2025-04-09,port183,Buenaventura,3,2,24691,2809,0,24691,0,0,0,0,0,0,2809,0
2025-04-10,port183,Buenaventura,2,2,22643,0,0,22643,0,0,0,0,0,0,0,0
2025-04-11,port183,Buenaventura,0,0,0,0,0,0,0,0,0,0,0,0,0,0
2025-04-12,port183,Buenaventura,6,2,152675,66,144768,6917,0,0,989,0,0,0,0,66
2025-04-13,port183,Buenaventura,4,3,54826,6011,49735,5090,0,0,0,0,6011,0,0,0
2025-04-14,port183,Buenaventura,6,3,39570,2533,15043,24526,0,0,0,0,2533,0,0,0
2025-04-15,port183,Buenaventura,3,2,58186,602,53758,4427,0,0,0,0,602,0,0,0
2025-04-16,port183,Buenaventura,2,1,4626,0,0,4626,0,0,0,0,0,0,0,0
2025-04-17,port183,Buenaventura,2,1,42830,0,0,20841,0,21988,0,0,0,0,0,0
2025-04-18,port183,Buenaventura,1,0,5504,650,0,0,0,5504,0,0,0,0,650,0
2025-04-19,port183,Buenaventura,1,1,11699,0,0,11699,0,0,0,0,0,0,0,0
2025-04-20,port183,Buenaventura,5,2,41224,3992,35230,3679,0,2313,0,0,3992,0,0,0
2025-04-21,port183,Buenaventura,4,2,27418,1622,12602,14816,0,0,0,0,1622,0,0,0
2025-04-22,port183,Buenaventura,5,2,45356,607,13373,23486,5588,0,2908,0,0,607,0,0
2025-04-23,port183,Buenaventura,2,2,17378,0,0,17378,0,0,0,0,0,0,0,0
2025-04-24,port183,Buenaventura,2,1,11698,0,0,6975,4722,0,0,0,0,0,0,0
2025-04-25,port183,Buenaventura,2,0,13282,0,0,0,0,13282,0,0,0,0,0,0
2025-04-26,port183,Buenaventura,3,2,36153,7626,16226,19926,0,0,0,0,7626,0,0,0
2025-04-27,port183,Buenaventura,3,1,3952,34211,0,3952,0,0,0,34211,0,0,0,0
2025-04-28,port183,Buenaventura,6,4,72499,6389,57135,15363,0,0,0,0,6389,0,0,0
2025-04-29,port183,Buenaventura,3,2,26745,0,0,26745,0,0,0,0,0,0,0,0
2025-04-30,port183,Buenaventura,4,2,57061,0,0,44773,0,12288,0,0,0,0,0,0
2025-05-01,port183,Buenaventura,4,2,48303,8927,21422,26880,0,0,0,0,8927,0,0,0
2025-05-02,port183,Buenaventura,5,3,44007,0,9914,15311,0,18781,0,0,0,0,0,0
2025-05-03,port183,Buenaventura,1,0,53661,0,53661,0,0,0,0,0,0,0,0,0
2025-05-04,port183,Buenaventura,5,3,32202,6249,30503,780,0,0,918,0,6249,0,0,0
2025-05-05,port183,Buenaventura,6,4,112486,3244,81873,30612,0,0,0,0,3244,0,0,0
2025-05-06,port183,Buenaventura,4,2,48554,1622,26400,21564,0,0,589,0,1622,0,0,0
2025-05-07,port183,Buenaventura,3,2,23646,0,0,23646,0,0,0,0,0,0,0,0
2025-05-08,port183,Buenaventura,3,0,38894,0,38894,0,0,0,0,0,0,0,0,0
2025-05-09,port183,Buenaventura,3,2,28585,0,0,11339,0,17245,0,0,0,0,0,0
2025-05-10,port183,Buenaventura,4,3,7912,18375,0,4849,0,3063,0,0,18375,0,0,0
2025-05-11,port183,Buenaventura,3,1,7190,0,0,1563,0,3575,2052,0,0,0,0,0
2025-05-12,port183,Buenaventura,4,3,49869,0,8639,41229,0,0,0,0,0,0,0,0
2025-05-13,port183,Buenaventura,1,1,3791,0,0,3791,0,0,0,0,0,0,0,0
2025-05-14,port183,Buenaventura,4,3,77724,0,0,46640,0,31083,0,0,0,0,0,0
2025-05-15,port183,Buenaventura,1,1,5575,1622,0,5575,0,0,0,0,1622,0,0,0
2025-05-16,port183,Buenaventura,4,2,19904,541,12076,5075,0,0,2752,0,541,0,0,0
2025-05-17,port183,Buenaventura,1,1,0,6867,0,0,0,0,0,0,6867,0,0,0
2025-05-18,port183,Buenaventura,3,3,3655,10140,0,3655,0,0,0,0,10140,0,0,0
2025-05-19,port183,Buenaventura,2,2,11780,1007,0,11780,0,0,0,0,1007,0,0,0
2025-05-20,port183,Buenaventura,5,2,79237,0,52101,22858,0,4277,0,0,0,0,0,0
2025-05-21,port183,Buenaventura,5,1,101269,2931,89447,11311,0,0,511,2931,0,0,0,0
2025-05-22,port183,Buenaventura,5,2,85032,1863,53354,8547,17625,5504,0,0,1212,0,650,0
2025-05-23,port183,Buenaventura,2,2,17115,0,0,17115,0,0,0,0,0,0,0,0
2025-05-24,port183,Buenaventura,2,2,0,4860,0,0,0,0,0,0,4860,0,0,0
2025-05-25,port183,Buenaventura,7,4,49266,4802,33211,16055,0,0,0,0,4802,0,0,0
2025-05-26,port183,Buenaventura,4,2,77305,0,53954,20355,2995,0,0,0,0,0,0,0
2025-05-27,port183,Buenaventura,4,1,38886,3539,20653,12645,5588,0,0,2931,0,607,0,0
2025-05-28,port183,Buenaventura,3,3,48250,0,0,48250,0,0,0,0,0,0,0,0
2025-05-29,port183,Buenaventura,3,1,39796,0,37498,2297,0,0,0,0,0,0,0,0
2025-05-30,port183,Buenaventura,3,2,52872,0,43585,9287,0,0,0,0,0,0,0,0
2025-05-31,port183,Buenaventura,2,1,54554,9861,54554,0,0,0,0,0,9861,0,0,0
2025-06-01,port183,Buenaventura,5,4,35249,1557,0,34382,0,867,0,0,1557,0,0,0
2025-06-02,port183,Buenaventura,5,3,29094,15913,18011,5575,0,0,5508,0,15913,0,0,0
2025-06-03,port183,Buenaventura,5,3,41941,1622,4660,28400,8881,0,0,0,1622,0,0,0
2025-06-04,port183,Buenaventura,4,1,45540,0,42109,3431,0,0,0,0,0,0,0,0
2025-06-05,port183,Buenaventura,1,0,5588,607,0,0,5588,0,0,0,0,607,0,0
2025-06-06,port183,Buenaventura,4,3,74604,958,52261,22343,0,0,0,0,958,0,0,0
2025-06-07,port183,Buenaventura,4,2,7550,4093,1666,5575,0,309,0,0,4093,0,0,0
2025-06-08,port183,Buenaventura,5,3,11184,7842,0,6946,0,4237,0,0,7237,0,0,605
2025-06-09,port183,Buenaventura,3,1,16701,0,7540,9161,0,0,0,0,0,0,0,0
2025-06-10,port183,Buenaventura,4,3,14580,18429,6490,8089,0,0,0,0,18429,0,0,0
2025-06-11,port183,Buenaventura,4,3,63517,0,0,50071,0,13446,0,0,0,0,0,0
2025-06-12,port183,Buenaventura,1,0,4024,0,0,0,0,4024,0,0,0,0,0,0
2025-06-13,port183,Buenaventura,6,3,55619,2244,35212,17971,0,0,2436,0,2244,0,0,0
2025-06-14,port183,Buenaventura,1,0,6159,0,6159,0,0,0,0,0,0,0,0,0
2025-06-15,port183,Buenaventura,4,2,54543,12295,52227,2315,0,0,0,2931,9363,0,0,0
2025-06-16,port183,Buenaventura,9,6,90715,10938,37544,53170,0,0,0,2931,8007,0,0,0
2025-06-17,port183,Buenaventura,4,1,128399,0,99463,28935,0,0,0,0,0,0,0,0
2025-06-18,port183,Buenaventura,2,1,46972,0,30827,16145,0,0,0,0,0,0,0,0
2025-06-19,port183,Buenaventura,4,1,77370,0,61766,11393,0,0,4210,0,0,0,0,0
2025-06-20,port183,Buenaventura,2,2,15633,0,0,15633,0,0,0,0,0,0,0,0
2025-06-21,port183,Buenaventura,3,2,26469,3678,0,2531,0,23938,0,0,3678,0,0,0
2025-06-22,port183,Buenaventura,4,4,8791,7061,0,8791,0,0,0,0,7061,0,0,0
2025-06-23,port183,Buenaventura,5,4,22707,3244,0,19177,0,3529,0,0,3244,0,0,0
2025-06-24,port183,Buenaventura,5,2,21277,26653,6351,14925,0,0,0,26653,0,0,0,0
2025-06-25,port183,Buenaventura,5,2,23176,0,5721,15634,0,0,1820,0,0,0,0,0
2025-06-26,port183,Buenaventura,3,2,7642,8024,0,7059,0,0,583,0,8024,0,0,0
2025-06-27,port183,Buenaventura,4,2,85272,3244,74121,11150,0,0,0,0,3244,0,0,0
2025-06-28,port183,Buenaventura,4,2,68818,9061,63243,5575,0,0,0,0,9061,0,0,0
2025-06-29,port183,Buenaventura,6,3,52138,502,41837,10301,0,0,0,0,502,0,0,0
2025-06-30,port183,Buenaventura,3,3,37191,0,0,37191,0,0,0,0,0,0,0,0
2025-07-01,port183,Buenaventura,2,0,32612,0,32612,0,0,0,0,0,0,0,0,0
2025-07-02,port183,Buenaventura,2,1,24047,650,0,18542,0,5504,0,0,0,0,650,0
2025-07-03,port183,Buenaventura,4,3,50603,0,0,50501,0,0,102,0,0,0,0,0
2025-07-04,port183,Buenaventura,2,1,24610,0,13853,10756,0,0,0,0,0,0,0,0
2025-07-05,port183,Buenaventura,4,3,51251,2297,49053,2198,0,0,0,0,2297,0,0,0
2025-07-06,port183,Buenaventura,6,4,62016,2402,49912,12104,0,0,0,0,2402,0,0,0
2025-07-07,port183,Buenaventura,2,1,42947,1622,37371,5575,0,0,0,0,1622,0,0,0
2025-07-08,port183,Buenaventura,3,2,12603,0,0,10271,0,0,2331,0,0,0,0,0
2025-07-09,port183,Buenaventura,3,2,30284,66,0,29295,0,0,989,0,0,0,0,66
2025-07-10,port183,Buenaventura,4,2,51475,1622,0,14673,0,36802,0,0,1622,0,0,0
2025-07-11,port183,Buenaventura,4,2,71563,0,50939,20040,0,0,583,0,0,0,0,0
2025-07-12,port183,Buenaventura,5,2,97627,3353,70903,7857,0,18866,0,0,3353,0,0,0
2025-07-13,port183,Buenaventura,6,4,60866,14405,54194,6671,0,0,0,0,14405,0,0,0
2025-07-14,port183,Buenaventura,5,2,87815,8172,71777,16037,0,0,0,5863,2309,0,0,0
2025-07-15,port183,Buenaventura,2,2,27005,1622,0,27005,0,0,0,0,1622,0,0,0
2025-07-16,port183,Buenaventura,2,1,11596,0,3195,8400,0,0,0,0,0,0,0,0
2025-07-17,port183,Buenaventura,3,3,25354,0,0,25354,0,0,0,0,0,0,0,0
2025-07-18,port183,Buenaventura,3,1,60839,0,51943,6666,0,0,2228,0,0,0,0,0
2025-07-19,port183,Buenaventura,3,3,33303,1622,0,33303,0,0,0,0,1622,0,0,0
2025-07-20,port183,Buenaventura,5,4,9483,63201,0,9483,0,0,0,58635,4565,0,0,0
2025-07-21,port183,Buenaventura,3,3,19243,0,0,19243,0,0,0,0,0,0,0,0
2025-07-22,port183,Buenaventura,7,4,82393,5161,60296,19082,0,0,3014,2931,2229,0,0,0
2025-07-23,port183,Buenaventura,2,2,4376,484,0,4376,0,0,0,0,484,0,0,0
2025-07-24,port183,Buenaventura,6,2,108978,607,73962,28474,5588,952,0,0,0,607,0,0
2025-07-25,port183,Buenaventura,2,2,3802,1269,0,3802,0,0,0,0,1269,0,0,0
2025-07-26,port183,Buenaventura,2,2,46263,0,0,46263,0,0,0,0,0,0,0,0
2025-07-27,port183,Buenaventura,4,2,1337,9557,0,1337,0,0,0,0,3899,0,5657,0
2025-07-28,port183,Buenaventura,7,3,42332,16813,5837,6338,30156,0,0,0,16583,229,0,0
2025-07-29,port183,Buenaventura,2,1,6776,0,0,6776,0,0,0,0,0,0,0,0
2025-07-30,port183,Buenaventura,2,1,25352,0,16880,8471,0,0,0,0,0,0,0,0
2025-07-31,port183,Buenaventura,2,2,33413,0,0,33413,0,0,0,0,0,0,0,0
2025-08-01,port183,Buenaventura,4,2,42348,1622,0,21727,187,20432,0,0,1622,0,0,0
2025-08-02,port183,Buenaventura,5,3,70102,16063,61481,8620,0,0,0,0,16063,0,0,0
2025-08-03,port183,Buenaventura,3,1,56150,0,51722,969,0,3458,0,0,0,0,0,0
2025-08-04,port183,Buenaventura,5,4,16033,6349,0,13118,0,0,2914,0,6349,0,0,0
2025-08-05,port183,Buenaventura,5,3,46258,1622,18104,7732,0,20420,0,0,1622,0,0,0
2025-08-06,port183,Buenaventura,3,2,41321,0,6507,34813,0,0,0,0,0,0,0,0
2025-08-07,port183,Buenaventura,4,2,21441,0,20229,1212,0,0,0,0,0,0,0,0
2025-08-08,port183,Buenaventura,3,2,28914,0,2871,26043,0,0,0,0,0,0,0,0
2025-08-09,port183,Buenaventura,2,1,7558,0,0,6688,0,869,0,0,0,0,0,0
2025-08-10,port183,Buenaventura,7,5,40071,9767,27153,12917,0,0,0,0,9767,0,0,0
2025-08-11,port183,Buenaventura,4,3,39591,1622,0,24555,0,15035,0,0,1622,0,0,0
2025-08-12,port183,Buenaventura,3,1,121223,0,111353,9870,0,0,0,0,0,0,0,0
2025-08-13,port183,Buenaventura,6,1,74334,0,0,37755,32935,3134,508,0,0,0,0,0
2025-08-14,port183,Buenaventura,3,1,65341,0,53938,11403,0,0,0,0,0,0,0,0
2025-08-15,port183,Buenaventura,4,1,66873,650,49642,11726,0,5504,0,0,0,0,650,0
2025-08-16,port183,Buenaventura,3,2,2961,10169,0,509,0,2451,0,0,10169,0,0,0
2025-08-17,port183,Buenaventura,5,4,21171,6561,0,21171,0,0,0,0,6561,0,0,0
2025-08-18,port183,Buenaventura,3,2,19950,0,0,18199,0,1751,0,0,0,0,0,0
2025-08-19,port183,Buenaventura,6,3,83636,1622,31722,34196,0,17716,0,0,1622,0,0,0
2025-08-20,port183,Buenaventura,4,3,83986,0,52183,31802,0,0,0,0,0,0,0,0
2025-08-21,port183,Buenaventura,2,1,33288,607,0,27700,5588,0,0,0,0,607,0,0
2025-08-22,port183,Buenaventura,3,2,7806,14583,0,5575,0,0,2230,0,14583,0,0,0
2025-08-23,port183,Buenaventura,4,3,30148,5263,0,11150,0,18997,0,0,5263,0,0,0
2025-08-24,port183,Buenaventura,2,1,15992,0,13785,2207,0,0,0,0,0,0,0,0
2025-08-25,port183,Buenaventura,6,6,33574,2130,0,33574,0,0,0,0,2130,0,0,0
2025-08-26,port183,Buenaventura,2,1,8053,4365,8053,0,0,0,0,0,4365,0,0,0
2025-08-27,port183,Buenaventura,3,2,18266,1622,3788,14477,0,0,0,0,1622,0,0,0
2025-08-28,port183,Buenaventura,2,1,2540,0,0,2540,0,0,0,0,0,0,0,0
2025-08-29,port183,Buenaventura,4,1,11210,1259,8722,0,0,0,2487,0,1026,233,0,0
2025-08-30,port183,Buenaventura,3,2,39889,5801,0,14066,0,25823,0,0,5801,0,0,0
2025-08-31,port183,Buenaventura,2,1,58266,0,52769,5497,0,0,0,0,0,0,0,0
2025-09-01,port183,Buenaventura,5,3,47818,2541,46815,1002,0,0,0,0,2541,0,0,0
2025-09-02,port183,Buenaventura,3,2,60930,0,21212,39718,0,0,0,0,0,0,0,0
2025-09-03,port183,Buenaventura,3,1,64670,0,53205,8089,0,0,3374,0,0,0,0,0
2025-09-04,port183,Buenaventura,2,2,22578,1622,0,22578,0,0,0,0,1622,0,0,0
2025-09-05,port183,Buenaventura,4,3,14211,3110,0,7448,0,6762,0,0,3110,0,0,0
2025-09-06,port183,Buenaventura,3,3,21521,7615,0,21521,0,0,0,0,7615,0,0,0
2025-09-07,port183,Buenaventura,4,3,10394,7068,0,9270,0,1124,0,0,7068,0,0,0
2025-09-08,port183,Buenaventura,6,3,52861,1622,34892,17969,0,0,0,0,1622,0,0,0
2025-09-09,port183,Buenaventura,4,1,24484,0,0,0,1028,23455,0,0,0,0,0,0
2025-09-10,port183,Buenaventura,4,3,32827,0,0,30748,0,0,2078,0,0,0,0,0
2025-09-11,port183,Buenaventura,4,1,62201,6762,52295,6472,0,3433,0,0,0,0,6762,0
2025-09-12,port183,Buenaventura,3,0,22042,0,18941,0,0,0,3100,0,0,0,0,0
2025-09-13,port183,Buenaventura,5,3,53435,6018,53435,0,0,0,0,0,6018,0,0,0
2025-09-14,port183,Buenaventura,3,2,53045,7787,51966,1078,0,0,0,0,7787,0,0,0
2025-09-15,port183,Buenaventura,5,3,10158,6265,0,10158,0,0,0,0,5093,1171,0,0
2025-09-16,port183,Buenaventura,5,4,33081,5691,0,17145,0,15935,0,0,5691,0,0,0
2025-09-17,port183,Buenaventura,5,4,84736,1510,0,68012,16724,0,0,0,1510,0,0,0
2025-09-18,port183,Buenaventura,2,0,9731,607,0,0,5588,0,4143,0,0,607,0,0
2025-09-19,port183,Buenaventura,3,2,42164,58814,0,42164,0,0,0,58063,751,0,0,0
2025-09-20,port183,Buenaventura,2,1,51987,0,45864,6122,0,0,0,0,0,0,0,0
2025-09-21,port183,Buenaventura,5,4,24158,6214,8134,16024,0,0,0,0,6214,0,0,0
2025-09-22,port183,Buenaventura,4,2,87575,2931,20653,42984,0,23938,0,2931,0,0,0,0
2025-09-23,port183,Buenaventura,2,2,11610,1250,0,11610,0,0,0,0,1250,0,0,0
2025-09-24,port183,Buenaventura,6,3,57937,7585,38758,19178,0,0,0,2931,4653,0,0,0
2025-09-25,port183,Buenaventura,5,2,41636,4553,29472,12163,0,0,0,2931,1622,0,0,0
2025-09-26,port183,Buenaventura,2,1,16923,1622,0,5575,0,11348,0,0,1622,0,0,0
2025-09-27,port183,Buenaventura,2,1,28073,3008,28073,0,0,0,0,0,3008,0,0,0
2025-09-28,port183,Buenaventura,4,3,57777,2196,0,44421,0,13356,0,0,2196,0,0,0
2025-09-29,port183,Buenaventura,4,3,33695,3244,18108,15587,0,0,0,0,3244,0,0,0
2025-09-30,port183,Buenaventura,4,3,32709,1390,30083,2625,0,0,0,0,1390,0,0,0
2025-10-01,port183,Buenaventura,7,3,117280,2931,97887,19393,0,0,0,2931,0,0,0,0
2025-10-02,port183,Buenaventura,2,1,5867,0,0,5867,0,0,0,0,0,0,0,0
2025-10-03,port183,Buenaventura,3,2,20747,12354,0,20747,0,0,0,0,0,0,12354,0
2025-10-04,port183,Buenaventura,3,3,9985,6630,0,9985,0,0,0,0,6630,0,0,0
2025-10-05,port183,Buenaventura,4,2,58201,6371,36755,21446,0,0,0,0,6371,0,0,0
2025-10-06,port183,Buenaventura,6,3,2870,10203,2870,0,0,0,0,0,10203,0,0,0
2025-10-07,port183,Buenaventura,4,3,78322,0,46645,31676,0,0,0,0,0,0,0,0
2025-10-08,port183,Buenaventura,6,3,46483,0,23745,21657,0,1081,0,0,0,0,0,0
2025-10-09,port183,Buenaventura,6,1,24612,741,15611,7338,0,0,1662,741,0,0,0,0
2025-10-10,port183,Buenaventura,3,2,30825,10127,0,30362,0,463,0,0,10127,0,0,0
2025-10-11,port183,Buenaventura,2,1,55585,0,52256,3329,0,0,0,0,0,0,0,0
2025-10-12,port183,Buenaventura,3,1,33514,0,24791,8723,0,0,0,0,0,0,0,0
2025-10-13,port183,Buenaventura,3,3,1237,9164,0,1237,0,0,0,0,9164,0,0,0
2025-10-14,port183,Buenaventura,4,1,59858,16988,39557,6890,0,13411,0,16988,0,0,0,0
2025-10-15,port183,Buenaventura,4,3,33000,0,12050,20950,0,0,0,0,0,0,0,0
2025-10-16,port183,Buenaventura,5,2,42656,0,16769,25887,0,0,0,0,0,0,0,0
2025-10-17,port183,Buenaventura,3,2,21389,8596,3842,17547,0,0,0,0,8596,0,0,0
2025-10-18,port183,Buenaventura,4,3,33340,5805,0,33340,0,0,0,0,5805,0,0,0
2025-10-19,port183,Buenaventura,2,1,11021,0,0,11021,0,0,0,0,0,0,0,0
2025-10-20,port183,Buenaventura,9,6,45405,29917,5628,38166,0,1610,0,26640,3277,0,0,0
2025-10-21,port183,Buenaventura,2,2,12123,0,0,12123,0,0,0,0,0,0,0,0
2025-10-22,port183,Buenaventura,5,2,35716,19465,11534,23313,0,0,868,0,1622,0,17843,0
2025-10-23,port183,Buenaventura,5,3,40626,2037,10713,6754,0,23157,0,0,2037,0,0,0
2025-10-24,port183,Buenaventura,5,2,126624,7549,102264,13837,10522,0,0,0,7549,0,0,0
2025-10-25,port183,Buenaventura,1,1,5575,1622,0,5575,0,0,0,0,1622,0,0,0
2025-10-26,port183,Buenaventura,3,2,74970,912,60999,13971,0,0,0,0,912,0,0,0
2025-10-27,port183,Buenaventura,6,4,60483,3244,3689,52227,4567,0,0,0,3244,0,0,0
2025-10-28,port183,Buenaventura,1,1,15192,0,0,15192,0,0,0,0,0,0,0,0
2025-10-29,port183,Buenaventura,1,1,19998,0,0,19998,0,0,0,0,0,0,0,0
2025-10-30,port183,Buenaventura,3,2,18068,1622,0,18068,0,0,0,0,1622,0,0,0
2025-10-31,port183,Buenaventura,3,2,34591,0,0,33326,0,1265,0,0,0,0,0,0
2025-11-01,port183,Buenaventura,2,2,5575,4301,0,5575,0,0,0,0,4301,0,0,0
2025-11-02,port183,Buenaventura,6,4,47806,14158,32361,15444,0,0,0,0,14158,0,0,0
2025-11-03,port183,Buenaventura,5,4,14134,6397,0,14134,0,0,0,0,5960,0,437,0
2025-11-04,port183,Buenaventura,7,2,123680,8036,74638,26001,18843,0,4197,2931,4497,607,0,0
2025-11-05,port183,Buenaventura,1,1,14634,0,0,14634,0,0,0,0,0,0,0,0
2025-11-06,port183,Buenaventura,3,1,16905,0,14429,2475,0,0,0,0,0,0,0,0
2025-11-07,port183,Buenaventura,6,2,113277,2262,83122,30155,0,0,0,0,2262,0,0,0
2025-11-08,port183,Buenaventura,3,1,18370,0,0,13347,5023,0,0,0,0,0,0,0
2025-11-09,port183,Buenaventura,3,1,88227,0,85886,2340,0,0,0,0,0,0,0,0
2025-11-10,port183,Buenaventura,6,4,66204,1555,18019,42679,0,5504,0,0,904,0,650,0
2025-11-11,port183,Buenaventura,1,1,3663,0,0,3663,0,0,0,0,0,0,0,0
2025-11-12,port183,Buenaventura,4,2,20377,0,2563,16251,0,1562,0,0,0,0,0,0
2025-11-13,port183,Buenaventura,4,2,26500,0,0,16795,4975,0,4729,0,0,0,0,0
2025-11-14,port183,Buenaventura,3,2,31081,1622,0,29518,0,1563,0,0,1622,0,0,0
2025-11-15,port183,Buenaventura,3,2,19282,9042,13707,5575,0,0,0,0,9042,0,0,0
2025-11-16,port183,Buenaventura,3,2,28202,1554,11266,16936,0,0,0,0,1554,0,0,0
2025-11-17,port183,Buenaventura,5,3,61340,3752,30822,621,0,29896,0,0,3752,0,0,0
2025-11-18,port183,Buenaventura,4,2,19022,0,0,14072,1007,0,3943,0,0,0,0,0
2025-11-19,port183,Buenaventura,1,1,11382,0,0,11382,0,0,0,0,0,0,0,0
2025-11-20,port183,Buenaventura,5,1,12643,53443,2904,9507,231,0,0,53443,0,0,0,0
2025-11-21,port183,Buenaventura,2,1,17137,4012,17137,0,0,0,0,0,4012,0,0,0
2025-11-22,port183,Buenaventura,4,3,14253,8717,13307,945,0,0,0,0,8717,0,0,0
2025-11-23,port183,Buenaventura,4,2,40256,0,26478,13383,0,394,0,0,0,0,0,0
2025-11-24,port183,Buenaventura,5,4,9376,2976,3859,5517,0,0,0,0,2976,0,0,0
2025-11-25,port183,Buenaventura,3,1,27762,1479,4994,0,0,22767,0,0,1479,0,0,0
2025-11-26,port183,Buenaventura,4,2,16464,61345,3376,13087,0,0,0,61345,0,0,0,0
2025-11-27,port183,Buenaventura,5,0,65778,0,62711,0,0,3067,0,0,0,0,0,0
2025-11-28,port183,Buenaventura,3,2,64522,0,26152,38369,0,0,0,0,0,0,0,0
2025-11-29,port183,Buenaventura,2,2,0,11920,0,0,0,0,0,0,11920,0,0,0
2025-11-30,port183,Buenaventura,5,3,30912,5695,12215,18696,0,0,0,0,5695,0,0,0
2025-12-01,port183,Buenaventura,5,5,25209,9451,0,25209,0,0,0,0,9451,0,0,0
2025-12-02,port183,Buenaventura,3,1,45129,2931,40725,4404,0,0,0,2931,0,0,0,0
2025-12-03,port183,Buenaventura,4,2,60202,0,2226,47537,0,10438,0,0,0,0,0,0
2025-12-04,port183,Buenaventura,3,1,18536,0,10522,6626,0,0,1387,0,0,0,0,0
2025-12-05,port183,Buenaventura,3,3,22189,3496,0,22189,0,0,0,0,3496,0,0,0
2025-12-06,port183,Buenaventura,2,1,0,70540,0,0,0,0,0,59302,11238,0,0,0
2025-12-07,port183,Buenaventura,4,3,8593,15507,0,8593,0,0,0,0,15507,0,0,0
2025-12-08,port183,Buenaventura,4,2,15573,0,531,13637,0,0,1404,0,0,0,0,0
2025-12-09,port183,Buenaventura,6,1,70693,3539,47561,471,5588,17072,0,2931,0,607,0,0
2025-12-10,port183,Buenaventura,4,2,61353,607,42624,13141,5588,0,0,0,0,607,0,0
2025-12-11,port183,Buenaventura,5,1,133429,6030,127925,0,0,5504,0,51,5327,0,650,0
2025-12-12,port183,Buenaventura,1,1,5575,1622,0,5575,0,0,0,0,1622,0,0,0
2025-12-13,port183,Buenaventura,3,2,14002,5410,7506,6495,0,0,0,0,5410,0,0,0
2025-12-14,port183,Buenaventura,5,4,20424,903,0,17673,0,0,2750,0,903,0,0,0
2025-12-15,port183,Buenaventura,6,3,13674,16733,2954,7234,0,3485,0,0,607,0,16126,0
2025-12-16,port183,Buenaventura,4,1,20737,0,3579,14472,1155,0,1529,0,0,0,0,0
2025-12-17,port183,Buenaventura,4,3,37778,1622,9926,27851,0,0,0,0,1622,0,0,0
2025-12-18,port183,Buenaventura,2,1,5143,0,0,2195,0,0,2947,0,0,0,0,0
2025-12-19,port183,Buenaventura,2,1,37765,0,26113,11652,0,0,0,0,0,0,0,0
2025-12-20,port183,Buenaventura,3,2,20653,21703,20653,0,0,0,0,2931,18772,0,0,0
2025-12-21,port183,Buenaventura,3,2,40633,2128,0,22727,0,17906,0,0,2128,0,0,0
2025-12-22,port183,Buenaventura,7,5,41968,40194,0,38361,3607,0,0,38572,1622,0,0,0
2025-12-23,port183,Buenaventura,2,1,5468,0,0,2366,3101,0,0,0,0,0,0,0
2025-12-24,port183,Buenaventura,4,3,21521,1622,0,21521,0,0,0,0,1622,0,0,0
2025-12-25,port183,Buenaventura,1,0,12896,0,0,0,0,12896,0,0,0,0,0,0
2025-12-26,port183,Buenaventura,3,2,16284,755,0,12820,0,3463,0,0,755,0,0,0
2025-12-27,port183,Buenaventura,5,2,54023,0,28974,3838,0,21210,0,0,0,0,0,0
2025-12-28,port183,Buenaventura,7,4,142875,22331,134080,8794,0,0,0,0,22331,0,0,0
2025-12-29,port183,Buenaventura,5,1,49213,0,47889,1324,0,0,0,0,0,0,0,0
2025-12-30,port183,Buenaventura,5,3,49890,1044,0,49890,0,0,0,1044,0,0,0,0
2025-12-31,port183,Buenaventura,2,1,6369,0,3835,2534,0,0,0,0,0,0,0,0
2026-01-01,port183,Buenaventura,2,1,11942,66,0,10953,0,0,989,0,0,0,0,66
2026-01-02,port183,Buenaventura,3,3,27085,0,0,27085,0,0,0,0,0,0,0,0
2026-01-03,port183,Buenaventura,3,3,0,12613,0,0,0,0,0,0,12613,0,0,0
2026-01-04,port183,Buenaventura,4,3,34918,4628,22035,12882,0,0,0,0,4628,0,0,0
2026-01-05,port183,Buenaventura,5,2,37916,0,17652,11255,9008,0,0,0,0,0,0,0
2026-01-06,port183,Buenaventura,2,2,37209,0,0,37209,0,0,0,0,0,0,0,0
2026-01-07,port183,Buenaventura,3,1,24421,0,5569,12139,0,6712,0,0,0,0,0,0
2026-01-08,port183,Buenaventura,3,2,16564,1622,0,12699,0,0,3864,0,1622,0,0,0
2026-01-09,port183,Buenaventura,5,2,65633,62415,36180,29452,0,0,0,60358,1622,0,435,0
2026-01-10,port183,Buenaventura,2,2,5575,10863,0,5575,0,0,0,0,10863,0,0,0
2026-01-11,port183,Buenaventura,5,3,37244,6297,0,37244,0,0,0,4359,1622,0,315,0
2026-01-12,port183,Buenaventura,4,2,67826,4444,51180,1888,14756,0,0,0,4444,0,0,0
2026-01-13,port183,Buenaventura,4,2,96735,1622,52932,43802,0,0,0,0,1622,0,0,0
2026-01-14,port183,Buenaventura,4,2,26839,1699,5531,20006,0,1302,0,0,1622,0,77,0
2026-01-15,port183,Buenaventura,2,2,13189,0,0,13189,0,0,0,0,0,0,0,0
2026-01-16,port183,Buenaventura,3,1,31878,0,11410,19953,514,0,0,0,0,0,0,0
2026-01-17,port183,Buenaventura,5,3,19265,14352,19265,0,0,0,0,0,14352,0,0,0
2026-01-18,port183,Buenaventura,3,3,30486,3321,0,30486,0,0,0,0,3321,0,0,0
2026-01-19,port183,Buenaventura,6,3,48251,2229,0,39504,5588,2502,656,0,1622,607,0,0
2026-01-20,port183,Buenaventura,3,1,38615,3539,20653,12374,5588,0,0,2931,0,607,0,0
2026-01-21,port183,Buenaventura,4,3,25674,0,4097,21576,0,0,0,0,0,0,0,0
2026-01-22,port183,Buenaventura,3,1,65117,0,53765,11351,0,0,0,0,0,0,0,0
2026-01-23,port183,Buenaventura,6,4,33519,3124,6385,21629,0,5504,0,0,2473,0,650,0
2026-01-24,port183,Buenaventura,1,1,5575,1622,0,5575,0,0,0,0,1622,0,0,0
2026-01-25,port183,Buenaventura,5,2,98824,0,60216,31136,7471,0,0,0,0,0,0,0
2026-01-26,port183,Buenaventura,6,3,85810,4938,73857,7603,0,0,4350,2931,2007,0,0,0
2026-01-27,port183,Buenaventura,2,0,2483,0,0,0,0,0,2483,0,0,0,0,0
2026-01-28,port183,Buenaventura,4,2,52636,0,37179,14794,0,662,0,0,0,0,0,0
2026-01-29,port183,Buenaventura,1,1,0,1723,0,0,0,0,0,0,1723,0,0,0
2026-01-30,port183,Buenaventura,3,2,3082,64058,0,3082,0,0,0,56811,7246,0,0,0
2026-01-31,port183,Buenaventura,4,2,41407,4690,0,21363,0,20044,0,0,3747,0,943,0
2026-02-01,port183,Buenaventura,4,4,18814,17009,0,18814,0,0,0,0,17009,0,0,0
2026-02-02,port183,Buenaventura,4,3,17437,406,0,14335,3101,0,0,0,406,0,0,0
2026-02-03,port183,Buenaventura,3,3,39057,2630,0,39057,0,0,0,0,2630,0,0,0
2026-02-04,port183,Buenaventura,2,1,20193,0,0,18227,0,1965,0,0,0,0,0,0
2026-02-05,port183,Buenaventura,3,1,53318,1517,53318,0,0,0,0,0,1517,0,0,0
2026-02-06,port183,Buenaventura,5,2,97274,2030,81032,16242,0,0,0,0,2030,0,0,0
2026-02-07,port183,Buenaventura,5,2,60783,26905,60783,0,0,0,0,20033,6871,0,0,0
2026-02-08,port183,Buenaventura,4,2,58105,11783,55544,0,0,0,2561,0,11783,0,0,0
2026-02-09,port183,Buenaventura,4,3,23115,3154,5173,17942,0,0,0,0,3154,0,0,0
2026-02-10,port183,Buenaventura,1,1,3076,0,0,3076,0,0,0,0,0,0,0,0
2026-02-11,port183,Buenaventura,3,1,56725,607,0,29415,27310,0,0,0,0,607,0,0
2026-02-12,port183,Buenaventura,5,3,51887,0,14958,24768,0,12159,0,0,0,0,0,0
2026-02-13,port183,Buenaventura,5,2,30182,34090,11135,14245,0,0,4801,34090,0,0,0,0
2026-02-14,port183,Buenaventura,5,3,25591,5038,0,6526,0,18197,868,0,5038,0,0,0
2026-02-15,port183,Buenaventura,2,0,23848,0,22107,0,0,1741,0,0,0,0,0,0
2026-02-16,port183,Buenaventura,6,5,63415,18869,29879,33536,0,0,0,0,18869,0,0,0
2026-02-17,port183,Buenaventura,4,1,102772,51,72921,28606,0,1244,0,51,0,0,0,0
2026-02-18,port183,Buenaventura,6,3,94483,2128,68692,24920,0,869,0,0,2128,0,0,0
2026-02-19,port183,Buenaventura,2,1,20924,0,0,18712,0,2211,0,0,0,0,0,0
2026-02-20,port183,Buenaventura,5,3,56409,3792,41993,14416,0,0,0,0,3792,0,0,0
2026-02-21,port183,Buenaventura,4,2,0,17605,0,0,0,0,0,0,14340,3264,0,0
2026-02-22,port183,Buenaventura,4,4,30187,1622,0,30187,0,0,0,0,1622,0,0,0
2026-02-23,port183,Buenaventura,3,2,5575,10109,0,5575,0,0,0,0,10109,0,0,0
2026-02-24,port183,Buenaventura,3,1,15484,0,14528,956,0,0,0,0,0,0,0,0
2026-02-25,port183,Buenaventura,3,2,25101,0,8733,16367,0,0,0,0,0,0,0,0
2026-02-26,port183,Buenaventura,3,1,7796,690,0,2225,0,0,5570,0,0,0,690,0
2026-02-27,port183,Buenaventura,4,2,116342,5909,103096,13245,0,0,0,0,5909,0,0,0
2026-02-28,port183,Buenaventura,7,3,73112,12577,67955,0,5156,0,0,0,12577,0,0,0
2026-03-01,port183,Buenaventura,3,1,6263,15900,5185,0,0,1078,0,0,15900,0,0,0
2026-03-02,port183,Buenaventura,3,3,22887,1622,0,22887,0,0,0,0,1622,0,0,0
2026-03-03,port183,Buenaventura,4,2,56004,75992,20653,35351,0,0,0,64372,11619,0,0,0
2026-03-04,port183,Buenaventura,2,1,61981,0,44291,17690,0,0,0,0,0,0,0,0
2026-03-05,port183,Buenaventura,5,3,29952,506,0,23345,0,6606,0,0,506,0,0,0
2026-03-06,port183,Buenaventura,3,2,5575,3843,0,5575,0,0,0,0,3843,0,0,0
2026-03-07,port183,Buenaventura,2,2,1168,8616,0,1168,0,0,0,0,8616,0,0,0
2026-03-08,port183,Buenaventura,5,2,46316,2229,19109,20937,6269,0,0,0,1622,607,0,0
2026-03-09,port183,Buenaventura,8,2,121888,6528,117022,3708,0,1158,0,0,6528,0,0,0
2026-03-10,port183,Buenaventura,4,3,92377,0,55895,36481,0,0,0,0,0,0,0,0
2026-03-11,port183,Buenaventura,6,1,71424,18493,0,46173,7919,17332,0,18493,0,0,0,0
2026-03-12,port183,Buenaventura,2,1,4609,0,0,665,0,0,3944,0,0,0,0,0
2026-03-13,port183,Buenaventura,2,2,5634,804,0,5634,0,0,0,0,804,0,0,0
2026-03-14,port183,Buenaventura,4,2,57837,1261,54544,1902,1389,0,0,0,1261,0,0,0
2026-03-15,port183,Buenaventura,4,2,71381,0,41625,25369,0,4386,0,0,0,0,0,0
2026-03-16,port183,Buenaventura,4,3,9686,2428,0,6474,0,0,3212,0,2428,0,0,0
2026-03-17,port183,Buenaventura,4,1,82272,2931,70090,10327,0,1854,0,2931,0,0,0,0
2026-03-18,port183,Buenaventura,3,3,29049,0,0,29049,0,0,0,0,0,0,0,0
2026-03-19,port183,Buenaventura,4,2,102481,0,64242,38238,0,0,0,0,0,0,0,0
2026-03-20,port183,Buenaventura,3,1,8109,7207,6732,0,0,0,1376,0,7207,0,0,0
2026-03-21,port183,Buenaventura,4,3,37074,3244,24887,12186,0,0,0,0,3244,0,0,0
2026-03-22,port183,Buenaventura,5,3,15314,15324,7605,5831,0,1877,0,0,15324,0,0,0
2026-03-23,port183,Buenaventura,4,2,6936,1886,1721,5215,0,0,0,0,1886,0,0,0
2026-03-24,port183,Buenaventura,5,1,61830,66,48334,12506,0,0,989,0,0,0,0,66
2026-03-25,port183,Buenaventura,4,2,85569,0,23305,52936,9328,0,0,0,0,0,0,0
2026-03-26,port183,Buenaventura,1,1,11102,0,0,11102,0,0,0,0,0,0,0,0
2026-03-27,port183,Buenaventura,5,2,99249,0,81432,14126,0,3690,0,0,0,0,0,0
2026-03-28,port183,Buenaventura,3,2,12509,1622,0,12509,0,0,0,0,1622,0,0,0
2026-03-29,port183,Buenaventura,6,4,54796,6045,51437,1329,0,0,2029,0,6045,0,0,0
2026-03-30,port183,Buenaventura,6,2,66131,18689,66131,0,0,0,0,0,18689,0,0,0
2026-03-31,port183,Buenaventura,5,2,32447,25282,20653,10777,0,0,1017,2931,1622,0,20729,0
2026-04-01,port183,Buenaventura,3,3,32003,0,0,32003,0,0,0,0,0,0,0,0
2026-04-02,port183,Buenaventura,0,0,0,0,0,0,0,0,0,0,0,0,0,0
2026-04-03,port183,Buenaventura,2,1,948,0,0,510,0,438,0,0,0,0,0,0
2026-04-04,port183,Buenaventura,4,3,59388,1622,51386,8002,0,0,0,0,1622,0,0,0
2026-04-05,port183,Buenaventura,7,3,123630,34553,109060,7964,0,6606,0,27134,7418,0,0,0
2026-04-06,port183,Buenaventura,3,2,18816,2049,0,18816,0,0,0,0,1610,0,438,0
2026-04-07,port183,Buenaventura,3,2,31485,0,0,30117,0,0,1368,0,0,0,0,0
2026-04-08,port183,Buenaventura,4,2,30473,5787,20653,7533,2286,0,0,2931,2855,0,0,0
2026-04-09,port183,Buenaventura,4,2,55361,0,47340,8020,0,0,0,0,0,0,0,0
2026-04-10,port183,Buenaventura,3,3,31884,0,0,31884,0,0,0,0,0,0,0,0
2026-04-11,port183,Buenaventura,3,1,83047,0,70844,12202,0,0,0,0,0,0,0,0
2026-04-12,port183,Buenaventura,3,2,30193,4553,20653,9540,0,0,0,2931,1622,0,0,0
2026-04-13,port183,Buenaventura,3,2,35294,0,0,27600,7694,0,0,0,0,0,0,0
2026-04-14,port183,Buenaventura,2,0,17382,0,0,0,0,17382,0,0,0,0,0,0
2026-04-15,port183,Buenaventura,3,2,42719,7347,23407,19311,0,0,0,0,7347,0,0,0
2026-04-16,port183,Buenaventura,2,0,5588,607,0,0,5588,0,0,0,0,607,0,0
2026-04-17,port183,Buenaventura,6,3,160337,0,103292,33842,0,23202,0,0,0,0,0,0
2026-04-18,port183,Buenaventura,3,1,20058,63724,20058,0,0,0,0,59227,4496,0,0,0
2026-04-19,port183,Buenaventura,6,5,47053,9623,34160,12892,0,0,0,0,9623,0,0,0
2026-04-20,port183,Buenaventura,4,3,36382,1541,12677,23705,0,0,0,0,1541,0,0,0
2026-04-21,port183,Buenaventura,2,2,30321,0,0,30321,0,0,0,0,0,0,0,0
2026-04-22,port183,Buenaventura,2,1,20364,66,0,19375,0,0,989,0,0,0,0,66
2026-04-23,port183,Buenaventura,4,1,67982,1857,62406,5575,0,0,0,0,1622,235,0,0
2026-04-24,port183,Buenaventura,4,2,24603,0,0,22363,2239,0,0,0,0,0,0,0
2026-04-25,port183,Buenaventura,2,2,7596,1622,0,7596,0,0,0,0,1622,0,0,0
2026-04-26,port183,Buenaventura,5,2,41082,8644,37377,3705,0,0,0,0,8644,0,0,0
2026-04-27,port183,Buenaventura,5,4,27689,7911,0,27689,0,0,0,0,6989,0,922,0
2026-04-28,port183,Buenaventura,7,4,56681,6075,21136,35544,0,0,0,2931,3144,0,0,0
2026-04-29,port183,Buenaventura,1,0,9352,0,9352,0,0,0,0,0,0,0,0,0
2026-04-30,port183,Buenaventura,4,2,21515,1622,0,17428,0,0,4087,0,1622,0,0,0
2026-05-01,port183,Buenaventura,3,2,27811,1622,19198,8613,0,0,0,0,1622,0,0,0
2026-05-02,port183,Buenaventura,3,2,8108,1622,0,8108,0,0,0,0,1622,0,0,0
2026-05-03,port183,Buenaventura,6,4,92323,1127,87392,4930,0,0,0,0,1127,0,0,0
2026-05-04,port183,Buenaventura,6,4,50703,12164,20653,24546,0,5504,0,2931,8582,0,650,0
2026-05-05,port183,Buenaventura,3,1,11774,3325,0,0,8622,3151,0,0,3325,0,0,0
2026-05-06,port183,Buenaventura,2,1,70504,0,52129,18375,0,0,0,0,0,0,0,0
2026-05-07,port183,Buenaventura,4,3,47922,0,7473,40448,0,0,0,0,0,0,0,0
2026-05-08,port183,Buenaventura,3,3,27824,0,0,27824,0,0,0,0,0,0,0,0
2026-05-09,port183,Buenaventura,4,3,11024,8371,0,5191,0,5832,0,0,8371,0,0,0
2026-05-10,port183,Buenaventura,4,2,8946,1622,0,6588,0,0,2357,0,1622,0,0,0
2026-05-11,port183,Buenaventura,1,1,0,1156,0,0,0,0,0,0,1156,0,0,0
2026-05-12,port183,Buenaventura,3,1,18097,607,0,12068,5588,441,0,0,0,607,0,0
2026-05-13,port183,Buenaventura,6,1,66092,0,59979,3336,388,0,2388,0,0,0,0,0
2026-05-14,port183,Buenaventura,4,1,82004,0,50783,10757,0,20463,0,0,0,0,0,0
2026-05-15,port183,Buenaventura,1,1,2549,0,0,2549,0,0,0,0,0,0,0,0
2026-05-16,port183,Buenaventura,5,3,49419,3332,48305,1114,0,0,0,2931,400,0,0,0
2026-05-17,port183,Buenaventura,3,3,32710,775,0,32710,0,0,0,0,775,0,0,0
2026-05-18,port183,Buenaventura,4,4,50619,1622,0,50619,0,0,0,0,1622,0,0,0
2026-05-19,port183,Buenaventura,5,1,40861,1601,13087,0,21065,0,6707,0,1601,0,0,0
2026-05-20,port183,Buenaventura,3,1,18981,549,4234,14747,0,0,0,549,0,0,0,0
2026-05-21,port183,Buenaventura,1,1,25754,0,0,25754,0,0,0,0,0,0,0,0
2026-05-22,port183,Buenaventura,2,2,34964,0,0,34964,0,0,0,0,0,0,0,0
2026-05-23,port183,Buenaventura,4,1,49511,2931,46988,2523,0,0,0,2931,0,0,0,0
2026-05-24,port183,Buenaventura,2,2,254,3386,0,254,0,0,0,0,3386,0,0,0
2026-05-25,port183,Buenaventura,5,4,26947,61637,0,26947,0,0,0,60864,773,0,0,0
2026-05-26,port183,Buenaventura,4,2,127455,0,101742,25712,0,0,0,0,0,0,0,0
2026-05-27,port183,Buenaventura,1,1,19780,0,0,19780,0,0,0,0,0,0,0,0
2026-05-28,port183,Buenaventura,4,1,44290,0,26661,17629,0,0,0,0,0,0,0,0
2026-05-29,port183,Buenaventura,4,3,36807,2134,0,36807,0,0,0,0,2134,0,0,0
2026-05-30,port183,Buenaventura,3,2,13622,650,0,8118,0,5504,0,0,0,0,650,0
2026-05-31,port183,Buenaventura,2,2,0,3385,0,0,0,0,0,0,3385,0,0,0
2026-06-01,port183,Buenaventura,7,5,41970,12289,0,38416,0,0,3554,10713,1575,0,0,0
2026-06-02,port183,Buenaventura,1,0,0,1161,0,0,0,0,0,1161,0,0,0,0
2026-06-03,port183,Buenaventura,2,1,4623,0,1211,3412,0,0,0,0,0,0,0,0
2026-06-04,port183,Buenaventura,1,1,10221,0,0,10221,0,0,0,0,0,0,0,0
2026-06-05,port183,Buenaventura,5,2,91173,0,52287,38885,0,0,0,0,0,0,0,0
2026-06-06,port183,Buenaventura,5,3,42428,10787,20653,17107,0,4667,0,2931,7855,0,0,0
2026-06-07,port183,Buenaventura,3,2,13391,57901,0,13391,0,0,0,56279,1622,0,0,0
2026-06-08,port183,Buenaventura,4,3,59422,5321,53867,5554,0,0,0,0,5321,0,0,0
2026-06-09,port183,Buenaventura,3,2,24712,0,0,24712,0,0,0,0,0,0,0,0
2026-06-10,port183,Buenaventura,2,0,17264,0,3379,0,13884,0,0,0,0,0,0,0
2026-06-11,port183,Buenaventura,3,2,42200,0,0,42200,0,0,0,0,0,0,0,0
2026-06-12,port183,Buenaventura,2,2,3301,0,0,3301,0,0,0,0,0,0,0,0
2026-06-13,port183,Buenaventura,1,1,5575,1622,0,5575,0,0,0,0,1622,0,0,0
2026-06-14,port183,Buenaventura,3,2,16942,0,0,16942,0,0,0,0,0,0,0,0
2026-06-15,port183,Buenaventura,5,4,10349,8155,0,10349,0,0,0,0,8155,0,0,0
2026-06-16,port183,Buenaventura,5,0,141044,650,135540,0,0,5504,0,0,0,0,650,0
2026-06-17,port183,Buenaventura,2,1,33683,0,26612,7070,0,0,0,0,0,0,0,0
2026-06-18,port183,Buenaventura,4,2,99737,0,53175,45401,0,1160,0,0,0,0,0,0
2026-06-19,port183,Buenaventura,4,2,50492,2931,20653,29838,0,0,0,2931,0,0,0,0
2026-06-20,port183,Buenaventura,5,4,3329,13411,0,3329,0,0,0,0,13411,0,0,0
2026-06-21,port183,Buenaventura,4,2,1413,7608,0,0,0,1413,0,0,7608,0,0,0
2026-06-22,port183,Buenaventura,4,1,38862,7588,33274,0,5588,0,0,0,6980,607,0,0
2026-06-23,port183,Buenaventura,3,0,26796,650,0,0,0,26796,0,0,0,0,650,0
2026-06-24,port183,Buenaventura,0,0,0,0,0,0,0,0,0,0,0,0,0,0
2026-06-25,port183,Buenaventura,4,3,47693,1622,0,44896,0,2797,0,0,1622,0,0,0
2026-06-26,port183,Buenaventura,6,2,78064,3778,68282,9781,0,0,0,0,0,0,3778,0
2026-06-27,port183,Buenaventura,5,2,53499,11968,52222,0,1277,0,0,0,11968,0,0,0
2026-06-28,port183,Buenaventura,3,3,5575,26637,0,5575,0,0,0,0,26637,0,0,0
2026-06-29,port183,Buenaventura,6,4,126305,5424,91239,35065,0,0,0,0,5424,0,0,0
2026-06-30,port183,Buenaventura,5,1,31931,0,15631,13315,235,0,2748,0,0,0,0,0
2026-07-01,port183,Buenaventura,5,4,35569,1549,0,35569,0,0,0,0,0,0,1549,0
2026-07-02,port183,Buenaventura,1,0,27343,0,27343,0,0,0,0,0,0,0,0,0
2026-07-03,port183,Buenaventura,5,3,54433,1622,0,35724,0,18709,0,0,1622,0,0,0
2026-07-04,port183,Buenaventura,2,1,8041,13619,8041,0,0,0,0,0,13619,0,0,0
2026-07-05,port183,Buenaventura,3,3,32849,1622,0,32849,0,0,0,0,1622,0,0,0
2026-07-06,port183,Buenaventura,4,3,20248,3750,1669,18579,0,0,0,0,3750,0,0,0
2026-07-07,port183,Buenaventura,2,1,25451,0,12483,12968,0,0,0,0,0,0,0,0
2026-07-08,port183,Buenaventura,6,4,49578,1622,1729,47849,0,0,0,0,1622,0,0,0
2026-07-09,port183,Buenaventura,4,2,40931,0,0,31040,0,0,9890,0,0,0,0,0
2026-07-10,port183,Buenaventura,3,1,36536,0,12165,23428,0,942,0,0,0,0,0,0
2026-07-11,port183,Buenaventura,4,3,12581,0,0,12581,0,0,0,0,0,0,0,0
2026-07-12,port183,Buenaventura,7,5,71273,9673,51442,19394,0,436,0,0,9673,0,0,0
2026-07-13,port183,Buenaventura,5,3,38415,6194,13192,17125,0,8097,0,0,6194,0,0,0
2026-07-14,port183,Buenaventura,2,1,5608,0,0,2577,0,0,3030,0,0,0,0,0
2026-07-15,port183,Buenaventura,5,2,49517,77,9946,38269,0,1302,0,0,0,0,77,0
2026-07-16,port183,Buenaventura,4,1,47042,0,44854,2187,0,0,0,0,0,0,0,0
2026-07-17,port183,Buenaventura,5,4,64675,0,11060,53615,0,0,0,0,0,0,0,0
2026-07-18,port183,Buenaventura,4,3,20176,7807,0,20176,0,0,0,0,7807,0,0,0
2026-07-19,port183,Buenaventura,3,2,14188,2745,0,14188,0,0,0,0,2745,0,0,0
2026-07-20,port183,Buenaventura,3,2,6036,7249,0,5575,0,0,460,0,7249,0,0,0
2026-07-21,port183,Buenaventura,4,2,76823,0,55434,20247,0,1141,0,0,0,0,0,0
2026-07-22,port183,Buenaventura,4,2,42052,2931,20653,21399,0,0,0,2931,0,0,0,0
2026-07-23,port183,Buenaventura,3,1,4801,58452,0,0,0,0,4801,54118,4333,0,0,0
2026-07-24,port183,Buenaventura,5,2,94976,3539,72026,17362,5588,0,0,2931,0,607,0,0
2026-07-25,port183,Buenaventura,4,3,37806,10917,35571,2234,0,0,0,0,10917,0,0,0
2026-07-26,port183,Buenaventura,4,3,69776,3352,56738,13038,0,0,0,0,3352,0,0,0
2026-07-27,port183,Buenaventura,4,2,18307,357,2325,15982,0,0,0,0,357,0,0,0
2026-07-28,port183,Buenaventura,4,1,94986,0,92022,2964,0,0,0,0,0,0,0,0
2026-07-29,port183,Buenaventura,4,1,33770,2931,29516,3336,0,0,917,2931,0,0,0,0
2026-07-30,port183,Buenaventura,1,1,1452,0,0,1452,0,0,0,0,0,0,0,0
2026-07-31,port183,Buenaventura,4,3,17237,2308,0,17237,0,0,0,0,2308,0,0,0
2026-08-01,port183,Buenaventura,4,2,56698,0,32215,17876,0,6606,0,0,0,0,0,0
2026-08-02,port183,Buenaventura,2,2,289,6588,0,289,0,0,0,0,6588,0,0,0
2026-08-03,port183,Buenaventura,5,3,22679,0,7194,15485,0,0,0,0,0,0,0,0
2026-08-04,port183,Buenaventura,2,1,17594,0,0,14517,3076,0,0,0,0,0,0,0
2026-08-05,port183,Buenaventura,2,1,45350,0,38003,7347,0,0,0,0,0,0,0,0
2026-08-06,port183,Buenaventura,4,0,93486,0,69538,0,0,18814,5134,0,0,0,0,0
2026-08-07,port183,Buenaventura,6,3,52015,607,24372,22055,5588,0,0,0,0,607,0,0
2026-08-08,port183,Buenaventura,4,3,12252,2731,0,12252,0,0,0,0,2731,0,0,0
2026-08-09,port183,Buenaventura,2,1,26752,0,26752,0,0,0,0,0,0,0,0,0
2026-08-10,port183,Buenaventura,3,1,2040,1606,0,0,0,1051,989,0,1539,0,0,66
2026-08-11,port183,Buenaventura,3,2,57094,2931,20653,36441,0,0,0,2931,0,0,0,0
2026-08-12,port183,Buenaventura,3,1,34567,0,8277,26289,0,0,0,0,0,0,0,0
2026-08-13,port183,Buenaventura,1,0,53124,0,53124,0,0,0,0,0,0,0,0,0
2026-08-14,port183,Buenaventura,6,2,74896,12948,61960,5575,0,7360,0,8794,4153,0,0,0
2026-08-15,port183,Buenaventura,3,2,21324,0,0,10177,11147,0,0,0,0,0,0,0
2026-08-16,port183,Buenaventura,4,1,54637,12240,41306,0,0,13330,0,5863,6377,0,0,0
2026-08-17,port183,Buenaventura,4,2,11352,12092,2286,5575,0,3490,0,0,12092,0,0,0
2026-08-18,port183,Buenaventura,2,1,26228,4553,20653,5575,0,0,0,2931,1622,0,0,0
2026-08-19,port183,Buenaventura,3,1,34895,0,11475,23419,0,0,0,0,0,0,0,0
2026-08-20,port183,Buenaventura,2,0,12780,0,0,0,0,8368,4412,0,0,0,0,0
2026-08-21,port183,Buenaventura,3,2,42621,0,0,27032,0,15589,0,0,0,0,0,0
2026-08-22,port183,Buenaventura,3,3,5575,2775,0,5575,0,0,0,0,2775,0,0,0
2026-08-23,port183,Buenaventura,5,4,57949,1815,0,57949,0,0,0,0,1815,0,0,0
2026-08-24,port183,Buenaventura,3,2,41601,2931,20653,20947,0,0,0,2931,0,0,0,0
2026-08-25,port183,Buenaventura,4,3,58073,2931,20653,37420,0,0,0,2931,0,0,0,0
2026-08-26,port183,Buenaventura,4,0,46894,6470,41306,0,5588,0,0,5863,0,607,0,0
2026-08-27,port183,Buenaventura,2,2,5575,4056,0,5575,0,0,0,0,4056,0,0,0
2026-08-28,port183,Buenaventura,6,3,42884,9401,20653,16726,0,5504,0,3885,4866,0,650,0
2019-01-07,port218,Cartagena,11,7,66527,10813,23382,37937,3856,1352,0,0,9122,1690,0,0
2019-01-08,port218,Cartagena,12,6,21118,58115,0,9689,887,10542,0,0,15124,6559,36430,0
2019-01-09,port218,Cartagena,12,6,25797,24200,0,21179,887,3730,0,1490,10760,11949,0,0
2019-01-10,port218,Cartagena,5,4,29573,11852,0,29573,0,0,0,0,11852,0,0,0
2019-01-11,port218,Cartagena,8,6,20826,50667,0,14353,0,6473,0,0,12186,0,38481,0
2019-01-12,port218,Cartagena,10,8,38182,13387,0,36653,0,0,1529,2605,10781,0,0,0
2019-01-13,port218,Cartagena,8,3,17548,12556,8474,3908,0,5165,0,7036,5073,0,447,0
2019-01-14,port218,Cartagena,11,6,27634,8685,0,16807,2063,7937,824,0,8599,0,0,86
2019-01-15,port218,Cartagena,7,4,103054,47198,0,29780,0,73274,0,0,4561,0,42637,0
2019-01-16,port218,Cartagena,6,5,8816,8469,0,8816,0,0,0,0,8469,0,0,0
2019-01-17,port218,Cartagena,8,4,27518,11632,14043,6126,0,7349,0,0,7545,1255,2831,0
2019-01-18,port218,Cartagena,13,10,35356,25923,0,31837,887,2631,0,0,24465,1457,0,0
2019-01-19,port218,Cartagena,9,5,28298,91498,0,18823,4204,5271,0,34018,8267,0,49213,0
2019-01-20,port218,Cartagena,11,5,91553,133435,0,11863,0,79690,0,0,10830,0,122604,0
2019-01-21,port218,Cartagena,7,6,13921,14357,0,13661,0,260,0,0,14357,0,0,0
2019-01-22,port218,Cartagena,7,5,33752,11305,5810,22549,0,5392,0,0,11305,0,0,0
2019-01-23,port218,Cartagena,8,8,9557,15771,0,9557,0,0,0,0,15771,0,0,0
2019-01-24,port218,Cartagena,8,3,20918,138189,0,9756,887,10275,0,0,4483,1457,132248,0
2019-01-25,port218,Cartagena,12,8,28483,28908,0,23212,0,5271,0,0,19701,0,9206,0
2019-01-26,port218,Cartagena,11,6,50042,12611,27316,9033,2895,10797,0,7559,5052,0,0,0
2019-01-27,port218,Cartagena,7,7,13595,7765,0,13595,0,0,0,0,7765,0,0,0
2019-01-28,port218,Cartagena,7,3,31014,92228,0,31014,0,0,0,49131,2449,0,40647,0
2019-01-29,port218,Cartagena,8,5,15591,9493,0,14704,887,0,0,1193,6842,1457,0,0
2019-01-30,port218,Cartagena,7,4,19493,41998,0,7087,0,12406,0,0,4938,0,37059,0
2019-01-31,port218,Cartagena,6,4,7501,13459,0,1343,887,5271,0,0,11886,1457,114,0
2019-02-01,port218,Cartagena,13,9,26140,58363,0,24985,1155,0,0,40011,14438,3913,0,0
2019-02-02,port218,Cartagena,8,4,32461,16810,48,28423,0,0,3989,7036,9602,0,0,172
2019-02-03,port218,Cartagena,9,6,21067,8071,0,14006,0,7060,0,0,5886,2185,0,0
2019-02-04,port218,Cartagena,7,2,11395,5766,0,2938,1774,6682,0,0,2850,2915,0,0
2019-02-05,port218,Cartagena,7,5,8391,45160,0,8391,0,0,0,0,17071,0,28088,0
2019-02-06,port218,Cartagena,9,6,16559,58938,0,11754,0,4805,0,0,12352,0,46586,0
2019-02-07,port218,Cartagena,15,8,54891,24480,14428,27991,0,12470,0,0,7068,5587,11824,0
2019-02-08,port218,Cartagena,10,6,18890,13827,0,8161,0,10728,0,0,13712,0,114,0
2019-02-09,port218,Cartagena,7,5,13962,5604,0,13962,0,0,0,0,5604,0,0,0
2019-02-10,port218,Cartagena,10,5,54697,5719,0,42503,887,11307,0,0,2417,1457,114,1729
2019-02-11,port218,Cartagena,10,4,15382,56222,0,8080,7301,0,0,53454,2767,0,0,0
2019-02-12,port218,Cartagena,6,4,7943,47313,0,2938,0,5004,0,0,19351,0,27961,0
2019-02-13,port218,Cartagena,13,7,27165,9901,0,18022,3871,5271,0,0,5605,4181,114,0
2019-02-14,port218,Cartagena,9,6,24025,20779,0,16645,887,6493,0,0,1495,19284,0,0
2019-02-15,port218,Cartagena,12,6,27589,54660,0,22460,4303,0,824,2668,6849,1457,43598,86
2019-02-16,port218,Cartagena,8,4,20554,17344,0,16652,887,3014,0,0,3398,1457,12488,0
2019-02-17,port218,Cartagena,6,3,13883,61039,0,8612,0,5271,0,0,2850,0,58188,0
2019-02-18,port218,Cartagena,8,5,12681,6842,0,11722,959,0,0,0,6842,0,0,0
2019-02-19,port218,Cartagena,6,3,65242,8128,62303,2938,0,0,0,0,6683,0,1445,0
2019-02-20,port218,Cartagena,8,6,17360,21909,11150,6210,0,0,0,10456,8385,3067,0,0
2019-02-21,port218,Cartagena,15,9,26764,96339,0,18370,887,6682,824,0,14561,1457,80233,86
2019-02-22,port218,Cartagena,9,6,26808,82766,0,19747,0,7060,0,0,11389,0,71377,0
2019-02-23,port218,Cartagena,12,10,20899,24009,0,20012,887,0,0,0,21048,2961,0,0
2019-02-24,port218,Cartagena,7,5,16841,6786,0,11448,0,5392,0,0,6786,0,0,0
2019-02-25,port218,Cartagena,8,3,11461,70732,0,5365,0,5271,824,4800,2280,0,63565,86
2019-02-26,port218,Cartagena,7,5,4052,51185,0,4052,0,0,0,0,10114,0,41071,0
2019-02-27,port218,Cartagena,12,6,16759,43472,0,11754,0,5004,0,0,16108,0,27364,0
2019-02-28,port218,Cartagena,8,4,17031,13322,0,11754,5093,182,0,0,9122,4199,0,0
2019-03-01,port218,Cartagena,11,7,20445,35601,0,12498,596,7349,0,13060,22540,0,0,0
2019-03-02,port218,Cartagena,6,2,31890,63177,0,26011,1942,3936,0,49072,2280,0,11824,0
2019-03-03,port218,Cartagena,5,5,23362,5048,0,23362,0,0,0,0,5048,0,0,0
2019-03-04,port218,Cartagena,6,4,17026,9650,0,11754,0,5271,0,0,9122,413,114,0
2019-03-05,port218,Cartagena,7,5,31254,8021,0,20807,0,6697,3749,0,8021,0,0,0
2019-03-06,port218,Cartagena,11,6,25939,41976,12733,13206,0,0,0,2644,13210,2338,23782,0
2019-03-07,port218,Cartagena,12,6,14807,16667,0,8576,3600,2631,0,0,15210,1457,0,0
2019-03-08,port218,Cartagena,11,7,70493,15854,54911,14306,156,1118,0,7036,8818,0,0,0
2019-03-09,port218,Cartagena,10,7,102799,9289,51656,47308,3834,0,0,0,7831,1457,0,0
2019-03-10,port218,Cartagena,8,3,12125,111096,0,4425,7699,0,0,0,6024,1457,103613,0
2019-03-11,port218,Cartagena,10,6,34085,5457,0,32436,0,0,1649,0,4462,822,0,172
2019-03-12,port218,Cartagena,9,3,47448,8244,33616,5598,228,6473,1531,0,6204,2040,0,0
2019-03-13,port218,Cartagena,10,5,15965,54374,0,10617,887,4461,0,2758,6853,4692,40068,0
2019-03-14,port218,Cartagena,9,7,17403,23311,0,17403,0,0,0,0,19955,0,3355,0
2019-03-15,port218,Cartagena,11,6,32872,36848,0,26872,0,3150,2849,0,17392,2302,17153,0
2019-03-16,port218,Cartagena,10,3,105122,12215,75086,26928,887,2219,0,0,9022,3192,0,0
2019-03-17,port218,Cartagena,10,7,21626,18212,0,17725,887,3014,0,0,2098,1457,14656,0
2019-03-18,port218,Cartagena,15,7,20797,55273,8204,5877,887,5004,824,0,29993,1457,23735,86
2019-03-19,port218,Cartagena,6,3,11148,44376,0,5877,0,5271,0,0,11159,0,33217,0
2019-03-20,port218,Cartagena,10,5,22118,13496,0,10581,887,10650,0,0,11924,1457,114,0
2019-03-21,port218,Cartagena,8,6,13858,5004,0,12971,887,0,0,0,1774,1457,0,1772
2019-03-22,port218,Cartagena,13,8,24728,80628,0,14389,7325,3014,0,0,28176,0,52451,0
2019-03-23,port218,Cartagena,9,6,32438,26395,48,29740,1825,0,824,7036,19273,0,0,86
2019-03-24,port218,Cartagena,6,3,17924,4461,0,7789,887,5639,3607,0,3003,1457,0,0
2019-03-25,port218,Cartagena,11,6,54402,59263,25593,27922,887,0,0,50963,6842,1457,0,0
2019-03-26,port218,Cartagena,12,5,24032,37852,0,7425,4031,12064,510,0,12383,786,24681,0
2019-03-27,port218,Cartagena,10,5,63937,50444,0,6688,947,56302,0,0,6469,1503,42471,0
2019-03-28,port218,Cartagena,9,6,19479,91699,0,19250,228,0,0,2451,6197,1938,81111,0
2019-03-29,port218,Cartagena,7,7,26435,7947,0,26435,0,0,0,0,7947,0,0,0
2019-03-30,port218,Cartagena,11,5,40282,159599,0,33566,887,5004,824,0,12419,10986,136107,86
2019-03-31,port218,Cartagena,8,5,16388,37287,1728,14168,491,0,0,37287,0,0,0,0
2019-04-01,port218,Cartagena,11,6,39449,18666,0,24791,0,11514,3143,0,6842,0,11824,0
2019-04-02,port218,Cartagena,6,3,5877,12861,0,5877,0,0,0,0,11416,0,1445,0
2019-04-03,port218,Cartagena,10,4,42509,93123,27177,4787,5165,5379,0,45445,5302,1457,40917,0
2019-04-04,port218,Cartagena,13,9,20503,30945,0,13348,1774,5380,0,0,24673,2915,3355,0
2019-04-05,port218,Cartagena,11,8,21183,50675,0,18307,0,0,2876,0,12617,0,37971,86
2019-04-06,port218,Cartagena,7,4,28894,9728,0,21283,0,5271,2339,0,5877,3735,114,0
2019-04-07,port218,Cartagena,10,6,29108,73761,48,15851,0,13209,0,7036,7829,0,58895,0
2019-04-08,port218,Cartagena,10,7,60617,13230,46025,14592,0,0,0,0,13230,0,0,0
2019-04-09,port218,Cartagena,7,6,75091,8881,51195,23895,0,0,0,0,8881,0,0,0
2019-04-10,port218,Cartagena,8,5,2938,23551,0,2938,0,0,0,912,15528,0,7110,0
2019-04-11,port218,Cartagena,12,7,93466,13076,0,21634,1115,69891,824,0,9593,3396,0,86
2019-04-12,port218,Cartagena,11,7,25007,36141,0,14932,0,10075,0,0,24317,0,11824,0
2019-04-13,port218,Cartagena,9,4,40806,44126,3430,31334,5468,572,0,0,3394,0,40731,0
2019-04-14,port218,Cartagena,11,6,37580,28716,0,16064,0,21516,0,0,4511,2878,21326,0
2019-04-15,port218,Cartagena,10,4,70160,11134,0,7869,1422,58340,2528,2451,4561,4121,0,0
2019-04-16,port218,Cartagena,12,8,19991,48027,0,5458,4257,10275,0,0,26139,0,21887,0
2019-04-17,port218,Cartagena,11,6,29386,30045,0,27612,1774,0,0,0,12057,17988,0,0
2019-04-18,port218,Cartagena,10,4,35853,37265,20362,8085,2400,5004,0,0,9142,6796,21326,0
2019-04-19,port218,Cartagena,16,9,55941,69691,0,20609,1092,33414,824,0,10910,0,58694,86
2019-04-20,port218,Cartagena,8,4,65247,86494,31093,28882,0,5271,0,0,10355,0,76139,0
2019-04-21,port218,Cartagena,9,5,113543,82374,0,4920,0,107797,824,0,4305,0,77983,86
2019-04-22,port218,Cartagena,9,5,23613,58374,11150,11576,887,0,0,10456,11148,3123,33645,0
2019-04-23,port218,Cartagena,9,7,13496,10106,0,8908,0,4588,0,0,10106,0,0,0
2019-04-24,port218,Cartagena,7,4,4496,52914,48,4447,0,0,0,7036,1529,0,41867,2481
2019-04-25,port218,Cartagena,12,6,21983,16579,0,2291,1050,18641,0,0,15007,1457,114,0
2019-04-26,port218,Cartagena,13,8,107649,19068,0,18183,0,88954,511,0,19068,0,0,0
2019-04-27,port218,Cartagena,8,4,26586,50285,0,21315,0,5271,0,0,6000,1603,42681,0
2019-04-28,port218,Cartagena,9,5,12024,46957,0,9393,887,1744,0,0,1773,5597,39585,0
2019-04-29,port218,Cartagena,10,6,18129,30123,0,17242,887,0,0,19654,7300,2721,447,0
2019-04-30,port218,Cartagena,8,4,14733,44044,0,8842,887,5004,0,0,16578,6140,21326,0
2019-05-01,port218,Cartagena,14,9,57769,16645,34792,15440,0,7537,0,2451,14193,0,0,0
2019-05-02,port218,Cartagena,7,4,36399,9122,0,11754,0,24644,0,0,9122,0,0,0
2019-05-03,port218,Cartagena,12,9,32073,49274,0,12029,0,20043,0,0,18438,0,30836,0
2019-05-04,port218,Cartagena,7,3,53328,5530,0,51616,887,0,824,0,3987,1457,0,86
2019-05-05,port218,Cartagena,9,5,90908,28064,0,13574,887,76446,0,0,25159,1457,1446,0
2019-05-06,port218,Cartagena,10,8,26976,16375,0,26976,0,0,0,0,16375,0,0,0
2019-05-07,port218,Cartagena,7,5,27256,4853,0,19999,0,7256,0,0,4738,0,114,0
2019-05-08,port218,Cartagena,11,6,31558,46975,0,5795,887,24876,0,0,11802,4336,30836,0
2019-05-09,port218,Cartagena,10,5,34291,28843,22300,2840,3416,5271,461,20912,7815,0,114,0
2019-05-10,port218,Cartagena,6,5,40224,5432,28822,11401,0,0,0,0,5432,0,0,0
2019-05-11,port218,Cartagena,6,3,35012,23549,0,29741,0,5271,0,2668,2280,0,18600,0
2019-05-12,port218,Cartagena,5,4,11396,987,0,11396,0,0,0,0,987,0,0,0
2019-05-13,port218,Cartagena,14,7,45135,55473,0,29108,887,15139,0,0,8514,6030,40929,0
2019-05-14,port218,Cartagena,10,7,13503,118969,0,13503,0,0,0,0,14217,0,104752,0
2019-05-15,port218,Cartagena,11,5,20455,99099,0,6849,887,12719,0,22081,13812,1457,61747,0
2019-05-16,port218,Cartagena,9,7,12818,10227,0,10049,0,2769,0,0,10227,0,0,0
2019-05-17,port218,Cartagena,12,7,25385,17297,0,21405,2149,0,1830,0,14883,2413,0,0
2019-05-18,port218,Cartagena,8,3,68144,9744,35802,26840,0,4676,824,0,6669,0,2989,86
2019-05-19,port218,Cartagena,6,5,3365,3324,0,3365,0,0,0,0,3324,0,0,0
2019-05-20,port218,Cartagena,8,4,34963,17182,11150,19936,0,3051,824,12908,4188,0,0,86
2019-05-21,port218,Cartagena,12,7,30577,38890,0,17665,0,12912,0,0,7250,1856,29782,0
2019-05-22,port218,Cartagena,9,3,12094,16361,0,0,887,11207,0,1789,11641,2816,114,0
2019-05-23,port218,Cartagena,10,6,30027,42801,0,28315,887,0,824,0,2280,2746,37687,86
2019-05-24,port218,Cartagena,11,6,39633,24841,0,7864,5900,25868,0,0,21485,0,3355,0
2019-05-25,port218,Cartagena,7,5,35712,2442,0,30436,0,5276,0,0,2442,0,0,0
2019-05-26,port218,Cartagena,11,6,16355,44282,0,16355,0,0,0,0,5204,3194,35884,0
2019-05-27,port218,Cartagena,10,5,18905,16757,4389,10923,887,2705,0,1448,3436,1457,10415,0
2019-05-28,port218,Cartagena,8,5,34377,47625,0,19841,2849,11687,0,0,26299,0,21326,0
2019-05-29,port218,Cartagena,10,7,21506,14359,0,12904,887,7715,0,2668,10233,1457,0,0
2019-05-30,port218,Cartagena,9,7,8331,21645,0,7444,887,0,0,0,19967,1677,0,0
2019-05-31,port218,Cartagena,11,8,24123,22480,0,20158,0,1349,2615,0,22480,0,0,0
2019-06-01,port218,Cartagena,11,6,56104,3947,10281,35289,0,8051,2481,0,3832,0,114,0
2019-06-02,port218,Cartagena,7,3,56018,63650,0,2920,0,53098,0,0,3253,0,60397,0
2019-06-03,port218,Cartagena,13,5,33871,45924,11150,15508,151,7060,0,37792,4776,0,3355,0
2019-06-04,port218,Cartagena,7,4,9164,34683,0,8277,887,0,0,0,5300,1804,27578,0
2019-06-05,port218,Cartagena,10,6,22479,42482,0,14620,0,7349,509,28660,13821,0,0,0
2019-06-06,port218,Cartagena,5,3,887,53646,0,0,887,0,0,47030,5157,1457,0,0
2019-06-07,port218,Cartagena,12,10,24405,15927,0,19134,0,5271,0,0,14146,1665,114,0
2019-06-08,port218,Cartagena,7,4,44597,56011,0,33677,0,10920,0,0,3017,3913,49080,0
2019-06-09,port218,Cartagena,7,3,39791,3656,34115,3963,887,0,824,0,954,1457,1158,86
2019-06-10,port218,Cartagena,14,9,42315,45367,0,41265,1050,0,0,0,13776,3314,28277,0
2019-06-11,port218,Cartagena,10,6,22422,28299,5012,13538,0,0,3872,0,15192,0,13106,0
2019-06-12,port218,Cartagena,11,6,96012,10661,0,16463,887,78662,0,1638,7106,1457,0,458
2019-06-13,port218,Cartagena,12,6,56860,51653,35017,9024,6345,6473,0,0,6951,0,44702,0
2019-06-14,port218,Cartagena,12,8,30436,33158,5287,22305,887,1956,0,0,28345,1457,3355,0
2019-06-15,port218,Cartagena,11,7,26306,112082,20573,5732,0,0,0,0,26301,163,85617,0
2019-06-16,port218,Cartagena,9,6,16897,21523,0,9836,0,7060,0,0,15234,6289,0,0
2019-06-17,port218,Cartagena,9,5,26287,13262,11150,11297,0,3014,824,10456,2719,0,0,86
2019-06-18,port218,Cartagena,8,5,50994,7790,0,4175,0,46819,0,0,7676,0,114,0
2019-06-19,port218,Cartagena,6,5,2938,10227,0,2938,0,0,0,0,9319,908,0,0
2019-06-20,port218,Cartagena,12,4,57776,50138,0,6991,887,49898,0,7559,1283,2690,38605,0
2019-06-21,port218,Cartagena,11,8,32587,22053,0,18841,0,13746,0,0,10228,0,11824,0
2019-06-22,port218,Cartagena,5,2,19849,5169,0,13715,0,6134,0,0,3364,1690,114,0
2019-06-23,port218,Cartagena,6,5,26951,0,0,22632,0,4319,0,0,0,0,0,0
2019-06-24,port218,Cartagena,10,5,18479,47470,0,16502,887,1089,0,0,4561,1457,41451,0
2019-06-25,port218,Cartagena,9,5,15787,45087,2884,7898,0,5004,0,0,20405,0,24681,0
2019-06-26,port218,Cartagena,11,7,20564,48238,0,13202,0,7362,0,0,6922,0,41315,0
2019-06-27,port218,Cartagena,8,4,62093,8703,49968,3523,887,7715,0,0,7245,1457,0,0
2019-06-28,port218,Cartagena,14,9,33282,44319,3629,21118,0,7709,824,0,21336,0,22897,86
2019-06-29,port218,Cartagena,12,7,67701,52537,0,53036,887,11329,2448,1342,11995,1457,37742,0
2019-06-30,port218,Cartagena,4,2,15947,7162,0,8886,0,7060,0,2904,4258,0,0,0
2019-07-01,port218,Cartagena,9,5,45634,41405,0,39370,0,6263,0,39124,2280,0,0,0
2019-07-02,port218,Cartagena,12,7,36057,54095,14183,21412,0,0,460,0,15481,2729,35884,0
2019-07-03,port218,Cartagena,10,6,11575,10753,0,9801,1774,0,0,0,5115,5638,0,0
2019-07-04,port218,Cartagena,10,6,6178,10718,0,4430,887,861,0,0,7756,2961,0,0
2019-07-05,port218,Cartagena,13,7,50264,70979,26584,17993,228,5457,0,7559,17475,0,45945,0
2019-07-06,port218,Cartagena,7,4,48048,65461,0,41184,1859,5004,0,0,5945,0,59515,0
2019-07-07,port218,Cartagena,7,5,29806,6239,0,29806,0,0,0,0,2995,0,3244,0
2019-07-08,port218,Cartagena,12,7,85302,11593,71382,12936,984,0,0,10456,1137,0,0,0
2019-07-09,port218,Cartagena,11,5,18810,80727,0,8765,1774,8271,0,0,6392,2915,71419,0
2019-07-10,port218,Cartagena,9,8,12598,29682,0,7327,0,5271,0,0,29567,0,114,0
2019-07-11,port218,Cartagena,11,4,16330,15469,13502,0,2002,0,824,0,9522,5861,0,86
2019-07-12,port218,Cartagena,11,9,65479,34112,0,59587,887,5004,0,0,11328,1457,21326,0
2019-07-13,port218,Cartagena,13,5,80997,83528,53739,19320,0,7937,0,0,24056,10310,49162,0
2019-07-14,port218,Cartagena,6,5,19643,4864,0,17751,1892,0,0,0,4864,0,0,0
2019-07-15,port218,Cartagena,13,6,37070,53870,0,21055,0,15189,824,0,5057,0,48727,86
2019-07-16,port218,Cartagena,7,5,18215,29520,0,13211,0,5004,0,0,7475,0,22045,0
2019-07-17,port218,Cartagena,10,6,14838,37049,0,7985,0,6028,824,0,13314,0,23649,86
2019-07-18,port218,Cartagena,8,5,4969,5238,0,4082,887,0,0,0,3073,2165,0,0
2019-07-19,port218,Cartagena,12,11,22902,34648,0,13847,0,9054,0,0,34648,0,0,0
2019-07-20,port218,Cartagena,10,6,42830,17324,0,42640,189,0,0,7559,6409,0,3355,0
2019-07-21,port218,Cartagena,8,4,23264,17923,0,19689,1234,0,2339,0,1349,0,16574,0
2019-07-22,port218,Cartagena,13,10,59785,67804,0,52724,0,7060,0,0,6827,1734,59242,0
2019-07-23,port218,Cartagena,12,6,41737,90244,25979,8397,887,6473,0,0,13286,1457,75500,0
2019-07-24,port218,Cartagena,12,8,14180,75742,0,9592,0,4588,0,50449,8577,16715,0,0
2019-07-25,port218,Cartagena,11,8,25335,10324,0,14218,2040,9076,0,0,8866,1457,0,0
2019-07-26,port218,Cartagena,8,5,6723,13953,0,5836,887,0,0,0,12264,1688,0,0
2019-07-27,port218,Cartagena,9,6,12407,118104,0,11520,887,0,0,0,16161,1457,100484,0
2019-07-28,port218,Cartagena,8,3,29561,27450,0,13333,8735,7492,0,22025,2280,0,3144,0
2019-07-29,port218,Cartagena,13,10,26027,20847,0,23817,0,1498,711,0,20820,0,0,27
2019-07-30,port218,Cartagena,11,6,18274,80379,8654,8109,887,623,0,0,32665,1457,46255,0
2019-07-31,port218,Cartagena,9,5,8546,17761,0,8546,0,0,0,1490,16270,0,0,0
2019-08-01,port218,Cartagena,8,5,46235,8957,0,36611,0,9624,0,0,4535,0,4422,0
2019-08-02,port218,Cartagena,7,6,15697,12011,0,15697,0,0,0,0,8593,0,3417,0
2019-08-03,port218,Cartagena,8,5,27536,22154,0,22316,0,4509,711,0,8938,0,13189,27
2019-08-04,port218,Cartagena,8,4,70984,23796,11150,50438,3101,6293,0,10456,0,13339,0,0
2019-08-05,port218,Cartagena,13,12,29539,30659,0,26525,0,3014,0,0,18834,0,11824,0
2019-08-06,port218,Cartagena,12,7,57536,24362,47060,8817,1115,542,0,7559,13406,3396,0,0
2019-08-07,port218,Cartagena,11,6,15627,77408,0,3043,3678,7060,1844,60797,16525,0,0,86
2019-08-08,port218,Cartagena,13,7,89239,12685,0,14858,15247,59133,0,0,5066,4148,3470,0
2019-08-09,port218,Cartagena,12,7,16182,60848,6260,7538,887,578,918,0,18160,1457,41230,0
2019-08-10,port218,Cartagena,12,7,52493,68777,0,45134,2033,0,5325,0,16763,2234,49778,0
2019-08-11,port218,Cartagena,6,3,22077,1457,0,20380,1696,0,0,0,0,1457,0,0
2019-08-12,port218,Cartagena,14,9,85820,6801,32559,20290,0,32970,0,0,6210,0,590,0
2019-08-13,port218,Cartagena,10,5,54392,13678,37590,8199,887,7715,0,0,10862,2816,0,0
2019-08-14,port218,Cartagena,11,5,9034,66268,0,0,3763,5271,0,0,16040,1457,48769,0
2019-08-15,port218,Cartagena,9,6,14822,10797,0,9551,0,5271,0,1490,9192,0,114,0
2019-08-16,port218,Cartagena,13,9,68316,19225,50419,15730,0,2165,0,0,13023,5692,0,509
2019-08-17,port218,Cartagena,8,4,39863,67521,0,26267,0,12771,824,61020,6415,0,0,86
2019-08-18,port218,Cartagena,10,4,8155,70125,0,7007,322,0,824,0,27847,933,41259,86
2019-08-19,port218,Cartagena,10,9,29692,13051,0,29692,0,0,0,0,9695,0,3355,0
2019-08-20,port218,Cartagena,11,7,87042,27416,0,2935,887,82509,711,0,25931,1457,0,27
2019-08-21,port218,Cartagena,11,6,20879,27700,0,8715,0,12163,0,0,20170,1690,5839,0
2019-08-22,port218,Cartagena,12,6,16719,83894,0,11127,2577,3014,0,27073,3511,1457,51852,0
2019-08-23,port218,Cartagena,10,7,29627,24319,0,20141,0,7060,2425,0,12418,11901,0,0
2019-08-24,port218,Cartagena,11,8,52518,53916,11150,41367,0,0,0,10456,11098,0,32361,0
2019-08-25,port218,Cartagena,10,4,41338,41624,13454,26360,699,0,824,0,6388,271,34877,86
2019-08-26,port218,Cartagena,9,6,5410,11148,0,5410,0,0,0,0,9637,0,1511,0
2019-08-27,port218,Cartagena,10,4,6893,28135,0,2938,2447,1507,0,7559,17660,2915,0,0
2019-08-28,port218,Cartagena,12,5,24881,67088,1435,7569,887,12541,2448,0,10811,1457,54818,0
2019-08-29,port218,Cartagena,14,7,24967,43403,0,8516,887,13002,2561,0,3963,1457,37982,0
2019-08-30,port218,Cartagena,11,7,22437,21495,0,15721,0,6716,0,0,17737,0,114,3643
2019-08-31,port218,Cartagena,10,5,97069,49742,43420,39421,0,14227,0,0,15621,2836,31283,0
2019-09-01,port218,Cartagena,7,5,84865,14913,0,9502,0,75363,0,0,10525,0,4387,0
2019-09-02,port218,Cartagena,15,10,36100,14586,48,24097,4605,7349,0,10124,3003,1457,0,0
2019-09-03,port218,Cartagena,7,6,14275,22165,0,14275,0,0,0,0,22165,0,0,0
2019-09-04,port218,Cartagena,10,7,64147,110632,47868,11008,0,5271,0,0,8664,0,101967,0
2019-09-05,port218,Cartagena,11,7,62893,25346,0,16607,0,46285,0,0,13521,0,11824,0
2019-09-06,port218,Cartagena,12,5,104170,72404,0,8816,2581,92772,0,0,21580,606,50217,0
2019-09-07,port218,Cartagena,8,6,48039,15614,0,46265,1774,0,0,0,12698,2915,0,0
2019-09-08,port218,Cartagena,6,3,15233,14782,0,7903,269,7060,0,0,0,0,14782,0
2019-09-09,port218,Cartagena,11,8,23542,29013,11150,11680,0,0,711,10456,14778,0,3751,27
2019-09-10,port218,Cartagena,9,6,13048,24233,0,7121,1774,0,4152,0,21317,2915,0,0
2019-09-11,port218,Cartagena,8,5,9462,14779,0,9462,0,0,0,2297,9125,0,3355,0
2019-09-12,port218,Cartagena,9,5,16693,9721,0,6332,887,9473,0,0,8263,1457,0,0
2019-09-13,port218,Cartagena,10,6,16140,32933,0,9846,0,6293,0,20388,12545,0,0,0
2019-09-14,port218,Cartagena,13,7,70352,18163,1339,30147,0,38865,0,0,12756,5406,0,0
2019-09-15,port218,Cartagena,8,3,60108,14195,11150,42397,6560,0,0,10456,2280,1457,0,0
2019-09-16,port218,Cartagena,16,7,28376,50830,0,13740,2661,8582,3392,0,4122,4373,42221,113
2019-09-17,port218,Cartagena,9,5,16131,23506,0,9086,1774,5271,0,0,6938,2915,13653,0
2019-09-18,port218,Cartagena,6,6,2938,17097,0,2938,0,0,0,0,17097,0,0,0
2019-09-19,port218,Cartagena,9,8,17407,6503,0,12136,0,5271,0,0,6388,0,114,0
2019-09-20,port218,Cartagena,13,6,39266,16949,0,22426,2943,13185,711,0,486,16436,0,27
2019-09-21,port218,Cartagena,8,5,26867,14509,0,26867,0,0,0,0,8743,0,5765,0
2019-09-22,port218,Cartagena,8,7,3461,30646,0,3461,0,0,0,0,29670,976,0,0
2019-09-23,port218,Cartagena,19,7,30500,62727,6571,19328,1699,0,2901,0,10149,6535,42964,3078
2019-09-24,port218,Cartagena,8,6,29776,40154,0,24627,0,5148,0,0,871,0,39282,0
2019-09-25,port218,Cartagena,11,6,1721,79209,896,0,0,0,824,0,19876,0,59246,86
2019-09-26,port218,Cartagena,8,5,27108,5809,0,14528,0,12579,0,0,2280,3528,0,0
2019-09-27,port218,Cartagena,8,5,12025,7413,0,11314,0,0,711,2912,3929,545,0,27
2019-09-28,port218,Cartagena,11,7,50927,45732,0,44549,0,5667,711,0,11700,0,34004,27
2019-09-29,port218,Cartagena,9,3,22276,19850,0,11440,887,9949,0,0,2280,3192,11824,2552
2019-09-30,port218,Cartagena,12,8,22886,26407,0,14874,139,5004,2867,0,4381,699,21326,0
2019-10-01,port218,Cartagena,10,5,30152,34231,26327,2938,887,0,0,0,29529,1457,3244,0
2019-10-02,port218,Cartagena,11,6,52825,14212,31936,7791,4485,5271,3341,0,14098,0,114,0
2019-10-03,port218,Cartagena,12,9,95531,41988,0,29672,0,65858,0,0,2725,0,39263,0
2019-10-04,port218,Cartagena,8,5,22753,13529,0,15254,228,7270,0,0,11591,1938,0,0
2019-10-05,port218,Cartagena,9,6,47697,9299,0,33355,218,13298,824,0,9213,0,0,86
2019-10-06,port218,Cartagena,4,1,8833,23329,0,2942,887,5004,0,0,0,2003,21326,0
2019-10-07,port218,Cartagena,16,9,36751,129531,11150,18449,887,6263,0,10456,11739,1729,105606,0
2019-10-08,port218,Cartagena,13,6,34816,84608,11150,9168,3026,11471,0,63881,19269,1457,0,0
2019-10-09,port218,Cartagena,9,4,15875,6293,0,4476,887,6493,4017,0,4835,1457,0,0
2019-10-10,port218,Cartagena,9,6,12118,48156,0,7529,0,4588,0,0,7760,484,39911,0
2019-10-11,port218,Cartagena,10,7,18830,15346,0,12354,887,2020,3568,0,13888,1457,0,0
2019-10-12,port218,Cartagena,10,6,47741,60907,0,40543,3232,3965,0,0,1276,287,59343,0
2019-10-13,port218,Cartagena,5,2,9353,1998,0,1405,887,7060,0,0,540,1457,0,0
2019-10-14,port218,Cartagena,13,9,22335,11716,0,14727,887,6720,0,0,8077,1457,2180,0
2019-10-15,port218,Cartagena,10,6,21511,8158,0,19913,887,0,711,0,6673,1457,0,27
2019-10-16,port218,Cartagena,9,7,17019,5760,307,16712,0,0,0,0,4069,1690,0,0
2019-10-17,port218,Cartagena,13,7,15783,21305,0,14896,887,0,0,0,5814,15491,0,0
2019-10-18,port218,Cartagena,10,6,43210,64155,0,34561,0,7937,711,0,11263,0,52864,27
2019-10-19,port218,Cartagena,8,6,55936,46837,0,50664,0,5271,0,0,11260,0,35577,0
2019-10-20,port218,Cartagena,4,4,9803,2046,0,9803,0,0,0,0,2046,0,0,0
2019-10-21,port218,Cartagena,11,7,19888,12115,0,19888,0,0,0,0,9122,2992,0,0
2019-10-22,port218,Cartagena,7,5,5106,62270,0,5106,0,0,0,0,22579,0,39690,0
2019-10-23,port218,Cartagena,10,5,31375,20445,0,6710,11628,13036,0,1342,17530,1457,114,0
2019-10-24,port218,Cartagena,10,7,7931,23676,0,522,0,7408,0,0,22224,1452,0,0
2019-10-25,port218,Cartagena,10,6,15026,7784,4509,8918,887,0,711,0,6299,1457,0,27
2019-10-26,port218,Cartagena,12,7,13420,130206,0,13420,0,0,0,72763,13277,1058,41136,1969
2019-10-27,port218,Cartagena,6,4,15993,13977,0,13558,0,2435,0,0,13977,0,0,0
2019-10-28,port218,Cartagena,12,9,68177,4552,27340,32889,887,7060,0,0,3094,1457,0,0
2019-10-29,port218,Cartagena,7,5,24177,37214,5521,13651,0,5004,0,0,15888,0,21326,0
2019-10-30,port218,Cartagena,9,4,16311,38425,0,4481,887,10019,922,0,5085,1457,31882,0
2019-10-31,port218,Cartagena,12,10,10171,14242,0,10171,0,0,0,2399,10339,1503,0,0
2019-11-01,port218,Cartagena,5,4,10395,16479,0,9305,0,1089,0,0,16479,0,0,0
2019-11-02,port218,Cartagena,13,6,69268,146013,0,53063,1774,14431,0,49319,7060,2915,86717,0
2019-11-03,port218,Cartagena,8,2,49393,3963,38030,8758,757,1846,0,2297,0,1665,0,0
2019-11-04,port218,Cartagena,12,9,11194,10456,0,11194,0,0,0,0,6933,3522,0,0
2019-11-05,port218,Cartagena,10,7,35914,10301,0,28520,887,6507,0,0,8843,1457,0,0
2019-11-06,port218,Cartagena,10,5,30474,26351,19260,6137,0,0,5077,0,25643,0,707,0
2019-11-07,port218,Cartagena,13,7,26994,12253,0,17661,1164,8169,0,0,2920,1938,7394,0
2019-11-08,port218,Cartagena,6,5,27671,11175,0,27671,0,0,0,0,7911,3263,0,0
2019-11-09,port218,Cartagena,13,7,63483,55062,445,62151,887,0,0,0,0,1457,53604,0
2019-11-10,port218,Cartagena,10,3,93473,42956,0,12350,887,80236,0,0,2280,2026,38649,0
2019-11-11,port218,Cartagena,9,7,43811,14984,0,36417,7394,0,0,0,13526,1457,0,0
2019-11-12,port218,Cartagena,10,5,51146,29582,23170,14410,0,11025,2539,0,27584,1998,0,0
2019-11-13,port218,Cartagena,8,5,4373,45591,0,4063,309,0,0,0,7871,0,37719,0
2019-11-14,port218,Cartagena,13,8,21864,23223,1409,13573,887,5994,0,0,15157,1457,6608,0
2019-11-15,port218,Cartagena,8,6,24550,7668,0,23111,1439,0,0,0,5232,0,2436,0
2019-11-16,port218,Cartagena,7,6,69241,7214,23012,46229,0,0,0,0,7214,0,0,0
2019-11-17,port218,Cartagena,9,6,61318,19730,49532,11785,0,0,0,0,14477,1897,3355,0
2019-11-18,port218,Cartagena,11,8,16503,11635,0,14792,887,0,824,0,8742,2806,0,86
2019-11-19,port218,Cartagena,7,4,34114,41399,0,7825,4123,22165,0,0,10562,0,30836,0
2019-11-20,port218,Cartagena,11,6,53627,20018,34742,7582,134,10342,824,2297,17634,0,0,86
2019-11-21,port218,Cartagena,12,6,32483,154531,0,14180,4075,14227,0,72798,5043,1457,75230,0
2019-11-22,port218,Cartagena,8,6,31444,13043,0,25180,0,6263,0,0,12768,274,0,0
2019-11-23,port218,Cartagena,7,7,42697,9025,0,42697,0,0,0,0,9025,0,0,0
2019-11-24,port218,Cartagena,10,4,4347,14458,0,881,887,2578,0,0,6273,8184,0,0
2019-11-25,port218,Cartagena,13,8,4556,35570,0,3892,152,0,511,0,4253,139,31176,0
2019-11-26,port218,Cartagena,7,5,16206,8880,0,15495,0,0,711,1193,7659,0,0,27
2019-11-27,port218,Cartagena,12,7,23830,48481,0,14777,0,9053,0,0,6005,0,42476,0
2019-11-28,port218,Cartagena,10,6,22473,5208,0,14634,2567,5271,0,0,1738,0,3470,0
2019-11-29,port218,Cartagena,7,4,11941,33696,0,5018,3907,3014,0,0,21361,0,11824,510
2019-11-30,port218,Cartagena,10,4,42386,108300,1107,37210,228,3014,824,0,12915,3296,92002,86
2019-12-01,port218,Cartagena,12,5,29098,25262,11150,7080,2661,4319,3886,10456,10346,4373,0,86
2019-12-02,port218,Cartagena,16,10,64613,62543,30030,27522,0,7060,0,0,20567,269,41706,0
2019-12-03,port218,Cartagena,7,6,12745,31814,0,11858,887,0,0,0,30356,1457,0,0
2019-12-04,port218,Cartagena,12,4,6347,124088,0,1297,1121,3014,914,58600,10513,1895,53079,0
2019-12-05,port218,Cartagena,7,7,19799,4561,0,19799,0,0,0,0,4561,0,0,0
2019-12-06,port218,Cartagena,10,6,33824,140502,0,27103,0,6720,0,22617,10835,0,107050,0
2019-12-07,port218,Cartagena,9,6,47173,21224,0,39012,0,8160,0,0,17808,0,3415,0
2019-12-08,port218,Cartagena,7,4,26721,8341,0,11855,887,13978,0,0,3974,1457,2908,0
2019-12-09,port218,Cartagena,10,8,32299,2280,0,31276,0,565,458,0,2280,0,0,0
2019-12-10,port218,Cartagena,7,5,25844,27121,11150,14693,0,0,0,15717,11403,0,0,0
2019-12-11,port218,Cartagena,15,8,36131,45959,11150,19543,887,3014,1535,15761,14336,1457,14403,0
2019-12-12,port218,Cartagena,10,7,20358,33660,0,14329,0,6028,0,0,8574,1436,23649,0
2019-12-13,port218,Cartagena,10,5,22604,46013,0,11754,0,10850,0,0,18493,6193,21326,0
2019-12-14,port218,Cartagena,8,6,53909,11641,0,53022,887,0,0,0,9122,2518,0,0
2019-12-15,port218,Cartagena,8,4,9365,25386,0,5877,3488,0,0,0,9149,16237,0,0
2019-12-16,port218,Cartagena,11,7,26243,19558,0,20084,887,5271,0,0,9122,1457,8978,0
2019-12-17,port218,Cartagena,5,3,7421,9616,0,5877,0,718,824,0,9530,0,0,86
2019-12-18,port218,Cartagena,13,8,13613,64186,0,11754,0,1033,824,0,20291,862,42946,86
2019-12-19,port218,Cartagena,12,7,21932,22701,3535,13670,887,3014,824,0,9333,1457,11824,86
2019-12-20,port218,Cartagena,7,4,21645,6714,0,16374,0,5271,0,0,5293,1305,114,0
2019-12-21,port218,Cartagena,5,4,22004,2280,0,14943,0,7060,0,0,2280,0,0,0
2019-12-22,port218,Cartagena,9,6,28856,13878,2989,25867,0,0,0,7036,6842,0,0,0
2019-12-23,port218,Cartagena,8,6,22941,18194,0,22054,887,0,0,0,13239,1457,3497,0
2019-12-24,port218,Cartagena,9,6,11959,41033,0,8816,0,0,3143,0,38753,2280,0,0
2019-12-25,port218,Cartagena,8,5,18147,54425,0,14285,887,2974,0,0,15133,1457,37833,0
2019-12-26,port218,Cartagena,10,6,20472,72192,0,12534,0,7937,0,0,23099,0,49093,0
2019-12-27,port218,Cartagena,9,5,21142,12879,0,19368,1774,0,0,0,9445,2915,519,0
2019-12-28,port218,Cartagena,8,6,29012,12700,48,23118,0,5845,0,7036,5664,0,0,0
2019-12-29,port218,Cartagena,8,4,116840,8107,0,46674,228,69936,0,0,6169,1938,0,0
2019-12-30,port218,Cartagena,16,9,32422,51718,3636,28786,0,0,0,40129,7684,3457,447,0
2019-12-31,port218,Cartagena,9,3,30364,71909,22520,5877,0,1966,0,13371,18243,0,40294,0
2020-01-01,port218,Cartagena,5,3,23912,2828,0,19401,0,4051,460,0,2828,0,0,0
2020-01-02,port218,Cartagena,9,8,25356,27575,0,17817,0,7539,0,0,27575,0,0,0
2020-01-03,port218,Cartagena,9,6,20628,12236,0,14334,0,6293,0,0,11197,0,1039,0
2020-01-04,port218,Cartagena,9,3,25768,44740,0,13454,887,11426,0,0,2650,1457,38517,2114
2020-01-05,port218,Cartagena,8,4,26041,14461,11150,6943,887,7060,0,10456,1501,1457,1045,0
2020-01-06,port218,Cartagena,10,6,42258,15478,0,42258,0,0,0,7559,5397,2521,0,0
2020-01-07,port218,Cartagena,9,7,28200,9237,0,22929,0,5271,0,0,9122,0,114,0
2020-01-08,port218,Cartagena,8,6,35101,4327,29253,5848,0,0,0,0,4327,0,0,0
2020-01-09,port218,Cartagena,11,9,50404,62613,0,50404,0,0,0,0,45608,13588,3415,0
2020-01-10,port218,Cartagena,11,7,84539,58404,63854,12198,0,8486,0,0,18021,0,40383,0
2020-01-11,port218,Cartagena,12,8,17066,38741,0,6114,0,10952,0,0,17265,1825,19650,0
2020-01-12,port218,Cartagena,10,7,63072,4054,19680,43392,0,0,0,0,3210,0,335,509
2020-01-13,port218,Cartagena,10,5,8891,37107,0,5877,0,3014,0,0,13754,1096,22256,0
2020-01-14,port218,Cartagena,12,6,52831,47412,20469,30712,0,0,1649,10456,35093,1690,0,172
2020-01-15,port218,Cartagena,11,4,19106,94934,0,8953,812,9341,0,0,3750,862,90321,0
2020-01-16,port218,Cartagena,10,7,23225,60022,0,20210,0,3014,0,33396,14800,0,11824,0
2020-01-17,port218,Cartagena,8,6,7186,9826,0,6921,264,0,0,0,8461,1365,0,0
2020-01-18,port218,Cartagena,8,4,55939,5917,0,48174,0,7765,0,0,854,5062,0,0
2020-01-19,port218,Cartagena,5,3,13766,38605,0,13766,0,0,0,0,885,0,37719,0
2020-01-20,port218,Cartagena,7,6,6246,40274,0,5029,1216,0,0,0,40274,0,0,0
2020-01-21,port218,Cartagena,6,5,18685,25517,0,15671,0,3014,0,0,13692,0,11824,0
2020-01-22,port218,Cartagena,10,6,29708,5645,0,19553,1975,8179,0,0,4072,1457,114,0
2020-01-23,port218,Cartagena,8,5,22152,18725,0,15092,0,7060,0,0,16990,1734,0,0
2020-01-24,port218,Cartagena,6,5,33471,12816,0,33471,0,0,0,1490,11326,0,0,0
2020-01-25,port218,Cartagena,9,7,28077,15570,0,20683,887,6507,0,0,14112,1457,0,0
2020-01-26,port218,Cartagena,9,4,22380,5602,0,12439,887,9053,0,0,2400,3086,114,0
2020-01-27,port218,Cartagena,17,8,30912,101199,11150,10889,3191,4856,824,10456,43566,456,46633,86
2020-01-28,port218,Cartagena,7,3,5271,85219,0,0,0,5271,0,73596,11508,0,114,0
2020-01-29,port218,Cartagena,8,5,89903,40932,0,15255,0,74648,0,39261,1670,0,0,0
2020-01-30,port218,Cartagena,10,5,19121,6549,3772,15348,0,0,0,0,4677,1872,0,0
2020-01-31,port218,Cartagena,8,4,33388,9363,0,25066,887,7434,0,0,5270,3978,114,0
2020-02-01,port218,Cartagena,6,5,38205,21451,0,38205,0,0,0,0,21451,0,0,0
2020-02-02,port218,Cartagena,8,3,43168,54490,30216,12064,887,0,0,0,0,1457,53033,0
2020-02-03,port218,Cartagena,12,8,50298,29635,32624,9021,887,7765,0,7559,20618,1457,0,0
2020-02-04,port218,Cartagena,6,4,18684,44728,0,18684,0,0,0,0,3811,0,40917,0
2020-02-05,port218,Cartagena,10,6,22260,19231,0,12773,0,9487,0,0,7406,0,11824,0
2020-02-06,port218,Cartagena,13,8,22597,34029,0,13804,2764,6028,0,0,8922,1457,23649,0
2020-02-07,port218,Cartagena,10,6,23691,63621,0,23462,228,0,0,0,10843,4821,47957,0
2020-02-08,port218,Cartagena,10,6,43159,72226,0,36098,0,7060,0,0,27277,4121,40827,0
2020-02-09,port218,Cartagena,8,4,11032,16961,1490,8325,1216,0,0,0,15503,1457,0,0
2020-02-10,port218,Cartagena,10,5,58922,7817,32454,11778,3036,11652,0,0,6359,1457,0,0
2020-02-11,port218,Cartagena,8,4,59240,61510,49964,6767,0,0,2508,0,10940,0,50483,86
2020-02-12,port218,Cartagena,10,6,19107,5600,0,11123,2713,5271,0,0,2909,0,114,2576
2020-02-13,port218,Cartagena,4,4,12653,0,0,12653,0,0,0,0,0,0,0,0
2020-02-14,port218,Cartagena,7,4,84894,5877,50641,26091,0,8160,0,0,4963,913,0,0
2020-02-15,port218,Cartagena,6,5,20258,22883,9718,10539,0,0,0,0,22883,0,0,0
2020-02-16,port218,Cartagena,11,8,73724,10938,0,38636,0,35087,0,0,6515,0,4423,0
2020-02-17,port218,Cartagena,10,7,14189,11284,0,12368,887,933,0,0,9826,1457,0,0
2020-02-18,port218,Cartagena,9,4,90843,31387,0,9602,0,80730,510,0,10649,0,20738,0
2020-02-19,port218,Cartagena,10,7,11991,99949,4048,7942,0,0,0,0,11317,0,88631,0
2020-02-20,port218,Cartagena,13,6,23605,12408,0,16373,0,7232,0,2451,5772,4183,0,0
2020-02-21,port218,Cartagena,12,6,26277,22476,2457,20530,0,3290,0,0,19341,0,3134,0
2020-02-22,port218,Cartagena,8,4,44075,3554,0,41899,2176,0,0,0,2280,0,1274,0
2020-02-23,port218,Cartagena,7,5,12426,13690,0,10793,1632,0,0,0,12790,900,0,0
2020-02-24,port218,Cartagena,9,6,29310,24330,0,21741,887,6682,0,0,19950,4379,0,0
2020-02-25,port218,Cartagena,6,3,40470,13760,31712,8757,0,0,0,0,5436,0,8323,0
2020-02-26,port218,Cartagena,9,4,21244,8560,0,9675,887,10682,0,0,4561,3999,0,0
2020-02-27,port218,Cartagena,12,9,14272,73652,0,10680,887,2705,0,0,24235,1457,47959,0
2020-02-28,port218,Cartagena,12,7,28505,99047,0,21444,0,7060,0,37857,12677,5245,43266,0
2020-02-29,port218,Cartagena,12,6,95319,58387,29690,54924,165,9827,711,0,9015,0,49344,27
2020-03-01,port218,Cartagena,6,3,4350,4426,0,3235,1115,0,0,0,1030,3396,0,0
2020-03-02,port218,Cartagena,18,10,158195,17581,35684,49327,3986,69197,0,1490,8595,7495,0,0
2020-03-03,port218,Cartagena,7,3,16348,61794,0,10252,0,5271,824,59312,2280,0,114,86
2020-03-04,port218,Cartagena,6,5,6732,15059,0,6732,0,0,0,0,15059,0,0,0
2020-03-05,port218,Cartagena,11,7,27428,20679,0,6504,2700,15095,3128,0,20679,0,0,0
2020-03-06,port218,Cartagena,9,4,15488,25116,0,8732,456,4181,2117,0,17377,7739,0,0
2020-03-07,port218,Cartagena,7,6,4445,16718,0,3620,0,0,824,0,16632,0,0,86
2020-03-08,port218,Cartagena,11,5,51820,32138,1905,40381,4528,5004,0,0,4657,2799,24681,0
2020-03-09,port218,Cartagena,10,7,51101,49937,3349,47752,0,0,0,0,5149,5682,39105,0
2020-03-10,port218,Cartagena,5,4,14775,23760,0,7030,0,7744,0,0,23760,0,0,0
2020-03-11,port218,Cartagena,8,6,10759,11606,0,9872,887,0,0,2451,7697,1457,0,0
2020-03-12,port218,Cartagena,15,9,30182,80485,0,25602,887,0,3693,51099,25570,3816,0,0
2020-03-13,port218,Cartagena,15,8,55604,130445,3294,29971,330,22008,0,46728,14347,0,69370,0
2020-03-14,port218,Cartagena,10,6,46104,31820,6396,37369,0,0,2339,0,24081,7739,0,0
2020-03-15,port218,Cartagena,9,5,86587,34641,46728,25631,0,14227,0,0,3804,0,30836,0
2020-03-16,port218,Cartagena,7,5,26310,2402,0,18538,0,7060,711,0,2375,0,0,27
2020-03-17,port218,Cartagena,10,4,45549,74725,9285,8988,0,26764,510,0,43889,0,30836,0
2020-03-18,port218,Cartagena,8,3,83450,8664,0,3421,0,79203,824,1490,4313,2774,0,86
2020-03-19,port218,Cartagena,9,7,35283,7781,0,35283,0,0,0,0,7624,156,0,0
2020-03-20,port218,Cartagena,11,4,5867,110497,0,4269,887,0,711,52143,11430,1457,45437,27
2020-03-21,port218,Cartagena,9,6,32152,32534,0,24214,0,7937,0,0,24924,1603,6006,0
2020-03-22,port218,Cartagena,7,4,27412,8199,0,27412,0,0,0,0,4376,3823,0,0
2020-03-23,port218,Cartagena,12,8,62893,5728,30413,29040,3440,0,0,0,5728,0,0,0
2020-03-24,port218,Cartagena,7,4,13906,61125,0,4774,0,9131,0,0,10313,5021,45790,0
2020-03-25,port218,Cartagena,8,3,11100,111895,0,0,0,10275,824,75791,12166,0,23850,86
2020-03-26,port218,Cartagena,10,7,16329,88610,0,11391,887,4051,0,0,6810,1457,80342,0
2020-03-27,port218,Cartagena,10,6,23784,89569,0,15132,887,7765,0,0,5053,1457,83058,0
2020-03-28,port218,Cartagena,10,7,57007,71685,0,22988,887,33132,0,0,35759,1457,34468,0
2020-03-29,port218,Cartagena,6,3,22041,4448,0,16331,0,1715,3994,0,4362,0,0,86
2020-03-30,port218,Cartagena,14,7,26230,30637,4827,16373,228,3782,1018,0,12341,3629,14666,0
2020-03-31,port218,Cartagena,8,6,10881,63290,0,5877,0,5004,0,2451,39512,0,21326,0
2020-04-01,port218,Cartagena,6,4,7795,13955,0,4169,887,2738,0,0,12497,1457,0,0
2020-04-02,port218,Cartagena,12,8,30659,7471,10003,12620,887,7148,0,0,6013,1457,0,0
2020-04-03,port218,Cartagena,10,8,89237,21404,0,22525,0,64568,2143,0,21404,0,0,0
2020-04-04,port218,Cartagena,10,4,91459,89365,52760,22883,764,14227,824,0,17330,0,71948,86
2020-04-05,port218,Cartagena,8,6,45101,21312,0,44276,0,0,824,5824,15401,0,0,86
2020-04-06,port218,Cartagena,8,4,64588,7866,48783,7138,1774,6892,0,0,4951,2915,0,0
2020-04-07,port218,Cartagena,8,5,33749,13126,0,25802,887,7060,0,0,9952,3174,0,0
2020-04-08,port218,Cartagena,4,3,0,8651,0,0,0,0,0,0,6552,0,0,2099
2020-04-09,port218,Cartagena,8,5,7487,42373,0,5307,2179,0,0,0,11889,0,30484,0
2020-04-10,port218,Cartagena,9,7,52487,9613,0,34304,887,17296,0,0,8155,1457,0,0
2020-04-11,port218,Cartagena,9,6,26442,7959,0,21005,887,4550,0,0,3774,4185,0,0
2020-04-12,port218,Cartagena,8,6,63016,6633,0,30235,0,32781,0,0,4521,2111,0,0
2020-04-13,port218,Cartagena,14,8,23461,20150,0,17303,887,5271,0,0,12080,5191,114,2762
2020-04-14,port218,Cartagena,7,3,7166,70181,0,2938,1580,0,2646,0,26196,0,43985,0
2020-04-15,port218,Cartagena,8,6,3085,45880,0,3085,0,0,0,0,11714,0,34166,0
2020-04-16,port218,Cartagena,11,6,85056,26224,0,1144,0,83912,0,0,11119,15105,0,0
2020-04-17,port218,Cartagena,9,7,101607,14588,0,15648,0,84929,1029,0,14588,0,0,0
2020-04-18,port218,Cartagena,11,5,16998,54662,0,7910,0,9087,0,2297,5211,1734,45418,0
2020-04-19,port218,Cartagena,9,3,15309,44473,0,12891,887,0,1530,0,1263,2843,40366,0
2020-04-20,port218,Cartagena,9,7,29598,19311,0,29598,0,0,0,0,19311,0,0,0
2020-04-21,port218,Cartagena,4,4,5877,8159,0,5877,0,0,0,0,8159,0,0,0
2020-04-22,port218,Cartagena,13,7,41264,51202,0,31825,1822,7615,0,0,12454,2915,35832,0
2020-04-23,port218,Cartagena,7,5,24457,14557,48,21175,0,3233,0,7036,7521,0,0,0
2020-04-24,port218,Cartagena,7,5,13817,52234,0,13106,0,0,711,0,7127,0,45079,27
2020-04-25,port218,Cartagena,9,6,47135,3013,0,46529,606,0,0,0,3013,0,0,0
2020-04-26,port218,Cartagena,7,3,42429,1457,21546,19995,887,0,0,0,0,1457,0,0
2020-04-27,port218,Cartagena,14,10,40359,67186,0,33508,228,6622,0,48231,16902,1938,114,0
2020-04-28,port218,Cartagena,6,4,51098,50526,43727,7371,0,0,0,10456,40070,0,0,0
2020-04-29,port218,Cartagena,8,6,20070,8721,0,12420,156,7492,0,0,8721,0,0,0
2020-04-30,port218,Cartagena,9,5,17568,93232,0,3715,0,13028,824,0,11292,0,81853,86
2020-05-01,port218,Cartagena,7,5,6949,9042,0,1100,162,5686,0,0,9042,0,0,0
2020-05-02,port218,Cartagena,8,6,52451,13407,0,52451,0,0,0,0,12960,0,447,0
2020-05-03,port218,Cartagena,5,3,15905,1912,0,15905,0,0,0,0,1912,0,0,0
2020-05-04,port218,Cartagena,11,6,34745,48818,0,25771,2466,6507,0,1081,11845,852,35039,0
2020-05-05,port218,Cartagena,6,4,1378,31074,0,1149,228,0,0,0,29136,1938,0,0
2020-05-06,port218,Cartagena,7,3,38354,6488,34904,1308,1431,0,711,0,5003,1457,0,27
2020-05-07,port218,Cartagena,9,7,9656,17729,0,7395,887,1374,0,0,16272,1457,0,0
2020-05-08,port218,Cartagena,8,5,7038,19628,0,4023,0,3014,0,1490,5138,1175,11824,0
2020-05-09,port218,Cartagena,10,6,40780,71624,0,34307,0,6473,0,0,16944,2721,51958,0
2020-05-10,port218,Cartagena,10,5,11106,45536,0,9332,1774,0,0,0,16296,4519,24720,0
2020-05-11,port218,Cartagena,11,9,36852,15168,0,31759,5093,0,0,0,13710,1457,0,0
2020-05-12,port218,Cartagena,7,5,21653,8008,0,18349,887,2417,0,0,6550,1457,0,0
2020-05-13,port218,Cartagena,12,5,27933,16739,4567,13177,887,7765,1535,0,5916,1457,9252,113
2020-05-14,port218,Cartagena,11,8,30115,19916,5992,23235,887,0,0,0,12513,1457,5945,0
2020-05-15,port218,Cartagena,11,6,29191,60687,9445,7826,887,11032,0,0,7376,1457,51853,0
2020-05-16,port218,Cartagena,11,6,36113,73083,0,33702,1115,1295,0,0,30666,3396,39020,0
2020-05-17,port218,Cartagena,10,6,17310,12302,0,7370,3219,6720,0,0,8697,3604,0,0
2020-05-18,port218,Cartagena,7,5,4814,119562,0,4814,0,0,0,0,9631,4219,105711,0
2020-05-19,port218,Cartagena,5,3,10876,32107,0,2938,0,7937,0,2451,29656,0,0,0
2020-05-20,port218,Cartagena,6,4,1829,36405,0,1829,0,0,0,0,4028,3402,28973,0
2020-05-21,port218,Cartagena,12,8,38667,88135,0,33396,0,5271,0,33410,15244,0,39480,0
2020-05-22,port218,Cartagena,9,7,10090,13718,0,9203,887,0,0,0,10526,3192,0,0
2020-05-23,port218,Cartagena,8,4,84462,49468,1638,8522,0,74302,0,0,49253,0,214,0
2020-05-24,port218,Cartagena,5,3,9452,10848,0,8565,887,0,0,0,4424,6423,0,0
2020-05-25,port218,Cartagena,12,8,26981,16373,11064,10610,5306,0,0,0,16373,0,0,0
2020-05-26,port218,Cartagena,5,3,3102,17809,0,2938,164,0,0,0,17809,0,0,0
2020-05-27,port218,Cartagena,8,6,13928,44113,0,13041,887,0,0,0,8192,1457,34463,0
2020-05-28,port218,Cartagena,14,8,37953,72873,0,24138,0,13815,0,0,8420,2023,62428,0
2020-05-29,port218,Cartagena,9,6,17981,14212,0,14456,1115,2409,0,0,10816,3396,0,0
2020-05-30,port218,Cartagena,6,5,36586,38871,0,35699,887,0,0,0,37413,1457,0,0
2020-05-31,port218,Cartagena,7,6,576,18658,0,576,0,0,0,0,18658,0,0,0
2020-06-01,port218,Cartagena,11,5,36563,51103,1155,14868,4528,15298,711,0,3477,0,47599,27
2020-06-02,port218,Cartagena,11,5,6467,44496,0,2938,0,3014,514,0,27712,1603,15180,0
2020-06-03,port218,Cartagena,7,5,2619,8090,0,2619,0,0,0,0,8090,0,0,0
2020-06-04,port218,Cartagena,9,7,50593,17305,0,42002,0,7765,824,0,17219,0,0,86
2020-06-05,port218,Cartagena,5,4,8268,6495,0,8268,0,0,0,2297,4198,0,0,0
2020-06-06,port218,Cartagena,8,6,77379,14111,0,20633,887,55858,0,0,12653,1457,0,0
2020-06-07,port218,Cartagena,9,3,9857,19406,0,3806,887,5163,0,0,3603,15803,0,0
2020-06-08,port218,Cartagena,12,6,32602,4519,0,16003,2943,13654,0,0,4404,0,114,0
2020-06-09,port218,Cartagena,8,6,34478,52084,28927,2536,0,3014,0,0,40259,0,11824,0
2020-06-10,port218,Cartagena,7,6,16410,9936,0,15523,887,0,0,0,8478,1457,0,0
2020-06-11,port218,Cartagena,8,6,13150,12808,0,12921,228,0,0,0,10870,1938,0,0
2020-06-12,port218,Cartagena,4,3,12765,12776,0,12765,0,0,0,0,5618,0,7158,0
2020-06-13,port218,Cartagena,6,4,47070,2280,0,44328,0,2741,0,0,2280,0,0,0
2020-06-14,port218,Cartagena,7,4,6142,27590,0,5255,887,0,0,0,8471,4426,14691,0
2020-06-15,port218,Cartagena,9,5,10579,58686,0,10579,0,0,0,51117,5950,1172,447,0
2020-06-16,port218,Cartagena,10,8,9890,30622,0,9890,0,0,0,1490,29132,0,0,0
2020-06-17,port218,Cartagena,8,7,15926,9012,0,15388,538,0,0,0,9012,0,0,0
2020-06-18,port218,Cartagena,7,6,39780,14590,0,26787,0,12993,0,0,14590,0,0,0
2020-06-19,port218,Cartagena,15,9,37239,43077,0,21415,887,14937,0,0,14580,1457,27039,0
2020-06-20,port218,Cartagena,12,6,45357,33693,0,37769,0,7587,0,0,13705,7135,12852,0
2020-06-21,port218,Cartagena,9,5,0,80549,0,0,0,0,0,58207,17954,2365,0,2021
2020-06-22,port218,Cartagena,11,7,4726,29753,0,3839,887,0,0,2451,24987,2313,0,0
2020-06-23,port218,Cartagena,6,4,8791,77363,0,7904,887,0,0,0,35687,1457,40218,0
2020-06-24,port218,Cartagena,9,7,20535,12359,0,11264,887,8383,0,0,10901,1457,0,0
2020-06-25,port218,Cartagena,8,6,17828,62331,0,17828,0,0,0,0,8672,0,53658,0
2020-06-26,port218,Cartagena,9,6,27692,11349,0,21219,0,6473,0,0,9503,1846,0,0
2020-06-27,port218,Cartagena,9,6,11262,67234,0,11262,0,0,0,0,31020,0,36213,0
2020-06-28,port218,Cartagena,6,6,6398,13077,0,6398,0,0,0,0,13077,0,0,0
2020-06-29,port218,Cartagena,9,6,70095,5204,0,16338,1156,52600,0,0,3747,1457,0,0
2020-06-30,port218,Cartagena,8,3,19377,11477,0,12035,0,7342,0,1490,7499,0,2488,0
2020-07-01,port218,Cartagena,6,6,6285,7207,0,6285,0,0,0,0,7207,0,0,0
2020-07-02,port218,Cartagena,10,6,19941,19173,0,12131,0,6984,824,0,7263,0,11824,86
2020-07-03,port218,Cartagena,10,7,16099,50490,0,9941,887,5271,0,0,10497,1457,38535,0
2020-07-04,port218,Cartagena,10,6,44891,47660,0,43077,0,1813,0,0,43318,4341,0,0
2020-07-05,port218,Cartagena,3,3,0,13941,0,0,0,0,0,0,13941,0,0,0
2020-07-06,port218,Cartagena,15,8,44062,33359,28453,2168,2661,10779,0,0,17160,4373,11824,0
2020-07-07,port218,Cartagena,10,5,10435,18006,0,3928,0,6507,0,0,12428,0,5578,0
2020-07-08,port218,Cartagena,8,5,7800,5765,0,6913,887,0,0,0,4307,1457,0,0
2020-07-09,port218,Cartagena,10,5,35309,23591,12693,16250,887,5478,0,3088,15026,1457,4018,0
2020-07-10,port218,Cartagena,13,7,28203,58705,7185,20192,0,0,824,2451,17829,0,38337,86
2020-07-11,port218,Cartagena,8,5,24087,53271,0,17598,887,5601,0,36187,15625,1457,0,0
2020-07-12,port218,Cartagena,7,5,21129,8076,0,16938,1819,2371,0,0,8076,0,0,0
2020-07-13,port218,Cartagena,10,6,18976,115480,0,16484,887,1604,0,0,4702,7835,102942,0
2020-07-14,port218,Cartagena,9,6,27676,9534,0,16212,4194,7270,0,0,9534,0,0,0
2020-07-15,port218,Cartagena,12,6,15961,122950,0,7867,0,6263,1830,53301,11646,1819,56182,0
2020-07-16,port218,Cartagena,10,7,29912,19483,0,20174,887,8850,0,1490,16535,1457,0,0
2020-07-17,port218,Cartagena,9,5,32812,34832,16312,13349,0,3150,0,0,2987,0,31845,0
2020-07-18,port218,Cartagena,7,6,32475,22489,0,32475,0,0,0,0,21626,862,0,0
2020-07-19,port218,Cartagena,6,3,4635,21136,0,0,1115,3519,0,0,17739,3396,0,0
2020-07-20,port218,Cartagena,12,7,37689,22312,26655,10575,0,0,458,0,21873,439,0,0
2020-07-21,port218,Cartagena,6,4,16316,13894,0,10158,887,5271,0,0,12321,1457,114,0
2020-07-22,port218,Cartagena,8,6,37154,14149,28482,8671,0,0,0,0,14149,0,0,0
2020-07-23,port218,Cartagena,11,6,90249,82464,51506,32585,887,5271,0,0,10925,1457,70081,0
2020-07-24,port218,Cartagena,10,7,28566,26282,0,28363,0,0,203,1706,15141,9433,0,0
2020-07-25,port218,Cartagena,9,5,28542,147145,0,19885,890,7765,0,0,49834,0,97310,0
2020-07-26,port218,Cartagena,10,5,13810,62114,0,3844,3245,6720,0,2297,25821,1457,32536,0
2020-07-27,port218,Cartagena,9,7,25543,11423,0,25543,0,0,0,0,6842,4581,0,0
2020-07-28,port218,Cartagena,12,6,31985,17498,0,20433,887,10665,0,0,10449,7048,0,0
2020-07-29,port218,Cartagena,10,5,10614,51850,0,10385,228,0,0,0,3901,5379,42570,0
2020-07-30,port218,Cartagena,8,4,22385,19186,0,19062,887,2435,0,0,9593,6703,2889,0
2020-07-31,port218,Cartagena,8,6,24986,14486,0,17048,0,7937,0,0,14486,0,0,0
2020-08-01,port218,Cartagena,9,7,34927,52024,0,28454,0,6473,0,0,10937,0,41086,0
2020-08-02,port218,Cartagena,6,4,9596,5611,0,8709,887,0,0,0,2487,3123,0,0
2020-08-03,port218,Cartagena,6,4,6653,12440,0,6300,0,353,0,4563,7876,0,0,0
2020-08-04,port218,Cartagena,6,3,11983,5338,0,10549,0,1433,0,0,2280,0,3057,0
2020-08-05,port218,Cartagena,12,6,33907,21005,11150,15712,1774,5271,0,10456,7004,3429,114,0
2020-08-06,port218,Cartagena,12,7,81265,84139,52136,28242,887,0,0,54741,27940,1457,0,0
2020-08-07,port218,Cartagena,10,9,22021,31231,0,16749,0,5271,0,0,31117,0,114,0
2020-08-08,port218,Cartagena,8,5,40250,64451,0,40250,0,0,0,0,12380,0,51612,458
2020-08-09,port218,Cartagena,7,4,9227,44840,0,9227,0,0,0,0,0,0,44840,0
2020-08-10,port218,Cartagena,9,6,32395,8126,0,24577,5075,2741,0,0,5205,0,0,2921
2020-08-11,port218,Cartagena,15,6,110094,63535,0,13662,0,96431,0,9622,18563,1603,33745,0
2020-08-12,port218,Cartagena,9,5,6764,40208,0,5877,887,0,0,7559,28021,4627,0,0
2020-08-13,port218,Cartagena,7,7,32042,10394,0,32042,0,0,0,0,10394,0,0,0
2020-08-14,port218,Cartagena,11,7,12326,52513,0,12326,0,0,0,0,16920,5988,29604,0
2020-08-15,port218,Cartagena,8,5,17707,10609,0,9117,0,7765,824,0,10523,0,0,86
2020-08-16,port218,Cartagena,8,4,56991,53903,28081,28909,0,0,0,0,14312,0,39591,0
2020-08-17,port218,Cartagena,10,8,41892,11930,0,29314,887,11690,0,0,10472,1457,0,0
2020-08-18,port218,Cartagena,5,1,10501,77324,0,2938,0,7562,0,0,2280,3391,71652,0
2020-08-19,port218,Cartagena,9,6,19050,23393,0,14324,0,4726,0,0,4163,7404,11824,0
2020-08-20,port218,Cartagena,10,8,14483,18009,0,14483,0,0,0,0,11526,476,6006,0
2020-08-21,port218,Cartagena,11,7,19385,25892,0,10337,887,8160,0,0,24434,1457,0,0
2020-08-22,port218,Cartagena,10,6,30421,64304,0,25150,0,5271,0,0,20500,1603,42200,0
2020-08-23,port218,Cartagena,5,3,2938,59241,0,2938,0,0,0,0,16212,1734,41293,0
2020-08-24,port218,Cartagena,8,5,50713,6406,0,39334,887,10492,0,2668,2280,1457,0,0
2020-08-25,port218,Cartagena,6,5,23298,11035,10567,12731,0,0,0,0,11035,0,0,0
2020-08-26,port218,Cartagena,8,3,7032,44987,0,0,887,6145,0,0,30072,3090,11824,0
2020-08-27,port218,Cartagena,10,9,109341,14857,0,38990,0,70351,0,0,14857,0,0,0
2020-08-28,port218,Cartagena,10,6,27163,54439,21772,5390,0,0,0,0,4056,0,49357,1024
2020-08-29,port218,Cartagena,10,8,48671,7734,0,39255,0,9416,0,0,7734,0,0,0
2020-08-30,port218,Cartagena,5,4,13728,7010,0,13728,0,0,0,0,7010,0,0,0
2020-08-31,port218,Cartagena,17,8,44748,74280,0,34978,1049,8720,0,7559,24332,2840,39547,0
2020-09-01,port218,Cartagena,6,5,61157,19607,0,8119,0,53038,0,0,19607,0,0,0
2020-09-02,port218,Cartagena,5,5,8374,7222,0,8374,0,0,0,0,7222,0,0,0
2020-09-03,port218,Cartagena,11,6,20600,16790,0,11947,887,7765,0,0,14724,2065,0,0
2020-09-04,port218,Cartagena,9,4,32648,95940,8673,17095,0,6054,824,1932,15287,0,78634,86
2020-09-05,port218,Cartagena,9,7,51702,32403,0,51702,0,0,0,10605,20107,1690,0,0
2020-09-06,port218,Cartagena,5,4,33939,12737,11150,22789,0,0,0,10456,2280,0,0,0
2020-09-07,port218,Cartagena,11,5,27762,7361,0,16829,1969,8963,0,0,5788,1457,114,0
2020-09-08,port218,Cartagena,8,5,8209,88877,0,2938,0,5271,0,2668,43788,0,42420,0
2020-09-09,port218,Cartagena,9,5,39156,25791,0,7037,228,31889,0,0,22494,1938,1358,0
2020-09-10,port218,Cartagena,15,7,92096,28065,57379,20984,887,11311,1534,10456,11545,3709,2353,0
2020-09-11,port218,Cartagena,8,5,16500,12430,0,14688,887,924,0,0,10972,1457,0,0
2020-09-12,port218,Cartagena,10,5,6884,120657,0,4118,0,0,2766,50977,21018,0,48661,0
2020-09-13,port218,Cartagena,9,6,29120,6645,0,21725,887,6507,0,0,5187,1457,0,0
2020-09-14,port218,Cartagena,12,7,15152,79061,0,13219,1932,0,0,20342,12548,2898,43271,0
2020-09-15,port218,Cartagena,6,5,34007,17884,0,30876,0,3131,0,0,17884,0,0,0
2020-09-16,port218,Cartagena,7,6,8477,17832,0,8477,0,0,0,0,15899,1932,0,0
2020-09-17,port218,Cartagena,12,7,27390,25400,0,25387,2002,0,0,2297,8501,4854,9746,0
2020-09-18,port218,Cartagena,10,5,23201,16112,0,13571,3310,6320,0,0,13051,3061,0,0
2020-09-19,port218,Cartagena,11,6,22098,41607,0,21273,0,0,824,0,19263,0,22258,86
2020-09-20,port218,Cartagena,7,3,39940,38723,11124,4195,2628,21992,0,0,7886,0,30836,0
2020-09-21,port218,Cartagena,11,5,65923,116683,30462,31393,228,3839,0,55252,16555,1938,42936,0
2020-09-22,port218,Cartagena,4,3,11326,6976,0,5480,0,5845,0,0,6976,0,0,0
2020-09-23,port218,Cartagena,9,5,20006,33733,1778,4000,0,14227,0,0,1900,996,30836,0
2020-09-24,port218,Cartagena,10,8,23782,22387,0,18511,0,5271,0,0,20606,1665,114,0
2020-09-25,port218,Cartagena,10,5,17763,55746,0,7343,0,10420,0,1490,13601,312,40341,0
2020-09-26,port218,Cartagena,11,6,102125,6369,0,18232,0,83892,0,0,6254,0,114,0
2020-09-27,port218,Cartagena,8,6,84433,35716,52862,31570,0,0,0,29159,6556,0,0,0
2020-09-28,port218,Cartagena,7,5,21563,13142,0,20738,0,0,824,0,13056,0,0,86
2020-09-29,port218,Cartagena,11,4,11763,69220,0,3478,0,8285,0,0,13216,2963,53040,0
2020-09-30,port218,Cartagena,5,4,10645,19070,0,3710,0,6934,0,0,19070,0,0,0
2020-10-01,port218,Cartagena,10,8,85868,7474,0,23546,887,61435,0,0,6016,1457,0,0
2020-10-02,port218,Cartagena,11,7,26632,37918,0,9327,0,17304,0,13290,12803,0,11824,0
2020-10-03,port218,Cartagena,11,5,58350,148466,0,51008,0,7342,0,0,7544,3882,137040,0
2020-10-04,port218,Cartagena,5,3,11653,6028,0,8484,3169,0,0,3088,2939,0,0,0
2020-10-05,port218,Cartagena,10,7,10388,20180,0,0,4486,5902,0,0,20180,0,0,0
2020-10-06,port218,Cartagena,4,2,2938,5138,0,2938,0,0,0,0,3748,1389,0,0
2020-10-07,port218,Cartagena,9,3,19306,27831,0,4961,887,13457,0,19945,3403,1457,3024,0
2020-10-08,port218,Cartagena,9,8,38715,5708,3307,35408,0,0,0,0,5708,0,0,0
2020-10-09,port218,Cartagena,8,5,39816,62156,0,38076,0,0,1740,0,21283,0,40787,86
2020-10-10,port218,Cartagena,10,6,30073,51964,0,21490,0,6054,2528,0,4742,862,46358,0
2020-10-11,port218,Cartagena,9,6,12561,67684,0,12561,0,0,0,0,23169,5021,39493,0
2020-10-12,port218,Cartagena,8,7,8123,35290,0,5109,0,3014,0,0,23465,0,11824,0
2020-10-13,port218,Cartagena,12,7,32525,65147,0,13644,0,18881,0,2668,20707,2251,39519,0
2020-10-14,port218,Cartagena,6,4,11762,2280,0,10690,0,1071,0,0,2280,0,0,0
2020-10-15,port218,Cartagena,9,5,27057,18922,0,5877,1946,19233,0,0,17464,1457,0,0
2020-10-16,port218,Cartagena,9,6,57704,23582,48,56830,0,0,824,7036,14956,1503,0,86
2020-10-17,port218,Cartagena,11,6,15747,89477,0,6985,0,7937,824,46607,29336,1665,11782,86
2020-10-18,port218,Cartagena,7,3,20750,53412,0,3684,12548,4517,0,0,12783,1938,38690,0
2020-10-19,port218,Cartagena,9,5,25478,29119,0,24591,887,0,0,0,12548,3083,13487,0
2020-10-20,port218,Cartagena,8,5,7947,9720,0,7947,0,0,0,0,8747,973,0,0
2020-10-21,port218,Cartagena,11,6,11388,60550,3859,5755,1774,0,0,0,18605,3778,38166,0
2020-10-22,port218,Cartagena,9,6,42553,29788,11150,24170,0,7232,0,10456,19217,0,114,0
2020-10-23,port218,Cartagena,10,7,56114,13795,0,49173,4031,2908,0,7559,6236,0,0,0
2020-10-24,port218,Cartagena,10,9,26616,40685,0,25729,887,0,0,0,39227,1457,0,0
2020-10-25,port218,Cartagena,5,3,8417,64910,0,8417,0,0,0,60704,4206,0,0,0
2020-10-26,port218,Cartagena,13,7,21651,14728,2157,7703,0,11277,512,2668,12060,0,0,0
2020-10-27,port218,Cartagena,7,4,3167,32007,0,2938,228,0,0,0,24376,7631,0,0
2020-10-28,port218,Cartagena,10,5,89837,109236,0,14861,0,74151,824,0,2810,0,106339,86
2020-10-29,port218,Cartagena,11,8,37447,9005,0,35673,1774,0,0,0,4248,2915,1841,0
2020-10-30,port218,Cartagena,3,2,38795,3904,0,38795,0,0,0,0,3436,467,0,0
2020-10-31,port218,Cartagena,8,6,9355,43279,48,9306,0,0,0,7036,29557,6685,0,0
2020-11-01,port218,Cartagena,12,5,17712,84959,0,12988,1092,2807,824,0,4190,0,80683,86
2020-11-02,port218,Cartagena,13,8,25959,47387,0,14512,272,11175,0,12963,22599,0,11824,0
2020-11-03,port218,Cartagena,8,4,18787,59526,0,5336,926,12524,0,0,17922,0,41603,0
2020-11-04,port218,Cartagena,8,6,12296,53349,0,12296,0,0,0,2297,13408,0,37643,0
2020-11-05,port218,Cartagena,11,8,30121,16801,0,27264,887,1970,0,0,13766,1457,1577,0
2020-11-06,port218,Cartagena,10,6,37993,28113,15213,15587,0,7191,0,0,6787,0,21326,0
2020-11-07,port218,Cartagena,10,6,36210,35028,0,19848,0,16362,0,0,35028,0,0,0
2020-11-08,port218,Cartagena,12,8,42738,53221,4623,33176,887,4051,0,0,10926,1457,40837,0
2020-11-09,port218,Cartagena,10,6,12529,13140,0,10567,0,0,1961,1786,6308,1690,3355,0
2020-11-10,port218,Cartagena,7,4,5426,56493,0,4917,0,0,509,0,14006,148,42338,0
2020-11-11,port218,Cartagena,6,4,23865,3054,0,16210,0,6111,1543,0,3054,0,0,0
2020-11-12,port218,Cartagena,9,5,16016,16245,0,11189,887,3940,0,0,14787,1457,0,0
2020-11-13,port218,Cartagena,11,7,7228,43860,0,5706,0,0,1521,27514,16346,0,0,0
2020-11-14,port218,Cartagena,8,6,49068,22477,0,48633,435,0,0,0,22477,0,0,0
2020-11-15,port218,Cartagena,10,6,47821,44140,29329,7949,0,10542,0,0,9924,0,34216,0
2020-11-16,port218,Cartagena,8,5,9975,55346,0,3501,0,6473,0,0,4420,328,50597,0
2020-11-17,port218,Cartagena,8,5,11765,49093,0,10878,887,0,0,0,6018,2382,40691,0
2020-11-18,port218,Cartagena,6,4,8526,10008,0,8526,0,0,0,0,7667,1665,675,0
2020-11-19,port218,Cartagena,10,6,62993,9132,0,29166,887,32115,824,0,5902,3144,0,86
2020-11-20,port218,Cartagena,9,6,23031,10323,0,17760,0,5271,0,1490,8718,0,114,0
2020-11-21,port218,Cartagena,8,5,40222,7086,4818,34517,887,0,0,0,5628,1457,0,0
2020-11-22,port218,Cartagena,11,7,28084,15980,0,16059,0,12024,0,0,13627,0,2353,0
2020-11-23,port218,Cartagena,9,5,19322,76180,0,16066,228,3027,0,28659,2850,1938,42731,0
2020-11-24,port218,Cartagena,12,5,74415,76651,37682,14885,0,21848,0,0,15602,0,61048,0
2020-11-25,port218,Cartagena,8,5,8684,71743,0,7797,887,0,0,7559,8047,1457,54678,0
2020-11-26,port218,Cartagena,7,7,20920,20770,0,20920,0,0,0,0,20770,0,0,0
2020-11-27,port218,Cartagena,9,6,39427,32873,0,33598,0,5004,824,0,8105,0,24681,86
2020-11-28,port218,Cartagena,9,6,90000,107648,59809,15599,0,14592,0,0,15481,0,92166,0
2020-11-29,port218,Cartagena,7,5,8288,61511,0,1353,0,6934,0,0,20819,0,40691,0
2020-11-30,port218,Cartagena,12,7,17648,81655,0,5531,0,12116,0,64584,17071,0,0,0
2020-12-01,port218,Cartagena,8,3,22766,18878,0,18927,0,3014,824,0,2280,0,16512,86
2020-12-02,port218,Cartagena,9,6,22405,11466,0,15385,0,7020,0,0,11466,0,0,0
2020-12-03,port218,Cartagena,11,7,12873,14527,0,11562,1311,0,0,0,11131,3396,0,0
2020-12-04,port218,Cartagena,11,7,143156,127167,0,62813,0,80342,0,45054,8645,0,73467,0
2020-12-05,port218,Cartagena,9,7,22190,70193,0,14219,0,7971,0,0,19985,0,50207,0
2020-12-06,port218,Cartagena,12,5,84871,27367,57678,16311,1115,9765,0,0,7387,3396,16583,0
2020-12-07,port218,Cartagena,9,8,46971,14033,5190,41780,0,0,0,0,14033,0,0,0
2020-12-08,port218,Cartagena,11,8,19439,17362,0,14168,0,5271,0,2668,12888,1690,114,0
2020-12-09,port218,Cartagena,8,5,9516,9667,0,6721,887,1908,0,0,8209,1457,0,0
2020-12-10,port218,Cartagena,8,6,24130,7942,0,23305,0,0,824,0,7409,0,447,86
2020-12-11,port218,Cartagena,7,5,16443,22655,0,10285,887,5271,0,0,21083,1457,114,0
2020-12-12,port218,Cartagena,10,6,204883,31969,0,38641,2065,164176,0,0,24639,0,7329,0
2020-12-13,port218,Cartagena,9,7,4345,13965,0,4345,0,0,0,0,13965,0,0,0
2020-12-14,port218,Cartagena,12,5,52773,44524,41507,2197,0,6263,2805,0,7505,0,37018,0
2020-12-15,port218,Cartagena,5,3,27916,749,0,19052,0,7492,1371,0,749,0,0,0
2020-12-16,port218,Cartagena,8,4,15582,28407,0,11451,1115,3014,0,0,13186,3396,11824,0
2020-12-17,port218,Cartagena,10,6,17913,17603,0,15795,0,1089,1028,0,17603,0,0,0
2020-12-18,port218,Cartagena,14,8,54471,103989,0,46305,2263,5902,0,2297,11658,0,90033,0
2020-12-19,port218,Cartagena,7,6,19580,21430,0,17097,0,0,2483,0,21430,0,0,0
2020-12-20,port218,Cartagena,8,4,3947,95981,0,1400,0,2547,0,48595,7544,0,39841,0
2020-12-21,port218,Cartagena,10,7,28509,86385,0,28509,0,0,0,31615,16490,0,38278,0
2020-12-22,port218,Cartagena,8,6,37221,23399,0,36105,1115,0,0,0,20003,3396,0,0
2020-12-23,port218,Cartagena,6,4,12151,39799,0,5430,0,6720,0,0,39352,0,447,0
2020-12-24,port218,Cartagena,10,6,32327,81228,0,30161,0,2165,0,13290,16912,1690,49334,0
2020-12-25,port218,Cartagena,8,5,5483,53052,0,4596,887,0,0,0,8940,8154,35957,0
2020-12-26,port218,Cartagena,8,5,13572,23653,0,7414,887,5271,0,0,17507,6030,114,0
2020-12-27,port218,Cartagena,13,7,70792,38665,39000,19505,0,12286,0,13525,12862,453,11824,0
2020-12-28,port218,Cartagena,8,5,7153,43277,0,7153,0,0,0,2749,5756,0,34771,0
2020-12-29,port218,Cartagena,7,2,83745,46340,2968,2938,0,77838,0,0,6692,0,39647,0
2020-12-30,port218,Cartagena,5,4,0,17085,0,0,0,0,0,2451,14633,0,0,0
2020-12-31,port218,Cartagena,7,5,13659,9798,0,8388,0,5271,0,0,9683,0,114,0
2021-01-01,port218,Cartagena,7,5,16672,3875,0,15785,887,0,0,0,2417,1457,0,0
2021-01-02,port218,Cartagena,9,8,24718,44970,0,24718,0,0,0,0,43798,1172,0,0
2021-01-03,port218,Cartagena,6,5,42064,17048,30829,11235,0,0,0,0,17048,0,0,0
2021-01-04,port218,Cartagena,11,8,17861,14901,0,15421,0,2440,0,0,14901,0,0,0
2021-01-05,port218,Cartagena,6,5,13743,11887,0,7269,0,6473,0,0,11887,0,0,0
2021-01-06,port218,Cartagena,10,6,36044,62964,0,34270,1774,0,0,0,4474,2915,55574,0
2021-01-07,port218,Cartagena,7,6,8123,56270,0,8123,0,0,0,0,8892,0,47378,0
2021-01-08,port218,Cartagena,8,5,64305,4913,13474,49119,887,0,824,0,3369,1457,0,86
2021-01-09,port218,Cartagena,15,8,31619,105273,0,14604,0,17015,0,0,27117,0,78155,0
2021-01-10,port218,Cartagena,10,5,24554,5261,0,16433,887,6720,512,0,3803,1457,0,0
2021-01-11,port218,Cartagena,9,5,58169,30286,0,4108,0,54061,0,2668,24414,3204,0,0
2021-01-12,port218,Cartagena,3,1,3150,11428,0,0,0,3150,0,0,1110,7965,2353,0
2021-01-13,port218,Cartagena,10,6,22203,12631,3999,15907,1056,1239,0,0,12631,0,0,0
2021-01-14,port218,Cartagena,7,4,49302,96135,31445,17857,0,0,0,0,7532,0,88602,0
2021-01-15,port218,Cartagena,11,7,39106,15627,0,23770,9333,6002,0,0,15627,0,0,0
2021-01-16,port218,Cartagena,10,7,20843,64978,0,19035,887,920,0,0,21382,1457,42138,0
2021-01-17,port218,Cartagena,9,4,63642,31434,50653,5273,0,7715,0,13400,16343,1690,0,0
2021-01-18,port218,Cartagena,10,8,10485,23213,0,10485,0,0,0,0,23213,0,0,0
2021-01-19,port218,Cartagena,7,4,31477,19840,13688,10038,1430,6320,0,0,19840,0,0,0
2021-01-20,port218,Cartagena,11,7,49438,55312,0,34604,887,13947,0,0,7209,1457,46645,0
2021-01-21,port218,Cartagena,11,9,51203,18274,0,43664,0,7539,0,0,14918,0,3355,0
2021-01-22,port218,Cartagena,7,4,28867,63366,11150,16830,887,0,0,60140,1768,1457,0,0
2021-01-23,port218,Cartagena,12,6,93299,95516,0,18587,0,74711,0,0,9188,0,86328,0
2021-01-24,port218,Cartagena,8,5,33511,39455,16077,11734,0,5698,0,10456,28999,0,0,0
2021-01-25,port218,Cartagena,9,8,18488,7182,0,18488,0,0,0,2668,4513,0,0,0
2021-01-26,port218,Cartagena,11,6,19044,47455,0,17928,1115,0,0,2741,4023,5087,35602,0
2021-01-27,port218,Cartagena,10,6,28145,18327,4916,14276,887,7148,917,0,16870,1457,0,0
2021-01-28,port218,Cartagena,12,6,20677,24255,0,6324,0,11866,2486,0,11506,924,11824,0
2021-01-29,port218,Cartagena,10,8,41943,10648,0,40169,1774,0,0,0,7732,2915,0,0
2021-01-30,port218,Cartagena,6,5,14143,8939,0,14143,0,0,0,0,7273,1665,0,0
2021-01-31,port218,Cartagena,13,7,45435,26660,11150,30218,4066,0,0,10456,15340,862,0,0
2021-02-01,port218,Cartagena,9,6,38454,28011,0,37629,0,0,824,18275,6711,0,2938,86
2021-02-02,port218,Cartagena,9,3,20605,109914,0,0,1062,19543,0,47994,22593,0,39326,0
2021-02-03,port218,Cartagena,6,5,16284,10903,2735,13549,0,0,0,0,10903,0,0,0
2021-02-04,port218,Cartagena,7,6,18037,6310,0,14486,0,0,3550,0,6310,0,0,0
2021-02-05,port218,Cartagena,9,6,32440,15747,0,17905,0,14534,0,2297,13002,0,447,0
2021-02-06,port218,Cartagena,10,6,25114,84663,0,24226,887,0,0,12307,26859,1457,44038,0
2021-02-07,port218,Cartagena,8,4,60012,17897,11150,41633,228,6175,824,10456,5416,1938,0,86
2021-02-08,port218,Cartagena,10,8,99914,11112,0,26817,887,72210,0,0,9654,1457,0,0
2021-02-09,port218,Cartagena,5,3,52526,7009,49906,2390,228,0,0,0,5071,1938,0,0
2021-02-10,port218,Cartagena,6,2,18495,90756,11150,7345,0,0,0,13124,3817,0,73814,0
2021-02-11,port218,Cartagena,8,5,15564,4508,0,15564,0,0,0,0,1801,2707,0,0
2021-02-12,port218,Cartagena,9,6,16075,14566,0,10804,0,5271,0,0,13993,0,114,457
2021-02-13,port218,Cartagena,6,5,15069,38507,0,15069,0,0,0,0,36105,0,2401,0
2021-02-14,port218,Cartagena,10,7,53527,11093,0,49813,0,3713,0,0,9124,1969,0,0
2021-02-15,port218,Cartagena,13,6,50291,80445,0,17839,1774,30678,0,0,24043,2915,53485,0
2021-02-16,port218,Cartagena,12,8,26070,28227,6751,11711,887,6720,0,0,24741,3486,0,0
2021-02-17,port218,Cartagena,9,6,59123,54233,0,20415,0,36414,2293,0,13271,0,40961,0
2021-02-18,port218,Cartagena,11,6,20697,97380,0,15190,5506,0,0,0,21192,0,76188,0
2021-02-19,port218,Cartagena,10,5,61717,61577,29342,32374,0,0,0,0,6675,0,54901,0
2021-02-20,port218,Cartagena,6,4,22378,66211,0,14217,0,8160,0,0,27461,0,38749,0
2021-02-21,port218,Cartagena,9,5,32399,20626,11150,21248,0,0,0,12754,6206,1665,0,0
2021-02-22,port218,Cartagena,15,8,30933,12533,0,20738,5127,5066,0,0,10856,1677,0,0
2021-02-23,port218,Cartagena,3,3,9803,991,0,9803,0,0,0,0,991,0,0,0
2021-02-24,port218,Cartagena,7,4,54561,43372,46946,6728,887,0,0,0,5464,1457,36449,0
2021-02-25,port218,Cartagena,8,4,16177,51976,0,2029,0,14147,0,48674,3139,162,0,0
2021-02-26,port218,Cartagena,8,5,27382,42281,0,21316,887,5178,0,0,2838,1457,37985,0
2021-02-27,port218,Cartagena,10,8,15948,41657,0,15720,228,0,0,0,39718,1938,0,0
2021-02-28,port218,Cartagena,3,3,1400,1508,0,1400,0,0,0,0,1508,0,0,0
2021-03-01,port218,Cartagena,14,8,41756,77120,11567,8317,0,21870,0,0,32759,0,44360,0
2021-03-02,port218,Cartagena,5,3,14014,17736,0,7164,0,6850,0,0,17512,0,223,0
2021-03-03,port218,Cartagena,8,5,10618,8608,0,10106,0,0,512,2749,5859,0,0,0
2021-03-04,port218,Cartagena,12,7,11326,56143,0,9560,0,1765,0,2668,10764,0,42710,0
2021-03-05,port218,Cartagena,8,6,46086,59884,0,45199,887,0,0,0,8528,1457,49898,0
2021-03-06,port218,Cartagena,11,5,13023,143872,0,7523,228,5271,0,52866,41518,9343,40145,0
2021-03-07,port218,Cartagena,5,4,31383,36418,0,31383,0,0,0,0,0,0,36418,0
2021-03-08,port218,Cartagena,9,5,27349,7940,0,18696,887,7765,0,0,4791,3148,0,0
2021-03-09,port218,Cartagena,5,4,45710,2280,0,8937,0,36773,0,0,2280,0,0,0
2021-03-10,port218,Cartagena,9,6,13779,14336,0,13561,218,0,0,0,14336,0,0,0
2021-03-11,port218,Cartagena,12,8,39888,17096,0,20012,0,17318,2556,0,17096,0,0,0
2021-03-12,port218,Cartagena,10,7,15135,13735,0,15135,0,0,0,0,11999,0,1736,0
2021-03-13,port218,Cartagena,8,5,38684,14087,7874,21955,0,7316,1538,0,14087,0,0,0
2021-03-14,port218,Cartagena,9,6,40129,15795,0,36196,887,0,3045,0,9169,6626,0,0
2021-03-15,port218,Cartagena,12,5,33793,45034,0,32553,887,352,0,0,547,4115,40371,0
2021-03-16,port218,Cartagena,9,7,6582,57075,0,6582,0,0,0,0,17266,0,39808,0
2021-03-17,port218,Cartagena,11,5,86835,42313,29069,6618,1115,50031,0,12963,25954,3396,0,0
2021-03-18,port218,Cartagena,9,7,119726,43718,0,44529,0,75197,0,32492,11226,0,0,0
2021-03-19,port218,Cartagena,6,4,6189,5230,0,4387,887,0,914,0,3772,1457,0,0
2021-03-20,port218,Cartagena,9,5,73268,5817,0,34713,0,38555,0,0,5330,487,0,0
2021-03-21,port218,Cartagena,10,6,20571,54483,0,16421,4150,0,0,2451,6531,1457,44042,0
2021-03-22,port218,Cartagena,10,8,38439,46789,0,37795,0,643,0,0,9843,0,36946,0
2021-03-23,port218,Cartagena,9,4,37092,8882,0,8685,0,28406,0,0,8767,0,114,0
2021-03-24,port218,Cartagena,8,5,20625,52167,11000,6650,0,2974,0,0,13774,0,38392,0
2021-03-25,port218,Cartagena,10,5,27588,90131,13042,9301,5244,0,0,0,18835,1457,69837,0
2021-03-26,port218,Cartagena,8,7,22376,11496,0,21489,887,0,0,0,10038,1457,0,0
2021-03-27,port218,Cartagena,7,5,45914,15017,23931,21983,0,0,0,10456,4561,0,0,0
2021-03-28,port218,Cartagena,8,5,57292,48134,0,41823,887,14582,0,0,2159,1457,44517,0
2021-03-29,port218,Cartagena,12,4,79515,58718,0,9985,0,69529,0,2408,2726,0,53582,0
2021-03-30,port218,Cartagena,4,4,2459,8976,0,2459,0,0,0,0,8976,0,0,0
2021-03-31,port218,Cartagena,11,5,11792,113061,236,7487,228,3014,824,48674,8328,1938,54033,86
2021-04-01,port218,Cartagena,8,7,16966,10048,0,16966,0,0,0,1490,8557,0,0,0
2021-04-02,port218,Cartagena,9,6,23106,8971,0,16810,0,5271,1024,0,6745,2111,114,0
2021-04-03,port218,Cartagena,8,5,37811,8754,0,37300,0,0,511,0,6441,0,2313,0
2021-04-04,port218,Cartagena,8,6,6925,75857,0,6009,0,0,916,0,37583,0,38273,0
2021-04-05,port218,Cartagena,12,9,40081,73128,0,40081,0,0,0,0,14990,1367,56769,0
2021-04-06,port218,Cartagena,10,4,17497,20887,0,10955,1265,5275,0,0,7396,1665,11824,0
2021-04-07,port218,Cartagena,7,4,14902,27459,0,4095,0,10806,0,0,7515,0,19944,0
2021-04-08,port218,Cartagena,10,6,43092,25425,29937,13154,0,0,0,14605,7312,3507,0,0
2021-04-09,port218,Cartagena,10,7,14371,10997,0,14371,0,0,0,0,10997,0,0,0
2021-04-10,port218,Cartagena,8,5,39371,38907,0,31016,0,7530,824,0,35577,0,3244,86
2021-04-11,port218,Cartagena,6,4,20755,90512,14878,5877,0,0,0,0,14717,0,75795,0
2021-04-12,port218,Cartagena,9,7,24895,5074,0,24008,887,0,0,0,3616,1457,0,0
2021-04-13,port218,Cartagena,7,5,20245,9371,0,9661,0,10583,0,0,9371,0,0,0
2021-04-14,port218,Cartagena,11,6,27073,8271,0,8765,3454,9535,5317,0,6813,1457,0,0
2021-04-15,port218,Cartagena,13,6,69769,28340,11600,16195,457,41515,0,0,22772,5567,0,0
2021-04-16,port218,Cartagena,9,7,15614,38551,0,12135,0,3479,0,0,3521,0,35030,0
2021-04-17,port218,Cartagena,7,5,32175,29055,0,32175,0,0,0,0,29055,0,0,0
2021-04-18,port218,Cartagena,9,5,18542,11699,0,10206,8336,0,0,0,8026,3673,0,0
2021-04-19,port218,Cartagena,8,4,37518,57750,0,24539,0,11329,1649,0,14968,0,42610,172
2021-04-20,port218,Cartagena,8,6,26372,42394,0,17799,0,8572,0,30447,11946,0,0,0
2021-04-21,port218,Cartagena,5,3,24093,5612,18216,5877,0,0,0,0,5612,0,0,0
2021-04-22,port218,Cartagena,6,5,3047,62291,0,3047,0,0,0,0,16673,0,45618,0
2021-04-23,port218,Cartagena,13,8,46389,18536,0,44615,1774,0,0,7559,5660,2915,2401,0
2021-04-24,port218,Cartagena,11,6,11545,65732,6274,0,0,5271,0,0,46402,0,19330,0
2021-04-25,port218,Cartagena,6,5,30081,4561,0,30081,0,0,0,0,4561,0,0,0
2021-04-26,port218,Cartagena,8,7,16951,8139,0,11680,0,5271,0,0,8024,0,114,0
2021-04-27,port218,Cartagena,10,4,16707,13969,0,2938,1113,12654,0,0,10845,3123,0,0
2021-04-28,port218,Cartagena,7,5,12292,51203,0,12292,0,0,0,1638,11144,0,38420,0
2021-04-29,port218,Cartagena,9,4,28519,63331,0,22673,0,5845,0,12307,13302,0,37721,0
2021-04-30,port218,Cartagena,9,6,61519,34968,40795,5672,0,14227,824,0,4045,0,30836,86
2021-05-01,port218,Cartagena,10,7,45195,51046,0,44370,0,0,824,13876,35349,1734,0,86
2021-05-02,port218,Cartagena,8,5,21084,42837,0,20197,887,0,0,39098,2280,1457,0,0
2021-05-03,port218,Cartagena,9,5,17425,11511,0,11792,2307,3325,0,0,8069,3442,0,0
2021-05-04,port218,Cartagena,8,6,21543,18662,0,5877,0,15665,0,0,18662,0,0,0
2021-05-05,port218,Cartagena,11,7,92753,28154,80296,5735,0,6720,0,0,28154,0,0,0
2021-05-06,port218,Cartagena,7,6,21042,10337,0,21042,0,0,0,0,10337,0,0,0
2021-05-07,port218,Cartagena,9,6,59030,44323,0,39496,5306,14227,0,0,12029,1457,30836,0
2021-05-08,port218,Cartagena,11,7,11002,80267,0,2938,0,8063,0,2297,31804,5695,40470,0
2021-05-09,port218,Cartagena,11,6,36513,96842,16180,15972,0,2908,1452,47706,7049,0,42086,0
2021-05-10,port218,Cartagena,7,4,29898,8433,0,29898,0,0,0,0,5420,3012,0,0
2021-05-11,port218,Cartagena,8,5,18524,55424,0,13948,0,3751,824,0,17592,0,37745,86
2021-05-12,port218,Cartagena,6,5,23053,4561,0,17928,0,5124,0,0,4561,0,0,0
2021-05-13,port218,Cartagena,13,7,15197,171273,0,6883,0,5271,3043,0,27196,2609,141467,0
2021-05-14,port218,Cartagena,10,8,74955,5141,49420,22195,0,0,3339,0,5141,0,0,0
2021-05-15,port218,Cartagena,10,5,27294,11109,0,12357,7736,5178,2021,0,11109,0,0,0
2021-05-16,port218,Cartagena,6,4,18181,5956,0,13017,2900,0,2262,0,5956,0,0,0
2021-05-17,port218,Cartagena,8,6,22323,7330,0,16478,0,5845,0,0,6656,673,0,0
2021-05-18,port218,Cartagena,3,2,20866,0,0,6725,0,14141,0,0,0,0,0,0
2021-05-19,port218,Cartagena,8,5,13817,8342,0,13817,0,0,0,6108,2234,0,0,0
2021-05-20,port218,Cartagena,10,6,21913,23549,2199,18827,887,0,0,12635,9456,1457,0,0
2021-05-21,port218,Cartagena,8,4,57008,57360,49743,7264,0,0,0,0,12106,0,45254,0
2021-05-22,port218,Cartagena,8,5,10546,31254,0,2938,887,6720,0,0,29797,1457,0,0
2021-05-23,port218,Cartagena,11,8,19648,80237,0,16634,0,3014,0,55538,9205,3668,11824,0
2021-05-24,port218,Cartagena,8,5,32223,10684,0,31336,887,0,0,0,2880,7803,0,0
2021-05-25,port218,Cartagena,6,2,9018,5737,0,4381,3812,0,824,3370,2280,0,0,86
2021-05-26,port218,Cartagena,9,6,24013,45217,0,22889,0,1123,0,0,3026,1121,41069,0
2021-05-27,port218,Cartagena,9,5,43974,5676,0,34812,887,8274,0,0,1329,1457,2889,0
2021-05-28,port218,Cartagena,13,8,30190,68136,0,18518,4329,7342,0,0,8355,1129,58652,0
2021-05-29,port218,Cartagena,8,7,31903,53004,0,31903,0,0,0,0,11004,0,42000,0
2021-05-30,port218,Cartagena,10,6,27519,29655,4897,11241,0,8245,3134,0,29540,0,114,0
2021-05-31,port218,Cartagena,8,6,54996,5466,0,51930,0,0,3065,0,5202,263,0,0
2021-06-01,port218,Cartagena,11,7,21615,44030,0,6501,887,14227,0,0,10132,3061,30836,0
2021-06-02,port218,Cartagena,9,5,37203,51211,0,15298,0,21905,0,0,4561,0,46650,0
2021-06-03,port218,Cartagena,8,6,24825,9184,0,23293,0,0,1531,0,8737,0,447,0
2021-06-04,port218,Cartagena,10,5,116451,12894,24106,10229,0,79561,2554,0,12894,0,0,0
2021-06-05,port218,Cartagena,8,6,32770,14248,0,31883,887,0,0,0,11099,3148,0,0
2021-06-06,port218,Cartagena,8,7,11068,94647,0,11068,0,0,0,0,56191,0,38456,0
2021-06-07,port218,Cartagena,14,6,54935,27747,11150,34907,887,7990,0,10456,9891,7399,0,0
2021-06-08,port218,Cartagena,9,3,22730,57513,12679,6706,3344,0,0,49163,2280,6068,0,0
2021-06-09,port218,Cartagena,4,2,1276,16543,0,1276,0,0,0,0,16543,0,0,0
2021-06-10,port218,Cartagena,9,5,28984,14916,0,12979,0,14464,1539,12635,2280,0,0,0
2021-06-11,port218,Cartagena,12,6,42055,44786,0,10524,0,27212,4318,2297,11625,0,30836,27
2021-06-12,port218,Cartagena,10,7,44126,108603,28172,15953,0,0,0,0,35922,0,72681,0
2021-06-13,port218,Cartagena,9,7,18135,7441,3476,13772,887,0,0,0,5983,1457,0,0
2021-06-14,port218,Cartagena,7,5,35372,8005,0,30101,0,5271,0,0,7890,0,114,0
2021-06-15,port218,Cartagena,9,5,12770,15173,0,9251,0,3519,0,1193,10624,0,3355,0
2021-06-16,port218,Cartagena,8,3,14273,175595,0,7679,228,6365,0,38428,7066,1938,128162,0
2021-06-17,port218,Cartagena,11,7,41251,55441,6798,33565,887,0,0,0,7314,6068,42058,0
2021-06-18,port218,Cartagena,9,5,45299,48777,37236,0,0,8063,0,0,6386,0,42391,0
2021-06-19,port218,Cartagena,10,6,31318,32454,0,26404,3378,0,1535,0,30606,1734,0,113
2021-06-20,port218,Cartagena,8,5,21209,7174,0,12904,0,8304,0,0,7174,0,0,0
2021-06-21,port218,Cartagena,8,5,21748,13486,0,12590,3769,5388,0,0,9955,3531,0,0
2021-06-22,port218,Cartagena,7,6,7119,15092,0,7119,0,0,0,0,15092,0,0,0
2021-06-23,port218,Cartagena,8,5,19015,16805,0,18190,0,0,824,0,12108,4610,0,86
2021-06-24,port218,Cartagena,10,7,42167,4230,10985,24709,0,6473,0,0,4230,0,0,0
2021-06-25,port218,Cartagena,12,7,8460,48916,0,6077,0,1558,824,0,12766,494,35568,86
2021-06-26,port218,Cartagena,9,6,29546,38311,0,23387,887,5271,0,0,36291,1457,561,0
2021-06-27,port218,Cartagena,7,3,59113,1457,0,19665,4544,34903,0,0,0,1457,0,0
2021-06-28,port218,Cartagena,10,9,27644,10157,0,27644,0,0,0,2143,8013,0,0,0
2021-06-29,port218,Cartagena,5,4,9947,8508,0,9947,0,0,0,0,8508,0,0,0
2021-06-30,port218,Cartagena,6,5,14601,6227,0,14601,0,0,0,0,4561,1665,0,0
2021-07-01,port218,Cartagena,10,6,70708,10495,0,10971,0,59736,0,0,9336,1044,114,0
2021-07-02,port218,Cartagena,8,6,23108,11062,0,22397,0,0,711,0,9453,1582,0,27
2021-07-03,port218,Cartagena,6,3,15676,13875,3848,4153,0,7673,0,2814,11061,0,0,0
2021-07-04,port218,Cartagena,9,6,19263,57553,0,17893,887,0,482,0,14757,1457,41338,0
2021-07-05,port218,Cartagena,10,6,20993,25001,0,13864,0,7128,0,13290,6689,5021,0,0
2021-07-06,port218,Cartagena,7,5,3682,102890,0,3682,0,0,0,0,12761,12148,77979,0
2021-07-07,port218,Cartagena,11,6,27945,23239,0,17747,887,6293,3017,0,18363,4875,0,0
2021-07-08,port218,Cartagena,8,5,16583,49578,0,13064,0,3519,0,0,9294,0,40283,0
2021-07-09,port218,Cartagena,7,4,11535,54349,0,7809,0,3014,711,0,6938,0,47383,27
2021-07-10,port218,Cartagena,9,3,69112,5962,35041,26095,887,6263,824,0,2280,3148,447,86
2021-07-11,port218,Cartagena,10,6,21115,34003,0,21115,0,0,0,0,20641,12601,760,0
2021-07-12,port218,Cartagena,15,11,30310,6836,0,29065,223,0,1021,0,5232,1603,0,0
2021-07-13,port218,Cartagena,9,3,25226,26216,0,15422,1776,7316,711,0,2280,0,23909,27
2021-07-14,port218,Cartagena,8,3,56359,53425,37999,5857,0,12503,0,10456,4391,0,38577,0
2021-07-15,port218,Cartagena,7,4,35505,11184,28473,647,0,6384,0,2297,8886,0,0,0
2021-07-16,port218,Cartagena,14,8,21756,9052,0,19110,1934,0,711,0,8302,723,0,27
2021-07-17,port218,Cartagena,11,5,22615,55782,0,18564,0,4051,0,41762,10604,0,3415,0
2021-07-18,port218,Cartagena,10,5,18966,108734,10399,8567,0,0,0,2814,14188,556,91175,0
2021-07-19,port218,Cartagena,10,7,54838,47640,29615,24335,887,0,0,0,5774,1457,40407,0
2021-07-20,port218,Cartagena,10,7,37952,9798,0,28066,887,8999,0,0,8340,1457,0,0
2021-07-21,port218,Cartagena,6,2,25078,20867,11150,7689,0,6238,0,10456,10143,0,267,0
2021-07-22,port218,Cartagena,7,4,26392,35856,0,11277,887,14227,0,0,3562,1457,30836,0
2021-07-23,port218,Cartagena,12,8,36903,44353,0,31403,228,5271,0,0,3591,1938,38822,0
2021-07-24,port218,Cartagena,8,7,37206,77147,0,22978,0,14227,0,0,46311,0,30836,0
2021-07-25,port218,Cartagena,7,3,33922,18708,23218,2938,0,7765,0,12635,6072,0,0,0
2021-07-26,port218,Cartagena,7,5,56168,57154,45431,10737,0,0,0,0,5979,0,51175,0
2021-07-27,port218,Cartagena,11,6,51132,53488,0,36101,5140,7342,2548,0,12318,1457,39712,0
2021-07-28,port218,Cartagena,2,1,19241,2250,19241,0,0,0,0,0,2250,0,0,0
2021-07-29,port218,Cartagena,9,8,24356,12913,0,22380,1976,0,0,0,12913,0,0,0
2021-07-30,port218,Cartagena,13,7,110440,21909,5243,7665,887,96644,0,2451,17553,1457,447,0
2021-07-31,port218,Cartagena,10,7,38709,16504,0,18278,0,20431,0,0,16001,502,0,0
2021-08-01,port218,Cartagena,10,4,12981,172025,0,5208,0,7316,456,0,3591,0,168433,0
2021-08-02,port218,Cartagena,10,8,47548,8559,0,38386,887,8274,0,0,7101,1457,0,0
2021-08-03,port218,Cartagena,10,6,33024,60535,22072,10064,887,0,0,4086,18706,1457,36284,0
2021-08-04,port218,Cartagena,6,4,34232,3686,0,32993,1239,0,0,0,3686,0,0,0
2021-08-05,port218,Cartagena,8,5,19366,18990,0,17510,0,0,1856,0,13678,0,5311,0
2021-08-06,port218,Cartagena,13,6,68301,50892,29874,22152,887,13627,1760,0,6319,3123,41449,0
2021-08-07,port218,Cartagena,9,6,4482,70507,48,4433,0,0,0,7036,49771,3402,10297,0
2021-08-08,port218,Cartagena,10,4,11351,64397,0,3585,0,7765,0,0,17194,1119,46083,0
2021-08-09,port218,Cartagena,8,5,33171,15981,48,28765,4357,0,0,7036,8722,223,0,0
2021-08-10,port218,Cartagena,10,4,43590,103660,21959,8816,1932,10882,0,0,24579,0,79081,0
2021-08-11,port218,Cartagena,6,4,54197,10804,28301,25071,0,0,824,0,10718,0,0,86
2021-08-12,port218,Cartagena,10,5,58004,110344,5846,43733,0,8425,0,58265,16033,0,36045,0
2021-08-13,port218,Cartagena,9,7,19642,7650,0,14371,0,5271,0,0,7535,0,114,0
2021-08-14,port218,Cartagena,13,9,36752,70552,0,29898,0,6028,824,0,46090,0,24375,86
2021-08-15,port218,Cartagena,9,7,10930,9637,0,9809,1120,0,0,0,8179,1457,0,0
2021-08-16,port218,Cartagena,11,6,41173,14219,29022,12150,0,0,0,0,7449,6769,0,0
2021-08-17,port218,Cartagena,11,5,24100,157252,0,14638,0,9462,0,56927,5639,0,94685,0
2021-08-18,port218,Cartagena,3,3,34958,9763,0,34958,0,0,0,0,9763,0,0,0
2021-08-19,port218,Cartagena,7,4,21183,35587,0,14117,3262,3803,0,12635,22952,0,0,0
2021-08-20,port218,Cartagena,10,6,86365,49169,0,8965,0,77399,0,0,5104,1734,42330,0
2021-08-21,port218,Cartagena,15,5,83506,97759,56926,4386,1938,20256,0,0,37002,2915,57841,0
2021-08-22,port218,Cartagena,5,4,8218,8449,0,8218,0,0,0,0,8449,0,0,0
2021-08-23,port218,Cartagena,13,6,56263,77623,0,18288,0,36435,1539,0,13788,1571,62262,0
2021-08-24,port218,Cartagena,9,5,54398,8929,0,14756,0,39642,0,0,8929,0,0,0
2021-08-25,port218,Cartagena,5,2,18025,6051,12147,5877,0,0,0,1490,4561,0,0,0
2021-08-26,port218,Cartagena,12,8,28938,13625,0,27784,1153,0,0,0,12505,1119,0,0
2021-08-27,port218,Cartagena,7,4,46638,40023,0,15300,0,31337,0,0,7390,0,32633,0
2021-08-28,port218,Cartagena,7,5,16191,14001,0,16060,131,0,0,0,11817,0,2183,0
2021-08-29,port218,Cartagena,8,6,3452,41480,0,652,0,2799,0,0,41480,0,0,0
2021-08-30,port218,Cartagena,7,3,10343,83532,0,9456,887,0,0,0,1788,1457,80285,0
2021-08-31,port218,Cartagena,10,6,41645,20832,0,31099,887,9658,0,0,7550,1457,11824,0
2021-09-01,port218,Cartagena,8,3,45857,32725,36608,5923,3325,0,0,0,29328,3396,0,0
2021-09-02,port218,Cartagena,11,8,33508,23078,0,22282,4255,6969,0,2451,20627,0,0,0
2021-09-03,port218,Cartagena,8,6,0,18720,0,0,0,0,0,0,17054,1665,0,0
2021-09-04,port218,Cartagena,10,7,29856,34135,0,21230,8626,0,0,0,25731,8403,0,0
2021-09-05,port218,Cartagena,10,7,30337,13893,24460,5877,0,0,0,0,13893,0,0,0
2021-09-06,port218,Cartagena,10,5,58699,18108,0,20820,3500,34379,0,0,4826,1457,11824,0
2021-09-07,port218,Cartagena,9,6,32709,2836,0,25393,0,7316,0,555,2280,0,0,0
2021-09-08,port218,Cartagena,5,5,41533,7274,0,41533,0,0,0,0,7274,0,0,0
2021-09-09,port218,Cartagena,10,6,31897,56731,11150,20747,0,0,0,10456,6032,0,40242,0
2021-09-10,port218,Cartagena,10,6,15189,125877,0,5954,0,6293,2940,0,20839,0,105038,0
2021-09-11,port218,Cartagena,8,6,6168,44887,0,6168,0,0,0,39596,4844,0,447,0
2021-09-12,port218,Cartagena,11,8,48345,5223,0,39616,0,7765,964,1490,3733,0,0,0
2021-09-13,port218,Cartagena,9,6,85598,17138,0,6141,1774,77682,0,0,14222,2915,0,0
2021-09-14,port218,Cartagena,10,4,77184,54479,0,31021,0,43086,3077,0,2280,802,51397,0
2021-09-15,port218,Cartagena,4,3,11948,2280,0,8025,0,3923,0,0,2280,0,0,0
2021-09-16,port218,Cartagena,9,7,34815,30897,0,18111,16704,0,0,571,30326,0,0,0
2021-09-17,port218,Cartagena,12,6,16546,85888,0,8226,887,7433,0,61761,19227,4899,0,0
2021-09-18,port218,Cartagena,8,6,88450,35956,0,4065,0,84385,0,0,35956,0,0,0
2021-09-19,port218,Cartagena,10,4,12709,57402,0,9476,2488,744,0,53639,3762,0,0,0
2021-09-20,port218,Cartagena,13,7,23519,44894,0,5466,0,17595,457,0,21718,1734,21440,0
2021-09-21,port218,Cartagena,5,3,17204,9062,0,17204,0,0,0,0,9062,0,0,0
2021-09-22,port218,Cartagena,4,3,727,29735,0,727,0,0,0,5824,23910,0,0,0
2021-09-23,port218,Cartagena,10,4,38548,22739,0,23915,1516,12291,824,0,1327,0,21326,86
2021-09-24,port218,Cartagena,11,5,17529,13364,0,8432,1780,7316,0,0,6328,6746,289,0
2021-09-25,port218,Cartagena,10,5,29744,51353,0,12730,2786,14227,0,0,16115,4401,30836,0
2021-09-26,port218,Cartagena,6,5,7053,3323,0,7053,0,0,0,0,2876,0,447,0
2021-09-27,port218,Cartagena,8,5,55282,86318,0,49107,0,6175,0,0,4561,0,81756,0
2021-09-28,port218,Cartagena,8,5,56618,7094,0,54906,887,0,824,0,4561,2446,0,86
2021-09-29,port218,Cartagena,9,6,24491,18836,0,16726,0,7765,0,0,13725,5111,0,0
2021-09-30,port218,Cartagena,13,8,10862,24522,0,9975,887,0,0,1638,8253,14630,0,0
2021-10-01,port218,Cartagena,11,4,61697,45042,0,43878,0,14285,3534,0,2211,4089,38656,86
2021-10-02,port218,Cartagena,8,4,61067,90963,0,4535,0,56532,0,0,38800,0,52162,0
2021-10-03,port218,Cartagena,8,6,10480,26162,0,10480,0,0,0,0,26162,0,0,0
2021-10-04,port218,Cartagena,12,6,35076,41087,0,24632,887,6691,2865,28820,10722,1457,0,86
2021-10-05,port218,Cartagena,8,7,27940,18429,0,24421,0,3519,0,0,18429,0,0,0
2021-10-06,port218,Cartagena,8,3,7314,98487,0,6855,0,0,458,31614,4561,1665,60645,0
2021-10-07,port218,Cartagena,9,6,11442,11083,0,4322,3764,3355,0,0,11083,0,0,0
2021-10-08,port218,Cartagena,4,2,3229,141293,2141,1088,0,0,0,0,2819,0,138473,0
2021-10-09,port218,Cartagena,13,7,32821,46000,0,6752,3210,19543,3315,0,24674,0,21326,0
2021-10-10,port218,Cartagena,7,4,51471,1854,20033,23297,0,7316,824,0,1768,0,0,86
2021-10-11,port218,Cartagena,7,5,9724,48167,0,8899,0,0,824,0,9619,0,38462,86
2021-10-12,port218,Cartagena,8,3,44439,23158,33096,8744,1774,0,824,0,20157,2915,0,86
2021-10-13,port218,Cartagena,6,5,19002,20305,0,19002,0,0,0,0,18702,1603,0,0
2021-10-14,port218,Cartagena,15,6,58222,99460,20383,15347,0,20548,1943,50208,4652,4121,40477,0
2021-10-15,port218,Cartagena,11,7,31720,17051,0,28665,887,2168,0,0,12237,1457,3355,0
2021-10-16,port218,Cartagena,6,4,17692,44774,0,17235,457,0,0,13290,31483,0,0,0
2021-10-17,port218,Cartagena,7,6,28854,15224,0,28854,0,0,0,0,15224,0,0,0
2021-10-18,port218,Cartagena,9,4,21031,10553,5645,5877,1336,4588,3582,2396,8157,0,0,0
2021-10-19,port218,Cartagena,12,5,26721,48926,0,11928,887,13905,0,0,3819,3192,41914,0
2021-10-20,port218,Cartagena,8,4,71853,2543,7965,17614,0,46273,0,0,2543,0,0,0
2021-10-21,port218,Cartagena,11,8,32656,11844,5898,18992,0,7765,0,2297,9546,0,0,0
2021-10-22,port218,Cartagena,4,3,887,9935,0,0,887,0,0,0,8477,1457,0,0
2021-10-23,port218,Cartagena,10,8,30536,53705,0,30536,0,0,0,0,10046,1800,41858,0
2021-10-24,port218,Cartagena,7,5,17708,34465,0,16883,0,0,824,30506,3873,0,0,86
2021-10-25,port218,Cartagena,8,7,22681,5407,0,22681,0,0,0,0,5407,0,0,0
2021-10-26,port218,Cartagena,7,3,8497,50068,0,4784,0,3713,0,0,7391,0,42676,0
2021-10-27,port218,Cartagena,7,3,4406,8243,0,3519,887,0,0,2814,2280,3148,0,0
2021-10-28,port218,Cartagena,9,4,101296,0,1392,15711,7149,77042,0,0,0,0,0,0
2021-10-29,port218,Cartagena,8,7,13098,9257,0,9948,0,3150,0,0,6904,0,2353,0
2021-10-30,port218,Cartagena,7,6,18439,12011,0,10591,0,7848,0,0,12011,0,0,0
2021-10-31,port218,Cartagena,9,4,28574,133242,0,7030,0,21543,0,0,6036,0,127205,0
2021-11-01,port218,Cartagena,10,7,16784,62124,0,15897,887,0,0,0,4001,1457,56664,0
2021-11-02,port218,Cartagena,5,4,14330,61464,0,14330,0,0,0,0,6432,0,55032,0
2021-11-03,port218,Cartagena,8,4,24315,58566,0,17135,887,6293,0,50523,5100,2942,0,0
2021-11-04,port218,Cartagena,8,3,24674,1665,9804,11087,0,3782,0,0,0,1665,0,0
2021-11-05,port218,Cartagena,11,5,11106,13635,0,3423,1586,5271,824,0,11976,1457,114,86
2021-11-06,port218,Cartagena,9,5,10305,77807,0,2938,0,7366,0,0,11831,0,65975,0
2021-11-07,port218,Cartagena,7,5,24054,7586,0,18395,0,5659,0,0,6723,862,0,0
2021-11-08,port218,Cartagena,12,6,32414,77241,11928,16225,0,0,4260,63683,13349,0,208,0
2021-11-09,port218,Cartagena,7,3,6268,2575,0,4573,0,0,1695,0,748,163,0,1664
2021-11-10,port218,Cartagena,12,5,71281,22950,0,28764,887,40805,824,0,10918,11945,0,86
2021-11-11,port218,Cartagena,7,5,22441,3418,0,11320,3355,7765,0,0,3418,0,0,0
2021-11-12,port218,Cartagena,8,5,11559,49321,0,11344,0,214,0,0,8437,0,40884,0
2021-11-13,port218,Cartagena,8,4,13801,43598,965,12375,0,0,460,13290,24962,0,5346,0
2021-11-14,port218,Cartagena,7,5,13427,15656,0,12540,887,0,0,5577,8621,1457,0,0
2021-11-15,port218,Cartagena,8,4,93315,8598,0,27541,0,65261,511,0,5242,0,3355,0
2021-11-16,port218,Cartagena,4,3,7338,8943,0,7338,0,0,0,0,8943,0,0,0
2021-11-17,port218,Cartagena,9,5,32149,56794,11150,14024,0,3325,3648,10456,4947,0,41390,0
2021-11-18,port218,Cartagena,15,6,106081,50285,236,14282,4435,86302,824,420,4431,2453,42894,86
2021-11-19,port218,Cartagena,6,5,19600,7442,0,15996,3603,0,0,0,7442,0,0,0
2021-11-20,port218,Cartagena,10,6,30960,13041,0,11969,887,18103,0,0,11584,1457,0,0
2021-11-21,port218,Cartagena,9,8,75436,21670,56401,19034,0,0,0,0,21670,0,0,0
2021-11-22,port218,Cartagena,13,5,88842,36157,16676,53539,3422,12238,2965,34440,605,1111,0,0
2021-11-23,port218,Cartagena,5,3,13404,14105,0,10390,0,3014,0,0,2280,0,11824,0
2021-11-24,port218,Cartagena,9,4,43916,30021,27023,6085,531,10275,0,420,8159,0,21440,0
2021-11-25,port218,Cartagena,11,5,28166,32045,0,16709,0,9308,2148,2297,15758,1734,12253,0
2021-11-26,port218,Cartagena,11,7,14991,15290,0,4123,0,10868,0,6344,8945,0,0,0
2021-11-27,port218,Cartagena,6,4,9511,104656,0,9511,0,0,0,0,36070,0,68585,0
2021-11-28,port218,Cartagena,10,4,47725,15786,31398,3461,0,12040,824,0,15700,0,0,86
2021-11-29,port218,Cartagena,11,6,11698,72816,0,7288,3394,0,1015,55231,11666,5918,0,0
2021-11-30,port218,Cartagena,9,4,31564,55765,0,13436,887,17241,0,5577,4561,1457,44168,0
2021-12-01,port218,Cartagena,6,4,31574,4149,0,19409,0,11339,824,0,4063,0,0,86
2021-12-02,port218,Cartagena,7,4,20454,978,0,9202,0,10740,511,0,978,0,0,0
2021-12-03,port218,Cartagena,8,3,8848,24937,5710,2938,0,199,0,420,7400,1665,15449,0
2021-12-04,port218,Cartagena,6,3,14806,40740,0,8668,887,3014,2236,0,27458,1457,11824,0
2021-12-05,port218,Cartagena,12,6,12624,30347,0,6817,228,3014,2564,0,14980,3542,11824,0
2021-12-06,port218,Cartagena,11,8,44614,129644,0,32129,12484,0,0,0,3437,0,126206,0
2021-12-07,port218,Cartagena,9,6,19003,5134,0,13732,0,5271,0,0,4561,0,114,457
2021-12-08,port218,Cartagena,8,5,58987,4561,29290,29697,0,0,0,0,4561,0,0,0
2021-12-09,port218,Cartagena,11,4,50101,96060,13512,3866,0,31897,824,7559,14917,0,73497,86
2021-12-10,port218,Cartagena,10,6,22545,14233,0,14297,1774,6473,0,0,11317,2915,0,0
2021-12-11,port218,Cartagena,8,5,51583,78070,0,51583,0,0,0,13290,19283,0,45496,0
2021-12-12,port218,Cartagena,8,5,91429,4513,5543,13176,0,70809,1899,0,4513,0,0,0
2021-12-13,port218,Cartagena,12,7,15176,25838,0,12515,2661,0,0,0,21464,4373,0,0
2021-12-14,port218,Cartagena,7,4,27747,5150,0,19454,887,3713,3693,0,3692,1457,0,0
2021-12-15,port218,Cartagena,7,3,47999,5377,26831,7890,6983,6293,0,2814,2563,0,0,0
2021-12-16,port218,Cartagena,10,4,19984,88676,0,11332,887,7765,0,0,7489,1736,79450,0
2021-12-17,port218,Cartagena,5,3,17247,6642,0,16422,0,0,824,0,6556,0,0,86
2021-12-18,port218,Cartagena,8,6,16361,31182,0,16361,0,0,0,22150,9032,0,0,0
2021-12-19,port218,Cartagena,6,2,4598,13490,0,1408,228,0,2961,487,11064,1938,0,0
2021-12-20,port218,Cartagena,9,6,32007,4802,0,30747,0,1260,0,0,4561,241,0,0
2021-12-21,port218,Cartagena,7,6,38108,12290,0,28127,0,9980,0,0,12290,0,0,0
2021-12-22,port218,Cartagena,9,4,22248,134707,0,19949,2050,247,0,37622,6934,1938,88211,0
2021-12-23,port218,Cartagena,10,5,34600,12592,11150,17292,887,5271,0,10456,563,1457,114,0
2021-12-24,port218,Cartagena,8,6,10611,17537,0,10611,0,0,0,7559,5762,4216,0,0
2021-12-25,port218,Cartagena,8,6,10738,14764,0,9389,887,0,461,0,13306,1457,0,0
2021-12-26,port218,Cartagena,9,4,45207,15392,29072,7109,228,8285,511,0,1514,1938,11939,0
2021-12-27,port218,Cartagena,11,5,61356,62090,50942,7400,0,3014,0,0,9591,1734,50764,0
2021-12-28,port218,Cartagena,7,4,52528,18031,37538,9489,228,5271,0,0,15978,1938,114,0
2021-12-29,port218,Cartagena,9,4,11892,43093,0,3689,887,7316,0,0,9186,1457,32449,0
2021-12-30,port218,Cartagena,12,5,43810,36370,0,19133,887,23280,509,0,2280,3138,30951,0
2021-12-31,port218,Cartagena,10,5,25830,38140,236,8010,3355,14227,0,3235,4069,0,30836,0
2022-01-01,port218,Cartagena,6,5,28259,6499,0,28030,228,0,0,0,4561,1938,0,0
2022-01-02,port218,Cartagena,7,3,63536,77716,11150,2938,0,48622,824,73435,4195,0,0,86
2022-01-03,port218,Cartagena,11,4,47375,47717,0,18209,5171,23535,458,0,3598,1457,42661,0
2022-01-04,port218,Cartagena,7,4,63568,4561,3211,24025,0,36330,0,0,4561,0,0,0
2022-01-05,port218,Cartagena,5,3,23039,44713,0,8583,228,14227,0,0,11937,1938,30836,0
2022-01-06,port218,Cartagena,9,5,20792,86295,11150,9619,23,0,0,10456,4475,0,71363,0
2022-01-07,port218,Cartagena,13,6,34207,22408,11387,14363,1774,6682,0,10877,6924,4606,0,0
2022-01-08,port218,Cartagena,10,6,52192,11213,9835,40114,0,2241,0,0,9096,0,0,2117
2022-01-09,port218,Cartagena,7,3,6233,1379,0,5211,0,0,1022,0,1379,0,0,0
2022-01-10,port218,Cartagena,9,5,17180,8092,0,10715,0,5640,824,2605,5400,0,0,86
2022-01-11,port218,Cartagena,11,6,43660,17369,0,32132,887,10641,0,0,6842,10527,0,0
2022-01-12,port218,Cartagena,4,2,4712,12846,0,2938,1774,0,0,0,9930,2915,0,0
2022-01-13,port218,Cartagena,13,7,69163,76365,25525,41951,1115,570,0,27331,11469,3396,34168,0
2022-01-14,port218,Cartagena,8,5,9915,11637,0,8432,1482,0,0,0,10301,1336,0,0
2022-01-15,port218,Cartagena,4,2,3825,5733,0,2938,887,0,0,0,4275,1457,0,0
2022-01-16,port218,Cartagena,8,4,77420,63850,0,0,0,77420,0,0,22466,0,41384,0
2022-01-17,port218,Cartagena,5,4,0,31178,0,0,0,0,0,11979,19199,0,0,0
2022-01-18,port218,Cartagena,8,2,56397,12386,14950,23515,0,17932,0,0,0,0,12386,0
2022-01-19,port218,Cartagena,6,3,17622,9145,0,13843,0,0,3779,2053,6107,984,0,0
2022-01-20,port218,Cartagena,11,7,26402,11821,0,21653,1774,2974,0,0,8906,2915,0,0
2022-01-21,port218,Cartagena,11,8,20009,11072,0,12235,0,7316,457,0,11072,0,0,0
2022-01-22,port218,Cartagena,9,5,34244,22387,0,28149,0,5271,824,0,15461,0,6839,86
2022-01-23,port218,Cartagena,12,6,20418,85395,0,966,2483,16969,0,0,22463,3396,59535,0
2022-01-24,port218,Cartagena,12,7,28608,18912,0,28608,0,0,0,0,6884,7383,4643,0
2022-01-25,port218,Cartagena,7,3,4804,59948,153,2938,887,0,824,53324,5080,1457,0,86
2022-01-26,port218,Cartagena,9,7,5238,24954,0,4414,0,0,824,0,24867,0,0,86
2022-01-27,port218,Cartagena,11,8,28874,24253,0,28874,0,0,0,0,23095,0,1158,0
2022-01-28,port218,Cartagena,9,5,12437,12860,0,5047,887,6502,0,0,11402,1457,0,0
2022-01-29,port218,Cartagena,9,7,29509,38168,0,27797,887,0,824,0,36624,1457,0,86
2022-01-30,port218,Cartagena,8,3,25293,42874,0,11066,0,14227,0,1175,0,7505,34192,0
2022-01-31,port218,Cartagena,5,3,14319,5908,0,8223,0,5271,824,0,5707,0,114,86
2022-02-01,port218,Cartagena,4,2,9270,3597,0,2938,0,6332,0,0,3597,0,0,0
2022-02-02,port218,Cartagena,5,3,16352,6296,0,12958,3394,0,0,0,4561,1734,0,0
2022-02-03,port218,Cartagena,7,3,71152,5847,60690,10462,0,0,0,0,5847,0,0,0
2022-02-04,port218,Cartagena,7,3,3441,119929,0,2180,0,1260,0,43796,1424,0,74709,0
2022-02-05,port218,Cartagena,6,4,95516,5868,0,23907,228,71379,0,0,3930,1938,0,0
2022-02-06,port218,Cartagena,9,6,35183,64362,6979,28204,0,0,0,691,31772,0,31897,0
2022-02-07,port218,Cartagena,9,4,8905,13836,0,7569,1121,214,0,0,3809,10026,0,0
2022-02-08,port218,Cartagena,7,3,14995,4488,0,13221,1774,0,0,0,1572,2915,0,0
2022-02-09,port218,Cartagena,8,2,33430,8833,12380,2938,4209,13900,0,2718,6115,0,0,0
2022-02-10,port218,Cartagena,8,5,23700,6116,0,19703,0,1271,2724,0,6029,0,0,86
2022-02-11,port218,Cartagena,13,9,53892,24250,0,50648,228,3014,0,0,10040,1938,12271,0
2022-02-12,port218,Cartagena,8,4,10523,51804,0,8416,0,1084,1023,0,10321,0,41483,0
2022-02-13,port218,Cartagena,6,4,8209,23816,0,2938,0,5271,0,0,22130,0,1686,0
2022-02-14,port218,Cartagena,6,5,21302,16603,0,21302,0,0,0,0,16045,0,557,0
2022-02-15,port218,Cartagena,9,3,14067,169002,0,7694,887,4661,824,0,11831,3192,153893,86
2022-02-16,port218,Cartagena,7,5,61901,16887,0,24003,0,37897,0,11650,5237,0,0,0
2022-02-17,port218,Cartagena,9,7,24738,14227,0,23770,0,0,968,0,14227,0,0,0
2022-02-18,port218,Cartagena,11,7,29344,7840,0,21316,0,6293,1734,1342,6498,0,0,0
2022-02-19,port218,Cartagena,8,5,5953,63970,0,2938,0,3014,0,21325,30819,0,11824,0
2022-02-20,port218,Cartagena,5,4,8636,9058,0,8636,0,0,0,2297,6760,0,0,0
2022-02-21,port218,Cartagena,11,6,43432,32017,0,35538,0,7894,0,0,17482,2710,11824,0
2022-02-22,port218,Cartagena,9,3,15537,65351,236,7387,0,7913,0,420,4561,1938,58430,0
2022-02-23,port218,Cartagena,6,3,2506,59874,0,1485,1020,0,0,0,13991,1457,44424,0
2022-02-24,port218,Cartagena,11,7,35777,33085,0,34003,1774,0,0,2919,25584,4581,0,0
2022-02-25,port218,Cartagena,8,3,25367,24029,0,11666,0,13700,0,22101,236,1690,0,0
2022-02-26,port218,Cartagena,5,5,8816,8147,0,8816,0,0,0,0,8147,0,0,0
2022-02-27,port218,Cartagena,7,5,20877,15054,0,20877,0,0,0,0,11321,0,3733,0
2022-02-28,port218,Cartagena,9,5,21333,17984,0,17880,0,0,3452,0,7806,0,10177,0
2022-03-01,port218,Cartagena,6,3,45585,9282,31006,7131,228,7219,0,0,7344,1938,0,0
2022-03-02,port218,Cartagena,8,3,65934,34503,24516,37516,887,3014,0,18940,2280,1457,11824,0
2022-03-03,port218,Cartagena,8,7,26101,5543,0,26101,0,0,0,0,5543,0,0,0
2022-03-04,port218,Cartagena,12,6,42157,139650,236,37344,156,4418,0,420,0,0,139229,0
2022-03-05,port218,Cartagena,13,7,25377,26868,0,15513,879,8984,0,0,20408,5039,114,1305
2022-03-06,port218,Cartagena,5,4,5979,22338,0,5701,278,0,0,0,22338,0,0,0
2022-03-07,port218,Cartagena,12,6,27298,49044,0,17864,887,8038,508,5577,7939,1457,34070,0
2022-03-08,port218,Cartagena,6,3,21331,4123,0,12485,0,8846,0,0,4123,0,0,0
2022-03-09,port218,Cartagena,5,4,96193,6246,0,19170,0,77022,0,0,6246,0,0,0
2022-03-10,port218,Cartagena,8,4,35746,15672,0,26437,0,9308,0,0,2157,1690,11824,0
2022-03-11,port218,Cartagena,12,7,22480,64690,0,17620,4859,0,0,25366,7427,0,31897,0
2022-03-12,port218,Cartagena,9,6,18564,19163,0,17421,682,0,460,0,16347,2816,0,0
2022-03-13,port218,Cartagena,10,6,21726,36601,0,16721,0,5004,0,12307,2967,0,21326,0
2022-03-14,port218,Cartagena,8,4,25280,3296,1339,13289,887,7316,2448,0,1838,1457,0,0
2022-03-15,port218,Cartagena,6,3,40143,6678,29165,6322,887,3768,0,0,5220,1457,0,0
2022-03-16,port218,Cartagena,6,4,57141,3851,31035,15449,0,10656,0,0,3851,0,0,0
2022-03-17,port218,Cartagena,10,5,23550,167661,0,6414,0,17136,0,0,22572,1734,143353,0
2022-03-18,port218,Cartagena,10,4,11070,19359,0,3949,228,6892,0,3414,12550,3395,0,0
2022-03-19,port218,Cartagena,9,3,7757,54949,0,2938,887,3014,917,0,34350,5418,15180,0
2022-03-20,port218,Cartagena,9,6,6646,87356,0,6646,0,0,0,0,11304,0,76051,0
2022-03-21,port218,Cartagena,7,5,45746,4561,0,38263,0,7483,0,0,4561,0,0,0
2022-03-22,port218,Cartagena,7,5,2183,17567,0,27,0,0,2156,2668,14899,0,0,0
2022-03-23,port218,Cartagena,4,2,25565,4561,19688,5877,0,0,0,0,4561,0,0,0
2022-03-24,port218,Cartagena,14,6,47456,60014,0,40024,3954,2652,824,49384,8542,2001,0,86
2022-03-25,port218,Cartagena,10,6,35525,48029,11150,18545,0,5004,824,12754,13863,0,21326,86
2022-03-26,port218,Cartagena,10,7,20578,49495,0,8711,4235,7630,0,0,49380,0,114,0
2022-03-27,port218,Cartagena,6,4,24090,11637,0,8659,228,15201,0,0,9699,1938,0,0
2022-03-28,port218,Cartagena,11,5,25783,82958,6751,14996,0,3014,1022,0,19087,0,63870,0
2022-03-29,port218,Cartagena,5,3,8515,19999,0,5501,0,3014,0,0,8175,0,11824,0
2022-03-30,port218,Cartagena,6,3,24124,33546,0,16325,0,7316,482,0,1676,0,31870,0
2022-03-31,port218,Cartagena,6,4,89053,8651,79031,10021,0,0,0,0,8651,0,0,0
2022-04-01,port218,Cartagena,8,6,14270,10024,0,7480,496,6293,0,0,10024,0,0,0
2022-04-02,port218,Cartagena,7,3,7372,61977,0,0,4357,3014,0,0,39104,0,22873,0
2022-04-03,port218,Cartagena,7,4,22417,6277,0,18181,0,4235,0,0,5443,834,0,0
2022-04-04,port218,Cartagena,11,7,54993,18564,0,37705,15947,1340,0,0,15648,2915,0,0
2022-04-05,port218,Cartagena,4,2,11694,4948,0,6302,0,5392,0,2668,2280,0,0,0
2022-04-06,port218,Cartagena,7,4,14805,26665,0,5877,0,8012,915,0,26551,0,114,0
2022-04-07,port218,Cartagena,8,7,21965,9534,0,21965,0,0,0,0,9534,0,0,0
2022-04-08,port218,Cartagena,10,7,38769,72936,0,36340,0,0,2429,0,8575,0,64361,0
2022-04-09,port218,Cartagena,7,5,15468,8128,0,12559,0,2908,0,0,8128,0,0,0
2022-04-10,port218,Cartagena,8,6,44239,31617,0,41612,2626,0,0,18940,12676,0,0,0
2022-04-11,port218,Cartagena,11,6,33309,104189,0,13810,0,19498,0,13956,29801,0,60431,0
2022-04-12,port218,Cartagena,5,2,15576,1712,0,12741,0,2123,711,0,0,1685,0,27
2022-04-13,port218,Cartagena,5,3,77875,2280,0,6238,0,70615,1022,0,2280,0,0,0
2022-04-14,port218,Cartagena,9,6,28244,31336,0,20928,0,7316,0,17458,13877,0,0,0
2022-04-15,port218,Cartagena,10,4,22644,133247,1910,0,887,18825,1022,0,8468,1457,123321,0
2022-04-16,port218,Cartagena,4,4,2303,8739,0,2303,0,0,0,0,8739,0,0,0
2022-04-17,port218,Cartagena,8,6,18963,23259,0,16910,0,0,2052,0,4561,0,18698,0
2022-04-18,port218,Cartagena,10,6,28266,15561,0,28038,228,0,0,0,2958,9591,3010,0
2022-04-19,port218,Cartagena,4,3,0,11121,0,0,0,0,0,0,8072,3048,0,0
2022-04-20,port218,Cartagena,13,3,22423,23442,0,14704,1511,4356,1850,0,9919,1612,11824,86
2022-04-21,port218,Cartagena,13,9,28446,56434,0,14219,0,14227,0,0,22945,0,33052,436
2022-04-22,port218,Cartagena,7,4,10827,43335,0,2938,887,7001,0,0,6877,1457,35000,0
2022-04-23,port218,Cartagena,6,4,20381,5968,0,13255,0,7126,0,0,5968,0,0,0
2022-04-24,port218,Cartagena,8,3,20558,6616,8213,10633,887,0,824,0,3381,3148,0,86
2022-04-25,port218,Cartagena,13,6,48978,102240,15287,26745,887,5547,510,0,8611,1457,92171,0
2022-04-26,port218,Cartagena,9,5,40855,26551,0,39372,228,428,824,18609,5916,1938,0,86
2022-04-27,port218,Cartagena,7,4,18834,88970,0,18834,0,0,0,65290,12695,0,10983,0
2022-04-28,port218,Cartagena,9,7,37315,9668,0,30422,0,6892,0,5107,4561,0,0,0
2022-04-29,port218,Cartagena,7,6,17420,6076,0,17420,0,0,0,0,6076,0,0,0
2022-04-30,port218,Cartagena,8,4,10580,9548,0,5079,228,5271,0,0,4021,5527,0,0
2022-05-01,port218,Cartagena,6,3,1880,97102,0,0,887,993,0,0,30790,1457,64854,0
2022-05-02,port218,Cartagena,12,6,78366,96555,45016,22639,235,8172,2302,59488,9157,0,27910,0
2022-05-03,port218,Cartagena,7,5,21575,7321,0,20545,1029,0,0,0,7321,0,0,0
2022-05-04,port218,Cartagena,3,1,3763,2366,0,2938,0,0,824,0,2280,0,0,86
2022-05-05,port218,Cartagena,11,7,15351,59999,0,14464,887,0,0,1200,6682,5040,47076,0
2022-05-06,port218,Cartagena,7,4,1215,12315,0,390,0,0,824,1638,10591,0,0,86
2022-05-07,port218,Cartagena,9,4,24501,89010,0,7166,3672,13662,0,0,10457,1457,77095,0
2022-05-08,port218,Cartagena,10,7,65852,39659,0,6035,0,59817,0,11979,27680,0,0,0
2022-05-09,port218,Cartagena,6,4,20470,5775,0,6991,0,13478,0,0,5775,0,0,0
2022-05-10,port218,Cartagena,9,4,31940,6337,0,8449,10117,9590,3781,0,6223,0,114,0
2022-05-11,port218,Cartagena,10,6,67125,18252,46346,19354,0,1425,0,10456,7796,0,0,0
2022-05-12,port218,Cartagena,12,6,24732,9979,0,20187,2671,0,1874,907,7166,1457,447,0
2022-05-13,port218,Cartagena,11,4,46066,88738,0,1907,0,44159,0,0,6580,278,81880,0
2022-05-14,port218,Cartagena,11,4,8721,65715,48,2897,0,3014,2761,25646,28245,0,11824,0
2022-05-15,port218,Cartagena,12,6,40753,43199,0,20637,4913,15201,0,0,12359,1734,29104,0
2022-05-16,port218,Cartagena,11,4,13382,31457,0,4864,0,8517,0,0,7286,2844,21326,0
2022-05-17,port218,Cartagena,7,6,18753,18902,0,18753,0,0,0,7559,11343,0,0,0
2022-05-18,port218,Cartagena,7,3,22229,7872,2427,11599,887,7316,0,0,6414,1457,0,0
2022-05-19,port218,Cartagena,8,6,25603,4725,0,23154,0,0,2448,0,4561,164,0,0
2022-05-20,port218,Cartagena,10,8,32143,102166,0,22281,0,9861,0,0,14515,0,87650,0
2022-05-21,port218,Cartagena,6,3,4862,86559,0,3329,0,0,1533,0,33831,1584,51143,0
2022-05-22,port218,Cartagena,6,5,38632,1735,0,35723,0,2908,0,0,1735,0,0,0
2022-05-23,port218,Cartagena,7,4,3499,13756,0,3308,191,0,0,2668,11088,0,0,0
2022-05-24,port218,Cartagena,9,4,72394,8753,22033,47035,0,3325,0,2056,4010,0,0,2685
2022-05-25,port218,Cartagena,8,4,21418,5101,9126,7817,0,4474,0,0,5101,0,0,0
2022-05-26,port218,Cartagena,7,4,13237,51846,0,5877,887,6473,0,0,9192,1457,41196,0
2022-05-27,port218,Cartagena,5,5,12192,7550,0,12192,0,0,0,0,7550,0,0,0
2022-05-28,port218,Cartagena,11,5,28860,77554,11033,10911,887,5004,1023,18940,34904,1457,22251,0
2022-05-29,port218,Cartagena,6,4,887,35182,0,0,887,0,0,0,32033,3148,0,0
2022-05-30,port218,Cartagena,10,6,14753,27900,0,8281,1467,5004,0,0,6574,0,21326,0
2022-05-31,port218,Cartagena,6,2,17983,2280,0,8336,4194,5452,0,0,2280,0,0,0
2022-06-01,port218,Cartagena,7,4,2938,28639,0,2938,0,0,0,0,24159,1734,0,2746
2022-06-02,port218,Cartagena,7,6,14023,7667,0,13745,278,0,0,0,7667,0,0,0
2022-06-03,port218,Cartagena,12,6,42563,166876,11150,24096,0,7316,0,10456,12017,0,144401,0
2022-06-04,port218,Cartagena,12,7,24684,55775,0,17492,1121,6071,0,0,11681,2956,41138,0
2022-06-05,port218,Cartagena,10,5,29474,47433,0,11689,0,17785,0,6051,6842,0,34539,0
2022-06-06,port218,Cartagena,8,5,28302,8081,0,20867,887,6547,0,0,6623,1457,0,0
2022-06-07,port218,Cartagena,5,3,2938,16288,0,2938,0,0,0,11650,4637,0,0,0
2022-06-08,port218,Cartagena,9,5,73232,68032,48386,21354,477,3014,0,52375,3832,0,11824,0
2022-06-09,port218,Cartagena,8,4,16770,29107,0,10650,1115,5004,0,0,4384,3396,21326,0
2022-06-10,port218,Cartagena,10,6,21368,47561,5816,15225,326,0,0,0,3945,574,43041,0
2022-06-11,port218,Cartagena,8,4,12361,48640,0,7491,0,3325,1544,0,10019,7404,31216,0
2022-06-12,port218,Cartagena,8,6,23687,7290,0,12869,0,10818,0,0,7290,0,0,0
2022-06-13,port218,Cartagena,7,5,15408,38085,0,12394,0,3014,0,18940,7320,0,11824,0
2022-06-14,port218,Cartagena,9,1,44779,6049,29777,2938,0,11549,513,0,2280,3768,0,0
2022-06-15,port218,Cartagena,7,3,42152,55949,8430,19494,0,14227,0,3880,7693,0,44374,0
2022-06-16,port218,Cartagena,13,8,58386,88302,0,55411,0,2974,0,53543,19149,0,15610,0
2022-06-17,port218,Cartagena,8,5,16573,8665,0,12145,887,0,3540,0,7207,1457,0,0
2022-06-18,port218,Cartagena,7,5,8866,12921,0,5877,2988,0,0,0,12921,0,0,0
2022-06-19,port218,Cartagena,10,4,16162,7233,0,1866,3706,8387,2201,0,7233,0,0,0
2022-06-20,port218,Cartagena,9,3,10664,13379,1161,3540,4655,0,1306,2919,9003,1457,0,0
2022-06-21,port218,Cartagena,7,3,63804,0,24983,25608,0,13213,0,0,0,0,0,0
2022-06-22,port218,Cartagena,9,4,94890,2280,22905,67550,4434,0,0,0,2280,0,0,0
2022-06-23,port218,Cartagena,9,6,12629,87192,0,11274,0,1354,0,7559,5685,0,73947,0
2022-06-24,port218,Cartagena,10,6,22481,30143,0,19694,887,0,1899,0,26547,3148,447,0
2022-06-25,port218,Cartagena,8,6,27852,47680,0,26965,887,0,0,0,37977,1457,8244,0
2022-06-26,port218,Cartagena,5,4,3974,44808,0,3974,0,0,0,0,2420,0,42388,0
2022-06-27,port218,Cartagena,11,6,121026,32283,45205,10039,1774,64007,0,0,8041,2915,21326,0
2022-06-28,port218,Cartagena,11,4,52070,18261,0,20168,887,31015,0,0,3244,3192,11824,0
2022-06-29,port218,Cartagena,5,4,9996,958,0,8907,0,1089,0,0,958,0,0,0
2022-06-30,port218,Cartagena,10,4,24882,9656,519,19467,887,4007,0,0,7668,1987,0,0
2022-07-01,port218,Cartagena,9,6,18610,74595,0,3496,887,14227,0,18940,23360,1457,30836,0
2022-07-02,port218,Cartagena,10,7,15084,51374,0,12070,0,3014,0,15028,24521,0,11824,0
2022-07-03,port218,Cartagena,5,2,12409,0,9844,2565,0,0,0,0,0,0,0,0
2022-07-04,port218,Cartagena,7,4,13216,50915,0,6424,0,6279,512,0,7747,0,43167,0
2022-07-05,port218,Cartagena,5,1,31276,1457,0,4866,887,22955,2567,0,0,1457,0,0
2022-07-06,port218,Cartagena,6,3,11702,3052,3310,4105,4285,0,0,0,3052,0,0,0
2022-07-07,port218,Cartagena,7,5,8076,2280,0,8076,0,0,0,0,2280,0,0,0
2022-07-08,port218,Cartagena,9,5,148161,2931,0,11206,0,136954,0,0,1572,0,1358,0
2022-07-09,port218,Cartagena,6,6,5877,35703,0,5877,0,0,0,0,35703,0,0,0
2022-07-10,port218,Cartagena,8,5,27797,941,0,21701,0,5271,824,0,740,0,114,86
2022-07-11,port218,Cartagena,11,4,21740,49144,0,19471,887,0,1381,7559,1338,1457,38788,0
2022-07-12,port218,Cartagena,9,2,28942,96744,11480,16575,887,0,0,0,2280,1457,93005,0
2022-07-13,port218,Cartagena,4,3,11279,2995,0,10864,415,0,0,0,2995,0,0,0
2022-07-14,port218,Cartagena,10,6,23369,31296,0,13692,887,8789,0,20391,9447,1457,0,0
2022-07-15,port218,Cartagena,12,5,24320,12692,0,16732,887,3150,3550,0,5750,4589,2353,0
2022-07-16,port218,Cartagena,8,5,6492,27948,0,5667,0,0,824,0,16035,0,11826,86
2022-07-17,port218,Cartagena,3,2,56299,1114,54590,1708,0,0,0,0,1114,0,0,0
2022-07-18,port218,Cartagena,9,4,10662,56409,0,6112,0,3014,1535,0,3478,8318,44612,0
2022-07-19,port218,Cartagena,5,1,11200,10985,0,0,0,11200,0,0,4763,3044,3176,0
2022-07-20,port218,Cartagena,9,4,41011,8240,23129,12446,1115,4319,0,0,4843,3396,0,0
2022-07-21,port218,Cartagena,10,5,37588,58392,0,36042,887,659,0,54654,2280,1457,0,0
2022-07-22,port218,Cartagena,7,3,6544,48388,0,5877,0,209,457,0,4950,0,43438,0
2022-07-23,port218,Cartagena,7,3,3825,68188,0,2938,887,0,0,12635,8222,1457,45872,0
2022-07-24,port218,Cartagena,14,7,27187,112555,11150,11396,1261,3379,0,10456,4958,3356,93783,0
2022-07-25,port218,Cartagena,10,4,38355,27326,7325,13278,887,16039,824,18940,6842,1457,0,86
2022-07-26,port218,Cartagena,5,3,8042,8279,0,6314,0,1727,0,5479,2799,0,0,0
2022-07-27,port218,Cartagena,9,4,66859,35329,54498,9346,0,3014,0,18682,4822,0,11824,0
2022-07-28,port218,Cartagena,6,4,19901,18262,0,16887,0,3014,0,0,6437,0,11824,0
2022-07-29,port218,Cartagena,5,3,2938,4586,0,2938,0,0,0,0,4586,0,0,0
2022-07-30,port218,Cartagena,9,5,21305,37957,0,15547,644,5113,0,0,10107,0,27850,0
2022-07-31,port218,Cartagena,7,4,96641,24271,0,3680,0,92961,0,0,12446,0,11824,0
2022-08-01,port218,Cartagena,13,7,38653,46521,0,22381,1774,14498,0,0,12769,2915,30836,0
2022-08-02,port218,Cartagena,7,3,25103,4997,0,17976,3361,0,3765,0,3307,1603,0,86
2022-08-03,port218,Cartagena,4,2,16128,5745,0,16128,0,0,0,0,2280,3464,0,0
2022-08-04,port218,Cartagena,7,4,13472,94047,0,11989,0,1483,0,0,5852,0,88195,0
2022-08-05,port218,Cartagena,11,6,32674,45938,0,13778,887,14227,3781,0,12562,1457,31917,0
2022-08-06,port218,Cartagena,8,4,8436,19833,0,4535,887,3014,0,0,3594,4414,11824,0
2022-08-07,port218,Cartagena,5,3,17598,6813,0,5224,5690,0,6683,0,6813,0,0,0
2022-08-08,port218,Cartagena,11,6,57992,11137,0,52694,887,2362,2048,7398,2280,1457,0,0
2022-08-09,port218,Cartagena,10,5,14955,86666,0,5877,1812,7265,0,0,13962,627,72076,0
2022-08-10,port218,Cartagena,6,3,25229,51067,0,5877,0,19351,0,0,20231,0,30836,0
2022-08-11,port218,Cartagena,10,5,21107,14089,0,7043,887,13176,0,0,10884,1457,0,1746
2022-08-12,port218,Cartagena,6,2,28617,1658,19845,1456,0,7316,0,0,269,1389,0,0
2022-08-13,port218,Cartagena,11,5,76523,77074,27833,13394,0,34860,435,33311,5562,0,37640,560
2022-08-14,port218,Cartagena,9,4,11195,4051,0,4600,361,6233,0,865,1247,1938,0,0
2022-08-15,port218,Cartagena,6,6,43016,2880,0,43016,0,0,0,0,2880,0,0,0
2022-08-16,port218,Cartagena,5,3,28086,36492,0,13859,0,14227,0,0,0,5655,30836,0
2022-08-17,port218,Cartagena,6,3,5925,72108,0,0,0,5925,0,0,30742,0,41366,0
2022-08-18,port218,Cartagena,12,7,52962,21042,0,40639,5554,3014,3753,0,7759,1457,11824,0
2022-08-19,port218,Cartagena,9,3,14832,43716,0,2692,1603,10536,0,30591,1300,0,11824,0
2022-08-20,port218,Cartagena,8,5,7512,25373,0,2938,887,3687,0,0,23915,1457,0,0
2022-08-21,port218,Cartagena,10,6,36405,26321,0,29514,887,5178,824,0,24777,1457,0,86
2022-08-22,port218,Cartagena,8,5,50826,1338,28657,20406,0,0,1761,0,1338,0,0,0
2022-08-23,port218,Cartagena,8,5,11155,5851,1934,9221,0,0,0,0,5851,0,0,0
2022-08-24,port218,Cartagena,9,5,22025,69126,11150,9988,887,0,0,54302,13366,1457,0,0
2022-08-25,port218,Cartagena,8,5,58149,16780,50512,6278,1358,0,0,0,15322,1457,0,0
2022-08-26,port218,Cartagena,10,6,20267,86813,0,20053,0,214,0,0,13105,0,73708,0
2022-08-27,port218,Cartagena,7,4,15050,48128,0,14231,818,0,0,0,5749,0,42378,0
2022-08-28,port218,Cartagena,6,5,21762,9448,0,19862,0,0,1899,0,9448,0,0,0
2022-08-29,port218,Cartagena,14,6,31927,82756,0,26197,1151,4578,0,57089,9298,1938,14429,0
2022-08-30,port218,Cartagena,8,4,41146,12737,11150,23278,3728,2989,0,10456,2280,0,0,0
2022-08-31,port218,Cartagena,10,3,19555,45068,0,0,887,18153,514,0,8026,6205,30836,0
2022-09-01,port218,Cartagena,7,4,22526,2854,0,2987,0,17152,2385,0,1119,1734,0,0
2022-09-02,port218,Cartagena,8,4,82221,30019,0,1118,1833,79268,0,0,7235,1457,21326,0
2022-09-03,port218,Cartagena,6,3,2938,20361,0,2938,0,0,0,2568,17793,0,0,0
2022-09-04,port218,Cartagena,6,5,9083,8478,0,9083,0,0,0,0,6787,1690,0,0
2022-09-05,port218,Cartagena,9,6,7610,8408,0,6935,0,214,460,0,8408,0,0,0
2022-09-06,port218,Cartagena,4,3,31623,2366,0,30798,0,0,824,0,2280,0,0,86
2022-09-07,port218,Cartagena,10,4,31222,23159,0,21418,887,8916,0,0,2280,6930,13949,0
2022-09-08,port218,Cartagena,10,8,12230,24673,0,12230,0,0,0,0,16655,0,8018,0
2022-09-09,port218,Cartagena,10,4,18007,11452,0,3260,8650,5271,824,0,5989,5038,338,86
2022-09-10,port218,Cartagena,12,3,11273,31870,0,0,409,10863,0,1193,27008,3668,0,0
2022-09-11,port218,Cartagena,5,3,3834,8659,0,2947,887,0,0,0,7201,1457,0,0
2022-09-12,port218,Cartagena,10,4,8019,80936,0,5438,2065,0,514,0,5873,2852,72209,0
2022-09-13,port218,Cartagena,9,3,56570,22970,0,8251,4194,44123,0,0,11145,0,11824,0
2022-09-14,port218,Cartagena,9,4,23946,13981,0,21474,2472,0,0,7961,4561,1457,0,0
2022-09-15,port218,Cartagena,12,7,57557,15698,0,48514,9042,0,0,7398,6842,1457,0,0
2022-09-16,port218,Cartagena,11,6,28101,117105,11150,2723,0,14227,0,12754,10650,435,93265,0
2022-09-17,port218,Cartagena,11,7,22245,65744,0,20393,0,0,1852,0,7098,628,57931,86
2022-09-18,port218,Cartagena,8,5,21098,12483,17651,0,2419,0,1027,0,12483,0,0,0
2022-09-19,port218,Cartagena,11,5,72150,34497,0,22413,264,49472,0,0,9981,866,23649,0
2022-09-20,port218,Cartagena,8,4,13382,95315,6349,4058,0,2974,0,0,7056,0,88259,0
2022-09-21,port218,Cartagena,12,5,20192,77981,4175,11020,4996,0,0,0,3442,1457,73081,0
2022-09-22,port218,Cartagena,11,7,36063,59440,0,13602,0,22461,0,36003,20078,3358,0,0
2022-09-23,port218,Cartagena,7,4,10173,18494,0,6673,228,0,3271,0,13658,4835,0,0
2022-09-24,port218,Cartagena,6,4,36152,17381,0,3747,0,32404,0,0,4326,0,13055,0
2022-09-25,port218,Cartagena,12,4,56805,9192,42720,5727,819,6713,824,0,8321,785,0,86
2022-09-26,port218,Cartagena,10,5,36306,119082,0,3055,887,32363,0,0,1262,1457,116362,0
2022-09-27,port218,Cartagena,4,2,16414,59736,0,13361,3053,0,0,0,0,0,59736,0
2022-09-28,port218,Cartagena,8,6,9226,38985,0,4222,0,5004,0,2668,14991,0,21326,0
2022-09-29,port218,Cartagena,10,7,33492,14956,0,29305,4187,0,0,0,7551,7404,0,0
2022-09-30,port218,Cartagena,3,2,0,2090,0,0,0,0,0,0,2090,0,0,0
2022-10-01,port218,Cartagena,9,6,17080,7606,0,16316,764,0,0,0,7382,0,223,0
2022-10-02,port218,Cartagena,9,5,17413,10303,0,14585,887,1940,0,0,8426,1877,0,0
2022-10-03,port218,Cartagena,8,4,63976,80321,27929,21819,0,14227,0,41685,4967,2831,30836,0
2022-10-04,port218,Cartagena,12,5,59684,66719,29825,22902,887,5560,509,0,19924,1457,45337,0
2022-10-05,port218,Cartagena,6,4,6764,8354,0,5877,887,0,0,0,6896,1457,0,0
2022-10-06,port218,Cartagena,12,7,9712,23489,0,7774,0,1938,0,0,10817,5873,6798,0
2022-10-07,port218,Cartagena,7,5,20425,47127,0,6198,0,14227,0,1490,14801,0,30836,0
2022-10-08,port218,Cartagena,9,6,30855,22832,11150,5241,14462,0,0,10456,12375,0,0,0
2022-10-09,port218,Cartagena,5,4,12907,5843,0,9966,0,0,2940,0,5843,0,0,0
2022-10-10,port218,Cartagena,11,5,9748,24777,0,2703,1774,5271,0,4172,17574,2915,114,0
2022-10-11,port218,Cartagena,16,7,40630,46398,0,23407,1774,14188,1260,35336,8059,2915,0,86
2022-10-12,port218,Cartagena,10,6,29102,53561,0,14874,0,14227,0,0,6478,0,47082,0
2022-10-13,port218,Cartagena,8,4,14985,10127,0,7818,887,6279,0,0,4717,1457,3952,0
2022-10-14,port218,Cartagena,13,6,63084,21816,8139,15720,3295,35929,0,0,9768,0,12048,0
2022-10-15,port218,Cartagena,9,4,19993,32715,0,11096,228,8667,0,18940,11836,1938,0,0
2022-10-16,port218,Cartagena,11,6,34198,107544,0,31316,0,2366,515,90060,10079,7404,0,0
2022-10-17,port218,Cartagena,6,5,10702,21275,0,10702,0,0,0,0,20646,628,0,0
2022-10-18,port218,Cartagena,7,3,4123,25541,0,4123,0,0,0,11650,9139,4751,0,0
2022-10-19,port218,Cartagena,10,4,35134,133127,0,6398,0,28736,0,0,5338,975,126813,0
2022-10-20,port218,Cartagena,14,8,87099,9771,0,72225,4815,9601,456,0,9771,0,0,0
2022-10-21,port218,Cartagena,15,7,83377,9052,50841,10414,378,19701,2041,0,8463,588,0,0
2022-10-22,port218,Cartagena,8,6,60756,25080,50774,8982,0,1000,0,0,25080,0,0,0
2022-10-23,port218,Cartagena,8,4,17786,7873,0,4599,887,12300,0,0,6415,1457,0,0
2022-10-24,port218,Cartagena,12,6,35554,8033,16846,11120,5322,0,2265,0,5738,2295,0,0
2022-10-25,port218,Cartagena,7,4,11738,106550,0,8694,887,0,2156,0,15752,1457,89340,0
2022-10-26,port218,Cartagena,9,5,35368,8645,0,32943,0,0,2425,4819,3826,0,0,0
2022-10-27,port218,Cartagena,7,4,47094,3490,24980,21226,887,0,0,0,2032,1457,0,0
2022-10-28,port218,Cartagena,7,6,65647,21921,0,25895,0,39752,0,0,21921,0,0,0
2022-10-29,port218,Cartagena,7,4,26240,22164,0,19708,0,6531,0,0,22049,0,114,0
2022-10-30,port218,Cartagena,8,5,10841,41746,0,5837,0,5004,0,14326,6093,0,21326,0
2022-10-31,port218,Cartagena,15,8,24367,42035,0,14157,208,6444,3556,0,40660,1288,0,86
2022-11-01,port218,Cartagena,4,3,981,8949,0,981,0,0,0,0,7214,1734,0,0
2022-11-02,port218,Cartagena,11,7,11348,30658,0,4051,0,6837,460,0,30658,0,0,0
2022-11-03,port218,Cartagena,10,7,18588,5137,0,17524,887,176,0,0,323,1457,3355,0
2022-11-04,port218,Cartagena,11,9,8635,16140,0,7366,1268,0,0,0,14682,1457,0,0
2022-11-05,port218,Cartagena,9,6,28011,15263,0,26100,887,0,1023,0,13101,2162,0,0
2022-11-06,port218,Cartagena,11,4,52081,6674,0,28118,16136,7316,510,0,6674,0,0,0
2022-11-07,port218,Cartagena,15,7,44219,75498,13120,4313,418,26367,0,11650,20270,0,43577,0
2022-11-08,port218,Cartagena,9,6,24166,10705,0,13959,0,7308,2898,0,10705,0,0,0
2022-11-09,port218,Cartagena,7,3,2611,62793,0,386,329,1895,0,52327,10466,0,0,0
2022-11-10,port218,Cartagena,9,8,33960,15499,0,33960,0,0,0,0,7413,0,8086,0
2022-11-11,port218,Cartagena,7,5,28608,5715,0,27721,887,0,0,0,4031,1457,226,0
2022-11-12,port218,Cartagena,10,6,21606,33470,0,16278,1774,3554,0,0,18730,2915,11824,0
2022-11-13,port218,Cartagena,9,5,14512,48961,0,6991,0,7521,0,42350,6163,0,447,0
2022-11-14,port218,Cartagena,9,6,11574,17843,378,11195,0,0,0,4819,13024,0,0,0
2022-11-15,port218,Cartagena,11,3,18147,11711,1485,0,5450,10387,824,0,9097,2528,0,86
2022-11-16,port218,Cartagena,6,4,11042,11947,0,5006,0,2449,3586,0,11947,0,0,0
2022-11-17,port218,Cartagena,14,6,49466,69331,14293,13473,887,19161,1649,57950,8616,2591,0,172
2022-11-18,port218,Cartagena,11,8,94272,19570,36741,21880,887,34764,0,0,18112,1457,0,0
2022-11-19,port218,Cartagena,7,4,30610,35397,0,15672,149,14227,561,0,4561,0,30836,0
2022-11-20,port218,Cartagena,5,4,10765,4561,0,10765,0,0,0,0,4561,0,0,0
2022-11-21,port218,Cartagena,4,3,6480,3783,0,1209,0,5271,0,0,3668,0,114,0
2022-11-22,port218,Cartagena,7,3,29326,2821,0,23968,887,4471,0,0,1153,1667,0,0
2022-11-23,port218,Cartagena,8,3,24252,41877,0,1977,1115,21158,0,0,7644,3396,30836,0
2022-11-24,port218,Cartagena,10,7,26028,102577,0,11571,228,14227,0,0,24578,1938,76060,0
2022-11-25,port218,Cartagena,9,4,23256,13142,0,18345,887,0,4023,0,3277,9865,0,0
2022-11-26,port218,Cartagena,5,3,12621,2280,0,9265,0,3355,0,0,2280,0,0,0
2022-11-27,port218,Cartagena,10,6,24658,78841,0,22045,2613,0,0,48603,12738,12220,0,5279
2022-11-28,port218,Cartagena,15,8,181746,125277,0,21792,887,158241,824,0,21834,1457,101898,86
2022-11-29,port218,Cartagena,9,4,7674,96115,3849,2938,887,0,0,0,17516,2711,75886,0
2022-11-30,port218,Cartagena,9,6,31060,16115,11150,14638,0,5271,0,16000,0,0,114,0
2022-12-01,port218,Cartagena,6,5,5877,9949,0,5877,0,0,0,0,8776,1173,0,0
2022-12-02,port218,Cartagena,9,6,9879,4346,0,9460,0,418,0,0,4346,0,0,0
2022-12-03,port218,Cartagena,11,6,102178,12637,54109,41077,228,6762,0,5415,5283,1938,0,0
2022-12-04,port218,Cartagena,11,6,56724,52398,11150,21059,2790,21723,0,10456,9647,1457,30836,0
2022-12-05,port218,Cartagena,11,7,41967,52356,0,36317,887,0,4762,2080,5281,1457,43535,0
2022-12-06,port218,Cartagena,7,3,16577,43972,0,1268,209,14227,871,11650,1485,0,30836,0
2022-12-07,port218,Cartagena,10,5,30507,39845,11150,16668,0,2688,0,10456,25546,3507,335,0
2022-12-08,port218,Cartagena,8,5,21185,7853,0,8354,0,12831,0,0,7853,0,0,0
2022-12-09,port218,Cartagena,11,5,13168,17306,0,7239,4061,1867,0,0,12734,4572,0,0
2022-12-10,port218,Cartagena,7,5,17104,18918,0,7332,0,5271,4500,0,18803,0,114,0
2022-12-11,port218,Cartagena,12,8,29154,29232,0,24496,4658,0,0,0,27497,1734,0,0
2022-12-12,port218,Cartagena,11,7,73081,51324,39725,18240,887,14227,0,0,19029,1457,30836,0
2022-12-13,port218,Cartagena,8,3,22762,29087,1111,5877,0,14239,1533,0,15801,1461,11824,0
2022-12-14,port218,Cartagena,12,5,83524,54944,11150,6919,887,64566,0,10456,12193,1457,30836,0
2022-12-15,port218,Cartagena,11,8,29751,132709,0,17431,0,12320,0,0,27612,0,105097,0
2022-12-16,port218,Cartagena,14,8,8196,101406,0,0,1216,3014,3966,64429,23693,1457,11824,0
2022-12-17,port218,Cartagena,4,2,26750,10217,0,14416,0,12334,0,0,8844,0,0,1372
2022-12-18,port218,Cartagena,5,4,19123,13738,0,16109,0,3014,0,0,1913,0,11824,0
2022-12-19,port218,Cartagena,10,5,6414,65994,0,2645,0,3768,0,0,7290,0,58704,0
2022-12-20,port218,Cartagena,6,3,4300,61554,0,399,887,3014,0,0,2241,1457,57855,0
2022-12-21,port218,Cartagena,7,4,32678,84842,0,32678,0,0,0,8075,2280,0,74486,0
2022-12-22,port218,Cartagena,10,6,102027,34952,63885,18643,0,19498,0,0,4001,0,30951,0
2022-12-23,port218,Cartagena,13,8,27814,62902,0,7428,887,19498,0,0,28802,3148,30951,0
2022-12-24,port218,Cartagena,11,5,59118,46755,8079,36203,418,10263,4152,0,32992,1938,11824,0
2022-12-25,port218,Cartagena,10,6,14260,5338,0,7022,410,6826,0,0,3335,0,2003,0
2022-12-26,port218,Cartagena,9,7,7281,23932,0,6822,0,0,458,889,23042,0,0,0
2022-12-27,port218,Cartagena,8,3,43911,72372,576,35090,0,8244,0,39148,0,967,32257,0
2022-12-28,port218,Cartagena,9,7,21650,56126,0,21109,0,540,0,0,16878,0,39247,0
2022-12-29,port218,Cartagena,13,7,36479,34725,0,21954,297,14227,0,0,875,0,33849,0
2022-12-30,port218,Cartagena,8,6,4650,25804,0,2938,887,0,824,0,24260,1457,0,86
2022-12-31,port218,Cartagena,2,2,0,21600,0,0,0,0,0,0,21600,0,0,0
2023-01-01,port218,Cartagena,10,5,23199,50092,11150,4485,0,7102,461,29397,11990,0,8704,0
2023-01-02,port218,Cartagena,7,4,13886,21175,692,5877,0,7316,0,12635,8540,0,0,0
2023-01-03,port218,Cartagena,7,5,13192,74304,0,10554,0,0,2638,0,16813,0,57490,0
2023-01-04,port218,Cartagena,9,5,66780,34575,0,50822,1730,14227,0,0,2280,1457,30836,0
2023-01-05,port218,Cartagena,13,6,110035,9149,0,28241,887,80081,824,0,6084,2979,0,86
2023-01-06,port218,Cartagena,10,8,67142,23464,49229,17912,0,0,0,0,23017,0,447,0
2023-01-07,port218,Cartagena,9,6,4547,60759,0,4547,0,0,0,2814,54438,3507,0,0
2023-01-08,port218,Cartagena,7,4,18177,46820,0,0,3950,14227,0,0,12876,0,33944,0
2023-01-09,port218,Cartagena,14,7,17496,111630,0,6785,0,10201,508,4953,28718,0,77958,0
2023-01-10,port218,Cartagena,9,2,5097,49915,0,2938,0,2158,0,2657,3259,0,43998,0
2023-01-11,port218,Cartagena,10,4,46072,36625,0,24194,887,20165,824,0,1930,1457,33150,86
2023-01-12,port218,Cartagena,10,7,88670,17679,28893,24450,887,34439,0,0,16221,1457,0,0
2023-01-13,port218,Cartagena,14,8,28637,8311,0,11971,887,15779,0,0,6853,1457,0,0
2023-01-14,port218,Cartagena,9,5,15446,29441,0,12053,378,3014,0,12466,4561,588,11824,0
2023-01-15,port218,Cartagena,10,8,30179,55141,0,27393,2785,0,0,45411,9729,0,0,0
2023-01-16,port218,Cartagena,6,4,64535,6577,56401,8134,0,0,0,0,6130,0,447,0
2023-01-17,port218,Cartagena,6,2,21723,29512,11150,5301,0,5271,0,29397,0,0,114,0
2023-01-18,port218,Cartagena,10,6,44772,42292,32262,12510,0,0,0,30662,7508,4121,0,0
2023-01-19,port218,Cartagena,10,7,22898,49605,0,21186,887,0,824,0,15263,1457,32798,86
2023-01-20,port218,Cartagena,11,8,25582,16883,0,17350,1129,7102,0,0,15148,1734,0,0
2023-01-21,port218,Cartagena,10,6,20051,93530,0,17037,0,3014,0,0,8611,1690,83228,0
2023-01-22,port218,Cartagena,10,6,10542,20573,0,2213,1523,6805,0,9500,11072,0,0,0
2023-01-23,port218,Cartagena,9,6,14065,40619,0,6749,0,7316,0,0,6797,0,33822,0
2023-01-24,port218,Cartagena,10,5,31902,7180,2430,11899,0,14029,3543,0,3584,0,3509,86
2023-01-25,port218,Cartagena,9,5,21410,54969,0,20523,887,0,0,2521,9635,1457,41354,0
2023-01-26,port218,Cartagena,7,5,6836,58289,0,6836,0,0,0,0,14388,0,43901,0
2023-01-27,port218,Cartagena,16,8,34119,18135,0,27435,2265,0,4419,0,11863,2915,3355,0
2023-01-28,port218,Cartagena,10,6,22581,53131,0,7169,887,14524,0,0,16265,1457,35408,0
2023-01-29,port218,Cartagena,10,7,24681,18236,3487,10648,1368,9177,0,0,18236,0,0,0
2023-01-30,port218,Cartagena,12,5,43727,9496,29102,10129,2337,2158,0,0,4982,4513,0,0
2023-01-31,port218,Cartagena,6,5,8653,18358,0,6914,0,0,1739,0,18358,0,0,0
2023-02-01,port218,Cartagena,9,3,10130,148010,0,10130,0,0,0,39912,4561,0,103022,514
2023-02-02,port218,Cartagena,8,5,46173,11161,24168,8546,0,13457,0,6038,5123,0,0,0
2023-02-03,port218,Cartagena,12,6,22548,40784,0,15765,887,3014,2881,0,23426,1457,15813,86
2023-02-04,port218,Cartagena,7,6,22462,11870,0,22462,0,0,0,0,11870,0,0,0
2023-02-05,port218,Cartagena,12,9,46400,39919,7924,24248,0,14227,0,0,9082,0,30836,0
2023-02-06,port218,Cartagena,9,5,21383,14923,0,5193,887,15303,0,0,13466,1457,0,0
2023-02-07,port218,Cartagena,9,0,14173,88967,12119,0,0,0,2054,43713,0,1182,44071,0
2023-02-08,port218,Cartagena,6,4,13901,42592,0,13901,0,0,0,0,9888,0,32703,0
2023-02-09,port218,Cartagena,7,4,25489,555,0,9404,0,12985,3099,0,555,0,0,0
2023-02-10,port218,Cartagena,13,9,52069,20394,9822,28751,0,13496,0,0,20394,0,0,0
2023-02-11,port218,Cartagena,6,4,22927,1546,13432,9495,0,0,0,0,1546,0,0,0
2023-02-12,port218,Cartagena,11,7,20912,42518,0,17897,0,3014,0,18940,11753,0,11824,0
2023-02-13,port218,Cartagena,13,9,29726,53107,0,28162,887,677,0,0,10130,3123,39853,0
2023-02-14,port218,Cartagena,7,3,64552,8947,53307,9706,0,0,1538,0,3477,5469,0,0
2023-02-15,port218,Cartagena,6,4,12009,9693,0,8736,0,2255,1018,0,9693,0,0,0
2023-02-16,port218,Cartagena,8,3,10110,57670,0,3394,0,6715,0,0,1127,4188,52354,0
2023-02-17,port218,Cartagena,11,6,34166,55501,0,28666,228,5271,0,2297,5546,1938,45718,0
2023-02-18,port218,Cartagena,12,5,86655,66603,9506,3400,0,72443,1305,0,22672,3378,40552,0
2023-02-19,port218,Cartagena,8,6,23023,15377,0,23023,0,0,0,2668,9873,2836,0,0
2023-02-20,port218,Cartagena,12,8,19855,78665,0,10723,887,8244,0,56418,20789,1457,0,0
2023-02-21,port218,Cartagena,4,2,4784,8618,0,4784,0,0,0,6337,2280,0,0,0
2023-02-22,port218,Cartagena,8,3,44399,112636,35400,5984,0,3014,0,75909,2280,0,34446,0
2023-02-23,port218,Cartagena,10,7,19221,81272,0,18912,0,308,0,0,11251,0,70020,0
2023-02-24,port218,Cartagena,8,4,9142,13568,0,2938,0,5379,824,0,11748,1734,0,86
2023-02-25,port218,Cartagena,8,5,15446,38533,0,6040,228,9177,0,0,34876,1938,0,1717
2023-02-26,port218,Cartagena,7,5,7815,8146,0,5807,984,0,1023,0,8146,0,0,0
2023-02-27,port218,Cartagena,12,7,20691,46113,0,12487,887,7316,0,0,10580,1457,34075,0
2023-02-28,port218,Cartagena,9,3,21314,170519,0,10281,0,11033,0,0,1250,0,169269,0
2023-03-01,port218,Cartagena,5,3,35875,2280,14393,20676,806,0,0,0,2280,0,0,0
2023-03-02,port218,Cartagena,13,7,36893,41443,573,19817,10474,6028,0,0,17794,0,23649,0
2023-03-03,port218,Cartagena,8,5,21730,76668,0,16726,0,5004,0,0,11229,0,65439,0
2023-03-04,port218,Cartagena,15,7,50803,79138,21033,12497,887,16385,0,13270,31271,1457,30836,2302
2023-03-05,port218,Cartagena,10,9,16718,7257,0,16718,0,0,0,0,4784,2473,0,0
2023-03-06,port218,Cartagena,9,5,14421,23176,0,13534,887,0,0,0,20482,2000,693,0
2023-03-07,port218,Cartagena,7,3,29149,5796,0,6798,0,22351,0,0,4561,1234,0,0
2023-03-08,port218,Cartagena,12,7,23256,65322,0,11834,11422,0,0,54427,9437,1457,0,0
2023-03-09,port218,Cartagena,9,8,66811,11266,0,65924,887,0,0,0,9808,1457,0,0
2023-03-10,port218,Cartagena,14,8,49637,63931,13959,24418,0,11259,0,29397,22710,0,11824,0
2023-03-11,port218,Cartagena,2,2,13954,0,0,13954,0,0,0,0,0,0,0,0
2023-03-12,port218,Cartagena,12,6,25590,107688,0,23166,887,0,1536,0,14295,1457,91934,0
2023-03-13,port218,Cartagena,14,5,46679,149811,0,11822,0,33094,1761,1808,2280,1734,143987,0
2023-03-14,port218,Cartagena,11,4,12317,48993,0,4032,1774,6028,482,0,21792,3552,23649,0
2023-03-15,port218,Cartagena,8,4,13161,9232,0,3534,0,7316,2310,6343,0,0,2889,0
2023-03-16,port218,Cartagena,7,5,3911,26569,0,668,228,3014,0,0,12806,1938,11824,0
2023-03-17,port218,Cartagena,16,8,66985,17682,0,8320,887,54536,3240,0,16110,1457,114,0
2023-03-18,port218,Cartagena,6,4,17859,45888,12086,5772,0,0,0,0,5427,0,40461,0
2023-03-19,port218,Cartagena,11,7,30175,52290,3280,17205,0,9689,0,0,10154,0,42136,0
2023-03-20,port218,Cartagena,11,7,147862,22083,48454,24285,887,74235,0,0,20625,1457,0,0
2023-03-21,port218,Cartagena,8,4,11915,25750,0,8894,6,3014,0,2297,7796,3831,11824,0
2023-03-22,port218,Cartagena,7,2,35298,32671,30656,389,4253,0,0,29834,1171,1665,0,0
2023-03-23,port218,Cartagena,8,5,18311,59670,11150,7161,0,0,0,52419,7251,0,0,0
2023-03-24,port218,Cartagena,9,5,19104,173908,0,16090,0,3014,0,53492,13882,0,106532,0
2023-03-25,port218,Cartagena,11,8,32734,18316,0,18837,0,13897,0,13074,5126,0,114,0
2023-03-26,port218,Cartagena,8,4,111239,54800,0,14453,0,96785,0,0,5720,2497,46581,0
2023-03-27,port218,Cartagena,11,8,22132,58305,0,16659,5473,0,0,0,16822,1457,40025,0
2023-03-28,port218,Cartagena,4,2,6736,7163,0,6736,0,0,0,0,0,7163,0,0
2023-03-29,port218,Cartagena,8,4,29746,62202,0,28859,887,0,0,0,6932,5554,49715,0
2023-03-30,port218,Cartagena,14,7,62804,104112,42104,17685,0,3014,0,0,12794,1254,90064,0
2023-03-31,port218,Cartagena,9,6,23935,18943,0,17777,887,5271,0,0,15679,3148,114,0
2023-04-01,port218,Cartagena,10,7,27124,31216,11150,8658,0,7316,0,10456,20760,0,0,0
2023-04-02,port218,Cartagena,9,7,15049,885,0,10461,0,4588,0,0,885,0,0,0
2023-04-03,port218,Cartagena,15,9,84365,116476,11150,10374,0,62015,824,10456,34726,0,71207,86
2023-04-04,port218,Cartagena,10,5,31432,48048,11150,14253,0,6028,0,12754,10179,1465,23649,0
2023-04-05,port218,Cartagena,12,6,17236,69314,0,12971,4265,0,0,21774,12783,0,34757,0
2023-04-06,port218,Cartagena,9,6,3763,46199,0,2938,0,0,824,7238,28488,0,10387,86
2023-04-07,port218,Cartagena,21,13,46159,74040,0,43480,1203,963,512,0,23367,1457,49214,0
2023-04-08,port218,Cartagena,6,4,16687,17954,0,0,0,16687,0,0,17954,0,0,0
2023-04-09,port218,Cartagena,11,7,14362,15711,0,12713,1649,0,0,0,10258,5452,0,0
2023-04-10,port218,Cartagena,13,8,31035,38554,0,28843,181,0,2010,0,19067,1685,17800,0
2023-04-11,port218,Cartagena,6,3,42642,5402,9303,33339,0,0,0,0,2280,0,3121,0
2023-04-12,port218,Cartagena,9,3,27753,38461,9206,385,0,18161,0,25891,745,0,11824,0
2023-04-13,port218,Cartagena,9,6,14172,150639,0,7196,0,3014,3961,0,31713,0,118925,0
2023-04-14,port218,Cartagena,13,9,72363,20976,0,61380,4714,0,6268,0,19518,1457,0,0
2023-04-15,port218,Cartagena,9,4,2380,80596,0,0,0,2380,0,0,18295,0,62301,0
2023-04-16,port218,Cartagena,12,8,65067,3841,50376,10777,887,0,3026,0,2297,1457,0,86
2023-04-17,port218,Cartagena,8,6,11436,18150,0,7748,0,3688,0,0,18150,0,0,0
2023-04-18,port218,Cartagena,11,5,43685,135292,0,1614,3189,38881,0,2297,48003,1457,83533,0
2023-04-19,port218,Cartagena,9,3,70239,91437,0,10465,457,59315,0,0,4561,3877,82999,0
2023-04-20,port218,Cartagena,8,7,8948,21521,0,8948,0,0,0,0,20515,1005,0,0
2023-04-21,port218,Cartagena,9,7,17055,18202,0,16231,0,0,824,0,12424,5692,0,86
2023-04-22,port218,Cartagena,7,5,7780,43218,0,7780,0,0,0,0,41483,1734,0,0
2023-04-23,port218,Cartagena,12,6,113715,63725,0,13277,3416,93713,3307,17970,2281,0,43473,0
2023-04-24,port218,Cartagena,12,6,18026,71364,0,8007,1774,8244,0,28316,23498,2915,16634,0
2023-04-25,port218,Cartagena,4,4,7327,9069,0,7327,0,0,0,0,9069,0,0,0
2023-04-26,port218,Cartagena,10,6,5137,18698,0,5137,0,0,0,1786,15083,1829,0,0
2023-04-27,port218,Cartagena,11,9,34786,3663,0,33899,887,0,0,0,2205,1457,0,0
2023-04-28,port218,Cartagena,10,7,20978,57467,11150,6427,0,0,3399,10456,11848,0,35162,0
2023-04-29,port218,Cartagena,7,5,11146,54774,0,9955,1190,0,0,0,11747,0,43026,0
2023-04-30,port218,Cartagena,12,8,16067,26515,0,16067,0,0,0,0,19800,6715,0,0
2023-05-01,port218,Cartagena,11,7,35160,64531,0,16142,16365,2651,0,44061,20469,0,0,0
2023-05-02,port218,Cartagena,9,4,60447,86405,34610,18011,0,7316,508,0,8558,296,77551,0
2023-05-03,port218,Cartagena,11,6,21100,14479,0,12957,0,7223,919,8939,5540,0,0,0
2023-05-04,port218,Cartagena,13,10,29452,104008,0,26437,0,3014,0,66403,22334,0,11824,3445
2023-05-05,port218,Cartagena,19,9,108008,20277,0,13844,887,91971,1305,1638,13635,1457,3545,0
2023-05-06,port218,Cartagena,10,3,34174,66382,0,6934,0,27240,0,18940,4561,0,42879,0
2023-05-07,port218,Cartagena,9,8,14890,58421,0,14890,0,0,0,0,14250,0,44170,0
2023-05-08,port218,Cartagena,11,8,30839,17251,0,23008,1880,5949,0,0,17251,0,0,0
2023-05-09,port218,Cartagena,9,4,35449,50872,20035,14526,887,0,0,10456,11473,1457,27484,0
2023-05-10,port218,Cartagena,8,5,68861,24091,61007,7853,0,0,0,0,9716,2705,11669,0
2023-05-11,port218,Cartagena,12,8,25592,79648,0,25256,336,0,0,0,12863,3831,62953,0
2023-05-12,port218,Cartagena,6,3,13876,15158,0,2938,887,10050,0,0,13701,1457,0,0
2023-05-13,port218,Cartagena,6,4,23862,2280,0,16568,0,7294,0,0,2280,0,0,0
2023-05-14,port218,Cartagena,15,10,16861,32273,0,15974,887,0,0,778,23393,6077,2024,0
2023-05-15,port218,Cartagena,11,6,23583,58298,0,19948,0,1084,2551,0,8742,0,49556,0
2023-05-16,port218,Cartagena,6,3,40895,3884,0,39184,887,0,824,0,2340,1457,0,86
2023-05-17,port218,Cartagena,9,4,9722,42729,0,6894,887,0,1941,35248,2666,1457,3355,0
2023-05-18,port218,Cartagena,13,9,39626,70079,0,38470,1155,0,0,0,23754,1734,44590,0
2023-05-19,port218,Cartagena,11,8,19983,9163,0,19983,0,0,0,2143,5224,1795,0,0
2023-05-20,port218,Cartagena,5,3,16573,9172,0,14635,0,0,1937,0,2280,0,6891,0
2023-05-21,port218,Cartagena,13,8,32294,15260,13850,17556,887,0,0,0,8779,6480,0,0
2023-05-22,port218,Cartagena,10,7,12359,141370,0,12359,0,0,0,15929,6606,0,118834,0
2023-05-23,port218,Cartagena,8,4,50594,52192,0,21248,0,26786,2559,0,6191,0,46000,0
2023-05-24,port218,Cartagena,11,7,17683,14291,0,12476,887,4319,0,0,12834,1457,0,0
2023-05-25,port218,Cartagena,13,8,23498,69743,4819,16967,887,0,824,12185,20975,1457,35038,86
2023-05-26,port218,Cartagena,8,5,32075,29465,0,16873,0,15201,0,11979,1775,0,15711,0
2023-05-27,port218,Cartagena,12,6,19018,28760,0,9249,887,8881,0,6343,18666,3123,627,0
2023-05-28,port218,Cartagena,11,10,25783,18352,0,25783,0,0,0,0,14996,0,3355,0
2023-05-29,port218,Cartagena,5,4,9017,17985,0,9017,0,0,0,0,12481,5503,0,0
2023-05-30,port218,Cartagena,13,6,57929,59959,44842,3620,0,7259,2206,19106,19301,139,21326,86
2023-05-31,port218,Cartagena,11,7,89581,20842,82428,7152,0,0,0,0,20842,0,0,0
2023-06-01,port218,Cartagena,11,4,26734,78656,0,2938,887,22909,0,12941,14300,1457,49083,872
2023-06-02,port218,Cartagena,10,8,112462,7990,0,30904,0,81558,0,0,7990,0,0,0
2023-06-03,port218,Cartagena,4,3,20743,6046,0,12498,0,8244,0,0,6046,0,0,0
2023-06-04,port218,Cartagena,10,7,20258,46674,9307,10063,887,0,0,0,10697,1457,34519,0
2023-06-05,port218,Cartagena,13,6,21353,84624,0,12096,0,9257,0,54556,4163,1734,24169,0
2023-06-06,port218,Cartagena,7,5,0,101566,0,0,0,0,0,0,20265,0,81301,0
2023-06-07,port218,Cartagena,8,6,10774,8718,0,10545,228,0,0,0,6779,1938,0,0
2023-06-08,port218,Cartagena,9,5,11844,13448,0,2654,0,7316,1874,0,11051,2396,0,0
2023-06-09,port218,Cartagena,16,10,36873,66123,0,32066,0,4806,0,1638,12768,0,51717,0
2023-06-10,port218,Cartagena,8,6,18432,108204,0,15861,0,0,2571,65874,42329,0,0,0
2023-06-11,port218,Cartagena,13,9,26319,29107,0,19712,887,5719,0,0,15824,1457,11824,0
2023-06-12,port218,Cartagena,9,5,9340,49857,0,6930,2230,179,0,0,10897,2193,36765,0
2023-06-13,port218,Cartagena,4,4,3355,10078,0,3355,0,0,0,0,10078,0,0,0
2023-06-14,port218,Cartagena,12,4,40521,1543,1470,15804,17481,5764,0,0,1543,0,0,0
2023-06-15,port218,Cartagena,9,6,1533,91628,0,646,887,0,0,0,15153,1457,75016,0
2023-06-16,port218,Cartagena,16,8,42978,124948,0,17145,1835,23996,0,0,19906,1690,103350,0
2023-06-17,port218,Cartagena,3,2,2938,20832,0,2938,0,0,0,17288,3544,0,0,0
2023-06-18,port218,Cartagena,18,10,35246,41459,0,26968,7818,0,459,11650,24514,1938,3355,0
2023-06-19,port218,Cartagena,10,6,33336,7170,17257,11858,887,3333,0,0,5712,1457,0,0
2023-06-20,port218,Cartagena,10,5,38243,98074,2271,24712,0,11259,0,0,0,4525,93549,0
2023-06-21,port218,Cartagena,10,6,26984,20401,0,9831,0,17152,0,0,17200,3200,0,0
2023-06-22,port218,Cartagena,8,7,18971,6820,0,18084,887,0,0,0,5362,1457,0,0
2023-06-23,port218,Cartagena,13,9,46922,78625,0,46097,0,0,824,2143,29932,0,46463,86
2023-06-24,port218,Cartagena,10,4,124777,53504,0,1937,2801,120039,0,0,17752,1457,34293,0
2023-06-25,port218,Cartagena,10,6,47109,108054,0,33084,0,10275,3749,0,7655,0,100398,0
2023-06-26,port218,Cartagena,12,8,54047,85943,0,13735,0,40312,0,51424,22694,0,11824,0
2023-06-27,port218,Cartagena,4,4,2592,9100,0,2592,0,0,0,0,9100,0,0,0
2023-06-28,port218,Cartagena,7,5,12189,5982,0,11302,887,0,0,0,4524,1457,0,0
2023-06-29,port218,Cartagena,16,8,29069,100992,0,9520,4303,14227,1017,556,16927,6170,77337,0
2023-06-30,port218,Cartagena,12,9,56223,12060,0,55398,0,0,824,0,6927,1690,3355,86
2023-07-01,port218,Cartagena,9,6,26142,70018,0,25977,164,0,0,48803,14756,0,6458,0
2023-07-02,port218,Cartagena,6,6,6147,5956,0,6147,0,0,0,0,5956,0,0,0
2023-07-03,port218,Cartagena,11,7,60312,98560,0,57073,887,2352,0,17288,5302,1457,74512,0
2023-07-04,port218,Cartagena,5,4,2938,18278,0,2938,0,0,0,2814,15464,0,0,0
2023-07-05,port218,Cartagena,9,6,13740,61849,0,10726,0,3014,0,0,12111,0,49738,0
2023-07-06,port218,Cartagena,14,8,66964,124434,55060,7149,887,0,3867,10456,13011,1457,99509,0
2023-07-07,port218,Cartagena,8,6,29508,12242,0,24763,0,4745,0,0,12242,0,0,0
2023-07-08,port218,Cartagena,12,8,29041,25869,0,17360,887,9769,1025,0,24132,1736,0,0
2023-07-09,port218,Cartagena,9,8,25582,8008,0,11810,0,13771,0,0,8008,0,0,0
2023-07-10,port218,Cartagena,17,7,100918,135268,53998,9694,1774,35450,0,60415,29837,2915,42099,0
2023-07-11,port218,Cartagena,8,3,5321,19928,0,2938,470,0,1912,2297,17630,0,0,0
2023-07-12,port218,Cartagena,12,4,17419,23664,0,8484,3548,3014,2372,0,2887,8952,11824,0
2023-07-13,port218,Cartagena,13,8,15215,34138,2022,5877,0,7316,0,10992,19728,3417,0,0
2023-07-14,port218,Cartagena,11,8,33545,55413,0,29623,887,0,3034,0,16568,1457,37387,0
2023-07-15,port218,Cartagena,6,3,27855,2811,0,25160,0,2694,0,0,2280,530,0,0
2023-07-16,port218,Cartagena,8,7,26843,52733,0,26843,0,0,0,0,5666,0,47067,0
2023-07-17,port218,Cartagena,8,6,60354,13104,29923,24273,0,6157,0,0,13104,0,0,0
2023-07-18,port218,Cartagena,7,5,53690,17465,44749,8941,0,0,0,0,16700,0,764,0
2023-07-19,port218,Cartagena,10,5,6339,208702,0,3325,0,3014,0,52747,22378,0,133577,0
2023-07-20,port218,Cartagena,10,5,14550,37778,3140,8053,3355,0,0,16299,16094,2028,3355,0
2023-07-21,port218,Cartagena,10,6,104405,18615,0,23512,887,77619,2385,0,17157,1457,0,0
2023-07-22,port218,Cartagena,10,6,13664,73390,0,11809,1854,0,0,0,26897,1457,45034,0
2023-07-23,port218,Cartagena,11,8,17282,41199,0,12277,0,5004,0,0,19873,0,21326,0
2023-07-24,port218,Cartagena,13,8,72100,27781,0,17799,887,53414,0,0,26323,1457,0,0
2023-07-25,port218,Cartagena,5,3,0,47757,0,0,0,0,0,33466,14290,0,0,0
2023-07-26,port218,Cartagena,8,6,8868,17493,0,6958,887,0,1023,0,16035,1457,0,0
2023-07-27,port218,Cartagena,14,7,27558,94166,0,14349,0,11367,1842,2143,15867,0,76154,0
2023-07-28,port218,Cartagena,8,8,8711,19796,0,8711,0,0,0,0,19796,0,0,0
2023-07-29,port218,Cartagena,10,6,36561,26154,0,25551,0,11009,0,1786,9695,0,14672,0
2023-07-30,port218,Cartagena,10,8,14669,32217,0,11537,0,3132,0,0,16073,0,16144,0
2023-07-31,port218,Cartagena,10,5,23920,7736,0,18227,1774,3919,0,0,4820,2915,0,0
2023-08-01,port218,Cartagena,4,3,12355,12702,0,12355,0,0,0,0,11012,1690,0,0
2023-08-02,port218,Cartagena,7,5,21839,8311,0,13314,280,8244,0,0,8311,0,0,0
2023-08-03,port218,Cartagena,10,9,8700,29460,0,8700,0,0,0,14275,15185,0,0,0
2023-08-04,port218,Cartagena,13,7,47977,67734,0,33314,0,14227,435,28606,8290,0,30836,0
2023-08-05,port218,Cartagena,10,6,20917,43308,0,20917,0,0,0,0,38285,4561,0,461
2023-08-06,port218,Cartagena,8,7,6216,12193,0,6216,0,0,0,0,10458,1734,0,0
2023-08-07,port218,Cartagena,16,9,58657,62918,29560,10614,4435,13591,457,39156,23761,0,0,0
2023-08-08,port218,Cartagena,8,4,1329,63602,0,442,887,0,0,0,8728,1457,53416,0
2023-08-09,port218,Cartagena,11,6,67724,26549,22300,45423,0,0,0,20912,2280,0,3355,0
2023-08-10,port218,Cartagena,12,9,29791,51708,4530,10239,793,14227,0,0,20872,0,30836,0
2023-08-11,port218,Cartagena,11,7,21264,58051,0,20377,887,0,0,2143,18379,1457,36070,0
2023-08-12,port218,Cartagena,6,5,23518,27622,0,15278,0,8239,0,0,27622,0,0,0
2023-08-13,port218,Cartagena,12,6,43914,38588,25203,6641,0,10532,1536,34517,4070,0,0,0
2023-08-14,port218,Cartagena,11,4,22889,94488,0,9856,0,10330,2702,0,5775,0,88712,0
2023-08-15,port218,Cartagena,9,6,18877,27039,12157,3937,890,1890,0,0,27039,0,0,0
2023-08-16,port218,Cartagena,8,5,39039,85150,0,36465,0,0,2574,0,6782,0,78367,0
2023-08-17,port218,Cartagena,13,7,55150,65087,45446,8816,887,0,0,37232,23264,1457,3131,0
2023-08-18,port218,Cartagena,5,4,885,5662,0,258,0,627,0,0,5662,0,0,0
2023-08-19,port218,Cartagena,8,3,42387,28735,0,18474,887,21015,2010,0,23921,1457,3355,0
2023-08-20,port218,Cartagena,9,9,15905,13145,0,15905,0,0,0,0,13145,0,0,0
2023-08-21,port218,Cartagena,9,5,78841,19770,0,7254,887,70700,0,0,12259,7510,0,0
2023-08-22,port218,Cartagena,8,5,12356,17064,0,4686,0,7670,0,0,15373,1690,0,0
2023-08-23,port218,Cartagena,7,6,10055,13736,5840,4215,0,0,0,0,13736,0,0,0
2023-08-24,port218,Cartagena,15,12,23818,115158,0,22799,0,0,1019,0,28330,11171,75656,0
2023-08-25,port218,Cartagena,12,7,61975,80861,0,58822,887,2265,0,0,4296,1457,75107,0
2023-08-26,port218,Cartagena,11,4,31905,125676,0,28884,6,3014,0,65038,5901,3831,50905,0
2023-08-27,port218,Cartagena,7,6,32775,10566,0,32775,0,0,0,2143,8423,0,0,0
2023-08-28,port218,Cartagena,11,7,51112,65610,28948,7111,0,14227,824,11979,22708,0,30836,86
2023-08-29,port218,Cartagena,12,6,22055,82247,0,0,0,21543,511,13516,34538,0,34192,0
2023-08-30,port218,Cartagena,9,6,10775,74605,0,6873,887,3014,0,0,18096,1457,55051,0
2023-08-31,port218,Cartagena,12,7,48270,20547,3467,29361,887,14554,0,0,11684,8862,0,0
2023-09-01,port218,Cartagena,8,5,52404,40798,0,51516,887,0,0,17618,21721,1457,0,0
2023-09-02,port218,Cartagena,8,4,27970,50597,5340,16488,0,6140,0,0,9364,1690,39542,0
2023-09-03,port218,Cartagena,8,7,7976,32523,0,4576,0,0,3399,0,32523,0,0,0
2023-09-04,port218,Cartagena,8,7,20831,20196,0,12586,0,8244,0,0,20196,0,0,0
2023-09-05,port218,Cartagena,12,7,31129,39343,17340,5142,0,8646,0,0,15088,2928,21326,0
2023-09-06,port218,Cartagena,10,5,10273,50163,0,8735,228,0,1309,0,6320,3673,40083,86
2023-09-07,port218,Cartagena,11,9,26536,28245,0,11851,3101,11582,0,0,28245,0,0,0
2023-09-08,port218,Cartagena,10,6,17820,36946,0,14805,0,3014,0,2668,22453,0,11824,0
2023-09-09,port218,Cartagena,6,4,17083,49906,0,17083,0,0,0,0,6866,0,43039,0
2023-09-10,port218,Cartagena,17,9,40716,53255,0,23560,970,15361,824,2297,10787,0,40083,86
2023-09-11,port218,Cartagena,10,9,11230,15887,0,10343,887,0,0,0,14429,1457,0,0
2023-09-12,port218,Cartagena,6,3,7527,69893,0,2938,0,4588,0,53700,16192,0,0,0
2023-09-13,port218,Cartagena,10,6,90478,5180,9266,43370,655,37185,0,0,4792,387,0,0
2023-09-14,port218,Cartagena,7,6,20488,51012,0,20488,0,0,0,0,14585,0,36427,0
2023-09-15,port218,Cartagena,10,6,60097,42752,0,327,0,59770,0,0,11916,0,30836,0
2023-09-16,port218,Cartagena,11,7,18008,42893,0,9126,0,8881,0,18279,24614,0,0,0
2023-09-17,port218,Cartagena,13,7,21663,14884,0,18452,2126,1084,0,10662,2763,1457,0,0
2023-09-18,port218,Cartagena,13,7,26635,13117,0,15447,6,10156,1025,0,9286,3831,0,0
2023-09-19,port218,Cartagena,8,4,23416,116035,0,22528,887,0,0,61701,9435,1457,43439,0
2023-09-20,port218,Cartagena,11,7,85551,156022,0,11244,0,74306,0,58650,14772,0,82599,0
2023-09-21,port218,Cartagena,11,8,4905,34197,0,2938,887,1080,0,0,31004,3192,0,0
2023-09-22,port218,Cartagena,7,4,6747,22962,0,5206,0,0,1540,1786,13555,0,7620,0
2023-09-23,port218,Cartagena,8,5,31869,11981,0,18682,0,13186,0,0,7446,4534,0,0
2023-09-24,port218,Cartagena,9,6,14942,5597,0,13488,629,0,824,0,5511,0,0,86
2023-09-25,port218,Cartagena,10,7,25566,13408,0,21401,887,2255,1023,0,11950,1457,0,0
2023-09-26,port218,Cartagena,8,6,6755,21575,0,6693,61,0,0,0,18828,2746,0,0
2023-09-27,port218,Cartagena,12,5,60521,19301,30666,28968,887,0,0,2143,15187,1457,0,511
2023-09-28,port218,Cartagena,11,8,21184,18761,0,21184,0,0,0,0,18761,0,0,0
2023-09-29,port218,Cartagena,9,6,44092,12626,20244,23848,0,0,0,0,9270,0,3355,0
2023-09-30,port218,Cartagena,11,5,33869,76292,0,9328,887,22829,824,18279,25632,1457,30836,86
2023-10-01,port218,Cartagena,11,6,47621,28445,0,10170,887,36563,0,0,6067,16190,5677,511
2023-10-02,port218,Cartagena,10,7,27448,23344,0,17150,0,9473,824,0,20550,2707,0,86
2023-10-03,port218,Cartagena,11,8,11971,69871,0,8069,887,3014,0,0,11048,1457,57364,0
2023-10-04,port218,Cartagena,11,6,33566,14178,8729,20723,887,3225,0,0,6695,7483,0,0
2023-10-05,port218,Cartagena,10,7,53036,17571,0,40541,0,12495,0,0,17300,271,0,0
2023-10-06,port218,Cartagena,10,7,91049,14534,55320,13097,0,22631,0,0,14534,0,0,0
2023-10-07,port218,Cartagena,8,5,24722,56857,0,24722,0,0,0,0,19561,1734,35561,0
2023-10-08,port218,Cartagena,10,6,10928,99697,0,10041,887,0,0,0,15854,1457,82385,0
2023-10-09,port218,Cartagena,15,7,97512,85831,57478,29758,0,10275,0,14273,13406,0,58151,0
2023-10-10,port218,Cartagena,12,7,7757,18328,0,4767,6,2158,824,0,12633,5608,0,86
2023-10-11,port218,Cartagena,10,5,47751,23071,0,41070,2643,3014,1021,0,6842,4405,11824,0
2023-10-12,port218,Cartagena,8,6,18584,31543,11150,6546,887,0,0,10456,19629,1457,0,0
2023-10-13,port218,Cartagena,11,8,66199,36318,0,52394,0,13804,0,0,31511,0,4807,0
2023-10-14,port218,Cartagena,9,5,118892,52559,0,29708,0,89183,0,2143,16119,3459,30836,0
2023-10-15,port218,Cartagena,9,7,5877,23115,0,5877,0,0,0,330,22785,0,0,0
2023-10-16,port218,Cartagena,11,7,30004,17768,0,22859,0,7145,0,0,10851,6459,0,457
2023-10-17,port218,Cartagena,10,5,14843,24751,0,0,0,12959,1883,0,17211,0,7539,0
2023-10-18,port218,Cartagena,11,8,38035,54998,0,38035,0,0,0,559,17498,0,36427,513
2023-10-19,port218,Cartagena,10,5,10767,138382,0,2938,0,7316,512,0,23769,0,114612,0
2023-10-20,port218,Cartagena,11,8,18908,55684,0,18021,887,0,0,0,15459,1457,38767,0
2023-10-21,port218,Cartagena,9,7,68059,27846,29350,37883,0,0,824,0,27760,0,0,86
2023-10-22,port218,Cartagena,10,6,17497,13256,0,3748,0,13748,0,0,4247,0,9009,0
2023-10-23,port218,Cartagena,10,6,14806,43733,0,4143,4303,6359,0,0,20949,1457,21326,0
2023-10-24,port218,Cartagena,10,5,23377,115399,0,20592,228,0,2555,37804,16547,1938,59108,0
2023-10-25,port218,Cartagena,5,2,12871,5196,0,3426,1774,7670,0,0,2280,2915,0,0
2023-10-26,port218,Cartagena,13,10,65074,12548,0,25541,887,38645,0,0,11090,1457,0,0
2023-10-27,port218,Cartagena,11,7,31359,80837,0,20278,887,10194,0,64112,15267,1457,0,0
2023-10-28,port218,Cartagena,9,7,24398,6969,0,24398,0,0,0,0,3613,0,3355,0
2023-10-29,port218,Cartagena,7,5,7962,23071,0,4061,887,3014,0,0,9788,1457,11824,0
2023-10-30,port218,Cartagena,12,8,34303,53816,11162,22253,887,0,0,0,15931,1457,36427,0
2023-10-31,port218,Cartagena,8,6,36097,28418,11150,16702,0,8244,0,10456,17961,0,0,0
2023-11-01,port218,Cartagena,7,4,14159,11407,0,8094,887,5178,0,0,9949,1457,0,0
2023-11-02,port218,Cartagena,12,8,54732,27781,0,54732,0,0,0,18279,9502,0,0,0
2023-11-03,port218,Cartagena,9,7,32488,8698,0,31998,6,0,483,0,4867,3831,0,0
2023-11-04,port218,Cartagena,8,6,16990,48164,0,16103,887,0,0,0,13595,1457,33112,0
2023-11-05,port218,Cartagena,13,7,29021,67894,2384,23643,0,2993,0,0,21173,1690,45029,0
2023-11-06,port218,Cartagena,9,5,15665,11584,0,14265,887,0,512,2297,7828,1457,0,0
2023-11-07,port218,Cartagena,8,6,5604,18270,0,5604,0,0,0,6954,9581,1734,0,0
2023-11-08,port218,Cartagena,10,6,13975,11690,0,7514,0,6461,0,0,11528,161,0,0
2023-11-09,port218,Cartagena,12,6,129983,33016,0,18424,887,110672,0,0,6877,1457,24681,0
2023-11-10,port218,Cartagena,10,6,44227,58509,0,43667,560,0,0,0,17897,0,40612,0
2023-11-11,port218,Cartagena,8,5,17449,11493,0,9192,0,5392,2864,0,9682,1810,0,0
2023-11-12,port218,Cartagena,12,7,85211,10302,0,4681,8705,71823,0,0,8364,1938,0,0
2023-11-13,port218,Cartagena,13,9,27776,20038,0,24804,887,2085,0,0,18580,1457,0,0
2023-11-14,port218,Cartagena,7,5,20227,16601,0,20227,0,0,0,0,15554,1047,0,0
2023-11-15,port218,Cartagena,10,6,93665,90651,20791,36545,887,35442,0,0,19404,1457,69789,0
2023-11-16,port218,Cartagena,10,6,35073,70366,0,11949,0,23123,0,0,5896,0,64470,0
2023-11-17,port218,Cartagena,13,6,8525,112096,0,7531,0,993,0,55728,12886,1665,41815,0
2023-11-18,port218,Cartagena,10,6,23199,25282,0,22312,887,0,0,0,18138,3787,3355,0
2023-11-19,port218,Cartagena,9,8,4332,20496,0,4332,0,0,0,0,20163,0,332,0
2023-11-20,port218,Cartagena,9,5,38005,85020,10894,26286,0,0,824,0,13543,0,71390,86
2023-11-21,port218,Cartagena,5,4,12950,5272,0,12950,0,0,0,0,5272,0,0,0
2023-11-22,port218,Cartagena,7,6,23684,3819,0,22141,0,0,1543,0,3819,0,0,0
2023-11-23,port218,Cartagena,13,6,69718,67782,42128,26702,887,0,0,18015,8624,2961,38181,0
2023-11-24,port218,Cartagena,10,7,33265,42351,0,27237,0,6028,0,0,16967,1734,23649,0
2023-11-25,port218,Cartagena,11,7,59482,29048,47343,6959,0,5178,0,0,23618,5429,0,0
2023-11-26,port218,Cartagena,12,8,81583,15407,0,58475,0,23107,0,0,13780,0,1626,0
2023-11-27,port218,Cartagena,12,7,8701,78664,0,5877,887,0,1937,0,35153,3123,40387,0
2023-11-28,port218,Cartagena,8,6,3934,20256,0,3504,0,430,0,0,20256,0,0,0
2023-11-29,port218,Cartagena,9,5,32013,68214,0,31119,893,0,0,11979,9816,5288,41130,0
2023-11-30,port218,Cartagena,8,6,34295,499,0,34295,0,0,0,499,0,0,0,0
2023-12-01,port218,Cartagena,12,7,20879,21293,13969,4677,887,1345,0,0,16479,1457,3355,0
2023-12-02,port218,Cartagena,12,8,28575,21522,0,23905,887,3782,0,0,19924,1597,0,0
2023-12-03,port218,Cartagena,7,6,3687,17362,0,3687,0,0,0,0,13537,3825,0,0
2023-12-04,port218,Cartagena,9,6,3449,110838,0,2938,0,0,510,56202,13505,0,41130,0
2023-12-05,port218,Cartagena,11,7,18409,27878,0,8066,6,9313,1023,0,24046,3831,0,0
2023-12-06,port218,Cartagena,10,8,22260,36694,0,22260,0,0,0,18940,17753,0,0,0
2023-12-07,port218,Cartagena,12,7,23335,80147,0,18582,887,0,3866,0,10003,1457,68599,86
2023-12-08,port218,Cartagena,15,7,19053,135759,2591,6708,831,8921,0,27542,32366,1690,74158,0
2023-12-09,port218,Cartagena,8,5,56579,63137,0,52790,6,3782,0,0,17744,3831,41561,0
2023-12-10,port218,Cartagena,13,7,131153,46192,0,25299,887,103433,1533,0,13898,1457,30836,0
2023-12-11,port218,Cartagena,11,8,17705,27715,0,7345,887,9473,0,0,24901,2813,0,0
2023-12-12,port218,Cartagena,12,5,81747,35535,11150,22519,0,48077,0,12754,22781,0,0,0
2023-12-13,port218,Cartagena,5,5,11816,12312,0,11816,0,0,0,0,12312,0,0,0
2023-12-14,port218,Cartagena,10,9,14218,16440,0,14218,0,0,0,0,16238,201,0,0
2023-12-15,port218,Cartagena,12,7,44231,125864,0,30003,0,14227,0,1174,5551,0,119138,0
2023-12-16,port218,Cartagena,6,5,34984,14121,0,18847,0,16136,0,0,14121,0,0,0
2023-12-17,port218,Cartagena,11,7,25411,112056,0,22397,0,3014,0,12483,6063,0,93510,0
2023-12-18,port218,Cartagena,14,9,29577,25254,0,23517,887,5172,0,0,7561,5868,11824,0
2023-12-19,port218,Cartagena,13,6,25417,83540,3799,18226,3391,0,0,26298,4991,2302,49947,0
2023-12-20,port218,Cartagena,7,4,5877,120204,0,5877,0,0,0,0,5701,0,114503,0
2023-12-21,port218,Cartagena,12,7,41997,85833,11150,29959,887,0,0,22106,20706,1457,41561,0
2023-12-22,port218,Cartagena,8,5,10867,13898,2420,7963,0,0,483,0,13898,0,0,0
2023-12-23,port218,Cartagena,8,5,28061,31931,0,20745,0,7316,0,1490,20106,0,10335,0
2023-12-24,port218,Cartagena,16,9,38923,111872,0,11325,16343,11254,0,19609,31464,1457,59341,0
2023-12-25,port218,Cartagena,9,7,33537,102895,0,33537,0,0,0,0,11429,0,91465,0
2023-12-26,port218,Cartagena,8,5,26373,26634,0,13086,0,13286,0,0,14810,0,11824,0
2023-12-27,port218,Cartagena,9,7,20693,18545,0,19806,887,0,0,0,16946,1599,0,0
2023-12-28,port218,Cartagena,11,8,19717,15275,0,14217,228,5271,0,0,6498,1938,6838,0
2023-12-29,port218,Cartagena,17,9,46437,61430,0,40762,2661,3014,0,0,19024,5639,36766,0
2023-12-30,port218,Cartagena,6,5,22203,4561,0,22203,0,0,0,0,4561,0,0,0
2023-12-31,port218,Cartagena,12,7,54362,43261,8844,29516,1774,14227,0,0,9508,2915,30836,0
2024-01-01,port218,Cartagena,8,2,75443,35707,0,5877,1380,68184,0,31146,4561,0,0,0
2024-01-02,port218,Cartagena,10,6,19799,40802,11150,5498,0,3150,0,12754,19769,5925,2353,0
2024-01-03,port218,Cartagena,8,6,20144,22585,0,15371,0,4772,0,0,22585,0,0,0
2024-01-04,port218,Cartagena,12,8,16623,35620,0,11238,0,2974,2410,0,16559,0,19061,0
2024-01-05,port218,Cartagena,10,5,109774,14833,72132,26928,3830,6882,0,0,13375,1457,0,0
2024-01-06,port218,Cartagena,8,7,7250,26787,0,7250,0,0,0,0,24864,1923,0,0
2024-01-07,port218,Cartagena,7,7,10009,8413,0,10009,0,0,0,0,8413,0,0,0
2024-01-08,port218,Cartagena,9,7,26854,34642,0,26029,0,0,824,1638,32918,0,0,86
2024-01-09,port218,Cartagena,8,4,14213,26562,0,5597,228,8387,0,11543,13081,1938,0,0
2024-01-10,port218,Cartagena,10,6,61513,30120,0,52917,887,7708,0,0,12957,1457,15705,0
2024-01-11,port218,Cartagena,13,6,26130,98496,0,16730,887,7688,824,18279,3796,1457,74876,86
2024-01-12,port218,Cartagena,16,9,58325,26901,0,37854,4432,13075,2961,611,22866,3396,0,27
2024-01-13,port218,Cartagena,11,9,27713,18111,0,27713,0,0,0,4838,9917,0,3355,0
2024-01-14,port218,Cartagena,10,6,62907,17777,29524,25519,0,7864,0,11650,4776,1350,0,0
2024-01-15,port218,Cartagena,12,6,25764,23578,11150,7535,887,5271,920,10456,11549,1457,114,0
2024-01-16,port218,Cartagena,10,5,31874,55921,11150,10128,1418,9177,0,10456,44006,1457,0,0
2024-01-17,port218,Cartagena,13,5,55057,88178,0,38587,7207,9262,0,1490,25124,5288,56274,0
2024-01-18,port218,Cartagena,11,8,17679,15825,1642,15150,887,0,0,0,14367,1457,0,0
2024-01-19,port218,Cartagena,12,7,23010,67034,0,17061,0,5124,824,0,22327,0,44621,86
2024-01-20,port218,Cartagena,8,6,9861,11006,0,7703,0,2158,0,2297,8708,0,0,0
2024-01-21,port218,Cartagena,7,6,25684,51542,0,25684,0,0,0,0,19269,0,32273,0
2024-01-22,port218,Cartagena,9,5,10125,85250,0,6223,887,3014,0,0,11616,1457,72176,0
2024-01-23,port218,Cartagena,9,7,27630,56243,0,26743,887,0,0,0,12248,1457,42536,0
2024-01-24,port218,Cartagena,8,4,15138,86749,0,6512,0,8626,0,82562,4186,0,0,0
2024-01-25,port218,Cartagena,14,8,34287,75982,0,22049,0,9687,2550,0,13011,2034,60936,0
2024-01-26,port218,Cartagena,10,7,16909,84452,0,9593,0,7316,0,60843,21149,2459,0,0
2024-01-27,port218,Cartagena,11,8,38421,81838,0,38421,0,0,0,18279,21022,0,42536,0
2024-01-28,port218,Cartagena,10,7,8885,21392,0,2727,887,5271,0,0,18153,3123,114,0
2024-01-29,port218,Cartagena,9,6,79174,18380,31092,11386,0,36696,0,0,18380,0,0,0
2024-01-30,port218,Cartagena,11,7,22553,46868,0,12277,0,10275,0,0,11830,0,35037,0
2024-01-31,port218,Cartagena,8,6,23052,91051,0,10786,0,12265,0,0,5105,0,85945,0
2024-02-01,port218,Cartagena,9,7,18925,27546,0,18038,887,0,0,11561,14527,1457,0,0
2024-02-02,port218,Cartagena,14,10,87148,30684,0,12505,887,73756,0,0,25870,1457,3355,0
2024-02-03,port218,Cartagena,5,4,41175,13842,0,35732,5443,0,0,0,13842,0,0,0
2024-02-04,port218,Cartagena,10,7,6443,35960,0,3436,2578,428,0,0,34941,0,0,1018
2024-02-05,port218,Cartagena,12,7,23775,54840,0,20285,887,2168,434,0,14452,1457,38929,0
2024-02-06,port218,Cartagena,13,8,31517,45265,0,23626,0,7065,824,12307,21047,0,11824,86
2024-02-07,port218,Cartagena,8,5,18048,26480,0,10377,0,7670,0,0,17071,9408,0,0
2024-02-08,port218,Cartagena,10,7,21071,10223,0,21071,0,0,0,2297,7925,0,0,0
2024-02-09,port218,Cartagena,13,7,11376,43175,5296,3480,1774,0,824,0,18321,9063,15705,86
2024-02-10,port218,Cartagena,12,7,87644,67427,0,15439,228,71976,0,46954,18534,1938,0,0
2024-02-11,port218,Cartagena,10,4,84594,10907,46269,4044,0,34280,0,0,10907,0,0,0
2024-02-12,port218,Cartagena,11,7,32187,45684,0,30123,2063,0,0,0,6237,1259,38187,0
2024-02-13,port218,Cartagena,8,6,5877,34591,0,5877,0,0,0,0,31043,3548,0,0
2024-02-14,port218,Cartagena,14,9,21958,61975,0,21071,887,0,0,18279,13317,1457,28920,0
2024-02-15,port218,Cartagena,8,6,100448,7803,49649,50798,0,0,0,0,7803,0,0,0
2024-02-16,port218,Cartagena,11,8,44755,97632,0,25256,0,19498,0,60493,6188,0,30951,0
2024-02-17,port218,Cartagena,10,5,51756,6887,0,48140,394,2736,484,2668,2280,1938,0,0
2024-02-18,port218,Cartagena,14,7,36853,76841,0,20914,887,14227,824,0,14402,1457,60894,86
2024-02-19,port218,Cartagena,8,7,29610,16949,0,24339,0,5271,0,0,16834,0,114,0
2024-02-20,port218,Cartagena,9,6,19704,89137,13346,6351,6,0,0,0,13835,3831,71471,0
2024-02-21,port218,Cartagena,14,6,53090,57719,0,47950,814,4325,0,0,18952,6939,31828,0
2024-02-22,port218,Cartagena,7,7,10735,19824,0,10735,0,0,0,0,19824,0,0,0
2024-02-23,port218,Cartagena,14,9,24162,69481,11150,12125,887,0,0,10456,14864,1457,42702,0
2024-02-24,port218,Cartagena,9,8,23282,28152,0,23282,0,0,0,2297,25854,0,0,0
2024-02-25,port218,Cartagena,9,8,11479,3167,0,10592,887,0,0,0,1709,1457,0,0
2024-02-26,port218,Cartagena,12,8,33298,45025,11150,9560,0,12587,0,10456,34454,0,114,0
2024-02-27,port218,Cartagena,11,8,3722,93345,0,3716,6,0,0,0,49754,3831,39760,0
2024-02-28,port218,Cartagena,9,7,18511,14387,0,18511,0,0,0,0,12696,1690,0,0
2024-02-29,port218,Cartagena,12,7,59940,35067,11150,30812,0,17152,824,10456,20390,4134,0,86
2024-03-01,port218,Cartagena,13,6,65127,36561,26635,25621,5416,7453,0,11650,18639,2915,3355,0
2024-03-02,port218,Cartagena,10,4,36635,86848,0,14163,0,22472,0,0,4585,0,82263,0
2024-03-03,port218,Cartagena,8,5,25970,79127,0,25145,0,0,824,0,6100,0,72940,86
2024-03-04,port218,Cartagena,17,6,34534,52969,11150,6551,6001,7531,3299,31493,18841,2635,0,0
2024-03-05,port218,Cartagena,10,9,21191,19635,2322,18868,0,0,0,0,19635,0,0,0
2024-03-06,port218,Cartagena,9,5,53176,67103,0,7075,0,46100,0,0,21328,0,45774,0
2024-03-07,port218,Cartagena,9,7,162473,9181,143037,14164,0,5271,0,0,9067,0,114,0
2024-03-08,port218,Cartagena,9,6,29017,57243,0,14909,0,14107,0,0,15901,0,41342,0
2024-03-09,port218,Cartagena,14,7,38087,49055,2919,22556,420,12191,0,0,22390,14840,11824,0
2024-03-10,port218,Cartagena,10,8,39622,27462,0,38657,0,0,965,0,20165,0,7297,0
2024-03-11,port218,Cartagena,15,6,32509,123970,11150,5785,887,14227,459,10456,29358,3192,80962,0
2024-03-12,port218,Cartagena,9,6,24307,15451,0,23841,6,0,460,0,10760,4690,0,0
2024-03-13,port218,Cartagena,8,6,21949,13162,0,14632,0,7316,0,2297,10864,0,0,0
2024-03-14,port218,Cartagena,13,7,12452,68958,0,5578,0,6362,511,0,17766,1690,49500,0
2024-03-15,port218,Cartagena,10,9,19864,14062,0,17981,0,0,1883,0,14062,0,0,0
2024-03-16,port218,Cartagena,11,8,61824,32300,3170,53649,0,5004,0,0,10974,0,21326,0
2024-03-17,port218,Cartagena,9,5,4318,28123,0,2617,887,813,0,0,10960,1457,15705,0
2024-03-18,port218,Cartagena,9,7,20441,19513,0,18528,1913,0,0,0,19513,0,0,0
2024-03-19,port218,Cartagena,10,5,34659,14988,1422,24991,0,8244,0,0,14988,0,0,0
2024-03-20,port218,Cartagena,9,5,35089,81605,0,24115,0,8921,2052,3300,12380,0,65924,0
2024-03-21,port218,Cartagena,9,6,73444,22519,0,2788,887,69769,0,0,18819,1457,2241,0
2024-03-22,port218,Cartagena,14,12,70768,8365,47956,22812,0,0,0,0,8365,0,0,0
2024-03-23,port218,Cartagena,11,7,42287,68354,22727,17401,0,2158,0,0,27331,1690,39332,0
2024-03-24,port218,Cartagena,14,8,16861,42259,0,11923,887,4051,0,12307,10533,3713,15705,0
2024-03-25,port218,Cartagena,9,6,68568,56634,0,33648,0,34920,0,46793,9841,0,0,0
2024-03-26,port218,Cartagena,10,3,9668,34393,0,8126,6,0,1535,18279,4561,11553,0,0
2024-03-27,port218,Cartagena,9,7,5493,61024,0,5493,0,0,0,0,24422,0,36093,508
2024-03-28,port218,Cartagena,11,6,33422,21361,0,15590,235,17596,0,0,6581,1932,11824,1022
2024-03-29,port218,Cartagena,12,8,30884,10668,0,29997,887,0,0,0,8044,2624,0,0
2024-03-30,port218,Cartagena,6,5,14047,15637,0,14047,0,0,0,2297,13339,0,0,0
2024-03-31,port218,Cartagena,9,8,20475,19499,0,20475,0,0,0,0,3794,0,15705,0
2024-04-01,port218,Cartagena,13,7,47412,41758,682,27324,0,19406,0,0,9807,0,31950,0
2024-04-02,port218,Cartagena,7,6,17357,18584,0,16532,0,0,824,0,18498,0,0,86
2024-04-03,port218,Cartagena,9,6,12815,77658,0,12815,0,0,0,34941,5038,1690,35987,0
2024-04-04,port218,Cartagena,12,7,29078,21455,18953,7173,314,2553,83,0,21455,0,0,0
2024-04-05,port218,Cartagena,14,9,51182,20626,0,39344,887,10950,0,3379,15402,1844,0,0
2024-04-06,port218,Cartagena,9,6,43921,98447,0,25977,17119,0,824,0,17566,0,80795,86
2024-04-07,port218,Cartagena,10,6,10555,56107,0,6623,1774,2158,0,0,10703,2915,42487,0
2024-04-08,port218,Cartagena,10,6,43647,23885,0,34229,6,8586,824,15436,4531,3831,0,86
2024-04-09,port218,Cartagena,12,8,12382,50367,11150,1231,0,0,0,10456,35290,4619,0,0
2024-04-10,port218,Cartagena,11,6,14966,68520,0,6471,0,7670,824,3592,19834,0,45007,86
2024-04-11,port218,Cartagena,8,6,8816,23754,0,8816,0,0,0,0,21947,1807,0,0
2024-04-12,port218,Cartagena,14,8,34857,90313,0,32624,1774,0,458,0,8071,2915,79326,0
2024-04-13,port218,Cartagena,13,7,88109,20057,0,15706,0,72403,0,455,19601,0,0,0
2024-04-14,port218,Cartagena,5,4,1909,30033,0,1909,0,0,0,18940,11092,0,0,0
2024-04-15,port218,Cartagena,14,6,33430,91994,0,22814,7602,3014,0,0,5491,3123,83379,0
2024-04-16,port218,Cartagena,10,7,19863,61178,18271,1508,0,0,83,43803,17375,0,0,0
2024-04-17,port218,Cartagena,10,6,24764,11498,0,14709,0,9230,824,2451,8961,0,0,86
2024-04-18,port218,Cartagena,10,6,23992,4634,0,22218,1774,0,0,0,1718,2915,0,0
2024-04-19,port218,Cartagena,14,8,105825,32584,63369,41631,0,0,824,22106,10391,0,0,86
2024-04-20,port218,Cartagena,8,6,27980,4752,0,24549,0,1895,1535,0,4752,0,0,0
2024-04-21,port218,Cartagena,6,5,19524,9793,0,11994,0,7530,0,0,9793,0,0,0
2024-04-22,port218,Cartagena,13,6,60821,48029,1164,13736,0,45920,0,3379,4396,0,40253,0
2024-04-23,port218,Cartagena,11,8,22761,65343,0,5593,0,17167,0,0,23366,0,41977,0
2024-04-24,port218,Cartagena,11,7,16998,72217,0,13023,0,3150,824,0,30652,0,41478,86
2024-04-25,port218,Cartagena,7,5,9229,2858,0,5876,0,3352,0,0,2858,0,0,0
2024-04-26,port218,Cartagena,13,9,14084,67737,0,11406,228,2449,0,0,19420,1938,46378,0
2024-04-27,port218,Cartagena,11,9,49546,9741,0,48010,0,0,1535,0,9741,0,0,0
2024-04-28,port218,Cartagena,9,3,14321,61112,11170,0,0,3150,0,0,17242,0,43870,0
2024-04-29,port218,Cartagena,12,5,23623,37932,0,19792,887,591,2352,18279,16338,3314,0,0
2024-04-30,port218,Cartagena,13,7,53543,77088,11150,14562,0,27831,0,10456,5800,0,60831,0
2024-05-01,port218,Cartagena,10,6,15072,86952,7178,6929,0,0,965,37822,7800,0,41329,0
2024-05-02,port218,Cartagena,14,10,32925,23844,16329,15709,887,0,0,2297,20088,1457,0,0
2024-05-03,port218,Cartagena,8,5,8663,41071,0,3658,0,5004,0,0,15239,0,25831,0
2024-05-04,port218,Cartagena,7,5,11639,103205,0,6634,0,5004,0,0,12185,0,91020,0
2024-05-05,port218,Cartagena,9,7,16297,21757,0,15472,0,0,824,0,21671,0,0,86
2024-05-06,port218,Cartagena,11,6,39767,88316,0,15435,0,24331,0,7017,10837,0,70461,0
2024-05-07,port218,Cartagena,7,6,541,23871,0,541,0,0,0,0,23871,0,0,0
2024-05-08,port218,Cartagena,9,7,40641,5321,0,40641,0,0,0,0,5321,0,0,0
2024-05-09,port218,Cartagena,7,4,887,18215,0,0,887,0,0,12307,4449,1457,0,0
2024-05-10,port218,Cartagena,12,7,9977,116353,0,8790,673,0,513,55574,20140,0,40638,0
2024-05-11,port218,Cartagena,10,5,68638,86291,47678,18066,0,0,2893,0,7332,0,78959,0
2024-05-12,port218,Cartagena,10,5,30910,8865,4787,23673,0,2449,0,0,5356,3508,0,0
2024-05-13,port218,Cartagena,10,7,102334,30074,0,33132,0,69202,0,10705,19369,0,0,0
2024-05-14,port218,Cartagena,12,7,24780,89372,12178,7085,0,5004,512,0,24501,1690,63180,0
2024-05-15,port218,Cartagena,13,6,23294,111584,0,7200,0,15068,1025,18609,14542,0,78431,0
2024-05-16,port218,Cartagena,11,7,37728,109057,0,14323,0,23404,0,62419,15801,0,30836,0
2024-05-17,port218,Cartagena,9,5,10768,22947,0,5696,3046,0,2025,0,18133,1457,3355,0
2024-05-18,port218,Cartagena,12,8,79452,14382,0,56798,818,21835,0,2297,12084,0,0,0
2024-05-19,port218,Cartagena,8,6,23069,56296,0,23069,0,0,0,0,15487,1577,39232,0
2024-05-20,port218,Cartagena,9,5,25269,55313,0,13216,887,11165,0,0,5695,11004,38614,0
2024-05-21,port218,Cartagena,6,5,14605,116486,0,14605,0,0,0,87382,29103,0,0,0
2024-05-22,port218,Cartagena,13,7,17188,33006,1191,10293,924,4319,460,0,28248,4757,0,0
2024-05-23,port218,Cartagena,13,8,26779,13015,0,13549,0,13229,0,0,12900,0,114,0
2024-05-24,port218,Cartagena,13,7,26997,85401,0,21992,0,5004,0,7017,14883,0,63500,0
2024-05-25,port218,Cartagena,8,6,24707,50475,0,10480,0,14227,0,0,19639,0,30836,0
2024-05-26,port218,Cartagena,10,4,25000,157137,0,10773,0,14227,0,0,5636,1665,149834,0
2024-05-27,port218,Cartagena,7,4,30033,5522,0,11311,0,18721,0,0,5522,0,0,0
2024-05-28,port218,Cartagena,11,7,4728,57775,0,0,887,3841,0,18279,38037,1457,0,0
2024-05-29,port218,Cartagena,9,5,14827,103350,0,8593,6233,0,0,60624,4017,0,38708,0
2024-05-30,port218,Cartagena,9,8,30776,8474,0,30776,0,0,0,0,8474,0,0,0
2024-05-31,port218,Cartagena,13,8,28987,55324,0,12171,1774,12905,2137,0,15906,2915,36501,0
2024-06-01,port218,Cartagena,10,8,58308,14663,0,57288,0,0,1020,0,14663,0,0,0
2024-06-02,port218,Cartagena,15,9,82471,63590,11150,33063,0,38258,0,10456,9749,0,43384,0
2024-06-03,port218,Cartagena,10,8,64400,24876,0,59129,0,5271,0,2297,22463,0,114,0
2024-06-04,port218,Cartagena,10,6,14488,30465,0,3265,0,11223,0,12307,18157,0,0,0
2024-06-05,port218,Cartagena,5,4,3453,17344,0,3453,0,0,0,0,5564,0,11780,0
2024-06-06,port218,Cartagena,13,9,10077,23034,0,9190,887,0,0,0,18993,3148,892,0
2024-06-07,port218,Cartagena,9,6,16926,14878,3793,5877,0,7255,0,0,14878,0,0,0
2024-06-08,port218,Cartagena,8,5,39806,25967,0,22685,0,17121,0,0,25852,0,114,0
2024-06-09,port218,Cartagena,12,6,26404,111548,0,14457,1750,9177,1018,0,17561,1457,92529,0
2024-06-10,port218,Cartagena,9,6,38145,28888,11150,26107,887,0,0,10456,15252,1457,1721,0
2024-06-11,port218,Cartagena,13,7,20905,120819,0,12708,0,5004,3192,52476,7603,0,60652,86
2024-06-12,port218,Cartagena,9,7,5884,21891,0,5884,0,0,0,0,21891,0,0,0
2024-06-13,port218,Cartagena,14,10,35934,94357,0,20687,0,15246,0,0,12923,0,81433,0
2024-06-14,port218,Cartagena,12,6,35519,141229,0,34326,887,0,306,0,16327,10272,114629,0
2024-06-15,port218,Cartagena,6,5,22082,3911,0,22082,0,0,0,0,3911,0,0,0
2024-06-16,port218,Cartagena,11,7,27684,60346,0,11007,0,16676,0,0,26154,0,34192,0
2024-06-17,port218,Cartagena,7,4,7600,12627,0,5888,887,0,824,0,11083,1457,0,86
2024-06-18,port218,Cartagena,10,7,541,27550,0,541,0,0,0,0,24638,325,2586,0
2024-06-19,port218,Cartagena,7,7,16530,6663,0,16530,0,0,0,0,6663,0,0,0
2024-06-20,port218,Cartagena,15,8,37315,117314,0,25708,4041,7565,0,108969,8344,0,0,0
2024-06-21,port218,Cartagena,10,8,12942,58796,0,9441,3500,0,0,0,23747,0,35049,0
2024-06-22,port218,Cartagena,11,5,71402,23037,0,24209,0,46020,1172,0,9431,1665,11939,0
2024-06-23,port218,Cartagena,11,7,25452,158644,0,25452,0,0,0,64343,14719,8739,70841,0
2024-06-24,port218,Cartagena,9,6,32616,12370,13815,10452,0,8349,0,0,12370,0,0,0
2024-06-25,port218,Cartagena,9,7,26087,28370,0,26087,0,0,0,18609,9760,0,0,0
2024-06-26,port218,Cartagena,11,4,25354,37930,0,0,887,24467,0,0,30540,5365,2024,0
2024-06-27,port218,Cartagena,16,10,21765,39745,0,7893,2467,11403,0,0,20681,0,19063,0
2024-06-28,port218,Cartagena,9,5,14980,57870,0,4856,0,10124,0,0,9004,0,48865,0
2024-06-29,port218,Cartagena,11,5,48528,80920,0,34300,0,14227,0,0,8381,4534,68005,0
2024-06-30,port218,Cartagena,11,7,106566,34163,11935,26452,0,68178,0,12635,4528,0,16999,0
2024-07-01,port218,Cartagena,5,3,7560,6016,0,1900,0,5659,0,0,6016,0,0,0
2024-07-02,port218,Cartagena,8,7,26543,27435,0,25718,0,0,824,0,27349,0,0,86
2024-07-03,port218,Cartagena,10,5,16855,5161,0,13880,323,2651,0,0,5161,0,0,0
2024-07-04,port218,Cartagena,11,8,24925,22094,0,22061,0,0,2864,3179,18914,0,0,0
2024-07-05,port218,Cartagena,13,9,27252,19699,0,16601,1774,8877,0,1190,15592,2915,0,0
2024-07-06,port218,Cartagena,9,7,34172,66173,0,34172,0,0,0,7559,15598,0,43015,0
2024-07-07,port218,Cartagena,5,5,16636,13823,0,16636,0,0,0,0,13823,0,0,0
2024-07-08,port218,Cartagena,10,5,31966,85431,14230,17736,0,0,0,0,6545,0,78886,0
2024-07-09,port218,Cartagena,14,8,25258,96158,0,13682,887,10688,0,0,31696,1457,63004,0
2024-07-10,port218,Cartagena,10,7,6855,39690,0,5877,978,0,0,13319,26371,0,0,0
2024-07-11,port218,Cartagena,13,9,54845,76372,0,11575,0,43269,0,0,24533,1665,50172,0
2024-07-12,port218,Cartagena,11,8,80483,17763,50812,28850,820,0,0,0,17763,0,0,0
2024-07-13,port218,Cartagena,11,5,34073,20256,0,19510,887,12653,1022,18279,519,1457,0,0
2024-07-14,port218,Cartagena,11,8,73571,74865,0,54958,0,18612,0,0,4561,0,70303,0
2024-07-15,port218,Cartagena,10,7,26513,53062,0,24181,2332,0,0,0,16870,18,36173,0
2024-07-16,port218,Cartagena,7,5,14108,25525,0,13079,0,0,1029,0,7380,0,18144,0
2024-07-17,port218,Cartagena,9,7,20189,90624,0,17175,0,3014,0,54207,24592,0,11824,0
2024-07-18,port218,Cartagena,11,10,45608,12852,0,45608,0,0,0,0,12852,0,0,0
2024-07-19,port218,Cartagena,9,7,56656,10170,14352,39950,0,0,2352,0,10170,0,0,0
2024-07-20,port218,Cartagena,11,7,20803,65888,0,19916,887,0,0,38058,23015,1457,3355,0
2024-07-21,port218,Cartagena,10,5,24414,22761,3733,14754,0,5926,0,0,12869,9891,0,0
2024-07-22,port218,Cartagena,11,6,11147,44443,0,5877,0,5269,0,2297,26703,0,15442,0
2024-07-23,port218,Cartagena,5,4,30754,1348,0,28729,0,2024,0,0,1348,0,0,0
2024-07-24,port218,Cartagena,11,8,29782,27484,0,10825,0,15183,3772,0,23296,4188,0,0
2024-07-25,port218,Cartagena,9,5,34275,59253,0,22283,0,11992,0,0,18346,0,40906,0
2024-07-26,port218,Cartagena,12,8,18051,18993,630,6950,1648,5271,3551,0,18878,0,114,0
2024-07-27,port218,Cartagena,13,5,62846,60587,13582,45892,887,2484,0,3534,2536,3123,51392,0
2024-07-28,port218,Cartagena,11,7,14703,74809,0,11300,0,3403,0,59301,15508,0,0,0
2024-07-29,port218,Cartagena,6,6,5478,7985,0,5478,0,0,0,0,7985,0,0,0
2024-07-30,port218,Cartagena,10,8,34480,43181,0,33667,0,813,0,0,7008,0,36173,0
2024-07-31,port218,Cartagena,7,5,25571,9784,0,25571,0,0,0,0,4693,1734,3355,0
2024-08-01,port218,Cartagena,12,7,102787,10360,6272,11246,420,84848,0,0,10360,0,0,0
2024-08-02,port218,Cartagena,9,5,12998,107478,0,2938,887,9172,0,0,32747,1457,71740,1532
2024-08-03,port218,Cartagena,11,8,25134,22024,0,24309,0,0,824,0,21938,0,0,86
2024-08-04,port218,Cartagena,8,6,14614,13364,0,6655,0,7958,0,0,11673,1690,0,0
2024-08-05,port218,Cartagena,8,5,15816,101211,0,11851,0,3965,0,31913,8517,0,60779,0
2024-08-06,port218,Cartagena,9,5,11595,22094,0,10479,1115,0,0,7238,11459,3396,0,0
2024-08-07,port218,Cartagena,9,6,9237,28898,0,2583,0,5004,1649,0,7400,0,21326,172
2024-08-08,port218,Cartagena,11,7,5877,18148,0,5877,0,0,0,0,14792,0,3355,0
2024-08-09,port218,Cartagena,15,8,11168,28666,3414,3999,1401,2352,0,9047,19619,0,0,0
2024-08-10,port218,Cartagena,12,6,21075,83176,0,17743,887,2445,0,20577,20163,6787,35648,0
2024-08-11,port218,Cartagena,5,4,30931,1734,0,30931,0,0,0,0,0,1734,0,0
2024-08-12,port218,Cartagena,8,4,7706,95179,0,6819,887,0,0,35015,14821,1457,43886,0
2024-08-13,port218,Cartagena,9,5,36359,8139,0,30045,1158,3150,2005,0,5786,0,2353,0
2024-08-14,port218,Cartagena,15,7,33988,97840,0,8745,887,22472,1883,41425,22392,3185,30836,0
2024-08-15,port218,Cartagena,12,8,38098,66162,0,23649,0,14448,0,0,15772,0,50389,0
2024-08-16,port218,Cartagena,10,6,58420,24737,53062,2938,887,0,1532,0,23279,1457,0,0
2024-08-17,port218,Cartagena,7,4,12212,22351,0,9198,0,3014,0,0,7171,0,15180,0
2024-08-18,port218,Cartagena,9,7,15752,62656,0,13980,1771,0,0,44588,18068,0,0,0
2024-08-19,port218,Cartagena,5,4,1526,10540,0,0,0,0,1526,0,10540,0,0,0
2024-08-20,port218,Cartagena,8,8,6435,28345,0,6435,0,0,0,0,28345,0,0,0
2024-08-21,port218,Cartagena,10,5,46413,7098,27727,9566,1020,8099,0,0,5640,1457,0,0
2024-08-22,port218,Cartagena,16,8,88476,110155,0,11481,1878,75116,0,31728,5784,3192,69449,0
2024-08-23,port218,Cartagena,11,8,24047,9766,0,21072,0,2974,0,0,9766,0,0,0
2024-08-24,port218,Cartagena,11,8,72208,16509,13898,51307,0,7003,0,12307,4202,0,0,0
2024-08-25,port218,Cartagena,6,3,24073,13282,0,18013,887,5172,0,0,0,1457,11824,0
2024-08-26,port218,Cartagena,10,6,5961,98718,0,5877,0,0,83,18826,31045,0,48846,0
2024-08-27,port218,Cartagena,7,6,26656,20547,11150,15506,0,0,0,10456,10091,0,0,0
2024-08-28,port218,Cartagena,9,5,17942,62825,0,17942,0,0,0,2143,12904,3507,44269,0
2024-08-29,port218,Cartagena,16,8,62740,60541,28950,18604,1789,13396,0,0,13182,0,47358,0
2024-08-30,port218,Cartagena,9,7,21555,31767,0,13310,0,8244,0,0,30101,1665,0,0
2024-08-31,port218,Cartagena,8,7,40075,10320,0,13900,0,26175,0,0,10320,0,0,0
2024-09-01,port218,Cartagena,10,6,106988,18481,22911,3198,0,80878,0,0,18366,0,114,0
2024-09-02,port218,Cartagena,5,2,5879,3623,0,2946,2933,0,0,0,3623,0,0,0
2024-09-03,port218,Cartagena,11,7,17824,21800,0,17824,0,0,0,3534,16762,1503,0,0
2024-09-04,port218,Cartagena,9,5,7527,44087,0,6640,887,0,0,0,8030,1457,34599,0
2024-09-05,port218,Cartagena,14,8,49672,109604,29594,10315,0,9762,0,108625,978,0,0,0
2024-09-06,port218,Cartagena,10,9,16233,14589,0,16233,0,0,0,0,11345,0,3244,0
2024-09-07,port218,Cartagena,9,6,20851,42265,0,19634,1217,0,0,36172,4634,1457,0,0
2024-09-08,port218,Cartagena,10,7,33374,87518,16864,8821,0,7688,0,0,19865,0,67653,0
2024-09-09,port218,Cartagena,10,4,22217,97991,0,4501,0,14851,2864,0,15214,1665,81111,0
2024-09-10,port218,Cartagena,8,5,52851,17067,0,12721,0,35708,4421,0,17067,0,0,0
2024-09-11,port218,Cartagena,9,6,22364,43691,0,14929,0,7435,0,0,6376,1141,36173,0
2024-09-12,port218,Cartagena,12,8,22216,16357,0,15207,4242,0,2766,0,14899,1457,0,0
2024-09-13,port218,Cartagena,8,7,27665,17610,0,27665,0,0,0,0,8064,9546,0,0
2024-09-14,port218,Cartagena,9,6,10885,21147,0,7641,0,3244,0,18279,2868,0,0,0
2024-09-15,port218,Cartagena,12,7,23011,21536,0,17740,0,5271,0,0,16874,0,3744,918
2024-09-16,port218,Cartagena,11,5,6823,100703,0,1387,1774,3662,0,2143,14095,2915,81548,0
2024-09-17,port218,Cartagena,9,5,23083,4982,0,18302,0,2619,2161,0,4810,0,0,172
2024-09-18,port218,Cartagena,12,9,21146,11420,0,11086,887,9172,0,0,8206,3214,0,0
2024-09-19,port218,Cartagena,7,5,30173,1543,0,28461,887,0,824,0,0,1457,0,86
2024-09-20,port218,Cartagena,8,6,4675,88680,0,4675,0,0,0,76135,12268,276,0,0
2024-09-21,port218,Cartagena,8,6,4857,35081,0,4857,0,0,0,0,6860,0,28220,0
2024-09-22,port218,Cartagena,10,6,75525,66191,26664,48372,488,0,0,57975,4250,0,3965,0
2024-09-23,port218,Cartagena,6,3,1634,60252,0,1634,0,0,0,0,17764,0,42487,0
2024-09-24,port218,Cartagena,10,8,18140,17823,0,18140,0,0,0,3534,14289,0,0,0
2024-09-25,port218,Cartagena,12,6,69527,120877,11744,29563,0,28219,0,0,6282,0,114595,0
2024-09-26,port218,Cartagena,11,8,23462,14825,0,15932,0,7530,0,0,11581,0,3244,0
2024-09-27,port218,Cartagena,11,8,5660,25969,0,5660,0,0,0,0,19945,6023,0,0
2024-09-28,port218,Cartagena,12,6,29087,112665,0,21343,0,7744,0,26308,9760,0,76597,0
2024-09-29,port218,Cartagena,6,5,56565,2160,0,19394,0,37171,0,0,2160,0,0,0
2024-09-30,port218,Cartagena,8,2,45046,18304,18642,2938,0,23465,0,12635,5504,164,0,0
2024-10-01,port218,Cartagena,7,6,8046,10302,0,7159,887,0,0,0,8844,1457,0,0
2024-10-02,port218,Cartagena,4,3,1782,24187,0,1782,0,0,0,18609,5577,0,0,0
2024-10-03,port218,Cartagena,14,7,35255,133670,0,25135,0,10119,0,37378,2280,0,93555,457
2024-10-04,port218,Cartagena,9,7,40408,19804,27975,10531,0,1901,0,0,19804,0,0,0
2024-10-05,port218,Cartagena,6,4,30081,3791,0,13637,0,16443,0,0,3791,0,0,0
2024-10-06,port218,Cartagena,11,5,110143,54658,0,10742,887,98514,0,2297,16821,1457,34080,0
2024-10-07,port218,Cartagena,9,6,7048,74168,0,7048,0,0,0,65311,8856,0,0,0
2024-10-08,port218,Cartagena,11,6,101042,13265,0,21588,4665,74787,0,0,11599,1665,0,0
2024-10-09,port218,Cartagena,8,5,90256,10222,0,13368,0,76887,0,0,6581,3640,0,0
2024-10-10,port218,Cartagena,12,7,9956,37158,0,8287,1668,0,0,0,28593,8564,0,0
2024-10-11,port218,Cartagena,7,5,10018,13483,1975,8043,0,0,0,3534,9948,0,0,0
2024-10-12,port218,Cartagena,9,7,21485,24924,0,16882,4602,0,0,0,23466,1457,0,0
2024-10-13,port218,Cartagena,6,3,23552,39733,0,16801,0,5926,824,0,3473,0,36173,86
2024-10-14,port218,Cartagena,7,5,13375,95270,0,13375,0,0,0,57893,37097,279,0,0
2024-10-15,port218,Cartagena,11,5,15102,169733,0,5798,1774,7530,0,32047,19874,2915,114896,0
2024-10-16,port218,Cartagena,12,6,105495,11826,0,14526,0,90968,0,0,8584,2783,0,458
2024-10-17,port218,Cartagena,14,10,16979,23685,0,16979,0,0,0,0,16598,1734,5352,0
2024-10-18,port218,Cartagena,11,9,63274,20795,45773,16111,1389,0,0,0,20795,0,0,0
2024-10-19,port218,Cartagena,13,7,34138,41417,15099,9559,0,8654,824,18609,21822,898,0,86
2024-10-20,port218,Cartagena,6,4,15242,13849,0,13711,0,0,1530,0,13849,0,0,0
2024-10-21,port218,Cartagena,6,4,30036,2606,0,21158,0,8877,0,0,2606,0,0,0
2024-10-22,port218,Cartagena,12,7,19947,47324,0,18427,695,0,824,2451,14277,0,30509,86
2024-10-23,port218,Cartagena,12,6,23322,5214,0,5676,1774,15872,0,0,2299,2915,0,0
2024-10-24,port218,Cartagena,10,6,14640,15226,0,12598,2042,0,0,0,10699,1457,3069,0
2024-10-25,port218,Cartagena,12,7,12160,24655,0,3384,0,8776,0,2417,19885,0,2353,0
2024-10-26,port218,Cartagena,9,6,29184,65096,0,28359,0,0,824,12307,9071,0,43631,86
2024-10-27,port218,Cartagena,9,5,51224,11502,31442,4249,0,14019,1512,0,11502,0,0,0
2024-10-28,port218,Cartagena,7,4,12205,14069,0,4916,0,7289,0,0,7215,6853,0,0
2024-10-29,port218,Cartagena,7,4,9136,11143,0,8906,230,0,0,0,7899,0,3244,0
2024-10-30,port218,Cartagena,6,4,4507,5917,0,3683,0,0,824,0,5831,0,0,86
2024-10-31,port218,Cartagena,11,7,10454,47016,0,9567,887,0,0,3224,6600,3192,33998,0
2024-11-01,port218,Cartagena,14,7,97613,186812,0,10008,0,86779,824,18279,8451,0,159996,86
2024-11-02,port218,Cartagena,9,5,21181,19385,12420,2567,0,6193,0,0,19385,0,0,0
2024-11-03,port218,Cartagena,6,5,20345,23461,0,17331,0,3014,0,0,11636,0,11824,0
2024-11-04,port218,Cartagena,12,8,14708,78854,0,13686,0,0,1021,55607,20931,1412,902,0
2024-11-05,port218,Cartagena,12,6,14410,19355,0,7452,164,5968,824,0,17141,2127,0,86
2024-11-06,port218,Cartagena,5,4,25600,2670,0,20328,0,5271,0,0,2555,0,114,0
2024-11-07,port218,Cartagena,13,8,26666,26633,4039,22022,605,0,0,0,21936,4697,0,0
2024-11-08,port218,Cartagena,14,6,16311,101410,0,14005,887,1418,0,2297,3481,1457,94173,0
2024-11-09,port218,Cartagena,8,6,43122,5909,0,39680,0,3442,0,0,2665,0,3244,0
2024-11-10,port218,Cartagena,13,6,39973,50582,0,22445,0,16703,824,28659,15753,0,6083,86
2024-11-11,port218,Cartagena,7,4,96172,14621,0,19428,887,75032,824,0,13077,1457,0,86
2024-11-12,port218,Cartagena,9,5,65278,12649,28981,35409,887,0,0,8386,2805,1457,0,0
2024-11-13,port218,Cartagena,11,6,60755,13470,7770,31615,1604,19765,0,0,11779,1690,0,0
2024-11-14,port218,Cartagena,8,6,13981,55378,0,13094,887,0,0,37836,16083,1457,0,0
2024-11-15,port218,Cartagena,10,6,33121,50377,0,32234,887,0,0,11979,487,1457,36453,0
2024-11-16,port218,Cartagena,12,7,32591,94344,2638,24681,0,5271,0,3379,5580,0,85383,0
2024-11-17,port218,Cartagena,10,5,32708,38491,0,26150,3155,0,3402,18279,18754,1457,0,0
2024-11-18,port218,Cartagena,10,8,37076,5442,0,35937,1138,0,0,0,4667,775,0,0
2024-11-19,port218,Cartagena,8,6,6325,11524,0,5402,923,0,0,0,9858,1665,0,0
2024-11-20,port218,Cartagena,11,5,14207,105408,2063,6647,0,5495,0,15202,24800,0,65405,0
2024-11-21,port218,Cartagena,16,8,49734,82442,28717,11846,925,8244,0,0,5306,0,77135,0
2024-11-22,port218,Cartagena,6,5,24286,4887,0,24286,0,0,0,0,4887,0,0,0
2024-11-23,port218,Cartagena,10,6,28812,8524,0,22881,887,5043,0,0,7066,1457,0,0
2024-11-24,port218,Cartagena,6,4,18542,7332,0,8188,959,9394,0,0,7332,0,0,0
2024-11-25,port218,Cartagena,11,5,88436,108536,0,8233,1668,78534,0,61182,4338,0,43015,0
2024-11-26,port218,Cartagena,12,5,55761,52634,18953,21693,887,14227,0,0,18605,3192,30836,0
2024-11-27,port218,Cartagena,13,6,66435,68955,56038,0,0,10396,0,2297,30232,3486,32938,0
2024-11-28,port218,Cartagena,11,7,23841,44690,0,8727,887,14227,0,0,8387,5465,30836,0
2024-11-29,port218,Cartagena,11,7,33933,64973,0,33933,0,0,0,0,23540,0,41433,0
2024-11-30,port218,Cartagena,5,5,16196,41118,0,16196,0,0,0,0,41118,0,0,0
2024-12-01,port218,Cartagena,14,8,27738,43121,0,16632,1078,10027,0,0,20372,10924,11824,0
2024-12-02,port218,Cartagena,11,6,14160,121873,0,13273,887,0,0,0,6989,1457,113427,0
2024-12-03,port218,Cartagena,9,2,50299,21080,23972,22255,3246,0,824,18279,0,2714,0,86
2024-12-04,port218,Cartagena,12,8,34313,15632,17905,12416,0,3991,0,0,15632,0,0,0
2024-12-05,port218,Cartagena,4,3,17571,6809,0,17571,0,0,0,0,6809,0,0,0
2024-12-06,port218,Cartagena,10,4,36953,62183,0,20952,1774,14227,0,0,27499,3847,30836,0
2024-12-07,port218,Cartagena,11,8,37829,17303,0,19119,0,18709,0,0,17303,0,0,0
2024-12-08,port218,Cartagena,6,4,8786,88033,0,8786,0,0,0,0,3202,0,84830,0
2024-12-09,port218,Cartagena,13,5,8406,95463,0,2938,0,5467,0,35413,14339,2958,42240,512
2024-12-10,port218,Cartagena,10,5,10994,29509,0,8998,887,0,1108,0,28051,1457,0,0
2024-12-11,port218,Cartagena,11,5,87834,47284,49416,5250,887,32281,0,23091,22734,1457,0,0
2024-12-12,port218,Cartagena,8,5,17665,17163,0,9310,0,7530,824,0,17077,0,0,86
2024-12-13,port218,Cartagena,14,8,28533,23585,11150,11592,228,5562,0,10456,6540,1938,4649,0
2024-12-14,port218,Cartagena,8,6,34188,58046,0,34188,0,0,0,2297,15442,0,40306,0
2024-12-15,port218,Cartagena,8,5,54244,4449,22107,31249,887,0,0,0,655,3793,0,0
2024-12-16,port218,Cartagena,10,7,17537,79331,0,16640,0,897,0,47342,31989,0,0,0
2024-12-17,port218,Cartagena,14,7,12220,65696,0,5877,2277,0,4065,4580,22809,0,38219,86
2024-12-18,port218,Cartagena,7,6,16928,8084,0,13845,0,0,3083,0,8084,0,0,0
2024-12-19,port218,Cartagena,12,7,33198,99118,0,8816,0,22482,1899,0,11473,0,87644,0
2024-12-20,port218,Cartagena,13,8,32859,117815,0,30065,0,2793,0,62001,16318,0,39495,0
2024-12-21,port218,Cartagena,12,6,47138,51713,15365,30044,1383,345,0,0,10414,0,41298,0
2024-12-22,port218,Cartagena,10,4,18725,89278,0,4838,0,13887,0,17618,19534,0,52125,0
2024-12-23,port218,Cartagena,12,6,25841,94123,11035,5864,887,8054,0,34600,6709,3123,49690,0
2024-12-24,port218,Cartagena,7,4,4817,13378,0,3581,1235,0,0,10018,1902,1457,0,0
2024-12-25,port218,Cartagena,7,4,45627,69130,9132,22267,0,14227,0,0,0,0,69130,0
2024-12-26,port218,Cartagena,11,6,47404,58903,11150,33044,0,3209,0,35393,23509,0,0,0
2024-12-27,port218,Cartagena,10,5,75381,91920,30389,44104,887,0,0,0,3985,1457,86477,0
2024-12-28,port218,Cartagena,14,5,21615,100500,0,4490,2305,14819,0,0,17364,6139,76996,0
2024-12-29,port218,Cartagena,8,6,33234,39302,0,19007,0,14227,0,0,8466,0,30836,0
2024-12-30,port218,Cartagena,10,5,16556,48260,997,0,462,15097,0,20936,27324,0,0,0
2024-12-31,port218,Cartagena,10,4,40463,75026,11150,11184,887,17241,0,10456,16498,2166,45905,0
2025-01-01,port218,Cartagena,7,4,28519,38022,0,8075,0,19619,824,0,7099,0,30836,86
2025-01-02,port218,Cartagena,12,6,8828,46486,2063,5877,887,0,0,6152,18577,3192,18563,0
2025-01-03,port218,Cartagena,11,5,18105,25210,0,10508,1115,2362,4119,10248,9722,5239,0,0
2025-01-04,port218,Cartagena,8,6,26183,4075,0,26183,0,0,0,0,4075,0,0,0
2025-01-05,port218,Cartagena,8,4,31744,18274,0,24390,2083,5271,0,15191,2968,0,114,0
2025-01-06,port218,Cartagena,6,4,40157,6973,35726,4430,0,0,0,0,6973,0,0,0
2025-01-07,port218,Cartagena,9,4,31195,41649,0,15194,1774,14227,0,0,6969,3843,30836,0
2025-01-08,port218,Cartagena,7,4,36255,47943,0,28756,0,5271,2228,43267,4561,0,114,0
2025-01-09,port218,Cartagena,8,7,22959,9908,0,22959,0,0,0,0,9908,0,0,0
2025-01-10,port218,Cartagena,10,6,34783,24912,267,25574,887,8054,0,18279,5175,1457,0,0
2025-01-11,port218,Cartagena,14,8,23084,43357,0,16168,887,6028,0,7623,10627,1457,23649,0
2025-01-12,port218,Cartagena,8,5,5328,30773,0,5328,0,0,0,0,30704,0,69,0
2025-01-13,port218,Cartagena,7,6,18785,18059,0,18785,0,0,0,0,17788,271,0,0
2025-01-14,port218,Cartagena,7,3,13375,17771,0,6763,0,6527,83,0,4561,1385,11824,0
2025-01-15,port218,Cartagena,10,6,91149,19915,0,8751,0,82398,0,0,19915,0,0,0
2025-01-16,port218,Cartagena,8,6,9113,47867,0,9113,0,0,0,33409,14457,0,0,0
2025-01-17,port218,Cartagena,9,6,20688,12994,0,20688,0,0,0,0,7288,0,5191,514
2025-01-18,port218,Cartagena,15,7,34609,33681,0,11754,1774,21081,0,0,17249,4606,11824,0
2025-01-19,port218,Cartagena,5,3,14795,14105,0,11781,0,3014,0,0,2280,0,11824,0
2025-01-20,port218,Cartagena,9,4,15648,81043,0,14761,887,0,0,2297,5455,1457,71832,0
2025-01-21,port218,Cartagena,12,8,86284,34020,0,12006,0,74278,0,0,34020,0,0,0
2025-01-22,port218,Cartagena,9,8,27731,24625,0,24717,0,3014,0,0,12800,0,11824,0
2025-01-23,port218,Cartagena,9,3,6172,24655,0,3158,0,3014,0,0,8527,3968,12159,0
2025-01-24,port218,Cartagena,8,6,18517,17440,0,14264,4253,0,0,0,8117,0,9323,0
2025-01-25,port218,Cartagena,6,4,18168,105810,0,15154,0,3014,0,0,5554,0,100255,0
2025-01-26,port218,Cartagena,7,5,12112,13861,0,3868,0,8244,0,0,13861,0,0,0
2025-01-27,port218,Cartagena,9,5,10987,53975,0,2938,0,8048,0,0,23223,0,30752,0
2025-01-28,port218,Cartagena,11,6,5936,13487,2063,3559,0,312,0,2773,10713,0,0,0
2025-01-29,port218,Cartagena,9,4,60789,108243,39194,6252,1115,14227,0,0,7657,3396,97189,0
2025-01-30,port218,Cartagena,10,6,24704,10931,0,24704,0,0,0,0,9088,1842,0,0
2025-01-31,port218,Cartagena,11,7,19368,59992,0,16811,2556,0,0,15641,44350,0,0,0
2025-02-01,port218,Cartagena,6,4,30947,8299,0,30060,887,0,0,0,6842,1457,0,0
2025-02-02,port218,Cartagena,12,7,26805,34862,0,26515,0,289,0,10491,11667,12368,335,0
2025-02-03,port218,Cartagena,7,3,23966,42541,8413,6889,0,8663,0,40261,2280,0,0,0
2025-02-04,port218,Cartagena,7,7,19527,18239,0,19527,0,0,0,0,18239,0,0,0
2025-02-05,port218,Cartagena,8,5,11544,55679,0,11544,0,0,0,47573,7972,133,0,0
2025-02-06,port218,Cartagena,10,5,24102,10074,0,17119,887,5271,824,0,6793,3080,114,86
2025-02-07,port218,Cartagena,12,7,30374,13607,2086,18319,398,9570,0,0,13492,0,114,0
2025-02-08,port218,Cartagena,10,5,5095,54311,0,5095,0,0,0,2297,37353,1734,12925,0
2025-02-09,port218,Cartagena,5,3,7041,50274,0,6216,0,0,824,0,5912,0,44275,86
2025-02-10,port218,Cartagena,8,3,40453,200,0,32627,1729,5271,824,0,0,0,114,86
2025-02-11,port218,Cartagena,11,8,4341,31904,0,4341,0,0,0,3379,28525,0,0,0
2025-02-12,port218,Cartagena,6,4,87454,2572,0,17012,887,69555,0,0,1114,1457,0,0
2025-02-13,port218,Cartagena,14,11,30067,14481,0,19404,0,10662,0,0,14481,0,0,0
2025-02-14,port218,Cartagena,12,8,6435,29717,0,4552,1374,0,508,0,27689,2027,0,0
2025-02-15,port218,Cartagena,7,3,35287,67544,11656,20616,0,3014,0,11979,4618,0,50946,0
2025-02-16,port218,Cartagena,14,7,38132,34829,5834,26864,887,3014,1532,18609,2937,1457,11824,0
2025-02-17,port218,Cartagena,10,6,23956,63683,0,18778,0,5177,0,50620,13063,0,0,0
2025-02-18,port218,Cartagena,8,5,7866,11157,0,2938,4928,0,0,0,9700,1457,0,0
2025-02-19,port218,Cartagena,8,5,19780,23589,0,19226,0,470,83,0,19166,0,4422,0
2025-02-20,port218,Cartagena,9,8,16951,16849,0,3425,0,13526,0,0,16849,0,0,0
2025-02-21,port218,Cartagena,12,7,11047,7885,0,2060,933,8054,0,0,7885,0,0,0
2025-02-22,port218,Cartagena,7,4,87720,19052,0,24064,0,63656,0,0,5537,1690,11824,0
2025-02-23,port218,Cartagena,12,6,29817,37605,11150,13228,2424,3014,0,10456,13866,1457,11824,0
2025-02-24,port218,Cartagena,9,5,20591,35387,0,15503,0,5004,83,0,11791,2269,21326,0
2025-02-25,port218,Cartagena,9,5,36543,10104,14812,20843,887,0,0,0,8646,1457,0,0
2025-02-26,port218,Cartagena,7,4,32871,6513,21228,6371,0,5271,0,0,6398,0,114,0
2025-02-27,port218,Cartagena,10,9,15577,15826,0,15577,0,0,0,2297,13528,0,0,0
2025-02-28,port218,Cartagena,13,7,90122,23664,11150,38428,887,39656,0,10456,11635,1457,114,0
2025-03-01,port218,Cartagena,9,4,78506,15698,75853,0,0,2652,0,0,15015,682,0,0
2025-03-02,port218,Cartagena,12,8,99794,23106,0,19225,1774,78795,0,0,8365,2915,11824,0
2025-03-03,port218,Cartagena,8,3,24812,150111,0,0,0,24296,515,0,18390,0,131720,0
2025-03-04,port218,Cartagena,10,7,25784,31756,0,16617,233,8932,0,0,10430,0,21326,0
2025-03-05,port218,Cartagena,10,5,42510,71872,0,19845,0,22664,0,11979,5264,0,54629,0
2025-03-06,port218,Cartagena,11,7,19364,75342,0,11373,0,7530,460,18609,14348,0,42384,0
2025-03-07,port218,Cartagena,12,8,28483,32277,0,25308,160,3014,0,0,18610,1842,11824,0
2025-03-08,port218,Cartagena,8,6,7368,70637,0,7368,0,0,0,55154,15483,0,0,0
2025-03-09,port218,Cartagena,7,4,63176,2057,2843,57860,0,2473,0,0,2057,0,0,0
2025-03-10,port218,Cartagena,9,4,20120,132480,0,6616,0,13504,0,59691,20592,0,52196,0
2025-03-11,port218,Cartagena,13,7,44975,24651,12941,17383,3391,11259,0,4561,8265,0,11824,0
2025-03-12,port218,Cartagena,11,6,14520,30769,0,7742,1774,5004,0,0,6527,2915,21326,0
2025-03-13,port218,Cartagena,12,7,14800,8796,0,8704,0,5271,824,0,8595,0,114,86
2025-03-14,port218,Cartagena,14,6,70230,61264,0,19516,0,50714,0,2297,11336,1734,45896,0
2025-03-15,port218,Cartagena,11,5,42412,53593,9892,14391,887,17241,0,0,9474,1457,42661,0
2025-03-16,port218,Cartagena,9,6,69106,6538,0,66098,3008,0,0,0,6538,0,0,0
2025-03-17,port218,Cartagena,7,4,4223,27535,0,0,1774,2449,0,0,24619,2915,0,0
2025-03-18,port218,Cartagena,10,6,20614,90583,0,14720,233,5659,0,0,19131,0,71451,0
2025-03-19,port218,Cartagena,6,4,32643,35078,0,18416,0,14227,0,0,4241,0,30836,0
2025-03-20,port218,Cartagena,11,7,33994,29887,0,18421,0,14748,824,18279,11407,0,114,86
2025-03-21,port218,Cartagena,11,5,7869,40902,0,2938,887,3014,1029,0,25953,3123,11824,0
2025-03-22,port218,Cartagena,10,6,31779,58526,0,22963,0,8816,0,3381,7390,1348,46406,0
2025-03-23,port218,Cartagena,9,6,52904,21199,0,38106,0,13972,824,0,9288,0,11824,86
2025-03-24,port218,Cartagena,10,4,27161,20092,0,21581,1774,3294,511,3379,13796,2915,0,0
2025-03-25,port218,Cartagena,13,7,46031,47714,0,13294,228,32508,0,0,12624,1938,33150,0
2025-03-26,port218,Cartagena,13,7,14208,35552,0,6442,2577,3656,1532,0,20331,3396,11824,0
2025-03-27,port218,Cartagena,10,7,27843,58256,0,8965,0,18878,0,0,20951,0,37305,0
2025-03-28,port218,Cartagena,8,5,37820,2898,0,36108,887,0,824,0,1354,1457,0,86
2025-03-29,port218,Cartagena,10,5,14809,63910,0,8086,0,6723,0,7701,14764,0,41444,0
2025-03-30,port218,Cartagena,6,6,25984,9269,0,25984,0,0,0,0,9269,0,0,0
2025-03-31,port218,Cartagena,11,6,102367,11561,19500,12558,0,70307,0,2143,9417,0,0,0
2025-04-01,port218,Cartagena,6,4,7141,42900,0,4127,0,3014,0,0,29341,1734,11824,0
2025-04-02,port218,Cartagena,12,6,16611,174503,0,1497,887,14227,0,0,25467,1457,147578,0
2025-04-03,port218,Cartagena,9,5,100074,9380,25737,7081,0,67255,0,0,7548,1831,0,0
2025-04-04,port218,Cartagena,10,7,34715,162908,0,34715,0,0,0,102419,2280,0,58208,0
2025-04-05,port218,Cartagena,8,5,59690,2526,34639,23977,718,354,0,0,2526,0,0,0
2025-04-06,port218,Cartagena,18,7,75945,101637,17902,37527,2448,17241,824,27949,28567,1457,43576,86
2025-04-07,port218,Cartagena,9,7,20693,55305,0,12734,0,7958,0,0,20962,0,34343,0
2025-04-08,port218,Cartagena,10,7,7086,27577,0,3461,0,2800,824,0,27490,0,0,86
2025-04-09,port218,Cartagena,10,5,30849,20313,0,14325,0,15698,824,0,7258,0,12968,86
2025-04-10,port218,Cartagena,12,7,23557,19079,0,10791,887,11879,0,3701,13920,1457,0,0
2025-04-11,port218,Cartagena,13,9,98508,21367,0,24567,0,73940,0,0,21367,0,0,0
2025-04-12,port218,Cartagena,9,7,24626,19400,0,13941,0,10684,0,0,19400,0,0,0
2025-04-13,port218,Cartagena,11,7,45420,29156,0,35696,0,6049,3674,0,7829,0,21326,0
2025-04-14,port218,Cartagena,7,4,20948,35657,0,9723,0,11225,0,13251,22406,0,0,0
2025-04-15,port218,Cartagena,8,6,97523,30197,0,21399,0,76123,0,0,30197,0,0,0
2025-04-16,port218,Cartagena,10,4,45692,87198,0,10837,0,34343,511,0,16828,2062,67824,483
2025-04-17,port218,Cartagena,13,9,21022,32329,0,16296,887,3014,824,0,17269,3148,11824,86
2025-04-18,port218,Cartagena,10,7,23786,6446,4223,18725,837,0,0,0,6446,0,0,0
2025-04-19,port218,Cartagena,8,6,31781,5906,0,30894,887,0,0,2297,2151,1457,0,0
2025-04-20,port218,Cartagena,13,6,50509,83030,0,31110,0,19398,0,16299,18758,0,47972,0
2025-04-21,port218,Cartagena,8,5,22395,31442,0,12006,0,10389,0,0,25423,6018,0,0
2025-04-22,port218,Cartagena,8,6,18704,33248,5728,7032,0,0,5943,0,33248,0,0,0
2025-04-23,port218,Cartagena,9,4,5966,121083,0,2938,0,983,2044,0,10178,0,110905,0
2025-04-24,port218,Cartagena,11,8,13730,9453,0,11308,887,0,1535,0,7995,1457,0,0
2025-04-25,port218,Cartagena,8,7,15561,30968,0,15561,0,0,0,0,30968,0,0,0
2025-04-26,port218,Cartagena,10,4,24944,51322,0,15025,887,9031,0,0,6013,3123,42185,0
2025-04-27,port218,Cartagena,11,7,49749,15394,0,49749,0,0,0,3379,10279,1734,0,0
2025-04-28,port218,Cartagena,9,3,64625,84073,49563,5889,887,8285,0,54262,15248,2623,11939,0
2025-04-29,port218,Cartagena,12,9,41181,35368,13255,27100,0,0,824,0,35282,0,0,86
2025-04-30,port218,Cartagena,9,3,74655,108834,58629,7140,0,8885,0,54357,4561,9305,40610,0
2025-05-01,port218,Cartagena,8,8,42190,14049,0,42190,0,0,0,0,14049,0,0,0
2025-05-02,port218,Cartagena,7,4,27231,20726,8666,2800,0,15763,0,0,8901,0,11824,0
2025-05-03,port218,Cartagena,9,6,109606,12498,0,32783,189,76633,0,0,12498,0,0,0
2025-05-04,port218,Cartagena,8,6,17435,13619,0,15932,1503,0,0,2451,11167,0,0,0
2025-05-05,port218,Cartagena,15,8,62221,62422,10055,40235,887,11043,0,0,21302,3123,37995,0
2025-05-06,port218,Cartagena,8,5,3763,41866,0,2938,0,0,824,0,41780,0,0,86
2025-05-07,port218,Cartagena,13,7,83324,64935,0,10996,0,70949,1378,15970,10080,0,38884,0
2025-05-08,port218,Cartagena,10,8,12707,28076,0,8805,887,3014,0,0,14793,1457,11824,0
2025-05-09,port218,Cartagena,9,6,50536,54909,0,36308,0,14227,0,0,6512,0,48396,0
2025-05-10,port218,Cartagena,12,9,20715,25030,450,17250,0,3014,0,0,13205,0,11824,0
2025-05-11,port218,Cartagena,8,5,31098,4001,0,31098,0,0,0,0,2280,1720,0,0
2025-05-12,port218,Cartagena,15,7,57012,212977,0,33608,887,22517,0,41668,14207,3705,153395,0
2025-05-13,port218,Cartagena,11,7,10962,28513,0,4941,3156,0,2864,0,27055,1457,0,0
2025-05-14,port218,Cartagena,6,5,9846,60563,0,9846,0,0,0,51814,8748,0,0,0
2025-05-15,port218,Cartagena,12,6,43889,22209,16377,7058,0,17152,3301,7648,14561,0,0,0
2025-05-16,port218,Cartagena,11,7,36945,19847,0,26339,887,9719,0,0,18389,1457,0,0
2025-05-17,port218,Cartagena,8,5,34591,51869,0,17349,0,17241,0,0,7473,1734,42661,0
2025-05-18,port218,Cartagena,15,7,58496,101945,0,42891,467,15137,0,0,6980,4872,90093,0
2025-05-19,port218,Cartagena,10,5,53554,24436,9412,42430,887,0,824,0,22892,1457,0,86
2025-05-20,port218,Cartagena,10,7,8816,61610,0,8816,0,0,0,39429,16035,6146,0,0
2025-05-21,port218,Cartagena,10,7,8209,45374,0,2737,887,4585,0,0,42085,3289,0,0
2025-05-22,port218,Cartagena,9,6,20031,12740,0,8949,4357,6723,0,1989,10750,0,0,0
2025-05-23,port218,Cartagena,14,10,42017,12299,19430,21700,887,0,0,0,10841,1457,0,0
2025-05-24,port218,Cartagena,7,6,31060,2499,0,30491,0,568,0,0,2499,0,0,0
2025-05-25,port218,Cartagena,11,7,7713,70807,0,7713,0,0,0,18279,10263,468,41795,0
2025-05-26,port218,Cartagena,11,7,37760,25557,18675,18198,887,0,0,0,24099,1457,0,0
2025-05-27,port218,Cartagena,12,6,55121,43055,26934,23545,0,4642,0,0,9821,0,33234,0
2025-05-28,port218,Cartagena,11,7,18804,70447,0,10416,0,8387,0,0,29864,1269,39313,0
2025-05-29,port218,Cartagena,10,8,19637,60375,0,17285,0,0,2352,0,24586,0,35789,0
2025-05-30,port218,Cartagena,13,6,108039,62493,0,11604,0,96435,0,0,19831,0,42661,0
2025-05-31,port218,Cartagena,9,7,84715,6898,0,83828,887,0,0,0,5440,1457,0,0
2025-06-01,port218,Cartagena,10,6,25126,78869,0,10670,228,14227,0,36898,9196,1938,30836,0
2025-06-02,port218,Cartagena,7,3,55851,24531,54964,0,887,0,0,7238,15834,1457,0,0
2025-06-03,port218,Cartagena,14,7,16000,36244,0,12884,887,699,1528,7017,18567,1942,8717,0
2025-06-04,port218,Cartagena,10,6,24136,93373,0,12877,0,11259,0,49655,31893,0,11824,0
2025-06-05,port218,Cartagena,9,7,2421,102172,0,2421,0,0,0,0,16054,0,86118,0
2025-06-06,port218,Cartagena,16,9,49320,19580,0,35667,1976,11677,0,2143,14135,3300,0,0
2025-06-07,port218,Cartagena,9,5,9070,6747,0,7583,1486,0,0,0,6747,0,0,0
2025-06-08,port218,Cartagena,10,7,48575,18264,0,39403,887,8285,0,0,4867,1457,11939,0
2025-06-09,port218,Cartagena,11,6,10055,55069,0,2507,0,6723,824,0,19028,0,35954,86
2025-06-10,port218,Cartagena,10,6,17131,25826,3084,8714,887,4445,0,0,23953,1872,0,0
2025-06-11,port218,Cartagena,11,6,14657,33886,0,11774,0,2422,459,18609,15276,0,0,0
2025-06-12,port218,Cartagena,6,6,13792,5492,0,13792,0,0,0,0,5492,0,0,0
2025-06-13,port218,Cartagena,11,8,28951,52906,0,25937,0,3014,0,0,23790,0,29116,0
2025-06-14,port218,Cartagena,13,5,119359,6429,0,43599,3692,72068,0,0,2767,3661,0,0
2025-06-15,port218,Cartagena,9,6,31287,26197,16837,14449,0,0,0,0,4204,1310,20682,0
2025-06-16,port218,Cartagena,10,7,13882,51259,0,8459,0,3014,2408,0,39435,0,11824,0
2025-06-17,port218,Cartagena,8,6,6780,36695,0,3304,462,3014,0,0,24870,0,11824,0
2025-06-18,port218,Cartagena,10,5,58381,48447,25700,23227,887,8566,0,0,6367,1457,40622,0
2025-06-19,port218,Cartagena,13,11,6931,29815,0,6931,0,0,0,0,16786,13029,0,0
2025-06-20,port218,Cartagena,10,6,33470,58863,0,27458,228,5271,511,48253,8555,1938,114,0
2025-06-21,port218,Cartagena,13,6,58998,48024,0,35638,887,22472,0,0,15730,1457,30836,0
2025-06-22,port218,Cartagena,10,6,28574,21659,12503,15183,887,0,0,7017,10077,4564,0,0
2025-06-23,port218,Cartagena,10,7,9119,45668,0,9119,0,0,0,0,22673,1080,21914,0
2025-06-24,port218,Cartagena,11,6,14078,31132,0,2938,2253,8885,0,0,31132,0,0,0
2025-06-25,port218,Cartagena,7,6,67631,28072,52759,14872,0,0,0,0,28072,0,0,0
2025-06-26,port218,Cartagena,12,8,23428,4991,0,19460,0,347,3620,2297,2693,0,0,0
2025-06-27,port218,Cartagena,12,7,44934,72620,2060,30482,887,11504,0,0,15560,1457,55601,0
2025-06-28,port218,Cartagena,8,5,12463,92588,0,9448,0,3014,0,0,22515,0,70072,0
2025-06-29,port218,Cartagena,13,6,51785,85364,0,26238,887,24660,0,60784,8944,1457,14177,0
2025-06-30,port218,Cartagena,9,5,18641,22682,6693,6020,0,5926,0,0,22682,0,0,0
2025-07-01,port218,Cartagena,10,7,46162,23501,0,9954,1641,34566,0,0,22043,1457,0,0
2025-07-02,port218,Cartagena,8,6,0,40517,0,0,0,0,0,0,24812,0,15705,0
2025-07-03,port218,Cartagena,13,9,8906,141264,0,8906,0,0,0,7017,24262,0,109984,0
2025-07-04,port218,Cartagena,9,8,15415,11719,0,15011,404,0,0,0,11719,0,0,0
2025-07-05,port218,Cartagena,13,8,97032,29821,0,15652,0,81380,0,18624,11196,0,0,0
2025-07-06,port218,Cartagena,11,6,131340,90324,49678,61276,887,19498,0,43061,14853,1457,30951,0
2025-07-07,port218,Cartagena,8,6,20145,27797,0,20145,0,0,0,0,20509,0,7287,0
2025-07-08,port218,Cartagena,10,7,18759,70476,0,15745,0,3014,0,0,13007,0,57469,0
2025-07-09,port218,Cartagena,11,5,34572,86642,0,5377,0,29195,0,0,21267,3701,61673,0
2025-07-10,port218,Cartagena,11,7,26630,26758,0,15142,228,11259,0,0,12995,1938,11824,0
2025-07-11,port218,Cartagena,15,10,30457,54263,0,27238,887,0,2331,7559,45246,1457,0,0
2025-07-12,port218,Cartagena,13,6,66565,19945,11150,46529,0,8885,0,10456,9488,0,0,0
2025-07-13,port218,Cartagena,7,5,182848,5136,168867,13980,0,0,0,0,5136,0,0,0
2025-07-14,port218,Cartagena,20,8,26243,102346,0,20375,3003,0,2864,10732,30307,15067,46239,0
2025-07-15,port218,Cartagena,13,7,40047,100267,0,28052,0,11994,0,658,17653,0,81445,510
2025-07-16,port218,Cartagena,12,8,33821,37528,0,25477,0,8344,0,0,25703,0,11824,0
2025-07-17,port218,Cartagena,11,8,32518,51092,22491,10027,0,0,0,40356,10736,0,0,0
2025-07-18,port218,Cartagena,9,5,23538,37900,0,18768,887,3882,0,14349,6387,1457,15705,0
2025-07-19,port218,Cartagena,13,7,50784,44840,0,36557,0,14227,0,4719,9284,0,30836,0
2025-07-20,port218,Cartagena,13,11,62027,28823,0,61140,887,0,0,0,27365,1457,0,0
2025-07-21,port218,Cartagena,11,6,30889,69776,11150,2938,0,16800,0,10456,26169,0,33150,0
2025-07-22,port218,Cartagena,12,8,100953,18054,22195,1723,141,76892,0,0,11101,0,6952,0
2025-07-23,port218,Cartagena,10,7,5331,40960,0,4250,0,1080,0,3948,29507,7504,0,0
2025-07-24,port218,Cartagena,11,7,15913,60847,0,13758,0,2154,0,0,9453,0,51394,0
2025-07-25,port218,Cartagena,15,11,41404,27516,20099,7960,0,13343,0,0,27516,0,0,0
2025-07-26,port218,Cartagena,12,5,47472,79881,0,39135,887,3501,3948,0,4943,1565,73372,0
2025-07-27,port218,Cartagena,11,6,50014,51158,0,38425,0,8244,3344,7559,11498,0,32100,0
2025-07-28,port218,Cartagena,10,7,11216,29958,0,11216,0,0,0,0,26702,1665,1590,0
2025-07-29,port218,Cartagena,9,7,27989,20827,8960,18701,326,0,0,0,20827,0,0,0
2025-07-30,port218,Cartagena,12,8,29718,32759,0,8516,0,21202,0,0,9110,0,23649,0
2025-07-31,port218,Cartagena,9,7,77306,44070,60411,16894,0,0,0,29932,14137,0,0,0
2025-08-01,port218,Cartagena,11,8,38280,17859,0,38280,0,0,0,0,11370,4045,2443,0
2025-08-02,port218,Cartagena,11,6,26073,8294,0,17576,1774,6723,0,0,2511,2915,0,2867
2025-08-03,port218,Cartagena,12,7,16784,40605,0,9985,921,3014,2864,18279,10502,0,11824,0
2025-08-04,port218,Cartagena,7,5,73485,44665,0,0,887,72598,0,0,43207,1457,0,0
2025-08-05,port218,Cartagena,14,8,66786,38075,43174,10908,887,10275,1541,0,15176,1457,21440,0
2025-08-06,port218,Cartagena,10,8,21677,164158,0,21677,0,0,0,55403,36558,0,72195,0
2025-08-07,port218,Cartagena,12,9,32289,20945,0,20298,0,8996,2994,0,20945,0,0,0
2025-08-08,port218,Cartagena,13,6,11693,71250,0,9919,1774,0,0,0,18930,2915,49404,0
2025-08-09,port218,Cartagena,12,5,70011,50610,0,44745,1774,23491,0,0,13529,6128,30951,0
2025-08-10,port218,Cartagena,6,5,31294,3682,0,31294,0,0,0,0,3682,0,0,0
2025-08-11,port218,Cartagena,15,8,63751,61222,51635,1089,2661,8365,0,0,42794,17917,0,509
2025-08-12,port218,Cartagena,8,5,22140,30396,0,12240,228,9671,0,0,28457,1938,0,0
2025-08-13,port218,Cartagena,19,9,77324,130016,40646,14431,0,22245,0,10563,9377,1734,108340,0
2025-08-14,port218,Cartagena,11,6,23607,5792,0,11024,0,9181,3402,0,5114,0,677,0
2025-08-15,port218,Cartagena,17,8,36835,52950,16252,2891,887,14227,2577,0,19866,1495,31589,0
2025-08-16,port218,Cartagena,11,8,45952,33922,0,37257,0,7870,824,0,22012,0,11824,86
2025-08-17,port218,Cartagena,11,5,74226,55431,11150,56426,0,6649,0,29066,25326,0,1038,0
2025-08-18,port218,Cartagena,10,7,19125,34276,0,10512,1890,6723,0,0,32699,1577,0,0
2025-08-19,port218,Cartagena,11,8,105702,27547,0,19023,0,86678,0,0,27547,0,0,0
2025-08-20,port218,Cartagena,7,6,5804,16863,0,4979,0,0,824,0,16777,0,0,86
2025-08-21,port218,Cartagena,13,9,19695,115402,0,13666,0,6028,0,23805,28000,0,63596,0
2025-08-22,port218,Cartagena,14,10,53535,5608,0,43753,74,8996,711,0,3915,1665,0,27
2025-08-23,port218,Cartagena,7,5,31951,53858,8713,23237,0,0,0,0,10213,0,43644,0
2025-08-24,port218,Cartagena,9,7,23425,17156,0,14543,0,8881,0,0,17156,0,0,0
2025-08-25,port218,Cartagena,12,8,48996,95372,4319,37555,0,3960,3161,0,25048,0,70324,0
2025-08-26,port218,Cartagena,10,7,23750,28469,0,4190,313,19246,0,0,28469,0,0,0
2025-08-27,port218,Cartagena,6,6,2792,30954,0,2792,0,0,0,0,30954,0,0,0
2025-08-28,port218,Cartagena,15,10,31225,76670,0,17709,0,13515,0,0,22960,0,53709,0
2025-08-29,port218,Cartagena,12,8,42832,10517,0,30515,1774,10542,0,0,7601,2915,0,0
2025-08-30,port218,Cartagena,19,8,70850,96609,22300,33044,0,15505,0,35412,17185,0,44011,0
2025-08-31,port218,Cartagena,6,4,18207,67305,0,18207,0,0,0,0,6176,0,61129,0
2025-09-01,port218,Cartagena,13,7,31285,57470,0,14469,0,16815,0,0,11020,15612,30836,0
2025-09-02,port218,Cartagena,12,9,17223,47031,0,8130,0,6723,2369,0,46412,0,618,0
2025-09-03,port218,Cartagena,8,6,21990,12686,0,21213,266,0,510,0,12686,0,0,0
2025-09-04,port218,Cartagena,11,7,58748,18126,33252,24608,887,0,0,0,14836,1457,1831,0
2025-09-05,port218,Cartagena,13,10,65326,44403,1952,49146,0,14227,0,0,13566,0,30836,0
2025-09-06,port218,Cartagena,12,5,97521,46060,56627,28061,0,12832,0,38636,7423,0,0,0
2025-09-07,port218,Cartagena,10,6,28649,76606,0,26875,1774,0,0,54293,17731,4581,0,0
2025-09-08,port218,Cartagena,15,10,24971,77976,0,11054,0,13916,0,0,33213,0,44763,0
2025-09-09,port218,Cartagena,10,6,9652,27160,0,8941,0,0,711,0,12420,14713,0,27
2025-09-10,port218,Cartagena,15,9,8539,133055,0,5719,0,1995,824,44414,40435,1135,46983,86
2025-09-11,port218,Cartagena,10,6,16942,51710,0,10119,887,1940,3996,0,11229,1457,39023,0
2025-09-12,port218,Cartagena,13,8,60125,51013,0,45356,0,14769,0,0,17862,0,33150,0
2025-09-13,port218,Cartagena,11,5,77257,10192,0,38940,1774,33986,2556,0,7276,2915,0,0
2025-09-14,port218,Cartagena,11,8,43893,52253,0,34712,0,9181,0,0,8608,0,43644,0
2025-09-15,port218,Cartagena,10,6,80143,91176,0,3899,0,75222,1020,0,29802,0,61373,0
2025-09-16,port218,Cartagena,10,7,7989,31264,0,7989,0,0,0,2297,28966,0,0,0
2025-09-17,port218,Cartagena,6,4,55398,9267,0,55398,0,0,0,0,9267,0,0,0
2025-09-18,port218,Cartagena,11,8,18836,56700,0,10635,0,8201,0,0,10427,0,46272,0
2025-09-19,port218,Cartagena,15,9,31474,54327,6425,21949,887,0,2213,0,16249,1765,36312,0
2025-09-20,port218,Cartagena,10,6,33860,60301,21008,11964,887,0,0,585,8474,1457,49784,0
2025-09-21,port218,Cartagena,8,6,40990,62853,0,40990,0,0,0,52172,10681,0,0,0
2025-09-22,port218,Cartagena,12,9,19340,55965,0,16326,0,3014,0,6349,37791,0,11824,0
2025-09-23,port218,Cartagena,10,6,29024,11183,0,18741,0,10283,0,1006,10177,0,0,0
2025-09-24,port218,Cartagena,17,12,32607,37431,0,17322,0,15285,0,3224,32472,1734,0,0
2025-09-25,port218,Cartagena,12,7,72073,13992,51047,8202,1774,8881,2167,0,11076,2915,0,0
2025-09-26,port218,Cartagena,11,8,26099,102297,0,26099,0,0,0,4203,18011,230,79852,0
2025-09-27,port218,Cartagena,11,8,62589,43453,29449,18913,0,14227,0,0,12107,0,30836,509
2025-09-28,port218,Cartagena,11,6,29434,8763,0,27839,887,708,0,0,4514,4249,0,0
2025-09-29,port218,Cartagena,10,4,22784,47325,0,1444,2722,17585,1031,0,1998,0,45327,0
2025-09-30,port218,Cartagena,11,8,28471,46030,0,14198,0,14273,0,0,22381,0,23649,0
2025-10-01,port218,Cartagena,10,5,120585,3055,35363,52918,887,30591,824,0,1511,1457,0,86
2025-10-02,port218,Cartagena,13,10,27688,29604,0,11603,379,15705,0,2297,27306,0,0,0
2025-10-03,port218,Cartagena,10,7,137711,25176,0,40515,3989,93206,0,0,23718,1457,0,0
2025-10-04,port218,Cartagena,12,5,149235,70580,0,31441,887,116907,0,51085,18037,1457,0,0
2025-10-05,port218,Cartagena,11,8,30518,12122,0,18524,0,11994,0,0,12007,0,114,0
2025-10-06,port218,Cartagena,10,8,21944,25390,0,13269,0,0,8675,0,25304,0,0,86
2025-10-07,port218,Cartagena,8,6,1662,72571,0,775,887,0,0,44414,26698,1457,0,0
2025-10-08,port218,Cartagena,10,5,15741,32049,0,5972,887,8881,0,3379,27212,1457,0,0
2025-10-09,port218,Cartagena,16,11,16092,110452,0,15205,887,0,0,0,34578,7701,68173,0
2025-10-10,port218,Cartagena,14,8,52920,92927,18652,30366,887,3014,0,0,9090,1457,82378,0
2025-10-11,port218,Cartagena,6,5,29696,44979,0,29696,0,0,0,0,31622,0,13356,0
2025-10-12,port218,Cartagena,11,5,38652,71866,643,34994,0,3014,0,52901,4893,2247,11824,0
2025-10-13,port218,Cartagena,12,9,101744,21357,0,21759,887,79097,0,0,19899,1457,0,0
2025-10-14,port218,Cartagena,12,9,40594,38875,0,31992,691,4585,3325,0,38875,0,0,0
2025-10-15,port218,Cartagena,11,4,42313,47389,0,24135,0,18177,0,0,7665,1665,38058,0
2025-10-16,port218,Cartagena,16,9,112656,21462,7158,49189,887,55421,0,0,8180,1457,11824,0
2025-10-17,port218,Cartagena,11,9,40222,21489,2759,37463,0,0,0,0,21489,0,0,0
2025-10-18,port218,Cartagena,11,8,40501,56151,5288,26242,0,8970,0,0,5526,0,50624,0
2025-10-19,port218,Cartagena,11,8,6368,39548,0,5481,887,0,0,2297,35527,1722,0,0
2025-10-20,port218,Cartagena,13,9,10917,149540,0,5568,344,5004,0,46401,9729,0,93410,0
2025-10-21,port218,Cartagena,15,9,35238,68932,11150,5661,0,18426,0,10456,30506,439,27529,0
2025-10-22,port218,Cartagena,10,5,60340,58151,0,39959,887,19494,0,48813,7880,1457,0,0
2025-10-23,port218,Cartagena,10,9,35905,12458,0,35194,0,0,711,0,12431,0,0,27
2025-10-24,port218,Cartagena,8,7,16096,23716,0,15209,887,0,0,0,22258,1457,0,0
2025-10-25,port218,Cartagena,9,8,14113,24202,0,14113,0,0,0,0,21987,0,2215,0
2025-10-26,port218,Cartagena,7,5,4947,31445,0,374,0,4573,0,0,19621,0,11824,0
2025-10-27,port218,Cartagena,13,8,40008,80396,0,24893,887,14227,0,0,13477,1457,65460,0
2025-10-28,port218,Cartagena,10,5,22990,53908,0,0,0,20950,2039,0,22849,0,31059,0
2025-10-29,port218,Cartagena,10,6,49221,9766,0,47447,1774,0,0,0,5781,2915,1068,0
2025-10-30,port218,Cartagena,11,7,19401,76588,0,9924,0,9476,0,3534,13589,0,59463,0
2025-10-31,port218,Cartagena,11,10,13884,27567,0,12861,0,0,1023,0,27567,0,0,0
2025-11-01,port218,Cartagena,13,6,108543,40008,0,23896,3568,81078,0,5447,9454,1457,23649,0
2025-11-02,port218,Cartagena,7,4,15415,30147,9758,5657,0,0,0,0,20601,9546,0,0
2025-11-03,port218,Cartagena,11,8,30552,29346,0,28818,1734,0,0,0,13640,0,15705,0
2025-11-04,port218,Cartagena,11,9,28949,13941,0,10934,0,18014,0,0,13941,0,0,0
2025-11-05,port218,Cartagena,14,9,39081,87395,8313,30768,0,0,0,0,22424,0,64970,0
2025-11-06,port218,Cartagena,12,6,40583,13213,0,35464,2661,0,2457,2547,6292,4373,0,0
2025-11-07,port218,Cartagena,10,8,5163,31253,0,917,0,4245,0,0,29587,1665,0,0
2025-11-08,port218,Cartagena,15,10,55422,73473,14503,32673,0,8244,0,0,21861,0,50588,1023
2025-11-09,port218,Cartagena,9,5,29507,59813,0,22653,887,5966,0,45959,12396,1457,0,0
2025-11-10,port218,Cartagena,12,7,29772,23696,0,12462,6,11631,5671,0,19865,3831,0,0
2025-11-11,port218,Cartagena,16,8,28297,181073,0,11280,887,16130,0,98033,19973,1457,61608,0
2025-11-12,port218,Cartagena,10,5,37586,5292,0,24228,0,12097,1259,0,0,0,5205,86
2025-11-13,port218,Cartagena,13,8,29822,49558,15681,9368,0,4772,0,0,17375,0,32183,0
2025-11-14,port218,Cartagena,11,9,16546,34708,0,8935,887,6723,0,0,33250,1457,0,0
2025-11-15,port218,Cartagena,10,8,39457,5388,0,38474,158,0,824,0,5302,0,0,86
2025-11-16,port218,Cartagena,11,8,87136,28850,4988,12294,0,69853,0,0,28850,0,0,0
2025-11-17,port218,Cartagena,9,7,143807,8663,0,65212,0,78595,0,0,6928,1734,0,0
2025-11-18,port218,Cartagena,14,6,14492,124395,0,3461,0,11030,0,7017,31550,198,85627,0
2025-11-19,port218,Cartagena,12,10,32073,36209,0,30902,0,1171,0,18609,17599,0,0,0
2025-11-20,port218,Cartagena,14,9,25951,69424,0,11897,887,13166,0,41722,26244,1457,0,0
2025-11-21,port218,Cartagena,10,9,23032,17527,0,19045,0,3987,0,0,17527,0,0,0
2025-11-22,port218,Cartagena,13,8,36476,33074,0,23984,0,12491,0,0,15824,5425,11824,0
2025-11-23,port218,Cartagena,6,5,32090,13648,30467,1622,0,0,0,0,13648,0,0,0
2025-11-24,port218,Cartagena,14,7,32466,4653,0,22149,0,10316,0,0,2695,1842,114,0
2025-11-25,port218,Cartagena,14,8,55384,61782,0,42984,887,8244,3267,0,16431,1457,43893,0
2025-11-26,port218,Cartagena,11,7,15622,59281,0,5008,4357,3014,3241,0,11701,0,47580,0
2025-11-27,port218,Cartagena,11,8,8228,19445,0,7759,0,468,0,0,16731,551,2162,0
2025-11-28,port218,Cartagena,10,8,8131,83561,0,8131,0,0,0,0,22196,0,61364,0
2025-11-29,port218,Cartagena,8,4,21834,57978,0,7094,0,14227,512,25704,1437,0,30836,0
2025-11-30,port218,Cartagena,9,7,92270,21083,0,18014,887,73369,0,0,19626,1457,0,0
2025-12-01,port218,Cartagena,13,6,49097,97590,0,18207,0,29358,1531,2297,7826,0,87466,0
2025-12-02,port218,Cartagena,16,8,35087,73083,2063,30146,1774,0,1103,13596,20629,2915,35433,507
2025-12-03,port218,Cartagena,12,8,44399,21325,0,33246,0,11153,0,611,8888,0,11824,0
2025-12-04,port218,Cartagena,13,9,54977,33508,0,45073,0,8881,1023,18609,14898,0,0,0
2025-12-05,port218,Cartagena,9,8,24466,24235,0,24466,0,0,0,3534,20700,0,0,0
2025-12-06,port218,Cartagena,15,10,45700,72861,0,31251,1774,12674,0,0,39721,2915,30224,0
2025-12-07,port218,Cartagena,8,6,17319,30546,0,12143,0,0,5175,0,30546,0,0,0
2025-12-08,port218,Cartagena,10,6,46421,12785,0,35776,887,9758,0,0,11327,1457,0,0
2025-12-09,port218,Cartagena,10,7,181345,13171,0,38760,0,142585,0,0,11436,1734,0,0
2025-12-10,port218,Cartagena,10,7,7552,22992,0,7552,0,0,0,0,21326,1665,0,0
2025-12-11,port218,Cartagena,11,8,31772,17721,0,14346,0,17425,0,0,17721,0,0,0
2025-12-12,port218,Cartagena,7,5,3385,10549,0,3385,0,0,0,0,10549,0,0,0
2025-12-13,port218,Cartagena,10,7,38324,59183,0,34423,887,3014,0,0,11747,1457,45978,0
2025-12-14,port218,Cartagena,8,5,52686,10870,35314,16484,887,0,0,0,9412,1457,0,0
2025-12-15,port218,Cartagena,11,8,26966,142255,6549,6189,0,14227,0,0,38289,0,103966,0
2025-12-16,port218,Cartagena,12,10,21409,41823,0,21409,0,0,0,19035,22788,0,0,0
2025-12-17,port218,Cartagena,10,7,51591,79802,0,30640,0,20950,0,0,8999,0,70802,0
2025-12-18,port218,Cartagena,14,10,42343,88958,0,15493,3740,23109,0,26298,31823,0,30836,0
2025-12-19,port218,Cartagena,9,6,18707,8235,0,18707,0,0,0,2143,6092,0,0,0
2025-12-20,port218,Cartagena,12,8,90092,50772,44271,41900,0,3920,0,0,14473,0,36299,0
2025-12-21,port218,Cartagena,6,4,11810,43619,0,11810,0,0,0,18279,25339,0,0,0
2025-12-22,port218,Cartagena,10,5,10929,37639,0,7686,228,3014,0,3534,11660,10619,11824,0
2025-12-23,port218,Cartagena,10,7,85782,14440,0,7237,0,77524,1020,0,14440,0,0,0
2025-12-24,port218,Cartagena,8,6,39895,50238,0,34716,0,5178,0,0,7648,0,42589,0
2025-12-25,port218,Cartagena,12,8,24972,24192,0,20184,1774,3014,0,0,9452,2915,11824,0
2025-12-26,port218,Cartagena,12,7,13540,35398,0,13540,0,0,0,0,27624,1690,6083,0
2025-12-27,port218,Cartagena,11,9,20488,17107,0,15217,0,5271,0,0,16992,0,114,0
2025-12-28,port218,Cartagena,8,6,66500,8913,0,13621,887,51991,0,0,7456,1457,0,0
2025-12-29,port218,Cartagena,15,8,57494,198671,23409,26333,887,6865,0,10456,48686,1457,138070,0
2025-12-30,port218,Cartagena,11,8,10031,29825,0,6730,2785,0,515,0,29825,0,0,0
2025-12-31,port218,Cartagena,8,1,59734,91944,0,24326,13007,22400,0,0,0,1457,90486,0
2026-01-01,port218,Cartagena,13,8,39957,69056,19056,13290,887,6723,0,50468,17129,1457,0,0
2026-01-02,port218,Cartagena,9,7,29147,26092,0,14789,0,14357,0,0,26092,0,0,0
2026-01-03,port218,Cartagena,10,10,32362,17212,0,32362,0,0,0,0,17212,0,0,0
2026-01-04,port218,Cartagena,11,8,54909,22040,26226,28683,0,0,0,0,20083,1956,0,0
2026-01-05,port218,Cartagena,14,9,89714,27310,0,12653,0,77061,0,0,15485,0,11824,0
2026-01-06,port218,Cartagena,8,7,34792,6603,0,33905,887,0,0,0,5145,1457,0,0
2026-01-07,port218,Cartagena,11,6,41382,42261,0,15887,0,18812,6682,0,11424,0,30836,0
2026-01-08,port218,Cartagena,14,8,68017,30825,0,24272,887,42858,0,5986,23381,1457,0,0
2026-01-09,port218,Cartagena,15,10,74293,91461,52227,8549,0,13515,0,56588,34758,0,114,0
2026-01-10,port218,Cartagena,11,7,18506,29803,0,15577,887,2041,0,0,16917,1457,11428,0
2026-01-11,port218,Cartagena,7,5,14613,14608,0,11598,0,3014,0,0,2783,0,11824,0
2026-01-12,port218,Cartagena,12,8,17373,22938,0,15813,0,1559,0,18279,4658,0,0,0
2026-01-13,port218,Cartagena,10,8,14245,21633,0,4983,0,9262,0,0,21633,0,0,0
2026-01-14,port218,Cartagena,11,5,60303,12657,0,33561,0,26742,0,0,10966,1690,0,0
2026-01-15,port218,Cartagena,8,6,12491,36053,0,9055,887,0,2549,0,34595,1457,0,0
2026-01-16,port218,Cartagena,12,9,26886,75311,10068,16818,0,0,0,39741,35569,0,0,0
2026-01-17,port218,Cartagena,12,8,89076,18504,22496,57103,0,9476,0,10456,5288,0,2759,0
2026-01-18,port218,Cartagena,10,6,14756,116345,0,11742,0,3014,0,0,14939,0,99671,1734
2026-01-19,port218,Cartagena,10,7,13708,12598,0,12821,887,0,0,0,11141,1457,0,0
2026-01-20,port218,Cartagena,13,8,25803,33542,0,16183,9620,0,0,0,29826,3716,0,0
2026-01-21,port218,Cartagena,12,5,54890,56246,18980,25340,6,9737,824,0,5192,3831,47135,86
2026-01-22,port218,Cartagena,12,9,11201,57623,0,8155,692,0,2353,0,11879,0,45744,0
2026-01-23,port218,Cartagena,12,11,36400,27178,0,36400,0,0,0,0,27178,0,0,0
2026-01-24,port218,Cartagena,12,8,17682,106393,11150,5645,887,0,0,12754,23398,1457,68782,0
2026-01-25,port218,Cartagena,11,7,36223,45946,0,22746,0,13477,0,0,13780,0,32165,0
2026-01-26,port218,Cartagena,10,8,14720,15432,0,13833,887,0,0,0,13974,1457,0,0
2026-01-27,port218,Cartagena,8,7,18588,35100,0,5348,0,13240,0,0,35100,0,0,0
2026-01-28,port218,Cartagena,8,6,55451,5863,0,38359,0,17091,0,0,4289,1574,0,0
2026-01-29,port218,Cartagena,10,7,52314,38792,0,29133,0,23181,0,0,15143,0,23649,0
2026-01-30,port218,Cartagena,11,7,23871,64331,0,11860,0,12011,0,25297,27209,0,11824,0
2026-01-31,port218,Cartagena,10,7,38108,68602,0,29287,0,8820,0,46713,10064,0,11824,0
2026-02-01,port218,Cartagena,11,6,75441,87062,61338,479,887,12736,0,0,28692,1457,56911,0
2026-02-02,port218,Cartagena,11,8,25871,24873,0,24984,887,0,0,10479,12935,1457,0,0
2026-02-03,port218,Cartagena,11,7,47399,31597,11150,30977,0,5271,0,10456,21026,0,114,0
2026-02-04,port218,Cartagena,9,5,15297,59294,0,11754,1774,1768,0,0,9580,2915,46798,0
2026-02-05,port218,Cartagena,8,6,18995,6658,0,7804,0,10365,824,0,6571,0,0,86
2026-02-06,port218,Cartagena,17,9,49869,107722,0,9375,1774,38719,0,1223,26299,2915,77283,0
2026-02-07,port218,Cartagena,11,6,102493,14389,5623,37950,6,58913,0,0,8892,5497,0,0
2026-02-08,port218,Cartagena,8,5,68931,46256,19608,35095,0,14227,0,2297,13122,0,30836,0
2026-02-09,port218,Cartagena,12,6,18869,9322,0,6768,1047,11053,0,0,7864,1457,0,0
2026-02-10,port218,Cartagena,10,7,82212,24413,33637,48575,0,0,0,0,22532,0,1881,0
2026-02-11,port218,Cartagena,13,8,35816,41451,0,21200,0,11259,3357,0,29541,0,11824,86
2026-02-12,port218,Cartagena,10,6,26951,28806,5191,11750,0,10009,0,0,16981,0,11824,0
2026-02-13,port218,Cartagena,13,6,21560,73380,0,12253,6291,3014,0,0,20120,0,53259,0
2026-02-14,port218,Cartagena,11,7,65268,48511,0,30995,887,32874,511,31819,15234,1457,0,0
2026-02-15,port218,Cartagena,13,9,15582,56320,0,5983,0,4848,4750,12409,43910,0,0,0
2026-02-16,port218,Cartagena,12,8,36999,70704,10507,12265,0,14227,0,522,17915,0,52266,0
2026-02-17,port218,Cartagena,10,8,3763,72079,0,2938,0,0,824,0,28878,0,43114,86
2026-02-18,port218,Cartagena,11,7,44736,35699,11150,23881,0,9704,0,28735,6964,0,0,0
2026-02-19,port218,Cartagena,16,9,65578,81734,33840,11481,0,20256,0,0,26903,0,54830,0
2026-02-20,port218,Cartagena,12,7,26115,156249,0,25228,887,0,0,0,11682,1457,143109,0
2026-02-21,port218,Cartagena,8,7,73012,39251,0,58785,0,14227,0,0,8414,0,30836,0
2026-02-22,port218,Cartagena,11,6,118951,58714,3932,20253,0,94765,0,0,22412,0,36302,0
2026-02-23,port218,Cartagena,17,10,95980,87440,0,36309,887,58783,0,0,22466,3300,61673,0
2026-02-24,port218,Cartagena,11,9,11548,46680,0,8534,0,3014,0,0,34856,0,11824,0
2026-02-25,port218,Cartagena,11,5,62477,33249,22629,11763,0,28084,0,2297,0,0,30951,0
2026-02-26,port218,Cartagena,8,5,10771,25881,0,2938,6,7825,0,0,22050,3831,0,0
2026-02-27,port218,Cartagena,14,11,42204,30602,0,33959,0,8244,0,0,16658,13944,0,0
2026-02-28,port218,Cartagena,9,6,57724,4592,0,46763,0,10960,0,0,4592,0,0,0
2026-03-01,port218,Cartagena,7,6,44778,35134,29820,14957,0,0,0,0,35134,0,0,0
2026-03-02,port218,Cartagena,15,6,88719,69201,0,12282,1774,74662,0,0,1169,2915,65115,0
2026-03-03,port218,Cartagena,11,9,19752,38380,11150,6435,0,0,2166,10456,27924,0,0,0
2026-03-04,port218,Cartagena,11,7,38741,46646,0,37854,887,0,0,3379,4248,4224,34793,0
2026-03-05,port218,Cartagena,8,5,0,17845,0,0,0,0,0,520,16813,0,0,510
2026-03-06,port218,Cartagena,9,7,26665,15229,0,23973,0,1866,824,0,15143,0,0,86
2026-03-07,port218,Cartagena,12,9,38013,39389,0,33740,0,4272,0,0,31841,0,7547,0
2026-03-08,port218,Cartagena,8,5,33923,74221,0,19695,0,14227,0,0,6569,0,67139,512
2026-03-09,port218,Cartagena,13,6,39864,171216,24114,14862,887,0,0,46316,26689,1457,96752,0
2026-03-10,port218,Cartagena,12,9,35457,18949,0,35457,0,0,0,0,17630,0,1319,0
2026-03-11,port218,Cartagena,11,5,35861,26433,0,9405,0,26455,0,2297,8127,4184,11824,0
2026-03-12,port218,Cartagena,14,9,190282,47751,166677,23605,0,0,0,0,19579,0,27659,511
2026-03-13,port218,Cartagena,12,8,27205,98461,0,27205,0,0,0,0,11849,8156,78455,0
2026-03-14,port218,Cartagena,10,7,57911,11278,0,49029,0,8881,0,0,8072,161,0,3044
2026-03-15,port218,Cartagena,11,6,77521,64869,13344,934,0,63243,0,10456,54413,0,0,0
2026-03-16,port218,Cartagena,10,6,39021,28782,27767,8833,887,0,1533,12453,14871,1457,0,0
2026-03-17,port218,Cartagena,12,6,23132,124786,0,17241,887,5004,0,5730,13125,1457,104472,0
2026-03-18,port218,Cartagena,10,7,63114,15741,16157,30511,0,14400,2044,0,15741,0,0,0
2026-03-19,port218,Cartagena,14,8,39703,27731,31553,6274,0,1875,0,13105,14626,0,0,0
2026-03-20,port218,Cartagena,12,10,24630,17371,0,16385,0,8244,0,0,14283,0,3088,0
2026-03-21,port218,Cartagena,12,8,67886,22013,48475,15509,887,3014,0,0,8730,1457,11824,0
2026-03-22,port218,Cartagena,8,4,113472,2280,0,22158,3908,86384,1020,0,2280,0,0,0
2026-03-23,port218,Cartagena,12,6,38779,68679,0,13333,1422,23197,824,7017,29280,1457,30836,86
2026-03-24,port218,Cartagena,13,9,8876,67578,0,8876,0,0,0,0,33017,0,33693,867
2026-03-25,port218,Cartagena,7,5,38350,14765,0,33373,0,3014,1962,0,2940,0,11824,0
2026-03-26,port218,Cartagena,13,9,42023,117034,10313,28695,0,3014,0,18279,16910,0,81845,0
2026-03-27,port218,Cartagena,11,9,18272,60623,0,18272,0,0,0,0,7421,0,53201,0
2026-03-28,port218,Cartagena,14,8,76281,96391,0,28204,266,47810,0,64770,31621,0,0,0
2026-03-29,port218,Cartagena,9,5,6368,41090,0,5326,216,0,824,2297,38706,0,0,86
2026-03-30,port218,Cartagena,10,3,38734,109119,0,0,887,37847,0,0,15093,6067,87958,0
2026-03-31,port218,Cartagena,10,8,23485,46877,0,19735,0,3750,0,0,35052,0,11824,0
2026-04-01,port218,Cartagena,7,6,39254,5908,0,39254,0,0,0,0,5908,0,0,0
2026-04-02,port218,Cartagena,12,7,24084,13464,0,17516,0,6568,0,0,6541,0,6923,0
2026-04-03,port218,Cartagena,16,10,80081,74125,38978,19204,0,21897,0,0,32841,1924,39359,0
2026-04-04,port218,Cartagena,8,6,51184,20470,31070,20114,0,0,0,0,5578,14892,0,0
2026-04-05,port218,Cartagena,7,6,44250,23114,0,30833,0,13416,0,0,23114,0,0,0
2026-04-06,port218,Cartagena,12,3,85161,46992,0,0,887,84274,0,0,14506,1457,30003,1024
2026-04-07,port218,Cartagena,12,7,67972,54552,11150,45610,0,10387,824,10456,4568,0,39441,86
2026-04-08,port218,Cartagena,10,7,45952,71157,0,43674,0,0,2277,61250,9907,0,0,0
2026-04-09,port218,Cartagena,8,6,19684,41192,0,19684,0,0,0,0,4805,0,36386,0
2026-04-10,port218,Cartagena,14,9,39283,52231,11150,10240,887,17006,0,10456,28493,1457,11824,0
2026-04-11,port218,Cartagena,12,7,70932,41792,0,49343,0,21589,0,0,5489,0,36302,0
2026-04-12,port218,Cartagena,14,8,113714,50407,11150,32090,0,70473,0,28735,19348,221,2101,0
2026-04-13,port218,Cartagena,8,4,19094,64114,0,15299,1774,0,2021,55468,5729,2915,0,0
2026-04-14,port218,Cartagena,9,8,23046,21626,0,20031,0,3014,0,0,9802,0,11824,0
2026-04-15,port218,Cartagena,12,5,94603,12416,0,15991,4984,72707,919,2297,6994,3123,0,0
2026-04-16,port218,Cartagena,16,10,71805,145134,0,30953,887,36751,3213,0,26737,1457,116938,0
2026-04-17,port218,Cartagena,11,6,30884,35904,0,12947,0,17112,824,0,10512,1842,23462,86
2026-04-18,port218,Cartagena,13,10,53308,49781,0,44540,0,6723,2044,0,18805,0,30975,0
2026-04-19,port218,Cartagena,7,5,26578,7241,0,24587,887,0,1103,0,5276,1457,0,507
2026-04-20,port218,Cartagena,12,5,37803,81425,0,11645,1173,24984,0,0,23450,1457,56516,0
2026-04-21,port218,Cartagena,12,10,26641,25762,10143,16497,0,0,0,0,25762,0,0,0
2026-04-22,port218,Cartagena,10,2,108600,69254,29493,2583,0,74478,2044,0,787,1005,67461,0
2026-04-23,port218,Cartagena,14,9,19240,83147,6693,8912,1069,0,2565,0,35208,0,47939,0
2026-04-24,port218,Cartagena,9,6,27912,12822,0,14126,0,12961,824,0,12736,0,0,86
2026-04-25,port218,Cartagena,12,8,50039,65380,3439,46599,0,0,0,7017,22582,0,35780,0
2026-04-26,port218,Cartagena,14,7,72516,60070,0,24981,0,47534,0,18279,11222,4416,26151,0
2026-04-27,port218,Cartagena,13,7,45093,66035,13325,10873,1774,19120,0,0,61383,4652,0,0
2026-04-28,port218,Cartagena,11,7,64682,44891,55650,9032,0,0,0,25788,19102,0,0,0
2026-04-29,port218,Cartagena,10,7,80378,2746,25218,55159,0,0,0,0,2746,0,0,0
2026-04-30,port218,Cartagena,11,9,47802,27590,0,45153,0,0,2648,0,27590,0,0,0
2026-05-01,port218,Cartagena,12,6,57764,68883,0,32931,0,23810,1022,2297,19961,0,46624,0
2026-05-02,port218,Cartagena,17,10,119679,133647,11150,22321,0,84185,2021,10456,20955,8480,93755,0
2026-05-03,port218,Cartagena,8,4,48294,78485,0,34067,0,14227,0,38366,9281,0,30836,0
2026-05-04,port218,Cartagena,6,5,14763,19359,0,6176,0,8586,0,0,19359,0,0,0
2026-05-05,port218,Cartagena,14,9,23988,65390,12328,10556,0,0,1103,2773,22951,4156,35000,507
2026-05-06,port218,Cartagena,11,8,57269,49973,0,45994,0,11275,0,0,8829,0,41143,0
2026-05-07,port218,Cartagena,10,9,27608,47456,0,22844,0,4763,0,0,18767,0,28688,0
2026-05-08,port218,Cartagena,16,11,100648,115088,0,20011,887,79749,0,568,19271,1457,93790,0
2026-05-09,port218,Cartagena,10,6,92615,16224,57594,19586,0,14098,1336,0,16138,0,0,86
2026-05-10,port218,Cartagena,7,6,11528,11279,0,11528,0,0,0,0,11279,0,0,0
2026-05-11,port218,Cartagena,10,8,27070,21090,0,17023,0,10047,0,0,21090,0,0,0
2026-05-12,port218,Cartagena,11,7,56292,29930,0,20856,0,34611,824,21813,8030,0,0,86
2026-05-13,port218,Cartagena,13,5,35230,94988,0,14228,887,17298,2815,0,39883,3306,51798,0
2026-05-14,port218,Cartagena,11,9,24020,14471,0,21488,0,0,2532,0,10443,4027,0,0
2026-05-15,port218,Cartagena,20,11,35196,181162,11150,23159,887,0,0,53984,15608,1457,110112,0
2026-05-16,port218,Cartagena,11,7,12598,22910,0,10679,0,1094,824,0,22824,0,0,86
2026-05-17,port218,Cartagena,10,6,119237,36227,0,40921,0,77490,824,0,7452,0,28688,86
2026-05-18,port218,Cartagena,7,5,34375,77247,0,19231,0,15144,0,26517,50729,0,0,0
2026-05-19,port218,Cartagena,14,7,57881,109042,0,12241,6036,39604,0,49464,25272,1457,32848,0
2026-05-20,port218,Cartagena,14,6,67450,76417,45370,19818,887,0,1374,56617,10858,6320,2620,0
2026-05-21,port218,Cartagena,12,8,22399,41174,0,7009,0,13999,1390,18953,10396,0,11824,0
2026-05-22,port218,Cartagena,12,7,114692,27237,56385,53823,887,0,3596,0,8782,1457,14668,2327
2026-05-23,port218,Cartagena,12,11,35000,29066,0,34289,0,0,711,0,29039,0,0,27
2026-05-24,port218,Cartagena,7,6,11946,5540,0,11946,0,0,0,0,5540,0,0,0
2026-05-25,port218,Cartagena,10,5,17774,70145,0,0,6,17767,0,0,34167,3831,32147,0
2026-05-26,port218,Cartagena,12,8,25316,97435,0,20184,887,4245,0,0,24403,1457,71573,0
2026-05-27,port218,Cartagena,7,5,73194,0,0,53389,5031,14773,0,0,0,0,0,0
2026-05-28,port218,Cartagena,14,11,88277,26128,0,29053,0,59223,0,7017,19110,0,0,0
2026-05-29,port218,Cartagena,16,10,28678,55613,0,8124,0,20554,0,18279,37069,264,0,0
2026-05-30,port218,Cartagena,10,7,17083,63079,0,13182,887,3014,0,0,17649,1457,43972,0
2026-05-31,port218,Cartagena,12,5,122446,38112,61203,36672,0,24570,0,0,21676,4611,11824,0
2026-06-01,port218,Cartagena,7,5,3740,7034,0,3740,0,0,0,0,6363,671,0,0
2026-06-02,port218,Cartagena,12,4,20752,43644,11150,7248,0,2353,0,14077,29566,0,0,0
2026-06-03,port218,Cartagena,10,6,129425,3738,0,43976,887,83531,1029,0,2280,1457,0,0
2026-06-04,port218,Cartagena,11,7,31985,14550,0,17966,0,14019,0,0,12813,1736,0,0
2026-06-05,port218,Cartagena,11,8,18233,71618,0,7248,0,10984,0,0,35304,0,36314,0
2026-06-06,port218,Cartagena,10,8,63341,13764,0,37584,0,25756,0,0,13764,0,0,0
2026-06-07,port218,Cartagena,8,6,31256,30787,0,27300,0,0,3956,0,23018,0,7768,0
2026-06-08,port218,Cartagena,10,6,14318,56509,0,12544,1774,0,0,33768,14211,2915,5613,0
2026-06-09,port218,Cartagena,11,7,50726,91284,31328,5170,0,14227,0,0,26218,0,65065,0
2026-06-10,port218,Cartagena,7,5,38952,19725,0,35938,0,3014,0,0,7901,0,11824,0
2026-06-11,port218,Cartagena,15,9,27072,126664,2063,14855,1907,8244,0,2773,13497,1457,108936,0
2026-06-12,port218,Cartagena,15,8,39503,24882,28663,6949,1265,0,2624,2015,20350,2516,0,0
2026-06-13,port218,Cartagena,15,9,73114,39043,15721,32072,887,22411,2021,7017,30568,1457,0,0
2026-06-14,port218,Cartagena,12,7,32136,40247,2371,14650,887,14227,0,0,5592,3818,30836,0
2026-06-15,port218,Cartagena,9,4,25071,57749,5484,6029,0,13557,0,0,6721,0,51028,0
2026-06-16,port218,Cartagena,12,6,40251,122218,0,23728,0,14477,2045,0,15052,0,107166,0
2026-06-17,port218,Cartagena,10,8,117406,13708,0,39342,0,77239,824,0,13622,0,0,86
2026-06-18,port218,Cartagena,12,7,21483,95081,8312,13170,0,0,0,84216,10865,0,0,0
2026-06-19,port218,Cartagena,17,12,46503,104606,0,28374,887,17241,0,0,44782,1457,58366,0
2026-06-20,port218,Cartagena,14,8,49666,30441,0,37592,4144,6723,1206,0,27566,2875,0,0
2026-06-21,port218,Cartagena,7,6,11532,31081,0,8978,0,0,2554,0,31081,0,0,0
2026-06-22,port218,Cartagena,12,5,95918,68433,0,4308,0,89332,2277,45157,13951,0,9323,0
2026-06-23,port218,Cartagena,9,6,33539,19502,0,29514,373,2826,824,0,19416,0,0,86
2026-06-24,port218,Cartagena,14,10,83038,30862,16610,41626,0,24801,0,0,15157,0,15705,0
2026-06-25,port218,Cartagena,13,7,47886,32994,0,40146,1774,5454,510,0,13801,7367,11824,0
2026-06-26,port218,Cartagena,11,9,13086,29460,2063,6964,0,4058,0,2773,26687,0,0,0
2026-06-27,port218,Cartagena,8,5,29092,39944,0,29092,0,0,0,0,19133,10863,9946,0
2026-06-28,port218,Cartagena,12,5,50436,63879,40439,6360,228,3408,0,44143,17797,1938,0,0
2026-06-29,port218,Cartagena,10,5,21290,56329,0,8512,887,11891,0,0,27341,1457,27529,0
2026-06-30,port218,Cartagena,8,6,39312,67409,0,25085,0,14227,0,0,14054,0,53354,0
2026-07-01,port218,Cartagena,10,8,124114,25428,0,12260,0,111853,0,0,25428,0,0,0
2026-07-02,port218,Cartagena,11,8,16688,80888,0,16688,0,0,0,53231,25990,1665,0,0
2026-07-03,port218,Cartagena,9,7,41683,76040,0,38951,0,0,2732,58058,17981,0,0,0
2026-07-04,port218,Cartagena,16,7,78986,48304,0,38387,0,40599,0,2297,11201,3968,30836,0
2026-07-05,port218,Cartagena,9,4,5224,117177,0,2938,1774,0,511,0,32724,2915,81537,0
2026-07-06,port218,Cartagena,10,5,127217,22796,17335,24429,0,82803,2648,10456,12340,0,0,0
2026-07-07,port218,Cartagena,8,5,44780,21714,0,20160,0,24619,0,0,21714,0,0,0
2026-07-08,port218,Cartagena,10,7,54572,15016,35590,16421,0,0,2560,0,15016,0,0,0
2026-07-09,port218,Cartagena,14,9,33585,8893,0,27894,887,3979,824,777,4836,3194,0,86
2026-07-10,port218,Cartagena,12,9,16260,66589,0,4245,0,9737,2276,0,54765,0,11824,0
2026-07-11,port218,Cartagena,12,7,39387,94739,11150,28237,0,0,0,10456,29589,0,54693,0
2026-07-12,port218,Cartagena,10,4,17995,33547,0,5877,221,11896,0,0,21722,0,11824,0
2026-07-13,port218,Cartagena,11,8,52667,116263,0,38440,0,14227,0,0,38938,0,77324,0
2026-07-14,port218,Cartagena,12,8,14102,21077,0,13215,887,0,0,0,6416,1457,13203,0
2026-07-15,port218,Cartagena,17,9,53630,130917,13783,17812,0,20197,1837,0,14783,0,116133,0
2026-07-16,port218,Cartagena,8,6,121593,9397,41279,7411,0,72901,0,0,9397,0,0,0
2026-07-17,port218,Cartagena,10,6,28611,104143,0,28611,0,0,0,0,19364,0,84779,0
2026-07-18,port218,Cartagena,8,6,39416,36959,0,34480,0,4936,0,18279,18680,0,0,0
2026-07-19,port218,Cartagena,11,7,35173,43140,0,18546,887,15740,0,0,29858,1457,11824,0
2026-07-20,port218,Cartagena,8,5,21904,9903,0,21904,0,0,0,0,8013,1890,0,0
2026-07-21,port218,Cartagena,10,6,33620,24906,0,20109,887,8996,3627,0,23448,1457,0,0
2026-07-22,port218,Cartagena,7,4,37198,17506,0,37198,0,0,0,17392,114,0,0,0
2026-07-23,port218,Cartagena,16,7,21860,129136,2063,9684,0,8581,1529,60107,17676,5212,46140,0
2026-07-24,port218,Cartagena,10,6,17848,25895,0,1745,887,15215,0,0,24437,1457,0,0
2026-07-25,port218,Cartagena,10,8,60977,10063,0,54253,0,6723,0,0,10063,0,0,0
2026-07-26,port218,Cartagena,5,4,19447,11188,0,19447,0,0,0,0,11188,0,0,0
2026-07-27,port218,Cartagena,11,4,42159,86098,31591,1920,0,5004,3643,7017,27959,0,51121,0
2026-07-28,port218,Cartagena,11,6,94542,14557,0,19326,887,74328,0,0,9818,3809,0,928
2026-07-29,port218,Cartagena,10,6,45105,55830,8067,34023,0,3014,0,0,6749,1690,47389,0
2026-07-30,port218,Cartagena,8,6,27364,7675,0,14379,887,12097,0,0,6218,1457,0,0
2026-07-31,port218,Cartagena,14,9,16281,59367,0,8142,887,7251,0,0,28898,1457,29010,0
2026-08-01,port218,Cartagena,11,9,79437,41897,48592,30844,0,0,0,18279,23617,0,0,0
2026-08-02,port218,Cartagena,8,7,9327,39335,0,8816,0,0,511,0,39335,0,0,0
2026-08-03,port218,Cartagena,4,2,887,56405,0,0,887,0,0,0,6452,1457,48494,0
2026-08-04,port218,Cartagena,8,5,21927,36618,0,21415,0,0,511,32636,3981,0,0,0
2026-08-05,port218,Cartagena,5,4,110133,6163,0,39944,0,70189,0,0,6163,0,0,0
2026-08-06,port218,Cartagena,12,8,37793,43599,0,13357,887,23224,324,0,11304,1457,30836,0
2026-08-07,port218,Cartagena,18,9,79933,33140,17547,35632,887,23588,2277,11492,17937,3710,0,0
2026-08-08,port218,Cartagena,14,8,36672,71808,0,34898,1774,0,0,5522,15878,2915,47491,0
2026-08-09,port218,Cartagena,6,2,15344,13542,0,11443,887,3014,0,0,260,1457,11824,0
2026-08-10,port218,Cartagena,10,6,26816,25143,0,25793,0,0,1023,1367,16037,7739,0,0
2026-08-11,port218,Cartagena,9,8,34970,8054,0,34145,0,0,824,0,7968,0,0,86
2026-08-12,port218,Cartagena,8,6,9647,55007,0,9647,0,0,0,0,10146,0,44861,0
2026-08-13,port218,Cartagena,15,8,111575,111997,0,16526,887,94161,0,36076,16834,1457,57628,0
2026-08-14,port218,Cartagena,16,11,28854,55639,0,10072,5071,9802,3907,0,54182,1457,0,0
2026-08-15,port218,Cartagena,9,5,50528,5877,0,46970,134,3423,0,0,5877,0,0,0
2026-08-16,port218,Cartagena,7,5,18342,135580,0,13285,0,5057,0,0,22081,0,113499,0
2026-08-17,port218,Cartagena,7,5,13543,27498,0,12656,887,0,0,18279,7761,1457,0,0
2026-08-18,port218,Cartagena,10,6,49908,49964,30677,10349,0,8881,0,0,4927,0,45036,0
2026-08-19,port218,Cartagena,11,6,33893,20762,0,16654,4253,12985,0,0,20762,0,0,0
2026-08-20,port218,Cartagena,12,11,16200,56199,0,16200,0,0,0,0,22667,0,33532,0
2026-08-21,port218,Cartagena,8,5,26623,30995,11150,13276,0,0,2196,10456,20539,0,0,0
2026-08-22,port218,Cartagena,6,4,30063,18187,0,22452,887,6723,0,0,16730,1457,0,0
2026-08-23,port218,Cartagena,12,6,28887,18163,0,21842,1774,5271,0,3534,8334,2915,3378,0
2026-08-24,port218,Cartagena,13,6,22372,92789,0,2581,887,18903,0,0,26677,1457,64653,0
2026-08-25,port218,Cartagena,13,8,123152,76851,11150,36276,887,74838,0,10456,18883,1457,46053,0
2026-08-26,port218,Cartagena,8,5,21887,15800,0,18039,0,3848,0,7559,6433,1807,0,0
2026-08-27,port218,Cartagena,10,7,26901,77184,11150,12736,0,3014,0,10456,19111,0,47616,0
2026-08-28,port218,Cartagena,13,10,36699,39117,11150,10351,0,15197,0,10456,26970,1690,0,0
2019-01-07,port120,Barranquilla,4,0,61637,1710,51182,0,1707,8747,0,0,0,1710,0,0
2019-01-08,port120,Barranquilla,2,1,10765,0,6846,3918,0,0,0,0,0,0,0,0
2019-01-09,port120,Barranquilla,0,0,0,0,0,0,0,0,0,0,0,0,0,0
2019-01-10,port120,Barranquilla,1,1,3528,0,0,3528,0,0,0,0,0,0,0,0
2019-01-11,port120,Barranquilla,9,3,18372,5393,2834,3328,544,11665,0,0,1048,4344,0,0
2019-01-12,port120,Barranquilla,4,0,33895,0,27010,0,6885,0,0,0,0,0,0,0
2019-01-13,port120,Barranquilla,1,1,3813,0,0,3813,0,0,0,0,0,0,0,0
2019-01-14,port120,Barranquilla,4,0,0,0,0,0,0,0,0,0,0,0,0,0
2019-01-15,port120,Barranquilla,3,2,18059,379,0,1302,0,16757,0,0,379,0,0,0
2019-01-16,port120,Barranquilla,3,2,5148,644,0,5148,0,0,0,0,644,0,0,0
2019-01-17,port120,Barranquilla,4,1,61368,29857,61368,0,0,0,0,24731,5126,0,0,0
2019-01-18,port120,Barranquilla,3,1,48621,0,47144,1476,0,0,0,0,0,0,0,0
2019-01-19,port120,Barranquilla,2,2,974,1393,0,974,0,0,0,0,1393,0,0,0
2019-01-20,port120,Barranquilla,2,1,24870,368,24870,0,0,0,0,0,368,0,0,0
2019-01-21,port120,Barranquilla,1,0,0,0,0,0,0,0,0,0,0,0,0,0
2019-01-22,port120,Barranquilla,1,1,0,399,0,0,0,0,0,0,399,0,0,0
2019-01-23,port120,Barranquilla,2,0,0,5775,0,0,0,0,0,0,0,0,5775,0
2019-01-24,port120,Barranquilla,2,1,0,13204,0,0,0,0,0,0,2095,0,11109,0
2019-01-25,port120,Barranquilla,5,2,5727,37290,0,3013,0,2713,0,35859,0,0,1430,0
2019-01-26,port120,Barranquilla,3,2,13202,6107,11980,1221,0,0,0,5462,644,0,0,0
2019-01-27,port120,Barranquilla,2,1,4315,3085,0,0,4315,0,0,0,3085,0,0,0
2019-01-28,port120,Barranquilla,2,1,1918,0,0,1918,0,0,0,0,0,0,0,0
2019-01-29,port120,Barranquilla,3,2,3888,1051,0,2013,0,1875,0,0,0,0,1051,0
2019-01-30,port120,Barranquilla,5,1,71253,1710,68050,1495,1707,0,0,0,0,1710,0,0
2019-01-31,port120,Barranquilla,1,0,0,12262,0,0,0,0,0,12262,0,0,0,0
2019-02-01,port120,Barranquilla,2,2,3244,0,0,3244,0,0,0,0,0,0,0,0
2019-02-02,port120,Barranquilla,3,1,873,0,0,249,0,624,0,0,0,0,0,0
2019-02-03,port120,Barranquilla,1,1,1099,0,0,1099,0,0,0,0,0,0,0,0
2019-02-04,port120,Barranquilla,4,1,317,29651,0,317,0,0,0,29651,0,0,0,0
2019-02-05,port120,Barranquilla,4,1,2713,9571,0,0,0,2713,0,0,2807,5333,1430,0
2019-02-06,port120,Barranquilla,2,1,4317,1710,0,2610,1707,0,0,0,0,1710,0,0
2019-02-07,port120,Barranquilla,2,0,0,11815,0,0,0,0,0,0,0,11815,0,0
2019-02-08,port120,Barranquilla,1,0,0,0,0,0,0,0,0,0,0,0,0,0
2019-02-09,port120,Barranquilla,3,1,35675,6107,34700,974,0,0,0,5462,644,0,0,0
2019-02-10,port120,Barranquilla,4,1,34983,21985,31282,3701,0,0,0,21985,0,0,0,0
2019-02-11,port120,Barranquilla,1,0,2728,0,0,0,2728,0,0,0,0,0,0,0
2019-02-12,port120,Barranquilla,2,1,396,1261,0,0,396,0,0,0,1261,0,0,0
2019-02-13,port120,Barranquilla,7,3,41185,12529,35763,1915,0,3506,0,0,4249,0,8279,0
2019-02-14,port120,Barranquilla,3,1,19085,5462,11980,1303,5801,0,0,5462,0,0,0,0
2019-02-15,port120,Barranquilla,5,2,15391,641,0,1133,0,14257,0,0,641,0,0,0
2019-02-16,port120,Barranquilla,3,1,12837,498,543,0,12293,0,0,0,498,0,0,0
2019-02-17,port120,Barranquilla,2,1,1707,1710,0,0,1707,0,0,0,0,1710,0,0
2019-02-18,port120,Barranquilla,2,1,2535,0,0,2535,0,0,0,0,0,0,0,0
2019-02-19,port120,Barranquilla,3,0,25495,3491,21237,0,4257,0,0,0,0,3491,0,0
2019-02-20,port120,Barranquilla,4,2,8387,1710,0,2593,5794,0,0,0,0,1710,0,0
2019-02-21,port120,Barranquilla,2,0,10797,4208,0,0,0,10797,0,0,0,4208,0,0
2019-02-22,port120,Barranquilla,4,3,2486,33084,0,2486,0,0,0,32038,1045,0,0,0
2019-02-23,port120,Barranquilla,2,1,0,1411,0,0,0,0,0,918,493,0,0,0
2019-02-24,port120,Barranquilla,2,1,1097,1752,0,0,1097,0,0,0,1752,0,0,0
2019-02-25,port120,Barranquilla,3,1,16800,3140,0,12380,1707,2713,0,0,0,1710,1430,0
2019-02-26,port120,Barranquilla,0,0,0,0,0,0,0,0,0,0,0,0,0,0
2019-02-27,port120,Barranquilla,4,2,5748,30756,1162,4585,0,0,0,30111,644,0,0,0
2019-02-28,port120,Barranquilla,6,0,43562,35599,37378,0,0,6184,0,32637,0,0,2962,0
2019-03-01,port120,Barranquilla,10,3,34243,68579,28972,1611,946,2713,0,64888,2260,0,1430,0
2019-03-02,port120,Barranquilla,1,1,1385,861,0,1385,0,0,0,0,861,0,0,0
2019-03-03,port120,Barranquilla,1,0,1172,0,0,0,1172,0,0,0,0,0,0,0
2019-03-04,port120,Barranquilla,6,1,7182,4488,0,1114,0,6068,0,956,0,189,3341,0
2019-03-05,port120,Barranquilla,3,0,3193,1430,0,0,480,2713,0,0,0,0,1430,0
2019-03-06,port120,Barranquilla,5,1,21141,40667,3279,974,0,16887,0,26980,644,0,13042,0
2019-03-07,port120,Barranquilla,2,1,2713,1679,0,0,0,2713,0,0,248,0,1430,0
2019-03-08,port120,Barranquilla,5,2,34135,644,30857,3277,0,0,0,0,644,0,0,0
2019-03-09,port120,Barranquilla,4,2,5865,644,0,5865,0,0,0,0,644,0,0,0
2019-03-10,port120,Barranquilla,5,1,40162,1710,33786,3452,2365,558,0,0,0,1710,0,0
2019-03-11,port120,Barranquilla,2,0,0,2460,0,0,0,0,0,0,0,667,1792,0
2019-03-12,port120,Barranquilla,5,1,6627,4711,0,0,6627,0,0,0,3001,1710,0,0
2019-03-13,port120,Barranquilla,3,1,33183,0,31934,1248,0,0,0,0,0,0,0,0
2019-03-14,port120,Barranquilla,4,1,40621,6216,40621,0,0,0,0,5462,754,0,0,0
2019-03-15,port120,Barranquilla,3,1,5663,1430,0,2719,230,2713,0,0,0,0,1430,0
2019-03-16,port120,Barranquilla,5,3,7027,4625,6053,974,0,0,0,0,4625,0,0,0
2019-03-17,port120,Barranquilla,2,1,0,5289,0,0,0,0,0,0,5289,0,0,0
2019-03-18,port120,Barranquilla,0,0,0,0,0,0,0,0,0,0,0,0,0,0
2019-03-19,port120,Barranquilla,4,1,11069,1710,1138,3918,1707,4304,0,0,0,1710,0,0
2019-03-20,port120,Barranquilla,5,1,48144,11433,45385,1052,1707,0,0,5462,0,5970,0,0
2019-03-21,port120,Barranquilla,4,0,16429,3140,0,0,2801,13627,0,0,0,1710,1430,0
2019-03-22,port120,Barranquilla,6,3,5452,2354,0,3745,1707,0,0,0,644,1710,0,0
2019-03-23,port120,Barranquilla,0,0,0,0,0,0,0,0,0,0,0,0,0,0
2019-03-24,port120,Barranquilla,2,1,370,0,0,370,0,0,0,0,0,0,0,0
2019-03-25,port120,Barranquilla,4,0,16951,1910,0,0,0,16951,0,0,0,0,1910,0
2019-03-26,port120,Barranquilla,6,2,39543,40268,30860,2737,5944,0,0,30140,2980,7147,0,0
2019-03-27,port120,Barranquilla,3,0,2713,1430,0,0,0,2713,0,0,0,0,1430,0
2019-03-28,port120,Barranquilla,1,0,1143,0,0,0,1143,0,0,0,0,0,0,0
2019-03-29,port120,Barranquilla,6,2,17856,7589,12438,2704,0,2713,0,5462,368,327,1430,0
2019-03-30,port120,Barranquilla,1,1,974,644,0,974,0,0,0,0,644,0,0,0
2019-03-31,port120,Barranquilla,3,1,6027,1430,0,3313,0,2713,0,0,0,0,1430,0
2019-04-01,port120,Barranquilla,7,1,65343,7906,64729,0,0,613,0,7111,794,0,0,0
2019-04-02,port120,Barranquilla,3,1,9764,1230,0,7532,2231,0,0,0,0,0,1230,0
2019-04-03,port120,Barranquilla,3,1,1636,3650,0,0,1636,0,0,0,2704,0,946,0
2019-04-04,port120,Barranquilla,1,0,0,0,0,0,0,0,0,0,0,0,0,0
2019-04-05,port120,Barranquilla,5,2,48623,13784,43557,5065,0,0,0,13139,644,0,0,0
2019-04-06,port120,Barranquilla,3,2,4214,2075,0,1501,0,2713,0,0,644,0,1430,0
2019-04-07,port120,Barranquilla,3,2,1476,740,0,1476,0,0,0,0,740,0,0,0
2019-04-08,port120,Barranquilla,3,1,30382,330,30382,0,0,0,0,0,330,0,0,0
2019-04-09,port120,Barranquilla,4,2,11980,5722,11980,0,0,0,0,5462,259,0,0,0
2019-04-10,port120,Barranquilla,3,1,2977,21691,0,264,0,2713,0,20261,0,0,1430,0
2019-04-11,port120,Barranquilla,0,0,0,0,0,0,0,0,0,0,0,0,0,0
2019-04-12,port120,Barranquilla,4,2,1859,269,0,1859,0,0,0,0,269,0,0,0
2019-04-13,port120,Barranquilla,6,1,20458,9940,574,0,0,19884,0,0,3244,6695,0,0
2019-04-14,port120,Barranquilla,2,1,11906,0,0,2592,0,9313,0,0,0,0,0,0
2019-04-15,port120,Barranquilla,3,1,4420,4776,0,0,1707,2713,0,0,1635,1710,1430,0
2019-04-16,port120,Barranquilla,6,2,33281,0,28663,4617,0,0,0,0,0,0,0,0
2019-04-17,port120,Barranquilla,1,1,1731,0,0,1731,0,0,0,0,0,0,0,0
2019-04-18,port120,Barranquilla,4,0,21120,20974,20957,0,163,0,0,13291,0,7682,0,0
2019-04-19,port120,Barranquilla,3,3,974,895,0,974,0,0,0,0,895,0,0,0
2019-04-20,port120,Barranquilla,5,1,8276,33936,0,0,8276,0,0,0,0,0,33936,0
2019-04-21,port120,Barranquilla,6,1,3337,31263,0,1471,1865,0,0,25794,0,5468,0,0
2019-04-22,port120,Barranquilla,2,0,36422,0,32247,0,4174,0,0,0,0,0,0,0
2019-04-23,port120,Barranquilla,4,1,33223,1690,30321,2737,164,0,0,0,0,1690,0,0
2019-04-24,port120,Barranquilla,1,1,499,0,0,499,0,0,0,0,0,0,0,0
2019-04-25,port120,Barranquilla,1,0,0,18697,0,0,0,0,0,18697,0,0,0,0
2019-04-26,port120,Barranquilla,7,3,12088,27634,0,6984,5104,0,0,27634,0,0,0,0
2019-04-27,port120,Barranquilla,6,2,38048,2963,30144,0,0,7904,0,0,1269,0,1693,0
2019-04-28,port120,Barranquilla,3,1,21265,536,17539,3726,0,0,0,0,0,0,536,0
2019-04-29,port120,Barranquilla,2,1,5273,644,4298,974,0,0,0,0,644,0,0,0
2019-04-30,port120,Barranquilla,6,2,11351,29899,8589,1054,1707,0,0,24731,799,4368,0,0
2019-05-01,port120,Barranquilla,0,0,0,0,0,0,0,0,0,0,0,0,0,0
2019-05-02,port120,Barranquilla,3,0,18722,1710,17015,0,1707,0,0,0,0,1710,0,0
2019-05-03,port120,Barranquilla,2,1,1488,0,0,1488,0,0,0,0,0,0,0,0
2019-05-04,port120,Barranquilla,2,1,974,644,0,974,0,0,0,0,644,0,0,0
2019-05-05,port120,Barranquilla,3,2,2238,491,0,2238,0,0,0,0,491,0,0,0
2019-05-06,port120,Barranquilla,3,0,64906,0,64906,0,0,0,0,0,0,0,0,0
2019-05-07,port120,Barranquilla,3,2,1234,12679,0,1234,0,0,0,0,0,12679,0,0
2019-05-08,port120,Barranquilla,4,2,22257,1298,20368,1889,0,0,0,979,319,0,0,0
2019-05-09,port120,Barranquilla,1,0,1394,0,0,0,0,1394,0,0,0,0,0,0
2019-05-10,port120,Barranquilla,3,1,14691,24689,0,753,13937,0,0,24689,0,0,0,0
2019-05-11,port120,Barranquilla,5,1,19493,537,15014,0,4478,0,0,0,537,0,0,0
2019-05-12,port120,Barranquilla,3,1,11976,2435,0,0,11976,0,0,0,1109,0,1325,0
2019-05-13,port120,Barranquilla,2,1,987,0,0,987,0,0,0,0,0,0,0,0
2019-05-14,port120,Barranquilla,3,2,398,1015,0,398,0,0,0,0,783,232,0,0
2019-05-15,port120,Barranquilla,2,1,745,6221,0,745,0,0,0,6221,0,0,0,0
2019-05-16,port120,Barranquilla,4,0,15395,8883,11980,0,3414,0,0,5462,0,3420,0,0
2019-05-17,port120,Barranquilla,3,1,24039,735,21907,0,2131,0,0,0,735,0,0,0
2019-05-18,port120,Barranquilla,6,2,31896,8768,28208,974,0,2713,0,0,891,6447,1430,0
2019-05-19,port120,Barranquilla,6,1,61980,10406,56954,0,5026,0,0,10036,370,0,0,0
2019-05-20,port120,Barranquilla,3,2,4036,3524,0,1323,0,2713,0,0,2093,0,1430,0
2019-05-21,port120,Barranquilla,2,1,0,2646,0,0,0,0,0,0,1133,1512,0,0
2019-05-22,port120,Barranquilla,6,1,2636,0,0,497,1665,472,0,0,0,0,0,0
2019-05-23,port120,Barranquilla,3,1,32672,1710,29682,1282,1707,0,0,0,0,1710,0,0
2019-05-24,port120,Barranquilla,2,1,3115,0,0,1511,1603,0,0,0,0,0,0,0
2019-05-25,port120,Barranquilla,2,1,11516,1489,11516,0,0,0,0,0,1489,0,0,0
2019-05-26,port120,Barranquilla,3,1,5469,0,0,2238,3231,0,0,0,0,0,0,0
2019-05-27,port120,Barranquilla,4,1,22811,26387,12833,1230,0,8747,0,26387,0,0,0,0
2019-05-28,port120,Barranquilla,6,2,26653,2388,24965,1688,0,0,0,0,0,2388,0,0
2019-05-29,port120,Barranquilla,2,1,35959,0,33390,2569,0,0,0,0,0,0,0,0
2019-05-30,port120,Barranquilla,2,1,974,644,0,974,0,0,0,0,644,0,0,0
2019-05-31,port120,Barranquilla,2,1,4882,0,0,2999,0,1882,0,0,0,0,0,0
2019-06-01,port120,Barranquilla,6,1,8535,1337,3284,0,5250,0,0,0,1337,0,0,0
2019-06-02,port120,Barranquilla,5,1,26617,1846,26247,370,0,0,0,0,0,0,1846,0
2019-06-03,port120,Barranquilla,1,1,640,0,0,640,0,0,0,0,0,0,0,0
2019-06-04,port120,Barranquilla,3,1,2361,0,0,2361,0,0,0,0,0,0,0,0
2019-06-05,port120,Barranquilla,2,1,3785,0,0,3785,0,0,0,0,0,0,0,0
2019-06-06,port120,Barranquilla,2,1,9023,1909,0,0,0,9023,0,0,1909,0,0,0
2019-06-07,port120,Barranquilla,2,2,753,2361,0,753,0,0,0,0,2361,0,0,0
2019-06-08,port120,Barranquilla,1,1,974,644,0,974,0,0,0,0,644,0,0,0
2019-06-09,port120,Barranquilla,3,1,29416,0,0,1838,0,27578,0,0,0,0,0,0
2019-06-10,port120,Barranquilla,4,1,30055,15480,29209,318,527,0,0,15480,0,0,0,0
2019-06-11,port120,Barranquilla,6,2,2490,8036,0,1373,1117,0,0,6959,644,0,432,0
2019-06-12,port120,Barranquilla,2,0,3613,0,3613,0,0,0,0,0,0,0,0,0
2019-06-13,port120,Barranquilla,3,1,246,0,0,246,0,0,0,0,0,0,0,0
2019-06-14,port120,Barranquilla,3,1,1122,163,0,1122,0,0,0,0,0,163,0,0
2019-06-15,port120,Barranquilla,4,0,9186,0,0,0,9186,0,0,0,0,0,0,0
2019-06-16,port120,Barranquilla,5,1,38847,7931,1825,6373,0,30648,0,0,0,7931,0,0
2019-06-17,port120,Barranquilla,2,1,30533,660,30533,0,0,0,0,0,660,0,0,0
2019-06-18,port120,Barranquilla,2,2,3712,644,0,3712,0,0,0,0,644,0,0,0
2019-06-19,port120,Barranquilla,4,1,23530,5462,11980,748,10801,0,0,5462,0,0,0,0
2019-06-20,port120,Barranquilla,3,1,0,8788,0,0,0,0,0,0,1648,0,7139,0
2019-06-21,port120,Barranquilla,2,1,4454,0,0,2613,0,1841,0,0,0,0,0,0
2019-06-22,port120,Barranquilla,4,1,0,1913,0,0,0,0,0,0,247,1665,0,0
2019-06-23,port120,Barranquilla,3,1,6038,33315,0,6038,0,0,0,23863,0,0,9452,0
2019-06-24,port120,Barranquilla,3,0,3930,0,0,0,0,3930,0,0,0,0,0,0
2019-06-25,port120,Barranquilla,5,1,24895,2627,20274,960,3661,0,0,0,0,1710,917,0
2019-06-26,port120,Barranquilla,3,0,8716,0,1631,0,5210,1874,0,0,0,0,0,0
2019-06-27,port120,Barranquilla,3,1,0,0,0,0,0,0,0,0,0,0,0,0
2019-06-28,port120,Barranquilla,2,0,0,4036,0,0,0,0,0,0,0,4036,0,0
2019-06-29,port120,Barranquilla,3,2,3088,0,0,3088,0,0,0,0,0,0,0,0
2019-06-30,port120,Barranquilla,3,1,7287,644,0,974,6312,0,0,0,644,0,0,0
2019-07-01,port120,Barranquilla,1,0,0,0,0,0,0,0,0,0,0,0,0,0
2019-07-02,port120,Barranquilla,4,1,974,2117,0,974,0,0,0,905,644,567,0,0
2019-07-03,port120,Barranquilla,5,1,3493,8684,0,3493,0,0,0,7774,0,0,909,0
2019-07-04,port120,Barranquilla,3,1,540,2858,0,0,0,540,0,0,2858,0,0,0
2019-07-05,port120,Barranquilla,3,2,14686,0,0,3701,10985,0,0,0,0,0,0,0
2019-07-06,port120,Barranquilla,3,1,4783,2354,0,974,3808,0,0,0,644,1710,0,0
2019-07-07,port120,Barranquilla,1,1,0,1118,0,0,0,0,0,0,1118,0,0,0
2019-07-08,port120,Barranquilla,5,1,14816,32715,11966,974,0,1875,0,31019,644,0,1051,0
2019-07-09,port120,Barranquilla,4,1,2037,1710,0,330,1707,0,0,0,0,1710,0,0
2019-07-10,port120,Barranquilla,2,1,5587,1710,0,3880,1707,0,0,0,0,1710,0,0
2019-07-11,port120,Barranquilla,2,0,5687,0,5687,0,0,0,0,0,0,0,0,0
2019-07-12,port120,Barranquilla,1,1,1484,0,0,1484,0,0,0,0,0,0,0,0
2019-07-13,port120,Barranquilla,1,1,0,0,0,0,0,0,0,0,0,0,0,0
2019-07-14,port120,Barranquilla,3,1,5416,4751,0,1476,0,3939,0,0,0,4751,0,0
2019-07-15,port120,Barranquilla,1,0,0,0,0,0,0,0,0,0,0,0,0,0
2019-07-16,port120,Barranquilla,3,2,2651,3183,2651,0,0,0,0,0,3183,0,0,0
2019-07-17,port120,Barranquilla,3,1,30711,0,29476,1235,0,0,0,0,0,0,0,0
2019-07-18,port120,Barranquilla,4,1,1409,1318,0,0,1241,168,0,0,1318,0,0,0
2019-07-19,port120,Barranquilla,4,1,60419,0,32694,5920,0,21804,0,0,0,0,0,0
2019-07-20,port120,Barranquilla,5,1,69190,494,59069,0,10121,0,0,0,494,0,0,0
2019-07-21,port120,Barranquilla,1,1,3078,0,0,3078,0,0,0,0,0,0,0,0
2019-07-22,port120,Barranquilla,3,1,2247,644,0,974,1272,0,0,0,644,0,0,0
2019-07-23,port120,Barranquilla,2,1,11535,0,0,2232,0,9302,0,0,0,0,0,0
2019-07-24,port120,Barranquilla,5,2,3676,21804,0,1969,1707,0,0,20093,0,1710,0,0
2019-07-25,port120,Barranquilla,1,0,0,0,0,0,0,0,0,0,0,0,0,0
2019-07-26,port120,Barranquilla,4,3,4456,2409,0,2581,0,1875,0,0,1357,0,1051,0
2019-07-27,port120,Barranquilla,2,0,1707,1710,0,0,1707,0,0,0,0,1710,0,0
2019-07-28,port120,Barranquilla,1,1,0,368,0,0,0,0,0,0,368,0,0,0
2019-07-29,port120,Barranquilla,2,1,0,657,0,0,0,0,0,0,657,0,0,0
2019-07-30,port120,Barranquilla,2,0,32761,0,20805,0,0,11956,0,0,0,0,0,0
2019-07-31,port120,Barranquilla,3,1,3775,0,0,3288,0,487,0,0,0,0,0,0
2019-08-01,port120,Barranquilla,4,0,8866,30991,0,0,8866,0,0,29765,0,1226,0,0
2019-08-02,port120,Barranquilla,2,2,3318,1907,0,3318,0,0,0,0,1907,0,0,0
2019-08-03,port120,Barranquilla,4,2,0,2338,0,0,0,0,0,0,2338,0,0,0
2019-08-04,port120,Barranquilla,5,1,9897,30786,4906,0,4990,0,0,27972,1104,1710,0,0
2019-08-05,port120,Barranquilla,1,0,4008,0,4008,0,0,0,0,0,0,0,0,0
2019-08-06,port120,Barranquilla,7,1,36596,26086,34599,1996,0,0,0,24395,0,0,1691,0
2019-08-07,port120,Barranquilla,2,2,651,750,0,651,0,0,0,0,750,0,0,0
2019-08-08,port120,Barranquilla,2,0,41797,5462,41797,0,0,0,0,5462,0,0,0,0
2019-08-09,port120,Barranquilla,4,1,13795,805,0,6038,7757,0,0,0,0,0,805,0
2019-08-10,port120,Barranquilla,2,1,0,18838,0,0,0,0,0,18092,745,0,0,0
2019-08-11,port120,Barranquilla,5,1,3783,5002,0,369,3414,0,0,0,0,5002,0,0
2019-08-12,port120,Barranquilla,3,0,6445,0,4779,0,1665,0,0,0,0,0,0,0
2019-08-13,port120,Barranquilla,3,1,2802,1710,0,1095,1707,0,0,0,0,1710,0,0
2019-08-14,port120,Barranquilla,4,2,35200,644,31285,3915,0,0,0,0,644,0,0,0
2019-08-15,port120,Barranquilla,3,1,42809,2075,39121,974,0,2713,0,0,644,0,1430,0
2019-08-16,port120,Barranquilla,8,2,37726,35051,26946,6993,0,3785,0,26174,644,8232,0,0
2019-08-17,port120,Barranquilla,3,1,16069,1977,10370,0,5698,0,0,0,1977,0,0,0
2019-08-18,port120,Barranquilla,5,1,4024,3300,0,0,4024,0,0,0,743,2557,0,0
2019-08-19,port120,Barranquilla,2,0,6015,1710,0,0,1707,4308,0,0,0,1710,0,0
2019-08-20,port120,Barranquilla,4,2,53735,987,51173,2562,0,0,0,0,987,0,0,0
2019-08-21,port120,Barranquilla,0,0,0,0,0,0,0,0,0,0,0,0,0,0
2019-08-22,port120,Barranquilla,4,0,11809,1430,0,0,9095,2713,0,0,0,0,1430,0
2019-08-23,port120,Barranquilla,2,1,3726,0,0,3726,0,0,0,0,0,0,0,0
2019-08-24,port120,Barranquilla,2,0,11980,5462,11980,0,0,0,0,5462,0,0,0,0
2019-08-25,port120,Barranquilla,2,1,4845,0,0,733,4111,0,0,0,0,0,0,0
2019-08-26,port120,Barranquilla,4,0,12482,5462,11980,0,501,0,0,5462,0,0,0,0
2019-08-27,port120,Barranquilla,2,0,28443,4507,28443,0,0,0,0,0,0,4507,0,0
2019-08-28,port120,Barranquilla,5,2,67565,0,52722,5749,0,9092,0,0,0,0,0,0
2019-08-29,port120,Barranquilla,3,2,0,1803,0,0,0,0,0,0,1803,0,0,0
2019-08-30,port120,Barranquilla,4,2,20294,2683,13772,4814,1707,0,0,0,973,1710,0,0
2019-08-31,port120,Barranquilla,1,1,0,2204,0,0,0,0,0,0,2204,0,0,0
2019-09-01,port120,Barranquilla,3,1,28449,745,23709,0,4740,0,0,0,745,0,0,0
2019-09-02,port120,Barranquilla,3,1,4689,0,0,0,0,4689,0,0,0,0,0,0
2019-09-03,port120,Barranquilla,1,1,0,661,0,0,0,0,0,0,661,0,0,0
2019-09-04,port120,Barranquilla,5,3,31697,0,29479,2218,0,0,0,0,0,0,0,0
2019-09-05,port120,Barranquilla,2,1,0,519,0,0,0,0,0,0,519,0,0,0
2019-09-06,port120,Barranquilla,3,2,3935,644,0,3935,0,0,0,0,644,0,0,0
2019-09-07,port120,Barranquilla,2,1,27524,250,27524,0,0,0,0,0,250,0,0,0
2019-09-08,port120,Barranquilla,2,1,26734,371,26734,0,0,0,0,0,371,0,0,0
2019-09-09,port120,Barranquilla,2,0,38036,0,36493,0,1543,0,0,0,0,0,0,0
2019-09-10,port120,Barranquilla,4,2,25069,0,24485,583,0,0,0,0,0,0,0,0
2019-09-11,port120,Barranquilla,2,0,50769,0,50769,0,0,0,0,0,0,0,0,0
2019-09-12,port120,Barranquilla,6,2,27179,8310,11980,0,4246,10952,0,5462,2071,776,0,0
2019-09-13,port120,Barranquilla,3,2,5388,659,906,4482,0,0,0,0,659,0,0,0
2019-09-14,port120,Barranquilla,4,1,23454,3293,0,0,0,23454,0,1128,2165,0,0,0
2019-09-15,port120,Barranquilla,6,1,34914,3556,34914,0,0,0,0,3183,372,0,0,0
2019-09-16,port120,Barranquilla,1,0,805,0,0,0,0,805,0,0,0,0,0,0
2019-09-17,port120,Barranquilla,2,0,2241,0,0,0,2241,0,0,0,0,0,0,0
2019-09-18,port120,Barranquilla,5,3,2968,644,0,2968,0,0,0,0,644,0,0,0
2019-09-19,port120,Barranquilla,2,1,0,318,0,0,0,0,0,0,318,0,0,0
2019-09-20,port120,Barranquilla,3,2,5180,327,0,5180,0,0,0,0,327,0,0,0
2019-09-21,port120,Barranquilla,7,2,47427,546,44500,0,2926,0,0,0,546,0,0,0
2019-09-22,port120,Barranquilla,4,1,13230,3342,9282,0,3948,0,0,0,3342,0,0,0
2019-09-23,port120,Barranquilla,3,0,6956,0,5739,0,1217,0,0,0,0,0,0,0
2019-09-24,port120,Barranquilla,4,0,19099,1710,13852,0,5247,0,0,0,0,1710,0,0
2019-09-25,port120,Barranquilla,4,2,21486,5789,11980,744,8761,0,0,5462,326,0,0,0
2019-09-26,port120,Barranquilla,2,2,974,3818,0,974,0,0,0,0,3818,0,0,0
2019-09-27,port120,Barranquilla,5,3,31583,3209,28587,2995,0,0,0,0,3209,0,0,0
2019-09-28,port120,Barranquilla,5,2,0,14479,0,0,0,0,0,3400,10037,0,1041,0
2019-09-29,port120,Barranquilla,4,1,3403,1849,0,0,3403,0,0,0,1849,0,0,0
2019-09-30,port120,Barranquilla,2,0,2127,1710,0,0,2127,0,0,0,0,1710,0,0
2019-10-01,port120,Barranquilla,4,1,34322,24789,33670,651,0,0,0,24789,0,0,0,0
2019-10-02,port120,Barranquilla,4,1,7856,0,4504,1743,0,1608,0,0,0,0,0,0
2019-10-03,port120,Barranquilla,6,2,69615,868,51892,315,1385,16021,0,0,868,0,0,0
2019-10-04,port120,Barranquilla,3,2,4498,34020,0,4498,0,0,0,33366,654,0,0,0
2019-10-05,port120,Barranquilla,5,0,59026,43955,57319,0,1707,0,0,40076,0,3879,0,0
2019-10-06,port120,Barranquilla,3,2,30476,644,26895,3581,0,0,0,0,644,0,0,0
2019-10-07,port120,Barranquilla,2,0,36935,0,36935,0,0,0,0,0,0,0,0,0
2019-10-08,port120,Barranquilla,2,1,1281,1123,0,0,1281,0,0,0,1123,0,0,0
2019-10-09,port120,Barranquilla,4,2,974,22954,0,974,0,0,0,22309,644,0,0,0
2019-10-10,port120,Barranquilla,1,1,0,319,0,0,0,0,0,0,319,0,0,0
2019-10-11,port120,Barranquilla,4,2,30041,649,27049,2992,0,0,0,0,649,0,0,0
2019-10-12,port120,Barranquilla,4,2,24002,2434,0,3547,3161,17293,0,0,2434,0,0,0
2019-10-13,port120,Barranquilla,4,1,32447,0,30214,2232,0,0,0,0,0,0,0,0
2019-10-14,port120,Barranquilla,2,0,2713,1430,0,0,0,2713,0,0,0,0,1430,0
2019-10-15,port120,Barranquilla,3,2,1949,3243,0,1949,0,0,0,0,1289,1954,0,0
2019-10-16,port120,Barranquilla,3,2,1469,644,0,1469,0,0,0,0,644,0,0,0
2019-10-17,port120,Barranquilla,3,1,2721,0,1770,950,0,0,0,0,0,0,0,0
2019-10-18,port120,Barranquilla,4,2,42369,644,38768,3600,0,0,0,0,644,0,0,0
2019-10-19,port120,Barranquilla,3,2,545,1230,0,545,0,0,0,0,1230,0,0,0
2019-10-20,port120,Barranquilla,1,1,3740,0,0,3740,0,0,0,0,0,0,0,0
2019-10-21,port120,Barranquilla,3,0,11980,13621,11980,0,0,0,0,5462,0,8158,0,0
2019-10-22,port120,Barranquilla,5,0,30211,25155,28929,0,1282,0,0,25155,0,0,0,0
2019-10-23,port120,Barranquilla,4,2,41171,1430,36408,2049,0,2713,0,0,0,0,1430,0
2019-10-24,port120,Barranquilla,5,2,5216,27807,0,2332,2883,0,0,26945,861,0,0,0
2019-10-25,port120,Barranquilla,3,3,1016,651,0,1016,0,0,0,0,651,0,0,0
2019-10-26,port120,Barranquilla,2,2,974,892,0,974,0,0,0,0,892,0,0,0
2019-10-27,port120,Barranquilla,4,1,26154,0,22307,743,3103,0,0,0,0,0,0,0
2019-10-28,port120,Barranquilla,4,0,1707,1710,0,0,1707,0,0,0,0,1710,0,0
2019-10-29,port120,Barranquilla,4,1,26382,0,19572,3141,3668,0,0,0,0,0,0,0
2019-10-30,port120,Barranquilla,4,2,49492,644,36376,1720,0,11395,0,0,644,0,0,0
2019-10-31,port120,Barranquilla,1,1,632,0,0,632,0,0,0,0,0,0,0,0
2019-11-01,port120,Barranquilla,3,2,974,4847,0,974,0,0,0,0,4847,0,0,0
2019-11-02,port120,Barranquilla,2,1,617,743,0,0,0,617,0,0,743,0,0,0
2019-11-03,port120,Barranquilla,4,1,6651,2153,3300,3351,0,0,0,0,0,2153,0,0
2019-11-04,port120,Barranquilla,3,0,2016,38111,0,0,2016,0,0,36401,0,1710,0,0
2019-11-05,port120,Barranquilla,1,1,2182,0,0,2182,0,0,0,0,0,0,0,0
2019-11-06,port120,Barranquilla,5,2,38330,7569,36433,1896,0,0,0,0,652,6917,0,0
2019-11-07,port120,Barranquilla,1,1,0,1911,0,0,0,0,0,0,1911,0,0,0
2019-11-08,port120,Barranquilla,8,2,38590,18029,32684,5260,645,0,0,16721,1307,0,0,0
2019-11-09,port120,Barranquilla,5,2,27163,7736,11980,974,14208,0,0,5462,2273,0,0,0
2019-11-10,port120,Barranquilla,2,1,5717,0,3870,1846,0,0,0,0,0,0,0,0
2019-11-11,port120,Barranquilla,5,1,31623,8207,29916,0,1707,0,0,0,3141,1710,3355,0
2019-11-12,port120,Barranquilla,6,1,20921,5462,11980,3938,4028,973,0,5462,0,0,0,0
2019-11-13,port120,Barranquilla,0,0,0,0,0,0,0,0,0,0,0,0,0,0
2019-11-14,port120,Barranquilla,3,2,6353,644,0,1288,0,5065,0,0,644,0,0,0
2019-11-15,port120,Barranquilla,2,2,4859,2565,0,4859,0,0,0,0,2565,0,0,0
2019-11-16,port120,Barranquilla,5,2,14694,7680,11980,0,0,2713,0,5462,786,0,1430,0
2019-11-17,port120,Barranquilla,2,1,9092,738,0,0,0,9092,0,0,738,0,0,0
2019-11-18,port120,Barranquilla,2,0,1949,0,0,0,0,1949,0,0,0,0,0,0
2019-11-19,port120,Barranquilla,3,1,542,323,0,0,542,0,0,0,323,0,0,0
2019-11-20,port120,Barranquilla,2,1,3347,0,0,245,3102,0,0,0,0,0,0,0
2019-11-21,port120,Barranquilla,2,1,31779,0,29868,1911,0,0,0,0,0,0,0,0
2019-11-22,port120,Barranquilla,4,2,6337,13456,0,6337,0,0,0,0,973,12483,0,0
2019-11-23,port120,Barranquilla,3,1,36832,6353,36832,0,0,0,0,0,2569,3783,0,0
2019-11-24,port120,Barranquilla,1,1,3013,0,0,3013,0,0,0,0,0,0,0,0
2019-11-25,port120,Barranquilla,3,1,974,644,0,974,0,0,0,0,644,0,0,0
2019-11-26,port120,Barranquilla,1,1,3441,0,0,3441,0,0,0,0,0,0,0,0
2019-11-27,port120,Barranquilla,6,2,57436,0,36567,3385,17483,0,0,0,0,0,0,0
2019-11-28,port120,Barranquilla,0,0,0,0,0,0,0,0,0,0,0,0,0,0
2019-11-29,port120,Barranquilla,7,2,59498,22247,56067,1724,1707,0,0,19892,644,1710,0,0
2019-11-30,port120,Barranquilla,4,1,1609,5473,0,0,0,1609,0,0,743,4730,0,0
2019-12-01,port120,Barranquilla,3,1,43493,370,43493,0,0,0,0,0,370,0,0,0
2019-12-02,port120,Barranquilla,3,0,0,0,0,0,0,0,0,0,0,0,0,0
2019-12-03,port120,Barranquilla,3,2,974,644,0,974,0,0,0,0,644,0,0,0
2019-12-04,port120,Barranquilla,4,2,12851,644,0,1626,0,11225,0,0,644,0,0,0
2019-12-05,port120,Barranquilla,1,0,2869,0,0,0,2869,0,0,0,0,0,0,0
2019-12-06,port120,Barranquilla,6,2,12529,2601,0,4131,8398,0,0,0,2601,0,0,0
2019-12-07,port120,Barranquilla,3,1,44190,8739,44190,0,0,0,0,0,2704,6035,0,0
2019-12-08,port120,Barranquilla,1,1,1490,0,0,1490,0,0,0,0,0,0,0,0
2019-12-09,port120,Barranquilla,2,1,4357,0,0,0,4357,0,0,0,0,0,0,0
2019-12-10,port120,Barranquilla,1,1,3631,0,0,3631,0,0,0,0,0,0,0,0
2019-12-11,port120,Barranquilla,1,0,1875,1051,0,0,0,1875,0,0,0,0,1051,0
2019-12-12,port120,Barranquilla,1,0,13635,0,13635,0,0,0,0,0,0,0,0,0
2019-12-13,port120,Barranquilla,3,2,4663,2720,0,1949,0,2713,0,0,1289,0,1430,0
2019-12-14,port120,Barranquilla,2,2,974,890,0,974,0,0,0,0,890,0,0,0
2019-12-15,port120,Barranquilla,7,1,50385,22496,47923,974,0,1487,0,21851,644,0,0,0
2019-12-16,port120,Barranquilla,2,1,0,2231,0,0,0,0,0,0,0,2231,0,0
2019-12-17,port120,Barranquilla,4,0,1707,28054,0,0,1707,0,0,26344,0,1710,0,0
2019-12-18,port120,Barranquilla,3,2,18421,644,15864,2557,0,0,0,0,644,0,0,0
2019-12-19,port120,Barranquilla,5,0,29526,52632,0,0,5844,23682,0,34155,0,18476,0,0
2019-12-20,port120,Barranquilla,5,2,7409,51148,0,4695,0,2713,0,49072,644,0,1430,0
2019-12-21,port120,Barranquilla,3,2,974,4880,0,974,0,0,0,0,2868,2012,0,0
2019-12-22,port120,Barranquilla,2,1,974,4635,0,974,0,0,0,0,644,3990,0,0
2019-12-23,port120,Barranquilla,3,1,3284,1710,0,1577,1707,0,0,0,0,1710,0,0
2019-12-24,port120,Barranquilla,0,0,0,0,0,0,0,0,0,0,0,0,0,0
2019-12-25,port120,Barranquilla,6,1,21716,2354,12161,974,8580,0,0,0,644,1710,0,0
2019-12-26,port120,Barranquilla,2,0,14887,1710,0,0,14887,0,0,0,0,1710,0,0
2019-12-27,port120,Barranquilla,1,1,974,644,0,974,0,0,0,0,644,0,0,0
2019-12-28,port120,Barranquilla,4,1,45983,6107,42591,974,0,2417,0,5462,644,0,0,0
2019-12-29,port120,Barranquilla,2,1,368,811,0,368,0,0,0,0,0,811,0,0
2019-12-30,port120,Barranquilla,3,1,17307,0,5405,2810,0,9092,0,0,0,0,0,0
2019-12-31,port120,Barranquilla,2,0,3459,1418,0,0,3459,0,0,0,0,1418,0,0
2020-01-01,port120,Barranquilla,2,1,974,644,0,974,0,0,0,0,644,0,0,0
2020-01-02,port120,Barranquilla,2,1,13365,6324,11980,1385,0,0,0,5462,861,0,0,0
2020-01-03,port120,Barranquilla,4,2,4321,10317,0,4321,0,0,0,0,644,7788,1883,0
2020-01-04,port120,Barranquilla,3,1,29708,2165,29708,0,0,0,0,0,2165,0,0,0
2020-01-05,port120,Barranquilla,3,1,8762,367,8762,0,0,0,0,0,367,0,0,0
2020-01-06,port120,Barranquilla,4,1,4230,40847,0,1894,2336,0,0,40847,0,0,0,0
2020-01-07,port120,Barranquilla,3,0,50186,1948,42251,0,7934,0,0,1948,0,0,0,0
2020-01-08,port120,Barranquilla,5,3,6415,891,0,3684,1690,1039,0,0,891,0,0,0
2020-01-09,port120,Barranquilla,2,0,11980,11130,11980,0,0,0,0,5462,0,0,5667,0
2020-01-10,port120,Barranquilla,2,2,1385,1636,0,1385,0,0,0,0,1636,0,0,0
2020-01-11,port120,Barranquilla,3,2,17482,985,0,4476,0,13005,0,0,985,0,0,0
2020-01-12,port120,Barranquilla,3,1,2718,1103,0,0,2718,0,0,0,1103,0,0,0
2020-01-13,port120,Barranquilla,5,2,69520,10699,68890,630,0,0,0,0,271,10427,0,0
2020-01-14,port120,Barranquilla,3,0,2978,4104,0,0,2978,0,0,0,0,4104,0,0
2020-01-15,port120,Barranquilla,2,1,653,0,0,653,0,0,0,0,0,0,0,0
2020-01-16,port120,Barranquilla,2,1,14432,743,0,0,0,14432,0,0,743,0,0,0
2020-01-17,port120,Barranquilla,4,0,1707,2646,0,0,1707,0,0,0,0,1710,936,0
2020-01-18,port120,Barranquilla,4,2,9394,3481,0,0,8112,1282,0,0,3481,0,0,0
2020-01-19,port120,Barranquilla,5,2,24301,5043,21332,2969,0,0,0,0,816,4227,0,0
2020-01-20,port120,Barranquilla,3,0,29252,0,29252,0,0,0,0,0,0,0,0,0
2020-01-21,port120,Barranquilla,1,0,0,0,0,0,0,0,0,0,0,0,0,0
2020-01-22,port120,Barranquilla,2,0,26927,0,26927,0,0,0,0,0,0,0,0,0
2020-01-23,port120,Barranquilla,5,2,31078,38862,29358,1719,0,0,0,38217,644,0,0,0
2020-01-24,port120,Barranquilla,2,1,2969,270,0,2969,0,0,0,0,0,270,0,0
2020-01-25,port120,Barranquilla,2,1,21804,248,0,0,0,21804,0,0,248,0,0,0
2020-01-26,port120,Barranquilla,3,1,1707,6151,0,0,1707,0,0,0,4440,1710,0,0
2020-01-27,port120,Barranquilla,3,1,17405,5462,11980,5424,0,0,0,5462,0,0,0,0
2020-01-28,port120,Barranquilla,2,0,13688,7173,11980,0,1707,0,0,5462,0,1710,0,0
2020-01-29,port120,Barranquilla,4,2,4502,14997,0,2624,0,1877,0,14997,0,0,0,0
2020-01-30,port120,Barranquilla,3,1,2283,1710,0,576,1707,0,0,0,0,1710,0,0
2020-01-31,port120,Barranquilla,3,2,974,9427,0,974,0,0,0,0,1950,7477,0,0
2020-02-01,port120,Barranquilla,4,1,6012,24131,0,0,6012,0,0,22029,0,0,2102,0
2020-02-02,port120,Barranquilla,3,1,974,3183,0,974,0,0,0,0,644,2539,0,0
2020-02-03,port120,Barranquilla,1,0,0,0,0,0,0,0,0,0,0,0,0,0
2020-02-04,port120,Barranquilla,3,2,7639,1102,0,1581,6057,0,0,0,1102,0,0,0
2020-02-05,port120,Barranquilla,3,1,30759,0,30372,386,0,0,0,0,0,0,0,0
2020-02-06,port120,Barranquilla,1,0,0,23472,0,0,0,0,0,23472,0,0,0,0
2020-02-07,port120,Barranquilla,4,3,3255,2188,0,542,0,2713,0,0,758,0,1430,0
2020-02-08,port120,Barranquilla,3,1,974,12296,0,974,0,0,0,0,644,0,11652,0
2020-02-09,port120,Barranquilla,2,1,530,1854,530,0,0,0,0,0,1854,0,0,0
2020-02-10,port120,Barranquilla,1,0,1707,1710,0,0,1707,0,0,0,0,1710,0,0
2020-02-11,port120,Barranquilla,2,1,1575,0,0,1575,0,0,0,0,0,0,0,0
2020-02-12,port120,Barranquilla,5,1,4872,5149,0,493,4379,0,0,0,0,5149,0,0
2020-02-13,port120,Barranquilla,3,0,0,6961,0,0,0,0,0,0,0,3605,3355,0
2020-02-14,port120,Barranquilla,6,2,3954,9670,1448,264,2241,0,0,0,2612,7058,0,0
2020-02-15,port120,Barranquilla,4,2,8488,3339,0,6781,1707,0,0,0,1629,1710,0,0
2020-02-16,port120,Barranquilla,3,2,3461,4431,3461,0,0,0,0,0,4431,0,0,0
2020-02-17,port120,Barranquilla,4,0,14786,1430,0,0,12072,2713,0,0,0,0,1430,0
2020-02-18,port120,Barranquilla,3,1,21748,9380,19823,1924,0,0,0,0,0,0,9380,0
2020-02-19,port120,Barranquilla,2,0,13783,2213,13783,0,0,0,0,2213,0,0,0,0
2020-02-20,port120,Barranquilla,2,0,0,7307,0,0,0,0,0,0,0,7307,0,0
2020-02-21,port120,Barranquilla,7,2,17079,0,1145,1134,0,14799,0,0,0,0,0,0
2020-02-22,port120,Barranquilla,4,2,11873,5198,0,974,10898,0,0,0,5198,0,0,0
2020-02-23,port120,Barranquilla,1,1,1112,0,0,1112,0,0,0,0,0,0,0,0
2020-02-24,port120,Barranquilla,3,1,3349,1430,0,635,0,2713,0,0,0,0,1430,0
2020-02-25,port120,Barranquilla,4,1,43019,0,37895,1095,0,4028,0,0,0,0,0,0
2020-02-26,port120,Barranquilla,7,2,26845,8346,17311,1583,7950,0,0,5462,652,2231,0,0
2020-02-27,port120,Barranquilla,1,0,0,26240,0,0,0,0,0,26240,0,0,0,0
2020-02-28,port120,Barranquilla,3,2,4498,1326,0,4498,0,0,0,0,995,331,0,0
2020-02-29,port120,Barranquilla,3,1,6259,1479,0,0,6259,0,0,0,1479,0,0,0
2020-03-01,port120,Barranquilla,3,1,21602,735,21602,0,0,0,0,0,735,0,0,0
2020-03-02,port120,Barranquilla,3,1,9031,0,0,2214,6817,0,0,0,0,0,0,0
2020-03-03,port120,Barranquilla,5,1,32134,6408,30491,1642,0,0,0,5462,0,0,946,0
2020-03-04,port120,Barranquilla,1,1,2295,0,0,2295,0,0,0,0,0,0,0,0
2020-03-05,port120,Barranquilla,2,0,0,5442,0,0,0,0,0,0,0,5442,0,0
2020-03-06,port120,Barranquilla,4,3,5042,2396,0,5042,0,0,0,0,1460,0,935,0
2020-03-07,port120,Barranquilla,1,1,0,740,0,0,0,0,0,0,740,0,0,0
2020-03-08,port120,Barranquilla,2,1,0,6064,0,0,0,0,0,0,1115,0,4948,0
2020-03-09,port120,Barranquilla,2,0,31866,10544,31866,0,0,0,0,10544,0,0,0,0
2020-03-10,port120,Barranquilla,3,1,54000,0,51131,2868,0,0,0,0,0,0,0,0
2020-03-11,port120,Barranquilla,7,3,40453,34676,37625,2828,0,0,0,34031,644,0,0,0
2020-03-12,port120,Barranquilla,2,0,33498,1430,30784,0,0,2713,0,0,0,0,1430,0
2020-03-13,port120,Barranquilla,5,3,6264,1376,0,6264,0,0,0,0,1030,345,0,0
2020-03-14,port120,Barranquilla,3,1,164,6219,0,0,164,0,0,4333,1886,0,0,0
2020-03-15,port120,Barranquilla,5,1,48837,18694,46978,1859,0,0,0,18694,0,0,0,0
2020-03-16,port120,Barranquilla,4,1,48139,315,46922,0,1216,0,0,0,315,0,0,0
2020-03-17,port120,Barranquilla,2,0,4255,4378,0,0,4255,0,0,0,0,4378,0,0
2020-03-18,port120,Barranquilla,4,2,9086,1795,9086,0,0,0,0,0,1795,0,0,0
2020-03-19,port120,Barranquilla,1,0,12195,0,0,0,0,12195,0,0,0,0,0,0
2020-03-20,port120,Barranquilla,5,2,46898,5850,23481,2585,0,20832,0,5462,388,0,0,0
2020-03-21,port120,Barranquilla,5,2,22048,9542,20173,0,0,1875,0,5462,3027,0,1051,0
2020-03-22,port120,Barranquilla,3,1,8855,0,2103,3085,3666,0,0,0,0,0,0,0
2020-03-23,port120,Barranquilla,5,0,12665,34237,2186,0,7765,2713,0,32807,0,0,1430,0
2020-03-24,port120,Barranquilla,5,2,49081,0,30594,1093,0,17393,0,0,0,0,0,0
2020-03-25,port120,Barranquilla,4,2,3174,2354,0,1467,1707,0,0,0,644,1710,0,0
2020-03-26,port120,Barranquilla,4,0,16006,9683,11980,0,0,4025,0,5462,0,4220,0,0
2020-03-27,port120,Barranquilla,4,2,40512,5462,37125,3387,0,0,0,5462,0,0,0,0
2020-03-28,port120,Barranquilla,3,1,9628,3809,0,0,3635,5993,0,0,3809,0,0,0
2020-03-29,port120,Barranquilla,2,1,31186,644,30211,974,0,0,0,0,644,0,0,0
2020-03-30,port120,Barranquilla,4,0,27308,4759,27308,0,0,0,0,4602,0,156,0,0
2020-03-31,port120,Barranquilla,4,2,2983,28488,0,2714,0,268,0,28488,0,0,0,0
2020-04-01,port120,Barranquilla,3,2,1465,644,0,1465,0,0,0,0,644,0,0,0
2020-04-02,port120,Barranquilla,4,0,11980,18841,11980,0,0,0,0,5462,0,0,13379,0
2020-04-03,port120,Barranquilla,3,1,52269,542,52269,0,0,0,0,0,542,0,0,0
2020-04-04,port120,Barranquilla,6,2,3760,8193,0,1347,0,2413,0,2892,644,4656,0,0
2020-04-05,port120,Barranquilla,3,1,27670,5462,11980,4162,0,11526,0,5462,0,0,0,0
2020-04-06,port120,Barranquilla,4,1,26090,39431,24829,1261,0,0,0,29462,0,0,9968,0
2020-04-07,port120,Barranquilla,1,0,0,0,0,0,0,0,0,0,0,0,0,0
2020-04-08,port120,Barranquilla,2,1,11652,644,0,974,10677,0,0,0,644,0,0,0
2020-04-09,port120,Barranquilla,2,1,23248,808,23248,0,0,0,0,0,808,0,0,0
2020-04-10,port120,Barranquilla,4,3,29925,2271,28421,1503,0,0,0,0,2271,0,0,0
2020-04-11,port120,Barranquilla,2,0,12945,5462,11980,0,0,964,0,5462,0,0,0,0
2020-04-12,port120,Barranquilla,2,1,24860,5667,24860,0,0,0,0,0,5667,0,0,0
2020-04-13,port120,Barranquilla,2,1,633,0,0,633,0,0,0,0,0,0,0,0
2020-04-14,port120,Barranquilla,2,1,974,644,0,974,0,0,0,0,644,0,0,0
2020-04-15,port120,Barranquilla,5,0,3108,0,0,0,265,2843,0,0,0,0,0,0
2020-04-16,port120,Barranquilla,3,1,42077,6107,41102,974,0,0,0,5462,644,0,0,0
2020-04-17,port120,Barranquilla,3,2,1496,9610,0,1496,0,0,0,0,0,9610,0,0
2020-04-18,port120,Barranquilla,1,0,0,0,0,0,0,0,0,0,0,0,0,0
2020-04-19,port120,Barranquilla,3,1,0,33893,0,0,0,0,0,28604,5289,0,0,0
2020-04-20,port120,Barranquilla,5,1,59819,0,47508,1901,0,10409,0,0,0,0,0,0
2020-04-21,port120,Barranquilla,1,0,4902,0,4902,0,0,0,0,0,0,0,0,0
2020-04-22,port120,Barranquilla,4,2,53884,644,52522,1361,0,0,0,0,644,0,0,0
2020-04-23,port120,Barranquilla,2,1,11458,1829,0,0,0,11458,0,0,1829,0,0,0
2020-04-24,port120,Barranquilla,3,2,11450,861,0,4328,7122,0,0,0,861,0,0,0
2020-04-25,port120,Barranquilla,1,0,0,0,0,0,0,0,0,0,0,0,0,0
2020-04-26,port120,Barranquilla,4,1,35344,2456,33637,0,1707,0,0,0,746,1710,0,0
2020-04-27,port120,Barranquilla,1,1,3125,0,0,3125,0,0,0,0,0,0,0,0
2020-04-28,port120,Barranquilla,4,0,7358,48051,0,0,0,7358,0,48051,0,0,0,0
2020-04-29,port120,Barranquilla,5,2,24369,1808,20550,974,691,2152,0,0,1808,0,0,0
2020-04-30,port120,Barranquilla,4,0,5663,2350,5135,0,528,0,0,0,0,1385,964,0
2020-05-01,port120,Barranquilla,2,1,742,19819,0,742,0,0,0,19819,0,0,0,0
2020-05-02,port120,Barranquilla,1,1,0,271,0,0,0,0,0,0,271,0,0,0
2020-05-03,port120,Barranquilla,3,1,10428,21585,0,974,9454,0,0,20940,644,0,0,0
2020-05-04,port120,Barranquilla,3,1,30406,0,28195,2211,0,0,0,0,0,0,0,0
2020-05-05,port120,Barranquilla,3,1,3260,9085,0,1385,0,1875,0,0,861,7172,1051,0
2020-05-06,port120,Barranquilla,2,1,385,0,0,385,0,0,0,0,0,0,0,0
2020-05-07,port120,Barranquilla,5,2,34644,1080,26994,2720,4928,0,0,0,1080,0,0,0
2020-05-08,port120,Barranquilla,1,1,743,0,0,743,0,0,0,0,0,0,0,0
2020-05-09,port120,Barranquilla,2,1,1318,0,0,1318,0,0,0,0,0,0,0,0
2020-05-10,port120,Barranquilla,5,2,33205,2001,31096,974,1134,0,0,623,1378,0,0,0
2020-05-11,port120,Barranquilla,1,1,1579,0,0,1579,0,0,0,0,0,0,0,0
2020-05-12,port120,Barranquilla,1,0,11980,5462,11980,0,0,0,0,5462,0,0,0,0
2020-05-13,port120,Barranquilla,2,1,0,1153,0,0,0,0,0,0,1153,0,0,0
2020-05-14,port120,Barranquilla,3,1,19541,1238,19541,0,0,0,0,0,1238,0,0,0
2020-05-15,port120,Barranquilla,3,1,17087,5462,11980,1849,0,3257,0,5462,0,0,0,0
2020-05-16,port120,Barranquilla,2,0,569,0,569,0,0,0,0,0,0,0,0,0
2020-05-17,port120,Barranquilla,6,2,6148,6600,0,1718,1716,2713,0,1041,644,0,4915,0
2020-05-18,port120,Barranquilla,5,1,4044,9240,0,630,3414,0,0,0,0,8293,946,0
2020-05-19,port120,Barranquilla,1,0,35083,0,35083,0,0,0,0,0,0,0,0,0
2020-05-20,port120,Barranquilla,3,1,19796,2046,19796,0,0,0,0,0,1740,0,306,0
2020-05-21,port120,Barranquilla,3,1,542,0,0,0,0,542,0,0,0,0,0,0
2020-05-22,port120,Barranquilla,1,0,0,0,0,0,0,0,0,0,0,0,0,0
2020-05-23,port120,Barranquilla,2,0,1996,156,0,0,1996,0,0,0,0,156,0,0
2020-05-24,port120,Barranquilla,1,1,0,5667,0,0,0,0,0,0,5667,0,0,0
2020-05-25,port120,Barranquilla,3,1,24978,12008,24004,974,0,0,0,0,644,11363,0,0
2020-05-26,port120,Barranquilla,6,1,4790,18600,2896,0,1893,0,0,17057,1379,164,0,0
2020-05-27,port120,Barranquilla,1,1,974,644,0,974,0,0,0,0,644,0,0,0
2020-05-28,port120,Barranquilla,3,1,15542,2148,0,974,0,14567,0,0,644,1503,0,0
2020-05-29,port120,Barranquilla,2,1,5057,0,0,3762,1295,0,0,0,0,0,0,0
2020-05-30,port120,Barranquilla,4,2,27143,272,24846,2297,0,0,0,0,272,0,0,0
2020-05-31,port120,Barranquilla,4,2,5562,1014,0,974,0,4588,0,0,1014,0,0,0
2020-06-01,port120,Barranquilla,2,1,632,0,0,632,0,0,0,0,0,0,0,0
2020-06-02,port120,Barranquilla,4,0,75480,0,73728,0,1752,0,0,0,0,0,0,0
2020-06-03,port120,Barranquilla,3,1,42279,996,42279,0,0,0,0,0,996,0,0,0
2020-06-04,port120,Barranquilla,1,1,269,0,0,269,0,0,0,0,0,0,0,0
2020-06-05,port120,Barranquilla,4,2,2031,26594,0,2031,0,0,0,0,644,0,25950,0
2020-06-06,port120,Barranquilla,3,1,10658,812,10658,0,0,0,0,0,812,0,0,0
2020-06-07,port120,Barranquilla,3,0,17777,1430,15063,0,0,2713,0,0,0,0,1430,0
2020-06-08,port120,Barranquilla,2,1,974,1122,0,974,0,0,0,478,644,0,0,0
2020-06-09,port120,Barranquilla,2,0,5601,4218,0,0,0,5601,0,0,0,4218,0,0
2020-06-10,port120,Barranquilla,4,1,33670,644,32696,974,0,0,0,0,644,0,0,0
2020-06-11,port120,Barranquilla,2,1,999,0,0,999,0,0,0,0,0,0,0,0
2020-06-12,port120,Barranquilla,2,0,4260,6256,0,0,0,4260,0,0,0,6256,0,0
2020-06-13,port120,Barranquilla,3,1,20993,0,20993,0,0,0,0,0,0,0,0,0
2020-06-14,port120,Barranquilla,5,1,90342,37722,90342,0,0,0,0,34723,2999,0,0,0
2020-06-15,port120,Barranquilla,1,1,0,2494,0,0,0,0,0,0,2494,0,0,0
2020-06-16,port120,Barranquilla,2,1,0,7118,0,0,0,0,0,0,2235,4882,0,0
2020-06-17,port120,Barranquilla,4,2,2756,19315,0,1351,1404,0,0,19315,0,0,0,0
2020-06-18,port120,Barranquilla,3,1,2226,9380,0,1583,643,0,0,0,0,0,9380,0
2020-06-19,port120,Barranquilla,3,1,11980,5834,11980,0,0,0,0,5462,371,0,0,0
2020-06-20,port120,Barranquilla,3,0,19686,31878,19686,0,0,0,0,24295,0,7583,0,0
2020-06-21,port120,Barranquilla,2,1,2599,644,0,974,0,1625,0,0,644,0,0,0
2020-06-22,port120,Barranquilla,1,0,0,0,0,0,0,0,0,0,0,0,0,0
2020-06-23,port120,Barranquilla,3,3,0,6522,0,0,0,0,0,0,6522,0,0,0
2020-06-24,port120,Barranquilla,2,1,2412,1155,2412,0,0,0,0,0,1155,0,0,0
2020-06-25,port120,Barranquilla,2,0,39189,0,38727,0,461,0,0,0,0,0,0,0
2020-06-26,port120,Barranquilla,2,1,8425,0,0,3726,4699,0,0,0,0,0,0,0
2020-06-27,port120,Barranquilla,0,0,0,0,0,0,0,0,0,0,0,0,0,0
2020-06-28,port120,Barranquilla,1,0,2123,0,0,0,2123,0,0,0,0,0,0,0
2020-06-29,port120,Barranquilla,4,2,1290,6133,0,1290,0,0,0,0,644,0,5488,0
2020-06-30,port120,Barranquilla,2,0,29315,0,29315,0,0,0,0,0,0,0,0,0
2020-07-01,port120,Barranquilla,3,1,30646,11445,27242,3403,0,0,0,0,0,0,11445,0
2020-07-02,port120,Barranquilla,2,2,974,2564,0,974,0,0,0,0,2564,0,0,0
2020-07-03,port120,Barranquilla,1,1,974,644,0,974,0,0,0,0,644,0,0,0
2020-07-04,port120,Barranquilla,4,1,21875,0,21603,271,0,0,0,0,0,0,0,0
2020-07-05,port120,Barranquilla,3,1,12881,644,0,974,11906,0,0,0,644,0,0,0
2020-07-06,port120,Barranquilla,1,1,2810,0,0,2810,0,0,0,0,0,0,0,0
2020-07-07,port120,Barranquilla,3,0,3164,4945,0,0,3164,0,0,0,0,4945,0,0
2020-07-08,port120,Barranquilla,1,1,0,1156,0,0,0,0,0,0,1156,0,0,0
2020-07-09,port120,Barranquilla,3,1,31974,16318,30999,974,0,0,0,0,644,0,15674,0
2020-07-10,port120,Barranquilla,2,1,14210,5462,11980,2229,0,0,0,5462,0,0,0,0
2020-07-11,port120,Barranquilla,3,1,3788,1782,0,0,0,3788,0,0,1782,0,0,0
2020-07-12,port120,Barranquilla,5,1,6063,2503,0,370,5692,0,0,0,0,2503,0,0
2020-07-13,port120,Barranquilla,1,1,1267,0,0,1267,0,0,0,0,0,0,0,0
2020-07-14,port120,Barranquilla,1,0,2455,0,2455,0,0,0,0,0,0,0,0,0
2020-07-15,port120,Barranquilla,4,1,772,3944,0,772,0,0,0,0,0,2340,1604,0
2020-07-16,port120,Barranquilla,1,1,0,248,0,0,0,0,0,0,248,0,0,0
2020-07-17,port120,Barranquilla,4,2,9660,644,5729,3931,0,0,0,0,644,0,0,0
2020-07-18,port120,Barranquilla,3,0,4559,5163,0,0,4559,0,0,0,0,5163,0,0
2020-07-19,port120,Barranquilla,1,1,0,1486,0,0,0,0,0,0,1486,0,0,0
2020-07-20,port120,Barranquilla,0,0,0,0,0,0,0,0,0,0,0,0,0,0
2020-07-21,port120,Barranquilla,5,1,2520,16368,0,0,0,2520,0,0,314,13527,2527,0
2020-07-22,port120,Barranquilla,2,1,4009,1710,0,2302,1707,0,0,0,0,1710,0,0
2020-07-23,port120,Barranquilla,2,1,1374,0,0,1374,0,0,0,0,0,0,0,0
2020-07-24,port120,Barranquilla,1,1,0,1122,0,0,0,0,0,0,1122,0,0,0
2020-07-25,port120,Barranquilla,1,0,227,0,0,0,0,227,0,0,0,0,0,0
2020-07-26,port120,Barranquilla,3,1,419,10210,0,0,0,419,0,0,2577,7632,0,0
2020-07-27,port120,Barranquilla,1,1,0,0,0,0,0,0,0,0,0,0,0,0
2020-07-28,port120,Barranquilla,2,0,1135,424,0,0,1135,0,0,0,0,424,0,0
2020-07-29,port120,Barranquilla,0,0,0,0,0,0,0,0,0,0,0,0,0,0
2020-07-30,port120,Barranquilla,1,0,1707,1710,0,0,1707,0,0,0,0,1710,0,0
2020-07-31,port120,Barranquilla,7,4,20688,2064,16465,4222,0,0,0,0,2064,0,0,0
2020-08-01,port120,Barranquilla,1,1,1039,0,0,1039,0,0,0,0,0,0,0,0
2020-08-02,port120,Barranquilla,4,1,64423,339,64049,373,0,0,0,0,0,339,0,0
2020-08-03,port120,Barranquilla,2,1,321,315,0,0,0,321,0,0,315,0,0,0
2020-08-04,port120,Barranquilla,3,0,48616,485,0,0,1828,46787,0,485,0,0,0,0
2020-08-05,port120,Barranquilla,0,0,0,0,0,0,0,0,0,0,0,0,0,0
2020-08-06,port120,Barranquilla,2,2,974,1891,0,974,0,0,0,0,1891,0,0,0
2020-08-07,port120,Barranquilla,1,1,1484,0,0,1484,0,0,0,0,0,0,0,0
2020-08-08,port120,Barranquilla,1,0,3528,0,0,0,3528,0,0,0,0,0,0,0
2020-08-09,port120,Barranquilla,3,2,12955,7208,11980,974,0,0,0,5462,1746,0,0,0
2020-08-10,port120,Barranquilla,1,0,0,15860,0,0,0,0,0,15860,0,0,0,0
2020-08-11,port120,Barranquilla,3,1,47614,644,29269,974,0,17370,0,0,644,0,0,0
2020-08-12,port120,Barranquilla,1,1,3086,0,0,3086,0,0,0,0,0,0,0,0
2020-08-13,port120,Barranquilla,3,1,19918,861,18533,1385,0,0,0,0,861,0,0,0
2020-08-14,port120,Barranquilla,5,2,15200,3128,0,4428,10772,0,0,0,982,2146,0,0
2020-08-15,port120,Barranquilla,1,0,0,24592,0,0,0,0,0,24592,0,0,0,0
2020-08-16,port120,Barranquilla,2,1,11890,0,11513,376,0,0,0,0,0,0,0,0
2020-08-17,port120,Barranquilla,2,1,0,316,0,0,0,0,0,0,316,0,0,0
2020-08-18,port120,Barranquilla,4,1,30473,15705,30473,0,0,0,0,15154,550,0,0,0
2020-08-19,port120,Barranquilla,2,1,0,386,0,0,0,0,0,0,386,0,0,0
2020-08-20,port120,Barranquilla,2,0,1707,1710,0,0,1707,0,0,0,0,1710,0,0
2020-08-21,port120,Barranquilla,5,2,35245,1112,34750,495,0,0,0,0,1112,0,0,0
2020-08-22,port120,Barranquilla,1,0,0,0,0,0,0,0,0,0,0,0,0,0
2020-08-23,port120,Barranquilla,2,1,806,368,0,0,806,0,0,0,368,0,0,0
2020-08-24,port120,Barranquilla,1,0,1875,1051,0,0,0,1875,0,0,0,0,1051,0
2020-08-25,port120,Barranquilla,4,1,9064,1838,0,1267,7797,0,0,0,0,1838,0,0
2020-08-26,port120,Barranquilla,1,0,2495,0,0,0,2495,0,0,0,0,0,0,0
2020-08-27,port120,Barranquilla,0,0,0,0,0,0,0,0,0,0,0,0,0,0
2020-08-28,port120,Barranquilla,4,3,16302,6647,11980,4321,0,0,0,5462,1184,0,0,0
2020-08-29,port120,Barranquilla,4,1,7946,21149,0,0,1707,6239,0,18638,801,1710,0,0
2020-08-30,port120,Barranquilla,3,1,373,0,0,373,0,0,0,0,0,0,0,0
2020-08-31,port120,Barranquilla,3,0,75039,5462,75039,0,0,0,0,5462,0,0,0,0
2020-09-01,port120,Barranquilla,4,2,15205,1710,12089,1408,1707,0,0,0,0,1710,0,0
2020-09-02,port120,Barranquilla,4,1,30274,10205,15057,1385,0,13832,0,0,861,9344,0,0
2020-09-03,port120,Barranquilla,0,0,0,0,0,0,0,0,0,0,0,0,0,0
2020-09-04,port120,Barranquilla,2,2,2629,747,0,2629,0,0,0,0,747,0,0,0
2020-09-05,port120,Barranquilla,3,0,32873,34555,29181,0,3692,0,0,34555,0,0,0,0
2020-09-06,port120,Barranquilla,3,2,10398,1065,8168,2229,0,0,0,0,1065,0,0,0
2020-09-07,port120,Barranquilla,0,0,0,0,0,0,0,0,0,0,0,0,0,0
2020-09-08,port120,Barranquilla,4,2,3980,4049,0,1266,0,2713,0,0,387,2231,1430,0
2020-09-09,port120,Barranquilla,1,1,995,0,0,995,0,0,0,0,0,0,0,0
2020-09-10,port120,Barranquilla,1,0,0,9254,0,0,0,0,0,9254,0,0,0,0
2020-09-11,port120,Barranquilla,1,1,1851,0,0,1851,0,0,0,0,0,0,0,0
2020-09-12,port120,Barranquilla,3,1,0,5416,0,0,0,0,0,0,744,4671,0,0
2020-09-13,port120,Barranquilla,3,1,38133,0,35678,1843,610,0,0,0,0,0,0,0
2020-09-14,port120,Barranquilla,1,1,951,0,0,951,0,0,0,0,0,0,0,0
2020-09-15,port120,Barranquilla,5,2,24066,4727,20418,1940,1707,0,0,0,1133,1710,1883,0
2020-09-16,port120,Barranquilla,1,0,0,416,0,0,0,0,0,0,0,416,0,0
2020-09-17,port120,Barranquilla,3,0,13461,5909,11980,0,1480,0,0,5462,0,0,447,0
2020-09-18,port120,Barranquilla,4,1,59644,1710,54941,2995,1707,0,0,0,0,1710,0,0
2020-09-19,port120,Barranquilla,1,0,0,0,0,0,0,0,0,0,0,0,0,0
2020-09-20,port120,Barranquilla,3,1,11523,370,11523,0,0,0,0,0,370,0,0,0
2020-09-21,port120,Barranquilla,3,0,0,24970,0,0,0,0,0,22805,0,0,2165,0
2020-09-22,port120,Barranquilla,3,2,2754,37939,0,2754,0,0,0,37939,0,0,0,0
2020-09-23,port120,Barranquilla,2,1,14471,0,0,2434,0,12037,0,0,0,0,0,0
2020-09-24,port120,Barranquilla,3,0,59318,36077,59318,0,0,0,0,36077,0,0,0,0
2020-09-25,port120,Barranquilla,3,2,16723,1351,0,767,0,15956,0,0,1351,0,0,0
2020-09-26,port120,Barranquilla,1,1,0,3244,0,0,0,0,0,0,3244,0,0,0
2020-09-27,port120,Barranquilla,1,1,2241,0,0,2241,0,0,0,0,0,0,0,0
2020-09-28,port120,Barranquilla,3,1,4133,24462,0,4133,0,0,0,23668,0,793,0,0
2020-09-29,port120,Barranquilla,5,2,40349,2252,36086,1549,0,2713,0,0,822,0,1430,0
2020-09-30,port120,Barranquilla,1,1,497,0,0,497,0,0,0,0,0,0,0,0
2020-10-01,port120,Barranquilla,3,0,7225,64994,0,0,7225,0,0,64994,0,0,0,0
2020-10-02,port120,Barranquilla,3,1,7505,0,0,1875,5629,0,0,0,0,0,0,0
2020-10-03,port120,Barranquilla,4,1,63003,10378,63003,0,0,0,0,0,998,0,9380,0
2020-10-04,port120,Barranquilla,2,1,0,1843,0,0,0,0,0,0,1843,0,0,0
2020-10-05,port120,Barranquilla,2,0,4097,45542,0,0,4097,0,0,45542,0,0,0,0
2020-10-06,port120,Barranquilla,2,2,1361,644,0,1361,0,0,0,0,644,0,0,0
2020-10-07,port120,Barranquilla,5,1,21787,28563,20541,1245,0,0,0,28563,0,0,0,0
2020-10-08,port120,Barranquilla,2,1,7208,0,0,1052,6156,0,0,0,0,0,0,0
2020-10-09,port120,Barranquilla,3,2,2629,3492,0,2629,0,0,0,0,0,3492,0,0
2020-10-10,port120,Barranquilla,3,1,0,23361,0,0,0,0,0,7139,499,15723,0,0
2020-10-11,port120,Barranquilla,3,1,24080,0,13274,5735,5070,0,0,0,0,0,0,0
2020-10-12,port120,Barranquilla,3,1,317,0,0,317,0,0,0,0,0,0,0,0
2020-10-13,port120,Barranquilla,7,3,10450,3691,0,4948,5502,0,0,0,271,3420,0,0
2020-10-14,port120,Barranquilla,2,1,974,644,0,974,0,0,0,0,644,0,0,0
2020-10-15,port120,Barranquilla,1,0,0,0,0,0,0,0,0,0,0,0,0,0
2020-10-16,port120,Barranquilla,3,1,38223,6065,38223,0,0,0,0,0,0,0,6065,0
2020-10-17,port120,Barranquilla,4,1,4364,9177,2411,246,1707,0,0,7467,0,1710,0,0
2020-10-18,port120,Barranquilla,4,2,41506,2953,38052,740,0,2713,0,0,1523,0,1430,0
2020-10-19,port120,Barranquilla,3,1,1581,0,0,1581,0,0,0,0,0,0,0,0
2020-10-20,port120,Barranquilla,6,1,26567,6893,18808,385,4659,2713,0,5462,0,0,1430,0
2020-10-21,port120,Barranquilla,4,1,6266,1710,0,537,1707,4021,0,0,0,1710,0,0
2020-10-22,port120,Barranquilla,2,0,0,0,0,0,0,0,0,0,0,0,0,0
2020-10-23,port120,Barranquilla,6,2,11594,4701,0,0,0,11594,0,0,1897,2804,0,0
2020-10-24,port120,Barranquilla,3,1,29965,1349,29965,0,0,0,0,0,1349,0,0,0
2020-10-25,port120,Barranquilla,4,1,27133,23846,27133,0,0,0,0,23107,739,0,0,0
2020-10-26,port120,Barranquilla,2,0,0,618,0,0,0,0,0,0,0,618,0,0
2020-10-27,port120,Barranquilla,2,2,3873,0,0,3873,0,0,0,0,0,0,0,0
2020-10-28,port120,Barranquilla,1,1,497,0,0,497,0,0,0,0,0,0,0,0
2020-10-29,port120,Barranquilla,2,1,14368,0,12735,1632,0,0,0,0,0,0,0,0
2020-10-30,port120,Barranquilla,3,1,34972,27686,32736,2235,0,0,0,27686,0,0,0,0
2020-10-31,port120,Barranquilla,4,2,500,2201,0,500,0,0,0,0,2201,0,0,0
2020-11-01,port120,Barranquilla,2,1,2095,0,0,1527,0,568,0,0,0,0,0,0
2020-11-02,port120,Barranquilla,1,0,8624,0,8624,0,0,0,0,0,0,0,0,0
2020-11-03,port120,Barranquilla,3,2,6247,0,5229,1017,0,0,0,0,0,0,0,0
2020-11-04,port120,Barranquilla,3,2,15081,0,0,1503,0,13577,0,0,0,0,0,0
2020-11-05,port120,Barranquilla,1,0,0,11760,0,0,0,0,0,11760,0,0,0,0
2020-11-06,port120,Barranquilla,3,1,2850,2258,0,974,0,1875,0,0,644,0,1613,0
2020-11-07,port120,Barranquilla,2,1,0,30291,0,0,0,0,0,29754,537,0,0,0
2020-11-08,port120,Barranquilla,3,2,0,618,0,0,0,0,0,0,618,0,0,0
2020-11-09,port120,Barranquilla,2,0,2713,2320,0,0,0,2713,0,0,0,890,1430,0
2020-11-10,port120,Barranquilla,5,3,68551,644,62271,6279,0,0,0,0,644,0,0,0
2020-11-11,port120,Barranquilla,1,1,0,492,0,0,0,0,0,0,492,0,0,0
2020-11-12,port120,Barranquilla,1,0,36387,0,36387,0,0,0,0,0,0,0,0,0
2020-11-13,port120,Barranquilla,5,1,17900,1910,0,1121,0,16779,0,0,0,0,1910,0
2020-11-14,port120,Barranquilla,2,2,0,4380,0,0,0,0,0,0,4380,0,0,0
2020-11-15,port120,Barranquilla,4,1,974,31893,0,974,0,0,0,26409,644,4839,0,0
2020-11-16,port120,Barranquilla,2,0,26032,0,25337,0,695,0,0,0,0,0,0,0
2020-11-17,port120,Barranquilla,5,2,8685,386,0,1577,7108,0,0,0,386,0,0,0
2020-11-18,port120,Barranquilla,2,0,47279,0,47279,0,0,0,0,0,0,0,0,0
2020-11-19,port120,Barranquilla,1,1,974,644,0,974,0,0,0,0,644,0,0,0
2020-11-20,port120,Barranquilla,4,1,25974,0,24122,1851,0,0,0,0,0,0,0,0
2020-11-21,port120,Barranquilla,2,2,1949,1289,0,1949,0,0,0,0,1289,0,0,0
2020-11-22,port120,Barranquilla,1,1,974,644,0,974,0,0,0,0,644,0,0,0
2020-11-23,port120,Barranquilla,1,1,0,633,0,0,0,0,0,0,633,0,0,0
2020-11-24,port120,Barranquilla,1,1,0,772,0,0,0,0,0,0,772,0,0,0
2020-11-25,port120,Barranquilla,5,2,3943,21580,0,746,3197,0,0,21309,271,0,0,0
2020-11-26,port120,Barranquilla,2,0,19778,0,19778,0,0,0,0,0,0,0,0,0
2020-11-27,port120,Barranquilla,6,2,9023,61842,0,2569,0,6454,0,24269,644,0,36928,0
2020-11-28,port120,Barranquilla,2,2,974,2068,0,974,0,0,0,0,2068,0,0,0
2020-11-29,port120,Barranquilla,2,1,31185,1115,31185,0,0,0,0,0,1115,0,0,0
2020-11-30,port120,Barranquilla,2,1,3813,2448,0,3813,0,0,0,0,0,2448,0,0
2020-12-01,port120,Barranquilla,4,2,54885,522,52944,1940,0,0,0,0,522,0,0,0
2020-12-02,port120,Barranquilla,5,1,6922,3253,2740,2474,1707,0,0,0,0,3253,0,0
2020-12-03,port120,Barranquilla,3,1,10816,0,0,3141,7675,0,0,0,0,0,0,0
2020-12-04,port120,Barranquilla,2,1,3914,1710,0,2207,1707,0,0,0,0,1710,0,0
2020-12-05,port120,Barranquilla,2,2,0,3400,0,0,0,0,0,0,3400,0,0,0
2020-12-06,port120,Barranquilla,5,1,21589,1696,0,974,7587,13026,0,0,644,0,1051,0
2020-12-07,port120,Barranquilla,1,0,0,24609,0,0,0,0,0,24609,0,0,0,0
2020-12-08,port120,Barranquilla,3,2,37605,771,36028,1577,0,0,0,0,771,0,0,0
2020-12-09,port120,Barranquilla,3,1,2322,644,0,974,0,1347,0,0,644,0,0,0
2020-12-10,port120,Barranquilla,2,0,25628,3429,25628,0,0,0,0,0,0,0,3429,0
2020-12-11,port120,Barranquilla,2,1,30062,0,24801,5260,0,0,0,0,0,0,0,0
2020-12-12,port120,Barranquilla,1,1,0,2043,0,0,0,0,0,0,2043,0,0,0
2020-12-13,port120,Barranquilla,4,1,22732,644,17470,974,4287,0,0,0,644,0,0,0
2020-12-14,port120,Barranquilla,7,1,46763,44327,40908,1896,2082,1875,0,31854,0,0,12472,0
2020-12-15,port120,Barranquilla,3,1,2721,5492,0,2721,0,0,0,1089,0,4403,0,0
2020-12-16,port120,Barranquilla,1,1,974,644,0,974,0,0,0,0,644,0,0,0
2020-12-17,port120,Barranquilla,2,1,0,25518,0,0,0,0,0,24165,1353,0,0,0
2020-12-18,port120,Barranquilla,2,2,974,1455,0,974,0,0,0,0,1455,0,0,0
2020-12-19,port120,Barranquilla,1,0,0,0,0,0,0,0,0,0,0,0,0,0
2020-12-20,port120,Barranquilla,5,1,50684,9881,50684,0,0,0,0,0,1112,8768,0,0
2020-12-21,port120,Barranquilla,3,1,1901,2074,0,1901,0,0,0,2074,0,0,0,0
2020-12-22,port120,Barranquilla,0,0,0,0,0,0,0,0,0,0,0,0,0,0
2020-12-23,port120,Barranquilla,3,1,28155,0,27383,771,0,0,0,0,0,0,0,0
2020-12-24,port120,Barranquilla,2,0,0,2899,0,0,0,0,0,2899,0,0,0,0
2020-12-25,port120,Barranquilla,5,2,17623,777,2749,1474,0,13399,0,0,777,0,0,0
2020-12-26,port120,Barranquilla,4,1,3908,0,0,652,3255,0,0,0,0,0,0,0
2020-12-27,port120,Barranquilla,3,1,10742,26665,0,0,0,10742,0,25930,734,0,0,0
2020-12-28,port120,Barranquilla,2,1,4945,0,0,2494,2450,0,0,0,0,0,0,0
2020-12-29,port120,Barranquilla,2,1,0,259,0,0,0,0,0,0,259,0,0,0
2020-12-30,port120,Barranquilla,5,2,3639,3752,0,1515,2123,0,0,0,0,3752,0,0
2020-12-31,port120,Barranquilla,3,1,12156,0,11887,269,0,0,0,0,0,0,0,0
2021-01-01,port120,Barranquilla,1,1,1841,0,0,1841,0,0,0,0,0,0,0,0
2021-01-02,port120,Barranquilla,3,1,9586,1046,8592,994,0,0,0,0,0,1046,0,0
2021-01-03,port120,Barranquilla,1,1,974,644,0,974,0,0,0,0,644,0,0,0
2021-01-04,port120,Barranquilla,3,1,12177,0,0,2494,6938,2743,0,0,0,0,0,0
2021-01-05,port120,Barranquilla,5,2,2007,1903,0,272,1734,0,0,0,384,1518,0,0
2021-01-06,port120,Barranquilla,4,1,2465,0,0,496,1969,0,0,0,0,0,0,0
2021-01-07,port120,Barranquilla,1,0,0,2101,0,0,0,0,0,0,0,2101,0,0
2021-01-08,port120,Barranquilla,2,1,3552,644,0,974,2578,0,0,0,644,0,0,0
2021-01-09,port120,Barranquilla,4,2,0,3333,0,0,0,0,0,0,992,2340,0,0
2021-01-10,port120,Barranquilla,2,1,10943,644,0,974,0,9968,0,0,644,0,0,0
2021-01-11,port120,Barranquilla,2,1,0,8161,0,0,0,0,0,6295,1866,0,0,0
2021-01-12,port120,Barranquilla,0,0,0,0,0,0,0,0,0,0,0,0,0,0
2021-01-13,port120,Barranquilla,6,1,23106,24305,17431,2434,0,3240,0,24305,0,0,0,0
2021-01-14,port120,Barranquilla,4,2,20112,644,0,4471,0,15641,0,0,644,0,0,0
2021-01-15,port120,Barranquilla,5,2,22957,0,19253,2013,1690,0,0,0,0,0,0,0
2021-01-16,port120,Barranquilla,3,1,6671,5422,0,0,6671,0,0,0,1349,4073,0,0
2021-01-17,port120,Barranquilla,3,1,26436,25636,26436,0,0,0,0,24896,740,0,0,0
2021-01-18,port120,Barranquilla,3,1,3441,30479,0,3441,0,0,0,27096,0,3383,0,0
2021-01-19,port120,Barranquilla,2,2,2469,0,0,2469,0,0,0,0,0,0,0,0
2021-01-20,port120,Barranquilla,1,1,0,0,0,0,0,0,0,0,0,0,0,0
2021-01-21,port120,Barranquilla,5,0,32910,3893,27307,0,5603,0,0,0,0,3893,0,0
2021-01-22,port120,Barranquilla,3,2,12113,1037,0,1851,0,10261,0,0,1037,0,0,0
2021-01-23,port120,Barranquilla,2,0,28005,0,28005,0,0,0,0,0,0,0,0,0
2021-01-24,port120,Barranquilla,7,2,9607,26135,0,974,1707,6925,0,22797,1627,1710,0,0
2021-01-25,port120,Barranquilla,4,0,3155,4099,0,0,3155,0,0,0,0,4099,0,0
2021-01-26,port120,Barranquilla,3,1,53850,0,52271,1579,0,0,0,0,0,0,0,0
2021-01-27,port120,Barranquilla,4,2,5012,3578,3269,1743,0,0,0,0,644,2934,0,0
2021-01-28,port120,Barranquilla,1,0,0,6358,0,0,0,0,0,0,0,0,6358,0
2021-01-29,port120,Barranquilla,2,2,0,5936,0,0,0,0,0,0,5936,0,0,0
2021-01-30,port120,Barranquilla,3,2,27603,3560,27083,520,0,0,0,0,3560,0,0,0
2021-01-31,port120,Barranquilla,3,1,3570,21640,2595,974,0,0,0,20995,644,0,0,0
2021-02-01,port120,Barranquilla,4,1,19372,1710,16716,949,1707,0,0,0,0,1710,0,0
2021-02-02,port120,Barranquilla,1,1,974,644,0,974,0,0,0,0,644,0,0,0
2021-02-03,port120,Barranquilla,1,1,0,248,0,0,0,0,0,0,248,0,0,0
2021-02-04,port120,Barranquilla,4,1,23551,7817,11980,974,10596,0,0,5462,644,1710,0,0
2021-02-05,port120,Barranquilla,3,1,4672,0,0,2581,199,1891,0,0,0,0,0,0
2021-02-06,port120,Barranquilla,3,2,248,1523,0,248,0,0,0,0,1523,0,0,0
2021-02-07,port120,Barranquilla,3,1,0,4065,0,0,0,0,0,2591,1474,0,0,0
2021-02-08,port120,Barranquilla,3,1,8566,6133,0,2156,0,6409,0,0,0,6133,0,0
2021-02-09,port120,Barranquilla,3,1,23776,4083,21954,1822,0,0,0,0,0,0,4083,0
2021-02-10,port120,Barranquilla,4,1,16067,11572,15092,974,0,0,0,0,644,10927,0,0
2021-02-11,port120,Barranquilla,3,1,6780,0,0,2434,4346,0,0,0,0,0,0,0
2021-02-12,port120,Barranquilla,5,2,5317,5096,0,3609,1707,0,0,0,0,5096,0,0
2021-02-13,port120,Barranquilla,3,1,0,4329,0,0,0,0,0,0,4329,0,0,0
2021-02-14,port120,Barranquilla,3,1,15241,644,0,974,4721,9544,0,0,644,0,0,0
2021-02-15,port120,Barranquilla,2,1,0,2824,0,0,0,0,0,0,2824,0,0,0
2021-02-16,port120,Barranquilla,4,1,26570,51333,25760,810,0,0,0,51333,0,0,0,0
2021-02-17,port120,Barranquilla,3,1,1690,0,0,0,1690,0,0,0,0,0,0,0
2021-02-18,port120,Barranquilla,0,0,0,0,0,0,0,0,0,0,0,0,0,0
2021-02-19,port120,Barranquilla,6,2,10963,14936,0,2514,4961,3488,0,0,644,1710,12582,0
2021-02-20,port120,Barranquilla,7,2,29539,37611,28565,974,0,0,0,31651,2326,3633,0,0
2021-02-21,port120,Barranquilla,1,1,371,0,0,371,0,0,0,0,0,0,0,0
2021-02-22,port120,Barranquilla,1,1,359,0,0,359,0,0,0,0,0,0,0,0
2021-02-23,port120,Barranquilla,3,1,4716,3733,0,776,0,3939,0,0,0,3733,0,0
2021-02-24,port120,Barranquilla,0,0,0,0,0,0,0,0,0,0,0,0,0,0
2021-02-25,port120,Barranquilla,2,0,23439,2732,23439,0,0,0,0,2732,0,0,0,0
2021-02-26,port120,Barranquilla,7,2,61509,34360,57995,3351,162,0,0,34090,269,0,0,0
2021-02-27,port120,Barranquilla,4,1,4328,4677,0,974,0,3354,0,0,644,2122,1910,0
2021-02-28,port120,Barranquilla,1,1,0,367,0,0,0,0,0,0,367,0,0,0
2021-03-01,port120,Barranquilla,1,0,22858,0,22858,0,0,0,0,0,0,0,0,0
2021-03-02,port120,Barranquilla,4,2,358,5611,0,358,0,0,0,4449,1161,0,0,0
2021-03-03,port120,Barranquilla,1,1,827,0,0,827,0,0,0,0,0,0,0,0
2021-03-04,port120,Barranquilla,1,0,40391,0,40391,0,0,0,0,0,0,0,0,0
2021-03-05,port120,Barranquilla,5,1,36972,44073,33227,3744,0,0,0,44073,0,0,0,0
2021-03-06,port120,Barranquilla,3,1,13068,991,0,0,0,13068,0,0,991,0,0,0
2021-03-07,port120,Barranquilla,5,1,43407,2340,32835,739,9832,0,0,0,0,2340,0,0
2021-03-08,port120,Barranquilla,3,0,1707,6418,0,0,1707,0,0,0,0,6418,0,0
2021-03-09,port120,Barranquilla,4,2,6401,19386,0,718,5682,0,0,19000,385,0,0,0
2021-03-10,port120,Barranquilla,4,0,13614,0,0,0,0,13614,0,0,0,0,0,0
2021-03-11,port120,Barranquilla,0,0,0,0,0,0,0,0,0,0,0,0,0,0
2021-03-12,port120,Barranquilla,5,3,81647,644,73945,7702,0,0,0,0,644,0,0,0
2021-03-13,port120,Barranquilla,6,2,14730,42039,11980,1083,1665,0,0,40788,1250,0,0,0
2021-03-14,port120,Barranquilla,3,1,34831,6774,21383,0,0,13448,0,0,6774,0,0,0
2021-03-15,port120,Barranquilla,3,0,25366,20908,25366,0,0,0,0,20908,0,0,0,0
2021-03-16,port120,Barranquilla,6,2,6096,8664,0,974,5121,0,0,0,1193,7470,0,0
2021-03-17,port120,Barranquilla,1,0,32370,0,32370,0,0,0,0,0,0,0,0,0
2021-03-18,port120,Barranquilla,7,1,5839,62019,0,974,4864,0,0,58973,644,0,2401,0
2021-03-19,port120,Barranquilla,0,0,0,0,0,0,0,0,0,0,0,0,0,0
2021-03-20,port120,Barranquilla,6,2,8142,1949,0,6186,1955,0,0,0,0,0,1949,0
2021-03-21,port120,Barranquilla,2,2,0,1747,0,0,0,0,0,0,1747,0,0,0
2021-03-22,port120,Barranquilla,4,0,3108,0,0,0,1216,1891,0,0,0,0,0,0
2021-03-23,port120,Barranquilla,3,2,17616,5462,11980,5635,0,0,0,5462,0,0,0,0
2021-03-24,port120,Barranquilla,1,0,7228,0,0,0,7228,0,0,0,0,0,0,0
2021-03-25,port120,Barranquilla,1,0,2713,1430,0,0,0,2713,0,0,0,0,1430,0
2021-03-26,port120,Barranquilla,6,1,81973,0,74808,3721,3443,0,0,0,0,0,0,0
2021-03-27,port120,Barranquilla,2,1,2713,2502,0,0,0,2713,0,0,1071,0,1430,0
2021-03-28,port120,Barranquilla,6,2,24131,16637,19836,974,1707,1613,0,0,1728,1710,13199,0
2021-03-29,port120,Barranquilla,1,1,358,0,0,358,0,0,0,0,0,0,0,0
2021-03-30,port120,Barranquilla,2,0,1641,926,0,0,1641,0,0,0,0,0,926,0
2021-03-31,port120,Barranquilla,5,1,53662,3952,50881,0,2781,0,0,0,1158,2794,0,0
2021-04-01,port120,Barranquilla,3,0,40534,7624,38826,0,1707,0,0,0,0,7624,0,0
2021-04-02,port120,Barranquilla,3,2,724,34707,0,724,0,0,0,30518,4188,0,0,0
2021-04-03,port120,Barranquilla,1,0,0,26856,0,0,0,0,0,26856,0,0,0,0
2021-04-04,port120,Barranquilla,2,1,34495,644,33520,974,0,0,0,0,644,0,0,0
2021-04-05,port120,Barranquilla,6,2,44183,5462,39283,4900,0,0,0,5462,0,0,0,0
2021-04-06,port120,Barranquilla,2,1,0,386,0,0,0,0,0,0,386,0,0,0
2021-04-07,port120,Barranquilla,1,0,11980,5462,11980,0,0,0,0,5462,0,0,0,0
2021-04-08,port120,Barranquilla,5,2,4757,26401,0,2242,0,2515,0,26401,0,0,0,0
2021-04-09,port120,Barranquilla,5,2,44702,0,35188,7909,1603,0,0,0,0,0,0,0
2021-04-10,port120,Barranquilla,4,2,21344,2309,0,974,0,20370,0,0,2309,0,0,0
2021-04-11,port120,Barranquilla,2,1,1849,28975,0,1849,0,0,0,28975,0,0,0,0
2021-04-12,port120,Barranquilla,2,1,2884,0,0,2884,0,0,0,0,0,0,0,0
2021-04-13,port120,Barranquilla,3,1,1670,0,0,1670,0,0,0,0,0,0,0,0
2021-04-14,port120,Barranquilla,1,1,974,644,0,974,0,0,0,0,644,0,0,0
2021-04-15,port120,Barranquilla,1,0,0,163,0,0,0,0,0,0,0,163,0,0
2021-04-16,port120,Barranquilla,8,1,18940,12065,0,5592,10649,2698,0,0,0,0,12065,0
2021-04-17,port120,Barranquilla,6,3,48796,16531,47822,974,0,0,0,0,2419,0,14111,0
2021-04-18,port120,Barranquilla,1,1,974,644,0,974,0,0,0,0,644,0,0,0
2021-04-19,port120,Barranquilla,3,1,0,3868,0,0,0,0,0,0,3541,326,0,0
2021-04-20,port120,Barranquilla,4,1,4027,28971,0,774,3253,0,0,28434,0,0,537,0
2021-04-21,port120,Barranquilla,5,0,45325,16791,30971,0,14354,0,0,16791,0,0,0,0
2021-04-22,port120,Barranquilla,2,1,4429,1910,0,1075,0,3354,0,0,0,0,1910,0
2021-04-23,port120,Barranquilla,5,2,7562,7276,6745,816,0,0,0,0,2719,4557,0,0
2021-04-24,port120,Barranquilla,1,0,3829,0,3829,0,0,0,0,0,0,0,0,0
2021-04-25,port120,Barranquilla,2,1,1659,1859,0,0,1659,0,0,0,1859,0,0,0
2021-04-26,port120,Barranquilla,4,1,31749,3602,25681,6067,0,0,0,3602,0,0,0,0
2021-04-27,port120,Barranquilla,2,1,0,14054,0,0,0,0,0,0,775,0,13279,0
2021-04-28,port120,Barranquilla,5,0,67913,30935,66483,0,1430,0,0,30935,0,0,0,0
2021-04-29,port120,Barranquilla,4,1,35949,3701,35709,240,0,0,0,0,0,0,3701,0
2021-04-30,port120,Barranquilla,2,1,5694,1430,0,2981,0,2713,0,0,0,0,1430,0
2021-05-01,port120,Barranquilla,2,0,0,536,0,0,0,0,0,0,0,0,536,0
2021-05-02,port120,Barranquilla,2,2,0,992,0,0,0,0,0,0,992,0,0,0
2021-05-03,port120,Barranquilla,1,1,0,2467,0,0,0,0,0,0,2467,0,0,0
2021-05-04,port120,Barranquilla,3,2,2978,0,0,2978,0,0,0,0,0,0,0,0
2021-05-05,port120,Barranquilla,1,0,0,28062,0,0,0,0,0,28062,0,0,0,0
2021-05-06,port120,Barranquilla,5,0,6164,4515,6164,0,0,0,0,0,0,4515,0,0
2021-05-07,port120,Barranquilla,3,2,36830,1194,30457,6373,0,0,0,0,1194,0,0,0
2021-05-08,port120,Barranquilla,2,0,19890,0,6373,0,0,13517,0,0,0,0,0,0
2021-05-09,port120,Barranquilla,1,1,371,0,0,371,0,0,0,0,0,0,0,0
2021-05-10,port120,Barranquilla,4,1,3214,28184,0,500,0,2713,0,26753,0,0,1430,0
2021-05-11,port120,Barranquilla,3,1,10180,0,0,2824,7355,0,0,0,0,0,0,0
2021-05-12,port120,Barranquilla,4,1,31993,0,29810,2182,0,0,0,0,0,0,0,0
2021-05-13,port120,Barranquilla,3,0,32134,0,32134,0,0,0,0,0,0,0,0,0
2021-05-14,port120,Barranquilla,4,3,30279,3478,29304,974,0,0,0,0,3478,0,0,0
2021-05-15,port120,Barranquilla,1,0,29767,0,29767,0,0,0,0,0,0,0,0,0
2021-05-16,port120,Barranquilla,2,2,0,2717,0,0,0,0,0,0,2717,0,0,0
2021-05-17,port120,Barranquilla,4,1,1525,1271,0,723,0,802,0,0,0,1271,0,0
2021-05-18,port120,Barranquilla,5,1,14929,27849,0,4174,10755,0,0,27849,0,0,0,0
2021-05-19,port120,Barranquilla,5,2,33612,1002,32637,974,0,0,0,0,644,357,0,0
2021-05-20,port120,Barranquilla,1,0,0,0,0,0,0,0,0,0,0,0,0,0
2021-05-21,port120,Barranquilla,3,1,42880,0,33901,5180,3797,0,0,0,0,0,0,0
2021-05-22,port120,Barranquilla,2,1,35573,644,34598,974,0,0,0,0,644,0,0,0
2021-05-23,port120,Barranquilla,2,1,3784,0,0,3784,0,0,0,0,0,0,0,0
2021-05-24,port120,Barranquilla,4,0,38079,1093,33741,0,0,4338,0,1093,0,0,0,0
2021-05-25,port120,Barranquilla,4,2,18371,26732,16699,1671,0,0,0,24264,2467,0,0,0
2021-05-26,port120,Barranquilla,4,1,387,1469,0,387,0,0,0,1469,0,0,0,0
2021-05-27,port120,Barranquilla,0,0,0,0,0,0,0,0,0,0,0,0,0,0
2021-05-28,port120,Barranquilla,4,1,2623,2231,0,2623,0,0,0,0,0,2231,0,0
2021-05-29,port120,Barranquilla,1,0,0,2403,0,0,0,0,0,0,0,2403,0,0
2021-05-30,port120,Barranquilla,6,2,7604,27245,0,0,7604,0,0,20953,4936,231,1123,0
2021-05-31,port120,Barranquilla,3,0,33209,0,28139,0,5070,0,0,0,0,0,0,0
2021-06-01,port120,Barranquilla,3,2,2660,1722,0,974,1685,0,0,0,1722,0,0,0
2021-06-02,port120,Barranquilla,6,2,9756,30823,3762,1500,3416,1076,0,30823,0,0,0,0
2021-06-03,port120,Barranquilla,3,0,0,40652,0,0,0,0,0,35142,0,5509,0,0
2021-06-04,port120,Barranquilla,3,1,5470,0,0,4482,0,987,0,0,0,0,0,0
2021-06-05,port120,Barranquilla,4,2,23846,2222,23846,0,0,0,0,0,2222,0,0,0
2021-06-06,port120,Barranquilla,2,1,24923,4821,24923,0,0,0,0,0,4821,0,0,0
2021-06-07,port120,Barranquilla,3,0,26840,31941,26840,0,0,0,0,31941,0,0,0,0
2021-06-08,port120,Barranquilla,7,1,34973,64881,32276,0,0,2696,0,63806,1074,0,0,0
2021-06-09,port120,Barranquilla,2,1,29594,644,28619,974,0,0,0,0,644,0,0,0
2021-06-10,port120,Barranquilla,3,1,24887,2354,22205,974,1707,0,0,0,644,1710,0,0
2021-06-11,port120,Barranquilla,3,2,4827,1167,0,4827,0,0,0,0,1167,0,0,0
2021-06-12,port120,Barranquilla,2,1,2713,2208,0,0,0,2713,0,0,777,0,1430,0
2021-06-13,port120,Barranquilla,3,2,2367,11733,0,2367,0,0,0,0,0,0,11733,0
2021-06-14,port120,Barranquilla,3,0,32857,1430,30143,0,0,2713,0,0,0,0,1430,0
2021-06-15,port120,Barranquilla,6,2,24644,30013,20883,2053,1707,0,0,27658,644,1710,0,0
2021-06-16,port120,Barranquilla,1,0,0,3844,0,0,0,0,0,0,0,3844,0,0
2021-06-17,port120,Barranquilla,4,1,44878,1310,32880,0,0,11998,0,0,0,0,1310,0
2021-06-18,port120,Barranquilla,2,1,7314,0,3588,3726,0,0,0,0,0,0,0,0
2021-06-19,port120,Barranquilla,6,1,32562,1945,30854,0,1707,0,0,0,235,1710,0,0
2021-06-20,port120,Barranquilla,5,2,2953,4223,0,974,1707,271,0,0,2513,1710,0,0
2021-06-21,port120,Barranquilla,2,0,0,8005,0,0,0,0,0,5404,0,0,2601,0
2021-06-22,port120,Barranquilla,3,1,24475,0,24475,0,0,0,0,0,0,0,0,0
2021-06-23,port120,Barranquilla,1,0,25934,0,25934,0,0,0,0,0,0,0,0,0
2021-06-24,port120,Barranquilla,1,0,1882,0,0,0,0,1882,0,0,0,0,0,0
2021-06-25,port120,Barranquilla,4,1,974,644,0,974,0,0,0,0,644,0,0,0
2021-06-26,port120,Barranquilla,2,0,15754,0,15754,0,0,0,0,0,0,0,0,0
2021-06-27,port120,Barranquilla,5,2,14286,2205,0,2588,11697,0,0,0,495,1710,0,0
2021-06-28,port120,Barranquilla,3,1,2837,9284,0,974,0,1863,0,8639,644,0,0,0
2021-06-29,port120,Barranquilla,3,2,781,23350,0,781,0,0,0,20883,2467,0,0,0
2021-06-30,port120,Barranquilla,4,1,14148,644,0,974,0,13173,0,0,644,0,0,0
2021-07-01,port120,Barranquilla,4,1,974,4187,0,974,0,0,0,572,644,2970,0,0
2021-07-02,port120,Barranquilla,4,2,22486,0,11538,10948,0,0,0,0,0,0,0,0
2021-07-03,port120,Barranquilla,3,1,4482,249,0,0,4482,0,0,0,249,0,0,0
2021-07-04,port120,Barranquilla,3,1,0,12587,0,0,0,0,0,12216,370,0,0,0
2021-07-05,port120,Barranquilla,1,1,0,325,0,0,0,0,0,0,325,0,0,0
2021-07-06,port120,Barranquilla,4,2,1714,3785,0,472,0,1241,0,960,2824,0,0,0
2021-07-07,port120,Barranquilla,1,1,3064,0,0,3064,0,0,0,0,0,0,0,0
2021-07-08,port120,Barranquilla,2,1,1920,2370,0,1920,0,0,0,0,0,2370,0,0
2021-07-09,port120,Barranquilla,0,0,0,0,0,0,0,0,0,0,0,0,0,0
2021-07-10,port120,Barranquilla,2,1,1941,0,0,1941,0,0,0,0,0,0,0,0
2021-07-11,port120,Barranquilla,5,2,16763,7785,11980,2353,2429,0,0,5462,2322,0,0,0
2021-07-12,port120,Barranquilla,0,0,0,0,0,0,0,0,0,0,0,0,0,0
2021-07-13,port120,Barranquilla,2,0,0,2545,0,0,0,0,0,0,0,2545,0,0
2021-07-14,port120,Barranquilla,2,1,974,2742,0,974,0,0,0,0,644,2098,0,0
2021-07-15,port120,Barranquilla,3,1,0,0,0,0,0,0,0,0,0,0,0,0
2021-07-16,port120,Barranquilla,3,1,974,644,0,974,0,0,0,0,644,0,0,0
2021-07-17,port120,Barranquilla,4,1,42242,0,39192,3049,0,0,0,0,0,0,0,0
2021-07-18,port120,Barranquilla,3,2,24916,0,24916,0,0,0,0,0,0,0,0,0
2021-07-19,port120,Barranquilla,4,1,0,40578,0,0,0,0,0,32274,2467,0,5837,0
2021-07-20,port120,Barranquilla,0,0,0,0,0,0,0,0,0,0,0,0,0,0
2021-07-21,port120,Barranquilla,3,2,1608,326,0,0,0,1608,0,0,326,0,0,0
2021-07-22,port120,Barranquilla,3,1,6898,0,3613,3284,0,0,0,0,0,0,0,0
2021-07-23,port120,Barranquilla,5,2,9935,3923,8960,974,0,0,0,0,2555,1367,0,0
2021-07-24,port120,Barranquilla,3,2,0,5078,0,0,0,0,0,0,5078,0,0,0
2021-07-25,port120,Barranquilla,2,1,3079,1430,0,365,0,2713,0,0,0,0,1430,0
2021-07-26,port120,Barranquilla,2,0,22332,0,20717,0,0,1614,0,0,0,0,0,0
2021-07-27,port120,Barranquilla,4,1,30897,6330,24832,0,6064,0,0,0,4620,1710,0,0
2021-07-28,port120,Barranquilla,6,0,7999,5837,0,0,5541,2457,0,0,0,0,5837,0
2021-07-29,port120,Barranquilla,4,3,2853,644,0,2853,0,0,0,0,644,0,0,0
2021-07-30,port120,Barranquilla,2,1,2317,0,0,2317,0,0,0,0,0,0,0,0
2021-07-31,port120,Barranquilla,3,1,28574,24606,28574,0,0,0,0,24279,326,0,0,0
2021-08-01,port120,Barranquilla,4,2,1471,1991,0,1471,0,0,0,0,1991,0,0,0
2021-08-02,port120,Barranquilla,3,0,0,5195,0,0,0,0,0,0,0,5195,0,0
2021-08-03,port120,Barranquilla,4,2,2371,476,0,0,2371,0,0,0,476,0,0,0
2021-08-04,port120,Barranquilla,3,0,10409,0,0,0,0,10409,0,0,0,0,0,0
2021-08-05,port120,Barranquilla,6,2,18788,2751,14062,0,2811,1914,0,0,2751,0,0,0
2021-08-06,port120,Barranquilla,4,1,19202,13671,17348,1854,0,0,0,0,0,907,12764,0
2021-08-07,port120,Barranquilla,3,1,2144,1820,0,0,0,2144,0,0,1820,0,0,0
2021-08-08,port120,Barranquilla,2,1,370,0,0,370,0,0,0,0,0,0,0,0
2021-08-09,port120,Barranquilla,3,0,0,28935,0,0,0,0,0,28935,0,0,0,0
2021-08-10,port120,Barranquilla,3,2,1385,24449,0,1385,0,0,0,23587,861,0,0,0
2021-08-11,port120,Barranquilla,4,1,63435,0,57943,389,5102,0,0,0,0,0,0,0
2021-08-12,port120,Barranquilla,2,1,28307,3785,28307,0,0,0,0,0,3785,0,0,0
2021-08-13,port120,Barranquilla,3,1,34354,7291,27951,6402,0,0,0,0,0,0,7291,0
2021-08-14,port120,Barranquilla,2,1,2144,952,0,0,0,2144,0,0,952,0,0,0
2021-08-15,port120,Barranquilla,4,1,25272,1430,22187,371,0,2713,0,0,0,0,1430,0
2021-08-16,port120,Barranquilla,3,1,0,1077,0,0,0,0,0,0,1077,0,0,0
2021-08-17,port120,Barranquilla,2,0,1216,22097,0,0,1216,0,0,22097,0,0,0,0
2021-08-18,port120,Barranquilla,1,1,0,382,0,0,0,0,0,0,382,0,0,0
2021-08-19,port120,Barranquilla,2,1,1230,0,0,1230,0,0,0,0,0,0,0,0
2021-08-20,port120,Barranquilla,4,1,3688,5705,0,974,0,2713,0,0,644,3630,1430,0
2021-08-21,port120,Barranquilla,2,0,5683,1177,0,0,5683,0,0,0,0,1177,0,0
2021-08-22,port120,Barranquilla,2,2,0,737,0,0,0,0,0,0,737,0,0,0
2021-08-23,port120,Barranquilla,2,1,0,3541,0,0,0,0,0,0,3541,0,0,0
2021-08-24,port120,Barranquilla,2,1,974,2790,0,974,0,0,0,0,644,2146,0,0
2021-08-25,port120,Barranquilla,3,0,936,5339,0,0,0,936,0,5339,0,0,0,0
2021-08-26,port120,Barranquilla,4,0,0,2340,0,0,0,0,0,0,0,2340,0,0
2021-08-27,port120,Barranquilla,2,1,2353,0,0,2353,0,0,0,0,0,0,0,0
2021-08-28,port120,Barranquilla,5,1,2423,1005,2423,0,0,0,0,1005,0,0,0,0
2021-08-29,port120,Barranquilla,9,2,23535,43587,11980,367,0,11188,0,34800,1247,7539,0,0
2021-08-30,port120,Barranquilla,4,1,11980,25297,11980,0,0,0,0,5462,3162,3633,13039,0
2021-08-31,port120,Barranquilla,6,2,29237,0,28457,780,0,0,0,0,0,0,0,0
2021-09-01,port120,Barranquilla,6,1,2640,8534,0,974,1665,0,0,1635,644,0,6254,0
2021-09-02,port120,Barranquilla,4,1,6490,19930,5751,739,0,0,0,19930,0,0,0,0
2021-09-03,port120,Barranquilla,3,1,7280,4907,0,2712,0,4568,0,4907,0,0,0,0
2021-09-04,port120,Barranquilla,6,1,31778,10925,29983,720,0,1074,0,10925,0,0,0,0
2021-09-05,port120,Barranquilla,2,1,12935,644,11960,974,0,0,0,0,644,0,0,0
2021-09-06,port120,Barranquilla,1,1,0,4260,0,0,0,0,0,0,4260,0,0,0
2021-09-07,port120,Barranquilla,2,0,0,0,0,0,0,0,0,0,0,0,0,0
2021-09-08,port120,Barranquilla,4,1,692,3364,0,474,217,0,0,0,0,3364,0,0
2021-09-09,port120,Barranquilla,7,2,25106,6881,13782,974,10349,0,0,5462,1418,0,0,0
2021-09-10,port120,Barranquilla,2,1,3701,0,0,3701,0,0,0,0,0,0,0,0
2021-09-11,port120,Barranquilla,4,1,0,896,0,0,0,0,0,0,521,0,374,0
2021-09-12,port120,Barranquilla,1,1,0,539,0,0,0,0,0,0,539,0,0,0
2021-09-13,port120,Barranquilla,3,1,13350,7686,11980,0,0,1369,0,5462,2223,0,0,0
2021-09-14,port120,Barranquilla,5,2,7027,7766,3364,3663,0,0,0,4583,3182,0,0,0
2021-09-15,port120,Barranquilla,4,2,5193,764,0,1802,3391,0,0,0,764,0,0,0
2021-09-16,port120,Barranquilla,3,0,6401,0,0,0,4357,2043,0,0,0,0,0,0
2021-09-17,port120,Barranquilla,3,1,4807,0,0,4807,0,0,0,0,0,0,0,0
2021-09-18,port120,Barranquilla,2,0,1115,1038,0,0,0,1115,0,0,0,1038,0,0
2021-09-19,port120,Barranquilla,5,1,11980,9104,11980,0,0,0,0,5462,989,2651,0,0
2021-09-20,port120,Barranquilla,3,1,0,31839,0,0,0,0,0,26120,3695,0,2023,0
2021-09-21,port120,Barranquilla,3,1,0,7052,0,0,0,0,0,0,4620,2432,0,0
2021-09-22,port120,Barranquilla,2,0,0,19272,0,0,0,0,0,19272,0,0,0,0
2021-09-23,port120,Barranquilla,6,2,33885,8454,30910,1687,1288,0,0,0,770,7684,0,0
2021-09-24,port120,Barranquilla,4,2,6308,519,0,3360,2948,0,0,0,519,0,0,0
2021-09-25,port120,Barranquilla,2,0,0,13118,0,0,0,0,0,0,0,13118,0,0
2021-09-26,port120,Barranquilla,4,2,991,20968,0,991,0,0,0,18600,0,2368,0,0
2021-09-27,port120,Barranquilla,0,0,0,0,0,0,0,0,0,0,0,0,0,0
2021-09-28,port120,Barranquilla,2,1,0,8129,0,0,0,0,0,0,2467,5662,0,0
2021-09-29,port120,Barranquilla,4,1,497,22940,0,497,0,0,0,20698,0,2241,0,0
2021-09-30,port120,Barranquilla,2,2,3010,0,0,3010,0,0,0,0,0,0,0,0
2021-10-01,port120,Barranquilla,1,1,1486,0,0,1486,0,0,0,0,0,0,0,0
2021-10-02,port120,Barranquilla,2,2,0,2691,0,0,0,0,0,0,2691,0,0,0
2021-10-03,port120,Barranquilla,1,1,974,644,0,974,0,0,0,0,644,0,0,0
2021-10-04,port120,Barranquilla,1,0,0,0,0,0,0,0,0,0,0,0,0,0
2021-10-05,port120,Barranquilla,1,0,0,0,0,0,0,0,0,0,0,0,0,0
2021-10-06,port120,Barranquilla,3,0,34585,0,25343,0,0,9242,0,0,0,0,0,0
2021-10-07,port120,Barranquilla,1,0,0,3925,0,0,0,0,0,0,0,3925,0,0
2021-10-08,port120,Barranquilla,7,2,14918,8497,0,1868,13050,0,0,0,0,8497,0,0
2021-10-09,port120,Barranquilla,3,1,29829,644,28855,974,0,0,0,0,644,0,0,0
2021-10-10,port120,Barranquilla,6,2,974,29924,0,974,0,0,0,23911,2859,3153,0,0
2021-10-11,port120,Barranquilla,2,1,726,484,0,726,0,0,0,484,0,0,0,0
2021-10-12,port120,Barranquilla,2,0,32865,0,32865,0,0,0,0,0,0,0,0,0
2021-10-13,port120,Barranquilla,3,2,3023,2188,0,3023,0,0,0,0,644,0,1543,0
2021-10-14,port120,Barranquilla,0,0,0,0,0,0,0,0,0,0,0,0,0,0
2021-10-15,port120,Barranquilla,3,0,0,26271,0,0,0,0,0,21288,0,4982,0,0
2021-10-16,port120,Barranquilla,5,2,39407,23500,22210,2577,0,14619,0,23027,473,0,0,0
2021-10-17,port120,Barranquilla,4,2,1929,2094,0,0,0,1929,0,0,2094,0,0,0
2021-10-18,port120,Barranquilla,4,0,1707,4158,0,0,1707,0,0,0,0,4158,0,0
2021-10-19,port120,Barranquilla,3,1,27733,0,23370,4363,0,0,0,0,0,0,0,0
2021-10-20,port120,Barranquilla,7,2,37218,12630,36231,986,0,0,0,12245,385,0,0,0
2021-10-21,port120,Barranquilla,4,1,30360,0,17072,963,0,12324,0,0,0,0,0,0
2021-10-22,port120,Barranquilla,1,1,5631,0,0,5631,0,0,0,0,0,0,0,0
2021-10-23,port120,Barranquilla,3,1,14983,0,0,2564,0,12418,0,0,0,0,0,0
2021-10-24,port120,Barranquilla,5,2,7757,8135,0,0,1952,5805,0,4931,3203,0,0,0
2021-10-25,port120,Barranquilla,3,1,56367,644,23998,974,0,31394,0,0,644,0,0,0
2021-10-26,port120,Barranquilla,3,0,22706,4865,22706,0,0,0,0,0,0,4865,0,0
2021-10-27,port120,Barranquilla,6,1,75717,0,73887,1829,0,0,0,0,0,0,0,0
2021-10-28,port120,Barranquilla,2,2,974,2947,0,974,0,0,0,0,2947,0,0,0
2021-10-29,port120,Barranquilla,5,1,14557,20863,13079,1478,0,0,0,20863,0,0,0,0
2021-10-30,port120,Barranquilla,0,0,0,0,0,0,0,0,0,0,0,0,0,0
2021-10-31,port120,Barranquilla,2,2,0,1722,0,0,0,0,0,0,1722,0,0,0
2021-11-01,port120,Barranquilla,4,2,0,26776,0,0,0,0,0,21340,5249,0,186,0
2021-11-02,port120,Barranquilla,2,0,24439,0,22835,0,1603,0,0,0,0,0,0,0
2021-11-03,port120,Barranquilla,3,0,3414,30279,0,0,3414,0,0,26859,0,3420,0,0
2021-11-04,port120,Barranquilla,3,1,27885,7695,27885,0,0,0,0,0,2702,4992,0,0
2021-11-05,port120,Barranquilla,6,2,74290,7564,68745,5545,0,0,0,5462,0,2101,0,0
2021-11-06,port120,Barranquilla,4,1,16520,30381,15546,974,0,0,0,29736,644,0,0,0
2021-11-07,port120,Barranquilla,5,2,35652,61913,31493,4159,0,0,0,61913,0,0,0,0
2021-11-08,port120,Barranquilla,3,1,974,2606,0,974,0,0,0,1961,644,0,0,0
2021-11-09,port120,Barranquilla,2,1,4494,0,0,2610,0,1884,0,0,0,0,0,0
2021-11-10,port120,Barranquilla,1,0,11980,5462,11980,0,0,0,0,5462,0,0,0,0
2021-11-11,port120,Barranquilla,3,0,11887,0,11887,0,0,0,0,0,0,0,0,0
2021-11-12,port120,Barranquilla,3,1,28811,0,24289,4521,0,0,0,0,0,0,0,0
2021-11-13,port120,Barranquilla,4,1,769,8702,0,769,0,0,0,0,0,0,8702,0
2021-11-14,port120,Barranquilla,4,2,974,4488,0,974,0,0,0,0,891,3596,0,0
2021-11-15,port120,Barranquilla,2,1,5405,2467,5405,0,0,0,0,0,2467,0,0,0
2021-11-16,port120,Barranquilla,4,1,24222,385,22791,0,1430,0,0,0,385,0,0,0
2021-11-17,port120,Barranquilla,3,0,12170,1813,0,0,0,12170,0,0,0,1813,0,0
2021-11-18,port120,Barranquilla,4,0,0,35641,0,0,0,0,0,35641,0,0,0,0
2021-11-19,port120,Barranquilla,3,2,21357,956,17169,4188,0,0,0,0,956,0,0,0
2021-11-20,port120,Barranquilla,1,1,974,644,0,974,0,0,0,0,644,0,0,0
2021-11-21,port120,Barranquilla,3,2,990,0,0,990,0,0,0,0,0,0,0,0
2021-11-22,port120,Barranquilla,1,0,0,0,0,0,0,0,0,0,0,0,0,0
2021-11-23,port120,Barranquilla,2,0,0,2115,0,0,0,0,0,0,0,2115,0,0
2021-11-24,port120,Barranquilla,2,1,3018,0,0,3018,0,0,0,0,0,0,0,0
2021-11-25,port120,Barranquilla,4,1,1232,2166,0,1232,0,0,0,2166,0,0,0,0
2021-11-26,port120,Barranquilla,2,2,974,644,0,974,0,0,0,0,644,0,0,0
2021-11-27,port120,Barranquilla,2,0,0,0,0,0,0,0,0,0,0,0,0,0
2021-11-28,port120,Barranquilla,7,1,2454,47499,0,0,0,2454,0,47499,0,0,0,0
2021-11-29,port120,Barranquilla,3,0,0,0,0,0,0,0,0,0,0,0,0,0
2021-11-30,port120,Barranquilla,5,1,18309,7082,15626,0,0,2682,0,0,2525,4556,0,0
2021-12-01,port120,Barranquilla,4,2,974,644,0,974,0,0,0,0,644,0,0,0
2021-12-02,port120,Barranquilla,5,1,0,1153,0,0,0,0,0,0,1153,0,0,0
2021-12-03,port120,Barranquilla,2,1,974,644,0,974,0,0,0,0,644,0,0,0
2021-12-04,port120,Barranquilla,2,0,0,32451,0,0,0,0,0,32451,0,0,0,0
2021-12-05,port120,Barranquilla,7,2,1236,20808,838,0,397,0,0,0,6119,3659,11029,0
2021-12-06,port120,Barranquilla,3,1,0,27407,0,0,0,0,0,23507,3900,0,0,0
2021-12-07,port120,Barranquilla,2,0,25825,0,18961,0,0,6863,0,0,0,0,0,0
2021-12-08,port120,Barranquilla,2,0,5250,0,3811,0,1439,0,0,0,0,0,0,0
2021-12-09,port120,Barranquilla,5,1,18218,1392,16099,774,0,1344,0,0,0,1392,0,0
2021-12-10,port120,Barranquilla,4,1,1913,6854,0,1913,0,0,0,2098,0,4756,0,0
2021-12-11,port120,Barranquilla,1,1,478,0,0,478,0,0,0,0,0,0,0,0
2021-12-12,port120,Barranquilla,4,2,31621,750,30153,1467,0,0,0,0,750,0,0,0
2021-12-13,port120,Barranquilla,2,1,0,14991,0,0,0,0,0,0,4260,10730,0,0
2021-12-14,port120,Barranquilla,2,0,0,23649,0,0,0,0,0,21309,0,2340,0,0
2021-12-15,port120,Barranquilla,3,0,11980,8193,11980,0,0,0,0,8193,0,0,0,0
2021-12-16,port120,Barranquilla,2,0,4893,0,4893,0,0,0,0,0,0,0,0,0
2021-12-17,port120,Barranquilla,2,1,12721,5462,11980,740,0,0,0,5462,0,0,0,0
2021-12-18,port120,Barranquilla,3,2,1497,1122,0,1497,0,0,0,477,644,0,0,0
2021-12-19,port120,Barranquilla,1,1,1152,0,0,1152,0,0,0,0,0,0,0,0
2021-12-20,port120,Barranquilla,3,0,536,29862,0,0,0,536,0,29862,0,0,0,0
2021-12-21,port120,Barranquilla,7,2,6569,2354,0,1333,5236,0,0,0,644,1710,0,0
2021-12-22,port120,Barranquilla,3,0,9845,1710,2103,0,7742,0,0,0,0,1710,0,0
2021-12-23,port120,Barranquilla,4,1,2323,0,0,732,1591,0,0,0,0,0,0,0
2021-12-24,port120,Barranquilla,5,2,31061,10102,28623,2438,0,0,0,0,956,9145,0,0
2021-12-25,port120,Barranquilla,1,0,964,0,0,0,964,0,0,0,0,0,0,0
2021-12-26,port120,Barranquilla,3,1,974,2287,0,974,0,0,0,1642,644,0,0,0
2021-12-27,port120,Barranquilla,5,2,29408,11729,29039,369,0,0,0,9261,2467,0,0,0
2021-12-28,port120,Barranquilla,1,0,0,4271,0,0,0,0,0,0,0,4271,0,0
2021-12-29,port120,Barranquilla,1,0,0,14169,0,0,0,0,0,14169,0,0,0,0
2021-12-30,port120,Barranquilla,0,0,0,0,0,0,0,0,0,0,0,0,0,0
2021-12-31,port120,Barranquilla,1,0,5039,0,0,0,0,5039,0,0,0,0,0,0
2022-01-01,port120,Barranquilla,2,0,2713,19419,0,0,0,2713,0,17989,0,0,1430,0
2022-01-02,port120,Barranquilla,3,2,12955,6107,11980,974,0,0,0,5462,644,0,0,0
2022-01-03,port120,Barranquilla,1,1,974,644,0,974,0,0,0,0,644,0,0,0
2022-01-04,port120,Barranquilla,2,0,0,14800,0,0,0,0,0,14800,0,0,0,0
2022-01-05,port120,Barranquilla,3,1,974,18889,0,974,0,0,0,18244,644,0,0,0
2022-01-06,port120,Barranquilla,4,0,25951,1710,24244,0,1707,0,0,0,0,1710,0,0
2022-01-07,port120,Barranquilla,4,1,14401,5462,11980,0,0,2420,0,5462,0,0,0,0
2022-01-08,port120,Barranquilla,3,0,10407,0,0,0,0,10407,0,0,0,0,0,0
2022-01-09,port120,Barranquilla,6,1,24457,2657,21103,0,0,3354,0,0,747,0,1910,0
2022-01-10,port120,Barranquilla,3,1,974,30692,0,974,0,0,0,30047,644,0,0,0
2022-01-11,port120,Barranquilla,6,1,55433,0,51946,1300,1885,301,0,0,0,0,0,0
2022-01-12,port120,Barranquilla,4,1,3688,3002,0,974,0,2713,0,0,644,927,1430,0
2022-01-13,port120,Barranquilla,4,0,0,0,0,0,0,0,0,0,0,0,0,0
2022-01-14,port120,Barranquilla,0,0,0,0,0,0,0,0,0,0,0,0,0,0
2022-01-15,port120,Barranquilla,4,2,18447,7817,11980,4759,1707,0,0,5462,644,1710,0,0
2022-01-16,port120,Barranquilla,4,0,7347,0,4290,0,0,3057,0,0,0,0,0,0
2022-01-17,port120,Barranquilla,1,0,6216,0,0,0,6216,0,0,0,0,0,0,0
2022-01-18,port120,Barranquilla,2,0,0,0,0,0,0,0,0,0,0,0,0,0
2022-01-19,port120,Barranquilla,1,0,0,0,0,0,0,0,0,0,0,0,0,0
2022-01-20,port120,Barranquilla,3,2,1159,483,0,1159,0,0,0,0,483,0,0,0
2022-01-21,port120,Barranquilla,1,0,0,0,0,0,0,0,0,0,0,0,0,0
2022-01-22,port120,Barranquilla,1,0,2954,0,0,0,0,2954,0,0,0,0,0,0
2022-01-23,port120,Barranquilla,3,1,0,38967,0,0,0,0,0,30702,1106,0,7158,0
2022-01-24,port120,Barranquilla,1,1,0,1248,0,0,0,0,0,0,1248,0,0,0
2022-01-25,port120,Barranquilla,5,2,15500,384,14129,1091,0,279,0,0,384,0,0,0
2022-01-26,port120,Barranquilla,1,0,0,0,0,0,0,0,0,0,0,0,0,0
2022-01-27,port120,Barranquilla,6,1,20450,5101,19731,718,0,0,0,5101,0,0,0,0
2022-01-28,port120,Barranquilla,2,1,8527,0,0,7146,1380,0,0,0,0,0,0,0
2022-01-29,port120,Barranquilla,4,1,974,644,0,974,0,0,0,0,644,0,0,0
2022-01-30,port120,Barranquilla,3,1,11980,39711,11980,0,0,0,0,39711,0,0,0,0
2022-01-31,port120,Barranquilla,4,1,11887,40480,11887,0,0,0,0,40480,0,0,0,0
2022-02-01,port120,Barranquilla,2,1,26939,644,25964,974,0,0,0,0,644,0,0,0
2022-02-02,port120,Barranquilla,3,0,3354,24507,0,0,0,3354,0,22597,0,0,1910,0
2022-02-03,port120,Barranquilla,2,0,13166,6647,11980,0,1185,0,0,5462,0,1184,0,0
2022-02-04,port120,Barranquilla,4,3,8329,2895,0,6634,1694,0,0,0,2895,0,0,0
2022-02-05,port120,Barranquilla,2,0,0,33584,0,0,0,0,0,33584,0,0,0,0
2022-02-06,port120,Barranquilla,2,0,33466,0,33466,0,0,0,0,0,0,0,0,0
2022-02-07,port120,Barranquilla,2,1,542,716,0,0,0,542,0,0,716,0,0,0
2022-02-08,port120,Barranquilla,4,0,18538,27489,16677,0,1861,0,0,27489,0,0,0,0
2022-02-09,port120,Barranquilla,4,1,1103,38558,0,775,327,0,0,38558,0,0,0,0
2022-02-10,port120,Barranquilla,4,3,2944,2224,0,2944,0,0,0,0,2073,151,0,0
2022-02-11,port120,Barranquilla,2,1,1772,0,0,733,1039,0,0,0,0,0,0,0
2022-02-12,port120,Barranquilla,4,0,97088,1430,94374,0,0,2713,0,0,0,0,1430,0
2022-02-13,port120,Barranquilla,5,1,974,38188,0,974,0,0,0,25650,644,11892,0,0
2022-02-14,port120,Barranquilla,4,0,3737,31848,0,0,2116,1621,0,31848,0,0,0,0
2022-02-15,port120,Barranquilla,1,0,0,0,0,0,0,0,0,0,0,0,0,0
2022-02-16,port120,Barranquilla,2,1,12754,0,0,388,12365,0,0,0,0,0,0,0
2022-02-17,port120,Barranquilla,5,2,29733,611,28537,497,698,0,0,0,238,0,373,0
2022-02-18,port120,Barranquilla,1,1,3445,0,0,3445,0,0,0,0,0,0,0,0
2022-02-19,port120,Barranquilla,4,0,27870,13272,25430,0,0,2440,0,13272,0,0,0,0
2022-02-20,port120,Barranquilla,3,1,0,20517,0,0,0,0,0,17221,2250,1045,0,0
2022-02-21,port120,Barranquilla,6,1,17221,8819,0,4037,1591,11592,0,8176,0,642,0,0
2022-02-22,port120,Barranquilla,1,0,34783,0,34783,0,0,0,0,0,0,0,0,0
2022-02-23,port120,Barranquilla,4,0,3354,1910,0,0,0,3354,0,0,0,0,1910,0
2022-02-24,port120,Barranquilla,2,1,25699,786,25699,0,0,0,0,0,786,0,0,0
2022-02-25,port120,Barranquilla,4,1,17182,8603,11980,780,1707,2713,0,5462,0,1710,1430,0
2022-02-26,port120,Barranquilla,3,1,15141,0,0,3813,0,11327,0,0,0,0,0,0
2022-02-27,port120,Barranquilla,3,1,30997,644,30023,974,0,0,0,0,644,0,0,0
2022-02-28,port120,Barranquilla,3,0,0,5067,0,0,0,0,0,0,0,5067,0,0
2022-03-01,port120,Barranquilla,5,2,5641,9173,0,579,1707,3354,0,0,716,1710,6746,0
2022-03-02,port120,Barranquilla,2,0,0,27293,0,0,0,0,0,22311,0,4982,0,0
2022-03-03,port120,Barranquilla,5,2,37202,9483,36228,974,0,0,0,0,1370,8112,0,0
2022-03-04,port120,Barranquilla,3,1,3813,0,0,3813,0,0,0,0,0,0,0,0
2022-03-05,port120,Barranquilla,4,1,34156,28084,34156,0,0,0,0,27833,251,0,0,0
2022-03-06,port120,Barranquilla,2,0,1334,542,0,0,1334,0,0,542,0,0,0,0
2022-03-07,port120,Barranquilla,1,1,0,1793,0,0,0,0,0,0,1793,0,0,0
2022-03-08,port120,Barranquilla,2,0,46953,5462,46953,0,0,0,0,5462,0,0,0,0
2022-03-09,port120,Barranquilla,3,1,16407,3265,0,0,1707,14699,0,0,1555,1710,0,0
2022-03-10,port120,Barranquilla,4,1,0,17274,0,0,0,0,0,16404,239,0,630,0
2022-03-11,port120,Barranquilla,3,1,35741,0,34633,1108,0,0,0,0,0,0,0,0
2022-03-12,port120,Barranquilla,5,1,6036,3341,0,974,4255,805,0,0,644,0,2696,0
2022-03-13,port120,Barranquilla,1,0,44183,0,44183,0,0,0,0,0,0,0,0,0
2022-03-14,port120,Barranquilla,1,1,0,3182,0,0,0,0,0,0,3182,0,0,0
2022-03-15,port120,Barranquilla,1,0,0,0,0,0,0,0,0,0,0,0,0,0
2022-03-16,port120,Barranquilla,3,0,26245,0,26245,0,0,0,0,0,0,0,0,0
2022-03-17,port120,Barranquilla,5,1,22974,34851,22264,0,709,0,0,31751,784,0,2315,0
2022-03-18,port120,Barranquilla,3,1,14702,26751,14332,369,0,0,0,26751,0,0,0,0
2022-03-19,port120,Barranquilla,5,1,62477,2075,58789,974,0,2713,0,0,644,0,1430,0
2022-03-20,port120,Barranquilla,2,0,0,0,0,0,0,0,0,0,0,0,0,0
2022-03-21,port120,Barranquilla,5,1,13294,23890,13294,0,0,0,0,17808,3182,2898,0,0
2022-03-22,port120,Barranquilla,4,2,388,33387,0,388,0,0,0,33138,248,0,0,0
2022-03-23,port120,Barranquilla,5,0,25208,3140,20787,0,1707,2713,0,0,0,1710,1430,0
2022-03-24,port120,Barranquilla,2,0,0,0,0,0,0,0,0,0,0,0,0,0
2022-03-25,port120,Barranquilla,2,1,1208,0,0,1208,0,0,0,0,0,0,0,0
2022-03-26,port120,Barranquilla,5,2,42117,30414,38919,3198,0,0,0,29769,644,0,0,0
2022-03-27,port120,Barranquilla,3,0,41721,2340,35962,0,5759,0,0,0,0,2340,0,0
2022-03-28,port120,Barranquilla,1,0,0,2315,0,0,0,0,0,0,0,0,2315,0
2022-03-29,port120,Barranquilla,3,1,4012,9425,0,4012,0,0,0,2878,0,0,6547,0
2022-03-30,port120,Barranquilla,1,0,34093,0,34093,0,0,0,0,0,0,0,0,0
2022-03-31,port120,Barranquilla,3,2,1361,644,0,1361,0,0,0,0,644,0,0,0
2022-04-01,port120,Barranquilla,4,1,2214,18823,0,2214,0,0,0,0,0,5407,13416,0
2022-04-02,port120,Barranquilla,2,0,11026,1430,0,0,8312,2713,0,0,0,0,1430,0
2022-04-03,port120,Barranquilla,2,1,0,4145,0,0,0,0,0,0,999,3146,0,0
2022-04-04,port120,Barranquilla,2,1,26060,0,26060,0,0,0,0,0,0,0,0,0
2022-04-05,port120,Barranquilla,3,0,57384,0,57384,0,0,0,0,0,0,0,0,0
2022-04-06,port120,Barranquilla,2,1,4272,1430,0,1558,0,2713,0,0,0,0,1430,0
2022-04-07,port120,Barranquilla,2,1,0,32712,0,0,0,0,0,32449,262,0,0,0
2022-04-08,port120,Barranquilla,2,1,8425,0,0,4056,4369,0,0,0,0,0,0,0
2022-04-09,port120,Barranquilla,7,1,16296,7660,15322,974,0,0,0,0,644,3263,3751,0
2022-04-10,port120,Barranquilla,1,0,0,0,0,0,0,0,0,0,0,0,0,0
2022-04-11,port120,Barranquilla,2,0,269,4984,0,0,0,269,0,0,0,4984,0,0
2022-04-12,port120,Barranquilla,5,1,3304,11404,0,0,3304,0,0,0,1435,0,9968,0
2022-04-13,port120,Barranquilla,6,1,41845,4064,24485,974,3414,12971,0,0,644,3420,0,0
2022-04-14,port120,Barranquilla,4,1,1235,10634,0,0,0,1235,0,8840,1691,101,0,0
2022-04-15,port120,Barranquilla,3,1,12022,0,0,2981,2613,6428,0,0,0,0,0,0
2022-04-16,port120,Barranquilla,6,0,55615,14845,55615,0,0,0,0,0,0,14845,0,0
2022-04-17,port120,Barranquilla,2,0,9094,0,0,0,9094,0,0,0,0,0,0,0
2022-04-18,port120,Barranquilla,3,1,1707,57830,0,0,1707,0,0,55370,749,1710,0,0
2022-04-19,port120,Barranquilla,2,1,0,26820,0,0,0,0,0,25744,1075,0,0,0
2022-04-20,port120,Barranquilla,4,1,778,35317,0,778,0,0,0,35317,0,0,0,0
2022-04-21,port120,Barranquilla,0,0,0,0,0,0,0,0,0,0,0,0,0,0
2022-04-22,port120,Barranquilla,5,2,17606,3785,0,2444,1707,13455,0,0,644,1710,1430,0
2022-04-23,port120,Barranquilla,4,1,974,12676,0,974,0,0,0,0,644,4873,7158,0
2022-04-24,port120,Barranquilla,1,1,1385,861,0,1385,0,0,0,0,861,0,0,0
2022-04-25,port120,Barranquilla,4,0,1382,22009,0,0,0,1382,0,22009,0,0,0,0
2022-04-26,port120,Barranquilla,3,1,26377,2467,0,0,0,26377,0,0,2467,0,0,0
2022-04-27,port120,Barranquilla,4,1,65067,0,64677,389,0,0,0,0,0,0,0,0
2022-04-28,port120,Barranquilla,3,1,37691,1693,34977,0,0,2713,0,0,262,0,1430,0
2022-04-29,port120,Barranquilla,1,1,2956,0,0,2956,0,0,0,0,0,0,0,0
2022-04-30,port120,Barranquilla,1,0,1707,1710,0,0,1707,0,0,0,0,1710,0,0
2022-05-01,port120,Barranquilla,2,0,0,23871,0,0,0,0,0,23871,0,0,0,0
2022-05-02,port120,Barranquilla,1,0,0,0,0,0,0,0,0,0,0,0,0,0
2022-05-03,port120,Barranquilla,6,2,36288,17808,30157,0,3416,2713,0,0,1944,0,15864,0
2022-05-04,port120,Barranquilla,3,0,28445,1710,26738,0,1707,0,0,0,0,1710,0,0
2022-05-05,port120,Barranquilla,3,1,0,12487,0,0,0,0,0,8473,389,3624,0,0
2022-05-06,port120,Barranquilla,4,2,4657,25727,0,2824,0,1833,0,25082,644,0,0,0
2022-05-07,port120,Barranquilla,4,1,39340,0,35159,4180,0,0,0,0,0,0,0,0
2022-05-08,port120,Barranquilla,3,1,4384,5143,0,974,0,3409,0,0,644,4499,0,0
2022-05-09,port120,Barranquilla,4,1,37719,2789,18108,0,1707,17903,0,0,1079,1710,0,0
2022-05-10,port120,Barranquilla,1,0,0,0,0,0,0,0,0,0,0,0,0,0
2022-05-11,port120,Barranquilla,3,0,17679,8381,0,0,17679,0,0,0,0,0,8381,0
2022-05-12,port120,Barranquilla,3,1,32075,0,30911,1164,0,0,0,0,0,0,0,0
2022-05-13,port120,Barranquilla,5,2,39214,4093,34926,2581,1707,0,0,0,2383,1710,0,0
2022-05-14,port120,Barranquilla,3,1,3227,2615,1081,0,0,2146,0,0,2615,0,0,0
2022-05-15,port120,Barranquilla,2,0,11097,2261,0,0,0,11097,0,0,0,0,2261,0
2022-05-16,port120,Barranquilla,3,0,40960,0,40960,0,0,0,0,0,0,0,0,0
2022-05-17,port120,Barranquilla,2,1,1665,359,0,0,1665,0,0,0,359,0,0,0
2022-05-18,port120,Barranquilla,4,0,41816,5002,36748,0,5068,0,0,3292,0,1710,0,0
2022-05-19,port120,Barranquilla,3,0,30389,0,30389,0,0,0,0,0,0,0,0,0
2022-05-20,port120,Barranquilla,5,1,31366,2354,27876,974,1707,807,0,0,644,1710,0,0
2022-05-21,port120,Barranquilla,5,4,5336,9129,0,5336,0,0,0,0,4146,4982,0,0
2022-05-22,port120,Barranquilla,3,0,22989,1032,11063,0,0,11926,0,1032,0,0,0,0
2022-05-23,port120,Barranquilla,3,1,1485,2313,0,1485,0,0,0,0,0,0,2313,0
2022-05-24,port120,Barranquilla,2,1,4357,359,0,0,4357,0,0,0,359,0,0,0
2022-05-25,port120,Barranquilla,0,0,0,0,0,0,0,0,0,0,0,0,0,0
2022-05-26,port120,Barranquilla,4,0,2713,25083,0,0,0,2713,0,22123,0,1530,1430,0
2022-05-27,port120,Barranquilla,0,0,0,0,0,0,0,0,0,0,0,0,0,0
2022-05-28,port120,Barranquilla,2,0,0,0,0,0,0,0,0,0,0,0,0,0
2022-05-29,port120,Barranquilla,4,1,25088,2864,25088,0,0,0,0,1619,1245,0,0,0
2022-05-30,port120,Barranquilla,5,1,3816,25908,0,1103,0,2713,0,24477,0,0,1430,0
2022-05-31,port120,Barranquilla,2,1,0,37768,0,0,0,0,0,33868,3900,0,0,0
2022-06-01,port120,Barranquilla,5,0,30704,29443,21210,0,6780,2713,0,28012,0,0,1430,0
2022-06-02,port120,Barranquilla,1,0,0,0,0,0,0,0,0,0,0,0,0,0
2022-06-03,port120,Barranquilla,2,1,720,0,0,720,0,0,0,0,0,0,0,0
2022-06-04,port120,Barranquilla,1,1,974,644,0,974,0,0,0,0,644,0,0,0
2022-06-05,port120,Barranquilla,3,1,19993,30925,17050,2943,0,0,0,30925,0,0,0,0
2022-06-06,port120,Barranquilla,2,0,0,0,0,0,0,0,0,0,0,0,0,0
2022-06-07,port120,Barranquilla,7,2,6192,37813,0,6192,0,0,0,36063,772,977,0,0
2022-06-08,port120,Barranquilla,0,0,0,0,0,0,0,0,0,0,0,0,0,0
2022-06-09,port120,Barranquilla,3,1,0,32136,0,0,0,0,0,29833,2303,0,0,0
2022-06-10,port120,Barranquilla,2,2,6747,0,0,6747,0,0,0,0,0,0,0,0
2022-06-11,port120,Barranquilla,7,1,36426,4484,29841,0,0,6585,0,0,0,4183,300,0
2022-06-12,port120,Barranquilla,2,1,27715,1250,27715,0,0,0,0,0,1250,0,0,0
2022-06-13,port120,Barranquilla,4,1,3020,28780,0,0,3020,0,0,28780,0,0,0,0
2022-06-14,port120,Barranquilla,3,0,31754,0,31754,0,0,0,0,0,0,0,0,0
2022-06-15,port120,Barranquilla,3,0,0,977,0,0,0,0,0,0,0,977,0,0
2022-06-16,port120,Barranquilla,3,1,39787,6107,38812,974,0,0,0,5462,644,0,0,0
2022-06-17,port120,Barranquilla,2,1,1861,6692,0,1861,0,0,0,0,0,6692,0,0
2022-06-18,port120,Barranquilla,6,1,31815,1593,29223,974,0,1617,0,949,644,0,0,0
2022-06-19,port120,Barranquilla,2,1,11980,6627,11980,0,0,0,0,5462,1164,0,0,0
2022-06-20,port120,Barranquilla,5,1,33666,7158,25001,247,8417,0,0,0,0,0,7158,0
2022-06-21,port120,Barranquilla,3,0,10966,1430,0,0,8253,2713,0,0,0,0,1430,0
2022-06-22,port120,Barranquilla,2,0,12617,5462,11980,0,636,0,0,5462,0,0,0,0
2022-06-23,port120,Barranquilla,2,1,974,6308,0,974,0,0,0,5663,644,0,0,0
2022-06-24,port120,Barranquilla,5,2,15809,1430,0,8810,4284,2713,0,0,0,0,1430,0
2022-06-25,port120,Barranquilla,4,1,37331,1997,34232,385,0,2713,0,566,0,0,1430,0
2022-06-26,port120,Barranquilla,1,1,0,2747,0,0,0,0,0,0,2747,0,0,0
2022-06-27,port120,Barranquilla,4,1,823,8439,0,0,823,0,0,0,240,0,8199,0
2022-06-28,port120,Barranquilla,2,2,1706,644,0,1706,0,0,0,0,644,0,0,0
2022-06-29,port120,Barranquilla,4,0,5412,7655,0,0,0,5412,0,0,0,6224,1430,0
2022-06-30,port120,Barranquilla,4,0,3057,10355,0,0,3057,0,0,10355,0,0,0,0
2022-07-01,port120,Barranquilla,3,1,0,10083,0,0,0,0,0,9809,273,0,0,0
2022-07-02,port120,Barranquilla,4,1,57860,28273,56885,974,0,0,0,27628,644,0,0,0
2022-07-03,port120,Barranquilla,2,1,2681,2354,0,974,1707,0,0,0,644,1710,0,0
2022-07-04,port120,Barranquilla,2,1,1707,2070,0,0,1707,0,0,0,360,1710,0,0
2022-07-05,port120,Barranquilla,5,1,11831,23718,9268,770,1792,0,0,23718,0,0,0,0
2022-07-06,port120,Barranquilla,3,0,0,2340,0,0,0,0,0,0,0,2340,0,0
2022-07-07,port120,Barranquilla,4,1,1331,0,0,803,528,0,0,0,0,0,0,0
2022-07-08,port120,Barranquilla,3,1,3520,3126,917,2603,0,0,0,0,0,3126,0,0
2022-07-09,port120,Barranquilla,3,1,7543,1430,0,4829,0,2713,0,0,0,0,1430,0
2022-07-10,port120,Barranquilla,3,2,974,4075,0,974,0,0,0,0,1891,0,2183,0
2022-07-11,port120,Barranquilla,4,0,20953,5462,11980,0,8972,0,0,5462,0,0,0,0
2022-07-12,port120,Barranquilla,1,1,0,3182,0,0,0,0,0,0,3182,0,0,0
2022-07-13,port120,Barranquilla,1,0,1184,0,0,0,0,1184,0,0,0,0,0,0
2022-07-14,port120,Barranquilla,4,0,9030,5149,0,0,0,9030,0,0,0,5149,0,0
2022-07-15,port120,Barranquilla,6,2,1022,1362,0,743,0,279,0,0,0,1362,0,0
2022-07-16,port120,Barranquilla,2,0,5505,1710,0,0,5505,0,0,0,0,1710,0,0
2022-07-17,port120,Barranquilla,2,2,0,1698,0,0,0,0,0,0,1698,0,0,0
2022-07-18,port120,Barranquilla,3,1,1795,13751,0,1795,0,0,0,0,0,0,13751,0
2022-07-19,port120,Barranquilla,6,0,71026,7648,69319,0,1707,0,0,5938,0,1710,0,0
2022-07-20,port120,Barranquilla,2,1,0,5025,0,0,0,0,0,0,2709,0,2315,0
2022-07-21,port120,Barranquilla,2,0,12022,0,0,0,2511,9511,0,0,0,0,0,0
2022-07-22,port120,Barranquilla,2,1,1120,25480,0,1120,0,0,0,25480,0,0,0,0
2022-07-23,port120,Barranquilla,3,1,1426,0,0,499,0,927,0,0,0,0,0,0
2022-07-24,port120,Barranquilla,1,0,0,897,0,0,0,0,0,897,0,0,0,0
2022-07-25,port120,Barranquilla,4,2,8639,1723,8639,0,0,0,0,0,1723,0,0,0
2022-07-26,port120,Barranquilla,3,0,4366,28452,4366,0,0,0,0,25617,0,0,2835,0
2022-07-27,port120,Barranquilla,1,1,974,644,0,974,0,0,0,0,644,0,0,0
2022-07-28,port120,Barranquilla,5,2,31243,805,28545,0,0,2698,0,0,805,0,0,0
2022-07-29,port120,Barranquilla,5,1,28122,17076,22428,2981,0,2713,0,12875,0,2770,1430,0
2022-07-30,port120,Barranquilla,2,1,0,4291,0,0,0,0,0,0,4291,0,0,0
2022-07-31,port120,Barranquilla,3,0,48905,23568,48905,0,0,0,0,23568,0,0,0,0
2022-08-01,port120,Barranquilla,4,2,818,0,0,497,320,0,0,0,0,0,0,0
2022-08-02,port120,Barranquilla,2,1,0,26381,0,0,0,0,0,23357,3024,0,0,0
2022-08-03,port120,Barranquilla,2,0,1622,3606,0,0,0,1622,0,0,0,3606,0,0
2022-08-04,port120,Barranquilla,0,0,0,0,0,0,0,0,0,0,0,0,0,0
2022-08-05,port120,Barranquilla,2,1,3456,1430,0,742,0,2713,0,0,0,0,1430,0
2022-08-06,port120,Barranquilla,2,1,1138,644,0,974,163,0,0,0,644,0,0,0
2022-08-07,port120,Barranquilla,2,1,0,1752,0,0,0,0,0,0,1752,0,0,0
2022-08-08,port120,Barranquilla,3,0,14579,2692,0,0,2943,11635,0,0,0,2692,0,0
2022-08-09,port120,Barranquilla,5,1,8108,30880,1906,716,5485,0,0,30880,0,0,0,0
2022-08-10,port120,Barranquilla,5,1,26826,644,25851,974,0,0,0,0,644,0,0,0
2022-08-11,port120,Barranquilla,2,1,3024,0,0,3024,0,0,0,0,0,0,0,0
2022-08-12,port120,Barranquilla,5,2,9886,1667,0,2585,325,6975,0,0,1667,0,0,0
2022-08-13,port120,Barranquilla,3,1,4357,1309,4357,0,0,0,0,0,1309,0,0,0
2022-08-14,port120,Barranquilla,3,1,29807,1080,29807,0,0,0,0,0,1080,0,0,0
2022-08-15,port120,Barranquilla,3,0,0,14862,0,0,0,0,0,14025,0,837,0,0
2022-08-16,port120,Barranquilla,4,1,33037,10092,30256,1074,1707,0,0,0,0,1710,8381,0
2022-08-17,port120,Barranquilla,3,0,2968,0,2378,0,589,0,0,0,0,0,0,0
2022-08-18,port120,Barranquilla,5,1,1915,30976,1646,268,0,0,0,30976,0,0,0,0
2022-08-19,port120,Barranquilla,1,1,3721,0,0,3721,0,0,0,0,0,0,0,0
2022-08-20,port120,Barranquilla,3,1,34158,0,28156,992,5008,0,0,0,0,0,0,0
2022-08-21,port120,Barranquilla,2,1,23274,0,22888,386,0,0,0,0,0,0,0,0
2022-08-22,port120,Barranquilla,4,0,2713,9593,0,0,0,2713,0,0,0,8162,1430,0
2022-08-23,port120,Barranquilla,4,3,5243,2824,0,1027,4216,0,0,0,2824,0,0,0
2022-08-24,port120,Barranquilla,3,0,0,0,0,0,0,0,0,0,0,0,0,0
2022-08-25,port120,Barranquilla,2,1,974,11750,0,974,0,0,0,0,644,11105,0,0
2022-08-26,port120,Barranquilla,5,1,1109,44107,0,1109,0,0,0,44107,0,0,0,0
2022-08-27,port120,Barranquilla,2,0,11980,5462,11980,0,0,0,0,5462,0,0,0,0
2022-08-28,port120,Barranquilla,3,1,11980,6285,11980,0,0,0,0,5462,822,0,0,0
2022-08-29,port120,Barranquilla,0,0,0,0,0,0,0,0,0,0,0,0,0,0
2022-08-30,port120,Barranquilla,3,1,4704,0,0,0,4704,0,0,0,0,0,0,0
2022-08-31,port120,Barranquilla,4,1,29884,24934,27578,2305,0,0,0,24934,0,0,0,0
2022-09-01,port120,Barranquilla,4,1,12934,11142,11980,0,953,0,0,10615,527,0,0,0
2022-09-02,port120,Barranquilla,4,1,18844,37898,11980,0,0,6863,0,37523,374,0,0,0
2022-09-03,port120,Barranquilla,5,0,23449,65251,21742,0,1707,0,0,63541,0,1710,0,0
2022-09-04,port120,Barranquilla,0,0,0,0,0,0,0,0,0,0,0,0,0,0
2022-09-05,port120,Barranquilla,2,1,26785,1988,26785,0,0,0,0,0,1988,0,0,0
2022-09-06,port120,Barranquilla,5,2,29362,1289,22640,1949,4772,0,0,0,1289,0,0,0
2022-09-07,port120,Barranquilla,1,0,417,0,0,0,417,0,0,0,0,0,0,0
2022-09-08,port120,Barranquilla,0,0,0,0,0,0,0,0,0,0,0,0,0,0
2022-09-09,port120,Barranquilla,4,1,7237,10358,0,2984,4253,0,0,0,0,10358,0,0
2022-09-10,port120,Barranquilla,3,0,31695,1710,24072,0,7623,0,0,0,0,1710,0,0
2022-09-11,port120,Barranquilla,2,1,0,3375,0,0,0,0,0,0,540,0,2835,0
2022-09-12,port120,Barranquilla,2,0,3905,0,0,0,3905,0,0,0,0,0,0,0
2022-09-13,port120,Barranquilla,2,1,31086,0,30698,387,0,0,0,0,0,0,0,0
2022-09-14,port120,Barranquilla,1,0,22356,0,22356,0,0,0,0,0,0,0,0,0
2022-09-15,port120,Barranquilla,5,1,16863,7173,11980,1290,1707,1885,0,5462,0,1710,0,0
2022-09-16,port120,Barranquilla,4,1,42196,0,30056,4459,7680,0,0,0,0,0,0,0
2022-09-17,port120,Barranquilla,3,1,62454,644,61480,974,0,0,0,0,644,0,0,0
2022-09-18,port120,Barranquilla,2,0,0,838,0,0,0,0,0,0,0,838,0,0
2022-09-19,port120,Barranquilla,0,0,0,0,0,0,0,0,0,0,0,0,0,0
2022-09-20,port120,Barranquilla,5,2,37211,21351,30981,5394,836,0,0,21351,0,0,0,0
2022-09-21,port120,Barranquilla,2,0,0,7677,0,0,0,0,0,0,0,7677,0,0
2022-09-22,port120,Barranquilla,3,0,33598,0,33598,0,0,0,0,0,0,0,0,0
2022-09-23,port120,Barranquilla,3,1,11980,33351,11980,0,0,0,0,33351,0,0,0,0
2022-09-24,port120,Barranquilla,6,0,13855,7543,10300,0,3555,0,0,0,0,7543,0,0
2022-09-25,port120,Barranquilla,4,1,9315,2996,7166,0,1611,538,0,0,2996,0,0,0
2022-09-26,port120,Barranquilla,8,0,38754,11278,35379,0,662,2713,0,0,0,9847,1430,0
2022-09-27,port120,Barranquilla,2,1,3753,0,0,777,2975,0,0,0,0,0,0,0
2022-09-28,port120,Barranquilla,3,1,6753,1084,5358,0,0,1394,0,0,1084,0,0,0
2022-09-29,port120,Barranquilla,2,1,270,0,0,270,0,0,0,0,0,0,0,0
2022-09-30,port120,Barranquilla,3,1,3449,0,0,2800,648,0,0,0,0,0,0,0
2022-10-01,port120,Barranquilla,2,0,209,0,0,0,209,0,0,0,0,0,0,0
2022-10-02,port120,Barranquilla,6,1,16480,35171,16480,0,0,0,0,24828,2569,7773,0,0
2022-10-03,port120,Barranquilla,2,0,6594,0,6214,0,380,0,0,0,0,0,0,0
2022-10-04,port120,Barranquilla,3,2,388,2824,0,388,0,0,0,0,2824,0,0,0
2022-10-05,port120,Barranquilla,1,0,3263,0,0,0,3263,0,0,0,0,0,0,0
2022-10-06,port120,Barranquilla,3,1,6172,256,0,0,0,6172,0,0,256,0,0,0
2022-10-07,port120,Barranquilla,3,1,974,34216,0,974,0,0,0,33572,644,0,0,0
2022-10-08,port120,Barranquilla,2,1,0,4165,0,0,0,0,0,0,2169,0,1996,0
2022-10-09,port120,Barranquilla,2,0,30978,209,30978,0,0,0,0,0,0,209,0,0
2022-10-10,port120,Barranquilla,5,1,48123,5462,43054,5069,0,0,0,5462,0,0,0,0
2022-10-11,port120,Barranquilla,3,1,26328,0,22317,773,3237,0,0,0,0,0,0,0
2022-10-12,port120,Barranquilla,3,0,22007,1430,19293,0,0,2713,0,0,0,0,1430,0
2022-10-13,port120,Barranquilla,2,0,7274,2345,0,0,7274,0,0,0,0,2345,0,0
2022-10-14,port120,Barranquilla,5,1,3945,22261,0,2238,1707,0,0,19736,0,1710,815,0
2022-10-15,port120,Barranquilla,1,0,2420,0,0,0,0,2420,0,0,0,0,0,0
2022-10-16,port120,Barranquilla,3,1,3411,1710,0,1495,1916,0,0,0,0,1710,0,0
2022-10-17,port120,Barranquilla,4,1,33615,7341,33615,0,0,0,0,0,0,699,6641,0
2022-10-18,port120,Barranquilla,4,1,2720,35206,0,0,2720,0,0,32717,778,1710,0,0
2022-10-19,port120,Barranquilla,2,0,3244,27473,0,0,0,3244,0,27473,0,0,0,0
2022-10-20,port120,Barranquilla,2,0,35568,1910,32214,0,0,3354,0,0,0,0,1910,0
2022-10-21,port120,Barranquilla,6,1,28673,0,0,2969,6729,18974,0,0,0,0,0,0
2022-10-22,port120,Barranquilla,0,0,0,0,0,0,0,0,0,0,0,0,0,0
2022-10-23,port120,Barranquilla,4,1,25651,14558,23944,0,1707,0,0,0,1633,1710,11215,0
2022-10-24,port120,Barranquilla,3,0,0,54882,0,0,0,0,0,54882,0,0,0,0
2022-10-25,port120,Barranquilla,4,1,23342,644,22367,974,0,0,0,0,644,0,0,0
2022-10-26,port120,Barranquilla,1,0,0,6889,0,0,0,0,0,0,0,0,6889,0
2022-10-27,port120,Barranquilla,5,1,100843,644,85780,974,0,14088,0,0,644,0,0,0
2022-10-28,port120,Barranquilla,2,1,5195,0,0,5195,0,0,0,0,0,0,0,0
2022-10-29,port120,Barranquilla,2,1,0,2712,0,0,0,0,0,0,2075,637,0,0
2022-10-30,port120,Barranquilla,2,0,418,0,0,0,418,0,0,0,0,0,0,0
2022-10-31,port120,Barranquilla,3,0,31725,24652,29125,0,0,2599,0,24652,0,0,0,0
2022-11-01,port120,Barranquilla,3,2,390,8853,0,390,0,0,0,0,1271,7582,0,0
2022-11-02,port120,Barranquilla,4,0,5430,28048,0,0,2906,2524,0,28048,0,0,0,0
2022-11-03,port120,Barranquilla,2,1,974,23750,0,974,0,0,0,23106,644,0,0,0
2022-11-04,port120,Barranquilla,2,1,14891,0,0,2226,0,12665,0,0,0,0,0,0
2022-11-05,port120,Barranquilla,0,0,0,0,0,0,0,0,0,0,0,0,0,0
2022-11-06,port120,Barranquilla,3,1,419,1087,0,0,419,0,0,0,1087,0,0,0
2022-11-07,port120,Barranquilla,1,1,974,644,0,974,0,0,0,0,644,0,0,0
2022-11-08,port120,Barranquilla,4,1,0,40173,0,0,0,0,0,33409,1928,0,4835,0
2022-11-09,port120,Barranquilla,3,0,4000,1643,1561,0,2439,0,0,1643,0,0,0,0
2022-11-10,port120,Barranquilla,2,0,0,164,0,0,0,0,0,0,0,164,0,0
2022-11-11,port120,Barranquilla,5,1,5456,1430,0,368,2374,2713,0,0,0,0,1430,0
2022-11-12,port120,Barranquilla,2,0,0,2340,0,0,0,0,0,0,0,2340,0,0
2022-11-13,port120,Barranquilla,1,1,0,749,0,0,0,0,0,0,749,0,0,0
2022-11-14,port120,Barranquilla,5,0,10734,1710,0,0,10734,0,0,0,0,1710,0,0
2022-11-15,port120,Barranquilla,4,2,4986,644,0,1754,0,3231,0,0,644,0,0,0
2022-11-16,port120,Barranquilla,0,0,0,0,0,0,0,0,0,0,0,0,0,0
2022-11-17,port120,Barranquilla,4,1,974,34024,0,974,0,0,0,21874,644,0,11504,0
2022-11-18,port120,Barranquilla,2,1,0,3446,0,0,0,0,0,0,1106,2340,0,0
2022-11-19,port120,Barranquilla,2,1,0,1909,0,0,0,0,0,0,1909,0,0,0
2022-11-20,port120,Barranquilla,3,1,31254,33803,29869,1385,0,0,0,32942,861,0,0,0
2022-11-21,port120,Barranquilla,3,1,4736,3140,0,315,1707,2713,0,0,0,1710,1430,0
2022-11-22,port120,Barranquilla,3,1,36452,2315,36452,0,0,0,0,0,2315,0,0,0
2022-11-23,port120,Barranquilla,1,0,32993,0,32993,0,0,0,0,0,0,0,0,0
2022-11-24,port120,Barranquilla,5,1,25094,27687,25094,0,0,0,0,26876,811,0,0,0
2022-11-25,port120,Barranquilla,1,1,974,644,0,974,0,0,0,0,644,0,0,0
2022-11-26,port120,Barranquilla,2,0,1707,1710,0,0,1707,0,0,0,0,1710,0,0
2022-11-27,port120,Barranquilla,2,1,0,7691,0,0,0,0,0,4379,3312,0,0,0
2022-11-28,port120,Barranquilla,5,1,42369,853,36413,974,0,4981,0,0,644,208,0,0
2022-11-29,port120,Barranquilla,5,1,57621,32667,57621,0,0,0,0,24942,780,0,6944,0
2022-11-30,port120,Barranquilla,1,0,0,0,0,0,0,0,0,0,0,0,0,0
2022-12-01,port120,Barranquilla,5,1,41857,28915,30977,771,10108,0,0,28915,0,0,0,0
2022-12-02,port120,Barranquilla,4,0,14399,1117,14399,0,0,0,0,0,0,1117,0,0
2022-12-03,port120,Barranquilla,4,1,13690,0,12879,810,0,0,0,0,0,0,0,0
2022-12-04,port120,Barranquilla,3,0,0,32656,0,0,0,0,0,30207,0,2448,0,0
2022-12-05,port120,Barranquilla,3,1,3430,1710,0,1723,1707,0,0,0,0,1710,0,0
2022-12-06,port120,Barranquilla,3,2,0,11660,0,0,0,0,0,10574,1086,0,0,0
2022-12-07,port120,Barranquilla,1,0,0,0,0,0,0,0,0,0,0,0,0,0
2022-12-08,port120,Barranquilla,1,1,974,644,0,974,0,0,0,0,644,0,0,0
2022-12-09,port120,Barranquilla,1,1,1851,0,0,1851,0,0,0,0,0,0,0,0
2022-12-10,port120,Barranquilla,1,0,0,23727,0,0,0,0,0,23727,0,0,0,0
2022-12-11,port120,Barranquilla,2,0,9511,0,0,0,0,9511,0,0,0,0,0,0
2022-12-12,port120,Barranquilla,5,1,37928,644,28591,974,8362,0,0,0,644,0,0,0
2022-12-13,port120,Barranquilla,2,2,974,1595,0,974,0,0,0,0,1595,0,0,0
2022-12-14,port120,Barranquilla,1,0,0,28318,0,0,0,0,0,28318,0,0,0,0
2022-12-15,port120,Barranquilla,3,1,974,40459,0,974,0,0,0,39814,644,0,0,0
2022-12-16,port120,Barranquilla,2,1,6521,1710,0,4814,1707,0,0,0,0,1710,0,0
2022-12-17,port120,Barranquilla,1,0,29236,0,29236,0,0,0,0,0,0,0,0,0
2022-12-18,port120,Barranquilla,2,0,0,6528,0,0,0,0,0,0,0,0,6528,0
2022-12-19,port120,Barranquilla,5,1,3414,5053,0,0,3414,0,0,0,1633,3420,0,0
2022-12-20,port120,Barranquilla,4,2,22928,12575,22928,0,0,0,0,0,2476,0,10098,0
2022-12-21,port120,Barranquilla,0,0,0,0,0,0,0,0,0,0,0,0,0,0
2022-12-22,port120,Barranquilla,0,0,0,0,0,0,0,0,0,0,0,0,0,0
2022-12-23,port120,Barranquilla,4,1,32403,0,27209,3323,1869,0,0,0,0,0,0,0
2022-12-24,port120,Barranquilla,3,0,1895,19476,0,0,0,1895,0,19476,0,0,0,0
2022-12-25,port120,Barranquilla,4,0,2828,13230,0,0,2828,0,0,0,0,13230,0,0
2022-12-26,port120,Barranquilla,3,0,5080,3860,0,0,5080,0,0,0,0,3860,0,0
2022-12-27,port120,Barranquilla,5,2,63611,5580,31770,974,0,30866,0,0,1589,3990,0,0
2022-12-28,port120,Barranquilla,1,1,0,1002,0,0,0,0,0,0,1002,0,0,0
2022-12-29,port120,Barranquilla,4,1,63572,644,55733,974,0,6863,0,0,644,0,0,0
2022-12-30,port120,Barranquilla,3,1,22918,644,21943,974,0,0,0,0,644,0,0,0
2022-12-31,port120,Barranquilla,3,0,58909,1430,56195,0,0,2713,0,0,0,0,1430,0
2023-01-01,port120,Barranquilla,3,0,0,3695,0,0,0,0,0,1246,0,2448,0,0
2023-01-02,port120,Barranquilla,5,2,60513,6201,58445,2068,0,0,0,6201,0,0,0,0
2023-01-03,port120,Barranquilla,2,1,771,0,0,771,0,0,0,0,0,0,0,0
2023-01-04,port120,Barranquilla,3,0,23947,40415,23947,0,0,0,0,40415,0,0,0,0
2023-01-05,port120,Barranquilla,2,1,530,0,0,530,0,0,0,0,0,0,0,0
2023-01-06,port120,Barranquilla,4,1,1109,24230,0,1109,0,0,0,20899,0,3330,0,0
2023-01-07,port120,Barranquilla,1,0,1551,0,0,0,0,1551,0,0,0,0,0,0
2023-01-08,port120,Barranquilla,4,1,997,2340,0,997,0,0,0,0,0,2340,0,0
2023-01-09,port120,Barranquilla,1,0,1902,0,1902,0,0,0,0,0,0,0,0,0
2023-01-10,port120,Barranquilla,6,2,11169,0,0,3510,0,7659,0,0,0,0,0,0
2023-01-11,port120,Barranquilla,3,0,24312,27511,24312,0,0,0,0,27511,0,0,0,0
2023-01-12,port120,Barranquilla,4,1,1707,45965,0,0,1707,0,0,43999,255,1710,0,0
2023-01-13,port120,Barranquilla,4,1,4224,269,0,2712,1512,0,0,0,0,0,269,0
2023-01-14,port120,Barranquilla,2,0,1707,1710,0,0,1707,0,0,0,0,1710,0,0
2023-01-15,port120,Barranquilla,3,0,24969,29730,24969,0,0,0,0,29730,0,0,0,0
2023-01-16,port120,Barranquilla,1,1,974,644,0,974,0,0,0,0,644,0,0,0
2023-01-17,port120,Barranquilla,2,1,2713,1816,0,0,0,2713,0,0,385,0,1430,0
2023-01-18,port120,Barranquilla,3,0,22548,7738,22548,0,0,0,0,5462,0,0,2275,0
2023-01-19,port120,Barranquilla,1,1,974,644,0,974,0,0,0,0,644,0,0,0
2023-01-20,port120,Barranquilla,4,1,0,6478,0,0,0,0,0,0,369,6108,0,0
2023-01-21,port120,Barranquilla,3,1,0,1478,0,0,0,0,0,0,995,483,0,0
2023-01-22,port120,Barranquilla,2,0,1707,1710,0,0,1707,0,0,0,0,1710,0,0
2023-01-23,port120,Barranquilla,1,0,0,0,0,0,0,0,0,0,0,0,0,0
2023-01-24,port120,Barranquilla,4,2,11101,644,8964,2137,0,0,0,0,644,0,0,0
2023-01-25,port120,Barranquilla,2,0,0,36966,0,0,0,0,0,36966,0,0,0,0
2023-01-26,port120,Barranquilla,1,1,974,644,0,974,0,0,0,0,644,0,0,0
2023-01-27,port120,Barranquilla,7,1,34706,23740,31897,1101,1707,0,0,22030,0,1710,0,0
2023-01-28,port120,Barranquilla,1,0,13338,0,13338,0,0,0,0,0,0,0,0,0
2023-01-29,port120,Barranquilla,3,0,4564,0,0,0,4564,0,0,0,0,0,0,0
2023-01-30,port120,Barranquilla,1,0,0,0,0,0,0,0,0,0,0,0,0,0
2023-01-31,port120,Barranquilla,6,2,104545,14918,102937,1607,0,0,0,0,644,0,14273,0
2023-02-01,port120,Barranquilla,3,0,23236,4746,23236,0,0,0,0,0,0,4746,0,0
2023-02-02,port120,Barranquilla,4,1,32849,7151,32849,0,0,0,0,2376,510,0,4264,0
2023-02-03,port120,Barranquilla,3,1,974,31063,0,974,0,0,0,30419,644,0,0,0
2023-02-04,port120,Barranquilla,2,1,6803,1247,0,0,6803,0,0,0,1247,0,0,0
2023-02-05,port120,Barranquilla,1,0,3386,0,0,0,3386,0,0,0,0,0,0,0
2023-02-06,port120,Barranquilla,4,0,30334,21123,30334,0,0,0,0,0,0,10188,10935,0
2023-02-07,port120,Barranquilla,1,1,974,644,0,974,0,0,0,0,644,0,0,0
2023-02-08,port120,Barranquilla,0,0,0,0,0,0,0,0,0,0,0,0,0,0
2023-02-09,port120,Barranquilla,2,1,0,722,0,0,0,0,0,0,722,0,0,0
2023-02-10,port120,Barranquilla,5,1,25159,10108,24418,741,0,0,0,0,0,0,10108,0
2023-02-11,port120,Barranquilla,5,0,71383,34551,71383,0,0,0,0,34551,0,0,0,0
2023-02-12,port120,Barranquilla,3,0,41959,0,36197,0,5761,0,0,0,0,0,0,0
2023-02-13,port120,Barranquilla,2,0,2965,0,0,0,0,2965,0,0,0,0,0,0
2023-02-14,port120,Barranquilla,2,2,2249,1165,0,2249,0,0,0,0,1165,0,0,0
2023-02-15,port120,Barranquilla,1,0,0,0,0,0,0,0,0,0,0,0,0,0
2023-02-16,port120,Barranquilla,2,1,0,799,0,0,0,0,0,0,799,0,0,0
2023-02-17,port120,Barranquilla,4,0,54955,4605,51600,0,0,3354,0,0,0,0,4605,0
2023-02-18,port120,Barranquilla,3,0,18764,0,18764,0,0,0,0,0,0,0,0,0
2023-02-19,port120,Barranquilla,2,1,6620,2569,0,0,0,6620,0,0,2569,0,0,0
2023-02-20,port120,Barranquilla,2,1,318,0,0,318,0,0,0,0,0,0,0,0
2023-02-21,port120,Barranquilla,4,1,76857,14447,74917,1940,0,0,0,0,0,14447,0,0
2023-02-22,port120,Barranquilla,2,0,0,1426,0,0,0,0,0,0,0,0,1426,0
2023-02-23,port120,Barranquilla,3,1,25740,255,24764,0,976,0,0,0,255,0,0,0
2023-02-24,port120,Barranquilla,3,1,30106,0,28604,1501,0,0,0,0,0,0,0,0
2023-02-25,port120,Barranquilla,4,0,5086,72430,814,0,0,4271,0,72430,0,0,0,0
2023-02-26,port120,Barranquilla,3,1,1539,35908,0,0,0,1539,0,34598,1309,0,0,0
2023-02-27,port120,Barranquilla,2,0,0,190,0,0,0,0,0,0,0,190,0,0
2023-02-28,port120,Barranquilla,3,1,0,30364,0,0,0,0,0,29318,388,657,0,0
2023-03-01,port120,Barranquilla,1,0,0,0,0,0,0,0,0,0,0,0,0,0
2023-03-02,port120,Barranquilla,4,1,35456,35335,35456,0,0,0,0,34621,713,0,0,0
2023-03-03,port120,Barranquilla,4,1,33810,0,29243,370,4197,0,0,0,0,0,0,0
2023-03-04,port120,Barranquilla,3,1,2061,28648,0,0,0,2061,0,24091,4557,0,0,0
2023-03-05,port120,Barranquilla,1,0,0,0,0,0,0,0,0,0,0,0,0,0
2023-03-06,port120,Barranquilla,5,1,15415,9174,11980,721,0,2713,0,5462,0,0,3711,0
2023-03-07,port120,Barranquilla,4,1,15469,43193,11980,774,0,2713,0,41762,0,0,1430,0
2023-03-08,port120,Barranquilla,2,0,2736,35826,2736,0,0,0,0,35826,0,0,0,0
2023-03-09,port120,Barranquilla,3,1,62713,267,62713,0,0,0,0,0,267,0,0,0
2023-03-10,port120,Barranquilla,3,1,30183,1710,27369,1106,1707,0,0,0,0,1710,0,0
2023-03-11,port120,Barranquilla,1,0,3265,0,3265,0,0,0,0,0,0,0,0,0
2023-03-12,port120,Barranquilla,1,0,0,0,0,0,0,0,0,0,0,0,0,0
2023-03-13,port120,Barranquilla,2,0,2712,31069,0,0,2712,0,0,31069,0,0,0,0
2023-03-14,port120,Barranquilla,3,2,974,1807,0,974,0,0,0,0,1807,0,0,0
2023-03-15,port120,Barranquilla,0,0,0,0,0,0,0,0,0,0,0,0,0,0
2023-03-16,port120,Barranquilla,4,1,1084,3778,0,253,831,0,0,0,0,3778,0,0
2023-03-17,port120,Barranquilla,5,1,61378,14838,60272,1106,0,0,0,0,0,2231,12607,0
2023-03-18,port120,Barranquilla,5,1,18233,38246,12932,0,5301,0,0,36245,2001,0,0,0
2023-03-19,port120,Barranquilla,3,0,36502,8158,28194,0,8308,0,0,0,0,0,8158,0
2023-03-20,port120,Barranquilla,3,1,11504,8782,0,0,0,11504,0,0,2604,6177,0,0
2023-03-21,port120,Barranquilla,4,1,27002,644,26027,974,0,0,0,0,644,0,0,0
2023-03-22,port120,Barranquilla,1,0,0,0,0,0,0,0,0,0,0,0,0,0
2023-03-23,port120,Barranquilla,6,1,1614,35101,0,0,0,1614,0,31901,968,2231,0,0
2023-03-24,port120,Barranquilla,3,1,2171,0,0,1469,702,0,0,0,0,0,0,0
2023-03-25,port120,Barranquilla,5,0,40165,55322,37451,0,0,2713,0,48121,0,5769,1430,0
2023-03-26,port120,Barranquilla,1,0,0,637,0,0,0,0,0,0,0,637,0,0
2023-03-27,port120,Barranquilla,1,1,0,0,0,0,0,0,0,0,0,0,0,0
2023-03-28,port120,Barranquilla,4,1,14073,44220,11980,385,1707,0,0,42510,0,1710,0,0
2023-03-29,port120,Barranquilla,2,0,0,10240,0,0,0,0,0,0,0,10240,0,0
2023-03-30,port120,Barranquilla,3,2,15816,6107,11980,3835,0,0,0,5462,644,0,0,0
2023-03-31,port120,Barranquilla,4,0,23337,0,23337,0,0,0,0,0,0,0,0,0
2023-04-01,port120,Barranquilla,1,1,737,0,0,737,0,0,0,0,0,0,0,0
2023-04-02,port120,Barranquilla,4,1,10352,33768,10352,0,0,0,0,28374,1003,0,4391,0
2023-04-03,port120,Barranquilla,4,2,2416,24659,0,2416,0,0,0,24014,644,0,0,0
2023-04-04,port120,Barranquilla,3,1,974,1483,0,974,0,0,0,0,644,838,0,0
2023-04-05,port120,Barranquilla,1,0,0,0,0,0,0,0,0,0,0,0,0,0
2023-04-06,port120,Barranquilla,7,1,42757,33015,31989,0,1707,9061,0,27268,256,1710,3780,0
2023-04-07,port120,Barranquilla,3,0,56633,28202,56633,0,0,0,0,28202,0,0,0,0
2023-04-08,port120,Barranquilla,2,2,734,1084,0,734,0,0,0,0,1084,0,0,0
2023-04-09,port120,Barranquilla,4,0,42668,1710,40961,0,1707,0,0,0,0,1710,0,0
2023-04-10,port120,Barranquilla,3,0,0,9718,0,0,0,0,0,7486,0,2231,0,0
2023-04-11,port120,Barranquilla,4,2,0,3236,0,0,0,0,0,0,2990,0,246,0
2023-04-12,port120,Barranquilla,2,0,0,0,0,0,0,0,0,0,0,0,0,0
2023-04-13,port120,Barranquilla,1,1,974,644,0,974,0,0,0,0,644,0,0,0
2023-04-14,port120,Barranquilla,5,2,41039,9315,39454,1585,0,0,0,0,742,0,8572,0
2023-04-15,port120,Barranquilla,2,0,64080,0,64080,0,0,0,0,0,0,0,0,0
2023-04-16,port120,Barranquilla,7,1,19951,6417,15859,0,2552,1539,0,0,4707,1710,0,0
2023-04-17,port120,Barranquilla,4,1,15125,0,0,4406,0,10719,0,0,0,0,0,0
2023-04-18,port120,Barranquilla,2,1,0,388,0,0,0,0,0,0,388,0,0,0
2023-04-19,port120,Barranquilla,2,0,27621,0,25886,0,1734,0,0,0,0,0,0,0
2023-04-20,port120,Barranquilla,3,1,41423,2354,38741,974,1707,0,0,0,644,1710,0,0
2023-04-21,port120,Barranquilla,2,1,0,1857,0,0,0,0,0,0,1857,0,0,0
2023-04-22,port120,Barranquilla,2,0,29764,2313,29764,0,0,0,0,0,0,0,2313,0
2023-04-23,port120,Barranquilla,3,1,32082,251,32082,0,0,0,0,0,251,0,0,0
2023-04-24,port120,Barranquilla,2,1,685,0,0,358,326,0,0,0,0,0,0,0
2023-04-25,port120,Barranquilla,3,0,17402,27186,0,0,8826,8576,0,27186,0,0,0,0
2023-04-26,port120,Barranquilla,3,1,4799,1791,3824,974,0,0,0,0,644,0,1146,0
2023-04-27,port120,Barranquilla,4,1,51414,4584,51414,0,0,0,0,0,4584,0,0,0
2023-04-28,port120,Barranquilla,2,1,0,40935,0,0,0,0,0,39816,1118,0,0,0
2023-04-29,port120,Barranquilla,3,0,40190,38315,40190,0,0,0,0,38315,0,0,0,0
2023-04-30,port120,Barranquilla,4,1,42665,4943,29871,0,12793,0,0,0,2074,2869,0,0
2023-05-01,port120,Barranquilla,3,1,3323,0,0,3323,0,0,0,0,0,0,0,0
2023-05-02,port120,Barranquilla,3,1,12692,24507,0,0,0,12692,0,24118,389,0,0,0
2023-05-03,port120,Barranquilla,3,0,0,0,0,0,0,0,0,0,0,0,0,0
2023-05-04,port120,Barranquilla,3,1,21995,2506,21995,0,0,0,0,0,963,1542,0,0
2023-05-05,port120,Barranquilla,3,1,974,38972,0,974,0,0,0,35726,644,0,2601,0
2023-05-06,port120,Barranquilla,2,0,9564,4195,9564,0,0,0,0,0,0,0,4195,0
2023-05-07,port120,Barranquilla,2,1,11564,2618,0,0,0,11564,0,0,2618,0,0,0
2023-05-08,port120,Barranquilla,3,1,29205,0,29205,0,0,0,0,0,0,0,0,0
2023-05-09,port120,Barranquilla,3,1,2713,22845,0,0,0,2713,0,21029,385,0,1430,0
2023-05-10,port120,Barranquilla,1,0,30205,0,30205,0,0,0,0,0,0,0,0,0
2023-05-11,port120,Barranquilla,1,1,269,0,0,269,0,0,0,0,0,0,0,0
2023-05-12,port120,Barranquilla,3,1,11670,5554,0,0,0,11670,0,0,5554,0,0,0
2023-05-13,port120,Barranquilla,1,0,3867,0,3867,0,0,0,0,0,0,0,0,0
2023-05-14,port120,Barranquilla,2,1,0,2874,0,0,0,0,0,0,248,0,2625,0
2023-05-15,port120,Barranquilla,4,1,0,8231,0,0,0,0,0,0,3683,3928,618,0
2023-05-16,port120,Barranquilla,6,1,43979,58746,41110,1161,1707,0,0,57036,0,1710,0,0
2023-05-17,port120,Barranquilla,0,0,0,0,0,0,0,0,0,0,0,0,0,0
2023-05-18,port120,Barranquilla,4,1,22213,1269,11365,0,10848,0,0,0,1269,0,0,0
2023-05-19,port120,Barranquilla,5,1,4308,6975,0,0,0,4308,0,0,4550,2425,0,0
2023-05-20,port120,Barranquilla,4,1,48862,5570,36456,0,12406,0,0,0,1482,4087,0,0
2023-05-21,port120,Barranquilla,1,0,0,0,0,0,0,0,0,0,0,0,0,0
2023-05-22,port120,Barranquilla,3,1,2246,25418,0,2246,0,0,0,24899,0,0,519,0
2023-05-23,port120,Barranquilla,4,1,0,12047,0,0,0,0,0,10886,1161,0,0,0
2023-05-24,port120,Barranquilla,4,0,0,24918,0,0,0,0,0,0,0,17120,7797,0
2023-05-25,port120,Barranquilla,2,1,24843,1198,24843,0,0,0,0,0,1198,0,0,0
2023-05-26,port120,Barranquilla,2,1,0,4418,0,0,0,0,0,0,2577,1840,0,0
2023-05-27,port120,Barranquilla,1,1,0,746,0,0,0,0,0,0,746,0,0,0
2023-05-28,port120,Barranquilla,3,0,9246,269,9083,0,163,0,0,0,0,0,269,0
2023-05-29,port120,Barranquilla,1,1,0,0,0,0,0,0,0,0,0,0,0,0
2023-05-30,port120,Barranquilla,4,1,27405,2949,27405,0,0,0,0,0,385,0,2564,0
2023-05-31,port120,Barranquilla,3,0,0,28528,0,0,0,0,0,23046,0,5482,0,0
2023-06-01,port120,Barranquilla,1,1,974,644,0,974,0,0,0,0,644,0,0,0
2023-06-02,port120,Barranquilla,2,1,11980,5831,11980,0,0,0,0,5462,368,0,0,0
2023-06-03,port120,Barranquilla,1,1,0,540,0,0,0,0,0,0,540,0,0,0
2023-06-04,port120,Barranquilla,4,0,33938,20473,33938,0,0,0,0,0,0,9356,11116,0
2023-06-05,port120,Barranquilla,2,1,3683,28656,0,3683,0,0,0,28656,0,0,0,0
2023-06-06,port120,Barranquilla,3,1,6538,767,2851,0,3686,0,0,0,767,0,0,0
2023-06-07,port120,Barranquilla,1,0,8941,0,0,0,8941,0,0,0,0,0,0,0
2023-06-08,port120,Barranquilla,5,1,2649,28182,2649,0,0,0,0,27135,257,789,0,0
2023-06-09,port120,Barranquilla,2,1,1480,3132,0,1480,0,0,0,0,0,0,3132,0
2023-06-10,port120,Barranquilla,2,1,0,3463,0,0,0,0,0,0,594,2869,0,0
2023-06-11,port120,Barranquilla,3,0,3642,0,0,0,0,3642,0,0,0,0,0,0
2023-06-12,port120,Barranquilla,3,1,718,23960,0,718,0,0,0,23960,0,0,0,0
2023-06-13,port120,Barranquilla,7,1,60407,522,45882,0,0,14524,0,0,389,132,0,0
2023-06-14,port120,Barranquilla,3,0,1995,0,0,0,1676,318,0,0,0,0,0,0
2023-06-15,port120,Barranquilla,2,1,996,0,0,728,0,268,0,0,0,0,0,0
2023-06-16,port120,Barranquilla,2,1,36135,368,36135,0,0,0,0,0,368,0,0,0
2023-06-17,port120,Barranquilla,5,1,48271,52423,48271,0,0,0,0,46894,1478,0,4051,0
2023-06-18,port120,Barranquilla,0,0,0,0,0,0,0,0,0,0,0,0,0,0
2023-06-19,port120,Barranquilla,2,1,39284,1264,39284,0,0,0,0,0,1264,0,0,0
2023-06-20,port120,Barranquilla,1,1,0,387,0,0,0,0,0,0,387,0,0,0
2023-06-21,port120,Barranquilla,1,0,0,17425,0,0,0,0,0,0,0,17425,0,0
2023-06-22,port120,Barranquilla,5,1,34358,8945,33288,1070,0,0,0,0,0,8945,0,0
2023-06-23,port120,Barranquilla,3,1,974,5775,0,974,0,0,0,5130,644,0,0,0
2023-06-24,port120,Barranquilla,0,0,0,0,0,0,0,0,0,0,0,0,0,0
2023-06-25,port120,Barranquilla,3,0,36574,1866,36574,0,0,0,0,0,0,1866,0,0
2023-06-26,port120,Barranquilla,3,1,40656,998,40656,0,0,0,0,0,998,0,0,0
2023-06-27,port120,Barranquilla,4,2,2808,706,0,0,0,2808,0,0,706,0,0,0
2023-06-28,port120,Barranquilla,3,0,54700,0,36514,0,0,18186,0,0,0,0,0,0
2023-06-29,port120,Barranquilla,2,1,974,644,0,974,0,0,0,0,644,0,0,0
2023-06-30,port120,Barranquilla,2,1,0,369,0,0,0,0,0,0,369,0,0,0
2023-07-01,port120,Barranquilla,1,1,0,2714,0,0,0,0,0,0,2714,0,0,0
2023-07-02,port120,Barranquilla,0,0,0,0,0,0,0,0,0,0,0,0,0,0
2023-07-03,port120,Barranquilla,3,1,4975,962,4975,0,0,0,0,0,962,0,0,0
2023-07-04,port120,Barranquilla,3,1,0,9864,0,0,0,0,0,0,1159,0,8704,0
2023-07-05,port120,Barranquilla,3,0,39760,0,39760,0,0,0,0,0,0,0,0,0
2023-07-06,port120,Barranquilla,1,1,974,644,0,974,0,0,0,0,644,0,0,0
2023-07-07,port120,Barranquilla,4,1,9918,4355,2246,3347,0,4324,0,0,0,4355,0,0
2023-07-08,port120,Barranquilla,1,0,0,10821,0,0,0,0,0,0,0,0,10821,0
2023-07-09,port120,Barranquilla,3,0,16907,0,5997,0,242,10666,0,0,0,0,0,0
2023-07-10,port120,Barranquilla,3,1,17274,7426,17274,0,0,0,0,5462,1963,0,0,0
2023-07-11,port120,Barranquilla,4,3,2554,9475,0,2554,0,0,0,0,1362,0,8112,0
2023-07-12,port120,Barranquilla,4,0,33787,31945,32703,0,0,1084,0,31945,0,0,0,0
2023-07-13,port120,Barranquilla,4,1,42171,1279,41097,1074,0,0,0,0,0,0,1279,0
2023-07-14,port120,Barranquilla,2,1,741,0,0,741,0,0,0,0,0,0,0,0
2023-07-15,port120,Barranquilla,2,1,0,35195,0,0,0,0,0,33560,1635,0,0,0
2023-07-16,port120,Barranquilla,4,0,26239,44293,26239,0,0,0,0,40593,0,0,3699,0
2023-07-17,port120,Barranquilla,1,0,1707,1710,0,0,1707,0,0,0,0,1710,0,0
2023-07-18,port120,Barranquilla,5,2,27728,28533,26455,1272,0,0,0,26506,772,1254,0,0
2023-07-19,port120,Barranquilla,4,0,0,9764,0,0,0,0,0,5749,0,0,4015,0
2023-07-20,port120,Barranquilla,2,1,0,505,0,0,0,0,0,0,505,0,0,0
2023-07-21,port120,Barranquilla,1,0,25912,0,25912,0,0,0,0,0,0,0,0,0
2023-07-22,port120,Barranquilla,5,2,23652,3263,21086,1709,855,0,0,0,644,0,2618,0
2023-07-23,port120,Barranquilla,5,0,9717,7201,8594,0,1123,0,0,0,0,7201,0,0
2023-07-24,port120,Barranquilla,1,1,1911,0,0,1911,0,0,0,0,0,0,0,0
2023-07-25,port120,Barranquilla,3,1,10414,385,10414,0,0,0,0,0,385,0,0,0
2023-07-26,port120,Barranquilla,1,0,0,9071,0,0,0,0,0,0,0,9071,0,0
2023-07-27,port120,Barranquilla,3,1,11980,36486,11980,0,0,0,0,36007,478,0,0,0
2023-07-28,port120,Barranquilla,3,0,1707,1710,0,0,1707,0,0,0,0,1710,0,0
2023-07-29,port120,Barranquilla,1,1,0,328,0,0,0,0,0,0,328,0,0,0
2023-07-30,port120,Barranquilla,2,0,23382,27630,23382,0,0,0,0,27630,0,0,0,0
2023-07-31,port120,Barranquilla,4,1,36320,5853,36320,0,0,0,0,1803,633,0,3415,0
2023-08-01,port120,Barranquilla,3,1,0,14581,0,0,0,0,0,12645,1935,0,0,0
2023-08-02,port120,Barranquilla,4,0,77305,0,67207,0,0,10098,0,0,0,0,0,0
2023-08-03,port120,Barranquilla,3,1,40483,534,21214,0,0,19268,0,0,534,0,0,0
2023-08-04,port120,Barranquilla,4,1,38636,6838,38636,0,0,0,0,0,753,6085,0,0
2023-08-05,port120,Barranquilla,3,1,32488,2295,32488,0,0,0,0,0,2295,0,0,0
2023-08-06,port120,Barranquilla,5,0,1707,76541,0,0,1707,0,0,74831,0,1710,0,0
2023-08-07,port120,Barranquilla,5,1,3668,32006,0,2545,1123,0,0,29167,0,2839,0,0
2023-08-08,port120,Barranquilla,2,1,22323,0,21935,388,0,0,0,0,0,0,0,0
2023-08-09,port120,Barranquilla,2,0,11732,0,0,0,0,11732,0,0,0,0,0,0
2023-08-10,port120,Barranquilla,2,1,0,718,0,0,0,0,0,0,718,0,0,0
2023-08-11,port120,Barranquilla,3,1,8279,29364,0,4488,3791,0,0,29364,0,0,0,0
2023-08-12,port120,Barranquilla,4,1,14694,11209,11980,0,0,2713,0,5462,1979,2336,1430,0
2023-08-13,port120,Barranquilla,0,0,0,0,0,0,0,0,0,0,0,0,0,0
2023-08-14,port120,Barranquilla,2,1,1911,3225,0,1911,0,0,0,0,0,3225,0,0
2023-08-15,port120,Barranquilla,5,1,3582,5997,0,0,1707,1875,0,0,387,1710,3900,0
2023-08-16,port120,Barranquilla,4,0,39543,39752,27584,0,11959,0,0,39752,0,0,0,0
2023-08-17,port120,Barranquilla,3,1,3487,2354,0,974,1707,805,0,0,644,1710,0,0
2023-08-18,port120,Barranquilla,2,1,6778,0,0,4096,0,2682,0,0,0,0,0,0
2023-08-19,port120,Barranquilla,4,1,9007,1748,8033,974,0,0,0,0,644,0,1103,0
2023-08-20,port120,Barranquilla,0,0,0,0,0,0,0,0,0,0,0,0,0,0
2023-08-21,port120,Barranquilla,3,1,5187,0,2955,2231,0,0,0,0,0,0,0,0
2023-08-22,port120,Barranquilla,2,1,0,11393,0,0,0,0,0,11006,386,0,0,0
2023-08-23,port120,Barranquilla,4,0,23240,3072,21533,0,1707,0,0,0,0,2756,315,0
2023-08-24,port120,Barranquilla,3,0,50603,5462,48307,0,0,2295,0,5462,0,0,0,0
2023-08-25,port120,Barranquilla,6,1,69033,17166,51699,0,0,17333,0,0,1118,0,16047,0
2023-08-26,port120,Barranquilla,1,1,267,0,0,267,0,0,0,0,0,0,0,0
2023-08-27,port120,Barranquilla,3,1,21305,32106,21305,0,0,0,0,31118,987,0,0,0
2023-08-28,port120,Barranquilla,2,0,0,0,0,0,0,0,0,0,0,0,0,0
2023-08-29,port120,Barranquilla,5,2,9559,2505,4840,0,0,4719,0,0,2505,0,0,0
2023-08-30,port120,Barranquilla,4,0,16028,5462,16028,0,0,0,0,5462,0,0,0,0
2023-08-31,port120,Barranquilla,5,1,974,29275,0,974,0,0,0,28630,644,0,0,0
2023-09-01,port120,Barranquilla,4,1,43677,0,42197,1480,0,0,0,0,0,0,0,0
2023-09-02,port120,Barranquilla,3,1,974,3493,0,974,0,0,0,0,644,0,2848,0
2023-09-03,port120,Barranquilla,3,0,20419,0,10161,0,6945,3313,0,0,0,0,0,0
2023-09-04,port120,Barranquilla,1,0,0,0,0,0,0,0,0,0,0,0,0,0
2023-09-05,port120,Barranquilla,2,2,0,704,0,0,0,0,0,0,704,0,0,0
2023-09-06,port120,Barranquilla,7,0,73597,11321,60863,0,12733,0,0,0,0,11321,0,0
2023-09-07,port120,Barranquilla,4,2,28324,38884,25064,3259,0,0,0,38884,0,0,0,0
2023-09-08,port120,Barranquilla,3,1,41527,2973,31150,0,0,10377,0,0,2973,0,0,0
2023-09-09,port120,Barranquilla,1,0,12723,0,0,0,12723,0,0,0,0,0,0,0
2023-09-10,port120,Barranquilla,1,1,330,0,0,330,0,0,0,0,0,0,0,0
2023-09-11,port120,Barranquilla,3,1,35541,29258,35541,0,0,0,0,28941,317,0,0,0
2023-09-12,port120,Barranquilla,2,1,37955,1159,37955,0,0,0,0,0,1159,0,0,0
2023-09-13,port120,Barranquilla,0,0,0,0,0,0,0,0,0,0,0,0,0,0
2023-09-14,port120,Barranquilla,4,0,22976,14127,22976,0,0,0,0,0,0,0,14127,0
2023-09-15,port120,Barranquilla,3,1,16515,6107,15540,974,0,0,0,5462,644,0,0,0
2023-09-16,port120,Barranquilla,2,0,30051,0,30051,0,0,0,0,0,0,0,0,0
2023-09-17,port120,Barranquilla,3,1,1454,982,1454,0,0,0,0,0,982,0,0,0
2023-09-18,port120,Barranquilla,0,0,0,0,0,0,0,0,0,0,0,0,0,0
2023-09-19,port120,Barranquilla,5,2,32905,0,29418,2997,0,489,0,0,0,0,0,0
2023-09-20,port120,Barranquilla,5,0,0,7632,0,0,0,0,0,0,0,7632,0,0
2023-09-21,port120,Barranquilla,3,0,4235,25986,0,0,189,4045,0,25986,0,0,0,0
2023-09-22,port120,Barranquilla,3,2,7126,734,0,7126,0,0,0,0,244,0,489,0
2023-09-23,port120,Barranquilla,1,0,21288,0,21288,0,0,0,0,0,0,0,0,0
2023-09-24,port120,Barranquilla,2,1,0,3904,0,0,0,0,0,0,2951,952,0,0
2023-09-25,port120,Barranquilla,4,1,1916,17093,0,1916,0,0,0,0,0,5588,11504,0
2023-09-26,port120,Barranquilla,1,1,974,644,0,974,0,0,0,0,644,0,0,0
2023-09-27,port120,Barranquilla,2,0,26005,0,24264,0,0,1740,0,0,0,0,0,0
2023-09-28,port120,Barranquilla,1,0,0,0,0,0,0,0,0,0,0,0,0,0
2023-09-29,port120,Barranquilla,5,2,18433,0,3248,8118,0,7066,0,0,0,0,0,0
2023-09-30,port120,Barranquilla,2,1,0,35322,0,0,0,0,0,34341,981,0,0,0
2023-10-01,port120,Barranquilla,2,0,226,282,0,0,226,0,0,0,0,282,0,0
2023-10-02,port120,Barranquilla,3,1,0,43153,0,0,0,0,0,42196,956,0,0,0
2023-10-03,port120,Barranquilla,4,1,388,2280,0,388,0,0,0,0,0,0,2280,0
2023-10-04,port120,Barranquilla,3,0,790,29467,0,0,790,0,0,27776,0,1690,0,0
2023-10-05,port120,Barranquilla,2,0,4147,14781,4147,0,0,0,0,0,0,14781,0,0
2023-10-06,port120,Barranquilla,2,1,5912,0,0,5646,266,0,0,0,0,0,0,0
2023-10-07,port120,Barranquilla,4,1,23961,12895,23961,0,0,0,0,10925,1969,0,0,0
2023-10-08,port120,Barranquilla,3,1,43278,0,42473,805,0,0,0,0,0,0,0,0
2023-10-09,port120,Barranquilla,2,0,0,9016,0,0,0,0,0,5409,0,0,3607,0
2023-10-10,port120,Barranquilla,3,1,1557,5429,0,636,0,921,0,0,0,5429,0,0
2023-10-11,port120,Barranquilla,2,1,974,644,0,974,0,0,0,0,644,0,0,0
2023-10-12,port120,Barranquilla,3,1,9356,10784,9356,0,0,0,0,0,242,0,10542,0
2023-10-13,port120,Barranquilla,3,1,38320,0,35717,2603,0,0,0,0,0,0,0,0
2023-10-14,port120,Barranquilla,2,1,36348,2618,36348,0,0,0,0,0,2618,0,0,0
2023-10-15,port120,Barranquilla,3,0,2520,0,0,0,0,2520,0,0,0,0,0,0
2023-10-16,port120,Barranquilla,3,0,44770,0,44770,0,0,0,0,0,0,0,0,0
2023-10-17,port120,Barranquilla,4,2,2076,31958,0,775,1300,0,0,30999,958,0,0,0
2023-10-18,port120,Barranquilla,7,0,42926,21087,42926,0,0,0,0,0,0,9304,11782,0
2023-10-19,port120,Barranquilla,1,0,0,39024,0,0,0,0,0,39024,0,0,0,0
2023-10-20,port120,Barranquilla,3,1,12352,7620,11980,371,0,0,0,5462,0,0,2157,0
2023-10-21,port120,Barranquilla,3,2,3305,2299,0,3305,0,0,0,0,2299,0,0,0
2023-10-22,port120,Barranquilla,1,0,0,37657,0,0,0,0,0,37657,0,0,0,0
2023-10-23,port120,Barranquilla,1,0,4155,0,0,0,0,4155,0,0,0,0,0,0
2023-10-24,port120,Barranquilla,1,1,1538,0,0,1538,0,0,0,0,0,0,0,0
2023-10-25,port120,Barranquilla,4,1,50166,644,49191,974,0,0,0,0,644,0,0,0
2023-10-26,port120,Barranquilla,4,1,27981,4835,26544,1437,0,0,0,0,0,0,4835,0
2023-10-27,port120,Barranquilla,6,2,5851,28439,0,3155,0,2696,0,27022,0,1417,0,0
2023-10-28,port120,Barranquilla,1,0,1707,1710,0,0,1707,0,0,0,0,1710,0,0
2023-10-29,port120,Barranquilla,5,1,22870,63127,22870,0,0,0,0,60552,2575,0,0,0
2023-10-30,port120,Barranquilla,1,1,0,640,0,0,0,0,0,0,640,0,0,0
2023-10-31,port120,Barranquilla,5,1,6097,1887,1838,1545,0,2713,0,0,0,0,1887,0
2023-11-01,port120,Barranquilla,3,0,549,9710,549,0,0,0,0,0,0,9710,0,0
2023-11-02,port120,Barranquilla,2,1,0,1323,0,0,0,0,0,0,1323,0,0,0
2023-11-03,port120,Barranquilla,2,1,742,4038,0,742,0,0,0,0,0,0,4038,0
2023-11-04,port120,Barranquilla,2,0,13051,0,0,0,875,12175,0,0,0,0,0,0
2023-11-05,port120,Barranquilla,4,1,34971,0,32581,654,1734,0,0,0,0,0,0,0
2023-11-06,port120,Barranquilla,1,0,18905,0,0,0,0,18905,0,0,0,0,0,0
2023-11-07,port120,Barranquilla,7,2,43213,12399,39041,4171,0,0,0,0,644,11755,0,0
2023-11-08,port120,Barranquilla,1,0,229,0,0,0,229,0,0,0,0,0,0,0
2023-11-09,port120,Barranquilla,3,0,57199,8251,57199,0,0,0,0,0,0,8251,0,0
2023-11-10,port120,Barranquilla,1,0,0,0,0,0,0,0,0,0,0,0,0,0
2023-11-11,port120,Barranquilla,4,1,46946,644,30187,974,0,15784,0,0,644,0,0,0
2023-11-12,port120,Barranquilla,7,1,51995,40528,51995,0,0,0,0,23544,326,0,16657,0
2023-11-13,port120,Barranquilla,2,1,958,0,0,958,0,0,0,0,0,0,0,0
2023-11-14,port120,Barranquilla,1,1,389,0,0,389,0,0,0,0,0,0,0,0
2023-11-15,port120,Barranquilla,3,0,0,44277,0,0,0,0,0,43459,0,279,538,0
2023-11-16,port120,Barranquilla,3,1,14215,241,0,0,14215,0,0,0,241,0,0,0
2023-11-17,port120,Barranquilla,4,1,2005,24634,0,2005,0,0,0,24634,0,0,0,0
2023-11-18,port120,Barranquilla,4,0,20906,3941,14502,0,6403,0,0,0,0,3941,0,0
2023-11-19,port120,Barranquilla,4,1,38545,2891,31182,0,0,7363,0,0,2891,0,0,0
2023-11-20,port120,Barranquilla,2,0,0,16233,0,0,0,0,0,0,0,0,16233,0
2023-11-21,port120,Barranquilla,3,2,37709,644,32898,4811,0,0,0,0,644,0,0,0
2023-11-22,port120,Barranquilla,1,0,0,0,0,0,0,0,0,0,0,0,0,0
2023-11-23,port120,Barranquilla,2,1,2351,861,0,1385,0,966,0,0,861,0,0,0
2023-11-24,port120,Barranquilla,1,1,0,800,0,0,0,0,0,0,800,0,0,0
2023-11-25,port120,Barranquilla,2,1,974,14759,0,974,0,0,0,14115,644,0,0,0
2023-11-26,port120,Barranquilla,3,0,2713,1430,0,0,0,2713,0,0,0,0,1430,0
2023-11-27,port120,Barranquilla,3,0,19889,0,0,0,0,19889,0,0,0,0,0,0
2023-11-28,port120,Barranquilla,4,2,34067,0,28353,4211,1501,0,0,0,0,0,0,0
2023-11-29,port120,Barranquilla,3,0,37806,5801,37806,0,0,0,0,0,0,5801,0,0
2023-11-30,port120,Barranquilla,2,0,1707,4862,0,0,1707,0,0,0,0,1710,3152,0
2023-12-01,port120,Barranquilla,3,1,24894,0,0,3485,2750,18658,0,0,0,0,0,0
2023-12-02,port120,Barranquilla,2,1,0,4531,0,0,0,0,0,0,4531,0,0,0
2023-12-03,port120,Barranquilla,2,0,0,30999,0,0,0,0,0,30999,0,0,0,0
2023-12-04,port120,Barranquilla,1,1,0,961,0,0,0,0,0,0,961,0,0,0
2023-12-05,port120,Barranquilla,4,1,41897,37769,41120,777,0,0,0,34353,0,0,3415,0
2023-12-06,port120,Barranquilla,2,0,0,30247,0,0,0,0,0,30247,0,0,0,0
2023-12-07,port120,Barranquilla,2,1,974,644,0,974,0,0,0,0,644,0,0,0
2023-12-08,port120,Barranquilla,6,1,68007,21671,65293,0,0,2713,0,5462,4111,0,12096,0
2023-12-09,port120,Barranquilla,2,0,62075,0,62075,0,0,0,0,0,0,0,0,0
2023-12-10,port120,Barranquilla,1,0,2876,0,2876,0,0,0,0,0,0,0,0,0
2023-12-11,port120,Barranquilla,2,0,27217,0,27217,0,0,0,0,0,0,0,0,0
2023-12-12,port120,Barranquilla,5,2,2681,27114,0,974,1707,0,0,22589,1422,3102,0,0
2023-12-13,port120,Barranquilla,4,0,40594,43672,40594,0,0,0,0,42600,0,0,1071,0
2023-12-14,port120,Barranquilla,0,0,0,0,0,0,0,0,0,0,0,0,0,0
2023-12-15,port120,Barranquilla,3,0,35045,0,34315,0,730,0,0,0,0,0,0,0
2023-12-16,port120,Barranquilla,2,1,974,644,0,974,0,0,0,0,644,0,0,0
2023-12-17,port120,Barranquilla,6,0,46741,7479,44465,0,2276,0,0,0,0,6742,737,0
2023-12-18,port120,Barranquilla,1,1,1290,0,0,1290,0,0,0,0,0,0,0,0
2023-12-19,port120,Barranquilla,4,2,974,2148,0,974,0,0,0,0,894,1254,0,0
2023-12-20,port120,Barranquilla,3,0,1707,10414,0,0,1707,0,0,0,0,1710,8704,0
2023-12-21,port120,Barranquilla,6,0,37406,38886,30487,0,6919,0,0,38886,0,0,0,0
2023-12-22,port120,Barranquilla,1,1,4106,0,0,4106,0,0,0,0,0,0,0,0
2023-12-23,port120,Barranquilla,1,0,46157,0,46157,0,0,0,0,0,0,0,0,0
2023-12-24,port120,Barranquilla,3,2,517,13035,0,517,0,0,0,0,295,0,12740,0
2023-12-25,port120,Barranquilla,2,1,14832,644,13857,974,0,0,0,0,644,0,0,0
2023-12-26,port120,Barranquilla,1,1,974,644,0,974,0,0,0,0,644,0,0,0
2023-12-27,port120,Barranquilla,0,0,0,0,0,0,0,0,0,0,0,0,0,0
2023-12-28,port120,Barranquilla,2,0,4653,0,0,0,4653,0,0,0,0,0,0,0
2023-12-29,port120,Barranquilla,5,1,36985,30101,35506,1478,0,0,0,16547,0,0,13554,0
2023-12-30,port120,Barranquilla,2,0,0,162,0,0,0,0,0,0,0,162,0,0
2023-12-31,port120,Barranquilla,5,1,2010,28531,0,974,0,1035,0,26506,644,1380,0,0
2024-01-01,port120,Barranquilla,1,0,15340,0,15340,0,0,0,0,0,0,0,0,0
2024-01-02,port120,Barranquilla,5,3,15730,7402,12175,3554,0,0,0,0,2466,4936,0,0
2024-01-03,port120,Barranquilla,2,0,2713,13438,0,0,0,2713,0,0,0,12007,1430,0
2024-01-04,port120,Barranquilla,2,1,974,3531,0,974,0,0,0,0,644,0,2887,0
2024-01-05,port120,Barranquilla,2,1,3915,1433,3915,0,0,0,0,0,1433,0,0,0
2024-01-06,port120,Barranquilla,3,1,29685,30669,29685,0,0,0,0,30374,295,0,0,0
2024-01-07,port120,Barranquilla,0,0,0,0,0,0,0,0,0,0,0,0,0,0
2024-01-08,port120,Barranquilla,1,0,12801,0,0,0,12801,0,0,0,0,0,0,0
2024-01-09,port120,Barranquilla,4,1,38834,364,35049,0,0,3785,0,0,364,0,0,0
2024-01-10,port120,Barranquilla,2,1,19823,0,0,1165,0,18658,0,0,0,0,0,0
2024-01-11,port120,Barranquilla,1,0,26801,0,26801,0,0,0,0,0,0,0,0,0
2024-01-12,port120,Barranquilla,2,1,2713,5721,0,0,0,2713,0,0,4291,0,1430,0
2024-01-13,port120,Barranquilla,3,1,0,22137,0,0,0,0,0,21782,354,0,0,0
2024-01-14,port120,Barranquilla,4,0,41453,0,35478,0,0,5975,0,0,0,0,0,0
2024-01-15,port120,Barranquilla,3,0,0,59849,0,0,0,0,0,59012,0,837,0,0
2024-01-16,port120,Barranquilla,2,2,2421,644,0,2421,0,0,0,0,644,0,0,0
2024-01-17,port120,Barranquilla,6,2,44536,4690,30587,9528,1707,2713,0,1549,0,1710,1430,0
2024-01-18,port120,Barranquilla,1,1,0,261,0,0,0,0,0,0,261,0,0,0
2024-01-19,port120,Barranquilla,1,0,0,0,0,0,0,0,0,0,0,0,0,0
2024-01-20,port120,Barranquilla,5,2,46374,4074,41009,0,5365,0,0,0,4074,0,0,0
2024-01-21,port120,Barranquilla,5,0,43274,32864,40221,0,3053,0,0,29994,0,2869,0,0
2024-01-22,port120,Barranquilla,1,0,0,34618,0,0,0,0,0,34618,0,0,0,0
2024-01-23,port120,Barranquilla,1,1,5704,0,0,5704,0,0,0,0,0,0,0,0
2024-01-24,port120,Barranquilla,3,2,5613,1506,0,2359,3253,0,0,0,1506,0,0,0
2024-01-25,port120,Barranquilla,1,0,8312,0,0,0,8312,0,0,0,0,0,0,0
2024-01-26,port120,Barranquilla,4,1,45037,11782,42972,531,1533,0,0,0,0,0,11782,0
2024-01-27,port120,Barranquilla,5,1,48608,10954,47543,1065,0,0,0,8302,0,2651,0,0
2024-01-28,port120,Barranquilla,1,0,28635,0,28635,0,0,0,0,0,0,0,0,0
2024-01-29,port120,Barranquilla,4,2,16636,15494,0,1338,15298,0,0,14849,644,0,0,0
2024-01-30,port120,Barranquilla,6,2,24769,42576,0,1245,20588,2936,0,40221,644,1710,0,0
2024-01-31,port120,Barranquilla,5,0,14962,0,3195,0,9673,2094,0,0,0,0,0,0
2024-02-01,port120,Barranquilla,1,0,422,0,0,0,422,0,0,0,0,0,0,0
2024-02-02,port120,Barranquilla,3,0,23336,2023,23336,0,0,0,0,0,0,0,2023,0
2024-02-03,port120,Barranquilla,3,1,1030,12395,0,1030,0,0,0,0,0,12395,0,0
2024-02-04,port120,Barranquilla,4,1,0,27566,0,0,0,0,0,12623,2250,0,12692,0
2024-02-05,port120,Barranquilla,1,0,0,0,0,0,0,0,0,0,0,0,0,0
2024-02-06,port120,Barranquilla,6,3,12034,1954,7268,4765,0,0,0,0,1954,0,0,0
2024-02-07,port120,Barranquilla,4,2,28624,10442,28624,0,0,0,0,8203,2238,0,0,0
2024-02-08,port120,Barranquilla,2,1,1222,0,0,528,0,693,0,0,0,0,0,0
2024-02-09,port120,Barranquilla,3,1,59061,644,58086,974,0,0,0,0,644,0,0,0
2024-02-10,port120,Barranquilla,4,1,12125,1425,0,0,0,12125,0,0,1425,0,0,0
2024-02-11,port120,Barranquilla,2,0,27461,12603,27461,0,0,0,0,12603,0,0,0,0
2024-02-12,port120,Barranquilla,1,0,443,0,0,0,443,0,0,0,0,0,0,0
2024-02-13,port120,Barranquilla,5,3,11630,1459,8211,2064,0,1353,0,0,1459,0,0,0
2024-02-14,port120,Barranquilla,1,0,32192,0,32192,0,0,0,0,0,0,0,0,0
2024-02-15,port120,Barranquilla,2,1,4041,0,0,268,3773,0,0,0,0,0,0,0
2024-02-16,port120,Barranquilla,2,0,23762,0,4355,0,0,19407,0,0,0,0,0,0
2024-02-17,port120,Barranquilla,3,2,1656,13236,0,1656,0,0,0,0,2457,0,10778,0
2024-02-18,port120,Barranquilla,1,1,2438,0,0,2438,0,0,0,0,0,0,0,0
2024-02-19,port120,Barranquilla,3,0,30329,0,30329,0,0,0,0,0,0,0,0,0
2024-02-20,port120,Barranquilla,3,2,7150,861,0,2833,0,4317,0,0,861,0,0,0
2024-02-21,port120,Barranquilla,2,1,6969,389,0,0,0,6969,0,0,389,0,0,0
2024-02-22,port120,Barranquilla,6,0,77057,18170,74344,0,0,2713,0,0,0,5192,12978,0
2024-02-23,port120,Barranquilla,2,1,1959,1718,0,1959,0,0,0,0,0,0,1718,0
2024-02-24,port120,Barranquilla,2,1,974,2886,0,974,0,0,0,0,644,2241,0,0
2024-02-25,port120,Barranquilla,6,0,72029,23420,72029,0,0,0,0,0,0,5086,18333,0
2024-02-26,port120,Barranquilla,3,1,4511,0,0,711,3262,537,0,0,0,0,0,0
2024-02-27,port120,Barranquilla,6,2,33974,67362,32999,974,0,0,0,65089,2272,0,0,0
2024-02-28,port120,Barranquilla,1,0,0,0,0,0,0,0,0,0,0,0,0,0
2024-02-29,port120,Barranquilla,1,0,39184,0,39184,0,0,0,0,0,0,0,0,0
2024-03-01,port120,Barranquilla,4,0,32462,0,30940,0,0,1522,0,0,0,0,0,0
2024-03-02,port120,Barranquilla,4,3,974,7496,0,974,0,0,0,1154,6341,0,0,0
2024-03-03,port120,Barranquilla,3,0,11980,7774,11980,0,0,0,0,5462,0,0,2311,0
2024-03-04,port120,Barranquilla,0,0,0,0,0,0,0,0,0,0,0,0,0,0
2024-03-05,port120,Barranquilla,4,1,11732,38817,0,0,0,11732,0,27634,1623,0,9558,0
2024-03-06,port120,Barranquilla,5,1,4395,13907,4395,0,0,0,0,11932,1974,0,0,0
2024-03-07,port120,Barranquilla,3,1,43586,162,42774,812,0,0,0,0,0,162,0,0
2024-03-08,port120,Barranquilla,2,1,39965,0,36199,3765,0,0,0,0,0,0,0,0
2024-03-09,port120,Barranquilla,8,1,139878,7856,138143,0,1734,0,0,0,3144,4712,0,0
2024-03-10,port120,Barranquilla,2,1,0,9665,0,0,0,0,0,0,2492,7173,0,0
2024-03-11,port120,Barranquilla,2,1,0,1612,0,0,0,0,0,0,1612,0,0,0
2024-03-12,port120,Barranquilla,3,0,44732,0,1936,0,1137,41658,0,0,0,0,0,0
2024-03-13,port120,Barranquilla,3,2,0,1712,0,0,0,0,0,0,1712,0,0,0
2024-03-14,port120,Barranquilla,5,1,62794,1032,60466,0,2328,0,0,0,1032,0,0,0
2024-03-15,port120,Barranquilla,6,0,24858,40293,24483,0,374,0,0,33701,0,6592,0,0
2024-03-16,port120,Barranquilla,1,1,4914,0,0,4914,0,0,0,0,0,0,0,0
2024-03-17,port120,Barranquilla,3,1,0,46548,0,0,0,0,0,44099,2448,0,0,0
2024-03-18,port120,Barranquilla,4,0,25624,3004,23917,0,1707,0,0,0,0,1710,1294,0
2024-03-19,port120,Barranquilla,4,1,889,26861,0,270,0,618,0,26861,0,0,0,0
2024-03-20,port120,Barranquilla,5,1,40311,16398,38688,0,0,1622,0,0,664,0,15734,0
2024-03-21,port120,Barranquilla,2,1,974,2956,0,974,0,0,0,0,644,0,2311,0
2024-03-22,port120,Barranquilla,0,0,0,0,0,0,0,0,0,0,0,0,0,0
2024-03-23,port120,Barranquilla,2,1,0,1421,0,0,0,0,0,0,1421,0,0,0
2024-03-24,port120,Barranquilla,2,1,0,11415,0,0,0,0,0,11039,375,0,0,0
2024-03-25,port120,Barranquilla,2,0,26947,11782,26947,0,0,0,0,0,0,0,11782,0
2024-03-26,port120,Barranquilla,2,1,0,11944,0,0,0,0,0,0,1082,10861,0,0
2024-03-27,port120,Barranquilla,0,0,0,0,0,0,0,0,0,0,0,0,0,0
2024-03-28,port120,Barranquilla,2,0,41763,0,41763,0,0,0,0,0,0,0,0,0
2024-03-29,port120,Barranquilla,2,1,974,913,0,974,0,0,0,0,644,0,268,0
2024-03-30,port120,Barranquilla,2,2,258,0,0,258,0,0,0,0,0,0,0,0
2024-03-31,port120,Barranquilla,4,2,27458,4593,25654,1803,0,0,0,0,0,4593,0,0
2024-04-01,port120,Barranquilla,2,0,0,28852,0,0,0,0,0,14270,0,0,14582,0
2024-04-02,port120,Barranquilla,2,2,1604,0,0,1604,0,0,0,0,0,0,0,0
2024-04-03,port120,Barranquilla,3,1,0,45355,0,0,0,0,0,44696,659,0,0,0
2024-04-04,port120,Barranquilla,2,0,41107,0,0,0,0,41107,0,0,0,0,0,0
2024-04-05,port120,Barranquilla,2,0,33101,3749,33101,0,0,0,0,0,0,0,3749,0
2024-04-06,port120,Barranquilla,2,1,0,4970,0,0,0,0,0,0,4970,0,0,0
2024-04-07,port120,Barranquilla,4,0,56752,157,56752,0,0,0,0,0,0,157,0,0
2024-04-08,port120,Barranquilla,3,0,30425,10641,30425,0,0,0,0,0,0,0,10641,0
2024-04-09,port120,Barranquilla,3,1,1707,4808,0,0,1707,0,0,0,3098,1710,0,0
2024-04-10,port120,Barranquilla,2,1,33418,861,32033,1385,0,0,0,0,861,0,0,0
2024-04-11,port120,Barranquilla,1,0,0,16094,0,0,0,0,0,0,0,0,16094,0
2024-04-12,port120,Barranquilla,2,0,13646,5462,11980,0,1665,0,0,5462,0,0,0,0
2024-04-13,port120,Barranquilla,2,1,759,20387,0,759,0,0,0,20387,0,0,0,0
2024-04-14,port120,Barranquilla,4,2,11680,5592,0,141,11539,0,0,0,3252,2340,0,0
2024-04-15,port120,Barranquilla,5,1,44337,38709,42500,1837,0,0,0,35821,0,0,2887,0
2024-04-16,port120,Barranquilla,3,1,4519,26796,0,1072,3446,0,0,26796,0,0,0,0
2024-04-17,port120,Barranquilla,3,2,3262,2180,3262,0,0,0,0,0,2180,0,0,0
2024-04-18,port120,Barranquilla,3,0,35588,12294,35588,0,0,0,0,0,0,8858,3435,0
2024-04-19,port120,Barranquilla,4,0,74762,0,72805,0,0,1956,0,0,0,0,0,0
2024-04-20,port120,Barranquilla,4,1,26877,19527,0,0,0,26877,0,5732,1421,0,12373,0
2024-04-21,port120,Barranquilla,4,1,40249,1885,38826,1423,0,0,0,0,0,0,1885,0
2024-04-22,port120,Barranquilla,4,0,2542,41512,0,0,1707,835,0,39802,0,1710,0,0
2024-04-23,port120,Barranquilla,3,1,24713,1159,24713,0,0,0,0,0,1159,0,0,0
2024-04-24,port120,Barranquilla,4,1,25346,11787,23961,1385,0,0,0,10925,861,0,0,0
2024-04-25,port120,Barranquilla,3,1,2143,14363,0,256,0,1886,0,14363,0,0,0,0
2024-04-26,port120,Barranquilla,4,0,41874,30583,41874,0,0,0,0,30300,0,0,283,0
2024-04-27,port120,Barranquilla,1,0,0,4038,0,0,0,0,0,0,0,0,4038,0
2024-04-28,port120,Barranquilla,2,1,11980,7634,11980,0,0,0,0,5462,2171,0,0,0
2024-04-29,port120,Barranquilla,0,0,0,0,0,0,0,0,0,0,0,0,0,0
2024-04-30,port120,Barranquilla,7,1,74372,17350,59074,0,15298,0,0,0,3319,2340,11690,0
2024-05-01,port120,Barranquilla,2,1,2681,2354,0,974,1707,0,0,0,644,1710,0,0
2024-05-02,port120,Barranquilla,5,0,10400,12507,9826,0,573,0,0,0,0,12507,0,0
2024-05-03,port120,Barranquilla,0,0,0,0,0,0,0,0,0,0,0,0,0,0
2024-05-04,port120,Barranquilla,5,1,4869,31116,0,2155,0,2713,0,29686,0,0,1430,0
2024-05-05,port120,Barranquilla,5,1,50874,41941,50874,0,0,0,0,38125,3816,0,0,0
2024-05-06,port120,Barranquilla,2,0,0,38687,0,0,0,0,0,38687,0,0,0,0
2024-05-07,port120,Barranquilla,4,1,11980,10199,11980,0,0,0,0,5462,1849,0,2887,0
2024-05-08,port120,Barranquilla,5,1,77304,4915,77034,270,0,0,0,0,0,4915,0,0
2024-05-09,port120,Barranquilla,1,0,0,0,0,0,0,0,0,0,0,0,0,0
2024-05-10,port120,Barranquilla,1,0,4606,0,4606,0,0,0,0,0,0,0,0,0
2024-05-11,port120,Barranquilla,5,0,29148,6782,26731,0,2416,0,0,6782,0,0,0,0
2024-05-12,port120,Barranquilla,1,1,0,2498,0,0,0,0,0,0,2498,0,0,0
2024-05-13,port120,Barranquilla,1,0,0,0,0,0,0,0,0,0,0,0,0,0
2024-05-14,port120,Barranquilla,6,1,38787,1652,21270,0,1159,16357,0,0,1652,0,0,0
2024-05-15,port120,Barranquilla,2,1,974,644,0,974,0,0,0,0,644,0,0,0
2024-05-16,port120,Barranquilla,4,1,90827,28240,88530,2297,0,0,0,28240,0,0,0,0
2024-05-17,port120,Barranquilla,3,2,1895,764,0,1895,0,0,0,0,764,0,0,0
2024-05-18,port120,Barranquilla,4,0,2713,4846,0,0,0,2713,0,0,0,0,4846,0
2024-05-19,port120,Barranquilla,1,1,0,2044,0,0,0,0,0,0,2044,0,0,0
2024-05-20,port120,Barranquilla,5,0,35717,12092,32840,0,163,2713,0,10661,0,0,1430,0
2024-05-21,port120,Barranquilla,1,0,630,0,0,0,0,630,0,0,0,0,0,0
2024-05-22,port120,Barranquilla,3,2,12955,6851,11980,974,0,0,0,5462,1388,0,0,0
2024-05-23,port120,Barranquilla,2,0,35268,0,35268,0,0,0,0,0,0,0,0,0
2024-05-24,port120,Barranquilla,1,0,7701,0,0,0,0,7701,0,0,0,0,0,0
2024-05-25,port120,Barranquilla,5,1,12722,40208,2873,0,0,9848,0,27085,2498,0,10624,0
2024-05-26,port120,Barranquilla,2,0,0,24427,0,0,0,0,0,24427,0,0,0,0
2024-05-27,port120,Barranquilla,2,0,0,2107,0,0,0,0,0,0,0,2107,0,0
2024-05-28,port120,Barranquilla,3,2,0,1869,0,0,0,0,0,0,1869,0,0,0
2024-05-29,port120,Barranquilla,0,0,0,0,0,0,0,0,0,0,0,0,0,0
2024-05-30,port120,Barranquilla,2,0,0,0,0,0,0,0,0,0,0,0,0,0
2024-05-31,port120,Barranquilla,1,0,0,360,0,0,0,0,0,0,0,0,360,0
2024-06-01,port120,Barranquilla,2,1,26256,0,25460,796,0,0,0,0,0,0,0,0
2024-06-02,port120,Barranquilla,5,1,38704,9546,38704,0,0,0,0,0,881,8664,0,0
2024-06-03,port120,Barranquilla,2,0,0,29650,0,0,0,0,0,29650,0,0,0,0
2024-06-04,port120,Barranquilla,2,1,2058,0,0,367,1690,0,0,0,0,0,0,0
2024-06-05,port120,Barranquilla,3,1,974,54483,0,974,0,0,0,40090,644,0,13748,0
2024-06-06,port120,Barranquilla,1,0,0,0,0,0,0,0,0,0,0,0,0,0
2024-06-07,port120,Barranquilla,2,0,2273,0,0,0,2273,0,0,0,0,0,0,0
2024-06-08,port120,Barranquilla,2,0,14970,0,12832,0,0,2138,0,0,0,0,0,0
2024-06-09,port120,Barranquilla,2,0,32419,5460,32419,0,0,0,0,0,0,0,5460,0
2024-06-10,port120,Barranquilla,1,0,521,0,521,0,0,0,0,0,0,0,0,0
2024-06-11,port120,Barranquilla,4,0,3126,5573,0,0,1707,1419,0,0,0,5573,0,0
2024-06-12,port120,Barranquilla,7,2,12993,35971,11980,0,742,269,0,32584,2133,1254,0,0
2024-06-13,port120,Barranquilla,4,1,40341,24859,28450,774,0,11116,0,0,0,0,24859,0
2024-06-14,port120,Barranquilla,1,0,22886,0,22886,0,0,0,0,0,0,0,0,0
2024-06-15,port120,Barranquilla,2,0,24138,0,5197,0,0,18940,0,0,0,0,0,0
2024-06-16,port120,Barranquilla,2,1,0,32865,0,0,0,0,0,31441,1423,0,0,0
2024-06-17,port120,Barranquilla,1,0,1694,0,0,0,1694,0,0,0,0,0,0,0
2024-06-18,port120,Barranquilla,8,2,40033,32673,37023,1134,0,1875,0,30532,1088,0,1051,0
2024-06-19,port120,Barranquilla,3,1,33421,1430,30339,368,0,2713,0,0,0,0,1430,0
2024-06-20,port120,Barranquilla,2,0,1665,0,0,0,1665,0,0,0,0,0,0,0
2024-06-21,port120,Barranquilla,0,0,0,0,0,0,0,0,0,0,0,0,0,0
2024-06-22,port120,Barranquilla,4,3,2491,861,0,2491,0,0,0,0,861,0,0,0
2024-06-23,port120,Barranquilla,3,0,38021,1874,38021,0,0,0,0,0,0,0,1874,0
2024-06-24,port120,Barranquilla,4,0,8209,0,8209,0,0,0,0,0,0,0,0,0
2024-06-25,port120,Barranquilla,2,1,30860,538,30860,0,0,0,0,0,538,0,0,0
2024-06-26,port120,Barranquilla,5,2,1501,15862,0,1501,0,0,0,13875,1987,0,0,0
2024-06-27,port120,Barranquilla,2,1,39835,0,39516,318,0,0,0,0,0,0,0,0
2024-06-28,port120,Barranquilla,4,0,34167,0,34167,0,0,0,0,0,0,0,0,0
2024-06-29,port120,Barranquilla,4,1,37262,39145,36288,974,0,0,0,38501,644,0,0,0
2024-06-30,port120,Barranquilla,2,1,27447,644,26472,974,0,0,0,0,644,0,0,0
2024-07-01,port120,Barranquilla,5,0,13203,0,483,0,11372,1347,0,0,0,0,0,0
2024-07-02,port120,Barranquilla,1,0,5191,0,5191,0,0,0,0,0,0,0,0,0
2024-07-03,port120,Barranquilla,5,2,3369,9639,0,656,0,2713,0,8209,0,0,1430,0
2024-07-04,port120,Barranquilla,5,1,73949,3853,72667,1282,0,0,0,3853,0,0,0,0
2024-07-05,port120,Barranquilla,0,0,0,0,0,0,0,0,0,0,0,0,0,0
2024-07-06,port120,Barranquilla,2,2,974,3624,0,974,0,0,0,0,3624,0,0,0
2024-07-07,port120,Barranquilla,2,0,11239,0,11239,0,0,0,0,0,0,0,0,0
2024-07-08,port120,Barranquilla,3,0,13688,7173,11980,0,1707,0,0,5462,0,1710,0,0
2024-07-09,port120,Barranquilla,3,2,2320,644,0,1242,1077,0,0,0,644,0,0,0
2024-07-10,port120,Barranquilla,4,0,31777,24301,30111,0,1665,0,0,19081,0,0,5220,0
2024-07-11,port120,Barranquilla,4,0,40267,1203,40267,0,0,0,0,0,0,165,1037,0
2024-07-12,port120,Barranquilla,4,0,2726,38097,2726,0,0,0,0,33367,0,977,3751,0
2024-07-13,port120,Barranquilla,2,0,0,18656,0,0,0,0,0,18656,0,0,0,0
2024-07-14,port120,Barranquilla,1,0,3323,0,0,0,3323,0,0,0,0,0,0,0
2024-07-15,port120,Barranquilla,3,1,12564,2138,0,0,0,12564,0,0,2138,0,0,0
2024-07-16,port120,Barranquilla,5,1,15787,644,0,974,1232,13580,0,0,644,0,0,0
2024-07-17,port120,Barranquilla,2,1,3632,0,0,1074,2557,0,0,0,0,0,0,0
2024-07-18,port120,Barranquilla,3,0,3984,35752,3984,0,0,0,0,30223,0,5529,0,0
2024-07-19,port120,Barranquilla,2,1,2223,0,0,2223,0,0,0,0,0,0,0,0
2024-07-20,port120,Barranquilla,4,1,42915,16201,39706,495,0,2713,0,14770,0,0,1430,0
2024-07-21,port120,Barranquilla,3,2,2219,0,0,2219,0,0,0,0,0,0,0,0
2024-07-22,port120,Barranquilla,1,0,0,3699,0,0,0,0,0,0,0,0,3699,0
2024-07-23,port120,Barranquilla,7,1,91874,644,88508,974,2391,0,0,0,644,0,0,0
2024-07-24,port120,Barranquilla,2,1,1348,277,0,1348,0,0,0,0,0,0,277,0
2024-07-25,port120,Barranquilla,4,0,79178,10336,79178,0,0,0,0,5462,0,4873,0,0
2024-07-26,port120,Barranquilla,0,0,0,0,0,0,0,0,0,0,0,0,0,0
2024-07-27,port120,Barranquilla,2,0,0,3511,0,0,0,0,0,0,0,0,3511,0
2024-07-28,port120,Barranquilla,3,0,0,46102,0,0,0,0,0,41339,0,0,4762,0
2024-07-29,port120,Barranquilla,1,1,0,1427,0,0,0,0,0,0,1427,0,0,0
2024-07-30,port120,Barranquilla,7,2,4420,72445,0,0,1707,2713,0,67245,1439,1710,2050,0
2024-07-31,port120,Barranquilla,1,0,140,0,0,0,140,0,0,0,0,0,0,0
2024-08-01,port120,Barranquilla,3,0,6339,17063,6339,0,0,0,0,17063,0,0,0,0
2024-08-02,port120,Barranquilla,3,2,3774,2101,0,3774,0,0,0,0,2101,0,0,0
2024-08-03,port120,Barranquilla,2,0,6553,1710,0,0,1707,4846,0,0,0,1710,0,0
2024-08-04,port120,Barranquilla,7,1,17271,73523,11915,0,5355,0,0,68745,1316,0,3461,0
2024-08-05,port120,Barranquilla,3,0,23638,36212,23638,0,0,0,0,36212,0,0,0,0
2024-08-06,port120,Barranquilla,3,0,16609,5078,0,0,0,16609,0,0,0,5078,0,0
2024-08-07,port120,Barranquilla,4,2,9340,2965,0,0,9340,0,0,0,2965,0,0,0
2024-08-08,port120,Barranquilla,2,1,1696,506,0,0,0,1696,0,0,506,0,0,0
2024-08-09,port120,Barranquilla,2,1,38407,0,34286,4121,0,0,0,0,0,0,0,0
2024-08-10,port120,Barranquilla,1,1,0,2498,0,0,0,0,0,0,2498,0,0,0
2024-08-11,port120,Barranquilla,2,0,2141,2643,2141,0,0,0,0,0,0,0,2643,0
2024-08-12,port120,Barranquilla,1,0,22855,0,22855,0,0,0,0,0,0,0,0,0
2024-08-13,port120,Barranquilla,3,1,1707,45766,0,0,1707,0,0,43669,386,1710,0,0
2024-08-14,port120,Barranquilla,3,1,2713,2508,0,0,0,2713,0,0,1077,0,1430,0
2024-08-15,port120,Barranquilla,2,0,28987,0,24781,0,4206,0,0,0,0,0,0,0
2024-08-16,port120,Barranquilla,2,1,8380,0,2382,5998,0,0,0,0,0,0,0,0
2024-08-17,port120,Barranquilla,1,0,28347,0,28347,0,0,0,0,0,0,0,0,0
2024-08-18,port120,Barranquilla,2,1,5297,654,5297,0,0,0,0,0,654,0,0,0
2024-08-19,port120,Barranquilla,3,0,40031,1430,37317,0,0,2713,0,0,0,0,1430,0
2024-08-20,port120,Barranquilla,3,0,11461,267,8044,0,3416,0,0,0,0,267,0,0
2024-08-21,port120,Barranquilla,3,2,3997,644,0,1737,2260,0,0,0,644,0,0,0
2024-08-22,port120,Barranquilla,4,0,78935,27764,76221,0,0,2713,0,0,0,0,27764,0
2024-08-23,port120,Barranquilla,4,2,3688,0,0,2872,815,0,0,0,0,0,0,0
2024-08-24,port120,Barranquilla,2,0,0,44716,0,0,0,0,0,39308,0,5407,0,0
2024-08-25,port120,Barranquilla,3,1,0,10708,0,0,0,0,0,0,709,0,9999,0
2024-08-26,port120,Barranquilla,1,0,1707,1710,0,0,1707,0,0,0,0,1710,0,0
2024-08-27,port120,Barranquilla,3,1,0,17270,0,0,0,0,0,3262,1165,12842,0,0
2024-08-28,port120,Barranquilla,2,1,23938,538,0,0,0,23938,0,0,538,0,0,0
2024-08-29,port120,Barranquilla,1,0,29798,0,29798,0,0,0,0,0,0,0,0,0
2024-08-30,port120,Barranquilla,5,2,15623,6294,11980,3642,0,0,0,5462,0,0,831,0
2024-08-31,port120,Barranquilla,5,1,18389,34257,18389,0,0,0,0,33255,979,22,0,0
2024-09-01,port120,Barranquilla,2,0,10366,0,0,0,9252,1114,0,0,0,0,0,0
2024-09-02,port120,Barranquilla,2,0,25396,5462,25396,0,0,0,0,5462,0,0,0,0
2024-09-03,port120,Barranquilla,3,1,13415,3919,13415,0,0,0,0,0,1070,0,2848,0
2024-09-04,port120,Barranquilla,3,1,0,3695,0,0,0,0,0,0,2995,699,0,0
2024-09-05,port120,Barranquilla,2,1,10803,644,0,974,0,9829,0,0,644,0,0,0
2024-09-06,port120,Barranquilla,4,0,3273,5537,0,0,1929,1343,0,0,0,5537,0,0
2024-09-07,port120,Barranquilla,3,1,1880,10716,0,1880,0,0,0,8594,0,2122,0,0
2024-09-08,port120,Barranquilla,4,1,1707,47682,0,0,1707,0,0,16121,1066,1710,28784,0
2024-09-09,port120,Barranquilla,3,0,1707,1710,0,0,1707,0,0,0,0,1710,0,0
2024-09-10,port120,Barranquilla,3,1,41790,10038,41790,0,0,0,0,0,776,0,9262,0
2024-09-11,port120,Barranquilla,6,1,19120,14282,11980,1335,1707,4097,0,6430,0,7852,0,0
2024-09-12,port120,Barranquilla,3,0,38635,21310,38635,0,0,0,0,0,0,7167,14143,0
2024-09-13,port120,Barranquilla,0,0,0,0,0,0,0,0,0,0,0,0,0,0
2024-09-14,port120,Barranquilla,4,1,71594,4696,68880,0,0,2713,0,0,3266,0,1430,0
2024-09-15,port120,Barranquilla,3,1,2226,816,0,2226,0,0,0,0,0,816,0,0
2024-09-16,port120,Barranquilla,4,0,50582,11966,50582,0,0,0,0,11966,0,0,0,0
2024-09-17,port120,Barranquilla,1,0,2449,0,2449,0,0,0,0,0,0,0,0,0
2024-09-18,port120,Barranquilla,4,1,42766,16078,29391,974,0,12400,0,0,644,0,15434,0
2024-09-19,port120,Barranquilla,0,0,0,0,0,0,0,0,0,0,0,0,0,0
2024-09-20,port120,Barranquilla,3,1,974,644,0,974,0,0,0,0,644,0,0,0
2024-09-21,port120,Barranquilla,2,0,22587,0,20876,0,1711,0,0,0,0,0,0,0
2024-09-22,port120,Barranquilla,1,1,0,1068,0,0,0,0,0,0,1068,0,0,0
2024-09-23,port120,Barranquilla,0,0,0,0,0,0,0,0,0,0,0,0,0,0
2024-09-24,port120,Barranquilla,5,1,6070,2095,0,0,6070,0,0,0,785,1310,0,0
2024-09-25,port120,Barranquilla,0,0,0,0,0,0,0,0,0,0,0,0,0,0
2024-09-26,port120,Barranquilla,1,0,39319,0,39319,0,0,0,0,0,0,0,0,0
2024-09-27,port120,Barranquilla,2,2,3537,0,0,3537,0,0,0,0,0,0,0,0
2024-09-28,port120,Barranquilla,4,1,7887,12602,0,0,7887,0,0,0,1966,10636,0,0
2024-09-29,port120,Barranquilla,2,0,16849,0,16684,0,164,0,0,0,0,0,0,0
2024-09-30,port120,Barranquilla,6,0,58127,51324,56420,0,1707,0,0,45288,0,1710,4325,0
2024-10-01,port120,Barranquilla,2,0,34712,3749,34712,0,0,0,0,0,0,0,3749,0
2024-10-02,port120,Barranquilla,2,0,45693,0,45693,0,0,0,0,0,0,0,0,0
2024-10-03,port120,Barranquilla,2,1,0,1096,0,0,0,0,0,0,1096,0,0,0
2024-10-04,port120,Barranquilla,2,1,0,1310,0,0,0,0,0,553,757,0,0,0
2024-10-05,port120,Barranquilla,3,1,21340,5309,0,2731,0,18609,0,0,0,5309,0,0
2024-10-06,port120,Barranquilla,3,2,24015,0,0,2234,0,21781,0,0,0,0,0,0
2024-10-07,port120,Barranquilla,0,0,0,0,0,0,0,0,0,0,0,0,0,0
2024-10-08,port120,Barranquilla,4,1,0,49760,0,0,0,0,0,27597,3113,4814,14235,0
2024-10-09,port120,Barranquilla,3,0,75003,0,75003,0,0,0,0,0,0,0,0,0
2024-10-10,port120,Barranquilla,2,0,32924,0,32227,0,697,0,0,0,0,0,0,0
2024-10-11,port120,Barranquilla,1,0,2154,0,0,0,0,2154,0,0,0,0,0,0
2024-10-12,port120,Barranquilla,3,2,0,21272,0,0,0,0,0,0,7128,0,14143,0
2024-10-13,port120,Barranquilla,4,0,75413,965,72506,0,0,2906,0,0,0,0,965,0
2024-10-14,port120,Barranquilla,5,0,28884,15229,28558,0,326,0,0,15229,0,0,0,0
2024-10-15,port120,Barranquilla,0,0,0,0,0,0,0,0,0,0,0,0,0,0
2024-10-16,port120,Barranquilla,4,1,29919,15625,11980,0,0,17938,0,14505,1119,0,0,0
2024-10-17,port120,Barranquilla,3,2,33790,1370,33025,765,0,0,0,0,1370,0,0,0
2024-10-18,port120,Barranquilla,3,1,39470,0,37210,2259,0,0,0,0,0,0,0,0
2024-10-19,port120,Barranquilla,1,1,0,1423,0,0,0,0,0,0,1423,0,0,0
2024-10-20,port120,Barranquilla,6,0,66469,8256,61054,0,3414,2000,0,0,0,3420,4835,0
2024-10-21,port120,Barranquilla,3,1,4038,52866,0,4038,0,0,0,36832,0,0,16034,0
2024-10-22,port120,Barranquilla,3,1,3391,386,0,0,231,3160,0,0,386,0,0,0
2024-10-23,port120,Barranquilla,4,1,12466,31053,0,0,12466,0,0,30658,394,0,0,0
2024-10-24,port120,Barranquilla,3,0,6791,11017,0,0,6475,315,0,11017,0,0,0,0
2024-10-25,port120,Barranquilla,2,0,1842,0,0,0,1842,0,0,0,0,0,0,0
2024-10-26,port120,Barranquilla,4,2,3269,37520,0,3269,0,0,0,36658,861,0,0,0
2024-10-27,port120,Barranquilla,3,1,35798,3607,35798,0,0,0,0,0,3607,0,0,0
2024-10-28,port120,Barranquilla,1,0,0,0,0,0,0,0,0,0,0,0,0,0
2024-10-29,port120,Barranquilla,5,1,6404,856,5635,768,0,0,0,0,0,0,856,0
2024-10-30,port120,Barranquilla,7,1,52576,3401,52576,0,0,0,0,0,378,3023,0,0
2024-10-31,port120,Barranquilla,5,1,34513,4267,33128,1385,0,0,0,0,861,3406,0,0
2024-11-01,port120,Barranquilla,5,0,2713,64407,0,0,0,2713,0,62976,0,0,1430,0
2024-11-02,port120,Barranquilla,1,0,0,0,0,0,0,0,0,0,0,0,0,0
2024-11-03,port120,Barranquilla,2,1,0,48743,0,0,0,0,0,0,2496,0,46247,0
2024-11-04,port120,Barranquilla,3,1,39280,630,38897,383,0,0,0,0,0,0,630,0
2024-11-05,port120,Barranquilla,7,1,10328,29356,8620,0,1707,0,0,26475,1170,1710,0,0
2024-11-06,port120,Barranquilla,5,0,7222,38516,7057,0,164,0,0,36631,0,463,1421,0
2024-11-07,port120,Barranquilla,5,1,33872,6278,29912,256,1707,1996,0,0,0,1710,4568,0
2024-11-08,port120,Barranquilla,3,0,35881,0,30757,0,0,5124,0,0,0,0,0,0
2024-11-09,port120,Barranquilla,3,1,5721,30398,0,5721,0,0,0,26076,0,0,4322,0
2024-11-10,port120,Barranquilla,3,1,0,1626,0,0,0,0,0,0,1626,0,0,0
2024-11-11,port120,Barranquilla,1,0,2580,0,0,0,2580,0,0,0,0,0,0,0
2024-11-12,port120,Barranquilla,3,0,2036,0,0,0,2036,0,0,0,0,0,0,0
2024-11-13,port120,Barranquilla,2,0,0,30683,0,0,0,0,0,30683,0,0,0,0
2024-11-14,port120,Barranquilla,4,1,1707,48583,0,0,1707,0,0,46599,274,1710,0,0
2024-11-15,port120,Barranquilla,2,1,0,8268,0,0,0,0,0,0,3036,5232,0,0
2024-11-16,port120,Barranquilla,2,0,17368,11782,17368,0,0,0,0,0,0,0,11782,0
2024-11-17,port120,Barranquilla,2,1,355,0,0,355,0,0,0,0,0,0,0,0
2024-11-18,port120,Barranquilla,4,0,1707,10680,0,0,1707,0,0,0,0,1710,8970,0
2024-11-19,port120,Barranquilla,4,1,385,7222,0,385,0,0,0,7222,0,0,0,0
2024-11-20,port120,Barranquilla,4,0,24425,8591,24425,0,0,0,0,5462,0,3128,0,0
2024-11-21,port120,Barranquilla,4,2,4225,2354,0,2518,1707,0,0,0,644,1710,0,0
2024-11-22,port120,Barranquilla,3,1,6775,0,0,1280,906,4588,0,0,0,0,0,0
2024-11-23,port120,Barranquilla,2,0,41313,0,41313,0,0,0,0,0,0,0,0,0
2024-11-24,port120,Barranquilla,2,1,11505,655,0,0,0,11505,0,0,655,0,0,0
2024-11-25,port120,Barranquilla,3,1,42299,0,37044,5254,0,0,0,0,0,0,0,0
2024-11-26,port120,Barranquilla,1,0,0,0,0,0,0,0,0,0,0,0,0,0
2024-11-27,port120,Barranquilla,3,0,1707,3526,0,0,1707,0,0,0,0,3526,0,0
2024-11-28,port120,Barranquilla,0,0,0,0,0,0,0,0,0,0,0,0,0,0
2024-11-29,port120,Barranquilla,5,1,45688,73027,40508,2991,0,2188,0,73027,0,0,0,0
2024-11-30,port120,Barranquilla,2,0,33061,0,33061,0,0,0,0,0,0,0,0,0
2024-12-01,port120,Barranquilla,1,0,0,0,0,0,0,0,0,0,0,0,0,0
2024-12-02,port120,Barranquilla,2,1,0,1248,0,0,0,0,0,0,1248,0,0,0
2024-12-03,port120,Barranquilla,4,0,18639,0,12323,0,0,6315,0,0,0,0,0,0
2024-12-04,port120,Barranquilla,1,1,0,3505,0,0,0,0,0,0,3505,0,0,0
2024-12-05,port120,Barranquilla,1,0,0,0,0,0,0,0,0,0,0,0,0,0
2024-12-06,port120,Barranquilla,6,1,13603,1157,10337,2188,0,1077,0,0,0,1157,0,0
2024-12-07,port120,Barranquilla,4,2,45192,4129,40629,1849,0,2713,0,0,2698,0,1430,0
2024-12-08,port120,Barranquilla,5,0,42521,10327,41895,0,0,625,0,0,0,10327,0,0
2024-12-09,port120,Barranquilla,5,0,72124,4211,72124,0,0,0,0,0,0,462,3749,0
2024-12-10,port120,Barranquilla,1,0,0,13176,0,0,0,0,0,0,0,0,13176,0
2024-12-11,port120,Barranquilla,4,2,7034,2183,0,406,3272,3354,0,0,272,0,1910,0
2024-12-12,port120,Barranquilla,4,1,41769,0,38746,3023,0,0,0,0,0,0,0,0
2024-12-13,port120,Barranquilla,3,0,54466,0,42844,0,11622,0,0,0,0,0,0,0
2024-12-14,port120,Barranquilla,4,1,0,17982,0,0,0,0,0,0,382,13562,4038,0
2024-12-15,port120,Barranquilla,4,1,44204,30552,33726,516,9961,0,0,30552,0,0,0,0
2024-12-16,port120,Barranquilla,2,0,26801,0,25192,0,0,1608,0,0,0,0,0,0
2024-12-17,port120,Barranquilla,2,1,0,7654,0,0,0,0,0,0,540,7114,0,0
2024-12-18,port120,Barranquilla,3,0,2713,11360,0,0,0,2713,0,0,0,5930,5429,0
2024-12-19,port120,Barranquilla,3,1,1244,2311,0,769,474,0,0,0,0,0,2311,0
2024-12-20,port120,Barranquilla,1,0,13851,0,13851,0,0,0,0,0,0,0,0,0
2024-12-21,port120,Barranquilla,2,2,974,2584,0,974,0,0,0,0,2584,0,0,0
2024-12-22,port120,Barranquilla,2,1,0,24514,0,0,0,0,0,22547,1966,0,0,0
2024-12-23,port120,Barranquilla,2,0,11980,5462,11980,0,0,0,0,5462,0,0,0,0
2024-12-24,port120,Barranquilla,0,0,0,0,0,0,0,0,0,0,0,0,0,0
2024-12-25,port120,Barranquilla,2,1,1095,7264,0,1095,0,0,0,0,0,7264,0,0
2024-12-26,port120,Barranquilla,6,0,56637,31176,40227,0,0,16410,0,0,0,12881,18294,0
2024-12-27,port120,Barranquilla,3,1,11983,1590,11983,0,0,0,0,0,1590,0,0,0
2024-12-28,port120,Barranquilla,3,0,7412,7614,7412,0,0,0,0,0,0,0,7614,0
2024-12-29,port120,Barranquilla,5,2,4814,2609,4814,0,0,0,0,0,2609,0,0,0
2024-12-30,port120,Barranquilla,1,0,45478,0,45478,0,0,0,0,0,0,0,0,0
2024-12-31,port120,Barranquilla,3,0,411,462,0,0,411,0,0,0,0,462,0,0
2025-01-01,port120,Barranquilla,2,1,3119,0,2862,256,0,0,0,0,0,0,0,0
2025-01-02,port120,Barranquilla,3,0,1991,5505,0,0,284,1706,0,0,0,5505,0,0
2025-01-03,port120,Barranquilla,2,0,12305,3415,0,0,0,12305,0,0,0,0,3415,0
2025-01-04,port120,Barranquilla,4,1,24647,744,24647,0,0,0,0,0,744,0,0,0
2025-01-05,port120,Barranquilla,3,1,1136,1883,0,1136,0,0,0,0,0,1078,805,0
2025-01-06,port120,Barranquilla,5,1,8219,20814,6665,1554,0,0,0,1912,0,5930,12971,0
2025-01-07,port120,Barranquilla,5,0,44250,30044,42543,0,1707,0,0,28334,0,1710,0,0
2025-01-08,port120,Barranquilla,4,0,1850,39250,0,0,1850,0,0,32983,0,2231,4035,0
2025-01-09,port120,Barranquilla,2,1,38810,0,35252,3557,0,0,0,0,0,0,0,0
2025-01-10,port120,Barranquilla,3,2,37545,1883,34952,2592,0,0,0,0,1883,0,0,0
2025-01-11,port120,Barranquilla,1,0,0,0,0,0,0,0,0,0,0,0,0,0
2025-01-12,port120,Barranquilla,3,1,6201,0,6201,0,0,0,0,0,0,0,0,0
2025-01-13,port120,Barranquilla,3,1,16863,5462,11980,4882,0,0,0,5462,0,0,0,0
2025-01-14,port120,Barranquilla,6,0,47269,40328,46139,0,1130,0,0,40328,0,0,0,0
2025-01-15,port120,Barranquilla,3,1,36299,2276,35324,974,0,0,0,0,644,1631,0,0
2025-01-16,port120,Barranquilla,4,1,17166,0,8165,1096,0,7904,0,0,0,0,0,0
2025-01-17,port120,Barranquilla,4,0,4390,27505,4390,0,0,0,0,11010,0,0,16495,0
2025-01-18,port120,Barranquilla,2,0,0,33175,0,0,0,0,0,33175,0,0,0,0
2025-01-19,port120,Barranquilla,3,1,24733,3402,22019,0,0,2713,0,0,1972,0,1430,0
2025-01-20,port120,Barranquilla,2,0,3120,2763,0,0,0,3120,0,0,0,0,2763,0
2025-01-21,port120,Barranquilla,1,0,0,0,0,0,0,0,0,0,0,0,0,0
2025-01-22,port120,Barranquilla,4,1,30438,1591,0,974,0,29464,0,0,644,0,946,0
2025-01-23,port120,Barranquilla,3,1,0,42176,0,0,0,0,0,38515,2261,1399,0,0
2025-01-24,port120,Barranquilla,1,0,422,0,0,0,422,0,0,0,0,0,0,0
2025-01-25,port120,Barranquilla,4,1,47283,5832,41847,2722,0,2713,0,0,0,4401,1430,0
2025-01-26,port120,Barranquilla,2,0,40261,0,40261,0,0,0,0,0,0,0,0,0
2025-01-27,port120,Barranquilla,4,1,0,80863,0,0,0,0,0,79879,984,0,0,0
2025-01-28,port120,Barranquilla,1,0,1842,0,0,0,1842,0,0,0,0,0,0,0
2025-01-29,port120,Barranquilla,4,1,765,4913,0,765,0,0,0,0,0,4109,804,0
2025-01-30,port120,Barranquilla,2,0,0,2887,0,0,0,0,0,0,0,0,2887,0
2025-01-31,port120,Barranquilla,1,0,15424,0,15424,0,0,0,0,0,0,0,0,0
2025-02-01,port120,Barranquilla,2,1,44419,1644,44419,0,0,0,0,0,1644,0,0,0
2025-02-02,port120,Barranquilla,4,1,57741,1760,44311,974,0,12455,0,0,644,1116,0,0
2025-02-03,port120,Barranquilla,3,0,39528,5462,39528,0,0,0,0,5462,0,0,0,0
2025-02-04,port120,Barranquilla,0,0,0,0,0,0,0,0,0,0,0,0,0,0
2025-02-05,port120,Barranquilla,2,1,850,936,0,850,0,0,0,0,0,0,936,0
2025-02-06,port120,Barranquilla,3,1,31964,3351,30256,0,1707,0,0,0,1641,1710,0,0
2025-02-07,port120,Barranquilla,1,0,0,0,0,0,0,0,0,0,0,0,0,0
2025-02-08,port120,Barranquilla,1,0,27034,0,27034,0,0,0,0,0,0,0,0,0
2025-02-09,port120,Barranquilla,3,1,64661,644,50002,974,0,13684,0,0,644,0,0,0
2025-02-10,port120,Barranquilla,2,0,0,24941,0,0,0,0,0,24941,0,0,0,0
2025-02-11,port120,Barranquilla,2,0,36898,0,36898,0,0,0,0,0,0,0,0,0
2025-02-12,port120,Barranquilla,2,0,33063,25082,33063,0,0,0,0,0,0,0,25082,0
2025-02-13,port120,Barranquilla,3,1,33055,2001,33055,0,0,0,0,0,2001,0,0,0
2025-02-14,port120,Barranquilla,1,1,6839,0,0,6839,0,0,0,0,0,0,0,0
2025-02-15,port120,Barranquilla,3,2,1781,902,0,974,0,806,0,0,902,0,0,0
2025-02-16,port120,Barranquilla,0,0,0,0,0,0,0,0,0,0,0,0,0,0
2025-02-17,port120,Barranquilla,5,1,43846,5693,43189,656,0,0,0,0,0,2231,3461,0
2025-02-18,port120,Barranquilla,3,0,68905,0,68905,0,0,0,0,0,0,0,0,0
2025-02-19,port120,Barranquilla,2,0,5427,2861,0,0,0,5427,0,0,0,0,2861,0
2025-02-20,port120,Barranquilla,4,1,37976,38497,37464,511,0,0,0,38497,0,0,0,0
2025-02-21,port120,Barranquilla,2,1,5640,0,5261,379,0,0,0,0,0,0,0,0
2025-02-22,port120,Barranquilla,5,1,34139,30175,0,0,0,34139,0,28363,381,0,1430,0
2025-02-23,port120,Barranquilla,4,1,1578,12580,821,0,0,757,0,0,3535,9045,0,0
2025-02-24,port120,Barranquilla,2,0,2642,1710,0,0,2642,0,0,0,0,1710,0,0
2025-02-25,port120,Barranquilla,4,0,47491,5767,43744,0,3747,0,0,0,0,0,5767,0
2025-02-26,port120,Barranquilla,3,1,34350,4179,34350,0,0,0,0,0,388,3791,0,0
2025-02-27,port120,Barranquilla,1,1,1083,0,0,1083,0,0,0,0,0,0,0,0
2025-02-28,port120,Barranquilla,4,1,3203,2084,0,0,1707,1496,0,0,374,1710,0,0
2025-03-01,port120,Barranquilla,1,1,1881,0,0,1881,0,0,0,0,0,0,0,0
2025-03-02,port120,Barranquilla,2,0,40861,31912,40861,0,0,0,0,0,0,0,31912,0
2025-03-03,port120,Barranquilla,4,0,0,41722,0,0,0,0,0,40056,0,1665,0,0
2025-03-04,port120,Barranquilla,2,0,0,41688,0,0,0,0,0,39089,0,0,2599,0
2025-03-05,port120,Barranquilla,5,1,40265,4166,25600,508,1831,12324,0,0,0,0,4166,0
2025-03-06,port120,Barranquilla,2,1,1551,644,576,974,0,0,0,0,644,0,0,0
2025-03-07,port120,Barranquilla,3,1,15669,7538,11980,974,0,2713,0,5462,644,0,1430,0
2025-03-08,port120,Barranquilla,2,1,1632,2162,0,0,1632,0,0,0,2162,0,0,0
2025-03-09,port120,Barranquilla,1,1,0,2636,0,0,0,0,0,0,2636,0,0,0
2025-03-10,port120,Barranquilla,4,0,34214,8366,34214,0,0,0,0,0,0,8366,0,0
2025-03-11,port120,Barranquilla,0,0,0,0,0,0,0,0,0,0,0,0,0,0
2025-03-12,port120,Barranquilla,5,2,13365,8227,11980,1385,0,0,0,5462,1648,1116,0,0
2025-03-13,port120,Barranquilla,3,1,40062,1430,36579,769,0,2713,0,0,0,0,1430,0
2025-03-14,port120,Barranquilla,2,1,1120,6710,0,1120,0,0,0,6710,0,0,0,0
2025-03-15,port120,Barranquilla,2,1,1978,861,0,1385,592,0,0,0,861,0,0,0
2025-03-16,port120,Barranquilla,2,0,36433,0,36433,0,0,0,0,0,0,0,0,0
2025-03-17,port120,Barranquilla,3,1,10745,16233,8025,2720,0,0,0,0,0,0,16233,0
2025-03-18,port120,Barranquilla,1,0,0,164,0,0,0,0,0,0,0,164,0,0
2025-03-19,port120,Barranquilla,3,2,30478,1876,30478,0,0,0,0,0,1876,0,0,0
2025-03-20,port120,Barranquilla,4,1,44463,0,42016,2446,0,0,0,0,0,0,0,0
2025-03-21,port120,Barranquilla,3,1,15285,0,10438,4846,0,0,0,0,0,0,0,0
2025-03-22,port120,Barranquilla,3,0,0,15742,0,0,0,0,0,0,0,0,15742,0
2025-03-23,port120,Barranquilla,3,1,32673,1354,32673,0,0,0,0,0,1354,0,0,0
2025-03-24,port120,Barranquilla,4,0,38071,32369,37599,0,471,0,0,32234,0,135,0,0
2025-03-25,port120,Barranquilla,4,0,4659,6603,0,0,1707,2952,0,0,0,6603,0,0
2025-03-26,port120,Barranquilla,3,0,17737,5085,14382,0,0,3354,0,0,0,0,5085,0
2025-03-27,port120,Barranquilla,3,2,17905,0,14884,3020,0,0,0,0,0,0,0,0
2025-03-28,port120,Barranquilla,4,2,26177,0,0,4393,0,21784,0,0,0,0,0,0
2025-03-29,port120,Barranquilla,5,1,17682,4113,7436,0,10245,0,0,0,1966,0,2146,0
2025-03-30,port120,Barranquilla,1,0,0,4618,0,0,0,0,0,0,0,4618,0,0
2025-03-31,port120,Barranquilla,3,0,30489,0,30489,0,0,0,0,0,0,0,0,0
2025-04-01,port120,Barranquilla,1,0,0,0,0,0,0,0,0,0,0,0,0,0
2025-04-02,port120,Barranquilla,4,1,39217,3735,39217,0,0,0,0,0,2619,1116,0,0
2025-04-03,port120,Barranquilla,1,0,33566,0,33566,0,0,0,0,0,0,0,0,0
2025-04-04,port120,Barranquilla,5,1,20713,644,0,974,327,19411,0,0,644,0,0,0
2025-04-05,port120,Barranquilla,3,0,58514,46989,58514,0,0,0,0,46989,0,0,0,0
2025-04-06,port120,Barranquilla,1,1,0,540,0,0,0,0,0,0,540,0,0,0
2025-04-07,port120,Barranquilla,5,0,54576,0,54412,0,163,0,0,0,0,0,0,0
2025-04-08,port120,Barranquilla,3,1,698,8165,0,0,698,0,0,0,3794,4371,0,0
2025-04-09,port120,Barranquilla,3,1,3105,0,0,3105,0,0,0,0,0,0,0,0
2025-04-10,port120,Barranquilla,4,1,71130,4777,71130,0,0,0,0,0,1361,0,3415,0
2025-04-11,port120,Barranquilla,4,1,1508,266,0,1508,0,0,0,0,0,266,0,0
2025-04-12,port120,Barranquilla,1,0,7524,0,7524,0,0,0,0,0,0,0,0,0
2025-04-13,port120,Barranquilla,2,0,537,3751,0,0,0,537,0,0,0,0,3751,0
2025-04-14,port120,Barranquilla,1,0,11980,5462,11980,0,0,0,0,5462,0,0,0,0
2025-04-15,port120,Barranquilla,0,0,0,0,0,0,0,0,0,0,0,0,0,0
2025-04-16,port120,Barranquilla,5,1,36710,14424,36334,376,0,0,0,14424,0,0,0,0
2025-04-17,port120,Barranquilla,3,1,12516,33812,11980,536,0,0,0,33812,0,0,0,0
2025-04-18,port120,Barranquilla,3,1,5649,0,0,5235,413,0,0,0,0,0,0,0
2025-04-19,port120,Barranquilla,0,0,0,0,0,0,0,0,0,0,0,0,0,0
2025-04-20,port120,Barranquilla,7,1,52006,2001,50396,0,0,1610,0,0,2001,0,0,0
2025-04-21,port120,Barranquilla,2,0,15492,5462,11980,0,0,3511,0,5462,0,0,0,0
2025-04-22,port120,Barranquilla,4,0,12161,38471,10453,0,1707,0,0,29425,0,9046,0,0
2025-04-23,port120,Barranquilla,2,1,26825,0,24499,2325,0,0,0,0,0,0,0,0
2025-04-24,port120,Barranquilla,2,0,46027,0,46027,0,0,0,0,0,0,0,0,0
2025-04-25,port120,Barranquilla,4,0,504,10945,0,0,504,0,0,0,0,8066,2878,0
2025-04-26,port120,Barranquilla,6,2,44581,2180,38411,6005,164,0,0,0,2180,0,0,0
2025-04-27,port120,Barranquilla,4,1,7786,11646,3591,4195,0,0,0,11646,0,0,0,0
2025-04-28,port120,Barranquilla,3,1,13846,6911,11980,1865,0,0,0,5462,0,0,1449,0
2025-04-29,port120,Barranquilla,3,0,44877,0,40425,0,4451,0,0,0,0,0,0,0
2025-04-30,port120,Barranquilla,3,1,5317,743,0,0,0,5317,0,0,743,0,0,0
2025-05-01,port120,Barranquilla,5,2,6531,1152,4841,974,0,715,0,0,1152,0,0,0
2025-05-02,port120,Barranquilla,4,1,80200,36036,38093,1496,0,40610,0,36036,0,0,0,0
2025-05-03,port120,Barranquilla,1,0,34237,0,34237,0,0,0,0,0,0,0,0,0
2025-05-04,port120,Barranquilla,2,1,378,2440,0,0,378,0,0,0,2440,0,0,0
2025-05-05,port120,Barranquilla,2,0,0,28328,0,0,0,0,0,24866,0,0,3461,0
2025-05-06,port120,Barranquilla,2,1,974,8293,0,974,0,0,0,0,644,7648,0,0
2025-05-07,port120,Barranquilla,5,2,75420,5034,41736,1949,0,31734,0,0,1289,3744,0,0
2025-05-08,port120,Barranquilla,5,0,73387,5462,32977,0,1842,38567,0,5462,0,0,0,0
2025-05-09,port120,Barranquilla,2,1,12356,5462,11980,375,0,0,0,5462,0,0,0,0
2025-05-10,port120,Barranquilla,5,1,39807,44586,38833,974,0,0,0,40525,644,0,3415,0
2025-05-11,port120,Barranquilla,1,0,0,38554,0,0,0,0,0,38554,0,0,0,0
2025-05-12,port120,Barranquilla,1,0,3562,0,3562,0,0,0,0,0,0,0,0,0
2025-05-13,port120,Barranquilla,2,1,974,6663,0,974,0,0,0,0,644,6018,0,0
2025-05-14,port120,Barranquilla,1,1,1114,0,0,1114,0,0,0,0,0,0,0,0
2025-05-15,port120,Barranquilla,1,0,37118,0,37118,0,0,0,0,0,0,0,0,0
2025-05-16,port120,Barranquilla,5,2,4394,19889,0,4394,0,0,0,0,0,3156,16733,0
2025-05-17,port120,Barranquilla,1,0,0,0,0,0,0,0,0,0,0,0,0,0
2025-05-18,port120,Barranquilla,0,0,0,0,0,0,0,0,0,0,0,0,0,0
2025-05-19,port120,Barranquilla,2,0,477,16167,0,0,477,0,0,0,0,0,16167,0
2025-05-20,port120,Barranquilla,5,1,28235,29363,26454,974,0,806,0,28718,644,0,0,0
2025-05-21,port120,Barranquilla,3,0,19434,0,18145,0,1288,0,0,0,0,0,0,0
2025-05-22,port120,Barranquilla,2,1,12706,1171,12706,0,0,0,0,0,1171,0,0,0
2025-05-23,port120,Barranquilla,3,2,7262,0,0,7262,0,0,0,0,0,0,0,0
2025-05-24,port120,Barranquilla,2,0,11980,7774,11980,0,0,0,0,5462,0,0,2311,0
2025-05-25,port120,Barranquilla,1,0,35295,0,35295,0,0,0,0,0,0,0,0,0
2025-05-26,port120,Barranquilla,3,0,1871,1710,0,0,1871,0,0,0,0,1710,0,0
2025-05-27,port120,Barranquilla,4,2,36176,1738,35201,974,0,0,0,0,1738,0,0,0
2025-05-28,port120,Barranquilla,5,2,85607,6783,83658,1949,0,0,0,0,1289,0,5494,0
2025-05-29,port120,Barranquilla,0,0,0,0,0,0,0,0,0,0,0,0,0,0
2025-05-30,port120,Barranquilla,3,1,14919,0,0,5633,0,9286,0,0,0,0,0,0
2025-05-31,port120,Barranquilla,0,0,0,0,0,0,0,0,0,0,0,0,0,0
2025-06-01,port120,Barranquilla,3,1,12139,250,0,0,322,11816,0,0,250,0,0,0
2025-06-02,port120,Barranquilla,2,0,34751,0,34751,0,0,0,0,0,0,0,0,0
2025-06-03,port120,Barranquilla,5,1,31721,6859,25385,364,5972,0,0,0,0,6859,0,0
2025-06-04,port120,Barranquilla,2,1,2489,2718,0,0,0,2489,0,0,2718,0,0,0
2025-06-05,port120,Barranquilla,4,0,38112,1710,0,0,1707,36405,0,0,0,1710,0,0
2025-06-06,port120,Barranquilla,4,1,25716,39901,13241,4509,7965,0,0,39901,0,0,0,0
2025-06-07,port120,Barranquilla,1,0,8589,0,0,0,8589,0,0,0,0,0,0,0
2025-06-08,port120,Barranquilla,1,1,0,818,0,0,0,0,0,0,818,0,0,0
2025-06-09,port120,Barranquilla,2,0,471,0,0,0,471,0,0,0,0,0,0,0
2025-06-10,port120,Barranquilla,3,2,2223,1100,0,2223,0,0,0,0,1100,0,0,0
2025-06-11,port120,Barranquilla,5,1,23527,33942,22027,1499,0,0,0,21682,0,8510,3749,0
2025-06-12,port120,Barranquilla,2,0,1707,1710,0,0,1707,0,0,0,0,1710,0,0
2025-06-13,port120,Barranquilla,5,1,60055,0,42329,4111,0,13614,0,0,0,0,0,0
2025-06-14,port120,Barranquilla,1,0,0,2848,0,0,0,0,0,0,0,0,2848,0
2025-06-15,port120,Barranquilla,4,1,31014,37725,31014,0,0,0,0,36414,1311,0,0,0
2025-06-16,port120,Barranquilla,2,1,0,8760,0,0,0,0,0,4800,3959,0,0,0
2025-06-17,port120,Barranquilla,2,1,974,40091,0,974,0,0,0,39446,644,0,0,0
2025-06-18,port120,Barranquilla,2,1,0,6005,0,0,0,0,0,0,774,0,5231,0
2025-06-19,port120,Barranquilla,3,1,45275,644,44300,974,0,0,0,0,644,0,0,0
2025-06-20,port120,Barranquilla,4,1,127424,0,126296,1128,0,0,0,0,0,0,0,0
2025-06-21,port120,Barranquilla,3,0,11251,1623,0,0,0,11251,0,0,0,1623,0,0
2025-06-22,port120,Barranquilla,3,0,0,10430,0,0,0,0,0,0,0,2946,7483,0
2025-06-23,port120,Barranquilla,1,0,19232,0,0,0,0,19232,0,0,0,0,0,0
2025-06-24,port120,Barranquilla,4,2,2073,6534,0,365,1707,0,0,0,502,1710,4322,0
2025-06-25,port120,Barranquilla,5,1,73871,0,64605,1493,0,7771,0,0,0,0,0,0
2025-06-26,port120,Barranquilla,0,0,0,0,0,0,0,0,0,0,0,0,0,0
2025-06-27,port120,Barranquilla,4,1,4323,44128,0,2616,1707,0,0,42418,0,1710,0,0
2025-06-28,port120,Barranquilla,2,0,59349,0,39750,0,0,19598,0,0,0,0,0,0
2025-06-29,port120,Barranquilla,3,0,0,1153,0,0,0,0,0,1153,0,0,0,0
2025-06-30,port120,Barranquilla,1,1,1495,0,0,1495,0,0,0,0,0,0,0,0
2025-07-01,port120,Barranquilla,1,1,727,0,0,727,0,0,0,0,0,0,0,0
2025-07-02,port120,Barranquilla,3,1,0,35422,0,0,0,0,0,28629,4313,2479,0,0
2025-07-03,port120,Barranquilla,3,0,0,69927,0,0,0,0,0,69927,0,0,0,0
2025-07-04,port120,Barranquilla,3,2,3409,0,0,1675,1734,0,0,0,0,0,0,0
2025-07-05,port120,Barranquilla,5,0,22194,534,19859,0,1578,756,0,0,0,0,534,0
2025-07-06,port120,Barranquilla,2,0,28772,1430,26059,0,0,2713,0,0,0,0,1430,0
2025-07-07,port120,Barranquilla,1,0,27102,0,27102,0,0,0,0,0,0,0,0,0
2025-07-08,port120,Barranquilla,3,2,974,31037,0,974,0,0,0,29668,1369,0,0,0
2025-07-09,port120,Barranquilla,3,1,35869,4047,35869,0,0,0,0,0,1855,0,2191,0
2025-07-10,port120,Barranquilla,3,1,256,33045,0,256,0,0,0,28306,0,4739,0,0
2025-07-11,port120,Barranquilla,4,1,93711,0,86232,7478,0,0,0,0,0,0,0,0
2025-07-12,port120,Barranquilla,2,0,1707,1710,0,0,1707,0,0,0,0,1710,0,0
2025-07-13,port120,Barranquilla,2,0,13240,1051,11364,0,0,1875,0,0,0,0,1051,0
2025-07-14,port120,Barranquilla,2,1,501,12048,0,501,0,0,0,0,0,0,12048,0
2025-07-15,port120,Barranquilla,6,2,25924,11275,22267,1949,1707,0,0,0,1289,6524,3461,0
2025-07-16,port120,Barranquilla,4,1,8552,0,7352,1056,143,0,0,0,0,0,0,0
2025-07-17,port120,Barranquilla,0,0,0,0,0,0,0,0,0,0,0,0,0,0
2025-07-18,port120,Barranquilla,4,1,48163,0,41511,4504,0,2147,0,0,0,0,0,0
2025-07-19,port120,Barranquilla,1,0,0,30938,0,0,0,0,0,0,0,0,30938,0
2025-07-20,port120,Barranquilla,2,0,18052,3415,18052,0,0,0,0,0,0,0,3415,0
2025-07-21,port120,Barranquilla,2,1,0,1451,0,0,0,0,0,0,1451,0,0,0
2025-07-22,port120,Barranquilla,0,0,0,0,0,0,0,0,0,0,0,0,0,0
2025-07-23,port120,Barranquilla,6,2,42904,251,38766,1114,424,2598,0,0,251,0,0,0
2025-07-24,port120,Barranquilla,5,0,96264,5462,96264,0,0,0,0,5462,0,0,0,0
2025-07-25,port120,Barranquilla,3,1,16479,9729,11980,4498,0,0,0,5462,0,4266,0,0
2025-07-26,port120,Barranquilla,2,1,0,4595,0,0,0,0,0,0,4057,0,537,0
2025-07-27,port120,Barranquilla,1,0,17190,0,0,0,0,17190,0,0,0,0,0,0
2025-07-28,port120,Barranquilla,5,2,249,22366,0,249,0,0,0,19580,1092,1693,0,0
2025-07-29,port120,Barranquilla,5,0,59463,5619,59463,0,0,0,0,5462,0,156,0,0
2025-07-30,port120,Barranquilla,6,1,72011,24727,68122,388,3500,0,0,24727,0,0,0,0
2025-07-31,port120,Barranquilla,3,1,0,29834,0,0,0,0,0,25888,771,0,3174,0
2025-08-01,port120,Barranquilla,3,1,5427,3615,0,0,0,5427,0,0,754,0,2861,0
2025-08-02,port120,Barranquilla,2,0,1707,1710,0,0,1707,0,0,0,0,1710,0,0
2025-08-03,port120,Barranquilla,3,0,10169,5101,10169,0,0,0,0,0,0,5101,0,0
2025-08-04,port120,Barranquilla,3,0,27318,7721,26654,0,0,663,0,0,0,0,7721,0
2025-08-05,port120,Barranquilla,5,2,38242,0,36896,1346,0,0,0,0,0,0,0,0
2025-08-06,port120,Barranquilla,3,1,53227,744,53227,0,0,0,0,0,744,0,0,0
2025-08-07,port120,Barranquilla,3,1,0,5145,0,0,0,0,0,0,1357,3787,0,0
2025-08-08,port120,Barranquilla,2,1,41512,0,38495,3016,0,0,0,0,0,0,0,0
2025-08-09,port120,Barranquilla,2,0,0,51819,0,0,0,0,0,51819,0,0,0,0
2025-08-10,port120,Barranquilla,1,0,0,30796,0,0,0,0,0,30796,0,0,0,0
2025-08-11,port120,Barranquilla,4,1,46731,325,46481,250,0,0,0,0,0,325,0,0
2025-08-12,port120,Barranquilla,1,0,2713,1430,0,0,0,2713,0,0,0,0,1430,0
2025-08-13,port120,Barranquilla,1,1,0,1939,0,0,0,0,0,0,1939,0,0,0
2025-08-14,port120,Barranquilla,3,2,0,4924,0,0,0,0,0,0,1721,3202,0,0
2025-08-15,port120,Barranquilla,6,2,16407,1710,0,6334,1707,8365,0,0,0,1710,0,0
2025-08-16,port120,Barranquilla,2,0,2136,0,0,0,2136,0,0,0,0,0,0,0
2025-08-17,port120,Barranquilla,2,0,11737,0,0,0,0,11737,0,0,0,0,0,0
2025-08-18,port120,Barranquilla,3,0,7737,3174,7737,0,0,0,0,0,0,0,3174,0
2025-08-19,port120,Barranquilla,5,1,13036,2593,10224,0,2085,726,0,0,362,2231,0,0
2025-08-20,port120,Barranquilla,4,2,37276,644,35799,1476,0,0,0,0,644,0,0,0
2025-08-21,port120,Barranquilla,5,1,54423,2709,34793,506,0,19123,0,1449,0,1260,0,0
2025-08-22,port120,Barranquilla,2,2,4887,11097,0,4887,0,0,0,0,11097,0,0,0
2025-08-23,port120,Barranquilla,0,0,0,0,0,0,0,0,0,0,0,0,0,0
2025-08-24,port120,Barranquilla,3,1,31320,28344,31320,0,0,0,0,27255,1088,0,0,0
2025-08-25,port120,Barranquilla,5,1,80857,5745,76200,0,4656,0,0,0,250,0,5494,0
2025-08-26,port120,Barranquilla,2,1,0,36375,0,0,0,0,0,36375,0,0,0,0
2025-08-27,port120,Barranquilla,2,1,0,2106,0,0,0,0,0,0,1160,0,946,0
2025-08-28,port120,Barranquilla,6,1,111822,0,110161,1086,0,574,0,0,0,0,0,0
2025-08-29,port120,Barranquilla,2,1,14441,0,0,374,0,14066,0,0,0,0,0,0
2025-08-30,port120,Barranquilla,1,0,0,2584,0,0,0,0,0,0,0,2584,0,0
2025-08-31,port120,Barranquilla,1,0,0,5954,0,0,0,0,0,0,0,5954,0,0
2025-09-01,port120,Barranquilla,2,0,2713,23851,0,0,0,2713,0,22421,0,0,1430,0
2025-09-02,port120,Barranquilla,7,2,71128,3882,71128,0,0,0,0,0,3749,133,0,0
2025-09-03,port120,Barranquilla,3,0,0,31196,0,0,0,0,0,27552,0,469,3174,0
2025-09-04,port120,Barranquilla,4,2,15681,14085,13166,2515,0,0,0,14085,0,0,0,0
2025-09-05,port120,Barranquilla,1,1,749,0,0,749,0,0,0,0,0,0,0,0
2025-09-06,port120,Barranquilla,0,0,0,0,0,0,0,0,0,0,0,0,0,0
2025-09-07,port120,Barranquilla,3,1,85082,539,85082,0,0,0,0,0,539,0,0,0
2025-09-08,port120,Barranquilla,3,1,0,12324,0,0,0,0,0,0,1503,0,10821,0
2025-09-09,port120,Barranquilla,2,1,0,5968,0,0,0,0,0,0,3323,2644,0,0
2025-09-10,port120,Barranquilla,4,1,23518,5744,20804,0,0,2713,0,0,4313,0,1430,0
2025-09-11,port120,Barranquilla,3,1,6649,0,0,1521,5127,0,0,0,0,0,0,0
2025-09-12,port120,Barranquilla,3,1,1496,483,0,1496,0,0,0,483,0,0,0,0
2025-09-13,port120,Barranquilla,2,1,7933,1430,0,5219,0,2713,0,0,0,0,1430,0
2025-09-14,port120,Barranquilla,2,1,0,251,0,0,0,0,0,0,251,0,0,0
2025-09-15,port120,Barranquilla,7,0,78245,50955,78217,0,0,28,0,49855,0,1100,0,0
2025-09-16,port120,Barranquilla,1,1,3323,0,0,3323,0,0,0,0,0,0,0,0
2025-09-17,port120,Barranquilla,3,1,8680,1430,0,1493,4472,2713,0,0,0,0,1430,0
2025-09-18,port120,Barranquilla,4,1,2888,555,2888,0,0,0,0,0,270,0,284,0
2025-09-19,port120,Barranquilla,2,1,3721,0,0,3721,0,0,0,0,0,0,0,0
2025-09-20,port120,Barranquilla,4,0,39553,11494,4586,0,3883,31083,0,0,0,0,11494,0
2025-09-21,port120,Barranquilla,3,0,30687,0,30687,0,0,0,0,0,0,0,0,0
2025-09-22,port120,Barranquilla,5,3,829,5229,0,829,0,0,0,0,2054,0,3174,0
2025-09-23,port120,Barranquilla,3,2,39091,644,38116,974,0,0,0,0,644,0,0,0
2025-09-24,port120,Barranquilla,2,0,69186,0,32694,0,0,36492,0,0,0,0,0,0
2025-09-25,port120,Barranquilla,2,0,48861,0,48861,0,0,0,0,0,0,0,0,0
2025-09-26,port120,Barranquilla,3,1,1812,0,0,1128,0,684,0,0,0,0,0,0
2025-09-27,port120,Barranquilla,1,0,0,0,0,0,0,0,0,0,0,0,0,0
2025-09-28,port120,Barranquilla,2,0,33819,3218,33819,0,0,0,0,0,0,0,3218,0
2025-09-29,port120,Barranquilla,3,2,10642,753,0,6355,4287,0,0,0,753,0,0,0
2025-09-30,port120,Barranquilla,4,1,10637,12067,10276,360,0,0,0,0,0,0,12067,0
2025-10-01,port120,Barranquilla,2,1,13826,0,11955,1871,0,0,0,0,0,0,0,0
2025-10-02,port120,Barranquilla,3,1,974,13100,0,974,0,0,0,8253,644,4201,0,0
2025-10-03,port120,Barranquilla,5,1,27485,10194,27485,0,0,0,0,0,371,5978,3843,0
2025-10-04,port120,Barranquilla,4,0,6815,6186,0,0,4101,2713,0,0,0,4756,1430,0
2025-10-05,port120,Barranquilla,2,1,0,1628,0,0,0,0,0,0,1628,0,0,0
2025-10-06,port120,Barranquilla,2,1,0,41289,0,0,0,0,0,41038,250,0,0,0
2025-10-07,port120,Barranquilla,2,1,4768,389,0,4768,0,0,0,0,0,0,389,0
2025-10-08,port120,Barranquilla,4,1,18100,3667,16552,974,0,573,0,0,644,0,3023,0
2025-10-09,port120,Barranquilla,4,1,52633,0,50096,508,2029,0,0,0,0,0,0,0
2025-10-10,port120,Barranquilla,2,1,0,2211,0,0,0,0,0,0,749,1461,0,0
2025-10-11,port120,Barranquilla,3,0,30393,38411,30393,0,0,0,0,36180,0,2231,0,0
2025-10-12,port120,Barranquilla,4,1,5566,1168,0,974,4591,0,0,0,644,523,0,0
2025-10-13,port120,Barranquilla,1,0,0,3461,0,0,0,0,0,0,0,0,3461,0
2025-10-14,port120,Barranquilla,3,1,5191,2246,0,0,0,5191,0,0,2246,0,0,0
2025-10-15,port120,Barranquilla,3,1,35634,938,34885,749,0,0,0,0,0,938,0,0
2025-10-16,port120,Barranquilla,4,1,40132,0,36348,1900,1103,780,0,0,0,0,0,0
2025-10-17,port120,Barranquilla,2,1,3360,0,0,3360,0,0,0,0,0,0,0,0
2025-10-18,port120,Barranquilla,3,0,81853,12995,81853,0,0,0,0,0,0,0,12995,0
2025-10-19,port120,Barranquilla,5,2,2209,17469,0,502,1707,0,0,0,3255,14213,0,0
2025-10-20,port120,Barranquilla,0,0,0,0,0,0,0,0,0,0,0,0,0,0
2025-10-21,port120,Barranquilla,2,1,2158,26091,0,2158,0,0,0,26091,0,0,0,0
2025-10-22,port120,Barranquilla,3,2,8160,3320,7388,771,0,0,0,0,3320,0,0,0
2025-10-23,port120,Barranquilla,3,1,0,987,0,0,0,0,0,0,987,0,0,0
2025-10-24,port120,Barranquilla,4,1,39967,0,35460,2259,0,2247,0,0,0,0,0,0
2025-10-25,port120,Barranquilla,3,0,38434,2122,38434,0,0,0,0,0,0,2122,0,0
2025-10-26,port120,Barranquilla,3,0,10355,6267,0,0,1707,8648,0,0,0,6267,0,0
2025-10-27,port120,Barranquilla,5,1,68793,37809,68793,0,0,0,0,36806,1003,0,0,0
2025-10-28,port120,Barranquilla,4,2,48274,2181,41919,6355,0,0,0,0,2181,0,0,0
2025-10-29,port120,Barranquilla,5,1,40172,0,37421,1860,0,889,0,0,0,0,0,0
2025-10-30,port120,Barranquilla,3,1,3731,0,0,1787,52,1890,0,0,0,0,0,0
2025-10-31,port120,Barranquilla,2,1,2244,3461,0,2244,0,0,0,0,0,0,3461,0
2025-11-01,port120,Barranquilla,2,0,75957,0,75957,0,0,0,0,0,0,0,0,0
2025-11-02,port120,Barranquilla,4,2,269,35212,0,269,0,0,0,30782,1253,0,3176,0
2025-11-03,port120,Barranquilla,4,0,37336,12731,31917,0,5418,0,0,0,0,12731,0,0
2025-11-04,port120,Barranquilla,3,1,12054,1456,0,0,559,11494,0,0,1456,0,0,0
2025-11-05,port120,Barranquilla,3,1,2328,1483,0,2328,0,0,0,0,0,1483,0,0
2025-11-06,port120,Barranquilla,1,0,0,31892,0,0,0,0,0,31892,0,0,0,0
2025-11-07,port120,Barranquilla,2,1,11112,0,10358,754,0,0,0,0,0,0,0,0
2025-11-08,port120,Barranquilla,1,0,40537,0,40537,0,0,0,0,0,0,0,0,0
2025-11-09,port120,Barranquilla,0,0,0,0,0,0,0,0,0,0,0,0,0,0
2025-11-10,port120,Barranquilla,5,1,0,6823,0,0,0,0,0,5353,502,967,0,0
2025-11-11,port120,Barranquilla,5,1,42243,0,41213,724,0,306,0,0,0,0,0,0
2025-11-12,port120,Barranquilla,2,1,3087,1430,0,373,0,2713,0,0,0,0,1430,0
2025-11-13,port120,Barranquilla,1,1,1368,0,0,1368,0,0,0,0,0,0,0,0
2025-11-14,port120,Barranquilla,3,1,1502,1698,0,1502,0,0,0,0,0,0,1698,0
2025-11-15,port120,Barranquilla,4,0,50519,0,31411,0,2697,16410,0,0,0,0,0,0
2025-11-16,port120,Barranquilla,5,1,65394,748,27398,0,0,37995,0,0,748,0,0,0
2025-11-17,port120,Barranquilla,5,1,40644,1710,37941,361,2340,0,0,0,0,1710,0,0
2025-11-18,port120,Barranquilla,3,1,37884,2136,33602,0,0,4281,0,0,2136,0,0,0
2025-11-19,port120,Barranquilla,5,1,43578,4846,36972,3892,0,2713,0,0,0,0,4846,0
2025-11-20,port120,Barranquilla,3,1,3046,9236,0,3046,0,0,0,0,0,7185,2051,0
2025-11-21,port120,Barranquilla,1,0,26643,0,0,0,0,26643,0,0,0,0,0,0
2025-11-22,port120,Barranquilla,1,0,5794,0,0,0,0,5794,0,0,0,0,0,0
2025-11-23,port120,Barranquilla,8,3,39260,37757,29402,9325,532,0,0,30627,1253,5876,0,0
2025-11-24,port120,Barranquilla,2,0,6756,25090,0,0,0,6756,0,0,0,0,25090,0
2025-11-25,port120,Barranquilla,2,2,2165,538,0,2165,0,0,0,0,538,0,0,0
2025-11-26,port120,Barranquilla,1,0,10769,0,0,0,10769,0,0,0,0,0,0,0
2025-11-27,port120,Barranquilla,3,1,0,21277,0,0,0,0,0,8115,1125,0,12036,0
2025-11-28,port120,Barranquilla,3,0,27637,25028,18138,0,0,9498,0,25028,0,0,0,0
2025-11-29,port120,Barranquilla,1,0,0,0,0,0,0,0,0,0,0,0,0,0
2025-11-30,port120,Barranquilla,3,1,58795,0,54763,4032,0,0,0,0,0,0,0,0
2025-12-01,port120,Barranquilla,2,1,39331,1752,39331,0,0,0,0,0,1752,0,0,0
2025-12-02,port120,Barranquilla,4,2,0,77834,0,0,0,0,0,41043,5912,0,30879,0
2025-12-03,port120,Barranquilla,4,1,32344,43302,29629,2715,0,0,0,39087,0,4214,0,0
2025-12-04,port120,Barranquilla,1,1,3002,0,0,3002,0,0,0,0,0,0,0,0
2025-12-05,port120,Barranquilla,1,0,38641,0,38641,0,0,0,0,0,0,0,0,0
2025-12-06,port120,Barranquilla,1,0,0,0,0,0,0,0,0,0,0,0,0,0
2025-12-07,port120,Barranquilla,2,1,1707,3462,0,0,1707,0,0,0,1752,1710,0,0
2025-12-08,port120,Barranquilla,4,1,27805,3694,22704,5101,0,0,0,0,0,3694,0,0
2025-12-09,port120,Barranquilla,3,2,3283,37662,0,3283,0,0,0,36579,1083,0,0,0
2025-12-10,port120,Barranquilla,2,1,1114,1350,0,1114,0,0,0,0,0,0,1350,0
2025-12-11,port120,Barranquilla,4,1,65977,1729,62164,3813,0,0,0,0,0,0,1729,0
2025-12-12,port120,Barranquilla,0,0,0,0,0,0,0,0,0,0,0,0,0,0
2025-12-13,port120,Barranquilla,0,0,0,0,0,0,0,0,0,0,0,0,0,0
2025-12-14,port120,Barranquilla,2,1,34624,0,33878,746,0,0,0,0,0,0,0,0
2025-12-15,port120,Barranquilla,1,1,4026,0,0,4026,0,0,0,0,0,0,0,0
2025-12-16,port120,Barranquilla,4,3,1456,6042,0,1456,0,0,0,0,6042,0,0,0
2025-12-17,port120,Barranquilla,3,1,46455,0,45682,772,0,0,0,0,0,0,0,0
2025-12-18,port120,Barranquilla,0,0,0,0,0,0,0,0,0,0,0,0,0,0
2025-12-19,port120,Barranquilla,3,0,65261,0,62533,0,0,2727,0,0,0,0,0,0
2025-12-20,port120,Barranquilla,2,0,0,5406,0,0,0,0,0,0,0,2231,3174,0
2025-12-21,port120,Barranquilla,3,1,32014,40012,32014,0,0,0,0,39013,998,0,0,0
2025-12-22,port120,Barranquilla,3,1,5500,462,0,5500,0,0,0,0,0,462,0,0
2025-12-23,port120,Barranquilla,4,2,34169,5728,31094,360,0,2713,0,0,4297,0,1430,0
2025-12-24,port120,Barranquilla,3,1,71422,0,71051,371,0,0,0,0,0,0,0,0
2025-12-25,port120,Barranquilla,3,2,1901,0,0,1901,0,0,0,0,0,0,0,0
2025-12-26,port120,Barranquilla,3,0,6882,36844,0,0,6882,0,0,32806,0,0,4038,0
2025-12-27,port120,Barranquilla,0,0,0,0,0,0,0,0,0,0,0,0,0,0
2025-12-28,port120,Barranquilla,2,1,1138,250,0,0,0,1138,0,0,250,0,0,0
2025-12-29,port120,Barranquilla,3,1,30330,3664,30330,0,0,0,0,0,3664,0,0,0
2025-12-30,port120,Barranquilla,5,1,54985,2455,39287,4563,4520,6614,0,0,0,2455,0,0
2025-12-31,port120,Barranquilla,3,2,37684,369,36905,778,0,0,0,0,369,0,0,0
2026-01-01,port120,Barranquilla,2,1,0,3708,0,0,0,0,0,0,1476,2231,0,0
2026-01-02,port120,Barranquilla,3,1,6847,0,4565,2282,0,0,0,0,0,0,0,0
2026-01-03,port120,Barranquilla,4,1,2647,746,2647,0,0,0,0,0,746,0,0,0
2026-01-04,port120,Barranquilla,3,0,29292,4558,27585,0,1707,0,0,0,0,1710,2848,0
2026-01-05,port120,Barranquilla,2,0,33379,0,33108,0,0,271,0,0,0,0,0,0
2026-01-06,port120,Barranquilla,3,1,11488,5179,0,0,1707,9781,0,0,3469,1710,0,0
2026-01-07,port120,Barranquilla,4,1,45012,2599,44642,369,0,0,0,0,0,0,2599,0
2026-01-08,port120,Barranquilla,2,1,974,1723,0,974,0,0,0,0,644,1078,0,0
2026-01-09,port120,Barranquilla,3,0,1842,71320,0,0,1842,0,0,71320,0,0,0,0
2026-01-10,port120,Barranquilla,2,0,5911,42044,0,0,0,5911,0,42044,0,0,0,0
2026-01-11,port120,Barranquilla,5,2,42971,4557,37895,5075,0,0,0,0,0,4557,0,0
2026-01-12,port120,Barranquilla,1,1,3725,0,0,3725,0,0,0,0,0,0,0,0
2026-01-13,port120,Barranquilla,2,0,26499,0,26499,0,0,0,0,0,0,0,0,0
2026-01-14,port120,Barranquilla,4,2,13932,2430,13147,784,0,0,0,0,0,2430,0,0
2026-01-15,port120,Barranquilla,2,0,61999,0,61999,0,0,0,0,0,0,0,0,0
2026-01-16,port120,Barranquilla,2,0,0,19343,0,0,0,0,0,19343,0,0,0,0
2026-01-17,port120,Barranquilla,1,0,0,3730,0,0,0,0,0,0,0,3730,0,0
2026-01-18,port120,Barranquilla,2,1,1828,1497,1828,0,0,0,0,0,1497,0,0,0
2026-01-19,port120,Barranquilla,2,0,0,28629,0,0,0,0,0,28629,0,0,0,0
2026-01-20,port120,Barranquilla,6,1,12363,7968,10656,0,1707,0,0,0,2161,1710,4097,0
2026-01-21,port120,Barranquilla,2,1,375,0,0,375,0,0,0,0,0,0,0,0
2026-01-22,port120,Barranquilla,3,1,1616,0,0,378,0,1237,0,0,0,0,0,0
2026-01-23,port120,Barranquilla,3,0,10984,3464,10984,0,0,0,0,0,0,0,3464,0
2026-01-24,port120,Barranquilla,5,1,46094,2001,37870,0,4853,3370,0,0,2001,0,0,0
2026-01-25,port120,Barranquilla,2,0,2338,4835,0,0,0,2338,0,0,0,0,4835,0
2026-01-26,port120,Barranquilla,3,0,8880,3461,6959,0,0,1921,0,0,0,0,3461,0
2026-01-27,port120,Barranquilla,1,0,0,27314,0,0,0,0,0,27314,0,0,0,0
2026-01-28,port120,Barranquilla,2,1,19437,0,0,2335,0,17101,0,0,0,0,0,0
2026-01-29,port120,Barranquilla,0,0,0,0,0,0,0,0,0,0,0,0,0,0
2026-01-30,port120,Barranquilla,4,1,62512,4060,61538,974,0,0,0,0,644,0,3415,0
2026-01-31,port120,Barranquilla,3,1,259,14257,0,0,259,0,0,0,2250,0,12006,0
2026-02-01,port120,Barranquilla,2,0,0,0,0,0,0,0,0,0,0,0,0,0
2026-02-02,port120,Barranquilla,0,0,0,0,0,0,0,0,0,0,0,0,0,0
2026-02-03,port120,Barranquilla,0,0,0,0,0,0,0,0,0,0,0,0,0,0
2026-02-04,port120,Barranquilla,5,2,974,10947,0,974,0,0,0,0,2243,0,8704,0
2026-02-05,port120,Barranquilla,2,0,6371,1710,0,0,1707,4663,0,0,0,1710,0,0
2026-02-06,port120,Barranquilla,4,1,69217,0,67387,1830,0,0,0,0,0,0,0,0
2026-02-07,port120,Barranquilla,3,1,35827,644,34853,974,0,0,0,0,644,0,0,0
2026-02-08,port120,Barranquilla,1,0,0,0,0,0,0,0,0,0,0,0,0,0
2026-02-09,port120,Barranquilla,3,2,3547,24019,0,3547,0,0,0,0,861,0,23157,0
2026-02-10,port120,Barranquilla,3,0,17691,14900,17691,0,0,0,0,4619,0,0,10280,0
2026-02-11,port120,Barranquilla,2,1,0,26571,0,0,0,0,0,26181,390,0,0,0
2026-02-12,port120,Barranquilla,4,0,55479,7448,53772,0,1707,0,0,5737,0,1710,0,0
2026-02-13,port120,Barranquilla,3,1,5639,857,4809,829,0,0,0,0,857,0,0,0
2026-02-14,port120,Barranquilla,5,2,5301,32762,0,369,1707,3224,0,29801,1250,1710,0,0
2026-02-15,port120,Barranquilla,3,0,421,7394,0,0,421,0,0,0,0,7111,283,0
2026-02-16,port120,Barranquilla,2,0,34622,25416,34622,0,0,0,0,25416,0,0,0,0
2026-02-17,port120,Barranquilla,5,0,31192,44373,31192,0,0,0,0,35191,0,2231,6950,0
2026-02-18,port120,Barranquilla,2,1,1491,5149,0,1491,0,0,0,0,0,5149,0,0
2026-02-19,port120,Barranquilla,2,1,0,1512,0,0,0,0,0,0,1512,0,0,0
2026-02-20,port120,Barranquilla,1,0,0,30494,0,0,0,0,0,30494,0,0,0,0
2026-02-21,port120,Barranquilla,2,1,974,644,0,974,0,0,0,0,644,0,0,0
2026-02-22,port120,Barranquilla,6,0,54817,30696,33641,0,18461,2713,0,29265,0,0,1430,0
2026-02-23,port120,Barranquilla,1,0,0,0,0,0,0,0,0,0,0,0,0,0
2026-02-24,port120,Barranquilla,3,1,390,3415,0,390,0,0,0,0,0,0,3415,0
2026-02-25,port120,Barranquilla,0,0,0,0,0,0,0,0,0,0,0,0,0,0
2026-02-26,port120,Barranquilla,4,1,3916,15800,3916,0,0,0,0,14316,1484,0,0,0
2026-02-27,port120,Barranquilla,3,1,31527,263,31527,0,0,0,0,0,263,0,0,0
2026-02-28,port120,Barranquilla,2,0,61460,0,45740,0,0,15719,0,0,0,0,0,0
2026-03-01,port120,Barranquilla,3,1,32802,1516,32802,0,0,0,0,0,753,763,0,0
2026-03-02,port120,Barranquilla,3,0,23852,31776,23852,0,0,0,0,31776,0,0,0,0
2026-03-03,port120,Barranquilla,0,0,0,0,0,0,0,0,0,0,0,0,0,0
2026-03-04,port120,Barranquilla,2,1,227,1127,0,0,0,227,0,0,1127,0,0,0
2026-03-05,port120,Barranquilla,3,2,41250,1104,40709,541,0,0,0,0,1104,0,0,0
2026-03-06,port120,Barranquilla,6,1,11980,18432,11980,0,0,0,0,11813,3444,0,3174,0
2026-03-07,port120,Barranquilla,3,0,12632,6299,0,0,0,12632,0,0,0,4868,1430,0
2026-03-08,port120,Barranquilla,3,2,0,512,0,0,0,0,0,0,512,0,0,0
2026-03-09,port120,Barranquilla,1,0,2713,1430,0,0,0,2713,0,0,0,0,1430,0
2026-03-10,port120,Barranquilla,4,0,26758,1710,25051,0,1707,0,0,0,0,1710,0,0
2026-03-11,port120,Barranquilla,4,0,11980,23784,11980,0,0,0,0,15102,0,0,8681,0
2026-03-12,port120,Barranquilla,6,1,58436,13093,56863,1573,0,0,0,2758,0,10334,0,0
2026-03-13,port120,Barranquilla,4,1,18521,16412,17691,829,0,0,0,4619,857,2231,8704,0
2026-03-14,port120,Barranquilla,4,1,44856,7202,44856,0,0,0,0,5200,2001,0,0,0
2026-03-15,port120,Barranquilla,5,1,22873,5734,16540,0,0,6332,0,5462,271,0,0,0
2026-03-16,port120,Barranquilla,2,0,321,0,0,0,321,0,0,0,0,0,0,0
2026-03-17,port120,Barranquilla,1,0,0,3916,0,0,0,0,0,3916,0,0,0,0
2026-03-18,port120,Barranquilla,7,1,32728,11078,20635,372,1500,10219,0,5462,0,1863,3751,0
2026-03-19,port120,Barranquilla,3,1,79736,0,79464,271,0,0,0,0,0,0,0,0
2026-03-20,port120,Barranquilla,1,0,33517,0,33517,0,0,0,0,0,0,0,0,0
2026-03-21,port120,Barranquilla,4,2,2085,1003,554,1530,0,0,0,0,1003,0,0,0
2026-03-22,port120,Barranquilla,1,0,15029,0,0,0,0,15029,0,0,0,0,0,0
2026-03-23,port120,Barranquilla,2,0,1152,0,0,0,1152,0,0,0,0,0,0,0
2026-03-24,port120,Barranquilla,3,1,133,4016,0,0,133,0,0,0,1075,2941,0,0
2026-03-25,port120,Barranquilla,6,1,46905,20442,31266,781,14857,0,0,16977,0,0,3464,0
2026-03-26,port120,Barranquilla,4,0,82492,279,82492,0,0,0,0,0,0,279,0,0
2026-03-27,port120,Barranquilla,2,0,37265,2887,37265,0,0,0,0,0,0,0,2887,0
2026-03-28,port120,Barranquilla,4,2,5309,2933,0,2595,0,2713,0,0,1503,0,1430,0
2026-03-29,port120,Barranquilla,1,0,0,0,0,0,0,0,0,0,0,0,0,0
2026-03-30,port120,Barranquilla,4,1,7635,5198,0,3348,4286,0,0,5198,0,0,0,0
2026-03-31,port120,Barranquilla,3,1,55586,0,53419,2167,0,0,0,0,0,0,0,0
2026-04-01,port120,Barranquilla,3,1,10633,8967,0,0,0,10633,0,7471,1495,0,0,0
2026-04-02,port120,Barranquilla,2,0,31677,0,31677,0,0,0,0,0,0,0,0,0
2026-04-03,port120,Barranquilla,1,0,1676,0,0,0,0,1676,0,0,0,0,0,0
2026-04-04,port120,Barranquilla,5,1,48032,3308,36817,0,0,11215,0,0,997,0,2311,0
2026-04-05,port120,Barranquilla,1,1,974,644,0,974,0,0,0,0,644,0,0,0
2026-04-06,port120,Barranquilla,3,1,6181,644,0,974,3528,1677,0,0,644,0,0,0
2026-04-07,port120,Barranquilla,1,0,0,13991,0,0,0,0,0,0,0,0,13991,0
2026-04-08,port120,Barranquilla,4,2,38732,35251,34964,3768,0,0,0,35251,0,0,0,0
2026-04-09,port120,Barranquilla,0,0,0,0,0,0,0,0,0,0,0,0,0,0
2026-04-10,port120,Barranquilla,2,0,8184,29378,8184,0,0,0,0,29378,0,0,0,0
2026-04-11,port120,Barranquilla,2,1,0,8812,0,0,0,0,0,0,592,8219,0,0
2026-04-12,port120,Barranquilla,2,0,0,21641,0,0,0,0,0,18176,0,0,3464,0
2026-04-13,port120,Barranquilla,2,0,54866,958,54866,0,0,0,0,0,0,958,0,0
2026-04-14,port120,Barranquilla,3,1,22360,644,16171,974,0,5214,0,0,644,0,0,0
2026-04-15,port120,Barranquilla,3,1,12353,10258,11980,372,0,0,0,5462,0,4795,0,0
2026-04-16,port120,Barranquilla,2,1,0,31305,0,0,0,0,0,0,4571,0,26734,0
2026-04-17,port120,Barranquilla,1,0,0,4502,0,0,0,0,0,0,0,4502,0,0
2026-04-18,port120,Barranquilla,2,2,829,1227,0,829,0,0,0,0,1227,0,0,0
2026-04-19,port120,Barranquilla,3,1,13228,0,10254,2974,0,0,0,0,0,0,0,0
2026-04-20,port120,Barranquilla,5,0,69837,729,69837,0,0,0,0,540,0,188,0,0
2026-04-21,port120,Barranquilla,3,0,40191,0,40191,0,0,0,0,0,0,0,0,0
2026-04-22,port120,Barranquilla,5,1,12901,10298,11980,777,143,0,0,5462,0,0,4835,0
2026-04-23,port120,Barranquilla,0,0,0,0,0,0,0,0,0,0,0,0,0,0
2026-04-24,port120,Barranquilla,2,0,1483,6377,0,0,1483,0,0,0,0,6377,0,0
2026-04-25,port120,Barranquilla,4,1,56837,6212,56837,0,0,0,0,4899,1312,0,0,0
2026-04-26,port120,Barranquilla,2,0,29671,2023,29671,0,0,0,0,0,0,0,2023,0
2026-04-27,port120,Barranquilla,1,0,55211,0,55211,0,0,0,0,0,0,0,0,0
2026-04-28,port120,Barranquilla,4,1,20275,6723,15840,0,4435,0,0,0,6723,0,0,0
2026-04-29,port120,Barranquilla,5,2,5895,2793,0,5114,0,780,0,0,1127,1665,0,0
2026-04-30,port120,Barranquilla,2,1,1851,6803,0,1851,0,0,0,0,0,6803,0,0
2026-05-01,port120,Barranquilla,3,0,25479,0,15418,0,0,10061,0,0,0,0,0,0
2026-05-02,port120,Barranquilla,3,2,11980,6486,11980,0,0,0,0,5462,1023,0,0,0
2026-05-03,port120,Barranquilla,2,1,4501,0,0,4501,0,0,0,0,0,0,0,0
2026-05-04,port120,Barranquilla,3,0,40487,32468,38780,0,1707,0,0,0,0,1710,30758,0
2026-05-05,port120,Barranquilla,4,0,79317,38355,79317,0,0,0,0,38355,0,0,0,0
2026-05-06,port120,Barranquilla,3,1,42227,10460,39883,2344,0,0,0,0,0,0,10460,0
2026-05-07,port120,Barranquilla,4,1,37717,9181,36742,974,0,0,0,0,644,8536,0,0
2026-05-08,port120,Barranquilla,1,0,0,0,0,0,0,0,0,0,0,0,0,0
2026-05-09,port120,Barranquilla,2,1,0,4060,0,0,0,0,0,0,596,3464,0,0
2026-05-10,port120,Barranquilla,2,0,11980,8062,11980,0,0,0,0,5462,0,0,2599,0
2026-05-11,port120,Barranquilla,1,0,14830,0,14830,0,0,0,0,0,0,0,0,0
2026-05-12,port120,Barranquilla,6,1,2681,74550,0,974,1707,0,0,65366,644,1710,6828,0
2026-05-13,port120,Barranquilla,5,2,45868,0,41212,4656,0,0,0,0,0,0,0,0
2026-05-14,port120,Barranquilla,3,0,25627,230,2859,0,0,22767,0,0,0,230,0,0
2026-05-15,port120,Barranquilla,5,1,1527,48345,0,1527,0,0,0,48345,0,0,0,0
2026-05-16,port120,Barranquilla,2,1,1788,857,0,829,958,0,0,0,857,0,0,0
2026-05-17,port120,Barranquilla,3,0,32013,80,32013,0,0,0,0,0,0,80,0,0
2026-05-18,port120,Barranquilla,2,1,8568,0,0,1251,0,7316,0,0,0,0,0,0
2026-05-19,port120,Barranquilla,3,0,20379,3941,18672,0,1707,0,0,0,0,3941,0,0
2026-05-20,port120,Barranquilla,5,1,22475,1823,18972,0,789,2713,0,0,393,0,1430,0
2026-05-21,port120,Barranquilla,3,0,3622,11780,0,0,0,3622,0,0,0,0,11780,0
2026-05-22,port120,Barranquilla,3,1,18842,0,16703,368,1771,0,0,0,0,0,0,0
2026-05-23,port120,Barranquilla,3,1,0,8336,0,0,0,0,0,0,298,5149,2889,0
2026-05-24,port120,Barranquilla,2,1,2087,0,0,370,0,1716,0,0,0,0,0,0
2026-05-25,port120,Barranquilla,5,0,84098,28630,84098,0,0,0,0,28630,0,0,0,0
2026-05-26,port120,Barranquilla,3,1,11980,9648,11980,0,0,0,0,5462,4185,0,0,0
2026-05-27,port120,Barranquilla,4,1,37658,725,33463,0,0,4195,0,0,725,0,0,0
2026-05-28,port120,Barranquilla,2,0,6898,0,6898,0,0,0,0,0,0,0,0,0
2026-05-29,port120,Barranquilla,1,0,0,0,0,0,0,0,0,0,0,0,0,0
2026-05-30,port120,Barranquilla,4,0,20119,33485,14356,0,3149,2614,0,33485,0,0,0,0
2026-05-31,port120,Barranquilla,2,2,367,985,0,367,0,0,0,0,985,0,0,0
2026-06-01,port120,Barranquilla,2,1,1574,2311,0,1574,0,0,0,0,0,0,2311,0
2026-06-02,port120,Barranquilla,3,0,1707,1710,0,0,1707,0,0,0,0,1710,0,0
2026-06-03,port120,Barranquilla,4,2,48296,5462,46810,1485,0,0,0,5462,0,0,0,0
2026-06-04,port120,Barranquilla,2,1,27325,0,22492,4832,0,0,0,0,0,0,0,0
2026-06-05,port120,Barranquilla,2,0,1993,2122,0,0,0,1993,0,0,0,2122,0,0
2026-06-06,port120,Barranquilla,4,2,13399,1836,0,974,0,12425,0,0,1836,0,0,0
2026-06-07,port120,Barranquilla,2,0,4966,0,4966,0,0,0,0,0,0,0,0,0
2026-06-08,port120,Barranquilla,4,1,32220,41127,2514,5768,0,23938,0,41127,0,0,0,0
2026-06-09,port120,Barranquilla,1,0,0,0,0,0,0,0,0,0,0,0,0,0
2026-06-10,port120,Barranquilla,3,1,41409,0,41409,0,0,0,0,0,0,0,0,0
2026-06-11,port120,Barranquilla,3,0,0,36435,0,0,0,0,0,27215,0,9220,0,0
2026-06-12,port120,Barranquilla,2,0,1707,4886,0,0,1707,0,0,0,0,1710,3176,0
2026-06-13,port120,Barranquilla,3,2,2351,5925,0,2351,0,0,0,0,857,5068,0,0
2026-06-14,port120,Barranquilla,4,1,7983,8704,0,6723,1260,0,0,0,0,0,8704,0
2026-06-15,port120,Barranquilla,0,0,0,0,0,0,0,0,0,0,0,0,0,0
2026-06-16,port120,Barranquilla,3,0,33432,0,33432,0,0,0,0,0,0,0,0,0
2026-06-17,port120,Barranquilla,2,1,3199,644,0,974,2225,0,0,0,644,0,0,0
2026-06-18,port120,Barranquilla,2,0,36987,0,36987,0,0,0,0,0,0,0,0,0
2026-06-19,port120,Barranquilla,2,0,11980,5462,11980,0,0,0,0,5462,0,0,0,0
2026-06-20,port120,Barranquilla,3,1,265,30562,0,265,0,0,0,28331,0,2231,0,0
2026-06-21,port120,Barranquilla,3,1,18956,0,17465,1491,0,0,0,0,0,0,0,0
2026-06-22,port120,Barranquilla,2,0,0,3121,0,0,0,0,0,0,0,3121,0,0
2026-06-23,port120,Barranquilla,2,1,7728,0,0,625,0,7102,0,0,0,0,0,0
2026-06-24,port120,Barranquilla,2,1,1445,2564,0,1445,0,0,0,0,0,0,2564,0
2026-06-25,port120,Barranquilla,0,0,0,0,0,0,0,0,0,0,0,0,0,0
2026-06-26,port120,Barranquilla,2,0,0,9065,0,0,0,0,0,9065,0,0,0,0
2026-06-27,port120,Barranquilla,9,2,151556,33179,147846,369,2946,395,0,31874,1305,0,0,0
2026-06-28,port120,Barranquilla,2,0,17824,0,0,0,10118,7705,0,0,0,0,0,0
2026-06-29,port120,Barranquilla,2,0,72790,0,72790,0,0,0,0,0,0,0,0,0
2026-06-30,port120,Barranquilla,1,0,0,0,0,0,0,0,0,0,0,0,0,0
2026-07-01,port120,Barranquilla,4,1,80614,644,74950,974,4689,0,0,0,644,0,0,0
2026-07-02,port120,Barranquilla,1,0,0,0,0,0,0,0,0,0,0,0,0,0
2026-07-03,port120,Barranquilla,0,0,0,0,0,0,0,0,0,0,0,0,0,0
2026-07-04,port120,Barranquilla,3,2,34022,1751,32637,1385,0,0,0,0,1751,0,0,0
2026-07-05,port120,Barranquilla,1,1,974,644,0,974,0,0,0,0,644,0,0,0
2026-07-06,port120,Barranquilla,1,0,0,0,0,0,0,0,0,0,0,0,0,0
2026-07-07,port120,Barranquilla,2,0,35955,0,35098,0,0,857,0,0,0,0,0,0
2026-07-08,port120,Barranquilla,3,1,2108,3777,0,974,1133,0,0,0,644,0,3132,0
2026-07-09,port120,Barranquilla,2,0,23689,7518,0,0,0,23689,0,0,0,7518,0,0
2026-07-10,port120,Barranquilla,3,0,4179,0,0,0,4179,0,0,0,0,0,0,0
2026-07-11,port120,Barranquilla,3,2,1142,651,0,1142,0,0,0,0,651,0,0,0
2026-07-12,port120,Barranquilla,3,0,13218,5493,13218,0,0,0,0,0,0,0,5493,0
2026-07-13,port120,Barranquilla,1,0,0,30347,0,0,0,0,0,30347,0,0,0,0
2026-07-14,port120,Barranquilla,3,0,10937,0,0,0,0,10937,0,0,0,0,0,0
2026-07-15,port120,Barranquilla,2,1,0,16662,0,0,0,0,0,15485,1177,0,0,0
2026-07-16,port120,Barranquilla,2,0,3854,28426,3854,0,0,0,0,0,0,0,28426,0
2026-07-17,port120,Barranquilla,4,0,44139,0,44139,0,0,0,0,0,0,0,0,0
2026-07-18,port120,Barranquilla,2,1,747,4035,0,747,0,0,0,0,0,0,4035,0
2026-07-19,port120,Barranquilla,1,1,0,2996,0,0,0,0,0,0,2996,0,0,0
2026-07-20,port120,Barranquilla,6,0,34749,17362,34347,0,0,402,0,12062,0,5300,0,0
2026-07-21,port120,Barranquilla,3,0,49959,29011,33894,0,0,16064,0,29011,0,0,0,0
2026-07-22,port120,Barranquilla,2,1,4230,0,0,724,0,3505,0,0,0,0,0,0
2026-07-23,port120,Barranquilla,2,1,37820,1459,37820,0,0,0,0,0,1459,0,0,0
2026-07-24,port120,Barranquilla,4,1,35289,7614,31583,3705,0,0,0,0,0,4438,3176,0
2026-07-25,port120,Barranquilla,3,1,0,2618,0,0,0,0,0,0,2618,0,0,0
2026-07-26,port120,Barranquilla,2,0,35992,0,35992,0,0,0,0,0,0,0,0,0
2026-07-27,port120,Barranquilla,3,1,32996,3422,30558,2438,0,0,0,0,0,3422,0,0
2026-07-28,port120,Barranquilla,2,0,11980,5462,11980,0,0,0,0,5462,0,0,0,0
2026-07-29,port120,Barranquilla,2,1,1563,23054,0,1563,0,0,0,23054,0,0,0,0
2026-07-30,port120,Barranquilla,2,0,0,38633,0,0,0,0,0,38633,0,0,0,0
2026-07-31,port120,Barranquilla,2,1,974,41825,0,974,0,0,0,41180,644,0,0,0
2026-08-01,port120,Barranquilla,3,1,51780,7349,51780,0,0,0,0,4619,2729,0,0,0
2026-08-02,port120,Barranquilla,3,0,11980,30745,11980,0,0,0,0,30745,0,0,0,0
2026-08-03,port120,Barranquilla,5,1,38595,73569,36860,1735,0,0,0,70437,0,0,3132,0
2026-08-04,port120,Barranquilla,2,0,40556,0,36198,0,4357,0,0,0,0,0,0,0
2026-08-05,port120,Barranquilla,2,1,1447,10992,0,1447,0,0,0,10992,0,0,0,0
2026-08-06,port120,Barranquilla,1,0,232,0,0,0,232,0,0,0,0,0,0,0
2026-08-07,port120,Barranquilla,4,1,70298,33424,69920,378,0,0,0,33424,0,0,0,0
2026-08-08,port120,Barranquilla,2,1,12481,857,0,829,0,11652,0,0,857,0,0,0
2026-08-09,port120,Barranquilla,1,0,31845,0,31845,0,0,0,0,0,0,0,0,0
2026-08-10,port120,Barranquilla,5,0,75696,7778,44679,0,0,31017,0,5462,0,2315,0,0
2026-08-11,port120,Barranquilla,0,0,0,0,0,0,0,0,0,0,0,0,0,0
2026-08-12,port120,Barranquilla,6,1,166,9466,0,0,166,0,0,0,1171,5407,2887,0
2026-08-13,port120,Barranquilla,2,0,7750,0,7750,0,0,0,0,0,0,0,0,0
2026-08-14,port120,Barranquilla,4,1,11369,10512,10995,374,0,0,0,6542,0,3970,0,0
2026-08-15,port120,Barranquilla,3,1,4230,3088,3400,829,0,0,0,0,857,2231,0,0
2026-08-16,port120,Barranquilla,3,0,39623,0,36994,0,0,2629,0,0,0,0,0,0
2026-08-17,port120,Barranquilla,5,0,36323,10641,31565,0,2109,2649,0,0,0,1710,8931,0
2026-08-18,port120,Barranquilla,3,0,69849,0,69849,0,0,0,0,0,0,0,0,0
2026-08-19,port120,Barranquilla,1,1,361,0,0,361,0,0,0,0,0,0,0,0
2026-08-20,port120,Barranquilla,0,0,0,0,0,0,0,0,0,0,0,0,0,0
2026-08-21,port120,Barranquilla,6,1,30663,10842,11980,1476,17206,0,0,8610,0,2231,0,0
2026-08-22,port120,Barranquilla,2,1,1512,857,0,829,682,0,0,0,857,0,0,0
2026-08-23,port120,Barranquilla,1,0,25289,0,0,0,0,25289,0,0,0,0,0,0
2026-08-24,port120,Barranquilla,3,0,37406,19507,37406,0,0,0,0,16531,0,2975,0,0
2026-08-25,port120,Barranquilla,2,0,41169,0,41169,0,0,0,0,0,0,0,0,0
2026-08-26,port120,Barranquilla,5,1,53676,10082,29672,1174,0,22829,0,10082,0,0,0,0
2026-08-27,port120,Barranquilla,3,1,11980,8283,11980,0,0,0,0,5462,726,0,2094,0
2026-08-28,port120,Barranquilla,2,1,0,14531,0,0,0,0,0,13792,739,0,0,0
2019-01-07,port1154,Santa Marta,2,1,605,4650,0,0,0,0,605,0,4557,0,0,92
2019-01-08,port1154,Santa Marta,1,0,0,2108,0,0,0,0,0,0,0,2108,0,0
2019-01-09,port1154,Santa Marta,2,0,2511,92,0,0,0,0,2511,0,0,0,0,92
2019-01-10,port1154,Santa Marta,2,1,2724,2935,0,853,1871,0,0,0,2152,782,0,0
2019-01-11,port1154,Santa Marta,3,2,16050,3714,16050,0,0,0,0,0,3714,0,0,0
2019-01-12,port1154,Santa Marta,3,2,24864,2537,21558,3306,0,0,0,0,2537,0,0,0
2019-01-13,port1154,Santa Marta,2,0,3733,4783,0,0,1400,2332,0,0,0,0,4783,0
2019-01-14,port1154,Santa Marta,1,1,4062,0,0,4062,0,0,0,0,0,0,0,0
2019-01-15,port1154,Santa Marta,1,1,0,317,0,0,0,0,0,0,317,0,0,0
2019-01-16,port1154,Santa Marta,1,0,1871,782,0,0,1871,0,0,0,0,782,0,0
2019-01-17,port1154,Santa Marta,2,1,8764,379,8764,0,0,0,0,0,379,0,0,0
2019-01-18,port1154,Santa Marta,2,1,10427,3902,10427,0,0,0,0,0,3902,0,0,0
2019-01-19,port1154,Santa Marta,2,2,853,5891,0,853,0,0,0,0,5891,0,0,0
2019-01-20,port1154,Santa Marta,2,1,2229,0,0,2229,0,0,0,0,0,0,0,0
2019-01-21,port1154,Santa Marta,2,1,0,35709,0,0,0,0,0,35340,368,0,0,0
2019-01-22,port1154,Santa Marta,0,0,0,0,0,0,0,0,0,0,0,0,0,0
2019-01-23,port1154,Santa Marta,0,0,0,0,0,0,0,0,0,0,0,0,0,0
2019-01-24,port1154,Santa Marta,2,1,16271,2012,0,0,16271,0,0,0,2012,0,0,0
2019-01-25,port1154,Santa Marta,4,2,605,44099,0,0,0,0,605,37076,6930,0,0,92
2019-01-26,port1154,Santa Marta,3,2,2291,5586,0,2291,0,0,0,0,2152,0,3433,0
2019-01-27,port1154,Santa Marta,4,1,58441,2152,57588,853,0,0,0,0,2152,0,0,0
2019-01-28,port1154,Santa Marta,3,1,33935,367,33935,0,0,0,0,0,367,0,0,0
2019-01-29,port1154,Santa Marta,2,1,318,7191,0,318,0,0,0,0,0,0,7191,0
2019-01-30,port1154,Santa Marta,2,1,58636,1636,58636,0,0,0,0,0,1636,0,0,0
2019-01-31,port1154,Santa Marta,2,1,377,0,0,377,0,0,0,0,0,0,0,0
2019-02-01,port1154,Santa Marta,2,1,2332,10629,0,0,0,2332,0,0,5845,0,4783,0
2019-02-02,port1154,Santa Marta,4,2,11351,4455,9644,1707,0,0,0,0,4305,149,0,0
2019-02-03,port1154,Santa Marta,2,1,13293,0,8736,4557,0,0,0,0,0,0,0,0
2019-02-04,port1154,Santa Marta,4,1,17680,2935,0,853,2693,14133,0,0,2152,782,0,0
2019-02-05,port1154,Santa Marta,2,1,16491,6449,15855,635,0,0,0,6449,0,0,0,0
2019-02-06,port1154,Santa Marta,1,0,0,0,0,0,0,0,0,0,0,0,0,0
2019-02-07,port1154,Santa Marta,2,1,403,41316,0,403,0,0,0,41316,0,0,0,0
2019-02-08,port1154,Santa Marta,2,2,0,11166,0,0,0,0,0,0,11166,0,0,0
2019-02-09,port1154,Santa Marta,4,1,4564,17385,0,853,0,0,3711,0,2152,15140,0,92
2019-02-10,port1154,Santa Marta,0,0,0,0,0,0,0,0,0,0,0,0,0,0
2019-02-11,port1154,Santa Marta,1,1,2596,0,0,2596,0,0,0,0,0,0,0,0
2019-02-12,port1154,Santa Marta,1,0,444,0,444,0,0,0,0,0,0,0,0,0
2019-02-13,port1154,Santa Marta,1,0,0,7775,0,0,0,0,0,0,0,0,7775,0
2019-02-14,port1154,Santa Marta,4,1,1409,10174,0,0,814,0,595,0,4249,0,5924,0
2019-02-15,port1154,Santa Marta,3,1,24473,4388,22442,0,2031,0,0,0,4388,0,0,0
2019-02-16,port1154,Santa Marta,4,2,1398,36661,0,853,544,0,0,32475,4186,0,0,0
2019-02-17,port1154,Santa Marta,4,2,13449,4783,9988,1128,0,2332,0,0,0,0,4783,0
2019-02-18,port1154,Santa Marta,2,1,4993,2152,4140,853,0,0,0,0,2152,0,0,0
2019-02-19,port1154,Santa Marta,3,1,315,0,0,315,0,0,0,0,0,0,0,0
2019-02-20,port1154,Santa Marta,2,0,1871,782,0,0,1871,0,0,0,0,782,0,0
2019-02-21,port1154,Santa Marta,3,1,16256,53218,15855,400,0,0,0,53218,0,0,0,0
2019-02-22,port1154,Santa Marta,2,1,1871,1273,0,0,1871,0,0,0,490,782,0,0
2019-02-23,port1154,Santa Marta,2,2,1707,4305,0,1707,0,0,0,0,4305,0,0,0
2019-02-24,port1154,Santa Marta,2,1,792,17084,0,792,0,0,0,17084,0,0,0,0
2019-02-25,port1154,Santa Marta,3,1,6883,0,4106,2229,546,0,0,0,0,0,0,0
2019-02-26,port1154,Santa Marta,1,1,981,0,0,981,0,0,0,0,0,0,0,0
2019-02-27,port1154,Santa Marta,0,0,0,0,0,0,0,0,0,0,0,0,0,0
2019-02-28,port1154,Santa Marta,3,2,0,3579,0,0,0,0,0,0,3579,0,0,0
2019-03-01,port1154,Santa Marta,3,1,23311,5252,23311,0,0,0,0,0,1469,0,3783,0
2019-03-02,port1154,Santa Marta,4,2,29089,8602,28235,853,0,0,0,6449,2152,0,0,0
2019-03-03,port1154,Santa Marta,0,0,0,0,0,0,0,0,0,0,0,0,0,0
2019-03-04,port1154,Santa Marta,1,0,20646,0,20646,0,0,0,0,0,0,0,0,0
2019-03-05,port1154,Santa Marta,2,1,2947,0,0,2947,0,0,0,0,0,0,0,0
2019-03-06,port1154,Santa Marta,2,0,2626,0,0,0,2626,0,0,0,0,0,0,0
2019-03-07,port1154,Santa Marta,2,1,2164,1200,0,0,2164,0,0,0,1200,0,0,0
2019-03-08,port1154,Santa Marta,2,1,5914,0,0,1237,0,4676,0,0,0,0,0,0
2019-03-09,port1154,Santa Marta,5,3,22088,7987,22088,0,0,0,0,0,7987,0,0,0
2019-03-10,port1154,Santa Marta,1,0,0,0,0,0,0,0,0,0,0,0,0,0
2019-03-11,port1154,Santa Marta,4,2,327,10341,0,0,327,0,0,0,3820,0,6520,0
2019-03-12,port1154,Santa Marta,0,0,0,0,0,0,0,0,0,0,0,0,0,0
2019-03-13,port1154,Santa Marta,0,0,0,0,0,0,0,0,0,0,0,0,0,0
2019-03-14,port1154,Santa Marta,1,1,853,2152,0,853,0,0,0,0,2152,0,0,0
2019-03-15,port1154,Santa Marta,2,1,0,2943,0,0,0,0,0,0,2943,0,0,0
2019-03-16,port1154,Santa Marta,1,1,853,2152,0,853,0,0,0,0,2152,0,0,0
2019-03-17,port1154,Santa Marta,3,1,9398,41882,0,9398,0,0,0,41394,0,0,488,0
2019-03-18,port1154,Santa Marta,1,1,369,0,0,369,0,0,0,0,0,0,0,0
2019-03-19,port1154,Santa Marta,3,2,394,65320,0,394,0,0,0,63145,2174,0,0,0
2019-03-20,port1154,Santa Marta,4,0,52286,7692,50403,0,110,0,1772,0,0,0,7692,0
2019-03-21,port1154,Santa Marta,2,1,0,2399,0,0,0,0,0,0,2399,0,0,0
2019-03-22,port1154,Santa Marta,2,0,1871,19720,0,0,1871,0,0,18938,0,782,0,0
2019-03-23,port1154,Santa Marta,4,3,7878,9609,0,853,0,7025,0,0,9609,0,0,0
2019-03-24,port1154,Santa Marta,2,1,23179,0,12660,10519,0,0,0,0,0,0,0,0
2019-03-25,port1154,Santa Marta,5,1,8746,7975,0,853,3626,3661,605,0,2152,0,5730,92
2019-03-26,port1154,Santa Marta,3,0,63314,0,63314,0,0,0,0,0,0,0,0,0
2019-03-27,port1154,Santa Marta,2,1,853,17838,0,853,0,0,0,0,2152,0,15685,0
2019-03-28,port1154,Santa Marta,2,1,0,3493,0,0,0,0,0,0,3493,0,0,0
2019-03-29,port1154,Santa Marta,4,1,7083,7842,5534,0,1548,0,0,0,7842,0,0,0
2019-03-30,port1154,Santa Marta,3,2,2293,40454,0,2293,0,0,0,0,2152,0,38301,0
2019-03-31,port1154,Santa Marta,3,1,48687,1854,48687,0,0,0,0,0,1854,0,0,0
2019-04-01,port1154,Santa Marta,1,1,853,2152,0,853,0,0,0,0,2152,0,0,0
2019-04-02,port1154,Santa Marta,1,0,0,0,0,0,0,0,0,0,0,0,0,0
2019-04-03,port1154,Santa Marta,1,0,0,0,0,0,0,0,0,0,0,0,0,0
2019-04-04,port1154,Santa Marta,2,1,24271,0,24271,0,0,0,0,0,0,0,0,0
2019-04-05,port1154,Santa Marta,1,1,0,2358,0,0,0,0,0,0,2358,0,0,0
2019-04-06,port1154,Santa Marta,2,2,479,2556,0,479,0,0,0,0,2556,0,0,0
2019-04-07,port1154,Santa Marta,4,2,2211,7276,0,2211,0,0,0,0,7276,0,0,0
2019-04-08,port1154,Santa Marta,4,2,509,18653,0,0,0,0,509,16423,2230,0,0,0
2019-04-09,port1154,Santa Marta,2,1,23788,330,23788,0,0,0,0,0,330,0,0,0
2019-04-10,port1154,Santa Marta,2,1,460,1564,0,0,0,0,460,0,1564,0,0,0
2019-04-11,port1154,Santa Marta,1,1,0,0,0,0,0,0,0,0,0,0,0,0
2019-04-12,port1154,Santa Marta,2,1,27785,3902,27785,0,0,0,0,0,3902,0,0,0
2019-04-13,port1154,Santa Marta,2,2,450,3046,0,450,0,0,0,0,3046,0,0,0
2019-04-14,port1154,Santa Marta,1,1,2960,0,0,2960,0,0,0,0,0,0,0,0
2019-04-15,port1154,Santa Marta,2,1,735,1618,0,735,0,0,0,0,0,0,1618,0
2019-04-16,port1154,Santa Marta,4,1,0,45530,0,0,0,0,0,34196,2299,0,9034,0
2019-04-17,port1154,Santa Marta,2,1,164,1746,0,0,164,0,0,0,1746,0,0,0
2019-04-18,port1154,Santa Marta,5,1,38696,6449,35201,0,3495,0,0,6449,0,0,0,0
2019-04-19,port1154,Santa Marta,3,1,4489,7329,3934,0,0,0,554,0,7329,0,0,0
2019-04-20,port1154,Santa Marta,3,1,17935,8486,15855,0,2080,0,0,6449,2036,0,0,0
2019-04-21,port1154,Santa Marta,1,1,1849,0,0,1849,0,0,0,0,0,0,0,0
2019-04-22,port1154,Santa Marta,4,1,30156,4783,24409,3085,329,2332,0,0,0,0,4783,0
2019-04-23,port1154,Santa Marta,2,0,14799,0,14799,0,0,0,0,0,0,0,0,0
2019-04-24,port1154,Santa Marta,1,0,0,58501,0,0,0,0,0,58501,0,0,0,0
2019-04-25,port1154,Santa Marta,2,1,0,0,0,0,0,0,0,0,0,0,0,0
2019-04-26,port1154,Santa Marta,1,1,0,979,0,0,0,0,0,0,979,0,0,0
2019-04-27,port1154,Santa Marta,4,2,7585,54912,6732,853,0,0,0,52759,2152,0,0,0
2019-04-28,port1154,Santa Marta,4,1,50725,6449,48720,741,1263,0,0,6449,0,0,0,0
2019-04-29,port1154,Santa Marta,3,1,19200,7232,15855,1474,1871,0,0,6449,0,782,0,0
2019-04-30,port1154,Santa Marta,4,1,1458,3746,0,853,0,0,605,1501,2152,0,0,92
2019-05-01,port1154,Santa Marta,2,0,20366,782,18495,0,1871,0,0,0,0,782,0,0
2019-05-02,port1154,Santa Marta,3,2,17332,5772,17332,0,0,0,0,0,5772,0,0,0
2019-05-03,port1154,Santa Marta,1,0,0,4602,0,0,0,0,0,0,0,0,4602,0
2019-05-04,port1154,Santa Marta,4,3,853,7171,0,853,0,0,0,0,7171,0,0,0
2019-05-05,port1154,Santa Marta,3,1,5046,48579,2449,2596,0,0,0,48579,0,0,0,0
2019-05-06,port1154,Santa Marta,3,1,6373,2725,0,6373,0,0,0,0,0,0,2725,0
2019-05-07,port1154,Santa Marta,4,0,9025,0,6431,0,0,2593,0,0,0,0,0,0
2019-05-08,port1154,Santa Marta,2,1,1169,2599,0,0,0,1169,0,0,2477,0,122,0
2019-05-09,port1154,Santa Marta,2,1,0,2737,0,0,0,0,0,0,2737,0,0,0
2019-05-10,port1154,Santa Marta,2,2,4896,882,0,4896,0,0,0,0,882,0,0,0
2019-05-11,port1154,Santa Marta,3,2,9405,2661,8551,853,0,0,0,0,2661,0,0,0
2019-05-12,port1154,Santa Marta,1,1,1875,0,0,1875,0,0,0,0,0,0,0,0
2019-05-13,port1154,Santa Marta,3,2,0,5712,0,0,0,0,0,0,1367,0,4345,0
2019-05-14,port1154,Santa Marta,1,0,0,0,0,0,0,0,0,0,0,0,0,0
2019-05-15,port1154,Santa Marta,4,1,27662,782,7412,261,1871,18118,0,0,0,782,0,0
2019-05-16,port1154,Santa Marta,3,2,893,48301,0,893,0,0,0,45218,3083,0,0,0
2019-05-17,port1154,Santa Marta,2,1,479,0,0,479,0,0,0,0,0,0,0,0
2019-05-18,port1154,Santa Marta,3,1,2332,15660,0,0,0,2332,0,0,2039,0,13621,0
2019-05-19,port1154,Santa Marta,4,1,57379,0,52703,1099,0,3576,0,0,0,0,0,0
2019-05-20,port1154,Santa Marta,1,1,0,734,0,0,0,0,0,0,734,0,0,0
2019-05-21,port1154,Santa Marta,1,0,0,6018,0,0,0,0,0,6018,0,0,0,0
2019-05-22,port1154,Santa Marta,3,0,3713,10521,3382,0,331,0,0,10521,0,0,0,0
2019-05-23,port1154,Santa Marta,2,1,11768,2152,10914,853,0,0,0,0,2152,0,0,0
2019-05-24,port1154,Santa Marta,1,1,0,5475,0,0,0,0,0,0,5475,0,0,0
2019-05-25,port1154,Santa Marta,3,1,27370,2041,27370,0,0,0,0,0,2041,0,0,0
2019-05-26,port1154,Santa Marta,2,1,3423,0,0,2249,0,0,1173,0,0,0,0,0
2019-05-27,port1154,Santa Marta,1,1,0,1117,0,0,0,0,0,0,1117,0,0,0
2019-05-28,port1154,Santa Marta,2,0,27195,0,26423,0,771,0,0,0,0,0,0,0
2019-05-29,port1154,Santa Marta,1,0,0,4148,0,0,0,0,0,0,0,0,4148,0
2019-05-30,port1154,Santa Marta,2,2,1651,2152,0,1651,0,0,0,0,2152,0,0,0
2019-05-31,port1154,Santa Marta,1,1,481,0,0,481,0,0,0,0,0,0,0,0
2019-06-01,port1154,Santa Marta,4,2,37375,12036,36866,509,0,0,0,6449,5586,0,0,0
2019-06-02,port1154,Santa Marta,2,0,0,51966,0,0,0,0,0,51966,0,0,0,0
2019-06-03,port1154,Santa Marta,3,2,741,1111,0,741,0,0,0,0,1111,0,0,0
2019-06-04,port1154,Santa Marta,2,1,757,33064,0,757,0,0,0,33064,0,0,0,0
2019-06-05,port1154,Santa Marta,1,0,4295,0,0,0,4295,0,0,0,0,0,0,0
2019-06-06,port1154,Santa Marta,2,2,951,0,0,951,0,0,0,0,0,0,0,0
2019-06-07,port1154,Santa Marta,2,1,0,970,0,0,0,0,0,0,970,0,0,0
2019-06-08,port1154,Santa Marta,4,2,41397,1113,36574,4217,0,0,605,0,1020,0,0,92
2019-06-09,port1154,Santa Marta,4,1,3385,43518,0,2616,163,0,605,0,0,0,43426,92
2019-06-10,port1154,Santa Marta,1,1,853,2152,0,853,0,0,0,0,2152,0,0,0
2019-06-11,port1154,Santa Marta,3,1,635,3759,0,635,0,0,0,0,0,0,0,3759
2019-06-12,port1154,Santa Marta,3,0,24591,0,23967,0,165,0,458,0,0,0,0,0
2019-06-13,port1154,Santa Marta,1,1,0,0,0,0,0,0,0,0,0,0,0,0
2019-06-14,port1154,Santa Marta,2,1,1871,4366,0,0,1871,0,0,0,3584,782,0,0
2019-06-15,port1154,Santa Marta,2,2,959,3050,0,959,0,0,0,0,3050,0,0,0
2019-06-16,port1154,Santa Marta,2,1,1499,0,0,1499,0,0,0,0,0,0,0,0
2019-06-17,port1154,Santa Marta,1,1,0,0,0,0,0,0,0,0,0,0,0,0
2019-06-18,port1154,Santa Marta,0,0,0,0,0,0,0,0,0,0,0,0,0,0
2019-06-19,port1154,Santa Marta,1,0,38537,0,38537,0,0,0,0,0,0,0,0,0
2019-06-20,port1154,Santa Marta,3,1,16844,984,0,0,0,16844,0,0,984,0,0,0
2019-06-21,port1154,Santa Marta,1,1,6706,0,0,6706,0,0,0,0,0,0,0,0
2019-06-22,port1154,Santa Marta,5,2,2459,10009,0,0,1871,0,588,5839,3388,782,0,0
2019-06-23,port1154,Santa Marta,3,1,662,38361,0,0,662,0,0,34906,3455,0,0,0
2019-06-24,port1154,Santa Marta,3,2,645,2719,0,0,0,645,0,0,2719,0,0,0
2019-06-25,port1154,Santa Marta,2,0,1210,66553,0,0,1210,0,0,66553,0,0,0,0
2019-06-26,port1154,Santa Marta,3,1,5870,7309,5016,853,0,0,0,0,2152,0,5156,0
2019-06-27,port1154,Santa Marta,2,1,6285,0,0,6285,0,0,0,0,0,0,0,0
2019-06-28,port1154,Santa Marta,3,1,4580,2258,2428,2152,0,0,0,0,0,0,2258,0
2019-06-29,port1154,Santa Marta,2,2,0,9147,0,0,0,0,0,0,9147,0,0,0
2019-06-30,port1154,Santa Marta,2,2,0,12156,0,0,0,0,0,0,12156,0,0,0
2019-07-01,port1154,Santa Marta,1,1,1846,0,0,1846,0,0,0,0,0,0,0,0
2019-07-02,port1154,Santa Marta,2,0,1451,0,1451,0,0,0,0,0,0,0,0,0
2019-07-03,port1154,Santa Marta,0,0,0,0,0,0,0,0,0,0,0,0,0,0
2019-07-04,port1154,Santa Marta,5,3,8829,63813,0,940,7889,0,0,63813,0,0,0,0
2019-07-05,port1154,Santa Marta,1,1,6484,0,0,6484,0,0,0,0,0,0,0,0
2019-07-06,port1154,Santa Marta,7,3,15009,59549,0,3685,10485,0,838,44364,15184,0,0,0
2019-07-07,port1154,Santa Marta,1,1,0,10292,0,0,0,0,0,0,10292,0,0,0
2019-07-08,port1154,Santa Marta,2,1,2232,0,0,2232,0,0,0,0,0,0,0,0
2019-07-09,port1154,Santa Marta,1,1,635,0,0,635,0,0,0,0,0,0,0,0
2019-07-10,port1154,Santa Marta,1,0,494,0,0,0,494,0,0,0,0,0,0,0
2019-07-11,port1154,Santa Marta,3,1,1871,782,0,0,1871,0,0,0,0,782,0,0
2019-07-12,port1154,Santa Marta,1,1,3440,0,0,3440,0,0,0,0,0,0,0,0
2019-07-13,port1154,Santa Marta,4,3,12005,3081,0,4697,7307,0,0,0,3081,0,0,0
2019-07-14,port1154,Santa Marta,2,1,11569,7838,0,0,11569,0,0,0,7838,0,0,0
2019-07-15,port1154,Santa Marta,1,1,734,0,0,734,0,0,0,0,0,0,0,0
2019-07-16,port1154,Santa Marta,1,0,19644,0,19644,0,0,0,0,0,0,0,0,0
2019-07-17,port1154,Santa Marta,1,0,0,0,0,0,0,0,0,0,0,0,0,0
2019-07-18,port1154,Santa Marta,3,2,2529,3143,0,658,1871,0,0,0,2361,782,0,0
2019-07-19,port1154,Santa Marta,2,1,4748,32190,0,4748,0,0,0,32190,0,0,0,0
2019-07-20,port1154,Santa Marta,2,2,0,1469,0,0,0,0,0,0,1469,0,0,0
2019-07-21,port1154,Santa Marta,4,2,47382,12636,46294,0,1088,0,0,0,12636,0,0,0
2019-07-22,port1154,Santa Marta,2,1,50199,5660,50199,0,0,0,0,0,5660,0,0,0
2019-07-23,port1154,Santa Marta,2,0,605,46330,0,0,0,0,605,46237,0,0,0,92
2019-07-24,port1154,Santa Marta,2,1,1418,0,0,659,759,0,0,0,0,0,0,0
2019-07-25,port1154,Santa Marta,3,2,0,33334,0,0,0,0,0,0,270,0,33063,0
2019-07-26,port1154,Santa Marta,2,1,35670,0,30501,5168,0,0,0,0,0,0,0,0
2019-07-27,port1154,Santa Marta,3,2,0,7214,0,0,0,0,0,0,4712,0,2501,0
2019-07-28,port1154,Santa Marta,4,2,34441,4915,32888,1553,0,0,0,0,4915,0,0,0
2019-07-29,port1154,Santa Marta,2,1,1104,50296,0,1104,0,0,0,50296,0,0,0,0
2019-07-30,port1154,Santa Marta,2,1,7908,1979,7908,0,0,0,0,0,1979,0,0,0
2019-07-31,port1154,Santa Marta,2,0,510,0,0,0,0,0,510,0,0,0,0,0
2019-08-01,port1154,Santa Marta,3,2,0,49856,0,0,0,0,0,48572,1284,0,0,0
2019-08-02,port1154,Santa Marta,1,1,6921,0,0,6921,0,0,0,0,0,0,0,0
2019-08-03,port1154,Santa Marta,3,1,24908,2033,24908,0,0,0,0,0,2033,0,0,0
2019-08-04,port1154,Santa Marta,2,2,0,12958,0,0,0,0,0,0,12958,0,0,0
2019-08-05,port1154,Santa Marta,3,1,27165,0,23730,368,0,0,3066,0,0,0,0,0
2019-08-06,port1154,Santa Marta,2,0,9030,2342,0,0,9030,0,0,0,0,0,0,2342
2019-08-07,port1154,Santa Marta,1,0,605,92,0,0,0,0,605,0,0,0,0,92
2019-08-08,port1154,Santa Marta,3,1,920,34686,0,0,0,0,920,31467,3219,0,0,0
2019-08-09,port1154,Santa Marta,1,1,5603,0,0,5603,0,0,0,0,0,0,0,0
2019-08-10,port1154,Santa Marta,4,3,13796,10513,13796,0,0,0,0,0,10513,0,0,0
2019-08-11,port1154,Santa Marta,1,1,0,9787,0,0,0,0,0,0,9787,0,0,0
2019-08-12,port1154,Santa Marta,2,1,5701,0,0,4550,1150,0,0,0,0,0,0,0
2019-08-13,port1154,Santa Marta,4,0,13044,19863,0,0,326,12717,0,8692,0,0,11171,0
2019-08-14,port1154,Santa Marta,4,1,26941,0,26124,817,0,0,0,0,0,0,0,0
2019-08-15,port1154,Santa Marta,3,3,325,971,0,325,0,0,0,0,971,0,0,0
2019-08-16,port1154,Santa Marta,1,1,6911,0,0,6911,0,0,0,0,0,0,0,0
2019-08-17,port1154,Santa Marta,3,2,1005,5723,0,853,151,0,0,0,5723,0,0,0
2019-08-18,port1154,Santa Marta,1,1,0,10951,0,0,0,0,0,0,10951,0,0,0
2019-08-19,port1154,Santa Marta,5,3,1596,80045,0,1596,0,0,0,71022,9022,0,0,0
2019-08-20,port1154,Santa Marta,3,0,24422,11233,15855,0,6234,2332,0,6449,0,0,4783,0
2019-08-21,port1154,Santa Marta,1,1,0,957,0,0,0,0,0,0,957,0,0,0
2019-08-22,port1154,Santa Marta,3,1,0,50670,0,0,0,0,0,50012,658,0,0,0
2019-08-23,port1154,Santa Marta,3,1,9895,0,0,3271,6624,0,0,0,0,0,0,0
2019-08-24,port1154,Santa Marta,2,2,853,6300,0,853,0,0,0,0,6300,0,0,0
2019-08-25,port1154,Santa Marta,3,1,51452,7587,49581,0,1871,0,0,0,6805,782,0,0
2019-08-26,port1154,Santa Marta,3,2,11714,10491,11714,0,0,0,0,0,10491,0,0,0
2019-08-27,port1154,Santa Marta,1,0,0,27506,0,0,0,0,0,27506,0,0,0,0
2019-08-28,port1154,Santa Marta,1,0,8668,0,8668,0,0,0,0,0,0,0,0,0
2019-08-29,port1154,Santa Marta,2,1,0,8351,0,0,0,0,0,0,969,7381,0,0
2019-08-30,port1154,Santa Marta,3,1,26836,2885,22094,4741,0,0,0,0,0,0,2885,0
2019-08-31,port1154,Santa Marta,2,2,0,4913,0,0,0,0,0,0,4913,0,0,0
2019-09-01,port1154,Santa Marta,2,1,1344,2152,490,853,0,0,0,0,2152,0,0,0
2019-09-02,port1154,Santa Marta,2,2,0,6271,0,0,0,0,0,0,6271,0,0,0
2019-09-03,port1154,Santa Marta,4,1,10813,2152,0,853,0,9959,0,0,2152,0,0,0
2019-09-04,port1154,Santa Marta,2,0,23115,0,23115,0,0,0,0,0,0,0,0,0
2019-09-05,port1154,Santa Marta,4,2,151,52769,0,0,151,0,0,49905,2863,0,0,0
2019-09-06,port1154,Santa Marta,2,2,9746,0,0,9746,0,0,0,0,0,0,0,0
2019-09-07,port1154,Santa Marta,4,1,22179,6542,21573,0,0,0,605,6449,0,0,0,92
2019-09-08,port1154,Santa Marta,5,2,14543,10135,12594,1556,392,0,0,0,9808,326,0,0
2019-09-09,port1154,Santa Marta,2,1,16970,6449,15855,1114,0,0,0,6449,0,0,0,0
2019-09-10,port1154,Santa Marta,4,0,64119,0,64119,0,0,0,0,0,0,0,0,0
2019-09-11,port1154,Santa Marta,0,0,0,0,0,0,0,0,0,0,0,0,0,0
2019-09-12,port1154,Santa Marta,2,1,0,45516,0,0,0,0,0,43573,1943,0,0,0
2019-09-13,port1154,Santa Marta,1,1,853,2152,0,853,0,0,0,0,2152,0,0,0
2019-09-14,port1154,Santa Marta,3,2,22691,5842,0,0,0,22691,0,0,5842,0,0,0
2019-09-15,port1154,Santa Marta,3,1,49345,4910,49345,0,0,0,0,0,4910,0,0,0
2019-09-16,port1154,Santa Marta,3,1,15873,50642,15501,372,0,0,0,50642,0,0,0,0
2019-09-17,port1154,Santa Marta,0,0,0,0,0,0,0,0,0,0,0,0,0,0
2019-09-18,port1154,Santa Marta,1,1,853,2152,0,853,0,0,0,0,2152,0,0,0
2019-09-19,port1154,Santa Marta,3,1,39879,0,33185,982,5710,0,0,0,0,0,0,0
2019-09-20,port1154,Santa Marta,2,1,6911,1585,0,6911,0,0,0,0,0,0,1585,0
2019-09-21,port1154,Santa Marta,3,2,0,51228,0,0,0,0,0,44448,6780,0,0,0
2019-09-22,port1154,Santa Marta,3,2,0,10702,0,0,0,0,0,0,10702,0,0,0
2019-09-23,port1154,Santa Marta,3,1,7506,6078,0,373,7132,0,0,0,0,0,6078,0
2019-09-24,port1154,Santa Marta,1,0,0,0,0,0,0,0,0,0,0,0,0,0
2019-09-25,port1154,Santa Marta,2,0,34219,1896,34219,0,0,0,0,0,0,1896,0,0
2019-09-26,port1154,Santa Marta,3,1,1302,27226,0,1302,0,0,0,0,0,0,27226,0
2019-09-27,port1154,Santa Marta,3,1,58694,0,52219,6474,0,0,0,0,0,0,0,0
2019-09-28,port1154,Santa Marta,3,2,853,6324,0,853,0,0,0,0,5207,0,1116,0
2019-09-29,port1154,Santa Marta,1,1,0,7355,0,0,0,0,0,0,7355,0,0,0
2019-09-30,port1154,Santa Marta,3,2,369,48929,0,369,0,0,0,37933,10995,0,0,0
2019-10-01,port1154,Santa Marta,1,0,3656,0,3656,0,0,0,0,0,0,0,0,0
2019-10-02,port1154,Santa Marta,0,0,0,0,0,0,0,0,0,0,0,0,0,0
2019-10-03,port1154,Santa Marta,4,1,35775,3195,35775,0,0,0,0,0,2891,303,0,0
2019-10-04,port1154,Santa Marta,1,1,10619,0,0,10619,0,0,0,0,0,0,0,0
2019-10-05,port1154,Santa Marta,4,2,853,52713,0,853,0,0,0,50560,2152,0,0,0
2019-10-06,port1154,Santa Marta,3,2,30365,18339,30365,0,0,0,0,0,18339,0,0,0
2019-10-07,port1154,Santa Marta,2,1,4647,0,0,1846,0,0,2801,0,0,0,0,0
2019-10-08,port1154,Santa Marta,4,0,23380,18663,22462,0,0,0,918,0,0,18663,0,0
2019-10-09,port1154,Santa Marta,0,0,0,0,0,0,0,0,0,0,0,0,0,0
2019-10-10,port1154,Santa Marta,2,1,0,48117,0,0,0,0,0,46825,1291,0,0,0
2019-10-11,port1154,Santa Marta,3,1,11021,0,0,10182,0,0,838,0,0,0,0,0
2019-10-12,port1154,Santa Marta,2,1,0,2191,0,0,0,0,0,0,2028,163,0,0
2019-10-13,port1154,Santa Marta,2,1,10491,8563,0,0,10491,0,0,0,8563,0,0,0
2019-10-14,port1154,Santa Marta,3,2,29559,10285,28450,1109,0,0,0,0,10285,0,0,0
2019-10-15,port1154,Santa Marta,1,0,0,65820,0,0,0,0,0,65820,0,0,0,0
2019-10-16,port1154,Santa Marta,2,1,17109,6449,15855,1253,0,0,0,6449,0,0,0,0
2019-10-17,port1154,Santa Marta,1,1,0,1913,0,0,0,0,0,0,1913,0,0,0
2019-10-18,port1154,Santa Marta,4,1,28697,0,21969,5603,0,0,1125,0,0,0,0,0
2019-10-19,port1154,Santa Marta,2,2,853,6300,0,853,0,0,0,0,6300,0,0,0
2019-10-20,port1154,Santa Marta,1,1,0,5494,0,0,0,0,0,0,5494,0,0,0
2019-10-21,port1154,Santa Marta,5,2,5700,67540,0,2956,0,2743,0,58551,8834,154,0,0
2019-10-22,port1154,Santa Marta,1,0,9883,0,9883,0,0,0,0,0,0,0,0,0
2019-10-23,port1154,Santa Marta,2,0,32833,0,32833,0,0,0,0,0,0,0,0,0
2019-10-24,port1154,Santa Marta,1,0,0,822,0,0,0,0,0,0,0,822,0,0
2019-10-25,port1154,Santa Marta,3,2,10397,0,0,10397,0,0,0,0,0,0,0,0
2019-10-26,port1154,Santa Marta,3,2,6142,35978,0,6142,0,0,0,34963,1015,0,0,0
2019-10-27,port1154,Santa Marta,3,2,4868,8439,4868,0,0,0,0,0,8439,0,0,0
2019-10-28,port1154,Santa Marta,1,1,0,743,0,0,0,0,0,0,743,0,0,0
2019-10-29,port1154,Santa Marta,2,0,10029,0,6662,0,3366,0,0,0,0,0,0,0
2019-10-30,port1154,Santa Marta,1,0,0,0,0,0,0,0,0,0,0,0,0,0
2019-10-31,port1154,Santa Marta,3,0,1058,88809,0,0,1058,0,0,61599,0,0,27209,0
2019-11-01,port1154,Santa Marta,1,1,2239,0,0,2239,0,0,0,0,0,0,0,0
2019-11-02,port1154,Santa Marta,5,3,21621,4653,12310,9310,0,0,0,0,4386,267,0,0
2019-11-03,port1154,Santa Marta,2,2,0,20120,0,0,0,0,0,0,20120,0,0,0
2019-11-04,port1154,Santa Marta,4,1,4257,2152,0,853,327,3076,0,0,2152,0,0,0
2019-11-05,port1154,Santa Marta,1,0,7213,0,7213,0,0,0,0,0,0,0,0,0
2019-11-06,port1154,Santa Marta,2,1,2022,2275,0,853,0,1169,0,0,2152,0,122,0
2019-11-07,port1154,Santa Marta,2,0,1656,0,1656,0,0,0,0,0,0,0,0,0
2019-11-08,port1154,Santa Marta,5,2,17530,32913,9744,7786,0,0,0,32587,325,0,0,0
2019-11-09,port1154,Santa Marta,3,2,35776,3169,34923,853,0,0,0,0,3169,0,0,0
2019-11-10,port1154,Santa Marta,2,2,0,18355,0,0,0,0,0,0,18355,0,0,0
2019-11-11,port1154,Santa Marta,5,1,3141,54408,0,733,0,0,2408,50744,0,0,3664,0
2019-11-12,port1154,Santa Marta,1,0,19904,0,19904,0,0,0,0,0,0,0,0,0
2019-11-13,port1154,Santa Marta,0,0,0,0,0,0,0,0,0,0,0,0,0,0
2019-11-14,port1154,Santa Marta,2,1,1458,2245,0,853,0,0,605,0,2152,0,0,92
2019-11-15,port1154,Santa Marta,2,1,11495,356,0,11495,0,0,0,0,0,356,0,0
2019-11-16,port1154,Santa Marta,1,1,0,2543,0,0,0,0,0,0,2543,0,0,0
2019-11-17,port1154,Santa Marta,3,2,0,66598,0,0,0,0,0,49099,17499,0,0,0
2019-11-18,port1154,Santa Marta,2,1,1871,1891,0,0,1871,0,0,0,1109,782,0,0
2019-11-19,port1154,Santa Marta,6,0,59494,92,48696,0,3776,6416,605,0,0,0,0,92
2019-11-20,port1154,Santa Marta,0,0,0,0,0,0,0,0,0,0,0,0,0,0
2019-11-21,port1154,Santa Marta,4,1,0,4239,0,0,0,0,0,0,969,3270,0,0
2019-11-22,port1154,Santa Marta,2,1,7786,25338,0,7786,0,0,0,25338,0,0,0,0
2019-11-23,port1154,Santa Marta,3,3,812,2039,0,812,0,0,0,0,2039,0,0,0
2019-11-24,port1154,Santa Marta,3,1,28596,1472,18593,0,10003,0,0,0,1472,0,0,0
2019-11-25,port1154,Santa Marta,3,2,16798,2368,13072,3726,0,0,0,0,2368,0,0,0
2019-11-26,port1154,Santa Marta,2,0,291,0,0,0,291,0,0,0,0,0,0,0
2019-11-27,port1154,Santa Marta,1,0,54494,0,54494,0,0,0,0,0,0,0,0,0
2019-11-28,port1154,Santa Marta,2,1,1633,7865,0,1633,0,0,0,0,0,0,7865,0
2019-11-29,port1154,Santa Marta,1,1,11057,0,0,11057,0,0,0,0,0,0,0,0
2019-11-30,port1154,Santa Marta,3,2,853,4189,0,853,0,0,0,0,4189,0,0,0
2019-12-01,port1154,Santa Marta,1,1,0,9364,0,0,0,0,0,0,9364,0,0,0
2019-12-02,port1154,Santa Marta,2,2,6640,2152,0,6640,0,0,0,0,2152,0,0,0
2019-12-03,port1154,Santa Marta,3,0,26328,37077,0,0,0,26328,0,37077,0,0,0,0
2019-12-04,port1154,Santa Marta,1,1,853,2152,0,853,0,0,0,0,2152,0,0,0
2019-12-05,port1154,Santa Marta,2,0,80575,0,80575,0,0,0,0,0,0,0,0,0
2019-12-06,port1154,Santa Marta,1,1,9746,0,0,9746,0,0,0,0,0,0,0,0
2019-12-07,port1154,Santa Marta,3,2,2229,2033,0,2229,0,0,0,0,2033,0,0,0
2019-12-08,port1154,Santa Marta,2,2,0,21572,0,0,0,0,0,0,21572,0,0,0
2019-12-09,port1154,Santa Marta,1,1,1851,0,0,1851,0,0,0,0,0,0,0,0
2019-12-10,port1154,Santa Marta,1,0,605,92,0,0,0,0,605,0,0,0,0,92
2019-12-11,port1154,Santa Marta,1,1,853,2152,0,853,0,0,0,0,2152,0,0,0
2019-12-12,port1154,Santa Marta,1,1,0,654,0,0,0,0,0,0,654,0,0,0
2019-12-13,port1154,Santa Marta,1,1,853,2152,0,853,0,0,0,0,2152,0,0,0
2019-12-14,port1154,Santa Marta,5,2,19185,16404,15855,853,1871,0,605,6449,9079,782,0,92
2019-12-15,port1154,Santa Marta,3,2,16709,14049,15855,853,0,0,0,6449,7599,0,0,0
2019-12-16,port1154,Santa Marta,2,1,853,3169,0,853,0,0,0,0,2152,0,0,1016
2019-12-17,port1154,Santa Marta,0,0,0,0,0,0,0,0,0,0,0,0,0,0
2019-12-18,port1154,Santa Marta,3,0,2750,874,0,0,2145,0,605,0,0,782,0,92
2019-12-19,port1154,Santa Marta,1,1,853,2152,0,853,0,0,0,0,2152,0,0,0
2019-12-20,port1154,Santa Marta,2,1,853,4656,0,853,0,0,0,0,2152,2503,0,0
2019-12-21,port1154,Santa Marta,3,1,8971,506,0,0,8971,0,0,0,506,0,0,0
2019-12-22,port1154,Santa Marta,1,1,853,2152,0,853,0,0,0,0,2152,0,0,0
2019-12-23,port1154,Santa Marta,3,2,2700,13347,0,2700,0,0,0,0,2152,11194,0,0
2019-12-24,port1154,Santa Marta,2,0,15855,6449,15855,0,0,0,0,6449,0,0,0,0
2019-12-25,port1154,Santa Marta,1,0,1871,782,0,0,1871,0,0,0,0,782,0,0
2019-12-26,port1154,Santa Marta,0,0,0,0,0,0,0,0,0,0,0,0,0,0
2019-12-27,port1154,Santa Marta,1,1,853,2152,0,853,0,0,0,0,2152,0,0,0
2019-12-28,port1154,Santa Marta,4,2,18168,10848,15855,1707,0,0,605,6449,4305,0,0,92
2019-12-29,port1154,Santa Marta,3,3,0,19316,0,0,0,0,0,0,19316,0,0,0
2019-12-30,port1154,Santa Marta,3,1,29540,737,29540,0,0,0,0,0,737,0,0,0
2019-12-31,port1154,Santa Marta,4,1,19524,1714,0,1091,1871,16562,0,0,0,782,932,0
2020-01-01,port1154,Santa Marta,0,0,0,0,0,0,0,0,0,0,0,0,0,0
2020-01-02,port1154,Santa Marta,1,0,0,4196,0,0,0,0,0,0,0,0,4196,0
2020-01-03,port1154,Santa Marta,2,1,32063,0,25579,6484,0,0,0,0,0,0,0,0
2020-01-04,port1154,Santa Marta,3,2,19178,6032,0,853,0,18324,0,0,6032,0,0,0
2020-01-05,port1154,Santa Marta,3,1,16419,881,0,0,15814,0,605,0,788,0,0,92
2020-01-06,port1154,Santa Marta,4,2,18152,11063,0,1099,1871,15182,0,0,10281,782,0,0
2020-01-07,port1154,Santa Marta,2,1,51911,0,50115,1795,0,0,0,0,0,0,0,0
2020-01-08,port1154,Santa Marta,0,0,0,0,0,0,0,0,0,0,0,0,0,0
2020-01-09,port1154,Santa Marta,2,2,1395,2152,0,1395,0,0,0,0,2152,0,0,0
2020-01-10,port1154,Santa Marta,0,0,0,0,0,0,0,0,0,0,0,0,0,0
2020-01-11,port1154,Santa Marta,4,2,853,30780,0,853,0,0,0,26151,3171,0,1457,0
2020-01-12,port1154,Santa Marta,3,2,5662,1911,0,5662,0,0,0,0,0,0,0,1911
2020-01-13,port1154,Santa Marta,1,1,0,6241,0,0,0,0,0,0,6241,0,0,0
2020-01-14,port1154,Santa Marta,2,1,853,21442,0,853,0,0,0,0,2152,19289,0,0
2020-01-15,port1154,Santa Marta,3,1,54325,2152,53200,853,272,0,0,0,2152,0,0,0
2020-01-16,port1154,Santa Marta,2,0,499,21361,0,0,499,0,0,21361,0,0,0,0
2020-01-17,port1154,Santa Marta,3,2,7080,416,0,6474,0,0,605,0,324,0,0,92
2020-01-18,port1154,Santa Marta,2,2,3347,1015,0,3347,0,0,0,0,1015,0,0,0
2020-01-19,port1154,Santa Marta,2,1,26765,5057,26765,0,0,0,0,0,5057,0,0,0
2020-01-20,port1154,Santa Marta,2,1,2677,11643,0,0,0,0,2677,0,11643,0,0,0
2020-01-21,port1154,Santa Marta,2,1,0,15051,0,0,0,0,0,0,3744,0,11306,0
2020-01-22,port1154,Santa Marta,3,1,59117,3274,58263,853,0,0,0,0,2152,0,1121,0
2020-01-23,port1154,Santa Marta,2,1,13996,1537,13996,0,0,0,0,0,1537,0,0,0
2020-01-24,port1154,Santa Marta,1,1,9310,0,0,9310,0,0,0,0,0,0,0,0
2020-01-25,port1154,Santa Marta,1,1,1011,0,0,1011,0,0,0,0,0,0,0,0
2020-01-26,port1154,Santa Marta,3,1,25131,2152,24277,853,0,0,0,0,2152,0,0,0
2020-01-27,port1154,Santa Marta,2,1,853,2152,0,853,0,0,0,0,2152,0,0,0
2020-01-28,port1154,Santa Marta,1,1,853,2152,0,853,0,0,0,0,2152,0,0,0
2020-01-29,port1154,Santa Marta,2,0,15894,0,15894,0,0,0,0,0,0,0,0,0
2020-01-30,port1154,Santa Marta,1,1,0,975,0,0,0,0,0,0,975,0,0,0
2020-01-31,port1154,Santa Marta,2,2,5168,274,0,5168,0,0,0,0,274,0,0,0
2020-02-01,port1154,Santa Marta,2,2,853,4189,0,853,0,0,0,0,4189,0,0,0
2020-02-02,port1154,Santa Marta,5,2,20598,20874,15855,853,3888,0,0,6449,6655,0,7768,0
2020-02-03,port1154,Santa Marta,1,1,0,2232,0,0,0,0,0,0,2232,0,0,0
2020-02-04,port1154,Santa Marta,2,1,19572,2152,0,853,0,18718,0,0,2152,0,0,0
2020-02-05,port1154,Santa Marta,2,1,547,27030,0,547,0,0,0,27030,0,0,0,0
2020-02-06,port1154,Santa Marta,0,0,0,0,0,0,0,0,0,0,0,0,0,0
2020-02-07,port1154,Santa Marta,2,2,9746,1922,0,9746,0,0,0,0,1922,0,0,0
2020-02-08,port1154,Santa Marta,1,1,0,2533,0,0,0,0,0,0,2533,0,0,0
2020-02-09,port1154,Santa Marta,3,1,4412,14306,0,0,4412,0,0,0,13366,0,0,940
2020-02-10,port1154,Santa Marta,2,1,16709,8602,15855,853,0,0,0,6449,2152,0,0,0
2020-02-11,port1154,Santa Marta,3,1,18412,2935,15688,853,1871,0,0,0,2152,782,0,0
2020-02-12,port1154,Santa Marta,0,0,0,0,0,0,0,0,0,0,0,0,0,0
2020-02-13,port1154,Santa Marta,2,1,853,2456,0,853,0,0,0,0,2152,303,0,0
2020-02-14,port1154,Santa Marta,4,1,29180,0,22239,6941,0,0,0,0,0,0,0,0
2020-02-15,port1154,Santa Marta,4,2,1031,2036,1031,0,0,0,0,0,2036,0,0,0
2020-02-16,port1154,Santa Marta,1,1,0,6740,0,0,0,0,0,0,6740,0,0,0
2020-02-17,port1154,Santa Marta,0,0,0,0,0,0,0,0,0,0,0,0,0,0
2020-02-18,port1154,Santa Marta,2,2,603,748,0,603,0,0,0,0,748,0,0,0
2020-02-19,port1154,Santa Marta,1,0,2775,0,0,0,2775,0,0,0,0,0,0,0
2020-02-20,port1154,Santa Marta,4,0,59810,13345,57478,0,0,2332,0,0,0,0,13345,0
2020-02-21,port1154,Santa Marta,4,2,8817,2245,0,8212,0,0,605,0,2152,0,0,92
2020-02-22,port1154,Santa Marta,2,1,3624,1014,3624,0,0,0,0,0,1014,0,0,0
2020-02-23,port1154,Santa Marta,3,1,0,70325,0,0,0,0,0,60813,9512,0,0,0
2020-02-24,port1154,Santa Marta,1,1,0,2229,0,0,0,0,0,0,2229,0,0,0
2020-02-25,port1154,Santa Marta,2,1,13946,1208,0,0,0,13946,0,0,1208,0,0,0
2020-02-26,port1154,Santa Marta,2,0,20384,0,18252,0,0,0,2132,0,0,0,0,0
2020-02-27,port1154,Santa Marta,3,1,165,29979,0,0,165,0,0,29432,546,0,0,0
2020-02-28,port1154,Santa Marta,1,1,7379,0,0,7379,0,0,0,0,0,0,0,0
2020-02-29,port1154,Santa Marta,4,2,48471,3172,47618,853,0,0,0,0,3172,0,0,0
2020-03-01,port1154,Santa Marta,1,1,0,12289,0,0,0,0,0,0,12289,0,0,0
2020-03-02,port1154,Santa Marta,1,1,0,1108,0,0,0,0,0,0,1108,0,0,0
2020-03-03,port1154,Santa Marta,2,1,0,2399,0,0,0,0,0,0,2399,0,0,0
2020-03-04,port1154,Santa Marta,3,1,30296,7543,30296,0,0,0,0,6449,1093,0,0,0
2020-03-05,port1154,Santa Marta,1,1,775,0,0,775,0,0,0,0,0,0,0,0
2020-03-06,port1154,Santa Marta,3,1,5781,92,0,5176,0,0,605,0,0,0,0,92
2020-03-07,port1154,Santa Marta,4,1,151,8079,0,0,151,0,0,6559,1520,0,0,0
2020-03-08,port1154,Santa Marta,1,1,0,17517,0,0,0,0,0,0,17517,0,0,0
2020-03-09,port1154,Santa Marta,1,1,853,2152,0,853,0,0,0,0,2152,0,0,0
2020-03-10,port1154,Santa Marta,1,1,0,2993,0,0,0,0,0,0,2993,0,0,0
2020-03-11,port1154,Santa Marta,3,0,8399,0,3149,0,0,5250,0,0,0,0,0,0
2020-03-12,port1154,Santa Marta,2,1,0,20555,0,0,0,0,0,0,1845,0,18709,0
2020-03-13,port1154,Santa Marta,1,1,7797,0,0,7797,0,0,0,0,0,0,0,0
2020-03-14,port1154,Santa Marta,3,2,1707,4305,0,1707,0,0,0,0,4305,0,0,0
2020-03-15,port1154,Santa Marta,4,1,17045,13940,16880,0,164,0,0,0,13940,0,0,0
2020-03-16,port1154,Santa Marta,2,2,877,1114,0,877,0,0,0,0,1114,0,0,0
2020-03-17,port1154,Santa Marta,2,1,20614,0,18807,1806,0,0,0,0,0,0,0,0
2020-03-18,port1154,Santa Marta,0,0,0,0,0,0,0,0,0,0,0,0,0,0
2020-03-19,port1154,Santa Marta,0,0,0,0,0,0,0,0,0,0,0,0,0,0
2020-03-20,port1154,Santa Marta,3,2,25369,1161,20561,4807,0,0,0,0,1161,0,0,0
2020-03-21,port1154,Santa Marta,2,2,864,4072,0,864,0,0,0,0,4072,0,0,0
2020-03-22,port1154,Santa Marta,1,1,0,8975,0,0,0,0,0,0,8975,0,0,0
2020-03-23,port1154,Santa Marta,1,1,0,2220,0,0,0,0,0,0,2220,0,0,0
2020-03-24,port1154,Santa Marta,3,0,1019,0,0,0,0,0,1019,0,0,0,0,0
2020-03-25,port1154,Santa Marta,1,1,0,1093,0,0,0,0,0,0,1093,0,0,0
2020-03-26,port1154,Santa Marta,0,0,0,0,0,0,0,0,0,0,0,0,0,0
2020-03-27,port1154,Santa Marta,2,1,7369,0,0,7369,0,0,0,0,0,0,0,0
2020-03-28,port1154,Santa Marta,3,3,853,10896,0,853,0,0,0,0,10896,0,0,0
2020-03-29,port1154,Santa Marta,2,0,2937,4876,0,0,0,2332,605,0,0,0,4783,92
2020-03-30,port1154,Santa Marta,2,1,16366,0,15995,371,0,0,0,0,0,0,0,0
2020-03-31,port1154,Santa Marta,4,1,63596,4225,62757,0,0,0,838,0,4225,0,0,0
2020-04-01,port1154,Santa Marta,1,1,546,0,0,546,0,0,0,0,0,0,0,0
2020-04-02,port1154,Santa Marta,3,1,385,61563,0,385,0,0,0,59326,0,0,2236,0
2020-04-03,port1154,Santa Marta,3,1,29568,0,12955,3879,0,12733,0,0,0,0,0,0
2020-04-04,port1154,Santa Marta,4,3,0,21509,0,0,0,0,0,4639,16869,0,0,0
2020-04-05,port1154,Santa Marta,5,0,5336,21650,0,0,5336,0,0,21650,0,0,0,0
2020-04-06,port1154,Santa Marta,2,1,0,3059,0,0,0,0,0,0,3059,0,0,0
2020-04-07,port1154,Santa Marta,2,1,14666,2152,13813,853,0,0,0,0,2152,0,0,0
2020-04-08,port1154,Santa Marta,1,0,0,26017,0,0,0,0,0,0,0,0,26017,0
2020-04-09,port1154,Santa Marta,3,2,10043,337,0,7325,0,0,2718,0,337,0,0,0
2020-04-10,port1154,Santa Marta,2,1,384,0,0,384,0,0,0,0,0,0,0,0
2020-04-11,port1154,Santa Marta,4,3,953,7610,0,953,0,0,0,0,7610,0,0,0
2020-04-12,port1154,Santa Marta,2,0,23159,11539,23159,0,0,0,0,0,0,11539,0,0
2020-04-13,port1154,Santa Marta,3,1,1937,7689,0,1478,0,0,459,0,0,0,7689,0
2020-04-14,port1154,Santa Marta,2,1,1800,133,0,1800,0,0,0,0,0,133,0,0
2020-04-15,port1154,Santa Marta,1,0,0,0,0,0,0,0,0,0,0,0,0,0
2020-04-16,port1154,Santa Marta,3,1,5833,26246,5833,0,0,0,0,0,1159,0,25086,0
2020-04-17,port1154,Santa Marta,1,1,5611,0,0,5611,0,0,0,0,0,0,0,0
2020-04-18,port1154,Santa Marta,3,2,15855,14616,15855,0,0,0,0,6449,8166,0,0,0
2020-04-19,port1154,Santa Marta,2,0,1871,782,0,0,1871,0,0,0,0,782,0,0
2020-04-20,port1154,Santa Marta,2,1,57100,0,56361,739,0,0,0,0,0,0,0,0
2020-04-21,port1154,Santa Marta,4,1,6046,6617,0,0,1871,0,4175,0,3011,782,2824,0
2020-04-22,port1154,Santa Marta,1,0,27266,0,27266,0,0,0,0,0,0,0,0,0
2020-04-23,port1154,Santa Marta,3,1,18150,0,13408,4741,0,0,0,0,0,0,0,0
2020-04-24,port1154,Santa Marta,1,1,853,2152,0,853,0,0,0,0,2152,0,0,0
2020-04-25,port1154,Santa Marta,3,2,1982,2152,0,1819,162,0,0,0,2152,0,0,0
2020-04-26,port1154,Santa Marta,1,1,0,8967,0,0,0,0,0,0,8967,0,0,0
2020-04-27,port1154,Santa Marta,2,1,0,2389,0,0,0,0,0,0,2238,151,0,0
2020-04-28,port1154,Santa Marta,1,1,0,603,0,0,0,0,0,0,603,0,0,0
2020-04-29,port1154,Santa Marta,2,0,0,7410,0,0,0,0,0,0,0,0,7410,0
2020-04-30,port1154,Santa Marta,3,1,1075,12974,0,1075,0,0,0,0,0,460,12513,0
2020-05-01,port1154,Santa Marta,4,2,37220,0,20339,7736,9145,0,0,0,0,0,0,0
2020-05-02,port1154,Santa Marta,5,3,28601,19652,24292,4308,0,0,0,0,19652,0,0,0
2020-05-03,port1154,Santa Marta,2,0,27006,6449,27006,0,0,0,0,6449,0,0,0,0
2020-05-04,port1154,Santa Marta,2,1,266,746,0,0,266,0,0,0,746,0,0,0
2020-05-05,port1154,Santa Marta,2,1,0,10037,0,0,0,0,0,7521,2515,0,0,0
2020-05-06,port1154,Santa Marta,1,0,0,0,0,0,0,0,0,0,0,0,0,0
2020-05-07,port1154,Santa Marta,1,1,853,2152,0,853,0,0,0,0,2152,0,0,0
2020-05-08,port1154,Santa Marta,1,1,9746,0,0,9746,0,0,0,0,0,0,0,0
2020-05-09,port1154,Santa Marta,2,2,0,3934,0,0,0,0,0,0,3934,0,0,0
2020-05-10,port1154,Santa Marta,3,3,853,9439,0,853,0,0,0,0,9439,0,0,0
2020-05-11,port1154,Santa Marta,0,0,0,0,0,0,0,0,0,0,0,0,0,0
2020-05-12,port1154,Santa Marta,3,1,22892,2404,22892,0,0,0,0,0,2404,0,0,0
2020-05-13,port1154,Santa Marta,0,0,0,0,0,0,0,0,0,0,0,0,0,0
2020-05-14,port1154,Santa Marta,1,1,0,385,0,0,0,0,0,0,385,0,0,0
2020-05-15,port1154,Santa Marta,2,1,28126,0,22078,6047,0,0,0,0,0,0,0,0
2020-05-16,port1154,Santa Marta,3,2,0,4208,0,0,0,0,0,0,4208,0,0,0
2020-05-17,port1154,Santa Marta,3,1,301,23716,0,0,301,0,0,0,6187,17529,0,0
2020-05-18,port1154,Santa Marta,1,1,0,2235,0,0,0,0,0,0,2235,0,0,0
2020-05-19,port1154,Santa Marta,3,1,36140,54808,36140,0,0,0,0,54209,598,0,0,0
2020-05-20,port1154,Santa Marta,1,0,0,28825,0,0,0,0,0,0,0,0,28825,0
2020-05-21,port1154,Santa Marta,1,1,1093,0,0,1093,0,0,0,0,0,0,0,0
2020-05-22,port1154,Santa Marta,2,2,6502,1252,0,6502,0,0,0,0,1252,0,0,0
2020-05-23,port1154,Santa Marta,4,3,853,15246,0,853,0,0,0,0,7215,0,8030,0
2020-05-24,port1154,Santa Marta,1,0,0,34104,0,0,0,0,0,0,0,0,34104,0
2020-05-25,port1154,Santa Marta,2,1,328,370,0,0,328,0,0,0,370,0,0,0
2020-05-26,port1154,Santa Marta,1,1,0,1800,0,0,0,0,0,0,1800,0,0,0
2020-05-27,port1154,Santa Marta,2,1,58144,0,56215,1928,0,0,0,0,0,0,0,0
2020-05-28,port1154,Santa Marta,1,0,4380,0,0,0,4380,0,0,0,0,0,0,0
2020-05-29,port1154,Santa Marta,3,2,61039,0,55463,5576,0,0,0,0,0,0,0,0
2020-05-30,port1154,Santa Marta,4,2,6348,4769,0,5659,688,0,0,0,4769,0,0,0
2020-05-31,port1154,Santa Marta,1,1,853,2152,0,853,0,0,0,0,2152,0,0,0
2020-06-01,port1154,Santa Marta,3,1,853,2152,0,853,0,0,0,0,2152,0,0,0
2020-06-02,port1154,Santa Marta,1,1,0,599,0,0,0,0,0,0,599,0,0,0
2020-06-03,port1154,Santa Marta,1,0,0,2091,0,0,0,0,0,0,0,2091,0,0
2020-06-04,port1154,Santa Marta,0,0,0,0,0,0,0,0,0,0,0,0,0,0
2020-06-05,port1154,Santa Marta,3,2,6037,2152,0,6037,0,0,0,0,2152,0,0,0
2020-06-06,port1154,Santa Marta,2,2,853,2152,0,853,0,0,0,0,2152,0,0,0
2020-06-07,port1154,Santa Marta,2,1,0,38240,0,0,0,0,0,32617,5622,0,0,0
2020-06-08,port1154,Santa Marta,0,0,0,0,0,0,0,0,0,0,0,0,0,0
2020-06-09,port1154,Santa Marta,2,1,2724,2935,0,853,1871,0,0,0,2152,782,0,0
2020-06-10,port1154,Santa Marta,1,0,20366,0,20366,0,0,0,0,0,0,0,0,0
2020-06-11,port1154,Santa Marta,3,1,10199,22775,9345,853,0,0,0,0,2152,0,20622,0
2020-06-12,port1154,Santa Marta,3,2,2584,0,0,2584,0,0,0,0,0,0,0,0
2020-06-13,port1154,Santa Marta,3,3,0,14259,0,0,0,0,0,0,14259,0,0,0
2020-06-14,port1154,Santa Marta,1,0,4856,0,0,0,4856,0,0,0,0,0,0,0
2020-06-15,port1154,Santa Marta,1,1,1128,0,0,1128,0,0,0,0,0,0,0,0
2020-06-16,port1154,Santa Marta,0,0,0,0,0,0,0,0,0,0,0,0,0,0
2020-06-17,port1154,Santa Marta,3,0,30615,26063,29776,0,0,0,838,26063,0,0,0,0
2020-06-18,port1154,Santa Marta,2,1,388,4991,0,388,0,0,0,0,0,0,4991,0
2020-06-19,port1154,Santa Marta,1,1,4320,0,0,4320,0,0,0,0,0,0,0,0
2020-06-20,port1154,Santa Marta,4,3,4199,19406,0,1707,0,2492,0,0,13798,0,5608,0
2020-06-21,port1154,Santa Marta,2,0,2332,21550,0,0,0,2332,0,16766,0,0,4783,0
2020-06-22,port1154,Santa Marta,3,2,16701,6449,15855,845,0,0,0,6449,0,0,0,0
2020-06-23,port1154,Santa Marta,1,1,601,0,0,601,0,0,0,0,0,0,0,0
2020-06-24,port1154,Santa Marta,2,1,1871,1057,0,0,1871,0,0,0,275,782,0,0
2020-06-25,port1154,Santa Marta,1,1,0,387,0,0,0,0,0,0,387,0,0,0
2020-06-26,port1154,Santa Marta,1,1,4313,0,0,4313,0,0,0,0,0,0,0,0
2020-06-27,port1154,Santa Marta,4,3,36459,8072,35980,478,0,0,0,0,8072,0,0,0
2020-06-28,port1154,Santa Marta,1,0,0,0,0,0,0,0,0,0,0,0,0,0
2020-06-29,port1154,Santa Marta,1,1,0,375,0,0,0,0,0,0,375,0,0,0
2020-06-30,port1154,Santa Marta,2,1,12672,0,0,0,0,12672,0,0,0,0,0,0
2020-07-01,port1154,Santa Marta,1,0,11165,0,0,0,0,11165,0,0,0,0,0,0
2020-07-02,port1154,Santa Marta,4,1,5788,8293,0,0,5788,0,0,0,1302,0,6991,0
2020-07-03,port1154,Santa Marta,3,2,18536,771,11625,6911,0,0,0,0,771,0,0,0
2020-07-04,port1154,Santa Marta,3,3,1707,16043,0,1707,0,0,0,0,16043,0,0,0
2020-07-05,port1154,Santa Marta,1,0,23196,0,23196,0,0,0,0,0,0,0,0,0
2020-07-06,port1154,Santa Marta,2,1,7747,373,7747,0,0,0,0,0,373,0,0,0
2020-07-07,port1154,Santa Marta,3,1,7133,2152,0,853,6279,0,0,0,2152,0,0,0
2020-07-08,port1154,Santa Marta,0,0,0,0,0,0,0,0,0,0,0,0,0,0
2020-07-09,port1154,Santa Marta,1,1,385,0,0,385,0,0,0,0,0,0,0,0
2020-07-10,port1154,Santa Marta,2,1,56588,0,52281,4307,0,0,0,0,0,0,0,0
2020-07-11,port1154,Santa Marta,3,3,3933,6362,0,3933,0,0,0,0,6362,0,0,0
2020-07-12,port1154,Santa Marta,0,0,0,0,0,0,0,0,0,0,0,0,0,0
2020-07-13,port1154,Santa Marta,1,1,739,0,0,739,0,0,0,0,0,0,0,0
2020-07-14,port1154,Santa Marta,0,0,0,0,0,0,0,0,0,0,0,0,0,0
2020-07-15,port1154,Santa Marta,2,0,0,16327,0,0,0,0,0,15431,0,0,896,0
2020-07-16,port1154,Santa Marta,0,0,0,0,0,0,0,0,0,0,0,0,0,0
2020-07-17,port1154,Santa Marta,2,1,4741,9184,0,4741,0,0,0,0,0,0,9184,0
2020-07-18,port1154,Santa Marta,2,2,853,3108,0,853,0,0,0,0,3108,0,0,0
2020-07-19,port1154,Santa Marta,2,1,4632,10033,0,0,4632,0,0,0,10033,0,0,0
2020-07-20,port1154,Santa Marta,2,1,0,10873,0,0,0,0,0,0,1492,0,9380,0
2020-07-21,port1154,Santa Marta,2,1,5505,2410,5505,0,0,0,0,0,2410,0,0,0
2020-07-22,port1154,Santa Marta,0,0,0,0,0,0,0,0,0,0,0,0,0,0
2020-07-23,port1154,Santa Marta,0,0,0,0,0,0,0,0,0,0,0,0,0,0
2020-07-24,port1154,Santa Marta,3,3,4313,2036,0,4313,0,0,0,0,2036,0,0,0
2020-07-25,port1154,Santa Marta,2,2,853,8372,0,853,0,0,0,0,8372,0,0,0
2020-07-26,port1154,Santa Marta,0,0,0,0,0,0,0,0,0,0,0,0,0,0
2020-07-27,port1154,Santa Marta,4,1,33471,19283,32617,853,0,0,0,16239,2152,890,0,0
2020-07-28,port1154,Santa Marta,2,1,29216,2152,28362,853,0,0,0,0,2152,0,0,0
2020-07-29,port1154,Santa Marta,0,0,0,0,0,0,0,0,0,0,0,0,0,0
2020-07-30,port1154,Santa Marta,3,1,11798,2152,10944,853,0,0,0,0,2152,0,0,0
2020-07-31,port1154,Santa Marta,3,1,15522,0,6115,4734,4672,0,0,0,0,0,0,0
2020-08-01,port1154,Santa Marta,2,2,0,4921,0,0,0,0,0,0,4921,0,0,0
2020-08-02,port1154,Santa Marta,2,2,0,13328,0,0,0,0,0,0,13328,0,0,0
2020-08-03,port1154,Santa Marta,3,1,8883,47392,8883,0,0,0,0,46646,745,0,0,0
2020-08-04,port1154,Santa Marta,2,1,853,2409,0,853,0,0,0,0,2152,256,0,0
2020-08-05,port1154,Santa Marta,1,0,0,48009,0,0,0,0,0,48009,0,0,0,0
2020-08-06,port1154,Santa Marta,1,0,0,0,0,0,0,0,0,0,0,0,0,0
2020-08-07,port1154,Santa Marta,2,2,11440,0,0,11440,0,0,0,0,0,0,0,0
2020-08-08,port1154,Santa Marta,4,3,13513,31311,13513,0,0,0,0,0,31311,0,0,0
2020-08-09,port1154,Santa Marta,1,0,0,0,0,0,0,0,0,0,0,0,0,0
2020-08-10,port1154,Santa Marta,2,1,605,830,0,0,0,0,605,0,738,0,0,92
2020-08-11,port1154,Santa Marta,1,1,0,5724,0,0,0,0,0,0,5724,0,0,0
2020-08-12,port1154,Santa Marta,0,0,0,0,0,0,0,0,0,0,0,0,0,0
2020-08-13,port1154,Santa Marta,2,1,383,45421,0,383,0,0,0,0,0,0,45421,0
2020-08-14,port1154,Santa Marta,2,1,7348,0,0,7348,0,0,0,0,0,0,0,0
2020-08-15,port1154,Santa Marta,4,3,24267,13128,20334,3933,0,0,0,0,13128,0,0,0
2020-08-16,port1154,Santa Marta,2,1,4388,0,0,821,3566,0,0,0,0,0,0,0
2020-08-17,port1154,Santa Marta,1,1,0,3115,0,0,0,0,0,0,3115,0,0,0
2020-08-18,port1154,Santa Marta,1,1,1800,0,0,1800,0,0,0,0,0,0,0,0
2020-08-19,port1154,Santa Marta,0,0,0,0,0,0,0,0,0,0,0,0,0,0
2020-08-20,port1154,Santa Marta,0,0,0,0,0,0,0,0,0,0,0,0,0,0
2020-08-21,port1154,Santa Marta,4,2,15211,11533,0,8650,0,6560,0,0,2152,0,9380,0
2020-08-22,port1154,Santa Marta,5,3,56024,23522,53955,0,2069,0,0,0,23522,0,0,0
2020-08-23,port1154,Santa Marta,0,0,0,0,0,0,0,0,0,0,0,0,0,0
2020-08-24,port1154,Santa Marta,1,1,853,2152,0,853,0,0,0,0,2152,0,0,0
2020-08-25,port1154,Santa Marta,1,1,0,1195,0,0,0,0,0,0,1195,0,0,0
2020-08-26,port1154,Santa Marta,3,0,32309,12899,31711,0,0,0,597,12899,0,0,0,0
2020-08-27,port1154,Santa Marta,0,0,0,0,0,0,0,0,0,0,0,0,0,0
2020-08-28,port1154,Santa Marta,2,1,22777,6449,15855,6921,0,0,0,6449,0,0,0,0
2020-08-29,port1154,Santa Marta,3,2,24257,16520,24257,0,0,0,0,0,16520,0,0,0
2020-08-30,port1154,Santa Marta,0,0,0,0,0,0,0,0,0,0,0,0,0,0
2020-08-31,port1154,Santa Marta,2,1,6899,0,0,745,0,6153,0,0,0,0,0,0
2020-09-01,port1154,Santa Marta,2,1,12773,3594,12773,0,0,0,0,0,3594,0,0,0
2020-09-02,port1154,Santa Marta,0,0,0,0,0,0,0,0,0,0,0,0,0,0
2020-09-03,port1154,Santa Marta,3,1,7079,0,6308,770,0,0,0,0,0,0,0,0
2020-09-04,port1154,Santa Marta,1,1,6511,0,0,6511,0,0,0,0,0,0,0,0
2020-09-05,port1154,Santa Marta,3,3,0,6885,0,0,0,0,0,0,6885,0,0,0
2020-09-06,port1154,Santa Marta,0,0,0,0,0,0,0,0,0,0,0,0,0,0
2020-09-07,port1154,Santa Marta,2,1,24118,0,23748,369,0,0,0,0,0,0,0,0
2020-09-08,port1154,Santa Marta,1,1,3352,0,0,3352,0,0,0,0,0,0,0,0
2020-09-09,port1154,Santa Marta,0,0,0,0,0,0,0,0,0,0,0,0,0,0
2020-09-10,port1154,Santa Marta,3,1,853,8973,0,853,0,0,0,0,2152,0,6820,0
2020-09-11,port1154,Santa Marta,4,2,8258,43903,0,8258,0,0,0,43876,27,0,0,0
2020-09-12,port1154,Santa Marta,4,3,0,22945,0,0,0,0,0,0,13673,0,9272,0
2020-09-13,port1154,Santa Marta,0,0,0,0,0,0,0,0,0,0,0,0,0,0
2020-09-14,port1154,Santa Marta,1,1,3416,0,0,3416,0,0,0,0,0,0,0,0
2020-09-15,port1154,Santa Marta,2,1,12757,2996,0,0,0,12757,0,0,2996,0,0,0
2020-09-16,port1154,Santa Marta,3,1,33386,274,33386,0,0,0,0,0,274,0,0,0
2020-09-17,port1154,Santa Marta,1,1,853,2152,0,853,0,0,0,0,2152,0,0,0
2020-09-18,port1154,Santa Marta,3,1,11588,0,4647,6941,0,0,0,0,0,0,0,0
2020-09-19,port1154,Santa Marta,2,2,0,7499,0,0,0,0,0,0,7499,0,0,0
2020-09-20,port1154,Santa Marta,1,1,0,13855,0,0,0,0,0,0,13855,0,0,0
2020-09-21,port1154,Santa Marta,1,1,0,738,0,0,0,0,0,0,738,0,0,0
2020-09-22,port1154,Santa Marta,3,1,9320,35748,9320,0,0,0,0,33061,2686,0,0,0
2020-09-23,port1154,Santa Marta,0,0,0,0,0,0,0,0,0,0,0,0,0,0
2020-09-24,port1154,Santa Marta,3,1,3541,36863,2687,853,0,0,0,0,2152,0,34710,0
2020-09-25,port1154,Santa Marta,2,1,8685,0,0,7379,0,0,1305,0,0,0,0,0
2020-09-26,port1154,Santa Marta,1,1,0,5908,0,0,0,0,0,0,5908,0,0,0
2020-09-27,port1154,Santa Marta,2,1,0,37564,0,0,0,0,0,25275,12289,0,0,0
2020-09-28,port1154,Santa Marta,1,1,0,372,0,0,0,0,0,0,372,0,0,0
2020-09-29,port1154,Santa Marta,1,1,597,0,0,597,0,0,0,0,0,0,0,0
2020-09-30,port1154,Santa Marta,2,1,3651,0,3377,274,0,0,0,0,0,0,0,0
2020-10-01,port1154,Santa Marta,1,1,0,385,0,0,0,0,0,0,385,0,0,0
2020-10-02,port1154,Santa Marta,3,1,64365,0,58291,6073,0,0,0,0,0,0,0,0
2020-10-03,port1154,Santa Marta,2,2,0,15576,0,0,0,0,0,0,15576,0,0,0
2020-10-04,port1154,Santa Marta,4,0,7944,0,6243,0,1701,0,0,0,0,0,0,0
2020-10-05,port1154,Santa Marta,1,1,368,0,0,368,0,0,0,0,0,0,0,0
2020-10-06,port1154,Santa Marta,2,1,2654,2989,0,0,2654,0,0,0,2989,0,0,0
2020-10-07,port1154,Santa Marta,1,0,16055,0,16055,0,0,0,0,0,0,0,0,0
2020-10-08,port1154,Santa Marta,1,1,768,0,0,768,0,0,0,0,0,0,0,0
2020-10-09,port1154,Santa Marta,3,2,7379,262,0,7379,0,0,0,0,262,0,0,0
2020-10-10,port1154,Santa Marta,3,2,12295,7045,0,853,11442,0,0,0,7045,0,0,0
2020-10-11,port1154,Santa Marta,1,1,0,15584,0,0,0,0,0,0,15584,0,0,0
2020-10-12,port1154,Santa Marta,1,1,853,2152,0,853,0,0,0,0,2152,0,0,0
2020-10-13,port1154,Santa Marta,3,1,853,2152,0,853,0,0,0,0,2152,0,0,0
2020-10-14,port1154,Santa Marta,1,1,271,0,0,271,0,0,0,0,0,0,0,0
2020-10-15,port1154,Santa Marta,3,1,102,770,0,0,0,0,102,0,770,0,0,0
2020-10-16,port1154,Santa Marta,1,1,7379,0,0,7379,0,0,0,0,0,0,0,0
2020-10-17,port1154,Santa Marta,3,2,56361,7820,56361,0,0,0,0,0,7820,0,0,0
2020-10-18,port1154,Santa Marta,2,1,0,13632,0,0,0,0,0,0,11928,0,1703,0
2020-10-19,port1154,Santa Marta,4,1,4993,13901,0,0,0,4993,0,0,1111,12790,0,0
2020-10-20,port1154,Santa Marta,0,0,0,0,0,0,0,0,0,0,0,0,0,0
2020-10-21,port1154,Santa Marta,1,1,0,1346,0,0,0,0,0,0,1346,0,0,0
2020-10-22,port1154,Santa Marta,3,1,1709,47067,0,0,0,1709,0,46680,387,0,0,0
2020-10-23,port1154,Santa Marta,2,1,7829,45186,0,7829,0,0,0,45186,0,0,0,0
2020-10-24,port1154,Santa Marta,2,2,0,6417,0,0,0,0,0,0,6417,0,0,0
2020-10-25,port1154,Santa Marta,2,1,20991,15037,20991,0,0,0,0,0,15037,0,0,0
2020-10-26,port1154,Santa Marta,2,1,8084,0,6612,1471,0,0,0,0,0,0,0,0
2020-10-27,port1154,Santa Marta,2,1,36140,1811,36140,0,0,0,0,0,1811,0,0,0
2020-10-28,port1154,Santa Marta,0,0,0,0,0,0,0,0,0,0,0,0,0,0
2020-10-29,port1154,Santa Marta,2,1,14565,1155,14565,0,0,0,0,0,1155,0,0,0
2020-10-30,port1154,Santa Marta,3,2,6502,1444,0,6502,0,0,0,0,1087,357,0,0
2020-10-31,port1154,Santa Marta,5,1,55837,9626,55837,0,0,0,0,0,7320,0,2306,0
2020-11-01,port1154,Santa Marta,1,1,0,5547,0,0,0,0,0,0,5547,0,0,0
2020-11-02,port1154,Santa Marta,2,1,2673,3263,0,2673,0,0,0,0,0,3263,0,0
2020-11-03,port1154,Santa Marta,3,2,853,40413,0,853,0,0,0,37287,3126,0,0,0
2020-11-04,port1154,Santa Marta,1,0,0,2727,0,0,0,0,0,0,0,0,2727,0
2020-11-05,port1154,Santa Marta,1,1,853,2152,0,853,0,0,0,0,2152,0,0,0
2020-11-06,port1154,Santa Marta,1,1,4755,0,0,4755,0,0,0,0,0,0,0,0
2020-11-07,port1154,Santa Marta,3,2,0,3551,0,0,0,0,0,0,3551,0,0,0
2020-11-08,port1154,Santa Marta,4,1,5452,24236,4993,0,0,0,458,16381,7855,0,0,0
2020-11-09,port1154,Santa Marta,1,1,0,2217,0,0,0,0,0,0,2217,0,0,0
2020-11-10,port1154,Santa Marta,1,1,0,2396,0,0,0,0,0,0,2396,0,0,0
2020-11-11,port1154,Santa Marta,1,1,270,0,0,270,0,0,0,0,0,0,0,0
2020-11-12,port1154,Santa Marta,1,1,0,387,0,0,0,0,0,0,387,0,0,0
2020-11-13,port1154,Santa Marta,3,1,23210,0,19324,3885,0,0,0,0,0,0,0,0
2020-11-14,port1154,Santa Marta,5,3,6057,37258,0,853,5204,0,0,0,27877,0,9380,0
2020-11-15,port1154,Santa Marta,0,0,0,0,0,0,0,0,0,0,0,0,0,0
2020-11-16,port1154,Santa Marta,2,1,16224,6449,15855,368,0,0,0,6449,0,0,0,0
2020-11-17,port1154,Santa Marta,2,1,0,22576,0,0,0,0,0,21381,1195,0,0,0
2020-11-18,port1154,Santa Marta,0,0,0,0,0,0,0,0,0,0,0,0,0,0
2020-11-19,port1154,Santa Marta,3,2,20978,0,18623,2354,0,0,0,0,0,0,0,0
2020-11-20,port1154,Santa Marta,2,1,3902,2042,0,3902,0,0,0,0,0,2042,0,0
2020-11-21,port1154,Santa Marta,3,2,853,2152,0,853,0,0,0,0,2152,0,0,0
2020-11-22,port1154,Santa Marta,3,1,37080,7854,37080,0,0,0,0,0,7298,0,0,556
2020-11-23,port1154,Santa Marta,1,1,853,2152,0,853,0,0,0,0,2152,0,0,0
2020-11-24,port1154,Santa Marta,3,1,36230,3598,36230,0,0,0,0,0,3598,0,0,0
2020-11-25,port1154,Santa Marta,2,1,30970,0,28391,2579,0,0,0,0,0,0,0,0
2020-11-26,port1154,Santa Marta,1,1,812,0,0,812,0,0,0,0,0,0,0,0
2020-11-27,port1154,Santa Marta,3,2,16101,0,10515,5585,0,0,0,0,0,0,0,0
2020-11-28,port1154,Santa Marta,3,3,479,18110,0,479,0,0,0,0,18110,0,0,0
2020-11-29,port1154,Santa Marta,1,0,0,48684,0,0,0,0,0,48684,0,0,0,0
2020-11-30,port1154,Santa Marta,1,1,372,0,0,372,0,0,0,0,0,0,0,0
2020-12-01,port1154,Santa Marta,1,1,0,10188,0,0,0,0,0,0,10188,0,0,0
2020-12-02,port1154,Santa Marta,2,1,1304,0,0,1304,0,0,0,0,0,0,0,0
2020-12-03,port1154,Santa Marta,1,1,853,2152,0,853,0,0,0,0,2152,0,0,0
2020-12-04,port1154,Santa Marta,5,1,8021,2853,0,3461,4560,0,0,0,0,2853,0,0
2020-12-05,port1154,Santa Marta,2,2,0,6865,0,0,0,0,0,0,6865,0,0,0
2020-12-06,port1154,Santa Marta,1,1,0,8967,0,0,0,0,0,0,8967,0,0,0
2020-12-07,port1154,Santa Marta,2,1,13650,0,10307,3342,0,0,0,0,0,0,0,0
2020-12-08,port1154,Santa Marta,1,1,853,2152,0,853,0,0,0,0,2152,0,0,0
2020-12-09,port1154,Santa Marta,2,1,16542,0,15727,814,0,0,0,0,0,0,0,0
2020-12-10,port1154,Santa Marta,3,1,2254,782,0,383,1871,0,0,0,0,782,0,0
2020-12-11,port1154,Santa Marta,3,1,33112,0,27009,5643,0,0,458,0,0,0,0,0
2020-12-12,port1154,Santa Marta,3,1,1991,0,1047,944,0,0,0,0,0,0,0,0
2020-12-13,port1154,Santa Marta,2,1,605,2925,0,0,0,0,605,0,2832,0,0,92
2020-12-14,port1154,Santa Marta,2,1,1449,2152,0,853,0,595,0,0,2152,0,0,0
2020-12-15,port1154,Santa Marta,2,1,0,2009,0,0,0,0,0,0,2009,0,0,0
2020-12-16,port1154,Santa Marta,2,1,605,1515,0,0,0,0,605,0,1423,0,0,92
2020-12-17,port1154,Santa Marta,4,1,549,58490,0,386,163,0,0,58490,0,0,0,0
2020-12-18,port1154,Santa Marta,1,1,4769,0,0,4769,0,0,0,0,0,0,0,0
2020-12-19,port1154,Santa Marta,2,2,0,6950,0,0,0,0,0,0,6950,0,0,0
2020-12-20,port1154,Santa Marta,0,0,0,0,0,0,0,0,0,0,0,0,0,0
2020-12-21,port1154,Santa Marta,2,1,0,7376,0,0,0,0,0,0,744,0,6631,0
2020-12-22,port1154,Santa Marta,1,0,33449,0,33449,0,0,0,0,0,0,0,0,0
2020-12-23,port1154,Santa Marta,0,0,0,0,0,0,0,0,0,0,0,0,0,0
2020-12-24,port1154,Santa Marta,1,1,853,2152,0,853,0,0,0,0,2152,0,0,0
2020-12-25,port1154,Santa Marta,2,2,5636,9483,0,5636,0,0,0,0,9483,0,0,0
2020-12-26,port1154,Santa Marta,3,3,853,3108,0,853,0,0,0,0,3108,0,0,0
2020-12-27,port1154,Santa Marta,1,1,0,8975,0,0,0,0,0,0,8975,0,0,0
2020-12-28,port1154,Santa Marta,3,2,1707,4305,0,1707,0,0,0,0,4305,0,0,0
2020-12-29,port1154,Santa Marta,1,1,0,598,0,0,0,0,0,0,598,0,0,0
2020-12-30,port1154,Santa Marta,1,1,1263,0,0,1263,0,0,0,0,0,0,0,0
2020-12-31,port1154,Santa Marta,0,0,0,0,0,0,0,0,0,0,0,0,0,0
2021-01-01,port1154,Santa Marta,4,2,55927,20863,50318,5609,0,0,0,20863,0,0,0,0
2021-01-02,port1154,Santa Marta,1,1,8214,0,0,8214,0,0,0,0,0,0,0,0
2021-01-03,port1154,Santa Marta,4,1,17402,5622,8569,0,8833,0,0,0,5622,0,0,0
2021-01-04,port1154,Santa Marta,1,1,853,2152,0,853,0,0,0,0,2152,0,0,0
2021-01-05,port1154,Santa Marta,2,1,58146,2152,57292,853,0,0,0,0,2152,0,0,0
2021-01-06,port1154,Santa Marta,2,2,3244,0,0,3244,0,0,0,0,0,0,0,0
2021-01-07,port1154,Santa Marta,1,1,853,2152,0,853,0,0,0,0,2152,0,0,0
2021-01-08,port1154,Santa Marta,1,1,6529,0,0,6529,0,0,0,0,0,0,0,0
2021-01-09,port1154,Santa Marta,6,3,58734,13594,55405,853,1871,0,605,0,12719,782,0,92
2021-01-10,port1154,Santa Marta,0,0,0,0,0,0,0,0,0,0,0,0,0,0
2021-01-11,port1154,Santa Marta,3,1,9586,2152,8732,853,0,0,0,0,2152,0,0,0
2021-01-12,port1154,Santa Marta,3,1,37826,7800,37826,0,0,0,0,6449,1351,0,0,0
2021-01-13,port1154,Santa Marta,0,0,0,0,0,0,0,0,0,0,0,0,0,0
2021-01-14,port1154,Santa Marta,0,0,0,0,0,0,0,0,0,0,0,0,0,0
2021-01-15,port1154,Santa Marta,2,2,6082,1161,0,6082,0,0,0,0,1161,0,0,0
2021-01-16,port1154,Santa Marta,4,3,14697,10415,13844,853,0,0,0,0,10415,0,0,0
2021-01-17,port1154,Santa Marta,1,0,53237,0,53237,0,0,0,0,0,0,0,0,0
2021-01-18,port1154,Santa Marta,3,1,22445,1524,20574,0,1871,0,0,0,742,782,0,0
2021-01-19,port1154,Santa Marta,1,1,0,1205,0,0,0,0,0,0,1205,0,0,0
2021-01-20,port1154,Santa Marta,1,0,1871,782,0,0,1871,0,0,0,0,782,0,0
2021-01-21,port1154,Santa Marta,3,1,15197,270,0,0,0,14600,597,0,270,0,0,0
2021-01-22,port1154,Santa Marta,2,2,5213,385,0,5213,0,0,0,0,385,0,0,0
2021-01-23,port1154,Santa Marta,2,2,1447,2537,0,1447,0,0,0,0,2537,0,0,0
2021-01-24,port1154,Santa Marta,1,1,0,11151,0,0,0,0,0,0,11151,0,0,0
2021-01-25,port1154,Santa Marta,1,0,0,47432,0,0,0,0,0,47432,0,0,0,0
2021-01-26,port1154,Santa Marta,2,2,1707,4305,0,1707,0,0,0,0,4305,0,0,0
2021-01-27,port1154,Santa Marta,0,0,0,0,0,0,0,0,0,0,0,0,0,0
2021-01-28,port1154,Santa Marta,2,1,2332,6321,0,0,0,2332,0,0,1537,0,4783,0
2021-01-29,port1154,Santa Marta,2,1,4782,0,0,4782,0,0,0,0,0,0,0,0
2021-01-30,port1154,Santa Marta,1,1,0,3556,0,0,0,0,0,0,3556,0,0,0
2021-01-31,port1154,Santa Marta,1,1,0,8411,0,0,0,0,0,0,8411,0,0,0
2021-02-01,port1154,Santa Marta,1,1,0,3318,0,0,0,0,0,0,3318,0,0,0
2021-02-02,port1154,Santa Marta,2,1,56398,2152,55544,853,0,0,0,0,2152,0,0,0
2021-02-03,port1154,Santa Marta,3,1,1871,1329,0,0,1871,0,0,0,547,782,0,0
2021-02-04,port1154,Santa Marta,2,0,73801,0,73801,0,0,0,0,0,0,0,0,0
2021-02-05,port1154,Santa Marta,2,1,4775,0,0,4775,0,0,0,0,0,0,0,0
2021-02-06,port1154,Santa Marta,3,2,853,2152,0,853,0,0,0,0,2152,0,0,0
2021-02-07,port1154,Santa Marta,2,1,0,14609,0,0,0,0,0,0,14609,0,0,0
2021-02-08,port1154,Santa Marta,4,1,69468,9182,57586,738,11144,0,0,0,0,9182,0,0
2021-02-09,port1154,Santa Marta,1,1,0,600,0,0,0,0,0,0,600,0,0,0
2021-02-10,port1154,Santa Marta,4,1,1458,15221,0,853,0,0,605,0,2152,0,12976,92
2021-02-11,port1154,Santa Marta,1,0,26853,0,26853,0,0,0,0,0,0,0,0,0
2021-02-12,port1154,Santa Marta,2,1,11187,0,0,4356,6831,0,0,0,0,0,0,0
2021-02-13,port1154,Santa Marta,4,3,0,6007,0,0,0,0,0,0,5497,0,0,510
2021-02-14,port1154,Santa Marta,1,1,0,9522,0,0,0,0,0,0,9522,0,0,0
2021-02-15,port1154,Santa Marta,1,1,853,2152,0,853,0,0,0,0,2152,0,0,0
2021-02-16,port1154,Santa Marta,1,1,602,0,0,602,0,0,0,0,0,0,0,0
2021-02-17,port1154,Santa Marta,3,1,0,42823,0,0,0,0,0,29677,2713,0,10431,0
2021-02-18,port1154,Santa Marta,3,1,57632,770,57632,0,0,0,0,0,770,0,0,0
2021-02-19,port1154,Santa Marta,2,1,6978,0,0,6978,0,0,0,0,0,0,0,0
2021-02-20,port1154,Santa Marta,3,2,11087,9872,11087,0,0,0,0,0,9872,0,0,0
2021-02-21,port1154,Santa Marta,1,1,0,8975,0,0,0,0,0,0,8975,0,0,0
2021-02-22,port1154,Santa Marta,2,1,0,1262,0,0,0,0,0,0,371,890,0,0
2021-02-23,port1154,Santa Marta,1,1,0,3389,0,0,0,0,0,0,3389,0,0,0
2021-02-24,port1154,Santa Marta,0,0,0,0,0,0,0,0,0,0,0,0,0,0
2021-02-25,port1154,Santa Marta,3,1,16534,2152,13544,853,0,2136,0,0,2152,0,0,0
2021-02-26,port1154,Santa Marta,0,0,0,0,0,0,0,0,0,0,0,0,0,0
2021-02-27,port1154,Santa Marta,3,2,6106,3046,0,6106,0,0,0,0,3046,0,0,0
2021-02-28,port1154,Santa Marta,1,1,0,13390,0,0,0,0,0,0,13390,0,0,0
2021-03-01,port1154,Santa Marta,2,1,853,2152,0,853,0,0,0,0,2152,0,0,0
2021-03-02,port1154,Santa Marta,1,1,853,2152,0,853,0,0,0,0,2152,0,0,0
2021-03-03,port1154,Santa Marta,1,1,0,1918,0,0,0,0,0,0,1918,0,0,0
2021-03-04,port1154,Santa Marta,2,1,853,20994,0,853,0,0,0,0,2152,0,18841,0
2021-03-05,port1154,Santa Marta,3,1,6777,0,0,5247,0,0,1529,0,0,0,0,0
2021-03-06,port1154,Santa Marta,1,1,0,9983,0,0,0,0,0,0,9983,0,0,0
2021-03-07,port1154,Santa Marta,2,0,23873,92,23268,0,0,0,605,0,0,0,0,92
2021-03-08,port1154,Santa Marta,2,1,0,14318,0,0,0,0,0,11349,2969,0,0,0
2021-03-09,port1154,Santa Marta,1,1,0,1346,0,0,0,0,0,0,1346,0,0,0
2021-03-10,port1154,Santa Marta,1,0,0,0,0,0,0,0,0,0,0,0,0,0
2021-03-11,port1154,Santa Marta,0,0,0,0,0,0,0,0,0,0,0,0,0,0
2021-03-12,port1154,Santa Marta,2,1,6302,0,0,5681,0,621,0,0,0,0,0,0
2021-03-13,port1154,Santa Marta,4,2,23159,3565,22093,0,1065,0,0,0,3565,0,0,0
2021-03-14,port1154,Santa Marta,3,1,605,11277,0,0,0,0,605,0,11184,0,0,92
2021-03-15,port1154,Santa Marta,1,1,0,1492,0,0,0,0,0,0,1492,0,0,0
2021-03-16,port1154,Santa Marta,1,0,1924,0,0,0,0,0,1924,0,0,0,0,0
2021-03-17,port1154,Santa Marta,3,1,39010,1804,39010,0,0,0,0,0,1804,0,0,0
2021-03-18,port1154,Santa Marta,0,0,0,0,0,0,0,0,0,0,0,0,0,0
2021-03-19,port1154,Santa Marta,3,2,17078,0,9334,7743,0,0,0,0,0,0,0,0
2021-03-20,port1154,Santa Marta,4,2,57641,6442,56787,853,0,0,0,0,2152,0,4289,0
2021-03-21,port1154,Santa Marta,3,1,53181,13366,53016,0,164,0,0,0,13366,0,0,0
2021-03-22,port1154,Santa Marta,1,1,853,2152,0,853,0,0,0,0,2152,0,0,0
2021-03-23,port1154,Santa Marta,1,0,53843,0,53843,0,0,0,0,0,0,0,0,0
2021-03-24,port1154,Santa Marta,3,1,7066,92,5256,1205,0,0,605,0,0,0,0,92
2021-03-25,port1154,Santa Marta,2,1,853,2152,0,853,0,0,0,0,2152,0,0,0
2021-03-26,port1154,Santa Marta,2,2,8272,2152,0,8272,0,0,0,0,2152,0,0,0
2021-03-27,port1154,Santa Marta,2,1,853,2152,0,853,0,0,0,0,2152,0,0,0
2021-03-28,port1154,Santa Marta,4,2,16928,10555,16928,0,0,0,0,0,10555,0,0,0
2021-03-29,port1154,Santa Marta,1,1,853,2152,0,853,0,0,0,0,2152,0,0,0
2021-03-30,port1154,Santa Marta,2,1,20791,0,19585,1205,0,0,0,0,0,0,0,0
2021-03-31,port1154,Santa Marta,1,0,14935,0,14935,0,0,0,0,0,0,0,0,0
2021-04-01,port1154,Santa Marta,2,1,1188,2152,0,853,335,0,0,0,2152,0,0,0
2021-04-02,port1154,Santa Marta,2,1,8269,4476,0,8269,0,0,0,0,0,0,4476,0
2021-04-03,port1154,Santa Marta,4,2,1526,972,0,1526,0,0,0,0,972,0,0,0
2021-04-04,port1154,Santa Marta,4,2,5654,13612,1114,961,0,3577,0,0,13612,0,0,0
2021-04-05,port1154,Santa Marta,1,1,371,0,0,371,0,0,0,0,0,0,0,0
2021-04-06,port1154,Santa Marta,0,0,0,0,0,0,0,0,0,0,0,0,0,0
2021-04-07,port1154,Santa Marta,0,0,0,0,0,0,0,0,0,0,0,0,0,0
2021-04-08,port1154,Santa Marta,2,1,0,387,0,0,0,0,0,0,387,0,0,0
2021-04-09,port1154,Santa Marta,1,1,4566,0,0,4566,0,0,0,0,0,0,0,0
2021-04-10,port1154,Santa Marta,5,2,605,2633,0,0,0,0,605,0,2540,0,0,92
2021-04-11,port1154,Santa Marta,2,1,29281,10077,29281,0,0,0,0,0,10077,0,0,0
2021-04-12,port1154,Santa Marta,1,1,735,0,0,735,0,0,0,0,0,0,0,0
2021-04-13,port1154,Santa Marta,1,1,0,1202,0,0,0,0,0,0,1202,0,0,0
2021-04-14,port1154,Santa Marta,2,1,1417,1670,0,0,1417,0,0,0,1670,0,0,0
2021-04-15,port1154,Santa Marta,3,0,3141,7696,3141,0,0,0,0,0,0,0,7696,0
2021-04-16,port1154,Santa Marta,4,2,0,1717,0,0,0,0,0,0,1553,164,0,0
2021-04-17,port1154,Santa Marta,2,2,5122,1901,0,5122,0,0,0,0,1901,0,0,0
2021-04-18,port1154,Santa Marta,1,1,0,12837,0,0,0,0,0,0,12837,0,0,0
2021-04-19,port1154,Santa Marta,3,1,1622,2245,0,853,163,0,605,0,2152,0,0,92
2021-04-20,port1154,Santa Marta,1,1,0,2025,0,0,0,0,0,0,2025,0,0,0
2021-04-21,port1154,Santa Marta,1,1,0,13062,0,0,0,0,0,0,13062,0,0,0
2021-04-22,port1154,Santa Marta,3,0,1229,7721,0,0,0,0,1229,0,0,0,7721,0
2021-04-23,port1154,Santa Marta,4,2,10311,7210,0,8440,1871,0,0,0,1162,782,5265,0
2021-04-24,port1154,Santa Marta,2,1,26383,0,23799,2583,0,0,0,0,0,0,0,0
2021-04-25,port1154,Santa Marta,1,1,0,9522,0,0,0,0,0,0,9522,0,0,0
2021-04-26,port1154,Santa Marta,3,1,853,60049,0,853,0,0,0,57896,2152,0,0,0
2021-04-27,port1154,Santa Marta,2,1,60507,1804,60507,0,0,0,0,0,1804,0,0,0
2021-04-28,port1154,Santa Marta,2,0,15855,8145,15855,0,0,0,0,6449,0,0,1695,0
2021-04-29,port1154,Santa Marta,2,2,0,955,0,0,0,0,0,0,955,0,0,0
2021-04-30,port1154,Santa Marta,4,2,32945,8602,15855,7667,0,9422,0,6449,2152,0,0,0
2021-05-01,port1154,Santa Marta,3,2,8027,0,0,8027,0,0,0,0,0,0,0,0
2021-05-02,port1154,Santa Marta,2,1,19547,2152,18693,853,0,0,0,0,2152,0,0,0
2021-05-03,port1154,Santa Marta,2,1,372,30178,0,372,0,0,0,30178,0,0,0,0
2021-05-04,port1154,Santa Marta,1,0,6983,0,6983,0,0,0,0,0,0,0,0,0
2021-05-05,port1154,Santa Marta,4,2,14877,3025,5829,262,8785,0,0,0,3025,0,0,0
2021-05-06,port1154,Santa Marta,0,0,0,0,0,0,0,0,0,0,0,0,0,0
2021-05-07,port1154,Santa Marta,2,2,8259,389,0,8259,0,0,0,0,389,0,0,0
2021-05-08,port1154,Santa Marta,5,2,14242,2283,12371,0,1871,0,0,0,1501,782,0,0
2021-05-09,port1154,Santa Marta,3,1,6633,5622,5355,0,1278,0,0,0,5622,0,0,0
2021-05-10,port1154,Santa Marta,3,1,0,371,0,0,0,0,0,0,371,0,0,0
2021-05-11,port1154,Santa Marta,3,1,52154,2152,51301,853,0,0,0,0,2152,0,0,0
2021-05-12,port1154,Santa Marta,0,0,0,0,0,0,0,0,0,0,0,0,0,0
2021-05-13,port1154,Santa Marta,1,1,0,815,0,0,0,0,0,0,815,0,0,0
2021-05-14,port1154,Santa Marta,4,1,38308,782,31575,3940,1871,0,921,0,0,782,0,0
2021-05-15,port1154,Santa Marta,4,2,3277,4305,0,1707,325,1243,0,0,4305,0,0,0
2021-05-16,port1154,Santa Marta,3,1,17158,12816,17158,0,0,0,0,0,12816,0,0,0
2021-05-17,port1154,Santa Marta,1,1,738,0,0,738,0,0,0,0,0,0,0,0
2021-05-18,port1154,Santa Marta,3,1,15143,24771,15143,0,0,0,0,0,8171,0,16600,0
2021-05-19,port1154,Santa Marta,1,0,23295,0,23295,0,0,0,0,0,0,0,0,0
2021-05-20,port1154,Santa Marta,1,0,453,0,0,0,453,0,0,0,0,0,0,0
2021-05-21,port1154,Santa Marta,2,1,19443,0,11666,7777,0,0,0,0,0,0,0,0
2021-05-22,port1154,Santa Marta,2,2,8583,511,0,8583,0,0,0,0,511,0,0,0
2021-05-23,port1154,Santa Marta,1,1,0,8411,0,0,0,0,0,0,8411,0,0,0
2021-05-24,port1154,Santa Marta,2,1,511,0,0,0,0,0,511,0,0,0,0,0
2021-05-25,port1154,Santa Marta,1,1,1199,0,0,1199,0,0,0,0,0,0,0,0
2021-05-26,port1154,Santa Marta,4,2,1434,3333,0,1434,0,0,0,0,1671,0,1661,0
2021-05-27,port1154,Santa Marta,2,1,13733,387,0,0,0,13733,0,0,387,0,0,0
2021-05-28,port1154,Santa Marta,2,1,38171,0,30876,7295,0,0,0,0,0,0,0,0
2021-05-29,port1154,Santa Marta,6,2,4784,18456,0,0,4325,0,458,0,2514,0,15942,0
2021-05-30,port1154,Santa Marta,1,1,0,14702,0,0,0,0,0,0,14702,0,0,0
2021-05-31,port1154,Santa Marta,2,1,3827,0,3086,741,0,0,0,0,0,0,0,0
2021-06-01,port1154,Santa Marta,1,0,0,0,0,0,0,0,0,0,0,0,0,0
2021-06-02,port1154,Santa Marta,3,1,15855,41998,15855,0,0,0,0,39311,2686,0,0,0
2021-06-03,port1154,Santa Marta,1,1,0,1871,0,0,0,0,0,0,1871,0,0,0
2021-06-04,port1154,Santa Marta,3,1,31367,0,24071,7295,0,0,0,0,0,0,0,0
2021-06-05,port1154,Santa Marta,3,2,44535,13178,44535,0,0,0,0,0,13178,0,0,0
2021-06-06,port1154,Santa Marta,1,0,11064,0,11064,0,0,0,0,0,0,0,0,0
2021-06-07,port1154,Santa Marta,1,1,0,374,0,0,0,0,0,0,374,0,0,0
2021-06-08,port1154,Santa Marta,2,1,18732,602,18732,0,0,0,0,0,602,0,0,0
2021-06-09,port1154,Santa Marta,2,1,9582,2152,8729,853,0,0,0,0,2152,0,0,0
2021-06-10,port1154,Santa Marta,3,2,2484,2152,0,2484,0,0,0,0,2152,0,0,0
2021-06-11,port1154,Santa Marta,2,1,29196,0,23663,5533,0,0,0,0,0,0,0,0
2021-06-12,port1154,Santa Marta,2,2,853,2629,0,853,0,0,0,0,2629,0,0,0
2021-06-13,port1154,Santa Marta,4,2,8046,12851,7657,389,0,0,0,0,12851,0,0,0
2021-06-14,port1154,Santa Marta,2,1,890,373,0,0,890,0,0,0,373,0,0,0
2021-06-15,port1154,Santa Marta,1,0,0,47140,0,0,0,0,0,47140,0,0,0,0
2021-06-16,port1154,Santa Marta,2,2,1707,4305,0,1707,0,0,0,0,4305,0,0,0
2021-06-17,port1154,Santa Marta,1,1,4598,0,0,4598,0,0,0,0,0,0,0,0
2021-06-18,port1154,Santa Marta,4,2,9571,2152,0,7352,0,0,2219,0,2152,0,0,0
2021-06-19,port1154,Santa Marta,2,2,853,14993,0,853,0,0,0,0,14993,0,0,0
2021-06-20,port1154,Santa Marta,2,0,11343,92,10737,0,0,0,605,0,0,0,0,92
2021-06-21,port1154,Santa Marta,1,1,0,750,0,0,0,0,0,0,750,0,0,0
2021-06-22,port1154,Santa Marta,1,1,0,600,0,0,0,0,0,0,600,0,0,0
2021-06-23,port1154,Santa Marta,1,0,0,7068,0,0,0,0,0,7068,0,0,0,0
2021-06-24,port1154,Santa Marta,4,1,8003,0,0,449,7554,0,0,0,0,0,0,0
2021-06-25,port1154,Santa Marta,3,2,11027,92,0,10422,0,0,605,0,0,0,0,92
2021-06-26,port1154,Santa Marta,1,1,0,1019,0,0,0,0,0,0,1019,0,0,0
2021-06-27,port1154,Santa Marta,3,2,6300,15598,0,0,0,6300,0,0,15598,0,0,0
2021-06-28,port1154,Santa Marta,0,0,0,0,0,0,0,0,0,0,0,0,0,0
2021-06-29,port1154,Santa Marta,1,0,512,0,0,0,0,0,512,0,0,0,0,0
2021-06-30,port1154,Santa Marta,4,2,10150,1761,9603,547,0,0,0,0,520,0,1241,0
2021-07-01,port1154,Santa Marta,2,2,387,482,0,387,0,0,0,0,482,0,0,0
2021-07-02,port1154,Santa Marta,4,1,62869,0,56099,6769,0,0,0,0,0,0,0,0
2021-07-03,port1154,Santa Marta,1,1,0,0,0,0,0,0,0,0,0,0,0,0
2021-07-04,port1154,Santa Marta,1,1,0,10077,0,0,0,0,0,0,10077,0,0,0
2021-07-05,port1154,Santa Marta,1,1,0,1112,0,0,0,0,0,0,1112,0,0,0
2021-07-06,port1154,Santa Marta,2,1,8368,0,2420,5947,0,0,0,0,0,0,0,0
2021-07-07,port1154,Santa Marta,2,2,1445,235,0,1445,0,0,0,0,235,0,0,0
2021-07-08,port1154,Santa Marta,2,1,0,0,0,0,0,0,0,0,0,0,0,0
2021-07-09,port1154,Santa Marta,2,1,8725,0,0,8725,0,0,0,0,0,0,0,0
2021-07-10,port1154,Santa Marta,4,2,3273,7435,0,853,0,0,2420,0,2627,0,4807,0
2021-07-11,port1154,Santa Marta,1,1,0,14417,0,0,0,0,0,0,14417,0,0,0
2021-07-12,port1154,Santa Marta,3,1,16357,2353,16357,0,0,0,0,0,2353,0,0,0
2021-07-13,port1154,Santa Marta,2,1,20652,0,18638,2014,0,0,0,0,0,0,0,0
2021-07-14,port1154,Santa Marta,2,1,28856,0,28362,493,0,0,0,0,0,0,0,0
2021-07-15,port1154,Santa Marta,2,2,15231,2308,0,15231,0,0,0,0,2308,0,0,0
2021-07-16,port1154,Santa Marta,2,1,39324,0,34495,4829,0,0,0,0,0,0,0,0
2021-07-17,port1154,Santa Marta,4,2,14980,10586,14466,0,0,0,514,0,10586,0,0,0
2021-07-18,port1154,Santa Marta,0,0,0,0,0,0,0,0,0,0,0,0,0,0
2021-07-19,port1154,Santa Marta,3,1,40775,2152,39921,853,0,0,0,0,2152,0,0,0
2021-07-20,port1154,Santa Marta,2,1,0,604,0,0,0,0,0,0,604,0,0,0
2021-07-21,port1154,Santa Marta,2,1,853,2152,0,853,0,0,0,0,2152,0,0,0
2021-07-22,port1154,Santa Marta,2,1,0,21608,0,0,0,0,0,21162,445,0,0,0
2021-07-23,port1154,Santa Marta,2,1,7645,596,0,7645,0,0,0,0,0,0,596,0
2021-07-24,port1154,Santa Marta,3,2,4181,18472,3327,853,0,0,0,0,18472,0,0,0
2021-07-25,port1154,Santa Marta,1,0,11371,0,11371,0,0,0,0,0,0,0,0,0
2021-07-26,port1154,Santa Marta,4,2,984,32596,0,984,0,0,0,31129,1467,0,0,0
2021-07-27,port1154,Santa Marta,2,1,3185,6936,0,853,0,2332,0,0,2152,0,4783,0
2021-07-28,port1154,Santa Marta,3,1,62616,2152,61763,853,0,0,0,0,2152,0,0,0
2021-07-29,port1154,Santa Marta,2,0,15270,782,13399,0,1871,0,0,0,0,782,0,0
2021-07-30,port1154,Santa Marta,3,2,9587,1919,0,9587,0,0,0,0,1919,0,0,0
2021-07-31,port1154,Santa Marta,4,3,2621,13828,0,1707,0,0,914,0,13828,0,0,0
2021-08-01,port1154,Santa Marta,4,1,22161,1169,19655,0,2506,0,0,0,1169,0,0,0
2021-08-02,port1154,Santa Marta,1,1,0,367,0,0,0,0,0,0,367,0,0,0
2021-08-03,port1154,Santa Marta,1,1,2416,0,0,2416,0,0,0,0,0,0,0,0
2021-08-04,port1154,Santa Marta,3,2,476,2329,0,476,0,0,0,0,494,0,1835,0
2021-08-05,port1154,Santa Marta,3,2,1300,13378,0,1300,0,0,0,0,2152,0,11225,0
2021-08-06,port1154,Santa Marta,3,1,13056,0,8214,4842,0,0,0,0,0,0,0,0
2021-08-07,port1154,Santa Marta,3,2,5558,2152,0,5558,0,0,0,0,2152,0,0,0
2021-08-08,port1154,Santa Marta,3,1,12336,11296,0,0,12336,0,0,0,11194,101,0,0
2021-08-09,port1154,Santa Marta,1,1,853,2152,0,853,0,0,0,0,2152,0,0,0
2021-08-10,port1154,Santa Marta,3,1,1528,1355,0,0,0,0,1528,0,1355,0,0,0
2021-08-11,port1154,Santa Marta,2,1,547,11991,0,547,0,0,0,11991,0,0,0,0
2021-08-12,port1154,Santa Marta,2,2,0,2340,0,0,0,0,0,0,2340,0,0,0
2021-08-13,port1154,Santa Marta,1,1,2890,0,0,2890,0,0,0,0,0,0,0,0
2021-08-14,port1154,Santa Marta,3,2,853,16450,0,853,0,0,0,0,11675,0,4774,0
2021-08-15,port1154,Santa Marta,2,0,29450,0,29148,0,302,0,0,0,0,0,0,0
2021-08-16,port1154,Santa Marta,2,1,1111,57896,0,1111,0,0,0,57896,0,0,0,0
2021-08-17,port1154,Santa Marta,2,1,15019,600,0,0,15019,0,0,0,600,0,0,0
2021-08-18,port1154,Santa Marta,2,2,1922,1578,0,1922,0,0,0,0,1578,0,0,0
2021-08-19,port1154,Santa Marta,4,2,34119,0,32216,1902,0,0,0,0,0,0,0,0
2021-08-20,port1154,Santa Marta,1,1,6795,0,0,6795,0,0,0,0,0,0,0,0
2021-08-21,port1154,Santa Marta,4,3,33036,8320,31709,1327,0,0,0,0,8320,0,0,0
2021-08-22,port1154,Santa Marta,3,0,16444,4876,13506,0,0,2332,605,0,0,0,4783,92
2021-08-23,port1154,Santa Marta,1,1,0,3085,0,0,0,0,0,0,3085,0,0,0
2021-08-24,port1154,Santa Marta,1,1,1346,0,0,1346,0,0,0,0,0,0,0,0
2021-08-25,port1154,Santa Marta,4,2,11457,958,409,1474,9573,0,0,0,958,0,0,0
2021-08-26,port1154,Santa Marta,3,1,16461,7013,15855,0,0,0,605,6449,470,0,0,92
2021-08-27,port1154,Santa Marta,2,2,4842,770,0,4842,0,0,0,0,770,0,0,0
2021-08-28,port1154,Santa Marta,4,3,3179,18012,0,853,2326,0,0,0,18012,0,0,0
2021-08-29,port1154,Santa Marta,4,0,98466,0,98466,0,0,0,0,0,0,0,0,0
2021-08-30,port1154,Santa Marta,1,1,3078,0,0,3078,0,0,0,0,0,0,0,0
2021-08-31,port1154,Santa Marta,1,1,0,598,0,0,0,0,0,0,598,0,0,0
2021-09-01,port1154,Santa Marta,1,1,0,780,0,0,0,0,0,0,780,0,0,0
2021-09-02,port1154,Santa Marta,3,1,0,26438,0,0,0,0,0,24727,386,0,1324,0
2021-09-03,port1154,Santa Marta,3,1,35836,0,28484,5803,1548,0,0,0,0,0,0,0
2021-09-04,port1154,Santa Marta,4,2,15855,53743,15855,0,0,0,0,48184,5559,0,0,0
2021-09-05,port1154,Santa Marta,3,1,3827,12816,0,0,1183,2644,0,0,12816,0,0,0
2021-09-06,port1154,Santa Marta,4,1,30012,10633,29275,737,0,0,0,0,0,0,10633,0
2021-09-07,port1154,Santa Marta,1,1,853,2152,0,853,0,0,0,0,2152,0,0,0
2021-09-08,port1154,Santa Marta,3,1,1143,2152,0,853,289,0,0,0,2152,0,0,0
2021-09-09,port1154,Santa Marta,2,1,4023,0,0,1159,0,0,2863,0,0,0,0,0
2021-09-10,port1154,Santa Marta,2,1,28960,0,26058,2901,0,0,0,0,0,0,0,0
2021-09-11,port1154,Santa Marta,3,3,6175,11184,0,6175,0,0,0,0,11184,0,0,0
2021-09-12,port1154,Santa Marta,4,1,42101,0,40621,1480,0,0,0,0,0,0,0,0
2021-09-13,port1154,Santa Marta,2,0,458,0,0,0,0,0,458,0,0,0,0,0
2021-09-14,port1154,Santa Marta,1,0,794,0,0,0,794,0,0,0,0,0,0,0
2021-09-15,port1154,Santa Marta,3,2,1263,4215,0,1263,0,0,0,0,4215,0,0,0
2021-09-16,port1154,Santa Marta,1,1,382,0,0,382,0,0,0,0,0,0,0,0
2021-09-17,port1154,Santa Marta,2,1,12099,0,0,12099,0,0,0,0,0,0,0,0
2021-09-18,port1154,Santa Marta,3,2,853,6241,0,853,0,0,0,0,6241,0,0,0
2021-09-19,port1154,Santa Marta,3,2,0,29365,0,0,0,0,0,15034,14331,0,0,0
2021-09-20,port1154,Santa Marta,2,0,7421,0,7421,0,0,0,0,0,0,0,0,0
2021-09-21,port1154,Santa Marta,1,1,676,0,0,676,0,0,0,0,0,0,0,0
2021-09-22,port1154,Santa Marta,1,1,549,0,0,549,0,0,0,0,0,0,0,0
2021-09-23,port1154,Santa Marta,2,1,0,980,0,0,0,0,0,0,721,259,0,0
2021-09-24,port1154,Santa Marta,2,1,12099,983,0,12099,0,0,0,0,0,0,983,0
2021-09-25,port1154,Santa Marta,2,2,0,3197,0,0,0,0,0,0,3197,0,0,0
2021-09-26,port1154,Santa Marta,0,0,0,0,0,0,0,0,0,0,0,0,0,0
2021-09-27,port1154,Santa Marta,1,1,0,740,0,0,0,0,0,0,740,0,0,0
2021-09-28,port1154,Santa Marta,3,1,2041,1202,0,0,0,2041,0,0,1202,0,0,0
2021-09-29,port1154,Santa Marta,0,0,0,0,0,0,0,0,0,0,0,0,0,0
2021-09-30,port1154,Santa Marta,3,2,3258,2152,0,2800,0,0,457,0,2152,0,0,0
2021-10-01,port1154,Santa Marta,3,1,15320,5608,0,11611,1216,2492,0,0,0,0,5608,0
2021-10-02,port1154,Santa Marta,4,3,3858,8790,3379,478,0,0,0,0,8790,0,0,0
2021-10-03,port1154,Santa Marta,0,0,0,0,0,0,0,0,0,0,0,0,0,0
2021-10-04,port1154,Santa Marta,1,1,0,370,0,0,0,0,0,0,370,0,0,0
2021-10-05,port1154,Santa Marta,3,1,21781,54501,21109,672,0,0,0,54501,0,0,0,0
2021-10-06,port1154,Santa Marta,1,1,1481,0,0,1481,0,0,0,0,0,0,0,0
2021-10-07,port1154,Santa Marta,2,1,853,7698,0,853,0,0,0,0,2152,0,5545,0
2021-10-08,port1154,Santa Marta,4,1,49818,809,38207,11611,0,0,0,0,0,809,0,0
2021-10-09,port1154,Santa Marta,3,2,0,12673,0,0,0,0,0,0,12673,0,0,0
2021-10-10,port1154,Santa Marta,4,1,6571,0,3894,1549,0,0,1127,0,0,0,0,0
2021-10-11,port1154,Santa Marta,1,1,0,742,0,0,0,0,0,0,742,0,0,0
2021-10-12,port1154,Santa Marta,2,1,12938,2413,12938,0,0,0,0,0,2413,0,0,0
2021-10-13,port1154,Santa Marta,3,1,30415,0,29281,975,158,0,0,0,0,0,0,0
2021-10-14,port1154,Santa Marta,2,1,2717,4783,0,385,0,2332,0,0,0,0,4783,0
2021-10-15,port1154,Santa Marta,3,2,17144,0,0,11606,5537,0,0,0,0,0,0,0
2021-10-16,port1154,Santa Marta,3,2,9217,8250,9217,0,0,0,0,0,8250,0,0,0
2021-10-17,port1154,Santa Marta,0,0,0,0,0,0,0,0,0,0,0,0,0,0
2021-10-18,port1154,Santa Marta,2,1,12814,0,11710,1104,0,0,0,0,0,0,0,0
2021-10-19,port1154,Santa Marta,4,2,5217,9148,0,853,1871,2492,0,0,2758,782,5608,0
2021-10-20,port1154,Santa Marta,2,0,6125,5676,6125,0,0,0,0,0,0,0,5676,0
2021-10-21,port1154,Santa Marta,3,1,9853,0,9468,385,0,0,0,0,0,0,0,0
2021-10-22,port1154,Santa Marta,2,1,62783,0,54018,8764,0,0,0,0,0,0,0,0
2021-10-23,port1154,Santa Marta,4,2,61782,2408,58240,3084,0,0,457,0,2408,0,0,0
2021-10-24,port1154,Santa Marta,1,1,0,12289,0,0,0,0,0,0,12289,0,0,0
2021-10-25,port1154,Santa Marta,3,1,738,0,0,738,0,0,0,0,0,0,0,0
2021-10-26,port1154,Santa Marta,1,1,0,3000,0,0,0,0,0,0,3000,0,0,0
2021-10-27,port1154,Santa Marta,0,0,0,0,0,0,0,0,0,0,0,0,0,0
2021-10-28,port1154,Santa Marta,3,1,26433,3680,26433,0,0,0,0,0,0,3680,0,0
2021-10-29,port1154,Santa Marta,4,3,23650,7738,15855,7794,0,0,0,6449,1288,0,0,0
2021-10-30,port1154,Santa Marta,3,2,39219,3601,38366,853,0,0,0,0,3601,0,0,0
2021-10-31,port1154,Santa Marta,2,1,0,39566,0,0,0,0,0,26803,12762,0,0,0
2021-11-01,port1154,Santa Marta,1,0,0,491,0,0,0,0,0,0,0,491,0,0
2021-11-02,port1154,Santa Marta,1,1,0,6082,0,0,0,0,0,0,6082,0,0,0
2021-11-03,port1154,Santa Marta,2,1,853,51738,0,853,0,0,0,49585,2152,0,0,0
2021-11-04,port1154,Santa Marta,1,0,15855,6449,15855,0,0,0,0,6449,0,0,0,0
2021-11-05,port1154,Santa Marta,4,1,37240,1751,30707,5802,729,0,0,0,0,1751,0,0
2021-11-06,port1154,Santa Marta,3,2,486,3062,0,486,0,0,0,0,3062,0,0,0
2021-11-07,port1154,Santa Marta,1,1,0,13390,0,0,0,0,0,0,13390,0,0,0
2021-11-08,port1154,Santa Marta,1,1,0,2683,0,0,0,0,0,0,2683,0,0,0
2021-11-09,port1154,Santa Marta,3,1,6899,3014,6899,0,0,0,0,0,3014,0,0,0
2021-11-10,port1154,Santa Marta,1,1,0,2303,0,0,0,0,0,0,2303,0,0,0
2021-11-11,port1154,Santa Marta,0,0,0,0,0,0,0,0,0,0,0,0,0,0
2021-11-12,port1154,Santa Marta,2,1,11608,0,0,10224,0,0,1384,0,0,0,0,0
2021-11-13,port1154,Santa Marta,4,2,0,58463,0,0,0,0,0,56455,2007,0,0,0
2021-11-14,port1154,Santa Marta,3,1,52493,11426,51888,0,0,0,605,0,11333,0,0,92
2021-11-15,port1154,Santa Marta,1,1,738,0,0,738,0,0,0,0,0,0,0,0
2021-11-16,port1154,Santa Marta,3,1,34452,2671,34452,0,0,0,0,0,2671,0,0,0
2021-11-17,port1154,Santa Marta,3,1,0,25774,0,0,0,0,0,25279,495,0,0,0
2021-11-18,port1154,Santa Marta,1,1,853,2152,0,853,0,0,0,0,2152,0,0,0
2021-11-19,port1154,Santa Marta,2,1,8640,782,0,6769,1871,0,0,0,0,782,0,0
2021-11-20,port1154,Santa Marta,5,3,31903,21972,15855,0,0,16047,0,6449,15522,0,0,0
2021-11-21,port1154,Santa Marta,1,0,31585,0,31585,0,0,0,0,0,0,0,0,0
2021-11-22,port1154,Santa Marta,1,1,0,0,0,0,0,0,0,0,0,0,0,0
2021-11-23,port1154,Santa Marta,1,1,2416,0,0,2416,0,0,0,0,0,0,0,0
2021-11-24,port1154,Santa Marta,1,0,7763,0,0,0,7763,0,0,0,0,0,0,0
2021-11-25,port1154,Santa Marta,1,1,853,2152,0,853,0,0,0,0,2152,0,0,0
2021-11-26,port1154,Santa Marta,4,2,40725,1295,30501,10224,0,0,0,0,1162,132,0,0
2021-11-27,port1154,Santa Marta,2,2,0,5045,0,0,0,0,0,0,5045,0,0,0
2021-11-28,port1154,Santa Marta,3,1,0,55213,0,0,0,0,0,49585,5627,0,0,0
2021-11-29,port1154,Santa Marta,1,1,0,2683,0,0,0,0,0,0,2683,0,0,0
2021-11-30,port1154,Santa Marta,2,1,0,2410,0,0,0,0,0,0,2410,0,0,0
2021-12-01,port1154,Santa Marta,3,1,53439,8602,52586,853,0,0,0,6449,2152,0,0,0
2021-12-02,port1154,Santa Marta,2,1,8930,0,6763,2166,0,0,0,0,0,0,0,0
2021-12-03,port1154,Santa Marta,1,1,6273,0,0,6273,0,0,0,0,0,0,0,0
2021-12-04,port1154,Santa Marta,5,2,31909,48184,28979,2427,502,0,0,43571,4612,0,0,0
2021-12-05,port1154,Santa Marta,3,2,26098,15098,26098,0,0,0,0,0,15098,0,0,0
2021-12-06,port1154,Santa Marta,2,1,15340,0,0,3318,0,12021,0,0,0,0,0,0
2021-12-07,port1154,Santa Marta,1,1,0,1802,0,0,0,0,0,0,1802,0,0,0
2021-12-08,port1154,Santa Marta,2,0,0,0,0,0,0,0,0,0,0,0,0,0
2021-12-09,port1154,Santa Marta,2,1,5825,0,5374,450,0,0,0,0,0,0,0,0
2021-12-10,port1154,Santa Marta,2,1,853,3224,0,853,0,0,0,0,2152,1071,0,0
2021-12-11,port1154,Santa Marta,4,3,2786,2537,0,2786,0,0,0,0,2537,0,0,0
2021-12-12,port1154,Santa Marta,1,1,0,12762,0,0,0,0,0,0,12762,0,0,0
2021-12-13,port1154,Santa Marta,2,1,0,3313,0,0,0,0,0,0,3313,0,0,0
2021-12-14,port1154,Santa Marta,1,1,0,4052,0,0,0,0,0,0,4052,0,0,0
2021-12-15,port1154,Santa Marta,1,0,2232,0,0,0,0,0,2232,0,0,0,0,0
2021-12-16,port1154,Santa Marta,1,0,0,24559,0,0,0,0,0,0,0,0,24559,0
2021-12-17,port1154,Santa Marta,2,1,36585,0,32242,4343,0,0,0,0,0,0,0,0
2021-12-18,port1154,Santa Marta,3,3,853,15931,0,853,0,0,0,0,15931,0,0,0
2021-12-19,port1154,Santa Marta,1,0,0,48731,0,0,0,0,0,48731,0,0,0,0
2021-12-20,port1154,Santa Marta,0,0,0,0,0,0,0,0,0,0,0,0,0,0
2021-12-21,port1154,Santa Marta,3,1,1668,599,0,0,1668,0,0,0,599,0,0,0
2021-12-22,port1154,Santa Marta,0,0,0,0,0,0,0,0,0,0,0,0,0,0
2021-12-23,port1154,Santa Marta,2,2,2317,1165,0,2317,0,0,0,0,1165,0,0,0
2021-12-24,port1154,Santa Marta,1,1,6760,0,0,6760,0,0,0,0,0,0,0,0
2021-12-25,port1154,Santa Marta,3,2,7064,2550,0,7064,0,0,0,0,2550,0,0,0
2021-12-26,port1154,Santa Marta,1,1,0,12145,0,0,0,0,0,0,12145,0,0,0
2021-12-27,port1154,Santa Marta,3,1,58992,6449,57463,1529,0,0,0,6449,0,0,0,0
2021-12-28,port1154,Santa Marta,2,1,853,17005,0,853,0,0,0,0,2152,14852,0,0
2021-12-29,port1154,Santa Marta,4,1,15957,2152,15103,853,0,0,0,0,2152,0,0,0
2021-12-30,port1154,Santa Marta,2,0,12446,8821,12446,0,0,0,0,8821,0,0,0,0
2021-12-31,port1154,Santa Marta,1,0,1459,0,1459,0,0,0,0,0,0,0,0,0
2022-01-01,port1154,Santa Marta,2,2,853,5732,0,853,0,0,0,0,5732,0,0,0
2022-01-02,port1154,Santa Marta,4,2,1768,8958,0,388,0,0,1380,0,8958,0,0,0
2022-01-03,port1154,Santa Marta,2,1,25694,2346,25694,0,0,0,0,0,2346,0,0,0
2022-01-04,port1154,Santa Marta,4,0,50265,6449,46336,0,3928,0,0,6449,0,0,0,0
2022-01-05,port1154,Santa Marta,0,0,0,0,0,0,0,0,0,0,0,0,0,0
2022-01-06,port1154,Santa Marta,2,2,0,1632,0,0,0,0,0,0,1632,0,0,0
2022-01-07,port1154,Santa Marta,2,1,21642,6449,15855,5787,0,0,0,6449,0,0,0,0
2022-01-08,port1154,Santa Marta,2,1,3643,508,0,0,0,0,3643,0,508,0,0,0
2022-01-09,port1154,Santa Marta,3,1,15855,18866,15855,0,0,0,0,6449,12416,0,0,0
2022-01-10,port1154,Santa Marta,3,0,52559,355,52559,0,0,0,0,0,0,355,0,0
2022-01-11,port1154,Santa Marta,4,2,17662,6449,15855,1806,0,0,0,6449,0,0,0,0
2022-01-12,port1154,Santa Marta,4,2,11379,3938,8654,853,1871,0,0,0,3155,782,0,0
2022-01-13,port1154,Santa Marta,3,1,3742,3115,0,0,3742,0,0,0,1551,1564,0,0
2022-01-14,port1154,Santa Marta,2,1,7248,9096,0,7248,0,0,0,9096,0,0,0,0
2022-01-15,port1154,Santa Marta,4,1,40110,5079,40110,0,0,0,0,4058,1020,0,0,0
2022-01-16,port1154,Santa Marta,3,1,15855,15752,15855,0,0,0,0,6449,3317,0,5985,0
2022-01-17,port1154,Santa Marta,2,0,9143,0,7616,0,1526,0,0,0,0,0,0,0
2022-01-18,port1154,Santa Marta,1,1,1212,0,0,1212,0,0,0,0,0,0,0,0
2022-01-19,port1154,Santa Marta,3,1,35331,2312,35331,0,0,0,0,0,988,1324,0,0
2022-01-20,port1154,Santa Marta,2,1,53170,1345,53170,0,0,0,0,0,1345,0,0,0
2022-01-21,port1154,Santa Marta,3,1,9204,34141,0,9204,0,0,0,0,0,453,33687,0
2022-01-22,port1154,Santa Marta,2,2,962,2041,0,962,0,0,0,0,2041,0,0,0
2022-01-23,port1154,Santa Marta,5,2,13390,5820,8636,0,0,4753,0,0,5820,0,0,0
2022-01-24,port1154,Santa Marta,2,1,0,740,0,0,0,0,0,0,740,0,0,0
2022-01-25,port1154,Santa Marta,3,1,62716,0,59546,2713,0,0,456,0,0,0,0,0
2022-01-26,port1154,Santa Marta,0,0,0,0,0,0,0,0,0,0,0,0,0,0
2022-01-27,port1154,Santa Marta,2,1,853,15568,0,853,0,0,0,13415,2152,0,0,0
2022-01-28,port1154,Santa Marta,2,1,6808,18036,0,6808,0,0,0,18036,0,0,0,0
2022-01-29,port1154,Santa Marta,3,2,28702,4607,28220,482,0,0,0,0,4607,0,0,0
2022-01-30,port1154,Santa Marta,3,2,0,18626,0,0,0,0,0,0,14984,0,3642,0
2022-01-31,port1154,Santa Marta,1,1,0,0,0,0,0,0,0,0,0,0,0,0
2022-02-01,port1154,Santa Marta,2,1,32753,1213,32753,0,0,0,0,0,1213,0,0,0
2022-02-02,port1154,Santa Marta,1,0,15855,6449,15855,0,0,0,0,6449,0,0,0,0
2022-02-03,port1154,Santa Marta,2,0,11612,12246,0,0,0,11612,0,12246,0,0,0,0
2022-02-04,port1154,Santa Marta,2,1,11417,0,7575,3841,0,0,0,0,0,0,0,0
2022-02-05,port1154,Santa Marta,2,2,6804,11718,0,6804,0,0,0,0,11718,0,0,0
2022-02-06,port1154,Santa Marta,1,0,3366,0,0,0,3366,0,0,0,0,0,0,0
2022-02-07,port1154,Santa Marta,3,1,1871,1149,0,0,1871,0,0,0,367,782,0,0
2022-02-08,port1154,Santa Marta,1,0,19355,0,19355,0,0,0,0,0,0,0,0,0
2022-02-09,port1154,Santa Marta,2,2,2647,0,0,2647,0,0,0,0,0,0,0,0
2022-02-10,port1154,Santa Marta,4,1,61288,0,59357,387,1543,0,0,0,0,0,0,0
2022-02-11,port1154,Santa Marta,0,0,0,0,0,0,0,0,0,0,0,0,0,0
2022-02-12,port1154,Santa Marta,2,2,1978,0,0,1978,0,0,0,0,0,0,0,0
2022-02-13,port1154,Santa Marta,1,1,0,7346,0,0,0,0,0,0,7346,0,0,0
2022-02-14,port1154,Santa Marta,3,1,1088,33102,0,853,235,0,0,30949,2152,0,0,0
2022-02-15,port1154,Santa Marta,2,1,2050,1215,0,0,2050,0,0,0,1215,0,0,0
2022-02-16,port1154,Santa Marta,1,0,3175,0,3175,0,0,0,0,0,0,0,0,0
2022-02-17,port1154,Santa Marta,3,2,954,388,0,485,469,0,0,0,388,0,0,0
2022-02-18,port1154,Santa Marta,2,0,19025,92,18420,0,0,0,605,0,0,0,0,92
2022-02-19,port1154,Santa Marta,5,2,1989,12792,0,0,1989,0,0,0,8986,3806,0,0
2022-02-20,port1154,Santa Marta,2,1,1931,15196,0,1931,0,0,0,15196,0,0,0,0
2022-02-21,port1154,Santa Marta,1,1,0,734,0,0,0,0,0,0,734,0,0,0
2022-02-22,port1154,Santa Marta,1,1,0,2436,0,0,0,0,0,0,2436,0,0,0
2022-02-23,port1154,Santa Marta,1,0,0,0,0,0,0,0,0,0,0,0,0,0
2022-02-24,port1154,Santa Marta,1,0,1871,782,0,0,1871,0,0,0,0,782,0,0
2022-02-25,port1154,Santa Marta,0,0,0,0,0,0,0,0,0,0,0,0,0,0
2022-02-26,port1154,Santa Marta,4,2,28729,1532,28246,482,0,0,0,0,1532,0,0,0
2022-02-27,port1154,Santa Marta,2,1,29782,2152,28928,853,0,0,0,0,2152,0,0,0
2022-02-28,port1154,Santa Marta,1,1,1841,0,0,1841,0,0,0,0,0,0,0,0
2022-03-01,port1154,Santa Marta,2,1,30603,1813,0,0,0,30603,0,0,1813,0,0,0
2022-03-02,port1154,Santa Marta,0,0,0,0,0,0,0,0,0,0,0,0,0,0
2022-03-03,port1154,Santa Marta,1,0,51757,0,51757,0,0,0,0,0,0,0,0,0
2022-03-04,port1154,Santa Marta,1,0,1305,0,0,0,0,0,1305,0,0,0,0,0
2022-03-05,port1154,Santa Marta,4,2,18935,9623,18082,853,0,0,0,6449,3173,0,0,0
2022-03-06,port1154,Santa Marta,1,1,0,5846,0,0,0,0,0,0,5846,0,0,0
2022-03-07,port1154,Santa Marta,2,1,2332,5153,0,0,0,2332,0,0,369,0,4783,0
2022-03-08,port1154,Santa Marta,2,1,0,30404,0,0,0,0,0,28362,2041,0,0,0
2022-03-09,port1154,Santa Marta,2,1,3161,2467,0,0,3161,0,0,0,2467,0,0,0
2022-03-10,port1154,Santa Marta,2,1,2322,0,1933,389,0,0,0,0,0,0,0,0
2022-03-11,port1154,Santa Marta,3,0,18396,6449,15855,0,0,1155,1384,6449,0,0,0,0
2022-03-12,port1154,Santa Marta,2,2,509,2447,0,509,0,0,0,0,2447,0,0,0
2022-03-13,port1154,Santa Marta,1,0,7786,0,7786,0,0,0,0,0,0,0,0,0
2022-03-14,port1154,Santa Marta,2,1,25388,0,24280,1108,0,0,0,0,0,0,0,0
2022-03-15,port1154,Santa Marta,1,1,0,1214,0,0,0,0,0,0,1214,0,0,0
2022-03-16,port1154,Santa Marta,3,0,10510,34628,10510,0,0,0,0,0,0,0,34065,563
2022-03-17,port1154,Santa Marta,0,0,0,0,0,0,0,0,0,0,0,0,0,0
2022-03-18,port1154,Santa Marta,2,1,8172,0,8172,0,0,0,0,0,0,0,0,0
2022-03-19,port1154,Santa Marta,3,1,16709,15516,15855,853,0,0,0,6449,2152,6913,0,0
2022-03-20,port1154,Santa Marta,2,1,0,51221,0,0,0,0,0,35527,15694,0,0,0
2022-03-21,port1154,Santa Marta,3,2,2342,2152,0,2342,0,0,0,0,2152,0,0,0
2022-03-22,port1154,Santa Marta,4,2,6384,3785,6384,0,0,0,0,0,3785,0,0,0
2022-03-23,port1154,Santa Marta,3,0,19740,0,17978,0,0,0,1761,0,0,0,0,0
2022-03-24,port1154,Santa Marta,1,1,0,388,0,0,0,0,0,0,388,0,0,0
2022-03-25,port1154,Santa Marta,1,0,149,0,0,0,149,0,0,0,0,0,0,0
2022-03-26,port1154,Santa Marta,2,2,0,15818,0,0,0,0,0,0,15818,0,0,0
2022-03-27,port1154,Santa Marta,0,0,0,0,0,0,0,0,0,0,0,0,0,0
2022-03-28,port1154,Santa Marta,2,1,739,0,0,739,0,0,0,0,0,0,0,0
2022-03-29,port1154,Santa Marta,2,1,0,27452,0,0,0,0,0,0,1822,0,25629,0
2022-03-30,port1154,Santa Marta,0,0,0,0,0,0,0,0,0,0,0,0,0,0
2022-03-31,port1154,Santa Marta,3,2,0,5299,0,0,0,0,0,0,1645,0,3654,0
2022-04-01,port1154,Santa Marta,0,0,0,0,0,0,0,0,0,0,0,0,0,0
2022-04-02,port1154,Santa Marta,4,2,17039,12514,15855,853,329,0,0,6449,6064,0,0,0
2022-04-03,port1154,Santa Marta,1,0,16443,0,16443,0,0,0,0,0,0,0,0,0
2022-04-04,port1154,Santa Marta,1,1,370,0,0,370,0,0,0,0,0,0,0,0
2022-04-05,port1154,Santa Marta,3,2,3894,5762,3894,0,0,0,0,0,5762,0,0,0
2022-04-06,port1154,Santa Marta,0,0,0,0,0,0,0,0,0,0,0,0,0,0
2022-04-07,port1154,Santa Marta,2,1,0,32752,0,0,0,0,0,31972,780,0,0,0
2022-04-08,port1154,Santa Marta,0,0,0,0,0,0,0,0,0,0,0,0,0,0
2022-04-09,port1154,Santa Marta,3,2,20003,0,15587,4415,0,0,0,0,0,0,0,0
2022-04-10,port1154,Santa Marta,2,1,8376,0,6418,1958,0,0,0,0,0,0,0,0
2022-04-11,port1154,Santa Marta,1,1,745,0,0,745,0,0,0,0,0,0,0,0
2022-04-12,port1154,Santa Marta,2,1,10647,3623,10647,0,0,0,0,0,3623,0,0,0
2022-04-13,port1154,Santa Marta,1,0,32806,0,32806,0,0,0,0,0,0,0,0,0
2022-04-14,port1154,Santa Marta,1,0,1461,0,0,0,1461,0,0,0,0,0,0,0
2022-04-15,port1154,Santa Marta,1,0,3745,0,0,0,3745,0,0,0,0,0,0,0
2022-04-16,port1154,Santa Marta,3,3,2065,2914,0,2065,0,0,0,0,2914,0,0,0
2022-04-17,port1154,Santa Marta,1,1,0,6939,0,0,0,0,0,0,6939,0,0,0
2022-04-18,port1154,Santa Marta,1,1,2577,0,0,2577,0,0,0,0,0,0,0,0
2022-04-19,port1154,Santa Marta,4,0,59005,7534,57699,0,0,0,1305,6449,0,1084,0,0
2022-04-20,port1154,Santa Marta,2,0,555,45676,0,0,0,0,555,45676,0,0,0,0
2022-04-21,port1154,Santa Marta,3,1,5822,1357,0,0,4949,0,873,0,1357,0,0,0
2022-04-22,port1154,Santa Marta,2,1,178,389,0,0,178,0,0,0,389,0,0,0
2022-04-23,port1154,Santa Marta,4,1,66765,10024,33061,0,0,33704,0,6449,3574,0,0,0
2022-04-24,port1154,Santa Marta,3,1,18016,10361,15855,0,2160,0,0,6449,3911,0,0,0
2022-04-25,port1154,Santa Marta,2,1,17323,6449,15855,1467,0,0,0,6449,0,0,0,0
2022-04-26,port1154,Santa Marta,1,0,34707,0,34707,0,0,0,0,0,0,0,0,0
2022-04-27,port1154,Santa Marta,1,1,0,3047,0,0,0,0,0,0,3047,0,0,0
2022-04-28,port1154,Santa Marta,2,0,8576,0,0,0,3624,4951,0,0,0,0,0,0
2022-04-29,port1154,Santa Marta,2,1,58678,387,58678,0,0,0,0,0,387,0,0,0
2022-04-30,port1154,Santa Marta,2,2,9323,2152,0,9323,0,0,0,0,2152,0,0,0
2022-05-01,port1154,Santa Marta,3,1,68330,9297,68330,0,0,0,0,0,9297,0,0,0
2022-05-02,port1154,Santa Marta,1,1,853,2152,0,853,0,0,0,0,2152,0,0,0
2022-05-03,port1154,Santa Marta,1,1,0,2718,0,0,0,0,0,0,2718,0,0,0
2022-05-04,port1154,Santa Marta,2,1,5415,2152,4562,853,0,0,0,0,2152,0,0,0
2022-05-05,port1154,Santa Marta,1,0,15855,6449,15855,0,0,0,0,6449,0,0,0,0
2022-05-06,port1154,Santa Marta,1,1,0,390,0,0,0,0,0,0,390,0,0,0
2022-05-07,port1154,Santa Marta,2,1,8180,3066,8180,0,0,0,0,0,3066,0,0,0
2022-05-08,port1154,Santa Marta,1,1,0,0,0,0,0,0,0,0,0,0,0,0
2022-05-09,port1154,Santa Marta,2,1,3383,0,2283,1099,0,0,0,0,0,0,0,0
2022-05-10,port1154,Santa Marta,1,1,0,600,0,0,0,0,0,0,600,0,0,0
2022-05-11,port1154,Santa Marta,1,0,838,0,0,0,0,0,838,0,0,0,0,0
2022-05-12,port1154,Santa Marta,2,0,25768,0,22681,0,3086,0,0,0,0,0,0,0
2022-05-13,port1154,Santa Marta,4,2,924,2222,0,0,0,0,924,0,2222,0,0,0
2022-05-14,port1154,Santa Marta,2,2,1707,4305,0,1707,0,0,0,0,4305,0,0,0
2022-05-15,port1154,Santa Marta,1,1,0,7395,0,0,0,0,0,0,7395,0,0,0
2022-05-16,port1154,Santa Marta,2,1,1478,50341,0,1478,0,0,0,50341,0,0,0,0
2022-05-17,port1154,Santa Marta,3,0,3230,0,2900,0,329,0,0,0,0,0,0,0
2022-05-18,port1154,Santa Marta,2,2,1707,4305,0,1707,0,0,0,0,4305,0,0,0
2022-05-19,port1154,Santa Marta,3,0,2332,4783,0,0,0,2332,0,0,0,0,4783,0
2022-05-20,port1154,Santa Marta,1,0,608,0,0,0,608,0,0,0,0,0,0,0
2022-05-21,port1154,Santa Marta,4,3,0,10356,0,0,0,0,0,0,10356,0,0,0
2022-05-22,port1154,Santa Marta,3,1,21052,390,16358,0,4693,0,0,0,390,0,0,0
2022-05-23,port1154,Santa Marta,2,0,0,78181,0,0,0,0,0,78181,0,0,0,0
2022-05-24,port1154,Santa Marta,1,1,0,1210,0,0,0,0,0,0,1210,0,0,0
2022-05-25,port1154,Santa Marta,2,1,26681,0,26312,368,0,0,0,0,0,0,0,0
2022-05-26,port1154,Santa Marta,2,1,57272,0,56373,898,0,0,0,0,0,0,0,0
2022-05-27,port1154,Santa Marta,1,1,772,0,0,772,0,0,0,0,0,0,0,0
2022-05-28,port1154,Santa Marta,3,2,5400,4783,0,3067,0,2332,0,0,0,0,4783,0
2022-05-29,port1154,Santa Marta,4,1,58409,10429,58409,0,0,0,0,6491,3937,0,0,0
2022-05-30,port1154,Santa Marta,1,0,0,4290,0,0,0,0,0,4290,0,0,0,0
2022-05-31,port1154,Santa Marta,0,0,0,0,0,0,0,0,0,0,0,0,0,0
2022-06-01,port1154,Santa Marta,2,1,61965,0,59953,2011,0,0,0,0,0,0,0,0
2022-06-02,port1154,Santa Marta,2,1,1108,0,0,1108,0,0,0,0,0,0,0,0
2022-06-03,port1154,Santa Marta,3,1,3277,1164,2949,0,328,0,0,0,1164,0,0,0
2022-06-04,port1154,Santa Marta,2,2,1822,2152,0,1822,0,0,0,0,2152,0,0,0
2022-06-05,port1154,Santa Marta,1,1,0,4427,0,0,0,0,0,0,4427,0,0,0
2022-06-06,port1154,Santa Marta,3,1,1969,51485,0,0,1969,0,0,51485,0,0,0,0
2022-06-07,port1154,Santa Marta,1,0,0,0,0,0,0,0,0,0,0,0,0,0
2022-06-08,port1154,Santa Marta,2,1,12926,1818,0,0,12926,0,0,0,1818,0,0,0
2022-06-09,port1154,Santa Marta,2,1,853,4455,0,853,0,0,0,0,2152,0,2302,0
2022-06-10,port1154,Santa Marta,1,0,35300,0,35300,0,0,0,0,0,0,0,0,0
2022-06-11,port1154,Santa Marta,3,3,482,8427,0,482,0,0,0,0,8427,0,0,0
2022-06-12,port1154,Santa Marta,2,0,1058,1835,0,0,1058,0,0,0,0,1835,0,0
2022-06-13,port1154,Santa Marta,3,1,19789,6542,15855,3328,0,0,605,6449,0,0,0,92
2022-06-14,port1154,Santa Marta,1,1,0,2033,0,0,0,0,0,0,2033,0,0,0
2022-06-15,port1154,Santa Marta,4,1,54024,0,53528,495,0,0,0,0,0,0,0,0
2022-06-16,port1154,Santa Marta,3,1,32565,15052,31711,853,0,0,0,12899,2152,0,0,0
2022-06-17,port1154,Santa Marta,0,0,0,0,0,0,0,0,0,0,0,0,0,0
2022-06-18,port1154,Santa Marta,5,3,7191,15381,0,6586,0,0,605,0,6478,0,8810,92
2022-06-19,port1154,Santa Marta,2,0,17035,6449,15855,0,0,0,1179,6449,0,0,0,0
2022-06-20,port1154,Santa Marta,1,1,1478,0,0,1478,0,0,0,0,0,0,0,0
2022-06-21,port1154,Santa Marta,1,1,853,2152,0,853,0,0,0,0,2152,0,0,0
2022-06-22,port1154,Santa Marta,1,0,0,10177,0,0,0,0,0,0,0,0,10177,0
2022-06-23,port1154,Santa Marta,2,1,2137,0,0,485,1652,0,0,0,0,0,0,0
2022-06-24,port1154,Santa Marta,2,1,853,2152,0,853,0,0,0,0,2152,0,0,0
2022-06-25,port1154,Santa Marta,3,2,39006,2543,35073,3933,0,0,0,0,2543,0,0,0
2022-06-26,port1154,Santa Marta,0,0,0,0,0,0,0,0,0,0,0,0,0,0
2022-06-27,port1154,Santa Marta,1,1,0,4814,0,0,0,0,0,0,4814,0,0,0
2022-06-28,port1154,Santa Marta,1,1,0,1800,0,0,0,0,0,0,1800,0,0,0
2022-06-29,port1154,Santa Marta,3,1,20125,5494,19272,853,0,0,0,3341,2152,0,0,0
2022-06-30,port1154,Santa Marta,1,1,0,390,0,0,0,0,0,0,390,0,0,0
2022-07-01,port1154,Santa Marta,2,1,37557,2152,36703,853,0,0,0,0,2152,0,0,0
2022-07-02,port1154,Santa Marta,2,2,509,3903,0,509,0,0,0,0,3903,0,0,0
2022-07-03,port1154,Santa Marta,2,0,0,33207,0,0,0,0,0,33207,0,0,0,0
2022-07-04,port1154,Santa Marta,2,0,1021,0,457,0,0,0,563,0,0,0,0,0
2022-07-05,port1154,Santa Marta,3,1,1594,0,0,604,990,0,0,0,0,0,0,0
2022-07-06,port1154,Santa Marta,2,0,11320,83890,11320,0,0,0,0,83890,0,0,0,0
2022-07-07,port1154,Santa Marta,1,1,771,0,0,771,0,0,0,0,0,0,0,0
2022-07-08,port1154,Santa Marta,1,1,0,972,0,0,0,0,0,0,972,0,0,0
2022-07-09,port1154,Santa Marta,3,2,32500,2152,26418,6081,0,0,0,0,2152,0,0,0
2022-07-10,port1154,Santa Marta,2,1,0,12843,0,0,0,0,0,0,12843,0,0,0
2022-07-11,port1154,Santa Marta,4,1,56262,6449,52757,2581,0,0,923,6449,0,0,0,0
2022-07-12,port1154,Santa Marta,1,1,0,3352,0,0,0,0,0,0,3352,0,0,0
2022-07-13,port1154,Santa Marta,2,0,28453,0,22093,0,6360,0,0,0,0,0,0,0
2022-07-14,port1154,Santa Marta,0,0,0,0,0,0,0,0,0,0,0,0,0,0
2022-07-15,port1154,Santa Marta,2,1,0,967,0,0,0,0,0,0,967,0,0,0
2022-07-16,port1154,Santa Marta,2,2,509,11664,0,509,0,0,0,0,11664,0,0,0
2022-07-17,port1154,Santa Marta,0,0,0,0,0,0,0,0,0,0,0,0,0,0
2022-07-18,port1154,Santa Marta,5,2,29198,386,26264,743,0,1733,457,0,386,0,0,0
2022-07-19,port1154,Santa Marta,3,1,11004,1802,10386,0,0,618,0,0,1802,0,0,0
2022-07-20,port1154,Santa Marta,2,0,2332,4783,0,0,0,2332,0,0,0,0,4783,0
2022-07-21,port1154,Santa Marta,2,0,32475,0,32475,0,0,0,0,0,0,0,0,0
2022-07-22,port1154,Santa Marta,2,0,9318,0,7772,0,0,1546,0,0,0,0,0,0
2022-07-23,port1154,Santa Marta,2,2,6700,0,0,6700,0,0,0,0,0,0,0,0
2022-07-24,port1154,Santa Marta,2,1,483,7011,0,483,0,0,0,7011,0,0,0,0
2022-07-25,port1154,Santa Marta,2,1,18632,368,18632,0,0,0,0,0,368,0,0,0
2022-07-26,port1154,Santa Marta,3,2,10463,9875,10463,0,0,0,0,0,9875,0,0,0
2022-07-27,port1154,Santa Marta,1,0,12942,0,12942,0,0,0,0,0,0,0,0,0
2022-07-28,port1154,Santa Marta,1,1,965,0,0,965,0,0,0,0,0,0,0,0
2022-07-29,port1154,Santa Marta,0,0,0,0,0,0,0,0,0,0,0,0,0,0
2022-07-30,port1154,Santa Marta,2,2,853,2933,0,853,0,0,0,0,2933,0,0,0
2022-07-31,port1154,Santa Marta,4,1,605,42294,0,0,0,0,605,38819,3382,0,0,92
2022-08-01,port1154,Santa Marta,1,1,0,741,0,0,0,0,0,0,741,0,0,0
2022-08-02,port1154,Santa Marta,2,1,0,72969,0,0,0,0,0,71757,1212,0,0,0
2022-08-03,port1154,Santa Marta,4,0,5912,0,5751,0,160,0,0,0,0,0,0,0
2022-08-04,port1154,Santa Marta,1,1,966,0,0,966,0,0,0,0,0,0,0,0
2022-08-05,port1154,Santa Marta,0,0,0,0,0,0,0,0,0,0,0,0,0,0
2022-08-06,port1154,Santa Marta,4,1,56438,2152,55584,853,0,0,0,0,2152,0,0,0
2022-08-07,port1154,Santa Marta,2,2,853,6075,0,853,0,0,0,0,6075,0,0,0
2022-08-08,port1154,Santa Marta,3,1,31163,0,28992,1843,326,0,0,0,0,0,0,0
2022-08-09,port1154,Santa Marta,3,1,35008,3619,35008,0,0,0,0,0,3619,0,0,0
2022-08-10,port1154,Santa Marta,1,1,853,2152,0,853,0,0,0,0,2152,0,0,0
2022-08-11,port1154,Santa Marta,0,0,0,0,0,0,0,0,0,0,0,0,0,0
2022-08-12,port1154,Santa Marta,3,1,2909,7063,0,0,1599,0,1309,0,7063,0,0,0
2022-08-13,port1154,Santa Marta,3,1,27590,7232,15855,9863,1871,0,0,6449,0,782,0,0
2022-08-14,port1154,Santa Marta,3,0,78806,0,78216,0,0,0,590,0,0,0,0,0
2022-08-15,port1154,Santa Marta,2,1,18805,0,17338,1467,0,0,0,0,0,0,0,0
2022-08-16,port1154,Santa Marta,2,1,8961,1804,8961,0,0,0,0,0,1804,0,0,0
2022-08-17,port1154,Santa Marta,1,0,36323,0,36323,0,0,0,0,0,0,0,0,0
2022-08-18,port1154,Santa Marta,1,1,449,0,0,449,0,0,0,0,0,0,0,0
2022-08-19,port1154,Santa Marta,2,1,48838,0,47383,1454,0,0,0,0,0,0,0,0
2022-08-20,port1154,Santa Marta,1,1,0,1534,0,0,0,0,0,0,1534,0,0,0
2022-08-21,port1154,Santa Marta,2,1,1372,9790,0,0,0,0,1372,0,9790,0,0,0
2022-08-22,port1154,Santa Marta,2,1,737,14294,0,737,0,0,0,14294,0,0,0,0
2022-08-23,port1154,Santa Marta,2,1,0,15623,0,0,0,0,0,12936,2686,0,0,0
2022-08-24,port1154,Santa Marta,0,0,0,0,0,0,0,0,0,0,0,0,0,0
2022-08-25,port1154,Santa Marta,1,1,853,2152,0,853,0,0,0,0,2152,0,0,0
2022-08-26,port1154,Santa Marta,2,1,35777,0,34324,1452,0,0,0,0,0,0,0,0
2022-08-27,port1154,Santa Marta,2,1,7154,2152,6300,853,0,0,0,0,2152,0,0,0
2022-08-28,port1154,Santa Marta,1,1,0,4917,0,0,0,0,0,0,4917,0,0,0
2022-08-29,port1154,Santa Marta,2,1,2592,38030,0,2592,0,0,0,38030,0,0,0,0
2022-08-30,port1154,Santa Marta,0,0,0,0,0,0,0,0,0,0,0,0,0,0
2022-08-31,port1154,Santa Marta,3,1,42452,0,41847,605,0,0,0,0,0,0,0,0
2022-09-01,port1154,Santa Marta,2,1,853,2628,0,853,0,0,0,0,2152,475,0,0
2022-09-02,port1154,Santa Marta,3,0,29482,2137,21542,0,0,7939,0,0,0,2137,0,0
2022-09-03,port1154,Santa Marta,1,1,0,2053,0,0,0,0,0,0,2053,0,0,0
2022-09-04,port1154,Santa Marta,2,1,1111,4422,0,0,1111,0,0,0,4422,0,0,0
2022-09-05,port1154,Santa Marta,3,1,1383,50541,0,0,0,0,1383,48311,2229,0,0,0
2022-09-06,port1154,Santa Marta,1,1,0,679,0,0,0,0,0,0,679,0,0,0
2022-09-07,port1154,Santa Marta,2,1,9393,0,0,494,8898,0,0,0,0,0,0,0
2022-09-08,port1154,Santa Marta,3,1,4499,2152,0,853,2530,0,1115,0,2152,0,0,0
2022-09-09,port1154,Santa Marta,3,1,25490,2152,24637,853,0,0,0,0,2152,0,0,0
2022-09-10,port1154,Santa Marta,1,1,853,2152,0,853,0,0,0,0,2152,0,0,0
2022-09-11,port1154,Santa Marta,2,1,0,26219,0,0,0,0,0,17351,8867,0,0,0
2022-09-12,port1154,Santa Marta,3,1,21453,0,18740,2712,0,0,0,0,0,0,0,0
2022-09-13,port1154,Santa Marta,3,1,0,38041,0,0,0,0,0,36836,1205,0,0,0
2022-09-14,port1154,Santa Marta,0,0,0,0,0,0,0,0,0,0,0,0,0,0
2022-09-15,port1154,Santa Marta,4,2,1707,4305,0,1707,0,0,0,0,4305,0,0,0
2022-09-16,port1154,Santa Marta,3,1,12598,458,11634,964,0,0,0,0,0,0,0,458
2022-09-17,port1154,Santa Marta,2,1,853,2152,0,853,0,0,0,0,2152,0,0,0
2022-09-18,port1154,Santa Marta,1,1,0,4436,0,0,0,0,0,0,4436,0,0,0
2022-09-19,port1154,Santa Marta,2,1,6369,0,0,1478,4890,0,0,0,0,0,0,0
2022-09-20,port1154,Santa Marta,1,1,0,1209,0,0,0,0,0,0,1209,0,0,0
2022-09-21,port1154,Santa Marta,4,1,6154,2152,5300,853,0,0,0,0,2152,0,0,0
2022-09-22,port1154,Santa Marta,1,1,1933,0,0,1933,0,0,0,0,0,0,0,0
2022-09-23,port1154,Santa Marta,2,1,30432,979,30432,0,0,0,0,0,979,0,0,0
2022-09-24,port1154,Santa Marta,2,1,6006,0,0,5676,329,0,0,0,0,0,0,0
2022-09-25,port1154,Santa Marta,2,1,0,8844,0,0,0,0,0,0,8844,0,0,0
2022-09-26,port1154,Santa Marta,2,1,3122,4717,3122,0,0,0,0,0,4717,0,0,0
2022-09-27,port1154,Santa Marta,2,1,1206,15891,0,1206,0,0,0,15891,0,0,0,0
2022-09-28,port1154,Santa Marta,1,0,1525,0,0,0,1525,0,0,0,0,0,0,0
2022-09-29,port1154,Santa Marta,1,1,853,2152,0,853,0,0,0,0,2152,0,0,0
2022-09-30,port1154,Santa Marta,3,1,69842,486,69842,0,0,0,0,0,486,0,0,0
2022-10-01,port1154,Santa Marta,1,1,0,2039,0,0,0,0,0,0,2039,0,0,0
2022-10-02,port1154,Santa Marta,0,0,0,0,0,0,0,0,0,0,0,0,0,0
2022-10-03,port1154,Santa Marta,4,1,29586,0,23734,3519,0,2333,0,0,0,0,0,0
2022-10-04,port1154,Santa Marta,2,1,24032,2152,23179,853,0,0,0,0,2152,0,0,0
2022-10-05,port1154,Santa Marta,0,0,0,0,0,0,0,0,0,0,0,0,0,0
2022-10-06,port1154,Santa Marta,2,1,1233,2152,0,853,379,0,0,0,2152,0,0,0
2022-10-07,port1154,Santa Marta,2,1,1423,1444,0,0,1423,0,0,0,1444,0,0,0
2022-10-08,port1154,Santa Marta,2,1,853,8582,0,853,0,0,0,0,2152,6429,0,0
2022-10-09,port1154,Santa Marta,2,1,0,36995,0,0,0,0,0,33074,3921,0,0,0
2022-10-10,port1154,Santa Marta,3,1,14029,0,0,399,12449,0,1179,0,0,0,0,0
2022-10-11,port1154,Santa Marta,2,1,1871,1986,0,0,1871,0,0,0,1203,782,0,0
2022-10-12,port1154,Santa Marta,0,0,0,0,0,0,0,0,0,0,0,0,0,0
2022-10-13,port1154,Santa Marta,2,1,20058,0,19672,385,0,0,0,0,0,0,0,0
2022-10-14,port1154,Santa Marta,1,0,15855,6449,15855,0,0,0,0,6449,0,0,0,0
2022-10-15,port1154,Santa Marta,1,1,0,1532,0,0,0,0,0,0,1532,0,0,0
2022-10-16,port1154,Santa Marta,3,1,1128,39713,0,0,0,0,1128,30913,8800,0,0,0
2022-10-17,port1154,Santa Marta,3,1,8415,0,7677,738,0,0,0,0,0,0,0,0
2022-10-18,port1154,Santa Marta,1,1,1356,0,0,1356,0,0,0,0,0,0,0,0
2022-10-19,port1154,Santa Marta,4,1,26183,17730,25578,0,0,0,605,17147,490,0,0,92
2022-10-20,port1154,Santa Marta,1,1,389,0,0,389,0,0,0,0,0,0,0,0
2022-10-21,port1154,Santa Marta,2,1,14405,0,12963,1442,0,0,0,0,0,0,0,0
2022-10-22,port1154,Santa Marta,2,1,853,9836,0,853,0,0,0,0,2152,0,7683,0
2022-10-23,port1154,Santa Marta,1,1,0,6337,0,0,0,0,0,0,6337,0,0,0
2022-10-24,port1154,Santa Marta,3,1,57474,0,57106,368,0,0,0,0,0,0,0,0
2022-10-25,port1154,Santa Marta,1,1,0,4826,0,0,0,0,0,0,4826,0,0,0
2022-10-26,port1154,Santa Marta,0,0,0,0,0,0,0,0,0,0,0,0,0,0
2022-10-27,port1154,Santa Marta,2,2,765,483,0,765,0,0,0,0,483,0,0,0
2022-10-28,port1154,Santa Marta,3,1,444,1908,444,0,0,0,0,0,485,1423,0,0
2022-10-29,port1154,Santa Marta,2,1,22134,1535,0,0,0,22134,0,0,1535,0,0,0
2022-10-30,port1154,Santa Marta,0,0,0,0,0,0,0,0,0,0,0,0,0,0
2022-10-31,port1154,Santa Marta,2,1,21033,0,20291,741,0,0,0,0,0,0,0,0
2022-11-01,port1154,Santa Marta,3,1,23969,2152,22654,853,0,0,460,0,2152,0,0,0
2022-11-02,port1154,Santa Marta,1,0,0,55588,0,0,0,0,0,55588,0,0,0,0
2022-11-03,port1154,Santa Marta,1,1,853,2152,0,853,0,0,0,0,2152,0,0,0
2022-11-04,port1154,Santa Marta,3,1,0,41952,0,0,0,0,0,40389,492,1070,0,0
2022-11-05,port1154,Santa Marta,3,2,511,4848,0,511,0,0,0,0,4848,0,0,0
2022-11-06,port1154,Santa Marta,2,0,2529,15785,0,0,2529,0,0,0,0,0,15785,0
2022-11-07,port1154,Santa Marta,1,1,739,0,0,739,0,0,0,0,0,0,0,0
2022-11-08,port1154,Santa Marta,2,1,46394,1808,46394,0,0,0,0,0,1808,0,0,0
2022-11-09,port1154,Santa Marta,1,0,554,0,554,0,0,0,0,0,0,0,0,0
2022-11-10,port1154,Santa Marta,3,2,10060,2926,9207,853,0,0,0,0,2926,0,0,0
2022-11-11,port1154,Santa Marta,3,1,329,1558,0,0,329,0,0,0,486,1071,0,0
2022-11-12,port1154,Santa Marta,1,1,2041,0,0,2041,0,0,0,0,0,0,0,0
2022-11-13,port1154,Santa Marta,4,1,17451,3863,17451,0,0,0,0,0,3863,0,0,0
2022-11-14,port1154,Santa Marta,1,1,737,0,0,737,0,0,0,0,0,0,0,0
2022-11-15,port1154,Santa Marta,2,1,34774,2152,33921,853,0,0,0,0,2152,0,0,0
2022-11-16,port1154,Santa Marta,2,0,2615,0,0,0,0,2157,457,0,0,0,0,0
2022-11-17,port1154,Santa Marta,2,1,0,776,0,0,0,0,0,0,776,0,0,0
2022-11-18,port1154,Santa Marta,3,1,853,12579,0,853,0,0,0,2378,2152,0,8047,0
2022-11-19,port1154,Santa Marta,3,1,26277,2152,25424,853,0,0,0,0,2152,0,0,0
2022-11-20,port1154,Santa Marta,1,0,2182,0,0,0,0,0,2182,0,0,0,0,0
2022-11-21,port1154,Santa Marta,5,2,36628,6963,29940,1841,4846,0,0,0,6181,782,0,0
2022-11-22,port1154,Santa Marta,2,1,21446,1815,21446,0,0,0,0,0,1815,0,0,0
2022-11-23,port1154,Santa Marta,1,0,9382,0,9382,0,0,0,0,0,0,0,0,0
2022-11-24,port1154,Santa Marta,3,1,7531,17338,7145,386,0,0,0,17338,0,0,0,0
2022-11-25,port1154,Santa Marta,1,0,0,0,0,0,0,0,0,0,0,0,0,0
2022-11-26,port1154,Santa Marta,2,1,2891,782,0,1020,1871,0,0,0,0,782,0,0
2022-11-27,port1154,Santa Marta,4,1,8770,20389,8164,0,0,0,605,15429,4866,0,0,92
2022-11-28,port1154,Santa Marta,2,1,853,43141,0,853,0,0,0,40988,2152,0,0,0
2022-11-29,port1154,Santa Marta,1,1,853,2152,0,853,0,0,0,0,2152,0,0,0
2022-11-30,port1154,Santa Marta,5,2,3516,28195,0,0,3516,0,0,24717,2695,782,0,0
2022-12-01,port1154,Santa Marta,1,1,0,388,0,0,0,0,0,0,388,0,0,0
2022-12-02,port1154,Santa Marta,2,1,1210,1751,0,480,729,0,0,0,0,1751,0,0
2022-12-03,port1154,Santa Marta,3,2,853,4099,0,853,0,0,0,0,4099,0,0,0
2022-12-04,port1154,Santa Marta,1,0,2779,0,2779,0,0,0,0,0,0,0,0,0
2022-12-05,port1154,Santa Marta,3,1,1727,48298,0,853,0,0,873,46145,2152,0,0,0
2022-12-06,port1154,Santa Marta,2,1,0,3628,0,0,0,0,0,0,3628,0,0,0
2022-12-07,port1154,Santa Marta,2,1,30434,0,29562,872,0,0,0,0,0,0,0,0
2022-12-08,port1154,Santa Marta,2,2,1707,4305,0,1707,0,0,0,0,4305,0,0,0
2022-12-09,port1154,Santa Marta,4,1,2476,2842,0,0,1871,0,605,0,969,1780,0,92
2022-12-10,port1154,Santa Marta,2,2,0,5961,0,0,0,0,0,0,5961,0,0,0
2022-12-11,port1154,Santa Marta,1,0,0,42216,0,0,0,0,0,42216,0,0,0,0
2022-12-12,port1154,Santa Marta,1,1,0,0,0,0,0,0,0,0,0,0,0,0
2022-12-13,port1154,Santa Marta,2,1,19356,1820,19356,0,0,0,0,0,1820,0,0,0
2022-12-14,port1154,Santa Marta,1,0,52363,0,52363,0,0,0,0,0,0,0,0,0
2022-12-15,port1154,Santa Marta,1,1,3110,0,0,3110,0,0,0,0,0,0,0,0
2022-12-16,port1154,Santa Marta,2,1,0,1557,0,0,0,0,0,0,493,1064,0,0
2022-12-17,port1154,Santa Marta,3,1,12459,2935,9734,853,1871,0,0,0,2152,782,0,0
2022-12-18,port1154,Santa Marta,2,0,458,66822,0,0,0,0,458,66822,0,0,0,0
2022-12-19,port1154,Santa Marta,2,1,16743,368,0,0,0,16743,0,0,368,0,0,0
2022-12-20,port1154,Santa Marta,3,1,853,3294,0,853,0,0,0,0,2152,0,1141,0
2022-12-21,port1154,Santa Marta,1,0,1039,0,0,0,1039,0,0,0,0,0,0,0
2022-12-22,port1154,Santa Marta,2,1,0,5658,0,0,0,0,0,0,383,0,5275,0
2022-12-23,port1154,Santa Marta,3,1,27806,77062,27318,487,0,0,0,77062,0,0,0,0
2022-12-24,port1154,Santa Marta,3,2,0,7549,0,0,0,0,0,0,6432,0,1116,0
2022-12-25,port1154,Santa Marta,2,0,29562,916,29562,0,0,0,0,0,0,0,916,0
2022-12-26,port1154,Santa Marta,2,1,15855,8296,15855,0,0,0,0,6449,1846,0,0,0
2022-12-27,port1154,Santa Marta,0,0,0,0,0,0,0,0,0,0,0,0,0,0
2022-12-28,port1154,Santa Marta,2,1,15341,2152,14487,853,0,0,0,0,2152,0,0,0
2022-12-29,port1154,Santa Marta,2,1,389,0,0,389,0,0,0,0,0,0,0,0
2022-12-30,port1154,Santa Marta,2,1,15855,8871,15855,0,0,0,0,6449,2421,0,0,0
2022-12-31,port1154,Santa Marta,4,2,3375,1455,2913,0,0,0,461,0,1455,0,0,0
2023-01-01,port1154,Santa Marta,2,0,19140,473,19140,0,0,0,0,473,0,0,0,0
2023-01-02,port1154,Santa Marta,3,1,42576,6449,41475,1101,0,0,0,6449,0,0,0,0
2023-01-03,port1154,Santa Marta,2,1,6013,2152,5160,853,0,0,0,0,2152,0,0,0
2023-01-04,port1154,Santa Marta,1,0,28536,0,28536,0,0,0,0,0,0,0,0,0
2023-01-05,port1154,Santa Marta,2,1,382,0,0,382,0,0,0,0,0,0,0,0
2023-01-06,port1154,Santa Marta,1,0,31561,0,31561,0,0,0,0,0,0,0,0,0
2023-01-07,port1154,Santa Marta,3,2,3361,11549,0,0,3361,0,0,0,11549,0,0,0
2023-01-08,port1154,Santa Marta,0,0,0,0,0,0,0,0,0,0,0,0,0,0
2023-01-09,port1154,Santa Marta,3,1,473,13109,473,0,0,0,0,0,1484,0,11625,0
2023-01-10,port1154,Santa Marta,3,1,35480,12596,35480,0,0,0,0,6449,6146,0,0,0
2023-01-11,port1154,Santa Marta,2,2,1832,2152,0,1832,0,0,0,0,2152,0,0,0
2023-01-12,port1154,Santa Marta,3,1,2492,39385,0,0,0,2492,0,33001,775,0,5608,0
2023-01-13,port1154,Santa Marta,2,1,24279,480,24279,0,0,0,0,0,480,0,0,0
2023-01-14,port1154,Santa Marta,2,2,1015,4428,0,1015,0,0,0,0,4428,0,0,0
2023-01-15,port1154,Santa Marta,1,0,52763,0,52763,0,0,0,0,0,0,0,0,0
2023-01-16,port1154,Santa Marta,2,1,367,0,0,367,0,0,0,0,0,0,0,0
2023-01-17,port1154,Santa Marta,1,1,853,2152,0,853,0,0,0,0,2152,0,0,0
2023-01-18,port1154,Santa Marta,0,0,0,0,0,0,0,0,0,0,0,0,0,0
2023-01-19,port1154,Santa Marta,4,2,3055,2885,836,0,0,0,2219,0,2885,0,0,0
2023-01-20,port1154,Santa Marta,1,0,729,1751,0,0,729,0,0,0,0,1751,0,0
2023-01-21,port1154,Santa Marta,4,1,48100,2051,48100,0,0,0,0,0,2051,0,0,0
2023-01-22,port1154,Santa Marta,3,1,1871,9477,0,0,1871,0,0,0,8371,1105,0,0
2023-01-23,port1154,Santa Marta,3,1,853,36073,0,853,0,0,0,33920,2152,0,0,0
2023-01-24,port1154,Santa Marta,2,1,0,4445,0,0,0,0,0,0,2423,2021,0,0
2023-01-25,port1154,Santa Marta,4,2,4975,3138,1167,853,2954,0,0,0,3138,0,0,0
2023-01-26,port1154,Santa Marta,2,1,19402,2152,18548,853,0,0,0,0,2152,0,0,0
2023-01-27,port1154,Santa Marta,3,1,13439,8498,11091,0,2348,0,0,0,8498,0,0,0
2023-01-28,port1154,Santa Marta,2,1,605,601,0,0,0,0,605,0,509,0,0,92
2023-01-29,port1154,Santa Marta,2,1,0,54241,0,0,0,0,0,50798,3443,0,0,0
2023-01-30,port1154,Santa Marta,1,1,853,2152,0,853,0,0,0,0,2152,0,0,0
2023-01-31,port1154,Santa Marta,3,1,50383,1692,32861,0,0,17521,0,0,1692,0,0,0
2023-02-01,port1154,Santa Marta,3,1,9877,18088,9877,0,0,0,0,15649,2438,0,0,0
2023-02-02,port1154,Santa Marta,1,1,0,384,0,0,0,0,0,0,384,0,0,0
2023-02-03,port1154,Santa Marta,3,2,2925,936,2925,0,0,0,0,0,936,0,0,0
2023-02-04,port1154,Santa Marta,2,1,12483,1532,12483,0,0,0,0,0,1532,0,0,0
2023-02-05,port1154,Santa Marta,2,0,4400,0,4400,0,0,0,0,0,0,0,0,0
2023-02-06,port1154,Santa Marta,1,1,1111,0,0,1111,0,0,0,0,0,0,0,0
2023-02-07,port1154,Santa Marta,2,1,0,2025,0,0,0,0,0,0,2025,0,0,0
2023-02-08,port1154,Santa Marta,1,0,0,20617,0,0,0,0,0,20617,0,0,0,0
2023-02-09,port1154,Santa Marta,4,1,68792,775,68792,0,0,0,0,0,775,0,0,0
2023-02-10,port1154,Santa Marta,2,1,0,0,0,0,0,0,0,0,0,0,0,0
2023-02-11,port1154,Santa Marta,2,1,506,0,0,506,0,0,0,0,0,0,0,0
2023-02-12,port1154,Santa Marta,2,1,28858,3447,28858,0,0,0,0,0,3447,0,0,0
2023-02-13,port1154,Santa Marta,1,1,853,2152,0,853,0,0,0,0,2152,0,0,0
2023-02-14,port1154,Santa Marta,1,0,3894,0,3894,0,0,0,0,0,0,0,0,0
2023-02-15,port1154,Santa Marta,2,0,2028,0,0,0,1002,0,1026,0,0,0,0,0
2023-02-16,port1154,Santa Marta,3,1,16891,774,16891,0,0,0,0,0,774,0,0,0
2023-02-17,port1154,Santa Marta,2,1,1913,0,0,542,0,0,1371,0,0,0,0,0
2023-02-18,port1154,Santa Marta,2,2,0,5548,0,0,0,0,0,0,5548,0,0,0
2023-02-19,port1154,Santa Marta,1,1,0,3742,0,0,0,0,0,0,3742,0,0,0
2023-02-20,port1154,Santa Marta,2,0,9694,0,9694,0,0,0,0,0,0,0,0,0
2023-02-21,port1154,Santa Marta,2,1,0,5967,0,0,0,0,0,0,2725,3241,0,0
2023-02-22,port1154,Santa Marta,1,0,585,0,585,0,0,0,0,0,0,0,0,0
2023-02-23,port1154,Santa Marta,1,1,853,2152,0,853,0,0,0,0,2152,0,0,0
2023-02-24,port1154,Santa Marta,1,1,0,966,0,0,0,0,0,0,966,0,0,0
2023-02-25,port1154,Santa Marta,1,0,8448,0,8448,0,0,0,0,0,0,0,0,0
2023-02-26,port1154,Santa Marta,3,2,0,81910,0,0,0,0,0,77421,4488,0,0,0
2023-02-27,port1154,Santa Marta,2,1,9816,0,8317,1499,0,0,0,0,0,0,0,0
2023-02-28,port1154,Santa Marta,1,0,0,0,0,0,0,0,0,0,0,0,0,0
2023-03-01,port1154,Santa Marta,3,1,2765,2152,1451,853,0,0,461,0,2152,0,0,0
2023-03-02,port1154,Santa Marta,1,0,0,36152,0,0,0,0,0,36152,0,0,0,0
2023-03-03,port1154,Santa Marta,1,1,0,1449,0,0,0,0,0,0,1449,0,0,0
2023-03-04,port1154,Santa Marta,3,2,0,10762,0,0,0,0,0,5767,4994,0,0,0
2023-03-05,port1154,Santa Marta,2,0,8183,0,8183,0,0,0,0,0,0,0,0,0
2023-03-06,port1154,Santa Marta,3,1,13129,0,10358,367,2403,0,0,0,0,0,0,0
2023-03-07,port1154,Santa Marta,1,1,0,3647,0,0,0,0,0,0,3647,0,0,0
2023-03-08,port1154,Santa Marta,2,1,2724,2935,0,853,1871,0,0,0,2152,782,0,0
2023-03-09,port1154,Santa Marta,2,1,30568,388,30568,0,0,0,0,0,388,0,0,0
2023-03-10,port1154,Santa Marta,0,0,0,0,0,0,0,0,0,0,0,0,0,0
2023-03-11,port1154,Santa Marta,4,1,950,2962,0,493,0,0,457,0,0,153,2809,0
2023-03-12,port1154,Santa Marta,3,2,3349,8742,0,1016,0,2332,0,0,3958,0,4783,0
2023-03-13,port1154,Santa Marta,2,1,5311,1104,5311,0,0,0,0,0,1104,0,0,0
2023-03-14,port1154,Santa Marta,3,0,5317,5608,2824,0,0,2492,0,0,0,0,5608,0
2023-03-15,port1154,Santa Marta,1,1,853,2152,0,853,0,0,0,0,2152,0,0,0
2023-03-16,port1154,Santa Marta,4,2,4083,23136,2781,1301,0,0,0,20983,2152,0,0,0
2023-03-17,port1154,Santa Marta,1,1,0,2922,0,0,0,0,0,0,2922,0,0,0
2023-03-18,port1154,Santa Marta,2,1,15855,11578,15855,0,0,0,0,6449,5128,0,0,0
2023-03-19,port1154,Santa Marta,2,1,0,4452,0,0,0,0,0,0,3941,511,0,0
2023-03-20,port1154,Santa Marta,3,1,16957,7040,15855,1101,0,0,0,6449,0,0,0,591
2023-03-21,port1154,Santa Marta,0,0,0,0,0,0,0,0,0,0,0,0,0,0
2023-03-22,port1154,Santa Marta,3,2,15375,1330,13334,2041,0,0,0,0,1330,0,0,0
2023-03-23,port1154,Santa Marta,2,1,2332,5172,0,0,0,2332,0,0,389,0,4783,0
2023-03-24,port1154,Santa Marta,1,0,5410,0,5410,0,0,0,0,0,0,0,0,0
2023-03-25,port1154,Santa Marta,1,1,0,1477,0,0,0,0,0,0,1477,0,0,0
2023-03-26,port1154,Santa Marta,2,1,365,3220,0,365,0,0,0,0,0,3220,0,0
2023-03-27,port1154,Santa Marta,1,1,0,1524,0,0,0,0,0,0,1524,0,0,0
2023-03-28,port1154,Santa Marta,1,1,0,1221,0,0,0,0,0,0,1221,0,0,0
2023-03-29,port1154,Santa Marta,2,0,33664,0,33664,0,0,0,0,0,0,0,0,0
2023-03-30,port1154,Santa Marta,1,1,0,2315,0,0,0,0,0,0,2315,0,0,0
2023-03-31,port1154,Santa Marta,2,0,0,15362,0,0,0,0,0,12158,0,3203,0,0
2023-04-01,port1154,Santa Marta,3,3,853,5705,0,853,0,0,0,0,5705,0,0,0
2023-04-02,port1154,Santa Marta,5,1,52684,15288,44718,0,0,7659,306,6449,8838,0,0,0
2023-04-03,port1154,Santa Marta,1,1,853,2152,0,853,0,0,0,0,2152,0,0,0
2023-04-04,port1154,Santa Marta,3,2,10571,1846,9893,677,0,0,0,0,1846,0,0,0
2023-04-05,port1154,Santa Marta,3,0,4195,0,3877,0,318,0,0,0,0,0,0,0
2023-04-06,port1154,Santa Marta,2,1,10117,771,0,0,10117,0,0,0,771,0,0,0
2023-04-07,port1154,Santa Marta,1,1,969,0,0,969,0,0,0,0,0,0,0,0
2023-04-08,port1154,Santa Marta,2,0,18544,0,6707,0,0,11836,0,0,0,0,0,0
2023-04-09,port1154,Santa Marta,3,1,16045,16367,16045,0,0,0,0,0,7355,0,9011,0
2023-04-10,port1154,Santa Marta,3,2,3064,58505,0,3064,0,0,0,56352,2152,0,0,0
2023-04-11,port1154,Santa Marta,0,0,0,0,0,0,0,0,0,0,0,0,0,0
2023-04-12,port1154,Santa Marta,1,0,17827,0,17827,0,0,0,0,0,0,0,0,0
2023-04-13,port1154,Santa Marta,2,2,1335,2152,0,1335,0,0,0,0,2152,0,0,0
2023-04-14,port1154,Santa Marta,2,1,15702,0,14246,1455,0,0,0,0,0,0,0,0
2023-04-15,port1154,Santa Marta,2,2,1020,2449,0,1020,0,0,0,0,2449,0,0,0
2023-04-16,port1154,Santa Marta,0,0,0,0,0,0,0,0,0,0,0,0,0,0
2023-04-17,port1154,Santa Marta,3,1,45131,829,44526,0,0,0,605,0,737,0,0,92
2023-04-18,port1154,Santa Marta,1,1,0,2426,0,0,0,0,0,0,2426,0,0,0
2023-04-19,port1154,Santa Marta,0,0,0,0,0,0,0,0,0,0,0,0,0,0
2023-04-20,port1154,Santa Marta,1,1,0,777,0,0,0,0,0,0,777,0,0,0
2023-04-21,port1154,Santa Marta,2,1,0,979,0,0,0,0,0,0,489,489,0,0
2023-04-22,port1154,Santa Marta,2,2,0,13458,0,0,0,0,0,0,13458,0,0,0
2023-04-23,port1154,Santa Marta,0,0,0,0,0,0,0,0,0,0,0,0,0,0
2023-04-24,port1154,Santa Marta,3,1,0,10463,0,0,0,0,0,0,1106,326,9030,0
2023-04-25,port1154,Santa Marta,2,1,17484,1218,17484,0,0,0,0,0,1218,0,0,0
2023-04-26,port1154,Santa Marta,2,0,55588,30303,55588,0,0,0,0,30303,0,0,0,0
2023-04-27,port1154,Santa Marta,4,1,15865,1167,13994,0,1871,0,0,0,385,782,0,0
2023-04-28,port1154,Santa Marta,3,1,1966,14237,0,1966,0,0,0,0,0,1963,12273,0
2023-04-29,port1154,Santa Marta,3,2,889,10942,889,0,0,0,0,0,10942,0,0,0
2023-04-30,port1154,Santa Marta,1,0,11801,0,11801,0,0,0,0,0,0,0,0,0
2023-05-01,port1154,Santa Marta,4,1,22641,6788,21156,1484,0,0,0,6449,0,338,0,0
2023-05-02,port1154,Santa Marta,1,1,853,2152,0,853,0,0,0,0,2152,0,0,0
2023-05-03,port1154,Santa Marta,2,0,3413,0,3413,0,0,0,0,0,0,0,0,0
2023-05-04,port1154,Santa Marta,1,1,0,1558,0,0,0,0,0,0,1558,0,0,0
2023-05-05,port1154,Santa Marta,4,0,18731,7159,17817,0,0,0,913,6449,0,709,0,0
2023-05-06,port1154,Santa Marta,4,3,11830,8173,10962,868,0,0,0,0,8173,0,0,0
2023-05-07,port1154,Santa Marta,2,1,0,12133,0,0,0,0,0,0,1462,0,10671,0
2023-05-08,port1154,Santa Marta,3,1,11041,0,10307,733,0,0,0,0,0,0,0,0
2023-05-09,port1154,Santa Marta,3,1,606,15604,0,606,0,0,0,10924,0,4680,0,0
2023-05-10,port1154,Santa Marta,3,1,28675,977,20434,0,8241,0,0,0,977,0,0,0
2023-05-11,port1154,Santa Marta,1,1,0,770,0,0,0,0,0,0,770,0,0,0
2023-05-12,port1154,Santa Marta,2,1,1430,0,0,447,982,0,0,0,0,0,0,0
2023-05-13,port1154,Santa Marta,5,2,15675,61284,13971,0,1704,0,0,58941,2342,0,0,0
2023-05-14,port1154,Santa Marta,2,1,15855,11339,15855,0,0,0,0,6449,4889,0,0,0
2023-05-15,port1154,Santa Marta,2,1,11428,0,0,3078,8350,0,0,0,0,0,0,0
2023-05-16,port1154,Santa Marta,2,1,0,3147,0,0,0,0,0,0,1359,1788,0,0
2023-05-17,port1154,Santa Marta,2,0,16066,163,16066,0,0,0,0,0,0,163,0,0
2023-05-18,port1154,Santa Marta,2,1,2724,2935,0,853,1871,0,0,0,2152,782,0,0
2023-05-19,port1154,Santa Marta,1,1,669,0,0,669,0,0,0,0,0,0,0,0
2023-05-20,port1154,Santa Marta,2,2,1172,2152,0,1172,0,0,0,0,2152,0,0,0
2023-05-21,port1154,Santa Marta,1,1,0,5899,0,0,0,0,0,0,5899,0,0,0
2023-05-22,port1154,Santa Marta,1,1,1099,0,0,1099,0,0,0,0,0,0,0,0
2023-05-23,port1154,Santa Marta,1,0,0,0,0,0,0,0,0,0,0,0,0,0
2023-05-24,port1154,Santa Marta,2,0,605,92,0,0,0,0,605,0,0,0,0,92
2023-05-25,port1154,Santa Marta,1,1,853,2152,0,853,0,0,0,0,2152,0,0,0
2023-05-26,port1154,Santa Marta,3,1,1438,77222,585,853,0,0,0,75069,2152,0,0,0
2023-05-27,port1154,Santa Marta,1,1,853,2152,0,853,0,0,0,0,2152,0,0,0
2023-05-28,port1154,Santa Marta,3,1,7881,9712,5549,0,0,2332,0,0,4928,0,4783,0
2023-05-29,port1154,Santa Marta,2,1,1104,163,0,1104,0,0,0,0,0,163,0,0
2023-05-30,port1154,Santa Marta,3,1,16103,1994,14232,0,1871,0,0,0,1212,782,0,0
2023-05-31,port1154,Santa Marta,2,0,4210,0,2900,0,0,0,1309,0,0,0,0,0
2023-06-01,port1154,Santa Marta,3,1,317,50972,0,0,317,0,0,50586,386,0,0,0
2023-06-02,port1154,Santa Marta,1,1,853,2152,0,853,0,0,0,0,2152,0,0,0
2023-06-03,port1154,Santa Marta,2,2,0,7423,0,0,0,0,0,0,7423,0,0,0
2023-06-04,port1154,Santa Marta,0,0,0,0,0,0,0,0,0,0,0,0,0,0
2023-06-05,port1154,Santa Marta,1,1,1108,0,0,1108,0,0,0,0,0,0,0,0
2023-06-06,port1154,Santa Marta,2,1,157,1815,0,0,157,0,0,0,1815,0,0,0
2023-06-07,port1154,Santa Marta,1,0,0,0,0,0,0,0,0,0,0,0,0,0
2023-06-08,port1154,Santa Marta,2,1,33065,1537,33065,0,0,0,0,0,1537,0,0,0
2023-06-09,port1154,Santa Marta,3,1,15381,5710,14527,853,0,0,0,0,2152,3557,0,0
2023-06-10,port1154,Santa Marta,1,1,5266,0,0,5266,0,0,0,0,0,0,0,0
2023-06-11,port1154,Santa Marta,2,1,12150,4896,12150,0,0,0,0,0,4896,0,0,0
2023-06-12,port1154,Santa Marta,1,1,369,0,0,369,0,0,0,0,0,0,0,0
2023-06-13,port1154,Santa Marta,4,1,71934,2510,56036,678,15219,0,0,0,0,2510,0,0
2023-06-14,port1154,Santa Marta,0,0,0,0,0,0,0,0,0,0,0,0,0,0
2023-06-15,port1154,Santa Marta,1,1,775,0,0,775,0,0,0,0,0,0,0,0
2023-06-16,port1154,Santa Marta,2,1,853,5252,0,853,0,0,0,0,2152,3099,0,0
2023-06-17,port1154,Santa Marta,5,2,6306,4305,3195,1707,841,0,561,0,4305,0,0,0
2023-06-18,port1154,Santa Marta,2,0,17726,7232,15855,0,1871,0,0,6449,0,782,0,0
2023-06-19,port1154,Santa Marta,2,1,742,15443,0,742,0,0,0,15443,0,0,0,0
2023-06-20,port1154,Santa Marta,2,0,713,12639,0,0,713,0,0,0,0,0,12639,0
2023-06-21,port1154,Santa Marta,3,1,26249,37847,25395,853,0,0,0,35694,2152,0,0,0
2023-06-22,port1154,Santa Marta,3,2,15146,386,15146,0,0,0,0,0,386,0,0,0
2023-06-23,port1154,Santa Marta,1,1,0,2903,0,0,0,0,0,0,2903,0,0,0
2023-06-24,port1154,Santa Marta,2,1,0,8793,0,0,0,0,0,0,4590,0,4203,0
2023-06-25,port1154,Santa Marta,1,1,0,6387,0,0,0,0,0,0,6387,0,0,0
2023-06-26,port1154,Santa Marta,2,1,4523,2152,0,853,0,3669,0,0,2152,0,0,0
2023-06-27,port1154,Santa Marta,1,1,0,679,0,0,0,0,0,0,679,0,0,0
2023-06-28,port1154,Santa Marta,0,0,0,0,0,0,0,0,0,0,0,0,0,0
2023-06-29,port1154,Santa Marta,2,1,853,35674,0,853,0,0,0,33521,2152,0,0,0
2023-06-30,port1154,Santa Marta,1,1,0,665,0,0,0,0,0,0,665,0,0,0
2023-07-01,port1154,Santa Marta,3,1,8625,2152,7771,853,0,0,0,0,2152,0,0,0
2023-07-02,port1154,Santa Marta,3,0,10048,0,9883,0,164,0,0,0,0,0,0,0
2023-07-03,port1154,Santa Marta,3,1,1468,23881,0,853,0,615,0,21728,2152,0,0,0
2023-07-04,port1154,Santa Marta,1,1,605,0,0,605,0,0,0,0,0,0,0,0
2023-07-05,port1154,Santa Marta,2,0,17008,38691,17008,0,0,0,0,38691,0,0,0,0
2023-07-06,port1154,Santa Marta,1,1,853,2152,0,853,0,0,0,0,2152,0,0,0
2023-07-07,port1154,Santa Marta,2,1,32457,0,30518,1939,0,0,0,0,0,0,0,0
2023-07-08,port1154,Santa Marta,3,2,13136,3586,13136,0,0,0,0,0,3586,0,0,0
2023-07-09,port1154,Santa Marta,3,1,945,36074,0,0,945,0,0,30687,5387,0,0,0
2023-07-10,port1154,Santa Marta,4,1,11198,457,10460,738,0,0,0,0,0,0,0,457
2023-07-11,port1154,Santa Marta,1,1,853,2152,0,853,0,0,0,0,2152,0,0,0
2023-07-12,port1154,Santa Marta,0,0,0,0,0,0,0,0,0,0,0,0,0,0
2023-07-13,port1154,Santa Marta,3,1,33297,2152,32443,853,0,0,0,0,2152,0,0,0
2023-07-14,port1154,Santa Marta,2,1,0,4657,0,0,0,0,0,0,488,4169,0,0
2023-07-15,port1154,Santa Marta,4,2,1953,2823,0,853,1100,0,0,0,2790,0,32,0
2023-07-16,port1154,Santa Marta,1,1,0,5901,0,0,0,0,0,0,5901,0,0,0
2023-07-17,port1154,Santa Marta,4,1,9087,0,5263,740,0,0,3083,0,0,0,0,0
2023-07-18,port1154,Santa Marta,3,1,0,30490,0,0,0,0,0,25545,2423,2520,0,0
2023-07-19,port1154,Santa Marta,1,0,0,6294,0,0,0,0,0,0,0,0,6294,0
2023-07-20,port1154,Santa Marta,1,1,386,0,0,386,0,0,0,0,0,0,0,0
2023-07-21,port1154,Santa Marta,4,1,9583,4042,1113,8470,0,0,0,0,0,0,4042,0
2023-07-22,port1154,Santa Marta,3,2,0,7531,0,0,0,0,0,3315,4216,0,0,0
2023-07-23,port1154,Santa Marta,2,1,20666,4902,20666,0,0,0,0,0,4902,0,0,0
2023-07-24,port1154,Santa Marta,1,1,3318,0,0,3318,0,0,0,0,0,0,0,0
2023-07-25,port1154,Santa Marta,1,0,0,2153,0,0,0,0,0,0,0,2153,0,0
2023-07-26,port1154,Santa Marta,2,1,2576,2152,1722,853,0,0,0,0,2152,0,0,0
2023-07-27,port1154,Santa Marta,2,1,25316,387,25316,0,0,0,0,0,387,0,0,0
2023-07-28,port1154,Santa Marta,2,1,22052,961,22052,0,0,0,0,0,961,0,0,0
2023-07-29,port1154,Santa Marta,2,2,4593,2152,0,4593,0,0,0,0,2152,0,0,0
2023-07-30,port1154,Santa Marta,2,1,12256,10805,12256,0,0,0,0,0,10805,0,0,0
2023-07-31,port1154,Santa Marta,2,1,43169,0,41334,1835,0,0,0,0,0,0,0,0
2023-08-01,port1154,Santa Marta,2,1,8842,605,8842,0,0,0,0,0,605,0,0,0
2023-08-02,port1154,Santa Marta,1,0,0,25347,0,0,0,0,0,25347,0,0,0,0
2023-08-03,port1154,Santa Marta,2,1,779,3086,0,0,779,0,0,0,3086,0,0,0
2023-08-04,port1154,Santa Marta,2,1,17633,0,13751,3881,0,0,0,0,0,0,0,0
2023-08-05,port1154,Santa Marta,3,2,1871,5010,0,0,1871,0,0,0,4227,782,0,0
2023-08-06,port1154,Santa Marta,1,1,0,7923,0,0,0,0,0,0,7923,0,0,0
2023-08-07,port1154,Santa Marta,2,1,1501,11036,0,1501,0,0,0,11036,0,0,0,0
2023-08-08,port1154,Santa Marta,2,1,27856,2018,27856,0,0,0,0,0,2018,0,0,0
2023-08-09,port1154,Santa Marta,1,0,0,38055,0,0,0,0,0,38055,0,0,0,0
2023-08-10,port1154,Santa Marta,2,1,11641,776,11641,0,0,0,0,0,776,0,0,0
2023-08-11,port1154,Santa Marta,4,1,30022,2284,29169,853,0,0,0,0,2152,131,0,0
2023-08-12,port1154,Santa Marta,2,1,12079,1524,12079,0,0,0,0,0,1524,0,0,0
2023-08-13,port1154,Santa Marta,1,1,0,11310,0,0,0,0,0,0,11310,0,0,0
2023-08-14,port1154,Santa Marta,2,1,27188,0,26444,744,0,0,0,0,0,0,0,0
2023-08-15,port1154,Santa Marta,1,1,0,1808,0,0,0,0,0,0,1808,0,0,0
2023-08-16,port1154,Santa Marta,1,0,10927,0,10927,0,0,0,0,0,0,0,0,0
2023-08-17,port1154,Santa Marta,3,1,20144,8602,19290,853,0,0,0,6449,2152,0,0,0
2023-08-18,port1154,Santa Marta,1,1,959,0,0,959,0,0,0,0,0,0,0,0
2023-08-19,port1154,Santa Marta,2,2,0,2485,0,0,0,0,0,0,2485,0,0,0
2023-08-20,port1154,Santa Marta,2,0,8482,0,7655,0,827,0,0,0,0,0,0,0
2023-08-21,port1154,Santa Marta,2,1,2220,13507,0,2220,0,0,0,13507,0,0,0,0
2023-08-22,port1154,Santa Marta,2,1,0,7448,0,0,0,0,0,0,2418,5030,0,0
2023-08-23,port1154,Santa Marta,2,0,12544,884,12544,0,0,0,0,0,0,0,884,0
2023-08-24,port1154,Santa Marta,2,1,12409,0,11636,772,0,0,0,0,0,0,0,0
2023-08-25,port1154,Santa Marta,1,1,853,2152,0,853,0,0,0,0,2152,0,0,0
2023-08-26,port1154,Santa Marta,3,2,8521,1075,0,8521,0,0,0,0,0,0,1075,0
2023-08-27,port1154,Santa Marta,3,1,15855,11381,15855,0,0,0,0,6449,4931,0,0,0
2023-08-28,port1154,Santa Marta,3,1,27875,0,23670,2603,0,1602,0,0,0,0,0,0
2023-08-29,port1154,Santa Marta,2,0,29859,4692,29859,0,0,0,0,0,0,4692,0,0
2023-08-30,port1154,Santa Marta,2,1,13857,1808,13857,0,0,0,0,0,1808,0,0,0
2023-08-31,port1154,Santa Marta,1,1,0,776,0,0,0,0,0,0,776,0,0,0
2023-09-01,port1154,Santa Marta,2,1,0,981,0,0,0,0,0,0,981,0,0,0
2023-09-02,port1154,Santa Marta,4,3,7234,7394,6380,853,0,0,0,0,7394,0,0,0
2023-09-03,port1154,Santa Marta,0,0,0,0,0,0,0,0,0,0,0,0,0,0
2023-09-04,port1154,Santa Marta,1,1,0,1106,0,0,0,0,0,0,1106,0,0,0
2023-09-05,port1154,Santa Marta,2,1,33243,2870,33243,0,0,0,0,0,2870,0,0,0
2023-09-06,port1154,Santa Marta,3,1,4454,772,0,0,0,3849,605,0,679,0,0,92
2023-09-07,port1154,Santa Marta,1,1,0,1551,0,0,0,0,0,0,1551,0,0,0
2023-09-08,port1154,Santa Marta,2,1,16242,0,14798,1444,0,0,0,0,0,0,0,0
2023-09-09,port1154,Santa Marta,2,2,0,3384,0,0,0,0,0,0,3384,0,0,0
2023-09-10,port1154,Santa Marta,0,0,0,0,0,0,0,0,0,0,0,0,0,0
2023-09-11,port1154,Santa Marta,3,1,1268,0,0,1114,0,0,154,0,0,0,0,0
2023-09-12,port1154,Santa Marta,2,2,853,3844,0,853,0,0,0,0,3844,0,0,0
2023-09-13,port1154,Santa Marta,0,0,0,0,0,0,0,0,0,0,0,0,0,0
2023-09-14,port1154,Santa Marta,2,1,488,387,0,0,488,0,0,0,387,0,0,0
2023-09-15,port1154,Santa Marta,1,1,2408,0,0,2408,0,0,0,0,0,0,0,0
2023-09-16,port1154,Santa Marta,2,2,853,4706,0,853,0,0,0,0,4706,0,0,0
2023-09-17,port1154,Santa Marta,1,1,0,9812,0,0,0,0,0,0,9812,0,0,0
2023-09-18,port1154,Santa Marta,2,1,4544,0,0,3445,1098,0,0,0,0,0,0,0
2023-09-19,port1154,Santa Marta,0,0,0,0,0,0,0,0,0,0,0,0,0,0
2023-09-20,port1154,Santa Marta,1,1,676,0,0,676,0,0,0,0,0,0,0,0
2023-09-21,port1154,Santa Marta,1,1,0,1547,0,0,0,0,0,0,1547,0,0,0
2023-09-22,port1154,Santa Marta,1,1,0,4109,0,0,0,0,0,0,4109,0,0,0
2023-09-23,port1154,Santa Marta,5,3,3029,11083,0,853,2175,0,0,0,10300,782,0,0
2023-09-24,port1154,Santa Marta,1,0,9954,0,9954,0,0,0,0,0,0,0,0,0
2023-09-25,port1154,Santa Marta,2,1,7914,0,6795,1118,0,0,0,0,0,0,0,0
2023-09-26,port1154,Santa Marta,1,0,356,0,0,0,356,0,0,0,0,0,0,0
2023-09-27,port1154,Santa Marta,1,0,0,0,0,0,0,0,0,0,0,0,0,0
2023-09-28,port1154,Santa Marta,2,1,5309,779,0,0,5309,0,0,0,779,0,0,0
2023-09-29,port1154,Santa Marta,1,1,853,2152,0,853,0,0,0,0,2152,0,0,0
2023-09-30,port1154,Santa Marta,2,2,853,3685,0,853,0,0,0,0,3685,0,0,0
2023-10-01,port1154,Santa Marta,3,1,15855,46626,15855,0,0,0,0,38256,8370,0,0,0
2023-10-02,port1154,Santa Marta,2,2,0,933,0,0,0,0,0,0,933,0,0,0
2023-10-03,port1154,Santa Marta,3,1,0,31814,0,0,0,0,0,26516,605,4692,0,0
2023-10-04,port1154,Santa Marta,0,0,0,0,0,0,0,0,0,0,0,0,0,0
2023-10-05,port1154,Santa Marta,1,1,387,0,0,387,0,0,0,0,0,0,0,0
2023-10-06,port1154,Santa Marta,2,1,36328,2152,35474,853,0,0,0,0,2152,0,0,0
2023-10-07,port1154,Santa Marta,2,2,263,3556,0,263,0,0,0,0,3556,0,0,0
2023-10-08,port1154,Santa Marta,1,0,33620,0,33620,0,0,0,0,0,0,0,0,0
2023-10-09,port1154,Santa Marta,2,1,1492,8125,0,1492,0,0,0,8125,0,0,0,0
2023-10-10,port1154,Santa Marta,1,0,17271,0,17271,0,0,0,0,0,0,0,0,0
2023-10-11,port1154,Santa Marta,1,1,0,3044,0,0,0,0,0,0,3044,0,0,0
2023-10-12,port1154,Santa Marta,2,1,58598,2152,57745,853,0,0,0,0,2152,0,0,0
2023-10-13,port1154,Santa Marta,1,1,479,0,0,479,0,0,0,0,0,0,0,0
2023-10-14,port1154,Santa Marta,3,3,1707,11651,0,1707,0,0,0,0,11651,0,0,0
2023-10-15,port1154,Santa Marta,3,0,50044,549,49439,0,0,0,605,0,0,0,0,549
2023-10-16,port1154,Santa Marta,2,1,18019,2152,17165,853,0,0,0,0,2152,0,0,0
2023-10-17,port1154,Santa Marta,1,1,0,1350,0,0,0,0,0,0,1350,0,0,0
2023-10-18,port1154,Santa Marta,1,0,923,0,0,0,923,0,0,0,0,0,0,0
2023-10-19,port1154,Santa Marta,1,1,0,387,0,0,0,0,0,0,387,0,0,0
2023-10-20,port1154,Santa Marta,2,1,0,59537,0,0,0,0,0,58055,1481,0,0,0
2023-10-21,port1154,Santa Marta,4,3,11609,3107,10743,866,0,0,0,0,3107,0,0,0
2023-10-22,port1154,Santa Marta,1,1,0,6882,0,0,0,0,0,0,6882,0,0,0
2023-10-23,port1154,Santa Marta,3,2,27300,1689,26928,371,0,0,0,0,1689,0,0,0
2023-10-24,port1154,Santa Marta,1,1,1214,0,0,1214,0,0,0,0,0,0,0,0
2023-10-25,port1154,Santa Marta,1,0,0,0,0,0,0,0,0,0,0,0,0,0
2023-10-26,port1154,Santa Marta,1,0,921,0,0,0,921,0,0,0,0,0,0,0
2023-10-27,port1154,Santa Marta,2,2,390,966,0,390,0,0,0,0,966,0,0,0
2023-10-28,port1154,Santa Marta,1,1,0,510,0,0,0,0,0,0,510,0,0,0
2023-10-29,port1154,Santa Marta,3,1,0,14803,0,0,0,0,0,5820,7388,0,1593,0
2023-10-30,port1154,Santa Marta,2,1,2603,0,0,2603,0,0,0,0,0,0,0,0
2023-10-31,port1154,Santa Marta,2,1,0,6446,0,0,0,0,0,0,683,5763,0,0
2023-11-01,port1154,Santa Marta,1,0,9912,0,9912,0,0,0,0,0,0,0,0,0
2023-11-02,port1154,Santa Marta,1,1,853,2152,0,853,0,0,0,0,2152,0,0,0
2023-11-03,port1154,Santa Marta,2,1,762,965,762,0,0,0,0,0,965,0,0,0
2023-11-04,port1154,Santa Marta,3,3,853,6078,0,853,0,0,0,0,6078,0,0,0
2023-11-05,port1154,Santa Marta,0,0,0,0,0,0,0,0,0,0,0,0,0,0
2023-11-06,port1154,Santa Marta,1,1,735,0,0,735,0,0,0,0,0,0,0,0
2023-11-07,port1154,Santa Marta,2,0,0,26243,0,0,0,0,0,22659,0,3584,0,0
2023-11-08,port1154,Santa Marta,1,0,1041,0,1041,0,0,0,0,0,0,0,0,0
2023-11-09,port1154,Santa Marta,1,1,853,2152,0,853,0,0,0,0,2152,0,0,0
2023-11-10,port1154,Santa Marta,1,1,0,484,0,0,0,0,0,0,484,0,0,0
2023-11-11,port1154,Santa Marta,2,2,0,1791,0,0,0,0,0,0,1791,0,0,0
2023-11-12,port1154,Santa Marta,1,1,0,7424,0,0,0,0,0,0,7424,0,0,0
2023-11-13,port1154,Santa Marta,2,1,7800,2152,6947,853,0,0,0,0,2152,0,0,0
2023-11-14,port1154,Santa Marta,2,1,53648,1206,53648,0,0,0,0,0,1206,0,0,0
2023-11-15,port1154,Santa Marta,1,0,0,7431,0,0,0,0,0,0,0,0,7431,0
2023-11-16,port1154,Santa Marta,3,1,0,64772,0,0,0,0,0,53945,389,0,10438,0
2023-11-17,port1154,Santa Marta,2,1,491,2134,0,491,0,0,0,0,0,2134,0,0
2023-11-18,port1154,Santa Marta,2,2,853,3167,0,853,0,0,0,0,3167,0,0,0
2023-11-19,port1154,Santa Marta,2,1,0,8315,0,0,0,0,0,0,8315,0,0,0
2023-11-20,port1154,Santa Marta,1,1,1599,0,0,1599,0,0,0,0,0,0,0,0
2023-11-21,port1154,Santa Marta,1,0,2897,0,2897,0,0,0,0,0,0,0,0,0
2023-11-22,port1154,Santa Marta,2,1,4176,1811,4176,0,0,0,0,0,1811,0,0,0
2023-11-23,port1154,Santa Marta,1,1,853,2152,0,853,0,0,0,0,2152,0,0,0
2023-11-24,port1154,Santa Marta,2,1,58374,3388,58374,0,0,0,0,0,3388,0,0,0
2023-11-25,port1154,Santa Marta,4,3,1496,8070,0,853,0,643,0,0,8070,0,0,0
2023-11-26,port1154,Santa Marta,2,1,1200,11344,0,1200,0,0,0,0,0,11344,0,0
2023-11-27,port1154,Santa Marta,0,0,0,0,0,0,0,0,0,0,0,0,0,0
2023-11-28,port1154,Santa Marta,1,1,672,0,0,672,0,0,0,0,0,0,0,0
2023-11-29,port1154,Santa Marta,2,0,0,36039,0,0,0,0,0,36039,0,0,0,0
2023-11-30,port1154,Santa Marta,1,1,0,389,0,0,0,0,0,0,389,0,0,0
2023-12-01,port1154,Santa Marta,0,0,0,0,0,0,0,0,0,0,0,0,0,0
2023-12-02,port1154,Santa Marta,2,2,0,2016,0,0,0,0,0,0,2016,0,0,0
2023-12-03,port1154,Santa Marta,0,0,0,0,0,0,0,0,0,0,0,0,0,0
2023-12-04,port1154,Santa Marta,1,0,8889,0,8889,0,0,0,0,0,0,0,0,0
2023-12-05,port1154,Santa Marta,3,0,27763,0,27407,0,356,0,0,0,0,0,0,0
2023-12-06,port1154,Santa Marta,3,2,434,5111,0,0,0,0,434,0,5111,0,0,0
2023-12-07,port1154,Santa Marta,2,1,28869,2152,28016,853,0,0,0,0,2152,0,0,0
2023-12-08,port1154,Santa Marta,1,1,0,493,0,0,0,0,0,0,493,0,0,0
2023-12-09,port1154,Santa Marta,4,3,853,13710,0,853,0,0,0,0,13199,0,0,510
2023-12-10,port1154,Santa Marta,3,0,25111,0,23840,0,1270,0,0,0,0,0,0,0
2023-12-11,port1154,Santa Marta,1,1,0,2249,0,0,0,0,0,0,2249,0,0,0
2023-12-12,port1154,Santa Marta,1,1,0,675,0,0,0,0,0,0,675,0,0,0
2023-12-13,port1154,Santa Marta,1,0,0,3589,0,0,0,0,0,0,0,3589,0,0
2023-12-14,port1154,Santa Marta,1,1,0,774,0,0,0,0,0,0,774,0,0,0
2023-12-15,port1154,Santa Marta,2,1,36378,2152,35525,853,0,0,0,0,2152,0,0,0
2023-12-16,port1154,Santa Marta,4,3,1989,12060,0,0,1989,0,0,0,12060,0,0,0
2023-12-17,port1154,Santa Marta,1,0,29662,0,29662,0,0,0,0,0,0,0,0,0
2023-12-18,port1154,Santa Marta,3,1,16171,6820,15855,0,315,0,0,6449,370,0,0,0
2023-12-19,port1154,Santa Marta,0,0,0,0,0,0,0,0,0,0,0,0,0,0
2023-12-20,port1154,Santa Marta,0,0,0,0,0,0,0,0,0,0,0,0,0,0
2023-12-21,port1154,Santa Marta,2,1,56096,2152,55242,853,0,0,0,0,2152,0,0,0
2023-12-22,port1154,Santa Marta,1,0,0,1068,0,0,0,0,0,0,0,1068,0,0
2023-12-23,port1154,Santa Marta,2,1,4159,9823,0,0,4159,0,0,0,9823,0,0,0
2023-12-24,port1154,Santa Marta,0,0,0,0,0,0,0,0,0,0,0,0,0,0
2023-12-25,port1154,Santa Marta,2,1,44963,0,44222,740,0,0,0,0,0,0,0,0
2023-12-26,port1154,Santa Marta,3,1,12202,2699,12202,0,0,0,0,0,605,0,2094,0
2023-12-27,port1154,Santa Marta,1,1,0,1959,0,0,0,0,0,0,1959,0,0,0
2023-12-28,port1154,Santa Marta,2,1,0,1914,0,0,0,0,0,0,1556,357,0,0
2023-12-29,port1154,Santa Marta,2,0,2077,0,0,0,0,2077,0,0,0,0,0,0
2023-12-30,port1154,Santa Marta,4,2,4669,24316,4669,0,0,0,0,0,11150,0,13165,0
2023-12-31,port1154,Santa Marta,0,0,0,0,0,0,0,0,0,0,0,0,0,0
2024-01-01,port1154,Santa Marta,1,1,0,374,0,0,0,0,0,0,374,0,0,0
2024-01-02,port1154,Santa Marta,1,0,18058,0,18058,0,0,0,0,0,0,0,0,0
2024-01-03,port1154,Santa Marta,1,1,0,606,0,0,0,0,0,0,606,0,0,0
2024-01-04,port1154,Santa Marta,1,1,853,2152,0,853,0,0,0,0,2152,0,0,0
2024-01-05,port1154,Santa Marta,2,1,4184,496,0,0,4184,0,0,0,496,0,0,0
2024-01-06,port1154,Santa Marta,3,2,9427,7626,9427,0,0,0,0,0,7626,0,0,0
2024-01-07,port1154,Santa Marta,1,0,0,1127,0,0,0,0,0,0,0,1127,0,0
2024-01-08,port1154,Santa Marta,0,0,0,0,0,0,0,0,0,0,0,0,0,0
2024-01-09,port1154,Santa Marta,0,0,0,0,0,0,0,0,0,0,0,0,0,0
2024-01-10,port1154,Santa Marta,3,1,66569,8602,65716,853,0,0,0,6449,2152,0,0,0
2024-01-11,port1154,Santa Marta,2,1,7224,1945,7224,0,0,0,0,0,1945,0,0,0
2024-01-12,port1154,Santa Marta,4,1,26063,0,20223,5840,0,0,0,0,0,0,0,0
2024-01-13,port1154,Santa Marta,1,0,7060,0,7060,0,0,0,0,0,0,0,0,0
2024-01-14,port1154,Santa Marta,1,1,0,8378,0,0,0,0,0,0,8378,0,0,0
2024-01-15,port1154,Santa Marta,0,0,0,0,0,0,0,0,0,0,0,0,0,0
2024-01-16,port1154,Santa Marta,1,0,0,3602,0,0,0,0,0,0,0,3602,0,0
2024-01-17,port1154,Santa Marta,3,1,50363,606,50363,0,0,0,0,0,606,0,0,0
2024-01-18,port1154,Santa Marta,2,1,853,2152,0,853,0,0,0,0,2152,0,0,0
2024-01-19,port1154,Santa Marta,1,0,0,60034,0,0,0,0,0,60034,0,0,0,0
2024-01-20,port1154,Santa Marta,2,1,0,762,0,0,0,0,0,0,762,0,0,0
2024-01-21,port1154,Santa Marta,2,1,0,6098,0,0,0,0,0,1171,4926,0,0,0
2024-01-22,port1154,Santa Marta,0,0,0,0,0,0,0,0,0,0,0,0,0,0
2024-01-23,port1154,Santa Marta,3,2,853,3500,0,853,0,0,0,0,3500,0,0,0
2024-01-24,port1154,Santa Marta,3,2,0,9476,0,0,0,0,0,0,4082,5393,0,0
2024-01-25,port1154,Santa Marta,1,1,0,3110,0,0,0,0,0,0,3110,0,0,0
2024-01-26,port1154,Santa Marta,0,0,0,0,0,0,0,0,0,0,0,0,0,0
2024-01-27,port1154,Santa Marta,1,1,0,1348,0,0,0,0,0,0,1348,0,0,0
2024-01-28,port1154,Santa Marta,2,1,2332,15122,0,0,0,2332,0,0,10338,0,4783,0
2024-01-29,port1154,Santa Marta,3,0,0,6964,0,0,0,0,0,2795,0,3654,0,514
2024-01-30,port1154,Santa Marta,1,0,7205,0,7205,0,0,0,0,0,0,0,0,0
2024-01-31,port1154,Santa Marta,2,2,1775,337,0,1775,0,0,0,0,337,0,0,0
2024-02-01,port1154,Santa Marta,2,2,2847,2152,0,2847,0,0,0,0,2152,0,0,0
2024-02-02,port1154,Santa Marta,1,1,0,2891,0,0,0,0,0,0,2891,0,0,0
2024-02-03,port1154,Santa Marta,1,0,11096,0,11096,0,0,0,0,0,0,0,0,0
2024-02-04,port1154,Santa Marta,4,1,4542,2954,0,0,4542,0,0,0,2954,0,0,0
2024-02-05,port1154,Santa Marta,1,1,0,673,0,0,0,0,0,0,673,0,0,0
2024-02-06,port1154,Santa Marta,2,1,0,7128,0,0,0,0,0,0,1818,5309,0,0
2024-02-07,port1154,Santa Marta,2,1,0,6531,0,0,0,0,0,0,1082,0,5449,0
2024-02-08,port1154,Santa Marta,4,2,15503,1862,15503,0,0,0,0,0,1862,0,0,0
2024-02-09,port1154,Santa Marta,1,1,0,2421,0,0,0,0,0,0,2421,0,0,0
2024-02-10,port1154,Santa Marta,1,0,33310,0,33310,0,0,0,0,0,0,0,0,0
2024-02-11,port1154,Santa Marta,2,1,0,7497,0,0,0,0,0,0,2950,0,4546,0
2024-02-12,port1154,Santa Marta,2,2,853,3258,0,853,0,0,0,0,3258,0,0,0
2024-02-13,port1154,Santa Marta,4,1,25382,5169,25382,0,0,0,0,0,1213,3955,0,0
2024-02-14,port1154,Santa Marta,3,1,394,25506,0,394,0,0,0,0,337,0,25168,0
2024-02-15,port1154,Santa Marta,3,1,21827,2152,20974,853,0,0,0,0,2152,0,0,0
2024-02-16,port1154,Santa Marta,1,1,0,977,0,0,0,0,0,0,977,0,0,0
2024-02-17,port1154,Santa Marta,2,2,0,3564,0,0,0,0,0,0,3564,0,0,0
2024-02-18,port1154,Santa Marta,1,0,1477,0,0,0,1477,0,0,0,0,0,0,0
2024-02-19,port1154,Santa Marta,4,1,20884,782,15642,275,4966,0,0,0,0,782,0,0
2024-02-20,port1154,Santa Marta,1,0,1075,0,0,0,1075,0,0,0,0,0,0,0
2024-02-21,port1154,Santa Marta,5,3,21471,12877,21471,0,0,0,0,0,5188,0,7689,0
2024-02-22,port1154,Santa Marta,1,0,12717,0,12717,0,0,0,0,0,0,0,0,0
2024-02-23,port1154,Santa Marta,3,2,0,2365,0,0,0,0,0,0,2365,0,0,0
2024-02-24,port1154,Santa Marta,3,2,605,2061,0,0,0,0,605,0,1968,0,0,92
2024-02-25,port1154,Santa Marta,2,0,36627,0,36627,0,0,0,0,0,0,0,0,0
2024-02-26,port1154,Santa Marta,1,1,0,1098,0,0,0,0,0,0,1098,0,0,0
2024-02-27,port1154,Santa Marta,1,1,0,608,0,0,0,0,0,0,608,0,0,0
2024-02-28,port1154,Santa Marta,3,1,16400,10762,15855,544,0,0,0,6449,0,4312,0,0
2024-02-29,port1154,Santa Marta,2,1,853,79383,0,853,0,0,0,77230,2152,0,0,0
2024-03-01,port1154,Santa Marta,4,1,1705,3217,0,853,852,0,0,0,2152,1064,0,0
2024-03-02,port1154,Santa Marta,3,1,5906,11625,0,5906,0,0,0,0,0,0,11625,0
2024-03-03,port1154,Santa Marta,2,1,13792,2483,13792,0,0,0,0,0,2483,0,0,0
2024-03-04,port1154,Santa Marta,2,0,30930,6449,30930,0,0,0,0,6449,0,0,0,0
2024-03-05,port1154,Santa Marta,1,1,853,2152,0,853,0,0,0,0,2152,0,0,0
2024-03-06,port1154,Santa Marta,5,2,3742,4809,0,0,3742,0,0,0,3245,1564,0,0
2024-03-07,port1154,Santa Marta,2,1,0,17376,0,0,0,0,0,16051,1324,0,0,0
2024-03-08,port1154,Santa Marta,1,1,485,0,0,485,0,0,0,0,0,0,0,0
2024-03-09,port1154,Santa Marta,4,1,22174,6449,22174,0,0,0,0,6449,0,0,0,0
2024-03-10,port1154,Santa Marta,2,1,1798,3911,0,0,1798,0,0,0,3911,0,0,0
2024-03-11,port1154,Santa Marta,4,2,2312,0,0,973,417,0,921,0,0,0,0,0
2024-03-12,port1154,Santa Marta,2,1,853,2152,0,853,0,0,0,0,2152,0,0,0
2024-03-13,port1154,Santa Marta,3,1,24548,704,24277,271,0,0,0,0,0,704,0,0
2024-03-14,port1154,Santa Marta,1,1,853,2152,0,853,0,0,0,0,2152,0,0,0
2024-03-15,port1154,Santa Marta,4,1,37499,0,37003,495,0,0,0,0,0,0,0,0
2024-03-16,port1154,Santa Marta,1,1,1624,0,0,1624,0,0,0,0,0,0,0,0
2024-03-17,port1154,Santa Marta,2,1,11377,4960,11377,0,0,0,0,0,4960,0,0,0
2024-03-18,port1154,Santa Marta,0,0,0,0,0,0,0,0,0,0,0,0,0,0
2024-03-19,port1154,Santa Marta,3,1,19107,2152,17896,853,356,0,0,0,2152,0,0,0
2024-03-20,port1154,Santa Marta,4,3,2373,3902,0,2373,0,0,0,0,0,0,3902,0
2024-03-21,port1154,Santa Marta,1,0,0,4945,0,0,0,0,0,0,0,0,4945,0
2024-03-22,port1154,Santa Marta,2,2,0,1302,0,0,0,0,0,0,1302,0,0,0
2024-03-23,port1154,Santa Marta,3,1,15531,7125,0,853,0,14678,0,0,2152,0,0,4972
2024-03-24,port1154,Santa Marta,1,1,0,11303,0,0,0,0,0,0,11303,0,0,0
2024-03-25,port1154,Santa Marta,2,1,0,756,0,0,0,0,0,0,756,0,0,0
2024-03-26,port1154,Santa Marta,3,1,605,1668,0,0,0,0,605,0,1219,356,0,92
2024-03-27,port1154,Santa Marta,3,2,14837,0,13009,1828,0,0,0,0,0,0,0,0
2024-03-28,port1154,Santa Marta,2,0,15855,62924,15855,0,0,0,0,62924,0,0,0,0
2024-03-29,port1154,Santa Marta,2,2,2548,0,0,2548,0,0,0,0,0,0,0,0
2024-03-30,port1154,Santa Marta,1,1,0,9812,0,0,0,0,0,0,9812,0,0,0
2024-03-31,port1154,Santa Marta,3,1,22451,2152,21598,853,0,0,0,0,2152,0,0,0
2024-04-01,port1154,Santa Marta,1,1,0,2671,0,0,0,0,0,0,2671,0,0,0
2024-04-02,port1154,Santa Marta,3,0,4672,9556,4672,0,0,0,0,0,0,5379,4176,0
2024-04-03,port1154,Santa Marta,3,2,4729,5876,0,2237,0,2492,0,0,268,0,5608,0
2024-04-04,port1154,Santa Marta,2,1,53016,330,53016,0,0,0,0,0,330,0,0,0
2024-04-05,port1154,Santa Marta,3,1,0,5164,0,0,0,0,0,3258,488,1417,0,0
2024-04-06,port1154,Santa Marta,4,2,59927,2982,58056,0,1871,0,0,0,2200,782,0,0
2024-04-07,port1154,Santa Marta,0,0,0,0,0,0,0,0,0,0,0,0,0,0
2024-04-08,port1154,Santa Marta,1,0,2929,0,2929,0,0,0,0,0,0,0,0,0
2024-04-09,port1154,Santa Marta,1,0,5726,0,0,0,5726,0,0,0,0,0,0,0
2024-04-10,port1154,Santa Marta,3,1,4148,92,0,1212,2330,0,605,0,0,0,0,92
2024-04-11,port1154,Santa Marta,2,1,11673,389,11673,0,0,0,0,0,389,0,0,0
2024-04-12,port1154,Santa Marta,1,1,0,496,0,0,0,0,0,0,496,0,0,0
2024-04-13,port1154,Santa Marta,2,1,18428,1084,18428,0,0,0,0,0,1084,0,0,0
2024-04-14,port1154,Santa Marta,0,0,0,0,0,0,0,0,0,0,0,0,0,0
2024-04-15,port1154,Santa Marta,2,2,983,2412,0,983,0,0,0,0,2412,0,0,0
2024-04-16,port1154,Santa Marta,3,1,18110,13557,15855,2254,0,0,0,6449,0,0,7107,0
2024-04-17,port1154,Santa Marta,1,1,678,0,0,678,0,0,0,0,0,0,0,0
2024-04-18,port1154,Santa Marta,2,2,0,2919,0,0,0,0,0,0,2919,0,0,0
2024-04-19,port1154,Santa Marta,3,1,16709,19145,15855,853,0,0,0,16992,2152,0,0,0
2024-04-20,port1154,Santa Marta,1,1,0,0,0,0,0,0,0,0,0,0,0,0
2024-04-21,port1154,Santa Marta,1,1,0,5911,0,0,0,0,0,0,5911,0,0,0
2024-04-22,port1154,Santa Marta,2,0,12886,20493,12886,0,0,0,0,0,0,0,20493,0
2024-04-23,port1154,Santa Marta,1,0,729,1751,0,0,729,0,0,0,0,1751,0,0
2024-04-24,port1154,Santa Marta,2,1,15855,8267,15855,0,0,0,0,6449,1817,0,0,0
2024-04-25,port1154,Santa Marta,4,2,0,17047,0,0,0,0,0,0,4903,0,12143,0
2024-04-26,port1154,Santa Marta,2,2,1396,2152,0,1396,0,0,0,0,2152,0,0,0
2024-04-27,port1154,Santa Marta,3,1,36351,20582,36351,0,0,0,0,0,5399,0,15183,0
2024-04-28,port1154,Santa Marta,1,0,7510,0,7510,0,0,0,0,0,0,0,0,0
2024-04-29,port1154,Santa Marta,2,0,36096,3593,36096,0,0,0,0,0,0,3593,0,0
2024-04-30,port1154,Santa Marta,3,1,14554,3120,14554,0,0,0,0,0,2416,704,0,0
2024-05-01,port1154,Santa Marta,0,0,0,0,0,0,0,0,0,0,0,0,0,0
2024-05-02,port1154,Santa Marta,3,1,36416,0,35154,269,991,0,0,0,0,0,0,0
2024-05-03,port1154,Santa Marta,2,2,985,1666,0,985,0,0,0,0,1666,0,0,0
2024-05-04,port1154,Santa Marta,2,1,1305,0,0,0,0,0,1305,0,0,0,0,0
2024-05-05,port1154,Santa Marta,4,1,32487,15859,31711,0,775,0,0,12899,2959,0,0,0
2024-05-06,port1154,Santa Marta,1,0,0,0,0,0,0,0,0,0,0,0,0,0
2024-05-07,port1154,Santa Marta,3,0,55595,3593,54502,0,0,1092,0,0,0,3593,0,0
2024-05-08,port1154,Santa Marta,2,2,3765,0,0,3765,0,0,0,0,0,0,0,0
2024-05-09,port1154,Santa Marta,1,1,368,0,0,368,0,0,0,0,0,0,0,0
2024-05-10,port1154,Santa Marta,2,1,972,3191,0,972,0,0,0,0,0,3191,0,0
2024-05-11,port1154,Santa Marta,3,1,1871,4521,0,0,1871,0,0,0,3739,782,0,0
2024-05-12,port1154,Santa Marta,2,1,23817,490,23817,0,0,0,0,0,490,0,0,0
2024-05-13,port1154,Santa Marta,0,0,0,0,0,0,0,0,0,0,0,0,0,0
2024-05-14,port1154,Santa Marta,2,1,1582,3903,0,853,729,0,0,0,2152,1751,0,0
2024-05-15,port1154,Santa Marta,1,0,15855,6449,15855,0,0,0,0,6449,0,0,0,0
2024-05-16,port1154,Santa Marta,2,2,0,2198,0,0,0,0,0,0,2198,0,0,0
2024-05-17,port1154,Santa Marta,2,1,853,3099,0,853,0,0,0,0,2152,946,0,0
2024-05-18,port1154,Santa Marta,3,1,15855,9071,15855,0,0,0,0,6449,0,0,2621,0
2024-05-19,port1154,Santa Marta,3,2,4590,7795,0,4590,0,0,0,0,7795,0,0,0
2024-05-20,port1154,Santa Marta,2,0,1058,0,0,0,1058,0,0,0,0,0,0,0
2024-05-21,port1154,Santa Marta,2,1,1530,0,0,607,0,0,922,0,0,0,0,0
2024-05-22,port1154,Santa Marta,2,0,15490,0,0,0,15490,0,0,0,0,0,0,0
2024-05-23,port1154,Santa Marta,2,2,272,2215,0,272,0,0,0,0,2215,0,0,0
2024-05-24,port1154,Santa Marta,1,1,482,0,0,482,0,0,0,0,0,0,0,0
2024-05-25,port1154,Santa Marta,2,1,0,17160,0,0,0,0,0,16618,541,0,0,0
2024-05-26,port1154,Santa Marta,1,1,0,2183,0,0,0,0,0,0,2183,0,0,0
2024-05-27,port1154,Santa Marta,1,0,9103,0,9103,0,0,0,0,0,0,0,0,0
2024-05-28,port1154,Santa Marta,3,1,0,5244,0,0,0,0,0,0,2029,3214,0,0
2024-05-29,port1154,Santa Marta,3,0,4363,11142,4363,0,0,0,0,0,0,0,11142,0
2024-05-30,port1154,Santa Marta,2,2,0,1867,0,0,0,0,0,0,1867,0,0,0
2024-05-31,port1154,Santa Marta,1,1,495,0,0,495,0,0,0,0,0,0,0,0
2024-06-01,port1154,Santa Marta,1,1,0,0,0,0,0,0,0,0,0,0,0,0
2024-06-02,port1154,Santa Marta,2,1,2174,5399,0,0,2174,0,0,0,5399,0,0,0
2024-06-03,port1154,Santa Marta,2,0,19056,0,18543,0,0,0,513,0,0,0,0,0
2024-06-04,port1154,Santa Marta,1,0,0,2507,0,0,0,0,0,0,0,2507,0,0
2024-06-05,port1154,Santa Marta,3,1,21495,45846,20888,607,0,0,0,45846,0,0,0,0
2024-06-06,port1154,Santa Marta,2,2,539,2209,0,539,0,0,0,0,2209,0,0,0
2024-06-07,port1154,Santa Marta,1,1,0,483,0,0,0,0,0,0,483,0,0,0
2024-06-08,port1154,Santa Marta,4,2,14728,5407,13889,0,838,0,0,0,5407,0,0,0
2024-06-09,port1154,Santa Marta,0,0,0,0,0,0,0,0,0,0,0,0,0,0
2024-06-10,port1154,Santa Marta,1,0,19332,0,19332,0,0,0,0,0,0,0,0,0
2024-06-11,port1154,Santa Marta,2,0,18356,2859,18356,0,0,0,0,0,0,2859,0,0
2024-06-12,port1154,Santa Marta,1,1,0,608,0,0,0,0,0,0,608,0,0,0
2024-06-13,port1154,Santa Marta,2,1,0,2135,0,0,0,0,0,0,1324,0,810,0
2024-06-14,port1154,Santa Marta,2,1,853,2506,0,853,0,0,0,0,2152,353,0,0
2024-06-15,port1154,Santa Marta,2,1,1443,2152,0,853,589,0,0,0,2152,0,0,0
2024-06-16,port1154,Santa Marta,1,1,0,7385,0,0,0,0,0,0,7385,0,0,0
2024-06-17,port1154,Santa Marta,0,0,0,0,0,0,0,0,0,0,0,0,0,0
2024-06-18,port1154,Santa Marta,2,1,30531,605,30531,0,0,0,0,0,605,0,0,0
2024-06-19,port1154,Santa Marta,1,0,15185,0,15185,0,0,0,0,0,0,0,0,0
2024-06-20,port1154,Santa Marta,1,1,545,0,0,545,0,0,0,0,0,0,0,0
2024-06-21,port1154,Santa Marta,3,2,853,3262,0,853,0,0,0,0,3262,0,0,0
2024-06-22,port1154,Santa Marta,2,2,1937,2152,0,1937,0,0,0,0,2152,0,0,0
2024-06-23,port1154,Santa Marta,2,1,0,13906,0,0,0,0,0,9960,3945,0,0,0
2024-06-24,port1154,Santa Marta,0,0,0,0,0,0,0,0,0,0,0,0,0,0
2024-06-25,port1154,Santa Marta,4,1,5055,59332,0,1169,3885,0,0,59332,0,0,0,0
2024-06-26,port1154,Santa Marta,2,2,1216,0,0,1216,0,0,0,0,0,0,0,0
2024-06-27,port1154,Santa Marta,1,0,16890,0,16890,0,0,0,0,0,0,0,0,0
2024-06-28,port1154,Santa Marta,2,2,853,2485,0,853,0,0,0,0,2485,0,0,0
2024-06-29,port1154,Santa Marta,1,1,0,0,0,0,0,0,0,0,0,0,0,0
2024-06-30,port1154,Santa Marta,1,1,0,10694,0,0,0,0,0,0,10694,0,0,0
2024-07-01,port1154,Santa Marta,1,0,0,0,0,0,0,0,0,0,0,0,0,0
2024-07-02,port1154,Santa Marta,2,1,385,712,0,385,0,0,0,0,0,712,0,0
2024-07-03,port1154,Santa Marta,3,1,15855,7052,15855,0,0,0,0,6449,602,0,0,0
2024-07-04,port1154,Santa Marta,1,1,0,269,0,0,0,0,0,0,269,0,0,0
2024-07-05,port1154,Santa Marta,4,2,8640,3129,7787,853,0,0,0,0,3129,0,0,0
2024-07-06,port1154,Santa Marta,3,1,19841,834,19841,0,0,0,0,0,510,323,0,0
2024-07-07,port1154,Santa Marta,2,1,6145,7632,6145,0,0,0,0,0,7632,0,0,0
2024-07-08,port1154,Santa Marta,2,1,0,677,0,0,0,0,0,0,677,0,0,0
2024-07-09,port1154,Santa Marta,3,0,48600,0,48243,0,356,0,0,0,0,0,0,0
2024-07-10,port1154,Santa Marta,1,0,0,1631,0,0,0,0,0,0,0,1631,0,0
2024-07-11,port1154,Santa Marta,3,2,37076,2847,37076,0,0,0,0,0,2847,0,0,0
2024-07-12,port1154,Santa Marta,2,0,27821,0,26995,0,826,0,0,0,0,0,0,0
2024-07-13,port1154,Santa Marta,2,1,0,153,0,0,0,0,0,0,0,153,0,0
2024-07-14,port1154,Santa Marta,3,2,774,4920,0,774,0,0,0,0,4920,0,0,0
2024-07-15,port1154,Santa Marta,4,0,8204,67032,7577,0,627,0,0,58210,0,0,8821,0
2024-07-16,port1154,Santa Marta,1,0,167,0,167,0,0,0,0,0,0,0,0,0
2024-07-17,port1154,Santa Marta,3,2,853,6360,0,853,0,0,0,0,3145,3214,0,0
2024-07-18,port1154,Santa Marta,2,2,853,2420,0,853,0,0,0,0,2420,0,0,0
2024-07-19,port1154,Santa Marta,4,1,11649,3407,10109,0,0,0,1540,0,1979,1428,0,0
2024-07-20,port1154,Santa Marta,4,1,19133,2550,16782,0,1045,0,1305,0,2550,0,0,0
2024-07-21,port1154,Santa Marta,1,1,0,4392,0,0,0,0,0,0,4392,0,0,0
2024-07-22,port1154,Santa Marta,0,0,0,0,0,0,0,0,0,0,0,0,0,0
2024-07-23,port1154,Santa Marta,1,1,0,1813,0,0,0,0,0,0,1813,0,0,0
2024-07-24,port1154,Santa Marta,0,0,0,0,0,0,0,0,0,0,0,0,0,0
2024-07-25,port1154,Santa Marta,3,2,2151,0,0,2151,0,0,0,0,0,0,0,0
2024-07-26,port1154,Santa Marta,1,1,973,0,0,973,0,0,0,0,0,0,0,0
2024-07-27,port1154,Santa Marta,1,0,0,59024,0,0,0,0,0,59024,0,0,0,0
2024-07-28,port1154,Santa Marta,1,1,0,9334,0,0,0,0,0,0,9334,0,0,0
2024-07-29,port1154,Santa Marta,2,2,6017,0,0,6017,0,0,0,0,0,0,0,0
2024-07-30,port1154,Santa Marta,0,0,0,0,0,0,0,0,0,0,0,0,0,0
2024-07-31,port1154,Santa Marta,1,0,0,2740,0,0,0,0,0,0,0,2740,0,0
2024-08-01,port1154,Santa Marta,2,1,3303,2152,2449,853,0,0,0,0,2152,0,0,0
2024-08-02,port1154,Santa Marta,3,1,29997,7248,29997,0,0,0,0,0,467,0,6781,0
2024-08-03,port1154,Santa Marta,2,1,7698,2041,7698,0,0,0,0,0,2041,0,0,0
2024-08-04,port1154,Santa Marta,1,1,0,7848,0,0,0,0,0,0,7848,0,0,0
2024-08-05,port1154,Santa Marta,2,1,4671,0,2451,2220,0,0,0,0,0,0,0,0
2024-08-06,port1154,Santa Marta,3,1,853,39973,0,853,0,0,0,37464,2152,356,0,0
2024-08-07,port1154,Santa Marta,1,0,0,0,0,0,0,0,0,0,0,0,0,0
2024-08-08,port1154,Santa Marta,2,2,0,4661,0,0,0,0,0,0,4661,0,0,0
2024-08-09,port1154,Santa Marta,1,1,0,1481,0,0,0,0,0,0,1481,0,0,0
2024-08-10,port1154,Santa Marta,4,1,18727,9285,15855,853,2017,0,0,6449,2152,682,0,0
2024-08-11,port1154,Santa Marta,2,1,49964,9393,49964,0,0,0,0,0,9393,0,0,0
2024-08-12,port1154,Santa Marta,1,0,8772,0,8772,0,0,0,0,0,0,0,0,0
2024-08-13,port1154,Santa Marta,1,0,0,4306,0,0,0,0,0,0,0,4306,0,0
2024-08-14,port1154,Santa Marta,1,0,919,0,0,0,919,0,0,0,0,0,0,0
2024-08-15,port1154,Santa Marta,5,3,27588,4305,24871,2246,470,0,0,0,4305,0,0,0
2024-08-16,port1154,Santa Marta,2,1,5724,4380,5724,0,0,0,0,0,4380,0,0,0
2024-08-17,port1154,Santa Marta,1,1,0,3069,0,0,0,0,0,0,3069,0,0,0
2024-08-18,port1154,Santa Marta,3,2,29130,10499,28276,853,0,0,0,0,10499,0,0,0
2024-08-19,port1154,Santa Marta,2,1,20321,0,15402,4919,0,0,0,0,0,0,0,0
2024-08-20,port1154,Santa Marta,3,2,2552,1337,0,681,1871,0,0,0,555,782,0,0
2024-08-21,port1154,Santa Marta,1,0,1028,0,0,0,0,0,1028,0,0,0,0,0
2024-08-22,port1154,Santa Marta,2,1,2298,1140,2298,0,0,0,0,0,1140,0,0,0
2024-08-23,port1154,Santa Marta,2,1,1871,4653,0,0,1871,0,0,0,3871,782,0,0
2024-08-24,port1154,Santa Marta,1,1,6612,0,0,6612,0,0,0,0,0,0,0,0
2024-08-25,port1154,Santa Marta,1,1,0,8200,0,0,0,0,0,0,8200,0,0,0
2024-08-26,port1154,Santa Marta,2,1,53800,2152,52947,853,0,0,0,0,2152,0,0,0
2024-08-27,port1154,Santa Marta,2,1,16709,8602,15855,853,0,0,0,6449,2152,0,0,0
2024-08-28,port1154,Santa Marta,1,1,0,536,0,0,0,0,0,0,536,0,0,0
2024-08-29,port1154,Santa Marta,2,2,853,3370,0,853,0,0,0,0,3370,0,0,0
2024-08-30,port1154,Santa Marta,2,1,930,969,0,0,930,0,0,0,969,0,0,0
2024-08-31,port1154,Santa Marta,2,1,1871,4875,0,0,1871,0,0,0,4093,782,0,0
2024-09-01,port1154,Santa Marta,2,1,0,28774,0,0,0,0,0,26586,2188,0,0,0
2024-09-02,port1154,Santa Marta,1,1,3347,0,0,3347,0,0,0,0,0,0,0,0
2024-09-03,port1154,Santa Marta,1,1,0,2423,0,0,0,0,0,0,2423,0,0,0
2024-09-04,port1154,Santa Marta,1,0,8448,0,8448,0,0,0,0,0,0,0,0,0
2024-09-05,port1154,Santa Marta,2,2,3835,376,0,3835,0,0,0,0,376,0,0,0
2024-09-06,port1154,Santa Marta,1,1,0,2972,0,0,0,0,0,0,2972,0,0,0
2024-09-07,port1154,Santa Marta,1,1,0,0,0,0,0,0,0,0,0,0,0,0
2024-09-08,port1154,Santa Marta,1,1,0,1953,0,0,0,0,0,0,1953,0,0,0
2024-09-09,port1154,Santa Marta,3,2,3814,2286,0,3814,0,0,0,0,2152,133,0,0
2024-09-10,port1154,Santa Marta,0,0,0,0,0,0,0,0,0,0,0,0,0,0
2024-09-11,port1154,Santa Marta,3,1,19632,2429,19632,0,0,0,0,0,2429,0,0,0
2024-09-12,port1154,Santa Marta,3,2,5902,390,0,1487,4415,0,0,0,390,0,0,0
2024-09-13,port1154,Santa Marta,2,1,12899,3907,12899,0,0,0,0,0,3907,0,0,0
2024-09-14,port1154,Santa Marta,1,1,0,5134,0,0,0,0,0,0,5134,0,0,0
2024-09-15,port1154,Santa Marta,3,1,26667,6897,26667,0,0,0,0,0,6897,0,0,0
2024-09-16,port1154,Santa Marta,2,0,954,755,0,0,954,0,0,0,0,755,0,0
2024-09-17,port1154,Santa Marta,1,0,1071,0,0,0,1071,0,0,0,0,0,0,0
2024-09-18,port1154,Santa Marta,2,0,0,513,0,0,0,0,0,0,0,0,0,513
2024-09-19,port1154,Santa Marta,2,2,0,4026,0,0,0,0,0,0,4026,0,0,0
2024-09-20,port1154,Santa Marta,3,1,54483,2055,54483,0,0,0,0,0,1394,0,660,0
2024-09-21,port1154,Santa Marta,0,0,0,0,0,0,0,0,0,0,0,0,0,0
2024-09-22,port1154,Santa Marta,4,2,21022,5428,6107,4550,10364,0,0,0,5428,0,0,0
2024-09-23,port1154,Santa Marta,1,1,853,2152,0,853,0,0,0,0,2152,0,0,0
2024-09-24,port1154,Santa Marta,0,0,0,0,0,0,0,0,0,0,0,0,0,0
2024-09-25,port1154,Santa Marta,1,1,0,3028,0,0,0,0,0,0,3028,0,0,0
2024-09-26,port1154,Santa Marta,2,1,4173,2152,3320,853,0,0,0,0,2152,0,0,0
2024-09-27,port1154,Santa Marta,3,1,0,57545,0,0,0,0,0,53707,981,2856,0,0
2024-09-28,port1154,Santa Marta,2,1,328,4093,0,0,328,0,0,0,4093,0,0,0
2024-09-29,port1154,Santa Marta,3,2,16709,15037,15855,853,0,0,0,6449,8587,0,0,0
2024-09-30,port1154,Santa Marta,2,1,1492,0,0,1492,0,0,0,0,0,0,0,0
2024-10-01,port1154,Santa Marta,1,0,15855,6449,15855,0,0,0,0,6449,0,0,0,0
2024-10-02,port1154,Santa Marta,3,2,22019,8578,22019,0,0,0,0,0,8578,0,0,0
2024-10-03,port1154,Santa Marta,2,0,1972,0,1972,0,0,0,0,0,0,0,0,0
2024-10-04,port1154,Santa Marta,2,2,0,6542,0,0,0,0,0,0,6542,0,0,0
2024-10-05,port1154,Santa Marta,1,1,853,2152,0,853,0,0,0,0,2152,0,0,0
2024-10-06,port1154,Santa Marta,2,1,14911,8382,0,0,0,14911,0,0,8382,0,0,0
2024-10-07,port1154,Santa Marta,3,0,11554,35521,10384,0,0,0,1169,35521,0,0,0,0
2024-10-08,port1154,Santa Marta,3,2,3185,7537,0,853,0,2332,0,0,2753,0,4783,0
2024-10-09,port1154,Santa Marta,1,1,2207,0,0,2207,0,0,0,0,0,0,0,0
2024-10-10,port1154,Santa Marta,3,1,0,13751,0,0,0,0,0,0,3138,10613,0,0
2024-10-11,port1154,Santa Marta,0,0,0,0,0,0,0,0,0,0,0,0,0,0
2024-10-12,port1154,Santa Marta,3,1,0,15302,0,0,0,0,0,0,2049,7323,5929,0
2024-10-13,port1154,Santa Marta,4,2,3638,17191,0,3638,0,0,0,10239,5810,1141,0,0
2024-10-14,port1154,Santa Marta,2,1,14529,560,14529,0,0,0,0,0,560,0,0,0
2024-10-15,port1154,Santa Marta,2,1,729,3551,0,0,729,0,0,0,1800,1751,0,0
2024-10-16,port1154,Santa Marta,1,0,57371,0,57371,0,0,0,0,0,0,0,0,0
2024-10-17,port1154,Santa Marta,3,1,0,6085,0,0,0,0,0,0,1505,4579,0,0
2024-10-18,port1154,Santa Marta,1,1,0,3851,0,0,0,0,0,0,3851,0,0,0
2024-10-19,port1154,Santa Marta,1,1,853,2152,0,853,0,0,0,0,2152,0,0,0
2024-10-20,port1154,Santa Marta,4,2,0,4566,0,0,0,0,0,0,3630,936,0,0
2024-10-21,port1154,Santa Marta,4,1,57498,38828,51199,4428,1871,0,0,38046,0,782,0,0
2024-10-22,port1154,Santa Marta,3,1,1582,4851,0,853,729,0,0,0,2152,1751,947,0
2024-10-23,port1154,Santa Marta,2,1,853,2847,0,853,0,0,0,0,2152,694,0,0
2024-10-24,port1154,Santa Marta,1,1,789,0,0,789,0,0,0,0,0,0,0,0
2024-10-25,port1154,Santa Marta,2,1,3185,6936,0,853,0,2332,0,0,2152,0,4783,0
2024-10-26,port1154,Santa Marta,2,0,15855,6449,15855,0,0,0,0,6449,0,0,0,0
2024-10-27,port1154,Santa Marta,2,2,22619,5416,0,22619,0,0,0,0,5416,0,0,0
2024-10-28,port1154,Santa Marta,4,1,86659,13771,86659,0,0,0,0,0,13771,0,0,0
2024-10-29,port1154,Santa Marta,0,0,0,0,0,0,0,0,0,0,0,0,0,0
2024-10-30,port1154,Santa Marta,3,1,230,1512,0,0,230,0,0,0,1512,0,0,0
2024-10-31,port1154,Santa Marta,2,2,3323,378,0,3323,0,0,0,0,378,0,0,0
2024-11-01,port1154,Santa Marta,3,1,985,18933,0,985,0,0,0,15385,0,3548,0,0
2024-11-02,port1154,Santa Marta,1,0,24300,0,24300,0,0,0,0,0,0,0,0,0
2024-11-03,port1154,Santa Marta,1,0,0,0,0,0,0,0,0,0,0,0,0,0
2024-11-04,port1154,Santa Marta,0,0,0,0,0,0,0,0,0,0,0,0,0,0
2024-11-05,port1154,Santa Marta,2,2,1463,2152,0,1463,0,0,0,0,2152,0,0,0
2024-11-06,port1154,Santa Marta,2,1,0,10756,0,0,0,0,0,0,10294,461,0,0
2024-11-07,port1154,Santa Marta,4,1,6473,2733,6309,0,164,0,0,0,2733,0,0,0
2024-11-08,port1154,Santa Marta,2,1,464,359,0,464,0,0,0,0,0,359,0,0
2024-11-09,port1154,Santa Marta,2,2,0,11881,0,0,0,0,0,0,11881,0,0,0
2024-11-10,port1154,Santa Marta,1,1,10147,0,0,10147,0,0,0,0,0,0,0,0
2024-11-11,port1154,Santa Marta,2,0,56199,17169,56199,0,0,0,0,17169,0,0,0,0
2024-11-12,port1154,Santa Marta,2,0,18717,0,1111,0,0,17605,0,0,0,0,0,0
2024-11-13,port1154,Santa Marta,3,0,1171,1303,0,0,0,0,1171,0,0,1303,0,0
2024-11-14,port1154,Santa Marta,3,3,4559,4036,0,4559,0,0,0,0,4036,0,0,0
2024-11-15,port1154,Santa Marta,1,1,0,489,0,0,0,0,0,0,489,0,0,0
2024-11-16,port1154,Santa Marta,3,0,1871,35260,0,0,1871,0,0,34478,0,782,0,0
2024-11-17,port1154,Santa Marta,2,2,0,15801,0,0,0,0,0,0,15801,0,0,0
2024-11-18,port1154,Santa Marta,0,0,0,0,0,0,0,0,0,0,0,0,0,0
2024-11-19,port1154,Santa Marta,4,1,1620,10965,0,853,767,0,0,3411,2152,5400,0,0
2024-11-20,port1154,Santa Marta,1,1,853,2152,0,853,0,0,0,0,2152,0,0,0
2024-11-21,port1154,Santa Marta,2,0,15855,13465,15855,0,0,0,0,6449,0,7015,0,0
2024-11-22,port1154,Santa Marta,2,2,853,2944,0,853,0,0,0,0,2944,0,0,0
2024-11-23,port1154,Santa Marta,2,1,15855,7985,15855,0,0,0,0,6449,1535,0,0,0
2024-11-24,port1154,Santa Marta,2,1,14408,17254,0,0,0,14408,0,0,17254,0,0,0
2024-11-25,port1154,Santa Marta,1,0,16876,0,16876,0,0,0,0,0,0,0,0,0
2024-11-26,port1154,Santa Marta,2,0,28955,0,28955,0,0,0,0,0,0,0,0,0
2024-11-27,port1154,Santa Marta,3,1,607,8450,0,607,0,0,0,0,0,5989,2461,0
2024-11-28,port1154,Santa Marta,1,0,0,35329,0,0,0,0,0,35329,0,0,0,0
2024-11-29,port1154,Santa Marta,1,1,0,984,0,0,0,0,0,0,984,0,0,0
2024-11-30,port1154,Santa Marta,3,2,853,3574,0,853,0,0,0,0,2152,1421,0,0
2024-12-01,port1154,Santa Marta,2,1,1027,4327,0,0,0,0,1027,0,4327,0,0,0
2024-12-02,port1154,Santa Marta,2,1,36349,0,35607,741,0,0,0,0,0,0,0,0
2024-12-03,port1154,Santa Marta,2,0,36456,0,36456,0,0,0,0,0,0,0,0,0
2024-12-04,port1154,Santa Marta,3,1,853,5631,0,853,0,0,0,0,2152,690,2788,0
2024-12-05,port1154,Santa Marta,2,0,20778,92,20173,0,0,0,605,0,0,0,0,92
2024-12-06,port1154,Santa Marta,3,1,729,2928,0,0,729,0,0,0,1177,1751,0,0
2024-12-07,port1154,Santa Marta,2,1,3185,6936,0,853,0,2332,0,0,2152,0,4783,0
2024-12-08,port1154,Santa Marta,1,1,0,3285,0,0,0,0,0,0,3285,0,0,0
2024-12-09,port1154,Santa Marta,0,0,0,0,0,0,0,0,0,0,0,0,0,0
2024-12-10,port1154,Santa Marta,2,0,18799,617,18799,0,0,0,0,0,0,617,0,0
2024-12-11,port1154,Santa Marta,1,1,853,2152,0,853,0,0,0,0,2152,0,0,0
2024-12-12,port1154,Santa Marta,2,2,853,3633,0,853,0,0,0,0,3633,0,0,0
2024-12-13,port1154,Santa Marta,2,1,5633,0,0,0,0,5633,0,0,0,0,0,0
2024-12-14,port1154,Santa Marta,1,0,0,0,0,0,0,0,0,0,0,0,0,0
2024-12-15,port1154,Santa Marta,1,1,3863,0,0,3863,0,0,0,0,0,0,0,0
2024-12-16,port1154,Santa Marta,3,2,2232,16045,0,2232,0,0,0,0,11985,0,4060,0
2024-12-17,port1154,Santa Marta,1,0,0,16741,0,0,0,0,0,0,0,16741,0,0
2024-12-18,port1154,Santa Marta,2,2,0,4612,0,0,0,0,0,0,4612,0,0,0
2024-12-19,port1154,Santa Marta,4,2,16709,16811,15855,853,0,0,0,6449,5692,4668,0,0
2024-12-20,port1154,Santa Marta,4,1,10687,1766,4672,0,1871,4144,0,0,984,782,0,0
2024-12-21,port1154,Santa Marta,1,1,0,2556,0,0,0,0,0,0,2556,0,0,0
2024-12-22,port1154,Santa Marta,1,1,0,5422,0,0,0,0,0,0,5422,0,0,0
2024-12-23,port1154,Santa Marta,1,1,0,391,0,0,0,0,0,0,391,0,0,0
2024-12-24,port1154,Santa Marta,0,0,0,0,0,0,0,0,0,0,0,0,0,0
2024-12-25,port1154,Santa Marta,2,1,0,3902,0,0,0,0,0,0,674,3228,0,0
2024-12-26,port1154,Santa Marta,2,0,4143,4562,4143,0,0,0,0,0,0,4562,0,0
2024-12-27,port1154,Santa Marta,2,0,0,1871,0,0,0,0,0,0,0,1871,0,0
2024-12-28,port1154,Santa Marta,1,1,0,0,0,0,0,0,0,0,0,0,0,0
2024-12-29,port1154,Santa Marta,1,1,0,987,0,0,0,0,0,0,987,0,0,0
2024-12-30,port1154,Santa Marta,1,1,0,381,0,0,0,0,0,0,381,0,0,0
2024-12-31,port1154,Santa Marta,2,2,0,6760,0,0,0,0,0,0,6760,0,0,0
2025-01-01,port1154,Santa Marta,2,0,1871,782,0,0,1871,0,0,0,0,782,0,0
2025-01-02,port1154,Santa Marta,2,0,41573,0,41573,0,0,0,0,0,0,0,0,0
2025-01-03,port1154,Santa Marta,2,1,4000,2152,0,853,0,3146,0,0,2152,0,0,0
2025-01-04,port1154,Santa Marta,1,1,853,2152,0,853,0,0,0,0,2152,0,0,0
2025-01-05,port1154,Santa Marta,1,1,0,490,0,0,0,0,0,0,490,0,0,0
2025-01-06,port1154,Santa Marta,2,0,605,92,0,0,0,0,605,0,0,0,0,92
2025-01-07,port1154,Santa Marta,4,1,5821,517,4102,772,946,0,0,0,0,0,517,0
2025-01-08,port1154,Santa Marta,3,2,52866,2914,52866,0,0,0,0,0,2914,0,0,0
2025-01-09,port1154,Santa Marta,3,1,1871,4080,0,0,1871,0,0,1427,1871,782,0,0
2025-01-10,port1154,Santa Marta,2,1,1953,691,0,1953,0,0,0,0,0,691,0,0
2025-01-11,port1154,Santa Marta,2,2,7622,2152,0,7622,0,0,0,0,2152,0,0,0
2025-01-12,port1154,Santa Marta,3,1,7735,30504,0,0,7735,0,0,12256,18247,0,0,0
2025-01-13,port1154,Santa Marta,2,0,16900,0,16900,0,0,0,0,0,0,0,0,0
2025-01-14,port1154,Santa Marta,2,1,0,9161,0,0,0,0,0,6740,2421,0,0,0
2025-01-15,port1154,Santa Marta,2,0,135,49448,0,0,135,0,0,49448,0,0,0,0
2025-01-16,port1154,Santa Marta,2,1,50529,4312,50529,0,0,0,0,0,4312,0,0,0
2025-01-17,port1154,Santa Marta,2,1,6398,494,6398,0,0,0,0,0,494,0,0,0
2025-01-18,port1154,Santa Marta,3,2,1871,3200,0,0,1871,0,0,0,2417,782,0,0
2025-01-19,port1154,Santa Marta,1,1,0,5839,0,0,0,0,0,0,5839,0,0,0
2025-01-20,port1154,Santa Marta,1,0,20387,0,20387,0,0,0,0,0,0,0,0,0
2025-01-21,port1154,Santa Marta,3,2,17248,3553,17248,0,0,0,0,0,3553,0,0,0
2025-01-22,port1154,Santa Marta,1,0,1229,0,0,0,0,1229,0,0,0,0,0,0
2025-01-23,port1154,Santa Marta,1,0,56301,0,56301,0,0,0,0,0,0,0,0,0
2025-01-24,port1154,Santa Marta,1,1,0,0,0,0,0,0,0,0,0,0,0,0
2025-01-25,port1154,Santa Marta,1,1,0,4919,0,0,0,0,0,0,4919,0,0,0
2025-01-26,port1154,Santa Marta,1,1,0,2190,0,0,0,0,0,0,2190,0,0,0
2025-01-27,port1154,Santa Marta,2,1,853,2992,0,853,0,0,0,0,2152,0,839,0
2025-01-28,port1154,Santa Marta,0,0,0,0,0,0,0,0,0,0,0,0,0,0
2025-01-29,port1154,Santa Marta,4,1,29216,1518,0,0,14369,14847,0,0,610,907,0,0
2025-01-30,port1154,Santa Marta,1,0,1305,0,0,0,0,0,1305,0,0,0,0,0
2025-01-31,port1154,Santa Marta,2,1,605,1625,0,0,0,0,605,0,1533,0,0,92
2025-02-01,port1154,Santa Marta,1,1,853,2152,0,853,0,0,0,0,2152,0,0,0
2025-02-02,port1154,Santa Marta,1,1,1101,0,0,1101,0,0,0,0,0,0,0,0
2025-02-03,port1154,Santa Marta,1,1,853,2152,0,853,0,0,0,0,2152,0,0,0
2025-02-04,port1154,Santa Marta,1,1,0,5803,0,0,0,0,0,0,5803,0,0,0
2025-02-05,port1154,Santa Marta,3,1,16802,8827,15855,0,946,0,0,6449,2378,0,0,0
2025-02-06,port1154,Santa Marta,1,1,0,1362,0,0,0,0,0,0,1362,0,0,0
2025-02-07,port1154,Santa Marta,2,1,1871,1287,0,0,1871,0,0,0,505,782,0,0
2025-02-08,port1154,Santa Marta,3,1,20740,2279,20608,0,132,0,0,0,2279,0,0,0
2025-02-09,port1154,Santa Marta,1,1,0,3957,0,0,0,0,0,0,3957,0,0,0
2025-02-10,port1154,Santa Marta,4,2,6781,60943,0,6629,152,0,0,58790,2152,0,0,0
2025-02-11,port1154,Santa Marta,0,0,0,0,0,0,0,0,0,0,0,0,0,0
2025-02-12,port1154,Santa Marta,2,2,2426,2023,0,2426,0,0,0,0,2023,0,0,0
2025-02-13,port1154,Santa Marta,0,0,0,0,0,0,0,0,0,0,0,0,0,0
2025-02-14,port1154,Santa Marta,2,1,25142,2152,24289,853,0,0,0,0,2152,0,0,0
2025-02-15,port1154,Santa Marta,3,2,7047,335,0,1354,5692,0,0,0,335,0,0,0
2025-02-16,port1154,Santa Marta,2,1,6358,2971,6358,0,0,0,0,0,2971,0,0,0
2025-02-17,port1154,Santa Marta,2,2,3975,2152,0,3975,0,0,0,0,2152,0,0,0
2025-02-18,port1154,Santa Marta,1,0,29362,0,29362,0,0,0,0,0,0,0,0,0
2025-02-19,port1154,Santa Marta,2,1,38119,1826,38119,0,0,0,0,0,1826,0,0,0
2025-02-20,port1154,Santa Marta,2,1,1059,2666,0,0,1059,0,0,0,2666,0,0,0
2025-02-21,port1154,Santa Marta,2,1,20030,2152,19176,853,0,0,0,0,2152,0,0,0
2025-02-22,port1154,Santa Marta,2,1,2332,11279,0,0,0,2332,0,0,6495,0,4783,0
2025-02-23,port1154,Santa Marta,3,1,5560,20075,5560,0,0,0,0,0,4931,0,15144,0
2025-02-24,port1154,Santa Marta,2,1,2223,15730,0,2223,0,0,0,0,0,15730,0,0
2025-02-25,port1154,Santa Marta,3,1,23084,2152,21661,853,569,0,0,0,2152,0,0,0
2025-02-26,port1154,Santa Marta,3,1,15439,1835,15439,0,0,0,0,0,1835,0,0,0
2025-02-27,port1154,Santa Marta,0,0,0,0,0,0,0,0,0,0,0,0,0,0
2025-02-28,port1154,Santa Marta,4,2,481,68138,0,481,0,0,0,53465,2733,0,11939,0
2025-03-01,port1154,Santa Marta,2,1,4751,2152,3897,853,0,0,0,0,2152,0,0,0
2025-03-02,port1154,Santa Marta,2,1,25702,7892,25702,0,0,0,0,0,7892,0,0,0
2025-03-03,port1154,Santa Marta,2,1,8688,0,4982,3706,0,0,0,0,0,0,0,0
2025-03-04,port1154,Santa Marta,1,1,853,2152,0,853,0,0,0,0,2152,0,0,0
2025-03-05,port1154,Santa Marta,1,1,0,8784,0,0,0,0,0,0,8784,0,0,0
2025-03-06,port1154,Santa Marta,4,0,2395,46798,0,0,2395,0,0,38437,0,6400,1960,0
2025-03-07,port1154,Santa Marta,0,0,0,0,0,0,0,0,0,0,0,0,0,0
2025-03-08,port1154,Santa Marta,3,1,22315,4817,22315,0,0,0,0,0,4172,644,0,0
2025-03-09,port1154,Santa Marta,3,2,30504,486,30235,269,0,0,0,0,486,0,0,0
2025-03-10,port1154,Santa Marta,2,1,1695,370,0,0,1695,0,0,0,370,0,0,0
2025-03-11,port1154,Santa Marta,1,1,853,2152,0,853,0,0,0,0,2152,0,0,0
2025-03-12,port1154,Santa Marta,2,1,20683,2434,20683,0,0,0,0,0,2434,0,0,0
2025-03-13,port1154,Santa Marta,4,1,605,20009,0,0,0,0,605,0,1183,0,18733,92
2025-03-14,port1154,Santa Marta,2,2,346,1492,0,346,0,0,0,0,1492,0,0,0
2025-03-15,port1154,Santa Marta,2,1,0,18897,0,0,0,0,0,0,5134,0,13762,0
2025-03-16,port1154,Santa Marta,2,1,15855,15752,15855,0,0,0,0,6449,9302,0,0,0
2025-03-17,port1154,Santa Marta,2,1,33747,0,33378,368,0,0,0,0,0,0,0,0
2025-03-18,port1154,Santa Marta,2,1,575,12254,0,575,0,0,0,12254,0,0,0,0
2025-03-19,port1154,Santa Marta,0,0,0,0,0,0,0,0,0,0,0,0,0,0
2025-03-20,port1154,Santa Marta,3,1,56653,3381,56653,0,0,0,0,0,3381,0,0,0
2025-03-21,port1154,Santa Marta,1,1,489,0,0,489,0,0,0,0,0,0,0,0
2025-03-22,port1154,Santa Marta,5,2,17754,53240,16900,853,0,0,0,51087,2152,0,0,0
2025-03-23,port1154,Santa Marta,1,1,0,5359,0,0,0,0,0,0,5359,0,0,0
2025-03-24,port1154,Santa Marta,2,1,227,2028,0,0,227,0,0,0,2028,0,0,0
2025-03-25,port1154,Santa Marta,2,0,32551,23759,32551,0,0,0,0,23759,0,0,0,0
2025-03-26,port1154,Santa Marta,2,1,54096,0,53490,606,0,0,0,0,0,0,0,0
2025-03-27,port1154,Santa Marta,0,0,0,0,0,0,0,0,0,0,0,0,0,0
2025-03-28,port1154,Santa Marta,3,2,40949,3468,40949,0,0,0,0,0,3468,0,0,0
2025-03-29,port1154,Santa Marta,2,1,33880,5617,33880,0,0,0,0,0,5617,0,0,0
2025-03-30,port1154,Santa Marta,2,0,21009,9781,21009,0,0,0,0,0,0,0,9781,0
2025-03-31,port1154,Santa Marta,1,1,853,2152,0,853,0,0,0,0,2152,0,0,0
2025-04-01,port1154,Santa Marta,2,1,7029,0,5919,1109,0,0,0,0,0,0,0,0
2025-04-02,port1154,Santa Marta,3,1,34824,0,29915,489,0,4419,0,0,0,0,0,0
2025-04-03,port1154,Santa Marta,1,1,0,1826,0,0,0,0,0,0,1826,0,0,0
2025-04-04,port1154,Santa Marta,2,2,0,2377,0,0,0,0,0,0,2377,0,0,0
2025-04-05,port1154,Santa Marta,2,1,45557,0,45557,0,0,0,0,0,0,0,0,0
2025-04-06,port1154,Santa Marta,1,1,0,5333,0,0,0,0,0,0,5333,0,0,0
2025-04-07,port1154,Santa Marta,3,0,12013,13241,0,0,12013,0,0,0,0,327,12913,0
2025-04-08,port1154,Santa Marta,2,1,1871,3020,0,0,1871,0,0,0,2238,782,0,0
2025-04-09,port1154,Santa Marta,1,1,0,5490,0,0,0,0,0,0,5490,0,0,0
2025-04-10,port1154,Santa Marta,3,1,352,7799,0,0,352,0,0,0,5063,2736,0,0
2025-04-11,port1154,Santa Marta,1,1,3469,0,0,3469,0,0,0,0,0,0,0,0
2025-04-12,port1154,Santa Marta,4,1,25020,10037,25020,0,0,0,0,6449,3587,0,0,0
2025-04-13,port1154,Santa Marta,1,1,0,5461,0,0,0,0,0,0,5461,0,0,0
2025-04-14,port1154,Santa Marta,2,1,6691,1130,0,0,6691,0,0,0,1130,0,0,0
2025-04-15,port1154,Santa Marta,1,1,853,2152,0,853,0,0,0,0,2152,0,0,0
2025-04-16,port1154,Santa Marta,2,1,0,10288,0,0,0,0,0,0,4735,0,5552,0
2025-04-17,port1154,Santa Marta,1,1,0,3786,0,0,0,0,0,0,3786,0,0,0
2025-04-18,port1154,Santa Marta,4,1,37764,459,37764,0,0,0,0,0,459,0,0,0
2025-04-19,port1154,Santa Marta,1,1,0,0,0,0,0,0,0,0,0,0,0,0
2025-04-20,port1154,Santa Marta,2,1,8772,13294,8772,0,0,0,0,0,13294,0,0,0
2025-04-21,port1154,Santa Marta,3,2,853,3008,0,853,0,0,0,0,2525,482,0,0
2025-04-22,port1154,Santa Marta,1,0,605,92,0,0,0,0,605,0,0,0,0,92
2025-04-23,port1154,Santa Marta,3,1,17085,2152,16232,853,0,0,0,0,2152,0,0,0
2025-04-24,port1154,Santa Marta,1,1,0,2718,0,0,0,0,0,0,2718,0,0,0
2025-04-25,port1154,Santa Marta,1,1,2915,0,0,2915,0,0,0,0,0,0,0,0
2025-04-26,port1154,Santa Marta,3,2,0,29792,0,0,0,0,0,0,7342,0,22450,0
2025-04-27,port1154,Santa Marta,1,0,1871,782,0,0,1871,0,0,0,0,782,0,0
2025-04-28,port1154,Santa Marta,2,1,17465,367,17465,0,0,0,0,0,367,0,0,0
2025-04-29,port1154,Santa Marta,3,1,12628,6691,0,853,0,11774,0,0,2152,4538,0,0
2025-04-30,port1154,Santa Marta,2,1,54534,1353,54534,0,0,0,0,0,1353,0,0,0
2025-05-01,port1154,Santa Marta,2,1,13274,4127,0,0,0,13274,0,0,4127,0,0,0
2025-05-02,port1154,Santa Marta,2,1,853,2152,0,853,0,0,0,0,2152,0,0,0
2025-05-03,port1154,Santa Marta,3,2,55322,3294,55322,0,0,0,0,0,3294,0,0,0
2025-05-04,port1154,Santa Marta,1,0,377,0,0,0,377,0,0,0,0,0,0,0
2025-05-05,port1154,Santa Marta,4,1,34022,17326,33168,853,0,0,0,0,2152,0,15173,0
2025-05-06,port1154,Santa Marta,0,0,0,0,0,0,0,0,0,0,0,0,0,0
2025-05-07,port1154,Santa Marta,1,1,0,1215,0,0,0,0,0,0,1215,0,0,0
2025-05-08,port1154,Santa Marta,2,1,18600,3122,18600,0,0,0,0,0,3122,0,0,0
2025-05-09,port1154,Santa Marta,3,2,16419,971,0,538,15881,0,0,0,971,0,0,0
2025-05-10,port1154,Santa Marta,0,0,0,0,0,0,0,0,0,0,0,0,0,0
2025-05-11,port1154,Santa Marta,1,0,0,0,0,0,0,0,0,0,0,0,0,0
2025-05-12,port1154,Santa Marta,2,2,1115,5503,0,1115,0,0,0,0,5503,0,0,0
2025-05-13,port1154,Santa Marta,1,0,29362,0,29362,0,0,0,0,0,0,0,0,0
2025-05-14,port1154,Santa Marta,4,2,2724,4148,0,853,1871,0,0,0,3366,782,0,0
2025-05-15,port1154,Santa Marta,4,1,3712,19785,3712,0,0,0,0,0,3723,6093,9968,0
2025-05-16,port1154,Santa Marta,2,1,2771,970,0,0,0,0,2771,0,970,0,0,0
2025-05-17,port1154,Santa Marta,3,1,20342,2029,20342,0,0,0,0,0,0,2029,0,0
2025-05-18,port1154,Santa Marta,0,0,0,0,0,0,0,0,0,0,0,0,0,0
2025-05-19,port1154,Santa Marta,3,2,22820,4305,21113,1707,0,0,0,0,4305,0,0,0
2025-05-20,port1154,Santa Marta,2,2,610,9865,0,610,0,0,0,0,9865,0,0,0
2025-05-21,port1154,Santa Marta,1,0,4487,0,4487,0,0,0,0,0,0,0,0,0
2025-05-22,port1154,Santa Marta,2,1,4162,390,0,0,4162,0,0,0,390,0,0,0
2025-05-23,port1154,Santa Marta,2,1,9662,992,9662,0,0,0,0,0,992,0,0,0
2025-05-24,port1154,Santa Marta,2,1,0,1614,0,0,0,0,0,0,1614,0,0,0
2025-05-25,port1154,Santa Marta,2,1,6260,6784,6260,0,0,0,0,0,6784,0,0,0
2025-05-26,port1154,Santa Marta,3,2,19178,1356,18805,373,0,0,0,0,1356,0,0,0
2025-05-27,port1154,Santa Marta,3,1,1017,2152,0,853,163,0,0,0,2152,0,0,0
2025-05-28,port1154,Santa Marta,1,0,0,1503,0,0,0,0,0,0,0,1503,0,0
2025-05-29,port1154,Santa Marta,2,1,0,1125,0,0,0,0,0,0,1125,0,0,0
2025-05-30,port1154,Santa Marta,2,1,5696,1984,0,0,5696,0,0,0,1984,0,0,0
2025-05-31,port1154,Santa Marta,3,1,648,1690,0,0,648,0,0,0,0,1690,0,0
2025-06-01,port1154,Santa Marta,1,1,0,8389,0,0,0,0,0,0,8389,0,0,0
2025-06-02,port1154,Santa Marta,1,1,0,369,0,0,0,0,0,0,369,0,0,0
2025-06-03,port1154,Santa Marta,0,0,0,0,0,0,0,0,0,0,0,0,0,0
2025-06-04,port1154,Santa Marta,2,1,0,39462,0,0,0,0,0,0,1828,0,37634,0
2025-06-05,port1154,Santa Marta,3,1,1086,2152,0,853,233,0,0,0,2152,0,0,0
2025-06-06,port1154,Santa Marta,1,1,853,2152,0,853,0,0,0,0,2152,0,0,0
2025-06-07,port1154,Santa Marta,4,2,68267,9000,68267,0,0,0,0,0,9000,0,0,0
2025-06-08,port1154,Santa Marta,2,0,14346,0,14346,0,0,0,0,0,0,0,0,0
2025-06-09,port1154,Santa Marta,1,1,1841,0,0,1841,0,0,0,0,0,0,0,0
2025-06-10,port1154,Santa Marta,2,1,1099,0,0,1099,0,0,0,0,0,0,0,0
2025-06-11,port1154,Santa Marta,2,0,19391,0,0,0,18362,0,1029,0,0,0,0,0
2025-06-12,port1154,Santa Marta,2,2,672,2630,0,672,0,0,0,0,2630,0,0,0
2025-06-13,port1154,Santa Marta,2,1,2411,15434,0,2411,0,0,0,15434,0,0,0,0
2025-06-14,port1154,Santa Marta,3,2,2823,1146,0,2823,0,0,0,0,0,1146,0,0
2025-06-15,port1154,Santa Marta,3,1,0,63044,0,0,0,0,0,55266,7778,0,0,0
2025-06-16,port1154,Santa Marta,3,2,1958,2152,0,1958,0,0,0,0,2152,0,0,0
2025-06-17,port1154,Santa Marta,1,1,0,1212,0,0,0,0,0,0,1212,0,0,0
2025-06-18,port1154,Santa Marta,3,0,7052,16507,7052,0,0,0,0,0,0,0,16507,0
2025-06-19,port1154,Santa Marta,3,1,15106,776,15106,0,0,0,0,0,776,0,0,0
2025-06-20,port1154,Santa Marta,2,1,2364,782,0,493,1871,0,0,0,0,782,0,0
2025-06-21,port1154,Santa Marta,3,1,0,49563,0,0,0,0,0,29101,1617,0,18844,0
2025-06-22,port1154,Santa Marta,3,1,28109,8619,28109,0,0,0,0,0,7672,0,947,0
2025-06-23,port1154,Santa Marta,2,1,18429,6449,15855,2573,0,0,0,6449,0,0,0,0
2025-06-24,port1154,Santa Marta,1,1,602,0,0,602,0,0,0,0,0,0,0,0
2025-06-25,port1154,Santa Marta,2,1,132,2882,0,0,132,0,0,0,2882,0,0,0
2025-06-26,port1154,Santa Marta,1,1,0,1116,0,0,0,0,0,0,1116,0,0,0
2025-06-27,port1154,Santa Marta,3,1,61605,0,61117,487,0,0,0,0,0,0,0,0
2025-06-28,port1154,Santa Marta,2,1,15855,6449,15855,0,0,0,0,6449,0,0,0,0
2025-06-29,port1154,Santa Marta,1,1,0,5999,0,0,0,0,0,0,5999,0,0,0
2025-06-30,port1154,Santa Marta,1,1,853,2152,0,853,0,0,0,0,2152,0,0,0
2025-07-01,port1154,Santa Marta,3,2,1707,19037,0,1707,0,0,0,0,4305,14731,0,0
2025-07-02,port1154,Santa Marta,2,1,0,818,0,0,0,0,0,0,818,0,0,0
2025-07-03,port1154,Santa Marta,5,1,20042,21403,17709,0,0,2332,0,15064,1554,0,4783,0
2025-07-04,port1154,Santa Marta,3,1,20662,0,19207,1454,0,0,0,0,0,0,0,0
2025-07-05,port1154,Santa Marta,2,1,649,0,0,515,134,0,0,0,0,0,0,0
2025-07-06,port1154,Santa Marta,0,0,0,0,0,0,0,0,0,0,0,0,0,0
2025-07-07,port1154,Santa Marta,4,2,3351,14482,0,1480,1871,0,0,0,1355,782,12344,0
2025-07-08,port1154,Santa Marta,1,1,853,2152,0,853,0,0,0,0,2152,0,0,0
2025-07-09,port1154,Santa Marta,1,1,0,1449,0,0,0,0,0,0,1449,0,0,0
2025-07-10,port1154,Santa Marta,1,1,0,372,0,0,0,0,0,0,372,0,0,0
2025-07-11,port1154,Santa Marta,1,1,495,0,0,495,0,0,0,0,0,0,0,0
2025-07-12,port1154,Santa Marta,2,1,0,526,0,0,0,0,0,526,0,0,0,0
2025-07-13,port1154,Santa Marta,3,2,4887,10772,4887,0,0,0,0,0,10772,0,0,0
2025-07-14,port1154,Santa Marta,2,2,1593,2152,0,1593,0,0,0,0,2152,0,0,0
2025-07-15,port1154,Santa Marta,3,2,1354,55303,0,1354,0,0,0,54361,942,0,0,0
2025-07-16,port1154,Santa Marta,5,1,75028,19404,57740,853,16434,0,0,0,2152,157,17093,0
2025-07-17,port1154,Santa Marta,1,1,0,3926,0,0,0,0,0,0,3926,0,0,0
2025-07-18,port1154,Santa Marta,1,1,0,987,0,0,0,0,0,0,987,0,0,0
2025-07-19,port1154,Santa Marta,3,2,726,6637,0,726,0,0,0,0,6637,0,0,0
2025-07-20,port1154,Santa Marta,1,0,0,310,0,0,0,0,0,0,0,310,0,0
2025-07-21,port1154,Santa Marta,4,2,34880,6564,34510,369,0,0,0,6449,115,0,0,0
2025-07-22,port1154,Santa Marta,2,1,17089,0,15746,1343,0,0,0,0,0,0,0,0
2025-07-23,port1154,Santa Marta,2,1,0,818,0,0,0,0,0,0,818,0,0,0
2025-07-24,port1154,Santa Marta,4,1,35450,2267,30141,0,1871,3437,0,0,1485,782,0,0
2025-07-25,port1154,Santa Marta,2,1,13357,1176,0,726,0,12631,0,0,1176,0,0,0
2025-07-26,port1154,Santa Marta,2,1,0,14577,0,0,0,0,0,0,0,0,14577,0
2025-07-27,port1154,Santa Marta,1,1,0,13779,0,0,0,0,0,0,13779,0,0,0
2025-07-28,port1154,Santa Marta,2,1,0,1264,0,0,0,0,0,0,1108,156,0,0
2025-07-29,port1154,Santa Marta,2,2,1532,2152,0,1532,0,0,0,0,2152,0,0,0
2025-07-30,port1154,Santa Marta,1,1,0,730,0,0,0,0,0,0,730,0,0,0
2025-07-31,port1154,Santa Marta,3,1,1548,0,0,1548,0,0,0,0,0,0,0,0
2025-08-01,port1154,Santa Marta,3,1,22316,3697,20445,0,1871,0,0,0,2915,782,0,0
2025-08-02,port1154,Santa Marta,1,1,726,1176,0,726,0,0,0,0,1176,0,0,0
2025-08-03,port1154,Santa Marta,2,1,5879,8209,5879,0,0,0,0,0,8209,0,0,0
2025-08-04,port1154,Santa Marta,3,2,56841,2152,54875,1966,0,0,0,0,2152,0,0,0
2025-08-05,port1154,Santa Marta,2,1,0,3050,0,0,0,0,0,0,3050,0,0,0
2025-08-06,port1154,Santa Marta,2,1,726,1176,0,726,0,0,0,0,1176,0,0,0
2025-08-07,port1154,Santa Marta,1,1,853,2152,0,853,0,0,0,0,2152,0,0,0
2025-08-08,port1154,Santa Marta,2,1,10434,496,10434,0,0,0,0,0,496,0,0,0
2025-08-09,port1154,Santa Marta,1,1,0,0,0,0,0,0,0,0,0,0,0,0
2025-08-10,port1154,Santa Marta,2,1,0,9311,0,0,0,0,0,0,9311,0,0,0
2025-08-11,port1154,Santa Marta,3,1,50256,33038,49884,371,0,0,0,33038,0,0,0,0
2025-08-12,port1154,Santa Marta,1,1,0,1813,0,0,0,0,0,0,1813,0,0,0
2025-08-13,port1154,Santa Marta,3,1,9876,3411,9876,0,0,0,0,2598,813,0,0,0
2025-08-14,port1154,Santa Marta,2,1,59748,2152,58894,853,0,0,0,0,2152,0,0,0
2025-08-15,port1154,Santa Marta,2,1,1425,0,455,970,0,0,0,0,0,0,0,0
2025-08-16,port1154,Santa Marta,3,1,66099,1176,65372,726,0,0,0,0,1176,0,0,0
2025-08-17,port1154,Santa Marta,2,1,1088,5011,1088,0,0,0,0,0,5011,0,0,0
2025-08-18,port1154,Santa Marta,3,2,5987,2893,0,853,0,5134,0,0,2893,0,0,0
2025-08-19,port1154,Santa Marta,1,1,0,2718,0,0,0,0,0,0,2718,0,0,0
2025-08-20,port1154,Santa Marta,3,1,14990,1817,14990,0,0,0,0,0,1817,0,0,0
2025-08-21,port1154,Santa Marta,2,1,5012,2152,0,853,4159,0,0,0,2152,0,0,0
2025-08-22,port1154,Santa Marta,3,1,25937,0,25449,487,0,0,0,0,0,0,0,0
2025-08-23,port1154,Santa Marta,3,1,23957,782,22085,0,1871,0,0,0,0,782,0,0
2025-08-24,port1154,Santa Marta,2,1,482,6892,482,0,0,0,0,0,6892,0,0,0
2025-08-25,port1154,Santa Marta,3,2,9982,4305,8275,1707,0,0,0,0,4305,0,0,0
2025-08-26,port1154,Santa Marta,1,1,609,0,0,609,0,0,0,0,0,0,0,0
2025-08-27,port1154,Santa Marta,2,0,15798,3647,0,0,0,15798,0,0,0,3647,0,0
2025-08-28,port1154,Santa Marta,3,1,12360,387,11118,0,1242,0,0,0,387,0,0,0
2025-08-29,port1154,Santa Marta,1,1,493,0,0,493,0,0,0,0,0,0,0,0
2025-08-30,port1154,Santa Marta,3,1,44976,1176,44249,726,0,0,0,0,1176,0,0,0
2025-08-31,port1154,Santa Marta,1,1,0,3896,0,0,0,0,0,0,3896,0,0,0
2025-09-01,port1154,Santa Marta,4,2,20494,2523,19507,853,133,0,0,0,2523,0,0,0
2025-09-02,port1154,Santa Marta,0,0,0,0,0,0,0,0,0,0,0,0,0,0
2025-09-03,port1154,Santa Marta,3,2,2332,9786,0,0,0,2332,0,0,5002,0,4783,0
2025-09-04,port1154,Santa Marta,2,1,32134,1122,32134,0,0,0,0,0,1122,0,0,0
2025-09-05,port1154,Santa Marta,1,1,989,0,0,989,0,0,0,0,0,0,0,0
2025-09-06,port1154,Santa Marta,4,2,3901,2152,0,853,3047,0,0,0,2152,0,0,0
2025-09-07,port1154,Santa Marta,2,1,20138,7410,20138,0,0,0,0,0,7410,0,0,0
2025-09-08,port1154,Santa Marta,2,2,0,4187,0,0,0,0,0,0,4187,0,0,0
2025-09-09,port1154,Santa Marta,4,1,2614,7038,0,0,0,0,2614,0,4239,0,2799,0
2025-09-10,port1154,Santa Marta,2,1,0,10162,0,0,0,0,0,8715,1447,0,0,0
2025-09-11,port1154,Santa Marta,4,1,16102,776,13850,0,0,559,1692,0,776,0,0,0
2025-09-12,port1154,Santa Marta,2,1,0,457,0,0,0,0,0,0,457,0,0,0
2025-09-13,port1154,Santa Marta,3,2,56841,13446,56841,0,0,0,0,0,13446,0,0,0
2025-09-14,port1154,Santa Marta,1,0,0,0,0,0,0,0,0,0,0,0,0,0
2025-09-15,port1154,Santa Marta,3,2,16709,10079,15855,853,0,0,0,6449,3629,0,0,0
2025-09-16,port1154,Santa Marta,1,1,0,1212,0,0,0,0,0,0,1212,0,0,0
2025-09-17,port1154,Santa Marta,3,1,3938,2152,0,853,3085,0,0,0,2152,0,0,0
2025-09-18,port1154,Santa Marta,3,1,10374,2612,10374,0,0,0,0,0,2612,0,0,0
2025-09-19,port1154,Santa Marta,2,1,0,3072,0,0,0,0,0,0,1452,0,1620,0
2025-09-20,port1154,Santa Marta,4,2,17332,973,17332,0,0,0,0,0,973,0,0,0
2025-09-21,port1154,Santa Marta,0,0,0,0,0,0,0,0,0,0,0,0,0,0
2025-09-22,port1154,Santa Marta,1,1,0,1486,0,0,0,0,0,0,1486,0,0,0
2025-09-23,port1154,Santa Marta,3,3,1354,1059,0,1354,0,0,0,0,1059,0,0,0
2025-09-24,port1154,Santa Marta,3,1,50051,3262,50051,0,0,0,0,0,3262,0,0,0
2025-09-25,port1154,Santa Marta,1,1,3537,0,0,3537,0,0,0,0,0,0,0,0
2025-09-26,port1154,Santa Marta,3,2,3761,3969,0,3761,0,0,0,0,1477,2491,0,0
2025-09-27,port1154,Santa Marta,1,0,0,0,0,0,0,0,0,0,0,0,0,0
2025-09-28,port1154,Santa Marta,0,0,0,0,0,0,0,0,0,0,0,0,0,0
2025-09-29,port1154,Santa Marta,2,2,0,5844,0,0,0,0,0,0,5844,0,0,0
2025-09-30,port1154,Santa Marta,0,0,0,0,0,0,0,0,0,0,0,0,0,0
2025-10-01,port1154,Santa Marta,5,2,6473,7116,0,676,5796,0,0,0,4379,2736,0,0
2025-10-02,port1154,Santa Marta,1,1,0,373,0,0,0,0,0,0,373,0,0,0
2025-10-03,port1154,Santa Marta,2,1,21270,2152,20416,853,0,0,0,0,2152,0,0,0
2025-10-04,port1154,Santa Marta,4,1,19777,0,19020,0,757,0,0,0,0,0,0,0
2025-10-05,port1154,Santa Marta,1,0,26410,0,26410,0,0,0,0,0,0,0,0,0
2025-10-06,port1154,Santa Marta,3,2,2341,6924,0,0,0,2341,0,0,6924,0,0,0
2025-10-07,port1154,Santa Marta,0,0,0,0,0,0,0,0,0,0,0,0,0,0
2025-10-08,port1154,Santa Marta,2,2,609,4795,0,609,0,0,0,0,4795,0,0,0
2025-10-09,port1154,Santa Marta,3,1,27397,6449,27010,386,0,0,0,6449,0,0,0,0
2025-10-10,port1154,Santa Marta,2,1,9346,0,7887,1458,0,0,0,0,0,0,0,0
2025-10-11,port1154,Santa Marta,3,1,0,8525,0,0,0,0,0,0,4316,0,4209,0
2025-10-12,port1154,Santa Marta,1,0,3724,0,0,0,0,0,3724,0,0,0,0,0
2025-10-13,port1154,Santa Marta,2,1,853,2152,0,853,0,0,0,0,2152,0,0,0
2025-10-14,port1154,Santa Marta,3,2,15855,15591,15855,0,0,0,0,6449,9141,0,0,0
2025-10-15,port1154,Santa Marta,3,1,0,58674,0,0,0,0,0,56976,1246,451,0,0
2025-10-16,port1154,Santa Marta,2,1,11473,0,11099,373,0,0,0,0,0,0,0,0
2025-10-17,port1154,Santa Marta,2,1,1871,2706,0,0,1871,0,0,0,1924,782,0,0
2025-10-18,port1154,Santa Marta,3,1,2332,6358,0,0,0,2332,0,0,0,1574,4783,0
2025-10-19,port1154,Santa Marta,1,0,0,12420,0,0,0,0,0,0,0,12420,0,0
2025-10-20,port1154,Santa Marta,4,2,986,3281,0,853,132,0,0,0,3281,0,0,0
2025-10-21,port1154,Santa Marta,2,0,36383,0,36383,0,0,0,0,0,0,0,0,0
2025-10-22,port1154,Santa Marta,4,2,18857,4391,17165,853,0,0,838,0,4391,0,0,0
2025-10-23,port1154,Santa Marta,1,1,853,2152,0,853,0,0,0,0,2152,0,0,0
2025-10-24,port1154,Santa Marta,2,1,990,0,0,990,0,0,0,0,0,0,0,0
2025-10-25,port1154,Santa Marta,2,1,25517,1074,25517,0,0,0,0,0,1074,0,0,0
2025-10-26,port1154,Santa Marta,1,0,0,0,0,0,0,0,0,0,0,0,0,0
2025-10-27,port1154,Santa Marta,5,3,60400,1694,56284,4116,0,0,0,0,1694,0,0,0
2025-10-28,port1154,Santa Marta,1,1,0,1214,0,0,0,0,0,0,1214,0,0,0
2025-10-29,port1154,Santa Marta,2,1,4880,2078,4880,0,0,0,0,0,2078,0,0,0
2025-10-30,port1154,Santa Marta,1,1,0,742,0,0,0,0,0,0,742,0,0,0
2025-10-31,port1154,Santa Marta,2,1,0,4366,0,0,0,0,0,0,455,3910,0,0
2025-11-01,port1154,Santa Marta,2,1,0,758,0,0,0,0,0,0,0,0,758,0
2025-11-02,port1154,Santa Marta,1,0,57213,0,57213,0,0,0,0,0,0,0,0,0
2025-11-03,port1154,Santa Marta,2,2,0,4311,0,0,0,0,0,0,4311,0,0,0
2025-11-04,port1154,Santa Marta,1,1,0,2429,0,0,0,0,0,0,2429,0,0,0
2025-11-05,port1154,Santa Marta,1,0,3133,0,3133,0,0,0,0,0,0,0,0,0
2025-11-06,port1154,Santa Marta,2,1,0,7482,0,0,0,0,0,0,774,6708,0,0
2025-11-07,port1154,Santa Marta,3,1,17105,1176,0,726,10526,5852,0,0,1176,0,0,0
2025-11-08,port1154,Santa Marta,1,0,8184,0,8184,0,0,0,0,0,0,0,0,0
2025-11-09,port1154,Santa Marta,2,0,1871,782,0,0,1871,0,0,0,0,782,0,0
2025-11-10,port1154,Santa Marta,4,2,59316,5442,58512,368,0,0,435,0,5442,0,0,0
2025-11-11,port1154,Santa Marta,1,1,675,0,0,675,0,0,0,0,0,0,0,0
2025-11-12,port1154,Santa Marta,2,1,0,47739,0,0,0,0,0,45537,2202,0,0,0
2025-11-13,port1154,Santa Marta,1,1,853,2152,0,853,0,0,0,0,2152,0,0,0
2025-11-14,port1154,Santa Marta,1,1,0,0,0,0,0,0,0,0,0,0,0,0
2025-11-15,port1154,Santa Marta,3,1,11068,490,11068,0,0,0,0,0,490,0,0,0
2025-11-16,port1154,Santa Marta,0,0,0,0,0,0,0,0,0,0,0,0,0,0
2025-11-17,port1154,Santa Marta,3,3,1565,4749,0,1565,0,0,0,0,4749,0,0,0
2025-11-18,port1154,Santa Marta,5,1,36231,31979,34906,853,471,0,0,29020,2152,805,0,0
2025-11-19,port1154,Santa Marta,1,1,0,2735,0,0,0,0,0,0,2735,0,0,0
2025-11-20,port1154,Santa Marta,1,1,0,1939,0,0,0,0,0,0,1939,0,0,0
2025-11-21,port1154,Santa Marta,2,1,15855,6989,15855,0,0,0,0,6449,539,0,0,0
2025-11-22,port1154,Santa Marta,1,0,814,0,0,0,814,0,0,0,0,0,0,0
2025-11-23,port1154,Santa Marta,2,0,40395,0,33764,0,6630,0,0,0,0,0,0,0
2025-11-24,port1154,Santa Marta,2,2,538,4579,0,538,0,0,0,0,4579,0,0,0
2025-11-25,port1154,Santa Marta,2,1,10571,2707,10571,0,0,0,0,0,2707,0,0,0
2025-11-26,port1154,Santa Marta,3,1,20030,1636,14408,0,5622,0,0,0,1636,0,0,0
2025-11-27,port1154,Santa Marta,4,1,62452,2152,58020,853,3579,0,0,0,2152,0,0,0
2025-11-28,port1154,Santa Marta,2,1,15855,9830,15855,0,0,0,0,6449,3380,0,0,0
2025-11-29,port1154,Santa Marta,3,1,56115,188,56115,0,0,0,0,0,0,188,0,0
2025-11-30,port1154,Santa Marta,0,0,0,0,0,0,0,0,0,0,0,0,0,0
2025-12-01,port1154,Santa Marta,2,2,2379,6718,0,2379,0,0,0,0,6718,0,0,0
2025-12-02,port1154,Santa Marta,2,1,15717,1824,15717,0,0,0,0,0,1824,0,0,0
2025-12-03,port1154,Santa Marta,2,1,0,4534,0,0,0,0,0,0,1103,0,3430,0
2025-12-04,port1154,Santa Marta,1,1,853,2152,0,853,0,0,0,0,2152,0,0,0
2025-12-05,port1154,Santa Marta,3,1,29513,1751,28245,539,729,0,0,0,0,1751,0,0
2025-12-06,port1154,Santa Marta,1,1,0,15486,0,0,0,0,0,0,15486,0,0,0
2025-12-07,port1154,Santa Marta,0,0,0,0,0,0,0,0,0,0,0,0,0,0
2025-12-08,port1154,Santa Marta,3,2,0,3770,0,0,0,0,0,0,3088,682,0,0
2025-12-09,port1154,Santa Marta,3,0,9851,843,9851,0,0,0,0,0,0,843,0,0
2025-12-10,port1154,Santa Marta,2,2,1209,1386,0,1209,0,0,0,0,1386,0,0,0
2025-12-11,port1154,Santa Marta,5,1,28696,369,23522,0,1526,3646,0,0,369,0,0,0
2025-12-12,port1154,Santa Marta,1,1,989,0,0,989,0,0,0,0,0,0,0,0
2025-12-13,port1154,Santa Marta,2,1,15855,6449,15855,0,0,0,0,6449,0,0,0,0
2025-12-14,port1154,Santa Marta,1,0,0,28385,0,0,0,0,0,28385,0,0,0,0
2025-12-15,port1154,Santa Marta,3,2,1715,12873,0,1715,0,0,0,0,8902,0,3970,0
2025-12-16,port1154,Santa Marta,2,1,605,6352,0,605,0,0,0,6352,0,0,0,0
2025-12-17,port1154,Santa Marta,4,1,87001,8602,86148,853,0,0,0,6449,2152,0,0,0
2025-12-18,port1154,Santa Marta,1,1,853,2152,0,853,0,0,0,0,2152,0,0,0
2025-12-19,port1154,Santa Marta,2,1,7104,0,4821,2283,0,0,0,0,0,0,0,0
2025-12-20,port1154,Santa Marta,1,1,0,1072,0,0,0,0,0,0,1072,0,0,0
2025-12-21,port1154,Santa Marta,3,1,23285,1651,21131,0,0,2153,0,0,1651,0,0,0
2025-12-22,port1154,Santa Marta,2,2,1651,2152,0,1651,0,0,0,0,2152,0,0,0
2025-12-23,port1154,Santa Marta,1,0,1384,0,0,0,1384,0,0,0,0,0,0,0
2025-12-24,port1154,Santa Marta,3,2,6438,2562,0,3360,3078,0,0,0,2562,0,0,0
2025-12-25,port1154,Santa Marta,0,0,0,0,0,0,0,0,0,0,0,0,0,0
2025-12-26,port1154,Santa Marta,3,2,21759,0,21389,370,0,0,0,0,0,0,0,0
2025-12-27,port1154,Santa Marta,3,0,9982,0,8967,0,1015,0,0,0,0,0,0,0
2025-12-28,port1154,Santa Marta,0,0,0,0,0,0,0,0,0,0,0,0,0,0
2025-12-29,port1154,Santa Marta,1,1,853,2152,0,853,0,0,0,0,2152,0,0,0
2025-12-30,port1154,Santa Marta,1,1,1476,0,0,1476,0,0,0,0,0,0,0,0
2025-12-31,port1154,Santa Marta,2,2,1935,1176,0,1935,0,0,0,0,1176,0,0,0
2026-01-01,port1154,Santa Marta,4,2,27805,7768,23274,4531,0,0,0,0,0,0,7768,0
2026-01-02,port1154,Santa Marta,1,1,4301,0,0,4301,0,0,0,0,0,0,0,0
2026-01-03,port1154,Santa Marta,0,0,0,0,0,0,0,0,0,0,0,0,0,0
2026-01-04,port1154,Santa Marta,0,0,0,0,0,0,0,0,0,0,0,0,0,0
2026-01-05,port1154,Santa Marta,4,2,1117,2152,0,1117,0,0,0,0,2152,0,0,0
2026-01-06,port1154,Santa Marta,3,1,68487,672,68487,0,0,0,0,0,672,0,0,0
2026-01-07,port1154,Santa Marta,3,1,1800,2152,0,853,946,0,0,0,2152,0,0,0
2026-01-08,port1154,Santa Marta,1,1,853,2152,0,853,0,0,0,0,2152,0,0,0
2026-01-09,port1154,Santa Marta,2,0,35473,4585,35473,0,0,0,0,0,0,0,4585,0
2026-01-10,port1154,Santa Marta,1,1,0,0,0,0,0,0,0,0,0,0,0,0
2026-01-11,port1154,Santa Marta,3,2,28740,335,26994,1745,0,0,0,0,335,0,0,0
2026-01-12,port1154,Santa Marta,2,2,2823,13603,0,2823,0,0,0,0,13603,0,0,0
2026-01-13,port1154,Santa Marta,2,1,1689,287,0,0,1689,0,0,0,287,0,0,0
2026-01-14,port1154,Santa Marta,1,0,605,92,0,0,0,0,605,0,0,0,0,92
2026-01-15,port1154,Santa Marta,3,1,853,17008,0,853,0,0,0,11815,2152,3040,0,0
2026-01-16,port1154,Santa Marta,0,0,0,0,0,0,0,0,0,0,0,0,0,0
2026-01-17,port1154,Santa Marta,2,1,52300,0,48008,4291,0,0,0,0,0,0,0,0
2026-01-18,port1154,Santa Marta,0,0,0,0,0,0,0,0,0,0,0,0,0,0
2026-01-19,port1154,Santa Marta,2,2,0,3594,0,0,0,0,0,0,3594,0,0,0
2026-01-20,port1154,Santa Marta,2,0,25958,0,25958,0,0,0,0,0,0,0,0,0
2026-01-21,port1154,Santa Marta,3,1,5341,2168,0,0,1871,3470,0,0,1386,782,0,0
2026-01-22,port1154,Santa Marta,1,0,51274,0,51274,0,0,0,0,0,0,0,0,0
2026-01-23,port1154,Santa Marta,1,1,0,801,0,0,0,0,0,0,801,0,0,0
2026-01-24,port1154,Santa Marta,2,1,4523,0,0,0,0,4523,0,0,0,0,0,0
2026-01-25,port1154,Santa Marta,0,0,0,0,0,0,0,0,0,0,0,0,0,0
2026-01-26,port1154,Santa Marta,2,1,55739,8690,55739,0,0,0,0,0,8690,0,0,0
2026-01-27,port1154,Santa Marta,1,0,0,0,0,0,0,0,0,0,0,0,0,0
2026-01-28,port1154,Santa Marta,1,1,853,2152,0,853,0,0,0,0,2152,0,0,0
2026-01-29,port1154,Santa Marta,4,2,3206,19998,3206,0,0,0,0,0,7262,0,12736,0
2026-01-30,port1154,Santa Marta,1,1,0,536,0,0,0,0,0,0,536,0,0,0
2026-01-31,port1154,Santa Marta,1,0,0,0,0,0,0,0,0,0,0,0,0,0
2026-02-01,port1154,Santa Marta,0,0,0,0,0,0,0,0,0,0,0,0,0,0
2026-02-02,port1154,Santa Marta,1,1,638,0,0,638,0,0,0,0,0,0,0,0
2026-02-03,port1154,Santa Marta,0,0,0,0,0,0,0,0,0,0,0,0,0,0
2026-02-04,port1154,Santa Marta,1,1,853,2152,0,853,0,0,0,0,2152,0,0,0
2026-02-05,port1154,Santa Marta,4,1,31450,4869,30967,0,483,0,0,0,4869,0,0,0
2026-02-06,port1154,Santa Marta,1,1,746,0,0,746,0,0,0,0,0,0,0,0
2026-02-07,port1154,Santa Marta,1,1,0,0,0,0,0,0,0,0,0,0,0,0
2026-02-08,port1154,Santa Marta,2,1,4479,0,0,2823,0,1656,0,0,0,0,0,0
2026-02-09,port1154,Santa Marta,3,1,2779,27436,0,853,0,0,1925,25283,2152,0,0,0
2026-02-10,port1154,Santa Marta,2,1,17038,76847,0,17038,0,0,0,76847,0,0,0,0
2026-02-11,port1154,Santa Marta,1,1,0,686,0,0,0,0,0,0,686,0,0,0
2026-02-12,port1154,Santa Marta,2,2,853,2944,0,853,0,0,0,0,2944,0,0,0
2026-02-13,port1154,Santa Marta,2,0,28054,782,26183,0,1871,0,0,0,0,782,0,0
2026-02-14,port1154,Santa Marta,2,1,3226,1078,0,3226,0,0,0,0,0,1078,0,0
2026-02-15,port1154,Santa Marta,2,0,43656,0,43656,0,0,0,0,0,0,0,0,0
2026-02-16,port1154,Santa Marta,3,0,55893,0,55753,0,139,0,0,0,0,0,0,0
2026-02-17,port1154,Santa Marta,2,2,0,7947,0,0,0,0,0,0,7947,0,0,0
2026-02-18,port1154,Santa Marta,3,2,853,5874,0,853,0,0,0,0,5874,0,0,0
2026-02-19,port1154,Santa Marta,1,1,371,0,0,371,0,0,0,0,0,0,0,0
2026-02-20,port1154,Santa Marta,3,0,15855,6449,15855,0,0,0,0,6449,0,0,0,0
2026-02-21,port1154,Santa Marta,3,2,9786,0,8589,1197,0,0,0,0,0,0,0,0
2026-02-22,port1154,Santa Marta,2,1,16121,6449,15855,265,0,0,0,6449,0,0,0,0
2026-02-23,port1154,Santa Marta,3,2,18874,2152,18020,853,0,0,0,0,2152,0,0,0
2026-02-24,port1154,Santa Marta,3,2,853,68654,0,853,0,0,0,60834,7820,0,0,0
2026-02-25,port1154,Santa Marta,0,0,0,0,0,0,0,0,0,0,0,0,0,0
2026-02-26,port1154,Santa Marta,3,2,3451,0,0,2100,1351,0,0,0,0,0,0,0
2026-02-27,port1154,Santa Marta,2,1,741,1056,0,0,741,0,0,0,1056,0,0,0
2026-02-28,port1154,Santa Marta,2,1,42773,0,40618,2155,0,0,0,0,0,0,0,0
2026-03-01,port1154,Santa Marta,1,0,0,946,0,0,0,0,0,0,0,946,0,0
2026-03-02,port1154,Santa Marta,1,0,0,12093,0,0,0,0,0,0,0,0,12093,0
2026-03-03,port1154,Santa Marta,3,1,853,41013,0,853,0,0,0,38860,2152,0,0,0
2026-03-04,port1154,Santa Marta,4,3,1661,4431,0,1661,0,0,0,0,4210,221,0,0
2026-03-05,port1154,Santa Marta,0,0,0,0,0,0,0,0,0,0,0,0,0,0
2026-03-06,port1154,Santa Marta,0,0,0,0,0,0,0,0,0,0,0,0,0,0
2026-03-07,port1154,Santa Marta,4,1,62363,6943,62363,0,0,0,0,0,0,0,6943,0
2026-03-08,port1154,Santa Marta,3,0,14435,782,0,0,14435,0,0,0,0,782,0,0
2026-03-09,port1154,Santa Marta,1,1,853,2152,0,853,0,0,0,0,2152,0,0,0
2026-03-10,port1154,Santa Marta,1,0,0,0,0,0,0,0,0,0,0,0,0,0
2026-03-11,port1154,Santa Marta,5,3,17522,7641,14976,1171,1374,0,0,0,7641,0,0,0
2026-03-12,port1154,Santa Marta,3,1,27148,0,26369,778,0,0,0,0,0,0,0,0
2026-03-13,port1154,Santa Marta,0,0,0,0,0,0,0,0,0,0,0,0,0,0
2026-03-14,port1154,Santa Marta,3,1,157,4847,0,0,157,0,0,0,539,0,4307,0
2026-03-15,port1154,Santa Marta,0,0,0,0,0,0,0,0,0,0,0,0,0,0
2026-03-16,port1154,Santa Marta,2,1,4936,2058,0,0,0,4936,0,0,2058,0,0,0
2026-03-17,port1154,Santa Marta,2,0,320,23849,0,0,320,0,0,23849,0,0,0,0
2026-03-18,port1154,Santa Marta,1,1,0,8212,0,0,0,0,0,0,8212,0,0,0
2026-03-19,port1154,Santa Marta,1,0,55865,0,55865,0,0,0,0,0,0,0,0,0
2026-03-20,port1154,Santa Marta,3,1,0,1564,0,0,0,0,0,1564,0,0,0,0
2026-03-21,port1154,Santa Marta,0,0,0,0,0,0,0,0,0,0,0,0,0,0
2026-03-22,port1154,Santa Marta,1,0,20763,0,20763,0,0,0,0,0,0,0,0,0
2026-03-23,port1154,Santa Marta,3,2,19764,1960,19764,0,0,0,0,0,1960,0,0,0
2026-03-24,port1154,Santa Marta,1,1,0,9764,0,0,0,0,0,0,9764,0,0,0
2026-03-25,port1154,Santa Marta,2,1,0,689,0,0,0,0,0,0,689,0,0,0
2026-03-26,port1154,Santa Marta,4,1,12047,1561,8213,0,663,3169,0,0,1561,0,0,0
2026-03-27,port1154,Santa Marta,2,0,18634,0,18634,0,0,0,0,0,0,0,0,0
2026-03-28,port1154,Santa Marta,1,1,2153,0,0,2153,0,0,0,0,0,0,0,0
2026-03-29,port1154,Santa Marta,0,0,0,0,0,0,0,0,0,0,0,0,0,0
2026-03-30,port1154,Santa Marta,3,0,19512,6449,19512,0,0,0,0,6449,0,0,0,0
2026-03-31,port1154,Santa Marta,1,1,0,6737,0,0,0,0,0,0,6737,0,0,0
2026-04-01,port1154,Santa Marta,3,1,15855,20301,15855,0,0,0,0,6449,4831,0,9020,0
2026-04-02,port1154,Santa Marta,2,2,0,3512,0,0,0,0,0,0,3512,0,0,0
2026-04-03,port1154,Santa Marta,3,0,63579,7721,63579,0,0,0,0,0,0,0,7721,0
2026-04-04,port1154,Santa Marta,2,1,2332,4783,0,0,0,2332,0,0,0,0,4783,0
2026-04-05,port1154,Santa Marta,1,0,0,26418,0,0,0,0,0,26418,0,0,0,0
2026-04-06,port1154,Santa Marta,1,1,0,5158,0,0,0,0,0,0,5158,0,0,0
2026-04-07,port1154,Santa Marta,4,2,19532,8602,15855,3676,0,0,0,6449,2152,0,0,0
2026-04-08,port1154,Santa Marta,1,0,914,0,914,0,0,0,0,0,0,0,0,0
2026-04-09,port1154,Santa Marta,2,2,0,1739,0,0,0,0,0,0,1739,0,0,0
2026-04-10,port1154,Santa Marta,2,1,20204,0,18053,2150,0,0,0,0,0,0,0,0
2026-04-11,port1154,Santa Marta,2,0,32866,0,32866,0,0,0,0,0,0,0,0,0
2026-04-12,port1154,Santa Marta,0,0,0,0,0,0,0,0,0,0,0,0,0,0
2026-04-13,port1154,Santa Marta,3,2,1707,16989,0,1707,0,0,0,0,4305,0,12684,0
2026-04-14,port1154,Santa Marta,2,1,853,2152,0,853,0,0,0,0,2152,0,0,0
2026-04-15,port1154,Santa Marta,1,1,685,0,0,685,0,0,0,0,0,0,0,0
2026-04-16,port1154,Santa Marta,4,1,33028,17457,33028,0,0,0,0,0,2255,0,15201,0
2026-04-17,port1154,Santa Marta,2,0,3634,0,0,0,1102,0,2532,0,0,0,0,0
2026-04-18,port1154,Santa Marta,1,1,0,0,0,0,0,0,0,0,0,0,0,0
2026-04-19,port1154,Santa Marta,1,0,11466,0,0,0,11466,0,0,0,0,0,0,0
2026-04-20,port1154,Santa Marta,0,0,0,0,0,0,0,0,0,0,0,0,0,0
2026-04-21,port1154,Santa Marta,4,2,853,60045,0,853,0,0,0,53235,6621,189,0,0
2026-04-22,port1154,Santa Marta,2,1,853,2152,0,853,0,0,0,0,2152,0,0,0
2026-04-23,port1154,Santa Marta,3,1,14746,2730,14318,0,427,0,0,0,2730,0,0,0
2026-04-24,port1154,Santa Marta,3,1,5725,7755,0,539,5185,0,0,0,0,0,7755,0
2026-04-25,port1154,Santa Marta,0,0,0,0,0,0,0,0,0,0,0,0,0,0
2026-04-26,port1154,Santa Marta,0,0,0,0,0,0,0,0,0,0,0,0,0,0
2026-04-27,port1154,Santa Marta,3,2,20533,4305,18826,1707,0,0,0,0,4305,0,0,0
2026-04-28,port1154,Santa Marta,2,1,0,2386,0,0,0,0,0,0,2386,0,0,0
2026-04-29,port1154,Santa Marta,2,0,16060,1440,16060,0,0,0,0,0,0,1440,0,0
2026-04-30,port1154,Santa Marta,2,1,58772,753,58772,0,0,0,0,0,753,0,0,0
2026-05-01,port1154,Santa Marta,1,1,0,0,0,0,0,0,0,0,0,0,0,0
2026-05-02,port1154,Santa Marta,2,0,13889,6833,13889,0,0,0,0,0,0,0,6833,0
2026-05-03,port1154,Santa Marta,0,0,0,0,0,0,0,0,0,0,0,0,0,0
2026-05-04,port1154,Santa Marta,2,1,59274,2152,58421,853,0,0,0,0,2152,0,0,0
2026-05-05,port1154,Santa Marta,0,0,0,0,0,0,0,0,0,0,0,0,0,0
2026-05-06,port1154,Santa Marta,2,2,1379,1625,0,1379,0,0,0,0,1625,0,0,0
2026-05-07,port1154,Santa Marta,3,1,34044,6838,34044,0,0,0,0,6449,388,0,0,0
2026-05-08,port1154,Santa Marta,0,0,0,0,0,0,0,0,0,0,0,0,0,0
2026-05-09,port1154,Santa Marta,2,1,1072,2455,0,1072,0,0,0,0,0,0,2455,0
2026-05-10,port1154,Santa Marta,1,0,463,0,0,0,0,463,0,0,0,0,0,0
2026-05-11,port1154,Santa Marta,3,1,19798,2152,18629,853,314,0,0,0,2152,0,0,0
2026-05-12,port1154,Santa Marta,1,1,0,813,0,0,0,0,0,0,813,0,0,0
2026-05-13,port1154,Santa Marta,3,2,853,4183,0,853,0,0,0,0,4183,0,0,0
2026-05-14,port1154,Santa Marta,2,1,230,2927,0,0,230,0,0,0,2927,0,0,0
2026-05-15,port1154,Santa Marta,3,1,19072,0,19072,0,0,0,0,0,0,0,0,0
2026-05-16,port1154,Santa Marta,1,0,1871,782,0,0,1871,0,0,0,0,782,0,0
2026-05-17,port1154,Santa Marta,3,1,27561,0,25519,2041,0,0,0,0,0,0,0,0
2026-05-18,port1154,Santa Marta,2,1,0,3442,0,0,0,0,0,0,3442,0,0,0
2026-05-19,port1154,Santa Marta,2,1,21218,2152,20365,853,0,0,0,0,2152,0,0,0
2026-05-20,port1154,Santa Marta,1,0,18211,0,0,0,18211,0,0,0,0,0,0,0
2026-05-21,port1154,Santa Marta,2,1,2736,393,2736,0,0,0,0,0,393,0,0,0
2026-05-22,port1154,Santa Marta,0,0,0,0,0,0,0,0,0,0,0,0,0,0
2026-05-23,port1154,Santa Marta,2,1,1615,40122,0,1615,0,0,0,40122,0,0,0,0
2026-05-24,port1154,Santa Marta,0,0,0,0,0,0,0,0,0,0,0,0,0,0
2026-05-25,port1154,Santa Marta,2,1,853,2152,0,853,0,0,0,0,2152,0,0,0
2026-05-26,port1154,Santa Marta,1,1,853,2152,0,853,0,0,0,0,2152,0,0,0
2026-05-27,port1154,Santa Marta,2,2,1356,1176,0,1356,0,0,0,0,1176,0,0,0
2026-05-28,port1154,Santa Marta,3,1,853,3099,0,853,0,0,0,0,2152,946,0,0
2026-05-29,port1154,Santa Marta,3,1,59258,0,58432,0,825,0,0,0,0,0,0,0
2026-05-30,port1154,Santa Marta,1,1,394,337,0,394,0,0,0,0,337,0,0,0
2026-05-31,port1154,Santa Marta,1,0,52374,0,52374,0,0,0,0,0,0,0,0,0
2026-06-01,port1154,Santa Marta,1,1,0,2821,0,0,0,0,0,0,2821,0,0,0
2026-06-02,port1154,Santa Marta,1,1,1595,0,0,1595,0,0,0,0,0,0,0,0
2026-06-03,port1154,Santa Marta,2,1,15855,8488,15855,0,0,0,0,6449,2038,0,0,0
2026-06-04,port1154,Santa Marta,2,1,3199,1171,0,0,0,3199,0,0,1171,0,0,0
2026-06-05,port1154,Santa Marta,1,0,2332,4783,0,0,0,2332,0,0,0,0,4783,0
2026-06-06,port1154,Santa Marta,2,1,0,5028,0,0,0,0,0,0,537,0,4491,0
2026-06-07,port1154,Santa Marta,1,0,1871,782,0,0,1871,0,0,0,0,782,0,0
2026-06-08,port1154,Santa Marta,3,2,0,5141,0,0,0,0,0,0,5141,0,0,0
2026-06-09,port1154,Santa Marta,1,1,0,57,0,0,0,0,0,0,57,0,0,0
2026-06-10,port1154,Santa Marta,2,1,1354,13088,0,1354,0,0,0,0,335,0,12753,0
2026-06-11,port1154,Santa Marta,2,1,16709,8602,15855,853,0,0,0,6449,2152,0,0,0
2026-06-12,port1154,Santa Marta,3,1,10066,2685,10066,0,0,0,0,0,0,0,2685,0
2026-06-13,port1154,Santa Marta,3,0,554,60859,554,0,0,0,0,60859,0,0,0,0
2026-06-14,port1154,Santa Marta,0,0,0,0,0,0,0,0,0,0,0,0,0,0
2026-06-15,port1154,Santa Marta,1,1,853,2152,0,853,0,0,0,0,2152,0,0,0
2026-06-16,port1154,Santa Marta,2,1,22659,2407,22659,0,0,0,0,0,2407,0,0,0
2026-06-17,port1154,Santa Marta,4,1,15855,49520,15855,0,0,0,0,46083,3436,0,0,0
2026-06-18,port1154,Santa Marta,1,1,0,391,0,0,0,0,0,0,391,0,0,0
2026-06-19,port1154,Santa Marta,4,1,41173,2148,41173,0,0,0,0,0,2148,0,0,0
2026-06-20,port1154,Santa Marta,0,0,0,0,0,0,0,0,0,0,0,0,0,0
2026-06-21,port1154,Santa Marta,0,0,0,0,0,0,0,0,0,0,0,0,0,0
2026-06-22,port1154,Santa Marta,2,2,0,1741,0,0,0,0,0,0,1741,0,0,0
2026-06-23,port1154,Santa Marta,3,1,1871,2569,0,0,1871,0,0,0,1629,939,0,0
2026-06-24,port1154,Santa Marta,2,1,0,9465,0,0,0,0,0,0,2028,0,7437,0
2026-06-25,port1154,Santa Marta,2,1,4506,2152,0,853,0,3652,0,0,2152,0,0,0
2026-06-26,port1154,Santa Marta,2,0,60464,0,60464,0,0,0,0,0,0,0,0,0
2026-06-27,port1154,Santa Marta,2,1,31711,0,31711,0,0,0,0,0,0,0,0,0
2026-06-28,port1154,Santa Marta,2,1,7142,0,0,4288,0,2854,0,0,0,0,0,0
2026-06-29,port1154,Santa Marta,1,1,0,2818,0,0,0,0,0,0,2818,0,0,0
2026-06-30,port1154,Santa Marta,0,0,0,0,0,0,0,0,0,0,0,0,0,0
2026-07-01,port1154,Santa Marta,2,1,0,5683,0,0,0,0,0,0,5683,0,0,0
2026-07-02,port1154,Santa Marta,4,2,64338,4636,54329,781,9227,0,0,0,4636,0,0,0
2026-07-03,port1154,Santa Marta,1,0,6746,0,6746,0,0,0,0,0,0,0,0,0
2026-07-04,port1154,Santa Marta,2,1,0,536,0,0,0,0,0,0,536,0,0,0
2026-07-05,port1154,Santa Marta,1,0,0,3704,0,0,0,0,0,0,0,0,3704,0
2026-07-06,port1154,Santa Marta,1,1,0,5616,0,0,0,0,0,0,5616,0,0,0
2026-07-07,port1154,Santa Marta,2,1,15855,9647,15855,0,0,0,0,6449,3197,0,0,0
2026-07-08,port1154,Santa Marta,2,2,1354,3768,0,1354,0,0,0,0,3768,0,0,0
2026-07-09,port1154,Santa Marta,3,1,17572,927,0,0,0,17572,0,0,361,565,0,0
2026-07-10,port1154,Santa Marta,2,1,50587,0,50587,0,0,0,0,0,0,0,0,0
2026-07-11,port1154,Santa Marta,0,0,0,0,0,0,0,0,0,0,0,0,0,0
2026-07-12,port1154,Santa Marta,0,0,0,0,0,0,0,0,0,0,0,0,0,0
2026-07-13,port1154,Santa Marta,2,1,0,1694,0,0,0,0,0,0,1694,0,0,0
2026-07-14,port1154,Santa Marta,1,1,853,2152,0,853,0,0,0,0,2152,0,0,0
2026-07-15,port1154,Santa Marta,2,1,4462,0,0,407,0,4055,0,0,0,0,0,0
2026-07-16,port1154,Santa Marta,1,1,393,0,0,393,0,0,0,0,0,0,0,0
2026-07-17,port1154,Santa Marta,2,1,726,1176,0,726,0,0,0,0,1176,0,0,0
2026-07-18,port1154,Santa Marta,0,0,0,0,0,0,0,0,0,0,0,0,0,0
2026-07-19,port1154,Santa Marta,1,0,1871,782,0,0,1871,0,0,0,0,782,0,0
2026-07-20,port1154,Santa Marta,2,1,996,0,0,677,0,318,0,0,0,0,0,0
2026-07-21,port1154,Santa Marta,0,0,0,0,0,0,0,0,0,0,0,0,0,0
2026-07-22,port1154,Santa Marta,2,0,0,585,0,0,0,0,0,0,0,389,196,0
2026-07-23,port1154,Santa Marta,2,2,2392,724,0,2392,0,0,0,0,724,0,0,0
2026-07-24,port1154,Santa Marta,1,1,0,0,0,0,0,0,0,0,0,0,0,0
2026-07-25,port1154,Santa Marta,1,0,2340,0,2340,0,0,0,0,0,0,0,0,0
2026-07-26,port1154,Santa Marta,0,0,0,0,0,0,0,0,0,0,0,0,0,0
2026-07-27,port1154,Santa Marta,2,1,55695,4502,55695,0,0,0,0,0,4502,0,0,0
2026-07-28,port1154,Santa Marta,0,0,0,0,0,0,0,0,0,0,0,0,0,0
2026-07-29,port1154,Santa Marta,0,0,0,0,0,0,0,0,0,0,0,0,0,0
2026-07-30,port1154,Santa Marta,0,0,0,0,0,0,0,0,0,0,0,0,0,0
2026-07-31,port1154,Santa Marta,2,1,537,0,0,537,0,0,0,0,0,0,0,0
2026-08-01,port1154,Santa Marta,1,0,0,47583,0,0,0,0,0,47583,0,0,0,0
2026-08-02,port1154,Santa Marta,0,0,0,0,0,0,0,0,0,0,0,0,0,0
2026-08-03,port1154,Santa Marta,3,1,79531,337,79137,394,0,0,0,0,337,0,0,0
2026-08-04,port1154,Santa Marta,4,1,69275,15080,69275,0,0,0,0,6449,5565,3065,0,0
2026-08-05,port1154,Santa Marta,1,1,0,1225,0,0,0,0,0,0,1225,0,0,0
2026-08-06,port1154,Santa Marta,2,1,0,48455,0,0,0,0,0,48094,361,0,0,0
2026-08-07,port1154,Santa Marta,1,0,695,0,0,0,695,0,0,0,0,0,0,0
2026-08-08,port1154,Santa Marta,4,1,11117,5617,8927,0,0,0,2190,0,5617,0,0,0
2026-08-09,port1154,Santa Marta,0,0,0,0,0,0,0,0,0,0,0,0,0,0
2026-08-10,port1154,Santa Marta,2,0,12783,92,12178,0,0,0,605,0,0,0,0,92
2026-08-11,port1154,Santa Marta,3,2,17749,8134,17749,0,0,0,0,0,8134,0,0,0
2026-08-12,port1154,Santa Marta,1,0,10510,0,10510,0,0,0,0,0,0,0,0,0
2026-08-13,port1154,Santa Marta,3,1,1461,1176,1461,0,0,0,0,0,1176,0,0,0
2026-08-14,port1154,Santa Marta,3,0,31921,0,31168,0,752,0,0,0,0,0,0,0
2026-08-15,port1154,Santa Marta,3,1,28318,1269,26987,726,0,0,605,0,1176,0,0,92
2026-08-16,port1154,Santa Marta,2,0,1025,278,0,0,0,0,1025,278,0,0,0,0
2026-08-17,port1154,Santa Marta,2,1,0,4502,0,0,0,0,0,0,4502,0,0,0
2026-08-18,port1154,Santa Marta,2,1,7885,814,7885,0,0,0,0,0,814,0,0,0
2026-08-19,port1154,Santa Marta,2,1,10290,2741,10290,0,0,0,0,0,2741,0,0,0
2026-08-20,port1154,Santa Marta,2,1,53016,722,53016,0,0,0,0,0,722,0,0,0
2026-08-21,port1154,Santa Marta,2,0,0,1418,0,0,0,0,0,0,0,0,1418,0
2026-08-22,port1154,Santa Marta,2,1,0,4980,0,0,0,0,0,0,0,0,4980,0
2026-08-23,port1154,Santa Marta,0,0,0,0,0,0,0,0,0,0,0,0,0,0
2026-08-24,port1154,Santa Marta,2,0,10277,4783,7945,0,0,2332,0,0,0,0,4783,0
2026-08-25,port1154,Santa Marta,4,2,20643,12009,19839,803,0,0,0,6449,5559,0,0,0
2026-08-26,port1154,Santa Marta,2,1,2739,4783,0,407,0,2332,0,0,0,0,4783,0
2026-08-27,port1154,Santa Marta,2,1,779,814,0,779,0,0,0,0,0,814,0,0
2026-08-28,port1154,Santa Marta,1,1,726,1176,0,726,0,0,0,0,1176,0,0,0
