date,portid,portname,portcalls,portcalls_container,import,export,import_dry_bulk,import_container,import_general_cargo,import_tanker,import_roro,export_dry_bulk,export_container,export_general_cargo,export_tanker,export_roro
2019-01-07,port183,Buenaventura,4,2,12182,0,0,8543,3638,0,0,0,0,0,0,0
2019-01-08,port183,Buenaventura,3,2,13562,0,0,7596,0,5965,0,0,0,0,0,0
2019-01-09,port183,Buenaventura,5,3,41225,11938,41225,0,0,0,0,0,11938,0,0,0
2019-01-10,port183,Buenaventura,6,3,62674,2324,53867,8806,0,0,0,0,915,0,1408,0
2019-01-11,port183,Buenaventura,4,3,11173,23302,0,11173,0,0,0,0,23302,0,0,0
2019-01-12,port183,Buenaventura,3,1,38256,0,23179,11927,0,3148,0,0,0,0,0,0
2019-01-13,port183,Buenaventura,3,2,1650,9984,0,1246,0,0,403,0,9984,0,0,0
2019-01-14,port183,Buenaventura,2,1,36395,0,34230,2165,0,0,0,0,0,0,0,0
2019-01-15,port183,Buenaventura,2,0,2509,0,0,0,0,2509,0,0,0,0,0,0
2019-01-16,port183,Buenaventura,3,1,60709,2268,49638,5586,0,5483,0,0,1616,0,651,0
2019-01-17,port183,Buenaventura,7,5,29197,38520,16909,12287,0,0,0,0,38520,0,0,0
2019-01-18,port183,Buenaventura,4,3,9589,21234,2507,7082,0,0,0,0,21234,0,0,0
2019-01-19,port183,Buenaventura,4,2,11640,0,4993,5599,0,1047,0,0,0,0,0,0
2019-01-20,port183,Buenaventura,3,2,14072,1616,0,14072,0,0,0,0,1616,0,0,0
2019-01-21,port183,Buenaventura,4,2,8759,6913,4080,0,0,4678,0,0,6913,0,0,0
2019-01-22,port183,Buenaventura,5,2,112196,1616,89151,23044,0,0,0,0,1616,0,0,0
2019-01-23,port183,Buenaventura,2,2,19294,1616,0,19294,0,0,0,0,1616,0,0,0
2019-01-24,port183,Buenaventura,8,3,140653,2268,117982,17186,0,5483,0,0,1616,0,651,0
2019-01-25,port183,Buenaventura,4,3,13153,76154,0,13153,0,0,0,52974,23180,0,0,0
2019-01-26,port183,Buenaventura,5,3,42605,1616,22568,20037,0,0,0,0,1616,0,0,0
2019-01-27,port183,Buenaventura,2,1,16163,0,2441,13721,0,0,0,0,0,0,0,0
2019-01-28,port183,Buenaventura,3,2,31028,0,17457,13571,0,0,0,0,0,0,0,0
2019-01-29,port183,Buenaventura,4,2,17968,0,0,17968,0,0,0,0,0,0,0,0
2019-01-30,port183,Buenaventura,3,2,10923,9863,0,6182,4740,0,0,0,9863,0,0,0
2019-01-31,port183,Buenaventura,7,4,11490,81363,6370,5120,0,0,0,65833,15530,0,0,0
2019-02-01,port183,Buenaventura,3,3,6599,23870,0,6599,0,0,0,0,23870,0,0,0
2019-02-02,port183,Buenaventura,4,3,49391,0,21953,27437,0,0,0,0,0,0,0,0
2019-02-03,port183,Buenaventura,3,1,37509,0,23885,10951,2673,0,0,0,0,0,0,0
2019-02-04,port183,Buenaventura,4,3,11782,0,0,9568,0,0,2214,0,0,0,0,0
2019-02-05,port183,Buenaventura,7,3,101094,9079,77091,20377,3625,0,0,1169,7909,0,0,0
2019-02-06,port183,Buenaventura,0,0,0,0,0,0,0,0,0,0,0,0,0,0
2019-02-07,port183,Buenaventura,6,4,16472,36293,0,5243,0,3720,7508,0,36293,0,0,0
2019-02-08,port183,Buenaventura,4,3,11601,20605,0,6117,0,5483,0,0,19953,0,651,0
2019-02-09,port183,Buenaventura,5,2,21619,66,0,20632,0,0,987,0,0,0,0,66
2019-02-10,port183,Buenaventura,5,3,45734,0,14377,29750,0,1606,0,0,0,0,0,0
2019-02-11,port183,Buenaventura,3,2,11173,39601,0,11173,0,0,0,36368,3232,0,0,0
2019-02-12,port183,Buenaventura,4,2,50206,0,36773,13432,0,0,0,0,0,0,0,0
2019-02-13,port183,Buenaventura,3,1,56242,0,53175,2412,0,0,655,0,0,0,0,0
2019-02-14,port183,Buenaventura,6,3,21531,7382,0,5586,11268,4676,0,0,6883,0,498,0
2019-02-15,port183,Buenaventura,3,3,10503,2345,0,10503,0,0,0,0,2345,0,0,0
2019-02-16,port183,Buenaventura,5,1,39838,7625,39526,0,0,311,0,0,7625,0,0,0
2019-02-17,port183,Buenaventura,4,3,82997,0,30826,52170,0,0,0,0,0,0,0,0
2019-02-18,port183,Buenaventura,5,3,28656,3001,26876,1780,0,0,0,0,3001,0,0,0
2019-02-19,port183,Buenaventura,2,1,0,0,0,0,0,0,0,0,0,0,0,0
2019-02-20,port183,Buenaventura,4,3,6574,20115,0,5586,0,0,987,0,20048,0,0,66
2019-02-21,port183,Buenaventura,4,4,15887,14181,0,15887,0,0,0,0,14181,0,0,0
2019-02-22,port183,Buenaventura,3,3,8164,14871,0,8164,0,0,0,0,14871,0,0,0
2019-02-23,port183,Buenaventura,2,1,21576,0,0,21576,0,0,0,0,0,0,0,0
2019-02-24,port183,Buenaventura,6,4,4678,11664,1642,3036,0,0,0,0,971,0,10693,0
2019-02-25,port183,Buenaventura,3,1,28757,4529,20627,5586,0,0,2542,2912,1616,0,0,0
2019-02-26,port183,Buenaventura,0,0,0,0,0,0,0,0,0,0,0,0,0,0
2019-02-27,port183,Buenaventura,1,1,11970,0,0,11970,0,0,0,0,0,0,0,0
2019-02-28,port183,Buenaventura,6,4,77454,19587,51861,20108,0,5483,0,0,18936,0,651,0
2019-03-01,port183,Buenaventura,4,4,1375,15153,0,1375,0,0,0,0,15153,0,0,0
2019-03-02,port183,Buenaventura,2,1,21453,0,0,21453,0,0,0,0,0,0,0,0
2019-03-03,port183,Buenaventura,3,3,50152,1616,0,50152,0,0,0,0,1616,0,0,0
2019-03-04,port183,Buenaventura,0,0,0,0,0,0,0,0,0,0,0,0,0,0
2019-03-05,port183,Buenaventura,2,1,14890,0,0,14890,0,0,0,0,0,0,0,0
2019-03-06,port183,Buenaventura,5,3,25266,23697,3212,22054,0,0,0,0,23697,0,0,0
2019-03-07,port183,Buenaventura,6,4,25447,26679,0,23745,0,0,1701,13147,13532,0,0,0
2019-03-08,port183,Buenaventura,6,4,28385,20789,0,26171,0,0,2214,18257,2531,0,0,0
2019-03-09,port183,Buenaventura,2,1,1276,0,0,1276,0,0,0,0,0,0,0,0
2019-03-10,port183,Buenaventura,3,2,31837,0,23658,8179,0,0,0,0,0,0,0,0
2019-03-11,port183,Buenaventura,4,2,24528,4965,20627,3900,0,0,0,2912,2052,0,0,0
2019-03-12,port183,Buenaventura,0,0,0,0,0,0,0,0,0,0,0,0,0,0
2019-03-13,port183,Buenaventura,8,3,121769,13348,103251,13034,0,5483,0,3829,8867,0,651,0
2019-03-14,port183,Buenaventura,5,3,49872,14343,35627,14244,0,0,0,0,14343,0,0,0
2019-03-15,port183,Buenaventura,4,2,12541,66,4785,6768,0,0,987,0,0,0,0,66
2019-03-16,port183,Buenaventura,3,1,26920,10174,11695,0,0,15225,0,0,10174,0,0,0
2019-03-17,port183,Buenaventura,5,3,28586,651,0,23102,0,5483,0,0,0,0,651,0
2019-03-18,port183,Buenaventura,4,1,7188,77112,0,6666,0,522,0,77112,0,0,0,0
2019-03-19,port183,Buenaventura,1,0,0,0,0,0,0,0,0,0,0,0,0,0
2019-03-20,port183,Buenaventura,3,3,0,22222,0,0,0,0,0,0,22222,0,0,0
2019-03-21,port183,Buenaventura,5,3,78815,0,50656,14170,0,13989,0,0,0,0,0,0
2019-03-22,port183,Buenaventura,4,3,15492,6738,0,15492,0,0,0,0,6738,0,0,0
2019-03-23,port183,Buenaventura,5,2,67605,1616,47881,19724,0,0,0,0,1616,0,0,0
2019-03-24,port183,Buenaventura,3,1,1572,1247,0,0,1572,0,0,0,1247,0,0,0
2019-03-25,port183,Buenaventura,3,1,35789,677,35789,0,0,0,0,0,677,0,0,0
2019-03-26,port183,Buenaventura,4,2,15950,0,0,11905,0,0,4045,0,0,0,0,0
2019-03-27,port183,Buenaventura,1,1,5586,1616,0,5586,0,0,0,0,1616,0,0,0
2019-03-28,port183,Buenaventura,5,4,10364,18150,0,6357,0,4007,0,0,18150,0,0,0
2019-03-29,port183,Buenaventura,5,2,40538,2912,31490,6599,0,0,2448,2912,0,0,0,0
2019-03-30,port183,Buenaventura,5,4,19447,2976,0,19027,419,0,0,0,2976,0,0,0
2019-03-31,port183,Buenaventura,1,0,3399,0,0,0,0,0,3399,0,0,0,0,0
2019-04-01,port183,Buenaventura,5,2,54013,5825,45909,8104,0,0,0,5825,0,0,0,0
2019-04-02,port183,Buenaventura,2,2,9901,0,0,9901,0,0,0,0,0,0,0,0
2019-04-03,port183,Buenaventura,5,3,60405,12467,50499,9905,0,0,0,0,12309,0,158,0
2019-04-04,port183,Buenaventura,4,2,53928,0,46662,6844,0,0,421,0,0,0,0,0
2019-04-05,port183,Buenaventura,3,3,3859,1274,0,3859,0,0,0,0,1274,0,0,0
2019-04-06,port183,Buenaventura,5,2,40025,2962,20627,14403,0,4994,0,2912,0,0,49,0
2019-04-07,port183,Buenaventura,3,2,7996,68337,0,7996,0,0,0,66720,1616,0,0,0
2019-04-08,port183,Buenaventura,3,2,15128,0,0,12229,2898,0,0,0,0,0,0,0
2019-04-09,port183,Buenaventura,3,1,3407,0,0,0,0,0,3407,0,0,0,0,0
2019-04-10,port183,Buenaventura,3,3,4108,13430,0,4108,0,0,0,0,13430,0,0,0
2019-04-11,port183,Buenaventura,2,1,21719,0,14957,6761,0,0,0,0,0,0,0,0
2019-04-12,port183,Buenaventura,2,2,9930,0,0,9930,0,0,0,0,0,0,0,0
2019-04-13,port183,Buenaventura,4,2,29386,12326,0,28876,0,0,509,0,12326,0,0,0
2019-04-14,port183,Buenaventura,5,4,33385,0,0,32517,0,0,868,0,0,0,0,0
2019-04-15,port183,Buenaventura,0,0,0,0,0,0,0,0,0,0,0,0,0,0
2019-04-16,port183,Buenaventura,2,1,25894,0,3979,21914,0,0,0,0,0,0,0,0
2019-04-17,port183,Buenaventura,3,2,48185,1816,40590,7594,0,0,0,0,1816,0,0,0
2019-04-18,port183,Buenaventura,4,3,63617,1616,50061,13556,0,0,0,0,1616,0,0,0
2019-04-19,port183,Buenaventura,3,3,14627,21629,0,14627,0,0,0,0,21629,0,0,0
2019-04-20,port183,Buenaventura,3,2,22129,0,5758,16370,0,0,0,0,0,0,0,0
2019-04-21,port183,Buenaventura,4,2,40360,2912,20627,19733,0,0,0,2912,0,0,0,0
2019-04-22,port183,Buenaventura,3,2,17725,0,10268,7457,0,0,0,0,0,0,0,0
2019-04-23,port183,Buenaventura,3,2,78857,0,47051,31806,0,0,0,0,0,0,0,0
2019-04-24,port183,Buenaventura,5,1,57229,14283,51746,0,0,5483,0,5828,7803,0,651,0
2019-04-25,port183,Buenaventura,6,5,1372,27002,0,315,0,1057,0,0,27002,0,0,0
2019-04-26,port183,Buenaventura,3,2,15593,0,0,8873,0,6720,0,0,0,0,0,0
2019-04-27,port183,Buenaventura,2,1,5483,7390,0,0,0,5483,0,0,6738,0,651,0
2019-04-28,port183,Buenaventura,4,3,66481,0,46487,19993,0,0,0,0,0,0,0,0
2019-04-29,port183,Buenaventura,2,1,9856,0,0,9517,0,338,0,0,0,0,0,0
2019-04-30,port183,Buenaventura,6,2,99447,0,85112,14334,0,0,0,0,0,0,0,0
2019-05-01,port183,Buenaventura,4,3,4929,11147,0,4929,0,0,0,0,11147,0,0,0
2019-05-02,port183,Buenaventura,5,3,82017,18028,76430,5586,0,0,0,0,18028,0,0,0
2019-05-03,port183,Buenaventura,4,3,16677,13272,0,16677,0,0,0,3269,10002,0,0,0
2019-05-04,port183,Buenaventura,3,2,37167,2912,20627,16539,0,0,0,2912,0,0,0,0
2019-05-05,port183,Buenaventura,3,2,15503,1616,0,15503,0,0,0,0,1616,0,0,0
2019-05-06,port183,Buenaventura,3,2,16838,675,12452,4385,0,0,0,0,675,0,0,0
2019-05-07,port183,Buenaventura,1,0,20627,2912,20627,0,0,0,0,2912,0,0,0,0
2019-05-08,port183,Buenaventura,3,2,10451,11872,0,7659,0,2791,0,0,11872,0,0,0
2019-05-09,port183,Buenaventura,7,5,6739,27796,0,6739,0,0,0,0,27796,0,0,0
2019-05-10,port183,Buenaventura,5,3,17606,12997,0,4675,0,12930,0,0,12997,0,0,0
2019-05-11,port183,Buenaventura,2,1,16631,0,12145,4485,0,0,0,0,0,0,0,0
2019-05-12,port183,Buenaventura,3,3,24802,0,0,24802,0,0,0,0,0,0,0,0
2019-05-13,port183,Buenaventura,4,2,54113,677,53562,551,0,0,0,0,677,0,0,0
2019-05-14,port183,Buenaventura,4,2,33965,0,9415,22849,1699,0,0,0,0,0,0,0
2019-05-15,port183,Buenaventura,4,3,49712,11581,35476,14235,0,0,0,0,11581,0,0,0
2019-05-16,port183,Buenaventura,4,3,22369,10124,0,7801,0,14567,0,0,10124,0,0,0
2019-05-17,port183,Buenaventura,4,2,85485,0,70452,15033,0,0,0,0,0,0,0,0
2019-05-18,port183,Buenaventura,0,0,0,0,0,0,0,0,0,0,0,0,0,0
2019-05-19,port183,Buenaventura,5,4,11214,22661,0,8609,0,2604,0,0,22661,0,0,0
2019-05-20,port183,Buenaventura,8,3,65166,44143,39921,25245,0,0,0,44143,0,0,0,0
2019-05-21,port183,Buenaventura,4,1,69410,0,63519,5890,0,0,0,0,0,0,0,0
2019-05-22,port183,Buenaventura,4,2,26214,17535,20627,5586,0,0,0,3882,13652,0,0,0
2019-05-23,port183,Buenaventura,4,4,13233,12254,0,13233,0,0,0,0,12254,0,0,0
2019-05-24,port183,Buenaventura,4,2,20301,1616,10922,8869,0,0,509,0,1616,0,0,0
2019-05-25,port183,Buenaventura,3,2,6602,24521,0,6602,0,0,0,0,24521,0,0,0
2019-05-26,port183,Buenaventura,3,3,23637,1616,0,23637,0,0,0,0,1616,0,0,0
2019-05-27,port183,Buenaventura,3,1,22395,0,11516,7786,3092,0,0,0,0,0,0,0
2019-05-28,port183,Buenaventura,2,1,33621,2912,20627,12994,0,0,0,2912,0,0,0,0
2019-05-29,port183,Buenaventura,6,4,86047,20281,52852,33194,0,0,0,0,20281,0,0,0
2019-05-30,port183,Buenaventura,3,2,60634,9870,56185,4448,0,0,0,0,9870,0,0,0
2019-05-31,port183,Buenaventura,3,2,6849,5107,0,4817,0,0,2031,0,5107,0,0,0
2019-06-01,port183,Buenaventura,2,2,21565,0,0,21565,0,0,0,0,0,0,0,0
2019-06-02,port183,Buenaventura,5,2,60268,0,35510,23842,682,232,0,0,0,0,0,0
2019-06-03,port183,Buenaventura,3,3,12958,0,0,12958,0,0,0,0,0,0,0,0
2019-06-04,port183,Buenaventura,1,1,5586,1616,0,5586,0,0,0,0,1616,0,0,0
2019-06-05,port183,Buenaventura,2,2,9691,1616,0,9691,0,0,0,0,1616,0,0,0
2019-06-06,port183,Buenaventura,5,3,75252,11462,72723,2529,0,0,0,0,11462,0,0,0
2019-06-07,port183,Buenaventura,6,4,43883,39679,0,15436,11889,16557,0,0,39679,0,0,0
2019-06-08,port183,Buenaventura,1,0,45991,0,45991,0,0,0,0,0,0,0,0,0
2019-06-09,port183,Buenaventura,4,3,21510,0,0,21510,0,0,0,0,0,0,0,0
2019-06-10,port183,Buenaventura,5,2,32344,54920,20627,11717,0,0,0,54920,0,0,0,0
2019-06-11,port183,Buenaventura,5,3,33089,2264,16578,11854,4656,0,0,0,2264,0,0,0
2019-06-12,port183,Buenaventura,1,1,0,8504,0,0,0,0,0,0,8504,0,0,0
2019-06-13,port183,Buenaventura,7,4,26999,26688,20425,5586,0,0,987,0,26622,0,0,66
2019-06-14,port183,Buenaventura,4,3,7722,7992,7243,479,0,0,0,0,7992,0,0,0
2019-06-15,port183,Buenaventura,2,1,12011,651,0,6527,0,5483,0,0,0,0,651,0
2019-06-16,port183,Buenaventura,5,3,27034,944,0,25245,1470,319,0,0,944,0,0,0
2019-06-17,port183,Buenaventura,2,1,34351,0,0,6074,0,28277,0,0,0,0,0,0
2019-06-18,port183,Buenaventura,3,2,42902,0,34192,8709,0,0,0,0,0,0,0,0
2019-06-19,port183,Buenaventura,3,2,7193,4255,0,1371,0,5822,0,0,4255,0,0,0
2019-06-20,port183,Buenaventura,4,3,18283,68320,0,18283,0,0,0,56981,11339,0,0,0
2019-06-21,port183,Buenaventura,5,3,53985,15164,35284,17713,0,0,987,0,15098,0,0,66
2019-06-22,port183,Buenaventura,3,0,34383,0,22618,0,0,11765,0,0,0,0,0,0
2019-06-23,port183,Buenaventura,5,2,81165,0,59729,21436,0,0,0,0,0,0,0,0
2019-06-24,port183,Buenaventura,2,2,11435,0,0,11435,0,0,0,0,0,0,0,0
2019-06-25,port183,Buenaventura,1,1,15793,0,0,15793,0,0,0,0,0,0,0,0
2019-06-26,port183,Buenaventura,5,2,78604,7787,77377,1226,0,0,0,0,7787,0,0,0
2019-06-27,port183,Buenaventura,7,4,65807,97470,53015,12791,0,0,0,78725,17109,1635,0,0
2019-06-28,port183,Buenaventura,4,2,9346,21046,0,5586,0,3759,0,0,17770,3276,0,0
2019-06-29,port183,Buenaventura,2,1,5330,0,0,1092,0,4238,0,0,0,0,0,0
2019-06-30,port183,Buenaventura,5,3,49526,0,30486,16066,2973,0,0,0,0,0,0,0
2019-07-01,port183,Buenaventura,2,1,2735,0,0,2735,0,0,0,0,0,0,0,0
2019-07-02,port183,Buenaventura,2,1,23853,0,0,9903,0,13949,0,0,0,0,0,0
2019-07-03,port183,Buenaventura,3,2,14864,9116,0,5523,9341,0,0,0,9116,0,0,0
2019-07-04,port183,Buenaventura,5,2,54744,315,0,11274,17532,25937,0,0,315,0,0,0
2019-07-05,port183,Buenaventura,5,2,13148,2904,0,6066,7082,0,0,1287,1616,0,0,0
2019-07-06,port183,Buenaventura,4,2,37010,2912,20627,16382,0,0,0,2912,0,0,0,0
2019-07-07,port183,Buenaventura,2,2,17826,0,0,17826,0,0,0,0,0,0,0,0
2019-07-08,port183,Buenaventura,5,1,81334,1616,73050,5586,0,2697,0,0,1616,0,0,0
2019-07-09,port183,Buenaventura,6,2,25037,2912,20627,4409,0,0,0,2912,0,0,0,0
2019-07-10,port183,Buenaventura,2,2,5586,6787,0,5586,0,0,0,0,6787,0,0,0
2019-07-11,port183,Buenaventura,4,3,59478,16443,51175,8303,0,0,0,0,16443,0,0,0
2019-07-12,port183,Buenaventura,4,2,37077,16333,31921,5155,0,0,0,0,16333,0,0,0
2019-07-13,port183,Buenaventura,1,1,12114,0,0,12114,0,0,0,0,0,0,0,0
2019-07-14,port183,Buenaventura,5,3,22125,1616,0,17919,2669,0,1537,0,1616,0,0,0
2019-07-15,port183,Buenaventura,4,1,21248,8047,20627,0,0,621,0,2912,5134,0,0,0
2019-07-16,port183,Buenaventura,4,2,53814,0,45275,8539,0,0,0,0,0,0,0,0
2019-07-17,port183,Buenaventura,3,2,7037,22737,0,5488,0,1548,0,0,22737,0,0,0
2019-07-18,port183,Buenaventura,3,2,0,3641,0,0,0,0,0,0,3641,0,0,0
2019-07-19,port183,Buenaventura,4,4,11837,1272,0,11837,0,0,0,0,1272,0,0,0
2019-07-20,port183,Buenaventura,4,2,17188,0,0,17188,0,0,0,0,0,0,0,0
2019-07-21,port183,Buenaventura,2,2,12209,1616,0,12209,0,0,0,0,1616,0,0,0
2019-07-22,port183,Buenaventura,5,1,59360,0,7765,33325,0,12808,5460,0,0,0,0,0
2019-07-23,port183,Buenaventura,2,1,37319,0,30019,7300,0,0,0,0,0,0,0,0
2019-07-24,port183,Buenaventura,2,2,9886,17983,0,9886,0,0,0,0,17983,0,0,0
2019-07-25,port183,Buenaventura,5,3,0,14716,0,0,0,0,0,0,14716,0,0,0
2019-07-26,port183,Buenaventura,3,3,5586,1616,0,5586,0,0,0,0,1616,0,0,0
2019-07-27,port183,Buenaventura,4,3,9177,26089,0,9177,0,0,0,22223,3865,0,0,0
2019-07-28,port183,Buenaventura,4,4,7763,3669,0,7763,0,0,0,0,3669,0,0,0
2019-07-29,port183,Buenaventura,3,2,1565,2170,0,0,0,1565,0,0,2170,0,0,0
2019-07-30,port183,Buenaventura,2,2,5521,13621,0,5521,0,0,0,0,13621,0,0,0
2019-07-31,port183,Buenaventura,2,2,15579,16080,0,15579,0,0,0,0,16080,0,0,0
2019-08-01,port183,Buenaventura,2,1,27110,0,13847,13263,0,0,0,0,0,0,0,0
2019-08-02,port183,Buenaventura,3,2,12254,1273,0,9888,0,0,2365,0,1273,0,0,0
2019-08-03,port183,Buenaventura,2,2,0,6336,0,0,0,0,0,0,6336,0,0,0
2019-08-04,port183,Buenaventura,8,5,37571,8013,10408,12527,14635,0,0,0,8013,0,0,0
2019-08-05,port183,Buenaventura,1,0,1792,0,0,0,0,0,1792,0,0,0,0,0
2019-08-06,port183,Buenaventura,2,1,8181,1616,2594,5586,0,0,0,0,1616,0,0,0
2019-08-07,port183,Buenaventura,4,4,5586,20568,0,5586,0,0,0,0,20568,0,0,0
2019-08-08,port183,Buenaventura,4,1,42883,0,29362,8257,0,5262,0,0,0,0,0,0
2019-08-09,port183,Buenaventura,4,2,36263,0,0,32353,0,0,3910,0,0,0,0,0
2019-08-10,port183,Buenaventura,5,1,47886,12215,42492,0,5393,0,0,0,12215,0,0,0
2019-08-11,port183,Buenaventura,6,4,84471,3232,70941,13530,0,0,0,0,3232,0,0,0
2019-08-12,port183,Buenaventura,5,1,36173,0,21889,2159,12124,0,0,0,0,0,0,0
2019-08-13,port183,Buenaventura,2,1,8349,0,0,6472,0,1877,0,0,0,0,0,0
2019-08-14,port183,Buenaventura,4,2,22673,2105,0,7747,0,14926,0,0,1616,0,489,0
2019-08-15,port183,Buenaventura,2,2,3408,12527,0,3408,0,0,0,0,12527,0,0,0
2019-08-16,port183,Buenaventura,5,2,16535,0,8159,8376,0,0,0,0,0,0,0,0
2019-08-17,port183,Buenaventura,2,0,67459,0,67459,0,0,0,0,0,0,0,0,0
2019-08-18,port183,Buenaventura,10,5,151982,5125,109600,27987,0,14394,0,0,5125,0,0,0
2019-08-19,port183,Buenaventura,1,1,0,6185,0,0,0,0,0,0,6185,0,0,0
2019-08-20,port183,Buenaventura,7,2,47413,5580,34657,12246,0,0,508,2908,1616,0,1054,0
2019-08-21,port183,Buenaventura,1,0,4877,0,0,0,0,4877,0,0,0,0,0,0
2019-08-22,port183,Buenaventura,5,4,27015,21762,10993,16021,0,0,0,0,21762,0,0,0
2019-08-23,port183,Buenaventura,5,2,14675,3029,7095,7580,0,0,0,0,1092,1937,0,0
2019-08-24,port183,Buenaventura,2,0,10491,0,9762,0,728,0,0,0,0,0,0,0
2019-08-25,port183,Buenaventura,4,3,8811,1370,0,8811,0,0,0,0,1370,0,0,0
2019-08-26,port183,Buenaventura,7,4,92981,27457,83592,9389,0,0,0,2912,24544,0,0,0
2019-08-27,port183,Buenaventura,1,1,8572,0,0,8572,0,0,0,0,0,0,0,0
2019-08-28,port183,Buenaventura,3,2,49316,2912,20627,28688,0,0,0,2912,0,0,0,0
2019-08-29,port183,Buenaventura,4,2,5483,13658,0,0,0,5483,0,0,13007,0,651,0
2019-08-30,port183,Buenaventura,3,1,10561,0,0,8201,0,0,2359,0,0,0,0,0
2019-08-31,port183,Buenaventura,3,0,19666,0,5147,0,0,14518,0,0,0,0,0,0
2019-09-01,port183,Buenaventura,3,3,8058,2890,0,8058,0,0,0,0,2890,0,0,0
2019-09-02,port183,Buenaventura,7,2,141689,6725,141689,0,0,0,0,779,5945,0,0,0
2019-09-03,port183,Buenaventura,2,0,81821,0,81821,0,0,0,0,0,0,0,0,0
2019-09-04,port183,Buenaventura,4,2,9708,1616,0,9287,0,0,421,0,1616,0,0,0
2019-09-05,port183,Buenaventura,1,1,0,17031,0,0,0,0,0,0,17031,0,0,0
2019-09-06,port183,Buenaventura,2,1,20627,4009,20627,0,0,0,0,2912,1097,0,0,0
2019-09-07,port183,Buenaventura,2,1,14196,0,0,14196,0,0,0,0,0,0,0,0
2019-09-08,port183,Buenaventura,6,3,63432,1616,42880,8979,0,11572,0,0,1616,0,0,0
2019-09-09,port183,Buenaventura,4,2,7052,3226,0,5586,0,1465,0,0,3226,0,0,0
2019-09-10,port183,Buenaventura,3,2,6048,0,0,2151,0,3897,0,0,0,0,0,0
2019-09-11,port183,Buenaventura,3,1,45667,0,21989,4083,0,19594,0,0,0,0,0,0
2019-09-12,port183,Buenaventura,3,1,20627,51155,20627,0,0,0,0,41018,10137,0,0,0
2019-09-13,port183,Buenaventura,5,2,50189,498,28023,17489,0,4676,0,0,0,0,498,0
2019-09-14,port183,Buenaventura,1,1,6342,0,0,6342,0,0,0,0,0,0,0,0
2019-09-15,port183,Buenaventura,5,3,20208,5302,1342,17814,0,1051,0,0,5302,0,0,0
2019-09-16,port183,Buenaventura,3,1,4074,551,0,0,0,4074,0,0,551,0,0,0
2019-09-17,port183,Buenaventura,4,2,42932,0,40737,2194,0,0,0,0,0,0,0,0
2019-09-18,port183,Buenaventura,5,1,49692,22681,33481,11074,2699,2436,0,22681,0,0,0,0
2019-09-19,port183,Buenaventura,1,1,0,3368,0,0,0,0,0,0,3368,0,0,0
2019-09-20,port183,Buenaventura,4,2,57145,3282,39970,6589,10585,0,0,0,3282,0,0,0
2019-09-21,port183,Buenaventura,2,0,10069,66,9082,0,0,0,987,0,0,0,0,66
2019-09-22,port183,Buenaventura,6,4,53698,2628,42093,11604,0,0,0,0,2628,0,0,0
2019-09-23,port183,Buenaventura,4,2,12493,80271,7556,4936,0,0,0,78982,1289,0,0,0
2019-09-24,port183,Buenaventura,3,2,19912,0,0,19912,0,0,0,0,0,0,0,0
2019-09-25,port183,Buenaventura,3,1,16574,606,0,10949,5624,0,0,0,0,606,0,0
2019-09-26,port183,Buenaventura,5,2,32684,10053,1595,14198,4719,12170,0,0,10053,0,0,0
2019-09-27,port183,Buenaventura,2,2,9124,0,0,9124,0,0,0,0,0,0,0,0
2019-09-28,port183,Buenaventura,4,1,68810,2244,68810,0,0,0,0,0,2244,0,0,0
2019-09-29,port183,Buenaventura,3,2,11452,0,2454,8997,0,0,0,0,0,0,0,0
2019-09-30,port183,Buenaventura,5,2,108613,3485,107516,1096,0,0,0,0,3485,0,0,0
2019-10-01,port183,Buenaventura,7,3,75661,1616,45650,30011,0,0,0,0,1616,0,0,0
2019-10-02,port183,Buenaventura,2,2,5424,5440,0,5424,0,0,0,0,5440,0,0,0
2019-10-03,port183,Buenaventura,3,2,5465,21334,0,0,5465,0,0,0,21334,0,0,0
2019-10-04,port183,Buenaventura,2,1,8625,0,5992,2633,0,0,0,0,0,0,0,0
2019-10-05,port183,Buenaventura,0,0,0,0,0,0,0,0,0,0,0,0,0,0
2019-10-06,port183,Buenaventura,5,4,28504,4164,0,28504,0,0,0,0,4164,0,0,0
2019-10-07,port183,Buenaventura,3,2,8276,4175,0,2793,0,5483,0,0,3524,0,651,0
2019-10-08,port183,Buenaventura,7,2,123215,11945,120787,2428,0,0,0,0,11945,0,0,0
2019-10-09,port183,Buenaventura,0,0,0,0,0,0,0,0,0,0,0,0,0,0
2019-10-10,port183,Buenaventura,2,1,19243,16180,0,0,19243,0,0,0,16180,0,0,0
2019-10-11,port183,Buenaventura,4,3,17921,214,0,17921,0,0,0,0,214,0,0,0
2019-10-12,port183,Buenaventura,3,1,57446,1616,51859,5586,0,0,0,0,1616,0,0,0
2019-10-13,port183,Buenaventura,3,3,12865,2274,0,12865,0,0,0,0,2274,0,0,0
2019-10-14,port183,Buenaventura,4,3,22266,386,0,22266,0,0,0,0,386,0,0,0
2019-10-15,port183,Buenaventura,2,2,14265,0,0,14265,0,0,0,0,0,0,0,0
2019-10-16,port183,Buenaventura,4,1,60470,0,56452,0,0,4018,0,0,0,0,0,0
2019-10-17,port183,Buenaventura,3,2,8683,66,0,7696,0,0,987,0,0,0,0,66
2019-10-18,port183,Buenaventura,3,1,35998,3564,20627,9886,0,5483,0,2912,0,0,651,0
2019-10-19,port183,Buenaventura,2,2,13137,0,0,13137,0,0,0,0,0,0,0,0
2019-10-20,port183,Buenaventura,4,3,54014,1359,0,29338,0,24676,0,0,1359,0,0,0
2019-10-21,port183,Buenaventura,4,3,12474,2892,0,12474,0,0,0,0,2892,0,0,0
2019-10-22,port183,Buenaventura,2,1,10147,0,0,9751,0,395,0,0,0,0,0,0
2019-10-23,port183,Buenaventura,1,0,0,0,0,0,0,0,0,0,0,0,0,0
2019-10-24,port183,Buenaventura,2,2,0,14465,0,0,0,0,0,0,14465,0,0,0
2019-10-25,port183,Buenaventura,2,1,46141,1178,46141,0,0,0,0,0,1178,0,0,0
2019-10-26,port183,Buenaventura,2,0,38318,0,0,0,0,35047,3271,0,0,0,0,0
2019-10-27,port183,Buenaventura,7,4,41680,2995,35844,5835,0,0,0,0,2995,0,0,0
2019-10-28,port183,Buenaventura,5,1,55236,0,51670,3299,265,0,0,0,0,0,0,0
2019-10-29,port183,Buenaventura,4,3,62021,1616,0,62021,0,0,0,0,1616,0,0,0
2019-10-30,port183,Buenaventura,5,1,15612,2326,7755,0,3253,4604,0,0,2326,0,0,0
2019-10-31,port183,Buenaventura,2,2,5586,21506,0,5586,0,0,0,0,21506,0,0,0
2019-11-01,port183,Buenaventura,3,1,20175,0,12619,7555,0,0,0,0,0,0,0,0
2019-11-02,port183,Buenaventura,1,1,5586,1616,0,5586,0,0,0,0,1616,0,0,0
2019-11-03,port183,Buenaventura,4,2,21799,1616,11566,6037,4194,0,0,0,1616,0,0,0
2019-11-04,port183,Buenaventura,5,4,39401,322,23119,16282,0,0,0,0,322,0,0,0
2019-11-05,port183,Buenaventura,4,1,25895,9582,20627,0,0,5268,0,2912,6669,0,0,0
2019-11-06,port183,Buenaventura,3,1,55826,606,35005,15195,5624,0,0,0,0,606,0,0
2019-11-07,port183,Buenaventura,3,2,11450,15112,0,11450,0,0,0,0,15112,0,0,0
2019-11-08,port183,Buenaventura,1,0,31882,0,0,0,0,31882,0,0,0,0,0,0
2019-11-09,port183,Buenaventura,5,3,42251,4529,20627,18568,0,3056,0,2912,1616,0,0,0
2019-11-10,port183,Buenaventura,2,1,5586,36262,0,5586,0,0,0,34645,1616,0,0,0
2019-11-11,port183,Buenaventura,3,2,41264,2322,37372,3891,0,0,0,0,2322,0,0,0
2019-11-12,port183,Buenaventura,4,2,100557,0,83348,17208,0,0,0,0,0,0,0,0
2019-11-13,port183,Buenaventura,1,1,5586,1616,0,5586,0,0,0,0,1616,0,0,0
2019-11-14,port183,Buenaventura,3,3,5586,27251,0,5586,0,0,0,0,27251,0,0,0
2019-11-15,port183,Buenaventura,3,1,16366,0,4566,7059,4740,0,0,0,0,0,0,0
2019-11-16,port183,Buenaventura,3,1,17953,0,6491,11462,0,0,0,0,0,0,0,0
2019-11-17,port183,Buenaventura,3,2,45620,2292,28210,17409,0,0,0,0,2292,0,0,0
2019-11-18,port183,Buenaventura,3,2,11596,2572,0,2228,9367,0,0,0,2572,0,0,0
2019-11-19,port183,Buenaventura,2,0,18141,651,12658,0,0,5483,0,0,0,0,651,0
2019-11-20,port183,Buenaventura,4,2,68626,606,49185,13816,5624,0,0,0,0,606,0,0
2019-11-21,port183,Buenaventura,2,1,40537,0,0,26544,13993,0,0,0,0,0,0,0
2019-11-22,port183,Buenaventura,4,2,16850,0,0,14927,0,0,1923,0,0,0,0,0
2019-11-23,port183,Buenaventura,2,1,3928,0,0,456,0,3472,0,0,0,0,0,0
2019-11-24,port183,Buenaventura,5,3,86114,9815,80527,5586,0,0,0,0,9815,0,0,0
2019-11-25,port183,Buenaventura,4,1,987,2393,0,0,0,0,987,0,2326,0,0,66
2019-11-26,port183,Buenaventura,1,1,5421,0,0,5421,0,0,0,0,0,0,0,0
2019-11-27,port183,Buenaventura,2,0,33682,0,33682,0,0,0,0,0,0,0,0,0
2019-11-28,port183,Buenaventura,5,3,30627,16476,0,11321,19306,0,0,0,16476,0,0,0
2019-11-29,port183,Buenaventura,4,1,28780,0,22608,3030,0,3141,0,0,0,0,0,0
2019-11-30,port183,Buenaventura,1,1,5586,1616,0,5586,0,0,0,0,1616,0,0,0
2019-12-01,port183,Buenaventura,4,3,18304,0,0,13831,4472,0,0,0,0,0,0,0
2019-12-02,port183,Buenaventura,3,2,3276,55780,0,3276,0,0,0,53528,2252,0,0,0
2019-12-03,port183,Buenaventura,1,0,1164,0,0,0,0,0,1164,0,0,0,0,0
2019-12-04,port183,Buenaventura,5,3,53892,781,34059,19832,0,0,0,0,781,0,0,0
2019-12-05,port183,Buenaventura,5,1,81262,0,53875,10096,752,16537,0,0,0,0,0,0
2019-12-06,port183,Buenaventura,1,1,4352,0,0,4352,0,0,0,0,0,0,0,0
2019-12-07,port183,Buenaventura,5,3,20500,1616,0,20500,0,0,0,0,1616,0,0,0
2019-12-08,port183,Buenaventura,7,3,78567,51954,33133,44035,0,1398,0,30783,21171,0,0,0
2019-12-09,port183,Buenaventura,4,2,24664,15024,23677,0,0,0,987,0,14957,0,0,66
2019-12-10,port183,Buenaventura,4,2,26214,5631,20627,5586,0,0,0,4015,1616,0,0,0
2019-12-11,port183,Buenaventura,1,1,1241,0,0,1241,0,0,0,0,0,0,0,0
2019-12-12,port183,Buenaventura,2,2,11173,3232,0,11173,0,0,0,0,3232,0,0,0
2019-12-13,port183,Buenaventura,1,1,5586,1616,0,5586,0,0,0,0,1616,0,0,0
2019-12-14,port183,Buenaventura,5,2,84184,6212,72022,11173,0,0,987,2912,3232,0,0,66
2019-12-15,port183,Buenaventura,2,2,9676,0,0,9676,0,0,0,0,0,0,0,0
2019-12-16,port183,Buenaventura,3,2,32658,1616,0,14049,0,18609,0,0,1616,0,0,0
2019-12-17,port183,Buenaventura,2,1,27973,2912,20627,7346,0,0,0,2912,0,0,0,0
2019-12-18,port183,Buenaventura,2,1,6156,1371,6156,0,0,0,0,0,1371,0,0,0
2019-12-19,port183,Buenaventura,2,1,35515,1616,29928,5586,0,0,0,0,1616,0,0,0
2019-12-20,port183,Buenaventura,3,1,50019,4529,44432,5586,0,0,0,2912,1616,0,0,0
2019-12-21,port183,Buenaventura,4,2,12161,3299,0,11173,0,0,987,0,3232,0,0,66
2019-12-22,port183,Buenaventura,2,2,15130,1230,0,15130,0,0,0,0,1230,0,0,0
2019-12-23,port183,Buenaventura,4,2,57897,8411,52310,5586,0,0,0,2912,5498,0,0,0
2019-12-24,port183,Buenaventura,2,2,18933,1616,0,18933,0,0,0,0,1616,0,0,0
2019-12-25,port183,Buenaventura,3,1,25091,1616,0,5586,1793,17711,0,0,1616,0,0,0
2019-12-26,port183,Buenaventura,3,2,7740,12444,0,7740,0,0,0,0,12444,0,0,0
2019-12-27,port183,Buenaventura,1,0,13356,0,13356,0,0,0,0,0,0,0,0,0
2019-12-28,port183,Buenaventura,4,2,39787,905,12100,7582,20104,0,0,0,905,0,0,0
2019-12-29,port183,Buenaventura,3,2,11173,3232,0,11173,0,0,0,0,3232,0,0,0
2019-12-30,port183,Buenaventura,4,2,43849,0,25315,12863,0,5670,0,0,0,0,0,0
2019-12-31,port183,Buenaventura,2,1,21605,0,0,11977,9628,0,0,0,0,0,0,0
2020-01-01,port183,Buenaventura,2,1,10425,0,0,5521,4903,0,0,0,0,0,0,0
2020-01-02,port183,Buenaventura,1,1,0,5691,0,0,0,0,0,0,5691,0,0,0
2020-01-03,port183,Buenaventura,4,2,40996,34707,8208,32788,0,0,0,34707,0,0,0,0
2020-01-04,port183,Buenaventura,2,2,11931,1616,0,11931,0,0,0,0,1616,0,0,0
2020-01-05,port183,Buenaventura,4,3,38920,1616,0,38920,0,0,0,0,1616,0,0,0
2020-01-06,port183,Buenaventura,3,1,52119,666,52119,0,0,0,0,0,666,0,0,0
2020-01-07,port183,Buenaventura,2,1,10088,0,0,7272,0,2816,0,0,0,0,0,0
2020-01-08,port183,Buenaventura,4,1,24685,30530,0,8612,5624,10447,0,29924,0,606,0,0
2020-01-09,port183,Buenaventura,4,3,1135,0,0,1135,0,0,0,0,0,0,0,0
2020-01-10,port183,Buenaventura,3,1,54214,0,45565,8649,0,0,0,0,0,0,0,0
2020-01-11,port183,Buenaventura,4,2,28693,2698,23106,5586,0,0,0,0,2698,0,0,0
2020-01-12,port183,Buenaventura,4,3,26389,1616,10432,15957,0,0,0,0,1616,0,0,0
2020-01-13,port183,Buenaventura,1,0,34219,0,34219,0,0,0,0,0,0,0,0,0
2020-01-14,port183,Buenaventura,3,1,33778,2912,20627,6464,6685,0,0,2912,0,0,0,0
2020-01-15,port183,Buenaventura,0,0,0,0,0,0,0,0,0,0,0,0,0,0
2020-01-16,port183,Buenaventura,2,1,0,4735,0,0,0,0,0,0,4735,0,0,0
2020-01-17,port183,Buenaventura,1,1,8049,0,0,8049,0,0,0,0,0,0,0,0
2020-01-18,port183,Buenaventura,2,1,21249,0,21249,0,0,0,0,0,0,0,0,0
2020-01-19,port183,Buenaventura,4,3,29140,0,0,28121,0,0,1018,0,0,0,0,0
2020-01-20,port183,Buenaventura,4,2,18696,7385,0,12031,5624,1039,0,0,6779,606,0,0
2020-01-21,port183,Buenaventura,2,1,3352,0,0,1108,0,0,2243,0,0,0,0,0
2020-01-22,port183,Buenaventura,2,1,17352,0,7599,9752,0,0,0,0,0,0,0,0
2020-01-23,port183,Buenaventura,3,2,26214,13954,20627,5586,0,0,0,2912,11041,0,0,0
2020-01-24,port183,Buenaventura,3,1,5586,1616,0,5586,0,0,0,0,1616,0,0,0
2020-01-25,port183,Buenaventura,4,2,58604,2222,46126,6853,5624,0,0,0,1616,606,0,0
2020-01-26,port183,Buenaventura,4,3,15413,5023,9826,5586,0,0,0,0,5023,0,0,0
2020-01-27,port183,Buenaventura,5,2,55397,6729,20368,10470,24558,0,0,0,6123,606,0,0
2020-01-28,port183,Buenaventura,3,1,14110,2096,0,8627,0,5483,0,1444,0,0,651,0
2020-01-29,port183,Buenaventura,4,2,56623,3691,49683,5480,1459,0,0,0,3691,0,0,0
2020-01-30,port183,Buenaventura,2,1,9978,651,0,4494,0,5483,0,0,0,0,651,0
2020-01-31,port183,Buenaventura,2,0,26430,651,20946,0,0,5483,0,0,0,0,651,0
2020-02-01,port183,Buenaventura,4,2,36978,0,0,10844,14298,11835,0,0,0,0,0,0
2020-02-02,port183,Buenaventura,5,3,21650,0,0,17746,3904,0,0,0,0,0,0,0
2020-02-03,port183,Buenaventura,5,3,28728,4021,20255,8472,0,0,0,0,4021,0,0,0
2020-02-04,port183,Buenaventura,4,1,14942,0,3713,8669,0,0,2559,0,0,0,0,0
2020-02-05,port183,Buenaventura,2,1,6604,1616,1017,5586,0,0,0,0,1616,0,0,0
2020-02-06,port183,Buenaventura,3,2,5586,2055,0,5586,0,0,0,0,2055,0,0,0
2020-02-07,port183,Buenaventura,3,2,15328,11941,0,11071,0,4257,0,0,11941,0,0,0
2020-02-08,port183,Buenaventura,2,2,59909,0,0,59909,0,0,0,0,0,0,0,0
2020-02-09,port183,Buenaventura,3,1,2743,0,0,2390,0,352,0,0,0,0,0,0
2020-02-10,port183,Buenaventura,5,1,117069,1825,111901,0,0,5167,0,0,1825,0,0,0
2020-02-11,port183,Buenaventura,1,1,9041,0,0,9041,0,0,0,0,0,0,0,0
2020-02-12,port183,Buenaventura,3,1,5896,18994,0,5586,0,309,0,17378,1616,0,0,0
2020-02-13,port183,Buenaventura,6,3,32371,9536,0,20675,0,11182,513,0,9536,0,0,0
2020-02-14,port183,Buenaventura,2,0,22422,0,22422,0,0,0,0,0,0,0,0,0
2020-02-15,port183,Buenaventura,2,2,25212,0,0,25212,0,0,0,0,0,0,0,0
2020-02-16,port183,Buenaventura,3,3,16956,3839,0,16956,0,0,0,0,3839,0,0,0
2020-02-17,port183,Buenaventura,1,1,0,3338,0,0,0,0,0,0,3338,0,0,0
2020-02-18,port183,Buenaventura,1,0,0,0,0,0,0,0,0,0,0,0,0,0
2020-02-19,port183,Buenaventura,3,2,17791,0,0,17791,0,0,0,0,0,0,0,0
2020-02-20,port183,Buenaventura,3,1,60180,0,50199,9981,0,0,0,0,0,0,0,0
2020-02-21,port183,Buenaventura,4,1,50135,66,33911,13241,1995,0,987,0,0,0,0,66
2020-02-22,port183,Buenaventura,5,3,31491,0,3840,24746,2904,0,0,0,0,0,0,0
2020-02-23,port183,Buenaventura,1,1,5586,1616,0,5586,0,0,0,0,1616,0,0,0
2020-02-24,port183,Buenaventura,5,2,91873,5949,84381,7492,0,0,0,2912,3036,0,0,0
2020-02-25,port183,Buenaventura,5,2,39832,26257,27581,12250,0,0,0,26257,0,0,0,0
2020-02-26,port183,Buenaventura,2,0,5080,0,0,0,826,4253,0,0,0,0,0,0
2020-02-27,port183,Buenaventura,0,0,0,0,0,0,0,0,0,0,0,0,0,0
2020-02-28,port183,Buenaventura,2,1,14026,401,0,14026,0,0,0,0,0,0,401,0
2020-02-29,port183,Buenaventura,5,2,38404,0,31209,7194,0,0,0,0,0,0,0,0
2020-03-01,port183,Buenaventura,5,3,81116,0,32053,30204,0,18858,0,0,0,0,0,0
2020-03-02,port183,Buenaventura,3,2,5419,0,3415,2004,0,0,0,0,0,0,0,0
2020-03-03,port183,Buenaventura,2,2,15020,0,0,15020,0,0,0,0,0,0,0,0
2020-03-04,port183,Buenaventura,3,0,9457,66,0,0,2899,5570,987,0,0,0,0,66
2020-03-05,port183,Buenaventura,2,2,0,22223,0,0,0,0,0,0,22223,0,0,0
2020-03-06,port183,Buenaventura,4,2,0,1076,0,0,0,0,0,0,1076,0,0,0
2020-03-07,port183,Buenaventura,4,1,56423,2186,49742,0,0,6680,0,0,2186,0,0,0
2020-03-08,port183,Buenaventura,4,2,25864,2912,20627,3188,0,0,2049,2912,0,0,0,0
2020-03-09,port183,Buenaventura,1,0,0,0,0,0,0,0,0,0,0,0,0,0
2020-03-10,port183,Buenaventura,4,2,32604,1830,32604,0,0,0,0,0,1830,0,0,0
2020-03-11,port183,Buenaventura,1,0,4387,0,4387,0,0,0,0,0,0,0,0,0
2020-03-12,port183,Buenaventura,1,1,0,6669,0,0,0,0,0,0,6669,0,0,0
2020-03-13,port183,Buenaventura,3,1,8203,1094,8203,0,0,0,0,0,1094,0,0,0
2020-03-14,port183,Buenaventura,0,0,0,0,0,0,0,0,0,0,0,0,0,0
2020-03-15,port183,Buenaventura,4,2,38969,1616,28394,10574,0,0,0,0,1616,0,0,0
2020-03-16,port183,Buenaventura,4,3,34726,3964,29139,5586,0,0,0,0,3964,0,0,0
2020-03-17,port183,Buenaventura,2,0,26111,3564,20627,0,0,5483,0,2912,0,0,651,0
2020-03-18,port183,Buenaventura,3,1,22395,0,0,22395,0,0,0,0,0,0,0,0
2020-03-19,port183,Buenaventura,0,0,0,0,0,0,0,0,0,0,0,0,0,0
2020-03-20,port183,Buenaventura,2,1,2484,5668,0,0,2484,0,0,0,5668,0,0,0
2020-03-21,port183,Buenaventura,3,3,21805,2319,0,21805,0,0,0,0,2319,0,0,0
2020-03-22,port183,Buenaventura,3,2,11070,9930,0,5586,0,5483,0,0,9278,0,651,0
2020-03-23,port183,Buenaventura,5,2,69724,3051,59943,8270,1510,0,0,0,3051,0,0,0
2020-03-24,port183,Buenaventura,1,1,4893,0,0,4893,0,0,0,0,0,0,0,0
2020-03-25,port183,Buenaventura,1,1,0,22395,0,0,0,0,0,0,22395,0,0,0
2020-03-26,port183,Buenaventura,3,0,52622,0,50304,0,0,0,2317,0,0,0,0,0
2020-03-27,port183,Buenaventura,4,2,11920,0,0,11920,0,0,0,0,0,0,0,0
2020-03-28,port183,Buenaventura,3,2,11305,0,0,5062,6242,0,0,0,0,0,0,0
2020-03-29,port183,Buenaventura,5,2,79203,0,48723,20083,0,10396,0,0,0,0,0,0
2020-03-30,port183,Buenaventura,3,2,7392,4070,0,7392,0,0,0,0,4035,0,35,0
2020-03-31,port183,Buenaventura,0,0,0,0,0,0,0,0,0,0,0,0,0,0
2020-04-01,port183,Buenaventura,3,1,11635,9868,1632,10003,0,0,0,9868,0,0,0,0
2020-04-02,port183,Buenaventura,3,2,30243,3820,0,10981,0,19262,0,0,3820,0,0,0
2020-04-03,port183,Buenaventura,3,2,8143,2199,0,4519,3623,0,0,0,2199,0,0,0
2020-04-04,port183,Buenaventura,5,2,32255,2912,21077,9663,0,1514,0,2912,0,0,0,0
2020-04-05,port183,Buenaventura,4,2,55984,4832,50397,5586,0,0,0,451,4381,0,0,0
2020-04-06,port183,Buenaventura,2,1,24064,0,0,7385,0,16678,0,0,0,0,0,0
2020-04-07,port183,Buenaventura,3,1,94503,0,87197,7306,0,0,0,0,0,0,0,0
2020-04-08,port183,Buenaventura,5,1,96964,0,87500,7415,0,0,2049,0,0,0,0,0
2020-04-09,port183,Buenaventura,3,2,6829,13589,0,6829,0,0,0,11695,1893,0,0,0
2020-04-10,port183,Buenaventura,1,1,11642,0,0,11642,0,0,0,0,0,0,0,0
2020-04-11,port183,Buenaventura,3,2,34390,3839,34390,0,0,0,0,0,3839,0,0,0
2020-04-12,port183,Buenaventura,1,1,0,3590,0,0,0,0,0,0,3590,0,0,0
2020-04-13,port183,Buenaventura,4,3,23023,1616,0,18008,0,5015,0,0,1616,0,0,0
2020-04-14,port183,Buenaventura,3,3,16707,0,0,16707,0,0,0,0,0,0,0,0
2020-04-15,port183,Buenaventura,1,1,16624,0,0,16624,0,0,0,0,0,0,0,0
2020-04-16,port183,Buenaventura,3,2,3404,6372,0,3404,0,0,0,0,6372,0,0,0
2020-04-17,port183,Buenaventura,2,1,33537,2912,20627,12910,0,0,0,2912,0,0,0,0
2020-04-18,port183,Buenaventura,5,3,30598,1538,25695,3373,0,0,1528,0,1538,0,0,0
2020-04-19,port183,Buenaventura,3,1,35,940,0,0,0,35,0,0,940,0,0,0
2020-04-20,port183,Buenaventura,2,1,42274,1825,42274,0,0,0,0,0,1825,0,0,0
2020-04-21,port183,Buenaventura,1,0,3810,0,3810,0,0,0,0,0,0,0,0,0
2020-04-22,port183,Buenaventura,2,2,10299,0,0,10299,0,0,0,0,0,0,0,0
2020-04-23,port183,Buenaventura,6,3,41911,8541,8047,16152,0,17711,0,0,8541,0,0,0
2020-04-24,port183,Buenaventura,3,1,36164,0,26258,9906,0,0,0,0,0,0,0,0
2020-04-25,port183,Buenaventura,6,2,70575,3232,56490,11173,0,0,2911,0,3232,0,0,0
2020-04-26,port183,Buenaventura,2,2,8107,0,0,8107,0,0,0,0,0,0,0,0
2020-04-27,port183,Buenaventura,2,2,12095,1616,0,12095,0,0,0,0,1616,0,0,0
2020-04-28,port183,Buenaventura,4,1,24286,8709,24286,0,0,0,0,0,8709,0,0,0
2020-04-29,port183,Buenaventura,3,1,38453,0,0,9560,27241,0,1652,0,0,0,0,0
2020-04-30,port183,Buenaventura,3,3,5524,10641,0,5524,0,0,0,0,10641,0,0,0
2020-05-01,port183,Buenaventura,2,1,55400,0,50996,4404,0,0,0,0,0,0,0,0
2020-05-02,port183,Buenaventura,1,1,15321,0,0,15321,0,0,0,0,0,0,0,0
2020-05-03,port183,Buenaventura,5,2,9737,0,0,6334,3402,0,0,0,0,0,0,0
2020-05-04,port183,Buenaventura,2,1,6420,0,0,2440,0,3980,0,0,0,0,0,0
2020-05-05,port183,Buenaventura,3,1,50298,0,50298,0,0,0,0,0,0,0,0,0
2020-05-06,port183,Buenaventura,5,1,64395,25224,61287,2175,0,932,0,25224,0,0,0,0
2020-05-07,port183,Buenaventura,5,2,32538,4639,29782,0,0,2755,0,0,4639,0,0,0
2020-05-08,port183,Buenaventura,2,2,6487,1616,0,6487,0,0,0,0,1616,0,0,0
2020-05-09,port183,Buenaventura,2,1,10795,1616,5208,5586,0,0,0,0,1616,0,0,0
2020-05-10,port183,Buenaventura,4,3,12521,45317,0,12521,0,0,0,40218,5099,0,0,0
2020-05-11,port183,Buenaventura,7,3,56913,4365,56913,0,0,0,0,2912,1452,0,0,0
2020-05-12,port183,Buenaventura,2,0,57889,66,56902,0,0,0,987,0,0,0,0,66
2020-05-13,port183,Buenaventura,3,2,24726,1616,0,11137,0,13589,0,0,1616,0,0,0
2020-05-14,port183,Buenaventura,4,0,73733,0,73733,0,0,0,0,0,0,0,0,0
2020-05-15,port183,Buenaventura,4,1,75764,3226,75764,0,0,0,0,0,3226,0,0,0
2020-05-16,port183,Buenaventura,5,3,8470,3154,2883,5586,0,0,0,0,3154,0,0,0
2020-05-17,port183,Buenaventura,3,2,13610,0,2695,10915,0,0,0,0,0,0,0,0
2020-05-18,port183,Buenaventura,2,2,0,1224,0,0,0,0,0,0,1224,0,0,0
2020-05-19,port183,Buenaventura,2,0,8711,0,8711,0,0,0,0,0,0,0,0,0
2020-05-20,port183,Buenaventura,3,1,32868,0,10526,8849,0,13492,0,0,0,0,0,0
2020-05-21,port183,Buenaventura,2,2,1101,5614,0,1101,0,0,0,0,5614,0,0,0
2020-05-22,port183,Buenaventura,3,2,26880,3359,22434,4445,0,0,0,0,3359,0,0,0
2020-05-23,port183,Buenaventura,1,1,5088,0,0,5088,0,0,0,0,0,0,0,0
2020-05-24,port183,Buenaventura,7,3,91493,10328,69741,21751,0,0,0,10328,0,0,0,0
2020-05-25,port183,Buenaventura,4,2,57314,7870,46102,5586,5624,0,0,0,7264,606,0,0
2020-05-26,port183,Buenaventura,3,1,45455,2912,20627,8597,0,16230,0,2912,0,0,0,0
2020-05-27,port183,Buenaventura,3,1,29968,0,0,13841,0,16126,0,0,0,0,0,0
2020-05-28,port183,Buenaventura,3,2,5815,12173,5815,0,0,0,0,0,12173,0,0,0
2020-05-29,port183,Buenaventura,2,1,29248,2912,20627,8620,0,0,0,2912,0,0,0,0
2020-05-30,port183,Buenaventura,4,2,68954,1616,61205,7749,0,0,0,0,1616,0,0,0
2020-05-31,port183,Buenaventura,4,2,19060,27740,0,8109,0,10950,0,27740,0,0,0,0
2020-06-01,port183,Buenaventura,3,2,31836,2779,31836,0,0,0,0,0,2779,0,0,0
2020-06-02,port183,Buenaventura,2,0,5461,0,4439,0,0,0,1021,0,0,0,0,0
2020-06-03,port183,Buenaventura,2,1,6836,0,4374,2462,0,0,0,0,0,0,0,0
2020-06-04,port183,Buenaventura,4,1,61234,19320,61234,0,0,0,0,16478,2841,0,0,0
2020-06-05,port183,Buenaventura,3,2,22939,0,0,8672,0,14267,0,0,0,0,0,0
2020-06-06,port183,Buenaventura,3,2,6679,1616,0,6679,0,0,0,0,1616,0,0,0
2020-06-07,port183,Buenaventura,4,0,70632,0,68315,0,0,2316,0,0,0,0,0,0
2020-06-08,port183,Buenaventura,4,3,17162,9872,0,15032,0,2129,0,0,9872,0,0,0
2020-06-09,port183,Buenaventura,3,1,34620,0,22484,8512,3623,0,0,0,0,0,0,0
2020-06-10,port183,Buenaventura,1,0,15026,0,15026,0,0,0,0,0,0,0,0,0
2020-06-11,port183,Buenaventura,1,1,0,2808,0,0,0,0,0,0,2808,0,0,0
2020-06-12,port183,Buenaventura,0,0,0,0,0,0,0,0,0,0,0,0,0,0
2020-06-13,port183,Buenaventura,2,2,1527,902,0,1527,0,0,0,0,902,0,0,0
2020-06-14,port183,Buenaventura,4,3,45095,0,0,45095,0,0,0,0,0,0,0,0
2020-06-15,port183,Buenaventura,2,1,5586,2704,0,5586,0,0,0,1087,1616,0,0,0
2020-06-16,port183,Buenaventura,1,1,3348,0,0,3348,0,0,0,0,0,0,0,0
2020-06-17,port183,Buenaventura,4,1,27338,19468,13508,13829,0,0,0,19468,0,0,0,0
2020-06-18,port183,Buenaventura,6,2,116005,0,93777,12578,9649,0,0,0,0,0,0,0
2020-06-19,port183,Buenaventura,3,0,8731,35269,0,0,3247,5483,0,34618,0,0,651,0
2020-06-20,port183,Buenaventura,3,2,30499,0,28267,2232,0,0,0,0,0,0,0,0
2020-06-21,port183,Buenaventura,3,3,9541,0,0,9541,0,0,0,0,0,0,0,0
2020-06-22,port183,Buenaventura,3,1,46632,11331,44048,0,0,0,2584,0,11331,0,0,0
2020-06-23,port183,Buenaventura,1,1,6973,0,0,6973,0,0,0,0,0,0,0,0
2020-06-24,port183,Buenaventura,0,0,0,0,0,0,0,0,0,0,0,0,0,0
2020-06-25,port183,Buenaventura,2,1,0,23180,0,0,0,0,0,0,12410,10770,0,0
2020-06-26,port183,Buenaventura,4,3,26945,2783,0,8222,0,18723,0,0,2783,0,0,0
2020-06-27,port183,Buenaventura,0,0,0,0,0,0,0,0,0,0,0,0,0,0
2020-06-28,port183,Buenaventura,2,2,1089,1122,0,1089,0,0,0,0,1122,0,0,0
2020-06-29,port183,Buenaventura,2,1,18508,1616,0,5586,12921,0,0,0,1616,0,0,0
2020-06-30,port183,Buenaventura,2,1,25355,1458,25355,0,0,0,0,0,1458,0,0,0
2020-07-01,port183,Buenaventura,0,0,0,0,0,0,0,0,0,0,0,0,0,0
2020-07-02,port183,Buenaventura,3,1,7222,8286,7222,0,0,0,0,0,8286,0,0,0
2020-07-03,port183,Buenaventura,5,1,71444,0,66053,5391,0,0,0,0,0,0,0,0
2020-07-04,port183,Buenaventura,4,3,14084,0,0,11436,0,0,2647,0,0,0,0,0
2020-07-05,port183,Buenaventura,3,1,26297,2912,20627,3639,0,0,2030,2912,0,0,0,0
2020-07-06,port183,Buenaventura,4,2,8265,7141,0,7278,0,0,987,0,7075,0,0,66
2020-07-07,port183,Buenaventura,2,1,7659,0,0,3317,0,4342,0,0,0,0,0,0
2020-07-08,port183,Buenaventura,1,1,6924,0,0,6924,0,0,0,0,0,0,0,0
2020-07-09,port183,Buenaventura,4,1,8838,0,0,1141,7697,0,0,0,0,0,0,0
2020-07-10,port183,Buenaventura,1,1,6650,0,0,6650,0,0,0,0,0,0,0,0
2020-07-11,port183,Buenaventura,1,0,0,0,0,0,0,0,0,0,0,0,0,0
2020-07-12,port183,Buenaventura,6,5,19276,7584,0,12304,0,6972,0,0,7584,0,0,0
2020-07-13,port183,Buenaventura,2,1,10400,4750,10400,0,0,0,0,0,4750,0,0,0
2020-07-14,port183,Buenaventura,3,2,21319,0,0,21319,0,0,0,0,0,0,0,0
2020-07-15,port183,Buenaventura,1,0,0,0,0,0,0,0,0,0,0,0,0,0
2020-07-16,port183,Buenaventura,4,4,11003,13494,0,11003,0,0,0,0,13494,0,0,0
2020-07-17,port183,Buenaventura,1,1,3604,0,0,3604,0,0,0,0,0,0,0,0
2020-07-18,port183,Buenaventura,3,2,48452,1116,47368,1083,0,0,0,0,1116,0,0,0
2020-07-19,port183,Buenaventura,3,1,12575,0,7494,4309,0,770,0,0,0,0,0,0
2020-07-20,port183,Buenaventura,4,2,28721,9310,20627,7742,0,351,0,2912,6397,0,0,0
2020-07-21,port183,Buenaventura,2,1,40635,0,25153,15481,0,0,0,0,0,0,0,0
2020-07-22,port183,Buenaventura,0,0,0,0,0,0,0,0,0,0,0,0,0,0
2020-07-23,port183,Buenaventura,2,2,0,15203,0,0,0,0,0,0,15203,0,0,0
2020-07-24,port183,Buenaventura,1,1,7576,0,0,7576,0,0,0,0,0,0,0,0
2020-07-25,port183,Buenaventura,0,0,0,0,0,0,0,0,0,0,0,0,0,0
2020-07-26,port183,Buenaventura,4,3,14159,6332,0,13708,450,0,0,0,6332,0,0,0
2020-07-27,port183,Buenaventura,5,3,38285,31985,20627,17657,0,0,0,23799,8185,0,0,0
2020-07-28,port183,Buenaventura,2,1,4857,0,2413,2444,0,0,0,0,0,0,0,0
2020-07-29,port183,Buenaventura,3,1,31594,0,7160,12355,12078,0,0,0,0,0,0,0
2020-07-30,port183,Buenaventura,3,1,4793,585,0,918,0,3875,0,0,0,0,0,585
2020-07-31,port183,Buenaventura,2,2,9932,1616,0,9932,0,0,0,0,1616,0,0,0
2020-08-01,port183,Buenaventura,5,1,24555,0,0,0,16852,7702,0,0,0,0,0,0
2020-08-02,port183,Buenaventura,5,3,87646,1264,80715,6931,0,0,0,0,1264,0,0,0
2020-08-03,port183,Buenaventura,4,2,39451,2844,0,13606,0,25251,593,0,2844,0,0,0
2020-08-04,port183,Buenaventura,4,1,40281,0,31394,8887,0,0,0,0,0,0,0,0
2020-08-05,port183,Buenaventura,2,1,0,6908,0,0,0,0,0,0,5583,1324,0,0
2020-08-06,port183,Buenaventura,2,2,0,19438,0,0,0,0,0,0,19438,0,0,0
2020-08-07,port183,Buenaventura,1,1,10845,0,0,10845,0,0,0,0,0,0,0,0
2020-08-08,port183,Buenaventura,5,3,9794,24346,0,9794,0,0,0,24346,0,0,0,0
2020-08-09,port183,Buenaventura,3,2,13449,5092,0,13449,0,0,0,0,0,0,5092,0
2020-08-10,port183,Buenaventura,3,2,9813,6107,0,9813,0,0,0,0,6107,0,0,0
2020-08-11,port183,Buenaventura,2,1,41455,0,29154,12300,0,0,0,0,0,0,0,0
2020-08-12,port183,Buenaventura,1,0,12820,0,12820,0,0,0,0,0,0,0,0,0
2020-08-13,port183,Buenaventura,5,4,23768,28751,0,23768,0,0,0,27134,1616,0,0,0
2020-08-14,port183,Buenaventura,2,1,36374,0,32776,3597,0,0,0,0,0,0,0,0
2020-08-15,port183,Buenaventura,3,1,35285,2912,34169,1116,0,0,0,2912,0,0,0,0
2020-08-16,port183,Buenaventura,3,2,11750,30865,0,11750,0,0,0,30865,0,0,0,0
2020-08-17,port183,Buenaventura,1,1,5586,1616,0,5586,0,0,0,0,1616,0,0,0
2020-08-18,port183,Buenaventura,2,2,17907,0,0,17907,0,0,0,0,0,0,0,0
2020-08-19,port183,Buenaventura,0,0,0,0,0,0,0,0,0,0,0,0,0,0
2020-08-20,port183,Buenaventura,2,2,0,25522,0,0,0,0,0,0,25522,0,0,0
2020-08-21,port183,Buenaventura,2,1,26238,0,25337,900,0,0,0,0,0,0,0,0
2020-08-22,port183,Buenaventura,5,2,102229,1616,79070,22537,0,621,0,0,1616,0,0,0
2020-08-23,port183,Buenaventura,3,2,18820,0,0,18820,0,0,0,0,0,0,0,0
2020-08-24,port183,Buenaventura,6,2,82315,13057,66096,5586,10631,0,0,0,12499,0,0,558
2020-08-25,port183,Buenaventura,3,1,26449,0,14613,9712,2123,0,0,0,0,0,0,0
2020-08-26,port183,Buenaventura,0,0,0,0,0,0,0,0,0,0,0,0,0,0
2020-08-27,port183,Buenaventura,2,2,6977,1616,0,6977,0,0,0,0,1616,0,0,0
2020-08-28,port183,Buenaventura,1,0,2281,0,0,0,0,0,2281,0,0,0,0,0
2020-08-29,port183,Buenaventura,2,1,21589,0,11512,10077,0,0,0,0,0,0,0,0
2020-08-30,port183,Buenaventura,4,3,11173,6475,0,11173,0,0,0,0,6475,0,0,0
2020-08-31,port183,Buenaventura,4,1,105214,7660,105214,0,0,0,0,2912,4747,0,0,0
2020-09-01,port183,Buenaventura,5,2,42791,6790,16865,21162,4763,0,0,0,0,6790,0,0
2020-09-02,port183,Buenaventura,2,1,2483,0,0,2483,0,0,0,0,0,0,0,0
2020-09-03,port183,Buenaventura,3,2,3408,14875,3408,0,0,0,0,0,14875,0,0,0
2020-09-04,port183,Buenaventura,2,0,55083,0,55083,0,0,0,0,0,0,0,0,0
2020-09-05,port183,Buenaventura,3,1,48477,1616,40676,5586,0,0,2214,0,1616,0,0,0
2020-09-06,port183,Buenaventura,4,3,6585,0,0,6073,0,0,511,0,0,0,0,0
2020-09-07,port183,Buenaventura,1,1,0,2039,0,0,0,0,0,0,2039,0,0,0
2020-09-08,port183,Buenaventura,0,0,0,0,0,0,0,0,0,0,0,0,0,0
2020-09-09,port183,Buenaventura,1,0,6338,0,6338,0,0,0,0,0,0,0,0,0
2020-09-10,port183,Buenaventura,2,2,2188,10859,0,2188,0,0,0,0,10859,0,0,0
2020-09-11,port183,Buenaventura,4,2,30991,2910,10235,20755,0,0,0,1294,1616,0,0,0
2020-09-12,port183,Buenaventura,4,2,31695,54339,4024,27671,0,0,0,54339,0,0,0,0
2020-09-13,port183,Buenaventura,4,3,15985,651,0,10501,0,5483,0,0,0,0,651,0
2020-09-14,port183,Buenaventura,5,2,23671,36058,18084,5586,0,0,0,28367,7690,0,0,0
2020-09-15,port183,Buenaventura,2,1,34215,1616,28628,5586,0,0,0,0,1616,0,0,0
2020-09-16,port183,Buenaventura,2,0,4619,0,0,0,3599,0,1020,0,0,0,0,0
2020-09-17,port183,Buenaventura,6,3,88059,3380,58046,24528,0,5483,0,0,2728,0,651,0
2020-09-18,port183,Buenaventura,2,0,53171,2912,53171,0,0,0,0,2912,0,0,0,0
2020-09-19,port183,Buenaventura,2,2,14421,1616,0,14421,0,0,0,0,1616,0,0,0
2020-09-20,port183,Buenaventura,4,1,29032,29241,23445,5586,0,0,0,27187,1616,437,0,0
2020-09-21,port183,Buenaventura,5,4,17558,14778,0,17558,0,0,0,0,14778,0,0,0
2020-09-22,port183,Buenaventura,3,2,7699,0,0,7699,0,0,0,0,0,0,0,0
2020-09-23,port183,Buenaventura,2,1,43145,0,23212,19933,0,0,0,0,0,0,0,0
2020-09-24,port183,Buenaventura,1,1,0,14157,0,0,0,0,0,0,14157,0,0,0
2020-09-25,port183,Buenaventura,1,0,19389,0,19389,0,0,0,0,0,0,0,0,0
2020-09-26,port183,Buenaventura,0,0,0,0,0,0,0,0,0,0,0,0,0,0
2020-09-27,port183,Buenaventura,4,3,14216,10531,0,11809,0,2406,0,0,10531,0,0,0
2020-09-28,port183,Buenaventura,4,1,19468,26233,0,868,0,18599,0,26233,0,0,0,0
2020-09-29,port183,Buenaventura,4,2,56986,954,43818,13167,0,0,0,0,954,0,0,0
2020-09-30,port183,Buenaventura,5,1,97778,0,79471,3625,14681,0,0,0,0,0,0,0
2020-10-01,port183,Buenaventura,2,1,987,9614,0,0,0,0,987,0,9547,0,0,66
2020-10-02,port183,Buenaventura,4,1,61793,1616,56206,5586,0,0,0,0,1616,0,0,0
2020-10-03,port183,Buenaventura,2,2,5513,1078,0,5513,0,0,0,0,1078,0,0,0
2020-10-04,port183,Buenaventura,5,4,66254,3232,25467,40786,0,0,0,0,3232,0,0,0
2020-10-05,port183,Buenaventura,4,4,46946,8066,0,46946,0,0,0,0,8066,0,0,0
2020-10-06,port183,Buenaventura,2,2,0,7376,0,0,0,0,0,0,7376,0,0,0
2020-10-07,port183,Buenaventura,1,0,1687,0,0,0,0,0,1687,0,0,0,0,0
2020-10-08,port183,Buenaventura,3,0,38414,56105,38414,0,0,0,0,56105,0,0,0,0
2020-10-09,port183,Buenaventura,2,0,45648,66,44661,0,0,0,987,0,0,0,0,66
2020-10-10,port183,Buenaventura,4,2,20298,3927,0,13295,1519,5483,0,0,3276,0,651,0
2020-10-11,port183,Buenaventura,4,2,11070,2268,0,5586,0,5483,0,0,1616,0,651,0
2020-10-12,port183,Buenaventura,2,2,11022,10825,0,11022,0,0,0,0,10825,0,0,0
2020-10-13,port183,Buenaventura,7,5,25889,331,0,24010,0,1285,593,0,331,0,0,0
2020-10-14,port183,Buenaventura,2,1,19300,651,0,13816,0,5483,0,0,0,0,651,0
2020-10-15,port183,Buenaventura,4,3,7198,14386,6294,904,0,0,0,0,14386,0,0,0
2020-10-16,port183,Buenaventura,2,0,4029,0,4029,0,0,0,0,0,0,0,0,0
2020-10-17,port183,Buenaventura,2,2,10172,0,0,10172,0,0,0,0,0,0,0,0
2020-10-18,port183,Buenaventura,4,2,13986,5099,7711,6274,0,0,0,0,5099,0,0,0
2020-10-19,port183,Buenaventura,3,3,13171,5436,0,13171,0,0,0,0,5436,0,0,0
2020-10-20,port183,Buenaventura,3,1,43696,1616,23715,5586,0,14394,0,0,1616,0,0,0
2020-10-21,port183,Buenaventura,2,0,2444,0,1934,0,0,0,510,0,0,0,0,0
2020-10-22,port183,Buenaventura,1,0,59084,0,59084,0,0,0,0,0,0,0,0,0
2020-10-23,port183,Buenaventura,2,2,15450,2742,0,15450,0,0,0,0,2742,0,0,0
2020-10-24,port183,Buenaventura,2,2,10988,1616,0,10988,0,0,0,0,1616,0,0,0
2020-10-25,port183,Buenaventura,4,3,12838,1616,0,8074,4763,0,0,0,1616,0,0,0
2020-10-26,port183,Buenaventura,2,1,5186,13530,5186,0,0,0,0,0,13530,0,0,0
2020-10-27,port183,Buenaventura,4,3,12629,2251,0,9761,0,2868,0,0,2251,0,0,0
2020-10-28,port183,Buenaventura,1,0,6314,0,0,0,6314,0,0,0,0,0,0,0
2020-10-29,port183,Buenaventura,7,3,51628,31966,30592,14226,0,6809,0,0,9719,1305,20941,0
2020-10-30,port183,Buenaventura,5,1,84328,18155,84328,0,0,0,0,12735,5420,0,0,0
2020-10-31,port183,Buenaventura,2,1,37680,1616,32093,5586,0,0,0,0,1616,0,0,0
2020-11-01,port183,Buenaventura,3,2,2499,22135,0,2499,0,0,0,8880,13254,0,0,0
2020-11-02,port183,Buenaventura,3,3,14838,10198,0,14838,0,0,0,0,10198,0,0,0
2020-11-03,port183,Buenaventura,3,1,49505,0,29173,17458,0,2873,0,0,0,0,0,0
2020-11-04,port183,Buenaventura,4,2,72706,1323,64538,8168,0,0,0,0,1323,0,0,0
2020-11-05,port183,Buenaventura,4,2,24717,8395,0,3241,0,18618,2857,0,8395,0,0,0
2020-11-06,port183,Buenaventura,4,2,42506,208,33104,9402,0,0,0,0,0,208,0,0
2020-11-07,port183,Buenaventura,1,1,0,1865,0,0,0,0,0,0,1865,0,0,0
2020-11-08,port183,Buenaventura,4,2,17331,651,0,10602,0,6729,0,0,0,0,651,0
2020-11-09,port183,Buenaventura,3,2,8242,11267,0,8242,0,0,0,0,8069,0,0,3198
2020-11-10,port183,Buenaventura,2,2,18356,2553,0,18356,0,0,0,0,2553,0,0,0
2020-11-11,port183,Buenaventura,1,1,2478,0,0,2478,0,0,0,0,0,0,0,0
2020-11-12,port183,Buenaventura,2,2,4403,0,0,4403,0,0,0,0,0,0,0,0
2020-11-13,port183,Buenaventura,0,0,0,0,0,0,0,0,0,0,0,0,0,0
2020-11-14,port183,Buenaventura,2,2,1150,13090,0,1150,0,0,0,0,13090,0,0,0
2020-11-15,port183,Buenaventura,5,4,35471,2362,14741,20730,0,0,0,0,2362,0,0,0
2020-11-16,port183,Buenaventura,4,2,23005,6719,583,16796,5624,0,0,0,6113,606,0,0
2020-11-17,port183,Buenaventura,2,0,1963,0,1452,0,0,0,510,0,0,0,0,0
2020-11-18,port183,Buenaventura,3,2,34601,5649,34601,0,0,0,0,0,5649,0,0,0
2020-11-19,port183,Buenaventura,4,3,72222,9194,58562,13659,0,0,0,0,9194,0,0,0
2020-11-20,port183,Buenaventura,1,0,7790,0,0,0,7790,0,0,0,0,0,0,0
2020-11-21,port183,Buenaventura,4,2,91347,2912,73245,18102,0,0,0,2912,0,0,0,0
2020-11-22,port183,Buenaventura,3,3,11997,2842,0,11997,0,0,0,0,2842,0,0,0
2020-11-23,port183,Buenaventura,2,1,5212,12165,5212,0,0,0,0,0,12165,0,0,0
2020-11-24,port183,Buenaventura,4,1,50872,1982,33533,0,16938,401,0,0,1982,0,0,0
2020-11-25,port183,Buenaventura,2,2,21893,0,0,21893,0,0,0,0,0,0,0,0
2020-11-26,port183,Buenaventura,3,2,8379,1616,0,7868,0,0,510,0,1616,0,0,0
2020-11-27,port183,Buenaventura,1,1,25557,0,0,25557,0,0,0,0,0,0,0,0
2020-11-28,port183,Buenaventura,4,2,56031,3323,50439,5592,0,0,0,0,3323,0,0,0
2020-11-29,port183,Buenaventura,4,2,3960,32590,2881,1078,0,0,0,31313,1277,0,0,0
2020-11-30,port183,Buenaventura,4,2,27737,8753,0,16479,5624,5633,0,0,8147,606,0,0
2020-12-01,port183,Buenaventura,2,0,39194,2912,20627,0,0,18566,0,2912,0,0,0,0
2020-12-02,port183,Buenaventura,3,2,56631,1103,54150,2480,0,0,0,0,1103,0,0,0
2020-12-03,port183,Buenaventura,3,1,12461,10171,12461,0,0,0,0,0,10171,0,0,0
2020-12-04,port183,Buenaventura,2,0,35669,0,35669,0,0,0,0,0,0,0,0,0
2020-12-05,port183,Buenaventura,3,3,14181,0,0,14181,0,0,0,0,0,0,0,0
2020-12-06,port183,Buenaventura,4,2,27383,0,0,22911,4472,0,0,0,0,0,0,0
2020-12-07,port183,Buenaventura,4,2,40434,12212,33307,7127,0,0,0,0,12212,0,0,0
2020-12-08,port183,Buenaventura,3,2,26919,0,0,25704,1214,0,0,0,0,0,0,0
2020-12-09,port183,Buenaventura,3,2,21878,1616,0,11136,0,10741,0,0,1616,0,0,0
2020-12-10,port183,Buenaventura,3,2,5728,10909,1166,4562,0,0,0,0,10909,0,0,0
2020-12-11,port183,Buenaventura,2,0,20784,0,14897,0,0,5887,0,0,0,0,0,0
2020-12-12,port183,Buenaventura,4,2,65253,0,57457,7796,0,0,0,0,0,0,0,0
2020-12-13,port183,Buenaventura,4,2,42633,1616,21385,21248,0,0,0,0,1616,0,0,0
2020-12-14,port183,Buenaventura,3,2,15370,4057,0,11633,3737,0,0,0,4057,0,0,0
2020-12-15,port183,Buenaventura,0,0,0,0,0,0,0,0,0,0,0,0,0,0
2020-12-16,port183,Buenaventura,5,3,19578,20037,0,5586,0,13478,512,0,20037,0,0,0
2020-12-17,port183,Buenaventura,5,3,33832,14683,13236,19609,0,0,987,0,14616,0,0,66
2020-12-18,port183,Buenaventura,0,0,0,0,0,0,0,0,0,0,0,0,0,0
2020-12-19,port183,Buenaventura,6,3,21253,9399,0,4067,0,17185,0,0,4926,4472,0,0
2020-12-20,port183,Buenaventura,2,1,36138,0,33989,2148,0,0,0,0,0,0,0,0
2020-12-21,port183,Buenaventura,4,1,4458,9508,3402,0,0,1056,0,0,9508,0,0,0
2020-12-22,port183,Buenaventura,4,2,41621,0,24819,16801,0,0,0,0,0,0,0,0
2020-12-23,port183,Buenaventura,4,2,38172,0,25663,9168,0,0,3339,0,0,0,0,0
2020-12-24,port183,Buenaventura,3,3,15864,21095,0,15864,0,0,0,0,21095,0,0,0
2020-12-25,port183,Buenaventura,0,0,0,0,0,0,0,0,0,0,0,0,0,0
2020-12-26,port183,Buenaventura,6,2,61593,17817,48468,3314,9810,0,0,15641,2175,0,0,0
2020-12-27,port183,Buenaventura,3,2,25179,1616,0,20994,4184,0,0,0,1616,0,0,0
2020-12-28,port183,Buenaventura,6,1,21649,9675,21649,0,0,0,0,4901,4773,0,0,0
2020-12-29,port183,Buenaventura,2,1,22838,0,10423,12414,0,0,0,0,0,0,0,0
2020-12-30,port183,Buenaventura,3,2,5647,12070,0,5647,0,0,0,0,2798,0,9272,0
2020-12-31,port183,Buenaventura,2,1,0,1537,0,0,0,0,0,0,1084,0,453,0
2021-01-01,port183,Buenaventura,3,1,22621,1083,21407,1213,0,0,0,0,0,0,1083,0
2021-01-02,port183,Buenaventura,4,3,53371,3232,33127,20243,0,0,0,0,3232,0,0,0
2021-01-03,port183,Buenaventura,2,1,19007,0,14674,4333,0,0,0,0,0,0,0,0
2021-01-04,port183,Buenaventura,2,2,5586,4306,0,5586,0,0,0,0,4306,0,0,0
2021-01-05,port183,Buenaventura,2,1,52452,2967,52452,0,0,0,0,0,2967,0,0,0
2021-01-06,port183,Buenaventura,2,0,30910,2912,30910,0,0,0,0,2912,0,0,0,0
2021-01-07,port183,Buenaventura,2,2,5586,2533,0,5586,0,0,0,0,2533,0,0,0
2021-01-08,port183,Buenaventura,4,1,17619,28972,11893,4945,0,780,0,28972,0,0,0,0
2021-01-09,port183,Buenaventura,2,1,52747,0,29209,23538,0,0,0,0,0,0,0,0
2021-01-10,port183,Buenaventura,4,3,15793,36160,0,15793,0,0,0,30341,5819,0,0,0
2021-01-11,port183,Buenaventura,5,3,104201,2035,83216,20984,0,0,0,0,2035,0,0,0
2021-01-12,port183,Buenaventura,4,2,8033,1616,0,5905,0,2127,0,0,1616,0,0,0
2021-01-13,port183,Buenaventura,1,0,0,0,0,0,0,0,0,0,0,0,0,0
2021-01-14,port183,Buenaventura,4,1,65743,17808,65743,0,0,0,0,0,17808,0,0,0
2021-01-15,port183,Buenaventura,2,0,4472,0,0,0,4472,0,0,0,0,0,0,0
2021-01-16,port183,Buenaventura,0,0,0,0,0,0,0,0,0,0,0,0,0,0
2021-01-17,port183,Buenaventura,6,3,66053,2168,51845,8823,4998,386,0,0,2168,0,0,0
2021-01-18,port183,Buenaventura,3,3,11248,11304,0,11248,0,0,0,0,11304,0,0,0
2021-01-19,port183,Buenaventura,3,0,30328,0,30328,0,0,0,0,0,0,0,0,0
2021-01-20,port183,Buenaventura,0,0,0,0,0,0,0,0,0,0,0,0,0,0
2021-01-21,port183,Buenaventura,3,2,3633,8894,0,0,3633,0,0,0,8894,0,0,0
2021-01-22,port183,Buenaventura,1,1,5586,1616,0,5586,0,0,0,0,1616,0,0,0
2021-01-23,port183,Buenaventura,3,2,63229,1616,41360,21868,0,0,0,0,1616,0,0,0
2021-01-24,port183,Buenaventura,6,3,83616,0,31950,51306,0,358,0,0,0,0,0,0
2021-01-25,port183,Buenaventura,2,2,0,13859,0,0,0,0,0,0,13859,0,0,0
2021-01-26,port183,Buenaventura,2,1,13687,0,0,13687,0,0,0,0,0,0,0,0
2021-01-27,port183,Buenaventura,4,3,32326,1321,0,32326,0,0,0,0,1321,0,0,0
2021-01-28,port183,Buenaventura,1,0,50980,0,50980,0,0,0,0,0,0,0,0,0
2021-01-29,port183,Buenaventura,3,0,3377,0,0,0,0,0,3377,0,0,0,0,0
2021-01-30,port183,Buenaventura,7,3,52632,2566,13004,35955,3058,613,0,0,2566,0,0,0
2021-01-31,port183,Buenaventura,5,2,66891,56216,49757,17134,0,0,0,56216,0,0,0,0
2021-02-01,port183,Buenaventura,4,2,74267,4275,72721,1545,0,0,0,2912,1362,0,0,0
2021-02-02,port183,Buenaventura,2,2,0,11953,0,0,0,0,0,0,11953,0,0,0
2021-02-03,port183,Buenaventura,3,2,43429,1616,34835,8593,0,0,0,0,1616,0,0,0
2021-02-04,port183,Buenaventura,4,2,21156,8842,21156,0,0,0,0,2912,5929,0,0,0
2021-02-05,port183,Buenaventura,3,1,1367,4086,0,0,1367,0,0,0,4086,0,0,0
2021-02-06,port183,Buenaventura,2,2,11126,1616,0,11126,0,0,0,0,1616,0,0,0
2021-02-07,port183,Buenaventura,6,3,40406,2563,17243,18851,0,1829,2481,0,2563,0,0,0
2021-02-08,port183,Buenaventura,5,2,38700,14274,21680,0,1208,15811,0,0,14274,0,0,0
2021-02-09,port183,Buenaventura,2,1,46711,0,30232,16479,0,0,0,0,0,0,0,0
2021-02-10,port183,Buenaventura,4,3,32175,1616,21197,10977,0,0,0,0,1616,0,0,0
2021-02-11,port183,Buenaventura,2,1,12765,4474,12765,0,0,0,0,0,4474,0,0,0
2021-02-12,port183,Buenaventura,3,0,27501,0,15208,0,12293,0,0,0,0,0,0,0
2021-02-13,port183,Buenaventura,3,1,8658,13134,0,0,7533,0,1124,0,13134,0,0,0
2021-02-14,port183,Buenaventura,5,3,33365,0,11969,21396,0,0,0,0,0,0,0,0
2021-02-15,port183,Buenaventura,5,2,31385,17430,20627,10758,0,0,0,2912,4756,9760,0,0
2021-02-16,port183,Buenaventura,3,2,5586,2578,0,5586,0,0,0,0,2578,0,0,0
2021-02-17,port183,Buenaventura,0,0,0,0,0,0,0,0,0,0,0,0,0,0
2021-02-18,port183,Buenaventura,5,3,65558,13947,59498,6060,0,0,0,2912,11034,0,0,0
2021-02-19,port183,Buenaventura,1,1,11334,0,0,11334,0,0,0,0,0,0,0,0
2021-02-20,port183,Buenaventura,3,1,36472,75626,0,18415,0,18056,0,75626,0,0,0,0
2021-02-21,port183,Buenaventura,4,2,23327,498,0,16078,2572,4676,0,0,0,0,498,0
2021-02-22,port183,Buenaventura,2,1,12202,674,12202,0,0,0,0,0,674,0,0,0
2021-02-23,port183,Buenaventura,3,3,42790,1616,0,42790,0,0,0,0,1616,0,0,0
2021-02-24,port183,Buenaventura,1,1,10311,0,0,10311,0,0,0,0,0,0,0,0
2021-02-25,port183,Buenaventura,4,3,7996,8766,0,7996,0,0,0,0,8766,0,0,0
2021-02-26,port183,Buenaventura,1,0,2044,0,0,0,0,0,2044,0,0,0,0,0
2021-02-27,port183,Buenaventura,4,2,33995,0,22766,11109,0,119,0,0,0,0,0,0
2021-02-28,port183,Buenaventura,4,2,49656,0,43419,6236,0,0,0,0,0,0,0,0
2021-03-01,port183,Buenaventura,3,1,30315,1616,24728,5586,0,0,0,0,1616,0,0,0
2021-03-02,port183,Buenaventura,5,2,26262,70896,23179,3082,0,0,0,55309,15586,0,0,0
2021-03-03,port183,Buenaventura,5,2,55068,0,11251,35279,8536,0,0,0,0,0,0,0
2021-03-04,port183,Buenaventura,5,1,86539,0,69726,1224,0,15588,0,0,0,0,0,0
2021-03-05,port183,Buenaventura,1,0,49544,0,49544,0,0,0,0,0,0,0,0,0
2021-03-06,port183,Buenaventura,5,2,68954,0,22344,20143,14779,11687,0,0,0,0,0,0
2021-03-07,port183,Buenaventura,2,1,23495,0,22425,1070,0,0,0,0,0,0,0,0
2021-03-08,port183,Buenaventura,4,2,56580,8436,50620,5586,0,0,373,0,8436,0,0,0
2021-03-09,port183,Buenaventura,3,1,16873,0,6377,7774,2721,0,0,0,0,0,0,0
2021-03-10,port183,Buenaventura,3,3,19062,1266,0,19062,0,0,0,0,1266,0,0,0
2021-03-11,port183,Buenaventura,4,2,5586,8924,0,5586,0,0,0,0,8009,0,915,0
2021-03-12,port183,Buenaventura,2,1,9443,0,483,8960,0,0,0,0,0,0,0,0
2021-03-13,port183,Buenaventura,3,2,27429,18828,26151,1277,0,0,0,0,18828,0,0,0
2021-03-14,port183,Buenaventura,2,1,5007,0,0,5007,0,0,0,0,0,0,0,0
2021-03-15,port183,Buenaventura,3,2,31939,6660,31939,0,0,0,0,0,6660,0,0,0
2021-03-16,port183,Buenaventura,4,3,4633,0,0,4633,0,0,0,0,0,0,0,0
2021-03-17,port183,Buenaventura,4,2,68439,1045,66233,2206,0,0,0,406,639,0,0,0
2021-03-18,port183,Buenaventura,3,3,3040,7616,0,3040,0,0,0,0,7616,0,0,0
2021-03-19,port183,Buenaventura,0,0,0,0,0,0,0,0,0,0,0,0,0,0
2021-03-20,port183,Buenaventura,4,3,23581,24288,6750,16830,0,0,0,0,24288,0,0,0
2021-03-21,port183,Buenaventura,5,2,66652,483,49757,14176,2718,0,0,483,0,0,0,0
2021-03-22,port183,Buenaventura,1,1,681,0,0,681,0,0,0,0,0,0,0,0
2021-03-23,port183,Buenaventura,3,2,23045,2148,0,23045,0,0,0,532,1616,0,0,0
2021-03-24,port183,Buenaventura,4,3,24305,13565,18000,6305,0,0,0,0,13565,0,0,0
2021-03-25,port183,Buenaventura,0,0,0,0,0,0,0,0,0,0,0,0,0,0
2021-03-26,port183,Buenaventura,2,0,20786,0,16045,0,4740,0,0,0,0,0,0,0
2021-03-27,port183,Buenaventura,8,3,68288,16460,55074,10851,0,0,2363,2912,13547,0,0,0
2021-03-28,port183,Buenaventura,2,2,11173,3232,0,11173,0,0,0,0,3232,0,0,0
2021-03-29,port183,Buenaventura,2,2,5511,8179,0,5511,0,0,0,0,8179,0,0,0
2021-03-30,port183,Buenaventura,4,1,78526,0,73124,5402,0,0,0,0,0,0,0,0
2021-03-31,port183,Buenaventura,6,3,31115,1616,15154,14679,0,769,511,0,1616,0,0,0
2021-04-01,port183,Buenaventura,2,1,45053,0,0,29748,15305,0,0,0,0,0,0,0
2021-04-02,port183,Buenaventura,4,0,76866,0,60278,0,0,13310,3277,0,0,0,0,0
2021-04-03,port183,Buenaventura,5,2,113637,8423,109166,4470,0,0,0,2912,5510,0,0,0
2021-04-04,port183,Buenaventura,2,2,11261,3217,0,11261,0,0,0,0,3217,0,0,0
2021-04-05,port183,Buenaventura,1,1,0,4088,0,0,0,0,0,0,4088,0,0,0
2021-04-06,port183,Buenaventura,5,3,49051,17089,24905,22383,0,0,1761,0,17089,0,0,0
2021-04-07,port183,Buenaventura,2,1,2423,315,0,0,2423,0,0,0,315,0,0,0
2021-04-08,port183,Buenaventura,3,2,80525,0,52636,27889,0,0,0,0,0,0,0,0
2021-04-09,port183,Buenaventura,0,0,0,0,0,0,0,0,0,0,0,0,0,0
2021-04-10,port183,Buenaventura,6,4,37715,6570,20035,17618,0,62,0,0,6570,0,0,0
2021-04-11,port183,Buenaventura,3,1,4342,4408,0,3832,0,0,510,0,0,0,0,4408
2021-04-12,port183,Buenaventura,3,1,68197,7460,49764,0,0,18433,0,0,7460,0,0,0
2021-04-13,port183,Buenaventura,8,3,137200,0,108209,25420,3570,0,0,0,0,0,0,0
2021-04-14,port183,Buenaventura,6,3,54446,1931,34146,20300,0,0,0,0,1931,0,0,0
2021-04-15,port183,Buenaventura,0,0,0,0,0,0,0,0,0,0,0,0,0,0
2021-04-16,port183,Buenaventura,2,2,14786,0,0,14786,0,0,0,0,0,0,0,0
2021-04-17,port183,Buenaventura,3,2,32643,1616,24832,7811,0,0,0,0,1616,0,0,0
2021-04-18,port183,Buenaventura,3,1,64634,1372,64634,0,0,0,0,0,1372,0,0,0
2021-04-19,port183,Buenaventura,5,2,14373,16692,1639,5426,0,7307,0,0,16040,0,651,0
2021-04-20,port183,Buenaventura,5,3,27667,1616,3889,21359,2419,0,0,0,1616,0,0,0
2021-04-21,port183,Buenaventura,1,0,13134,0,13134,0,0,0,0,0,0,0,0,0
2021-04-22,port183,Buenaventura,2,2,10954,1434,0,10954,0,0,0,0,1434,0,0,0
2021-04-23,port183,Buenaventura,2,2,6904,12825,0,6904,0,0,0,0,12825,0,0,0
2021-04-24,port183,Buenaventura,5,2,80339,8343,58149,22189,0,0,0,2912,5430,0,0,0
2021-04-25,port183,Buenaventura,2,1,18421,1616,12834,5586,0,0,0,0,1616,0,0,0
2021-04-26,port183,Buenaventura,3,3,14612,2733,0,14612,0,0,0,0,2733,0,0,0
2021-04-27,port183,Buenaventura,1,0,1401,0,0,0,0,1401,0,0,0,0,0,0
2021-04-28,port183,Buenaventura,2,1,9108,1953,0,9108,0,0,0,1953,0,0,0,0
2021-04-29,port183,Buenaventura,1,1,9915,0,0,9915,0,0,0,0,0,0,0,0
2021-04-30,port183,Buenaventura,3,2,2807,10921,0,2807,0,0,0,0,10921,0,0,0
2021-05-01,port183,Buenaventura,4,2,54537,1616,37033,17503,0,0,0,0,1616,0,0,0
2021-05-02,port183,Buenaventura,2,2,38560,0,0,38560,0,0,0,0,0,0,0,0
2021-05-03,port183,Buenaventura,5,2,40746,7277,35518,0,0,5227,0,0,7277,0,0,0
2021-05-04,port183,Buenaventura,3,2,17447,59503,0,17447,0,0,0,59503,0,0,0,0
2021-05-05,port183,Buenaventura,5,2,77618,51090,49757,23610,4250,0,0,51090,0,0,0,0
2021-05-06,port183,Buenaventura,3,2,26438,11450,0,24582,0,0,1855,0,11450,0,0,0
2021-05-07,port183,Buenaventura,2,1,14558,7644,14558,0,0,0,0,0,7644,0,0,0
2021-05-08,port183,Buenaventura,2,1,12415,66,0,11428,0,0,987,0,0,0,0,66
2021-05-09,port183,Buenaventura,2,1,0,8116,0,0,0,0,0,0,8116,0,0,0
2021-05-10,port183,Buenaventura,4,2,13837,53350,445,13391,0,0,0,51985,1364,0,0,0
2021-05-11,port183,Buenaventura,2,1,9816,0,0,9816,0,0,0,0,0,0,0,0
2021-05-12,port183,Buenaventura,5,3,46061,956,11137,33186,0,1736,0,0,956,0,0,0
2021-05-13,port183,Buenaventura,2,2,15340,29262,0,15340,0,0,0,0,29262,0,0,0
2021-05-14,port183,Buenaventura,4,1,58333,0,44886,10909,0,2537,0,0,0,0,0,0
2021-05-15,port183,Buenaventura,4,2,18028,1281,0,15459,2569,0,0,0,1281,0,0,0
2021-05-16,port183,Buenaventura,0,0,0,0,0,0,0,0,0,0,0,0,0,0
2021-05-17,port183,Buenaventura,3,2,38958,4763,0,20711,0,18247,0,0,4763,0,0,0
2021-05-18,port183,Buenaventura,3,1,27946,0,27946,0,0,0,0,0,0,0,0,0
2021-05-19,port183,Buenaventura,0,0,0,0,0,0,0,0,0,0,0,0,0,0
2021-05-20,port183,Buenaventura,2,1,13078,0,0,9693,0,3385,0,0,0,0,0,0
2021-05-21,port183,Buenaventura,3,2,11179,0,1441,9738,0,0,0,0,0,0,0,0
2021-05-22,port183,Buenaventura,3,2,39653,2912,20627,19026,0,0,0,2912,0,0,0,0
2021-05-23,port183,Buenaventura,2,1,1275,35775,0,1275,0,0,0,35775,0,0,0,0
2021-05-24,port183,Buenaventura,2,2,2156,4769,0,2156,0,0,0,0,4769,0,0,0
2021-05-25,port183,Buenaventura,4,1,13497,0,1470,8935,0,3091,0,0,0,0,0,0
2021-05-26,port183,Buenaventura,2,1,47148,0,34710,12437,0,0,0,0,0,0,0,0
2021-05-27,port183,Buenaventura,1,1,4887,0,0,4887,0,0,0,0,0,0,0,0
2021-05-28,port183,Buenaventura,0,0,0,0,0,0,0,0,0,0,0,0,0,0
2021-05-29,port183,Buenaventura,3,2,10468,1616,0,10468,0,0,0,0,1616,0,0,0
2021-05-30,port183,Buenaventura,0,0,0,0,0,0,0,0,0,0,0,0,0,0
2021-05-31,port183,Buenaventura,4,3,13920,8161,0,11573,2347,0,0,0,8161,0,0,0
2021-06-01,port183,Buenaventura,2,0,35829,0,35829,0,0,0,0,0,0,0,0,0
2021-06-02,port183,Buenaventura,2,0,14420,0,14420,0,0,0,0,0,0,0,0,0
2021-06-03,port183,Buenaventura,2,0,14378,0,14378,0,0,0,0,0,0,0,0,0
2021-06-04,port183,Buenaventura,1,0,41861,0,41861,0,0,0,0,0,0,0,0,0
2021-06-05,port183,Buenaventura,1,0,6636,0,6636,0,0,0,0,0,0,0,0,0
2021-06-06,port183,Buenaventura,0,0,0,0,0,0,0,0,0,0,0,0,0,0
2021-06-07,port183,Buenaventura,3,2,9877,5395,0,4394,0,5483,0,0,4743,0,651,0
2021-06-08,port183,Buenaventura,2,1,8659,1616,0,5586,0,3072,0,0,1616,0,0,0
2021-06-09,port183,Buenaventura,0,0,0,0,0,0,0,0,0,0,0,0,0,0
2021-06-10,port183,Buenaventura,5,0,22657,0,22657,0,0,0,0,0,0,0,0,0
2021-06-11,port183,Buenaventura,2,1,4692,0,0,2200,0,2491,0,0,0,0,0,0
2021-06-12,port183,Buenaventura,2,0,3987,0,0,0,3987,0,0,0,0,0,0,0
2021-06-13,port183,Buenaventura,2,0,2043,66,0,0,0,1056,987,0,0,0,0,66
2021-06-14,port183,Buenaventura,2,2,2169,4056,0,2169,0,0,0,0,4056,0,0,0
2021-06-15,port183,Buenaventura,3,2,11770,6590,0,11770,0,0,0,4974,1616,0,0,0
2021-06-16,port183,Buenaventura,1,1,14038,0,0,14038,0,0,0,0,0,0,0,0
2021-06-17,port183,Buenaventura,4,2,34807,0,20277,3420,0,11109,0,0,0,0,0,0
2021-06-18,port183,Buenaventura,4,0,173700,0,173700,0,0,0,0,0,0,0,0,0
2021-06-19,port183,Buenaventura,2,0,20089,0,0,0,17450,0,2638,0,0,0,0,0
2021-06-20,port183,Buenaventura,2,1,58547,0,25640,32906,0,0,0,0,0,0,0,0
2021-06-21,port183,Buenaventura,4,3,63581,2719,9313,54268,0,0,0,0,2719,0,0,0
2021-06-22,port183,Buenaventura,1,1,8048,0,0,8048,0,0,0,0,0,0,0,0
2021-06-23,port183,Buenaventura,6,2,84536,3666,72904,10476,0,1155,0,0,0,3666,0,0
2021-06-24,port183,Buenaventura,3,1,6696,0,1929,1399,0,3367,0,0,0,0,0,0
2021-06-25,port183,Buenaventura,3,2,62806,1086,51188,11617,0,0,0,0,1086,0,0,0
2021-06-26,port183,Buenaventura,1,0,0,0,0,0,0,0,0,0,0,0,0,0
2021-06-27,port183,Buenaventura,2,2,9749,3842,0,9749,0,0,0,0,3842,0,0,0
2021-06-28,port183,Buenaventura,3,2,5586,13114,0,5586,0,0,0,0,13114,0,0,0
2021-06-29,port183,Buenaventura,1,1,0,0,0,0,0,0,0,0,0,0,0,0
2021-06-30,port183,Buenaventura,3,2,12985,0,0,11496,0,0,1489,0,0,0,0,0
2021-07-01,port183,Buenaventura,1,0,388,0,0,0,0,388,0,0,0,0,0,0
2021-07-02,port183,Buenaventura,2,1,31991,0,30602,1388,0,0,0,0,0,0,0,0
2021-07-03,port183,Buenaventura,4,0,51880,0,49456,0,0,2424,0,0,0,0,0,0
2021-07-04,port183,Buenaventura,3,0,20627,2912,20627,0,0,0,0,2912,0,0,0,0
2021-07-05,port183,Buenaventura,3,2,37223,13141,20627,16596,0,0,0,2912,10229,0,0,0
2021-07-06,port183,Buenaventura,3,3,6218,4476,0,6218,0,0,0,0,4476,0,0,0
2021-07-07,port183,Buenaventura,1,0,41134,0,41134,0,0,0,0,0,0,0,0,0
2021-07-08,port183,Buenaventura,1,0,0,0,0,0,0,0,0,0,0,0,0,0
2021-07-09,port183,Buenaventura,4,3,42433,6164,16552,25880,0,0,0,0,6164,0,0,0
2021-07-10,port183,Buenaventura,3,3,7616,0,0,7616,0,0,0,0,0,0,0,0
2021-07-11,port183,Buenaventura,3,2,1086,7730,0,1086,0,0,0,0,7730,0,0,0
2021-07-12,port183,Buenaventura,3,2,5408,13640,0,5408,0,0,0,3463,10176,0,0,0
2021-07-13,port183,Buenaventura,3,2,20412,0,18483,1928,0,0,0,0,0,0,0,0
2021-07-14,port183,Buenaventura,3,2,13509,5902,0,0,0,13509,0,0,5902,0,0,0
2021-07-15,port183,Buenaventura,2,1,5806,2172,0,0,5806,0,0,0,2172,0,0,0
2021-07-16,port183,Buenaventura,2,0,29914,0,29914,0,0,0,0,0,0,0,0,0
2021-07-17,port183,Buenaventura,4,3,48248,17986,42609,5639,0,0,0,0,17986,0,0,0
2021-07-18,port183,Buenaventura,2,2,5218,0,0,5218,0,0,0,0,0,0,0,0
2021-07-19,port183,Buenaventura,7,2,63392,19475,46823,0,16569,0,0,0,19475,0,0,0
2021-07-20,port183,Buenaventura,3,2,21121,1616,0,15322,0,5798,0,0,1616,0,0,0
2021-07-21,port183,Buenaventura,4,2,56844,1934,51257,5586,0,0,0,0,1934,0,0,0
2021-07-22,port183,Buenaventura,1,0,48035,0,48035,0,0,0,0,0,0,0,0,0
2021-07-23,port183,Buenaventura,3,2,18566,9867,0,0,0,18566,0,0,9867,0,0,0
2021-07-24,port183,Buenaventura,1,0,11144,0,0,0,11144,0,0,0,0,0,0,0
2021-07-25,port183,Buenaventura,2,1,16537,0,10118,6419,0,0,0,0,0,0,0,0
2021-07-26,port183,Buenaventura,4,3,52280,12336,52280,0,0,0,0,0,12336,0,0,0
2021-07-27,port183,Buenaventura,1,1,11359,0,0,11359,0,0,0,0,0,0,0,0
2021-07-28,port183,Buenaventura,2,2,5586,2727,0,5586,0,0,0,0,2727,0,0,0
2021-07-29,port183,Buenaventura,2,1,34145,0,29433,4711,0,0,0,0,0,0,0,0
2021-07-30,port183,Buenaventura,1,0,311,0,0,0,0,311,0,0,0,0,0,0
2021-07-31,port183,Buenaventura,5,3,26026,68432,20627,5398,0,0,0,60871,7561,0,0,0
2021-08-01,port183,Buenaventura,5,2,51364,6942,40293,5586,0,5483,0,0,6291,0,651,0
2021-08-02,port183,Buenaventura,3,3,10459,9104,0,10459,0,0,0,0,9104,0,0,0
2021-08-03,port183,Buenaventura,5,4,46487,635,26543,19944,0,0,0,0,635,0,0,0
2021-08-04,port183,Buenaventura,3,1,18391,0,0,2333,0,12993,3064,0,0,0,0,0
2021-08-05,port183,Buenaventura,2,1,13509,0,0,11086,2423,0,0,0,0,0,0,0
2021-08-06,port183,Buenaventura,3,1,35561,6622,32040,0,0,0,3521,0,6622,0,0,0
2021-08-07,port183,Buenaventura,2,0,2206,4690,0,0,0,0,2206,4690,0,0,0,0
2021-08-08,port183,Buenaventura,1,0,0,0,0,0,0,0,0,0,0,0,0,0
2021-08-09,port183,Buenaventura,5,4,56426,15921,38677,17748,0,0,0,0,15921,0,0,0
2021-08-10,port183,Buenaventura,1,0,57798,0,57798,0,0,0,0,0,0,0,0,0
2021-08-11,port183,Buenaventura,4,2,53539,1616,46780,6758,0,0,0,0,1616,0,0,0
2021-08-12,port183,Buenaventura,3,1,9138,5769,0,9138,0,0,0,5769,0,0,0,0
2021-08-13,port183,Buenaventura,2,1,59031,6176,59031,0,0,0,0,0,6176,0,0,0
2021-08-14,port183,Buenaventura,3,1,7817,0,5276,2540,0,0,0,0,0,0,0,0
2021-08-15,port183,Buenaventura,1,1,0,15900,0,0,0,0,0,0,15900,0,0,0
2021-08-16,port183,Buenaventura,5,2,33470,23417,26992,6477,0,0,0,0,8816,0,14600,0
2021-08-17,port183,Buenaventura,2,2,5538,0,0,5538,0,0,0,0,0,0,0,0
2021-08-18,port183,Buenaventura,4,2,12280,0,0,8086,3416,776,0,0,0,0,0,0
2021-08-19,port183,Buenaventura,4,2,26644,1616,2782,7817,0,16043,0,0,1616,0,0,0
2021-08-20,port183,Buenaventura,0,0,0,0,0,0,0,0,0,0,0,0,0,0
2021-08-21,port183,Buenaventura,6,3,29766,10276,20126,9639,0,0,0,0,10276,0,0,0
2021-08-22,port183,Buenaventura,2,1,0,2784,0,0,0,0,0,555,2229,0,0,0
2021-08-23,port183,Buenaventura,5,3,70291,7588,58063,9954,2273,0,0,0,7588,0,0,0
2021-08-24,port183,Buenaventura,3,1,37382,0,29767,2896,4719,0,0,0,0,0,0,0
2021-08-25,port183,Buenaventura,1,1,0,1891,0,0,0,0,0,0,1891,0,0,0
2021-08-26,port183,Buenaventura,2,0,0,0,0,0,0,0,0,0,0,0,0,0
2021-08-27,port183,Buenaventura,2,1,27642,7705,27642,0,0,0,0,0,7705,0,0,0
2021-08-28,port183,Buenaventura,6,3,26017,1269,0,13349,0,12668,0,0,1269,0,0,0
2021-08-29,port183,Buenaventura,3,2,24295,0,0,9111,0,15184,0,0,0,0,0,0
2021-08-30,port183,Buenaventura,4,3,69341,8371,31640,37701,0,0,0,0,8371,0,0,0
2021-08-31,port183,Buenaventura,0,0,0,0,0,0,0,0,0,0,0,0,0,0
2021-09-01,port183,Buenaventura,3,2,72824,0,51656,21167,0,0,0,0,0,0,0,0
2021-09-02,port183,Buenaventura,1,1,4477,0,0,4477,0,0,0,0,0,0,0,0
2021-09-03,port183,Buenaventura,2,1,16381,3362,16381,0,0,0,0,0,3362,0,0,0
2021-09-04,port183,Buenaventura,2,1,15184,0,0,11090,0,0,4093,0,0,0,0,0
2021-09-05,port183,Buenaventura,3,1,5586,1616,0,5586,0,0,0,0,1616,0,0,0
2021-09-06,port183,Buenaventura,4,4,19715,7823,0,19715,0,0,0,0,7823,0,0,0
2021-09-07,port183,Buenaventura,4,1,29794,0,13849,15793,151,0,0,0,0,0,0,0
2021-09-08,port183,Buenaventura,2,2,6572,1616,0,6572,0,0,0,0,1616,0,0,0
2021-09-09,port183,Buenaventura,5,2,114987,0,88200,26786,0,0,0,0,0,0,0,0
2021-09-10,port183,Buenaventura,4,0,84961,606,77063,0,7898,0,0,0,0,606,0,0
2021-09-11,port183,Buenaventura,3,1,21766,0,21230,535,0,0,0,0,0,0,0,0
2021-09-12,port183,Buenaventura,3,1,57746,0,30491,8561,0,18694,0,0,0,0,0,0
2021-09-13,port183,Buenaventura,4,1,24473,8239,20063,0,0,0,4409,0,8172,0,0,66
2021-09-14,port183,Buenaventura,3,2,20992,0,0,20992,0,0,0,0,0,0,0,0
2021-09-15,port183,Buenaventura,2,2,17590,0,0,17590,0,0,0,0,0,0,0,0
2021-09-16,port183,Buenaventura,3,1,52164,0,41981,1078,9104,0,0,0,0,0,0,0
2021-09-17,port183,Buenaventura,1,0,0,29095,0,0,0,0,0,0,0,0,29095,0
2021-09-18,port183,Buenaventura,2,1,48615,0,38687,9928,0,0,0,0,0,0,0,0
2021-09-19,port183,Buenaventura,3,3,19414,13184,0,19414,0,0,0,0,13184,0,0,0
2021-09-20,port183,Buenaventura,5,2,62611,3340,52727,8856,0,0,1027,0,2456,0,884,0
2021-09-21,port183,Buenaventura,1,1,5592,0,0,5592,0,0,0,0,0,0,0,0
2021-09-22,port183,Buenaventura,2,1,16530,0,0,13685,0,0,2844,0,0,0,0,0
2021-09-23,port183,Buenaventura,3,0,43100,651,37616,0,0,5483,0,0,0,0,651,0
2021-09-24,port183,Buenaventura,0,0,0,0,0,0,0,0,0,0,0,0,0,0
2021-09-25,port183,Buenaventura,3,1,11118,1764,0,5634,0,5483,0,1112,0,0,651,0
2021-09-26,port183,Buenaventura,2,2,12194,6214,0,12194,0,0,0,0,6214,0,0,0
2021-09-27,port183,Buenaventura,4,2,28232,4988,22645,5586,0,0,0,0,4988,0,0,0
2021-09-28,port183,Buenaventura,2,0,8941,0,0,0,2423,6518,0,0,0,0,0,0
2021-09-29,port183,Buenaventura,3,1,14649,0,0,12095,0,0,2553,0,0,0,0,0
2021-09-30,port183,Buenaventura,2,2,12378,1386,0,12378,0,0,0,0,1386,0,0,0
2021-10-01,port183,Buenaventura,2,1,9765,0,0,7270,0,2494,0,0,0,0,0,0
2021-10-02,port183,Buenaventura,2,0,12239,41472,12239,0,0,0,0,41472,0,0,0,0
2021-10-03,port183,Buenaventura,5,4,23916,6222,0,23916,0,0,0,4605,1616,0,0,0
2021-10-04,port183,Buenaventura,2,1,0,2456,0,0,0,0,0,0,2456,0,0,0
2021-10-05,port183,Buenaventura,4,4,29282,1616,0,29282,0,0,0,0,1616,0,0,0
2021-10-06,port183,Buenaventura,6,2,47185,2503,32652,13001,0,0,1530,0,0,0,0,2503
2021-10-07,port183,Buenaventura,3,3,17590,1616,0,17590,0,0,0,0,1616,0,0,0
2021-10-08,port183,Buenaventura,4,1,119253,0,84924,7497,0,26832,0,0,0,0,0,0
2021-10-09,port183,Buenaventura,0,0,0,0,0,0,0,0,0,0,0,0,0,0
2021-10-10,port183,Buenaventura,5,2,16980,2849,0,11843,0,5137,0,0,0,0,2849,0
2021-10-11,port183,Buenaventura,2,2,0,4315,0,0,0,0,0,0,4315,0,0,0
2021-10-12,port183,Buenaventura,2,0,22686,66,21699,0,0,0,987,0,0,0,0,66
2021-10-13,port183,Buenaventura,3,2,20604,666,15655,4948,0,0,0,0,666,0,0,0
2021-10-14,port183,Buenaventura,2,0,75392,0,75392,0,0,0,0,0,0,0,0,0
2021-10-15,port183,Buenaventura,2,0,56101,0,56101,0,0,0,0,0,0,0,0,0
2021-10-16,port183,Buenaventura,4,3,18056,28310,0,18056,0,0,0,19788,8522,0,0,0
2021-10-17,port183,Buenaventura,3,1,46119,12984,33359,12759,0,0,0,0,0,0,12984,0
2021-10-18,port183,Buenaventura,4,3,48193,6519,0,32128,0,16065,0,0,6519,0,0,0
2021-10-19,port183,Buenaventura,3,2,28995,0,0,25911,0,3083,0,0,0,0,0,0
2021-10-20,port183,Buenaventura,4,3,15850,2971,0,9688,0,6161,0,0,2971,0,0,0
2021-10-21,port183,Buenaventura,3,2,23483,17103,20627,2856,0,0,0,2912,14190,0,0,0
2021-10-22,port183,Buenaventura,4,1,76050,1616,66401,5586,0,4062,0,0,1616,0,0,0
2021-10-23,port183,Buenaventura,3,2,39653,1616,0,38508,1145,0,0,0,1616,0,0,0
2021-10-24,port183,Buenaventura,2,1,25994,0,0,10110,15884,0,0,0,0,0,0,0
2021-10-25,port183,Buenaventura,6,4,11425,1987,0,11425,0,0,0,0,1987,0,0,0
2021-10-26,port183,Buenaventura,3,0,5662,0,0,0,0,4636,1026,0,0,0,0,0
2021-10-27,port183,Buenaventura,1,1,20860,0,0,20860,0,0,0,0,0,0,0,0
2021-10-28,port183,Buenaventura,6,2,77895,606,65235,5733,5624,0,1302,0,0,606,0,0
2021-10-29,port183,Buenaventura,2,1,15138,0,3140,11997,0,0,0,0,0,0,0,0
2021-10-30,port183,Buenaventura,3,1,20183,0,12882,7300,0,0,0,0,0,0,0,0
2021-10-31,port183,Buenaventura,6,3,24478,3772,0,18994,0,5483,0,0,3121,0,651,0
2021-11-01,port183,Buenaventura,4,2,34736,4898,27219,7517,0,0,0,0,4898,0,0,0
2021-11-02,port183,Buenaventura,1,0,0,0,0,0,0,0,0,0,0,0,0,0
2021-11-03,port183,Buenaventura,4,2,34937,397,32845,1103,0,0,987,0,331,0,0,66
2021-11-04,port183,Buenaventura,5,2,31660,27893,22496,5586,0,0,3576,20815,7078,0,0,0
2021-11-05,port183,Buenaventura,4,1,55035,916,51200,3834,0,0,0,0,0,0,0,916
2021-11-06,port183,Buenaventura,3,2,14992,0,0,13629,0,1363,0,0,0,0,0,0
2021-11-07,port183,Buenaventura,2,0,51863,330,51863,0,0,0,0,0,0,0,330,0
2021-11-08,port183,Buenaventura,3,3,993,5978,0,993,0,0,0,0,5978,0,0,0
2021-11-09,port183,Buenaventura,0,0,0,0,0,0,0,0,0,0,0,0,0,0
2021-11-10,port183,Buenaventura,1,0,20627,2912,20627,0,0,0,0,2912,0,0,0,0
2021-11-11,port183,Buenaventura,3,2,13451,0,0,13451,0,0,0,0,0,0,0,0
2021-11-12,port183,Buenaventura,4,2,48563,1231,42145,1391,0,5025,0,0,1231,0,0,0
2021-11-13,port183,Buenaventura,2,2,22537,1616,0,22537,0,0,0,0,1616,0,0,0
2021-11-14,port183,Buenaventura,5,1,46642,4717,43333,0,0,2321,987,0,4651,0,0,66
2021-11-15,port183,Buenaventura,3,2,9755,6123,0,9755,0,0,0,0,6123,0,0,0
2021-11-16,port183,Buenaventura,3,0,23194,29865,20627,0,0,0,2566,29865,0,0,0,0
2021-11-17,port183,Buenaventura,3,0,50745,2912,46057,0,0,4687,0,2912,0,0,0,0
2021-11-18,port183,Buenaventura,4,2,42145,1517,0,41157,0,0,987,0,0,0,1450,66
2021-11-19,port183,Buenaventura,2,0,38060,0,33181,0,4878,0,0,0,0,0,0,0
2021-11-20,port183,Buenaventura,3,1,40502,3369,20627,19875,0,0,0,2912,0,0,456,0
2021-11-21,port183,Buenaventura,2,2,2802,0,0,2802,0,0,0,0,0,0,0,0
2021-11-22,port183,Buenaventura,6,6,32529,11034,0,32529,0,0,0,0,11034,0,0,0
2021-11-23,port183,Buenaventura,2,1,59328,0,57098,2230,0,0,0,0,0,0,0,0
2021-11-24,port183,Buenaventura,5,3,24199,88079,0,24199,0,0,0,77759,0,0,10320,0
2021-11-25,port183,Buenaventura,3,0,32291,2685,31423,0,0,0,868,0,0,2685,0,0
2021-11-26,port183,Buenaventura,3,1,23693,651,10393,7815,0,5483,0,0,0,0,651,0
2021-11-27,port183,Buenaventura,5,1,98291,0,83236,2430,0,12116,508,0,0,0,0,0
2021-11-28,port183,Buenaventura,3,2,20627,15294,20627,0,0,0,0,2912,12382,0,0,0
2021-11-29,port183,Buenaventura,4,1,15208,5418,15208,0,0,0,0,0,1223,4194,0,0
2021-11-30,port183,Buenaventura,2,1,9894,0,0,9894,0,0,0,0,0,0,0,0
2021-12-01,port183,Buenaventura,3,2,6829,19102,0,6829,0,0,0,17485,1616,0,0,0
2021-12-02,port183,Buenaventura,5,1,63161,5825,59890,3271,0,0,0,5825,0,0,0,0
2021-12-03,port183,Buenaventura,0,0,0,0,0,0,0,0,0,0,0,0,0,0
2021-12-04,port183,Buenaventura,2,1,26214,4529,20627,5586,0,0,0,2912,1616,0,0,0
2021-12-05,port183,Buenaventura,5,4,61228,1616,0,30339,0,30889,0,0,1616,0,0,0
2021-12-06,port183,Buenaventura,2,1,0,497,0,0,0,0,0,0,497,0,0,0
2021-12-07,port183,Buenaventura,7,3,117014,2912,81484,34502,0,0,1028,2912,0,0,0,0
2021-12-08,port183,Buenaventura,4,2,76907,0,18099,45295,0,13513,0,0,0,0,0,0
2021-12-09,port183,Buenaventura,2,2,8884,0,0,8884,0,0,0,0,0,0,0,0
2021-12-10,port183,Buenaventura,3,1,62583,0,47570,15013,0,0,0,0,0,0,0,0
2021-12-11,port183,Buenaventura,2,0,0,5842,0,0,0,0,0,0,0,5842,0,0
2021-12-12,port183,Buenaventura,3,1,10520,0,0,7632,0,2887,0,0,0,0,0,0
2021-12-13,port183,Buenaventura,3,3,19171,6117,0,19171,0,0,0,0,6117,0,0,0
2021-12-14,port183,Buenaventura,6,1,136316,2912,119771,13687,0,1270,1586,2912,0,0,0,0
2021-12-15,port183,Buenaventura,7,3,58883,8668,41280,17602,0,0,0,2912,3252,0,0,2503
2021-12-16,port183,Buenaventura,5,2,28117,11114,14326,9769,0,3033,987,0,11047,0,0,66
2021-12-17,port183,Buenaventura,2,1,60188,0,53719,6469,0,0,0,0,0,0,0,0
2021-12-18,port183,Buenaventura,5,3,19828,66,0,18841,0,0,987,0,0,0,0,66
2021-12-19,port183,Buenaventura,2,1,2893,7040,0,0,0,0,2893,0,7040,0,0,0
2021-12-20,port183,Buenaventura,3,2,10029,5476,0,0,0,10029,0,0,5476,0,0,0
2021-12-21,port183,Buenaventura,0,0,0,0,0,0,0,0,0,0,0,0,0,0
2021-12-22,port183,Buenaventura,5,4,36071,19337,0,36071,0,0,0,0,19337,0,0,0
2021-12-23,port183,Buenaventura,4,0,67934,0,54760,0,0,13173,0,0,0,0,0,0
2021-12-24,port183,Buenaventura,1,0,0,0,0,0,0,0,0,0,0,0,0,0
2021-12-25,port183,Buenaventura,3,2,10966,4934,0,10966,0,0,0,0,4934,0,0,0
2021-12-26,port183,Buenaventura,4,3,35912,6263,0,20633,0,15279,0,0,6263,0,0,0
2021-12-27,port183,Buenaventura,4,3,22187,4898,16040,6147,0,0,0,0,4898,0,0,0
2021-12-28,port183,Buenaventura,3,2,57575,1616,0,26347,0,31228,0,0,1616,0,0,0
2021-12-29,port183,Buenaventura,2,1,9296,0,0,8079,1216,0,0,0,0,0,0,0
2021-12-30,port183,Buenaventura,3,1,15259,433,0,15259,0,0,0,0,0,0,0,433
2021-12-31,port183,Buenaventura,3,1,30703,66,26929,2786,0,0,987,0,0,0,0,66
2022-01-01,port183,Buenaventura,1,1,5099,0,0,5099,0,0,0,0,0,0,0,0
2022-01-02,port183,Buenaventura,2,2,0,3702,0,0,0,0,0,0,3702,0,0,0
2022-01-03,port183,Buenaventura,3,1,77331,4440,58885,0,18445,0,0,0,4440,0,0,0
2022-01-04,port183,Buenaventura,3,0,22837,66,19345,0,0,0,3491,0,0,0,0,66
2022-01-05,port183,Buenaventura,2,2,17595,0,0,17595,0,0,0,0,0,0,0,0
2022-01-06,port183,Buenaventura,3,0,36161,2963,35472,0,689,0,0,0,0,0,0,2963
2022-01-07,port183,Buenaventura,3,3,17539,2342,0,17539,0,0,0,0,2342,0,0,0
2022-01-08,port183,Buenaventura,2,2,24210,0,0,24210,0,0,0,0,0,0,0,0
2022-01-09,port183,Buenaventura,7,2,92081,3985,84319,5586,0,0,2174,0,3985,0,0,0
2022-01-10,port183,Buenaventura,3,2,13576,4880,0,13576,0,0,0,0,4880,0,0,0
2022-01-11,port183,Buenaventura,2,0,27928,0,27928,0,0,0,0,0,0,0,0,0
2022-01-12,port183,Buenaventura,3,1,28584,2912,20627,7957,0,0,0,2912,0,0,0,0
2022-01-13,port183,Buenaventura,2,1,38638,0,37245,1392,0,0,0,0,0,0,0,0
2022-01-14,port183,Buenaventura,2,0,5624,606,0,0,5624,0,0,0,0,606,0,0
2022-01-15,port183,Buenaventura,3,1,22314,2912,20627,1173,0,0,512,2912,0,0,0,0
2022-01-16,port183,Buenaventura,0,0,0,0,0,0,0,0,0,0,0,0,0,0
2022-01-17,port183,Buenaventura,5,3,51270,1616,26548,24721,0,0,0,0,1616,0,0,0
2022-01-18,port183,Buenaventura,6,2,19009,41400,2398,5586,5540,5483,0,38802,1945,0,651,0
2022-01-19,port183,Buenaventura,3,1,20253,0,17334,2918,0,0,0,0,0,0,0,0
2022-01-20,port183,Buenaventura,1,1,1143,0,0,1143,0,0,0,0,0,0,0,0
2022-01-21,port183,Buenaventura,4,1,27350,7286,20627,0,0,6723,0,2912,4373,0,0,0
2022-01-22,port183,Buenaventura,3,1,28897,36833,0,28897,0,0,0,36833,0,0,0,0
2022-01-23,port183,Buenaventura,4,2,23096,1616,0,6858,4191,12046,0,0,1616,0,0,0
2022-01-24,port183,Buenaventura,3,1,55561,2456,55561,0,0,0,0,0,2456,0,0,0
2022-01-25,port183,Buenaventura,3,2,26709,1616,0,26189,0,520,0,0,1616,0,0,0
2022-01-26,port183,Buenaventura,5,2,34180,7079,20627,5503,0,5483,2564,2912,3514,0,651,0
2022-01-27,port183,Buenaventura,3,1,34059,0,18562,15497,0,0,0,0,0,0,0,0
2022-01-28,port183,Buenaventura,3,1,6290,0,0,2003,4287,0,0,0,0,0,0,0
2022-01-29,port183,Buenaventura,5,3,25204,9646,0,23459,0,1745,0,0,9646,0,0,0
2022-01-30,port183,Buenaventura,5,3,88872,6319,52905,34980,0,0,987,0,6252,0,0,66
2022-01-31,port183,Buenaventura,3,2,34978,0,0,34520,458,0,0,0,0,0,0,0
2022-02-01,port183,Buenaventura,4,2,33620,66,0,32632,0,0,987,0,0,0,0,66
2022-02-02,port183,Buenaventura,5,3,88646,1616,27542,29174,0,31929,0,0,1616,0,0,0
2022-02-03,port183,Buenaventura,4,2,27313,57008,24342,0,2971,0,0,0,57008,0,0,0
2022-02-04,port183,Buenaventura,2,0,12778,0,0,0,6982,5795,0,0,0,0,0,0
2022-02-05,port183,Buenaventura,5,3,14200,6209,0,13213,0,0,987,0,1239,4903,0,66
2022-02-06,port183,Buenaventura,1,0,0,0,0,0,0,0,0,0,0,0,0,0
2022-02-07,port183,Buenaventura,4,2,118204,4288,102361,15842,0,0,0,0,4288,0,0,0
2022-02-08,port183,Buenaventura,3,2,316,0,0,316,0,0,0,0,0,0,0,0
2022-02-09,port183,Buenaventura,3,0,25526,0,23251,0,0,1158,1115,0,0,0,0,0
2022-02-10,port183,Buenaventura,6,3,57432,20514,20947,21115,0,15369,0,8115,12399,0,0,0
2022-02-11,port183,Buenaventura,2,2,12419,0,0,12419,0,0,0,0,0,0,0,0
2022-02-12,port183,Buenaventura,1,1,0,8388,0,0,0,0,0,0,8388,0,0,0
2022-02-13,port183,Buenaventura,3,1,42134,0,0,5088,0,33465,3580,0,0,0,0,0
2022-02-14,port183,Buenaventura,5,2,78454,2483,74077,4376,0,0,0,0,2483,0,0,0
2022-02-15,port183,Buenaventura,1,1,3279,0,0,3279,0,0,0,0,0,0,0,0
2022-02-16,port183,Buenaventura,4,1,51803,0,33778,17039,0,985,0,0,0,0,0,0
2022-02-17,port183,Buenaventura,2,1,11070,2268,0,5586,0,5483,0,0,1616,0,651,0
2022-02-18,port183,Buenaventura,3,1,73599,2912,69369,4230,0,0,0,2912,0,0,0,0
2022-02-19,port183,Buenaventura,4,1,0,45932,0,0,0,0,0,43733,2198,0,0,0
2022-02-20,port183,Buenaventura,3,2,3817,3123,0,3817,0,0,0,0,3123,0,0,0
2022-02-21,port183,Buenaventura,4,2,13134,2516,6549,5597,0,0,987,0,2449,0,0,66
2022-02-22,port183,Buenaventura,2,0,23056,2912,20627,0,0,2428,0,2912,0,0,0,0
2022-02-23,port183,Buenaventura,6,2,41634,1274,25161,15882,0,0,590,0,1274,0,0,0
2022-02-24,port183,Buenaventura,5,0,11146,8913,9132,0,2014,0,0,0,0,8913,0,0
2022-02-25,port183,Buenaventura,4,3,52422,0,29660,22761,0,0,0,0,0,0,0,0
2022-02-26,port183,Buenaventura,2,2,21338,0,0,21338,0,0,0,0,0,0,0,0
2022-02-27,port183,Buenaventura,2,2,21153,1616,0,21153,0,0,0,0,1616,0,0,0
2022-02-28,port183,Buenaventura,3,2,17917,7843,0,0,0,17917,0,0,7843,0,0,0
2022-03-01,port183,Buenaventura,1,1,12152,0,0,12152,0,0,0,0,0,0,0,0
2022-03-02,port183,Buenaventura,6,1,12650,13462,12650,0,0,0,0,0,0,13462,0,0
2022-03-03,port183,Buenaventura,3,0,32796,606,27171,0,5624,0,0,0,0,606,0,0
2022-03-04,port183,Buenaventura,4,1,52090,2436,52090,0,0,0,0,0,2436,0,0,0
2022-03-05,port183,Buenaventura,4,1,92362,0,82096,4447,0,5818,0,0,0,0,0,0
2022-03-06,port183,Buenaventura,2,2,1085,8601,0,1085,0,0,0,0,8601,0,0,0
2022-03-07,port183,Buenaventura,6,3,115801,6726,57371,25504,0,32924,0,0,6726,0,0,0
2022-03-08,port183,Buenaventura,3,2,22926,634,14199,8726,0,0,0,0,634,0,0,0
2022-03-09,port183,Buenaventura,6,2,55839,18558,35967,19361,0,0,510,0,13429,5129,0,0
2022-03-10,port183,Buenaventura,1,0,0,4152,0,0,0,0,0,0,0,4152,0,0
2022-03-11,port183,Buenaventura,3,1,5968,512,0,2480,0,3487,0,0,0,0,0,512
2022-03-12,port183,Buenaventura,4,2,52957,0,23142,29815,0,0,0,0,0,0,0,0
2022-03-13,port183,Buenaventura,4,2,41723,1616,27540,14183,0,0,0,0,1616,0,0,0
2022-03-14,port183,Buenaventura,3,1,987,2566,0,0,0,0,987,0,1986,0,0,580
2022-03-15,port183,Buenaventura,4,2,51301,2314,32694,17070,0,0,1537,0,2314,0,0,0
2022-03-16,port183,Buenaventura,2,1,29447,2912,20627,8819,0,0,0,2912,0,0,0,0
2022-03-17,port183,Buenaventura,1,1,12547,0,0,12547,0,0,0,0,0,0,0,0
2022-03-18,port183,Buenaventura,2,0,3275,0,3275,0,0,0,0,0,0,0,0,0
2022-03-19,port183,Buenaventura,4,1,11872,71430,0,5934,0,5938,0,71430,0,0,0,0
2022-03-20,port183,Buenaventura,3,2,57509,3085,53165,4343,0,0,0,0,3085,0,0,0
2022-03-21,port183,Buenaventura,2,1,0,64650,0,0,0,0,0,58544,6106,0,0,0
2022-03-22,port183,Buenaventura,3,1,14959,0,0,5857,6020,3081,0,0,0,0,0,0
2022-03-23,port183,Buenaventura,0,0,0,0,0,0,0,0,0,0,0,0,0,0
2022-03-24,port183,Buenaventura,4,3,26347,9745,0,25016,0,1330,0,0,9745,0,0,0
2022-03-25,port183,Buenaventura,4,2,21080,0,3429,17651,0,0,0,0,0,0,0,0
2022-03-26,port183,Buenaventura,4,1,62669,651,45488,11696,0,5483,0,0,0,0,651,0
2022-03-27,port183,Buenaventura,2,2,26617,6999,0,26617,0,0,0,0,6999,0,0,0
2022-03-28,port183,Buenaventura,4,1,10358,2483,10358,0,0,0,0,0,2483,0,0,0
2022-03-29,port183,Buenaventura,2,0,30033,0,30033,0,0,0,0,0,0,0,0,0
2022-03-30,port183,Buenaventura,7,3,96272,4234,71361,21143,380,0,3386,2912,1321,0,0,0
2022-03-31,port183,Buenaventura,1,1,16753,0,0,16753,0,0,0,0,0,0,0,0
2022-04-01,port183,Buenaventura,4,1,11980,7853,11980,0,0,0,0,0,7853,0,0,0
2022-04-02,port183,Buenaventura,4,1,59019,3986,53535,0,0,5483,0,0,3334,0,651,0
2022-04-03,port183,Buenaventura,3,3,11036,5995,0,11036,0,0,0,0,5995,0,0,0
2022-04-04,port183,Buenaventura,3,1,1646,5513,1646,0,0,0,0,0,5513,0,0,0
2022-04-05,port183,Buenaventura,1,1,640,0,0,640,0,0,0,0,0,0,0,0
2022-04-06,port183,Buenaventura,3,1,46350,0,30905,9092,0,0,6352,0,0,0,0,0
2022-04-07,port183,Buenaventura,0,0,0,0,0,0,0,0,0,0,0,0,0,0
2022-04-08,port183,Buenaventura,3,0,80490,0,79367,0,0,0,1122,0,0,0,0,0
2022-04-09,port183,Buenaventura,2,0,36019,0,29290,0,6729,0,0,0,0,0,0,0
2022-04-10,port183,Buenaventura,4,3,38875,7101,0,6978,0,31897,0,0,7101,0,0,0
2022-04-11,port183,Buenaventura,5,2,44379,50107,28585,15793,0,0,0,44658,5448,0,0,0
2022-04-12,port183,Buenaventura,2,1,30846,0,21668,9177,0,0,0,0,0,0,0,0
2022-04-13,port183,Buenaventura,4,3,5762,3699,0,4448,0,1314,0,0,3699,0,0,0
2022-04-14,port183,Buenaventura,4,0,25437,0,19028,0,0,6409,0,0,0,0,0,0
2022-04-15,port183,Buenaventura,2,1,43050,0,41966,1084,0,0,0,0,0,0,0,0
2022-04-16,port183,Buenaventura,3,1,53773,0,49401,4372,0,0,0,0,0,0,0,0
2022-04-17,port183,Buenaventura,3,3,25866,0,0,25866,0,0,0,0,0,0,0,0
2022-04-18,port183,Buenaventura,2,1,38558,4284,38558,0,0,0,0,0,4284,0,0,0
2022-04-19,port183,Buenaventura,5,2,45968,2424,43245,2722,0,0,0,0,956,0,1468,0
2022-04-20,port183,Buenaventura,3,2,37342,0,15283,22058,0,0,0,0,0,0,0,0
2022-04-21,port183,Buenaventura,4,0,35688,0,21504,0,0,14184,0,0,0,0,0,0
2022-04-22,port183,Buenaventura,2,0,40012,0,40012,0,0,0,0,0,0,0,0,0
2022-04-23,port183,Buenaventura,2,1,7466,0,0,7466,0,0,0,0,0,0,0,0
2022-04-24,port183,Buenaventura,2,1,15126,3731,15126,0,0,0,0,0,3731,0,0,0
2022-04-25,port183,Buenaventura,5,3,44943,7065,3655,24772,0,16515,0,0,7065,0,0,0
2022-04-26,port183,Buenaventura,3,2,65297,0,51004,14293,0,0,0,0,0,0,0,0
2022-04-27,port183,Buenaventura,8,2,17023,989,10758,5709,0,0,555,0,989,0,0,0
2022-04-28,port183,Buenaventura,2,1,0,7084,0,0,0,0,0,0,7084,0,0,0
2022-04-29,port183,Buenaventura,3,2,16816,0,0,14527,2288,0,0,0,0,0,0,0
2022-04-30,port183,Buenaventura,6,3,57465,10105,6865,14985,0,32391,3224,0,10105,0,0,0
2022-05-01,port183,Buenaventura,5,2,31244,6085,21747,9496,0,0,0,4468,1616,0,0,0
2022-05-02,port183,Buenaventura,2,2,5565,1832,0,5565,0,0,0,0,1832,0,0,0
2022-05-03,port183,Buenaventura,1,1,6138,0,0,6138,0,0,0,0,0,0,0,0
2022-05-04,port183,Buenaventura,2,2,14178,0,0,14178,0,0,0,0,0,0,0,0
2022-05-05,port183,Buenaventura,1,0,1535,0,0,0,0,0,1535,0,0,0,0,0
2022-05-06,port183,Buenaventura,2,1,5218,0,0,5218,0,0,0,0,0,0,0,0
2022-05-07,port183,Buenaventura,2,0,48946,0,48946,0,0,0,0,0,0,0,0,0
2022-05-08,port183,Buenaventura,5,3,40842,2254,21469,19372,0,0,0,0,1616,0,638,0
2022-05-09,port183,Buenaventura,3,1,67697,1616,62110,5586,0,0,0,0,1616,0,0,0
2022-05-10,port183,Buenaventura,7,3,57151,66,24836,19811,10491,0,2011,0,0,0,0,66
2022-05-11,port183,Buenaventura,3,1,63036,0,54023,9012,0,0,0,0,0,0,0,0
2022-05-12,port183,Buenaventura,3,3,22006,1616,0,22006,0,0,0,0,1616,0,0,0
2022-05-13,port183,Buenaventura,3,0,9829,19710,0,0,0,9829,0,19710,0,0,0,0
2022-05-14,port183,Buenaventura,5,2,80207,651,53157,21566,0,5483,0,0,0,0,651,0
2022-05-15,port183,Buenaventura,4,1,23221,1116,0,0,4719,18501,0,0,1116,0,0,0
2022-05-16,port183,Buenaventura,3,2,36672,4288,34516,2156,0,0,0,0,4288,0,0,0
2022-05-17,port183,Buenaventura,1,1,0,0,0,0,0,0,0,0,0,0,0,0
2022-05-18,port183,Buenaventura,4,2,23711,0,4076,19634,0,0,0,0,0,0,0,0
2022-05-19,port183,Buenaventura,1,0,1751,0,1751,0,0,0,0,0,0,0,0,0
2022-05-20,port183,Buenaventura,1,1,11621,0,0,11621,0,0,0,0,0,0,0,0
2022-05-21,port183,Buenaventura,1,0,29619,0,29619,0,0,0,0,0,0,0,0,0
2022-05-22,port183,Buenaventura,2,1,9407,0,3034,6372,0,0,0,0,0,0,0,0
2022-05-23,port183,Buenaventura,2,2,7815,4816,0,7815,0,0,0,0,4816,0,0,0
2022-05-24,port183,Buenaventura,3,1,21328,10149,21328,0,0,0,0,0,10149,0,0,0
2022-05-25,port183,Buenaventura,4,2,41478,18636,28651,12826,0,0,0,0,18115,0,521,0
2022-05-26,port183,Buenaventura,2,1,24403,2912,20627,3776,0,0,0,2912,0,0,0,0
2022-05-27,port183,Buenaventura,3,0,20312,0,0,0,20312,0,0,0,0,0,0,0
2022-05-28,port183,Buenaventura,1,0,0,34615,0,0,0,0,0,34615,0,0,0,0
2022-05-29,port183,Buenaventura,7,2,67510,6973,20964,7641,4708,31174,3022,0,6973,0,0,0
2022-05-30,port183,Buenaventura,4,3,25985,1830,0,25117,0,0,868,0,1830,0,0,0
2022-05-31,port183,Buenaventura,2,0,0,0,0,0,0,0,0,0,0,0,0,0
2022-06-01,port183,Buenaventura,6,4,41040,0,0,40442,0,0,598,0,0,0,0,0
2022-06-02,port183,Buenaventura,1,1,3245,0,0,3245,0,0,0,0,0,0,0,0
2022-06-03,port183,Buenaventura,2,0,18694,0,18694,0,0,0,0,0,0,0,0,0
2022-06-04,port183,Buenaventura,4,1,35495,0,0,6127,10200,13889,5277,0,0,0,0,0
2022-06-05,port183,Buenaventura,4,2,13863,1108,0,10489,1322,0,2050,0,1108,0,0,0
2022-06-06,port183,Buenaventura,1,0,35498,0,35498,0,0,0,0,0,0,0,0,0
2022-06-07,port183,Buenaventura,3,0,60059,651,54575,0,0,5483,0,0,0,0,651,0
2022-06-08,port183,Buenaventura,4,2,50151,0,18203,26574,0,5373,0,0,0,0,0,0
2022-06-09,port183,Buenaventura,3,1,29102,0,0,27782,0,0,1319,0,0,0,0,0
2022-06-10,port183,Buenaventura,2,2,11121,4658,0,11121,0,0,0,0,4658,0,0,0
2022-06-11,port183,Buenaventura,5,2,89224,311,49840,34206,0,5176,0,0,0,0,311,0
2022-06-12,port183,Buenaventura,6,3,79095,26932,54605,11191,0,13298,0,0,26932,0,0,0
2022-06-13,port183,Buenaventura,3,2,10826,6476,5239,5586,0,0,0,0,6476,0,0,0
2022-06-14,port183,Buenaventura,2,1,10825,0,3293,7531,0,0,0,0,0,0,0,0
2022-06-15,port183,Buenaventura,3,2,10208,0,0,10208,0,0,0,0,0,0,0,0
2022-06-16,port183,Buenaventura,1,1,0,1385,0,0,0,0,0,0,1385,0,0,0
2022-06-17,port183,Buenaventura,2,1,1444,0,0,543,0,901,0,0,0,0,0,0
2022-06-18,port183,Buenaventura,2,1,59377,0,53269,6107,0,0,0,0,0,0,0,0
2022-06-19,port183,Buenaventura,4,2,47310,606,33796,7889,5624,0,0,0,0,606,0,0
2022-06-20,port183,Buenaventura,2,1,7811,3105,7811,0,0,0,0,0,3105,0,0,0
2022-06-21,port183,Buenaventura,3,2,10399,29556,0,10399,0,0,0,29556,0,0,0,0
2022-06-22,port183,Buenaventura,4,2,12908,321,0,7966,4942,0,0,0,321,0,0,0
2022-06-23,port183,Buenaventura,2,0,5238,0,5238,0,0,0,0,0,0,0,0,0
2022-06-24,port183,Buenaventura,3,2,42569,0,0,10313,0,32256,0,0,0,0,0,0
2022-06-25,port183,Buenaventura,2,0,29252,0,29252,0,0,0,0,0,0,0,0,0
2022-06-26,port183,Buenaventura,2,1,987,3937,0,0,0,0,987,0,3871,0,0,66
2022-06-27,port183,Buenaventura,6,2,81282,5863,70658,10624,0,0,0,5254,609,0,0,0
2022-06-28,port183,Buenaventura,2,1,8823,0,0,5562,0,0,3261,0,0,0,0,0
2022-06-29,port183,Buenaventura,3,2,19530,0,0,18827,0,703,0,0,0,0,0,0
2022-06-30,port183,Buenaventura,7,2,62926,0,30568,26577,3101,2678,0,0,0,0,0,0
2022-07-01,port183,Buenaventura,2,1,13403,2262,0,13403,0,0,0,0,0,0,0,2262
2022-07-02,port183,Buenaventura,2,1,60832,0,49849,10983,0,0,0,0,0,0,0,0
2022-07-03,port183,Buenaventura,4,1,9384,0,0,4664,4719,0,0,0,0,0,0,0
2022-07-04,port183,Buenaventura,2,1,2690,1229,0,2690,0,0,0,0,0,0,1229,0
2022-07-05,port183,Buenaventura,2,2,23302,0,0,23302,0,0,0,0,0,0,0,0
2022-07-06,port183,Buenaventura,3,0,54885,0,51794,0,0,3090,0,0,0,0,0,0
2022-07-07,port183,Buenaventura,6,2,66594,0,54535,11033,0,0,1025,0,0,0,0,0
2022-07-08,port183,Buenaventura,3,0,80656,0,79111,0,0,0,1544,0,0,0,0,0
2022-07-09,port183,Buenaventura,4,2,63104,9757,50208,12895,0,0,0,8141,1616,0,0,0
2022-07-10,port183,Buenaventura,3,2,7965,1616,0,5586,0,0,2378,0,1616,0,0,0
2022-07-11,port183,Buenaventura,1,1,4304,0,0,4304,0,0,0,0,0,0,0,0
2022-07-12,port183,Buenaventura,2,0,43865,0,43865,0,0,0,0,0,0,0,0,0
2022-07-13,port183,Buenaventura,4,3,29661,0,0,29661,0,0,0,0,0,0,0,0
2022-07-14,port183,Buenaventura,1,1,3656,0,0,3656,0,0,0,0,0,0,0,0
2022-07-15,port183,Buenaventura,3,1,31452,2662,31452,0,0,0,0,0,2662,0,0,0
2022-07-16,port183,Buenaventura,2,0,23203,0,23203,0,0,0,0,0,0,0,0,0
2022-07-17,port183,Buenaventura,3,2,54332,1616,47183,7148,0,0,0,0,1616,0,0,0
2022-07-18,port183,Buenaventura,3,1,61027,0,56833,4194,0,0,0,0,0,0,0,0
2022-07-19,port183,Buenaventura,2,1,37983,0,37343,640,0,0,0,0,0,0,0,0
2022-07-20,port183,Buenaventura,4,2,46853,0,0,24095,17471,5285,0,0,0,0,0,0
2022-07-21,port183,Buenaventura,2,2,39508,3664,0,39508,0,0,0,0,3664,0,0,0
2022-07-22,port183,Buenaventura,1,0,1977,0,0,0,0,1977,0,0,0,0,0,0
2022-07-23,port183,Buenaventura,2,1,3467,21949,0,0,3467,0,0,0,21949,0,0,0
2022-07-24,port183,Buenaventura,6,3,17093,1616,0,13915,0,1408,1768,0,1616,0,0,0
2022-07-25,port183,Buenaventura,4,2,28383,0,0,28383,0,0,0,0,0,0,0,0
2022-07-26,port183,Buenaventura,3,2,7818,0,0,7818,0,0,0,0,0,0,0,0
2022-07-27,port183,Buenaventura,3,3,39033,0,0,39033,0,0,0,0,0,0,0,0
2022-07-28,port183,Buenaventura,4,1,40965,0,13300,19972,0,7692,0,0,0,0,0,0
2022-07-29,port183,Buenaventura,3,2,12285,0,0,12285,0,0,0,0,0,0,0,0
2022-07-30,port183,Buenaventura,6,1,64149,2912,41535,4372,0,17372,868,2912,0,0,0,0
2022-07-31,port183,Buenaventura,3,3,10663,6258,0,10663,0,0,0,0,6258,0,0,0
2022-08-01,port183,Buenaventura,2,1,53088,3314,53088,0,0,0,0,0,3314,0,0,0
2022-08-02,port183,Buenaventura,3,2,31560,0,9278,22281,0,0,0,0,0,0,0,0
2022-08-03,port183,Buenaventura,4,4,22820,1937,0,22820,0,0,0,0,1937,0,0,0
2022-08-04,port183,Buenaventura,2,0,106297,0,106297,0,0,0,0,0,0,0,0,0
2022-08-05,port183,Buenaventura,5,2,8674,11003,5745,0,0,1942,987,0,10937,0,0,66
2022-08-06,port183,Buenaventura,0,0,0,0,0,0,0,0,0,0,0,0,0,0
2022-08-07,port183,Buenaventura,2,1,0,6228,0,0,0,0,0,0,6228,0,0,0
2022-08-08,port183,Buenaventura,2,1,34240,891,34240,0,0,0,0,0,891,0,0,0
2022-08-09,port183,Buenaventura,5,2,49617,0,35945,9673,3997,0,0,0,0,0,0,0
2022-08-10,port183,Buenaventura,3,0,23050,0,20715,0,0,2334,0,0,0,0,0,0
2022-08-11,port183,Buenaventura,2,2,26675,0,0,26675,0,0,0,0,0,0,0,0
2022-08-12,port183,Buenaventura,1,0,0,1264,0,0,0,0,0,0,0,0,1264,0
2022-08-13,port183,Buenaventura,2,1,25550,0,0,25550,0,0,0,0,0,0,0,0
2022-08-14,port183,Buenaventura,3,1,13496,1616,7909,5586,0,0,0,0,1616,0,0,0
2022-08-15,port183,Buenaventura,3,2,4691,10878,0,4691,0,0,0,0,10878,0,0,0
2022-08-16,port183,Buenaventura,7,6,28987,8032,0,26666,0,2320,0,0,8032,0,0,0
2022-08-17,port183,Buenaventura,4,2,14818,0,0,14818,0,0,0,0,0,0,0,0
2022-08-18,port183,Buenaventura,5,3,36371,1616,23833,12538,0,0,0,0,1616,0,0,0
2022-08-19,port183,Buenaventura,4,2,12333,0,0,12333,0,0,0,0,0,0,0,0
2022-08-20,port183,Buenaventura,2,1,15234,0,12772,2462,0,0,0,0,0,0,0,0
2022-08-21,port183,Buenaventura,3,3,0,5659,0,0,0,0,0,0,5659,0,0,0
2022-08-22,port183,Buenaventura,3,0,50856,52037,50856,0,0,0,0,52037,0,0,0,0
2022-08-23,port183,Buenaventura,3,1,58432,1616,52845,5586,0,0,0,0,1616,0,0,0
2022-08-24,port183,Buenaventura,3,2,50208,0,36598,13610,0,0,0,0,0,0,0,0
2022-08-25,port183,Buenaventura,3,1,19163,10967,1937,17225,0,0,0,10967,0,0,0,0
2022-08-26,port183,Buenaventura,3,1,8568,0,7581,986,0,0,0,0,0,0,0,0
2022-08-27,port183,Buenaventura,0,0,0,0,0,0,0,0,0,0,0,0,0,0
2022-08-28,port183,Buenaventura,4,4,19268,7648,0,19268,0,0,0,0,7648,0,0,0
2022-08-29,port183,Buenaventura,5,3,27565,0,3474,24091,0,0,0,0,0,0,0,0
2022-08-30,port183,Buenaventura,4,2,56576,0,32445,23692,0,438,0,0,0,0,0,0
2022-08-31,port183,Buenaventura,5,2,57988,0,29088,28899,0,0,0,0,0,0,0,0
2022-09-01,port183,Buenaventura,4,0,33783,2912,33783,0,0,0,0,2912,0,0,0,0
2022-09-02,port183,Buenaventura,4,1,59056,0,51125,1586,4719,1624,0,0,0,0,0,0
2022-09-03,port183,Buenaventura,3,3,25404,0,0,25404,0,0,0,0,0,0,0,0
2022-09-04,port183,Buenaventura,4,2,4192,15794,0,3278,0,913,0,14532,1262,0,0,0
2022-09-05,port183,Buenaventura,5,2,85494,0,61294,22609,1590,0,0,0,0,0,0,0
2022-09-06,port183,Buenaventura,2,0,0,0,0,0,0,0,0,0,0,0,0,0
2022-09-07,port183,Buenaventura,6,2,102402,9423,50283,31924,0,20195,0,9423,0,0,0,0
2022-09-08,port183,Buenaventura,1,0,1025,0,0,0,0,0,1025,0,0,0,0,0
2022-09-09,port183,Buenaventura,3,2,19129,3749,0,10169,0,8959,0,0,3749,0,0,0
2022-09-10,port183,Buenaventura,2,2,5586,12691,0,5586,0,0,0,0,12691,0,0,0
2022-09-11,port183,Buenaventura,3,2,9936,1616,0,9936,0,0,0,0,1616,0,0,0
2022-09-12,port183,Buenaventura,5,1,22818,11023,22049,769,0,0,0,11023,0,0,0,0
2022-09-13,port183,Buenaventura,2,2,8287,1616,0,8287,0,0,0,0,1616,0,0,0
2022-09-14,port183,Buenaventura,6,4,85671,330,52847,16574,0,16249,0,0,330,0,0,0
2022-09-15,port183,Buenaventura,4,1,10403,672,0,2189,5624,1601,987,0,0,606,0,66
2022-09-16,port183,Buenaventura,2,1,30178,2191,0,0,0,30178,0,0,2191,0,0,0
2022-09-17,port183,Buenaventura,3,1,17647,0,0,12993,4090,0,563,0,0,0,0,0
2022-09-18,port183,Buenaventura,1,1,5586,1616,0,5586,0,0,0,0,1616,0,0,0
2022-09-19,port183,Buenaventura,6,2,66913,66,61553,4372,0,0,987,0,0,0,0,66
2022-09-20,port183,Buenaventura,1,0,34199,0,34199,0,0,0,0,0,0,0,0,0
2022-09-21,port183,Buenaventura,4,2,20457,0,5209,9293,5954,0,0,0,0,0,0,0
2022-09-22,port183,Buenaventura,1,1,5586,1616,0,5586,0,0,0,0,1616,0,0,0
2022-09-23,port183,Buenaventura,4,2,2256,34108,0,0,0,0,2256,0,5501,0,28606,0
2022-09-24,port183,Buenaventura,3,1,8199,3688,0,3553,0,4645,0,3688,0,0,0,0
2022-09-25,port183,Buenaventura,2,0,5624,606,0,0,5624,0,0,0,0,606,0,0
2022-09-26,port183,Buenaventura,4,1,68734,606,41749,5424,5624,15935,0,0,0,606,0,0
2022-09-27,port183,Buenaventura,3,2,57688,4259,52101,5586,0,0,0,0,4259,0,0,0
2022-09-28,port183,Buenaventura,4,3,21442,0,0,21058,0,383,0,0,0,0,0,0
2022-09-29,port183,Buenaventura,3,0,8781,28883,0,0,8781,0,0,28883,0,0,0,0
2022-09-30,port183,Buenaventura,5,3,45343,3099,0,25252,20090,0,0,0,3099,0,0,0
2022-10-01,port183,Buenaventura,2,2,11982,0,0,11982,0,0,0,0,0,0,0,0
2022-10-02,port183,Buenaventura,2,0,0,18096,0,0,0,0,0,0,0,0,18096,0
2022-10-03,port183,Buenaventura,4,4,11371,4714,0,11371,0,0,0,0,4714,0,0,0
2022-10-04,port183,Buenaventura,6,2,131559,0,126851,4708,0,0,0,0,0,0,0,0
2022-10-05,port183,Buenaventura,2,1,7703,0,0,7703,0,0,0,0,0,0,0,0
2022-10-06,port183,Buenaventura,1,1,22157,0,0,22157,0,0,0,0,0,0,0,0
2022-10-07,port183,Buenaventura,6,3,13492,0,1050,12442,0,0,0,0,0,0,0,0
2022-10-08,port183,Buenaventura,3,1,58591,6752,58591,0,0,0,0,0,6752,0,0,0
2022-10-09,port183,Buenaventura,3,3,14038,16427,0,14038,0,0,0,0,16427,0,0,0
2022-10-10,port183,Buenaventura,2,1,2389,5381,0,0,0,0,2389,0,5381,0,0,0
2022-10-11,port183,Buenaventura,4,2,59582,1961,51068,3029,0,5483,0,0,1309,0,651,0
2022-10-12,port183,Buenaventura,4,3,67040,0,31805,35235,0,0,0,0,0,0,0,0
2022-10-13,port183,Buenaventura,3,1,9080,0,0,4174,693,4212,0,0,0,0,0,0
2022-10-14,port183,Buenaventura,3,2,40592,0,36879,3713,0,0,0,0,0,0,0,0
2022-10-15,port183,Buenaventura,1,1,28706,0,0,28706,0,0,0,0,0,0,0,0
2022-10-16,port183,Buenaventura,6,4,29997,10133,527,27656,0,1813,0,0,10133,0,0,0
2022-10-17,port183,Buenaventura,3,0,6449,4910,1107,0,5342,0,0,0,0,4910,0,0
2022-10-18,port183,Buenaventura,2,2,2262,0,0,2262,0,0,0,0,0,0,0,0
2022-10-19,port183,Buenaventura,3,1,11282,51964,0,8718,0,0,2563,51964,0,0,0,0
2022-10-20,port183,Buenaventura,4,2,17921,0,0,12965,0,4955,0,0,0,0,0,0
2022-10-21,port183,Buenaventura,3,1,98070,0,90768,7301,0,0,0,0,0,0,0,0
2022-10-22,port183,Buenaventura,1,0,0,0,0,0,0,0,0,0,0,0,0,0
2022-10-23,port183,Buenaventura,3,2,12086,4451,0,12086,0,0,0,0,4451,0,0,0
2022-10-24,port183,Buenaventura,5,3,71137,2405,64002,7134,0,0,0,0,2405,0,0,0
2022-10-25,port183,Buenaventura,5,2,46189,0,43357,2831,0,0,0,0,0,0,0,0
2022-10-26,port183,Buenaventura,3,2,29419,4763,0,24548,4870,0,0,0,4763,0,0,0
2022-10-27,port183,Buenaventura,3,1,20627,4150,20627,0,0,0,0,2912,1237,0,0,0
2022-10-28,port183,Buenaventura,3,3,4031,3859,0,4031,0,0,0,0,3859,0,0,0
2022-10-29,port183,Buenaventura,3,0,18868,606,13243,0,5624,0,0,0,0,606,0,0
2022-10-30,port183,Buenaventura,2,0,4676,498,0,0,0,4676,0,0,0,0,498,0
2022-10-31,port183,Buenaventura,5,3,19823,0,0,16387,3435,0,0,0,0,0,0,0
2022-11-01,port183,Buenaventura,3,2,9714,12305,0,9714,0,0,0,0,945,0,11360,0
2022-11-02,port183,Buenaventura,4,1,987,6159,0,0,0,0,987,6092,0,0,0,66
2022-11-03,port183,Buenaventura,1,0,0,0,0,0,0,0,0,0,0,0,0,0
2022-11-04,port183,Buenaventura,2,1,25997,0,16306,9691,0,0,0,0,0,0,0,0
2022-11-05,port183,Buenaventura,3,1,11842,77414,0,11842,0,0,0,77414,0,0,0,0
2022-11-06,port183,Buenaventura,0,0,0,0,0,0,0,0,0,0,0,0,0,0
2022-11-07,port183,Buenaventura,6,4,29291,4344,13693,15597,0,0,0,0,2737,0,1607,0
2022-11-08,port183,Buenaventura,4,1,55676,4529,47323,5586,0,0,2766,2912,1616,0,0,0
2022-11-09,port183,Buenaventura,4,2,65075,3035,51615,6031,7429,0,0,0,3035,0,0,0
2022-11-10,port183,Buenaventura,1,0,16560,0,16560,0,0,0,0,0,0,0,0,0
2022-11-11,port183,Buenaventura,2,1,16932,3518,16932,0,0,0,0,0,3518,0,0,0
2022-11-12,port183,Buenaventura,3,2,22103,0,0,22103,0,0,0,0,0,0,0,0
2022-11-13,port183,Buenaventura,4,2,16477,2203,0,10993,0,5483,0,0,1552,0,651,0
2022-11-14,port183,Buenaventura,6,3,56998,48836,37088,14426,0,5483,0,41758,6425,0,651,0
2022-11-15,port183,Buenaventura,5,3,25855,66,0,12261,0,12607,987,0,0,0,0,66
2022-11-16,port183,Buenaventura,4,2,69690,2912,55632,14058,0,0,0,2912,0,0,0,0
2022-11-17,port183,Buenaventura,1,1,15733,0,0,15733,0,0,0,0,0,0,0,0
2022-11-18,port183,Buenaventura,3,2,14144,9997,7940,6203,0,0,0,0,9997,0,0,0
2022-11-19,port183,Buenaventura,3,1,51158,5344,35443,0,15714,0,0,0,5344,0,0,0
2022-11-20,port183,Buenaventura,4,3,16590,1616,0,16590,0,0,0,0,1616,0,0,0
2022-11-21,port183,Buenaventura,4,2,48766,4529,41006,7759,0,0,0,2912,1616,0,0,0
2022-11-22,port183,Buenaventura,3,3,2037,662,0,2037,0,0,0,0,662,0,0,0
2022-11-23,port183,Buenaventura,2,1,14806,0,0,14806,0,0,0,0,0,0,0,0
2022-11-24,port183,Buenaventura,1,0,0,0,0,0,0,0,0,0,0,0,0,0
2022-11-25,port183,Buenaventura,3,3,4928,6606,0,4928,0,0,0,0,6606,0,0,0
2022-11-26,port183,Buenaventura,3,2,17426,0,0,17426,0,0,0,0,0,0,0,0
2022-11-27,port183,Buenaventura,1,0,0,25525,0,0,0,0,0,25525,0,0,0,0
2022-11-28,port183,Buenaventura,7,5,57189,56567,43023,9155,0,5009,0,0,56567,0,0,0
2022-11-29,port183,Buenaventura,2,0,8345,606,2720,0,5624,0,0,0,0,606,0,0
2022-11-30,port183,Buenaventura,4,1,11085,0,1170,9915,0,0,0,0,0,0,0,0
2022-12-01,port183,Buenaventura,1,1,25226,0,0,25226,0,0,0,0,0,0,0,0
2022-12-02,port183,Buenaventura,3,2,3455,1222,0,3455,0,0,0,0,1222,0,0,0
2022-12-03,port183,Buenaventura,4,1,27177,0,17488,9689,0,0,0,0,0,0,0,0
2022-12-04,port183,Buenaventura,5,3,42736,1338,11631,13100,0,18003,0,0,1338,0,0,0
2022-12-05,port183,Buenaventura,2,1,29879,0,0,16110,0,13768,0,0,0,0,0,0
2022-12-06,port183,Buenaventura,5,4,21234,985,3443,17790,0,0,0,0,985,0,0,0
2022-12-07,port183,Buenaventura,6,2,76893,0,51466,25427,0,0,0,0,0,0,0,0
2022-12-08,port183,Buenaventura,5,1,89710,0,85297,4413,0,0,0,0,0,0,0,0
2022-12-09,port183,Buenaventura,2,2,0,8576,0,0,0,0,0,0,8576,0,0,0
2022-12-10,port183,Buenaventura,3,2,9155,0,0,6016,0,0,3138,0,0,0,0,0
2022-12-11,port183,Buenaventura,9,2,64377,2426,53735,9185,1456,0,0,0,0,2426,0,0
2022-12-12,port183,Buenaventura,2,0,3006,764,0,0,3006,0,0,0,0,0,764,0
2022-12-13,port183,Buenaventura,4,2,53630,12830,53630,0,0,0,0,11599,1230,0,0,0
2022-12-14,port183,Buenaventura,4,3,13120,0,0,10887,0,0,2233,0,0,0,0,0
2022-12-15,port183,Buenaventura,4,2,35876,0,13402,14272,8201,0,0,0,0,0,0,0
2022-12-16,port183,Buenaventura,2,1,2122,1560,0,2122,0,0,0,1560,0,0,0,0
2022-12-17,port183,Buenaventura,2,1,14105,0,0,14105,0,0,0,0,0,0,0,0
2022-12-18,port183,Buenaventura,5,3,73521,777,61213,12308,0,0,0,0,777,0,0,0
2022-12-19,port183,Buenaventura,4,3,1803,1056,0,1803,0,0,0,0,1056,0,0,0
2022-12-20,port183,Buenaventura,4,3,12145,22989,0,12145,0,0,0,9257,13732,0,0,0
2022-12-21,port183,Buenaventura,2,2,14097,0,0,14097,0,0,0,0,0,0,0,0
2022-12-22,port183,Buenaventura,3,0,33842,74475,32855,0,0,0,987,74408,0,0,0,66
2022-12-23,port183,Buenaventura,1,0,0,2782,0,0,0,0,0,2782,0,0,0,0
2022-12-24,port183,Buenaventura,5,2,14678,5047,485,12909,0,1284,0,0,5047,0,0,0
2022-12-25,port183,Buenaventura,3,2,10390,3112,0,6098,0,4292,0,0,3112,0,0,0
2022-12-26,port183,Buenaventura,5,4,11075,1511,0,9221,0,1854,0,0,1511,0,0,0
2022-12-27,port183,Buenaventura,5,2,15111,6448,8537,5586,0,0,987,0,6382,0,0,66
2022-12-28,port183,Buenaventura,5,2,55677,4529,49003,6673,0,0,0,2912,1616,0,0,0
2022-12-29,port183,Buenaventura,1,1,0,2186,0,0,0,0,0,0,2186,0,0,0
2022-12-30,port183,Buenaventura,5,0,40992,16345,40992,0,0,0,0,12184,0,4161,0,0
2022-12-31,port183,Buenaventura,1,1,0,9924,0,0,0,0,0,0,9924,0,0,0
2023-01-01,port183,Buenaventura,3,3,18577,3232,0,18577,0,0,0,0,3232,0,0,0
2023-01-02,port183,Buenaventura,2,1,22547,0,0,5497,17050,0,0,0,0,0,0,0
2023-01-03,port183,Buenaventura,2,2,26934,3007,0,26934,0,0,0,0,3007,0,0,0
2023-01-04,port183,Buenaventura,7,3,21766,2656,0,7032,14733,0,0,1097,1558,0,0,0
2023-01-05,port183,Buenaventura,4,1,37934,0,26762,10544,0,626,0,0,0,0,0,0
2023-01-06,port183,Buenaventura,5,2,47060,3714,37615,4645,4799,0,0,0,3714,0,0,0
2023-01-07,port183,Buenaventura,3,1,6784,1616,0,5586,0,0,1197,0,1616,0,0,0
2023-01-08,port183,Buenaventura,4,2,40964,13317,30721,10242,0,0,0,11701,1616,0,0,0
2023-01-09,port183,Buenaventura,5,3,24452,1616,0,24452,0,0,0,0,1616,0,0,0
2023-01-10,port183,Buenaventura,3,1,7691,318,2951,0,4740,0,0,0,318,0,0,0
2023-01-11,port183,Buenaventura,3,2,38183,0,9985,28198,0,0,0,0,0,0,0,0
2023-01-12,port183,Buenaventura,3,1,17892,0,7150,8183,0,0,2559,0,0,0,0,0
2023-01-13,port183,Buenaventura,3,1,27220,1550,26835,0,0,385,0,0,1550,0,0,0
2023-01-14,port183,Buenaventura,0,0,0,0,0,0,0,0,0,0,0,0,0,0
2023-01-15,port183,Buenaventura,7,5,53502,11612,39552,13950,0,0,0,0,11612,0,0,0
2023-01-16,port183,Buenaventura,1,0,868,0,0,0,0,0,868,0,0,0,0,0
2023-01-17,port183,Buenaventura,1,1,5586,1616,0,5586,0,0,0,0,1616,0,0,0
2023-01-18,port183,Buenaventura,3,2,18866,7599,0,330,0,18536,0,0,7599,0,0,0
2023-01-19,port183,Buenaventura,1,1,8812,0,0,8812,0,0,0,0,0,0,0,0
2023-01-20,port183,Buenaventura,2,1,1677,6668,1677,0,0,0,0,0,6668,0,0,0
2023-01-21,port183,Buenaventura,1,1,0,6853,0,0,0,0,0,0,6853,0,0,0
2023-01-22,port183,Buenaventura,2,2,6354,0,0,6354,0,0,0,0,0,0,0,0
2023-01-23,port183,Buenaventura,3,2,1208,2509,0,1208,0,0,0,0,2509,0,0,0
2023-01-24,port183,Buenaventura,4,2,23977,1616,14212,9764,0,0,0,0,1616,0,0,0
2023-01-25,port183,Buenaventura,0,0,0,0,0,0,0,0,0,0,0,0,0,0
2023-01-26,port183,Buenaventura,3,1,14807,651,0,9323,0,5483,0,0,0,0,651,0
2023-01-27,port183,Buenaventura,5,1,62109,5916,62109,0,0,0,0,0,5916,0,0,0
2023-01-28,port183,Buenaventura,3,1,21555,1616,12808,5586,0,0,3160,0,1616,0,0,0
2023-01-29,port183,Buenaventura,4,4,9421,3063,0,9421,0,0,0,0,3063,0,0,0
2023-01-30,port183,Buenaventura,4,2,26298,1616,0,26298,0,0,0,0,1616,0,0,0
2023-01-31,port183,Buenaventura,5,3,17241,4216,583,11173,0,5483,0,0,3564,0,651,0
2023-02-01,port183,Buenaventura,3,1,4808,4510,0,0,3623,0,1185,0,4510,0,0,0
2023-02-02,port183,Buenaventura,2,0,0,11733,0,0,0,0,0,0,0,0,11733,0
2023-02-03,port183,Buenaventura,1,0,0,40850,0,0,0,0,0,40850,0,0,0,0
2023-02-04,port183,Buenaventura,4,3,24364,1592,6262,18102,0,0,0,0,1592,0,0,0
2023-02-05,port183,Buenaventura,7,5,68022,14570,58557,9464,0,0,0,0,14570,0,0,0
2023-02-06,port183,Buenaventura,5,2,95115,2757,84044,5586,0,5483,0,0,2106,0,651,0
2023-02-07,port183,Buenaventura,3,2,24000,0,0,20229,3770,0,0,0,0,0,0,0
2023-02-08,port183,Buenaventura,3,2,27216,7827,20627,6588,0,0,0,2912,4914,0,0,0
2023-02-09,port183,Buenaventura,3,2,33791,6525,25022,8768,0,0,0,0,6525,0,0,0
2023-02-10,port183,Buenaventura,1,1,0,4493,0,0,0,0,0,0,4493,0,0,0
2023-02-11,port183,Buenaventura,3,1,30470,651,17968,7018,0,5483,0,0,0,0,651,0
2023-02-12,port183,Buenaventura,5,4,40518,2856,28426,12091,0,0,0,0,2856,0,0,0
2023-02-13,port183,Buenaventura,7,4,22884,4856,0,4594,0,17777,512,1119,3736,0,0,0
2023-02-14,port183,Buenaventura,4,2,8388,1946,0,5586,0,0,2801,0,1946,0,0,0
2023-02-15,port183,Buenaventura,5,2,23610,1201,18068,5541,0,0,0,0,1201,0,0,0
2023-02-16,port183,Buenaventura,5,3,57958,8250,50323,2150,0,5483,0,0,7598,0,651,0
2023-02-17,port183,Buenaventura,3,0,43212,12643,43212,0,0,0,0,12643,0,0,0,0
2023-02-18,port183,Buenaventura,3,0,38445,0,38445,0,0,0,0,0,0,0,0,0
2023-02-19,port183,Buenaventura,5,3,46895,3098,40623,6272,0,0,0,0,3098,0,0,0
2023-02-20,port183,Buenaventura,4,4,15125,8973,0,15125,0,0,0,0,8973,0,0,0
2023-02-21,port183,Buenaventura,5,2,6154,1285,0,671,0,5483,0,0,634,0,651,0
2023-02-22,port183,Buenaventura,4,3,9802,11980,2419,7382,0,0,0,0,11980,0,0,0
2023-02-23,port183,Buenaventura,1,1,5586,1616,0,5586,0,0,0,0,1616,0,0,0
2023-02-24,port183,Buenaventura,1,0,18237,0,0,0,18237,0,0,0,0,0,0,0
2023-02-25,port183,Buenaventura,3,1,3287,12010,0,3287,0,0,0,0,0,0,12010,0
2023-02-26,port183,Buenaventura,4,1,15238,23299,7906,7332,0,0,0,23299,0,0,0,0
2023-02-27,port183,Buenaventura,4,3,20584,11429,8119,12464,0,0,0,0,11429,0,0,0
2023-02-28,port183,Buenaventura,2,1,5624,2116,0,0,5624,0,0,0,1510,606,0,0
2023-03-01,port183,Buenaventura,6,4,58640,9386,53031,5609,0,0,0,0,5418,0,3968,0
2023-03-02,port183,Buenaventura,2,1,27311,1616,21724,5586,0,0,0,0,1616,0,0,0
2023-03-03,port183,Buenaventura,4,0,68284,0,53876,0,958,13449,0,0,0,0,0,0
2023-03-04,port183,Buenaventura,2,1,3695,73556,0,3695,0,0,0,73556,0,0,0,0
2023-03-05,port183,Buenaventura,6,3,66386,4845,54998,5586,3059,2741,0,0,4845,0,0,0
2023-03-06,port183,Buenaventura,2,1,19639,1807,0,0,0,19639,0,0,1807,0,0,0
2023-03-07,port183,Buenaventura,3,1,14034,651,0,8550,0,5483,0,0,0,0,651,0
2023-03-08,port183,Buenaventura,6,4,57857,319,24638,29205,0,4013,0,0,319,0,0,0
2023-03-09,port183,Buenaventura,0,0,0,0,0,0,0,0,0,0,0,0,0,0
2023-03-10,port183,Buenaventura,3,0,10717,66,6229,0,3500,0,987,0,0,0,0,66
2023-03-11,port183,Buenaventura,3,2,4494,3305,0,526,0,3968,0,0,3305,0,0,0
2023-03-12,port183,Buenaventura,4,3,12914,1616,0,12914,0,0,0,0,1616,0,0,0
2023-03-13,port183,Buenaventura,4,2,60458,1616,41554,18904,0,0,0,0,1616,0,0,0
2023-03-14,port183,Buenaventura,4,1,2779,44385,1669,0,0,0,1110,43623,761,0,0,0
2023-03-15,port183,Buenaventura,4,2,34902,2912,20627,14274,0,0,0,2912,0,0,0,0
2023-03-16,port183,Buenaventura,6,3,35526,18066,24298,10240,0,0,987,0,13357,0,4642,66
2023-03-17,port183,Buenaventura,2,1,35746,0,31984,3761,0,0,0,0,0,0,0,0
2023-03-18,port183,Buenaventura,3,0,75606,0,58062,0,0,17544,0,0,0,0,0,0
2023-03-19,port183,Buenaventura,3,3,7987,1949,0,7987,0,0,0,0,1949,0,0,0
2023-03-20,port183,Buenaventura,6,3,80996,1951,55927,25068,0,0,0,0,1951,0,0,0
2023-03-21,port183,Buenaventura,3,0,12050,57046,12050,0,0,0,0,57046,0,0,0,0
2023-03-22,port183,Buenaventura,5,3,14355,6429,0,9984,0,0,4371,0,6429,0,0,0
2023-03-23,port183,Buenaventura,3,2,5864,7286,0,5864,0,0,0,0,2643,0,4642,0
2023-03-24,port183,Buenaventura,2,0,7599,651,2115,0,0,5483,0,0,0,0,651,0
2023-03-25,port183,Buenaventura,5,4,52978,5524,23926,29051,0,0,0,0,5524,0,0,0
2023-03-26,port183,Buenaventura,5,3,37506,7045,29851,0,0,7655,0,0,7045,0,0,0
2023-03-27,port183,Buenaventura,2,1,22535,962,22535,0,0,0,0,0,962,0,0,0
2023-03-28,port183,Buenaventura,6,2,72336,6428,59004,12816,0,0,515,0,1616,0,4812,0
2023-03-29,port183,Buenaventura,5,1,28682,42374,0,1664,19698,4184,3134,42374,0,0,0,0
2023-03-30,port183,Buenaventura,3,2,19021,769,0,19021,0,0,0,0,0,0,769,0
2023-03-31,port183,Buenaventura,1,1,0,2687,0,0,0,0,0,0,2687,0,0,0
2023-04-01,port183,Buenaventura,4,1,47955,0,33558,1234,13162,0,0,0,0,0,0,0
2023-04-02,port183,Buenaventura,4,2,31773,8834,20627,11146,0,0,0,2912,1616,0,4305,0
2023-04-03,port183,Buenaventura,3,2,22349,0,7624,14725,0,0,0,0,0,0,0,0
2023-04-04,port183,Buenaventura,7,2,105123,17034,100604,4518,0,0,0,17034,0,0,0,0
2023-04-05,port183,Buenaventura,4,3,11906,1933,0,11906,0,0,0,0,1933,0,0,0
2023-04-06,port183,Buenaventura,3,2,12837,500,0,12837,0,0,0,0,500,0,0,0
2023-04-07,port183,Buenaventura,1,0,0,4136,0,0,0,0,0,0,0,0,4136,0
2023-04-08,port183,Buenaventura,4,3,16955,7829,0,15968,0,0,987,0,7763,0,0,66
2023-04-09,port183,Buenaventura,5,0,92352,3411,87675,0,0,4676,0,2912,0,0,498,0
2023-04-10,port183,Buenaventura,6,3,87656,1616,69684,17972,0,0,0,0,1616,0,0,0
2023-04-11,port183,Buenaventura,3,1,57534,1616,50376,5586,0,1570,0,0,1616,0,0,0
2023-04-12,port183,Buenaventura,5,3,27125,2661,10193,11448,0,5483,0,0,2009,0,651,0
2023-04-13,port183,Buenaventura,4,2,44886,8764,25593,19293,0,0,0,2912,5851,0,0,0
2023-04-14,port183,Buenaventura,3,2,0,2106,0,0,0,0,0,472,1634,0,0,0
2023-04-15,port183,Buenaventura,2,1,48450,0,34725,13724,0,0,0,0,0,0,0,0
2023-04-16,port183,Buenaventura,3,2,3713,4812,0,3713,0,0,0,0,0,0,4812,0
2023-04-17,port183,Buenaventura,4,3,59844,0,47174,12670,0,0,0,0,0,0,0,0
2023-04-18,port183,Buenaventura,2,2,46405,0,0,46405,0,0,0,0,0,0,0,0
2023-04-19,port183,Buenaventura,5,3,28595,3544,23159,4448,0,0,987,0,3477,0,0,66
2023-04-20,port183,Buenaventura,4,2,60005,0,44291,14834,879,0,0,0,0,0,0,0
2023-04-21,port183,Buenaventura,4,0,66753,0,54692,0,0,12061,0,0,0,0,0,0
2023-04-22,port183,Buenaventura,1,0,9132,0,9132,0,0,0,0,0,0,0,0,0
2023-04-23,port183,Buenaventura,3,3,27154,1616,0,27154,0,0,0,0,1616,0,0,0
2023-04-24,port183,Buenaventura,1,1,3221,0,0,3221,0,0,0,0,0,0,0,0
2023-04-25,port183,Buenaventura,4,1,40009,0,27850,12159,0,0,0,0,0,0,0,0
2023-04-26,port183,Buenaventura,4,2,66511,4812,51900,14611,0,0,0,0,0,0,4812,0
2023-04-27,port183,Buenaventura,4,2,79033,2521,77267,1766,0,0,0,0,2521,0,0,0
2023-04-28,port183,Buenaventura,1,1,2483,0,0,2483,0,0,0,0,0,0,0,0
2023-04-29,port183,Buenaventura,2,0,7865,0,6997,0,0,0,868,0,0,0,0,0
2023-04-30,port183,Buenaventura,5,3,50642,1616,19355,13481,0,17804,0,0,1616,0,0,0
2023-05-01,port183,Buenaventura,3,1,38450,0,36817,1632,0,0,0,0,0,0,0,0
2023-05-02,port183,Buenaventura,4,2,30925,491,548,24710,0,5666,0,0,491,0,0,0
2023-05-03,port183,Buenaventura,4,3,6934,4406,0,6934,0,0,0,0,4406,0,0,0
2023-05-04,port183,Buenaventura,9,4,94462,4878,48118,41896,3459,0,987,0,0,0,4812,66
2023-05-05,port183,Buenaventura,3,0,79922,0,79922,0,0,0,0,0,0,0,0,0
2023-05-06,port183,Buenaventura,5,0,45254,0,36386,0,8868,0,0,0,0,0,0,0
2023-05-07,port183,Buenaventura,2,2,5586,7680,0,5586,0,0,0,0,7680,0,0,0
2023-05-08,port183,Buenaventura,3,2,26995,1868,0,23358,0,3637,0,0,1868,0,0,0
2023-05-09,port183,Buenaventura,2,1,9693,0,8185,1507,0,0,0,0,0,0,0,0
2023-05-10,port183,Buenaventura,5,4,45017,1811,33504,11512,0,0,0,0,1811,0,0,0
2023-05-11,port183,Buenaventura,1,1,0,5015,0,0,0,0,0,0,5015,0,0,0
2023-05-12,port183,Buenaventura,4,2,22252,0,16431,5821,0,0,0,0,0,0,0,0
2023-05-13,port183,Buenaventura,4,1,0,17238,0,0,0,0,0,0,12256,0,4981,0
2023-05-14,port183,Buenaventura,5,3,31662,66,0,28715,0,1960,987,0,0,0,0,66
2023-05-15,port183,Buenaventura,7,3,69727,3115,66911,985,0,0,1830,0,3115,0,0,0
2023-05-16,port183,Buenaventura,5,2,35014,10510,28617,6397,0,0,0,10510,0,0,0,0
2023-05-17,port183,Buenaventura,3,3,20540,4883,0,20540,0,0,0,0,4883,0,0,0
2023-05-18,port183,Buenaventura,4,2,19295,0,0,13492,3968,0,1834,0,0,0,0,0
2023-05-19,port183,Buenaventura,3,0,33557,651,28074,0,0,5483,0,0,0,0,651,0
2023-05-20,port183,Buenaventura,1,0,1471,0,0,0,0,1471,0,0,0,0,0,0
2023-05-21,port183,Buenaventura,3,3,0,26438,0,0,0,0,0,0,26438,0,0,0
2023-05-22,port183,Buenaventura,7,3,44145,11193,37631,545,5969,0,0,0,11193,0,0,0
2023-05-23,port183,Buenaventura,2,2,4126,759,0,4126,0,0,0,0,759,0,0,0
2023-05-24,port183,Buenaventura,5,3,29530,0,14460,15069,0,0,0,0,0,0,0,0
2023-05-25,port183,Buenaventura,3,2,5586,7644,0,5586,0,0,0,0,7644,0,0,0
2023-05-26,port183,Buenaventura,3,1,0,4704,0,0,0,0,0,2408,2296,0,0,0
2023-05-27,port183,Buenaventura,3,2,29780,0,23162,6617,0,0,0,0,0,0,0,0
2023-05-28,port183,Buenaventura,7,3,50623,41002,45976,4647,0,0,0,20295,16401,0,4305,0
2023-05-29,port183,Buenaventura,4,2,13312,827,0,0,13312,0,0,0,827,0,0,0
2023-05-30,port183,Buenaventura,2,0,0,0,0,0,0,0,0,0,0,0,0,0
2023-05-31,port183,Buenaventura,3,1,66030,0,63804,2225,0,0,0,0,0,0,0,0
2023-06-01,port183,Buenaventura,5,2,99121,7442,75165,4661,0,19294,0,2912,4529,0,0,0
2023-06-02,port183,Buenaventura,2,2,10760,0,0,10760,0,0,0,0,0,0,0,0
2023-06-03,port183,Buenaventura,1,0,4691,0,0,0,0,0,4691,0,0,0,0,0
2023-06-04,port183,Buenaventura,4,3,25594,31349,0,25594,0,0,0,28628,2720,0,0,0
2023-06-05,port183,Buenaventura,6,4,36632,9445,18666,15725,0,2240,0,0,9445,0,0,0
2023-06-06,port183,Buenaventura,1,0,22419,0,22419,0,0,0,0,0,0,0,0,0
2023-06-07,port183,Buenaventura,5,2,28195,659,7187,18013,2993,0,0,0,659,0,0,0
2023-06-08,port183,Buenaventura,4,4,9498,2090,0,9498,0,0,0,0,2090,0,0,0
2023-06-09,port183,Buenaventura,4,2,107377,3232,96203,11173,0,0,0,0,3232,0,0,0
2023-06-10,port183,Buenaventura,4,3,12674,0,1927,10747,0,0,0,0,0,0,0,0
2023-06-11,port183,Buenaventura,4,3,6567,4632,0,6567,0,0,0,0,4632,0,0,0
2023-06-12,port183,Buenaventura,4,2,15693,1111,7959,5815,0,1917,0,0,1111,0,0,0
2023-06-13,port183,Buenaventura,2,2,317,684,0,317,0,0,0,0,684,0,0,0
2023-06-14,port183,Buenaventura,6,4,28252,9334,2932,22541,0,0,2778,0,9334,0,0,0
2023-06-15,port183,Buenaventura,3,1,1993,72967,0,1160,0,0,832,72967,0,0,0,0
2023-06-16,port183,Buenaventura,0,0,0,0,0,0,0,0,0,0,0,0,0,0
2023-06-17,port183,Buenaventura,0,0,0,0,0,0,0,0,0,0,0,0,0,0
2023-06-18,port183,Buenaventura,3,1,47414,5439,47414,0,0,0,0,0,5439,0,0,0
2023-06-19,port183,Buenaventura,4,3,24676,5019,0,7052,0,17624,0,0,5019,0,0,0
2023-06-20,port183,Buenaventura,4,2,33998,38339,20974,13023,0,0,0,36722,1616,0,0,0
2023-06-21,port183,Buenaventura,6,4,18618,14260,0,14807,3810,0,0,0,14260,0,0,0
2023-06-22,port183,Buenaventura,2,1,5861,0,0,5823,0,38,0,0,0,0,0,0
2023-06-23,port183,Buenaventura,2,1,3931,0,0,3931,0,0,0,0,0,0,0,0
2023-06-24,port183,Buenaventura,1,0,2061,0,0,0,0,0,2061,0,0,0,0,0
2023-06-25,port183,Buenaventura,4,2,16910,20165,0,10911,0,5483,514,0,19513,0,651,0
2023-06-26,port183,Buenaventura,7,5,65501,9374,59136,6365,0,0,0,1749,7625,0,0,0
2023-06-27,port183,Buenaventura,4,3,7617,52869,0,7617,0,0,0,51785,1084,0,0,0
2023-06-28,port183,Buenaventura,3,3,9037,0,0,9037,0,0,0,0,0,0,0,0
2023-06-29,port183,Buenaventura,2,0,20627,13353,20627,0,0,0,0,2912,0,0,10440,0
2023-06-30,port183,Buenaventura,2,1,8191,0,0,8191,0,0,0,0,0,0,0,0
2023-07-01,port183,Buenaventura,1,1,2647,0,0,2647,0,0,0,0,0,0,0,0
2023-07-02,port183,Buenaventura,3,2,19248,3159,13661,5586,0,0,0,0,3159,0,0,0
2023-07-03,port183,Buenaventura,6,5,11371,2734,0,11371,0,0,0,0,2734,0,0,0
2023-07-04,port183,Buenaventura,4,2,51180,2912,20627,17926,0,12626,0,2912,0,0,0,0
2023-07-05,port183,Buenaventura,6,3,38413,3414,20627,17786,0,0,0,2912,501,0,0,0
2023-07-06,port183,Buenaventura,2,1,29490,0,24802,4687,0,0,0,0,0,0,0,0
2023-07-07,port183,Buenaventura,0,0,0,0,0,0,0,0,0,0,0,0,0,0
2023-07-08,port183,Buenaventura,3,1,25253,5413,25253,0,0,0,0,0,5413,0,0,0
2023-07-09,port183,Buenaventura,1,0,0,0,0,0,0,0,0,0,0,0,0,0
2023-07-10,port183,Buenaventura,4,3,19326,1616,5628,13698,0,0,0,0,1616,0,0,0
2023-07-11,port183,Buenaventura,3,1,16734,66,13557,2189,0,0,987,0,0,0,0,66
2023-07-12,port183,Buenaventura,5,4,14438,27025,0,14438,0,0,0,25754,1271,0,0,0
2023-07-13,port183,Buenaventura,8,4,51483,4009,8758,42724,0,0,0,0,3232,0,777,0
2023-07-14,port183,Buenaventura,2,1,10832,0,9601,1230,0,0,0,0,0,0,0,0
2023-07-15,port183,Buenaventura,4,2,8057,1254,0,6653,0,381,1022,0,1254,0,0,0
2023-07-16,port183,Buenaventura,6,3,49497,19035,48201,785,0,0,509,0,19035,0,0,0
2023-07-17,port183,Buenaventura,4,2,6128,1616,0,6128,0,0,0,0,1616,0,0,0
2023-07-18,port183,Buenaventura,6,2,132436,0,117267,2930,0,12239,0,0,0,0,0,0
2023-07-19,port183,Buenaventura,5,4,43005,1616,0,31497,11507,0,0,0,1616,0,0,0
2023-07-20,port183,Buenaventura,3,1,25543,2009,25543,0,0,0,0,0,2009,0,0,0
2023-07-21,port183,Buenaventura,2,2,9310,1616,0,9310,0,0,0,0,1616,0,0,0
2023-07-22,port183,Buenaventura,3,1,65002,0,57260,7741,0,0,0,0,0,0,0,0
2023-07-23,port183,Buenaventura,2,2,0,3237,0,0,0,0,0,0,3237,0,0,0
2023-07-24,port183,Buenaventura,4,3,8878,3213,3291,5586,0,0,0,0,3213,0,0,0
2023-07-25,port183,Buenaventura,1,0,0,0,0,0,0,0,0,0,0,0,0,0
2023-07-26,port183,Buenaventura,4,3,34460,631,25017,9442,0,0,0,0,631,0,0,0
2023-07-27,port183,Buenaventura,2,1,21965,0,0,21965,0,0,0,0,0,0,0,0
2023-07-28,port183,Buenaventura,2,2,13820,3513,0,13820,0,0,0,0,3513,0,0,0
2023-07-29,port183,Buenaventura,3,0,23927,0,12134,0,0,8332,3460,0,0,0,0,0
2023-07-30,port183,Buenaventura,6,4,25210,12067,17983,7227,0,0,0,0,12067,0,0,0
2023-07-31,port183,Buenaventura,4,3,7908,54822,0,7908,0,0,0,54332,490,0,0,0
2023-08-01,port183,Buenaventura,2,2,11173,3232,0,11173,0,0,0,0,3232,0,0,0
2023-08-02,port183,Buenaventura,5,3,49398,328,19778,26119,0,0,3500,0,328,0,0,0
2023-08-03,port183,Buenaventura,2,2,1078,3036,0,1078,0,0,0,0,3036,0,0,0
2023-08-04,port183,Buenaventura,5,3,18412,2066,0,16437,0,0,1974,0,1933,0,0,133
2023-08-05,port183,Buenaventura,3,1,34192,4873,34192,0,0,0,0,0,4873,0,0,0
2023-08-06,port183,Buenaventura,2,2,23811,0,0,23811,0,0,0,0,0,0,0,0
2023-08-07,port183,Buenaventura,6,4,9062,0,0,7035,0,1370,656,0,0,0,0,0
2023-08-08,port183,Buenaventura,4,1,777,0,0,777,0,0,0,0,0,0,0,0
2023-08-09,port183,Buenaventura,3,1,10997,2917,10997,0,0,0,0,0,2917,0,0,0
2023-08-10,port183,Buenaventura,5,4,49774,7604,32804,16969,0,0,0,0,7604,0,0,0
2023-08-11,port183,Buenaventura,3,2,13747,6121,11052,2694,0,0,0,0,6121,0,0,0
2023-08-12,port183,Buenaventura,4,1,65588,3878,45706,0,19882,0,0,0,3878,0,0,0
2023-08-13,port183,Buenaventura,3,2,42796,9390,37209,5586,0,0,0,0,9390,0,0,0
2023-08-14,port183,Buenaventura,6,4,72101,1616,51833,20267,0,0,0,0,1616,0,0,0
2023-08-15,port183,Buenaventura,2,2,5586,1993,0,5586,0,0,0,0,1993,0,0,0
2023-08-16,port183,Buenaventura,2,2,16648,1002,0,16648,0,0,0,0,1002,0,0,0
2023-08-17,port183,Buenaventura,2,2,0,3284,0,0,0,0,0,0,3284,0,0,0
2023-08-18,port183,Buenaventura,1,0,11631,0,11631,0,0,0,0,0,0,0,0,0
2023-08-19,port183,Buenaventura,4,2,9216,14739,9216,0,0,0,0,0,14739,0,0,0
2023-08-20,port183,Buenaventura,3,1,49234,1154,48151,1083,0,0,0,1154,0,0,0,0
2023-08-21,port183,Buenaventura,6,5,32122,68134,0,32122,0,0,0,50860,17274,0,0,0
2023-08-22,port183,Buenaventura,2,1,34136,1616,28549,5586,0,0,0,0,1616,0,0,0
2023-08-23,port183,Buenaventura,4,1,59869,0,36308,689,0,22872,0,0,0,0,0,0
2023-08-24,port183,Buenaventura,2,1,11045,1910,0,0,0,11045,0,0,1910,0,0,0
2023-08-25,port183,Buenaventura,4,3,32537,10938,6655,25882,0,0,0,0,10938,0,0,0
2023-08-26,port183,Buenaventura,7,4,42671,7577,24376,17183,0,0,1111,0,1616,0,5961,0
2023-08-27,port183,Buenaventura,2,1,43407,1616,37820,5586,0,0,0,0,1616,0,0,0
2023-08-28,port183,Buenaventura,3,3,6433,1616,0,6433,0,0,0,0,1616,0,0,0
2023-08-29,port183,Buenaventura,3,2,15030,3232,0,11173,0,3856,0,0,3232,0,0,0
2023-08-30,port183,Buenaventura,4,3,12703,1314,4393,8309,0,0,0,0,1314,0,0,0
2023-08-31,port183,Buenaventura,5,2,26117,3531,0,0,10546,15570,0,0,3531,0,0,0
2023-09-01,port183,Buenaventura,5,1,74089,12647,58753,0,0,15335,0,0,6563,0,0,6083
2023-09-02,port183,Buenaventura,2,1,3089,2507,0,0,0,0,3089,0,2507,0,0,0
2023-09-03,port183,Buenaventura,2,1,37234,1782,37234,0,0,0,0,0,1782,0,0,0
2023-09-04,port183,Buenaventura,4,3,11173,74678,0,11173,0,0,0,55762,18915,0,0,0
2023-09-05,port183,Buenaventura,3,2,35945,0,26774,9170,0,0,0,0,0,0,0,0
2023-09-06,port183,Buenaventura,3,1,38306,2912,20627,14700,2978,0,0,2912,0,0,0,0
2023-09-07,port183,Buenaventura,5,3,21421,11515,4946,7973,8501,0,0,0,11515,0,0,0
2023-09-08,port183,Buenaventura,2,1,80323,0,53088,27234,0,0,0,0,0,0,0,0
2023-09-09,port183,Buenaventura,4,3,31801,6690,20627,11173,0,0,0,2912,3777,0,0,0
2023-09-10,port183,Buenaventura,4,1,47542,2006,47081,0,0,0,460,0,2006,0,0,0
2023-09-11,port183,Buenaventura,4,3,72681,8155,55958,16723,0,0,0,0,8155,0,0,0
2023-09-12,port183,Buenaventura,2,2,5586,1616,0,5586,0,0,0,0,1616,0,0,0
2023-09-13,port183,Buenaventura,6,2,42940,0,28295,14644,0,0,0,0,0,0,0,0
2023-09-14,port183,Buenaventura,5,4,50854,3658,39907,10947,0,0,0,0,3658,0,0,0
2023-09-15,port183,Buenaventura,5,3,39542,1683,26833,11722,0,0,987,0,1616,0,0,66
2023-09-16,port183,Buenaventura,2,1,8260,2235,8260,0,0,0,0,0,2235,0,0,0
2023-09-17,port183,Buenaventura,0,0,0,0,0,0,0,0,0,0,0,0,0,0
2023-09-18,port183,Buenaventura,7,5,86998,16763,74865,12133,0,0,0,0,16763,0,0,0
2023-09-19,port183,Buenaventura,5,2,29424,35538,23757,5666,0,0,0,35538,0,0,0,0
2023-09-20,port183,Buenaventura,3,2,32059,0,22296,9763,0,0,0,0,0,0,0,0
2023-09-21,port183,Buenaventura,3,1,87845,0,62772,25072,0,0,0,0,0,0,0,0
2023-09-22,port183,Buenaventura,6,4,12466,54122,0,6696,5769,0,0,47077,7045,0,0,0
2023-09-23,port183,Buenaventura,1,0,15087,0,15087,0,0,0,0,0,0,0,0,0
2023-09-24,port183,Buenaventura,4,0,30979,0,28782,0,0,1328,868,0,0,0,0,0
2023-09-25,port183,Buenaventura,6,4,45016,6791,30531,14484,0,0,0,2912,3878,0,0,0
2023-09-26,port183,Buenaventura,4,3,26991,0,11525,15466,0,0,0,0,0,0,0,0
2023-09-27,port183,Buenaventura,1,0,2900,0,2900,0,0,0,0,0,0,0,0,0
2023-09-28,port183,Buenaventura,4,3,71429,5660,54398,17030,0,0,0,0,5660,0,0,0
2023-09-29,port183,Buenaventura,2,0,70565,0,70565,0,0,0,0,0,0,0,0,0
2023-09-30,port183,Buenaventura,2,1,52196,1616,46609,5586,0,0,0,0,1616,0,0,0
2023-10-01,port183,Buenaventura,2,2,1103,0,0,1103,0,0,0,0,0,0,0,0
2023-10-02,port183,Buenaventura,5,2,4211,20816,1104,3106,0,0,0,20427,388,0,0,0
2023-10-03,port183,Buenaventura,4,2,32211,0,0,7493,6101,18616,0,0,0,0,0,0
2023-10-04,port183,Buenaventura,4,1,18037,509,0,14817,0,0,3220,0,0,443,0,66
2023-10-05,port183,Buenaventura,3,2,7019,2558,0,5852,0,1167,0,0,2558,0,0,0
2023-10-06,port183,Buenaventura,3,1,26929,0,22083,3263,0,1582,0,0,0,0,0,0
2023-10-07,port183,Buenaventura,6,4,67482,3232,48810,18671,0,0,0,0,3232,0,0,0
2023-10-08,port183,Buenaventura,1,0,527,0,527,0,0,0,0,0,0,0,0,0
2023-10-09,port183,Buenaventura,7,4,76836,4745,34326,36188,0,5334,987,0,4678,0,0,66
2023-10-10,port183,Buenaventura,5,3,6301,2941,0,2491,3810,0,0,0,2941,0,0,0
2023-10-11,port183,Buenaventura,3,2,30222,0,0,30222,0,0,0,0,0,0,0,0
2023-10-12,port183,Buenaventura,6,5,19400,8482,0,19400,0,0,0,547,7935,0,0,0
2023-10-13,port183,Buenaventura,1,1,2573,0,0,2573,0,0,0,0,0,0,0,0
2023-10-14,port183,Buenaventura,1,1,0,5558,0,0,0,0,0,0,5558,0,0,0
2023-10-15,port183,Buenaventura,3,2,4937,0,0,4937,0,0,0,0,0,0,0,0
2023-10-16,port183,Buenaventura,5,3,7466,2105,1102,6363,0,0,0,0,2105,0,0,0
2023-10-17,port183,Buenaventura,2,1,59670,6711,59670,0,0,0,0,0,6711,0,0,0
2023-10-18,port183,Buenaventura,3,2,33918,0,0,33918,0,0,0,0,0,0,0,0
2023-10-19,port183,Buenaventura,1,1,0,4570,0,0,0,0,0,0,4570,0,0,0
2023-10-20,port183,Buenaventura,3,2,63548,1616,50954,12593,0,0,0,0,1616,0,0,0
2023-10-21,port183,Buenaventura,1,1,3344,0,0,3344,0,0,0,0,0,0,0,0
2023-10-22,port183,Buenaventura,1,1,5586,1616,0,5586,0,0,0,0,1616,0,0,0
2023-10-23,port183,Buenaventura,3,2,25231,976,22882,2349,0,0,0,0,976,0,0,0
2023-10-24,port183,Buenaventura,3,1,14885,0,12400,2485,0,0,0,0,0,0,0,0
2023-10-25,port183,Buenaventura,3,0,49975,0,49413,0,0,562,0,0,0,0,0,0
2023-10-26,port183,Buenaventura,4,1,55703,1616,47296,5586,0,2820,0,0,1616,0,0,0
2023-10-27,port183,Buenaventura,2,1,1991,66,0,1004,0,0,987,0,0,0,0,66
2023-10-28,port183,Buenaventura,6,3,30381,5319,24137,5586,0,657,0,0,5319,0,0,0
2023-10-29,port183,Buenaventura,3,2,37305,4297,31718,5586,0,0,0,0,4297,0,0,0
2023-10-30,port183,Buenaventura,6,4,84748,7051,38455,46293,0,0,0,0,7051,0,0,0
2023-10-31,port183,Buenaventura,3,2,27374,0,0,23909,3464,0,0,0,0,0,0,0
2023-11-01,port183,Buenaventura,5,2,49583,1616,30536,6727,0,12319,0,0,1616,0,0,0
2023-11-02,port183,Buenaventura,2,1,28811,1054,28811,0,0,0,0,0,1054,0,0,0
2023-11-03,port183,Buenaventura,1,0,0,967,0,0,0,0,0,0,0,0,967,0
2023-11-04,port183,Buenaventura,4,1,18871,0,11477,7394,0,0,0,0,0,0,0,0
2023-11-05,port183,Buenaventura,2,1,1188,1343,0,0,0,0,1188,0,1343,0,0,0
2023-11-06,port183,Buenaventura,3,3,16379,1087,0,16379,0,0,0,0,1087,0,0,0
2023-11-07,port183,Buenaventura,4,3,22488,1122,12855,9632,0,0,0,0,1122,0,0,0
2023-11-08,port183,Buenaventura,2,2,15070,0,0,15070,0,0,0,0,0,0,0,0
2023-11-09,port183,Buenaventura,4,2,58812,4048,34735,6311,0,17765,0,0,4048,0,0,0
2023-11-10,port183,Buenaventura,5,0,49356,23234,48332,0,0,0,1024,23234,0,0,0,0
2023-11-11,port183,Buenaventura,3,1,40336,13451,40336,0,0,0,0,0,13451,0,0,0
2023-11-12,port183,Buenaventura,3,1,0,2315,0,0,0,0,0,0,2315,0,0,0
2023-11-13,port183,Buenaventura,7,4,4447,21769,0,4447,0,0,0,0,15007,0,6762,0
2023-11-14,port183,Buenaventura,7,4,87012,4185,77206,9805,0,0,0,0,4185,0,0,0
2023-11-15,port183,Buenaventura,3,2,24117,0,0,24117,0,0,0,0,0,0,0,0
2023-11-16,port183,Buenaventura,4,2,7507,706,0,7507,0,0,0,0,0,706,0,0
2023-11-17,port183,Buenaventura,3,1,12062,18702,12062,0,0,0,0,0,18702,0,0,0
2023-11-18,port183,Buenaventura,1,1,2933,0,0,2933,0,0,0,0,0,0,0,0
2023-11-19,port183,Buenaventura,3,3,18578,1326,0,18578,0,0,0,0,1326,0,0,0
2023-11-20,port183,Buenaventura,3,3,5800,0,0,5800,0,0,0,0,0,0,0,0
2023-11-21,port183,Buenaventura,5,2,43073,1785,33650,9423,0,0,0,0,1616,169,0,0
2023-11-22,port183,Buenaventura,3,1,11365,54524,0,11365,0,0,0,54524,0,0,0,0
2023-11-23,port183,Buenaventura,1,1,10481,0,0,10481,0,0,0,0,0,0,0,0
2023-11-24,port183,Buenaventura,4,2,6513,1093,2193,4320,0,0,0,0,1093,0,0,0
2023-11-25,port183,Buenaventura,2,1,20128,0,16770,3358,0,0,0,0,0,0,0,0
2023-11-26,port183,Buenaventura,2,2,11757,13687,0,11757,0,0,0,0,13687,0,0,0
2023-11-27,port183,Buenaventura,1,0,49127,0,49127,0,0,0,0,0,0,0,0,0
2023-11-28,port183,Buenaventura,4,1,86190,1616,80603,5586,0,0,0,0,1616,0,0,0
2023-11-29,port183,Buenaventura,3,2,32806,0,0,32806,0,0,0,0,0,0,0,0
2023-11-30,port183,Buenaventura,2,1,1978,0,0,509,0,1468,0,0,0,0,0,0
2023-12-01,port183,Buenaventura,6,2,13639,82551,0,13639,0,0,0,77531,5019,0,0,0
2023-12-02,port183,Buenaventura,3,2,5586,10185,0,5586,0,0,0,0,10185,0,0,0
2023-12-03,port183,Buenaventura,3,2,23191,775,0,20935,0,0,2255,0,775,0,0,0
2023-12-04,port183,Buenaventura,3,2,5897,0,1111,4786,0,0,0,0,0,0,0,0
2023-12-05,port183,Buenaventura,4,2,18719,0,0,10326,5203,3188,0,0,0,0,0,0
2023-12-06,port183,Buenaventura,3,1,20627,3433,20627,0,0,0,0,2912,520,0,0,0
2023-12-07,port183,Buenaventura,6,3,108045,768,59481,48564,0,0,0,0,768,0,0,0
2023-12-08,port183,Buenaventura,4,1,29697,718,0,20667,0,5483,3546,0,0,0,651,66
2023-12-09,port183,Buenaventura,6,1,104074,3518,91104,7345,5624,0,0,2912,0,606,0,0
2023-12-10,port183,Buenaventura,4,3,27708,3232,15406,12302,0,0,0,0,3232,0,0,0
2023-12-11,port183,Buenaventura,4,3,18820,3884,0,13336,0,5483,0,0,3232,0,651,0
2023-12-12,port183,Buenaventura,4,1,56724,2912,55964,759,0,0,0,2912,0,0,0,0
2023-12-13,port183,Buenaventura,5,2,100825,638,76890,19194,4740,0,0,0,638,0,0,0
2023-12-14,port183,Buenaventura,3,3,14363,6098,0,14363,0,0,0,0,6098,0,0,0
2023-12-15,port183,Buenaventura,3,3,38492,1212,0,38492,0,0,0,0,1212,0,0,0
2023-12-16,port183,Buenaventura,3,2,5586,20123,0,5586,0,0,0,0,20123,0,0,0
2023-12-17,port183,Buenaventura,3,2,10570,1428,0,5086,0,5483,0,0,777,0,651,0
2023-12-18,port183,Buenaventura,3,1,43330,4529,37743,5586,0,0,0,2912,1616,0,0,0
2023-12-19,port183,Buenaventura,2,2,18909,1616,0,18909,0,0,0,0,1616,0,0,0
2023-12-20,port183,Buenaventura,4,0,36110,37210,36110,0,0,0,0,2912,0,34297,0,0
2023-12-21,port183,Buenaventura,5,3,92824,9374,57907,34916,0,0,0,0,4534,4840,0,0
2023-12-22,port183,Buenaventura,2,1,49507,1124,49507,0,0,0,0,0,1124,0,0,0
2023-12-23,port183,Buenaventura,2,1,5863,77443,0,5863,0,0,0,77443,0,0,0,0
2023-12-24,port183,Buenaventura,4,4,10084,2315,0,10084,0,0,0,0,2315,0,0,0
2023-12-25,port183,Buenaventura,3,2,2616,9817,0,2153,0,0,462,0,9817,0,0,0
2023-12-26,port183,Buenaventura,4,1,7199,1616,0,5586,836,776,0,0,1616,0,0,0
2023-12-27,port183,Buenaventura,5,2,53646,17848,35996,11403,0,6247,0,16231,1616,0,0,0
2023-12-28,port183,Buenaventura,4,4,33882,6028,0,33882,0,0,0,0,6028,0,0,0
2023-12-29,port183,Buenaventura,1,1,10161,0,0,10161,0,0,0,0,0,0,0,0
2023-12-30,port183,Buenaventura,3,1,3138,6707,0,2253,0,884,0,6707,0,0,0,0
2023-12-31,port183,Buenaventura,1,1,775,0,0,775,0,0,0,0,0,0,0,0
2024-01-01,port183,Buenaventura,1,1,5586,1616,0,5586,0,0,0,0,1616,0,0,0
2024-01-02,port183,Buenaventura,2,1,24917,0,23805,1112,0,0,0,0,0,0,0,0
2024-01-03,port183,Buenaventura,4,3,9638,0,551,9086,0,0,0,0,0,0,0,0
2024-01-04,port183,Buenaventura,3,3,28501,15448,0,28501,0,0,0,0,15448,0,0,0
2024-01-05,port183,Buenaventura,3,2,38857,0,8713,30143,0,0,0,0,0,0,0,0
2024-01-06,port183,Buenaventura,3,2,13067,7448,0,5586,0,7480,0,0,7448,0,0,0
2024-01-07,port183,Buenaventura,6,2,13215,7793,4541,8270,403,0,0,0,7793,0,0,0
2024-01-08,port183,Buenaventura,2,1,53015,3573,53015,0,0,0,0,0,3573,0,0,0
2024-01-09,port183,Buenaventura,1,0,23884,0,23884,0,0,0,0,0,0,0,0,0
2024-01-10,port183,Buenaventura,4,3,38264,0,0,38264,0,0,0,0,0,0,0,0
2024-01-11,port183,Buenaventura,3,2,87043,0,51002,36041,0,0,0,0,0,0,0,0
2024-01-12,port183,Buenaventura,2,2,2286,2503,0,2286,0,0,0,0,2503,0,0,0
2024-01-13,port183,Buenaventura,4,0,53811,0,53811,0,0,0,0,0,0,0,0,0
2024-01-14,port183,Buenaventura,7,4,65512,24213,61634,3877,0,0,0,0,24213,0,0,0
2024-01-15,port183,Buenaventura,2,1,7332,0,0,4892,0,0,2439,0,0,0,0,0
2024-01-16,port183,Buenaventura,3,0,75301,0,75301,0,0,0,0,0,0,0,0,0
2024-01-17,port183,Buenaventura,3,2,5966,2953,4514,1451,0,0,0,0,2953,0,0,0
2024-01-18,port183,Buenaventura,2,2,11319,3689,0,11319,0,0,0,0,3689,0,0,0
2024-01-19,port183,Buenaventura,3,0,29246,0,0,0,29246,0,0,0,0,0,0,0
2024-01-20,port183,Buenaventura,3,2,16244,651,0,10760,0,5483,0,0,0,0,651,0
2024-01-21,port183,Buenaventura,2,2,2447,0,0,2447,0,0,0,0,0,0,0,0
2024-01-22,port183,Buenaventura,5,2,93954,0,78213,1089,14651,0,0,0,0,0,0,0
2024-01-23,port183,Buenaventura,0,0,0,0,0,0,0,0,0,0,0,0,0,0
2024-01-24,port183,Buenaventura,2,1,47464,0,31656,15808,0,0,0,0,0,0,0,0
2024-01-25,port183,Buenaventura,2,2,8351,0,0,8351,0,0,0,0,0,0,0,0
2024-01-26,port183,Buenaventura,2,1,67413,0,51398,16014,0,0,0,0,0,0,0,0
2024-01-27,port183,Buenaventura,3,2,23189,5399,20627,2561,0,0,0,2912,2486,0,0,0
2024-01-28,port183,Buenaventura,4,3,11074,5670,0,11074,0,0,0,0,5670,0,0,0
2024-01-29,port183,Buenaventura,4,3,6808,4332,0,6808,0,0,0,0,4332,0,0,0
2024-01-30,port183,Buenaventura,0,0,0,0,0,0,0,0,0,0,0,0,0,0
2024-01-31,port183,Buenaventura,3,2,65665,0,60648,5016,0,0,0,0,0,0,0,0
2024-02-01,port183,Buenaventura,3,2,12610,4680,5809,6800,0,0,0,0,4680,0,0,0
2024-02-02,port183,Buenaventura,3,3,23409,3849,0,23409,0,0,0,0,3849,0,0,0
2024-02-03,port183,Buenaventura,4,3,2471,53435,0,2471,0,0,0,47302,6132,0,0,0
2024-02-04,port183,Buenaventura,6,3,11289,3394,1819,9469,0,0,0,0,3394,0,0,0
2024-02-05,port183,Buenaventura,4,1,10846,2559,5259,5586,0,0,0,0,1616,0,943,0
2024-02-06,port183,Buenaventura,1,1,0,758,0,0,0,0,0,0,758,0,0,0
2024-02-07,port183,Buenaventura,4,2,22209,921,0,3411,5624,13173,0,0,315,606,0,0
2024-02-08,port183,Buenaventura,1,1,8152,0,0,8152,0,0,0,0,0,0,0,0
2024-02-09,port183,Buenaventura,3,2,2010,66,0,1022,0,0,987,0,0,0,0,66
2024-02-10,port183,Buenaventura,9,3,115400,4943,58263,41019,13792,2325,0,0,4943,0,0,0
2024-02-11,port183,Buenaventura,3,2,36548,0,0,33123,3424,0,0,0,0,0,0,0
2024-02-12,port183,Buenaventura,3,2,1550,24933,0,1550,0,0,0,23983,949,0,0,0
2024-02-13,port183,Buenaventura,2,2,9510,1616,0,9510,0,0,0,0,1616,0,0,0
2024-02-14,port183,Buenaventura,1,1,0,1073,0,0,0,0,0,0,1073,0,0,0
2024-02-15,port183,Buenaventura,6,3,13592,60044,0,13592,0,0,0,53552,6491,0,0,0
2024-02-16,port183,Buenaventura,2,1,1756,545,0,0,0,1756,0,0,545,0,0,0
2024-02-17,port183,Buenaventura,4,2,27957,1616,0,19246,8711,0,0,0,1616,0,0,0
2024-02-18,port183,Buenaventura,5,2,49471,1616,26763,7911,14796,0,0,0,1616,0,0,0
2024-02-19,port183,Buenaventura,5,2,6010,1782,0,4523,0,0,1487,0,1782,0,0,0
2024-02-20,port183,Buenaventura,3,1,12013,5468,0,5794,6218,0,0,0,0,0,5468,0
2024-02-21,port183,Buenaventura,8,6,54827,1616,18700,36127,0,0,0,0,1616,0,0,0
2024-02-22,port183,Buenaventura,3,2,7048,0,0,5594,0,0,1454,0,0,0,0,0
2024-02-23,port183,Buenaventura,3,2,8623,0,0,8623,0,0,0,0,0,0,0,0
2024-02-24,port183,Buenaventura,5,2,53330,63010,53021,0,0,309,0,58646,4363,0,0,0
2024-02-25,port183,Buenaventura,3,2,0,25823,0,0,0,0,0,0,8214,17608,0,0
2024-02-26,port183,Buenaventura,3,3,34874,1616,0,34874,0,0,0,0,1616,0,0,0
2024-02-27,port183,Buenaventura,4,1,50667,0,44800,5866,0,0,0,0,0,0,0,0
2024-02-28,port183,Buenaventura,5,2,69531,21747,55434,5586,8510,0,0,0,17967,3780,0,0
2024-02-29,port183,Buenaventura,6,3,36701,1516,29324,7377,0,0,0,0,494,1022,0,0
2024-03-01,port183,Buenaventura,1,0,8047,0,8047,0,0,0,0,0,0,0,0,0
2024-03-02,port183,Buenaventura,3,2,7023,50600,0,7023,0,0,0,50600,0,0,0,0
2024-03-03,port183,Buenaventura,5,1,58609,0,56287,2322,0,0,0,0,0,0,0,0
2024-03-04,port183,Buenaventura,2,1,0,12982,0,0,0,0,0,0,12982,0,0,0
2024-03-05,port183,Buenaventura,5,1,96422,2979,88141,7293,0,0,987,2912,0,0,0,66
2024-03-06,port183,Buenaventura,2,1,1322,1594,0,0,0,1322,0,0,1594,0,0,0
2024-03-07,port183,Buenaventura,5,2,78498,0,66149,11190,1158,0,0,0,0,0,0,0
2024-03-08,port183,Buenaventura,3,2,16655,0,0,16655,0,0,0,0,0,0,0,0
2024-03-09,port183,Buenaventura,7,4,65901,4094,31131,33600,0,0,1169,0,4094,0,0,0
2024-03-10,port183,Buenaventura,5,3,24092,9804,0,18955,3267,0,1869,0,9804,0,0,0
2024-03-11,port183,Buenaventura,4,3,26227,2904,24924,1302,0,0,0,0,2904,0,0,0
2024-03-12,port183,Buenaventura,3,2,982,27254,0,655,326,0,0,0,27254,0,0,0
2024-03-13,port183,Buenaventura,3,1,81467,2912,79982,1484,0,0,0,2912,0,0,0,0
2024-03-14,port183,Buenaventura,5,2,19682,6823,4786,5983,8913,0,0,0,6823,0,0,0
2024-03-15,port183,Buenaventura,3,1,37755,0,29039,8715,0,0,0,0,0,0,0,0
2024-03-16,port183,Buenaventura,2,2,14030,0,0,14030,0,0,0,0,0,0,0,0
2024-03-17,port183,Buenaventura,4,2,16759,50754,0,10011,0,6748,0,50754,0,0,0,0
2024-03-18,port183,Buenaventura,1,1,0,0,0,0,0,0,0,0,0,0,0,0
2024-03-19,port183,Buenaventura,4,1,65825,1616,60238,5586,0,0,0,0,1616,0,0,0
2024-03-20,port183,Buenaventura,3,1,17631,929,0,17631,0,0,0,0,0,929,0,0
2024-03-21,port183,Buenaventura,3,2,74703,6586,54907,19796,0,0,0,0,6586,0,0,0
2024-03-22,port183,Buenaventura,3,1,3461,13425,3461,0,0,0,0,4828,8597,0,0,0
2024-03-23,port183,Buenaventura,3,1,25304,0,14477,10826,0,0,0,0,0,0,0,0
2024-03-24,port183,Buenaventura,1,1,4647,0,0,4647,0,0,0,0,0,0,0,0
2024-03-25,port183,Buenaventura,3,2,11490,1616,0,7756,0,3733,0,0,1616,0,0,0
2024-03-26,port183,Buenaventura,4,2,19638,27709,0,19638,0,0,0,27709,0,0,0,0
2024-03-27,port183,Buenaventura,5,3,15502,1616,0,12372,0,3129,0,0,1616,0,0,0
2024-03-28,port183,Buenaventura,5,2,37838,2552,36521,545,0,772,0,0,2552,0,0,0
2024-03-29,port183,Buenaventura,3,2,65211,1616,50211,14999,0,0,0,0,1616,0,0,0
2024-03-30,port183,Buenaventura,4,2,30784,13843,25197,5586,0,0,0,2912,10930,0,0,0
2024-03-31,port183,Buenaventura,4,3,60829,2707,54030,6799,0,0,0,0,2707,0,0,0
2024-04-01,port183,Buenaventura,0,0,0,0,0,0,0,0,0,0,0,0,0,0
2024-04-02,port183,Buenaventura,5,2,80175,0,27947,49601,2626,0,0,0,0,0,0,0
2024-04-03,port183,Buenaventura,2,2,37879,0,0,37879,0,0,0,0,0,0,0,0
2024-04-04,port183,Buenaventura,5,3,20121,14069,4026,16095,0,0,0,0,7167,6902,0,0
2024-04-05,port183,Buenaventura,0,0,0,0,0,0,0,0,0,0,0,0,0,0
2024-04-06,port183,Buenaventura,4,2,30946,1616,11436,19509,0,0,0,0,1616,0,0,0
2024-04-07,port183,Buenaventura,5,3,11228,21890,0,11228,0,0,0,20274,1616,0,0,0
2024-04-08,port183,Buenaventura,1,1,9073,0,0,9073,0,0,0,0,0,0,0,0
2024-04-09,port183,Buenaventura,3,1,34911,3084,33951,0,0,960,0,0,3084,0,0,0
2024-04-10,port183,Buenaventura,4,3,43547,0,9592,33955,0,0,0,0,0,0,0,0
2024-04-11,port183,Buenaventura,1,1,0,506,0,0,0,0,0,0,506,0,0,0
2024-04-12,port183,Buenaventura,1,1,5586,1616,0,5586,0,0,0,0,1616,0,0,0
2024-04-13,port183,Buenaventura,4,1,63999,0,58152,5846,0,0,0,0,0,0,0,0
2024-04-14,port183,Buenaventura,5,3,36224,9165,30637,5586,0,0,0,0,9165,0,0,0
2024-04-15,port183,Buenaventura,5,1,48376,15293,41281,6107,0,0,987,0,0,0,15226,66
2024-04-16,port183,Buenaventura,3,1,6273,66,0,5285,0,0,987,0,0,0,0,66
2024-04-17,port183,Buenaventura,3,3,16359,1616,0,16359,0,0,0,0,1616,0,0,0
2024-04-18,port183,Buenaventura,4,1,75649,0,64452,9033,0,2163,0,0,0,0,0,0
2024-04-19,port183,Buenaventura,2,2,10504,9766,0,10504,0,0,0,0,9766,0,0,0
2024-04-20,port183,Buenaventura,2,2,19588,0,0,19588,0,0,0,0,0,0,0,0
2024-04-21,port183,Buenaventura,4,2,54492,30341,54492,0,0,0,0,0,21024,9316,0,0
2024-04-22,port183,Buenaventura,1,1,1784,0,0,1784,0,0,0,0,0,0,0,0
2024-04-23,port183,Buenaventura,4,2,76086,1143,69916,6169,0,0,0,0,1143,0,0,0
2024-04-24,port183,Buenaventura,2,1,8834,1616,0,5586,3247,0,0,0,1616,0,0,0
2024-04-25,port183,Buenaventura,3,2,15535,1616,0,14662,0,0,872,0,1616,0,0,0
2024-04-26,port183,Buenaventura,5,2,11173,5336,0,11173,0,0,0,0,3232,0,0,2103
2024-04-27,port183,Buenaventura,2,1,43768,0,39466,4302,0,0,0,0,0,0,0,0
2024-04-28,port183,Buenaventura,5,3,26426,8464,25194,1231,0,0,0,0,8464,0,0,0
2024-04-29,port183,Buenaventura,2,1,8531,0,0,8531,0,0,0,0,0,0,0,0
2024-04-30,port183,Buenaventura,3,1,37672,2912,31042,6629,0,0,0,2912,0,0,0,0
2024-05-01,port183,Buenaventura,2,2,13154,1616,0,13154,0,0,0,0,1616,0,0,0
2024-05-02,port183,Buenaventura,4,1,70234,0,65093,2884,0,2256,0,0,0,0,0,0
2024-05-03,port183,Buenaventura,4,2,31448,1616,22081,9366,0,0,0,0,1616,0,0,0
2024-05-04,port183,Buenaventura,2,0,35348,0,16458,0,0,18890,0,0,0,0,0,0
2024-05-05,port183,Buenaventura,5,4,18768,18133,0,18768,0,0,0,12750,5383,0,0,0
2024-05-06,port183,Buenaventura,3,0,4654,939,4654,0,0,0,0,0,0,0,939,0
2024-05-07,port183,Buenaventura,3,2,10858,3064,5271,5586,0,0,0,0,3064,0,0,0
2024-05-08,port183,Buenaventura,3,1,21351,0,3510,14636,3204,0,0,0,0,0,0,0
2024-05-09,port183,Buenaventura,4,1,30475,1995,21373,0,1555,7547,0,0,1995,0,0,0
2024-05-10,port183,Buenaventura,3,2,14573,0,7723,6850,0,0,0,0,0,0,0,0
2024-05-11,port183,Buenaventura,2,2,17208,1616,0,17208,0,0,0,0,1616,0,0,0
2024-05-12,port183,Buenaventura,7,3,27161,4628,10332,16829,0,0,0,0,4628,0,0,0
2024-05-13,port183,Buenaventura,4,3,83426,1616,54534,28891,0,0,0,0,1616,0,0,0
2024-05-14,port183,Buenaventura,3,3,19288,1616,0,19288,0,0,0,0,1616,0,0,0
2024-05-15,port183,Buenaventura,3,1,0,0,0,0,0,0,0,0,0,0,0,0
2024-05-16,port183,Buenaventura,4,2,47517,1100,21403,26113,0,0,0,1100,0,0,0,0
2024-05-17,port183,Buenaventura,1,0,0,0,0,0,0,0,0,0,0,0,0,0
2024-05-18,port183,Buenaventura,3,2,6574,7131,0,5586,0,0,987,0,7064,0,0,66
2024-05-19,port183,Buenaventura,7,3,143855,4037,134225,8643,0,0,987,0,3971,0,0,66
2024-05-20,port183,Buenaventura,3,3,16760,4849,0,16760,0,0,0,0,4849,0,0,0
2024-05-21,port183,Buenaventura,6,3,70322,1616,50989,17758,0,695,878,0,1616,0,0,0
2024-05-22,port183,Buenaventura,4,3,30745,0,0,21930,0,8815,0,0,0,0,0,0
2024-05-23,port183,Buenaventura,3,2,59614,1010,42931,16682,0,0,0,0,1010,0,0,0
2024-05-24,port183,Buenaventura,4,1,7426,13795,0,5586,0,0,1839,12178,1616,0,0,0
2024-05-25,port183,Buenaventura,3,1,38693,66,31785,5920,0,0,987,0,0,0,0,66
2024-05-26,port183,Buenaventura,6,3,64281,5694,58200,6080,0,0,0,0,5694,0,0,0
2024-05-27,port183,Buenaventura,2,2,5276,0,0,5276,0,0,0,0,0,0,0,0
2024-05-28,port183,Buenaventura,2,1,0,22186,0,0,0,0,0,20876,1309,0,0,0
2024-05-29,port183,Buenaventura,4,4,36592,1616,0,36592,0,0,0,0,1616,0,0,0
2024-05-30,port183,Buenaventura,3,1,19373,6940,0,3382,0,15990,0,6940,0,0,0,0
2024-05-31,port183,Buenaventura,2,2,13084,0,0,13084,0,0,0,0,0,0,0,0
2024-06-01,port183,Buenaventura,4,3,23168,6021,20367,2800,0,0,0,0,6021,0,0,0
2024-06-02,port183,Buenaventura,6,3,50259,22405,50259,0,0,0,0,0,22405,0,0,0
2024-06-03,port183,Buenaventura,3,1,34401,2912,29525,4875,0,0,0,2912,0,0,0,0
2024-06-04,port183,Buenaventura,2,2,30353,1732,0,30353,0,0,0,0,1732,0,0,0
2024-06-05,port183,Buenaventura,5,3,40439,4528,4089,36349,0,0,0,0,4528,0,0,0
2024-06-06,port183,Buenaventura,4,1,48781,0,41993,3528,3259,0,0,0,0,0,0,0
2024-06-07,port183,Buenaventura,3,1,15111,606,7026,2459,5624,0,0,0,0,606,0,0
2024-06-08,port183,Buenaventura,4,1,104900,2912,101992,2908,0,0,0,2912,0,0,0,0
2024-06-09,port183,Buenaventura,3,2,7918,54518,0,7918,0,0,0,52901,1616,0,0,0
2024-06-10,port183,Buenaventura,1,1,7964,0,0,7964,0,0,0,0,0,0,0,0
2024-06-11,port183,Buenaventura,6,2,57945,1616,44560,10878,0,0,2506,0,1616,0,0,0
2024-06-12,port183,Buenaventura,4,3,11425,3531,0,11425,0,0,0,0,3531,0,0,0
2024-06-13,port183,Buenaventura,2,1,4175,0,0,1931,0,0,2244,0,0,0,0,0
2024-06-14,port183,Buenaventura,3,1,45116,0,24824,20291,0,0,0,0,0,0,0,0
2024-06-15,port183,Buenaventura,5,3,83868,9910,51293,23913,8660,0,0,0,9910,0,0,0
2024-06-16,port183,Buenaventura,3,2,52039,3612,52039,0,0,0,0,0,3612,0,0,0
2024-06-17,port183,Buenaventura,9,4,53221,2912,31189,22031,0,0,0,2912,0,0,0,0
2024-06-18,port183,Buenaventura,2,2,4228,3308,0,4228,0,0,0,0,3308,0,0,0
2024-06-19,port183,Buenaventura,1,1,4503,0,0,4503,0,0,0,0,0,0,0,0
2024-06-20,port183,Buenaventura,5,3,133761,5931,96681,37080,0,0,0,0,5931,0,0,0
2024-06-21,port183,Buenaventura,1,1,4698,0,0,4698,0,0,0,0,0,0,0,0
2024-06-22,port183,Buenaventura,4,3,15575,1616,0,8466,7108,0,0,0,1616,0,0,0
2024-06-23,port183,Buenaventura,5,2,61504,9531,61504,0,0,0,0,0,9531,0,0,0
2024-06-24,port183,Buenaventura,5,3,37900,1616,1061,36839,0,0,0,0,1616,0,0,0
2024-06-25,port183,Buenaventura,4,1,6469,9100,0,6469,0,0,0,3338,0,0,5762,0
2024-06-26,port183,Buenaventura,2,1,12756,0,5334,7421,0,0,0,0,0,0,0,0
2024-06-27,port183,Buenaventura,1,1,9826,0,0,9826,0,0,0,0,0,0,0,0
2024-06-28,port183,Buenaventura,4,3,25562,3366,0,20079,0,5483,0,0,2715,0,651,0
2024-06-29,port183,Buenaventura,4,3,31406,4529,20627,10778,0,0,0,2912,1616,0,0,0
2024-06-30,port183,Buenaventura,4,2,59114,2569,59114,0,0,0,0,0,2569,0,0,0
2024-07-01,port183,Buenaventura,3,2,8629,0,0,7047,0,1582,0,0,0,0,0,0
2024-07-02,port183,Buenaventura,2,1,29516,2912,20627,8889,0,0,0,2912,0,0,0,0
2024-07-03,port183,Buenaventura,2,2,8730,2516,0,8730,0,0,0,0,2516,0,0,0
2024-07-04,port183,Buenaventura,1,1,9315,0,0,9315,0,0,0,0,0,0,0,0
2024-07-05,port183,Buenaventura,0,0,0,0,0,0,0,0,0,0,0,0,0,0
2024-07-06,port183,Buenaventura,4,4,6759,8999,0,6759,0,0,0,0,8999,0,0,0
2024-07-07,port183,Buenaventura,7,1,44012,2325,35130,0,7739,0,1142,0,2325,0,0,0
2024-07-08,port183,Buenaventura,6,3,92538,4322,53443,10034,10091,18968,0,0,4322,0,0,0
2024-07-09,port183,Buenaventura,4,2,12094,1616,0,12094,0,0,0,0,1616,0,0,0
2024-07-10,port183,Buenaventura,5,3,96922,0,81229,15693,0,0,0,0,0,0,0,0
2024-07-11,port183,Buenaventura,3,0,6647,55842,0,0,0,1147,5499,55842,0,0,0,0
2024-07-12,port183,Buenaventura,4,3,9022,6649,0,5586,3435,0,0,0,6649,0,0,0
2024-07-13,port183,Buenaventura,3,1,62070,0,49220,12849,0,0,0,0,0,0,0,0
2024-07-14,port183,Buenaventura,2,2,5586,7671,0,5586,0,0,0,0,7671,0,0,0
2024-07-15,port183,Buenaventura,3,2,3761,5429,0,3252,0,0,509,0,5429,0,0,0
2024-07-16,port183,Buenaventura,5,2,4341,5273,0,1955,0,0,2385,0,5273,0,0,0
2024-07-17,port183,Buenaventura,5,3,45322,2030,17978,13997,0,13346,0,0,2030,0,0,0
2024-07-18,port183,Buenaventura,1,1,6823,0,0,6823,0,0,0,0,0,0,0,0
2024-07-19,port183,Buenaventura,2,1,30169,0,13952,16217,0,0,0,0,0,0,0,0
2024-07-20,port183,Buenaventura,6,5,70141,2226,55227,14913,0,0,0,0,2226,0,0,0
2024-07-21,port183,Buenaventura,3,1,3894,1553,3894,0,0,0,0,0,1553,0,0,0
2024-07-22,port183,Buenaventura,3,2,39687,0,11600,28086,0,0,0,0,0,0,0,0
2024-07-23,port183,Buenaventura,3,1,35805,0,32841,2964,0,0,0,0,0,0,0,0
2024-07-24,port183,Buenaventura,6,3,136845,4529,115824,21020,0,0,0,2912,1616,0,0,0
2024-07-25,port183,Buenaventura,3,1,0,24591,0,0,0,0,0,23220,1370,0,0,0
2024-07-26,port183,Buenaventura,3,2,32900,498,0,28223,0,4676,0,0,0,0,498,0
2024-07-27,port183,Buenaventura,3,3,15008,2838,0,15008,0,0,0,0,2838,0,0,0
2024-07-28,port183,Buenaventura,3,3,779,12338,0,779,0,0,0,0,12338,0,0,0
2024-07-29,port183,Buenaventura,1,0,49018,0,49018,0,0,0,0,0,0,0,0,0
2024-07-30,port183,Buenaventura,5,3,61588,2447,34602,26985,0,0,0,0,2447,0,0,0
2024-07-31,port183,Buenaventura,1,1,0,4550,0,0,0,0,0,0,4550,0,0,0
2024-08-01,port183,Buenaventura,4,3,56919,0,36767,20152,0,0,0,0,0,0,0,0
2024-08-02,port183,Buenaventura,2,1,77805,0,53040,24764,0,0,0,0,0,0,0,0
2024-08-03,port183,Buenaventura,6,4,24797,7186,9720,10400,0,4676,0,0,6687,0,498,0
2024-08-04,port183,Buenaventura,6,5,27330,14933,0,12583,0,14747,0,0,14933,0,0,0
2024-08-05,port183,Buenaventura,5,1,57886,1616,50001,5586,0,0,2297,0,1616,0,0,0
2024-08-06,port183,Buenaventura,3,2,0,15179,0,0,0,0,0,0,15179,0,0,0
2024-08-07,port183,Buenaventura,3,2,18377,1616,10545,7832,0,0,0,0,1616,0,0,0
2024-08-08,port183,Buenaventura,4,2,21850,8590,16263,5586,0,0,0,0,8590,0,0,0
2024-08-09,port183,Buenaventura,4,3,9961,3684,596,9365,0,0,0,0,3684,0,0,0
2024-08-10,port183,Buenaventura,3,2,35915,0,0,30066,5849,0,0,0,0,0,0,0
2024-08-11,port183,Buenaventura,4,3,19378,1616,0,15026,0,0,4351,0,1616,0,0,0
2024-08-12,port183,Buenaventura,2,1,2438,5651,0,2438,0,0,0,0,0,0,5651,0
2024-08-13,port183,Buenaventura,6,1,52379,6826,52379,0,0,0,0,2912,3914,0,0,0
2024-08-14,port183,Buenaventura,4,2,68443,1270,55328,646,12468,0,0,0,1270,0,0,0
2024-08-15,port183,Buenaventura,4,1,22899,886,12638,6639,0,0,3622,0,0,0,886,0
2024-08-16,port183,Buenaventura,3,3,27209,987,0,27209,0,0,0,0,987,0,0,0
2024-08-17,port183,Buenaventura,5,2,53841,606,25831,22385,5624,0,0,0,0,606,0,0
2024-08-18,port183,Buenaventura,6,4,1933,14984,0,775,0,1157,0,0,14984,0,0,0
2024-08-19,port183,Buenaventura,3,2,4659,4666,4659,0,0,0,0,0,4666,0,0,0
2024-08-20,port183,Buenaventura,6,6,20184,5909,0,20184,0,0,0,0,5909,0,0,0
2024-08-21,port183,Buenaventura,2,2,24827,1960,0,24827,0,0,0,0,1960,0,0,0
2024-08-22,port183,Buenaventura,4,3,20229,6207,0,14604,5624,0,0,0,5601,606,0,0
2024-08-23,port183,Buenaventura,5,2,53167,4090,50623,2544,0,0,0,2912,1177,0,0,0
2024-08-24,port183,Buenaventura,6,4,18814,14909,0,13330,0,5483,0,0,14257,0,651,0
2024-08-25,port183,Buenaventura,1,1,20745,0,0,20745,0,0,0,0,0,0,0,0
2024-08-26,port183,Buenaventura,6,2,65613,2450,41249,0,22885,1479,0,0,2450,0,0,0
2024-08-27,port183,Buenaventura,2,0,31997,0,31997,0,0,0,0,0,0,0,0,0
2024-08-28,port183,Buenaventura,3,2,20295,3362,0,0,0,20295,0,0,3362,0,0,0
2024-08-29,port183,Buenaventura,1,1,6775,0,0,6775,0,0,0,0,0,0,0,0
2024-08-30,port183,Buenaventura,8,3,93662,606,61504,16094,5624,10438,0,0,0,606,0,0
2024-08-31,port183,Buenaventura,7,4,57625,11503,20075,22339,0,15210,0,0,11503,0,0,0
2024-09-01,port183,Buenaventura,4,2,33364,7568,20627,10364,0,0,2372,2912,4655,0,0,0
2024-09-02,port183,Buenaventura,5,2,58754,0,57065,1689,0,0,0,0,0,0,0,0
2024-09-03,port183,Buenaventura,4,2,37284,0,11687,6878,0,18718,0,0,0,0,0,0
2024-09-04,port183,Buenaventura,5,2,17996,8239,6976,11019,0,0,0,521,1616,6101,0,0
2024-09-05,port183,Buenaventura,3,2,15433,651,0,9949,0,5483,0,0,0,0,651,0
2024-09-06,port183,Buenaventura,3,1,7937,57808,0,5586,0,2350,0,56192,1616,0,0,0
2024-09-07,port183,Buenaventura,1,1,5824,0,0,5824,0,0,0,0,0,0,0,0
2024-09-08,port183,Buenaventura,3,2,6625,0,1652,4973,0,0,0,0,0,0,0,0
2024-09-09,port183,Buenaventura,4,1,53867,2912,51715,2151,0,0,0,2912,0,0,0,0
2024-09-10,port183,Buenaventura,3,1,46051,0,45033,1018,0,0,0,0,0,0,0,0
2024-09-11,port183,Buenaventura,2,1,10087,0,0,7792,0,0,2294,0,0,0,0,0
2024-09-12,port183,Buenaventura,2,2,9826,13469,0,9826,0,0,0,0,13469,0,0,0
2024-09-13,port183,Buenaventura,3,2,11355,5227,0,11355,0,0,0,5227,0,0,0,0
2024-09-14,port183,Buenaventura,5,4,9267,1616,0,9267,0,0,0,0,1616,0,0,0
2024-09-15,port183,Buenaventura,5,3,34574,973,3046,14669,16858,0,0,0,973,0,0,0
2024-09-16,port183,Buenaventura,4,3,17968,2749,11603,6365,0,0,0,0,2749,0,0,0
2024-09-17,port183,Buenaventura,4,2,11448,1616,0,11448,0,0,0,0,1616,0,0,0
2024-09-18,port183,Buenaventura,2,1,5624,1635,0,0,5624,0,0,0,1029,606,0,0
2024-09-19,port183,Buenaventura,5,2,84582,2912,70954,13628,0,0,0,2912,0,0,0,0
2024-09-20,port183,Buenaventura,3,2,31954,2912,20627,11326,0,0,0,2912,0,0,0,0
2024-09-21,port183,Buenaventura,1,0,0,0,0,0,0,0,0,0,0,0,0,0
2024-09-22,port183,Buenaventura,5,3,7322,5357,0,7322,0,0,0,0,5357,0,0,0
2024-09-23,port183,Buenaventura,4,3,12978,1591,0,8301,0,4676,0,0,1093,0,498,0
2024-09-24,port183,Buenaventura,5,2,23672,5641,23180,491,0,0,0,2928,2712,0,0,0
2024-09-25,port183,Buenaventura,6,3,17010,51412,0,16023,0,0,987,49729,1616,0,0,66
2024-09-26,port183,Buenaventura,4,3,27685,3563,23145,4540,0,0,0,0,3563,0,0,0
2024-09-27,port183,Buenaventura,5,4,25033,1160,0,25033,0,0,0,0,0,1160,0,0
2024-09-28,port183,Buenaventura,2,1,54049,3382,54049,0,0,0,0,0,3382,0,0,0
2024-09-29,port183,Buenaventura,4,2,34181,7275,25169,775,8236,0,0,0,7275,0,0,0
2024-09-30,port183,Buenaventura,3,2,30738,0,0,30738,0,0,0,0,0,0,0,0
2024-10-01,port183,Buenaventura,3,2,12819,10596,12819,0,0,0,0,0,10596,0,0,0
2024-10-02,port183,Buenaventura,4,2,78549,2430,54282,16100,0,8166,0,0,2430,0,0,0
2024-10-03,port183,Buenaventura,2,1,19123,1574,19123,0,0,0,0,0,1574,0,0,0
2024-10-04,port183,Buenaventura,4,2,32474,0,11065,21408,0,0,0,0,0,0,0,0
2024-10-05,port183,Buenaventura,6,4,36446,9521,20627,11142,0,4676,0,2912,6109,0,498,0
2024-10-06,port183,Buenaventura,4,2,5468,5398,0,5468,0,0,0,0,1830,0,3567,0
2024-10-07,port183,Buenaventura,3,2,11483,8218,1666,9817,0,0,0,0,8218,0,0,0
2024-10-08,port183,Buenaventura,5,2,27849,3232,12188,11173,0,0,4487,0,3232,0,0,0
2024-10-09,port183,Buenaventura,4,4,25961,0,0,25961,0,0,0,0,0,0,0,0
2024-10-10,port183,Buenaventura,3,1,2569,19023,0,995,1574,0,0,19023,0,0,0,0
2024-10-11,port183,Buenaventura,8,5,87987,12041,58830,29156,0,0,0,0,12041,0,0,0
2024-10-12,port183,Buenaventura,3,3,4988,7336,0,4988,0,0,0,0,7336,0,0,0
2024-10-13,port183,Buenaventura,5,2,71026,779,48949,17234,4841,0,0,0,779,0,0,0
2024-10-14,port183,Buenaventura,3,1,17078,1616,11491,5586,0,0,0,0,1616,0,0,0
2024-10-15,port183,Buenaventura,2,1,5975,0,4053,1921,0,0,0,0,0,0,0,0
2024-10-16,port183,Buenaventura,4,2,63105,0,54191,7820,0,0,1093,0,0,0,0,0
2024-10-17,port183,Buenaventura,1,0,2359,0,2359,0,0,0,0,0,0,0,0,0
2024-10-18,port183,Buenaventura,4,3,39312,6536,20627,18685,0,0,0,2912,3623,0,0,0
2024-10-19,port183,Buenaventura,7,3,27080,2388,15953,11127,0,0,0,0,1616,0,771,0
2024-10-20,port183,Buenaventura,1,1,2439,0,0,2439,0,0,0,0,0,0,0,0
2024-10-21,port183,Buenaventura,5,3,80887,4607,60684,20202,0,0,0,0,4607,0,0,0
2024-10-22,port183,Buenaventura,1,1,39444,0,0,39444,0,0,0,0,0,0,0,0
2024-10-23,port183,Buenaventura,3,1,58805,1616,53219,5586,0,0,0,0,1616,0,0,0
2024-10-24,port183,Buenaventura,3,2,21879,2016,0,7485,0,14394,0,0,2016,0,0,0
2024-10-25,port183,Buenaventura,3,2,22907,12227,0,22907,0,0,0,0,0,0,12227,0
2024-10-26,port183,Buenaventura,5,2,25086,54608,17246,7840,0,0,0,54608,0,0,0,0
2024-10-27,port183,Buenaventura,3,3,2441,2443,0,2441,0,0,0,0,2443,0,0,0
2024-10-28,port183,Buenaventura,6,2,52088,55493,12166,39921,0,0,0,55493,0,0,0,0
2024-10-29,port183,Buenaventura,4,2,59509,11916,52829,4615,0,0,2063,0,11916,0,0,0
2024-10-30,port183,Buenaventura,3,2,41220,2912,20627,20593,0,0,0,2912,0,0,0,0
2024-10-31,port183,Buenaventura,3,1,10456,0,0,3590,0,5327,1538,0,0,0,0,0
2024-11-01,port183,Buenaventura,3,2,57047,0,28202,28844,0,0,0,0,0,0,0,0
2024-11-02,port183,Buenaventura,4,4,9392,23610,0,9392,0,0,0,0,23610,0,0,0
2024-11-03,port183,Buenaventura,3,1,6519,0,0,6519,0,0,0,0,0,0,0,0
2024-11-04,port183,Buenaventura,5,5,26978,1616,0,26978,0,0,0,0,1616,0,0,0
2024-11-05,port183,Buenaventura,5,3,43909,511,7562,36346,0,0,0,0,0,0,0,511
2024-11-06,port183,Buenaventura,4,2,20662,0,15071,5591,0,0,0,0,0,0,0,0
2024-11-07,port183,Buenaventura,2,1,61581,0,50284,11297,0,0,0,0,0,0,0,0
2024-11-08,port183,Buenaventura,4,1,64305,2603,54919,9386,0,0,0,0,0,0,0,2603
2024-11-09,port183,Buenaventura,2,2,8826,1616,0,8826,0,0,0,0,1616,0,0,0
2024-11-10,port183,Buenaventura,4,2,32200,11600,20627,6226,0,5346,0,2912,8687,0,0,0
2024-11-11,port183,Buenaventura,6,3,38764,0,23685,13001,0,0,2077,0,0,0,0,0
2024-11-12,port183,Buenaventura,4,2,36536,690,25745,10790,0,0,0,0,0,0,690,0
2024-11-13,port183,Buenaventura,3,1,57323,6503,57323,0,0,0,0,2912,3590,0,0,0
2024-11-14,port183,Buenaventura,2,2,26347,0,0,26347,0,0,0,0,0,0,0,0
2024-11-15,port183,Buenaventura,7,2,106175,0,97609,5089,0,3476,0,0,0,0,0,0
2024-11-16,port183,Buenaventura,3,2,5815,10949,0,5815,0,0,0,0,10949,0,0,0
2024-11-17,port183,Buenaventura,2,1,7659,1616,0,5586,2073,0,0,0,1616,0,0,0
2024-11-18,port183,Buenaventura,6,3,40863,1545,6652,31953,0,419,1837,0,1545,0,0,0
2024-11-19,port183,Buenaventura,2,2,5421,0,0,5421,0,0,0,0,0,0,0,0
2024-11-20,port183,Buenaventura,2,1,0,321,0,0,0,0,0,0,321,0,0,0
2024-11-21,port183,Buenaventura,3,1,8239,0,3854,2284,0,0,2101,0,0,0,0,0
2024-11-22,port183,Buenaventura,4,2,92207,0,54786,20222,0,17198,0,0,0,0,0,0
2024-11-23,port183,Buenaventura,2,1,8956,1616,0,5586,0,0,3369,0,1616,0,0,0
2024-11-24,port183,Buenaventura,2,2,0,1994,0,0,0,0,0,0,1994,0,0,0
2024-11-25,port183,Buenaventura,7,4,67366,30447,58408,8957,0,0,0,24967,5479,0,0,0
2024-11-26,port183,Buenaventura,4,1,86771,606,34096,31876,5624,15173,0,0,0,606,0,0
2024-11-27,port183,Buenaventura,2,2,3896,1595,0,3896,0,0,0,0,1595,0,0,0
2024-11-28,port183,Buenaventura,4,3,31343,0,0,19938,0,11405,0,0,0,0,0,0
2024-11-29,port183,Buenaventura,3,3,48753,0,0,48753,0,0,0,0,0,0,0,0
2024-11-30,port183,Buenaventura,8,4,107281,11138,91001,16279,0,0,0,2912,8225,0,0,0
2024-12-01,port183,Buenaventura,2,2,0,23885,0,0,0,0,0,0,23885,0,0,0
2024-12-02,port183,Buenaventura,2,2,0,5016,0,0,0,0,0,0,5016,0,0,0
2024-12-03,port183,Buenaventura,3,1,15007,0,0,8451,0,386,6169,0,0,0,0,0
2024-12-04,port183,Buenaventura,4,2,7293,639,1659,5633,0,0,0,0,639,0,0,0
2024-12-05,port183,Buenaventura,3,2,36631,0,1062,35568,0,0,0,0,0,0,0,0
2024-12-06,port183,Buenaventura,2,1,70953,0,51324,19629,0,0,0,0,0,0,0,0
2024-12-07,port183,Buenaventura,5,3,65916,4268,52688,12715,0,0,512,0,4268,0,0,0
2024-12-08,port183,Buenaventura,2,1,52746,0,52101,645,0,0,0,0,0,0,0,0
2024-12-09,port183,Buenaventura,3,2,5586,5259,0,5586,0,0,0,0,5259,0,0,0
2024-12-10,port183,Buenaventura,2,2,5861,0,0,5861,0,0,0,0,0,0,0,0
2024-12-11,port183,Buenaventura,5,3,30710,1616,0,23780,4184,0,2744,0,1616,0,0,0
2024-12-12,port183,Buenaventura,3,2,67200,0,52101,15099,0,0,0,0,0,0,0,0
2024-12-13,port183,Buenaventura,4,2,47489,0,30393,15054,0,2041,0,0,0,0,0,0
2024-12-14,port183,Buenaventura,3,3,18519,13993,0,18519,0,0,0,0,13993,0,0,0
2024-12-15,port183,Buenaventura,3,2,31801,6145,20627,11173,0,0,0,2912,3232,0,0,0
2024-12-16,port183,Buenaventura,8,4,22047,16057,9983,10356,0,1706,0,0,16057,0,0,0
2024-12-17,port183,Buenaventura,5,3,17348,1616,0,17348,0,0,0,0,1616,0,0,0
2024-12-18,port183,Buenaventura,2,0,32063,0,32063,0,0,0,0,0,0,0,0,0
2024-12-19,port183,Buenaventura,6,3,57021,0,36166,20855,0,0,0,0,0,0,0,0
2024-12-20,port183,Buenaventura,2,1,16317,0,7426,8891,0,0,0,0,0,0,0,0
2024-12-21,port183,Buenaventura,3,2,47849,4912,47849,0,0,0,0,0,4912,0,0,0
2024-12-22,port183,Buenaventura,5,4,27283,4526,11652,15631,0,0,0,0,4526,0,0,0
2024-12-23,port183,Buenaventura,3,2,20384,584,0,20384,0,0,0,584,0,0,0,0
2024-12-24,port183,Buenaventura,2,1,1410,0,0,1410,0,0,0,0,0,0,0,0
2024-12-25,port183,Buenaventura,6,5,54366,7025,20627,33739,0,0,0,2912,4112,0,0,0
2024-12-26,port183,Buenaventura,2,1,6302,0,0,6302,0,0,0,0,0,0,0,0
2024-12-27,port183,Buenaventura,2,1,17458,66,0,16471,0,0,987,0,0,0,0,66
2024-12-28,port183,Buenaventura,3,1,84989,10038,84989,0,0,0,0,0,10038,0,0,0
2024-12-29,port183,Buenaventura,4,3,52607,18220,52607,0,0,0,0,0,18220,0,0,0
2024-12-30,port183,Buenaventura,4,2,30515,18332,24928,5586,0,0,0,0,18332,0,0,0
2024-12-31,port183,Buenaventura,4,3,6661,2655,0,2243,4418,0,0,0,2655,0,0,0
2025-01-01,port183,Buenaventura,3,3,17379,320,0,17379,0,0,0,0,320,0,0,0
2025-01-02,port183,Buenaventura,5,2,19125,0,5784,12138,318,883,0,0,0,0,0,0
2025-01-03,port183,Buenaventura,5,3,29446,3143,0,12667,16000,778,0,0,3143,0,0,0
2025-01-04,port183,Buenaventura,5,3,35808,5420,22827,12981,0,0,0,0,5420,0,0,0
2025-01-05,port183,Buenaventura,3,1,10816,15607,10816,0,0,0,0,0,15607,0,0,0
2025-01-06,port183,Buenaventura,4,4,2462,6361,0,2462,0,0,0,0,6361,0,0,0
2025-01-07,port183,Buenaventura,4,2,38220,56209,0,5586,0,32633,0,50012,6196,0,0,0
2025-01-08,port183,Buenaventura,4,3,14514,0,2895,11619,0,0,0,0,0,0,0,0
2025-01-09,port183,Buenaventura,3,2,40151,0,0,25915,0,14236,0,0,0,0,0,0
2025-01-10,port183,Buenaventura,4,2,62469,0,24593,35657,0,0,2217,0,0,0,0,0
2025-01-11,port183,Buenaventura,6,2,98675,2912,75408,7811,0,15455,0,2912,0,0,0,0
2025-01-12,port183,Buenaventura,3,1,20367,7421,20367,0,0,0,0,0,7421,0,0,0
2025-01-13,port183,Buenaventura,5,3,61706,2194,54658,7048,0,0,0,0,2194,0,0,0
2025-01-14,port183,Buenaventura,2,1,1715,0,0,1715,0,0,0,0,0,0,0,0
2025-01-15,port183,Buenaventura,5,3,80861,0,52985,21806,6069,0,0,0,0,0,0,0
2025-01-16,port183,Buenaventura,5,3,66296,0,25103,41192,0,0,0,0,0,0,0,0
2025-01-17,port183,Buenaventura,4,3,10099,29672,0,7056,0,3042,0,0,29672,0,0,0
2025-01-18,port183,Buenaventura,3,2,22133,24879,0,22133,0,0,0,24879,0,0,0,0
2025-01-19,port183,Buenaventura,1,0,0,0,0,0,0,0,0,0,0,0,0,0
2025-01-20,port183,Buenaventura,10,4,27673,56165,14679,12994,0,0,0,53255,2909,0,0,0
2025-01-21,port183,Buenaventura,3,3,4108,1507,0,4108,0,0,0,0,1507,0,0,0
2025-01-22,port183,Buenaventura,2,1,40564,651,0,35080,0,5483,0,0,0,0,651,0
2025-01-23,port183,Buenaventura,5,2,57610,0,41399,16211,0,0,0,0,0,0,0,0
2025-01-24,port183,Buenaventura,3,3,29644,0,0,29644,0,0,0,0,0,0,0,0
2025-01-25,port183,Buenaventura,2,0,868,15826,0,0,0,0,868,0,0,0,15826,0
2025-01-26,port183,Buenaventura,5,4,54253,12818,41539,12714,0,0,0,0,12818,0,0,0
2025-01-27,port183,Buenaventura,7,4,54012,6940,40865,9165,0,3980,0,2912,4027,0,0,0
2025-01-28,port183,Buenaventura,1,1,2188,0,0,2188,0,0,0,0,0,0,0,0
2025-01-29,port183,Buenaventura,8,3,128519,28804,93008,27730,0,5483,2297,0,28152,0,651,0
2025-01-30,port183,Buenaventura,2,1,0,2106,0,0,0,0,0,0,2106,0,0,0
2025-01-31,port183,Buenaventura,2,1,21773,0,8849,12924,0,0,0,0,0,0,0,0
2025-02-01,port183,Buenaventura,5,3,61800,5390,53244,8555,0,0,0,0,5390,0,0,0
2025-02-02,port183,Buenaventura,5,3,8661,10588,1097,5758,0,1805,0,0,10588,0,0,0
2025-02-03,port183,Buenaventura,3,2,8992,1616,0,8992,0,0,0,0,1616,0,0,0
2025-02-04,port183,Buenaventura,3,1,5429,2839,0,0,3617,0,1812,0,2839,0,0,0
2025-02-05,port183,Buenaventura,8,5,34011,1616,0,21395,0,12616,0,0,1616,0,0,0
2025-02-06,port183,Buenaventura,2,1,24884,0,0,24884,0,0,0,0,0,0,0,0
2025-02-07,port183,Buenaventura,4,2,34058,365,11999,22058,0,0,0,365,0,0,0,0
2025-02-08,port183,Buenaventura,3,2,17199,9052,11612,5586,0,0,0,0,9052,0,0,0
2025-02-09,port183,Buenaventura,5,3,26888,25001,20627,5586,673,0,0,2912,22088,0,0,0
2025-02-10,port183,Buenaventura,6,4,97042,3232,61659,20184,15198,0,0,0,3232,0,0,0
2025-02-11,port183,Buenaventura,6,4,46653,3232,27044,19087,0,522,0,0,3232,0,0,0
2025-02-12,port183,Buenaventura,3,1,4692,5488,1653,0,0,0,3038,0,5488,0,0,0
2025-02-13,port183,Buenaventura,5,3,32157,1616,7162,24162,0,0,832,0,1616,0,0,0
2025-02-14,port183,Buenaventura,2,2,17875,0,0,17875,0,0,0,0,0,0,0,0
2025-02-15,port183,Buenaventura,3,2,45439,1616,0,15209,0,30230,0,0,1616,0,0,0
2025-02-16,port183,Buenaventura,4,3,65663,1616,56880,8782,0,0,0,0,1616,0,0,0
2025-02-17,port183,Buenaventura,4,3,16358,4375,0,16358,0,0,0,0,4375,0,0,0
2025-02-18,port183,Buenaventura,6,2,66243,2912,52685,5677,2488,5391,0,2912,0,0,0,0
2025-02-19,port183,Buenaventura,2,1,15352,0,12784,2567,0,0,0,0,0,0,0,0
2025-02-20,port183,Buenaventura,5,2,33379,0,24405,8973,0,0,0,0,0,0,0,0
2025-02-21,port183,Buenaventura,4,1,53403,5062,29152,0,5624,18626,0,0,4456,606,0,0
2025-02-22,port183,Buenaventura,4,3,9284,13149,0,9284,0,0,0,0,13149,0,0,0
2025-02-23,port183,Buenaventura,4,2,58556,0,53184,5371,0,0,0,0,0,0,0,0
2025-02-24,port183,Buenaventura,8,3,87129,4473,77262,6326,0,3540,0,2912,1560,0,0,0
2025-02-25,port183,Buenaventura,5,2,35572,13728,26044,3902,5624,0,0,0,13122,606,0,0
2025-02-26,port183,Buenaventura,4,1,24133,484,0,24133,0,0,0,484,0,0,0,0
2025-02-27,port183,Buenaventura,1,1,0,766,0,0,0,0,0,0,766,0,0,0
2025-02-28,port183,Buenaventura,2,2,3525,7382,0,3525,0,0,0,0,7382,0,0,0
2025-03-01,port183,Buenaventura,2,1,0,1502,0,0,0,0,0,0,1502,0,0,0
2025-03-02,port183,Buenaventura,4,3,17502,0,0,16336,0,0,1165,0,0,0,0,0
2025-03-03,port183,Buenaventura,4,2,5586,5278,0,5586,0,0,0,959,4319,0,0,0
2025-03-04,port183,Buenaventura,3,2,34003,0,11897,22105,0,0,0,0,0,0,0,0
2025-03-05,port183,Buenaventura,3,3,28093,1535,0,28093,0,0,0,0,1535,0,0,0
2025-03-06,port183,Buenaventura,3,1,49878,0,28018,20907,0,0,952,0,0,0,0,0
2025-03-07,port183,Buenaventura,3,2,36820,0,4832,31988,0,0,0,0,0,0,0,0
2025-03-08,port183,Buenaventura,3,3,5586,9110,0,5586,0,0,0,0,9110,0,0,0
2025-03-09,port183,Buenaventura,4,1,61910,1385,51934,0,5624,0,4351,0,779,606,0,0
2025-03-10,port183,Buenaventura,5,3,46500,4186,20627,25873,0,0,0,2912,1273,0,0,0
2025-03-11,port183,Buenaventura,5,2,81759,0,63147,18612,0,0,0,0,0,0,0,0
2025-03-12,port183,Buenaventura,5,2,37328,30110,25138,12190,0,0,0,28494,1616,0,0,0
2025-03-13,port183,Buenaventura,2,0,13513,0,0,0,0,13513,0,0,0,0,0,0
2025-03-14,port183,Buenaventura,2,0,507,0,0,0,0,0,507,0,0,0,0,0
2025-03-15,port183,Buenaventura,3,2,23153,2531,21823,1330,0,0,0,0,2531,0,0,0
2025-03-16,port183,Buenaventura,2,2,5220,4669,0,5220,0,0,0,0,4669,0,0,0
2025-03-17,port183,Buenaventura,3,2,27140,0,0,25838,0,1302,0,0,0,0,0,0
2025-03-18,port183,Buenaventura,7,4,69274,6880,62728,6546,0,0,0,0,6880,0,0,0
2025-03-19,port183,Buenaventura,4,0,30067,3411,20627,0,4763,4676,0,2912,0,0,498,0
2025-03-20,port183,Buenaventura,4,1,16695,2874,0,5586,5624,5483,0,0,1616,606,651,0
2025-03-21,port183,Buenaventura,3,3,28959,1082,0,28959,0,0,0,0,1082,0,0,0
2025-03-22,port183,Buenaventura,4,3,26359,3298,0,6526,0,19832,0,0,3298,0,0,0
2025-03-23,port183,Buenaventura,4,2,59996,15527,54409,5586,0,0,0,2923,12603,0,0,0
2025-03-24,port183,Buenaventura,5,3,40529,2719,27964,12564,0,0,0,0,2719,0,0,0
2025-03-25,port183,Buenaventura,4,2,78321,388,53303,25018,0,0,0,0,0,0,388,0
2025-03-26,port183,Buenaventura,3,1,29123,0,23821,5301,0,0,0,0,0,0,0,0
2025-03-27,port183,Buenaventura,2,2,9018,1616,0,9018,0,0,0,0,1616,0,0,0
2025-03-28,port183,Buenaventura,1,1,3779,0,0,3779,0,0,0,0,0,0,0,0
2025-03-29,port183,Buenaventura,2,1,5586,60557,0,5586,0,0,0,58941,1616,0,0,0
2025-03-30,port183,Buenaventura,6,4,57202,18961,50061,7140,0,0,0,0,18961,0,0,0
2025-03-31,port183,Buenaventura,3,2,22268,0,18225,4042,0,0,0,0,0,0,0,0
2025-04-01,port183,Buenaventura,5,1,136938,606,106104,25209,5624,0,0,0,0,606,0,0
2025-04-02,port183,Buenaventura,4,1,41284,0,20312,6027,0,12768,2175,0,0,0,0,0
2025-04-03,port183,Buenaventura,5,3,22812,1616,0,22812,0,0,0,0,1616,0,0,0
2025-04-04,port183,Buenaventura,2,1,30642,2912,20627,10014,0,0,0,2912,0,0,0,0
2025-04-05,port183,Buenaventura,4,1,79354,1120,79354,0,0,0,0,0,1120,0,0,0
2025-04-06,port183,Buenaventura,3,3,8395,1811,0,8395,0,0,0,0,1811,0,0,0
2025-04-07,port183,Buenaventura,4,1,38935,0,32750,2874,0,0,3309,0,0,0,0,0
2025-04-08,port183,Buenaventura,3,1,0,879,0,0,0,0,0,0,879,0,0,0
2025-04-09,port183,Buenaventura,3,2,24691,2809,0,24691,0,0,0,0,0,0,2809,0
2025-04-10,port183,Buenaventura,2,2,22643,0,0,22643,0,0,0,0,0,0,0,0
2025-04-11,port183,Buenaventura,0,0,0,0,0,0,0,0,0,0,0,0,0,0
2025-04-12,port183,Buenaventura,6,2,152673,66,144768,6917,0,0,987,0,0,0,0,66
2025-04-13,port183,Buenaventura,4,3,54826,6011,49735,5090,0,0,0,0,6011,0,0,0
2025-04-14,port183,Buenaventura,6,3,39570,2533,15043,24526,0,0,0,0,2533,0,0,0
2025-04-15,port183,Buenaventura,3,2,58186,602,53758,4427,0,0,0,0,602,0,0,0
2025-04-16,port183,Buenaventura,2,1,4626,0,0,4626,0,0,0,0,0,0,0,0
2025-04-17,port183,Buenaventura,2,1,42830,0,0,20841,0,21988,0,0,0,0,0,0
2025-04-18,port183,Buenaventura,1,0,5483,651,0,0,0,5483,0,0,0,0,651,0
2025-04-19,port183,Buenaventura,1,1,11699,0,0,11699,0,0,0,0,0,0,0,0
2025-04-20,port183,Buenaventura,5,2,41224,3992,35230,3679,0,2313,0,0,3992,0,0,0
2025-04-21,port183,Buenaventura,4,2,27429,1616,12602,14827,0,0,0,0,1616,0,0,0
2025-04-22,port183,Buenaventura,5,2,45393,606,13373,23486,5624,0,2908,0,0,606,0,0
2025-04-23,port183,Buenaventura,2,2,17378,0,0,17378,0,0,0,0,0,0,0,0
2025-04-24,port183,Buenaventura,2,1,11698,0,0,6975,4722,0,0,0,0,0,0,0
2025-04-25,port183,Buenaventura,2,0,13282,0,0,0,0,13282,0,0,0,0,0,0
2025-04-26,port183,Buenaventura,3,2,36153,7626,16226,19926,0,0,0,0,7626,0,0,0
2025-04-27,port183,Buenaventura,3,1,3952,34211,0,3952,0,0,0,34211,0,0,0,0
2025-04-28,port183,Buenaventura,6,4,72499,6389,57135,15363,0,0,0,0,6389,0,0,0
2025-04-29,port183,Buenaventura,3,2,26745,0,0,26745,0,0,0,0,0,0,0,0
2025-04-30,port183,Buenaventura,4,2,57061,0,0,44773,0,12288,0,0,0,0,0,0
2025-05-01,port183,Buenaventura,4,2,48303,8927,21422,26880,0,0,0,0,8927,0,0,0
2025-05-02,port183,Buenaventura,5,3,44007,0,9914,15311,0,18781,0,0,0,0,0,0
2025-05-03,port183,Buenaventura,1,0,53661,0,53661,0,0,0,0,0,0,0,0,0
2025-05-04,port183,Buenaventura,5,3,32202,6249,30503,780,0,0,918,0,6249,0,0,0
2025-05-05,port183,Buenaventura,6,4,112509,3232,81873,30635,0,0,0,0,3232,0,0,0
2025-05-06,port183,Buenaventura,4,2,48566,1616,26400,21576,0,0,589,0,1616,0,0,0
2025-05-07,port183,Buenaventura,3,2,23646,0,0,23646,0,0,0,0,0,0,0,0
2025-05-08,port183,Buenaventura,3,0,38894,0,38894,0,0,0,0,0,0,0,0,0
2025-05-09,port183,Buenaventura,3,2,28585,0,0,11339,0,17245,0,0,0,0,0,0
2025-05-10,port183,Buenaventura,4,3,7912,18375,0,4849,0,3063,0,0,18375,0,0,0
2025-05-11,port183,Buenaventura,3,1,7190,0,0,1563,0,3575,2052,0,0,0,0,0
2025-05-12,port183,Buenaventura,4,3,49869,0,8639,41229,0,0,0,0,0,0,0,0
2025-05-13,port183,Buenaventura,1,1,3791,0,0,3791,0,0,0,0,0,0,0,0
2025-05-14,port183,Buenaventura,4,3,77724,0,0,46640,0,31083,0,0,0,0,0,0
2025-05-15,port183,Buenaventura,1,1,5586,1616,0,5586,0,0,0,0,1616,0,0,0
2025-05-16,port183,Buenaventura,4,2,19904,541,12076,5075,0,0,2752,0,541,0,0,0
2025-05-17,port183,Buenaventura,1,1,0,6867,0,0,0,0,0,0,6867,0,0,0
2025-05-18,port183,Buenaventura,3,3,3655,10140,0,3655,0,0,0,0,10140,0,0,0
2025-05-19,port183,Buenaventura,2,2,11780,1007,0,11780,0,0,0,0,1007,0,0,0
2025-05-20,port183,Buenaventura,5,2,79237,0,52101,22858,0,4277,0,0,0,0,0,0
2025-05-21,port183,Buenaventura,5,1,101243,2912,89421,11311,0,0,511,2912,0,0,0,0
2025-05-22,port183,Buenaventura,5,2,85011,1864,53354,8547,17625,5483,0,0,1212,0,651,0
2025-05-23,port183,Buenaventura,2,2,17115,0,0,17115,0,0,0,0,0,0,0,0
2025-05-24,port183,Buenaventura,2,2,0,4860,0,0,0,0,0,0,4860,0,0,0
2025-05-25,port183,Buenaventura,7,4,49289,4791,33211,16078,0,0,0,0,4791,0,0,0
2025-05-26,port183,Buenaventura,4,2,77305,0,53954,20355,2995,0,0,0,0,0,0,0
2025-05-27,port183,Buenaventura,4,1,38897,3518,20627,12645,5624,0,0,2912,0,606,0,0
2025-05-28,port183,Buenaventura,3,3,48250,0,0,48250,0,0,0,0,0,0,0,0
2025-05-29,port183,Buenaventura,3,1,39796,0,37498,2297,0,0,0,0,0,0,0,0
2025-05-30,port183,Buenaventura,3,2,52872,0,43585,9287,0,0,0,0,0,0,0,0
2025-05-31,port183,Buenaventura,2,1,54554,9861,54554,0,0,0,0,0,9861,0,0,0
2025-06-01,port183,Buenaventura,5,4,35249,1557,0,34382,0,867,0,0,1557,0,0,0
2025-06-02,port183,Buenaventura,5,3,29106,15907,18011,5586,0,0,5508,0,15907,0,0,0
2025-06-03,port183,Buenaventura,5,3,41952,1616,4660,28411,8881,0,0,0,1616,0,0,0
2025-06-04,port183,Buenaventura,4,1,45540,0,42109,3431,0,0,0,0,0,0,0,0
2025-06-05,port183,Buenaventura,1,0,5624,606,0,0,5624,0,0,0,0,606,0,0
2025-06-06,port183,Buenaventura,4,3,74604,958,52261,22343,0,0,0,0,958,0,0,0
2025-06-07,port183,Buenaventura,4,2,7562,4088,1666,5586,0,309,0,0,4088,0,0,0
2025-06-08,port183,Buenaventura,5,3,11184,7842,0,6946,0,4237,0,0,7237,0,0,605
2025-06-09,port183,Buenaventura,3,1,16701,0,7540,9161,0,0,0,0,0,0,0,0
2025-06-10,port183,Buenaventura,4,3,14580,18429,6490,8089,0,0,0,0,18429,0,0,0
2025-06-11,port183,Buenaventura,4,3,63517,0,0,50071,0,13446,0,0,0,0,0,0
2025-06-12,port183,Buenaventura,1,0,4024,0,0,0,0,4024,0,0,0,0,0,0
2025-06-13,port183,Buenaventura,6,3,55619,2244,35212,17971,0,0,2436,0,2244,0,0,0
2025-06-14,port183,Buenaventura,1,0,6159,0,6159,0,0,0,0,0,0,0,0,0
2025-06-15,port183,Buenaventura,4,2,54517,12276,52202,2315,0,0,0,2912,9363,0,0,0
2025-06-16,port183,Buenaventura,9,6,90700,10914,37518,53182,0,0,0,2912,8001,0,0,0
2025-06-17,port183,Buenaventura,4,1,128399,0,99463,28935,0,0,0,0,0,0,0,0
2025-06-18,port183,Buenaventura,2,1,46972,0,30827,16145,0,0,0,0,0,0,0,0
2025-06-19,port183,Buenaventura,4,1,77370,0,61766,11393,0,0,4210,0,0,0,0,0
2025-06-20,port183,Buenaventura,2,2,15633,0,0,15633,0,0,0,0,0,0,0,0
2025-06-21,port183,Buenaventura,3,2,26469,3678,0,2531,0,23938,0,0,3678,0,0,0
2025-06-22,port183,Buenaventura,4,4,8791,7061,0,8791,0,0,0,0,7061,0,0,0
2025-06-23,port183,Buenaventura,5,4,22730,3232,0,19200,0,3529,0,0,3232,0,0,0
2025-06-24,port183,Buenaventura,5,2,21277,26653,6351,14925,0,0,0,26653,0,0,0,0
2025-06-25,port183,Buenaventura,5,2,23176,0,5721,15634,0,0,1820,0,0,0,0,0
2025-06-26,port183,Buenaventura,3,2,7642,8024,0,7059,0,0,583,0,8024,0,0,0
2025-06-27,port183,Buenaventura,4,2,85295,3232,74121,11173,0,0,0,0,3232,0,0,0
2025-06-28,port183,Buenaventura,4,2,68830,9055,63243,5586,0,0,0,0,9055,0,0,0
2025-06-29,port183,Buenaventura,6,3,52138,502,41837,10301,0,0,0,0,502,0,0,0
2025-06-30,port183,Buenaventura,3,3,37191,0,0,37191,0,0,0,0,0,0,0,0
2025-07-01,port183,Buenaventura,2,0,32612,0,32612,0,0,0,0,0,0,0,0,0
2025-07-02,port183,Buenaventura,2,1,24026,651,0,18542,0,5483,0,0,0,0,651,0
2025-07-03,port183,Buenaventura,4,3,50603,0,0,50501,0,0,102,0,0,0,0,0
2025-07-04,port183,Buenaventura,2,1,24610,0,13853,10756,0,0,0,0,0,0,0,0
2025-07-05,port183,Buenaventura,4,3,51251,2297,49053,2198,0,0,0,0,2297,0,0,0
2025-07-06,port183,Buenaventura,6,4,62028,2397,49912,12115,0,0,0,0,2397,0,0,0
2025-07-07,port183,Buenaventura,2,1,42958,1616,37371,5586,0,0,0,0,1616,0,0,0
2025-07-08,port183,Buenaventura,3,2,12603,0,0,10271,0,0,2331,0,0,0,0,0
2025-07-09,port183,Buenaventura,3,2,30282,66,0,29295,0,0,987,0,0,0,0,66
2025-07-10,port183,Buenaventura,4,2,51487,1616,0,14685,0,36802,0,0,1616,0,0,0
2025-07-11,port183,Buenaventura,4,2,71563,0,50939,20040,0,0,583,0,0,0,0,0
2025-07-12,port183,Buenaventura,5,2,97627,3353,70903,7857,0,18866,0,0,3353,0,0,0
2025-07-13,port183,Buenaventura,6,4,60877,14399,54194,6682,0,0,0,0,14399,0,0,0
2025-07-14,port183,Buenaventura,5,2,87763,8135,71725,16037,0,0,0,5825,2309,0,0,0
2025-07-15,port183,Buenaventura,2,2,27016,1616,0,27016,0,0,0,0,1616,0,0,0
2025-07-16,port183,Buenaventura,2,1,11596,0,3195,8400,0,0,0,0,0,0,0,0
2025-07-17,port183,Buenaventura,3,3,25354,0,0,25354,0,0,0,0,0,0,0,0
2025-07-18,port183,Buenaventura,3,1,60839,0,51943,6666,0,0,2228,0,0,0,0,0
2025-07-19,port183,Buenaventura,3,3,33314,1616,0,33314,0,0,0,0,1616,0,0,0
2025-07-20,port183,Buenaventura,5,4,9483,63201,0,9483,0,0,0,58635,4565,0,0,0
2025-07-21,port183,Buenaventura,3,3,19243,0,0,19243,0,0,0,0,0,0,0,0
2025-07-22,port183,Buenaventura,7,4,82367,5142,60270,19082,0,0,3014,2912,2229,0,0,0
2025-07-23,port183,Buenaventura,2,2,4376,484,0,4376,0,0,0,0,484,0,0,0
2025-07-24,port183,Buenaventura,6,2,109015,606,73962,28474,5624,952,0,0,0,606,0,0
2025-07-25,port183,Buenaventura,2,2,3802,1269,0,3802,0,0,0,0,1269,0,0,0
2025-07-26,port183,Buenaventura,2,2,46263,0,0,46263,0,0,0,0,0,0,0,0
2025-07-27,port183,Buenaventura,4,2,1337,9557,0,1337,0,0,0,0,3899,0,5657,0
2025-07-28,port183,Buenaventura,7,3,42344,16807,5837,6350,30156,0,0,0,16578,229,0,0
2025-07-29,port183,Buenaventura,2,1,6776,0,0,6776,0,0,0,0,0,0,0,0
2025-07-30,port183,Buenaventura,2,1,25352,0,16880,8471,0,0,0,0,0,0,0,0
2025-07-31,port183,Buenaventura,2,2,33413,0,0,33413,0,0,0,0,0,0,0,0
2025-08-01,port183,Buenaventura,4,2,42360,1616,0,21739,187,20432,0,0,1616,0,0,0
2025-08-02,port183,Buenaventura,5,3,70102,16063,61481,8620,0,0,0,0,16063,0,0,0
2025-08-03,port183,Buenaventura,3,1,56150,0,51722,969,0,3458,0,0,0,0,0,0
2025-08-04,port183,Buenaventura,5,4,16045,6344,0,13130,0,0,2914,0,6344,0,0,0
2025-08-05,port183,Buenaventura,5,3,46269,1616,18104,7744,0,20420,0,0,1616,0,0,0
2025-08-06,port183,Buenaventura,3,2,41321,0,6507,34813,0,0,0,0,0,0,0,0
2025-08-07,port183,Buenaventura,4,2,21441,0,20229,1212,0,0,0,0,0,0,0,0
2025-08-08,port183,Buenaventura,3,2,28914,0,2871,26043,0,0,0,0,0,0,0,0
2025-08-09,port183,Buenaventura,2,1,7558,0,0,6688,0,869,0,0,0,0,0,0
2025-08-10,port183,Buenaventura,7,5,40082,9761,27153,12929,0,0,0,0,9761,0,0,0
2025-08-11,port183,Buenaventura,4,3,39602,1616,0,24567,0,15035,0,0,1616,0,0,0
2025-08-12,port183,Buenaventura,3,1,121223,0,111353,9870,0,0,0,0,0,0,0,0
2025-08-13,port183,Buenaventura,6,1,74334,0,0,37755,32935,3134,508,0,0,0,0,0
2025-08-14,port183,Buenaventura,3,1,65341,0,53938,11403,0,0,0,0,0,0,0,0
2025-08-15,port183,Buenaventura,4,1,66852,651,49642,11726,0,5483,0,0,0,0,651,0
2025-08-16,port183,Buenaventura,3,2,2961,10169,0,509,0,2451,0,0,10169,0,0,0
2025-08-17,port183,Buenaventura,5,4,21182,6555,0,21182,0,0,0,0,6555,0,0,0
2025-08-18,port183,Buenaventura,3,2,19950,0,0,18199,0,1751,0,0,0,0,0,0
2025-08-19,port183,Buenaventura,6,3,83647,1616,31722,34208,0,17716,0,0,1616,0,0,0
2025-08-20,port183,Buenaventura,4,3,83986,0,52183,31802,0,0,0,0,0,0,0,0
2025-08-21,port183,Buenaventura,2,1,33325,606,0,27700,5624,0,0,0,0,606,0,0
2025-08-22,port183,Buenaventura,3,2,7817,14577,0,5586,0,0,2230,0,14577,0,0,0
2025-08-23,port183,Buenaventura,4,3,30171,5251,0,11173,0,18997,0,0,5251,0,0,0
2025-08-24,port183,Buenaventura,2,1,15992,0,13785,2207,0,0,0,0,0,0,0,0
2025-08-25,port183,Buenaventura,6,6,33585,2124,0,33585,0,0,0,0,2124,0,0,0
2025-08-26,port183,Buenaventura,2,1,8053,4365,8053,0,0,0,0,0,4365,0,0,0
2025-08-27,port183,Buenaventura,3,2,18278,1616,3788,14489,0,0,0,0,1616,0,0,0
2025-08-28,port183,Buenaventura,2,1,2540,0,0,2540,0,0,0,0,0,0,0,0
2025-08-29,port183,Buenaventura,4,1,11210,1259,8722,0,0,0,2487,0,1026,233,0,0
2025-08-30,port183,Buenaventura,3,2,39889,5801,0,14066,0,25823,0,0,5801,0,0,0
2025-08-31,port183,Buenaventura,2,1,58266,0,52769,5497,0,0,0,0,0,0,0,0
2025-09-01,port183,Buenaventura,5,3,47818,2541,46815,1002,0,0,0,0,2541,0,0,0
2025-09-02,port183,Buenaventura,3,2,60930,0,21212,39718,0,0,0,0,0,0,0,0
2025-09-03,port183,Buenaventura,3,1,64670,0,53205,8089,0,0,3374,0,0,0,0,0
2025-09-04,port183,Buenaventura,2,2,22589,1616,0,22589,0,0,0,0,1616,0,0,0
2025-09-05,port183,Buenaventura,4,3,14211,3110,0,7448,0,6762,0,0,3110,0,0,0
2025-09-06,port183,Buenaventura,3,3,21532,7610,0,21532,0,0,0,0,7610,0,0,0
2025-09-07,port183,Buenaventura,4,3,10406,7062,0,9281,0,1124,0,0,7062,0,0,0
2025-09-08,port183,Buenaventura,6,3,52873,1616,34892,17980,0,0,0,0,1616,0,0,0
2025-09-09,port183,Buenaventura,4,1,24484,0,0,0,1028,23455,0,0,0,0,0,0
2025-09-10,port183,Buenaventura,4,3,32827,0,0,30748,0,0,2078,0,0,0,0,0
2025-09-11,port183,Buenaventura,4,1,62201,6762,52295,6472,0,3433,0,0,0,0,6762,0
2025-09-12,port183,Buenaventura,3,0,22042,0,18941,0,0,0,3100,0,0,0,0,0
2025-09-13,port183,Buenaventura,5,3,53435,6018,53435,0,0,0,0,0,6018,0,0,0
2025-09-14,port183,Buenaventura,3,2,53045,7787,51966,1078,0,0,0,0,7787,0,0,0
2025-09-15,port183,Buenaventura,5,3,10158,6265,0,10158,0,0,0,0,5093,1171,0,0
2025-09-16,port183,Buenaventura,5,4,33092,5686,0,17157,0,15935,0,0,5686,0,0,0
2025-09-17,port183,Buenaventura,5,4,84736,1510,0,68012,16724,0,0,0,1510,0,0,0
2025-09-18,port183,Buenaventura,2,0,9768,606,0,0,5624,0,4143,0,0,606,0,0
2025-09-19,port183,Buenaventura,3,2,42164,58814,0,42164,0,0,0,58063,751,0,0,0
2025-09-20,port183,Buenaventura,2,1,51987,0,45864,6122,0,0,0,0,0,0,0,0
2025-09-21,port183,Buenaventura,5,4,24158,6214,8134,16024,0,0,0,0,6214,0,0,0
2025-09-22,port183,Buenaventura,4,2,87549,2912,20627,42984,0,23938,0,2912,0,0,0,0
2025-09-23,port183,Buenaventura,2,2,11610,1250,0,11610,0,0,0,0,1250,0,0,0
2025-09-24,port183,Buenaventura,6,3,57911,7566,38732,19178,0,0,0,2912,4653,0,0,0
2025-09-25,port183,Buenaventura,5,2,41622,4529,29446,12175,0,0,0,2912,1616,0,0,0
2025-09-26,port183,Buenaventura,2,1,16935,1616,0,5586,0,11348,0,0,1616,0,0,0
2025-09-27,port183,Buenaventura,2,1,28073,3008,28073,0,0,0,0,0,3008,0,0,0
2025-09-28,port183,Buenaventura,4,3,57777,2196,0,44421,0,13356,0,0,2196,0,0,0
2025-09-29,port183,Buenaventura,4,3,33718,3232,18108,15610,0,0,0,0,3232,0,0,0
2025-09-30,port183,Buenaventura,4,3,32709,1390,30083,2625,0,0,0,0,1390,0,0,0
2025-10-01,port183,Buenaventura,7,3,117254,2912,97861,19393,0,0,0,2912,0,0,0,0
2025-10-02,port183,Buenaventura,2,1,5867,0,0,5867,0,0,0,0,0,0,0,0
2025-10-03,port183,Buenaventura,3,2,20747,12354,0,20747,0,0,0,0,0,0,12354,0
2025-10-04,port183,Buenaventura,3,3,9997,6624,0,9997,0,0,0,0,6624,0,0,0
2025-10-05,port183,Buenaventura,4,2,58201,6371,36755,21446,0,0,0,0,6371,0,0,0
2025-10-06,port183,Buenaventura,6,3,2870,10203,2870,0,0,0,0,0,10203,0,0,0
2025-10-07,port183,Buenaventura,4,3,78322,0,46645,31676,0,0,0,0,0,0,0,0
2025-10-08,port183,Buenaventura,6,3,46483,0,23745,21657,0,1081,0,0,0,0,0,0
2025-10-09,port183,Buenaventura,6,1,24612,741,15611,7338,0,0,1662,741,0,0,0,0
2025-10-10,port183,Buenaventura,3,2,30825,10127,0,30362,0,463,0,0,10127,0,0,0
2025-10-11,port183,Buenaventura,2,1,55585,0,52256,3329,0,0,0,0,0,0,0,0
2025-10-12,port183,Buenaventura,3,1,33514,0,24791,8723,0,0,0,0,0,0,0,0
2025-10-13,port183,Buenaventura,3,3,1237,9164,0,1237,0,0,0,0,9164,0,0,0
2025-10-14,port183,Buenaventura,4,1,59858,16988,39557,6890,0,13411,0,16988,0,0,0,0
2025-10-15,port183,Buenaventura,4,3,33000,0,12050,20950,0,0,0,0,0,0,0,0
2025-10-16,port183,Buenaventura,5,2,42656,0,16769,25887,0,0,0,0,0,0,0,0
2025-10-17,port183,Buenaventura,3,2,21389,8596,3842,17547,0,0,0,0,8596,0,0,0
2025-10-18,port183,Buenaventura,4,3,33340,5805,0,33340,0,0,0,0,5805,0,0,0
2025-10-19,port183,Buenaventura,2,1,11021,0,0,11021,0,0,0,0,0,0,0,0
2025-10-20,port183,Buenaventura,9,6,45405,29917,5628,38166,0,1610,0,26640,3277,0,0,0
2025-10-21,port183,Buenaventura,2,2,12123,0,0,12123,0,0,0,0,0,0,0,0
2025-10-22,port183,Buenaventura,5,2,35728,19459,11534,23325,0,0,868,0,1616,0,17843,0
2025-10-23,port183,Buenaventura,5,3,40626,2037,10713,6754,0,23157,0,0,2037,0,0,0
2025-10-24,port183,Buenaventura,5,2,126624,7549,102264,13837,10522,0,0,0,7549,0,0,0
2025-10-25,port183,Buenaventura,1,1,5586,1616,0,5586,0,0,0,0,1616,0,0,0
2025-10-26,port183,Buenaventura,3,2,74970,912,60999,13971,0,0,0,0,912,0,0,0
2025-10-27,port183,Buenaventura,6,4,60506,3232,3689,52250,4567,0,0,0,3232,0,0,0
2025-10-28,port183,Buenaventura,1,1,15192,0,0,15192,0,0,0,0,0,0,0,0
2025-10-29,port183,Buenaventura,1,1,19998,0,0,19998,0,0,0,0,0,0,0,0
2025-10-30,port183,Buenaventura,3,2,18079,1616,0,18079,0,0,0,0,1616,0,0,0
2025-10-31,port183,Buenaventura,3,2,34591,0,0,33326,0,1265,0,0,0,0,0,0
2025-11-01,port183,Buenaventura,2,2,5586,4296,0,5586,0,0,0,0,4296,0,0,0
2025-11-02,port183,Buenaventura,6,4,47806,14158,32361,15444,0,0,0,0,14158,0,0,0
2025-11-03,port183,Buenaventura,5,4,14145,6391,0,14145,0,0,0,0,5954,0,437,0
2025-11-04,port183,Buenaventura,7,2,123691,8016,74612,26001,18880,0,4197,2912,4497,606,0,0
2025-11-05,port183,Buenaventura,1,1,14634,0,0,14634,0,0,0,0,0,0,0,0
2025-11-06,port183,Buenaventura,3,1,16905,0,14429,2475,0,0,0,0,0,0,0,0
2025-11-07,port183,Buenaventura,6,2,113277,2262,83122,30155,0,0,0,0,2262,0,0,0
2025-11-08,port183,Buenaventura,3,1,18370,0,0,13347,5023,0,0,0,0,0,0,0
2025-11-09,port183,Buenaventura,3,1,88227,0,85886,2340,0,0,0,0,0,0,0,0
2025-11-10,port183,Buenaventura,6,4,66183,1556,18019,42679,0,5483,0,0,904,0,651,0
2025-11-11,port183,Buenaventura,1,1,3663,0,0,3663,0,0,0,0,0,0,0,0
2025-11-12,port183,Buenaventura,4,2,20377,0,2563,16251,0,1562,0,0,0,0,0,0
2025-11-13,port183,Buenaventura,4,2,26500,0,0,16795,4975,0,4729,0,0,0,0,0
2025-11-14,port183,Buenaventura,3,2,31093,1616,0,29529,0,1563,0,0,1616,0,0,0
2025-11-15,port183,Buenaventura,3,2,19294,9036,13707,5586,0,0,0,0,9036,0,0,0
2025-11-16,port183,Buenaventura,3,2,28202,1554,11266,16936,0,0,0,0,1554,0,0,0
2025-11-17,port183,Buenaventura,5,3,61340,3752,30822,621,0,29896,0,0,3752,0,0,0
2025-11-18,port183,Buenaventura,4,2,19022,0,0,14072,1007,0,3943,0,0,0,0,0
2025-11-19,port183,Buenaventura,1,1,11382,0,0,11382,0,0,0,0,0,0,0,0
2025-11-20,port183,Buenaventura,5,1,12643,53443,2904,9507,231,0,0,53443,0,0,0,0
2025-11-21,port183,Buenaventura,2,1,17137,4012,17137,0,0,0,0,0,4012,0,0,0
2025-11-22,port183,Buenaventura,4,3,14253,8717,13307,945,0,0,0,0,8717,0,0,0
2025-11-23,port183,Buenaventura,4,2,40256,0,26478,13383,0,394,0,0,0,0,0,0
2025-11-24,port183,Buenaventura,5,4,9376,2976,3859,5517,0,0,0,0,2976,0,0,0
2025-11-25,port183,Buenaventura,3,1,27762,1479,4994,0,0,22767,0,0,1479,0,0,0
2025-11-26,port183,Buenaventura,4,2,16464,61345,3376,13087,0,0,0,61345,0,0,0,0
2025-11-27,port183,Buenaventura,5,0,65778,0,62711,0,0,3067,0,0,0,0,0,0
2025-11-28,port183,Buenaventura,3,2,64522,0,26152,38369,0,0,0,0,0,0,0,0
2025-11-29,port183,Buenaventura,2,2,0,11920,0,0,0,0,0,0,11920,0,0,0
2025-11-30,port183,Buenaventura,5,3,30908,5816,12215,18693,0,0,0,0,5816,0,0,0
2025-12-01,port183,Buenaventura,5,5,25232,9440,0,25232,0,0,0,0,9440,0,0,0
2025-12-02,port183,Buenaventura,3,1,45103,2912,40699,4404,0,0,0,2912,0,0,0,0
2025-12-03,port183,Buenaventura,4,2,60202,0,2226,47537,0,10438,0,0,0,0,0,0
2025-12-04,port183,Buenaventura,3,1,18536,0,10522,6626,0,0,1387,0,0,0,0,0
2025-12-05,port183,Buenaventura,3,3,22189,3496,0,22189,0,0,0,0,3496,0,0,0
2025-12-06,port183,Buenaventura,2,1,0,70540,0,0,0,0,0,59302,11238,0,0,0
2025-12-07,port183,Buenaventura,4,3,8593,15507,0,8593,0,0,0,0,15507,0,0,0
2025-12-08,port183,Buenaventura,4,2,15573,0,531,13637,0,0,1404,0,0,0,0,0
2025-12-09,port183,Buenaventura,6,1,70704,3518,47535,471,5624,17072,0,2912,0,606,0,0
2025-12-10,port183,Buenaventura,4,2,61390,606,42624,13141,5624,0,0,0,0,606,0,0
2025-12-11,port183,Buenaventura,5,1,133409,6030,127925,0,0,5483,0,51,5327,0,651,0
2025-12-12,port183,Buenaventura,1,1,5586,1616,0,5586,0,0,0,0,1616,0,0,0
2025-12-13,port183,Buenaventura,3,2,14002,5410,7506,6495,0,0,0,0,5410,0,0,0
2025-12-14,port183,Buenaventura,5,4,20424,903,0,17673,0,0,2750,0,903,0,0,0
2025-12-15,port183,Buenaventura,6,3,13674,16733,2954,7234,0,3485,0,0,607,0,16126,0
2025-12-16,port183,Buenaventura,4,1,20737,0,3579,14472,1155,0,1529,0,0,0,0,0
2025-12-17,port183,Buenaventura,4,3,37789,1616,9926,27863,0,0,0,0,1616,0,0,0
2025-12-18,port183,Buenaventura,2,1,5143,0,0,2195,0,0,2947,0,0,0,0,0
2025-12-19,port183,Buenaventura,2,1,37765,0,26113,11652,0,0,0,0,0,0,0,0
2025-12-20,port183,Buenaventura,3,2,20627,21685,20627,0,0,0,0,2912,18772,0,0,0
2025-12-21,port183,Buenaventura,3,2,40630,2248,0,22723,0,17906,0,0,2248,0,0,0
2025-12-22,port183,Buenaventura,7,5,41980,40188,0,38372,3607,0,0,38572,1616,0,0,0
2025-12-23,port183,Buenaventura,2,1,5468,0,0,2366,3101,0,0,0,0,0,0,0
2025-12-24,port183,Buenaventura,4,3,21533,1616,0,21533,0,0,0,0,1616,0,0,0
2025-12-25,port183,Buenaventura,1,0,12896,0,0,0,0,12896,0,0,0,0,0,0
2025-12-26,port183,Buenaventura,3,2,16284,755,0,12820,0,3463,0,0,755,0,0,0
2025-12-27,port183,Buenaventura,5,2,54023,0,28974,3838,0,21210,0,0,0,0,0,0
2025-12-28,port183,Buenaventura,7,4,142875,22331,134080,8794,0,0,0,0,22331,0,0,0
2025-12-29,port183,Buenaventura,5,1,49213,0,47889,1324,0,0,0,0,0,0,0,0
2025-12-30,port183,Buenaventura,5,3,49890,1044,0,49890,0,0,0,1044,0,0,0,0
2025-12-31,port183,Buenaventura,2,1,6369,0,3835,2534,0,0,0,0,0,0,0,0
2026-01-01,port183,Buenaventura,2,1,11940,66,0,10953,0,0,987,0,0,0,0,66
2026-01-02,port183,Buenaventura,3,3,27085,0,0,27085,0,0,0,0,0,0,0,0
2026-01-03,port183,Buenaventura,3,3,0,12613,0,0,0,0,0,0,12613,0,0,0
2026-01-04,port183,Buenaventura,4,3,34929,4622,22035,12893,0,0,0,0,4622,0,0,0
2026-01-05,port183,Buenaventura,5,2,37916,0,17652,11255,9008,0,0,0,0,0,0,0
2026-01-06,port183,Buenaventura,2,2,37209,0,0,37209,0,0,0,0,0,0,0,0
2026-01-07,port183,Buenaventura,3,1,24421,0,5569,12139,0,6712,0,0,0,0,0,0
2026-01-08,port183,Buenaventura,3,2,16575,1616,0,12710,0,0,3864,0,1616,0,0,0
2026-01-09,port183,Buenaventura,5,2,65644,62410,36180,29464,0,0,0,60358,1616,0,435,0
2026-01-10,port183,Buenaventura,2,2,5586,10858,0,5586,0,0,0,0,10858,0,0,0
2026-01-11,port183,Buenaventura,5,3,37256,6291,0,37256,0,0,0,4359,1616,0,315,0
2026-01-12,port183,Buenaventura,4,2,67826,4444,51180,1888,14756,0,0,0,4444,0,0,0
2026-01-13,port183,Buenaventura,4,2,96747,1616,52932,43814,0,0,0,0,1616,0,0,0
2026-01-14,port183,Buenaventura,4,2,26849,1689,5531,20017,0,1300,0,0,1616,0,72,0
2026-01-15,port183,Buenaventura,2,2,13189,0,0,13189,0,0,0,0,0,0,0,0
2026-01-16,port183,Buenaventura,3,1,31878,0,11410,19953,514,0,0,0,0,0,0,0
2026-01-17,port183,Buenaventura,5,3,19265,14352,19265,0,0,0,0,0,14352,0,0,0
2026-01-18,port183,Buenaventura,3,3,30486,3321,0,30486,0,0,0,0,3321,0,0,0
2026-01-19,port183,Buenaventura,6,3,48300,2222,0,39515,5624,2502,656,0,1616,606,0,0
2026-01-20,port183,Buenaventura,3,1,38626,3518,20627,12374,5624,0,0,2912,0,606,0,0
2026-01-21,port183,Buenaventura,4,3,25674,0,4097,21576,0,0,0,0,0,0,0,0
2026-01-22,port183,Buenaventura,3,1,65117,0,53765,11351,0,0,0,0,0,0,0,0
2026-01-23,port183,Buenaventura,6,4,33498,3125,6385,21629,0,5483,0,0,2473,0,651,0
2026-01-24,port183,Buenaventura,1,1,5586,1616,0,5586,0,0,0,0,1616,0,0,0
2026-01-25,port183,Buenaventura,5,2,98824,0,60216,31136,7471,0,0,0,0,0,0,0
2026-01-26,port183,Buenaventura,6,3,85796,4914,73831,7614,0,0,4350,2912,2001,0,0,0
2026-01-27,port183,Buenaventura,2,0,2483,0,0,0,0,0,2483,0,0,0,0,0
2026-01-28,port183,Buenaventura,4,2,52636,0,37179,14794,0,662,0,0,0,0,0,0
2026-01-29,port183,Buenaventura,1,1,0,1723,0,0,0,0,0,0,1723,0,0,0
2026-01-30,port183,Buenaventura,3,2,3082,64058,0,3082,0,0,0,56811,7246,0,0,0
2026-01-31,port183,Buenaventura,4,2,41407,4690,0,21363,0,20044,0,0,3747,0,943,0
2026-02-01,port183,Buenaventura,4,4,18825,17004,0,18825,0,0,0,0,17004,0,0,0
2026-02-02,port183,Buenaventura,4,3,17437,406,0,14335,3101,0,0,0,406,0,0,0
2026-02-03,port183,Buenaventura,3,3,39069,2625,0,39069,0,0,0,0,2625,0,0,0
2026-02-04,port183,Buenaventura,2,1,20193,0,0,18227,0,1965,0,0,0,0,0,0
2026-02-05,port183,Buenaventura,3,1,53318,1517,53318,0,0,0,0,0,1517,0,0,0
2026-02-06,port183,Buenaventura,5,2,97274,2030,81032,16242,0,0,0,0,2030,0,0,0
2026-02-07,port183,Buenaventura,5,2,60783,26905,60783,0,0,0,0,20033,6871,0,0,0
2026-02-08,port183,Buenaventura,4,2,58105,11783,55544,0,0,0,2561,0,11783,0,0,0
2026-02-09,port183,Buenaventura,4,3,23112,3275,5173,17938,0,0,0,0,3275,0,0,0
2026-02-10,port183,Buenaventura,1,1,3076,0,0,3076,0,0,0,0,0,0,0,0
2026-02-11,port183,Buenaventura,3,1,56762,606,0,29415,27347,0,0,0,0,606,0,0
2026-02-12,port183,Buenaventura,5,3,51887,0,14958,24768,0,12159,0,0,0,0,0,0
2026-02-13,port183,Buenaventura,5,2,30182,34090,11135,14245,0,0,4801,34090,0,0,0,0
2026-02-14,port183,Buenaventura,5,3,25591,5038,0,6526,0,18197,868,0,5038,0,0,0
2026-02-15,port183,Buenaventura,2,0,23848,0,22107,0,0,1741,0,0,0,0,0,0
2026-02-16,port183,Buenaventura,6,5,63427,18864,29879,33547,0,0,0,0,18864,0,0,0
2026-02-17,port183,Buenaventura,4,1,102772,51,72921,28606,0,1244,0,51,0,0,0,0
2026-02-18,port183,Buenaventura,6,3,94479,2248,68692,24917,0,869,0,0,2248,0,0,0
2026-02-19,port183,Buenaventura,2,1,20924,0,0,18712,0,2211,0,0,0,0,0,0
2026-02-20,port183,Buenaventura,5,3,56409,3792,41993,14416,0,0,0,0,3792,0,0,0
2026-02-21,port183,Buenaventura,4,2,0,17605,0,0,0,0,0,0,14340,3264,0,0
2026-02-22,port183,Buenaventura,4,4,30198,1616,0,30198,0,0,0,0,1616,0,0,0
2026-02-23,port183,Buenaventura,3,2,5586,10103,0,5586,0,0,0,0,10103,0,0,0
2026-02-24,port183,Buenaventura,3,1,15484,0,14528,956,0,0,0,0,0,0,0,0
2026-02-25,port183,Buenaventura,3,2,25101,0,8733,16367,0,0,0,0,0,0,0,0
2026-02-26,port183,Buenaventura,3,1,7796,690,0,2225,0,0,5570,0,0,0,690,0
2026-02-27,port183,Buenaventura,4,2,116342,5909,103096,13245,0,0,0,0,5909,0,0,0
2026-02-28,port183,Buenaventura,7,3,73112,12577,67955,0,5156,0,0,0,12577,0,0,0
2026-03-01,port183,Buenaventura,3,1,6263,15900,5185,0,0,1078,0,0,15900,0,0,0
2026-03-02,port183,Buenaventura,3,3,22898,1616,0,22898,0,0,0,0,1616,0,0,0
2026-03-03,port183,Buenaventura,4,2,55978,75974,20627,35351,0,0,0,64354,11619,0,0,0
2026-03-04,port183,Buenaventura,2,1,61981,0,44291,17690,0,0,0,0,0,0,0,0
2026-03-05,port183,Buenaventura,5,3,29952,506,0,23345,0,6606,0,0,506,0,0,0
2026-03-06,port183,Buenaventura,3,2,5586,3837,0,5586,0,0,0,0,3837,0,0,0
2026-03-07,port183,Buenaventura,2,2,1168,8616,0,1168,0,0,0,0,8616,0,0,0
2026-03-08,port183,Buenaventura,5,2,46365,2222,19109,20949,6306,0,0,0,1616,606,0,0
2026-03-09,port183,Buenaventura,8,2,121888,6528,117022,3708,0,1158,0,0,6528,0,0,0
2026-03-10,port183,Buenaventura,4,3,92377,0,55895,36481,0,0,0,0,0,0,0,0
2026-03-11,port183,Buenaventura,6,1,71424,18493,0,46173,7919,17332,0,18493,0,0,0,0
2026-03-12,port183,Buenaventura,2,1,4609,0,0,665,0,0,3944,0,0,0,0,0
2026-03-13,port183,Buenaventura,2,2,5634,804,0,5634,0,0,0,0,804,0,0,0
2026-03-14,port183,Buenaventura,4,2,57837,1261,54544,1902,1389,0,0,0,1261,0,0,0
2026-03-15,port183,Buenaventura,4,2,71381,0,41625,25369,0,4386,0,0,0,0,0,0
2026-03-16,port183,Buenaventura,4,3,9698,2422,0,6486,0,0,3212,0,2422,0,0,0
2026-03-17,port183,Buenaventura,4,1,82246,2912,70064,10327,0,1854,0,2912,0,0,0,0
2026-03-18,port183,Buenaventura,3,3,29049,0,0,29049,0,0,0,0,0,0,0,0
2026-03-19,port183,Buenaventura,4,2,102481,0,64242,38238,0,0,0,0,0,0,0,0
2026-03-20,port183,Buenaventura,3,1,8109,7207,6732,0,0,0,1376,0,7207,0,0,0
2026-03-21,port183,Buenaventura,4,3,37097,3232,24887,12209,0,0,0,0,3232,0,0,0
2026-03-22,port183,Buenaventura,5,3,15326,15319,7605,5842,0,1877,0,0,15319,0,0,0
2026-03-23,port183,Buenaventura,4,2,6936,1886,1721,5215,0,0,0,0,1886,0,0,0
2026-03-24,port183,Buenaventura,5,1,61828,66,48334,12506,0,0,987,0,0,0,0,66
2026-03-25,port183,Buenaventura,4,2,85569,0,23305,52936,9328,0,0,0,0,0,0,0
2026-03-26,port183,Buenaventura,1,1,11102,0,0,11102,0,0,0,0,0,0,0,0
2026-03-27,port183,Buenaventura,5,2,99249,0,81432,14126,0,3690,0,0,0,0,0,0
2026-03-28,port183,Buenaventura,3,2,12520,1616,0,12520,0,0,0,0,1616,0,0,0
2026-03-29,port183,Buenaventura,6,4,54796,6045,51437,1329,0,0,2029,0,6045,0,0,0
2026-03-30,port183,Buenaventura,6,2,66131,18689,66131,0,0,0,0,0,18689,0,0,0
2026-03-31,port183,Buenaventura,5,2,32433,25258,20627,10788,0,0,1017,2912,1616,0,20729,0
2026-04-01,port183,Buenaventura,3,3,32003,0,0,32003,0,0,0,0,0,0,0,0
2026-04-02,port183,Buenaventura,0,0,0,0,0,0,0,0,0,0,0,0,0,0
2026-04-03,port183,Buenaventura,2,1,948,0,0,510,0,438,0,0,0,0,0,0
2026-04-04,port183,Buenaventura,4,3,59400,1616,51386,8013,0,0,0,0,1616,0,0,0
2026-04-05,port183,Buenaventura,7,3,123630,34553,109060,7964,0,6606,0,27134,7418,0,0,0
2026-04-06,port183,Buenaventura,3,2,18816,2049,0,18816,0,0,0,0,1610,0,438,0
2026-04-07,port183,Buenaventura,3,2,31485,0,0,30117,0,0,1368,0,0,0,0,0
2026-04-08,port183,Buenaventura,4,2,30443,5889,20627,7530,2286,0,0,2912,2976,0,0,0
2026-04-09,port183,Buenaventura,4,2,55361,0,47340,8020,0,0,0,0,0,0,0,0
2026-04-10,port183,Buenaventura,3,3,31884,0,0,31884,0,0,0,0,0,0,0,0
2026-04-11,port183,Buenaventura,3,1,83047,0,70844,12202,0,0,0,0,0,0,0,0
2026-04-12,port183,Buenaventura,3,2,30179,4529,20627,9551,0,0,0,2912,1616,0,0,0
2026-04-13,port183,Buenaventura,3,2,35294,0,0,27600,7694,0,0,0,0,0,0,0
2026-04-14,port183,Buenaventura,2,0,17382,0,0,0,0,17382,0,0,0,0,0,0
2026-04-15,port183,Buenaventura,3,2,42719,7347,23407,19311,0,0,0,0,7347,0,0,0
2026-04-16,port183,Buenaventura,2,0,5624,606,0,0,5624,0,0,0,0,606,0,0
2026-04-17,port183,Buenaventura,6,3,160337,0,103292,33842,0,23202,0,0,0,0,0,0
2026-04-18,port183,Buenaventura,3,1,20058,63724,20058,0,0,0,0,59227,4496,0,0,0
2026-04-19,port183,Buenaventura,6,5,47053,9623,34160,12892,0,0,0,0,9623,0,0,0
2026-04-20,port183,Buenaventura,4,3,36382,1541,12677,23705,0,0,0,0,1541,0,0,0
2026-04-21,port183,Buenaventura,2,2,30321,0,0,30321,0,0,0,0,0,0,0,0
2026-04-22,port183,Buenaventura,2,1,20362,66,0,19375,0,0,987,0,0,0,0,66
2026-04-23,port183,Buenaventura,4,1,67993,1851,62406,5586,0,0,0,0,1616,235,0,0
2026-04-24,port183,Buenaventura,4,2,24603,0,0,22363,2239,0,0,0,0,0,0,0
2026-04-25,port183,Buenaventura,2,2,7608,1616,0,7608,0,0,0,0,1616,0,0,0
2026-04-26,port183,Buenaventura,5,2,41082,8644,37377,3705,0,0,0,0,8644,0,0,0
2026-04-27,port183,Buenaventura,5,4,27697,8027,0,27697,0,0,0,0,7104,0,922,0
2026-04-28,port183,Buenaventura,7,4,56655,6057,21110,35544,0,0,0,2912,3144,0,0,0
2026-04-29,port183,Buenaventura,1,0,9352,0,9352,0,0,0,0,0,0,0,0,0
2026-04-30,port183,Buenaventura,4,2,21527,1616,0,17439,0,0,4087,0,1616,0,0,0
2026-05-01,port183,Buenaventura,3,2,27823,1616,19198,8624,0,0,0,0,1616,0,0,0
2026-05-02,port183,Buenaventura,3,2,8120,1616,0,8120,0,0,0,0,1616,0,0,0
2026-05-03,port183,Buenaventura,6,4,92323,1127,87392,4930,0,0,0,0,1127,0,0,0
2026-05-04,port183,Buenaventura,6,4,50668,12141,20627,24557,0,5483,0,2912,8576,0,651,0
2026-05-05,port183,Buenaventura,3,1,11774,3325,0,0,8622,3151,0,0,3325,0,0,0
2026-05-06,port183,Buenaventura,2,1,70504,0,52129,18375,0,0,0,0,0,0,0,0
2026-05-07,port183,Buenaventura,4,3,47922,0,7473,40448,0,0,0,0,0,0,0,0
2026-05-08,port183,Buenaventura,3,3,27824,0,0,27824,0,0,0,0,0,0,0,0
2026-05-09,port183,Buenaventura,4,3,11024,8371,0,5191,0,5832,0,0,8371,0,0,0
2026-05-10,port183,Buenaventura,4,2,8957,1616,0,6599,0,0,2357,0,1616,0,0,0
2026-05-11,port183,Buenaventura,1,1,0,1156,0,0,0,0,0,0,1156,0,0,0
2026-05-12,port183,Buenaventura,3,1,18134,606,0,12068,5624,441,0,0,0,606,0,0
2026-05-13,port183,Buenaventura,6,1,66092,0,59979,3336,388,0,2388,0,0,0,0,0
2026-05-14,port183,Buenaventura,4,1,82004,0,50783,10757,0,20463,0,0,0,0,0,0
2026-05-15,port183,Buenaventura,1,1,2549,0,0,2549,0,0,0,0,0,0,0,0
2026-05-16,port183,Buenaventura,5,3,49393,3313,48279,1114,0,0,0,2912,400,0,0,0
2026-05-17,port183,Buenaventura,3,3,32710,775,0,32710,0,0,0,0,775,0,0,0
2026-05-18,port183,Buenaventura,4,4,50630,1616,0,50630,0,0,0,0,1616,0,0,0
2026-05-19,port183,Buenaventura,5,1,40861,1601,13087,0,21065,0,6707,0,1601,0,0,0
2026-05-20,port183,Buenaventura,3,1,18981,549,4234,14747,0,0,0,549,0,0,0,0
2026-05-21,port183,Buenaventura,1,1,25754,0,0,25754,0,0,0,0,0,0,0,0
2026-05-22,port183,Buenaventura,2,2,34964,0,0,34964,0,0,0,0,0,0,0,0
2026-05-23,port183,Buenaventura,4,1,49486,2912,46962,2523,0,0,0,2912,0,0,0,0
2026-05-24,port183,Buenaventura,2,2,254,3386,0,254,0,0,0,0,3386,0,0,0
2026-05-25,port183,Buenaventura,5,4,26947,61637,0,26947,0,0,0,60864,773,0,0,0
2026-05-26,port183,Buenaventura,4,2,127455,0,101742,25712,0,0,0,0,0,0,0,0
2026-05-27,port183,Buenaventura,1,1,19780,0,0,19780,0,0,0,0,0,0,0,0
2026-05-28,port183,Buenaventura,4,1,44290,0,26661,17629,0,0,0,0,0,0,0,0
2026-05-29,port183,Buenaventura,4,3,36819,2128,0,36819,0,0,0,0,2128,0,0,0
2026-05-30,port183,Buenaventura,3,2,13601,651,0,8118,0,5483,0,0,0,0,651,0
2026-05-31,port183,Buenaventura,2,2,0,3385,0,0,0,0,0,0,3385,0,0,0
2026-06-01,port183,Buenaventura,7,5,41970,12289,0,38416,0,0,3554,10713,1575,0,0,0
2026-06-02,port183,Buenaventura,1,0,0,1161,0,0,0,0,0,1161,0,0,0,0
2026-06-03,port183,Buenaventura,2,1,4623,0,1211,3412,0,0,0,0,0,0,0,0
2026-06-04,port183,Buenaventura,1,1,10221,0,0,10221,0,0,0,0,0,0,0,0
2026-06-05,port183,Buenaventura,5,2,91173,0,52287,38885,0,0,0,0,0,0,0,0
2026-06-06,port183,Buenaventura,5,3,42403,10768,20627,17107,0,4667,0,2912,7855,0,0,0
2026-06-07,port183,Buenaventura,3,2,13402,57895,0,13402,0,0,0,56279,1616,0,0,0
2026-06-08,port183,Buenaventura,4,3,59422,5321,53867,5554,0,0,0,0,5321,0,0,0
2026-06-09,port183,Buenaventura,3,2,24712,0,0,24712,0,0,0,0,0,0,0,0
2026-06-10,port183,Buenaventura,2,0,17264,0,3379,0,13884,0,0,0,0,0,0,0
2026-06-11,port183,Buenaventura,3,2,42200,0,0,42200,0,0,0,0,0,0,0,0
2026-06-12,port183,Buenaventura,2,2,3301,0,0,3301,0,0,0,0,0,0,0,0
2026-06-13,port183,Buenaventura,1,1,5586,1616,0,5586,0,0,0,0,1616,0,0,0
2026-06-14,port183,Buenaventura,3,2,16942,0,0,16942,0,0,0,0,0,0,0,0
2026-06-15,port183,Buenaventura,5,4,10349,8155,0,10349,0,0,0,0,8155,0,0,0
2026-06-16,port183,Buenaventura,5,0,141024,651,135540,0,0,5483,0,0,0,0,651,0
2026-06-17,port183,Buenaventura,2,1,33683,0,26612,7070,0,0,0,0,0,0,0,0
2026-06-18,port183,Buenaventura,4,2,99737,0,53175,45401,0,1160,0,0,0,0,0,0
2026-06-19,port183,Buenaventura,4,2,50466,2912,20627,29838,0,0,0,2912,0,0,0,0
2026-06-20,port183,Buenaventura,5,4,3329,13411,0,3329,0,0,0,0,13411,0,0,0
2026-06-21,port183,Buenaventura,4,2,1413,7608,0,0,0,1413,0,0,7608,0,0,0
2026-06-22,port183,Buenaventura,4,1,38899,7586,33274,0,5624,0,0,0,6980,606,0,0
2026-06-23,port183,Buenaventura,3,0,26776,651,0,0,0,26776,0,0,0,0,651,0
2026-06-24,port183,Buenaventura,0,0,0,0,0,0,0,0,0,0,0,0,0,0
2026-06-25,port183,Buenaventura,4,3,47704,1616,0,44907,0,2797,0,0,1616,0,0,0
2026-06-26,port183,Buenaventura,6,2,78064,3778,68282,9781,0,0,0,0,0,0,3778,0
2026-06-27,port183,Buenaventura,5,2,53499,11968,52222,0,1277,0,0,0,11968,0,0,0
2026-06-28,port183,Buenaventura,3,3,5586,26632,0,5586,0,0,0,0,26632,0,0,0
2026-06-29,port183,Buenaventura,6,4,126305,5424,91239,35065,0,0,0,0,5424,0,0,0
2026-06-30,port183,Buenaventura,5,1,31931,0,15631,13315,235,0,2748,0,0,0,0,0
2026-07-01,port183,Buenaventura,5,4,35569,1549,0,35569,0,0,0,0,0,0,1549,0
2026-07-02,port183,Buenaventura,1,0,27343,0,27343,0,0,0,0,0,0,0,0,0
2026-07-03,port183,Buenaventura,5,3,54445,1616,0,35735,0,18709,0,0,1616,0,0,0
2026-07-04,port183,Buenaventura,2,1,8041,13619,8041,0,0,0,0,0,13619,0,0,0
2026-07-05,port183,Buenaventura,3,3,32861,1616,0,32861,0,0,0,0,1616,0,0,0
2026-07-06,port183,Buenaventura,4,3,20256,3865,1669,18587,0,0,0,0,3865,0,0,0
2026-07-07,port183,Buenaventura,2,1,25451,0,12483,12968,0,0,0,0,0,0,0,0
2026-07-08,port183,Buenaventura,6,4,49590,1616,1729,47860,0,0,0,0,1616,0,0,0
2026-07-09,port183,Buenaventura,4,2,40931,0,0,31040,0,0,9890,0,0,0,0,0
2026-07-10,port183,Buenaventura,3,1,36536,0,12165,23428,0,942,0,0,0,0,0,0
2026-07-11,port183,Buenaventura,4,3,12581,0,0,12581,0,0,0,0,0,0,0,0
2026-07-12,port183,Buenaventura,7,5,71273,9673,51442,19394,0,436,0,0,9673,0,0,0
2026-07-13,port183,Buenaventura,5,3,38415,6194,13192,17125,0,8097,0,0,6194,0,0,0
2026-07-14,port183,Buenaventura,2,1,5608,0,0,2577,0,0,3030,0,0,0,0,0
2026-07-15,port183,Buenaventura,5,2,49515,72,9946,38269,0,1300,0,0,0,0,72,0
2026-07-16,port183,Buenaventura,4,1,47042,0,44854,2187,0,0,0,0,0,0,0,0
2026-07-17,port183,Buenaventura,5,4,64675,0,11060,53615,0,0,0,0,0,0,0,0
2026-07-18,port183,Buenaventura,4,3,20188,7802,0,20188,0,0,0,0,7802,0,0,0
2026-07-19,port183,Buenaventura,3,2,14188,2745,0,14188,0,0,0,0,2745,0,0,0
2026-07-20,port183,Buenaventura,3,2,6047,7243,0,5586,0,0,460,0,7243,0,0,0
2026-07-21,port183,Buenaventura,4,2,76823,0,55434,20247,0,1141,0,0,0,0,0,0
2026-07-22,port183,Buenaventura,4,2,42026,2912,20627,21399,0,0,0,2912,0,0,0,0
2026-07-23,port183,Buenaventura,3,1,4801,58452,0,0,0,0,4801,54118,4333,0,0,0
2026-07-24,port183,Buenaventura,5,2,94987,3518,72000,17362,5624,0,0,2912,0,606,0,0
2026-07-25,port183,Buenaventura,4,3,37806,10917,35571,2234,0,0,0,0,10917,0,0,0
2026-07-26,port183,Buenaventura,4,3,69776,3352,56738,13038,0,0,0,0,3352,0,0,0
2026-07-27,port183,Buenaventura,4,2,18307,357,2325,15982,0,0,0,0,357,0,0,0
2026-07-28,port183,Buenaventura,4,1,94986,0,92022,2964,0,0,0,0,0,0,0,0
2026-07-29,port183,Buenaventura,4,1,33744,2912,29490,3336,0,0,917,2912,0,0,0,0
2026-07-30,port183,Buenaventura,1,1,1452,0,0,1452,0,0,0,0,0,0,0,0
2026-07-31,port183,Buenaventura,4,3,17237,2308,0,17237,0,0,0,0,2308,0,0,0
2026-08-01,port183,Buenaventura,4,2,56698,0,32215,17876,0,6606,0,0,0,0,0,0
2026-08-02,port183,Buenaventura,2,2,289,6588,0,289,0,0,0,0,6588,0,0,0
2026-08-03,port183,Buenaventura,5,3,22679,0,7194,15485,0,0,0,0,0,0,0,0
2026-08-04,port183,Buenaventura,2,1,17594,0,0,14517,3076,0,0,0,0,0,0,0
2026-08-05,port183,Buenaventura,2,1,45350,0,38003,7347,0,0,0,0,0,0,0,0
2026-08-06,port183,Buenaventura,4,0,93486,0,69538,0,0,18814,5134,0,0,0,0,0
2026-08-07,port183,Buenaventura,6,3,52052,606,24372,22055,5624,0,0,0,0,606,0,0
2026-08-08,port183,Buenaventura,4,3,12263,2726,0,12263,0,0,0,0,2726,0,0,0
2026-08-09,port183,Buenaventura,2,1,26752,0,26752,0,0,0,0,0,0,0,0,0
2026-08-10,port183,Buenaventura,3,1,1051,1539,0,0,0,1051,0,0,1539,0,0,0
2026-08-11,port183,Buenaventura,3,2,57068,2912,20627,36441,0,0,0,2912,0,0,0,0
2026-08-12,port183,Buenaventura,3,1,34567,0,8277,26289,0,0,0,0,0,0,0,0
2026-08-13,port183,Buenaventura,1,0,53124,0,53124,0,0,0,0,0,0,0,0,0
2026-08-14,port183,Buenaventura,6,2,104338,7061,91390,5586,0,7360,0,2912,4148,0,0,0
2026-08-15,port183,Buenaventura,3,2,21324,0,0,10177,11147,0,0,0,0,0,0,0
2026-08-16,port183,Buenaventura,4,1,67779,7544,54448,0,0,13330,0,1166,6377,0,0,0
2026-08-17,port183,Buenaventura,4,2,11364,12087,2286,5586,0,3490,0,0,12087,0,0,0
2026-08-18,port183,Buenaventura,2,1,18905,1616,13318,5586,0,0,0,0,1616,0,0,0
2026-08-19,port183,Buenaventura,3,1,34895,0,11475,23419,0,0,0,0,0,0,0,0
2026-08-20,port183,Buenaventura,2,0,12780,0,0,0,0,8368,4412,0,0,0,0,0
2026-08-21,port183,Buenaventura,3,2,42621,0,0,27032,0,15589,0,0,0,0,0,0
2026-08-22,port183,Buenaventura,3,3,5586,2770,0,5586,0,0,0,0,2770,0,0,0
2026-08-23,port183,Buenaventura,5,4,57949,1815,0,57949,0,0,0,0,1815,0,0,0
2026-08-24,port183,Buenaventura,3,2,20947,0,0,20947,0,0,0,0,0,0,0,0
2026-08-25,port183,Buenaventura,4,3,40886,0,3466,37420,0,0,0,0,0,0,0,0
2026-08-26,port183,Buenaventura,4,0,35696,0,18000,0,17696,0,0,0,0,0,0,0
2026-08-27,port183,Buenaventura,2,2,19352,2434,0,19352,0,0,0,0,2434,0,0,0
2026-08-28,port183,Buenaventura,6,3,86995,1605,50941,30569,0,5483,0,953,0,0,651,0
2026-08-29,port183,Buenaventura,2,1,0,3119,0,0,0,0,0,0,1871,0,1248,0
2026-08-30,port183,Buenaventura,7,3,39956,4596,20627,16262,0,2079,987,2912,1616,0,0,66
2026-08-31,port183,Buenaventura,6,2,56211,3030,41054,14168,0,0,987,2964,0,0,0,66
2026-09-01,port183,Buenaventura,0,0,0,0,0,0,0,0,0,0,0,0,0,0
2026-09-02,port183,Buenaventura,3,1,14213,0,0,12945,0,1268,0,0,0,0,0,0
2026-09-03,port183,Buenaventura,4,1,25797,8563,20627,5169,0,0,0,2912,0,0,5650,0
2026-09-04,port183,Buenaventura,2,2,1012,4759,0,1012,0,0,0,0,4759,0,0,0
2026-09-05,port183,Buenaventura,4,2,46045,18694,41567,4477,0,0,0,2912,15781,0,0,0
2026-09-06,port183,Buenaventura,3,2,6396,1891,0,912,0,5483,0,0,1239,0,651,0
2026-09-07,port183,Buenaventura,3,2,18739,3718,0,7530,0,11209,0,0,3718,0,0,0
2026-09-08,port183,Buenaventura,4,3,42778,651,0,37294,0,5483,0,0,0,0,651,0
2026-09-09,port183,Buenaventura,2,0,22025,2912,20627,0,0,1398,0,2912,0,0,0,0
2026-09-10,port183,Buenaventura,4,1,79741,6477,41254,33002,0,5483,0,5825,0,0,651,0
2026-09-11,port183,Buenaventura,5,2,25519,3211,18771,5586,0,1161,0,51,3159,0,0,0
2019-01-07,port218,Cartagena,11,7,66537,10819,23382,37946,3856,1352,0,0,9128,1690,0,0
2019-01-08,port218,Cartagena,12,6,21133,58117,0,9694,884,10554,0,0,15127,6560,36429,0
2019-01-09,port218,Cartagena,12,6,25802,24205,0,21186,884,3730,0,1490,10765,11949,0,0
2019-01-10,port218,Cartagena,5,4,29576,11854,0,29576,0,0,0,0,11854,0,0,0
2019-01-11,port218,Cartagena,8,6,20831,50670,0,14358,0,6473,0,0,12188,0,38481,0
2019-01-12,port218,Cartagena,10,8,38187,13390,0,36658,0,0,1529,2605,10784,0,0,0
2019-01-13,port218,Cartagena,8,3,17548,12571,8474,3908,0,5165,0,7050,5073,0,447,0
2019-01-14,port218,Cartagena,11,6,27636,8696,0,16809,2063,7937,825,0,8611,0,0,85
2019-01-15,port218,Cartagena,7,4,103059,47201,0,29785,0,73274,0,0,4564,0,42637,0
2019-01-16,port218,Cartagena,6,5,8823,8473,0,8823,0,0,0,0,8473,0,0,0
2019-01-17,port218,Cartagena,8,4,27523,11635,14043,6131,0,7349,0,0,7548,1255,2831,0
2019-01-18,port218,Cartagena,13,10,35361,25928,0,31845,884,2631,0,0,24470,1458,0,0
2019-01-19,port218,Cartagena,9,5,28309,91501,0,18828,4204,5277,0,34018,8270,0,49212,0
2019-01-20,port218,Cartagena,11,5,91530,133334,0,11863,0,79666,0,0,10830,0,122504,0
2019-01-21,port218,Cartagena,7,6,13929,14361,0,13668,0,260,0,0,14361,0,0,0
2019-01-22,port218,Cartagena,7,5,33754,11307,5810,22552,0,5392,0,0,11307,0,0,0
2019-01-23,port218,Cartagena,8,8,9564,15775,0,9564,0,0,0,0,15775,0,0,0
2019-01-24,port218,Cartagena,8,3,20901,138091,0,9758,884,10257,0,0,4484,1458,132147,0
2019-01-25,port218,Cartagena,12,8,28497,28912,0,23220,0,5277,0,0,19706,0,9206,0
2019-01-26,port218,Cartagena,11,6,50047,12614,27316,9038,2895,10797,0,7559,5055,0,0,0
2019-01-27,port218,Cartagena,7,7,13597,7767,0,13597,0,0,0,0,7767,0,0,0
2019-01-28,port218,Cartagena,7,3,31014,92228,0,31014,0,0,0,49131,2449,0,40647,0
2019-01-29,port218,Cartagena,8,5,15596,9498,0,14711,884,0,0,1193,6846,1458,0,0
2019-01-30,port218,Cartagena,7,4,19504,42000,0,7091,0,12412,0,0,4941,0,37058,0
2019-01-31,port218,Cartagena,6,4,7505,13459,0,1343,884,5277,0,0,11886,1458,114,0
2019-02-01,port218,Cartagena,13,9,26150,58369,0,24995,1155,0,0,40011,14444,3913,0,0
2019-02-02,port218,Cartagena,8,4,32462,16823,48,28423,0,0,3989,7050,9602,0,0,171
2019-02-03,port218,Cartagena,9,6,21069,8073,0,14008,0,7060,0,0,5887,2185,0,0
2019-02-04,port218,Cartagena,7,2,11393,5768,0,2941,1769,6682,0,0,2852,2916,0,0
2019-02-05,port218,Cartagena,7,5,8396,45163,0,8396,0,0,0,0,17074,0,28088,0
2019-02-06,port218,Cartagena,9,6,16564,58966,0,11764,0,4799,0,0,12358,0,46607,0
2019-02-07,port218,Cartagena,15,8,54886,24502,14428,27991,0,12465,0,0,7068,5587,11846,0
2019-02-08,port218,Cartagena,10,6,18901,13829,0,8166,0,10734,0,0,13715,0,114,0
2019-02-09,port218,Cartagena,7,5,13967,5606,0,13967,0,0,0,0,5606,0,0,0
2019-02-10,port218,Cartagena,10,5,54701,5719,0,42503,884,11313,0,0,2417,1458,114,1729
2019-02-11,port218,Cartagena,10,4,15384,56223,0,8083,7301,0,0,53454,2769,0,0,0
2019-02-12,port218,Cartagena,6,4,7921,47214,0,2941,0,4980,0,0,19352,0,27861,0
2019-02-13,port218,Cartagena,13,7,27171,9904,0,18027,3866,5277,0,0,5607,4182,114,0
2019-02-14,port218,Cartagena,9,6,24023,20779,0,16645,884,6493,0,0,1495,19284,0,0
2019-02-15,port218,Cartagena,12,6,27592,54663,0,22465,4301,0,825,2668,6852,1458,43598,85
2019-02-16,port218,Cartagena,8,4,20546,17367,0,16652,884,3009,0,0,3398,1458,12510,0
2019-02-17,port218,Cartagena,6,3,13889,61038,0,8612,0,5277,0,0,2850,0,58187,0
2019-02-18,port218,Cartagena,8,5,12689,6846,0,11730,959,0,0,0,6846,0,0,0
2019-02-19,port218,Cartagena,6,3,65244,8130,62303,2941,0,0,0,0,6685,0,1445,0
2019-02-20,port218,Cartagena,8,6,17416,21887,11208,6207,0,0,0,10426,8393,3067,0,0
2019-02-21,port218,Cartagena,15,9,26769,96343,0,18377,884,6682,825,0,14566,1458,80233,85
2019-02-22,port218,Cartagena,9,6,26813,82769,0,19752,0,7060,0,0,11392,0,71377,0
2019-02-23,port218,Cartagena,12,10,20894,24019,0,20010,884,0,0,0,21057,2962,0,0
2019-02-24,port218,Cartagena,7,5,16841,6786,0,11448,0,5392,0,0,6786,0,0,0
2019-02-25,port218,Cartagena,8,3,11469,70733,0,5367,0,5277,825,4800,2282,0,63565,85
2019-02-26,port218,Cartagena,7,5,4055,51186,0,4055,0,0,0,0,10115,0,41071,0
2019-02-27,port218,Cartagena,12,6,16745,43378,0,11764,0,4980,0,0,16113,0,27264,0
2019-02-28,port218,Cartagena,8,4,17038,13328,0,11764,5091,182,0,0,9128,4200,0,0
2019-03-01,port218,Cartagena,11,7,20452,35605,0,12506,596,7349,0,13060,22545,0,0,0
2019-03-02,port218,Cartagena,6,2,31887,63200,0,26014,1942,3931,0,49072,2282,0,11846,0
2019-03-03,port218,Cartagena,5,5,23367,5051,0,23367,0,0,0,0,5051,0,0,0
2019-03-04,port218,Cartagena,6,4,17041,9655,0,11764,0,5277,0,0,9128,413,114,0
2019-03-05,port218,Cartagena,7,5,31256,8023,0,20809,0,6697,3749,0,8023,0,0,0
2019-03-06,port218,Cartagena,11,6,25949,41982,12733,13216,0,0,0,2644,13216,2338,23782,0
2019-03-07,port218,Cartagena,12,6,14810,16671,0,8581,3597,2631,0,0,15212,1458,0,0
2019-03-08,port218,Cartagena,11,7,70495,15870,54911,14308,156,1118,0,7050,8819,0,0,0
2019-03-09,port218,Cartagena,10,7,102804,9294,51656,47315,3831,0,0,0,7835,1458,0,0
2019-03-10,port218,Cartagena,8,3,12125,111098,0,4427,7697,0,0,0,6026,1458,103613,0
2019-03-11,port218,Cartagena,10,6,34086,5455,0,32436,0,0,1650,0,4462,822,0,171
2019-03-12,port218,Cartagena,9,3,47446,8237,33616,5600,224,6473,1531,0,6206,2031,0,0
2019-03-13,port218,Cartagena,10,5,15965,54375,0,10619,884,4461,0,2758,6854,4693,40068,0
2019-03-14,port218,Cartagena,9,7,17408,23314,0,17408,0,0,0,0,19958,0,3355,0
2019-03-15,port218,Cartagena,11,6,32838,36835,0,26879,0,3109,2849,0,17396,2302,17135,0
2019-03-16,port218,Cartagena,10,3,105119,12216,75086,26928,884,2219,0,0,9022,3193,0,0
2019-03-17,port218,Cartagena,10,7,21618,18234,0,17725,884,3009,0,0,2098,1458,14678,0
2019-03-18,port218,Cartagena,15,7,20777,55175,8204,5882,884,4980,825,0,29996,1458,23635,85
2019-03-19,port218,Cartagena,6,3,11159,44379,0,5882,0,5277,0,0,11162,0,33216,0
2019-03-20,port218,Cartagena,10,5,22124,13498,0,10584,884,10656,0,0,11925,1458,114,0
2019-03-21,port218,Cartagena,8,6,13856,5005,0,12971,884,0,0,0,1774,1458,0,1772
2019-03-22,port218,Cartagena,13,8,24730,80654,0,14396,7325,3009,0,0,28181,0,52473,0
2019-03-23,port218,Cartagena,9,6,32438,26409,48,29740,1825,0,825,7050,19273,0,0,85
2019-03-24,port218,Cartagena,6,3,17921,4462,0,7789,884,5639,3607,0,3003,1458,0,0
2019-03-25,port218,Cartagena,11,6,54407,59268,25593,27930,884,0,0,50963,6846,1458,0,0
2019-03-26,port218,Cartagena,12,5,24011,37753,0,7427,4031,12041,510,0,12385,786,24581,0
2019-03-27,port218,Cartagena,10,5,63948,50447,0,6693,947,56308,0,0,6472,1503,42471,0
2019-03-28,port218,Cartagena,9,6,19479,91693,0,19255,224,0,0,2451,6200,1929,81111,0
2019-03-29,port218,Cartagena,7,7,26437,7949,0,26437,0,0,0,0,7949,0,0,0
2019-03-30,port218,Cartagena,11,5,40259,159500,0,33569,884,4980,825,0,12420,10987,136007,85
2019-03-31,port218,Cartagena,8,5,16388,37287,1728,14168,491,0,0,37287,0,0,0,0
2019-04-01,port218,Cartagena,11,6,39451,18692,0,24798,0,11509,3143,0,6846,0,11846,0
2019-04-02,port218,Cartagena,6,3,5882,12864,0,5882,0,0,0,0,11419,0,1445,0
2019-04-03,port218,Cartagena,10,4,42506,93123,27177,4787,5162,5379,0,45445,5302,1458,40917,0
2019-04-04,port218,Cartagena,13,9,20503,30949,0,13353,1769,5380,0,0,24676,2916,3355,0
2019-04-05,port218,Cartagena,11,8,21186,50676,0,18310,0,0,2876,0,12619,0,37971,85
2019-04-06,port218,Cartagena,7,4,28902,9729,0,21285,0,5277,2339,0,5878,3735,114,0
2019-04-07,port218,Cartagena,10,6,29119,73778,48,15855,0,13214,0,7050,7832,0,58894,0
2019-04-08,port218,Cartagena,10,7,60625,13234,46025,14599,0,0,0,0,13234,0,0,0
2019-04-09,port218,Cartagena,7,6,75093,8882,51195,23897,0,0,0,0,8882,0,0,0
2019-04-10,port218,Cartagena,8,5,2941,23552,0,2941,0,0,0,912,15529,0,7110,0
2019-04-11,port218,Cartagena,12,7,93460,13066,0,21634,1109,69891,825,0,9593,3387,0,85
2019-04-12,port218,Cartagena,11,7,25005,36164,0,14935,0,10069,0,0,24318,0,11846,0
2019-04-13,port218,Cartagena,9,4,40808,44128,3430,31337,5468,572,0,0,3396,0,40731,0
2019-04-14,port218,Cartagena,11,6,37559,28617,0,16067,0,21492,0,0,4513,2878,21225,0
2019-04-15,port218,Cartagena,10,4,70165,11137,0,7874,1422,58340,2528,2451,4564,4121,0,0
2019-04-16,port218,Cartagena,12,8,19976,47928,0,5460,4257,10257,0,0,26141,0,21787,0
2019-04-17,port218,Cartagena,11,6,29388,30050,0,27619,1769,0,0,0,12061,17989,0,0
2019-04-18,port218,Cartagena,10,4,35824,37166,20362,8085,2395,4980,0,0,9142,6797,21225,0
2019-04-19,port218,Cartagena,16,9,55994,69677,0,20614,1092,33461,825,0,10913,0,58677,85
2019-04-20,port218,Cartagena,8,4,65255,86495,31093,28885,0,5277,0,0,10356,0,76139,0
2019-04-21,port218,Cartagena,9,5,113543,82374,0,4920,0,107797,825,0,4305,0,77983,85
2019-04-22,port218,Cartagena,9,5,23669,58344,11208,11576,884,0,0,10426,11148,3124,33645,0
2019-04-23,port218,Cartagena,9,7,13499,10108,0,8911,0,4588,0,0,10108,0,0,0
2019-04-24,port218,Cartagena,7,4,4496,52929,48,4447,0,0,0,7050,1529,0,41867,2481
2019-04-25,port218,Cartagena,12,6,21987,16579,0,2291,1048,18647,0,0,15007,1458,114,0
2019-04-26,port218,Cartagena,13,8,107649,19068,0,18183,0,88954,511,0,19068,0,0,0
2019-04-27,port218,Cartagena,8,4,26592,50285,0,21315,0,5277,0,0,6000,1603,42681,0
2019-04-28,port218,Cartagena,9,5,12021,46957,0,9393,884,1744,0,0,1773,5598,39585,0
2019-04-29,port218,Cartagena,10,6,18122,30131,0,17237,884,0,0,19654,7308,2721,447,0
2019-04-30,port218,Cartagena,8,4,14709,43946,0,8844,884,4980,0,0,16579,6140,21225,0
2019-05-01,port218,Cartagena,14,9,57779,16650,34792,15449,0,7537,0,2451,14199,0,0,0
2019-05-02,port218,Cartagena,7,4,36409,9128,0,11764,0,24644,0,0,9128,0,0,0
2019-05-03,port218,Cartagena,12,9,32128,49262,0,12037,0,20090,0,0,18442,0,30819,0
2019-05-04,port218,Cartagena,7,3,53326,5530,0,51616,884,0,825,0,3987,1458,0,85
2019-05-05,port218,Cartagena,9,5,90905,28064,0,13574,884,76446,0,0,25159,1458,1446,0
2019-05-06,port218,Cartagena,10,8,26979,16377,0,26979,0,0,0,0,16377,0,0,0
2019-05-07,port218,Cartagena,7,5,27262,4853,0,19999,0,7262,0,0,4738,0,114,0
2019-05-08,port218,Cartagena,11,6,31606,46961,0,5797,884,24924,0,0,11804,4337,30819,0
2019-05-09,port218,Cartagena,10,5,34413,28782,22417,2840,3416,5277,461,20852,7815,0,114,0
2019-05-10,port218,Cartagena,6,5,40224,5432,28822,11401,0,0,0,0,5432,0,0,0
2019-05-11,port218,Cartagena,6,3,35021,23550,0,29744,0,5277,0,2668,2282,0,18599,0
2019-05-12,port218,Cartagena,5,4,11396,987,0,11396,0,0,0,0,987,0,0,0
2019-05-13,port218,Cartagena,14,7,45106,55397,0,29111,884,15110,0,0,8515,6030,40850,0
2019-05-14,port218,Cartagena,10,7,13508,118972,0,13508,0,0,0,0,14220,0,104752,0
2019-05-15,port218,Cartagena,11,5,20434,99003,0,6854,884,12695,0,22081,13815,1458,61647,0
2019-05-16,port218,Cartagena,9,7,12821,10228,0,10052,0,2769,0,0,10228,0,0,0
2019-05-17,port218,Cartagena,12,7,25388,17298,0,21408,2149,0,1830,0,14885,2413,0,0
2019-05-18,port218,Cartagena,8,3,68145,9744,35802,26840,0,4676,825,0,6669,0,2989,85
2019-05-19,port218,Cartagena,6,5,3365,3324,0,3365,0,0,0,0,3324,0,0,0
2019-05-20,port218,Cartagena,8,4,35022,17151,11208,19936,0,3051,825,12877,4188,0,0,85
2019-05-21,port218,Cartagena,12,7,30559,38792,0,17670,0,12888,0,0,7253,1856,29682,0
2019-05-22,port218,Cartagena,9,3,12097,16360,0,0,884,11213,0,1789,11641,2816,114,0
2019-05-23,port218,Cartagena,10,6,30027,42802,0,28318,884,0,825,0,2282,2746,37687,85
2019-05-24,port218,Cartagena,11,6,39636,24842,0,7866,5900,25868,0,0,21486,0,3355,0
2019-05-25,port218,Cartagena,7,5,35712,2442,0,30436,0,5276,0,0,2442,0,0,0
2019-05-26,port218,Cartagena,11,6,16355,44282,0,16355,0,0,0,0,5204,3194,35884,0
2019-05-27,port218,Cartagena,10,5,18905,16759,4389,10925,884,2705,0,1448,3437,1458,10415,0
2019-05-28,port218,Cartagena,8,5,34354,47525,0,19841,2849,11663,0,0,26299,0,21225,0
2019-05-29,port218,Cartagena,10,7,21508,14363,0,12909,884,7715,0,2668,10236,1458,0,0
2019-05-30,port218,Cartagena,9,7,8331,21647,0,7447,884,0,0,0,19969,1677,0,0
2019-05-31,port218,Cartagena,11,8,24126,22481,0,20160,0,1349,2615,0,22481,0,0,0
2019-06-01,port218,Cartagena,11,6,56110,3946,10281,35289,0,8057,2481,0,3832,0,114,0
2019-06-02,port218,Cartagena,7,3,55994,63550,0,2920,0,53074,0,0,3253,0,60297,0
2019-06-03,port218,Cartagena,13,5,33931,45895,11208,15511,151,7060,0,37762,4777,0,3355,0
2019-06-04,port218,Cartagena,7,4,9167,34686,0,8282,884,0,0,0,5302,1805,27578,0
2019-06-05,port218,Cartagena,10,6,22486,42486,0,14627,0,7349,509,28660,13825,0,0,0
2019-06-06,port218,Cartagena,5,3,884,53646,0,0,884,0,0,47030,5157,1458,0,0
2019-06-07,port218,Cartagena,12,10,24413,15928,0,19136,0,5277,0,0,14148,1665,114,0
2019-06-08,port218,Cartagena,7,4,44600,56013,0,33679,0,10920,0,0,3019,3913,49080,0
2019-06-09,port218,Cartagena,7,3,39789,3656,34115,3963,884,0,825,0,954,1458,1158,85
2019-06-10,port218,Cartagena,14,9,42322,45374,0,41275,1047,0,0,0,13782,3314,28277,0
2019-06-11,port218,Cartagena,10,6,22427,28302,5012,13543,0,0,3872,0,15195,0,13106,0
2019-06-12,port218,Cartagena,11,6,96015,10665,0,16468,884,78662,0,1638,7109,1458,0,458
2019-06-13,port218,Cartagena,12,6,56860,51653,35017,9024,6345,6473,0,0,6951,0,44702,0
2019-06-14,port218,Cartagena,12,8,30436,33160,5287,22308,884,1956,0,0,28346,1458,3355,0
2019-06-15,port218,Cartagena,11,7,26306,112082,20573,5732,0,0,0,0,26301,163,85617,0
2019-06-16,port218,Cartagena,9,6,16897,21523,0,9836,0,7060,0,0,15234,6289,0,0
2019-06-17,port218,Cartagena,9,5,26348,13232,11208,11300,0,3014,825,10426,2721,0,0,85
2019-06-18,port218,Cartagena,8,5,51002,7791,0,4177,0,46825,0,0,7677,0,114,0
2019-06-19,port218,Cartagena,6,5,2941,10228,0,2941,0,0,0,0,9320,908,0,0
2019-06-20,port218,Cartagena,12,4,57774,50138,0,6991,884,49898,0,7559,1283,2691,38605,0
2019-06-21,port218,Cartagena,11,8,32587,22077,0,18846,0,13741,0,0,10231,0,11846,0
2019-06-22,port218,Cartagena,5,2,19855,5169,0,13715,0,6139,0,0,3364,1690,114,0
2019-06-23,port218,Cartagena,6,5,26951,0,0,22632,0,4319,0,0,0,0,0,0
2019-06-24,port218,Cartagena,10,5,18481,47474,0,16507,884,1089,0,0,4564,1458,41451,0
2019-06-25,port218,Cartagena,9,5,15766,44988,2884,7900,0,4980,0,0,20407,0,24581,0
2019-06-26,port218,Cartagena,11,7,20564,48238,0,13202,0,7362,0,0,6922,0,41315,0
2019-06-27,port218,Cartagena,8,4,62093,8704,49968,3525,884,7715,0,0,7246,1458,0,0
2019-06-28,port218,Cartagena,14,9,33264,44221,3629,21123,0,7686,825,0,21339,0,22797,85
2019-06-29,port218,Cartagena,12,7,67703,52540,0,53040,884,11329,2448,1342,11998,1458,37742,0
2019-06-30,port218,Cartagena,4,2,15947,7162,0,8886,0,7060,0,2904,4258,0,0,0
2019-07-01,port218,Cartagena,9,5,45636,41406,0,39372,0,6263,0,39124,2282,0,0,0
2019-07-02,port218,Cartagena,12,7,36059,54096,14183,21414,0,0,460,0,15482,2729,35884,0
2019-07-03,port218,Cartagena,10,6,11573,10755,0,9804,1769,0,0,0,5116,5639,0,0
2019-07-04,port218,Cartagena,10,6,6178,10720,0,4432,884,861,0,0,7758,2962,0,0
2019-07-05,port218,Cartagena,13,7,50266,70981,26584,17996,228,5457,0,7559,17476,0,45945,0
2019-07-06,port218,Cartagena,7,4,48025,65361,0,41184,1859,4980,0,0,5945,0,59415,0
2019-07-07,port218,Cartagena,7,5,29806,6239,0,29806,0,0,0,0,2995,0,3244,0
2019-07-08,port218,Cartagena,12,7,85361,11563,71441,12936,984,0,0,10426,1137,0,0,0
2019-07-09,port218,Cartagena,11,5,18813,80729,0,8767,1769,8277,0,0,6393,2916,71418,0
2019-07-10,port218,Cartagena,9,8,12608,29684,0,7331,0,5277,0,0,29570,0,114,0
2019-07-11,port218,Cartagena,11,4,16321,15460,13502,0,1993,0,825,0,9522,5853,0,85
2019-07-12,port218,Cartagena,11,9,65453,34013,0,59587,884,4980,0,0,11328,1458,21225,0
2019-07-13,port218,Cartagena,13,5,81000,83530,53739,19322,0,7937,0,0,24057,10310,49162,0
2019-07-14,port218,Cartagena,6,5,19643,4864,0,17751,1892,0,0,0,4864,0,0,0
2019-07-15,port218,Cartagena,13,6,37073,53871,0,21058,0,15189,825,0,5058,0,48727,85
2019-07-16,port218,Cartagena,7,5,18187,29428,0,13206,0,4980,0,0,7482,0,21945,0
2019-07-17,port218,Cartagena,10,6,14830,37094,0,7987,0,6018,825,0,13316,0,23692,85
2019-07-18,port218,Cartagena,8,5,4967,5239,0,4082,884,0,0,0,3073,2165,0,0
2019-07-19,port218,Cartagena,12,11,22906,34651,0,13852,0,9054,0,0,34651,0,0,0
2019-07-20,port218,Cartagena,10,6,42830,17324,0,42640,189,0,0,7559,6409,0,3355,0
2019-07-21,port218,Cartagena,8,4,23264,17923,0,19689,1234,0,2339,0,1349,0,16574,0
2019-07-22,port218,Cartagena,13,10,59787,67806,0,52727,0,7060,0,0,6828,1734,59242,0
2019-07-23,port218,Cartagena,12,6,41737,90246,25979,8400,884,6473,0,0,13287,1458,75500,0
2019-07-24,port218,Cartagena,12,8,14182,75743,0,9594,0,4588,0,50449,8579,16715,0,0
2019-07-25,port218,Cartagena,11,8,25333,10325,0,14218,2038,9076,0,0,8866,1458,0,0
2019-07-26,port218,Cartagena,8,5,6723,13955,0,5838,884,0,0,0,12266,1689,0,0
2019-07-27,port218,Cartagena,9,6,12405,118104,0,11520,884,0,0,0,16161,1458,100484,0
2019-07-28,port218,Cartagena,8,3,29563,27451,0,13336,8735,7492,0,22025,2282,0,3144,0
2019-07-29,port218,Cartagena,13,10,26032,20850,0,23822,0,1498,711,0,20823,0,0,27
2019-07-30,port218,Cartagena,11,6,18269,80388,8654,8106,884,623,0,0,32674,1458,46255,0
2019-07-31,port218,Cartagena,9,5,8548,17762,0,8548,0,0,0,1490,16272,0,0,0
2019-08-01,port218,Cartagena,8,5,46235,8957,0,36611,0,9624,0,0,4535,0,4422,0
2019-08-02,port218,Cartagena,7,6,15700,12012,0,15700,0,0,0,0,8595,0,3417,0
2019-08-03,port218,Cartagena,8,5,27539,22156,0,22319,0,4509,711,0,8939,0,13189,27
2019-08-04,port218,Cartagena,8,4,71042,23765,11208,50438,3101,6293,0,10426,0,13339,0,0
2019-08-05,port218,Cartagena,13,12,29539,30683,0,26530,0,3009,0,0,18837,0,11846,0
2019-08-06,port218,Cartagena,12,7,57534,24356,47060,8822,1109,542,0,7559,13409,3387,0,0
2019-08-07,port218,Cartagena,11,6,15627,77408,0,3043,3678,7060,1844,60797,16525,0,0,85
2019-08-08,port218,Cartagena,13,7,89248,12686,0,14861,15247,59138,0,0,5068,4148,3470,0
2019-08-09,port218,Cartagena,12,7,16185,60852,6260,7543,884,578,918,0,18163,1458,41230,0
2019-08-10,port218,Cartagena,12,7,52493,68779,0,45137,2030,0,5325,0,16765,2235,49778,0
2019-08-11,port218,Cartagena,6,3,22075,1458,0,20380,1694,0,0,0,0,1458,0,0
2019-08-12,port218,Cartagena,14,9,85822,6802,32559,20292,0,32970,0,0,6212,0,590,0
2019-08-13,port218,Cartagena,10,5,54392,13680,37590,8201,884,7715,0,0,10863,2816,0,0
2019-08-14,port218,Cartagena,11,5,9037,66268,0,0,3760,5277,0,0,16040,1458,48768,0
2019-08-15,port218,Cartagena,9,6,14831,10798,0,9554,0,5277,0,1490,9194,0,114,0
2019-08-16,port218,Cartagena,13,9,68316,19225,50419,15730,0,2165,0,0,13023,5692,0,509
2019-08-17,port218,Cartagena,8,4,39864,67521,0,26267,0,12771,825,61020,6415,0,0,85
2019-08-18,port218,Cartagena,10,4,8155,70124,0,7007,322,0,825,0,27847,933,41259,85
2019-08-19,port218,Cartagena,10,9,29692,13051,0,29692,0,0,0,0,9695,0,3355,0
2019-08-20,port218,Cartagena,11,7,87040,27417,0,2935,884,82509,711,0,25931,1458,0,27
2019-08-21,port218,Cartagena,11,6,20881,27701,0,8717,0,12163,0,0,20171,1690,5839,0
2019-08-22,port218,Cartagena,12,6,16714,83918,0,11129,2575,3009,0,27073,3512,1458,51874,0
2019-08-23,port218,Cartagena,10,7,29632,24322,0,20145,0,7060,2425,0,12421,11901,0,0
2019-08-24,port218,Cartagena,11,8,52576,53886,11208,41367,0,0,0,10426,11098,0,32361,0
2019-08-25,port218,Cartagena,10,4,41339,41623,13454,26360,699,0,825,0,6388,271,34877,85
2019-08-26,port218,Cartagena,9,6,5413,11149,0,5413,0,0,0,0,9638,0,1511,0
2019-08-27,port218,Cartagena,10,4,6891,28137,0,2941,2442,1507,0,7559,17661,2916,0,0
2019-08-28,port218,Cartagena,12,5,24885,67087,1435,7569,884,12547,2448,0,10811,1458,54817,0
2019-08-29,port218,Cartagena,14,7,24964,43403,0,8516,884,13002,2561,0,3963,1458,37982,0
2019-08-30,port218,Cartagena,11,7,22448,21497,0,15726,0,6722,0,0,17740,0,114,3643
2019-08-31,port218,Cartagena,10,5,97117,49725,43420,39421,0,14275,0,0,15621,2836,31266,0
2019-09-01,port218,Cartagena,7,5,84865,14913,0,9502,0,75363,0,0,10525,0,4387,0
2019-09-02,port218,Cartagena,15,10,36098,14601,48,24097,4602,7349,0,10139,3003,1458,0,0
2019-09-03,port218,Cartagena,7,6,14282,22170,0,14282,0,0,0,0,22170,0,0,0
2019-09-04,port218,Cartagena,10,7,64161,110636,47868,11015,0,5277,0,0,8669,0,101967,0
2019-09-05,port218,Cartagena,11,7,62887,25367,0,16607,0,46280,0,0,13521,0,11846,0
2019-09-06,port218,Cartagena,12,5,104172,72430,0,8823,2581,92766,0,0,21584,606,50239,0
2019-09-07,port218,Cartagena,8,6,48034,15615,0,46265,1769,0,0,0,12698,2916,0,0
2019-09-08,port218,Cartagena,6,3,15233,14782,0,7903,269,7060,0,0,0,0,14782,0
2019-09-09,port218,Cartagena,11,8,23600,28983,11208,11680,0,0,711,10426,14778,0,3751,27
2019-09-10,port218,Cartagena,9,6,13045,24235,0,7123,1769,0,4152,0,21318,2916,0,0
2019-09-11,port218,Cartagena,8,5,9469,14783,0,9469,0,0,0,2297,9129,0,3355,0
2019-09-12,port218,Cartagena,9,5,16690,9721,0,6332,884,9473,0,0,8263,1458,0,0
2019-09-13,port218,Cartagena,10,6,16147,32938,0,9853,0,6293,0,20388,12549,0,0,0
2019-09-14,port218,Cartagena,13,7,70355,18164,1339,30149,0,38865,0,0,12758,5406,0,0
2019-09-15,port218,Cartagena,8,3,60166,14166,11208,42399,6558,0,0,10426,2282,1458,0,0
2019-09-16,port218,Cartagena,16,7,28372,50832,0,13742,2653,8582,3393,0,4123,4375,42221,112
2019-09-17,port218,Cartagena,9,5,16134,23508,0,9088,1769,5277,0,0,6939,2916,13652,0
2019-09-18,port218,Cartagena,6,6,2941,17098,0,2941,0,0,0,0,17098,0,0,0
2019-09-19,port218,Cartagena,9,8,17418,6505,0,12141,0,5277,0,0,6391,0,114,0
2019-09-20,port218,Cartagena,13,6,39266,16949,0,22426,2943,13185,711,0,486,16436,0,27
2019-09-21,port218,Cartagena,8,5,26867,14509,0,26867,0,0,0,0,8743,0,5765,0
2019-09-22,port218,Cartagena,8,7,3458,30655,0,3458,0,0,0,0,29679,976,0,0
2019-09-23,port218,Cartagena,19,7,30502,62730,6571,19332,1696,0,2901,0,10152,6536,42964,3078
2019-09-24,port218,Cartagena,8,6,29776,40154,0,24627,0,5148,0,0,871,0,39282,0
2019-09-25,port218,Cartagena,11,6,1721,79208,896,0,0,0,825,0,19876,0,59246,85
2019-09-26,port218,Cartagena,8,5,27110,5811,0,14530,0,12579,0,0,2282,3528,0,0
2019-09-27,port218,Cartagena,8,5,12025,7413,0,11314,0,0,711,2912,3929,545,0,27
2019-09-28,port218,Cartagena,11,7,50927,45732,0,44549,0,5667,711,0,11700,0,34004,27
2019-09-29,port218,Cartagena,9,3,22271,19873,0,11442,884,9943,0,0,2282,3193,11846,2552
2019-09-30,port218,Cartagena,12,8,22862,26307,0,14874,139,4980,2867,0,4381,699,21225,0
2019-10-01,port218,Cartagena,10,5,30152,34233,26327,2941,884,0,0,0,29531,1458,3244,0
2019-10-02,port218,Cartagena,11,6,52835,14215,31936,7795,4485,5277,3341,0,14100,0,114,0
2019-10-03,port218,Cartagena,12,9,95533,41989,0,29674,0,65858,0,0,2726,0,39263,0
2019-10-04,port218,Cartagena,8,5,22749,13520,0,15254,224,7270,0,0,11591,1929,0,0
2019-10-05,port218,Cartagena,9,6,47697,9298,0,33355,218,13298,825,0,9213,0,0,85
2019-10-06,port218,Cartagena,4,1,8807,23230,0,2942,884,4980,0,0,0,2004,21225,0
2019-10-07,port218,Cartagena,16,9,36811,129504,11208,18454,884,6263,0,10426,11742,1729,105606,0
2019-10-08,port218,Cartagena,13,6,34874,84580,11208,9171,3023,11471,0,63851,19271,1458,0,0
2019-10-09,port218,Cartagena,9,4,15872,6293,0,4476,884,6493,4017,0,4835,1458,0,0
2019-10-10,port218,Cartagena,9,6,12118,48156,0,7529,0,4588,0,0,7760,484,39911,0
2019-10-11,port218,Cartagena,10,7,18830,15348,0,12356,884,2020,3568,0,13890,1458,0,0
2019-10-12,port218,Cartagena,10,6,47741,60907,0,40543,3232,3965,0,0,1276,287,59343,0
2019-10-13,port218,Cartagena,5,2,9351,1998,0,1405,884,7060,0,0,540,1458,0,0
2019-10-14,port218,Cartagena,13,9,22339,11721,0,14734,884,6720,0,0,8082,1458,2180,0
2019-10-15,port218,Cartagena,10,6,21511,8160,0,19915,884,0,711,0,6675,1458,0,27
2019-10-16,port218,Cartagena,9,7,17021,5762,307,16714,0,0,0,0,4071,1690,0,0
2019-10-17,port218,Cartagena,13,7,15786,21309,0,14901,884,0,0,0,5817,15491,0,0
2019-10-18,port218,Cartagena,10,6,43212,64156,0,34563,0,7937,711,0,11264,0,52864,27
2019-10-19,port218,Cartagena,8,6,55941,46837,0,50664,0,5277,0,0,11260,0,35577,0
2019-10-20,port218,Cartagena,4,4,9803,2046,0,9803,0,0,0,0,2046,0,0,0
2019-10-21,port218,Cartagena,11,7,19898,12120,0,19898,0,0,0,0,9128,2992,0,0
2019-10-22,port218,Cartagena,7,5,5106,62270,0,5106,0,0,0,0,22579,0,39690,0
2019-10-23,port218,Cartagena,10,5,31379,20445,0,6710,11626,13042,0,1342,17530,1458,114,0
2019-10-24,port218,Cartagena,10,7,7925,23684,0,517,0,7408,0,0,22232,1452,0,0
2019-10-25,port218,Cartagena,10,6,15026,7786,4509,8920,884,0,711,0,6301,1458,0,27
2019-10-26,port218,Cartagena,12,7,13420,130206,0,13420,0,0,0,72763,13277,1058,41136,1969
2019-10-27,port218,Cartagena,6,4,15993,13977,0,13558,0,2435,0,0,13977,0,0,0
2019-10-28,port218,Cartagena,12,9,68177,4554,27340,32891,884,7060,0,0,3095,1458,0,0
2019-10-29,port218,Cartagena,7,5,24158,37116,5521,13656,0,4980,0,0,15890,0,21225,0
2019-10-30,port218,Cartagena,9,4,16308,38426,0,4481,884,10019,922,0,5085,1458,31882,0
2019-10-31,port218,Cartagena,12,10,10173,14243,0,10173,0,0,0,2399,10340,1503,0,0
2019-11-01,port218,Cartagena,5,4,10397,16480,0,9308,0,1089,0,0,16480,0,0,0
2019-11-02,port218,Cartagena,13,6,69266,146015,0,53065,1769,14431,0,49319,7062,2916,86717,0
2019-11-03,port218,Cartagena,8,2,49393,3963,38030,8758,757,1846,0,2297,0,1665,0,0
2019-11-04,port218,Cartagena,12,9,11196,10457,0,11196,0,0,0,0,6935,3522,0,0
2019-11-05,port218,Cartagena,10,7,35917,10304,0,28525,884,6507,0,0,8846,1458,0,0
2019-11-06,port218,Cartagena,10,5,30474,26351,19260,6137,0,0,5077,0,25643,0,707,0
2019-11-07,port218,Cartagena,13,7,26990,12244,0,17661,1160,8169,0,0,2920,1929,7394,0
2019-11-08,port218,Cartagena,6,5,27673,11177,0,27673,0,0,0,0,7913,3263,0,0
2019-11-09,port218,Cartagena,13,7,63481,55062,445,62151,884,0,0,0,0,1458,53604,0
2019-11-10,port218,Cartagena,10,3,93432,42941,0,12352,884,80195,0,0,2282,2027,38631,0
2019-11-11,port218,Cartagena,9,7,43811,14986,0,36419,7392,0,0,0,13528,1458,0,0
2019-11-12,port218,Cartagena,10,5,51146,29582,23170,14410,0,11025,2539,0,27584,1998,0,0
2019-11-13,port218,Cartagena,8,5,4375,45593,0,4065,309,0,0,0,7873,0,37719,0
2019-11-14,port218,Cartagena,13,8,21870,23224,1409,13575,884,6000,0,0,15158,1458,6607,0
2019-11-15,port218,Cartagena,8,6,24550,7668,0,23111,1439,0,0,0,5232,0,2436,0
2019-11-16,port218,Cartagena,7,6,69244,7216,23012,46231,0,0,0,0,7216,0,0,0
2019-11-17,port218,Cartagena,9,6,61323,19733,49532,11790,0,0,0,0,14480,1897,3355,0
2019-11-18,port218,Cartagena,11,8,16506,11638,0,14796,884,0,825,0,8745,2807,0,85
2019-11-19,port218,Cartagena,7,4,34161,41382,0,7825,4123,22212,0,0,10562,0,30819,0
2019-11-20,port218,Cartagena,11,6,53627,20018,34742,7582,134,10342,825,2297,17634,0,0,85
2019-11-21,port218,Cartagena,12,6,32533,154518,0,14185,4073,14275,0,72798,5046,1458,75214,0
2019-11-22,port218,Cartagena,8,6,31444,13043,0,25180,0,6263,0,0,12768,274,0,0
2019-11-23,port218,Cartagena,7,7,42697,9025,0,42697,0,0,0,0,9025,0,0,0
2019-11-24,port218,Cartagena,10,4,4344,14458,0,881,884,2578,0,0,6273,8185,0,0
2019-11-25,port218,Cartagena,13,8,4556,35570,0,3892,152,0,511,0,4253,139,31176,0
2019-11-26,port218,Cartagena,7,5,16211,8882,0,15500,0,0,711,1193,7662,0,0,27
2019-11-27,port218,Cartagena,12,7,23841,48484,0,14782,0,9059,0,0,6008,0,42475,0
2019-11-28,port218,Cartagena,10,6,22479,5208,0,14634,2567,5277,0,0,1738,0,3470,0
2019-11-29,port218,Cartagena,7,4,11938,33719,0,5021,3907,3009,0,0,21362,0,11846,510
2019-11-30,port218,Cartagena,10,4,42377,108312,1107,37210,224,3009,825,0,12915,3287,92024,85
2019-12-01,port218,Cartagena,12,5,29150,25232,11208,7080,2653,4319,3887,10426,10346,4375,0,85
2019-12-02,port218,Cartagena,16,10,64620,62547,30030,27529,0,7060,0,0,20571,269,41706,0
2019-12-03,port218,Cartagena,7,6,12742,31815,0,11858,884,0,0,0,30356,1458,0,0
2019-12-04,port218,Cartagena,12,4,6341,124110,0,1297,1121,3009,914,58600,10513,1895,53101,0
2019-12-05,port218,Cartagena,7,7,19803,4564,0,19803,0,0,0,0,4564,0,0,0
2019-12-06,port218,Cartagena,10,6,33827,140504,0,27106,0,6720,0,22617,10836,0,107050,0
2019-12-07,port218,Cartagena,9,6,47173,21224,0,39012,0,8160,0,0,17808,0,3415,0
2019-12-08,port218,Cartagena,7,4,26715,8350,0,11852,884,13978,0,0,3983,1458,2908,0
2019-12-09,port218,Cartagena,10,8,32302,2282,0,31278,0,565,458,0,2282,0,0,0
2019-12-10,port218,Cartagena,7,5,25914,27097,11208,14705,0,0,0,15687,11410,0,0,0
2019-12-11,port218,Cartagena,15,8,36196,45959,11208,19558,884,3009,1535,15731,14345,1458,14425,0
2019-12-12,port218,Cartagena,10,7,20355,33707,0,14337,0,6018,0,0,8578,1436,23692,0
2019-12-13,port218,Cartagena,10,5,22591,45918,0,11764,0,10826,0,0,18499,6193,21225,0
2019-12-14,port218,Cartagena,8,6,53916,11647,0,53031,884,0,0,0,9128,2519,0,0
2019-12-15,port218,Cartagena,8,4,9368,25390,0,5882,3485,0,0,0,9152,16237,0,0
2019-12-16,port218,Cartagena,11,7,26256,19564,0,20094,884,5277,0,0,9128,1458,8977,0
2019-12-17,port218,Cartagena,5,3,7426,9619,0,5882,0,718,825,0,9533,0,0,85
2019-12-18,port218,Cartagena,13,8,13623,64191,0,11764,0,1033,825,0,20297,862,42946,85
2019-12-19,port218,Cartagena,12,7,21926,22734,3535,13672,884,3009,825,0,9344,1458,11846,85
2019-12-20,port218,Cartagena,7,4,21656,6716,0,16378,0,5277,0,0,5296,1305,114,0
2019-12-21,port218,Cartagena,5,4,22006,2282,0,14945,0,7060,0,0,2282,0,0,0
2019-12-22,port218,Cartagena,9,6,28863,13897,2989,25874,0,0,0,7050,6846,0,0,0
2019-12-23,port218,Cartagena,8,6,22941,18196,0,22057,884,0,0,0,13240,1458,3497,0
2019-12-24,port218,Cartagena,9,6,11967,41038,0,8823,0,0,3143,0,38757,2280,0,0
2019-12-25,port218,Cartagena,8,5,18152,54429,0,14292,884,2974,0,0,15137,1458,37833,0
2019-12-26,port218,Cartagena,10,6,20481,72197,0,12544,0,7937,0,0,23104,0,49093,0
2019-12-27,port218,Cartagena,9,5,21142,12883,0,19373,1769,0,0,0,9447,2916,519,0
2019-12-28,port218,Cartagena,8,6,29017,12718,48,23123,0,5845,0,7050,5667,0,0,0
2019-12-29,port218,Cartagena,8,4,116838,8100,0,46677,224,69936,0,0,6170,1929,0,0
2019-12-30,port218,Cartagena,16,9,32425,51720,3636,28789,0,0,0,40129,7686,3457,447,0
2019-12-31,port218,Cartagena,9,3,30428,71881,22579,5882,0,1966,0,13341,18246,0,40294,0
2020-01-01,port218,Cartagena,5,3,23914,2830,0,19403,0,4051,460,0,2830,0,0,0
2020-01-02,port218,Cartagena,9,8,25364,27579,0,17824,0,7539,0,0,27579,0,0,0
2020-01-03,port218,Cartagena,9,6,20628,12236,0,14334,0,6293,0,0,11197,0,1039,0
2020-01-04,port218,Cartagena,9,3,25768,44742,0,13457,884,11426,0,0,2651,1458,38517,2114
2020-01-05,port218,Cartagena,8,4,26097,14431,11208,6943,884,7060,0,10426,1501,1458,1045,0
2020-01-06,port218,Cartagena,10,6,42258,15478,0,42258,0,0,0,7559,5397,2521,0,0
2020-01-07,port218,Cartagena,9,7,28216,9242,0,22938,0,5277,0,0,9128,0,114,0
2020-01-08,port218,Cartagena,8,6,35104,4329,29253,5850,0,0,0,0,4329,0,0,0
2020-01-09,port218,Cartagena,11,9,50404,62613,0,50404,0,0,0,0,45608,13588,3415,0
2020-01-10,port218,Cartagena,11,7,84544,58407,63854,12203,0,8486,0,0,18024,0,40383,0
2020-01-11,port218,Cartagena,12,8,17061,38763,0,6114,0,10947,0,0,17265,1825,19671,0
2020-01-12,port218,Cartagena,10,7,63072,4054,19680,43392,0,0,0,0,3210,0,335,509
2020-01-13,port218,Cartagena,10,5,8891,37131,0,5882,0,3009,0,0,13757,1096,22277,0
2020-01-14,port218,Cartagena,12,6,52892,47382,20527,30714,0,0,1650,10426,35094,1690,0,171
2020-01-15,port218,Cartagena,11,4,19115,94935,0,8955,812,9347,0,0,3751,862,90320,0
2020-01-16,port218,Cartagena,10,7,23219,60043,0,20210,0,3009,0,33396,14800,0,11846,0
2020-01-17,port218,Cartagena,8,6,7189,9828,0,6924,264,0,0,0,8462,1365,0,0
2020-01-18,port218,Cartagena,8,4,55939,5917,0,48174,0,7765,0,0,854,5062,0,0
2020-01-19,port218,Cartagena,5,3,13766,38605,0,13766,0,0,0,0,885,0,37719,0
2020-01-20,port218,Cartagena,7,6,6248,40275,0,5032,1216,0,0,0,40275,0,0,0
2020-01-21,port218,Cartagena,6,5,18684,25541,0,15675,0,3009,0,0,13695,0,11846,0
2020-01-22,port218,Cartagena,10,6,29712,5645,0,19553,1973,8185,0,0,4072,1458,114,0
2020-01-23,port218,Cartagena,8,5,22155,18727,0,15094,0,7060,0,0,16992,1734,0,0
2020-01-24,port218,Cartagena,6,5,33471,12816,0,33471,0,0,0,1490,11326,0,0,0
2020-01-25,port218,Cartagena,9,7,28074,15570,0,20683,884,6507,0,0,14112,1458,0,0
2020-01-26,port218,Cartagena,9,4,22383,5602,0,12439,884,9059,0,0,2400,3087,114,0
2020-01-27,port218,Cartagena,17,8,30975,101171,11208,10893,3191,4856,825,10426,43569,456,46633,85
2020-01-28,port218,Cartagena,7,3,5277,85218,0,0,0,5277,0,73596,11508,0,114,0
2020-01-29,port218,Cartagena,8,5,89903,40932,0,15255,0,74648,0,39261,1670,0,0,0
2020-01-30,port218,Cartagena,10,5,19123,6550,3772,15350,0,0,0,0,4678,1872,0,0
2020-01-31,port218,Cartagena,8,4,33391,9363,0,25066,884,7440,0,0,5270,3978,114,0
2020-02-01,port218,Cartagena,6,5,38207,21452,0,38207,0,0,0,0,21452,0,0,0
2020-02-02,port218,Cartagena,8,3,43166,54491,30216,12064,884,0,0,0,0,1458,53033,0
2020-02-03,port218,Cartagena,12,8,50300,29639,32624,9026,884,7765,0,7559,20621,1458,0,0
2020-02-04,port218,Cartagena,6,4,18684,44728,0,18684,0,0,0,0,3811,0,40917,0
2020-02-05,port218,Cartagena,10,6,22257,19254,0,12775,0,9482,0,0,7408,0,11846,0
2020-02-06,port218,Cartagena,13,8,22584,34073,0,13804,2761,6018,0,0,8922,1458,23692,0
2020-02-07,port218,Cartagena,10,6,23689,63613,0,23464,224,0,0,0,10844,4812,47957,0
2020-02-08,port218,Cartagena,10,6,43159,72226,0,36098,0,7060,0,0,27277,4121,40827,0
2020-02-09,port218,Cartagena,8,4,11030,16962,1490,8325,1214,0,0,0,15503,1458,0,0
2020-02-10,port218,Cartagena,10,5,58922,7819,32454,11780,3034,11652,0,0,6361,1458,0,0
2020-02-11,port218,Cartagena,8,4,59245,61513,49964,6772,0,0,2508,0,10943,0,50483,85
2020-02-12,port218,Cartagena,10,6,19116,5601,0,11125,2713,5277,0,0,2910,0,114,2576
2020-02-13,port218,Cartagena,4,4,12653,0,0,12653,0,0,0,0,0,0,0,0
2020-02-14,port218,Cartagena,7,4,84894,5877,50641,26091,0,8160,0,0,4963,913,0,0
2020-02-15,port218,Cartagena,6,5,20260,22885,9718,10542,0,0,0,0,22885,0,0,0
2020-02-16,port218,Cartagena,11,8,73724,10938,0,38636,0,35087,0,0,6515,0,4423,0
2020-02-17,port218,Cartagena,10,7,14189,11286,0,12371,884,933,0,0,9828,1458,0,0
2020-02-18,port218,Cartagena,9,4,90848,31390,0,9607,0,80730,510,0,10652,0,20738,0
2020-02-19,port218,Cartagena,10,7,11993,99950,4048,7945,0,0,0,0,11318,0,88631,0
2020-02-20,port218,Cartagena,13,6,23605,12408,0,16373,0,7232,0,2451,5772,4183,0,0
2020-02-21,port218,Cartagena,12,6,26277,22476,2457,20530,0,3290,0,0,19341,0,3134,0
2020-02-22,port218,Cartagena,8,4,44078,3556,0,41901,2176,0,0,0,2282,0,1274,0
2020-02-23,port218,Cartagena,7,5,12428,13692,0,10795,1632,0,0,0,12791,900,0,0
2020-02-24,port218,Cartagena,9,6,29308,24331,0,21741,884,6682,0,0,19950,4380,0,0
2020-02-25,port218,Cartagena,6,3,40470,13760,31712,8757,0,0,0,0,5436,0,8323,0
2020-02-26,port218,Cartagena,9,4,21247,8564,0,9680,884,10682,0,0,4564,3999,0,0
2020-02-27,port218,Cartagena,12,9,14272,73654,0,10683,884,2705,0,0,24236,1458,47959,0
2020-02-28,port218,Cartagena,12,7,28505,99047,0,21444,0,7060,0,37857,12677,5245,43266,0
2020-02-29,port218,Cartagena,12,6,95322,58388,29690,54927,165,9827,711,0,9016,0,49344,27
2020-03-01,port218,Cartagena,6,3,4344,4418,0,3235,1109,0,0,0,1030,3387,0,0
2020-03-02,port218,Cartagena,18,10,158198,17582,35684,49330,3986,69197,0,1490,8597,7495,0,0
2020-03-03,port218,Cartagena,7,3,16356,61794,0,10254,0,5277,825,59312,2282,0,114,85
2020-03-04,port218,Cartagena,6,5,6735,15060,0,6735,0,0,0,0,15060,0,0,0
2020-03-05,port218,Cartagena,11,7,27428,20679,0,6504,2700,15095,3128,0,20679,0,0,0
2020-03-06,port218,Cartagena,9,4,15488,25116,0,8732,456,4181,2117,0,17377,7739,0,0
2020-03-07,port218,Cartagena,7,6,4448,16719,0,3623,0,0,825,0,16634,0,0,85
2020-03-08,port218,Cartagena,11,5,51796,32038,1905,40381,4528,4980,0,0,4657,2799,24581,0
2020-03-09,port218,Cartagena,10,7,51104,49938,3349,47754,0,0,0,0,5150,5682,39105,0
2020-03-10,port218,Cartagena,5,4,14775,23760,0,7030,0,7744,0,0,23760,0,0,0
2020-03-11,port218,Cartagena,8,6,10762,11610,0,9877,884,0,0,2451,7700,1458,0,0
2020-03-12,port218,Cartagena,15,9,30189,80492,0,25611,884,0,3693,51099,25575,3816,0,0
2020-03-13,port218,Cartagena,15,8,55592,130348,3294,29976,330,21991,0,46728,14349,0,69269,0
2020-03-14,port218,Cartagena,10,6,46104,31820,6396,37369,0,0,2339,0,24081,7739,0,0
2020-03-15,port218,Cartagena,9,5,86634,34624,46728,25631,0,14275,0,0,3804,0,30819,0
2020-03-16,port218,Cartagena,7,5,26310,2402,0,18538,0,7060,711,0,2375,0,0,27
2020-03-17,port218,Cartagena,10,4,45597,74709,9285,8988,0,26812,510,0,43889,0,30819,0
2020-03-18,port218,Cartagena,8,3,83452,8665,0,3424,0,79203,825,1490,4315,2774,0,85
2020-03-19,port218,Cartagena,9,7,35285,7782,0,35285,0,0,0,0,7625,156,0,0
2020-03-20,port218,Cartagena,11,4,5865,110497,0,4269,884,0,711,52143,11430,1458,45437,27
2020-03-21,port218,Cartagena,9,6,32152,32534,0,24214,0,7937,0,0,24924,1603,6006,0
2020-03-22,port218,Cartagena,7,4,27412,8199,0,27412,0,0,0,0,4376,3823,0,0
2020-03-23,port218,Cartagena,12,8,62896,5729,30413,29042,3440,0,0,0,5729,0,0,0
2020-03-24,port218,Cartagena,7,4,13906,61125,0,4774,0,9131,0,0,10313,5021,45790,0
2020-03-25,port218,Cartagena,8,3,11083,111793,0,0,0,10257,825,75791,12166,0,23749,85
2020-03-26,port218,Cartagena,10,7,16327,88611,0,11391,884,4051,0,0,6810,1458,80342,0
2020-03-27,port218,Cartagena,10,6,23784,89571,0,15134,884,7765,0,0,5054,1458,83058,0
2020-03-28,port218,Cartagena,10,7,57007,71687,0,22990,884,33132,0,0,35760,1458,34468,0
2020-03-29,port218,Cartagena,6,3,22042,4448,0,16331,0,1715,3995,0,4362,0,0,85
2020-03-30,port218,Cartagena,14,7,26233,30632,4827,16380,224,3782,1018,0,12345,3620,14666,0
2020-03-31,port218,Cartagena,8,6,10863,63193,0,5882,0,4980,0,2451,39515,0,21225,0
2020-04-01,port218,Cartagena,6,4,7793,13956,0,4169,884,2738,0,0,12497,1458,0,0
2020-04-02,port218,Cartagena,12,8,30659,7473,10003,12622,884,7148,0,0,6014,1458,0,0
2020-04-03,port218,Cartagena,10,8,89237,21404,0,22525,0,64568,2143,0,21404,0,0,0
2020-04-04,port218,Cartagena,10,4,91508,89347,52760,22883,764,14275,825,0,17330,0,71931,85
2020-04-05,port218,Cartagena,8,6,45101,21312,0,44276,0,0,825,5824,15401,0,0,85
2020-04-06,port218,Cartagena,8,4,64583,7867,48783,7138,1769,6892,0,0,4951,2916,0,0
2020-04-07,port218,Cartagena,8,5,33749,13128,0,25804,884,7060,0,0,9953,3174,0,0
2020-04-08,port218,Cartagena,4,3,0,8651,0,0,0,0,0,0,6552,0,0,2099
2020-04-09,port218,Cartagena,8,5,7490,42375,0,5310,2179,0,0,0,11890,0,30484,0
2020-04-10,port218,Cartagena,9,7,52490,9616,0,34309,884,17296,0,0,8158,1458,0,0
2020-04-11,port218,Cartagena,9,6,26442,7961,0,21007,884,4550,0,0,3775,4185,0,0
2020-04-12,port218,Cartagena,8,6,63016,6633,0,30235,0,32781,0,0,4521,2111,0,0
2020-04-13,port218,Cartagena,14,8,23465,20149,0,17303,884,5277,0,0,12080,5192,114,2762
2020-04-14,port218,Cartagena,7,3,7168,70183,0,2941,1580,0,2646,0,26197,0,43985,0
2020-04-15,port218,Cartagena,8,6,3085,45880,0,3085,0,0,0,0,11714,0,34166,0
2020-04-16,port218,Cartagena,11,6,85056,26224,0,1144,0,83912,0,0,11119,15105,0,0
2020-04-17,port218,Cartagena,9,7,101609,14590,0,15650,0,84929,1029,0,14590,0,0,0
2020-04-18,port218,Cartagena,11,5,17002,54665,0,7915,0,9087,0,2297,5214,1734,45418,0
2020-04-19,port218,Cartagena,9,3,15307,44474,0,12891,884,0,1530,0,1263,2844,40366,0
2020-04-20,port218,Cartagena,9,7,29598,19311,0,29598,0,0,0,0,19311,0,0,0
2020-04-21,port218,Cartagena,4,4,5882,8162,0,5882,0,0,0,0,8162,0,0,0
2020-04-22,port218,Cartagena,13,7,41264,51206,0,31830,1818,7615,0,0,12457,2916,35832,0
2020-04-23,port218,Cartagena,7,5,24457,14572,48,21175,0,3233,0,7050,7521,0,0,0
2020-04-24,port218,Cartagena,7,5,13817,52234,0,13106,0,0,711,0,7127,0,45079,27
2020-04-25,port218,Cartagena,9,6,47138,3014,0,46531,606,0,0,0,3014,0,0,0
2020-04-26,port218,Cartagena,7,3,42426,1458,21546,19995,884,0,0,0,0,1458,0,0
2020-04-27,port218,Cartagena,14,10,40363,67178,0,33510,224,6628,0,48231,16903,1929,114,0
2020-04-28,port218,Cartagena,6,4,51156,50496,43785,7371,0,0,0,10426,40070,0,0,0
2020-04-29,port218,Cartagena,8,6,20074,8724,0,12425,156,7492,0,0,8724,0,0,0
2020-04-30,port218,Cartagena,9,5,17571,93233,0,3717,0,13028,825,0,11294,0,81853,85
2020-05-01,port218,Cartagena,7,5,6949,9042,0,1100,162,5686,0,0,9042,0,0,0
2020-05-02,port218,Cartagena,8,6,52454,13408,0,52454,0,0,0,0,12961,0,447,0
2020-05-03,port218,Cartagena,5,3,15905,1912,0,15905,0,0,0,0,1912,0,0,0
2020-05-04,port218,Cartagena,11,6,34745,48818,0,25771,2466,6507,0,1081,11845,852,35039,0
2020-05-05,port218,Cartagena,6,4,1373,31065,0,1149,224,0,0,0,29136,1929,0,0
2020-05-06,port218,Cartagena,7,3,38352,6488,34904,1308,1428,0,711,0,5003,1458,0,27
2020-05-07,port218,Cartagena,9,7,9654,17730,0,7395,884,1374,0,0,16272,1458,0,0
2020-05-08,port218,Cartagena,8,5,7032,19649,0,4023,0,3009,0,1490,5138,1175,11846,0
2020-05-09,port218,Cartagena,10,6,40780,71624,0,34307,0,6473,0,0,16944,2721,51958,0
2020-05-10,port218,Cartagena,10,5,11106,45540,0,9337,1769,0,0,0,16299,4520,24720,0
2020-05-11,port218,Cartagena,11,9,36852,15170,0,31761,5091,0,0,0,13712,1458,0,0
2020-05-12,port218,Cartagena,7,5,21656,8011,0,18354,884,2417,0,0,6553,1458,0,0
2020-05-13,port218,Cartagena,12,5,27936,16742,4567,13182,884,7765,1536,0,5919,1458,9252,112
2020-05-14,port218,Cartagena,11,8,30112,19917,5992,23235,884,0,0,0,12513,1458,5945,0
2020-05-15,port218,Cartagena,11,6,29186,60711,9445,7829,884,11027,0,0,7377,1458,51874,0
2020-05-16,port218,Cartagena,11,6,36107,73075,0,33702,1109,1295,0,0,30666,3387,39020,0
2020-05-17,port218,Cartagena,10,6,17308,12294,0,7372,3215,6720,0,0,8699,3595,0,0
2020-05-18,port218,Cartagena,7,5,4816,119564,0,4816,0,0,0,0,9633,4219,105711,0
2020-05-19,port218,Cartagena,5,3,10879,32109,0,2941,0,7937,0,2451,29657,0,0,0
2020-05-20,port218,Cartagena,6,4,1829,36405,0,1829,0,0,0,0,4028,3402,28973,0
2020-05-21,port218,Cartagena,12,8,38678,88137,0,33401,0,5277,0,33410,15247,0,39479,0
2020-05-22,port218,Cartagena,9,7,10092,13722,0,9208,884,0,0,0,10529,3193,0,0
2020-05-23,port218,Cartagena,8,4,84462,49468,1638,8522,0,74302,0,0,49253,0,214,0
2020-05-24,port218,Cartagena,5,3,9449,10849,0,8565,884,0,0,0,4424,6424,0,0
2020-05-25,port218,Cartagena,12,8,26983,16375,11064,10612,5306,0,0,0,16375,0,0,0
2020-05-26,port218,Cartagena,5,3,3105,17811,0,2941,164,0,0,0,17811,0,0,0
2020-05-27,port218,Cartagena,8,6,13930,44117,0,13046,884,0,0,0,8195,1458,34463,0
2020-05-28,port218,Cartagena,14,8,37953,72873,0,24138,0,13815,0,0,8420,2023,62428,0
2020-05-29,port218,Cartagena,9,6,17979,14206,0,14460,1109,2409,0,0,10819,3387,0,0
2020-05-30,port218,Cartagena,6,5,36584,38871,0,35699,884,0,0,0,37413,1458,0,0
2020-05-31,port218,Cartagena,7,6,576,18658,0,576,0,0,0,0,18658,0,0,0
2020-06-01,port218,Cartagena,11,5,36613,51088,1155,14871,4528,15346,711,0,3478,0,47582,27
2020-06-02,port218,Cartagena,11,5,6464,44519,0,2941,0,3009,514,0,27713,1603,15202,0
2020-06-03,port218,Cartagena,7,5,2619,8090,0,2619,0,0,0,0,8090,0,0,0
2020-06-04,port218,Cartagena,9,7,50595,17306,0,42005,0,7765,825,0,17220,0,0,85
2020-06-05,port218,Cartagena,5,4,8270,6497,0,8270,0,0,0,2297,4199,0,0,0
2020-06-06,port218,Cartagena,8,6,77379,14113,0,20636,884,55858,0,0,12655,1458,0,0
2020-06-07,port218,Cartagena,9,3,9854,19407,0,3806,884,5163,0,0,3603,15803,0,0
2020-06-08,port218,Cartagena,12,6,32610,4520,0,16005,2943,13660,0,0,4406,0,114,0
2020-06-09,port218,Cartagena,8,6,34472,52105,28927,2536,0,3009,0,0,40259,0,11846,0
2020-06-10,port218,Cartagena,7,6,16415,9941,0,15530,884,0,0,0,8482,1458,0,0
2020-06-11,port218,Cartagena,8,6,13146,12799,0,12921,224,0,0,0,10870,1929,0,0
2020-06-12,port218,Cartagena,4,3,12767,12778,0,12767,0,0,0,0,5620,0,7158,0
2020-06-13,port218,Cartagena,6,4,47073,2282,0,44331,0,2741,0,0,2282,0,0,0
2020-06-14,port218,Cartagena,7,4,6139,27590,0,5255,884,0,0,0,8471,4427,14691,0
2020-06-15,port218,Cartagena,9,5,10579,58686,0,10579,0,0,0,51117,5950,1172,447,0
2020-06-16,port218,Cartagena,10,8,9895,30625,0,9895,0,0,0,1490,29135,0,0,0
2020-06-17,port218,Cartagena,8,7,15931,9015,0,15392,538,0,0,0,9015,0,0,0
2020-06-18,port218,Cartagena,7,6,39785,14593,0,26792,0,12993,0,0,14593,0,0,0
2020-06-19,port218,Cartagena,15,9,37226,43121,0,21415,884,14926,0,0,14580,1458,27082,0
2020-06-20,port218,Cartagena,12,6,45362,33696,0,37774,0,7587,0,0,13708,7135,12852,0
2020-06-21,port218,Cartagena,9,5,0,80549,0,0,0,0,0,58207,17954,2365,0,2021
2020-06-22,port218,Cartagena,11,7,4726,29755,0,3841,884,0,0,2451,24988,2314,0,0
2020-06-23,port218,Cartagena,6,4,8789,77364,0,7904,884,0,0,0,35687,1458,40218,0
2020-06-24,port218,Cartagena,9,7,20535,12361,0,11267,884,8383,0,0,10902,1458,0,0
2020-06-25,port218,Cartagena,8,6,17828,62331,0,17828,0,0,0,0,8672,0,53658,0
2020-06-26,port218,Cartagena,9,6,27692,11349,0,21219,0,6473,0,0,9503,1846,0,0
2020-06-27,port218,Cartagena,9,6,11262,67234,0,11262,0,0,0,0,31020,0,36213,0
2020-06-28,port218,Cartagena,6,6,6398,13077,0,6398,0,0,0,0,13077,0,0,0
2020-06-29,port218,Cartagena,9,6,70093,5205,0,16338,1154,52600,0,0,3747,1458,0,0
2020-06-30,port218,Cartagena,8,3,19377,11477,0,12035,0,7342,0,1490,7499,0,2488,0
2020-07-01,port218,Cartagena,6,6,6287,7208,0,6287,0,0,0,0,7208,0,0,0
2020-07-02,port218,Cartagena,10,6,19941,19197,0,12136,0,6979,825,0,7266,0,11846,85
2020-07-03,port218,Cartagena,10,7,16102,50490,0,9941,884,5277,0,0,10497,1458,38534,0
2020-07-04,port218,Cartagena,10,6,44891,47660,0,43077,0,1813,0,0,43318,4341,0,0
2020-07-05,port218,Cartagena,3,3,0,13941,0,0,0,0,0,0,13941,0,0,0
2020-07-06,port218,Cartagena,15,8,44049,33382,28453,2168,2653,10774,0,0,17160,4375,11846,0
2020-07-07,port218,Cartagena,10,5,10435,18006,0,3928,0,6507,0,0,12428,0,5578,0
2020-07-08,port218,Cartagena,8,5,7797,5765,0,6913,884,0,0,0,4307,1458,0,0
2020-07-09,port218,Cartagena,10,5,35309,23593,12693,16253,884,5478,0,3088,15028,1458,4018,0
2020-07-10,port218,Cartagena,13,7,28206,58706,7185,20194,0,0,825,2451,17831,0,38337,85
2020-07-11,port218,Cartagena,8,5,24084,53272,0,17598,884,5601,0,36187,15625,1458,0,0
2020-07-12,port218,Cartagena,7,5,21132,8077,0,16941,1819,2371,0,0,8077,0,0,0
2020-07-13,port218,Cartagena,10,6,18976,115482,0,16486,884,1604,0,0,4703,7836,102942,0
2020-07-14,port218,Cartagena,9,6,27681,9537,0,16217,4194,7270,0,0,9537,0,0,0
2020-07-15,port218,Cartagena,12,6,15966,122953,0,7871,0,6263,1830,53301,11649,1819,56182,0
2020-07-16,port218,Cartagena,10,7,29912,19485,0,20176,884,8850,0,1490,16536,1458,0,0
2020-07-17,port218,Cartagena,9,5,32771,34815,16312,13349,0,3109,0,0,2987,0,31827,0
2020-07-18,port218,Cartagena,7,6,32475,22489,0,32475,0,0,0,0,21626,862,0,0
2020-07-19,port218,Cartagena,6,3,4628,21127,0,0,1109,3519,0,0,17739,3387,0,0
2020-07-20,port218,Cartagena,12,7,37694,22315,26655,10580,0,0,458,0,21875,439,0,0
2020-07-21,port218,Cartagena,6,4,16322,13895,0,10160,884,5277,0,0,12323,1458,114,0
2020-07-22,port218,Cartagena,8,6,37156,14151,28482,8674,0,0,0,0,14151,0,0,0
2020-07-23,port218,Cartagena,11,6,90255,82466,51506,32587,884,5277,0,0,10926,1458,70081,0
2020-07-24,port218,Cartagena,10,7,28566,26282,0,28363,0,0,203,1706,15141,9433,0,0
2020-07-25,port218,Cartagena,9,5,28544,147146,0,19888,890,7765,0,0,49835,0,97310,0
2020-07-26,port218,Cartagena,10,5,13807,62114,0,3844,3243,6720,0,2297,25821,1458,32536,0
2020-07-27,port218,Cartagena,9,7,25550,11427,0,25550,0,0,0,0,6846,4581,0,0
2020-07-28,port218,Cartagena,12,6,31985,17500,0,20436,884,10665,0,0,10451,7049,0,0
2020-07-29,port218,Cartagena,10,5,10612,51842,0,10387,224,0,0,0,3902,5369,42570,0
2020-07-30,port218,Cartagena,8,4,22382,19186,0,19062,884,2435,0,0,9593,6704,2889,0
2020-07-31,port218,Cartagena,8,6,24986,14486,0,17048,0,7937,0,0,14486,0,0,0
2020-08-01,port218,Cartagena,9,7,34930,52025,0,28456,0,6473,0,0,10938,0,41086,0
2020-08-02,port218,Cartagena,6,4,9594,5611,0,8709,884,0,0,0,2487,3124,0,0
2020-08-03,port218,Cartagena,6,4,6653,12440,0,6300,0,353,0,4563,7876,0,0,0
2020-08-04,port218,Cartagena,6,3,11985,5339,0,10552,0,1433,0,0,2282,0,3057,0
2020-08-05,port218,Cartagena,12,6,33971,20978,11208,15716,1769,5277,0,10426,7007,3430,114,0
2020-08-06,port218,Cartagena,12,7,81263,84140,52136,28242,884,0,0,54741,27940,1458,0,0
2020-08-07,port218,Cartagena,10,9,22027,31231,0,16749,0,5277,0,0,31117,0,114,0
2020-08-08,port218,Cartagena,8,5,40253,64453,0,40253,0,0,0,0,12382,0,51612,458
2020-08-09,port218,Cartagena,7,4,9227,44840,0,9227,0,0,0,0,0,0,44840,0
2020-08-10,port218,Cartagena,9,6,32397,8128,0,24580,5075,2741,0,0,5206,0,0,2921
2020-08-11,port218,Cartagena,15,6,110144,63520,0,13665,0,96478,0,9622,18565,1603,33728,0
2020-08-12,port218,Cartagena,9,5,6766,40211,0,5882,884,0,0,7559,28024,4627,0,0
2020-08-13,port218,Cartagena,7,7,32044,10396,0,32044,0,0,0,0,10396,0,0,0
2020-08-14,port218,Cartagena,11,7,12329,52514,0,12329,0,0,0,0,16921,5988,29604,0
2020-08-15,port218,Cartagena,8,5,17710,10610,0,9119,0,7765,825,0,10524,0,0,85
2020-08-16,port218,Cartagena,8,4,56991,53903,28081,28909,0,0,0,0,14312,0,39591,0
2020-08-17,port218,Cartagena,10,8,41895,11934,0,29319,884,11690,0,0,10475,1458,0,0
2020-08-18,port218,Cartagena,5,1,10504,77325,0,2941,0,7562,0,0,2282,3391,71652,0
2020-08-19,port218,Cartagena,9,6,19047,23416,0,14326,0,4720,0,0,4165,7404,11846,0
2020-08-20,port218,Cartagena,10,8,14483,18009,0,14483,0,0,0,0,11526,476,6006,0
2020-08-21,port218,Cartagena,11,7,19387,25895,0,10342,884,8160,0,0,24437,1458,0,0
2020-08-22,port218,Cartagena,10,6,30427,64304,0,25150,0,5277,0,0,20500,1603,42200,0
2020-08-23,port218,Cartagena,5,3,2941,59242,0,2941,0,0,0,0,16214,1734,41293,0
2020-08-24,port218,Cartagena,8,5,50713,6408,0,39336,884,10492,0,2668,2282,1458,0,0
2020-08-25,port218,Cartagena,6,5,23303,11038,10567,12736,0,0,0,0,11038,0,0,0
2020-08-26,port218,Cartagena,8,3,7024,45009,0,0,884,6140,0,0,30072,3091,11846,0
2020-08-27,port218,Cartagena,10,9,109343,14858,0,38992,0,70351,0,0,14858,0,0,0
2020-08-28,port218,Cartagena,10,6,27163,54439,21772,5390,0,0,0,0,4056,0,49357,1024
2020-08-29,port218,Cartagena,10,8,48671,7734,0,39255,0,9416,0,0,7734,0,0,0
2020-08-30,port218,Cartagena,5,4,13728,7010,0,13728,0,0,0,0,7010,0,0,0
2020-08-31,port218,Cartagena,17,8,44748,74282,0,34980,1047,8720,0,7559,24334,2840,39547,0
2020-09-01,port218,Cartagena,6,5,61162,19609,0,8124,0,53038,0,0,19609,0,0,0
2020-09-02,port218,Cartagena,5,5,8377,7223,0,8377,0,0,0,0,7223,0,0,0
2020-09-03,port218,Cartagena,11,6,20605,16795,0,11955,884,7765,0,0,14729,2065,0,0
2020-09-04,port218,Cartagena,9,4,32651,95941,8673,17097,0,6054,825,1932,15289,0,78634,85
2020-09-05,port218,Cartagena,9,7,51702,32403,0,51702,0,0,0,10605,20107,1690,0,0
2020-09-06,port218,Cartagena,5,4,34000,12708,11208,22791,0,0,0,10426,2282,0,0,0
2020-09-07,port218,Cartagena,11,5,27768,7362,0,16831,1966,8969,0,0,5790,1458,114,0
2020-09-08,port218,Cartagena,8,5,8218,88878,0,2941,0,5277,0,2668,43789,0,42420,0
2020-09-09,port218,Cartagena,9,5,39154,25783,0,7040,224,31889,0,0,22495,1929,1358,0
2020-09-10,port218,Cartagena,15,7,92111,28017,57438,20984,884,11270,1534,10426,11545,3710,2335,0
2020-09-11,port218,Cartagena,8,5,16497,12430,0,14688,884,924,0,0,10972,1458,0,0
2020-09-12,port218,Cartagena,10,5,6884,120657,0,4118,0,0,2766,50977,21018,0,48661,0
2020-09-13,port218,Cartagena,9,6,29117,6645,0,21725,884,6507,0,0,5187,1458,0,0
2020-09-14,port218,Cartagena,12,7,15157,79064,0,13224,1932,0,0,20342,12551,2898,43271,0
2020-09-15,port218,Cartagena,6,5,34012,17887,0,30881,0,3131,0,0,17887,0,0,0
2020-09-16,port218,Cartagena,7,6,8479,17833,0,8479,0,0,0,0,15901,1932,0,0
2020-09-17,port218,Cartagena,12,7,27381,25392,0,25387,1993,0,0,2297,8501,4846,9746,0
2020-09-18,port218,Cartagena,10,5,23204,16115,0,13576,3307,6320,0,0,13053,3061,0,0
2020-09-19,port218,Cartagena,11,6,22098,41606,0,21273,0,0,825,0,19263,0,22258,85
2020-09-20,port218,Cartagena,7,3,39987,38706,11124,4195,2628,22040,0,0,7886,0,30819,0
2020-09-21,port218,Cartagena,11,5,65881,116657,30462,31395,224,3798,0,55252,16556,1929,42919,0
2020-09-22,port218,Cartagena,4,3,11329,6977,0,5483,0,5845,0,0,6977,0,0,0
2020-09-23,port218,Cartagena,9,5,20053,33716,1778,4000,0,14275,0,0,1900,996,30819,0
2020-09-24,port218,Cartagena,10,8,23791,22388,0,18514,0,5277,0,0,20607,1665,114,0
2020-09-25,port218,Cartagena,10,5,17725,55729,0,7345,0,10379,0,1490,13602,312,40324,0
2020-09-26,port218,Cartagena,11,6,102133,6370,0,18234,0,83898,0,0,6256,0,114,0
2020-09-27,port218,Cartagena,8,6,84433,35716,52862,31570,0,0,0,29159,6556,0,0,0
2020-09-28,port218,Cartagena,7,5,21563,13141,0,20738,0,0,825,0,13056,0,0,85
2020-09-29,port218,Cartagena,11,4,11764,69241,0,3478,0,8286,0,0,13216,2963,53061,0
2020-09-30,port218,Cartagena,5,4,10647,19071,0,3712,0,6934,0,0,19071,0,0,0
2020-10-01,port218,Cartagena,10,8,85866,7475,0,23546,884,61435,0,0,6016,1458,0,0
2020-10-02,port218,Cartagena,11,7,26627,37939,0,9327,0,17299,0,13290,12803,0,11846,0
2020-10-03,port218,Cartagena,11,5,58353,148467,0,51010,0,7342,0,0,7545,3882,137040,0
2020-10-04,port218,Cartagena,5,3,11656,6029,0,8486,3169,0,0,3088,2941,0,0,0
2020-10-05,port218,Cartagena,10,7,10388,20180,0,0,4486,5902,0,0,20180,0,0,0
2020-10-06,port218,Cartagena,4,2,2941,5139,0,2941,0,0,0,0,3749,1389,0,0
2020-10-07,port218,Cartagena,9,3,19303,27831,0,4961,884,13457,0,19945,3403,1458,3024,0
2020-10-08,port218,Cartagena,9,8,38718,5709,3307,35410,0,0,0,0,5709,0,0,0
2020-10-09,port218,Cartagena,8,5,39816,62156,0,38076,0,0,1740,0,21283,0,40787,85
2020-10-10,port218,Cartagena,10,6,30076,51965,0,21493,0,6054,2528,0,4744,862,46358,0
2020-10-11,port218,Cartagena,9,6,12563,67686,0,12563,0,0,0,0,23171,5021,39493,0
2020-10-12,port218,Cartagena,8,7,8120,35313,0,5111,0,3009,0,0,23467,0,11846,0
2020-10-13,port218,Cartagena,12,7,32528,65148,0,13646,0,18881,0,2668,20708,2251,39519,0
2020-10-14,port218,Cartagena,6,4,11764,2282,0,10693,0,1071,0,0,2282,0,0,0
2020-10-15,port218,Cartagena,9,5,27059,18926,0,5882,1943,19233,0,0,17467,1458,0,0
2020-10-16,port218,Cartagena,9,6,57704,23596,48,56830,0,0,825,7050,14956,1503,0,85
2020-10-17,port218,Cartagena,11,6,15753,89479,0,6989,0,7937,825,46607,29338,1665,11782,85
2020-10-18,port218,Cartagena,7,3,20749,53404,0,3687,12544,4517,0,0,12784,1929,38690,0
2020-10-19,port218,Cartagena,9,5,25478,29121,0,24593,884,0,0,0,12549,3083,13487,0
2020-10-20,port218,Cartagena,8,5,7949,9722,0,7949,0,0,0,0,8748,973,0,0
2020-10-21,port218,Cartagena,11,6,11386,60552,3859,5757,1769,0,0,0,18606,3779,38166,0
2020-10-22,port218,Cartagena,9,6,42620,29758,11208,24172,0,7238,0,10426,19218,0,114,0
2020-10-23,port218,Cartagena,10,7,56114,13795,0,49173,4031,2908,0,7559,6236,0,0,0
2020-10-24,port218,Cartagena,10,9,26613,40686,0,25729,884,0,0,0,39227,1458,0,0
2020-10-25,port218,Cartagena,5,3,8417,64910,0,8417,0,0,0,60704,4206,0,0,0
2020-10-26,port218,Cartagena,13,7,21653,14729,2157,7705,0,11277,512,2668,12061,0,0,0
2020-10-27,port218,Cartagena,7,4,3165,31999,0,2941,224,0,0,0,24377,7622,0,0
2020-10-28,port218,Cartagena,10,5,89837,109235,0,14861,0,74151,825,0,2810,0,106339,85
2020-10-29,port218,Cartagena,11,8,37445,9008,0,35676,1769,0,0,0,4250,2916,1841,0
2020-10-30,port218,Cartagena,3,2,38795,3904,0,38795,0,0,0,0,3436,467,0,0
2020-10-31,port218,Cartagena,8,6,9354,43293,48,9306,0,0,0,7050,29557,6685,0,0
2020-11-01,port218,Cartagena,12,5,17713,84958,0,12988,1092,2807,825,0,4190,0,80683,85
2020-11-02,port218,Cartagena,13,8,25959,47411,0,14516,272,11169,0,12963,22602,0,11846,0
2020-11-03,port218,Cartagena,8,4,18787,59526,0,5336,926,12524,0,0,17922,0,41603,0
2020-11-04,port218,Cartagena,8,6,12299,53350,0,12299,0,0,0,2297,13409,0,37643,0
2020-11-05,port218,Cartagena,11,8,30121,16803,0,27266,884,1970,0,0,13767,1458,1577,0
2020-11-06,port218,Cartagena,10,6,37969,28013,15213,15587,0,7167,0,0,6787,0,21225,0
2020-11-07,port218,Cartagena,10,6,36212,35030,0,19850,0,16362,0,0,35030,0,0,0
2020-11-08,port218,Cartagena,12,8,42738,53223,4623,33178,884,4051,0,0,10927,1458,40837,0
2020-11-09,port218,Cartagena,10,6,12531,13142,0,10570,0,0,1961,1786,6309,1690,3355,0
2020-11-10,port218,Cartagena,7,4,5426,56493,0,4917,0,0,509,0,14006,148,42338,0
2020-11-11,port218,Cartagena,6,4,23867,3055,0,16212,0,6111,1543,0,3055,0,0,0
2020-11-12,port218,Cartagena,9,5,16014,16246,0,11189,884,3940,0,0,14787,1458,0,0
2020-11-13,port218,Cartagena,11,7,7228,43860,0,5706,0,0,1521,27514,16346,0,0,0
2020-11-14,port218,Cartagena,8,6,49068,22477,0,48633,435,0,0,0,22477,0,0,0
2020-11-15,port218,Cartagena,10,6,47833,44139,29329,7949,0,10554,0,0,9924,0,34215,0
2020-11-16,port218,Cartagena,8,5,9975,55346,0,3501,0,6473,0,0,4420,328,50597,0
2020-11-17,port218,Cartagena,8,5,11765,49095,0,10881,884,0,0,0,6020,2383,40691,0
2020-11-18,port218,Cartagena,6,4,8531,10011,0,8531,0,0,0,0,7670,1665,675,0
2020-11-19,port218,Cartagena,10,6,62991,9132,0,29166,884,32115,825,0,5902,3144,0,85
2020-11-20,port218,Cartagena,9,6,23042,10325,0,17765,0,5277,0,1490,8721,0,114,0
2020-11-21,port218,Cartagena,8,5,40222,7088,4818,34520,884,0,0,0,5629,1458,0,0
2020-11-22,port218,Cartagena,11,7,28045,15964,0,16062,0,11983,0,0,13628,0,2335,0
2020-11-23,port218,Cartagena,9,5,19320,76173,0,16069,224,3027,0,28659,2852,1929,42731,0
2020-11-24,port218,Cartagena,12,5,74392,76551,37682,14885,0,21824,0,0,15602,0,60948,0
2020-11-25,port218,Cartagena,8,5,8684,71745,0,7800,884,0,0,7559,8049,1458,54678,0
2020-11-26,port218,Cartagena,7,7,20923,20772,0,20923,0,0,0,0,20772,0,0,0
2020-11-27,port218,Cartagena,9,6,39407,32774,0,33601,0,4980,825,0,8107,0,24581,85
2020-11-28,port218,Cartagena,9,6,90002,107649,59809,15601,0,14592,0,0,15482,0,92166,0
2020-11-29,port218,Cartagena,7,5,8288,61511,0,1353,0,6934,0,0,20819,0,40691,0
2020-11-30,port218,Cartagena,12,7,17650,81657,0,5533,0,12116,0,64584,17072,0,0,0
2020-12-01,port218,Cartagena,8,3,22764,18901,0,18929,0,3009,825,0,2282,0,16533,85
2020-12-02,port218,Cartagena,9,6,22405,11466,0,15385,0,7020,0,0,11466,0,0,0
2020-12-03,port218,Cartagena,11,7,12869,14520,0,11564,1304,0,0,0,11132,3387,0,0
2020-12-04,port218,Cartagena,11,7,143158,127169,0,62816,0,80342,0,45054,8647,0,73467,0
2020-12-05,port218,Cartagena,9,7,22198,70197,0,14226,0,7971,0,0,19989,0,50207,0
2020-12-06,port218,Cartagena,12,5,84865,27358,57678,16311,1109,9765,0,0,7387,3387,16583,0
2020-12-07,port218,Cartagena,9,8,46973,14035,5190,41782,0,0,0,0,14035,0,0,0
2020-12-08,port218,Cartagena,11,8,19450,17364,0,14172,0,5277,0,2668,12891,1690,114,0
2020-12-09,port218,Cartagena,8,5,9514,9668,0,6721,884,1908,0,0,8209,1458,0,0
2020-12-10,port218,Cartagena,8,6,24131,7942,0,23305,0,0,825,0,7409,0,447,85
2020-12-11,port218,Cartagena,7,5,16446,22655,0,10285,884,5277,0,0,21083,1458,114,0
2020-12-12,port218,Cartagena,10,6,204886,31970,0,38644,2065,164176,0,0,24641,0,7329,0
2020-12-13,port218,Cartagena,9,7,4348,13966,0,4348,0,0,0,0,13966,0,0,0
2020-12-14,port218,Cartagena,12,5,52773,44524,41507,2197,0,6263,2805,0,7505,0,37018,0
2020-12-15,port218,Cartagena,5,3,27916,749,0,19052,0,7492,1371,0,749,0,0,0
2020-12-16,port218,Cartagena,8,4,15570,28420,0,11451,1109,3009,0,0,13186,3387,11846,0
2020-12-17,port218,Cartagena,10,6,17915,17604,0,15797,0,1089,1028,0,17604,0,0,0
2020-12-18,port218,Cartagena,14,8,54471,103989,0,46305,2263,5902,0,2297,11658,0,90033,0
2020-12-19,port218,Cartagena,7,6,19583,21431,0,17099,0,0,2483,0,21431,0,0,0
2020-12-20,port218,Cartagena,8,4,3947,95981,0,1400,0,2547,0,48595,7544,0,39841,0
2020-12-21,port218,Cartagena,10,7,28509,86385,0,28509,0,0,0,31615,16490,0,38278,0
2020-12-22,port218,Cartagena,8,6,37219,23393,0,36110,1109,0,0,0,20006,3387,0,0
2020-12-23,port218,Cartagena,6,4,12151,39799,0,5430,0,6720,0,0,39352,0,447,0
2020-12-24,port218,Cartagena,10,6,32327,81228,0,30161,0,2165,0,13290,16912,1690,49334,0
2020-12-25,port218,Cartagena,8,5,5483,53054,0,4598,884,0,0,0,8941,8155,35957,0
2020-12-26,port218,Cartagena,8,5,13575,23652,0,7414,884,5277,0,0,17507,6030,114,0
2020-12-27,port218,Cartagena,13,7,70792,38689,39000,19510,0,12281,0,13525,12865,453,11846,0
2020-12-28,port218,Cartagena,8,5,7158,43280,0,7158,0,0,0,2749,5759,0,34771,0
2020-12-29,port218,Cartagena,7,2,83754,46340,2968,2941,0,77844,0,0,6694,0,39646,0
2020-12-30,port218,Cartagena,5,4,0,17085,0,0,0,0,0,2451,14633,0,0,0
2020-12-31,port218,Cartagena,7,5,13665,9798,0,8388,0,5277,0,0,9683,0,114,0
2021-01-01,port218,Cartagena,7,5,16670,3875,0,15785,884,0,0,0,2417,1458,0,0
2021-01-02,port218,Cartagena,9,8,24723,44973,0,24723,0,0,0,0,43801,1172,0,0
2021-01-03,port218,Cartagena,6,5,42064,17048,30829,11235,0,0,0,0,17048,0,0,0
2021-01-04,port218,Cartagena,11,8,17865,14904,0,15425,0,2440,0,0,14904,0,0,0
2021-01-05,port218,Cartagena,6,5,13745,11889,0,7272,0,6473,0,0,11889,0,0,0
2021-01-06,port218,Cartagena,10,6,36041,62967,0,34272,1769,0,0,0,4475,2916,55574,0
2021-01-07,port218,Cartagena,7,6,8125,56272,0,8125,0,0,0,0,8893,0,47378,0
2021-01-08,port218,Cartagena,8,5,64306,4914,13474,49122,884,0,825,0,3370,1458,0,85
2021-01-09,port218,Cartagena,15,8,31624,105276,0,14609,0,17015,0,0,27120,0,78155,0
2021-01-10,port218,Cartagena,10,5,24554,5263,0,16435,884,6720,512,0,3805,1458,0,0
2021-01-11,port218,Cartagena,9,5,58171,30288,0,4110,0,54061,0,2668,24415,3204,0,0
2021-01-12,port218,Cartagena,3,1,3109,11410,0,0,0,3109,0,0,1110,7965,2335,0
2021-01-13,port218,Cartagena,10,6,22208,12634,3999,15912,1056,1239,0,0,12634,0,0,0
2021-01-14,port218,Cartagena,7,4,49302,96135,31445,17857,0,0,0,0,7532,0,88602,0
2021-01-15,port218,Cartagena,11,7,39113,15631,0,23778,9333,6002,0,0,15631,0,0,0
2021-01-16,port218,Cartagena,10,7,20843,64980,0,19037,884,920,0,0,21384,1458,42138,0
2021-01-17,port218,Cartagena,9,4,63642,31434,50653,5273,0,7715,0,13400,16343,1690,0,0
2021-01-18,port218,Cartagena,10,8,10485,23213,0,10485,0,0,0,0,23213,0,0,0
2021-01-19,port218,Cartagena,7,4,31479,19842,13688,10040,1430,6320,0,0,19842,0,0,0
2021-01-20,port218,Cartagena,11,7,49438,55314,0,34606,884,13947,0,0,7210,1458,46645,0
2021-01-21,port218,Cartagena,11,9,51203,18274,0,43664,0,7539,0,0,14918,0,3355,0
2021-01-22,port218,Cartagena,7,4,28923,63336,11208,16830,884,0,0,60109,1768,1458,0,0
2021-01-23,port218,Cartagena,12,6,93304,95519,0,18592,0,74711,0,0,9191,0,86328,0
2021-01-24,port218,Cartagena,8,5,33572,39426,16136,11737,0,5698,0,10426,29000,0,0,0
2021-01-25,port218,Cartagena,9,8,18488,7182,0,18488,0,0,0,2668,4513,0,0,0
2021-01-26,port218,Cartagena,11,6,19040,47447,0,17931,1109,0,0,2741,4025,5078,35602,0
2021-01-27,port218,Cartagena,10,6,28145,18329,4916,14279,884,7148,917,0,16871,1458,0,0
2021-01-28,port218,Cartagena,12,6,20674,24278,0,6327,0,11861,2486,0,11507,924,11846,0
2021-01-29,port218,Cartagena,10,8,41938,10649,0,40169,1769,0,0,0,7732,2916,0,0
2021-01-30,port218,Cartagena,6,5,14147,8942,0,14147,0,0,0,0,7276,1665,0,0
2021-01-31,port218,Cartagena,13,7,45493,26629,11208,30218,4066,0,0,10426,15340,862,0,0
2021-02-01,port218,Cartagena,9,6,38454,28011,0,37629,0,0,825,18275,6711,0,2938,85
2021-02-02,port218,Cartagena,9,3,20611,109913,0,0,1062,19549,0,47994,22593,0,39325,0
2021-02-03,port218,Cartagena,6,5,16289,10906,2735,13554,0,0,0,0,10906,0,0,0
2021-02-04,port218,Cartagena,7,6,18042,6313,0,14491,0,0,3550,0,6313,0,0,0
2021-02-05,port218,Cartagena,9,6,32442,15748,0,17907,0,14534,0,2297,13003,0,447,0
2021-02-06,port218,Cartagena,10,6,25111,84663,0,24226,884,0,0,12307,26859,1458,44038,0
2021-02-07,port218,Cartagena,8,4,60069,17859,11208,41635,224,6175,825,10426,5418,1929,0,85
2021-02-08,port218,Cartagena,10,8,99914,11114,0,26819,884,72210,0,0,9655,1458,0,0
2021-02-09,port218,Cartagena,5,3,52521,7000,49906,2390,224,0,0,0,5071,1929,0,0
2021-02-10,port218,Cartagena,6,2,18553,90725,11208,7345,0,0,0,13094,3817,0,73814,0
2021-02-11,port218,Cartagena,8,5,15564,4508,0,15564,0,0,0,0,1801,2707,0,0
2021-02-12,port218,Cartagena,9,6,16083,14566,0,10806,0,5277,0,0,13994,0,114,457
2021-02-13,port218,Cartagena,6,5,15069,38507,0,15069,0,0,0,0,36105,0,2401,0
2021-02-14,port218,Cartagena,10,7,53529,11095,0,49816,0,3713,0,0,9125,1969,0,0
2021-02-15,port218,Cartagena,13,6,50287,80446,0,17839,1769,30678,0,0,24043,2916,53485,0
2021-02-16,port218,Cartagena,12,8,26068,28228,6751,11711,884,6720,0,0,24741,3487,0,0
2021-02-17,port218,Cartagena,9,6,59128,54236,0,20420,0,36414,2293,0,13274,0,40961,0
2021-02-18,port218,Cartagena,11,6,20699,97382,0,15192,5506,0,0,0,21193,0,76188,0
2021-02-19,port218,Cartagena,10,5,61717,61577,29342,32374,0,0,0,0,6675,0,54901,0
2021-02-20,port218,Cartagena,6,4,22381,66212,0,14220,0,8160,0,0,27462,0,38749,0
2021-02-21,port218,Cartagena,9,5,32459,20597,11208,21251,0,0,0,12724,6207,1665,0,0
2021-02-22,port218,Cartagena,15,8,30938,12538,0,20745,5125,5066,0,0,10860,1678,0,0
2021-02-23,port218,Cartagena,3,3,9803,991,0,9803,0,0,0,0,991,0,0,0
2021-02-24,port218,Cartagena,7,4,54559,43372,46946,6728,884,0,0,0,5464,1458,36449,0
2021-02-25,port218,Cartagena,8,4,16177,51976,0,2029,0,14147,0,48674,3139,162,0,0
2021-02-26,port218,Cartagena,8,5,27382,42283,0,21319,884,5178,0,0,2839,1458,37985,0
2021-02-27,port218,Cartagena,10,8,15944,41648,0,15720,224,0,0,0,39718,1929,0,0
2021-02-28,port218,Cartagena,3,3,1400,1508,0,1400,0,0,0,0,1508,0,0,0
2021-03-01,port218,Cartagena,14,8,41756,77120,11567,8317,0,21870,0,0,32759,0,44360,0
2021-03-02,port218,Cartagena,5,3,14016,17737,0,7166,0,6850,0,0,17513,0,223,0
2021-03-03,port218,Cartagena,8,5,10615,8617,0,10103,0,0,512,2749,5868,0,0,0
2021-03-04,port218,Cartagena,12,7,11328,56144,0,9562,0,1765,0,2668,10765,0,42710,0
2021-03-05,port218,Cartagena,8,6,46086,59886,0,45202,884,0,0,0,8530,1458,49898,0
2021-03-06,port218,Cartagena,11,5,13024,143863,0,7523,224,5277,0,52866,41518,9334,40144,0
2021-03-07,port218,Cartagena,5,4,31383,36418,0,31383,0,0,0,0,0,0,36418,0
2021-03-08,port218,Cartagena,9,5,27349,7942,0,18699,884,7765,0,0,4792,3149,0,0
2021-03-09,port218,Cartagena,5,4,45713,2282,0,8939,0,36773,0,0,2282,0,0,0
2021-03-10,port218,Cartagena,9,6,13784,14339,0,13566,218,0,0,0,14339,0,0,0
2021-03-11,port218,Cartagena,12,8,39893,17099,0,20017,0,17318,2556,0,17099,0,0,0
2021-03-12,port218,Cartagena,10,7,15135,13735,0,15135,0,0,0,0,11999,0,1736,0
2021-03-13,port218,Cartagena,8,5,38689,14090,7874,21960,0,7316,1538,0,14090,0,0,0
2021-03-14,port218,Cartagena,9,6,40126,15795,0,36196,884,0,3045,0,9169,6626,0,0
2021-03-15,port218,Cartagena,12,5,33791,45035,0,32553,884,352,0,0,547,4116,40371,0
2021-03-16,port218,Cartagena,9,7,6584,57076,0,6584,0,0,0,0,17268,0,39808,0
2021-03-17,port218,Cartagena,11,5,86829,42305,29069,6618,1109,50031,0,12963,25954,3387,0,0
2021-03-18,port218,Cartagena,9,7,119729,43720,0,44531,0,75197,0,32492,11227,0,0,0
2021-03-19,port218,Cartagena,6,4,6189,5232,0,4390,884,0,914,0,3774,1458,0,0
2021-03-20,port218,Cartagena,9,5,73271,5819,0,34715,0,38555,0,0,5331,487,0,0
2021-03-21,port218,Cartagena,10,6,20571,54485,0,16423,4147,0,0,2451,6533,1458,44042,0
2021-03-22,port218,Cartagena,10,8,38433,46807,0,37790,0,643,0,0,9861,0,36946,0
2021-03-23,port218,Cartagena,9,4,37103,8884,0,8690,0,28412,0,0,8770,0,114,0
2021-03-24,port218,Cartagena,8,5,20630,52169,11000,6655,0,2974,0,0,13777,0,38392,0
2021-03-25,port218,Cartagena,10,5,27586,90131,13042,9301,5242,0,0,0,18835,1458,69837,0
2021-03-26,port218,Cartagena,8,7,22376,11498,0,21491,884,0,0,0,10039,1458,0,0
2021-03-27,port218,Cartagena,7,5,45977,14990,23989,21988,0,0,0,10426,4564,0,0,0
2021-03-28,port218,Cartagena,8,5,57289,48134,0,41823,884,14582,0,0,2159,1458,44517,0
2021-03-29,port218,Cartagena,12,4,79515,58718,0,9985,0,69529,0,2408,2726,0,53582,0
2021-03-30,port218,Cartagena,4,4,2459,8976,0,2459,0,0,0,0,8976,0,0,0
2021-03-31,port218,Cartagena,11,5,11782,113073,236,7487,224,3009,825,48674,8328,1929,54055,85
2021-04-01,port218,Cartagena,8,7,16971,10050,0,16971,0,0,0,1490,8560,0,0,0
2021-04-02,port218,Cartagena,9,6,23114,8972,0,16813,0,5277,1024,0,6747,2111,114,0
2021-04-03,port218,Cartagena,8,5,37813,8755,0,37302,0,0,511,0,6442,0,2313,0
2021-04-04,port218,Cartagena,8,6,6927,75858,0,6011,0,0,916,0,37584,0,38273,0
2021-04-05,port218,Cartagena,12,9,40086,73131,0,40086,0,0,0,0,14993,1367,56769,0
2021-04-06,port218,Cartagena,10,4,17492,20909,0,10955,1265,5270,0,0,7396,1665,11846,0
2021-04-07,port218,Cartagena,7,4,14904,27460,0,4098,0,10806,0,0,7516,0,19944,0
2021-04-08,port218,Cartagena,10,6,43094,25426,29937,13157,0,0,0,14605,7313,3507,0,0
2021-04-09,port218,Cartagena,10,7,14371,10997,0,14371,0,0,0,0,10997,0,0,0
2021-04-10,port218,Cartagena,8,5,39372,38907,0,31016,0,7530,825,0,35577,0,3244,85
2021-04-11,port218,Cartagena,6,4,20760,90515,14878,5882,0,0,0,0,14720,0,75795,0
2021-04-12,port218,Cartagena,9,7,24892,5074,0,24008,884,0,0,0,3616,1458,0,0
2021-04-13,port218,Cartagena,7,5,20250,9374,0,9666,0,10583,0,0,9374,0,0,0
2021-04-14,port218,Cartagena,11,6,27073,8273,0,8767,3452,9535,5317,0,6815,1458,0,0
2021-04-15,port218,Cartagena,13,6,69761,28322,11600,16195,449,41515,0,0,22772,5549,0,0
2021-04-16,port218,Cartagena,9,7,15617,38552,0,12138,0,3479,0,0,3522,0,35030,0
2021-04-17,port218,Cartagena,7,5,32179,29058,0,32179,0,0,0,0,29058,0,0,0
2021-04-18,port218,Cartagena,9,5,18541,11691,0,10209,8331,0,0,0,8027,3664,0,0
2021-04-19,port218,Cartagena,8,4,37519,57749,0,24539,0,11329,1650,0,14968,0,42610,171
2021-04-20,port218,Cartagena,8,6,26374,42395,0,17801,0,8572,0,30447,11948,0,0,0
2021-04-21,port218,Cartagena,5,3,24098,5615,18216,5882,0,0,0,0,5615,0,0,0
2021-04-22,port218,Cartagena,6,5,3047,62291,0,3047,0,0,0,0,16673,0,45618,0
2021-04-23,port218,Cartagena,13,8,46384,18537,0,44615,1769,0,0,7559,5660,2916,2401,0
2021-04-24,port218,Cartagena,11,6,11551,65732,6274,0,0,5277,0,0,46402,0,19330,0
2021-04-25,port218,Cartagena,6,5,30086,4564,0,30086,0,0,0,0,4564,0,0,0
2021-04-26,port218,Cartagena,8,7,16957,8149,0,11680,0,5277,0,0,8035,0,114,0
2021-04-27,port218,Cartagena,10,4,16707,13971,0,2941,1111,12654,0,0,10846,3124,0,0
2021-04-28,port218,Cartagena,7,5,12292,51203,0,12292,0,0,0,1638,11144,0,38420,0
2021-04-29,port218,Cartagena,9,4,28519,63331,0,22673,0,5845,0,12307,13302,0,37721,0
2021-04-30,port218,Cartagena,9,6,61567,34950,40795,5672,0,14275,825,0,4045,0,30819,85
2021-05-01,port218,Cartagena,10,7,45195,51046,0,44370,0,0,825,13876,35349,1734,0,85
2021-05-02,port218,Cartagena,8,5,21084,42839,0,20200,884,0,0,39098,2282,1458,0,0
2021-05-03,port218,Cartagena,9,5,17425,11505,0,11797,2303,3325,0,0,8072,3433,0,0
2021-05-04,port218,Cartagena,8,6,21548,18665,0,5882,0,15665,0,0,18665,0,0,0
2021-05-05,port218,Cartagena,11,7,92755,28156,80296,5738,0,6720,0,0,28156,0,0,0
2021-05-06,port218,Cartagena,7,6,21045,10339,0,21045,0,0,0,0,10339,0,0,0
2021-05-07,port218,Cartagena,9,6,59078,44308,0,39499,5303,14275,0,0,12030,1458,30819,0
2021-05-08,port218,Cartagena,11,7,11005,80269,0,2941,0,8063,0,2297,31805,5695,40470,0
2021-05-09,port218,Cartagena,11,6,36518,96845,16180,15977,0,2908,1452,47706,7052,0,42086,0
2021-05-10,port218,Cartagena,7,4,29898,8433,0,29898,0,0,0,0,5420,3012,0,0
2021-05-11,port218,Cartagena,8,5,18527,55424,0,13951,0,3751,825,0,17593,0,37745,85
2021-05-12,port218,Cartagena,6,5,23057,4564,0,17933,0,5124,0,0,4564,0,0,0
2021-05-13,port218,Cartagena,13,7,15203,171273,0,6883,0,5277,3043,0,27196,2609,141466,0
2021-05-14,port218,Cartagena,10,8,74955,5141,49420,22195,0,0,3339,0,5141,0,0,0
2021-05-15,port218,Cartagena,10,5,27296,11111,0,12360,7736,5178,2021,0,11111,0,0,0
2021-05-16,port218,Cartagena,6,4,18183,5957,0,13019,2900,0,2262,0,5957,0,0,0
2021-05-17,port218,Cartagena,8,6,22326,7331,0,16480,0,5845,0,0,6658,673,0,0
2021-05-18,port218,Cartagena,3,2,20866,0,0,6725,0,14141,0,0,0,0,0,0
2021-05-19,port218,Cartagena,8,5,13817,8342,0,13817,0,0,0,6108,2234,0,0,0
2021-05-20,port218,Cartagena,10,6,21911,23549,2199,18827,884,0,0,12635,9456,1458,0,0
2021-05-21,port218,Cartagena,8,4,57008,57360,49743,7264,0,0,0,0,12106,0,45254,0
2021-05-22,port218,Cartagena,8,5,10546,31256,0,2941,884,6720,0,0,29798,1458,0,0
2021-05-23,port218,Cartagena,11,8,19650,80263,0,16641,0,3009,0,55538,9209,3668,11846,0
2021-05-24,port218,Cartagena,8,5,32223,10686,0,31339,884,0,0,0,2882,7804,0,0
2021-05-25,port218,Cartagena,6,2,9021,5738,0,4383,3812,0,825,3370,2282,0,0,85
2021-05-26,port218,Cartagena,9,6,24015,45219,0,22892,0,1123,0,0,3028,1121,41069,0
2021-05-27,port218,Cartagena,9,5,43971,5676,0,34812,884,8274,0,0,1329,1458,2889,0
2021-05-28,port218,Cartagena,13,8,30192,68138,0,18520,4329,7342,0,0,8356,1129,58652,0
2021-05-29,port218,Cartagena,8,7,31903,53004,0,31903,0,0,0,0,11004,0,42000,0
2021-05-30,port218,Cartagena,10,6,27525,29655,4897,11241,0,8251,3134,0,29540,0,114,0
2021-05-31,port218,Cartagena,8,6,54999,5467,0,51933,0,0,3065,0,5204,263,0,0
2021-06-01,port218,Cartagena,11,7,21655,44022,0,6496,884,14275,0,0,10140,3061,30819,0
2021-06-02,port218,Cartagena,9,5,37208,51214,0,15303,0,21905,0,0,4564,0,46650,0
2021-06-03,port218,Cartagena,8,6,24825,9184,0,23293,0,0,1531,0,8737,0,447,0
2021-06-04,port218,Cartagena,10,5,116455,12896,24106,10234,0,79561,2554,0,12896,0,0,0
2021-06-05,port218,Cartagena,8,6,32767,14248,0,31883,884,0,0,0,11099,3149,0,0
2021-06-06,port218,Cartagena,8,7,11073,94650,0,11073,0,0,0,0,56194,0,38456,0
2021-06-07,port218,Cartagena,14,6,54991,27717,11208,34907,884,7990,0,10426,9891,7399,0,0
2021-06-08,port218,Cartagena,9,3,22730,57515,12679,6708,3341,0,0,49163,2282,6069,0,0
2021-06-09,port218,Cartagena,4,2,1276,16543,0,1276,0,0,0,0,16543,0,0,0
2021-06-10,port218,Cartagena,9,5,28986,14917,0,12981,0,14464,1539,12635,2282,0,0,0
2021-06-11,port218,Cartagena,12,6,42107,44772,0,10529,0,27259,4318,2297,11627,0,30819,27
2021-06-12,port218,Cartagena,10,7,44126,108603,28172,15953,0,0,0,0,35922,0,72681,0
2021-06-13,port218,Cartagena,9,7,18133,7441,3476,13772,884,0,0,0,5983,1458,0,0
2021-06-14,port218,Cartagena,7,5,35380,8006,0,30103,0,5277,0,0,7892,0,114,0
2021-06-15,port218,Cartagena,9,5,12775,15176,0,9256,0,3519,0,1193,10626,0,3355,0
2021-06-16,port218,Cartagena,8,3,14269,175586,0,7679,224,6365,0,38428,7066,1929,128162,0
2021-06-17,port218,Cartagena,11,7,41249,55442,6798,33565,884,0,0,0,7314,6069,42058,0
2021-06-18,port218,Cartagena,9,5,45299,48777,37236,0,0,8063,0,0,6386,0,42391,0
2021-06-19,port218,Cartagena,10,6,31318,32454,0,26404,3378,0,1536,0,30606,1734,0,112
2021-06-20,port218,Cartagena,8,5,21214,7177,0,12909,0,8304,0,0,7177,0,0,0
2021-06-21,port218,Cartagena,8,5,21750,13487,0,12593,3769,5388,0,0,9956,3531,0,0
2021-06-22,port218,Cartagena,7,6,7119,15092,0,7119,0,0,0,0,15092,0,0,0
2021-06-23,port218,Cartagena,8,5,19015,16805,0,18190,0,0,825,0,12108,4610,0,85
2021-06-24,port218,Cartagena,10,7,42170,4231,10985,24712,0,6473,0,0,4231,0,0,0
2021-06-25,port218,Cartagena,12,7,8463,48917,0,6079,0,1558,825,0,12768,494,35568,85
2021-06-26,port218,Cartagena,9,6,29549,38311,0,23387,884,5277,0,0,36291,1458,561,0
2021-06-27,port218,Cartagena,7,3,59111,1458,0,19665,4541,34903,0,0,0,1458,0,0
2021-06-28,port218,Cartagena,10,9,27651,10161,0,27651,0,0,0,2143,8017,0,0,0
2021-06-29,port218,Cartagena,5,4,9950,8509,0,9950,0,0,0,0,8509,0,0,0
2021-06-30,port218,Cartagena,6,5,14606,6230,0,14606,0,0,0,0,4564,1665,0,0
2021-07-01,port218,Cartagena,10,6,70714,10495,0,10971,0,59742,0,0,9336,1044,114,0
2021-07-02,port218,Cartagena,8,6,23108,11062,0,22397,0,0,711,0,9453,1582,0,27
2021-07-03,port218,Cartagena,6,3,15678,13876,3848,4156,0,7673,0,2814,11062,0,0,0
2021-07-04,port218,Cartagena,9,6,19268,57558,0,17900,884,0,482,0,14761,1458,41338,0
2021-07-05,port218,Cartagena,10,6,20998,25004,0,13869,0,7128,0,13290,6692,5021,0,0
2021-07-06,port218,Cartagena,7,5,3682,102890,0,3682,0,0,0,0,12761,12148,77979,0
2021-07-07,port218,Cartagena,11,6,27943,23239,0,17747,884,6293,3017,0,18363,4876,0,0
2021-07-08,port218,Cartagena,8,5,16588,49580,0,13069,0,3519,0,0,9297,0,40283,0
2021-07-09,port218,Cartagena,7,4,11534,54373,0,7814,0,3009,711,0,6941,0,47405,27
2021-07-10,port218,Cartagena,9,3,69112,5963,35041,26097,884,6263,825,0,2282,3149,447,85
2021-07-11,port218,Cartagena,10,6,21115,34003,0,21115,0,0,0,0,20641,12601,760,0
2021-07-12,port218,Cartagena,15,11,30313,6837,0,29067,223,0,1021,0,5233,1603,0,0
2021-07-13,port218,Cartagena,9,3,25228,26218,0,15424,1776,7316,711,0,2282,0,23909,27
2021-07-14,port218,Cartagena,8,3,56420,53397,38057,5859,0,12503,0,10426,4393,0,38577,0
2021-07-15,port218,Cartagena,7,4,35505,11184,28473,647,0,6384,0,2297,8886,0,0,0
2021-07-16,port218,Cartagena,14,8,21756,9052,0,19110,1934,0,711,0,8302,723,0,27
2021-07-17,port218,Cartagena,11,5,22622,55786,0,18571,0,4051,0,41762,10608,0,3415,0
2021-07-18,port218,Cartagena,10,5,18969,108736,10399,8569,0,0,0,2814,14189,556,91175,0
2021-07-19,port218,Cartagena,10,7,54838,47642,29615,24338,884,0,0,0,5776,1458,40407,0
2021-07-20,port218,Cartagena,10,7,37952,9800,0,28069,884,8999,0,0,8341,1458,0,0
2021-07-21,port218,Cartagena,6,2,25136,20837,11208,7689,0,6238,0,10426,10143,0,267,0
2021-07-22,port218,Cartagena,7,4,26439,35842,0,11280,884,14275,0,0,3563,1458,30819,0
2021-07-23,port218,Cartagena,12,8,36907,44344,0,31405,224,5277,0,0,3593,1929,38822,0
2021-07-24,port218,Cartagena,8,7,37253,77130,0,22978,0,14275,0,0,46311,0,30819,0
2021-07-25,port218,Cartagena,7,3,33924,18709,23218,2941,0,7765,0,12635,6074,0,0,0
2021-07-26,port218,Cartagena,7,5,56173,57157,45431,10742,0,0,0,0,5982,0,51175,0
2021-07-27,port218,Cartagena,11,6,51134,53492,0,36106,5137,7342,2548,0,12321,1458,39712,0
2021-07-28,port218,Cartagena,2,1,19241,2250,19241,0,0,0,0,0,2250,0,0,0
2021-07-29,port218,Cartagena,9,8,24361,12916,0,22385,1976,0,0,0,12916,0,0,0
2021-07-30,port218,Cartagena,13,7,110442,21913,5243,7670,884,96644,0,2451,17556,1458,447,0
2021-07-31,port218,Cartagena,10,7,38709,16504,0,18278,0,20431,0,0,16001,502,0,0
2021-08-01,port218,Cartagena,10,4,12984,172026,0,5211,0,7316,456,0,3593,0,168433,0
2021-08-02,port218,Cartagena,10,8,47548,8561,0,38389,884,8274,0,0,7102,1458,0,0
2021-08-03,port218,Cartagena,10,6,33029,60540,22072,10071,884,0,0,4086,18710,1458,36284,0
2021-08-04,port218,Cartagena,6,4,34232,3686,0,32993,1239,0,0,0,3686,0,0,0
2021-08-05,port218,Cartagena,8,5,19368,18991,0,17512,0,0,1856,0,13680,0,5311,0
2021-08-06,port218,Cartagena,13,6,68301,50894,29874,22154,884,13627,1760,0,6320,3124,41449,0
2021-08-07,port218,Cartagena,9,6,4484,70523,48,4436,0,0,0,7050,49772,3402,10297,0
2021-08-08,port218,Cartagena,10,4,11353,64399,0,3588,0,7765,0,0,17196,1119,46083,0
2021-08-09,port218,Cartagena,8,5,33171,15996,48,28765,4357,0,0,7050,8722,223,0,0
2021-08-10,port218,Cartagena,10,4,43597,103664,21959,8823,1932,10882,0,0,24583,0,79081,0
2021-08-11,port218,Cartagena,6,4,54200,10805,28301,25073,0,0,825,0,10720,0,0,85
2021-08-12,port218,Cartagena,10,5,58004,110344,5846,43733,0,8425,0,58265,16033,0,36045,0
2021-08-13,port218,Cartagena,9,7,19653,7652,0,14376,0,5277,0,0,7538,0,114,0
2021-08-14,port218,Cartagena,13,9,36749,70599,0,29906,0,6018,825,0,46094,0,24418,85
2021-08-15,port218,Cartagena,9,7,10927,9637,0,9809,1118,0,0,0,8179,1458,0,0
2021-08-16,port218,Cartagena,11,6,41178,14222,29022,12155,0,0,0,0,7452,6769,0,0
2021-08-17,port218,Cartagena,11,5,24103,157253,0,14640,0,9462,0,56927,5640,0,94685,0
2021-08-18,port218,Cartagena,3,3,34958,9763,0,34958,0,0,0,0,9763,0,0,0
2021-08-19,port218,Cartagena,7,4,21183,35587,0,14117,3262,3803,0,12635,22952,0,0,0
2021-08-20,port218,Cartagena,10,6,86367,49171,0,8967,0,77399,0,0,5106,1734,42330,0
2021-08-21,port218,Cartagena,15,5,83538,97787,56926,4386,1933,20293,0,0,37002,2916,57868,0
2021-08-22,port218,Cartagena,5,4,8218,8449,0,8218,0,0,0,0,8449,0,0,0
2021-08-23,port218,Cartagena,13,6,56268,77626,0,18293,0,36435,1539,0,13791,1571,62262,0
2021-08-24,port218,Cartagena,9,5,54401,8930,0,14759,0,39642,0,0,8930,0,0,0
2021-08-25,port218,Cartagena,5,2,18029,6054,12147,5882,0,0,0,1490,4564,0,0,0
2021-08-26,port218,Cartagena,12,8,28940,13626,0,27787,1153,0,0,0,12507,1119,0,0
2021-08-27,port218,Cartagena,7,4,46638,40023,0,15300,0,31337,0,0,7390,0,32633,0
2021-08-28,port218,Cartagena,7,5,16194,14003,0,16062,131,0,0,0,11819,0,2183,0
2021-08-29,port218,Cartagena,8,6,3452,41480,0,652,0,2799,0,0,41480,0,0,0
2021-08-30,port218,Cartagena,7,3,10341,83533,0,9456,884,0,0,0,1788,1458,80285,0
2021-08-31,port218,Cartagena,10,6,41642,20857,0,31104,884,9653,0,0,7553,1458,11846,0
2021-09-01,port218,Cartagena,8,3,45850,32716,36608,5923,3319,0,0,0,29328,3387,0,0
2021-09-02,port218,Cartagena,11,8,33508,23078,0,22282,4255,6969,0,2451,20627,0,0,0
2021-09-03,port218,Cartagena,8,6,0,18720,0,0,0,0,0,0,17054,1665,0,0
2021-09-04,port218,Cartagena,10,7,29864,34139,0,21237,8626,0,0,0,25736,8403,0,0
2021-09-05,port218,Cartagena,10,7,30342,13896,24460,5882,0,0,0,0,13896,0,0,0
2021-09-06,port218,Cartagena,10,5,58692,18131,0,20820,3497,34373,0,0,4826,1458,11846,0
2021-09-07,port218,Cartagena,9,6,32712,2837,0,25395,0,7316,0,555,2282,0,0,0
2021-09-08,port218,Cartagena,5,5,41533,7274,0,41533,0,0,0,0,7274,0,0,0
2021-09-09,port218,Cartagena,10,6,31955,56701,11208,20747,0,0,0,10426,6032,0,40242,0
2021-09-10,port218,Cartagena,10,6,15191,125879,0,5957,0,6293,2940,0,20840,0,105038,0
2021-09-11,port218,Cartagena,8,6,6170,44888,0,6170,0,0,0,39596,4845,0,447,0
2021-09-12,port218,Cartagena,11,8,48345,5223,0,39616,0,7765,964,1490,3733,0,0,0
2021-09-13,port218,Cartagena,9,6,85598,17142,0,6146,1769,77682,0,0,14225,2916,0,0
2021-09-14,port218,Cartagena,10,4,77186,54481,0,31023,0,43086,3077,0,2282,802,51397,0
2021-09-15,port218,Cartagena,4,3,11951,2282,0,8027,0,3923,0,0,2282,0,0,0
2021-09-16,port218,Cartagena,9,7,34815,30897,0,18111,16704,0,0,571,30326,0,0,0
2021-09-17,port218,Cartagena,12,6,16544,85888,0,8226,884,7433,0,61761,19227,4900,0,0
2021-09-18,port218,Cartagena,8,6,88452,35958,0,4067,0,84385,0,0,35958,0,0,0
2021-09-19,port218,Cartagena,10,4,12709,57402,0,9476,2488,744,0,53639,3762,0,0,0
2021-09-20,port218,Cartagena,13,7,23502,44793,0,5466,0,17578,457,0,21718,1734,21340,0
2021-09-21,port218,Cartagena,5,3,17204,9062,0,17204,0,0,0,0,9062,0,0,0
2021-09-22,port218,Cartagena,4,3,727,29735,0,727,0,0,0,5824,23910,0,0,0
2021-09-23,port218,Cartagena,10,4,38525,22638,0,23915,1516,12268,825,0,1327,0,21225,85
2021-09-24,port218,Cartagena,11,5,17524,13366,0,8432,1775,7316,0,0,6328,6747,289,0
2021-09-25,port218,Cartagena,10,5,29790,51329,0,12733,2782,14275,0,0,16117,4392,30819,0
2021-09-26,port218,Cartagena,6,5,7053,3323,0,7053,0,0,0,0,2876,0,447,0
2021-09-27,port218,Cartagena,8,5,55286,86320,0,49111,0,6175,0,0,4564,0,81756,0
2021-09-28,port218,Cartagena,8,5,56621,7097,0,54911,884,0,825,0,4564,2447,0,85
2021-09-29,port218,Cartagena,9,6,24496,18839,0,16731,0,7765,0,0,13728,5111,0,0
2021-09-30,port218,Cartagena,13,8,10860,24522,0,9975,884,0,0,1638,8253,14630,0,0
2021-10-01,port218,Cartagena,11,4,61692,45064,0,43878,0,14280,3534,0,2211,4089,38678,85
2021-10-02,port218,Cartagena,8,4,61092,90846,0,4535,0,56556,0,0,38800,0,52045,0
2021-10-03,port218,Cartagena,8,6,10488,26166,0,10488,0,0,0,0,26166,0,0,0
2021-10-04,port218,Cartagena,12,6,35074,41086,0,24632,884,6691,2866,28820,10722,1458,0,85
2021-10-05,port218,Cartagena,8,7,27940,18429,0,24421,0,3519,0,0,18429,0,0,0
2021-10-06,port218,Cartagena,8,3,7319,98490,0,6860,0,0,458,31614,4564,1665,60645,0
2021-10-07,port218,Cartagena,9,6,11442,11083,0,4322,3764,3355,0,0,11083,0,0,0
2021-10-08,port218,Cartagena,4,2,3229,141293,2141,1088,0,0,0,0,2819,0,138473,0
2021-10-09,port218,Cartagena,13,7,32800,45901,0,6754,3210,19520,3315,0,24675,0,21225,0
2021-10-10,port218,Cartagena,7,4,51471,1854,20033,23297,0,7316,825,0,1768,0,0,85
2021-10-11,port218,Cartagena,7,5,9727,48168,0,8902,0,0,825,0,9620,0,38462,85
2021-10-12,port218,Cartagena,8,3,44437,23160,33096,8746,1769,0,825,0,20158,2916,0,85
2021-10-13,port218,Cartagena,6,5,19004,20307,0,19004,0,0,0,0,18703,1603,0,0
2021-10-14,port218,Cartagena,15,6,58231,99461,20383,15350,0,20554,1943,50208,4654,4121,40477,0
2021-10-15,port218,Cartagena,11,7,31720,17053,0,28667,884,2168,0,0,12238,1458,3355,0
2021-10-16,port218,Cartagena,6,4,17695,44775,0,17237,457,0,0,13290,31485,0,0,0
2021-10-17,port218,Cartagena,7,6,28854,15224,0,28854,0,0,0,0,15224,0,0,0
2021-10-18,port218,Cartagena,9,4,21036,10556,5645,5882,1336,4588,3582,2396,8160,0,0,0
2021-10-19,port218,Cartagena,12,5,26721,48928,0,11931,884,13905,0,0,3820,3193,41914,0
2021-10-20,port218,Cartagena,8,4,71853,2543,7965,17614,0,46273,0,0,2543,0,0,0
2021-10-21,port218,Cartagena,11,8,32663,11848,5898,18999,0,7765,0,2297,9550,0,0,0
2021-10-22,port218,Cartagena,4,3,884,9936,0,0,884,0,0,0,8477,1458,0,0
2021-10-23,port218,Cartagena,10,8,30541,53708,0,30541,0,0,0,0,10049,1800,41858,0
2021-10-24,port218,Cartagena,7,5,17709,34465,0,16883,0,0,825,30506,3873,0,0,85
2021-10-25,port218,Cartagena,8,7,22683,5408,0,22683,0,0,0,0,5408,0,0,0
2021-10-26,port218,Cartagena,7,3,8500,50069,0,4786,0,3713,0,0,7392,0,42676,0
2021-10-27,port218,Cartagena,7,3,4406,8245,0,3522,884,0,0,2814,2282,3149,0,0
2021-10-28,port218,Cartagena,9,4,101296,0,1392,15711,7149,77042,0,0,0,0,0,0
2021-10-29,port218,Cartagena,8,7,13060,9241,0,9950,0,3109,0,0,6906,0,2335,0
2021-10-30,port218,Cartagena,7,6,18444,12014,0,10596,0,7848,0,0,12014,0,0,0
2021-10-31,port218,Cartagena,9,4,28624,133227,0,7033,0,21591,0,0,6037,0,127189,0
2021-11-01,port218,Cartagena,10,7,16784,62126,0,15899,884,0,0,0,4003,1458,56664,0
2021-11-02,port218,Cartagena,5,4,14332,61466,0,14332,0,0,0,0,6433,0,55032,0
2021-11-03,port218,Cartagena,8,4,24313,58566,0,17135,884,6293,0,50523,5100,2943,0,0
2021-11-04,port218,Cartagena,8,3,24674,1665,9804,11087,0,3782,0,0,0,1665,0,0
2021-11-05,port218,Cartagena,11,5,11112,13636,0,3426,1584,5277,825,0,11978,1458,114,85
2021-11-06,port218,Cartagena,9,5,10284,77708,0,2941,0,7343,0,0,11833,0,65875,0
2021-11-07,port218,Cartagena,7,5,24054,7586,0,18395,0,5659,0,0,6723,862,0,0
2021-11-08,port218,Cartagena,12,6,32414,77241,11928,16225,0,0,4260,63683,13349,0,208,0
2021-11-09,port218,Cartagena,7,3,6268,2575,0,4573,0,0,1695,0,748,163,0,1664
2021-11-10,port218,Cartagena,12,5,71279,22950,0,28764,884,40805,825,0,10918,11946,0,85
2021-11-11,port218,Cartagena,7,5,22441,3418,0,11320,3355,7765,0,0,3418,0,0,0
2021-11-12,port218,Cartagena,8,5,11561,49323,0,11347,0,214,0,0,8438,0,40884,0
2021-11-13,port218,Cartagena,8,4,13804,43600,965,12377,0,0,460,13290,24963,0,5346,0
2021-11-14,port218,Cartagena,7,5,13424,15657,0,12540,884,0,0,5577,8621,1458,0,0
2021-11-15,port218,Cartagena,8,4,93317,8600,0,27544,0,65261,511,0,5244,0,3355,0
2021-11-16,port218,Cartagena,4,3,7338,8943,0,7338,0,0,0,0,8943,0,0,0
2021-11-17,port218,Cartagena,9,5,32212,56766,11208,14029,0,3325,3648,10426,4950,0,41390,0
2021-11-18,port218,Cartagena,15,6,106082,50285,236,14282,4435,86302,825,420,4431,2453,42894,85
2021-11-19,port218,Cartagena,6,5,19600,7442,0,15996,3603,0,0,0,7442,0,0,0
2021-11-20,port218,Cartagena,10,6,30958,13042,0,11969,884,18103,0,0,11584,1458,0,0
2021-11-21,port218,Cartagena,9,8,75436,21670,56401,19034,0,0,0,0,21670,0,0,0
2021-11-22,port218,Cartagena,13,5,88842,36157,16676,53539,3422,12238,2965,34440,605,1111,0,0
2021-11-23,port218,Cartagena,5,3,13401,14128,0,10392,0,3009,0,0,2282,0,11846,0
2021-11-24,port218,Cartagena,9,4,43898,29920,27023,6085,531,10257,0,420,8159,0,21340,0
2021-11-25,port218,Cartagena,11,5,28163,32068,0,16712,0,9302,2148,2297,15760,1734,12275,0
2021-11-26,port218,Cartagena,11,7,14991,15290,0,4123,0,10868,0,6344,8945,0,0,0
2021-11-27,port218,Cartagena,6,4,9511,104656,0,9511,0,0,0,0,36070,0,68585,0
2021-11-28,port218,Cartagena,10,4,47722,15794,31398,3458,0,12040,825,0,15709,0,0,85
2021-11-29,port218,Cartagena,11,6,11703,72818,0,7293,3394,0,1015,55231,11669,5918,0,0
2021-11-30,port218,Cartagena,9,4,31609,55773,0,13440,884,17284,0,5577,4564,1458,44173,0
2021-12-01,port218,Cartagena,6,4,31577,4150,0,19412,0,11339,825,0,4065,0,0,85
2021-12-02,port218,Cartagena,7,4,20454,978,0,9202,0,10740,511,0,978,0,0,0
2021-12-03,port218,Cartagena,8,3,8850,24938,5710,2941,0,199,0,420,7402,1665,15449,0
2021-12-04,port218,Cartagena,6,3,14798,40762,0,8668,884,3009,2236,0,27458,1458,11846,0
2021-12-05,port218,Cartagena,12,6,12615,30359,0,6817,224,3009,2564,0,14980,3532,11846,0
2021-12-06,port218,Cartagena,11,8,44616,129645,0,32131,12484,0,0,0,3439,0,126206,0
2021-12-07,port218,Cartagena,9,6,19013,5136,0,13736,0,5277,0,0,4564,0,114,457
2021-12-08,port218,Cartagena,8,5,58992,4564,29290,29702,0,0,0,0,4564,0,0,0
2021-12-09,port218,Cartagena,11,4,50191,96048,13512,3866,0,31987,825,7559,14917,0,73486,85
2021-12-10,port218,Cartagena,10,6,22540,14234,0,14297,1769,6473,0,0,11317,2916,0,0
2021-12-11,port218,Cartagena,8,5,51583,78070,0,51583,0,0,0,13290,19283,0,45496,0
2021-12-12,port218,Cartagena,8,5,91429,4513,5543,13176,0,70809,1899,0,4513,0,0,0
2021-12-13,port218,Cartagena,12,7,15172,25841,0,12518,2653,0,0,0,21466,4375,0,0
2021-12-14,port218,Cartagena,7,4,27747,5151,0,19456,884,3713,3693,0,3693,1458,0,0
2021-12-15,port218,Cartagena,7,3,47999,5377,26831,7890,6983,6293,0,2814,2563,0,0,0
2021-12-16,port218,Cartagena,10,4,19982,88677,0,11332,884,7765,0,0,7489,1736,79450,0
2021-12-17,port218,Cartagena,5,3,17250,6642,0,16424,0,0,825,0,6557,0,0,85
2021-12-18,port218,Cartagena,8,6,16366,31185,0,16366,0,0,0,22150,9035,0,0,0
2021-12-19,port218,Cartagena,6,2,4594,13480,0,1408,224,0,2961,487,11064,1929,0,0
2021-12-20,port218,Cartagena,9,6,32012,4805,0,30752,0,1260,0,0,4564,241,0,0
2021-12-21,port218,Cartagena,7,6,38110,12291,0,28129,0,9980,0,0,12291,0,0,0
2021-12-22,port218,Cartagena,9,4,22244,134698,0,19949,2046,247,0,37622,6934,1929,88211,0
2021-12-23,port218,Cartagena,10,5,34662,12562,11208,17292,884,5277,0,10426,563,1458,114,0
2021-12-24,port218,Cartagena,8,6,10611,17537,0,10611,0,0,0,7559,5762,4216,0,0
2021-12-25,port218,Cartagena,8,6,10738,14766,0,9391,884,0,461,0,13308,1458,0,0
2021-12-26,port218,Cartagena,9,4,45204,15404,29072,7109,224,8286,511,0,1514,1929,11960,0
2021-12-27,port218,Cartagena,11,5,61354,62113,50942,7402,0,3009,0,0,9592,1734,50786,0
2021-12-28,port218,Cartagena,7,4,52530,18021,37538,9489,224,5277,0,0,15978,1929,114,0
2021-12-29,port218,Cartagena,9,4,11892,43095,0,3692,884,7316,0,0,9188,1458,32449,0
2021-12-30,port218,Cartagena,12,5,43864,36355,0,19135,884,23334,509,0,2282,3139,30934,0
2021-12-31,port218,Cartagena,10,5,25880,38125,236,8012,3355,14275,0,3235,4070,0,30819,0
2022-01-01,port218,Cartagena,6,5,28260,6493,0,28035,224,0,0,0,4564,1929,0,0
2022-01-02,port218,Cartagena,7,3,63597,77687,11208,2941,0,48622,825,73404,4196,0,0,85
2022-01-03,port218,Cartagena,11,4,47415,47723,0,18209,5169,23577,458,0,3598,1458,42666,0
2022-01-04,port218,Cartagena,7,4,63573,4564,3211,24030,0,36330,0,0,4564,0,0,0
2022-01-05,port218,Cartagena,5,3,23082,44687,0,8583,224,14275,0,0,11937,1929,30819,0
2022-01-06,port218,Cartagena,9,5,20851,86264,11208,9619,23,0,0,10426,4475,0,71363,0
2022-01-07,port218,Cartagena,13,6,34263,22380,11445,14365,1769,6682,0,10847,6926,4607,0,0
2022-01-08,port218,Cartagena,10,6,52192,11213,9835,40114,0,2241,0,0,9096,0,0,2117
2022-01-09,port218,Cartagena,7,3,6233,1379,0,5211,0,0,1022,0,1379,0,0,0
2022-01-10,port218,Cartagena,9,5,17180,8091,0,10715,0,5640,825,2605,5400,0,0,85
2022-01-11,port218,Cartagena,11,6,43665,17374,0,32139,884,10641,0,0,6846,10527,0,0
2022-01-12,port218,Cartagena,4,2,4710,12849,0,2941,1769,0,0,0,9932,2916,0,0
2022-01-13,port218,Cartagena,13,7,69156,76357,25525,41951,1109,570,0,27331,11469,3387,34168,0
2022-01-14,port218,Cartagena,8,5,9917,11639,0,8435,1482,0,0,0,10302,1336,0,0
2022-01-15,port218,Cartagena,4,2,3825,5735,0,2941,884,0,0,0,4277,1458,0,0
2022-01-16,port218,Cartagena,8,4,77420,63850,0,0,0,77420,0,0,22466,0,41384,0
2022-01-17,port218,Cartagena,5,4,0,31178,0,0,0,0,0,11979,19199,0,0,0
2022-01-18,port218,Cartagena,8,2,56398,12407,14950,23515,0,17932,0,0,0,0,12407,0
2022-01-19,port218,Cartagena,6,3,17625,9146,0,13845,0,0,3779,2053,6108,984,0,0
2022-01-20,port218,Cartagena,11,7,26399,11824,0,21655,1769,2974,0,0,8907,2916,0,0
2022-01-21,port218,Cartagena,11,8,20012,11073,0,12238,0,7316,457,0,11073,0,0,0
2022-01-22,port218,Cartagena,9,5,34251,22386,0,28149,0,5277,825,0,15461,0,6839,85
2022-01-23,port218,Cartagena,12,6,20459,85370,0,966,2476,17016,0,0,22463,3387,59518,0
2022-01-24,port218,Cartagena,12,7,28608,18912,0,28608,0,0,0,0,6884,7383,4643,0
2022-01-25,port218,Cartagena,7,3,4804,59949,153,2941,884,0,825,53324,5081,1458,0,85
2022-01-26,port218,Cartagena,9,7,5241,24954,0,4416,0,0,825,0,24869,0,0,85
2022-01-27,port218,Cartagena,11,8,28876,24255,0,28876,0,0,0,0,23097,0,1158,0
2022-01-28,port218,Cartagena,9,5,12437,12862,0,5050,884,6502,0,0,11404,1458,0,0
2022-01-29,port218,Cartagena,9,7,29509,38170,0,27799,884,0,825,0,36626,1458,0,85
2022-01-30,port218,Cartagena,8,3,25341,42857,0,11066,0,14275,0,1175,0,7505,34175,0
2022-01-31,port218,Cartagena,5,3,14326,5907,0,8223,0,5277,825,0,5707,0,114,85
2022-02-01,port218,Cartagena,4,2,9273,3598,0,2941,0,6332,0,0,3598,0,0,0
2022-02-02,port218,Cartagena,5,3,16357,6298,0,12963,3394,0,0,0,4564,1734,0,0
2022-02-03,port218,Cartagena,7,3,71152,5847,60690,10462,0,0,0,0,5847,0,0,0
2022-02-04,port218,Cartagena,7,3,3441,119929,0,2180,0,1260,0,43796,1424,0,74709,0
2022-02-05,port218,Cartagena,6,4,95512,5859,0,23907,224,71379,0,0,3930,1929,0,0
2022-02-06,port218,Cartagena,9,6,35185,64363,6979,28206,0,0,0,691,31774,0,31897,0
2022-02-07,port218,Cartagena,9,4,8902,13836,0,7569,1118,214,0,0,3809,10027,0,0
2022-02-08,port218,Cartagena,7,3,14990,4489,0,13221,1769,0,0,0,1572,2916,0,0
2022-02-09,port218,Cartagena,8,2,33432,8835,12380,2941,4209,13900,0,2718,6116,0,0,0
2022-02-10,port218,Cartagena,8,5,23703,6116,0,19706,0,1271,2725,0,6031,0,0,85
2022-02-11,port218,Cartagena,13,9,53887,24265,0,50653,224,3009,0,0,10042,1929,12293,0
2022-02-12,port218,Cartagena,8,4,10526,51805,0,8418,0,1084,1023,0,10322,0,41483,0
2022-02-13,port218,Cartagena,6,4,8218,23817,0,2941,0,5277,0,0,22131,0,1685,0
2022-02-14,port218,Cartagena,6,5,21302,16603,0,21302,0,0,0,0,16045,0,557,0
2022-02-15,port218,Cartagena,9,3,14065,169002,0,7694,884,4661,825,0,11831,3193,153893,85
2022-02-16,port218,Cartagena,7,5,61903,16889,0,24005,0,37897,0,11650,5238,0,0,0
2022-02-17,port218,Cartagena,9,7,24738,14227,0,23770,0,0,968,0,14227,0,0,0
2022-02-18,port218,Cartagena,11,7,29349,7843,0,21321,0,6293,1734,1342,6501,0,0,0
2022-02-19,port218,Cartagena,8,5,5950,63993,0,2941,0,3009,0,21325,30821,0,11846,0
2022-02-20,port218,Cartagena,5,4,8639,9059,0,8639,0,0,0,2297,6761,0,0,0
2022-02-21,port218,Cartagena,11,6,43427,32038,0,35538,0,7888,0,0,17482,2710,11846,0
2022-02-22,port218,Cartagena,9,3,15518,65254,236,7391,0,7889,0,420,4564,1938,58330,0
2022-02-23,port218,Cartagena,6,3,2503,59875,0,1485,1017,0,0,0,13991,1458,44424,0
2022-02-24,port218,Cartagena,11,7,35775,33087,0,34006,1769,0,0,2919,25586,4582,0,0
2022-02-25,port218,Cartagena,8,3,25367,24029,0,11666,0,13700,0,22101,236,1690,0,0
2022-02-26,port218,Cartagena,5,5,8823,8151,0,8823,0,0,0,0,8151,0,0,0
2022-02-27,port218,Cartagena,7,5,20877,15054,0,20877,0,0,0,0,11321,0,3733,0
2022-02-28,port218,Cartagena,9,5,21335,17985,0,17882,0,0,3452,0,7807,0,10177,0
2022-03-01,port218,Cartagena,6,3,45581,9273,31006,7131,224,7219,0,0,7344,1929,0,0
2022-03-02,port218,Cartagena,8,3,65929,34527,24516,37518,884,3009,0,18940,2282,1458,11846,0
2022-03-03,port218,Cartagena,8,7,26101,5543,0,26101,0,0,0,0,5543,0,0,0
2022-03-04,port218,Cartagena,12,6,42157,139650,236,37344,156,4418,0,420,0,0,139229,0
2022-03-05,port218,Cartagena,13,7,25386,26862,0,15520,875,8990,0,0,20412,5030,114,1305
2022-03-06,port218,Cartagena,5,4,5979,22338,0,5701,278,0,0,0,22338,0,0,0
2022-03-07,port218,Cartagena,12,6,27300,49048,0,17869,884,8038,508,5577,7942,1458,34070,0
2022-03-08,port218,Cartagena,6,3,21331,4123,0,12485,0,8846,0,0,4123,0,0,0
2022-03-09,port218,Cartagena,5,4,96193,6246,0,19170,0,77022,0,0,6246,0,0,0
2022-03-10,port218,Cartagena,8,4,35740,15694,0,26437,0,9302,0,0,2157,1690,11846,0
2022-03-11,port218,Cartagena,12,7,22485,64693,0,17625,4859,0,0,25366,7430,0,31897,0
2022-03-12,port218,Cartagena,9,6,18567,19165,0,17424,682,0,460,0,16348,2816,0,0
2022-03-13,port218,Cartagena,10,6,21702,36501,0,16721,0,4980,0,12307,2967,0,21225,0
2022-03-14,port218,Cartagena,8,4,25278,3296,1339,13289,884,7316,2448,0,1838,1458,0,0
2022-03-15,port218,Cartagena,6,3,40141,6678,29165,6322,884,3768,0,0,5220,1458,0,0
2022-03-16,port218,Cartagena,6,4,57141,3851,31035,15449,0,10656,0,0,3851,0,0,0
2022-03-17,port218,Cartagena,10,5,23598,167644,0,6414,0,17183,0,0,22572,1734,143337,0
2022-03-18,port218,Cartagena,10,4,11068,19352,0,3951,224,6892,0,3414,12551,3386,0,0
2022-03-19,port218,Cartagena,9,3,7752,54973,0,2941,884,3009,917,0,34351,5419,15202,0
2022-03-20,port218,Cartagena,9,6,6646,87356,0,6646,0,0,0,0,11304,0,76051,0
2022-03-21,port218,Cartagena,7,5,45751,4564,0,38268,0,7483,0,0,4564,0,0,0
2022-03-22,port218,Cartagena,7,5,2183,17567,0,27,0,0,2156,2668,14899,0,0,0
2022-03-23,port218,Cartagena,4,2,25570,4564,19688,5882,0,0,0,0,4564,0,0,0
2022-03-24,port218,Cartagena,14,6,47456,60015,0,40027,3951,2652,825,49384,8543,2002,0,85
2022-03-25,port218,Cartagena,10,6,35567,47903,11208,18552,0,4980,825,12724,13867,0,21225,85
2022-03-26,port218,Cartagena,10,7,20589,49497,0,8716,4235,7636,0,0,49383,0,114,0
2022-03-27,port218,Cartagena,6,4,24085,11628,0,8659,224,15201,0,0,9699,1929,0,0
2022-03-28,port218,Cartagena,11,5,25780,82981,6751,14998,0,3009,1022,0,19089,0,63892,0
2022-03-29,port218,Cartagena,5,3,8512,20022,0,5503,0,3009,0,0,8176,0,11846,0
2022-03-30,port218,Cartagena,6,3,24124,33546,0,16325,0,7316,482,0,1676,0,31870,0
2022-03-31,port218,Cartagena,6,4,89055,8652,79031,10023,0,0,0,0,8652,0,0,0
2022-04-01,port218,Cartagena,8,6,14272,10025,0,7482,496,6293,0,0,10025,0,0,0
2022-04-02,port218,Cartagena,7,3,7366,61999,0,0,4357,3009,0,0,39104,0,22894,0
2022-04-03,port218,Cartagena,7,4,22417,6277,0,18181,0,4235,0,0,5443,834,0,0
2022-04-04,port218,Cartagena,11,7,54991,18567,0,37707,15942,1340,0,0,15650,2916,0,0
2022-04-05,port218,Cartagena,4,2,11697,4950,0,6304,0,5392,0,2668,2282,0,0,0
2022-04-06,port218,Cartagena,7,4,14816,26668,0,5882,0,8018,915,0,26553,0,114,0
2022-04-07,port218,Cartagena,8,7,21970,9537,0,21970,0,0,0,0,9537,0,0,0
2022-04-08,port218,Cartagena,10,7,38774,72939,0,36344,0,0,2429,0,8577,0,64361,0
2022-04-09,port218,Cartagena,7,5,15475,8133,0,12566,0,2908,0,0,8133,0,0,0
2022-04-10,port218,Cartagena,8,6,44243,31620,0,41617,2626,0,0,18940,12679,0,0,0
2022-04-11,port218,Cartagena,11,6,33365,104173,0,13813,0,19552,0,13956,29802,0,60414,0
2022-04-12,port218,Cartagena,5,2,15576,1712,0,12741,0,2123,711,0,0,1685,0,27
2022-04-13,port218,Cartagena,5,3,77877,2282,0,6240,0,70615,1022,0,2282,0,0,0
2022-04-14,port218,Cartagena,9,6,28247,31337,0,20931,0,7316,0,17458,13879,0,0,0
2022-04-15,port218,Cartagena,10,4,22618,133147,1910,0,884,18802,1022,0,8468,1458,123221,0
2022-04-16,port218,Cartagena,4,4,2303,8739,0,2303,0,0,0,0,8739,0,0,0
2022-04-17,port218,Cartagena,8,6,18967,23262,0,16915,0,0,2052,0,4564,0,18698,0
2022-04-18,port218,Cartagena,10,6,28265,15553,0,28040,224,0,0,0,2960,9582,3010,0
2022-04-19,port218,Cartagena,4,3,0,11121,0,0,0,0,0,0,8072,3048,0,0
2022-04-20,port218,Cartagena,13,3,22418,23465,0,14706,1509,4351,1851,0,9920,1612,11846,85
2022-04-21,port218,Cartagena,13,9,28497,56418,0,14222,0,14275,0,0,22946,0,33035,436
2022-04-22,port218,Cartagena,7,4,10827,43337,0,2941,884,7001,0,0,6879,1458,35000,0
2022-04-23,port218,Cartagena,6,4,20381,5968,0,13255,0,7126,0,0,5968,0,0,0
2022-04-24,port218,Cartagena,8,3,20558,6618,8213,10635,884,0,825,0,3383,3149,0,85
2022-04-25,port218,Cartagena,13,6,48982,102245,15287,26752,884,5547,510,0,8615,1458,92171,0
2022-04-26,port218,Cartagena,9,5,40854,26542,0,39375,224,428,825,18609,5918,1929,0,85
2022-04-27,port218,Cartagena,7,4,18836,88971,0,18836,0,0,0,65290,12697,0,10983,0
2022-04-28,port218,Cartagena,9,7,37319,9671,0,30427,0,6892,0,5107,4564,0,0,0
2022-04-29,port218,Cartagena,7,6,17420,6076,0,17420,0,0,0,0,6076,0,0,0
2022-04-30,port218,Cartagena,8,4,10575,9539,0,5079,224,5271,0,0,4021,5517,0,0
2022-05-01,port218,Cartagena,6,3,1878,97102,0,0,884,993,0,0,30790,1458,64854,0
2022-05-02,port218,Cartagena,12,6,78371,96558,45016,22643,235,8172,2302,59488,9159,0,27910,0
2022-05-03,port218,Cartagena,7,5,21579,7324,0,20550,1029,0,0,0,7324,0,0,0
2022-05-04,port218,Cartagena,3,1,3766,2367,0,2941,0,0,825,0,2282,0,0,85
2022-05-05,port218,Cartagena,11,7,15343,60007,0,14458,884,0,0,1200,6689,5041,47076,0
2022-05-06,port218,Cartagena,7,4,1215,12315,0,390,0,0,825,1638,10591,0,0,85
2022-05-07,port218,Cartagena,9,4,24501,89012,0,7168,3670,13662,0,0,10458,1458,77095,0
2022-05-08,port218,Cartagena,10,7,65855,39661,0,6037,0,59817,0,11979,27682,0,0,0
2022-05-09,port218,Cartagena,6,4,20472,5777,0,6994,0,13478,0,0,5777,0,0,0
2022-05-10,port218,Cartagena,9,4,31948,6338,0,8452,10117,9596,3781,0,6224,0,114,0
2022-05-11,port218,Cartagena,10,6,67186,18223,46404,19356,0,1425,0,10426,7797,0,0,0
2022-05-12,port218,Cartagena,12,6,24735,9982,0,20191,2669,0,1874,907,7169,1458,447,0
2022-05-13,port218,Cartagena,11,4,46043,88638,0,1907,0,44136,0,0,6580,278,81780,0
2022-05-14,port218,Cartagena,11,4,8716,65752,48,2897,0,3009,2761,25660,28245,0,11846,0
2022-05-15,port218,Cartagena,12,6,40753,43199,0,20637,4913,15201,0,0,12359,1734,29104,0
2022-05-16,port218,Cartagena,11,4,13361,31358,0,4866,0,8494,0,0,7288,2844,21225,0
2022-05-17,port218,Cartagena,7,6,18756,18903,0,18756,0,0,0,7559,11344,0,0,0
2022-05-18,port218,Cartagena,7,3,22227,7872,2427,11599,884,7316,0,0,6414,1458,0,0
2022-05-19,port218,Cartagena,8,6,25608,4728,0,23159,0,0,2448,0,4564,164,0,0
2022-05-20,port218,Cartagena,10,8,32153,102172,0,22291,0,9861,0,0,14521,0,87650,0
2022-05-21,port218,Cartagena,6,3,4865,86560,0,3331,0,0,1533,0,33832,1584,51143,0
2022-05-22,port218,Cartagena,6,5,38632,1735,0,35723,0,2908,0,0,1735,0,0,0
2022-05-23,port218,Cartagena,7,4,3501,13758,0,3310,191,0,0,2668,11090,0,0,0
2022-05-24,port218,Cartagena,9,4,72396,8754,22033,47037,0,3325,0,2056,4012,0,0,2685
2022-05-25,port218,Cartagena,8,4,21423,5104,9126,7822,0,4474,0,0,5104,0,0,0
2022-05-26,port218,Cartagena,7,4,13240,51849,0,5882,884,6473,0,0,9195,1458,41196,0
2022-05-27,port218,Cartagena,5,5,12192,7550,0,12192,0,0,0,0,7550,0,0,0
2022-05-28,port218,Cartagena,11,5,28834,77455,11033,10911,884,4980,1023,18940,34904,1458,22151,0
2022-05-29,port218,Cartagena,6,4,884,35182,0,0,884,0,0,0,32033,3149,0,0
2022-05-30,port218,Cartagena,10,6,14732,27801,0,8284,1467,4980,0,0,6575,0,21225,0
2022-05-31,port218,Cartagena,6,2,17985,2282,0,8338,4194,5452,0,0,2282,0,0,0
2022-06-01,port218,Cartagena,7,4,2941,28641,0,2941,0,0,0,0,24160,1734,0,2746
2022-06-02,port218,Cartagena,7,6,14028,7670,0,13750,278,0,0,0,7670,0,0,0
2022-06-03,port218,Cartagena,12,6,42623,166847,11208,24098,0,7316,0,10426,12019,0,144401,0
2022-06-04,port218,Cartagena,12,7,24692,55782,0,17501,1119,6071,0,0,11687,2956,41138,0
2022-06-05,port218,Cartagena,10,5,29529,47421,0,11696,0,17833,0,6051,6846,0,34522,0
2022-06-06,port218,Cartagena,8,5,28302,8083,0,20870,884,6547,0,0,6625,1458,0,0
2022-06-07,port218,Cartagena,5,3,2941,16289,0,2941,0,0,0,11650,4639,0,0,0
2022-06-08,port218,Cartagena,9,5,73230,68055,48386,21357,477,3009,0,52375,3833,0,11846,0
2022-06-09,port218,Cartagena,8,4,16743,28999,0,10653,1109,4980,0,0,4386,3387,21225,0
2022-06-10,port218,Cartagena,10,6,21371,47563,5816,15227,326,0,0,0,3947,574,43041,0
2022-06-11,port218,Cartagena,8,4,12363,48641,0,7493,0,3325,1544,0,10020,7404,31216,0
2022-06-12,port218,Cartagena,8,6,23687,7290,0,12869,0,10818,0,0,7290,0,0,0
2022-06-13,port218,Cartagena,7,5,15405,38108,0,12396,0,3009,0,18940,7321,0,11846,0
2022-06-14,port218,Cartagena,9,1,44781,6051,29777,2941,0,11549,513,0,2282,3768,0,0
2022-06-15,port218,Cartagena,7,3,42202,55934,8430,19497,0,14275,0,3880,7695,0,44358,0
2022-06-16,port218,Cartagena,13,8,58391,88305,0,55416,0,2974,0,53543,19152,0,15610,0
2022-06-17,port218,Cartagena,8,5,16573,8667,0,12147,884,0,3540,0,7209,1458,0,0
2022-06-18,port218,Cartagena,7,5,8870,12924,0,5882,2988,0,0,0,12924,0,0,0
2022-06-19,port218,Cartagena,10,4,16162,7233,0,1866,3706,8387,2201,0,7233,0,0,0
2022-06-20,port218,Cartagena,9,3,10664,13381,1161,3542,4653,0,1306,2919,9004,1458,0,0
2022-06-21,port218,Cartagena,7,3,63804,0,24983,25608,0,13213,0,0,0,0,0,0
2022-06-22,port218,Cartagena,9,4,94892,2282,22905,67552,4434,0,0,0,2282,0,0,0
2022-06-23,port218,Cartagena,9,6,12633,87195,0,11279,0,1354,0,7559,5688,0,73947,0
2022-06-24,port218,Cartagena,10,6,22481,30145,0,19696,884,0,1899,0,26549,3149,447,0
2022-06-25,port218,Cartagena,8,6,27852,47682,0,26967,884,0,0,0,37979,1458,8244,0
2022-06-26,port218,Cartagena,5,4,3974,44808,0,3974,0,0,0,0,2420,0,42388,0
2022-06-27,port218,Cartagena,11,6,121005,32188,45205,10047,1769,63983,0,0,8045,2916,21225,0
2022-06-28,port218,Cartagena,11,4,52065,18285,0,20170,884,31010,0,0,3245,3193,11846,0
2022-06-29,port218,Cartagena,5,4,9996,958,0,8907,0,1089,0,0,958,0,0,0
2022-06-30,port218,Cartagena,10,4,24879,9656,519,19467,884,4007,0,0,7668,1988,0,0
2022-07-01,port218,Cartagena,9,6,18658,74581,0,3498,884,14275,0,18940,23361,1458,30819,0
2022-07-02,port218,Cartagena,10,7,15086,51400,0,12077,0,3009,0,15028,24525,0,11846,0
2022-07-03,port218,Cartagena,5,2,12409,0,9844,2565,0,0,0,0,0,0,0,0
2022-07-04,port218,Cartagena,7,4,13218,50916,0,6426,0,6279,512,0,7748,0,43167,0
2022-07-05,port218,Cartagena,5,1,31274,1458,0,4866,884,22955,2567,0,0,1458,0,0
2022-07-06,port218,Cartagena,6,3,11704,3053,3310,4108,4285,0,0,0,3053,0,0,0
2022-07-07,port218,Cartagena,7,5,8078,2282,0,8078,0,0,0,0,2282,0,0,0
2022-07-08,port218,Cartagena,9,5,148167,2930,0,11206,0,136960,0,0,1572,0,1358,0
2022-07-09,port218,Cartagena,6,6,5882,35706,0,5882,0,0,0,0,35706,0,0,0
2022-07-10,port218,Cartagena,8,5,27803,940,0,21701,0,5277,825,0,740,0,114,85
2022-07-11,port218,Cartagena,11,4,21738,49144,0,19471,884,0,1381,7559,1338,1458,38788,0
2022-07-12,port218,Cartagena,9,2,28942,96746,11480,16577,884,0,0,0,2282,1458,93005,0
2022-07-13,port218,Cartagena,4,3,11279,2995,0,10864,415,0,0,0,2995,0,0,0
2022-07-14,port218,Cartagena,10,6,23369,31298,0,13695,884,8789,0,20391,9449,1458,0,0
2022-07-15,port218,Cartagena,12,5,24279,12677,0,16734,884,3109,3550,0,5751,4590,2335,0
2022-07-16,port218,Cartagena,8,5,6493,27947,0,5667,0,0,825,0,16035,0,11826,85
2022-07-17,port218,Cartagena,3,2,56299,1114,54590,1708,0,0,0,0,1114,0,0,0
2022-07-18,port218,Cartagena,9,4,10659,56432,0,6115,0,3009,1535,0,3480,8318,44634,0
2022-07-19,port218,Cartagena,5,1,11200,10985,0,0,0,11200,0,0,4763,3044,3176,0
2022-07-20,port218,Cartagena,9,4,41007,8233,23129,12448,1109,4319,0,0,4845,3387,0,0
2022-07-21,port218,Cartagena,10,5,37588,58394,0,36044,884,659,0,54654,2282,1458,0,0
2022-07-22,port218,Cartagena,7,3,6549,48391,0,5882,0,209,457,0,4953,0,43438,0
2022-07-23,port218,Cartagena,7,3,3825,68190,0,2941,884,0,0,12635,8223,1458,45872,0
2022-07-24,port218,Cartagena,14,7,27248,112526,11208,11399,1261,3379,0,10426,4959,3356,93783,0
2022-07-25,port218,Cartagena,10,4,38360,27331,7325,13285,884,16039,825,18940,6846,1458,0,85
2022-07-26,port218,Cartagena,5,3,8042,8279,0,6314,0,1727,0,5479,2799,0,0,0
2022-07-27,port218,Cartagena,9,4,66856,35352,54498,9348,0,3009,0,18682,4824,0,11846,0
2022-07-28,port218,Cartagena,6,4,19896,18283,0,16887,0,3009,0,0,6437,0,11846,0
2022-07-29,port218,Cartagena,5,3,2941,4588,0,2941,0,0,0,0,4588,0,0,0
2022-07-30,port218,Cartagena,9,5,21307,37983,0,15554,644,5108,0,0,10111,0,27872,0
2022-07-31,port218,Cartagena,7,4,96638,24294,0,3682,0,92956,0,0,12448,0,11846,0
2022-08-01,port218,Cartagena,13,7,38696,46506,0,22381,1769,14546,0,0,12769,2916,30819,0
2022-08-02,port218,Cartagena,7,3,25106,4998,0,17978,3361,0,3766,0,3309,1603,0,85
2022-08-03,port218,Cartagena,4,2,16130,5746,0,16130,0,0,0,0,2282,3464,0,0
2022-08-04,port218,Cartagena,7,4,13477,94050,0,11994,0,1483,0,0,5855,0,88195,0
2022-08-05,port218,Cartagena,11,6,32724,45924,0,13783,884,14275,3781,0,12565,1458,31900,0
2022-08-06,port218,Cartagena,8,4,8431,19857,0,4537,884,3009,0,0,3595,4415,11846,0
2022-08-07,port218,Cartagena,5,3,17598,6813,0,5224,5690,0,6683,0,6813,0,0,0
2022-08-08,port218,Cartagena,11,6,57992,11139,0,52697,884,2362,2048,7398,2282,1458,0,0
2022-08-09,port218,Cartagena,10,5,14960,86669,0,5882,1812,7265,0,0,13965,627,72076,0
2022-08-10,port218,Cartagena,6,3,25281,51053,0,5882,0,19399,0,0,20233,0,30819,0
2022-08-11,port218,Cartagena,10,5,21107,14091,0,7046,884,13176,0,0,10886,1458,0,1746
2022-08-12,port218,Cartagena,6,2,28617,1658,19845,1456,0,7316,0,0,269,1389,0,0
2022-08-13,port218,Cartagena,11,5,76527,77077,27833,13399,0,34860,435,33311,5565,0,37640,560
2022-08-14,port218,Cartagena,9,4,11191,4042,0,4600,357,6233,0,865,1247,1929,0,0
2022-08-15,port218,Cartagena,6,6,43018,2882,0,43018,0,0,0,0,2882,0,0,0
2022-08-16,port218,Cartagena,5,3,28134,36475,0,13859,0,14275,0,0,0,5655,30819,0
2022-08-17,port218,Cartagena,6,3,5925,72108,0,0,0,5925,0,0,30742,0,41366,0
2022-08-18,port218,Cartagena,12,7,52957,21065,0,40642,5552,3009,3753,0,7761,1458,11846,0
2022-08-19,port218,Cartagena,9,3,14827,43738,0,2692,1603,10531,0,30591,1300,0,11846,0
2022-08-20,port218,Cartagena,8,5,7512,25375,0,2941,884,3687,0,0,23917,1458,0,0
2022-08-21,port218,Cartagena,10,6,36408,26323,0,29519,884,5178,825,0,24779,1458,0,85
2022-08-22,port218,Cartagena,8,5,50826,1338,28657,20406,0,0,1761,0,1338,0,0,0
2022-08-23,port218,Cartagena,8,5,11160,5854,1934,9225,0,0,0,0,5854,0,0,0
2022-08-24,port218,Cartagena,9,5,22081,69097,11208,9988,884,0,0,54272,13366,1458,0,0
2022-08-25,port218,Cartagena,8,5,58147,16781,50512,6278,1356,0,0,0,15322,1458,0,0
2022-08-26,port218,Cartagena,10,6,20272,86816,0,20058,0,214,0,0,13108,0,73708,0
2022-08-27,port218,Cartagena,7,4,15050,48128,0,14231,818,0,0,0,5749,0,42378,0
2022-08-28,port218,Cartagena,6,5,21762,9448,0,19862,0,0,1899,0,9448,0,0,0
2022-08-29,port218,Cartagena,14,6,31928,82750,0,26202,1147,4578,0,57089,9301,1929,14429,0
2022-08-30,port218,Cartagena,8,4,41207,12708,11208,23280,3728,2989,0,10426,2282,0,0,0
2022-08-31,port218,Cartagena,10,3,19600,45052,0,0,884,18201,514,0,8026,6206,30819,0
2022-09-01,port218,Cartagena,7,4,23210,2854,0,2987,0,17837,2385,0,1119,1734,0,0
2022-09-02,port218,Cartagena,8,4,82195,29919,0,1118,1831,79245,0,0,7235,1458,21225,0
2022-09-03,port218,Cartagena,6,3,2941,20363,0,2941,0,0,0,2568,17794,0,0,0
2022-09-04,port218,Cartagena,6,5,9083,8478,0,9083,0,0,0,0,6787,1690,0,0
2022-09-05,port218,Cartagena,9,6,7612,8409,0,6937,0,214,460,0,8409,0,0,0
2022-09-06,port218,Cartagena,4,3,31625,2367,0,30800,0,0,825,0,2282,0,0,85
2022-09-07,port218,Cartagena,10,4,31222,23161,0,21421,884,8916,0,0,2282,6930,13949,0
2022-09-08,port218,Cartagena,10,8,12235,24675,0,12235,0,0,0,0,16657,0,8018,0
2022-09-09,port218,Cartagena,10,4,18015,11452,0,3263,8650,5277,825,0,5990,5038,337,85
2022-09-10,port218,Cartagena,12,3,11273,31870,0,0,409,10863,0,1193,27008,3668,0,0
2022-09-11,port218,Cartagena,5,3,3832,8659,0,2947,884,0,0,0,7201,1458,0,0
2022-09-12,port218,Cartagena,10,4,8019,80938,0,5441,2063,0,514,0,5875,2853,72209,0
2022-09-13,port218,Cartagena,9,3,56565,22992,0,8251,4194,44118,0,0,11145,0,11846,0
2022-09-14,port218,Cartagena,9,4,23948,13984,0,21479,2469,0,0,7961,4564,1458,0,0
2022-09-15,port218,Cartagena,12,7,57562,15703,0,48521,9040,0,0,7398,6846,1458,0,0
2022-09-16,port218,Cartagena,11,6,28207,117058,11208,2723,0,14275,0,12724,10650,435,93248,0
2022-09-17,port218,Cartagena,11,7,22246,65743,0,20393,0,0,1852,0,7098,628,57931,85
2022-09-18,port218,Cartagena,8,5,21098,12483,17651,0,2419,0,1027,0,12483,0,0,0
2022-09-19,port218,Cartagena,11,5,72144,34543,0,22418,264,49462,0,0,9984,866,23692,0
2022-09-20,port218,Cartagena,8,4,13385,95317,6349,4061,0,2974,0,0,7057,0,88259,0
2022-09-21,port218,Cartagena,12,5,20192,77983,4175,11022,4993,0,0,0,3443,1458,73081,0
2022-09-22,port218,Cartagena,11,7,36068,59443,0,13606,0,22461,0,36003,20081,3358,0,0
2022-09-23,port218,Cartagena,7,4,10171,18486,0,6675,224,0,3271,0,13660,4826,0,0
2022-09-24,port218,Cartagena,6,4,36155,17383,0,3750,0,32404,0,0,4327,0,13055,0
2022-09-25,port218,Cartagena,12,4,56808,9193,42720,5729,819,6713,825,0,8322,785,0,85
2022-09-26,port218,Cartagena,10,5,36303,119083,0,3055,884,32363,0,0,1262,1458,116362,0
2022-09-27,port218,Cartagena,4,2,16414,59736,0,13361,3053,0,0,0,0,0,59736,0
2022-09-28,port218,Cartagena,8,6,9205,38887,0,4224,0,4980,0,2668,14993,0,21225,0
2022-09-29,port218,Cartagena,10,7,33495,14957,0,29307,4187,0,0,0,7552,7404,0,0
2022-09-30,port218,Cartagena,3,2,0,2090,0,0,0,0,0,0,2090,0,0,0
2022-10-01,port218,Cartagena,9,6,17087,7610,0,16323,764,0,0,0,7386,0,223,0
2022-10-02,port218,Cartagena,9,5,17410,10304,0,14585,884,1940,0,0,8426,1877,0,0
2022-10-03,port218,Cartagena,8,4,64026,80306,27929,21822,0,14275,0,41685,4969,2831,30819,0
2022-10-04,port218,Cartagena,12,5,59679,66743,29825,22904,884,5555,509,0,19925,1458,45359,0
2022-10-05,port218,Cartagena,6,4,6766,8358,0,5882,884,0,0,0,6899,1458,0,0
2022-10-06,port218,Cartagena,12,7,9717,23492,0,7779,0,1938,0,0,10820,5873,6798,0
2022-10-07,port218,Cartagena,7,5,20478,47114,0,6203,0,14275,0,1490,14803,0,30819,0
2022-10-08,port218,Cartagena,9,6,30916,22803,11208,5244,14462,0,0,10426,12376,0,0,0
2022-10-09,port218,Cartagena,5,4,12912,5846,0,9971,0,0,2940,0,5846,0,0,0
2022-10-10,port218,Cartagena,11,5,9749,24777,0,2703,1769,5277,0,4172,17574,2916,114,0
2022-10-11,port218,Cartagena,16,7,40628,46400,0,23409,1769,14188,1261,35336,8061,2916,0,85
2022-10-12,port218,Cartagena,10,6,29152,53546,0,14877,0,14275,0,0,6480,0,47065,0
2022-10-13,port218,Cartagena,8,4,14982,10128,0,7818,884,6279,0,0,4717,1458,3952,0
2022-10-14,port218,Cartagena,13,6,63086,21842,8139,15727,3295,35924,0,0,9772,0,12069,0
2022-10-15,port218,Cartagena,9,4,19993,32709,0,11101,224,8667,0,18940,11839,1929,0,0
2022-10-16,port218,Cartagena,11,6,34203,107547,0,31321,0,2366,515,90060,10082,7404,0,0
2022-10-17,port218,Cartagena,6,5,10702,21275,0,10702,0,0,0,0,20646,628,0,0
2022-10-18,port218,Cartagena,7,3,4126,25543,0,4126,0,0,0,11650,9141,4751,0,0
2022-10-19,port218,Cartagena,10,4,35182,133135,0,6403,0,28778,0,0,5341,975,126818,0
2022-10-20,port218,Cartagena,14,8,87104,9774,0,72230,4815,9601,456,0,9774,0,0,0
2022-10-21,port218,Cartagena,15,7,83384,9056,50841,10421,378,19701,2041,0,8467,588,0,0
2022-10-22,port218,Cartagena,8,6,60756,25080,50774,8982,0,1000,0,0,25080,0,0,0
2022-10-23,port218,Cartagena,8,4,17786,7875,0,4601,884,12300,0,0,6416,1458,0,0
2022-10-24,port218,Cartagena,12,6,35551,8034,16846,11120,5319,0,2265,0,5738,2295,0,0
2022-10-25,port218,Cartagena,7,4,11738,106552,0,8697,884,0,2156,0,15753,1458,89340,0
2022-10-26,port218,Cartagena,9,5,35368,8645,0,32943,0,0,2425,4819,3826,0,0,0
2022-10-27,port218,Cartagena,7,4,47091,3491,24980,21226,884,0,0,0,2032,1458,0,0
2022-10-28,port218,Cartagena,7,6,65652,21924,0,25900,0,39752,0,0,21924,0,0,0
2022-10-29,port218,Cartagena,7,4,26246,22163,0,19708,0,6537,0,0,22049,0,114,0
2022-10-30,port218,Cartagena,8,5,10820,41648,0,5839,0,4980,0,14326,6095,0,21225,0
2022-10-31,port218,Cartagena,15,8,24372,42037,0,14162,208,6444,3557,0,40663,1288,0,85
2022-11-01,port218,Cartagena,4,3,981,8949,0,981,0,0,0,0,7214,1734,0,0
2022-11-02,port218,Cartagena,11,7,11350,30660,0,4053,0,6837,460,0,30660,0,0,0
2022-11-03,port218,Cartagena,10,7,18585,5137,0,17524,884,176,0,0,323,1458,3355,0
2022-11-04,port218,Cartagena,11,9,8637,16143,0,7371,1266,0,0,0,14685,1458,0,0
2022-11-05,port218,Cartagena,9,6,28008,15264,0,26100,884,0,1023,0,13101,2162,0,0
2022-11-06,port218,Cartagena,11,4,52081,6674,0,28118,16136,7316,510,0,6674,0,0,0
2022-11-07,port218,Cartagena,15,7,44262,75503,13120,4313,418,26410,0,11650,20270,0,43582,0
2022-11-08,port218,Cartagena,9,6,24173,10709,0,13967,0,7308,2898,0,10709,0,0,0
2022-11-09,port218,Cartagena,7,3,2611,62793,0,386,329,1895,0,52327,10466,0,0,0
2022-11-10,port218,Cartagena,9,8,33967,15503,0,33967,0,0,0,0,7417,0,8086,0
2022-11-11,port218,Cartagena,7,5,28606,5716,0,27721,884,0,0,0,4031,1458,226,0
2022-11-12,port218,Cartagena,10,6,21603,33497,0,16285,1769,3549,0,0,18734,2916,11846,0
2022-11-13,port218,Cartagena,9,5,14517,48964,0,6995,0,7521,0,42350,6166,0,447,0
2022-11-14,port218,Cartagena,9,6,11576,17845,378,11197,0,0,0,4819,13025,0,0,0
2022-11-15,port218,Cartagena,11,3,18147,11711,1485,0,5450,10387,825,0,9097,2528,0,85
2022-11-16,port218,Cartagena,6,4,11045,11949,0,5009,0,2449,3586,0,11949,0,0,0
2022-11-17,port218,Cartagena,14,6,49466,69332,14293,13476,884,19161,1650,57950,8618,2592,0,171
2022-11-18,port218,Cartagena,11,8,94272,19572,36741,21882,884,34764,0,0,18114,1458,0,0
2022-11-19,port218,Cartagena,7,4,30663,35384,0,15676,149,14275,561,0,4564,0,30819,0
2022-11-20,port218,Cartagena,5,4,10769,4564,0,10769,0,0,0,0,4564,0,0,0
2022-11-21,port218,Cartagena,4,3,6486,3782,0,1209,0,5277,0,0,3668,0,114,0
2022-11-22,port218,Cartagena,7,3,29319,2829,0,23963,884,4471,0,0,1161,1668,0,0
2022-11-23,port218,Cartagena,8,3,24293,41852,0,1977,1109,21205,0,0,7644,3387,30819,0
2022-11-24,port218,Cartagena,10,7,26071,102551,0,11571,224,14275,0,0,24578,1929,76043,0
2022-11-25,port218,Cartagena,9,4,23253,13142,0,18345,884,0,4023,0,3277,9865,0,0
2022-11-26,port218,Cartagena,5,3,12623,2282,0,9267,0,3355,0,0,2282,0,0,0
2022-11-27,port218,Cartagena,10,6,24658,78841,0,22045,2613,0,0,48603,12738,12220,0,5279
2022-11-28,port218,Cartagena,15,8,181746,125278,0,21795,884,158241,825,0,21835,1458,101898,85
2022-11-29,port218,Cartagena,9,4,7674,96117,3849,2941,884,0,0,0,17517,2712,75886,0
2022-11-30,port218,Cartagena,9,6,31124,16084,11208,14638,0,5277,0,15970,0,0,114,0
2022-12-01,port218,Cartagena,6,5,5882,9952,0,5882,0,0,0,0,8779,1173,0,0
2022-12-02,port218,Cartagena,9,6,9881,4347,0,9462,0,418,0,0,4347,0,0,0
2022-12-03,port218,Cartagena,11,6,102177,12629,54109,41080,224,6762,0,5415,5284,1929,0,0
2022-12-04,port218,Cartagena,11,6,56827,52351,11208,21059,2788,21771,0,10426,9647,1458,30819,0
2022-12-05,port218,Cartagena,11,7,41967,52358,0,36320,884,0,4762,2080,5282,1458,43535,0
2022-12-06,port218,Cartagena,7,3,16624,43955,0,1268,209,14275,871,11650,1485,0,30819,0
2022-12-07,port218,Cartagena,10,5,30565,39815,11208,16668,0,2688,0,10426,25546,3507,335,0
2022-12-08,port218,Cartagena,8,5,21188,7854,0,8357,0,12831,0,0,7854,0,0,0
2022-12-09,port218,Cartagena,11,5,13170,17308,0,7241,4061,1867,0,0,12735,4572,0,0
2022-12-10,port218,Cartagena,7,5,17115,18920,0,7337,0,5277,4500,0,18806,0,114,0
2022-12-11,port218,Cartagena,12,8,29164,29237,0,24506,4658,0,0,0,27503,1734,0,0
2022-12-12,port218,Cartagena,11,7,73126,51308,39725,18240,884,14275,0,0,19029,1458,30819,0
2022-12-13,port218,Cartagena,8,3,22761,29112,1111,5882,0,14234,1533,0,15804,1461,11846,0
2022-12-14,port218,Cartagena,12,5,83627,54908,11208,6919,884,64614,0,10426,12204,1458,30819,0
2022-12-15,port218,Cartagena,11,8,29733,132612,0,17436,0,12297,0,0,27615,0,104997,0
2022-12-16,port218,Cartagena,14,8,8189,101428,0,0,1214,3009,3966,64429,23693,1458,11846,0
2022-12-17,port218,Cartagena,4,2,26750,10217,0,14416,0,12334,0,0,8844,0,0,1372
2022-12-18,port218,Cartagena,5,4,19118,13759,0,16109,0,3009,0,0,1913,0,11846,0
2022-12-19,port218,Cartagena,10,5,6414,65994,0,2645,0,3768,0,0,7290,0,58704,0
2022-12-20,port218,Cartagena,6,3,4292,61576,0,399,884,3009,0,0,2241,1458,57876,0
2022-12-21,port218,Cartagena,7,4,32681,84843,0,32681,0,0,0,8075,2282,0,74486,0
2022-12-22,port218,Cartagena,10,6,102083,34936,63885,18645,0,19552,0,0,4002,0,30934,0
2022-12-23,port218,Cartagena,13,8,27870,62888,0,7433,884,19552,0,0,28805,3149,30934,0
2022-12-24,port218,Cartagena,11,5,59110,46769,8079,36206,414,10258,4152,0,32993,1929,11846,0
2022-12-25,port218,Cartagena,10,6,14268,5339,0,7025,410,6832,0,0,3336,0,2002,0
2022-12-26,port218,Cartagena,9,7,7285,23935,0,6827,0,0,458,889,23045,0,0,0
2022-12-27,port218,Cartagena,8,3,43911,72372,576,35090,0,8244,0,39148,0,967,32257,0
2022-12-28,port218,Cartagena,9,7,21655,56129,0,21114,0,540,0,0,16881,0,39247,0
2022-12-29,port218,Cartagena,13,7,36527,34708,0,21954,297,14275,0,0,875,0,33832,0
2022-12-30,port218,Cartagena,8,6,4650,25806,0,2941,884,0,825,0,24262,1458,0,85
2022-12-31,port218,Cartagena,2,2,0,21600,0,0,0,0,0,0,21600,0,0,0
2023-01-01,port218,Cartagena,10,5,23257,50062,11208,4485,0,7102,461,29366,11990,0,8704,0
2023-01-02,port218,Cartagena,7,4,13891,21178,692,5882,0,7316,0,12635,8543,0,0,0
2023-01-03,port218,Cartagena,7,5,13192,74304,0,10554,0,0,2638,0,16813,0,57490,0
2023-01-04,port218,Cartagena,9,5,66828,34560,0,50824,1728,14275,0,0,2282,1458,30819,0
2023-01-05,port218,Cartagena,13,6,110038,9152,0,28246,884,80081,825,0,6087,2979,0,85
2023-01-06,port218,Cartagena,10,8,67147,23467,49229,17917,0,0,0,0,23020,0,447,0
2023-01-07,port218,Cartagena,9,6,4549,60761,0,4549,0,0,0,2814,54439,3507,0,0
2023-01-08,port218,Cartagena,7,4,18225,46803,0,0,3950,14275,0,0,12876,0,33927,0
2023-01-09,port218,Cartagena,14,7,17499,111631,0,6788,0,10201,508,4953,28719,0,77958,0
2023-01-10,port218,Cartagena,9,2,5099,49917,0,2941,0,2158,0,2657,3261,0,43998,0
2023-01-11,port218,Cartagena,10,4,46041,36546,0,24194,884,20136,825,0,1930,1458,33072,85
2023-01-12,port218,Cartagena,10,7,88670,17681,28893,24452,884,34439,0,0,16222,1458,0,0
2023-01-13,port218,Cartagena,14,8,28637,8313,0,11973,884,15779,0,0,6855,1458,0,0
2023-01-14,port218,Cartagena,9,5,15446,29465,0,12058,378,3009,0,12466,4564,588,11846,0
2023-01-15,port218,Cartagena,10,8,30179,55141,0,27393,2785,0,0,45411,9729,0,0,0
2023-01-16,port218,Cartagena,6,4,64535,6577,56401,8134,0,0,0,0,6130,0,447,0
2023-01-17,port218,Cartagena,6,2,21787,29481,11208,5301,0,5277,0,29366,0,0,114,0
2023-01-18,port218,Cartagena,10,6,44772,42292,32262,12510,0,0,0,30662,7508,4121,0,0
2023-01-19,port218,Cartagena,10,7,22896,49605,0,21186,884,0,825,0,15263,1458,32798,85
2023-01-20,port218,Cartagena,11,8,25582,16883,0,17350,1129,7102,0,0,15148,1734,0,0
2023-01-21,port218,Cartagena,10,6,20048,93553,0,17039,0,3009,0,0,8613,1690,83249,0
2023-01-22,port218,Cartagena,10,6,10542,20573,0,2213,1523,6805,0,9500,11072,0,0,0
2023-01-23,port218,Cartagena,9,6,14065,40619,0,6749,0,7316,0,0,6797,0,33822,0
2023-01-24,port218,Cartagena,10,5,31905,7181,2430,11901,0,14029,3543,0,3586,0,3509,85
2023-01-25,port218,Cartagena,9,5,21412,54972,0,20528,884,0,0,2521,9638,1458,41354,0
2023-01-26,port218,Cartagena,7,5,6839,58290,0,6839,0,0,0,0,14389,0,43901,0
2023-01-27,port218,Cartagena,16,8,34117,18138,0,27437,2260,0,4419,0,11865,2916,3355,0
2023-01-28,port218,Cartagena,10,6,22583,53135,0,7174,884,14524,0,0,16268,1458,35408,0
2023-01-29,port218,Cartagena,10,7,24684,18237,3487,10650,1368,9177,0,0,18237,0,0,0
2023-01-30,port218,Cartagena,12,5,43727,9497,29102,10131,2335,2158,0,0,4984,4513,0,0
2023-01-31,port218,Cartagena,6,5,8653,18358,0,6914,0,0,1739,0,18358,0,0,0
2023-02-01,port218,Cartagena,9,3,10134,148013,0,10134,0,0,0,39912,4564,0,103022,514
2023-02-02,port218,Cartagena,8,5,46178,11164,24168,8551,0,13457,0,6038,5126,0,0,0
2023-02-03,port218,Cartagena,12,6,22543,40807,0,15768,884,3009,2881,0,23428,1458,15835,85
2023-02-04,port218,Cartagena,7,6,22465,11871,0,22465,0,0,0,0,11871,0,0,0
2023-02-05,port218,Cartagena,12,9,46455,39906,7924,24255,0,14275,0,0,9086,0,30819,0
2023-02-06,port218,Cartagena,9,5,21381,14924,0,5193,884,15303,0,0,13466,1458,0,0
2023-02-07,port218,Cartagena,9,0,14231,88936,12177,0,0,0,2054,43683,0,1182,44071,0
2023-02-08,port218,Cartagena,6,4,13903,42594,0,13903,0,0,0,0,9890,0,32703,0
2023-02-09,port218,Cartagena,7,4,25489,555,0,9404,0,12985,3099,0,555,0,0,0
2023-02-10,port218,Cartagena,13,9,52071,20396,9822,28753,0,13496,0,0,20396,0,0,0
2023-02-11,port218,Cartagena,6,4,22927,1546,13432,9495,0,0,0,0,1546,0,0,0
2023-02-12,port218,Cartagena,11,7,20909,42541,0,17900,0,3009,0,18940,11754,0,11846,0
2023-02-13,port218,Cartagena,13,9,29726,53109,0,28164,884,677,0,0,10131,3124,39853,0
2023-02-14,port218,Cartagena,7,3,64554,8948,53307,9708,0,0,1538,0,3479,5469,0,0
2023-02-15,port218,Cartagena,6,4,12012,9694,0,8738,0,2255,1018,0,9694,0,0,0
2023-02-16,port218,Cartagena,8,3,10086,57570,0,3394,0,6691,0,0,1127,4188,52254,0
2023-02-17,port218,Cartagena,11,6,34167,55492,0,28666,224,5277,0,2297,5546,1929,45718,0
2023-02-18,port218,Cartagena,12,5,86655,66603,9506,3400,0,72443,1305,0,22672,3378,40552,0
2023-02-19,port218,Cartagena,8,6,23023,15377,0,23023,0,0,0,2668,9873,2836,0,0
2023-02-20,port218,Cartagena,12,8,19855,78667,0,10725,884,8244,0,56418,20791,1458,0,0
2023-02-21,port218,Cartagena,4,2,4786,8619,0,4786,0,0,0,6337,2282,0,0,0
2023-02-22,port218,Cartagena,8,3,44454,112629,35459,5986,0,3009,0,75878,2282,0,34468,0
2023-02-23,port218,Cartagena,10,7,19221,81272,0,18912,0,308,0,0,11251,0,70020,0
2023-02-24,port218,Cartagena,8,4,9145,13569,0,2941,0,5379,825,0,11749,1734,0,85
2023-02-25,port218,Cartagena,8,5,15444,38525,0,6042,224,9177,0,0,34878,1929,0,1717
2023-02-26,port218,Cartagena,7,5,7815,8146,0,5807,984,0,1023,0,8146,0,0,0
2023-02-27,port218,Cartagena,12,7,20693,46117,0,12492,884,7316,0,0,10583,1458,34075,0
2023-02-28,port218,Cartagena,9,3,21280,170462,0,10281,0,10998,0,0,1250,0,169212,0
2023-03-01,port218,Cartagena,5,3,35878,2282,14393,20678,806,0,0,0,2282,0,0,0
2023-03-02,port218,Cartagena,13,7,36887,41489,573,19821,10474,6018,0,0,17797,0,23692,0
2023-03-03,port218,Cartagena,8,5,21709,76570,0,16728,0,4980,0,0,11230,0,65339,0
2023-03-04,port218,Cartagena,15,7,50909,79093,21091,12500,884,16433,0,13240,31273,1458,30819,2302
2023-03-05,port218,Cartagena,10,9,16703,7252,0,16703,0,0,0,0,4779,2473,0,0
2023-03-06,port218,Cartagena,9,5,14418,23176,0,13534,884,0,0,0,20482,2001,693,0
2023-03-07,port218,Cartagena,7,3,29154,5799,0,6803,0,22351,0,0,4564,1234,0,0
2023-03-08,port218,Cartagena,12,7,23256,65324,0,11837,11419,0,0,54427,9438,1458,0,0
2023-03-09,port218,Cartagena,9,8,66808,11267,0,65924,884,0,0,0,9808,1458,0,0
2023-03-10,port218,Cartagena,14,8,49693,63924,14018,24421,0,11253,0,29366,22711,0,11846,0
2023-03-11,port218,Cartagena,2,2,13954,0,0,13954,0,0,0,0,0,0,0,0
2023-03-12,port218,Cartagena,12,6,25590,107690,0,23169,884,0,1536,0,14297,1458,91934,0
2023-03-13,port218,Cartagena,14,5,46771,149801,0,11825,0,33184,1761,1808,2282,1734,143975,0
2023-03-14,port218,Cartagena,11,4,12302,49037,0,4032,1769,6018,482,0,21792,3553,23692,0
2023-03-15,port218,Cartagena,8,4,13161,9232,0,3534,0,7316,2310,6343,0,0,2889,0
2023-03-16,port218,Cartagena,7,5,3902,26582,0,668,224,3009,0,0,12806,1929,11846,0
2023-03-17,port218,Cartagena,16,8,66988,17682,0,8320,884,54542,3240,0,16110,1458,114,0
2023-03-18,port218,Cartagena,6,4,17861,45890,12086,5775,0,0,0,0,5428,0,40461,0
2023-03-19,port218,Cartagena,11,7,30182,52295,3280,17212,0,9689,0,0,10158,0,42136,0
2023-03-20,port218,Cartagena,11,7,147860,22084,48454,24285,884,74235,0,0,20625,1458,0,0
2023-03-21,port218,Cartagena,8,4,11910,25772,0,8894,6,3009,0,2297,7796,3831,11846,0
2023-03-22,port218,Cartagena,7,2,35298,32671,30656,389,4253,0,0,29834,1171,1665,0,0
2023-03-23,port218,Cartagena,8,5,18372,59641,11208,7163,0,0,0,52389,7252,0,0,0
2023-03-24,port218,Cartagena,9,5,19099,173929,0,16090,0,3009,0,53492,13882,0,106554,0
2023-03-25,port218,Cartagena,11,8,32745,18318,0,18841,0,13903,0,13074,5129,0,114,0
2023-03-26,port218,Cartagena,8,4,111233,54821,0,14453,0,96780,0,0,5720,2497,46603,0
2023-03-27,port218,Cartagena,11,8,22132,58307,0,16661,5470,0,0,0,16824,1458,40025,0
2023-03-28,port218,Cartagena,4,2,6736,7163,0,6736,0,0,0,0,0,7163,0,0
2023-03-29,port218,Cartagena,8,4,29744,62202,0,28859,884,0,0,0,6932,5554,49715,0
2023-03-30,port218,Cartagena,14,7,62799,104134,42104,17685,0,3009,0,0,12794,1254,90085,0
2023-03-31,port218,Cartagena,9,6,23941,18944,0,17779,884,5277,0,0,15680,3149,114,0
2023-04-01,port218,Cartagena,10,7,27183,31186,11208,8658,0,7316,0,10426,20760,0,0,0
2023-04-02,port218,Cartagena,9,7,15049,885,0,10461,0,4588,0,0,885,0,0,0
2023-04-03,port218,Cartagena,15,9,84428,116448,11208,10378,0,62015,825,10426,34729,0,71207,85
2023-04-04,port218,Cartagena,10,5,31482,48062,11208,14255,0,6018,0,12724,10181,1465,23692,0
2023-04-05,port218,Cartagena,12,6,17238,69316,0,12973,4265,0,0,21774,12784,0,34757,0
2023-04-06,port218,Cartagena,9,6,3766,46200,0,2941,0,0,825,7238,28489,0,10387,85
2023-04-07,port218,Cartagena,21,13,46162,74043,0,43485,1201,963,512,0,23370,1458,49214,0
2023-04-08,port218,Cartagena,6,4,16687,17954,0,0,0,16687,0,0,17954,0,0,0
2023-04-09,port218,Cartagena,11,7,14362,15711,0,12713,1649,0,0,0,10258,5452,0,0
2023-04-10,port218,Cartagena,13,8,31038,38555,0,28845,181,0,2010,0,19068,1685,17800,0
2023-04-11,port218,Cartagena,6,3,42645,5403,9303,33341,0,0,0,0,2282,0,3121,0
2023-04-12,port218,Cartagena,9,3,27748,38482,9206,385,0,18156,0,25891,745,0,11846,0
2023-04-13,port218,Cartagena,9,6,14167,150661,0,7196,0,3009,3961,0,31713,0,118947,0
2023-04-14,port218,Cartagena,13,9,72365,20980,0,61384,4712,0,6268,0,19521,1458,0,0
2023-04-15,port218,Cartagena,9,4,2380,80596,0,0,0,2380,0,0,18295,0,62301,0
2023-04-16,port218,Cartagena,12,8,65065,3841,50376,10777,884,0,3027,0,2297,1458,0,85
2023-04-17,port218,Cartagena,8,6,11441,18153,0,7752,0,3688,0,0,18153,0,0,0
2023-04-18,port218,Cartagena,11,5,43677,135314,0,1614,3186,38876,0,2297,48003,1458,83555,0
2023-04-19,port218,Cartagena,9,3,70307,91288,0,10470,449,59387,0,0,4564,3858,82865,0
2023-04-20,port218,Cartagena,8,7,8950,21522,0,8950,0,0,0,0,20517,1005,0,0
2023-04-21,port218,Cartagena,9,7,17061,18205,0,16236,0,0,825,0,12426,5692,0,85
2023-04-22,port218,Cartagena,7,5,7780,43218,0,7780,0,0,0,0,41483,1734,0,0
2023-04-23,port218,Cartagena,12,6,113715,63725,0,13277,3416,93713,3307,17970,2281,0,43473,0
2023-04-24,port218,Cartagena,12,6,18024,71366,0,8010,1769,8244,0,28316,23499,2916,16634,0
2023-04-25,port218,Cartagena,4,4,7332,9072,0,7332,0,0,0,0,9072,0,0,0
2023-04-26,port218,Cartagena,10,6,5140,18699,0,5140,0,0,0,1786,15084,1829,0,0
2023-04-27,port218,Cartagena,11,9,34784,3664,0,33899,884,0,0,0,2205,1458,0,0
2023-04-28,port218,Cartagena,10,7,21036,57436,11208,6427,0,0,3399,10426,11848,0,35162,0
2023-04-29,port218,Cartagena,7,5,11146,54774,0,9955,1190,0,0,0,11747,0,43026,0
2023-04-30,port218,Cartagena,12,8,16069,26517,0,16069,0,0,0,0,19802,6715,0,0
2023-05-01,port218,Cartagena,11,7,35160,64531,0,16142,16365,2651,0,44061,20469,0,0,0
2023-05-02,port218,Cartagena,9,4,60449,86407,34610,18013,0,7316,508,0,8559,296,77551,0
2023-05-03,port218,Cartagena,11,6,21104,14482,0,12962,0,7223,919,8939,5542,0,0,0
2023-05-04,port218,Cartagena,13,10,29449,104031,0,26440,0,3009,0,66403,22336,0,11846,3445
2023-05-05,port218,Cartagena,19,9,108013,20282,0,13851,884,91971,1305,1638,13639,1458,3545,0
2023-05-06,port218,Cartagena,10,3,34227,66368,0,6939,0,27288,0,18940,4564,0,42863,0
2023-05-07,port218,Cartagena,9,8,14892,58422,0,14892,0,0,0,0,14251,0,44170,0
2023-05-08,port218,Cartagena,11,8,30843,17254,0,23013,1880,5949,0,0,17254,0,0,0
2023-05-09,port218,Cartagena,9,4,35505,50842,20093,14526,884,0,0,10426,11473,1458,27484,0
2023-05-10,port218,Cartagena,8,5,68866,24094,61007,7858,0,0,0,0,9719,2705,11669,0
2023-05-11,port218,Cartagena,12,8,25595,79649,0,25258,336,0,0,0,12864,3831,62953,0
2023-05-12,port218,Cartagena,6,3,13876,15160,0,2941,884,10050,0,0,13702,1458,0,0
2023-05-13,port218,Cartagena,6,4,23864,2282,0,16570,0,7294,0,0,2282,0,0,0
2023-05-14,port218,Cartagena,15,10,16859,32274,0,15974,884,0,0,778,23393,6078,2024,0
2023-05-15,port218,Cartagena,11,6,23586,58300,0,19950,0,1084,2551,0,8743,0,49556,0
2023-05-16,port218,Cartagena,6,3,40893,3884,0,39184,884,0,825,0,2340,1458,0,85
2023-05-17,port218,Cartagena,9,4,9722,42731,0,6896,884,0,1941,35248,2668,1458,3355,0
2023-05-18,port218,Cartagena,13,9,39628,70081,0,38472,1155,0,0,0,23756,1734,44590,0
2023-05-19,port218,Cartagena,11,8,19986,9164,0,19986,0,0,0,2143,5226,1795,0,0
2023-05-20,port218,Cartagena,5,3,16575,9174,0,14638,0,0,1937,0,2282,0,6891,0
2023-05-21,port218,Cartagena,13,8,32292,15260,13850,17556,884,0,0,0,8779,6480,0,0
2023-05-22,port218,Cartagena,10,7,12364,141373,0,12364,0,0,0,15929,6609,0,118834,0
2023-05-23,port218,Cartagena,8,4,50594,52192,0,21248,0,26786,2559,0,6191,0,46000,0
2023-05-24,port218,Cartagena,11,7,17685,14295,0,12481,884,4319,0,0,12836,1458,0,0
2023-05-25,port218,Cartagena,13,8,23499,69745,4819,16969,884,0,825,12185,20977,1458,35038,85
2023-05-26,port218,Cartagena,8,5,32075,29465,0,16873,0,15201,0,11979,1775,0,15711,0
2023-05-27,port218,Cartagena,12,6,19016,28761,0,9249,884,8881,0,6343,18666,3124,627,0
2023-05-28,port218,Cartagena,11,10,25790,18357,0,25790,0,0,0,0,15001,0,3355,0
2023-05-29,port218,Cartagena,5,4,9017,17985,0,9017,0,0,0,0,12481,5503,0,0
2023-05-30,port218,Cartagena,13,6,57891,59853,44842,3605,0,7236,2207,19106,19296,139,21225,85
2023-05-31,port218,Cartagena,11,7,89586,20845,82428,7157,0,0,0,0,20845,0,0,0
2023-06-01,port218,Cartagena,11,4,26729,78679,0,2941,884,22903,0,12941,14302,1458,49104,872
2023-06-02,port218,Cartagena,10,8,112465,7991,0,30907,0,81558,0,0,7991,0,0,0
2023-06-03,port218,Cartagena,4,3,20743,6046,0,12498,0,8244,0,0,6046,0,0,0
2023-06-04,port218,Cartagena,10,7,20255,46675,9307,10063,884,0,0,0,10697,1458,34519,0
2023-06-05,port218,Cartagena,13,6,21343,84667,0,12096,0,9246,0,54556,4163,1734,24212,0
2023-06-06,port218,Cartagena,7,5,0,101566,0,0,0,0,0,0,20265,0,81301,0
2023-06-07,port218,Cartagena,8,6,10770,8709,0,10545,224,0,0,0,6779,1929,0,0
2023-06-08,port218,Cartagena,9,5,11844,13448,0,2654,0,7316,1874,0,11051,2396,0,0
2023-06-09,port218,Cartagena,16,10,36880,66128,0,32074,0,4806,0,1638,12772,0,51717,0
2023-06-10,port218,Cartagena,8,6,18432,108204,0,15861,0,0,2571,65874,42329,0,0,0
2023-06-11,port218,Cartagena,13,9,26311,29129,0,19712,884,5714,0,0,15824,1458,11846,0
2023-06-12,port218,Cartagena,9,5,9342,49859,0,6932,2230,179,0,0,10899,2193,36765,0
2023-06-13,port218,Cartagena,4,4,3355,10078,0,3355,0,0,0,0,10078,0,0,0
2023-06-14,port218,Cartagena,12,4,40521,1543,1470,15804,17481,5764,0,0,1543,0,0,0
2023-06-15,port218,Cartagena,9,6,1531,91629,0,646,884,0,0,0,15153,1458,75016,0
2023-06-16,port218,Cartagena,16,8,43025,124931,0,17145,1835,24044,0,0,19906,1690,103333,0
2023-06-17,port218,Cartagena,3,2,2941,20834,0,2941,0,0,0,17288,3545,0,0,0
2023-06-18,port218,Cartagena,18,10,35242,41450,0,26968,7814,0,459,11650,24514,1929,3355,0
2023-06-19,port218,Cartagena,10,6,33336,7172,17257,11860,884,3333,0,0,5714,1458,0,0
2023-06-20,port218,Cartagena,10,5,38238,98096,2271,24712,0,11253,0,0,0,4525,93570,0
2023-06-21,port218,Cartagena,10,6,27671,20402,0,9834,0,17837,0,0,17202,3200,0,0
2023-06-22,port218,Cartagena,8,7,18971,6822,0,18087,884,0,0,0,5364,1458,0,0
2023-06-23,port218,Cartagena,13,9,46923,78625,0,46097,0,0,825,2143,29932,0,46463,85
2023-06-24,port218,Cartagena,10,4,124757,53498,0,1919,2798,120039,0,0,17746,1458,34293,0
2023-06-25,port218,Cartagena,10,6,47092,107953,0,33084,0,10257,3749,0,7655,0,100298,0
2023-06-26,port218,Cartagena,12,8,54047,85967,0,13740,0,40307,0,51424,22696,0,11846,0
2023-06-27,port218,Cartagena,4,4,2592,9100,0,2592,0,0,0,0,9100,0,0,0
2023-06-28,port218,Cartagena,7,5,12189,5984,0,11304,884,0,0,0,4525,1458,0,0
2023-06-29,port218,Cartagena,16,8,29119,100978,0,9525,4301,14275,1017,556,16930,6171,77320,0
2023-06-30,port218,Cartagena,12,9,56225,12061,0,55400,0,0,825,0,6929,1690,3355,85
2023-07-01,port218,Cartagena,9,6,26145,70019,0,25980,164,0,0,48803,14757,0,6458,0
2023-07-02,port218,Cartagena,6,6,6147,5956,0,6147,0,0,0,0,5956,0,0,0
2023-07-03,port218,Cartagena,11,7,60312,98562,0,57075,884,2352,0,17288,5303,1458,74512,0
2023-07-04,port218,Cartagena,5,4,2941,18280,0,2941,0,0,0,2814,15466,0,0,0
2023-07-05,port218,Cartagena,9,6,13737,61872,0,10728,0,3009,0,0,12112,0,49759,0
2023-07-06,port218,Cartagena,14,8,67023,124406,55118,7152,884,0,3867,10426,13012,1458,99509,0
2023-07-07,port218,Cartagena,8,6,29513,12245,0,24767,0,4745,0,0,12245,0,0,0
2023-07-08,port218,Cartagena,12,8,29041,25871,0,17362,884,9769,1025,0,24134,1737,0,0
2023-07-09,port218,Cartagena,9,8,25584,8009,0,11813,0,13771,0,0,8009,0,0,0
2023-07-10,port218,Cartagena,17,7,100913,135269,53998,9694,1769,35450,0,60415,29837,2916,42099,0
2023-07-11,port218,Cartagena,8,3,5323,19930,0,2941,470,0,1912,2297,17632,0,0,0
2023-07-12,port218,Cartagena,12,4,17404,23688,0,8484,3538,3009,2372,0,2887,8954,11846,0
2023-07-13,port218,Cartagena,13,8,15220,34141,2022,5882,0,7316,0,10992,19731,3417,0,0
2023-07-14,port218,Cartagena,11,8,33547,55417,0,29628,884,0,3034,0,16571,1458,37387,0
2023-07-15,port218,Cartagena,6,3,27858,2812,0,25163,0,2694,0,0,2282,530,0,0
2023-07-16,port218,Cartagena,8,7,26848,52736,0,26848,0,0,0,0,5669,0,47067,0
2023-07-17,port218,Cartagena,8,6,60354,13104,29923,24273,0,6157,0,0,13104,0,0,0
2023-07-18,port218,Cartagena,7,5,53693,17466,44749,8943,0,0,0,0,16702,0,764,0
2023-07-19,port218,Cartagena,10,5,6336,208725,0,3327,0,3009,0,52747,22379,0,133599,0
2023-07-20,port218,Cartagena,10,5,14550,37778,3140,8053,3355,0,0,16299,16094,2028,3355,0
2023-07-21,port218,Cartagena,10,6,104405,18617,0,23515,884,77619,2385,0,17158,1458,0,0
2023-07-22,port218,Cartagena,10,6,13644,73384,0,11792,1852,0,0,0,26891,1458,45034,0
2023-07-23,port218,Cartagena,11,8,17258,41099,0,12277,0,4980,0,0,19873,0,21225,0
2023-07-24,port218,Cartagena,13,8,72098,27782,0,17799,884,53414,0,0,26323,1458,0,0
2023-07-25,port218,Cartagena,5,3,0,47757,0,0,0,0,0,33466,14290,0,0,0
2023-07-26,port218,Cartagena,8,6,8868,17495,0,6960,884,0,1023,0,16037,1458,0,0
2023-07-27,port218,Cartagena,14,7,27561,94167,0,14351,0,11367,1842,2143,15868,0,76154,0
2023-07-28,port218,Cartagena,8,8,8711,19796,0,8711,0,0,0,0,19796,0,0,0
2023-07-29,port218,Cartagena,10,6,36561,26154,0,25551,0,11009,0,1786,9695,0,14672,0
2023-07-30,port218,Cartagena,10,8,14669,32217,0,11537,0,3132,0,0,16073,0,16144,0
2023-07-31,port218,Cartagena,10,5,23915,7737,0,18227,1769,3919,0,0,4820,2916,0,0
2023-08-01,port218,Cartagena,4,3,12355,12702,0,12355,0,0,0,0,11012,1690,0,0
2023-08-02,port218,Cartagena,7,5,21841,8312,0,13316,280,8244,0,0,8312,0,0,0
2023-08-03,port218,Cartagena,10,9,8702,29462,0,8702,0,0,0,14275,15187,0,0,0
2023-08-04,port218,Cartagena,13,7,48027,67718,0,33317,0,14275,435,28606,8292,0,30819,0
2023-08-05,port218,Cartagena,10,6,20919,43310,0,20919,0,0,0,0,38287,4561,0,461
2023-08-06,port218,Cartagena,8,7,6218,12194,0,6218,0,0,0,0,10460,1734,0,0
2023-08-07,port218,Cartagena,16,9,58660,62920,29560,10616,4435,13591,457,39156,23763,0,0,0
2023-08-08,port218,Cartagena,8,4,1326,63603,0,442,884,0,0,0,8728,1458,53416,0
2023-08-09,port218,Cartagena,11,6,67843,26490,22417,45425,0,0,0,20852,2282,0,3355,0
2023-08-10,port218,Cartagena,12,9,29846,51696,4530,10247,793,14275,0,0,20876,0,30819,0
2023-08-11,port218,Cartagena,11,7,21264,58053,0,20379,884,0,0,2143,18380,1458,36070,0
2023-08-12,port218,Cartagena,6,5,23520,27624,0,15280,0,8239,0,0,27624,0,0,0
2023-08-13,port218,Cartagena,12,6,43914,38588,25203,6641,0,10532,1536,34517,4070,0,0,0
2023-08-14,port218,Cartagena,11,4,22886,94511,0,9858,0,10325,2702,0,5777,0,88734,0
2023-08-15,port218,Cartagena,9,6,18877,27039,12157,3937,890,1890,0,0,27039,0,0,0
2023-08-16,port218,Cartagena,8,5,39044,85153,0,36469,0,0,2574,0,6785,0,78367,0
2023-08-17,port218,Cartagena,13,7,55154,65091,45446,8823,884,0,0,37232,23268,1458,3131,0
2023-08-18,port218,Cartagena,5,4,885,5662,0,258,0,627,0,0,5662,0,0,0
2023-08-19,port218,Cartagena,8,3,42387,28737,0,18477,884,21015,2010,0,23923,1458,3355,0
2023-08-20,port218,Cartagena,9,9,15905,13145,0,15905,0,0,0,0,13145,0,0,0
2023-08-21,port218,Cartagena,9,5,78839,19771,0,7254,884,70700,0,0,12259,7511,0,0
2023-08-22,port218,Cartagena,8,5,12359,17065,0,4689,0,7670,0,0,15374,1690,0,0
2023-08-23,port218,Cartagena,7,6,10058,13738,5840,4217,0,0,0,0,13738,0,0,0
2023-08-24,port218,Cartagena,15,12,23823,115161,0,22804,0,0,1019,0,28333,11171,75656,0
2023-08-25,port218,Cartagena,12,7,61972,80862,0,58822,884,2265,0,0,4296,1458,75107,0
2023-08-26,port218,Cartagena,11,4,31902,125699,0,28886,6,3009,0,65038,5903,3831,50927,0
2023-08-27,port218,Cartagena,7,6,32782,10571,0,32782,0,0,0,2143,8427,0,0,0
2023-08-28,port218,Cartagena,11,7,51162,65594,28948,7113,0,14275,825,11979,22709,0,30819,85
2023-08-29,port218,Cartagena,12,6,22103,82230,0,0,0,21591,511,13516,34538,0,34175,0
2023-08-30,port218,Cartagena,9,6,10772,74630,0,6878,884,3009,0,0,18099,1458,55072,0
2023-08-31,port218,Cartagena,12,7,48270,20549,3467,29364,884,14554,0,0,11686,8863,0,0
2023-09-01,port218,Cartagena,8,5,52401,40798,0,51516,884,0,0,17618,21721,1458,0,0
2023-09-02,port218,Cartagena,8,4,27975,50600,5340,16493,0,6140,0,0,9367,1690,39542,0
2023-09-03,port218,Cartagena,8,7,7976,32523,0,4576,0,0,3399,0,32523,0,0,0
2023-09-04,port218,Cartagena,8,7,20831,20196,0,12586,0,8244,0,0,20196,0,0,0
2023-09-05,port218,Cartagena,12,7,31108,39244,17340,5144,0,8623,0,0,15090,2928,21225,0
2023-09-06,port218,Cartagena,10,5,10272,50155,0,8737,224,0,1309,0,6322,3664,40083,85
2023-09-07,port218,Cartagena,11,9,26541,28248,0,11856,3101,11582,0,0,28248,0,0,0
2023-09-08,port218,Cartagena,10,6,17817,36969,0,14808,0,3009,0,2668,22455,0,11846,0
2023-09-09,port218,Cartagena,6,4,17088,49909,0,17088,0,0,0,0,6869,0,43039,0
2023-09-10,port218,Cartagena,17,9,40721,53257,0,23565,970,15361,825,2297,10790,0,40083,85
2023-09-11,port218,Cartagena,10,9,11222,15895,0,10338,884,0,0,0,14436,1458,0,0
2023-09-12,port218,Cartagena,6,3,7529,69895,0,2941,0,4588,0,53700,16194,0,0,0
2023-09-13,port218,Cartagena,10,6,90480,5181,9266,43373,655,37185,0,0,4794,387,0,0
2023-09-14,port218,Cartagena,7,6,20491,51014,0,20491,0,0,0,0,14586,0,36427,0
2023-09-15,port218,Cartagena,10,6,60145,42736,0,327,0,59818,0,0,11916,0,30819,0
2023-09-16,port218,Cartagena,11,7,18008,42893,0,9126,0,8881,0,18279,24614,0,0,0
2023-09-17,port218,Cartagena,13,7,21661,14885,0,18452,2124,1084,0,10662,2763,1458,0,0
2023-09-18,port218,Cartagena,13,7,26635,13117,0,15447,6,10156,1025,0,9286,3831,0,0
2023-09-19,port218,Cartagena,8,4,23413,116035,0,22528,884,0,0,61701,9435,1458,43439,0
2023-09-20,port218,Cartagena,11,7,85551,156022,0,11244,0,74306,0,58650,14772,0,82599,0
2023-09-21,port218,Cartagena,11,8,4905,34199,0,2941,884,1080,0,0,31005,3193,0,0
2023-09-22,port218,Cartagena,7,4,6747,22962,0,5206,0,0,1540,1786,13555,0,7620,0
2023-09-23,port218,Cartagena,8,5,31871,11982,0,18685,0,13186,0,0,7448,4534,0,0
2023-09-24,port218,Cartagena,9,6,14943,5596,0,13488,629,0,825,0,5511,0,0,85
2023-09-25,port218,Cartagena,10,7,25564,13408,0,21401,884,2255,1023,0,11950,1458,0,0
2023-09-26,port218,Cartagena,8,6,6755,21575,0,6693,61,0,0,0,18828,2746,0,0
2023-09-27,port218,Cartagena,12,5,60521,19303,30666,28970,884,0,0,2143,15189,1458,0,511
2023-09-28,port218,Cartagena,11,8,21181,18770,0,21181,0,0,0,0,18770,0,0,0
2023-09-29,port218,Cartagena,9,6,44099,12630,20244,23855,0,0,0,0,9274,0,3355,0
2023-09-30,port218,Cartagena,11,5,33915,76275,0,9328,884,22877,825,18279,25632,1458,30819,85
2023-10-01,port218,Cartagena,11,6,47621,28447,0,10173,884,36563,0,0,6068,16190,5677,511
2023-10-02,port218,Cartagena,10,7,27449,23343,0,17150,0,9473,825,0,20550,2707,0,85
2023-10-03,port218,Cartagena,11,8,11965,69894,0,8072,884,3009,0,0,11049,1458,57386,0
2023-10-04,port218,Cartagena,11,6,33568,14182,8729,20728,884,3225,0,0,6698,7484,0,0
2023-10-05,port218,Cartagena,10,7,53036,17571,0,40541,0,12495,0,0,17300,271,0,0
2023-10-06,port218,Cartagena,10,7,91049,14534,55320,13097,0,22631,0,0,14534,0,0,0
2023-10-07,port218,Cartagena,8,5,24725,56858,0,24725,0,0,0,0,19562,1734,35561,0
2023-10-08,port218,Cartagena,10,6,10930,99701,0,10046,884,0,0,0,15857,1458,82385,0
2023-10-09,port218,Cartagena,15,7,97494,85730,57478,29758,0,10257,0,14273,13406,0,58050,0
2023-10-10,port218,Cartagena,12,7,7758,18327,0,4767,6,2158,825,0,12633,5608,0,85
2023-10-11,port218,Cartagena,10,5,47750,23098,0,41078,2641,3009,1021,0,6846,4405,11846,0
2023-10-12,port218,Cartagena,8,6,18644,31516,11208,6551,884,0,0,10426,19632,1458,0,0
2023-10-13,port218,Cartagena,11,8,66204,36321,0,52399,0,13804,0,0,31514,0,4807,0
2023-10-14,port218,Cartagena,9,5,118940,52542,0,29708,0,89231,0,2143,16119,3459,30819,0
2023-10-15,port218,Cartagena,9,7,5882,23118,0,5882,0,0,0,330,22787,0,0,0
2023-10-16,port218,Cartagena,11,7,30004,17768,0,22859,0,7145,0,0,10851,6459,0,457
2023-10-17,port218,Cartagena,10,5,14843,24751,0,0,0,12959,1883,0,17211,0,7539,0
2023-10-18,port218,Cartagena,11,8,38040,55001,0,38040,0,0,0,559,17501,0,36427,513
2023-10-19,port218,Cartagena,10,5,10770,138384,0,2941,0,7316,512,0,23771,0,114612,0
2023-10-20,port218,Cartagena,11,8,18905,55684,0,18021,884,0,0,0,15459,1458,38767,0
2023-10-21,port218,Cartagena,9,7,68064,27849,29350,37888,0,0,825,0,27763,0,0,85
2023-10-22,port218,Cartagena,10,6,17497,13256,0,3748,0,13748,0,0,4247,0,9009,0
2023-10-23,port218,Cartagena,10,6,14780,43634,0,4143,4301,6335,0,0,20949,1458,21225,0
2023-10-24,port218,Cartagena,10,5,23375,115391,0,20595,224,0,2555,37804,16549,1929,59108,0
2023-10-25,port218,Cartagena,5,2,12868,5198,0,3429,1769,7670,0,0,2282,2916,0,0
2023-10-26,port218,Cartagena,13,10,65076,12551,0,25546,884,38645,0,0,11093,1458,0,0
2023-10-27,port218,Cartagena,11,7,31362,80840,0,20283,884,10194,0,64112,15269,1458,0,0
2023-10-28,port218,Cartagena,9,7,24401,6970,0,24401,0,0,0,0,3614,0,3355,0
2023-10-29,port218,Cartagena,7,5,7957,23094,0,4064,884,3009,0,0,9790,1458,11846,0
2023-10-30,port218,Cartagena,12,8,34303,53818,11162,22256,884,0,0,0,15932,1458,36427,0
2023-10-31,port218,Cartagena,8,6,36158,28389,11208,16704,0,8244,0,10426,17963,0,0,0
2023-11-01,port218,Cartagena,7,4,14162,11410,0,8098,884,5178,0,0,9952,1458,0,0
2023-11-02,port218,Cartagena,12,8,54737,27784,0,54737,0,0,0,18279,9504,0,0,0
2023-11-03,port218,Cartagena,9,7,32488,8698,0,31998,6,0,483,0,4867,3831,0,0
2023-11-04,port218,Cartagena,8,6,16995,48169,0,16110,884,0,0,0,13599,1458,33112,0
2023-11-05,port218,Cartagena,13,7,29024,67895,2384,23646,0,2993,0,0,21174,1690,45029,0
2023-11-06,port218,Cartagena,9,5,15663,11585,0,14265,884,0,512,2297,7828,1458,0,0
2023-11-07,port218,Cartagena,8,6,5607,18272,0,5607,0,0,0,6954,9583,1734,0,0
2023-11-08,port218,Cartagena,10,6,13978,11691,0,7516,0,6461,0,0,11530,161,0,0
2023-11-09,port218,Cartagena,12,6,129959,32918,0,18426,884,110648,0,0,6878,1458,24581,0
2023-11-10,port218,Cartagena,10,6,44227,58509,0,43667,560,0,0,0,17897,0,40612,0
2023-11-11,port218,Cartagena,8,5,17449,11493,0,9192,0,5392,2864,0,9682,1810,0,0
2023-11-12,port218,Cartagena,12,7,85209,10294,0,4683,8701,71823,0,0,8365,1929,0,0
2023-11-13,port218,Cartagena,13,9,27776,20040,0,24806,884,2085,0,0,18581,1458,0,0
2023-11-14,port218,Cartagena,7,5,20227,16601,0,20227,0,0,0,0,15554,1047,0,0
2023-11-15,port218,Cartagena,10,6,93665,90653,20791,36547,884,35442,0,0,19405,1458,69789,0
2023-11-16,port218,Cartagena,10,6,35125,70353,0,11953,0,23171,0,0,5899,0,64453,0
2023-11-17,port218,Cartagena,13,6,8527,112097,0,7533,0,993,0,55728,12888,1665,41815,0
2023-11-18,port218,Cartagena,10,6,23199,25284,0,22314,884,0,0,0,18139,3788,3355,0
2023-11-19,port218,Cartagena,9,8,4335,20497,0,4335,0,0,0,0,20165,0,332,0
2023-11-20,port218,Cartagena,9,5,38005,85019,10894,26286,0,0,825,0,13543,0,71390,85
2023-11-21,port218,Cartagena,5,4,12953,5273,0,12953,0,0,0,0,5273,0,0,0
2023-11-22,port218,Cartagena,7,6,23687,3821,0,22144,0,0,1543,0,3821,0,0,0
2023-11-23,port218,Cartagena,13,6,69774,67752,42187,26702,884,0,0,17985,8624,2962,38181,0
2023-11-24,port218,Cartagena,10,7,33255,42394,0,27237,0,6018,0,0,16967,1734,23692,0
2023-11-25,port218,Cartagena,11,7,59487,29050,47343,6964,0,5178,0,0,23621,5429,0,0
2023-11-26,port218,Cartagena,12,8,81585,15408,0,58478,0,23107,0,0,13781,0,1626,0
2023-11-27,port218,Cartagena,12,7,8704,78668,0,5882,884,0,1937,0,35155,3124,40387,0
2023-11-28,port218,Cartagena,8,6,3934,20256,0,3504,0,430,0,0,20256,0,0,0
2023-11-29,port218,Cartagena,9,5,32011,68215,0,31119,891,0,0,11979,9816,5289,41130,0
2023-11-30,port218,Cartagena,8,6,34295,499,0,34295,0,0,0,499,0,0,0,0
2023-12-01,port218,Cartagena,12,7,20879,21295,13969,4679,884,1345,0,0,16481,1458,3355,0
2023-12-02,port218,Cartagena,12,8,28575,21523,0,23908,884,3782,0,0,19926,1597,0,0
2023-12-03,port218,Cartagena,7,6,3690,17363,0,3690,0,0,0,0,13538,3825,0,0
2023-12-04,port218,Cartagena,9,6,3452,110839,0,2941,0,0,510,56202,13506,0,41130,0
2023-12-05,port218,Cartagena,11,7,18409,27878,0,8066,6,9313,1023,0,24046,3831,0,0
2023-12-06,port218,Cartagena,10,8,22268,36698,0,22268,0,0,0,18940,17757,0,0,0
2023-12-07,port218,Cartagena,12,7,23336,80148,0,18585,884,0,3866,0,10005,1458,68599,85
2023-12-08,port218,Cartagena,15,7,19056,135760,2591,6711,831,8921,0,27542,32368,1690,74158,0
2023-12-09,port218,Cartagena,8,5,56579,63137,0,52790,6,3782,0,0,17744,3831,41561,0
2023-12-10,port218,Cartagena,13,7,131201,46177,0,25302,884,103480,1533,0,13899,1458,30819,0
2023-12-11,port218,Cartagena,11,8,17708,27718,0,7350,884,9473,0,0,24904,2813,0,0
2023-12-12,port218,Cartagena,12,5,81806,35505,11208,22519,0,48077,0,12724,22781,0,0,0
2023-12-13,port218,Cartagena,5,5,11816,12312,0,11816,0,0,0,0,12312,0,0,0
2023-12-14,port218,Cartagena,10,9,14223,16443,0,14223,0,0,0,0,16241,201,0,0
2023-12-15,port218,Cartagena,12,7,44279,125847,0,30003,0,14275,0,1174,5551,0,119121,0
2023-12-16,port218,Cartagena,6,5,34984,14121,0,18847,0,16136,0,0,14121,0,0,0
2023-12-17,port218,Cartagena,11,7,25406,112078,0,22397,0,3009,0,12483,6063,0,93531,0
2023-12-18,port218,Cartagena,14,9,29574,25279,0,23522,884,5167,0,0,7564,5868,11846,0
2023-12-19,port218,Cartagena,13,6,25419,83542,3799,18228,3391,0,0,26298,4993,2302,49947,0
2023-12-20,port218,Cartagena,7,4,5882,120207,0,5882,0,0,0,0,5704,0,114503,0
2023-12-21,port218,Cartagena,12,7,42055,85804,11208,29962,884,0,0,22076,20708,1458,41561,0
2023-12-22,port218,Cartagena,8,5,10869,13900,2420,7965,0,0,483,0,13900,0,0,0
2023-12-23,port218,Cartagena,8,5,28066,31934,0,20749,0,7316,0,1490,20109,0,10335,0
2023-12-24,port218,Cartagena,16,9,38920,111897,0,11330,16340,11248,0,19609,31467,1458,59362,0
2023-12-25,port218,Cartagena,9,7,33539,102896,0,33539,0,0,0,0,11430,0,91465,0
2023-12-26,port218,Cartagena,8,5,26368,26656,0,13086,0,13281,0,0,14810,0,11846,0
2023-12-27,port218,Cartagena,9,7,20691,18546,0,19806,884,0,0,0,16946,1599,0,0
2023-12-28,port218,Cartagena,11,8,19721,15267,0,14219,224,5277,0,0,6500,1929,6837,0
2023-12-29,port218,Cartagena,17,9,46430,61456,0,40767,2653,3009,0,0,19027,5640,36788,0
2023-12-30,port218,Cartagena,6,5,22208,4564,0,22208,0,0,0,0,4564,0,0,0
2023-12-31,port218,Cartagena,12,7,54407,43246,8844,29519,1769,14275,0,0,9510,2916,30819,0
2024-01-01,port218,Cartagena,8,2,75448,35710,0,5882,1380,68184,0,31146,4564,0,0,0
2024-01-02,port218,Cartagena,10,6,19819,40756,11208,5501,0,3109,0,12724,19771,5925,2335,0
2024-01-03,port218,Cartagena,8,6,20149,22588,0,15376,0,4772,0,0,22588,0,0,0
2024-01-04,port218,Cartagena,12,8,16628,35623,0,11243,0,2974,2410,0,16562,0,19061,0
2024-01-05,port218,Cartagena,10,5,109777,14836,72132,26933,3828,6882,0,0,13378,1458,0,0
2024-01-06,port218,Cartagena,8,7,7250,26787,0,7250,0,0,0,0,24864,1923,0,0
2024-01-07,port218,Cartagena,7,7,10012,8414,0,10012,0,0,0,0,8414,0,0,0
2024-01-08,port218,Cartagena,9,7,26855,34642,0,26029,0,0,825,1638,32918,0,0,85
2024-01-09,port218,Cartagena,8,4,14209,26553,0,5597,224,8387,0,11543,13081,1929,0,0
2024-01-10,port218,Cartagena,10,6,61510,30120,0,52917,884,7708,0,0,12957,1458,15705,0
2024-01-11,port218,Cartagena,13,6,26128,98496,0,16730,884,7688,825,18279,3796,1458,74876,85
2024-01-12,port218,Cartagena,16,9,58320,26894,0,37856,4426,13075,2961,611,22867,3387,0,27
2024-01-13,port218,Cartagena,11,9,27715,18113,0,27715,0,0,0,4838,9918,0,3355,0
2024-01-14,port218,Cartagena,10,6,62907,17777,29524,25519,0,7864,0,11650,4776,1350,0,0
2024-01-15,port218,Cartagena,12,6,25826,23547,11208,7535,884,5277,920,10426,11549,1458,114,0
2024-01-16,port218,Cartagena,10,5,31930,55891,11208,10128,1415,9177,0,10426,44006,1458,0,0
2024-01-17,port218,Cartagena,13,5,55057,88180,0,38589,7205,9262,0,1490,25125,5289,56274,0
2024-01-18,port218,Cartagena,11,8,17679,15827,1642,15152,884,0,0,0,14369,1458,0,0
2024-01-19,port218,Cartagena,12,7,23020,67039,0,17071,0,5124,825,0,22332,0,44621,85
2024-01-20,port218,Cartagena,8,6,9866,11009,0,7708,0,2158,0,2297,8711,0,0,0
2024-01-21,port218,Cartagena,7,6,25684,51542,0,25684,0,0,0,0,19269,0,32273,0
2024-01-22,port218,Cartagena,9,5,10117,85273,0,6223,884,3009,0,0,11616,1458,72198,0
2024-01-23,port218,Cartagena,9,7,27627,56243,0,26743,884,0,0,0,12248,1458,42536,0
2024-01-24,port218,Cartagena,8,4,15141,86750,0,6515,0,8626,0,82562,4188,0,0,0
2024-01-25,port218,Cartagena,14,8,34282,76004,0,22049,0,9682,2550,0,13011,2034,60958,0
2024-01-26,port218,Cartagena,10,7,16911,84454,0,9595,0,7316,0,60843,21151,2459,0,0
2024-01-27,port218,Cartagena,11,8,38421,81838,0,38421,0,0,0,18279,21022,0,42536,0
2024-01-28,port218,Cartagena,10,7,8889,21392,0,2727,884,5277,0,0,18153,3124,114,0
2024-01-29,port218,Cartagena,9,6,79174,18380,31092,11386,0,36696,0,0,18380,0,0,0
2024-01-30,port218,Cartagena,11,7,22540,46781,0,12282,0,10257,0,0,11843,0,34937,0
2024-01-31,port218,Cartagena,8,6,23054,91052,0,10789,0,12265,0,0,5106,0,85945,0
2024-02-01,port218,Cartagena,9,7,18932,27552,0,18048,884,0,0,11561,14533,1458,0,0
2024-02-02,port218,Cartagena,14,10,87150,30687,0,12510,884,73756,0,0,25873,1458,3355,0
2024-02-03,port218,Cartagena,5,4,41175,13842,0,35732,5443,0,0,0,13842,0,0,0
2024-02-04,port218,Cartagena,10,7,6445,35961,0,3439,2578,428,0,0,34942,0,0,1018
2024-02-05,port218,Cartagena,12,7,23775,54842,0,20288,884,2168,434,0,14453,1458,38929,0
2024-02-06,port218,Cartagena,13,8,31509,45295,0,23623,0,7060,825,12307,21056,0,11846,85
2024-02-07,port218,Cartagena,8,5,18048,26480,0,10377,0,7670,0,0,17071,9408,0,0
2024-02-08,port218,Cartagena,10,7,21078,10227,0,21078,0,0,0,2297,7929,0,0,0
2024-02-09,port218,Cartagena,13,7,11374,43177,5296,3483,1769,0,825,0,18322,9064,15705,85
2024-02-10,port218,Cartagena,12,7,87640,67418,0,15439,224,71976,0,46954,18534,1929,0,0
2024-02-11,port218,Cartagena,10,4,84596,10908,46269,4046,0,34280,0,0,10908,0,0,0
2024-02-12,port218,Cartagena,11,7,32187,45684,0,30123,2063,0,0,0,6237,1259,38187,0
2024-02-13,port218,Cartagena,8,6,5882,34594,0,5882,0,0,0,0,31046,3548,0,0
2024-02-14,port218,Cartagena,14,9,21958,61977,0,21073,884,0,0,18279,13319,1458,28920,0
2024-02-15,port218,Cartagena,8,6,100451,7804,49649,50801,0,0,0,0,7804,0,0,0
2024-02-16,port218,Cartagena,11,8,44808,97615,0,25256,0,19552,0,60493,6188,0,30934,0
2024-02-17,port218,Cartagena,10,5,51754,6879,0,48143,389,2736,484,2668,2282,1929,0,0
2024-02-18,port218,Cartagena,14,7,36901,76825,0,20917,884,14275,825,0,14403,1458,60878,85
2024-02-19,port218,Cartagena,8,7,29620,16952,0,24343,0,5277,0,0,16837,0,114,0
2024-02-20,port218,Cartagena,9,6,19706,89139,13346,6354,6,0,0,0,13837,3831,71471,0
2024-02-21,port218,Cartagena,14,6,53090,57719,0,47950,814,4325,0,0,18952,6939,31828,0
2024-02-22,port218,Cartagena,7,7,10740,19826,0,10740,0,0,0,0,19826,0,0,0
2024-02-23,port218,Cartagena,14,9,24223,69454,11208,12130,884,0,0,10426,14866,1458,42702,0
2024-02-24,port218,Cartagena,9,8,23287,28155,0,23287,0,0,0,2297,25857,0,0,0
2024-02-25,port218,Cartagena,9,8,11476,3167,0,10592,884,0,0,0,1709,1458,0,0
2024-02-26,port218,Cartagena,12,8,33365,44996,11208,9562,0,12593,0,10426,34455,0,114,0
2024-02-27,port218,Cartagena,11,8,3722,93345,0,3716,6,0,0,0,49754,3831,39760,0
2024-02-28,port218,Cartagena,9,7,18518,14391,0,18518,0,0,0,0,12700,1690,0,0
2024-02-29,port218,Cartagena,12,7,60683,35036,11208,30812,0,17837,825,10426,20390,4134,0,85
2024-03-01,port218,Cartagena,13,6,65123,36562,26635,25621,5411,7453,0,11650,18639,2916,3355,0
2024-03-02,port218,Cartagena,10,4,36682,86831,0,14163,0,22519,0,0,4585,0,82246,0
2024-03-03,port218,Cartagena,8,5,25975,79129,0,25150,0,0,825,0,6103,0,72940,85
2024-03-04,port218,Cartagena,17,6,34595,52942,11208,6556,5998,7531,3299,31462,18843,2635,0,0
2024-03-05,port218,Cartagena,10,9,21198,19639,2322,18876,0,0,0,0,19639,0,0,0
2024-03-06,port218,Cartagena,9,5,53176,67103,0,7075,0,46100,0,0,21328,0,45774,0
2024-03-07,port218,Cartagena,9,7,162481,9182,143037,14166,0,5277,0,0,9068,0,114,0
2024-03-08,port218,Cartagena,9,6,29017,57243,0,14909,0,14107,0,0,15901,0,41342,0
2024-03-09,port218,Cartagena,14,7,38082,49077,2919,22556,420,12186,0,0,22390,14840,11846,0
2024-03-10,port218,Cartagena,10,8,39622,27462,0,38657,0,0,965,0,20165,0,7297,0
2024-03-11,port218,Cartagena,15,6,32609,123932,11208,5782,884,14275,459,10426,29367,3193,80946,0
2024-03-12,port218,Cartagena,9,6,24302,15458,0,23835,6,0,460,0,10768,4690,0,0
2024-03-13,port218,Cartagena,8,6,21951,13163,0,14635,0,7316,0,2297,10865,0,0,0
2024-03-14,port218,Cartagena,13,7,12455,68960,0,5581,0,6362,511,0,17768,1690,49500,0
2024-03-15,port218,Cartagena,10,9,19872,14066,0,17988,0,0,1883,0,14066,0,0,0
2024-03-16,port218,Cartagena,11,8,61800,32199,3170,53649,0,4980,0,0,10974,0,21225,0
2024-03-17,port218,Cartagena,9,5,4315,28124,0,2617,884,813,0,0,10960,1458,15705,0
2024-03-18,port218,Cartagena,9,7,20441,19513,0,18528,1913,0,0,0,19513,0,0,0
2024-03-19,port218,Cartagena,10,5,34662,14989,1422,24994,0,8244,0,0,14989,0,0,0
2024-03-20,port218,Cartagena,9,5,35091,81606,0,24117,0,8921,2052,3300,12381,0,65924,0
2024-03-21,port218,Cartagena,9,6,73442,22519,0,2788,884,69769,0,0,18819,1458,2241,0
2024-03-22,port218,Cartagena,14,12,70773,8368,47956,22816,0,0,0,0,8368,0,0,0
2024-03-23,port218,Cartagena,11,7,42287,68354,22727,17401,0,2158,0,0,27331,1690,39332,0
2024-03-24,port218,Cartagena,14,8,16859,42260,0,11923,884,4051,0,12307,10533,3714,15705,0
2024-03-25,port218,Cartagena,9,6,68568,56634,0,33648,0,34920,0,46793,9841,0,0,0
2024-03-26,port218,Cartagena,10,3,9673,34396,0,8131,6,0,1535,18279,4564,11553,0,0
2024-03-27,port218,Cartagena,9,7,5496,61025,0,5496,0,0,0,0,24423,0,36093,508
2024-03-28,port218,Cartagena,11,6,33422,21385,0,15595,235,17591,0,0,6584,1932,11846,1022
2024-03-29,port218,Cartagena,12,8,30879,10678,0,29994,884,0,0,0,8052,2625,0,0
2024-03-30,port218,Cartagena,6,5,14047,15637,0,14047,0,0,0,2297,13339,0,0,0
2024-03-31,port218,Cartagena,9,8,20478,19501,0,20478,0,0,0,0,3796,0,15705,0
2024-04-01,port218,Cartagena,13,7,47463,41743,682,27326,0,19453,0,0,9809,0,31934,0
2024-04-02,port218,Cartagena,7,6,17362,18586,0,16537,0,0,825,0,18501,0,0,85
2024-04-03,port218,Cartagena,9,6,12817,77659,0,12817,0,0,0,34941,5039,1690,35987,0
2024-04-04,port218,Cartagena,12,7,29083,21458,18953,7178,314,2553,83,0,21458,0,0,0
2024-04-05,port218,Cartagena,14,9,51182,20628,0,39347,884,10950,0,3379,15403,1845,0,0
2024-04-06,port218,Cartagena,9,6,43921,98447,0,25977,17119,0,825,0,17566,0,80795,85
2024-04-07,port218,Cartagena,10,6,10555,56111,0,6627,1769,2158,0,0,10706,2916,42487,0
2024-04-08,port218,Cartagena,10,6,43650,23886,0,34232,6,8586,825,15436,4533,3831,0,85
2024-04-09,port218,Cartagena,12,8,12440,50336,11208,1231,0,0,0,10426,35290,4619,0,0
2024-04-10,port218,Cartagena,11,6,14969,68521,0,6473,0,7670,825,3592,19835,0,45007,85
2024-04-11,port218,Cartagena,8,6,8823,23759,0,8823,0,0,0,0,21952,1807,0,0
2024-04-12,port218,Cartagena,14,8,34857,90316,0,32629,1769,0,458,0,8073,2916,79326,0
2024-04-13,port218,Cartagena,13,7,88109,20057,0,15706,0,72403,0,455,19601,0,0,0
2024-04-14,port218,Cartagena,5,4,1909,30033,0,1909,0,0,0,18940,11092,0,0,0
2024-04-15,port218,Cartagena,14,6,33423,92016,0,22814,7599,3009,0,0,5491,3124,83400,0
2024-04-16,port218,Cartagena,10,7,19858,61186,18271,1502,0,0,83,43803,17382,0,0,0
2024-04-17,port218,Cartagena,10,6,24767,11499,0,14712,0,9230,825,2451,8962,0,0,85
2024-04-18,port218,Cartagena,10,6,23982,4643,0,22213,1769,0,0,0,1726,2916,0,0
2024-04-19,port218,Cartagena,14,8,105884,32553,63428,41631,0,0,825,22076,10391,0,0,85
2024-04-20,port218,Cartagena,8,6,27983,4753,0,24552,0,1895,1535,0,4753,0,0,0
2024-04-21,port218,Cartagena,6,5,19524,9793,0,11994,0,7530,0,0,9793,0,0,0
2024-04-22,port218,Cartagena,13,6,60823,48031,1164,13739,0,45920,0,3379,4398,0,40253,0
2024-04-23,port218,Cartagena,11,8,22756,65351,0,5588,0,17167,0,0,23373,0,41977,0
2024-04-24,port218,Cartagena,11,7,16958,72199,0,13023,0,3109,825,0,30652,0,41460,85
2024-04-25,port218,Cartagena,7,5,9229,2858,0,5876,0,3352,0,0,2858,0,0,0
2024-04-26,port218,Cartagena,13,9,14080,67727,0,11406,224,2449,0,0,19420,1929,46378,0
2024-04-27,port218,Cartagena,11,9,49550,9744,0,48015,0,0,1535,0,9744,0,0,0
2024-04-28,port218,Cartagena,9,3,14280,61095,11170,0,0,3109,0,0,17242,0,43852,0
2024-04-29,port218,Cartagena,12,5,23623,37934,0,19794,884,591,2352,18279,16339,3315,0,0
2024-04-30,port218,Cartagena,13,7,53578,76957,11208,14562,0,27807,0,10426,5800,0,60731,0
2024-05-01,port218,Cartagena,10,6,15075,86953,7178,6931,0,0,965,37822,7801,0,41329,0
2024-05-02,port218,Cartagena,14,10,32928,23847,16329,15714,884,0,0,2297,20091,1458,0,0
2024-05-03,port218,Cartagena,8,5,8639,40971,0,3658,0,4980,0,0,15239,0,25731,0
2024-05-04,port218,Cartagena,7,5,11618,103107,0,6637,0,4980,0,0,12187,0,90920,0
2024-05-05,port218,Cartagena,9,7,16297,21756,0,15472,0,0,825,0,21671,0,0,85
2024-05-06,port218,Cartagena,11,6,39809,88307,0,15430,0,24379,0,7017,10844,0,70444,0
2024-05-07,port218,Cartagena,7,6,541,23871,0,541,0,0,0,0,23871,0,0,0
2024-05-08,port218,Cartagena,9,7,40646,5324,0,40646,0,0,0,0,5324,0,0,0
2024-05-09,port218,Cartagena,7,4,884,18215,0,0,884,0,0,12307,4449,1458,0,0
2024-05-10,port218,Cartagena,12,7,9977,116353,0,8790,673,0,513,55574,20140,0,40638,0
2024-05-11,port218,Cartagena,10,5,68633,86299,47678,18061,0,0,2893,0,7340,0,78959,0
2024-05-12,port218,Cartagena,10,5,30912,8867,4787,23675,0,2449,0,0,5358,3508,0,0
2024-05-13,port218,Cartagena,10,7,102337,30075,0,33134,0,69202,0,10705,19370,0,0,0
2024-05-14,port218,Cartagena,12,7,24762,89274,12178,7090,0,4980,512,0,24503,1690,63080,0
2024-05-15,port218,Cartagena,13,6,23299,111586,0,7205,0,15068,1025,18609,14545,0,78431,0
2024-05-16,port218,Cartagena,11,7,37783,109044,0,14330,0,23452,0,62419,15806,0,30819,0
2024-05-17,port218,Cartagena,9,5,10768,22949,0,5698,3044,0,2025,0,18134,1458,3355,0
2024-05-18,port218,Cartagena,12,8,79455,14383,0,56800,818,21835,0,2297,12085,0,0,0
2024-05-19,port218,Cartagena,8,6,23069,56296,0,23069,0,0,0,0,15487,1577,39232,0
2024-05-20,port218,Cartagena,9,5,25269,55315,0,13218,884,11165,0,0,5696,11004,38614,0
2024-05-21,port218,Cartagena,6,5,14605,116486,0,14605,0,0,0,87382,29103,0,0,0
2024-05-22,port218,Cartagena,13,7,17193,33011,1191,10300,921,4319,460,0,28253,4758,0,0
2024-05-23,port218,Cartagena,13,8,26789,13017,0,13554,0,13235,0,0,12903,0,114,0
2024-05-24,port218,Cartagena,13,7,26973,85301,0,21992,0,4980,0,7017,14883,0,63400,0
2024-05-25,port218,Cartagena,8,6,24762,50463,0,10487,0,14275,0,0,19643,0,30819,0
2024-05-26,port218,Cartagena,10,4,25048,157120,0,10773,0,14275,0,0,5636,1665,149818,0
2024-05-27,port218,Cartagena,7,4,30033,5522,0,11311,0,18721,0,0,5522,0,0,0
2024-05-28,port218,Cartagena,11,7,4726,57775,0,0,884,3841,0,18279,38037,1458,0,0
2024-05-29,port218,Cartagena,9,5,14827,103350,0,8593,6233,0,0,60624,4017,0,38708,0
2024-05-30,port218,Cartagena,9,8,30776,8474,0,30776,0,0,0,0,8474,0,0,0
2024-05-31,port218,Cartagena,13,8,28985,55326,0,12173,1769,12905,2137,0,15908,2916,36501,0
2024-06-01,port218,Cartagena,10,8,58315,14667,0,57295,0,0,1020,0,14667,0,0,0
2024-06-02,port218,Cartagena,15,9,82532,63561,11208,33065,0,38258,0,10426,9750,0,43384,0
2024-06-03,port218,Cartagena,10,8,64409,24877,0,59132,0,5277,0,2297,22465,0,114,0
2024-06-04,port218,Cartagena,10,6,14491,30466,0,3267,0,11223,0,12307,18159,0,0,0
2024-06-05,port218,Cartagena,5,4,3456,17345,0,3456,0,0,0,0,5565,0,11780,0
2024-06-06,port218,Cartagena,13,9,10080,23037,0,9195,884,0,0,0,18996,3149,892,0
2024-06-07,port218,Cartagena,9,6,16931,14881,3793,5882,0,7255,0,0,14881,0,0,0
2024-06-08,port218,Cartagena,8,5,39814,25967,0,22687,0,17127,0,0,25853,0,114,0
2024-06-09,port218,Cartagena,12,6,26404,111550,0,14460,1747,9177,1018,0,17562,1458,92529,0
2024-06-10,port218,Cartagena,9,6,38201,28858,11208,26107,884,0,0,10426,15252,1458,1721,0
2024-06-11,port218,Cartagena,13,7,20884,120719,0,12711,0,4980,3192,52476,7605,0,60552,85
2024-06-12,port218,Cartagena,9,7,5887,21892,0,5887,0,0,0,0,21892,0,0,0
2024-06-13,port218,Cartagena,14,10,35941,94361,0,20694,0,15246,0,0,12927,0,81433,0
2024-06-14,port218,Cartagena,12,6,35519,141231,0,34328,884,0,306,0,16329,10272,114629,0
2024-06-15,port218,Cartagena,6,5,22077,3919,0,22077,0,0,0,0,3919,0,0,0
2024-06-16,port218,Cartagena,11,7,27739,60334,0,11014,0,16724,0,0,26158,0,34175,0
2024-06-17,port218,Cartagena,7,4,7601,12628,0,5891,884,0,825,0,11084,1458,0,85
2024-06-18,port218,Cartagena,10,7,541,27550,0,541,0,0,0,0,24638,325,2586,0
2024-06-19,port218,Cartagena,7,7,16532,6665,0,16532,0,0,0,0,6665,0,0,0
2024-06-20,port218,Cartagena,15,8,37319,117317,0,25712,4041,7565,0,108969,8347,0,0,0
2024-06-21,port218,Cartagena,10,8,12944,58798,0,9443,3500,0,0,0,23749,0,35049,0
2024-06-22,port218,Cartagena,11,5,71405,23059,0,24212,0,46021,1172,0,9433,1665,11960,0
2024-06-23,port218,Cartagena,11,7,25452,158644,0,25452,0,0,0,64343,14719,8739,70841,0
2024-06-24,port218,Cartagena,9,6,32618,12371,13815,10454,0,8349,0,0,12371,0,0,0
2024-06-25,port218,Cartagena,9,7,26094,28374,0,26094,0,0,0,18609,9764,0,0,0
2024-06-26,port218,Cartagena,11,4,25352,37931,0,0,884,24467,0,0,30540,5366,2024,0
2024-06-27,port218,Cartagena,16,10,21768,39747,0,7896,2467,11403,0,0,20683,0,19063,0
2024-06-28,port218,Cartagena,9,5,14982,57871,0,4858,0,10124,0,0,9006,0,48865,0
2024-06-29,port218,Cartagena,11,5,48578,80905,0,34303,0,14275,0,0,8382,4534,67988,0
2024-06-30,port218,Cartagena,11,7,106568,34165,11935,26454,0,68178,0,12635,4530,0,16999,0
2024-07-01,port218,Cartagena,5,3,7560,6016,0,1900,0,5659,0,0,6016,0,0,0
2024-07-02,port218,Cartagena,8,7,26544,27435,0,25718,0,0,825,0,27349,0,0,85
2024-07-03,port218,Cartagena,10,5,16858,5162,0,13882,323,2651,0,0,5162,0,0,0
2024-07-04,port218,Cartagena,11,8,24935,22100,0,22071,0,0,2864,3179,18920,0,0,0
2024-07-05,port218,Cartagena,13,9,27250,19701,0,16603,1769,8877,0,1190,15594,2916,0,0
2024-07-06,port218,Cartagena,9,7,34172,66173,0,34172,0,0,0,7559,15598,0,43015,0
2024-07-07,port218,Cartagena,5,5,16636,13823,0,16636,0,0,0,0,13823,0,0,0
2024-07-08,port218,Cartagena,10,5,31966,85431,14230,17736,0,0,0,0,6545,0,78886,0
2024-07-09,port218,Cartagena,14,8,25250,96180,0,13682,884,10683,0,0,31696,1458,63026,0
2024-07-10,port218,Cartagena,10,7,6860,39693,0,5882,978,0,0,13319,26374,0,0,0
2024-07-11,port218,Cartagena,13,9,54849,76374,0,11580,0,43269,0,0,24536,1665,50172,0
2024-07-12,port218,Cartagena,11,8,80485,17765,50812,28853,820,0,0,0,17765,0,0,0
2024-07-13,port218,Cartagena,11,5,34070,20257,0,19510,884,12653,1022,18279,519,1458,0,0
2024-07-14,port218,Cartagena,11,8,73576,74868,0,54963,0,18612,0,0,4564,0,70303,0
2024-07-15,port218,Cartagena,10,7,26518,53065,0,24186,2332,0,0,0,16873,18,36173,0
2024-07-16,port218,Cartagena,7,5,14108,25525,0,13079,0,0,1029,0,7380,0,18144,0
2024-07-17,port218,Cartagena,9,7,20186,90647,0,17177,0,3009,0,54207,24594,0,11846,0
2024-07-18,port218,Cartagena,11,10,45610,12854,0,45610,0,0,0,0,12854,0,0,0
2024-07-19,port218,Cartagena,9,7,56656,10170,14352,39950,0,0,2352,0,10170,0,0,0
2024-07-20,port218,Cartagena,11,7,20803,65890,0,19919,884,0,0,38058,23017,1458,3355,0
2024-07-21,port218,Cartagena,10,5,24414,22761,3733,14754,0,5926,0,0,12869,9891,0,0
2024-07-22,port218,Cartagena,11,6,11146,44468,0,5882,0,5264,0,2297,26706,0,15464,0
2024-07-23,port218,Cartagena,5,4,30754,1348,0,28729,0,2024,0,0,1348,0,0,0
2024-07-24,port218,Cartagena,11,8,29789,27488,0,10832,0,15183,3772,0,23300,4188,0,0
2024-07-25,port218,Cartagena,9,5,34277,59254,0,22285,0,11992,0,0,18348,0,40906,0
2024-07-26,port218,Cartagena,12,8,18062,18995,630,6955,1648,5277,3551,0,18881,0,114,0
2024-07-27,port218,Cartagena,13,5,62844,60588,13582,45892,884,2484,0,3534,2536,3124,51392,0
2024-07-28,port218,Cartagena,11,7,14703,74809,0,11300,0,3403,0,59301,15508,0,0,0
2024-07-29,port218,Cartagena,6,6,5480,7986,0,5480,0,0,0,0,7986,0,0,0
2024-07-30,port218,Cartagena,10,8,34483,43183,0,33669,0,813,0,0,7010,0,36173,0
2024-07-31,port218,Cartagena,7,5,25573,9786,0,25573,0,0,0,0,4695,1734,3355,0
2024-08-01,port218,Cartagena,12,7,102795,10364,6272,11254,420,84848,0,0,10364,0,0,0
2024-08-02,port218,Cartagena,9,5,12998,107480,0,2941,884,9172,0,0,32749,1458,71740,1532
2024-08-03,port218,Cartagena,11,8,25122,22020,0,24296,0,0,825,0,21934,0,0,85
2024-08-04,port218,Cartagena,8,6,14614,13364,0,6655,0,7958,0,0,11673,1690,0,0
2024-08-05,port218,Cartagena,8,5,15818,101212,0,11853,0,3965,0,31913,8519,0,60779,0
2024-08-06,port218,Cartagena,9,5,11591,22087,0,10482,1109,0,0,7238,11460,3387,0,0
2024-08-07,port218,Cartagena,9,6,9214,28797,0,2583,0,4980,1650,0,7400,0,21225,171
2024-08-08,port218,Cartagena,11,7,5882,18151,0,5882,0,0,0,0,14795,0,3355,0
2024-08-09,port218,Cartagena,15,8,11170,28667,3414,4002,1401,2352,0,9047,19620,0,0,0
2024-08-10,port218,Cartagena,12,6,21073,83177,0,17743,884,2445,0,20577,20163,6788,35648,0
2024-08-11,port218,Cartagena,5,4,30931,1734,0,30931,0,0,0,0,0,1734,0,0
2024-08-12,port218,Cartagena,8,4,7703,95180,0,6819,884,0,0,35015,14821,1458,43886,0
2024-08-13,port218,Cartagena,9,5,36318,8122,0,30045,1158,3109,2005,0,5786,0,2335,0
2024-08-14,port218,Cartagena,15,7,34035,97825,0,8748,884,22519,1883,41425,22394,3185,30819,0
2024-08-15,port218,Cartagena,12,8,38108,66164,0,23654,0,14454,0,0,15775,0,50388,0
2024-08-16,port218,Cartagena,10,6,58420,24739,53062,2941,884,0,1532,0,23281,1458,0,0
2024-08-17,port218,Cartagena,7,4,12207,22373,0,9198,0,3009,0,0,7171,0,15202,0
2024-08-18,port218,Cartagena,9,7,15752,62656,0,13980,1771,0,0,44588,18068,0,0,0
2024-08-19,port218,Cartagena,5,4,1526,10540,0,0,0,0,1526,0,10540,0,0,0
2024-08-20,port218,Cartagena,8,8,6435,28345,0,6435,0,0,0,0,28345,0,0,0
2024-08-21,port218,Cartagena,10,5,46411,7098,27727,9566,1018,8099,0,0,5640,1458,0,0
2024-08-22,port218,Cartagena,16,8,88474,110156,0,11481,1876,75116,0,31728,5784,3193,69449,0
2024-08-23,port218,Cartagena,11,8,24054,9770,0,21079,0,2974,0,0,9770,0,0,0
2024-08-24,port218,Cartagena,11,8,72211,16511,13898,51309,0,7003,0,12307,4203,0,0,0
2024-08-25,port218,Cartagena,6,3,24065,13304,0,18013,884,5167,0,0,0,1458,11846,0
2024-08-26,port218,Cartagena,10,6,5963,98719,0,5879,0,0,83,18826,31046,0,48846,0
2024-08-27,port218,Cartagena,7,6,26720,20520,11208,15511,0,0,0,10426,10093,0,0,0
2024-08-28,port218,Cartagena,9,5,17945,62826,0,17945,0,0,0,2143,12905,3507,44269,0
2024-08-29,port218,Cartagena,16,8,62742,60567,28950,18611,1789,13390,0,0,13186,0,47380,0
2024-08-30,port218,Cartagena,9,7,21557,31768,0,13312,0,8244,0,0,30102,1665,0,0
2024-08-31,port218,Cartagena,8,7,40075,10320,0,13900,0,26175,0,0,10320,0,0,0
2024-09-01,port218,Cartagena,10,6,106996,18482,22911,3201,0,80884,0,0,18368,0,114,0
2024-09-02,port218,Cartagena,5,2,5879,3623,0,2946,2933,0,0,0,3623,0,0,0
2024-09-03,port218,Cartagena,11,7,17826,21802,0,17826,0,0,0,3534,16763,1503,0,0
2024-09-04,port218,Cartagena,9,5,7527,44089,0,6643,884,0,0,0,8031,1458,34599,0
2024-09-05,port218,Cartagena,14,8,49672,109604,29594,10315,0,9762,0,108625,978,0,0,0
2024-09-06,port218,Cartagena,10,9,16233,14589,0,16233,0,0,0,0,11345,0,3244,0
2024-09-07,port218,Cartagena,9,6,20851,42266,0,19636,1214,0,0,36172,4635,1458,0,0
2024-09-08,port218,Cartagena,10,7,33379,87521,16864,8826,0,7688,0,0,19868,0,67653,0
2024-09-09,port218,Cartagena,10,4,22265,97975,0,4501,0,14899,2864,0,15214,1665,81094,0
2024-09-10,port218,Cartagena,8,5,52851,17067,0,12721,0,35708,4421,0,17067,0,0,0
2024-09-11,port218,Cartagena,9,6,22364,43691,0,14929,0,7435,0,0,6376,1141,36173,0
2024-09-12,port218,Cartagena,12,8,22226,16364,0,15219,4240,0,2766,0,14906,1458,0,0
2024-09-13,port218,Cartagena,8,7,27672,17614,0,27672,0,0,0,0,8068,9546,0,0
2024-09-14,port218,Cartagena,9,6,10885,21147,0,7641,0,3244,0,18279,2868,0,0,0
2024-09-15,port218,Cartagena,12,7,23017,21536,0,17740,0,5277,0,0,16874,0,3743,918
2024-09-16,port218,Cartagena,11,5,6818,100704,0,1387,1769,3662,0,2143,14095,2916,81548,0
2024-09-17,port218,Cartagena,9,5,23086,4983,0,18304,0,2619,2162,0,4811,0,0,171
2024-09-18,port218,Cartagena,12,9,21149,11424,0,11091,884,9172,0,0,8209,3214,0,0
2024-09-19,port218,Cartagena,7,5,30171,1543,0,28461,884,0,825,0,0,1458,0,85
2024-09-20,port218,Cartagena,8,6,4678,88682,0,4678,0,0,0,76135,12269,276,0,0
2024-09-21,port218,Cartagena,8,6,4839,35074,0,4839,0,0,0,0,6854,0,28220,0
2024-09-22,port218,Cartagena,10,6,75528,66192,26664,48375,488,0,0,57975,4252,0,3965,0
2024-09-23,port218,Cartagena,6,3,1634,60252,0,1634,0,0,0,0,17764,0,42487,0
2024-09-24,port218,Cartagena,10,8,18140,17823,0,18140,0,0,0,3534,14289,0,0,0
2024-09-25,port218,Cartagena,12,6,69575,120861,11744,29563,0,28266,0,0,6282,0,114578,0
2024-09-26,port218,Cartagena,11,8,23467,14839,0,15936,0,7530,0,0,11595,0,3244,0
2024-09-27,port218,Cartagena,11,8,5660,25969,0,5660,0,0,0,0,19945,6023,0,0
2024-09-28,port218,Cartagena,12,6,29089,112666,0,21345,0,7744,0,26308,9761,0,76597,0
2024-09-29,port218,Cartagena,6,5,56565,2160,0,19394,0,37171,0,0,2160,0,0,0
2024-09-30,port218,Cartagena,8,2,45049,18305,18642,2941,0,23465,0,12635,5506,164,0,0
2024-10-01,port218,Cartagena,7,6,8046,10304,0,7162,884,0,0,0,8846,1458,0,0
2024-10-02,port218,Cartagena,4,3,1782,24187,0,1782,0,0,0,18609,5577,0,0,0
2024-10-03,port218,Cartagena,14,7,35257,133672,0,25137,0,10119,0,37378,2282,0,93555,457
2024-10-04,port218,Cartagena,9,7,40411,19806,27975,10534,0,1901,0,0,19806,0,0,0
2024-10-05,port218,Cartagena,6,4,30083,3793,0,13640,0,16443,0,0,3793,0,0,0
2024-10-06,port218,Cartagena,11,5,110188,54642,0,10742,884,98561,0,2297,16821,1458,34063,0
2024-10-07,port218,Cartagena,9,6,7048,74168,0,7048,0,0,0,65311,8856,0,0,0
2024-10-08,port218,Cartagena,11,6,101039,13274,0,21586,4665,74787,0,0,11608,1665,0,0
2024-10-09,port218,Cartagena,8,5,90256,10222,0,13368,0,76887,0,0,6581,3640,0,0
2024-10-10,port218,Cartagena,12,7,9951,37150,0,8290,1661,0,0,0,28594,8556,0,0
2024-10-11,port218,Cartagena,7,5,10023,13485,1975,8048,0,0,0,3534,9951,0,0,0
2024-10-12,port218,Cartagena,9,7,21483,24925,0,16882,4600,0,0,0,23466,1458,0,0
2024-10-13,port218,Cartagena,6,3,23553,39732,0,16801,0,5926,825,0,3473,0,36173,85
2024-10-14,port218,Cartagena,7,5,13378,95271,0,13378,0,0,0,57893,37098,279,0,0
2024-10-15,port218,Cartagena,11,5,15097,169734,0,5798,1769,7530,0,32047,19874,2916,114896,0
2024-10-16,port218,Cartagena,12,6,105497,11827,0,14529,0,90968,0,0,8585,2783,0,458
2024-10-17,port218,Cartagena,14,10,16982,23687,0,16982,0,0,0,0,16599,1734,5352,0
2024-10-18,port218,Cartagena,11,9,63277,20796,45773,16114,1389,0,0,0,20796,0,0,0
2024-10-19,port218,Cartagena,13,7,34143,41419,15099,9564,0,8654,825,18609,21825,898,0,85
2024-10-20,port218,Cartagena,6,4,15242,13849,0,13711,0,0,1530,0,13849,0,0,0
2024-10-21,port218,Cartagena,6,4,30036,2606,0,21158,0,8877,0,0,2606,0,0,0
2024-10-22,port218,Cartagena,12,7,19947,47324,0,18427,695,0,825,2451,14277,0,30509,85
2024-10-23,port218,Cartagena,12,6,23317,5215,0,5676,1769,15872,0,0,2299,2916,0,0
2024-10-24,port218,Cartagena,10,6,14643,15230,0,12602,2040,0,0,0,10702,1458,3069,0
2024-10-25,port218,Cartagena,12,7,12122,24639,0,3386,0,8735,0,2417,19886,0,2335,0
2024-10-26,port218,Cartagena,9,6,29187,65097,0,28361,0,0,825,12307,9072,0,43631,85
2024-10-27,port218,Cartagena,9,5,51226,11504,31442,4252,0,14019,1512,0,11504,0,0,0
2024-10-28,port218,Cartagena,7,4,12205,14069,0,4916,0,7289,0,0,7215,6853,0,0
2024-10-29,port218,Cartagena,7,4,9139,11145,0,8908,230,0,0,0,7901,0,3244,0
2024-10-30,port218,Cartagena,6,4,4508,5917,0,3683,0,0,825,0,5831,0,0,85
2024-10-31,port218,Cartagena,11,7,10454,47018,0,9569,884,0,0,3224,6602,3193,33998,0
2024-11-01,port218,Cartagena,14,7,97608,186834,0,10008,0,86774,825,18279,8451,0,160017,85
2024-11-02,port218,Cartagena,9,5,21181,19385,12420,2567,0,6193,0,0,19385,0,0,0
2024-11-03,port218,Cartagena,6,5,20345,23485,0,17336,0,3009,0,0,11639,0,11846,0
2024-11-04,port218,Cartagena,12,8,14710,78855,0,13688,0,0,1021,55607,20933,1412,902,0
2024-11-05,port218,Cartagena,12,6,14415,19358,0,7457,164,5968,825,0,17144,2127,0,85
2024-11-06,port218,Cartagena,5,4,25605,2669,0,20328,0,5277,0,0,2555,0,114,0
2024-11-07,port218,Cartagena,13,8,26671,26636,4039,22027,605,0,0,0,21939,4697,0,0
2024-11-08,port218,Cartagena,14,6,16311,101412,0,14007,884,1418,0,2297,3483,1458,94173,0
2024-11-09,port218,Cartagena,8,6,43125,5911,0,39683,0,3442,0,0,2667,0,3244,0
2024-11-10,port218,Cartagena,13,6,39973,50582,0,22445,0,16703,825,28659,15753,0,6083,85
2024-11-11,port218,Cartagena,7,4,96170,14621,0,19428,884,75032,825,0,13077,1458,0,85
2024-11-12,port218,Cartagena,9,5,65278,12651,28981,35412,884,0,0,8386,2806,1458,0,0
2024-11-13,port218,Cartagena,11,6,60755,13470,7770,31615,1604,19765,0,0,11779,1690,0,0
2024-11-14,port218,Cartagena,8,6,13983,55381,0,13099,884,0,0,37836,16086,1458,0,0
2024-11-15,port218,Cartagena,10,6,33119,50378,0,32234,884,0,0,11979,487,1458,36453,0
2024-11-16,port218,Cartagena,12,7,32602,94346,2638,24686,0,5277,0,3379,5583,0,85383,0
2024-11-17,port218,Cartagena,10,5,32705,38492,0,26150,3153,0,3402,18279,18754,1458,0,0
2024-11-18,port218,Cartagena,10,8,37076,5442,0,35937,1138,0,0,0,4667,775,0,0
2024-11-19,port218,Cartagena,8,6,6325,11524,0,5402,923,0,0,0,9858,1665,0,0
2024-11-20,port218,Cartagena,11,5,14207,105408,2063,6647,0,5495,0,15202,24800,0,65405,0
2024-11-21,port218,Cartagena,16,8,49721,82438,28717,11834,925,8244,0,0,5302,0,77135,0
2024-11-22,port218,Cartagena,6,5,24291,4890,0,24291,0,0,0,0,4890,0,0,0
2024-11-23,port218,Cartagena,10,6,28812,8526,0,22884,884,5043,0,0,7067,1458,0,0
2024-11-24,port218,Cartagena,6,4,18542,7332,0,8188,959,9394,0,0,7332,0,0,0
2024-11-25,port218,Cartagena,11,5,88436,108536,0,8233,1668,78534,0,61182,4338,0,43015,0
2024-11-26,port218,Cartagena,12,5,55806,52618,18953,21693,884,14275,0,0,18605,3193,30819,0
2024-11-27,port218,Cartagena,13,6,66435,68955,56038,0,0,10396,0,2297,30232,3486,32938,0
2024-11-28,port218,Cartagena,11,7,23886,44673,0,8727,884,14275,0,0,8387,5465,30819,0
2024-11-29,port218,Cartagena,11,7,33938,64976,0,33938,0,0,0,0,23543,0,41433,0
2024-11-30,port218,Cartagena,5,5,16199,41119,0,16199,0,0,0,0,41119,0,0,0
2024-12-01,port218,Cartagena,14,8,27736,43144,0,16634,1078,10022,0,0,20373,10924,11846,0
2024-12-02,port218,Cartagena,11,6,14152,121881,0,13268,884,0,0,0,6996,1458,113427,0
2024-12-03,port218,Cartagena,9,2,50300,21079,23972,22255,3246,0,825,18279,0,2714,0,85
2024-12-04,port218,Cartagena,12,8,34318,15635,17905,12421,0,3991,0,0,15635,0,0,0
2024-12-05,port218,Cartagena,4,3,17571,6809,0,17571,0,0,0,0,6809,0,0,0
2024-12-06,port218,Cartagena,10,4,36996,62167,0,20952,1769,14275,0,0,27499,3848,30819,0
2024-12-07,port218,Cartagena,11,8,37829,17303,0,19119,0,18709,0,0,17303,0,0,0
2024-12-08,port218,Cartagena,6,4,8788,88034,0,8788,0,0,0,0,3203,0,84830,0
2024-12-09,port218,Cartagena,13,5,8409,95465,0,2941,0,5467,0,35413,14341,2958,42240,512
2024-12-10,port218,Cartagena,10,5,10992,29510,0,8998,884,0,1108,0,28051,1458,0,0
2024-12-11,port218,Cartagena,11,5,87890,47254,49474,5250,884,32281,0,23061,22734,1458,0,0
2024-12-12,port218,Cartagena,8,5,17668,17164,0,9313,0,7530,825,0,17078,0,0,85
2024-12-13,port218,Cartagena,14,8,28587,23545,11208,11592,224,5562,0,10426,6540,1929,4649,0
2024-12-14,port218,Cartagena,8,6,34190,58048,0,34190,0,0,0,2297,15443,0,40306,0
2024-12-15,port218,Cartagena,8,5,54241,4449,22107,31249,884,0,0,0,655,3794,0,0
2024-12-16,port218,Cartagena,10,7,17540,79333,0,16642,0,897,0,47342,31990,0,0,0
2024-12-17,port218,Cartagena,14,7,12225,65698,0,5882,2277,0,4065,4580,22812,0,38219,85
2024-12-18,port218,Cartagena,7,6,16933,8086,0,13849,0,0,3083,0,8086,0,0,0
2024-12-19,port218,Cartagena,12,7,33253,99105,0,8823,0,22530,1899,0,11477,0,87628,0
2024-12-20,port218,Cartagena,13,8,32864,117818,0,30070,0,2793,0,62001,16321,0,39495,0
2024-12-21,port218,Cartagena,12,6,47140,51714,15365,30046,1383,345,0,0,10416,0,41298,0
2024-12-22,port218,Cartagena,10,4,18723,89301,0,4840,0,13882,0,17618,19535,0,52146,0
2024-12-23,port218,Cartagena,12,6,25838,94123,11035,5864,884,8054,0,34600,6709,3124,49690,0
2024-12-24,port218,Cartagena,7,4,4814,13378,0,3581,1232,0,0,10018,1902,1458,0,0
2024-12-25,port218,Cartagena,7,4,45674,69113,9132,22267,0,14275,0,0,0,0,69113,0
2024-12-26,port218,Cartagena,11,6,47465,58874,11208,33046,0,3209,0,35363,23511,0,0,0
2024-12-27,port218,Cartagena,10,5,75379,91921,30389,44104,884,0,0,0,3985,1458,86477,0
2024-12-28,port218,Cartagena,14,5,21609,100483,0,4493,2296,14819,0,0,17365,6121,76996,0
2024-12-29,port218,Cartagena,8,6,33287,39289,0,19012,0,14275,0,0,8469,0,30819,0
2024-12-30,port218,Cartagena,10,5,16556,48260,997,0,462,15097,0,20936,27324,0,0,0
2024-12-31,port218,Cartagena,10,4,40564,75002,11208,11186,884,17284,0,10426,16499,2166,45910,0
2025-01-01,port218,Cartagena,7,4,28570,38006,0,8077,0,19667,825,0,7100,0,30819,85
2025-01-02,port218,Cartagena,12,6,8830,46489,2063,5882,884,0,0,6152,18579,3193,18563,0
2025-01-03,port218,Cartagena,11,5,18098,25201,0,10508,1109,2362,4119,10248,9722,5230,0,0
2025-01-04,port218,Cartagena,8,6,26183,4075,0,26183,0,0,0,0,4075,0,0,0
2025-01-05,port218,Cartagena,8,4,31750,18274,0,24390,2083,5277,0,15191,2968,0,114,0
2025-01-06,port218,Cartagena,6,4,40159,6974,35726,4433,0,0,0,0,6974,0,0,0
2025-01-07,port218,Cartagena,9,4,31243,41636,0,15199,1769,14275,0,0,6971,3844,30819,0
2025-01-08,port218,Cartagena,7,4,36266,47945,0,28761,0,5277,2228,43267,4564,0,114,0
2025-01-09,port218,Cartagena,8,7,22962,9909,0,22962,0,0,0,0,9909,0,0,0
2025-01-10,port218,Cartagena,10,6,34783,24914,267,25577,884,8054,0,18279,5176,1458,0,0
2025-01-11,port218,Cartagena,14,8,23076,43404,0,16173,884,6018,0,7623,10630,1458,23692,0
2025-01-12,port218,Cartagena,8,5,5328,30773,0,5328,0,0,0,0,30704,0,69,0
2025-01-13,port218,Cartagena,7,6,18785,18059,0,18785,0,0,0,0,17788,271,0,0
2025-01-14,port218,Cartagena,7,3,13374,17795,0,6768,0,6522,83,0,4564,1385,11846,0
2025-01-15,port218,Cartagena,10,6,91151,19917,0,8753,0,82398,0,0,19917,0,0,0
2025-01-16,port218,Cartagena,8,6,9118,47870,0,9118,0,0,0,33409,14460,0,0,0
2025-01-17,port218,Cartagena,9,6,20691,12996,0,20691,0,0,0,0,7290,0,5191,514
2025-01-18,port218,Cartagena,15,7,34609,33709,0,11764,1769,21075,0,0,17255,4607,11846,0
2025-01-19,port218,Cartagena,5,3,14793,14128,0,11783,0,3009,0,0,2282,0,11846,0
2025-01-20,port218,Cartagena,9,4,15646,81043,0,14761,884,0,0,2297,5455,1458,71832,0
2025-01-21,port218,Cartagena,12,8,86269,34015,0,11991,0,74278,0,0,34015,0,0,0
2025-01-22,port218,Cartagena,9,8,27726,24647,0,24717,0,3009,0,0,12800,0,11846,0
2025-01-23,port218,Cartagena,9,3,6167,24677,0,3158,0,3009,0,0,8527,3968,12181,0
2025-01-24,port218,Cartagena,8,6,18517,17440,0,14264,4253,0,0,0,8117,0,9323,0
2025-01-25,port218,Cartagena,6,4,18165,105833,0,15156,0,3009,0,0,5556,0,100276,0
2025-01-26,port218,Cartagena,7,5,12115,13862,0,3870,0,8244,0,0,13862,0,0,0
2025-01-27,port218,Cartagena,9,5,10989,53977,0,2941,0,8048,0,0,23224,0,30752,0
2025-01-28,port218,Cartagena,11,6,5936,13487,2063,3559,0,312,0,2773,10713,0,0,0
2025-01-29,port218,Cartagena,9,4,60833,108219,39194,6254,1109,14275,0,0,7658,3387,97172,0
2025-01-30,port218,Cartagena,10,6,24709,10934,0,24709,0,0,0,0,9091,1842,0,0
2025-01-31,port218,Cartagena,11,7,19370,59993,0,16813,2556,0,0,15641,44352,0,0,0
2025-02-01,port218,Cartagena,6,4,30951,8304,0,30067,884,0,0,0,6846,1458,0,0
2025-02-02,port218,Cartagena,12,7,26805,34862,0,26515,0,289,0,10491,11667,12368,335,0
2025-02-03,port218,Cartagena,7,3,23969,42543,8413,6891,0,8663,0,40261,2282,0,0,0
2025-02-04,port218,Cartagena,7,7,19529,18241,0,19529,0,0,0,0,18241,0,0,0
2025-02-05,port218,Cartagena,8,5,11544,55679,0,11544,0,0,0,47573,7972,133,0,0
2025-02-06,port218,Cartagena,10,5,24106,10073,0,17119,884,5277,825,0,6793,3080,114,85
2025-02-07,port218,Cartagena,12,7,30387,13611,2086,18326,398,9576,0,0,13496,0,114,0
2025-02-08,port218,Cartagena,10,5,5095,54311,0,5095,0,0,0,2297,37353,1734,12925,0
2025-02-09,port218,Cartagena,5,3,7044,50275,0,6218,0,0,825,0,5913,0,44275,85
2025-02-10,port218,Cartagena,8,3,40459,199,0,32627,1729,5277,825,0,0,0,114,85
2025-02-11,port218,Cartagena,11,8,4341,31904,0,4341,0,0,0,3379,28525,0,0,0
2025-02-12,port218,Cartagena,6,4,87452,2573,0,17012,884,69555,0,0,1114,1458,0,0
2025-02-13,port218,Cartagena,14,11,30074,14485,0,19411,0,10662,0,0,14485,0,0,0
2025-02-14,port218,Cartagena,12,8,6435,29717,0,4552,1374,0,508,0,27689,2027,0,0
2025-02-15,port218,Cartagena,7,3,35282,67565,11656,20616,0,3009,0,11979,4618,0,50967,0
2025-02-16,port218,Cartagena,14,7,38127,34853,5834,26867,884,3009,1532,18609,2938,1458,11846,0
2025-02-17,port218,Cartagena,10,6,23958,63684,0,18781,0,5177,0,50620,13064,0,0,0
2025-02-18,port218,Cartagena,8,5,7866,11159,0,2941,4925,0,0,0,9701,1458,0,0
2025-02-19,port218,Cartagena,8,5,19780,23589,0,19226,0,470,83,0,19166,0,4422,0
2025-02-20,port218,Cartagena,9,8,16951,16849,0,3425,0,13526,0,0,16849,0,0,0
2025-02-21,port218,Cartagena,12,7,11047,7885,0,2060,933,8054,0,0,7885,0,0,0
2025-02-22,port218,Cartagena,7,4,87715,19074,0,24064,0,63651,0,0,5537,1690,11846,0
2025-02-23,port218,Cartagena,12,6,29870,37598,11208,13231,2421,3009,0,10426,13868,1458,11846,0
2025-02-24,port218,Cartagena,9,5,20570,35288,0,15506,0,4980,83,0,11793,2269,21225,0
2025-02-25,port218,Cartagena,9,5,36538,10114,14812,20841,884,0,0,0,8655,1458,0,0
2025-02-26,port218,Cartagena,7,4,32877,6512,21228,6371,0,5277,0,0,6398,0,114,0
2025-02-27,port218,Cartagena,10,9,15582,15829,0,15582,0,0,0,2297,13531,0,0,0
2025-02-28,port218,Cartagena,13,7,90184,23634,11208,38428,884,39661,0,10426,11635,1458,114,0
2025-03-01,port218,Cartagena,9,4,78506,15698,75853,0,0,2652,0,0,15015,682,0,0
2025-03-02,port218,Cartagena,12,8,99791,23133,0,19232,1769,78790,0,0,8370,2916,11846,0
2025-03-03,port218,Cartagena,8,3,24860,150094,0,0,0,24344,515,0,18390,0,131703,0
2025-03-04,port218,Cartagena,10,7,25765,31658,0,16622,233,8909,0,0,10433,0,21225,0
2025-03-05,port218,Cartagena,10,5,42489,71774,0,19848,0,22640,0,11979,5266,0,54529,0
2025-03-06,port218,Cartagena,11,7,19371,75346,0,11381,0,7530,460,18609,14352,0,42384,0
2025-03-07,port218,Cartagena,12,8,28478,32299,0,25308,160,3009,0,0,18610,1842,11846,0
2025-03-08,port218,Cartagena,8,6,7368,70637,0,7368,0,0,0,55154,15483,0,0,0
2025-03-09,port218,Cartagena,7,4,63176,2057,2843,57860,0,2473,0,0,2057,0,0,0
2025-03-10,port218,Cartagena,9,4,20120,132480,0,6616,0,13504,0,59691,20592,0,52196,0
2025-03-11,port218,Cartagena,13,7,44970,24673,12941,17383,3391,11253,0,4561,8265,0,11846,0
2025-03-12,port218,Cartagena,11,6,14494,30671,0,7744,1769,4980,0,0,6528,2916,21225,0
2025-03-13,port218,Cartagena,12,7,14809,8797,0,8707,0,5277,825,0,8597,0,114,85
2025-03-14,port218,Cartagena,14,6,70185,61066,0,19518,0,50667,0,2297,11337,1734,45695,0
2025-03-15,port218,Cartagena,11,5,42454,53600,9892,14393,884,17284,0,0,9475,1458,42666,0
2025-03-16,port218,Cartagena,9,6,69111,6541,0,66103,3008,0,0,0,6541,0,0,0
2025-03-17,port218,Cartagena,7,4,4218,27536,0,0,1769,2449,0,0,24619,2916,0,0
2025-03-18,port218,Cartagena,10,6,20616,90584,0,14723,233,5659,0,0,19132,0,71451,0
2025-03-19,port218,Cartagena,6,4,32694,35062,0,18419,0,14275,0,0,4243,0,30819,0
2025-03-20,port218,Cartagena,11,7,34005,29889,0,18426,0,14754,825,18279,11410,0,114,85
2025-03-21,port218,Cartagena,11,5,7864,40925,0,2941,884,3009,1029,0,25955,3124,11846,0
2025-03-22,port218,Cartagena,10,6,31784,58529,0,22967,0,8816,0,3381,7393,1348,46406,0
2025-03-23,port218,Cartagena,9,6,52899,21220,0,38106,0,13967,825,0,9288,0,11846,85
2025-03-24,port218,Cartagena,10,4,27156,20093,0,21581,1769,3294,511,3379,13796,2916,0,0
2025-03-25,port218,Cartagena,13,7,46001,47627,0,13296,224,32480,0,0,12626,1929,33072,0
2025-03-26,port218,Cartagena,13,7,14201,35568,0,6447,2570,3650,1532,0,20334,3387,11846,0
2025-03-27,port218,Cartagena,10,7,27848,58259,0,8969,0,18878,0,0,20954,0,37305,0
2025-03-28,port218,Cartagena,8,5,37818,2898,0,36108,884,0,825,0,1354,1458,0,85
2025-03-29,port218,Cartagena,10,5,14812,63912,0,8088,0,6723,0,7701,14766,0,41444,0
2025-03-30,port218,Cartagena,6,6,25987,9271,0,25987,0,0,0,0,9271,0,0,0
2025-03-31,port218,Cartagena,11,6,102374,11565,19500,12566,0,70307,0,2143,9422,0,0,0
2025-04-01,port218,Cartagena,6,4,7136,42922,0,4127,0,3009,0,0,29341,1734,11846,0
2025-04-02,port218,Cartagena,12,6,16657,174487,0,1497,884,14275,0,0,25467,1458,147561,0
2025-04-03,port218,Cartagena,9,5,100077,9381,25737,7083,0,67255,0,0,7549,1831,0,0
2025-04-04,port218,Cartagena,10,7,34717,162909,0,34717,0,0,0,102419,2282,0,58208,0
2025-04-05,port218,Cartagena,8,5,59675,2521,34639,23962,718,354,0,0,2521,0,0,0
2025-04-06,port218,Cartagena,18,7,75986,101642,17902,37527,2446,17284,825,27949,28567,1458,43581,85
2025-04-07,port218,Cartagena,9,7,20697,55308,0,12739,0,7958,0,0,20965,0,34343,0
2025-04-08,port218,Cartagena,10,7,7083,27585,0,3458,0,2800,825,0,27499,0,0,85
2025-04-09,port218,Cartagena,10,5,30844,20334,0,14325,0,15693,825,0,7258,0,12990,85
2025-04-10,port218,Cartagena,12,7,23557,19081,0,10793,884,11879,0,3701,13921,1458,0,0
2025-04-11,port218,Cartagena,13,9,98508,21367,0,24567,0,73940,0,0,21367,0,0,0
2025-04-12,port218,Cartagena,9,7,24629,19402,0,13944,0,10684,0,0,19402,0,0,0
2025-04-13,port218,Cartagena,11,7,45401,29058,0,35701,0,6025,3674,0,7832,0,21225,0
2025-04-14,port218,Cartagena,7,4,20951,35658,0,9726,0,11225,0,13251,22407,0,0,0
2025-04-15,port218,Cartagena,8,6,97523,30197,0,21399,0,76123,0,0,30197,0,0,0
2025-04-16,port218,Cartagena,10,4,45692,87198,0,10837,0,34343,511,0,16828,2062,67824,483
2025-04-17,port218,Cartagena,13,9,21024,32356,0,16306,884,3009,825,0,17275,3149,11846,85
2025-04-18,port218,Cartagena,10,7,23788,6448,4223,18728,837,0,0,0,6448,0,0,0
2025-04-19,port218,Cartagena,8,6,31778,5907,0,30894,884,0,0,2297,2151,1458,0,0
2025-04-20,port218,Cartagena,13,6,50551,83035,0,31110,0,19441,0,16299,18758,0,47977,0
2025-04-21,port218,Cartagena,8,5,22395,31442,0,12006,0,10389,0,0,25423,6018,0,0
2025-04-22,port218,Cartagena,8,6,18708,33251,5728,7037,0,0,5943,0,33251,0,0,0
2025-04-23,port218,Cartagena,9,4,5969,121085,0,2941,0,983,2044,0,10179,0,110905,0
2025-04-24,port218,Cartagena,11,8,13733,9456,0,11313,884,0,1535,0,7998,1458,0,0
2025-04-25,port218,Cartagena,8,7,15564,30969,0,15564,0,0,0,0,30969,0,0,0
2025-04-26,port218,Cartagena,10,4,24944,51324,0,15028,884,9031,0,0,6014,3124,42185,0
2025-04-27,port218,Cartagena,11,7,49749,15394,0,49749,0,0,0,3379,10279,1734,0,0
2025-04-28,port218,Cartagena,9,3,64626,84096,49563,5892,884,8286,0,54262,15250,2623,11960,0
2025-04-29,port218,Cartagena,12,9,41184,35368,13255,27103,0,0,825,0,35283,0,0,85
2025-04-30,port218,Cartagena,9,3,74660,108837,58629,7145,0,8885,0,54357,4564,9305,40610,0
2025-05-01,port218,Cartagena,8,8,42193,14051,0,42193,0,0,0,0,14051,0,0,0
2025-05-02,port218,Cartagena,7,4,27225,20747,8666,2800,0,15758,0,0,8901,0,11846,0
2025-05-03,port218,Cartagena,9,6,109609,12500,0,32786,189,76633,0,0,12500,0,0,0
2025-05-04,port218,Cartagena,8,6,17435,13619,0,15932,1503,0,0,2451,11167,0,0,0
2025-05-05,port218,Cartagena,15,8,62218,62422,10055,40235,884,11043,0,0,21302,3124,37995,0
2025-05-06,port218,Cartagena,8,5,3766,41867,0,2941,0,0,825,0,41781,0,0,85
2025-05-07,port218,Cartagena,13,7,83329,64938,0,11001,0,70949,1378,15970,10083,0,38884,0
2025-05-08,port218,Cartagena,10,8,12699,28098,0,8805,884,3009,0,0,14793,1458,11846,0
2025-05-09,port218,Cartagena,9,6,50586,54894,0,36311,0,14275,0,0,6514,0,48380,0
2025-05-10,port218,Cartagena,12,9,20702,25051,450,17242,0,3009,0,0,13205,0,11846,0
2025-05-11,port218,Cartagena,8,5,31100,4003,0,31100,0,0,0,0,2282,1720,0,0
2025-05-12,port218,Cartagena,15,7,57014,212980,0,33612,884,22517,0,41668,14210,3705,153395,0
2025-05-13,port218,Cartagena,11,7,10954,28521,0,4935,3154,0,2864,0,27062,1458,0,0
2025-05-14,port218,Cartagena,6,5,9854,60567,0,9854,0,0,0,51814,8752,0,0,0
2025-05-15,port218,Cartagena,12,6,44576,22225,16377,7060,0,17837,3301,7662,14562,0,0,0
2025-05-16,port218,Cartagena,11,7,36943,19848,0,26339,884,9719,0,0,18389,1458,0,0
2025-05-17,port218,Cartagena,8,5,34633,51874,0,17349,0,17284,0,0,7473,1734,42666,0
2025-05-18,port218,Cartagena,15,7,58491,101967,0,42891,467,15132,0,0,6980,4872,90114,0
2025-05-19,port218,Cartagena,10,5,53554,24437,9412,42432,884,0,825,0,22893,1458,0,85
2025-05-20,port218,Cartagena,10,7,8823,61615,0,8823,0,0,0,39429,16040,6146,0,0
2025-05-21,port218,Cartagena,10,7,8207,45375,0,2737,884,4585,0,0,42085,3290,0,0
2025-05-22,port218,Cartagena,9,6,20035,12743,0,8954,4357,6723,0,1989,10753,0,0,0
2025-05-23,port218,Cartagena,14,10,42010,12307,19430,21695,884,0,0,0,10849,1458,0,0
2025-05-24,port218,Cartagena,7,6,31060,2499,0,30491,0,568,0,0,2499,0,0,0
2025-05-25,port218,Cartagena,11,7,7713,70807,0,7713,0,0,0,18279,10263,468,41795,0
2025-05-26,port218,Cartagena,11,7,37760,25559,18675,18200,884,0,0,0,24101,1458,0,0
2025-05-27,port218,Cartagena,12,6,55128,43059,26934,23552,0,4642,0,0,9825,0,33234,0
2025-05-28,port218,Cartagena,11,7,18808,70450,0,10421,0,8387,0,0,29867,1269,39313,0
2025-05-29,port218,Cartagena,10,8,19642,60378,0,17289,0,0,2352,0,24588,0,35789,0
2025-05-30,port218,Cartagena,13,6,108084,62499,0,11606,0,96478,0,0,19833,0,42666,0
2025-05-31,port218,Cartagena,9,7,84715,6900,0,83831,884,0,0,0,5442,1458,0,0
2025-06-01,port218,Cartagena,10,6,25177,78847,0,10678,224,14275,0,36898,9200,1929,30819,0
2025-06-02,port218,Cartagena,7,3,55849,24531,54964,0,884,0,0,7238,15834,1458,0,0
2025-06-03,port218,Cartagena,14,7,16003,36248,0,12889,884,699,1528,7017,18570,1942,8717,0
2025-06-04,port218,Cartagena,10,6,24135,93397,0,12882,0,11253,0,49655,31896,0,11846,0
2025-06-05,port218,Cartagena,9,7,2421,102172,0,2421,0,0,0,0,16054,0,86118,0
2025-06-06,port218,Cartagena,16,9,49320,19582,0,35669,1973,11677,0,2143,14137,3301,0,0
2025-06-07,port218,Cartagena,9,5,9072,6749,0,7586,1486,0,0,0,6749,0,0,0
2025-06-08,port218,Cartagena,10,7,48576,18287,0,39405,884,8286,0,0,4868,1458,11960,0
2025-06-09,port218,Cartagena,11,6,10055,55068,0,2507,0,6723,825,0,19028,0,35954,85
2025-06-10,port218,Cartagena,10,6,17131,25828,3084,8717,884,4445,0,0,23955,1873,0,0
2025-06-11,port218,Cartagena,11,6,14657,33886,0,11774,0,2422,459,18609,15276,0,0,0
2025-06-12,port218,Cartagena,6,6,13792,5492,0,13792,0,0,0,0,5492,0,0,0
2025-06-13,port218,Cartagena,11,8,28951,52931,0,25941,0,3009,0,0,23792,0,29138,0
2025-06-14,port218,Cartagena,13,5,119357,6429,0,43599,3690,72068,0,0,2767,3662,0,0
2025-06-15,port218,Cartagena,9,6,31269,26191,16837,14432,0,0,0,0,4197,1310,20682,0
2025-06-16,port218,Cartagena,10,7,13876,51281,0,8459,0,3009,2408,0,39435,0,11846,0
2025-06-17,port218,Cartagena,8,6,6778,36718,0,3306,462,3009,0,0,24872,0,11846,0
2025-06-18,port218,Cartagena,10,5,58379,48448,25700,23227,884,8566,0,0,6367,1458,40622,0
2025-06-19,port218,Cartagena,13,11,6916,29810,0,6916,0,0,0,0,16781,13029,0,0
2025-06-20,port218,Cartagena,10,6,33476,58856,0,27463,224,5277,511,48253,8558,1929,114,0
2025-06-21,port218,Cartagena,13,6,59048,48011,0,35643,884,22519,0,0,15732,1458,30819,0
2025-06-22,port218,Cartagena,10,6,28576,21663,12503,15188,884,0,0,7017,10080,4565,0,0
2025-06-23,port218,Cartagena,10,7,9119,45668,0,9119,0,0,0,0,22673,1080,21914,0
2025-06-24,port218,Cartagena,11,6,14080,31133,0,2941,2253,8885,0,0,31133,0,0,0
2025-06-25,port218,Cartagena,7,6,67631,28072,52759,14872,0,0,0,0,28072,0,0,0
2025-06-26,port218,Cartagena,12,8,23428,4991,0,19460,0,347,3620,2297,2693,0,0,0
2025-06-27,port218,Cartagena,12,7,44931,72620,2060,30482,884,11504,0,0,15560,1458,55601,0
2025-06-28,port218,Cartagena,8,5,12462,92612,0,9453,0,3009,0,0,22518,0,70094,0
2025-06-29,port218,Cartagena,13,6,51737,85369,0,26238,884,24614,0,60784,8944,1458,14181,0
2025-06-30,port218,Cartagena,9,5,18641,22682,6693,6020,0,5926,0,0,22682,0,0,0
2025-07-01,port218,Cartagena,10,7,46162,23503,0,9956,1639,34566,0,0,22045,1458,0,0
2025-07-02,port218,Cartagena,8,6,0,40517,0,0,0,0,0,0,24812,0,15705,0
2025-07-03,port218,Cartagena,13,9,8909,141266,0,8909,0,0,0,7017,24264,0,109984,0
2025-07-04,port218,Cartagena,9,8,15418,11720,0,15013,404,0,0,0,11720,0,0,0
2025-07-05,port218,Cartagena,13,8,97032,29831,0,15651,0,81380,0,18624,11207,0,0,0
2025-07-06,port218,Cartagena,11,6,131391,90307,49678,61276,884,19552,0,43061,14853,1458,30934,0
2025-07-07,port218,Cartagena,8,6,20145,27797,0,20145,0,0,0,0,20509,0,7287,0
2025-07-08,port218,Cartagena,10,7,18759,70501,0,15750,0,3009,0,0,13010,0,57491,0
2025-07-09,port218,Cartagena,11,5,34670,86610,0,5380,0,29290,0,0,21268,3701,61639,0
2025-07-10,port218,Cartagena,11,7,26627,26775,0,15149,224,11253,0,0,12999,1929,11846,0
2025-07-11,port218,Cartagena,15,10,30457,54265,0,27240,884,0,2331,7559,45247,1458,0,0
2025-07-12,port218,Cartagena,13,6,66628,19917,11208,46534,0,8885,0,10426,9491,0,0,0
2025-07-13,port218,Cartagena,7,5,182850,5137,168867,13983,0,0,0,0,5137,0,0,0
2025-07-14,port218,Cartagena,20,8,26235,102354,0,20370,3000,0,2864,10732,30315,15067,46239,0
2025-07-15,port218,Cartagena,13,7,40055,100267,0,28054,0,12000,0,658,17654,0,81444,510
2025-07-16,port218,Cartagena,12,8,33818,37551,0,25479,0,8339,0,0,25705,0,11846,0
2025-07-17,port218,Cartagena,11,8,32521,51094,22491,10029,0,0,0,40356,10737,0,0,0
2025-07-18,port218,Cartagena,9,5,23538,37902,0,18770,884,3882,0,14349,6388,1458,15705,0
2025-07-19,port218,Cartagena,13,7,50832,44824,0,36557,0,14275,0,4719,9284,0,30819,0
2025-07-20,port218,Cartagena,13,11,62009,28819,0,61125,884,0,0,0,27360,1458,0,0
2025-07-21,port218,Cartagena,11,6,30921,69669,11208,2941,0,16771,0,10426,26171,0,33072,0
2025-07-22,port218,Cartagena,12,8,100953,18054,22195,1723,141,76892,0,0,11101,0,6952,0
2025-07-23,port218,Cartagena,10,7,5331,40960,0,4250,0,1080,0,3948,29507,7504,0,0
2025-07-24,port218,Cartagena,11,7,15920,60852,0,13766,0,2154,0,0,9458,0,51394,0
2025-07-25,port218,Cartagena,15,11,41406,27517,20099,7962,0,13343,0,0,27517,0,0,0
2025-07-26,port218,Cartagena,12,5,47469,79881,0,39135,884,3501,3948,0,4943,1565,73372,0
2025-07-27,port218,Cartagena,11,6,50014,51158,0,38425,0,8244,3344,7559,11498,0,32100,0
2025-07-28,port218,Cartagena,10,7,11201,29953,0,11201,0,0,0,0,26697,1665,1590,0
2025-07-29,port218,Cartagena,9,7,27994,20830,8960,18706,326,0,0,0,20830,0,0,0
2025-07-30,port218,Cartagena,12,8,29710,32804,0,8518,0,21191,0,0,9111,0,23692,0
2025-07-31,port218,Cartagena,9,7,77311,44073,60411,16899,0,0,0,29932,14140,0,0,0
2025-08-01,port218,Cartagena,11,8,38282,17860,0,38282,0,0,0,0,11371,4045,2443,0
2025-08-02,port218,Cartagena,11,6,26069,8295,0,17576,1769,6723,0,0,2511,2916,0,2867
2025-08-03,port218,Cartagena,12,7,16784,40630,0,9990,921,3009,2864,18279,10504,0,11846,0
2025-08-04,port218,Cartagena,7,5,73483,44665,0,0,884,72598,0,0,43207,1458,0,0
2025-08-05,port218,Cartagena,14,8,66763,37984,43174,10905,884,10257,1541,0,15185,1458,21340,0
2025-08-06,port218,Cartagena,10,8,21679,164159,0,21679,0,0,0,55403,36559,0,72195,0
2025-08-07,port218,Cartagena,12,9,32292,20946,0,20300,0,8996,2994,0,20946,0,0,0
2025-08-08,port218,Cartagena,13,6,11688,71251,0,9919,1769,0,0,0,18930,2916,49404,0
2025-08-09,port218,Cartagena,12,5,70062,50595,0,44748,1769,23544,0,0,13531,6129,30934,0
2025-08-10,port218,Cartagena,6,5,31294,3682,0,31294,0,0,0,0,3682,0,0,0
2025-08-11,port218,Cartagena,15,8,63744,61223,51635,1089,2653,8365,0,0,42794,17919,0,509
2025-08-12,port218,Cartagena,8,5,22138,30388,0,12243,224,9671,0,0,28459,1929,0,0
2025-08-13,port218,Cartagena,19,9,77348,129924,40646,14436,0,22264,0,10563,9380,1734,108245,0
2025-08-14,port218,Cartagena,11,6,23607,5792,0,11024,0,9181,3402,0,5114,0,677,0
2025-08-15,port218,Cartagena,17,8,36863,52928,16252,2873,884,14275,2577,0,19860,1495,31572,0
2025-08-16,port218,Cartagena,11,8,45952,33946,0,37261,0,7865,825,0,22014,0,11846,85
2025-08-17,port218,Cartagena,11,5,74284,55401,11208,56426,0,6649,0,29036,25326,0,1038,0
2025-08-18,port218,Cartagena,10,7,19128,34277,0,10514,1890,6723,0,0,32700,1577,0,0
2025-08-19,port218,Cartagena,11,8,105702,27547,0,19023,0,86678,0,0,27547,0,0,0
2025-08-20,port218,Cartagena,7,6,5807,16864,0,4982,0,0,825,0,16778,0,0,85
2025-08-21,port218,Cartagena,13,9,19689,115448,0,13671,0,6018,0,23805,28003,0,63639,0
2025-08-22,port218,Cartagena,14,10,53535,5608,0,43753,74,8996,711,0,3915,1665,0,27
2025-08-23,port218,Cartagena,7,5,31951,53858,8713,23237,0,0,0,0,10213,0,43644,0
2025-08-24,port218,Cartagena,9,7,23371,17155,0,14489,0,8881,0,0,17155,0,0,0
2025-08-25,port218,Cartagena,12,8,48996,95372,4319,37555,0,3960,3161,0,25048,0,70324,0
2025-08-26,port218,Cartagena,10,7,23750,28469,0,4190,313,19246,0,0,28469,0,0,0
2025-08-27,port218,Cartagena,6,6,2792,30954,0,2792,0,0,0,0,30954,0,0,0
2025-08-28,port218,Cartagena,15,10,31236,76672,0,17714,0,13521,0,0,22963,0,53708,0
2025-08-29,port218,Cartagena,12,8,42827,10518,0,30515,1769,10542,0,0,7601,2916,0,0
2025-08-30,port218,Cartagena,19,8,70964,96596,22417,33051,0,15495,0,35351,17190,0,44054,0
2025-08-31,port218,Cartagena,6,4,18210,67307,0,18210,0,0,0,0,6177,0,61129,0
2025-09-01,port218,Cartagena,13,7,31335,57455,0,14472,0,16863,0,0,11022,15612,30819,0
2025-09-02,port218,Cartagena,12,9,17226,47032,0,8133,0,6723,2369,0,46414,0,618,0
2025-09-03,port218,Cartagena,8,6,21990,12686,0,21213,266,0,510,0,12686,0,0,0
2025-09-04,port218,Cartagena,11,7,58745,18126,33252,24608,884,0,0,0,14836,1458,1831,0
2025-09-05,port218,Cartagena,13,10,65376,44388,1952,49148,0,14275,0,0,13568,0,30819,0
2025-09-06,port218,Cartagena,12,5,97523,46061,56627,28064,0,12832,0,38636,7425,0,0,0
2025-09-07,port218,Cartagena,10,6,28646,76609,0,26877,1769,0,0,54293,17733,4582,0,0
2025-09-08,port218,Cartagena,15,10,24965,77983,0,11049,0,13916,0,0,33220,0,44763,0
2025-09-09,port218,Cartagena,10,6,9652,27160,0,8941,0,0,711,0,12420,14713,0,27
2025-09-10,port218,Cartagena,15,9,8485,133054,0,5665,0,1995,825,44414,40434,1135,46983,85
2025-09-11,port218,Cartagena,10,6,16942,51712,0,10121,884,1940,3996,0,11230,1458,39023,0
2025-09-12,port218,Cartagena,13,8,60047,50937,0,45306,0,14740,0,0,17865,0,33072,0
2025-09-13,port218,Cartagena,11,5,77254,10195,0,38942,1769,33986,2556,0,7278,2916,0,0
2025-09-14,port218,Cartagena,11,8,43841,52254,0,34660,0,9181,0,0,8609,0,43644,0
2025-09-15,port218,Cartagena,10,6,80145,91177,0,3901,0,75222,1020,0,29804,0,61373,0
2025-09-16,port218,Cartagena,10,7,7991,31265,0,7991,0,0,0,2297,28968,0,0,0
2025-09-17,port218,Cartagena,6,4,55398,9267,0,55398,0,0,0,0,9267,0,0,0
2025-09-18,port218,Cartagena,11,8,18841,56703,0,10640,0,8201,0,0,10430,0,46272,0
2025-09-19,port218,Cartagena,15,9,31474,54329,6425,21952,884,0,2213,0,16251,1765,36312,0
2025-09-20,port218,Cartagena,10,6,33857,60312,21008,11964,884,0,0,585,8484,1458,49784,0
2025-09-21,port218,Cartagena,8,6,40938,62854,0,40938,0,0,0,52172,10682,0,0,0
2025-09-22,port218,Cartagena,12,9,19317,55980,0,16308,0,3009,0,6349,37784,0,11846,0
2025-09-23,port218,Cartagena,10,6,29027,11185,0,18743,0,10283,0,1006,10178,0,0,0
2025-09-24,port218,Cartagena,17,12,32614,37435,0,17329,0,15285,0,3224,32476,1734,0,0
2025-09-25,port218,Cartagena,12,7,72071,13994,51047,8205,1769,8881,2167,0,11078,2916,0,0
2025-09-26,port218,Cartagena,11,8,26045,102297,0,26045,0,0,0,4203,18010,230,79852,0
2025-09-27,port218,Cartagena,11,8,62639,43438,29449,18915,0,14275,0,0,12108,0,30819,509
2025-09-28,port218,Cartagena,11,6,29432,8763,0,27839,884,708,0,0,4514,4249,0,0
2025-09-29,port218,Cartagena,10,4,22784,47325,0,1444,2722,17585,1031,0,1998,0,45327,0
2025-09-30,port218,Cartagena,11,8,28468,46078,0,14205,0,14263,0,0,22385,0,23692,0
2025-10-01,port218,Cartagena,10,5,120583,3055,35363,52918,884,30591,825,0,1511,1458,0,85
2025-10-02,port218,Cartagena,13,10,27639,29606,0,11554,379,15705,0,2297,27308,0,0,0
2025-10-03,port218,Cartagena,10,7,137711,25178,0,40518,3986,93206,0,0,23719,1458,0,0
2025-10-04,port218,Cartagena,12,5,149232,70580,0,31441,884,116907,0,51085,18037,1458,0,0
2025-10-05,port218,Cartagena,11,8,30529,12124,0,18529,0,12000,0,0,12010,0,114,0
2025-10-06,port218,Cartagena,10,8,21939,25397,0,13264,0,0,8675,0,25311,0,0,85
2025-10-07,port218,Cartagena,8,6,1659,72572,0,775,884,0,0,44414,26698,1458,0,0
2025-10-08,port218,Cartagena,10,5,15741,32051,0,5975,884,8881,0,3379,27213,1458,0,0
2025-10-09,port218,Cartagena,16,11,16096,110457,0,15212,884,0,0,0,34582,7701,68173,0
2025-10-10,port218,Cartagena,14,8,52853,92957,18652,30307,884,3009,0,0,9098,1458,82400,0
2025-10-11,port218,Cartagena,6,5,29696,44979,0,29696,0,0,0,0,31622,0,13356,0
2025-10-12,port218,Cartagena,11,5,38647,71887,643,34994,0,3009,0,52901,4893,2247,11846,0
2025-10-13,port218,Cartagena,12,9,101742,21357,0,21759,884,79097,0,0,19899,1458,0,0
2025-10-14,port218,Cartagena,12,9,40599,38878,0,31997,691,4585,3325,0,38878,0,0,0
2025-10-15,port218,Cartagena,11,4,42315,47391,0,24137,0,18177,0,0,7667,1665,38058,0
2025-10-16,port218,Cartagena,16,9,112650,21486,7158,49191,884,55416,0,0,8181,1458,11846,0
2025-10-17,port218,Cartagena,11,9,40225,21490,2759,37465,0,0,0,0,21490,0,0,0
2025-10-18,port218,Cartagena,11,8,40503,56153,5288,26244,0,8970,0,0,5528,0,50624,0
2025-10-19,port218,Cartagena,11,8,6361,39556,0,5476,884,0,0,2297,35535,1723,0,0
2025-10-20,port218,Cartagena,13,9,10893,149440,0,5568,344,4980,0,46401,9729,0,93309,0
2025-10-21,port218,Cartagena,15,9,35294,68925,11208,5663,0,18421,0,10426,30508,439,27551,0
2025-10-22,port218,Cartagena,10,5,60340,58153,0,39961,884,19494,0,48813,7881,1458,0,0
2025-10-23,port218,Cartagena,10,9,35907,12459,0,35196,0,0,711,0,12432,0,0,27
2025-10-24,port218,Cartagena,8,7,16098,23719,0,15213,884,0,0,0,22261,1458,0,0
2025-10-25,port218,Cartagena,9,8,14116,24204,0,14116,0,0,0,0,21988,0,2215,0
2025-10-26,port218,Cartagena,7,5,4942,31467,0,374,0,4567,0,0,19621,0,11846,0
2025-10-27,port218,Cartagena,13,8,40004,80382,0,24844,884,14275,0,0,13480,1458,65444,0
2025-10-28,port218,Cartagena,10,5,23038,53891,0,0,0,20998,2039,0,22849,0,31042,0
2025-10-29,port218,Cartagena,10,6,49216,9767,0,47447,1769,0,0,0,5781,2916,1068,0
2025-10-30,port218,Cartagena,11,7,19406,76590,0,9929,0,9476,0,3534,13592,0,59463,0
2025-10-31,port218,Cartagena,11,10,13886,27568,0,12863,0,0,1023,0,27568,0,0,0
2025-11-01,port218,Cartagena,13,6,108532,40053,0,23899,3565,81067,0,5447,9455,1458,23692,0
2025-11-02,port218,Cartagena,7,4,15410,30155,9758,5652,0,0,0,0,20608,9546,0,0
2025-11-03,port218,Cartagena,11,8,30498,29345,0,28764,1734,0,0,0,13640,0,15705,0
2025-11-04,port218,Cartagena,11,9,28949,13941,0,10934,0,18014,0,0,13941,0,0,0
2025-11-05,port218,Cartagena,14,9,39081,87395,8313,30768,0,0,0,0,22424,0,64970,0
2025-11-06,port218,Cartagena,12,6,40575,13215,0,35464,2653,0,2457,2547,6292,4375,0,0
2025-11-07,port218,Cartagena,10,8,5163,31253,0,917,0,4245,0,0,29587,1665,0,0
2025-11-08,port218,Cartagena,15,10,55426,73476,14503,32678,0,8244,0,0,21864,0,50588,1023
2025-11-09,port218,Cartagena,9,5,29504,59813,0,22653,884,5966,0,45959,12396,1458,0,0
2025-11-10,port218,Cartagena,12,7,29779,23700,0,12469,6,11631,5671,0,19869,3831,0,0
2025-11-11,port218,Cartagena,16,8,28290,181095,0,11280,884,16124,0,98033,19973,1458,61630,0
2025-11-12,port218,Cartagena,10,5,37586,5291,0,24228,0,12097,1259,0,0,0,5205,85
2025-11-13,port218,Cartagena,13,8,29827,49561,15681,9373,0,4772,0,0,17377,0,32183,0
2025-11-14,port218,Cartagena,11,9,16548,34711,0,8940,884,6723,0,0,33252,1458,0,0
2025-11-15,port218,Cartagena,10,8,39458,5388,0,38474,158,0,825,0,5302,0,0,85
2025-11-16,port218,Cartagena,11,8,87082,28850,4988,12240,0,69853,0,0,28850,0,0,0
2025-11-17,port218,Cartagena,9,7,143807,8663,0,65212,0,78595,0,0,6928,1734,0,0
2025-11-18,port218,Cartagena,14,6,14489,124403,0,3458,0,11030,0,7017,31559,198,85627,0
2025-11-19,port218,Cartagena,12,10,32076,36210,0,30904,0,1171,0,18609,17600,0,0,0
2025-11-20,port218,Cartagena,14,9,25935,69421,0,11885,884,13166,0,41722,26240,1458,0,0
2025-11-21,port218,Cartagena,10,9,23035,17529,0,19048,0,3987,0,0,17529,0,0,0
2025-11-22,port218,Cartagena,13,8,36470,33096,0,23984,0,12486,0,0,15824,5425,11846,0
2025-11-23,port218,Cartagena,6,5,32090,13648,30467,1622,0,0,0,0,13648,0,0,0
2025-11-24,port218,Cartagena,14,7,32472,4652,0,22149,0,10322,0,0,2695,1842,114,0
2025-11-25,port218,Cartagena,14,8,55386,61786,0,42989,884,8244,3267,0,16434,1458,43893,0
2025-11-26,port218,Cartagena,11,7,15599,59297,0,4991,4357,3009,3241,0,11695,0,47601,0
2025-11-27,port218,Cartagena,11,8,8232,19448,0,7763,0,468,0,0,16734,551,2162,0
2025-11-28,port218,Cartagena,10,8,8131,83561,0,8131,0,0,0,0,22196,0,61364,0
2025-11-29,port218,Cartagena,8,4,21882,57962,0,7094,0,14275,512,25704,1437,0,30819,0
2025-11-30,port218,Cartagena,9,7,92268,21084,0,18014,884,73369,0,0,19626,1458,0,0
2025-12-01,port218,Cartagena,13,6,49140,97581,0,18202,0,29406,1531,2297,7834,0,87449,0
2025-12-02,port218,Cartagena,16,8,35174,73020,2063,30146,1769,0,1195,13596,20629,2916,35433,444
2025-12-03,port218,Cartagena,12,8,44394,21346,0,33246,0,11147,0,611,8888,0,11846,0
2025-12-04,port218,Cartagena,13,9,54980,33509,0,45075,0,8881,1023,18609,14899,0,0,0
2025-12-05,port218,Cartagena,9,8,24468,24236,0,24468,0,0,0,3534,20702,0,0,0
2025-12-06,port218,Cartagena,15,10,45700,72865,0,31256,1769,12674,0,0,39724,2916,30224,0
2025-12-07,port218,Cartagena,8,6,17247,30539,0,12072,0,0,5175,0,30539,0,0,0
2025-12-08,port218,Cartagena,10,6,46419,12785,0,35776,884,9758,0,0,11327,1458,0,0
2025-12-09,port218,Cartagena,10,7,181348,13172,0,38762,0,142585,0,0,11438,1734,0,0
2025-12-10,port218,Cartagena,10,7,7555,22993,0,7555,0,0,0,0,21327,1665,0,0
2025-12-11,port218,Cartagena,11,8,31775,17722,0,14349,0,17425,0,0,17722,0,0,0
2025-12-12,port218,Cartagena,7,5,3387,10551,0,3387,0,0,0,0,10551,0,0,0
2025-12-13,port218,Cartagena,10,7,38319,59207,0,34425,884,3009,0,0,11748,1458,46000,0
2025-12-14,port218,Cartagena,8,5,52629,10870,35314,16430,884,0,0,0,9412,1458,0,0
2025-12-15,port218,Cartagena,11,8,27013,142238,6549,6189,0,14275,0,0,38289,0,103949,0
2025-12-16,port218,Cartagena,12,10,21409,41823,0,21409,0,0,0,19035,22788,0,0,0
2025-12-17,port218,Cartagena,10,7,51641,79786,0,30642,0,20998,0,0,9001,0,70785,0
2025-12-18,port218,Cartagena,14,10,42378,88938,0,15481,3740,23156,0,26298,31820,0,30819,0
2025-12-19,port218,Cartagena,9,6,18712,8238,0,18712,0,0,0,2143,6094,0,0,0
2025-12-20,port218,Cartagena,12,8,90092,50772,44271,41900,0,3920,0,0,14473,0,36299,0
2025-12-21,port218,Cartagena,6,4,11810,43619,0,11810,0,0,0,18279,25339,0,0,0
2025-12-22,port218,Cartagena,10,5,10924,37655,0,7691,224,3009,0,3534,11663,10610,11846,0
2025-12-23,port218,Cartagena,10,7,85787,14443,0,7242,0,77524,1020,0,14443,0,0,0
2025-12-24,port218,Cartagena,8,6,39895,50238,0,34716,0,5178,0,0,7648,0,42589,0
2025-12-25,port218,Cartagena,12,8,24965,24216,0,20186,1769,3009,0,0,9453,2916,11846,0
2025-12-26,port218,Cartagena,12,7,13540,35398,0,13540,0,0,0,0,27624,1690,6083,0
2025-12-27,port218,Cartagena,11,9,20499,17109,0,15222,0,5277,0,0,16995,0,114,0
2025-12-28,port218,Cartagena,8,6,66497,8914,0,13621,884,51991,0,0,7456,1458,0,0
2025-12-29,port218,Cartagena,15,8,57527,198541,23467,26333,884,6842,0,10426,48686,1458,137970,0
2025-12-30,port218,Cartagena,11,8,10028,29834,0,6727,2785,0,515,0,29834,0,0,0
2025-12-31,port218,Cartagena,8,1,59726,91966,0,24326,13004,22395,0,0,0,1458,90508,0
2026-01-01,port218,Cartagena,13,8,39959,69059,19056,13295,884,6723,0,50468,17132,1458,0,0
2026-01-02,port218,Cartagena,9,7,29149,26093,0,14792,0,14357,0,0,26093,0,0,0
2026-01-03,port218,Cartagena,10,10,32313,17215,0,32313,0,0,0,0,17215,0,0,0
2026-01-04,port218,Cartagena,11,8,54912,22041,26226,28685,0,0,0,0,20084,1956,0,0
2026-01-05,port218,Cartagena,14,9,89692,27325,0,12636,0,77055,0,0,15479,0,11846,0
2026-01-06,port218,Cartagena,8,7,34792,6605,0,33908,884,0,0,0,5146,1458,0,0
2026-01-07,port218,Cartagena,11,6,41430,42244,0,15887,0,18860,6682,0,11424,0,30819,0
2026-01-08,port218,Cartagena,14,8,68018,30827,0,24274,884,42858,0,5986,23382,1458,0,0
2026-01-09,port218,Cartagena,15,10,74301,91462,52227,8551,0,13521,0,56588,34760,0,114,0
2026-01-10,port218,Cartagena,11,7,18506,29805,0,15580,884,2041,0,0,16918,1458,11428,0
2026-01-11,port218,Cartagena,7,5,14607,14629,0,11598,0,3009,0,0,2783,0,11846,0
2026-01-12,port218,Cartagena,12,8,17375,22939,0,15815,0,1559,0,18279,4660,0,0,0
2026-01-13,port218,Cartagena,10,8,14245,21633,0,4983,0,9262,0,0,21633,0,0,0
2026-01-14,port218,Cartagena,11,5,60303,12657,0,33561,0,26742,0,0,10966,1690,0,0
2026-01-15,port218,Cartagena,8,6,12489,36054,0,9055,884,0,2549,0,34595,1458,0,0
2026-01-16,port218,Cartagena,12,9,26891,75314,10068,16822,0,0,0,39741,35572,0,0,0
2026-01-17,port218,Cartagena,12,8,89140,18476,22554,57108,0,9476,0,10426,5290,0,2759,0
2026-01-18,port218,Cartagena,10,6,14751,116367,0,11742,0,3009,0,0,14939,0,99693,1734
2026-01-19,port218,Cartagena,10,7,13654,12600,0,12769,884,0,0,0,11142,1458,0,0
2026-01-20,port218,Cartagena,13,8,25806,33544,0,16185,9620,0,0,0,29827,3716,0,0
2026-01-21,port218,Cartagena,12,5,54885,56267,18980,25340,6,9732,825,0,5192,3831,47157,85
2026-01-22,port218,Cartagena,12,9,11201,57623,0,8155,692,0,2353,0,11879,0,45744,0
2026-01-23,port218,Cartagena,12,11,36356,27184,0,36356,0,0,0,0,27184,0,0,0
2026-01-24,port218,Cartagena,12,8,17738,106363,11208,5645,884,0,0,12724,23398,1458,68782,0
2026-01-25,port218,Cartagena,11,7,36226,45947,0,22748,0,13477,0,0,13782,0,32165,0
2026-01-26,port218,Cartagena,10,8,14718,15432,0,13833,884,0,0,0,13974,1458,0,0
2026-01-27,port218,Cartagena,8,7,18588,35100,0,5348,0,13240,0,0,35100,0,0,0
2026-01-28,port218,Cartagena,8,6,55400,5864,0,38308,0,17091,0,0,4290,1574,0,0
2026-01-29,port218,Cartagena,10,7,52990,38836,0,29135,0,23855,0,0,15144,0,23692,0
2026-01-30,port218,Cartagena,11,7,23866,64352,0,11860,0,12005,0,25297,27209,0,11846,0
2026-01-31,port218,Cartagena,10,7,38103,68624,0,29287,0,8815,0,46713,10064,0,11846,0
2026-02-01,port218,Cartagena,11,6,75438,87063,61338,479,884,12736,0,0,28692,1458,56911,0
2026-02-02,port218,Cartagena,11,8,25871,24875,0,24986,884,0,0,10479,12936,1458,0,0
2026-02-03,port218,Cartagena,11,7,47458,31574,11208,30972,0,5277,0,10426,21033,0,114,0
2026-02-04,port218,Cartagena,9,5,15302,59301,0,11764,1769,1768,0,0,9586,2916,46798,0
2026-02-05,port218,Cartagena,8,6,18995,6657,0,7804,0,10365,825,0,6571,0,0,85
2026-02-06,port218,Cartagena,17,9,49864,107723,0,9375,1769,38719,0,1223,26299,2916,77283,0
2026-02-07,port218,Cartagena,11,6,102439,14389,5623,37896,6,58913,0,0,8892,5497,0,0
2026-02-08,port218,Cartagena,8,5,68981,46241,19608,35097,0,14275,0,2297,13123,0,30819,0
2026-02-09,port218,Cartagena,12,6,18867,9322,0,6768,1045,11053,0,0,7864,1458,0,0
2026-02-10,port218,Cartagena,10,7,82212,24413,33637,48575,0,0,0,0,22532,0,1881,0
2026-02-11,port218,Cartagena,13,8,35814,41474,0,21202,0,11253,3357,0,29542,0,11846,85
2026-02-12,port218,Cartagena,10,6,26945,28827,5191,11750,0,10004,0,0,16981,0,11846,0
2026-02-13,port218,Cartagena,13,6,21557,73403,0,12256,6291,3009,0,0,20121,0,53281,0
2026-02-14,port218,Cartagena,11,7,65265,48512,0,30995,884,32874,511,31819,15234,1458,0,0
2026-02-15,port218,Cartagena,13,9,15531,56321,0,5932,0,4848,4750,12409,43911,0,0,0
2026-02-16,port218,Cartagena,12,8,37054,70692,10507,12272,0,14275,0,522,17919,0,52249,0
2026-02-17,port218,Cartagena,10,8,3766,72080,0,2941,0,0,825,0,28880,0,43114,85
2026-02-18,port218,Cartagena,11,7,44795,35669,11208,23881,0,9704,0,28705,6964,0,0,0
2026-02-19,port218,Cartagena,16,9,65620,81764,33840,11486,0,20293,0,0,26906,0,54857,0
2026-02-20,port218,Cartagena,12,7,26115,156251,0,25230,884,0,0,0,11684,1458,143109,0
2026-02-21,port218,Cartagena,8,7,73063,39235,0,58788,0,14275,0,0,8415,0,30819,0
2026-02-22,port218,Cartagena,11,6,118951,58714,3932,20253,0,94765,0,0,22412,0,36302,0
2026-02-23,port218,Cartagena,17,10,96767,87413,0,36319,884,59563,0,0,22472,3301,61639,0
2026-02-24,port218,Cartagena,11,9,11545,46703,0,8536,0,3009,0,0,34857,0,11846,0
2026-02-25,port218,Cartagena,11,5,62531,33232,22629,11763,0,28138,0,2297,0,0,30934,0
2026-02-26,port218,Cartagena,8,5,10773,25882,0,2941,6,7825,0,0,22051,3831,0,0
2026-02-27,port218,Cartagena,14,11,42204,30602,0,33959,0,8244,0,0,16658,13944,0,0
2026-02-28,port218,Cartagena,9,6,57724,4592,0,46763,0,10960,0,0,4592,0,0,0
2026-03-01,port218,Cartagena,7,6,44778,35134,29820,14957,0,0,0,0,35134,0,0,0
2026-03-02,port218,Cartagena,15,6,88715,69223,0,12282,1769,74663,0,0,1169,2916,65136,0
2026-03-03,port218,Cartagena,11,9,19810,38350,11208,6435,0,0,2166,10426,27924,0,0,0
2026-03-04,port218,Cartagena,11,7,38741,46648,0,37857,884,0,0,3379,4250,4225,34793,0
2026-03-05,port218,Cartagena,8,5,0,17845,0,0,0,0,0,520,16813,0,0,510
2026-03-06,port218,Cartagena,9,7,26670,15232,0,23978,0,1866,825,0,15146,0,0,85
2026-03-07,port218,Cartagena,12,9,38013,39389,0,33740,0,4272,0,0,31841,0,7547,0
2026-03-08,port218,Cartagena,8,5,33921,74207,0,19646,0,14275,0,0,6572,0,67122,512
2026-03-09,port218,Cartagena,13,6,39856,171224,24114,14857,884,0,0,46316,26697,1458,96752,0
2026-03-10,port218,Cartagena,12,9,35460,18951,0,35460,0,0,0,0,17631,0,1319,0
2026-03-11,port218,Cartagena,11,5,35801,26455,0,9351,0,26450,0,2297,8126,4184,11846,0
2026-03-12,port218,Cartagena,14,9,190228,47751,166677,23551,0,0,0,0,19579,0,27659,511
2026-03-13,port218,Cartagena,12,8,27205,98461,0,27205,0,0,0,0,11849,8156,78455,0
2026-03-14,port218,Cartagena,10,7,57862,11280,0,48980,0,8881,0,0,8074,161,0,3044
2026-03-15,port218,Cartagena,11,6,77579,64839,13402,934,0,63243,0,10426,54413,0,0,0
2026-03-16,port218,Cartagena,10,6,39024,28786,27767,8838,884,0,1533,12453,14874,1458,0,0
2026-03-17,port218,Cartagena,12,6,23111,124689,0,17246,884,4980,0,5730,13128,1458,104371,0
2026-03-18,port218,Cartagena,10,7,63114,15741,16157,30511,0,14400,2044,0,15741,0,0,0
2026-03-19,port218,Cartagena,14,8,39764,27702,31611,6276,0,1875,0,13074,14628,0,0,0
2026-03-20,port218,Cartagena,12,10,24635,17374,0,16390,0,8244,0,0,14286,0,3088,0
2026-03-21,port218,Cartagena,12,8,67880,22036,48475,15511,884,3009,0,0,8732,1458,11846,0
2026-03-22,port218,Cartagena,8,4,113475,2282,0,22161,3908,86384,1020,0,2282,0,0,0
2026-03-23,port218,Cartagena,12,6,38824,68662,0,13333,1420,23245,825,7017,29280,1458,30819,85
2026-03-24,port218,Cartagena,13,9,8879,67579,0,8879,0,0,0,0,33018,0,33693,867
2026-03-25,port218,Cartagena,7,5,38345,14786,0,33373,0,3009,1962,0,2940,0,11846,0
2026-03-26,port218,Cartagena,13,9,42020,117057,10313,28697,0,3009,0,18279,16911,0,81867,0
2026-03-27,port218,Cartagena,11,9,18277,60626,0,18277,0,0,0,0,7424,0,53201,0
2026-03-28,port218,Cartagena,14,8,76281,96391,0,28204,266,47810,0,64770,31621,0,0,0
2026-03-29,port218,Cartagena,9,5,6317,41091,0,5275,216,0,825,2297,38707,0,0,85
2026-03-30,port218,Cartagena,10,3,38731,109120,0,0,884,37847,0,0,15093,6068,87958,0
2026-03-31,port218,Cartagena,10,8,23482,46900,0,19737,0,3745,0,0,35054,0,11846,0
2026-04-01,port218,Cartagena,7,6,39254,5908,0,39254,0,0,0,0,5908,0,0,0
2026-04-02,port218,Cartagena,12,7,24089,13467,0,17521,0,6568,0,0,6543,0,6923,0
2026-04-03,port218,Cartagena,16,10,80079,74110,38978,19155,0,21945,0,0,32843,1924,39342,0
2026-04-04,port218,Cartagena,8,6,51184,20470,31070,20114,0,0,0,0,5578,14892,0,0
2026-04-05,port218,Cartagena,7,6,44252,23115,0,30836,0,13416,0,0,23115,0,0,0
2026-04-06,port218,Cartagena,12,3,85158,46993,0,0,884,84274,0,0,14506,1458,30003,1024
2026-04-07,port218,Cartagena,12,7,67977,54521,11208,45556,0,10387,825,10426,4567,0,39441,85
2026-04-08,port218,Cartagena,10,7,45954,71159,0,43676,0,0,2277,61250,9909,0,0,0
2026-04-09,port218,Cartagena,8,6,19687,41193,0,19687,0,0,0,0,4807,0,36386,0
2026-04-10,port218,Cartagena,14,9,39339,52226,11208,10245,884,17000,0,10426,28495,1458,11846,0
2026-04-11,port218,Cartagena,12,7,70937,41795,0,49348,0,21589,0,0,5492,0,36302,0
2026-04-12,port218,Cartagena,14,8,113780,50381,11208,32098,0,70473,0,28705,19352,221,2101,0
2026-04-13,port218,Cartagena,8,4,19089,64115,0,15299,1769,0,2021,55468,5729,2916,0,0
2026-04-14,port218,Cartagena,9,8,23043,21649,0,20034,0,3009,0,0,9803,0,11846,0
2026-04-15,port218,Cartagena,12,5,94549,12417,0,15940,4982,72707,919,2297,6995,3124,0,0
2026-04-16,port218,Cartagena,16,10,71813,145136,0,30958,884,36757,3213,0,26740,1458,116938,0
2026-04-17,port218,Cartagena,11,6,30828,35926,0,12895,0,17107,825,0,10513,1842,23484,85
2026-04-18,port218,Cartagena,13,10,53313,49784,0,44545,0,6723,2044,0,18808,0,30975,0
2026-04-19,port218,Cartagena,7,5,26672,7181,0,24592,884,0,1195,0,5278,1458,0,444
2026-04-20,port218,Cartagena,12,5,37741,81446,0,11591,1171,24978,0,0,23450,1458,56538,0
2026-04-21,port218,Cartagena,12,10,26641,25762,10143,16497,0,0,0,0,25762,0,0,0
2026-04-22,port218,Cartagena,10,2,108696,69220,29493,2583,0,74574,2044,0,787,1005,67427,0
2026-04-23,port218,Cartagena,14,9,19243,83148,6693,8914,1069,0,2565,0,35209,0,47939,0
2026-04-24,port218,Cartagena,9,6,27915,12823,0,14128,0,12961,825,0,12737,0,0,85
2026-04-25,port218,Cartagena,12,8,50046,65384,3439,46607,0,0,0,7017,22586,0,35780,0
2026-04-26,port218,Cartagena,14,7,72516,60070,0,24981,0,47534,0,18279,11222,4416,26151,0
2026-04-27,port218,Cartagena,13,7,45088,66036,13325,10873,1769,19120,0,0,61383,4653,0,0
2026-04-28,port218,Cartagena,11,7,64685,44892,55650,9034,0,0,0,25788,19103,0,0,0
2026-04-29,port218,Cartagena,10,7,80324,2746,25218,55105,0,0,0,0,2746,0,0,0
2026-04-30,port218,Cartagena,11,9,47807,27593,0,45158,0,0,2648,0,27593,0,0,0
2026-05-01,port218,Cartagena,12,6,57766,68885,0,32934,0,23810,1022,2297,19962,0,46624,0
2026-05-02,port218,Cartagena,17,10,119734,133640,11208,22323,0,84180,2021,10426,20956,8480,93777,0
2026-05-03,port218,Cartagena,8,4,48342,78468,0,34067,0,14275,0,38366,9281,0,30819,0
2026-05-04,port218,Cartagena,6,5,14763,19359,0,6176,0,8586,0,0,19359,0,0,0
2026-05-05,port218,Cartagena,14,9,24082,65328,12328,10558,0,0,1195,2773,22952,4156,35000,444
2026-05-06,port218,Cartagena,11,8,57274,49975,0,45998,0,11275,0,0,8832,0,41143,0
2026-05-07,port218,Cartagena,10,9,27608,47456,0,22844,0,4763,0,0,18767,0,28688,0
2026-05-08,port218,Cartagena,16,11,100651,115091,0,20016,884,79749,0,568,19274,1458,93790,0
2026-05-09,port218,Cartagena,10,6,92615,16224,57594,19586,0,14098,1336,0,16138,0,0,85
2026-05-10,port218,Cartagena,7,6,11530,11280,0,11530,0,0,0,0,11280,0,0,0
2026-05-11,port218,Cartagena,10,8,27016,21089,0,16969,0,10047,0,0,21089,0,0,0
2026-05-12,port218,Cartagena,11,7,56297,29933,0,20860,0,34611,825,21813,8033,0,0,85
2026-05-13,port218,Cartagena,13,5,35224,95012,0,14231,884,17292,2815,0,39884,3306,51820,0
2026-05-14,port218,Cartagena,11,9,24025,14473,0,21493,0,0,2532,0,10446,4027,0,0
2026-05-15,port218,Cartagena,20,11,35181,181126,11208,23087,884,0,0,53953,15601,1458,110112,0
2026-05-16,port218,Cartagena,11,7,12599,22910,0,10679,0,1094,825,0,22824,0,0,85
2026-05-17,port218,Cartagena,10,6,119240,36228,0,40924,0,77490,825,0,7454,0,28688,85
2026-05-18,port218,Cartagena,7,5,34378,77249,0,19234,0,15144,0,26517,50731,0,0,0
2026-05-19,port218,Cartagena,14,7,57929,109027,0,12243,6033,39651,0,49464,25273,1458,32831,0
2026-05-20,port218,Cartagena,14,6,67347,76421,45370,19717,884,0,1374,56617,10862,6321,2620,0
2026-05-21,port218,Cartagena,12,8,22396,41197,0,7012,0,13993,1390,18953,10397,0,11846,0
2026-05-22,port218,Cartagena,12,7,114689,27238,56385,53823,884,0,3596,0,8782,1458,14668,2327
2026-05-23,port218,Cartagena,12,11,35007,29070,0,34296,0,0,711,0,29043,0,0,27
2026-05-24,port218,Cartagena,7,6,11950,5542,0,11950,0,0,0,0,5542,0,0,0
2026-05-25,port218,Cartagena,10,5,17774,70145,0,0,6,17767,0,0,34167,3831,32147,0
2026-05-26,port218,Cartagena,12,8,25316,97437,0,20186,884,4245,0,0,24404,1458,71573,0
2026-05-27,port218,Cartagena,7,5,73194,0,0,53389,5031,14773,0,0,0,0,0,0
2026-05-28,port218,Cartagena,14,11,88279,26130,0,29056,0,59223,0,7017,19112,0,0,0
2026-05-29,port218,Cartagena,16,10,28681,55615,0,8127,0,20554,0,18279,37071,264,0,0
2026-05-30,port218,Cartagena,10,7,17078,63103,0,13184,884,3009,0,0,17650,1458,43993,0
2026-05-31,port218,Cartagena,12,5,122440,38134,61203,36672,0,24565,0,0,21676,4611,11846,0
2026-06-01,port218,Cartagena,7,5,3740,7034,0,3740,0,0,0,0,6363,671,0,0
2026-06-02,port218,Cartagena,12,4,20811,43613,11208,7248,0,2353,0,14047,29566,0,0,0
2026-06-03,port218,Cartagena,10,6,129425,3740,0,43979,884,83531,1029,0,2282,1458,0,0
2026-06-04,port218,Cartagena,11,7,31990,14553,0,17971,0,14019,0,0,12816,1736,0,0
2026-06-05,port218,Cartagena,11,8,18235,71620,0,7250,0,10984,0,0,35305,0,36314,0
2026-06-06,port218,Cartagena,10,8,63346,13767,0,37589,0,25756,0,0,13767,0,0,0
2026-06-07,port218,Cartagena,8,6,31258,30788,0,27302,0,0,3956,0,23019,0,7768,0
2026-06-08,port218,Cartagena,10,6,14316,56511,0,12547,1769,0,0,33768,14212,2916,5613,0
2026-06-09,port218,Cartagena,11,7,50774,91268,31328,5170,0,14275,0,0,26218,0,65049,0
2026-06-10,port218,Cartagena,7,5,38893,19747,0,35884,0,3009,0,0,7900,0,11846,0
2026-06-11,port218,Cartagena,15,9,27054,126660,2063,14840,1905,8244,0,2773,13492,1458,108936,0
2026-06-12,port218,Cartagena,15,8,39500,24883,28663,6949,1263,0,2624,2015,20350,2516,0,0
2026-06-13,port218,Cartagena,15,9,73063,39046,15721,32023,884,22411,2021,7017,30570,1458,0,0
2026-06-14,port218,Cartagena,12,7,32181,40231,2371,14650,884,14275,0,0,5592,3818,30819,0
2026-06-15,port218,Cartagena,9,4,25066,57770,5484,6029,0,13552,0,0,6721,0,51049,0
2026-06-16,port218,Cartagena,12,6,40230,122120,0,23730,0,14454,2045,0,15054,0,107066,0
2026-06-17,port218,Cartagena,10,8,117414,13712,0,39349,0,77239,825,0,13627,0,0,85
2026-06-18,port218,Cartagena,12,7,21483,95081,8312,13170,0,0,0,84216,10865,0,0,0
2026-06-19,port218,Cartagena,17,12,46496,104616,0,28327,884,17284,0,0,44786,1458,58371,0
2026-06-20,port218,Cartagena,14,8,49669,30445,0,37597,4142,6723,1206,0,27569,2875,0,0
2026-06-21,port218,Cartagena,7,6,11532,31081,0,8978,0,0,2554,0,31081,0,0,0
2026-06-22,port218,Cartagena,12,5,95918,68433,0,4308,0,89332,2277,45157,13951,0,9323,0
2026-06-23,port218,Cartagena,9,6,33539,19501,0,29514,373,2826,825,0,19416,0,0,85
2026-06-24,port218,Cartagena,14,10,83042,30865,16610,41631,0,24801,0,0,15160,0,15705,0
2026-06-25,port218,Cartagena,13,7,47878,33018,0,40149,1769,5449,510,0,13803,7368,11846,0
2026-06-26,port218,Cartagena,11,9,13091,29463,2063,6968,0,4058,0,2773,26690,0,0,0
2026-06-27,port218,Cartagena,8,5,29092,39944,0,29092,0,0,0,0,19133,10863,9946,0
2026-06-28,port218,Cartagena,12,5,50437,63873,40439,6365,224,3408,0,44143,17800,1929,0,0
2026-06-29,port218,Cartagena,10,5,21285,56353,0,8514,884,11886,0,0,27343,1458,27551,0
2026-06-30,port218,Cartagena,8,6,39362,67393,0,25087,0,14275,0,0,14056,0,53337,0
2026-07-01,port218,Cartagena,10,8,124116,25429,0,12262,0,111853,0,0,25429,0,0,0
2026-07-02,port218,Cartagena,11,8,16691,80889,0,16691,0,0,0,53231,25992,1665,0,0
2026-07-03,port218,Cartagena,9,7,41688,76042,0,38956,0,0,2732,58058,17984,0,0,0
2026-07-04,port218,Cartagena,16,7,79037,48289,0,38389,0,40647,0,2297,11202,3968,30819,0
2026-07-05,port218,Cartagena,9,4,5222,117179,0,2941,1769,0,511,0,32725,2916,81537,0
2026-07-06,port218,Cartagena,10,5,127278,22768,17393,24432,0,82803,2648,10426,12341,0,0,0
2026-07-07,port218,Cartagena,8,5,44780,21714,0,20160,0,24619,0,0,21714,0,0,0
2026-07-08,port218,Cartagena,10,7,54525,15020,35590,16375,0,0,2560,0,15020,0,0,0
2026-07-09,port218,Cartagena,14,9,33563,8896,0,27873,884,3979,825,777,4838,3195,0,85
2026-07-10,port218,Cartagena,12,9,16257,66612,0,4248,0,9732,2276,0,54766,0,11846,0
2026-07-11,port218,Cartagena,12,7,39446,94709,11208,28237,0,0,0,10426,29589,0,54693,0
2026-07-12,port218,Cartagena,10,4,17994,33571,0,5882,221,11890,0,0,21725,0,11846,0
2026-07-13,port218,Cartagena,11,8,52712,116255,0,38437,0,14275,0,0,38947,0,77307,0
2026-07-14,port218,Cartagena,12,8,14100,21077,0,13215,884,0,0,0,6416,1458,13203,0
2026-07-15,port218,Cartagena,17,9,53576,130916,13783,17758,0,20197,1837,0,14783,0,116133,0
2026-07-16,port218,Cartagena,8,6,121595,9399,41279,7414,0,72901,0,0,9399,0,0,0
2026-07-17,port218,Cartagena,10,6,28611,104143,0,28611,0,0,0,0,19364,0,84779,0
2026-07-18,port218,Cartagena,8,6,39418,36960,0,34482,0,4936,0,18279,18681,0,0,0
2026-07-19,port218,Cartagena,11,7,35168,43164,0,18548,884,15734,0,0,29859,1458,11846,0
2026-07-20,port218,Cartagena,8,5,21908,9906,0,21908,0,0,0,0,8016,1890,0,0
2026-07-21,port218,Cartagena,10,6,33618,24907,0,20109,884,8996,3627,0,23448,1458,0,0
2026-07-22,port218,Cartagena,7,4,37198,17506,0,37198,0,0,0,17392,114,0,0,0
2026-07-23,port218,Cartagena,16,7,21867,129140,2063,9692,0,8581,1529,60107,17680,5212,46140,0
2026-07-24,port218,Cartagena,10,6,17845,25896,0,1745,884,15215,0,0,24437,1458,0,0
2026-07-25,port218,Cartagena,10,8,60979,10065,0,54256,0,6723,0,0,10065,0,0,0
2026-07-26,port218,Cartagena,5,4,19450,11190,0,19450,0,0,0,0,11190,0,0,0
2026-07-27,port218,Cartagena,11,4,42135,85998,31591,1920,0,4980,3643,7017,27959,0,51021,0
2026-07-28,port218,Cartagena,11,6,94542,14559,0,19329,884,74328,0,0,9820,3810,0,928
2026-07-29,port218,Cartagena,10,6,45102,55853,8067,34026,0,3009,0,0,6750,1690,47411,0
2026-07-30,port218,Cartagena,8,6,27364,7677,0,14381,884,12097,0,0,6219,1458,0,0
2026-07-31,port218,Cartagena,14,9,16283,59370,0,8147,884,7251,0,0,28901,1458,29010,0
2026-08-01,port218,Cartagena,11,9,79387,41899,48592,30795,0,0,0,18279,23620,0,0,0
2026-08-02,port218,Cartagena,8,7,9334,39339,0,8823,0,0,511,0,39339,0,0,0
2026-08-03,port218,Cartagena,4,2,884,56405,0,0,884,0,0,0,6452,1458,48494,0
2026-08-04,port218,Cartagena,8,5,21927,36618,0,21415,0,0,511,32636,3981,0,0,0
2026-08-05,port218,Cartagena,5,4,110133,6163,0,39944,0,70189,0,0,6163,0,0,0
2026-08-06,port218,Cartagena,12,8,37843,43586,0,13362,884,23271,324,0,11307,1458,30819,0
2026-08-07,port218,Cartagena,18,9,79933,33142,17547,35635,884,23588,2277,11492,17939,3710,0,0
2026-08-08,port218,Cartagena,14,8,36615,71810,0,34846,1769,0,0,5522,15879,2916,47491,0
2026-08-09,port218,Cartagena,6,2,15336,13565,0,11443,884,3009,0,0,260,1458,11846,0
2026-08-10,port218,Cartagena,10,6,26816,25143,0,25793,0,0,1023,1367,16037,7739,0,0
2026-08-11,port218,Cartagena,9,8,34970,8064,0,34145,0,0,825,0,7979,0,0,85
2026-08-12,port218,Cartagena,8,6,9642,55015,0,9642,0,0,0,0,10153,0,44861,0
2026-08-13,port218,Cartagena,15,8,111549,111898,0,16526,884,94137,0,36076,16834,1458,57528,0
2026-08-14,port218,Cartagena,16,11,28856,55643,0,10077,5069,9802,3907,0,54184,1458,0,0
2026-08-15,port218,Cartagena,9,5,50530,5878,0,46972,134,3423,0,0,5878,0,0,0
2026-08-16,port218,Cartagena,7,5,18342,135580,0,13285,0,5057,0,0,22081,0,113499,0
2026-08-17,port218,Cartagena,7,5,13543,27500,0,12658,884,0,0,18279,7763,1458,0,0
2026-08-18,port218,Cartagena,10,6,49908,49964,30677,10349,0,8881,0,0,4927,0,45036,0
2026-08-19,port218,Cartagena,11,6,33895,20764,0,16657,4253,12985,0,0,20764,0,0,0
2026-08-20,port218,Cartagena,12,11,16148,56200,0,16148,0,0,0,0,22668,0,33532,0
2026-08-21,port218,Cartagena,8,5,26630,30966,11208,13224,0,0,2196,10426,20540,0,0,0
2026-08-22,port218,Cartagena,6,4,30060,18188,0,22452,884,6723,0,0,16730,1458,0,0
2026-08-23,port218,Cartagena,12,6,28891,18165,0,21844,1769,5277,0,3534,8336,2916,3377,0
2026-08-24,port218,Cartagena,13,6,8142,145250,0,2581,884,4676,0,0,26677,1458,117114,0
2026-08-25,port218,Cartagena,13,8,142378,66397,30376,36279,884,74838,0,0,18885,1458,46053,0
2026-08-26,port218,Cartagena,8,5,18951,19241,0,15102,0,3848,0,7559,9874,1807,0,0
2026-08-27,port218,Cartagena,10,7,64843,66753,49093,12741,0,3009,0,0,19114,0,47638,0
2026-08-28,port218,Cartagena,13,10,23683,61938,0,8485,0,15197,0,35549,24698,1690,0,0
2026-08-29,port218,Cartagena,11,9,15050,68083,0,15050,0,0,0,34047,18510,0,15525,0
2026-08-30,port218,Cartagena,5,3,36289,3740,28016,7388,884,0,0,0,2282,1458,0,0
2026-08-31,port218,Cartagena,11,5,92328,36603,0,0,884,91444,0,0,30405,6198,0,0
2026-09-01,port218,Cartagena,8,5,22776,22824,0,18184,0,4591,0,0,6971,135,15718,0
2026-09-02,port218,Cartagena,6,4,30578,4564,0,30114,0,0,463,0,4564,0,0,0
2026-09-03,port218,Cartagena,15,8,9454,75499,0,8569,884,0,0,0,7531,1458,66508,0
2026-09-04,port218,Cartagena,15,10,18546,47051,0,2941,0,15605,0,0,47051,0,0,0
2026-09-05,port218,Cartagena,9,3,93008,41722,0,16419,884,72029,3674,18609,8816,1458,12837,0
2026-09-06,port218,Cartagena,9,4,98529,17868,71224,8638,884,17782,0,0,4564,1458,11846,0
2026-09-07,port218,Cartagena,7,6,19907,25642,0,19907,0,0,0,7017,18625,0,0,0
2026-09-08,port218,Cartagena,12,7,19471,27949,0,14392,231,3009,1837,0,14658,1445,11846,0
2026-09-09,port218,Cartagena,11,7,121322,9037,0,43540,884,74867,2029,0,7579,1458,0,0
2026-09-10,port218,Cartagena,9,4,63532,12655,11208,29599,0,21898,825,12569,0,0,0,85
2026-09-11,port218,Cartagena,20,13,89286,82385,22417,49370,1769,15728,0,20852,26130,4582,30819,0
2019-01-07,port120,Barranquilla,4,0,61635,1709,51182,0,1705,8747,0,0,0,1709,0,0
2019-01-08,port120,Barranquilla,2,1,10765,0,6846,3918,0,0,0,0,0,0,0,0
2019-01-09,port120,Barranquilla,0,0,0,0,0,0,0,0,0,0,0,0,0,0
2019-01-10,port120,Barranquilla,1,1,3528,0,0,3528,0,0,0,0,0,0,0,0
2019-01-11,port120,Barranquilla,9,3,18372,5393,2834,3328,544,11665,0,0,1048,4344,0,0
2019-01-12,port120,Barranquilla,4,0,33895,0,27010,0,6885,0,0,0,0,0,0,0
2019-01-13,port120,Barranquilla,1,1,3813,0,0,3813,0,0,0,0,0,0,0,0
2019-01-14,port120,Barranquilla,4,0,0,0,0,0,0,0,0,0,0,0,0,0
2019-01-15,port120,Barranquilla,3,2,18059,379,0,1302,0,16757,0,0,379,0,0,0
2019-01-16,port120,Barranquilla,3,2,5147,645,0,5147,0,0,0,0,645,0,0,0
2019-01-17,port120,Barranquilla,4,1,61368,29857,61368,0,0,0,0,24731,5126,0,0,0
2019-01-18,port120,Barranquilla,3,1,48621,0,47144,1476,0,0,0,0,0,0,0,0
2019-01-19,port120,Barranquilla,2,2,973,1393,0,973,0,0,0,0,1393,0,0,0
2019-01-20,port120,Barranquilla,2,1,24870,368,24870,0,0,0,0,0,368,0,0,0
2019-01-21,port120,Barranquilla,1,0,0,0,0,0,0,0,0,0,0,0,0,0
2019-01-22,port120,Barranquilla,1,1,0,399,0,0,0,0,0,0,399,0,0,0
2019-01-23,port120,Barranquilla,2,0,0,5775,0,0,0,0,0,0,0,0,5775,0
2019-01-24,port120,Barranquilla,2,1,0,13204,0,0,0,0,0,0,2095,0,11109,0
2019-01-25,port120,Barranquilla,5,2,5721,37290,0,3013,0,2707,0,35859,0,0,1430,0
2019-01-26,port120,Barranquilla,3,2,13231,6117,12011,1220,0,0,0,5472,645,0,0,0
2019-01-27,port120,Barranquilla,2,1,4315,3085,0,0,4315,0,0,0,3085,0,0,0
2019-01-28,port120,Barranquilla,2,1,1918,0,0,1918,0,0,0,0,0,0,0,0
2019-01-29,port120,Barranquilla,3,2,3888,1051,0,2013,0,1875,0,0,0,0,1051,0
2019-01-30,port120,Barranquilla,5,1,71251,1709,68050,1495,1705,0,0,0,0,1709,0,0
2019-01-31,port120,Barranquilla,1,0,0,12262,0,0,0,0,0,12262,0,0,0,0
2019-02-01,port120,Barranquilla,2,2,3244,0,0,3244,0,0,0,0,0,0,0,0
2019-02-02,port120,Barranquilla,3,1,873,0,0,249,0,624,0,0,0,0,0,0
2019-02-03,port120,Barranquilla,1,1,1099,0,0,1099,0,0,0,0,0,0,0,0
2019-02-04,port120,Barranquilla,4,1,317,29651,0,317,0,0,0,29651,0,0,0,0
2019-02-05,port120,Barranquilla,4,1,2707,9572,0,0,0,2707,0,0,2807,5333,1430,0
2019-02-06,port120,Barranquilla,2,1,4315,1709,0,2610,1705,0,0,0,0,1709,0,0
2019-02-07,port120,Barranquilla,2,0,0,11815,0,0,0,0,0,0,0,11815,0,0
2019-02-08,port120,Barranquilla,1,0,0,0,0,0,0,0,0,0,0,0,0,0
2019-02-09,port120,Barranquilla,3,1,35705,6117,34731,973,0,0,0,5472,645,0,0,0
2019-02-10,port120,Barranquilla,4,1,34983,21985,31282,3701,0,0,0,21985,0,0,0,0
2019-02-11,port120,Barranquilla,1,0,2728,0,0,0,2728,0,0,0,0,0,0,0
2019-02-12,port120,Barranquilla,2,1,396,1261,0,0,396,0,0,0,1261,0,0,0
2019-02-13,port120,Barranquilla,7,3,41185,12529,35763,1915,0,3506,0,0,4249,0,8279,0
2019-02-14,port120,Barranquilla,3,1,19116,5472,12011,1303,5801,0,0,5472,0,0,0,0
2019-02-15,port120,Barranquilla,5,2,15391,641,0,1133,0,14257,0,0,641,0,0,0
2019-02-16,port120,Barranquilla,3,1,12837,498,543,0,12293,0,0,0,498,0,0,0
2019-02-17,port120,Barranquilla,2,1,1705,1709,0,0,1705,0,0,0,0,1709,0,0
2019-02-18,port120,Barranquilla,2,1,2535,0,0,2535,0,0,0,0,0,0,0,0
2019-02-19,port120,Barranquilla,3,0,25495,3491,21237,0,4257,0,0,0,0,3491,0,0
2019-02-20,port120,Barranquilla,4,2,8386,1709,0,2593,5792,0,0,0,0,1709,0,0
2019-02-21,port120,Barranquilla,2,0,10797,4208,0,0,0,10797,0,0,0,4208,0,0
2019-02-22,port120,Barranquilla,4,3,2485,33084,0,2485,0,0,0,32038,1045,0,0,0
2019-02-23,port120,Barranquilla,2,1,0,1411,0,0,0,0,0,918,493,0,0,0
2019-02-24,port120,Barranquilla,2,1,1097,1752,0,0,1097,0,0,0,1752,0,0,0
2019-02-25,port120,Barranquilla,3,1,16793,3139,0,12380,1705,2707,0,0,0,1709,1430,0
2019-02-26,port120,Barranquilla,0,0,0,0,0,0,0,0,0,0,0,0,0,0
2019-02-27,port120,Barranquilla,4,2,5746,30757,1162,4584,0,0,0,30111,645,0,0,0
2019-02-28,port120,Barranquilla,6,0,43562,35599,37378,0,0,6184,0,32637,0,0,2962,0
2019-03-01,port120,Barranquilla,10,3,34236,68580,28972,1610,946,2707,0,64888,2260,0,1430,0
2019-03-02,port120,Barranquilla,1,1,1385,861,0,1385,0,0,0,0,861,0,0,0
2019-03-03,port120,Barranquilla,1,0,1172,0,0,0,1172,0,0,0,0,0,0,0
2019-03-04,port120,Barranquilla,6,1,7176,4488,0,1114,0,6062,0,956,0,189,3341,0
2019-03-05,port120,Barranquilla,3,0,3187,1430,0,0,480,2707,0,0,0,0,1430,0
2019-03-06,port120,Barranquilla,5,1,21140,40667,3279,973,0,16887,0,26980,645,0,13042,0
2019-03-07,port120,Barranquilla,2,1,2707,1679,0,0,0,2707,0,0,248,0,1430,0
2019-03-08,port120,Barranquilla,5,2,34134,645,30857,3276,0,0,0,0,645,0,0,0
2019-03-09,port120,Barranquilla,4,2,5864,645,0,5864,0,0,0,0,645,0,0,0
2019-03-10,port120,Barranquilla,5,1,40160,1709,33786,3452,2363,558,0,0,0,1709,0,0
2019-03-11,port120,Barranquilla,2,0,0,2460,0,0,0,0,0,0,0,667,1792,0
2019-03-12,port120,Barranquilla,5,1,6625,4710,0,0,6625,0,0,0,3001,1709,0,0
2019-03-13,port120,Barranquilla,3,1,33183,0,31934,1248,0,0,0,0,0,0,0,0
2019-03-14,port120,Barranquilla,4,1,40651,6226,40651,0,0,0,0,5472,754,0,0,0
2019-03-15,port120,Barranquilla,3,1,5657,1430,0,2719,230,2707,0,0,0,0,1430,0
2019-03-16,port120,Barranquilla,5,3,7026,4625,6053,973,0,0,0,0,4625,0,0,0
2019-03-17,port120,Barranquilla,2,1,0,5289,0,0,0,0,0,0,5289,0,0,0
2019-03-18,port120,Barranquilla,0,0,0,0,0,0,0,0,0,0,0,0,0,0
2019-03-19,port120,Barranquilla,4,1,11068,1709,1138,3918,1705,4304,0,0,0,1709,0,0
2019-03-20,port120,Barranquilla,5,1,48173,11441,45415,1052,1705,0,0,5472,0,5969,0,0
2019-03-21,port120,Barranquilla,4,0,16422,3139,0,0,2800,13621,0,0,0,1709,1430,0
2019-03-22,port120,Barranquilla,6,3,5450,2354,0,3744,1705,0,0,0,645,1709,0,0
2019-03-23,port120,Barranquilla,0,0,0,0,0,0,0,0,0,0,0,0,0,0
2019-03-24,port120,Barranquilla,2,1,370,0,0,370,0,0,0,0,0,0,0,0
2019-03-25,port120,Barranquilla,4,0,16951,1910,0,0,0,16951,0,0,0,0,1910,0
2019-03-26,port120,Barranquilla,6,2,39543,40268,30860,2737,5944,0,0,30140,2980,7147,0,0
2019-03-27,port120,Barranquilla,3,0,2707,1430,0,0,0,2707,0,0,0,0,1430,0
2019-03-28,port120,Barranquilla,1,0,1143,0,0,0,1143,0,0,0,0,0,0,0
2019-03-29,port120,Barranquilla,6,2,17880,7599,12468,2704,0,2707,0,5472,368,327,1430,0
2019-03-30,port120,Barranquilla,1,1,973,645,0,973,0,0,0,0,645,0,0,0
2019-03-31,port120,Barranquilla,3,1,6021,1430,0,3313,0,2707,0,0,0,0,1430,0
2019-04-01,port120,Barranquilla,7,1,65373,7915,64760,0,0,613,0,7121,794,0,0,0
2019-04-02,port120,Barranquilla,3,1,9764,1230,0,7532,2231,0,0,0,0,0,1230,0
2019-04-03,port120,Barranquilla,3,1,1636,3650,0,0,1636,0,0,0,2704,0,946,0
2019-04-04,port120,Barranquilla,1,0,0,0,0,0,0,0,0,0,0,0,0,0
2019-04-05,port120,Barranquilla,5,2,48652,13794,43588,5064,0,0,0,13149,645,0,0,0
2019-04-06,port120,Barranquilla,3,2,4207,2075,0,1500,0,2707,0,0,645,0,1430,0
2019-04-07,port120,Barranquilla,3,2,1476,740,0,1476,0,0,0,0,740,0,0,0
2019-04-08,port120,Barranquilla,3,1,30382,330,30382,0,0,0,0,0,330,0,0,0
2019-04-09,port120,Barranquilla,4,2,12011,5732,12011,0,0,0,0,5472,259,0,0,0
2019-04-10,port120,Barranquilla,3,1,2971,21692,0,264,0,2707,0,20261,0,0,1430,0
2019-04-11,port120,Barranquilla,0,0,0,0,0,0,0,0,0,0,0,0,0,0
2019-04-12,port120,Barranquilla,4,2,1859,269,0,1859,0,0,0,0,269,0,0,0
2019-04-13,port120,Barranquilla,6,1,20458,9940,574,0,0,19884,0,0,3244,6695,0,0
2019-04-14,port120,Barranquilla,2,1,11906,0,0,2592,0,9313,0,0,0,0,0,0
2019-04-15,port120,Barranquilla,3,1,4413,4775,0,0,1705,2707,0,0,1635,1709,1430,0
2019-04-16,port120,Barranquilla,6,2,33281,0,28663,4617,0,0,0,0,0,0,0,0
2019-04-17,port120,Barranquilla,1,1,1731,0,0,1731,0,0,0,0,0,0,0,0
2019-04-18,port120,Barranquilla,4,0,21120,20974,20957,0,163,0,0,13291,0,7682,0,0
2019-04-19,port120,Barranquilla,3,3,973,896,0,973,0,0,0,0,896,0,0,0
2019-04-20,port120,Barranquilla,5,1,8276,33936,0,0,8276,0,0,0,0,0,33936,0
2019-04-21,port120,Barranquilla,6,1,3337,31263,0,1471,1865,0,0,25794,0,5468,0,0
2019-04-22,port120,Barranquilla,2,0,36422,0,32247,0,4174,0,0,0,0,0,0,0
2019-04-23,port120,Barranquilla,4,1,33223,1690,30321,2737,164,0,0,0,0,1690,0,0
2019-04-24,port120,Barranquilla,1,1,499,0,0,499,0,0,0,0,0,0,0,0
2019-04-25,port120,Barranquilla,1,0,0,18697,0,0,0,0,0,18697,0,0,0,0
2019-04-26,port120,Barranquilla,7,3,12088,27634,0,6984,5104,0,0,27634,0,0,0,0
2019-04-27,port120,Barranquilla,6,2,38048,2963,30144,0,0,7904,0,0,1269,0,1693,0
2019-04-28,port120,Barranquilla,3,1,21265,536,17539,3726,0,0,0,0,0,0,536,0
2019-04-29,port120,Barranquilla,2,1,5272,645,4298,973,0,0,0,0,645,0,0,0
2019-04-30,port120,Barranquilla,6,2,11349,29898,8589,1054,1705,0,0,24731,799,4367,0,0
2019-05-01,port120,Barranquilla,0,0,0,0,0,0,0,0,0,0,0,0,0,0
2019-05-02,port120,Barranquilla,3,0,18720,1709,17015,0,1705,0,0,0,0,1709,0,0
2019-05-03,port120,Barranquilla,2,1,1488,0,0,1488,0,0,0,0,0,0,0,0
2019-05-04,port120,Barranquilla,2,1,973,645,0,973,0,0,0,0,645,0,0,0
2019-05-05,port120,Barranquilla,3,2,2238,491,0,2238,0,0,0,0,491,0,0,0
2019-05-06,port120,Barranquilla,3,0,64906,0,64906,0,0,0,0,0,0,0,0,0
2019-05-07,port120,Barranquilla,3,2,1234,12679,0,1234,0,0,0,0,0,12679,0,0
2019-05-08,port120,Barranquilla,4,2,22257,1298,20368,1889,0,0,0,979,319,0,0,0
2019-05-09,port120,Barranquilla,1,0,1394,0,0,0,0,1394,0,0,0,0,0,0
2019-05-10,port120,Barranquilla,3,1,14691,24689,0,753,13937,0,0,24689,0,0,0,0
2019-05-11,port120,Barranquilla,5,1,19493,537,15014,0,4478,0,0,0,537,0,0,0
2019-05-12,port120,Barranquilla,3,1,11976,2435,0,0,11976,0,0,0,1109,0,1325,0
2019-05-13,port120,Barranquilla,2,1,987,0,0,987,0,0,0,0,0,0,0,0
2019-05-14,port120,Barranquilla,3,2,398,1015,0,398,0,0,0,0,783,232,0,0
2019-05-15,port120,Barranquilla,2,1,745,6221,0,745,0,0,0,6221,0,0,0,0
2019-05-16,port120,Barranquilla,4,0,15422,8890,12011,0,3411,0,0,5472,0,3418,0,0
2019-05-17,port120,Barranquilla,3,1,24039,735,21907,0,2131,0,0,0,735,0,0,0
2019-05-18,port120,Barranquilla,6,2,31889,8769,28208,973,0,2707,0,0,891,6447,1430,0
2019-05-19,port120,Barranquilla,6,1,61980,10406,56954,0,5026,0,0,10036,370,0,0,0
2019-05-20,port120,Barranquilla,3,2,4030,3524,0,1323,0,2707,0,0,2093,0,1430,0
2019-05-21,port120,Barranquilla,2,1,0,2646,0,0,0,0,0,0,1133,1512,0,0
2019-05-22,port120,Barranquilla,6,1,2636,0,0,497,1665,472,0,0,0,0,0,0
2019-05-23,port120,Barranquilla,3,1,32670,1709,29682,1282,1705,0,0,0,0,1709,0,0
2019-05-24,port120,Barranquilla,2,1,3115,0,0,1511,1603,0,0,0,0,0,0,0
2019-05-25,port120,Barranquilla,2,1,11516,1489,11516,0,0,0,0,0,1489,0,0,0
2019-05-26,port120,Barranquilla,3,1,5469,0,0,2238,3231,0,0,0,0,0,0,0
2019-05-27,port120,Barranquilla,4,1,22811,26387,12833,1230,0,8747,0,26387,0,0,0,0
2019-05-28,port120,Barranquilla,6,2,26653,2388,24965,1688,0,0,0,0,0,2388,0,0
2019-05-29,port120,Barranquilla,2,1,35959,0,33390,2569,0,0,0,0,0,0,0,0
2019-05-30,port120,Barranquilla,2,1,973,645,0,973,0,0,0,0,645,0,0,0
2019-05-31,port120,Barranquilla,2,1,4882,0,0,2999,0,1882,0,0,0,0,0,0
2019-06-01,port120,Barranquilla,6,1,8535,1337,3284,0,5250,0,0,0,1337,0,0,0
2019-06-02,port120,Barranquilla,5,1,26617,1846,26247,370,0,0,0,0,0,0,1846,0
2019-06-03,port120,Barranquilla,1,1,640,0,0,640,0,0,0,0,0,0,0,0
2019-06-04,port120,Barranquilla,3,1,2361,0,0,2361,0,0,0,0,0,0,0,0
2019-06-05,port120,Barranquilla,2,1,3785,0,0,3785,0,0,0,0,0,0,0,0
2019-06-06,port120,Barranquilla,2,1,9023,1909,0,0,0,9023,0,0,1909,0,0,0
2019-06-07,port120,Barranquilla,2,2,753,2361,0,753,0,0,0,0,2361,0,0,0
2019-06-08,port120,Barranquilla,1,1,973,645,0,973,0,0,0,0,645,0,0,0
2019-06-09,port120,Barranquilla,3,1,29416,0,0,1838,0,27578,0,0,0,0,0,0
2019-06-10,port120,Barranquilla,4,1,30055,15480,29209,318,527,0,0,15480,0,0,0,0
2019-06-11,port120,Barranquilla,6,2,2489,8037,0,1372,1117,0,0,6959,645,0,432,0
2019-06-12,port120,Barranquilla,2,0,3613,0,3613,0,0,0,0,0,0,0,0,0
2019-06-13,port120,Barranquilla,3,1,246,0,0,246,0,0,0,0,0,0,0,0
2019-06-14,port120,Barranquilla,3,1,1122,163,0,1122,0,0,0,0,0,163,0,0
2019-06-15,port120,Barranquilla,4,0,9186,0,0,0,9186,0,0,0,0,0,0,0
2019-06-16,port120,Barranquilla,5,1,38847,7931,1825,6373,0,30648,0,0,0,7931,0,0
2019-06-17,port120,Barranquilla,2,1,30533,660,30533,0,0,0,0,0,660,0,0,0
2019-06-18,port120,Barranquilla,2,2,3711,645,0,3711,0,0,0,0,645,0,0,0
2019-06-19,port120,Barranquilla,4,1,23560,5472,12011,748,10801,0,0,5472,0,0,0,0
2019-06-20,port120,Barranquilla,3,1,0,8788,0,0,0,0,0,0,1648,0,7139,0
2019-06-21,port120,Barranquilla,2,1,4454,0,0,2613,0,1841,0,0,0,0,0,0
2019-06-22,port120,Barranquilla,4,1,0,1913,0,0,0,0,0,0,247,1665,0,0
2019-06-23,port120,Barranquilla,3,1,6038,33315,0,6038,0,0,0,23863,0,0,9452,0
2019-06-24,port120,Barranquilla,3,0,3928,0,0,0,0,3928,0,0,0,0,0,0
2019-06-25,port120,Barranquilla,5,1,24894,2626,20274,960,3660,0,0,0,0,1709,917,0
2019-06-26,port120,Barranquilla,3,0,8716,0,1631,0,5210,1874,0,0,0,0,0,0
2019-06-27,port120,Barranquilla,3,1,0,0,0,0,0,0,0,0,0,0,0,0
2019-06-28,port120,Barranquilla,2,0,0,4036,0,0,0,0,0,0,0,4036,0,0
2019-06-29,port120,Barranquilla,3,2,3088,0,0,3088,0,0,0,0,0,0,0,0
2019-06-30,port120,Barranquilla,3,1,7286,645,0,973,6312,0,0,0,645,0,0,0
2019-07-01,port120,Barranquilla,1,0,0,0,0,0,0,0,0,0,0,0,0,0
2019-07-02,port120,Barranquilla,4,1,973,2118,0,973,0,0,0,905,645,567,0,0
2019-07-03,port120,Barranquilla,5,1,3493,8684,0,3493,0,0,0,7774,0,0,909,0
2019-07-04,port120,Barranquilla,3,1,540,2858,0,0,0,540,0,0,2858,0,0,0
2019-07-05,port120,Barranquilla,3,2,14686,0,0,3701,10985,0,0,0,0,0,0,0
2019-07-06,port120,Barranquilla,3,1,4780,2354,0,973,3806,0,0,0,645,1709,0,0
2019-07-07,port120,Barranquilla,1,1,0,1118,0,0,0,0,0,0,1118,0,0,0
2019-07-08,port120,Barranquilla,5,1,14815,32715,11966,973,0,1875,0,31019,645,0,1051,0
2019-07-09,port120,Barranquilla,4,1,2036,1709,0,330,1705,0,0,0,0,1709,0,0
2019-07-10,port120,Barranquilla,2,1,5586,1709,0,3880,1705,0,0,0,0,1709,0,0
2019-07-11,port120,Barranquilla,2,0,5687,0,5687,0,0,0,0,0,0,0,0,0
2019-07-12,port120,Barranquilla,1,1,1484,0,0,1484,0,0,0,0,0,0,0,0
2019-07-13,port120,Barranquilla,1,1,0,0,0,0,0,0,0,0,0,0,0,0
2019-07-14,port120,Barranquilla,3,1,5416,4751,0,1476,0,3939,0,0,0,4751,0,0
2019-07-15,port120,Barranquilla,1,0,0,0,0,0,0,0,0,0,0,0,0,0
2019-07-16,port120,Barranquilla,3,2,2651,3183,2651,0,0,0,0,0,3183,0,0,0
2019-07-17,port120,Barranquilla,3,1,30711,0,29476,1235,0,0,0,0,0,0,0,0
2019-07-18,port120,Barranquilla,4,1,1409,1318,0,0,1241,168,0,0,1318,0,0,0
2019-07-19,port120,Barranquilla,4,1,60419,0,32694,5920,0,21804,0,0,0,0,0,0
2019-07-20,port120,Barranquilla,5,1,69190,494,59069,0,10121,0,0,0,494,0,0,0
2019-07-21,port120,Barranquilla,1,1,3078,0,0,3078,0,0,0,0,0,0,0,0
2019-07-22,port120,Barranquilla,3,1,2246,645,0,973,1272,0,0,0,645,0,0,0
2019-07-23,port120,Barranquilla,2,1,11535,0,0,2232,0,9302,0,0,0,0,0,0
2019-07-24,port120,Barranquilla,5,2,3675,21803,0,1969,1705,0,0,20093,0,1709,0,0
2019-07-25,port120,Barranquilla,1,0,0,0,0,0,0,0,0,0,0,0,0,0
2019-07-26,port120,Barranquilla,4,3,4456,2409,0,2581,0,1875,0,0,1357,0,1051,0
2019-07-27,port120,Barranquilla,2,0,1705,1709,0,0,1705,0,0,0,0,1709,0,0
2019-07-28,port120,Barranquilla,1,1,0,368,0,0,0,0,0,0,368,0,0,0
2019-07-29,port120,Barranquilla,2,1,0,657,0,0,0,0,0,0,657,0,0,0
2019-07-30,port120,Barranquilla,2,0,32761,0,20805,0,0,11956,0,0,0,0,0,0
2019-07-31,port120,Barranquilla,3,1,3775,0,0,3288,0,487,0,0,0,0,0,0
2019-08-01,port120,Barranquilla,4,0,8866,30991,0,0,8866,0,0,29765,0,1226,0,0
2019-08-02,port120,Barranquilla,2,2,3318,1907,0,3318,0,0,0,0,1907,0,0,0
2019-08-03,port120,Barranquilla,4,2,0,2338,0,0,0,0,0,0,2338,0,0,0
2019-08-04,port120,Barranquilla,5,1,9896,30785,4906,0,4989,0,0,27972,1104,1709,0,0
2019-08-05,port120,Barranquilla,1,0,4008,0,4008,0,0,0,0,0,0,0,0,0
2019-08-06,port120,Barranquilla,7,1,36596,26086,34599,1996,0,0,0,24395,0,0,1691,0
2019-08-07,port120,Barranquilla,2,2,651,750,0,651,0,0,0,0,750,0,0,0
2019-08-08,port120,Barranquilla,2,0,41827,5472,41827,0,0,0,0,5472,0,0,0,0
2019-08-09,port120,Barranquilla,4,1,13795,805,0,6038,7757,0,0,0,0,0,805,0
2019-08-10,port120,Barranquilla,2,1,0,18838,0,0,0,0,0,18092,745,0,0,0
2019-08-11,port120,Barranquilla,5,1,3780,5000,0,369,3411,0,0,0,0,5000,0,0
2019-08-12,port120,Barranquilla,3,0,6445,0,4779,0,1665,0,0,0,0,0,0,0
2019-08-13,port120,Barranquilla,3,1,2800,1709,0,1095,1705,0,0,0,0,1709,0,0
2019-08-14,port120,Barranquilla,4,2,35199,645,31285,3914,0,0,0,0,645,0,0,0
2019-08-15,port120,Barranquilla,3,1,42802,2075,39121,973,0,2707,0,0,645,0,1430,0
2019-08-16,port120,Barranquilla,8,2,37725,35052,26946,6992,0,3785,0,26174,645,8232,0,0
2019-08-17,port120,Barranquilla,3,1,16069,1977,10370,0,5698,0,0,0,1977,0,0,0
2019-08-18,port120,Barranquilla,5,1,4024,3300,0,0,4024,0,0,0,743,2557,0,0
2019-08-19,port120,Barranquilla,2,0,6013,1709,0,0,1705,4308,0,0,0,1709,0,0
2019-08-20,port120,Barranquilla,4,2,53735,987,51173,2562,0,0,0,0,987,0,0,0
2019-08-21,port120,Barranquilla,0,0,0,0,0,0,0,0,0,0,0,0,0,0
2019-08-22,port120,Barranquilla,4,0,11803,1430,0,0,9095,2707,0,0,0,0,1430,0
2019-08-23,port120,Barranquilla,2,1,3726,0,0,3726,0,0,0,0,0,0,0,0
2019-08-24,port120,Barranquilla,2,0,12011,5472,12011,0,0,0,0,5472,0,0,0,0
2019-08-25,port120,Barranquilla,2,1,4845,0,0,733,4111,0,0,0,0,0,0,0
2019-08-26,port120,Barranquilla,4,0,12512,5472,12011,0,501,0,0,5472,0,0,0,0
2019-08-27,port120,Barranquilla,2,0,28443,4507,28443,0,0,0,0,0,0,4507,0,0
2019-08-28,port120,Barranquilla,5,2,67565,0,52722,5749,0,9092,0,0,0,0,0,0
2019-08-29,port120,Barranquilla,3,2,0,1803,0,0,0,0,0,0,1803,0,0,0
2019-08-30,port120,Barranquilla,4,2,20292,2682,13772,4814,1705,0,0,0,973,1709,0,0
2019-08-31,port120,Barranquilla,1,1,0,2204,0,0,0,0,0,0,2204,0,0,0
2019-09-01,port120,Barranquilla,3,1,28449,745,23709,0,4740,0,0,0,745,0,0,0
2019-09-02,port120,Barranquilla,3,1,4689,0,0,0,0,4689,0,0,0,0,0,0
2019-09-03,port120,Barranquilla,1,1,0,661,0,0,0,0,0,0,661,0,0,0
2019-09-04,port120,Barranquilla,5,3,31697,0,29479,2218,0,0,0,0,0,0,0,0
2019-09-05,port120,Barranquilla,2,1,0,519,0,0,0,0,0,0,519,0,0,0
2019-09-06,port120,Barranquilla,3,2,3934,645,0,3934,0,0,0,0,645,0,0,0
2019-09-07,port120,Barranquilla,2,1,27524,250,27524,0,0,0,0,0,250,0,0,0
2019-09-08,port120,Barranquilla,2,1,26734,371,26734,0,0,0,0,0,371,0,0,0
2019-09-09,port120,Barranquilla,2,0,38036,0,36493,0,1543,0,0,0,0,0,0,0
2019-09-10,port120,Barranquilla,4,2,25069,0,24485,583,0,0,0,0,0,0,0,0
2019-09-11,port120,Barranquilla,2,0,50769,0,50769,0,0,0,0,0,0,0,0,0
2019-09-12,port120,Barranquilla,6,2,27210,8320,12011,0,4246,10952,0,5472,2071,776,0,0
2019-09-13,port120,Barranquilla,3,2,5388,659,906,4482,0,0,0,0,659,0,0,0
2019-09-14,port120,Barranquilla,4,1,23454,3293,0,0,0,23454,0,1128,2165,0,0,0
2019-09-15,port120,Barranquilla,6,1,34914,3556,34914,0,0,0,0,3183,372,0,0,0
2019-09-16,port120,Barranquilla,1,0,805,0,0,0,0,805,0,0,0,0,0,0
2019-09-17,port120,Barranquilla,2,0,2241,0,0,0,2241,0,0,0,0,0,0,0
2019-09-18,port120,Barranquilla,5,3,2967,645,0,2967,0,0,0,0,645,0,0,0
2019-09-19,port120,Barranquilla,2,1,0,318,0,0,0,0,0,0,318,0,0,0
2019-09-20,port120,Barranquilla,3,2,5180,327,0,5180,0,0,0,0,327,0,0,0
2019-09-21,port120,Barranquilla,7,2,47427,546,44500,0,2926,0,0,0,546,0,0,0
2019-09-22,port120,Barranquilla,4,1,13230,3342,9282,0,3948,0,0,0,3342,0,0,0
2019-09-23,port120,Barranquilla,3,0,6956,0,5739,0,1217,0,0,0,0,0,0,0
2019-09-24,port120,Barranquilla,4,0,19098,1709,13852,0,5245,0,0,0,0,1709,0,0
2019-09-25,port120,Barranquilla,4,2,21516,5798,12011,744,8761,0,0,5472,326,0,0,0
2019-09-26,port120,Barranquilla,2,2,973,3818,0,973,0,0,0,0,3818,0,0,0
2019-09-27,port120,Barranquilla,5,3,31583,3209,28587,2995,0,0,0,0,3209,0,0,0
2019-09-28,port120,Barranquilla,5,2,0,14479,0,0,0,0,0,3400,10037,0,1041,0
2019-09-29,port120,Barranquilla,4,1,3403,1849,0,0,3403,0,0,0,1849,0,0,0
2019-09-30,port120,Barranquilla,2,0,2126,1709,0,0,2126,0,0,0,0,1709,0,0
2019-10-01,port120,Barranquilla,4,1,34322,24789,33670,651,0,0,0,24789,0,0,0,0
2019-10-02,port120,Barranquilla,4,1,7856,0,4504,1743,0,1608,0,0,0,0,0,0
2019-10-03,port120,Barranquilla,6,2,69615,868,51892,315,1385,16021,0,0,868,0,0,0
2019-10-04,port120,Barranquilla,3,2,4498,34020,0,4498,0,0,0,33366,654,0,0,0
2019-10-05,port120,Barranquilla,5,0,59024,43954,57319,0,1705,0,0,40076,0,3877,0,0
2019-10-06,port120,Barranquilla,3,2,30475,645,26895,3580,0,0,0,0,645,0,0,0
2019-10-07,port120,Barranquilla,2,0,36935,0,36935,0,0,0,0,0,0,0,0,0
2019-10-08,port120,Barranquilla,2,1,1281,1123,0,0,1281,0,0,0,1123,0,0,0
2019-10-09,port120,Barranquilla,4,2,973,22955,0,973,0,0,0,22309,645,0,0,0
2019-10-10,port120,Barranquilla,1,1,0,319,0,0,0,0,0,0,319,0,0,0
2019-10-11,port120,Barranquilla,4,2,30041,649,27049,2992,0,0,0,0,649,0,0,0
2019-10-12,port120,Barranquilla,4,2,24002,2434,0,3547,3161,17293,0,0,2434,0,0,0
2019-10-13,port120,Barranquilla,4,1,32447,0,30214,2232,0,0,0,0,0,0,0,0
2019-10-14,port120,Barranquilla,2,0,2707,1430,0,0,0,2707,0,0,0,0,1430,0
2019-10-15,port120,Barranquilla,3,2,1947,3244,0,1947,0,0,0,0,1290,1954,0,0
2019-10-16,port120,Barranquilla,3,2,1468,645,0,1468,0,0,0,0,645,0,0,0
2019-10-17,port120,Barranquilla,3,1,2721,0,1770,950,0,0,0,0,0,0,0,0
2019-10-18,port120,Barranquilla,4,2,42368,645,38768,3599,0,0,0,0,645,0,0,0
2019-10-19,port120,Barranquilla,3,2,545,1230,0,545,0,0,0,0,1230,0,0,0
2019-10-20,port120,Barranquilla,1,1,3740,0,0,3740,0,0,0,0,0,0,0,0
2019-10-21,port120,Barranquilla,3,0,12011,13631,12011,0,0,0,0,5472,0,8158,0,0
2019-10-22,port120,Barranquilla,5,0,30211,25155,28929,0,1282,0,0,25155,0,0,0,0
2019-10-23,port120,Barranquilla,4,2,41165,1430,36408,2049,0,2707,0,0,0,0,1430,0
2019-10-24,port120,Barranquilla,5,2,5216,27807,0,2332,2883,0,0,26945,861,0,0,0
2019-10-25,port120,Barranquilla,3,3,1016,651,0,1016,0,0,0,0,651,0,0,0
2019-10-26,port120,Barranquilla,2,2,973,892,0,973,0,0,0,0,892,0,0,0
2019-10-27,port120,Barranquilla,4,1,26154,0,22307,743,3103,0,0,0,0,0,0,0
2019-10-28,port120,Barranquilla,4,0,1705,1709,0,0,1705,0,0,0,0,1709,0,0
2019-10-29,port120,Barranquilla,4,1,26382,0,19572,3141,3668,0,0,0,0,0,0,0
2019-10-30,port120,Barranquilla,4,2,49491,645,36376,1719,0,11395,0,0,645,0,0,0
2019-10-31,port120,Barranquilla,1,1,632,0,0,632,0,0,0,0,0,0,0,0
2019-11-01,port120,Barranquilla,3,2,973,4848,0,973,0,0,0,0,4848,0,0,0
2019-11-02,port120,Barranquilla,2,1,617,743,0,0,0,617,0,0,743,0,0,0
2019-11-03,port120,Barranquilla,4,1,6651,2153,3300,3351,0,0,0,0,0,2153,0,0
2019-11-04,port120,Barranquilla,3,0,2014,38110,0,0,2014,0,0,36401,0,1709,0,0
2019-11-05,port120,Barranquilla,1,1,2182,0,0,2182,0,0,0,0,0,0,0,0
2019-11-06,port120,Barranquilla,5,2,38330,7569,36433,1896,0,0,0,0,652,6917,0,0
2019-11-07,port120,Barranquilla,1,1,0,1911,0,0,0,0,0,0,1911,0,0,0
2019-11-08,port120,Barranquilla,8,2,38590,18029,32684,5260,645,0,0,16721,1307,0,0,0
2019-11-09,port120,Barranquilla,5,2,27193,7746,12011,973,14208,0,0,5472,2273,0,0,0
2019-11-10,port120,Barranquilla,2,1,5717,0,3870,1846,0,0,0,0,0,0,0,0
2019-11-11,port120,Barranquilla,5,1,31621,8206,29916,0,1705,0,0,0,3141,1709,3355,0
2019-11-12,port120,Barranquilla,6,1,20952,5472,12011,3938,4028,973,0,5472,0,0,0,0
2019-11-13,port120,Barranquilla,0,0,0,0,0,0,0,0,0,0,0,0,0,0
2019-11-14,port120,Barranquilla,3,2,6352,645,0,1287,0,5065,0,0,645,0,0,0
2019-11-15,port120,Barranquilla,2,2,4859,2565,0,4859,0,0,0,0,2565,0,0,0
2019-11-16,port120,Barranquilla,5,2,14719,7690,12011,0,0,2707,0,5472,786,0,1430,0
2019-11-17,port120,Barranquilla,2,1,9092,738,0,0,0,9092,0,0,738,0,0,0
2019-11-18,port120,Barranquilla,2,0,1949,0,0,0,0,1949,0,0,0,0,0,0
2019-11-19,port120,Barranquilla,3,1,542,323,0,0,542,0,0,0,323,0,0,0
2019-11-20,port120,Barranquilla,2,1,3347,0,0,245,3102,0,0,0,0,0,0,0
2019-11-21,port120,Barranquilla,2,1,31779,0,29868,1911,0,0,0,0,0,0,0,0
2019-11-22,port120,Barranquilla,4,2,6337,13456,0,6337,0,0,0,0,973,12483,0,0
2019-11-23,port120,Barranquilla,3,1,36832,6353,36832,0,0,0,0,0,2569,3783,0,0
2019-11-24,port120,Barranquilla,1,1,3013,0,0,3013,0,0,0,0,0,0,0,0
2019-11-25,port120,Barranquilla,3,1,973,645,0,973,0,0,0,0,645,0,0,0
2019-11-26,port120,Barranquilla,1,1,3441,0,0,3441,0,0,0,0,0,0,0,0
2019-11-27,port120,Barranquilla,6,2,57436,0,36567,3385,17483,0,0,0,0,0,0,0
2019-11-28,port120,Barranquilla,0,0,0,0,0,0,0,0,0,0,0,0,0,0
2019-11-29,port120,Barranquilla,7,2,59496,22246,56067,1723,1705,0,0,19892,645,1709,0,0
2019-11-30,port120,Barranquilla,4,1,1609,5473,0,0,0,1609,0,0,743,4730,0,0
2019-12-01,port120,Barranquilla,3,1,43493,370,43493,0,0,0,0,0,370,0,0,0
2019-12-02,port120,Barranquilla,3,0,0,0,0,0,0,0,0,0,0,0,0,0
2019-12-03,port120,Barranquilla,3,2,973,645,0,973,0,0,0,0,645,0,0,0
2019-12-04,port120,Barranquilla,4,2,12850,645,0,1625,0,11225,0,0,645,0,0,0
2019-12-05,port120,Barranquilla,1,0,2869,0,0,0,2869,0,0,0,0,0,0,0
2019-12-06,port120,Barranquilla,6,2,12529,2601,0,4131,8398,0,0,0,2601,0,0,0
2019-12-07,port120,Barranquilla,3,1,44190,8739,44190,0,0,0,0,0,2704,6035,0,0
2019-12-08,port120,Barranquilla,1,1,1490,0,0,1490,0,0,0,0,0,0,0,0
2019-12-09,port120,Barranquilla,2,1,4357,0,0,0,4357,0,0,0,0,0,0,0
2019-12-10,port120,Barranquilla,1,1,3631,0,0,3631,0,0,0,0,0,0,0,0
2019-12-11,port120,Barranquilla,1,0,1875,1051,0,0,0,1875,0,0,0,0,1051,0
2019-12-12,port120,Barranquilla,1,0,13635,0,13635,0,0,0,0,0,0,0,0,0
2019-12-13,port120,Barranquilla,3,2,4654,2721,0,1947,0,2707,0,0,1290,0,1430,0
2019-12-14,port120,Barranquilla,2,2,973,891,0,973,0,0,0,0,891,0,0,0
2019-12-15,port120,Barranquilla,7,1,50506,22535,48045,973,0,1487,0,21890,645,0,0,0
2019-12-16,port120,Barranquilla,2,1,0,2231,0,0,0,0,0,0,0,2231,0,0
2019-12-17,port120,Barranquilla,4,0,1705,28053,0,0,1705,0,0,26344,0,1709,0,0
2019-12-18,port120,Barranquilla,3,2,18420,645,15864,2556,0,0,0,0,645,0,0,0
2019-12-19,port120,Barranquilla,5,0,29526,52632,0,0,5844,23682,0,34155,0,18476,0,0
2019-12-20,port120,Barranquilla,5,2,7402,51148,0,4694,0,2707,0,49072,645,0,1430,0
2019-12-21,port120,Barranquilla,3,2,973,4881,0,973,0,0,0,0,2868,2012,0,0
2019-12-22,port120,Barranquilla,2,1,973,4635,0,973,0,0,0,0,645,3990,0,0
2019-12-23,port120,Barranquilla,3,1,3283,1709,0,1577,1705,0,0,0,0,1709,0,0
2019-12-24,port120,Barranquilla,0,0,0,0,0,0,0,0,0,0,0,0,0,0
2019-12-25,port120,Barranquilla,6,1,21713,2354,12161,973,8578,0,0,0,645,1709,0,0
2019-12-26,port120,Barranquilla,2,0,14886,1709,0,0,14886,0,0,0,0,1709,0,0
2019-12-27,port120,Barranquilla,1,1,973,645,0,973,0,0,0,0,645,0,0,0
2019-12-28,port120,Barranquilla,4,1,46012,6117,42621,973,0,2417,0,5472,645,0,0,0
2019-12-29,port120,Barranquilla,2,1,368,811,0,368,0,0,0,0,0,811,0,0
2019-12-30,port120,Barranquilla,3,1,17307,0,5405,2810,0,9092,0,0,0,0,0,0
2019-12-31,port120,Barranquilla,2,0,3459,1418,0,0,3459,0,0,0,0,1418,0,0
2020-01-01,port120,Barranquilla,2,1,973,645,0,973,0,0,0,0,645,0,0,0
2020-01-02,port120,Barranquilla,2,1,13396,6334,12011,1385,0,0,0,5472,861,0,0,0
2020-01-03,port120,Barranquilla,4,2,4320,10317,0,4320,0,0,0,0,645,7788,1883,0
2020-01-04,port120,Barranquilla,3,1,29708,2165,29708,0,0,0,0,0,2165,0,0,0
2020-01-05,port120,Barranquilla,3,1,8762,367,8762,0,0,0,0,0,367,0,0,0
2020-01-06,port120,Barranquilla,4,1,4230,40847,0,1894,2336,0,0,40847,0,0,0,0
2020-01-07,port120,Barranquilla,3,0,50186,1948,42251,0,7934,0,0,1948,0,0,0,0
2020-01-08,port120,Barranquilla,5,3,6414,891,0,3683,1690,1039,0,0,891,0,0,0
2020-01-09,port120,Barranquilla,2,0,12011,11140,12011,0,0,0,0,5472,0,0,5667,0
2020-01-10,port120,Barranquilla,2,2,1385,1636,0,1385,0,0,0,0,1636,0,0,0
2020-01-11,port120,Barranquilla,3,2,17482,985,0,4476,0,13005,0,0,985,0,0,0
2020-01-12,port120,Barranquilla,3,1,2718,1103,0,0,2718,0,0,0,1103,0,0,0
2020-01-13,port120,Barranquilla,5,2,69520,10699,68890,630,0,0,0,0,271,10427,0,0
2020-01-14,port120,Barranquilla,3,0,2978,4104,0,0,2978,0,0,0,0,4104,0,0
2020-01-15,port120,Barranquilla,2,1,653,0,0,653,0,0,0,0,0,0,0,0
2020-01-16,port120,Barranquilla,2,1,14432,743,0,0,0,14432,0,0,743,0,0,0
2020-01-17,port120,Barranquilla,4,0,1705,2645,0,0,1705,0,0,0,0,1709,936,0
2020-01-18,port120,Barranquilla,4,2,9394,3481,0,0,8112,1282,0,0,3481,0,0,0
2020-01-19,port120,Barranquilla,5,2,24301,5043,21332,2969,0,0,0,0,816,4227,0,0
2020-01-20,port120,Barranquilla,3,0,29252,0,29252,0,0,0,0,0,0,0,0,0
2020-01-21,port120,Barranquilla,1,0,0,0,0,0,0,0,0,0,0,0,0,0
2020-01-22,port120,Barranquilla,2,0,26927,0,26927,0,0,0,0,0,0,0,0,0
2020-01-23,port120,Barranquilla,5,2,31077,38862,29358,1718,0,0,0,38217,645,0,0,0
2020-01-24,port120,Barranquilla,2,1,2969,270,0,2969,0,0,0,0,0,270,0,0
2020-01-25,port120,Barranquilla,2,1,21804,248,0,0,0,21804,0,0,248,0,0,0
2020-01-26,port120,Barranquilla,3,1,1705,6150,0,0,1705,0,0,0,4440,1709,0,0
2020-01-27,port120,Barranquilla,3,1,17435,5472,12011,5424,0,0,0,5472,0,0,0,0
2020-01-28,port120,Barranquilla,2,0,13717,7181,12011,0,1705,0,0,5472,0,1709,0,0
2020-01-29,port120,Barranquilla,4,2,4502,14997,0,2624,0,1877,0,14997,0,0,0,0
2020-01-30,port120,Barranquilla,3,1,2281,1709,0,576,1705,0,0,0,0,1709,0,0
2020-01-31,port120,Barranquilla,3,2,973,9428,0,973,0,0,0,0,1951,7477,0,0
2020-02-01,port120,Barranquilla,4,1,6012,24131,0,0,6012,0,0,22029,0,0,2102,0
2020-02-02,port120,Barranquilla,3,1,973,3184,0,973,0,0,0,0,645,2539,0,0
2020-02-03,port120,Barranquilla,1,0,0,0,0,0,0,0,0,0,0,0,0,0
2020-02-04,port120,Barranquilla,3,2,7639,1102,0,1581,6057,0,0,0,1102,0,0,0
2020-02-05,port120,Barranquilla,3,1,30759,0,30372,386,0,0,0,0,0,0,0,0
2020-02-06,port120,Barranquilla,1,0,0,23472,0,0,0,0,0,23472,0,0,0,0
2020-02-07,port120,Barranquilla,4,3,3249,2188,0,542,0,2707,0,0,758,0,1430,0
2020-02-08,port120,Barranquilla,3,1,973,12297,0,973,0,0,0,0,645,0,11652,0
2020-02-09,port120,Barranquilla,2,1,530,1854,530,0,0,0,0,0,1854,0,0,0
2020-02-10,port120,Barranquilla,1,0,1705,1709,0,0,1705,0,0,0,0,1709,0,0
2020-02-11,port120,Barranquilla,2,1,1575,0,0,1575,0,0,0,0,0,0,0,0
2020-02-12,port120,Barranquilla,5,1,4872,5149,0,493,4379,0,0,0,0,5149,0,0
2020-02-13,port120,Barranquilla,3,0,0,6961,0,0,0,0,0,0,0,3605,3355,0
2020-02-14,port120,Barranquilla,6,2,3954,9670,1448,264,2241,0,0,0,2612,7058,0,0
2020-02-15,port120,Barranquilla,4,2,8487,3338,0,6781,1705,0,0,0,1629,1709,0,0
2020-02-16,port120,Barranquilla,3,2,3461,4431,3461,0,0,0,0,0,4431,0,0,0
2020-02-17,port120,Barranquilla,4,0,14780,1430,0,0,12072,2707,0,0,0,0,1430,0
2020-02-18,port120,Barranquilla,3,1,21748,9380,19823,1924,0,0,0,0,0,0,9380,0
2020-02-19,port120,Barranquilla,2,0,13783,2213,13783,0,0,0,0,2213,0,0,0,0
2020-02-20,port120,Barranquilla,2,0,0,7307,0,0,0,0,0,0,0,7307,0,0
2020-02-21,port120,Barranquilla,7,2,17079,0,1145,1134,0,14799,0,0,0,0,0,0
2020-02-22,port120,Barranquilla,4,2,11872,5199,0,973,10898,0,0,0,5199,0,0,0
2020-02-23,port120,Barranquilla,1,1,1112,0,0,1112,0,0,0,0,0,0,0,0
2020-02-24,port120,Barranquilla,3,1,3343,1430,0,635,0,2707,0,0,0,0,1430,0
2020-02-25,port120,Barranquilla,4,1,43019,0,37895,1095,0,4028,0,0,0,0,0,0
2020-02-26,port120,Barranquilla,7,2,26876,8356,17342,1583,7950,0,0,5472,652,2231,0,0
2020-02-27,port120,Barranquilla,1,0,0,26240,0,0,0,0,0,26240,0,0,0,0
2020-02-28,port120,Barranquilla,3,2,4498,1326,0,4498,0,0,0,0,995,331,0,0
2020-02-29,port120,Barranquilla,3,1,6259,1479,0,0,6259,0,0,0,1479,0,0,0
2020-03-01,port120,Barranquilla,3,1,21602,735,21602,0,0,0,0,0,735,0,0,0
2020-03-02,port120,Barranquilla,3,1,9031,0,0,2214,6817,0,0,0,0,0,0,0
2020-03-03,port120,Barranquilla,5,1,32164,6418,30521,1642,0,0,0,5472,0,0,946,0
2020-03-04,port120,Barranquilla,1,1,2295,0,0,2295,0,0,0,0,0,0,0,0
2020-03-05,port120,Barranquilla,2,0,0,5442,0,0,0,0,0,0,0,5442,0,0
2020-03-06,port120,Barranquilla,4,3,5041,2396,0,5041,0,0,0,0,1460,0,935,0
2020-03-07,port120,Barranquilla,1,1,0,740,0,0,0,0,0,0,740,0,0,0
2020-03-08,port120,Barranquilla,2,1,0,6064,0,0,0,0,0,0,1115,0,4948,0
2020-03-09,port120,Barranquilla,2,0,31866,10544,31866,0,0,0,0,10544,0,0,0,0
2020-03-10,port120,Barranquilla,3,1,54000,0,51131,2868,0,0,0,0,0,0,0,0
2020-03-11,port120,Barranquilla,7,3,40452,34676,37625,2827,0,0,0,34031,645,0,0,0
2020-03-12,port120,Barranquilla,2,0,33492,1430,30784,0,0,2707,0,0,0,0,1430,0
2020-03-13,port120,Barranquilla,5,3,6263,1376,0,6263,0,0,0,0,1031,345,0,0
2020-03-14,port120,Barranquilla,3,1,164,6219,0,0,164,0,0,4333,1886,0,0,0
2020-03-15,port120,Barranquilla,5,1,48868,18704,47008,1859,0,0,0,18704,0,0,0,0
2020-03-16,port120,Barranquilla,4,1,48139,315,46922,0,1216,0,0,0,315,0,0,0
2020-03-17,port120,Barranquilla,2,0,4255,4378,0,0,4255,0,0,0,0,4378,0,0
2020-03-18,port120,Barranquilla,4,2,9086,1795,9086,0,0,0,0,0,1795,0,0,0
2020-03-19,port120,Barranquilla,1,0,12195,0,0,0,0,12195,0,0,0,0,0,0
2020-03-20,port120,Barranquilla,5,2,46929,5860,23511,2585,0,20832,0,5472,388,0,0,0
2020-03-21,port120,Barranquilla,5,2,22079,9552,20203,0,0,1875,0,5472,3027,0,1051,0
2020-03-22,port120,Barranquilla,3,1,8855,0,2103,3085,3666,0,0,0,0,0,0,0
2020-03-23,port120,Barranquilla,5,0,12659,34238,2186,0,7765,2707,0,32807,0,0,1430,0
2020-03-24,port120,Barranquilla,5,2,49081,0,30594,1093,0,17393,0,0,0,0,0,0
2020-03-25,port120,Barranquilla,4,2,3171,2354,0,1466,1705,0,0,0,645,1709,0,0
2020-03-26,port120,Barranquilla,4,0,16036,9693,12011,0,0,4025,0,5472,0,4220,0,0
2020-03-27,port120,Barranquilla,4,2,40543,5472,37155,3387,0,0,0,5472,0,0,0,0
2020-03-28,port120,Barranquilla,3,1,9628,3809,0,0,3635,5993,0,0,3809,0,0,0
2020-03-29,port120,Barranquilla,2,1,31185,645,30211,973,0,0,0,0,645,0,0,0
2020-03-30,port120,Barranquilla,4,0,27308,4759,27308,0,0,0,0,4602,0,156,0,0
2020-03-31,port120,Barranquilla,4,2,2983,28488,0,2714,0,268,0,28488,0,0,0,0
2020-04-01,port120,Barranquilla,3,2,1464,645,0,1464,0,0,0,0,645,0,0,0
2020-04-02,port120,Barranquilla,4,0,12011,18851,12011,0,0,0,0,5472,0,0,13379,0
2020-04-03,port120,Barranquilla,3,1,52269,542,52269,0,0,0,0,0,542,0,0,0
2020-04-04,port120,Barranquilla,6,2,3759,8194,0,1346,0,2413,0,2892,645,4656,0,0
2020-04-05,port120,Barranquilla,3,1,27700,5472,12011,4162,0,11526,0,5472,0,0,0,0
2020-04-06,port120,Barranquilla,4,1,26090,39431,24829,1261,0,0,0,29462,0,0,9968,0
2020-04-07,port120,Barranquilla,1,0,0,0,0,0,0,0,0,0,0,0,0,0
2020-04-08,port120,Barranquilla,2,1,11651,645,0,973,10677,0,0,0,645,0,0,0
2020-04-09,port120,Barranquilla,2,1,23248,808,23248,0,0,0,0,0,808,0,0,0
2020-04-10,port120,Barranquilla,4,3,29923,2271,28421,1502,0,0,0,0,2271,0,0,0
2020-04-11,port120,Barranquilla,2,0,12975,5472,12011,0,0,964,0,5472,0,0,0,0
2020-04-12,port120,Barranquilla,2,1,24860,5667,24860,0,0,0,0,0,5667,0,0,0
2020-04-13,port120,Barranquilla,2,1,633,0,0,633,0,0,0,0,0,0,0,0
2020-04-14,port120,Barranquilla,2,1,973,645,0,973,0,0,0,0,645,0,0,0
2020-04-15,port120,Barranquilla,5,0,3108,0,0,0,265,2843,0,0,0,0,0,0
2020-04-16,port120,Barranquilla,3,1,42107,6117,41133,973,0,0,0,5472,645,0,0,0
2020-04-17,port120,Barranquilla,3,2,1496,9610,0,1496,0,0,0,0,0,9610,0,0
2020-04-18,port120,Barranquilla,1,0,0,0,0,0,0,0,0,0,0,0,0,0
2020-04-19,port120,Barranquilla,3,1,0,33893,0,0,0,0,0,28604,5289,0,0,0
2020-04-20,port120,Barranquilla,5,1,59819,0,47508,1901,0,10409,0,0,0,0,0,0
2020-04-21,port120,Barranquilla,1,0,4902,0,4902,0,0,0,0,0,0,0,0,0
2020-04-22,port120,Barranquilla,4,2,53883,645,52522,1360,0,0,0,0,645,0,0,0
2020-04-23,port120,Barranquilla,2,1,11458,1829,0,0,0,11458,0,0,1829,0,0,0
2020-04-24,port120,Barranquilla,3,2,11450,861,0,4328,7122,0,0,0,861,0,0,0
2020-04-25,port120,Barranquilla,1,0,0,0,0,0,0,0,0,0,0,0,0,0
2020-04-26,port120,Barranquilla,4,1,35342,2455,33637,0,1705,0,0,0,746,1709,0,0
2020-04-27,port120,Barranquilla,1,1,3125,0,0,3125,0,0,0,0,0,0,0,0
2020-04-28,port120,Barranquilla,4,0,7358,48051,0,0,0,7358,0,48051,0,0,0,0
2020-04-29,port120,Barranquilla,5,2,24368,1809,20550,973,691,2152,0,0,1809,0,0,0
2020-04-30,port120,Barranquilla,4,0,5663,2350,5135,0,528,0,0,0,0,1385,964,0
2020-05-01,port120,Barranquilla,2,1,742,19819,0,742,0,0,0,19819,0,0,0,0
2020-05-02,port120,Barranquilla,1,1,0,271,0,0,0,0,0,0,271,0,0,0
2020-05-03,port120,Barranquilla,3,1,10427,21585,0,973,9454,0,0,20940,645,0,0,0
2020-05-04,port120,Barranquilla,3,1,30406,0,28195,2211,0,0,0,0,0,0,0,0
2020-05-05,port120,Barranquilla,3,1,3260,9085,0,1385,0,1875,0,0,861,7172,1051,0
2020-05-06,port120,Barranquilla,2,1,385,0,0,385,0,0,0,0,0,0,0,0
2020-05-07,port120,Barranquilla,5,2,34644,1080,26994,2720,4928,0,0,0,1080,0,0,0
2020-05-08,port120,Barranquilla,1,1,743,0,0,743,0,0,0,0,0,0,0,0
2020-05-09,port120,Barranquilla,2,1,1318,0,0,1318,0,0,0,0,0,0,0,0
2020-05-10,port120,Barranquilla,5,2,33204,2002,31096,973,1134,0,0,623,1378,0,0,0
2020-05-11,port120,Barranquilla,1,1,1579,0,0,1579,0,0,0,0,0,0,0,0
2020-05-12,port120,Barranquilla,1,0,12011,5472,12011,0,0,0,0,5472,0,0,0,0
2020-05-13,port120,Barranquilla,2,1,0,1153,0,0,0,0,0,0,1153,0,0,0
2020-05-14,port120,Barranquilla,3,1,19541,1238,19541,0,0,0,0,0,1238,0,0,0
2020-05-15,port120,Barranquilla,3,1,17118,5472,12011,1849,0,3257,0,5472,0,0,0,0
2020-05-16,port120,Barranquilla,2,0,569,0,569,0,0,0,0,0,0,0,0,0
2020-05-17,port120,Barranquilla,6,2,6141,6601,0,1716,1716,2707,0,1041,645,0,4915,0
2020-05-18,port120,Barranquilla,5,1,4041,9237,0,630,3411,0,0,0,0,8291,946,0
2020-05-19,port120,Barranquilla,1,0,35083,0,35083,0,0,0,0,0,0,0,0,0
2020-05-20,port120,Barranquilla,3,1,19796,2046,19796,0,0,0,0,0,1740,0,306,0
2020-05-21,port120,Barranquilla,3,1,542,0,0,0,0,542,0,0,0,0,0,0
2020-05-22,port120,Barranquilla,1,0,0,0,0,0,0,0,0,0,0,0,0,0
2020-05-23,port120,Barranquilla,2,0,1996,156,0,0,1996,0,0,0,0,156,0,0
2020-05-24,port120,Barranquilla,1,1,0,5667,0,0,0,0,0,0,5667,0,0,0
2020-05-25,port120,Barranquilla,3,1,24977,12009,24004,973,0,0,0,0,645,11363,0,0
2020-05-26,port120,Barranquilla,6,1,4790,18600,2896,0,1893,0,0,17057,1379,164,0,0
2020-05-27,port120,Barranquilla,1,1,973,645,0,973,0,0,0,0,645,0,0,0
2020-05-28,port120,Barranquilla,3,1,15541,2148,0,973,0,14567,0,0,645,1503,0,0
2020-05-29,port120,Barranquilla,2,1,5057,0,0,3762,1295,0,0,0,0,0,0,0
2020-05-30,port120,Barranquilla,4,2,27143,272,24846,2297,0,0,0,0,272,0,0,0
2020-05-31,port120,Barranquilla,4,2,5561,1014,0,973,0,4588,0,0,1014,0,0,0
2020-06-01,port120,Barranquilla,2,1,632,0,0,632,0,0,0,0,0,0,0,0
2020-06-02,port120,Barranquilla,4,0,75480,0,73728,0,1752,0,0,0,0,0,0,0
2020-06-03,port120,Barranquilla,3,1,42279,996,42279,0,0,0,0,0,996,0,0,0
2020-06-04,port120,Barranquilla,1,1,269,0,0,269,0,0,0,0,0,0,0,0
2020-06-05,port120,Barranquilla,4,2,2030,26595,0,2030,0,0,0,0,645,0,25950,0
2020-06-06,port120,Barranquilla,3,1,10658,812,10658,0,0,0,0,0,812,0,0,0
2020-06-07,port120,Barranquilla,3,0,17771,1430,15063,0,0,2707,0,0,0,0,1430,0
2020-06-08,port120,Barranquilla,2,1,973,1123,0,973,0,0,0,478,645,0,0,0
2020-06-09,port120,Barranquilla,2,0,5601,4218,0,0,0,5601,0,0,0,4218,0,0
2020-06-10,port120,Barranquilla,4,1,33669,645,32696,973,0,0,0,0,645,0,0,0
2020-06-11,port120,Barranquilla,2,1,999,0,0,999,0,0,0,0,0,0,0,0
2020-06-12,port120,Barranquilla,2,0,4260,6256,0,0,0,4260,0,0,0,6256,0,0
2020-06-13,port120,Barranquilla,3,1,20993,0,20993,0,0,0,0,0,0,0,0,0
2020-06-14,port120,Barranquilla,5,1,90342,37722,90342,0,0,0,0,34723,2999,0,0,0
2020-06-15,port120,Barranquilla,1,1,0,2494,0,0,0,0,0,0,2494,0,0,0
2020-06-16,port120,Barranquilla,2,1,0,7118,0,0,0,0,0,0,2235,4882,0,0
2020-06-17,port120,Barranquilla,4,2,2756,19315,0,1351,1404,0,0,19315,0,0,0,0
2020-06-18,port120,Barranquilla,3,1,2226,9380,0,1583,643,0,0,0,0,0,9380,0
2020-06-19,port120,Barranquilla,3,1,12011,5844,12011,0,0,0,0,5472,371,0,0,0
2020-06-20,port120,Barranquilla,3,0,19686,31878,19686,0,0,0,0,24295,0,7583,0,0
2020-06-21,port120,Barranquilla,2,1,2598,645,0,973,0,1625,0,0,645,0,0,0
2020-06-22,port120,Barranquilla,1,0,0,0,0,0,0,0,0,0,0,0,0,0
2020-06-23,port120,Barranquilla,3,3,0,6522,0,0,0,0,0,0,6522,0,0,0
2020-06-24,port120,Barranquilla,2,1,2412,1155,2412,0,0,0,0,0,1155,0,0,0
2020-06-25,port120,Barranquilla,2,0,39189,0,38727,0,461,0,0,0,0,0,0,0
2020-06-26,port120,Barranquilla,2,1,8425,0,0,3726,4699,0,0,0,0,0,0,0
2020-06-27,port120,Barranquilla,0,0,0,0,0,0,0,0,0,0,0,0,0,0
2020-06-28,port120,Barranquilla,1,0,2123,0,0,0,2123,0,0,0,0,0,0,0
2020-06-29,port120,Barranquilla,4,2,1289,6133,0,1289,0,0,0,0,645,0,5488,0
2020-06-30,port120,Barranquilla,2,0,29315,0,29315,0,0,0,0,0,0,0,0,0
2020-07-01,port120,Barranquilla,3,1,30646,11445,27242,3403,0,0,0,0,0,0,11445,0
2020-07-02,port120,Barranquilla,2,2,973,2565,0,973,0,0,0,0,2565,0,0,0
2020-07-03,port120,Barranquilla,1,1,973,645,0,973,0,0,0,0,645,0,0,0
2020-07-04,port120,Barranquilla,4,1,21875,0,21603,271,0,0,0,0,0,0,0,0
2020-07-05,port120,Barranquilla,3,1,12880,645,0,973,11906,0,0,0,645,0,0,0
2020-07-06,port120,Barranquilla,1,1,2810,0,0,2810,0,0,0,0,0,0,0,0
2020-07-07,port120,Barranquilla,3,0,3162,4944,0,0,3162,0,0,0,0,4944,0,0
2020-07-08,port120,Barranquilla,1,1,0,1156,0,0,0,0,0,0,1156,0,0,0
2020-07-09,port120,Barranquilla,3,1,31973,16319,30999,973,0,0,0,0,645,0,15674,0
2020-07-10,port120,Barranquilla,2,1,14241,5472,12011,2229,0,0,0,5472,0,0,0,0
2020-07-11,port120,Barranquilla,3,1,3788,1782,0,0,0,3788,0,0,1782,0,0,0
2020-07-12,port120,Barranquilla,5,1,6063,2503,0,370,5692,0,0,0,0,2503,0,0
2020-07-13,port120,Barranquilla,1,1,1267,0,0,1267,0,0,0,0,0,0,0,0
2020-07-14,port120,Barranquilla,1,0,2455,0,2455,0,0,0,0,0,0,0,0,0
2020-07-15,port120,Barranquilla,4,1,772,3944,0,772,0,0,0,0,0,2340,1604,0
2020-07-16,port120,Barranquilla,1,1,0,248,0,0,0,0,0,0,248,0,0,0
2020-07-17,port120,Barranquilla,4,2,9659,645,5729,3930,0,0,0,0,645,0,0,0
2020-07-18,port120,Barranquilla,3,0,4559,5163,0,0,4559,0,0,0,0,5163,0,0
2020-07-19,port120,Barranquilla,1,1,0,1486,0,0,0,0,0,0,1486,0,0,0
2020-07-20,port120,Barranquilla,0,0,0,0,0,0,0,0,0,0,0,0,0,0
2020-07-21,port120,Barranquilla,5,1,2520,16368,0,0,0,2520,0,0,314,13527,2527,0
2020-07-22,port120,Barranquilla,2,1,4008,1709,0,2302,1705,0,0,0,0,1709,0,0
2020-07-23,port120,Barranquilla,2,1,1374,0,0,1374,0,0,0,0,0,0,0,0
2020-07-24,port120,Barranquilla,1,1,0,1122,0,0,0,0,0,0,1122,0,0,0
2020-07-25,port120,Barranquilla,1,0,227,0,0,0,0,227,0,0,0,0,0,0
2020-07-26,port120,Barranquilla,3,1,419,10210,0,0,0,419,0,0,2577,7632,0,0
2020-07-27,port120,Barranquilla,1,1,0,0,0,0,0,0,0,0,0,0,0,0
2020-07-28,port120,Barranquilla,2,0,1135,424,0,0,1135,0,0,0,0,424,0,0
2020-07-29,port120,Barranquilla,0,0,0,0,0,0,0,0,0,0,0,0,0,0
2020-07-30,port120,Barranquilla,1,0,1705,1709,0,0,1705,0,0,0,0,1709,0,0
2020-07-31,port120,Barranquilla,7,4,20686,2064,16465,4220,0,0,0,0,2064,0,0,0
2020-08-01,port120,Barranquilla,1,1,1039,0,0,1039,0,0,0,0,0,0,0,0
2020-08-02,port120,Barranquilla,4,1,64423,339,64049,373,0,0,0,0,0,339,0,0
2020-08-03,port120,Barranquilla,2,1,321,315,0,0,0,321,0,0,315,0,0,0
2020-08-04,port120,Barranquilla,3,0,48616,485,0,0,1828,46787,0,485,0,0,0,0
2020-08-05,port120,Barranquilla,0,0,0,0,0,0,0,0,0,0,0,0,0,0
2020-08-06,port120,Barranquilla,2,2,973,1892,0,973,0,0,0,0,1892,0,0,0
2020-08-07,port120,Barranquilla,1,1,1484,0,0,1484,0,0,0,0,0,0,0,0
2020-08-08,port120,Barranquilla,1,0,3528,0,0,0,3528,0,0,0,0,0,0,0
2020-08-09,port120,Barranquilla,3,2,12985,7219,12011,973,0,0,0,5472,1746,0,0,0
2020-08-10,port120,Barranquilla,1,0,0,15860,0,0,0,0,0,15860,0,0,0,0
2020-08-11,port120,Barranquilla,3,1,47613,645,29269,973,0,17370,0,0,645,0,0,0
2020-08-12,port120,Barranquilla,1,1,3086,0,0,3086,0,0,0,0,0,0,0,0
2020-08-13,port120,Barranquilla,3,1,19918,861,18533,1385,0,0,0,0,861,0,0,0
2020-08-14,port120,Barranquilla,5,2,15200,3128,0,4428,10772,0,0,0,982,2146,0,0
2020-08-15,port120,Barranquilla,1,0,0,24592,0,0,0,0,0,24592,0,0,0,0
2020-08-16,port120,Barranquilla,2,1,11890,0,11513,376,0,0,0,0,0,0,0,0
2020-08-17,port120,Barranquilla,2,1,0,316,0,0,0,0,0,0,316,0,0,0
2020-08-18,port120,Barranquilla,4,1,30473,15705,30473,0,0,0,0,15154,550,0,0,0
2020-08-19,port120,Barranquilla,2,1,0,386,0,0,0,0,0,0,386,0,0,0
2020-08-20,port120,Barranquilla,2,0,1705,1709,0,0,1705,0,0,0,0,1709,0,0
2020-08-21,port120,Barranquilla,5,2,35245,1112,34750,495,0,0,0,0,1112,0,0,0
2020-08-22,port120,Barranquilla,1,0,0,0,0,0,0,0,0,0,0,0,0,0
2020-08-23,port120,Barranquilla,2,1,806,368,0,0,806,0,0,0,368,0,0,0
2020-08-24,port120,Barranquilla,1,0,1875,1051,0,0,0,1875,0,0,0,0,1051,0
2020-08-25,port120,Barranquilla,4,1,9064,1838,0,1267,7797,0,0,0,0,1838,0,0
2020-08-26,port120,Barranquilla,1,0,2495,0,0,0,2495,0,0,0,0,0,0,0
2020-08-27,port120,Barranquilla,0,0,0,0,0,0,0,0,0,0,0,0,0,0
2020-08-28,port120,Barranquilla,4,3,16332,6657,12011,4320,0,0,0,5472,1185,0,0,0
2020-08-29,port120,Barranquilla,4,1,7945,21148,0,0,1705,6239,0,18638,801,1709,0,0
2020-08-30,port120,Barranquilla,3,1,373,0,0,373,0,0,0,0,0,0,0,0
2020-08-31,port120,Barranquilla,3,0,75069,5472,75069,0,0,0,0,5472,0,0,0,0
2020-09-01,port120,Barranquilla,4,2,15203,1709,12089,1408,1705,0,0,0,0,1709,0,0
2020-09-02,port120,Barranquilla,4,1,30274,10205,15057,1385,0,13832,0,0,861,9344,0,0
2020-09-03,port120,Barranquilla,0,0,0,0,0,0,0,0,0,0,0,0,0,0
2020-09-04,port120,Barranquilla,2,2,2629,747,0,2629,0,0,0,0,747,0,0,0
2020-09-05,port120,Barranquilla,3,0,32873,34555,29181,0,3692,0,0,34555,0,0,0,0
2020-09-06,port120,Barranquilla,3,2,10398,1065,8168,2229,0,0,0,0,1065,0,0,0
2020-09-07,port120,Barranquilla,0,0,0,0,0,0,0,0,0,0,0,0,0,0
2020-09-08,port120,Barranquilla,4,2,3973,4049,0,1266,0,2707,0,0,387,2231,1430,0
2020-09-09,port120,Barranquilla,1,1,995,0,0,995,0,0,0,0,0,0,0,0
2020-09-10,port120,Barranquilla,1,0,0,9254,0,0,0,0,0,9254,0,0,0,0
2020-09-11,port120,Barranquilla,1,1,1851,0,0,1851,0,0,0,0,0,0,0,0
2020-09-12,port120,Barranquilla,3,1,0,5416,0,0,0,0,0,0,744,4671,0,0
2020-09-13,port120,Barranquilla,3,1,38133,0,35678,1843,610,0,0,0,0,0,0,0
2020-09-14,port120,Barranquilla,1,1,951,0,0,951,0,0,0,0,0,0,0,0
2020-09-15,port120,Barranquilla,5,2,24065,4726,20418,1940,1705,0,0,0,1133,1709,1883,0
2020-09-16,port120,Barranquilla,1,0,0,416,0,0,0,0,0,0,0,416,0,0
2020-09-17,port120,Barranquilla,3,0,13491,5919,12011,0,1480,0,0,5472,0,0,447,0
2020-09-18,port120,Barranquilla,4,1,59643,1709,54941,2995,1705,0,0,0,0,1709,0,0
2020-09-19,port120,Barranquilla,1,0,0,0,0,0,0,0,0,0,0,0,0,0
2020-09-20,port120,Barranquilla,3,1,11523,370,11523,0,0,0,0,0,370,0,0,0
2020-09-21,port120,Barranquilla,3,0,0,24970,0,0,0,0,0,22805,0,0,2165,0
2020-09-22,port120,Barranquilla,3,2,2754,37939,0,2754,0,0,0,37939,0,0,0,0
2020-09-23,port120,Barranquilla,2,1,14471,0,0,2434,0,12037,0,0,0,0,0,0
2020-09-24,port120,Barranquilla,3,0,59318,36077,59318,0,0,0,0,36077,0,0,0,0
2020-09-25,port120,Barranquilla,3,2,16723,1351,0,767,0,15956,0,0,1351,0,0,0
2020-09-26,port120,Barranquilla,1,1,0,3244,0,0,0,0,0,0,3244,0,0,0
2020-09-27,port120,Barranquilla,1,1,2241,0,0,2241,0,0,0,0,0,0,0,0
2020-09-28,port120,Barranquilla,3,1,4133,24462,0,4133,0,0,0,23668,0,793,0,0
2020-09-29,port120,Barranquilla,5,2,40343,2253,36086,1549,0,2707,0,0,822,0,1430,0
2020-09-30,port120,Barranquilla,1,1,497,0,0,497,0,0,0,0,0,0,0,0
2020-10-01,port120,Barranquilla,3,0,7225,64994,0,0,7225,0,0,64994,0,0,0,0
2020-10-02,port120,Barranquilla,3,1,7505,0,0,1875,5629,0,0,0,0,0,0,0
2020-10-03,port120,Barranquilla,4,1,63003,10378,63003,0,0,0,0,0,998,0,9380,0
2020-10-04,port120,Barranquilla,2,1,0,1843,0,0,0,0,0,0,1843,0,0,0
2020-10-05,port120,Barranquilla,2,0,4097,45542,0,0,4097,0,0,45542,0,0,0,0
2020-10-06,port120,Barranquilla,2,2,1360,645,0,1360,0,0,0,0,645,0,0,0
2020-10-07,port120,Barranquilla,5,1,21787,28563,20541,1245,0,0,0,28563,0,0,0,0
2020-10-08,port120,Barranquilla,2,1,7208,0,0,1052,6156,0,0,0,0,0,0,0
2020-10-09,port120,Barranquilla,3,2,2629,3492,0,2629,0,0,0,0,0,3492,0,0
2020-10-10,port120,Barranquilla,3,1,0,23361,0,0,0,0,0,7139,499,15723,0,0
2020-10-11,port120,Barranquilla,3,1,24080,0,13274,5735,5070,0,0,0,0,0,0,0
2020-10-12,port120,Barranquilla,3,1,317,0,0,317,0,0,0,0,0,0,0,0
2020-10-13,port120,Barranquilla,7,3,10447,3689,0,4948,5498,0,0,0,271,3418,0,0
2020-10-14,port120,Barranquilla,2,1,973,645,0,973,0,0,0,0,645,0,0,0
2020-10-15,port120,Barranquilla,1,0,0,0,0,0,0,0,0,0,0,0,0,0
2020-10-16,port120,Barranquilla,3,1,38223,6065,38223,0,0,0,0,0,0,0,6065,0
2020-10-17,port120,Barranquilla,4,1,4363,9176,2411,246,1705,0,0,7467,0,1709,0,0
2020-10-18,port120,Barranquilla,4,2,41500,2953,38052,740,0,2707,0,0,1523,0,1430,0
2020-10-19,port120,Barranquilla,3,1,1581,0,0,1581,0,0,0,0,0,0,0,0
2020-10-20,port120,Barranquilla,6,1,26591,6903,18839,385,4659,2707,0,5472,0,0,1430,0
2020-10-21,port120,Barranquilla,4,1,6265,1709,0,537,1705,4021,0,0,0,1709,0,0
2020-10-22,port120,Barranquilla,2,0,0,0,0,0,0,0,0,0,0,0,0,0
2020-10-23,port120,Barranquilla,6,2,11594,4701,0,0,0,11594,0,0,1897,2804,0,0
2020-10-24,port120,Barranquilla,3,1,29965,1349,29965,0,0,0,0,0,1349,0,0,0
2020-10-25,port120,Barranquilla,4,1,27133,23846,27133,0,0,0,0,23107,739,0,0,0
2020-10-26,port120,Barranquilla,2,0,0,618,0,0,0,0,0,0,0,618,0,0
2020-10-27,port120,Barranquilla,2,2,3873,0,0,3873,0,0,0,0,0,0,0,0
2020-10-28,port120,Barranquilla,1,1,497,0,0,497,0,0,0,0,0,0,0,0
2020-10-29,port120,Barranquilla,2,1,14368,0,12735,1632,0,0,0,0,0,0,0,0
2020-10-30,port120,Barranquilla,3,1,34972,27686,32736,2235,0,0,0,27686,0,0,0,0
2020-10-31,port120,Barranquilla,4,2,500,2201,0,500,0,0,0,0,2201,0,0,0
2020-11-01,port120,Barranquilla,2,1,2095,0,0,1527,0,568,0,0,0,0,0,0
2020-11-02,port120,Barranquilla,1,0,8624,0,8624,0,0,0,0,0,0,0,0,0
2020-11-03,port120,Barranquilla,3,2,6247,0,5229,1017,0,0,0,0,0,0,0,0
2020-11-04,port120,Barranquilla,3,2,15081,0,0,1503,0,13577,0,0,0,0,0,0
2020-11-05,port120,Barranquilla,1,0,0,11760,0,0,0,0,0,11760,0,0,0,0
2020-11-06,port120,Barranquilla,3,1,2848,2258,0,973,0,1875,0,0,645,0,1613,0
2020-11-07,port120,Barranquilla,2,1,0,30291,0,0,0,0,0,29754,537,0,0,0
2020-11-08,port120,Barranquilla,3,2,0,618,0,0,0,0,0,0,618,0,0,0
2020-11-09,port120,Barranquilla,2,0,2707,2320,0,0,0,2707,0,0,0,890,1430,0
2020-11-10,port120,Barranquilla,5,3,68550,645,62271,6278,0,0,0,0,645,0,0,0
2020-11-11,port120,Barranquilla,1,1,0,492,0,0,0,0,0,0,492,0,0,0
2020-11-12,port120,Barranquilla,1,0,36387,0,36387,0,0,0,0,0,0,0,0,0
2020-11-13,port120,Barranquilla,5,1,17900,1910,0,1121,0,16779,0,0,0,0,1910,0
2020-11-14,port120,Barranquilla,2,2,0,4380,0,0,0,0,0,0,4380,0,0,0
2020-11-15,port120,Barranquilla,4,1,973,31893,0,973,0,0,0,26409,645,4839,0,0
2020-11-16,port120,Barranquilla,2,0,26032,0,25337,0,695,0,0,0,0,0,0,0
2020-11-17,port120,Barranquilla,5,2,8685,386,0,1577,7108,0,0,0,386,0,0,0
2020-11-18,port120,Barranquilla,2,0,47279,0,47279,0,0,0,0,0,0,0,0,0
2020-11-19,port120,Barranquilla,1,1,973,645,0,973,0,0,0,0,645,0,0,0
2020-11-20,port120,Barranquilla,4,1,25974,0,24122,1851,0,0,0,0,0,0,0,0
2020-11-21,port120,Barranquilla,2,2,1947,1290,0,1947,0,0,0,0,1290,0,0,0
2020-11-22,port120,Barranquilla,1,1,973,645,0,973,0,0,0,0,645,0,0,0
2020-11-23,port120,Barranquilla,1,1,0,633,0,0,0,0,0,0,633,0,0,0
2020-11-24,port120,Barranquilla,1,1,0,772,0,0,0,0,0,0,772,0,0,0
2020-11-25,port120,Barranquilla,5,2,3943,21580,0,746,3197,0,0,21309,271,0,0,0
2020-11-26,port120,Barranquilla,2,0,19778,0,19778,0,0,0,0,0,0,0,0,0
2020-11-27,port120,Barranquilla,6,2,9022,61843,0,2568,0,6454,0,24269,645,0,36928,0
2020-11-28,port120,Barranquilla,2,2,973,2068,0,973,0,0,0,0,2068,0,0,0
2020-11-29,port120,Barranquilla,2,1,31185,1115,31185,0,0,0,0,0,1115,0,0,0
2020-11-30,port120,Barranquilla,2,1,3813,2448,0,3813,0,0,0,0,0,2448,0,0
2020-12-01,port120,Barranquilla,4,2,54885,522,52944,1940,0,0,0,0,522,0,0,0
2020-12-02,port120,Barranquilla,5,1,6921,3252,2740,2474,1705,0,0,0,0,3252,0,0
2020-12-03,port120,Barranquilla,3,1,10816,0,0,3141,7675,0,0,0,0,0,0,0
2020-12-04,port120,Barranquilla,2,1,3913,1709,0,2207,1705,0,0,0,0,1709,0,0
2020-12-05,port120,Barranquilla,2,2,0,3400,0,0,0,0,0,0,3400,0,0,0
2020-12-06,port120,Barranquilla,5,1,21588,1696,0,973,7587,13026,0,0,645,0,1051,0
2020-12-07,port120,Barranquilla,1,0,0,24609,0,0,0,0,0,24609,0,0,0,0
2020-12-08,port120,Barranquilla,3,2,37605,771,36028,1577,0,0,0,0,771,0,0,0
2020-12-09,port120,Barranquilla,3,1,2321,645,0,973,0,1347,0,0,645,0,0,0
2020-12-10,port120,Barranquilla,2,0,25628,3429,25628,0,0,0,0,0,0,0,3429,0
2020-12-11,port120,Barranquilla,2,1,30062,0,24801,5260,0,0,0,0,0,0,0,0
2020-12-12,port120,Barranquilla,1,1,0,2043,0,0,0,0,0,0,2043,0,0,0
2020-12-13,port120,Barranquilla,4,1,22731,645,17470,973,4287,0,0,0,645,0,0,0
2020-12-14,port120,Barranquilla,7,1,46793,44337,40938,1896,2082,1875,0,31864,0,0,12472,0
2020-12-15,port120,Barranquilla,3,1,2721,5492,0,2721,0,0,0,1089,0,4403,0,0
2020-12-16,port120,Barranquilla,1,1,973,645,0,973,0,0,0,0,645,0,0,0
2020-12-17,port120,Barranquilla,2,1,0,25518,0,0,0,0,0,24165,1353,0,0,0
2020-12-18,port120,Barranquilla,2,2,973,1456,0,973,0,0,0,0,1456,0,0,0
2020-12-19,port120,Barranquilla,1,0,0,0,0,0,0,0,0,0,0,0,0,0
2020-12-20,port120,Barranquilla,5,1,50684,9881,50684,0,0,0,0,0,1112,8768,0,0
2020-12-21,port120,Barranquilla,3,1,1901,2074,0,1901,0,0,0,2074,0,0,0,0
2020-12-22,port120,Barranquilla,0,0,0,0,0,0,0,0,0,0,0,0,0,0
2020-12-23,port120,Barranquilla,3,1,28155,0,27383,771,0,0,0,0,0,0,0,0
2020-12-24,port120,Barranquilla,2,0,0,2899,0,0,0,0,0,2899,0,0,0,0
2020-12-25,port120,Barranquilla,5,2,17623,777,2749,1474,0,13399,0,0,777,0,0,0
2020-12-26,port120,Barranquilla,4,1,3908,0,0,652,3255,0,0,0,0,0,0,0
2020-12-27,port120,Barranquilla,3,1,10742,26665,0,0,0,10742,0,25930,734,0,0,0
2020-12-28,port120,Barranquilla,2,1,4945,0,0,2494,2450,0,0,0,0,0,0,0
2020-12-29,port120,Barranquilla,2,1,0,259,0,0,0,0,0,0,259,0,0,0
2020-12-30,port120,Barranquilla,5,2,3639,3752,0,1515,2123,0,0,0,0,3752,0,0
2020-12-31,port120,Barranquilla,3,1,12156,0,11887,269,0,0,0,0,0,0,0,0
2021-01-01,port120,Barranquilla,1,1,1841,0,0,1841,0,0,0,0,0,0,0,0
2021-01-02,port120,Barranquilla,3,1,9586,1046,8592,994,0,0,0,0,0,1046,0,0
2021-01-03,port120,Barranquilla,1,1,973,645,0,973,0,0,0,0,645,0,0,0
2021-01-04,port120,Barranquilla,3,1,12177,0,0,2494,6938,2743,0,0,0,0,0,0
2021-01-05,port120,Barranquilla,5,2,2007,1903,0,272,1734,0,0,0,384,1518,0,0
2021-01-06,port120,Barranquilla,4,1,2465,0,0,496,1969,0,0,0,0,0,0,0
2021-01-07,port120,Barranquilla,1,0,0,2101,0,0,0,0,0,0,0,2101,0,0
2021-01-08,port120,Barranquilla,2,1,3551,645,0,973,2578,0,0,0,645,0,0,0
2021-01-09,port120,Barranquilla,4,2,0,3333,0,0,0,0,0,0,992,2340,0,0
2021-01-10,port120,Barranquilla,2,1,10942,645,0,973,0,9968,0,0,645,0,0,0
2021-01-11,port120,Barranquilla,2,1,0,8161,0,0,0,0,0,6295,1866,0,0,0
2021-01-12,port120,Barranquilla,0,0,0,0,0,0,0,0,0,0,0,0,0,0
2021-01-13,port120,Barranquilla,6,1,23106,24305,17431,2434,0,3240,0,24305,0,0,0,0
2021-01-14,port120,Barranquilla,4,2,20111,645,0,4470,0,15641,0,0,645,0,0,0
2021-01-15,port120,Barranquilla,5,2,22957,0,19253,2013,1690,0,0,0,0,0,0,0
2021-01-16,port120,Barranquilla,3,1,6671,5422,0,0,6671,0,0,0,1349,4073,0,0
2021-01-17,port120,Barranquilla,3,1,26436,25636,26436,0,0,0,0,24896,740,0,0,0
2021-01-18,port120,Barranquilla,3,1,3441,30479,0,3441,0,0,0,27096,0,3383,0,0
2021-01-19,port120,Barranquilla,2,2,2469,0,0,2469,0,0,0,0,0,0,0,0
2021-01-20,port120,Barranquilla,1,1,0,0,0,0,0,0,0,0,0,0,0,0
2021-01-21,port120,Barranquilla,5,0,32910,3893,27307,0,5603,0,0,0,0,3893,0,0
2021-01-22,port120,Barranquilla,3,2,12113,1037,0,1851,0,10261,0,0,1037,0,0,0
2021-01-23,port120,Barranquilla,2,0,28005,0,28005,0,0,0,0,0,0,0,0,0
2021-01-24,port120,Barranquilla,7,2,9604,26134,0,973,1705,6925,0,22797,1627,1709,0,0
2021-01-25,port120,Barranquilla,4,0,3155,4099,0,0,3155,0,0,0,0,4099,0,0
2021-01-26,port120,Barranquilla,3,1,53850,0,52271,1579,0,0,0,0,0,0,0,0
2021-01-27,port120,Barranquilla,4,2,5011,3579,3269,1742,0,0,0,0,645,2934,0,0
2021-01-28,port120,Barranquilla,1,0,0,6358,0,0,0,0,0,0,0,0,6358,0
2021-01-29,port120,Barranquilla,2,2,0,5936,0,0,0,0,0,0,5936,0,0,0
2021-01-30,port120,Barranquilla,3,2,27603,3560,27083,520,0,0,0,0,3560,0,0,0
2021-01-31,port120,Barranquilla,3,1,3569,21640,2595,973,0,0,0,20995,645,0,0,0
2021-02-01,port120,Barranquilla,4,1,19371,1709,16716,949,1705,0,0,0,0,1709,0,0
2021-02-02,port120,Barranquilla,1,1,973,645,0,973,0,0,0,0,645,0,0,0
2021-02-03,port120,Barranquilla,1,1,0,248,0,0,0,0,0,0,248,0,0,0
2021-02-04,port120,Barranquilla,4,1,23579,7826,12011,973,10594,0,0,5472,645,1709,0,0
2021-02-05,port120,Barranquilla,3,1,4672,0,0,2581,199,1891,0,0,0,0,0,0
2021-02-06,port120,Barranquilla,3,2,248,1523,0,248,0,0,0,0,1523,0,0,0
2021-02-07,port120,Barranquilla,3,1,0,4065,0,0,0,0,0,2591,1474,0,0,0
2021-02-08,port120,Barranquilla,3,1,8566,6133,0,2156,0,6409,0,0,0,6133,0,0
2021-02-09,port120,Barranquilla,3,1,23776,4083,21954,1822,0,0,0,0,0,0,4083,0
2021-02-10,port120,Barranquilla,4,1,16066,11572,15092,973,0,0,0,0,645,10927,0,0
2021-02-11,port120,Barranquilla,3,1,6780,0,0,2434,4346,0,0,0,0,0,0,0
2021-02-12,port120,Barranquilla,5,2,5315,5095,0,3609,1705,0,0,0,0,5095,0,0
2021-02-13,port120,Barranquilla,3,1,0,4329,0,0,0,0,0,0,4329,0,0,0
2021-02-14,port120,Barranquilla,3,1,15240,645,0,973,4721,9544,0,0,645,0,0,0
2021-02-15,port120,Barranquilla,2,1,0,2824,0,0,0,0,0,0,2824,0,0,0
2021-02-16,port120,Barranquilla,4,1,26570,51333,25760,810,0,0,0,51333,0,0,0,0
2021-02-17,port120,Barranquilla,3,1,1690,0,0,0,1690,0,0,0,0,0,0,0
2021-02-18,port120,Barranquilla,0,0,0,0,0,0,0,0,0,0,0,0,0,0
2021-02-19,port120,Barranquilla,6,2,10961,14936,0,2512,4959,3488,0,0,645,1709,12582,0
2021-02-20,port120,Barranquilla,7,2,29538,37611,28565,973,0,0,0,31651,2327,3633,0,0
2021-02-21,port120,Barranquilla,1,1,371,0,0,371,0,0,0,0,0,0,0,0
2021-02-22,port120,Barranquilla,1,1,359,0,0,359,0,0,0,0,0,0,0,0
2021-02-23,port120,Barranquilla,3,1,4716,3733,0,776,0,3939,0,0,0,3733,0,0
2021-02-24,port120,Barranquilla,0,0,0,0,0,0,0,0,0,0,0,0,0,0
2021-02-25,port120,Barranquilla,2,0,23439,2732,23439,0,0,0,0,2732,0,0,0,0
2021-02-26,port120,Barranquilla,7,2,61509,34360,57995,3351,162,0,0,34090,269,0,0,0
2021-02-27,port120,Barranquilla,4,1,4327,4677,0,973,0,3354,0,0,645,2122,1910,0
2021-02-28,port120,Barranquilla,1,1,0,367,0,0,0,0,0,0,367,0,0,0
2021-03-01,port120,Barranquilla,1,0,22858,0,22858,0,0,0,0,0,0,0,0,0
2021-03-02,port120,Barranquilla,4,2,358,5611,0,358,0,0,0,4449,1161,0,0,0
2021-03-03,port120,Barranquilla,1,1,827,0,0,827,0,0,0,0,0,0,0,0
2021-03-04,port120,Barranquilla,1,0,40391,0,40391,0,0,0,0,0,0,0,0,0
2021-03-05,port120,Barranquilla,5,1,36972,44073,33227,3744,0,0,0,44073,0,0,0,0
2021-03-06,port120,Barranquilla,3,1,13068,991,0,0,0,13068,0,0,991,0,0,0
2021-03-07,port120,Barranquilla,5,1,43407,2340,32835,739,9832,0,0,0,0,2340,0,0
2021-03-08,port120,Barranquilla,3,0,1705,6416,0,0,1705,0,0,0,0,6416,0,0
2021-03-09,port120,Barranquilla,4,2,6401,19386,0,718,5682,0,0,19000,385,0,0,0
2021-03-10,port120,Barranquilla,4,0,13614,0,0,0,0,13614,0,0,0,0,0,0
2021-03-11,port120,Barranquilla,0,0,0,0,0,0,0,0,0,0,0,0,0,0
2021-03-12,port120,Barranquilla,5,3,81646,645,73945,7701,0,0,0,0,645,0,0,0
2021-03-13,port120,Barranquilla,6,2,14761,42049,12011,1083,1665,0,0,40798,1250,0,0,0
2021-03-14,port120,Barranquilla,3,1,34831,6774,21383,0,0,13448,0,0,6774,0,0,0
2021-03-15,port120,Barranquilla,3,0,25366,20908,25366,0,0,0,0,20908,0,0,0,0
2021-03-16,port120,Barranquilla,6,2,6090,8661,0,973,5116,0,0,0,1193,7467,0,0
2021-03-17,port120,Barranquilla,1,0,32370,0,32370,0,0,0,0,0,0,0,0,0
2021-03-18,port120,Barranquilla,7,1,5838,62019,0,973,4864,0,0,58973,645,0,2401,0
2021-03-19,port120,Barranquilla,0,0,0,0,0,0,0,0,0,0,0,0,0,0
2021-03-20,port120,Barranquilla,6,2,8142,1949,0,6186,1955,0,0,0,0,0,1949,0
2021-03-21,port120,Barranquilla,2,2,0,1747,0,0,0,0,0,0,1747,0,0,0
2021-03-22,port120,Barranquilla,4,0,3108,0,0,0,1216,1891,0,0,0,0,0,0
2021-03-23,port120,Barranquilla,3,2,17647,5472,12011,5635,0,0,0,5472,0,0,0,0
2021-03-24,port120,Barranquilla,1,0,7228,0,0,0,7228,0,0,0,0,0,0,0
2021-03-25,port120,Barranquilla,1,0,2707,1430,0,0,0,2707,0,0,0,0,1430,0
2021-03-26,port120,Barranquilla,6,1,81973,0,74808,3721,3443,0,0,0,0,0,0,0
2021-03-27,port120,Barranquilla,2,1,2707,2502,0,0,0,2707,0,0,1071,0,1430,0
2021-03-28,port120,Barranquilla,6,2,24129,16637,19836,973,1705,1613,0,0,1728,1709,13199,0
2021-03-29,port120,Barranquilla,1,1,358,0,0,358,0,0,0,0,0,0,0,0
2021-03-30,port120,Barranquilla,2,0,1641,926,0,0,1641,0,0,0,0,0,926,0
2021-03-31,port120,Barranquilla,5,1,53662,3952,50881,0,2781,0,0,0,1158,2794,0,0
2021-04-01,port120,Barranquilla,3,0,40532,7623,38826,0,1705,0,0,0,0,7623,0,0
2021-04-02,port120,Barranquilla,3,2,724,34707,0,724,0,0,0,30518,4188,0,0,0
2021-04-03,port120,Barranquilla,1,0,0,26856,0,0,0,0,0,26856,0,0,0,0
2021-04-04,port120,Barranquilla,2,1,34494,645,33520,973,0,0,0,0,645,0,0,0
2021-04-05,port120,Barranquilla,6,2,44214,5472,39314,4900,0,0,0,5472,0,0,0,0
2021-04-06,port120,Barranquilla,2,1,0,386,0,0,0,0,0,0,386,0,0,0
2021-04-07,port120,Barranquilla,1,0,12011,5472,12011,0,0,0,0,5472,0,0,0,0
2021-04-08,port120,Barranquilla,5,2,4757,26401,0,2242,0,2515,0,26401,0,0,0,0
2021-04-09,port120,Barranquilla,5,2,44702,0,35188,7909,1603,0,0,0,0,0,0,0
2021-04-10,port120,Barranquilla,4,2,21343,2310,0,973,0,20370,0,0,2310,0,0,0
2021-04-11,port120,Barranquilla,2,1,1849,28975,0,1849,0,0,0,28975,0,0,0,0
2021-04-12,port120,Barranquilla,2,1,2884,0,0,2884,0,0,0,0,0,0,0,0
2021-04-13,port120,Barranquilla,3,1,1670,0,0,1670,0,0,0,0,0,0,0,0
2021-04-14,port120,Barranquilla,1,1,973,645,0,973,0,0,0,0,645,0,0,0
2021-04-15,port120,Barranquilla,1,0,0,163,0,0,0,0,0,0,0,163,0,0
2021-04-16,port120,Barranquilla,8,1,18940,12065,0,5592,10649,2698,0,0,0,0,12065,0
2021-04-17,port120,Barranquilla,6,3,48795,16531,47822,973,0,0,0,0,2420,0,14111,0
2021-04-18,port120,Barranquilla,1,1,973,645,0,973,0,0,0,0,645,0,0,0
2021-04-19,port120,Barranquilla,3,1,0,3868,0,0,0,0,0,0,3541,326,0,0
2021-04-20,port120,Barranquilla,4,1,4027,28971,0,774,3253,0,0,28434,0,0,537,0
2021-04-21,port120,Barranquilla,5,0,45325,16791,30971,0,14354,0,0,16791,0,0,0,0
2021-04-22,port120,Barranquilla,2,1,4429,1910,0,1075,0,3354,0,0,0,0,1910,0
2021-04-23,port120,Barranquilla,5,2,7562,7276,6745,816,0,0,0,0,2719,4557,0,0
2021-04-24,port120,Barranquilla,1,0,3829,0,3829,0,0,0,0,0,0,0,0,0
2021-04-25,port120,Barranquilla,2,1,1659,1859,0,0,1659,0,0,0,1859,0,0,0
2021-04-26,port120,Barranquilla,4,1,31749,3602,25681,6067,0,0,0,3602,0,0,0,0
2021-04-27,port120,Barranquilla,2,1,0,14054,0,0,0,0,0,0,775,0,13279,0
2021-04-28,port120,Barranquilla,5,0,67913,30935,66483,0,1430,0,0,30935,0,0,0,0
2021-04-29,port120,Barranquilla,4,1,35949,3701,35709,240,0,0,0,0,0,0,3701,0
2021-04-30,port120,Barranquilla,2,1,5688,1430,0,2981,0,2707,0,0,0,0,1430,0
2021-05-01,port120,Barranquilla,2,0,0,536,0,0,0,0,0,0,0,0,536,0
2021-05-02,port120,Barranquilla,2,2,0,992,0,0,0,0,0,0,992,0,0,0
2021-05-03,port120,Barranquilla,1,1,0,2467,0,0,0,0,0,0,2467,0,0,0
2021-05-04,port120,Barranquilla,3,2,2978,0,0,2978,0,0,0,0,0,0,0,0
2021-05-05,port120,Barranquilla,1,0,0,28062,0,0,0,0,0,28062,0,0,0,0
2021-05-06,port120,Barranquilla,5,0,6164,4515,6164,0,0,0,0,0,0,4515,0,0
2021-05-07,port120,Barranquilla,3,2,36830,1194,30457,6373,0,0,0,0,1194,0,0,0
2021-05-08,port120,Barranquilla,2,0,19890,0,6373,0,0,13517,0,0,0,0,0,0
2021-05-09,port120,Barranquilla,1,1,371,0,0,371,0,0,0,0,0,0,0,0
2021-05-10,port120,Barranquilla,4,1,3208,28184,0,500,0,2707,0,26753,0,0,1430,0
2021-05-11,port120,Barranquilla,3,1,10180,0,0,2824,7355,0,0,0,0,0,0,0
2021-05-12,port120,Barranquilla,4,1,31993,0,29810,2182,0,0,0,0,0,0,0,0
2021-05-13,port120,Barranquilla,3,0,32134,0,32134,0,0,0,0,0,0,0,0,0
2021-05-14,port120,Barranquilla,4,3,30278,3479,29304,973,0,0,0,0,3479,0,0,0
2021-05-15,port120,Barranquilla,1,0,29767,0,29767,0,0,0,0,0,0,0,0,0
2021-05-16,port120,Barranquilla,2,2,0,2717,0,0,0,0,0,0,2717,0,0,0
2021-05-17,port120,Barranquilla,4,1,1525,1271,0,723,0,802,0,0,0,1271,0,0
2021-05-18,port120,Barranquilla,5,1,14929,27849,0,4174,10755,0,0,27849,0,0,0,0
2021-05-19,port120,Barranquilla,5,2,33611,1002,32637,973,0,0,0,0,645,357,0,0
2021-05-20,port120,Barranquilla,1,0,0,0,0,0,0,0,0,0,0,0,0,0
2021-05-21,port120,Barranquilla,3,1,42880,0,33901,5180,3797,0,0,0,0,0,0,0
2021-05-22,port120,Barranquilla,2,1,35572,645,34598,973,0,0,0,0,645,0,0,0
2021-05-23,port120,Barranquilla,2,1,3784,0,0,3784,0,0,0,0,0,0,0,0
2021-05-24,port120,Barranquilla,4,0,38079,1093,33741,0,0,4338,0,1093,0,0,0,0
2021-05-25,port120,Barranquilla,4,2,18371,26732,16699,1671,0,0,0,24264,2467,0,0,0
2021-05-26,port120,Barranquilla,4,1,387,1469,0,387,0,0,0,1469,0,0,0,0
2021-05-27,port120,Barranquilla,0,0,0,0,0,0,0,0,0,0,0,0,0,0
2021-05-28,port120,Barranquilla,4,1,2623,2231,0,2623,0,0,0,0,0,2231,0,0
2021-05-29,port120,Barranquilla,1,0,0,2403,0,0,0,0,0,0,0,2403,0,0
2021-05-30,port120,Barranquilla,6,2,7604,27245,0,0,7604,0,0,20953,4936,231,1123,0
2021-05-31,port120,Barranquilla,3,0,33209,0,28139,0,5070,0,0,0,0,0,0,0
2021-06-01,port120,Barranquilla,3,2,2659,1722,0,973,1685,0,0,0,1722,0,0,0
2021-06-02,port120,Barranquilla,6,2,9756,30823,3762,1500,3416,1076,0,30823,0,0,0,0
2021-06-03,port120,Barranquilla,3,0,0,40652,0,0,0,0,0,35142,0,5509,0,0
2021-06-04,port120,Barranquilla,3,1,5470,0,0,4482,0,987,0,0,0,0,0,0
2021-06-05,port120,Barranquilla,4,2,23846,2222,23846,0,0,0,0,0,2222,0,0,0
2021-06-06,port120,Barranquilla,2,1,24923,4821,24923,0,0,0,0,0,4821,0,0,0
2021-06-07,port120,Barranquilla,3,0,26840,31941,26840,0,0,0,0,31941,0,0,0,0
2021-06-08,port120,Barranquilla,7,1,34973,64881,32276,0,0,2696,0,63806,1074,0,0,0
2021-06-09,port120,Barranquilla,2,1,29593,645,28619,973,0,0,0,0,645,0,0,0
2021-06-10,port120,Barranquilla,3,1,24885,2354,22205,973,1705,0,0,0,645,1709,0,0
2021-06-11,port120,Barranquilla,3,2,4827,1167,0,4827,0,0,0,0,1167,0,0,0
2021-06-12,port120,Barranquilla,2,1,2707,2208,0,0,0,2707,0,0,777,0,1430,0
2021-06-13,port120,Barranquilla,3,2,2367,11733,0,2367,0,0,0,0,0,0,11733,0
2021-06-14,port120,Barranquilla,3,0,32851,1430,30143,0,0,2707,0,0,0,0,1430,0
2021-06-15,port120,Barranquilla,6,2,24642,30012,20883,2052,1705,0,0,27658,645,1709,0,0
2021-06-16,port120,Barranquilla,1,0,0,3844,0,0,0,0,0,0,0,3844,0,0
2021-06-17,port120,Barranquilla,4,1,44878,1310,32880,0,0,11998,0,0,0,0,1310,0
2021-06-18,port120,Barranquilla,2,1,7314,0,3588,3726,0,0,0,0,0,0,0,0
2021-06-19,port120,Barranquilla,6,1,32560,1944,30854,0,1705,0,0,0,235,1709,0,0
2021-06-20,port120,Barranquilla,5,2,2950,4223,0,973,1705,271,0,0,2514,1709,0,0
2021-06-21,port120,Barranquilla,2,0,0,8005,0,0,0,0,0,5404,0,0,2601,0
2021-06-22,port120,Barranquilla,3,1,24475,0,24475,0,0,0,0,0,0,0,0,0
2021-06-23,port120,Barranquilla,1,0,25934,0,25934,0,0,0,0,0,0,0,0,0
2021-06-24,port120,Barranquilla,1,0,1882,0,0,0,0,1882,0,0,0,0,0,0
2021-06-25,port120,Barranquilla,4,1,973,645,0,973,0,0,0,0,645,0,0,0
2021-06-26,port120,Barranquilla,2,0,15754,0,15754,0,0,0,0,0,0,0,0,0
2021-06-27,port120,Barranquilla,5,2,14285,2204,0,2588,11696,0,0,0,495,1709,0,0
2021-06-28,port120,Barranquilla,3,1,2836,9284,0,973,0,1863,0,8639,645,0,0,0
2021-06-29,port120,Barranquilla,3,2,781,23350,0,781,0,0,0,20883,2467,0,0,0
2021-06-30,port120,Barranquilla,4,1,14147,645,0,973,0,13173,0,0,645,0,0,0
2021-07-01,port120,Barranquilla,4,1,973,4187,0,973,0,0,0,572,645,2970,0,0
2021-07-02,port120,Barranquilla,4,2,22486,0,11538,10948,0,0,0,0,0,0,0,0
2021-07-03,port120,Barranquilla,3,1,4482,249,0,0,4482,0,0,0,249,0,0,0
2021-07-04,port120,Barranquilla,3,1,0,12587,0,0,0,0,0,12216,370,0,0,0
2021-07-05,port120,Barranquilla,1,1,0,325,0,0,0,0,0,0,325,0,0,0
2021-07-06,port120,Barranquilla,4,2,1714,3785,0,472,0,1241,0,960,2824,0,0,0
2021-07-07,port120,Barranquilla,1,1,3064,0,0,3064,0,0,0,0,0,0,0,0
2021-07-08,port120,Barranquilla,2,1,1920,2370,0,1920,0,0,0,0,0,2370,0,0
2021-07-09,port120,Barranquilla,0,0,0,0,0,0,0,0,0,0,0,0,0,0
2021-07-10,port120,Barranquilla,2,1,1941,0,0,1941,0,0,0,0,0,0,0,0
2021-07-11,port120,Barranquilla,5,2,16793,7794,12011,2353,2429,0,0,5472,2322,0,0,0
2021-07-12,port120,Barranquilla,0,0,0,0,0,0,0,0,0,0,0,0,0,0
2021-07-13,port120,Barranquilla,2,0,0,2545,0,0,0,0,0,0,0,2545,0,0
2021-07-14,port120,Barranquilla,2,1,973,2743,0,973,0,0,0,0,645,2098,0,0
2021-07-15,port120,Barranquilla,3,1,0,0,0,0,0,0,0,0,0,0,0,0
2021-07-16,port120,Barranquilla,3,1,973,645,0,973,0,0,0,0,645,0,0,0
2021-07-17,port120,Barranquilla,4,1,42242,0,39192,3049,0,0,0,0,0,0,0,0
2021-07-18,port120,Barranquilla,3,2,24916,0,24916,0,0,0,0,0,0,0,0,0
2021-07-19,port120,Barranquilla,4,1,0,40578,0,0,0,0,0,32274,2467,0,5837,0
2021-07-20,port120,Barranquilla,0,0,0,0,0,0,0,0,0,0,0,0,0,0
2021-07-21,port120,Barranquilla,3,2,1608,326,0,0,0,1608,0,0,326,0,0,0
2021-07-22,port120,Barranquilla,3,1,6898,0,3613,3284,0,0,0,0,0,0,0,0
2021-07-23,port120,Barranquilla,5,2,9934,3923,8960,973,0,0,0,0,2555,1367,0,0
2021-07-24,port120,Barranquilla,3,2,0,5078,0,0,0,0,0,0,5078,0,0,0
2021-07-25,port120,Barranquilla,2,1,3073,1430,0,365,0,2707,0,0,0,0,1430,0
2021-07-26,port120,Barranquilla,2,0,22332,0,20717,0,0,1614,0,0,0,0,0,0
2021-07-27,port120,Barranquilla,4,1,30896,6329,24832,0,6063,0,0,0,4620,1709,0,0
2021-07-28,port120,Barranquilla,6,0,7999,5837,0,0,5541,2457,0,0,0,0,5837,0
2021-07-29,port120,Barranquilla,4,3,2852,645,0,2852,0,0,0,0,645,0,0,0
2021-07-30,port120,Barranquilla,2,1,2317,0,0,2317,0,0,0,0,0,0,0,0
2021-07-31,port120,Barranquilla,3,1,28574,24606,28574,0,0,0,0,24279,326,0,0,0
2021-08-01,port120,Barranquilla,4,2,1471,1991,0,1471,0,0,0,0,1991,0,0,0
2021-08-02,port120,Barranquilla,3,0,0,5195,0,0,0,0,0,0,0,5195,0,0
2021-08-03,port120,Barranquilla,4,2,2371,476,0,0,2371,0,0,0,476,0,0,0
2021-08-04,port120,Barranquilla,3,0,10409,0,0,0,0,10409,0,0,0,0,0,0
2021-08-05,port120,Barranquilla,6,2,18788,2751,14062,0,2811,1914,0,0,2751,0,0,0
2021-08-06,port120,Barranquilla,4,1,19202,13671,17348,1854,0,0,0,0,0,907,12764,0
2021-08-07,port120,Barranquilla,3,1,2144,1820,0,0,0,2144,0,0,1820,0,0,0
2021-08-08,port120,Barranquilla,2,1,370,0,0,370,0,0,0,0,0,0,0,0
2021-08-09,port120,Barranquilla,3,0,0,28935,0,0,0,0,0,28935,0,0,0,0
2021-08-10,port120,Barranquilla,3,2,1385,24449,0,1385,0,0,0,23587,861,0,0,0
2021-08-11,port120,Barranquilla,4,1,63435,0,57943,389,5102,0,0,0,0,0,0,0
2021-08-12,port120,Barranquilla,2,1,28307,3785,28307,0,0,0,0,0,3785,0,0,0
2021-08-13,port120,Barranquilla,3,1,34354,7291,27951,6402,0,0,0,0,0,0,7291,0
2021-08-14,port120,Barranquilla,2,1,2144,952,0,0,0,2144,0,0,952,0,0,0
2021-08-15,port120,Barranquilla,4,1,25266,1430,22187,371,0,2707,0,0,0,0,1430,0
2021-08-16,port120,Barranquilla,3,1,0,1077,0,0,0,0,0,0,1077,0,0,0
2021-08-17,port120,Barranquilla,2,0,1216,22097,0,0,1216,0,0,22097,0,0,0,0
2021-08-18,port120,Barranquilla,1,1,0,382,0,0,0,0,0,0,382,0,0,0
2021-08-19,port120,Barranquilla,2,1,1230,0,0,1230,0,0,0,0,0,0,0,0
2021-08-20,port120,Barranquilla,4,1,3681,5706,0,973,0,2707,0,0,645,3630,1430,0
2021-08-21,port120,Barranquilla,2,0,5683,1177,0,0,5683,0,0,0,0,1177,0,0
2021-08-22,port120,Barranquilla,2,2,0,737,0,0,0,0,0,0,737,0,0,0
2021-08-23,port120,Barranquilla,2,1,0,3541,0,0,0,0,0,0,3541,0,0,0
2021-08-24,port120,Barranquilla,2,1,973,2791,0,973,0,0,0,0,645,2146,0,0
2021-08-25,port120,Barranquilla,3,0,936,5339,0,0,0,936,0,5339,0,0,0,0
2021-08-26,port120,Barranquilla,4,0,0,2340,0,0,0,0,0,0,0,2340,0,0
2021-08-27,port120,Barranquilla,2,1,2353,0,0,2353,0,0,0,0,0,0,0,0
2021-08-28,port120,Barranquilla,5,1,2423,1005,2423,0,0,0,0,1005,0,0,0,0
2021-08-29,port120,Barranquilla,9,2,23566,43596,12011,367,0,11188,0,34810,1247,7539,0,0
2021-08-30,port120,Barranquilla,4,1,12011,25307,12011,0,0,0,0,5472,3162,3633,13039,0
2021-08-31,port120,Barranquilla,6,2,29237,0,28457,780,0,0,0,0,0,0,0,0
2021-09-01,port120,Barranquilla,6,1,2639,8534,0,973,1665,0,0,1635,645,0,6254,0
2021-09-02,port120,Barranquilla,4,1,6490,19930,5751,739,0,0,0,19930,0,0,0,0
2021-09-03,port120,Barranquilla,3,1,7280,4907,0,2712,0,4568,0,4907,0,0,0,0
2021-09-04,port120,Barranquilla,6,1,31839,10945,30044,720,0,1074,0,10945,0,0,0,0
2021-09-05,port120,Barranquilla,2,1,12934,645,11960,973,0,0,0,0,645,0,0,0
2021-09-06,port120,Barranquilla,1,1,0,4260,0,0,0,0,0,0,4260,0,0,0
2021-09-07,port120,Barranquilla,2,0,0,0,0,0,0,0,0,0,0,0,0,0
2021-09-08,port120,Barranquilla,4,1,692,3364,0,474,217,0,0,0,0,3364,0,0
2021-09-09,port120,Barranquilla,7,2,25136,6891,13812,973,10349,0,0,5472,1418,0,0,0
2021-09-10,port120,Barranquilla,2,1,3701,0,0,3701,0,0,0,0,0,0,0,0
2021-09-11,port120,Barranquilla,4,1,0,896,0,0,0,0,0,0,521,0,374,0
2021-09-12,port120,Barranquilla,1,1,0,539,0,0,0,0,0,0,539,0,0,0
2021-09-13,port120,Barranquilla,3,1,13380,7696,12011,0,0,1369,0,5472,2223,0,0,0
2021-09-14,port120,Barranquilla,5,2,7027,7766,3364,3663,0,0,0,4583,3182,0,0,0
2021-09-15,port120,Barranquilla,4,2,5193,764,0,1802,3391,0,0,0,764,0,0,0
2021-09-16,port120,Barranquilla,3,0,6401,0,0,0,4357,2043,0,0,0,0,0,0
2021-09-17,port120,Barranquilla,3,1,4807,0,0,4807,0,0,0,0,0,0,0,0
2021-09-18,port120,Barranquilla,2,0,1115,1038,0,0,0,1115,0,0,0,1038,0,0
2021-09-19,port120,Barranquilla,5,1,12011,9113,12011,0,0,0,0,5472,989,2651,0,0
2021-09-20,port120,Barranquilla,3,1,0,31839,0,0,0,0,0,26120,3695,0,2023,0
2021-09-21,port120,Barranquilla,3,1,0,7052,0,0,0,0,0,0,4620,2432,0,0
2021-09-22,port120,Barranquilla,2,0,0,19272,0,0,0,0,0,19272,0,0,0,0
2021-09-23,port120,Barranquilla,6,2,33885,8454,30910,1687,1288,0,0,0,770,7684,0,0
2021-09-24,port120,Barranquilla,4,2,6308,519,0,3360,2948,0,0,0,519,0,0,0
2021-09-25,port120,Barranquilla,2,0,0,13118,0,0,0,0,0,0,0,13118,0,0
2021-09-26,port120,Barranquilla,4,2,991,20968,0,991,0,0,0,18600,0,2368,0,0
2021-09-27,port120,Barranquilla,0,0,0,0,0,0,0,0,0,0,0,0,0,0
2021-09-28,port120,Barranquilla,2,1,0,8129,0,0,0,0,0,0,2467,5662,0,0
2021-09-29,port120,Barranquilla,4,1,497,22940,0,497,0,0,0,20698,0,2241,0,0
2021-09-30,port120,Barranquilla,2,2,3010,0,0,3010,0,0,0,0,0,0,0,0
2021-10-01,port120,Barranquilla,1,1,1486,0,0,1486,0,0,0,0,0,0,0,0
2021-10-02,port120,Barranquilla,2,2,0,2691,0,0,0,0,0,0,2691,0,0,0
2021-10-03,port120,Barranquilla,1,1,973,645,0,973,0,0,0,0,645,0,0,0
2021-10-04,port120,Barranquilla,1,0,0,0,0,0,0,0,0,0,0,0,0,0
2021-10-05,port120,Barranquilla,1,0,0,0,0,0,0,0,0,0,0,0,0,0
2021-10-06,port120,Barranquilla,3,0,34585,0,25343,0,0,9242,0,0,0,0,0,0
2021-10-07,port120,Barranquilla,1,0,0,3925,0,0,0,0,0,0,0,3925,0,0
2021-10-08,port120,Barranquilla,7,2,14917,8496,0,1868,13048,0,0,0,0,8496,0,0
2021-10-09,port120,Barranquilla,3,1,29828,645,28855,973,0,0,0,0,645,0,0,0
2021-10-10,port120,Barranquilla,6,2,973,29924,0,973,0,0,0,23911,2859,3153,0,0
2021-10-11,port120,Barranquilla,2,1,726,484,0,726,0,0,0,484,0,0,0,0
2021-10-12,port120,Barranquilla,2,0,32865,0,32865,0,0,0,0,0,0,0,0,0
2021-10-13,port120,Barranquilla,3,2,3022,2188,0,3022,0,0,0,0,645,0,1543,0
2021-10-14,port120,Barranquilla,0,0,0,0,0,0,0,0,0,0,0,0,0,0
2021-10-15,port120,Barranquilla,3,0,0,26271,0,0,0,0,0,21288,0,4982,0,0
2021-10-16,port120,Barranquilla,5,2,39407,23500,22210,2577,0,14619,0,23027,473,0,0,0
2021-10-17,port120,Barranquilla,4,2,1929,2094,0,0,0,1929,0,0,2094,0,0,0
2021-10-18,port120,Barranquilla,4,0,1705,4157,0,0,1705,0,0,0,0,4157,0,0
2021-10-19,port120,Barranquilla,3,1,27733,0,23370,4363,0,0,0,0,0,0,0,0
2021-10-20,port120,Barranquilla,7,2,37248,12640,36262,986,0,0,0,12254,385,0,0,0
2021-10-21,port120,Barranquilla,4,1,30360,0,17072,963,0,12324,0,0,0,0,0,0
2021-10-22,port120,Barranquilla,1,1,5631,0,0,5631,0,0,0,0,0,0,0,0
2021-10-23,port120,Barranquilla,3,1,14983,0,0,2564,0,12418,0,0,0,0,0,0
2021-10-24,port120,Barranquilla,5,2,7757,8135,0,0,1952,5805,0,4931,3203,0,0,0
2021-10-25,port120,Barranquilla,3,1,56366,645,23998,973,0,31394,0,0,645,0,0,0
2021-10-26,port120,Barranquilla,3,0,22706,4865,22706,0,0,0,0,0,0,4865,0,0
2021-10-27,port120,Barranquilla,6,1,75717,0,73887,1829,0,0,0,0,0,0,0,0
2021-10-28,port120,Barranquilla,2,2,973,2948,0,973,0,0,0,0,2948,0,0,0
2021-10-29,port120,Barranquilla,5,1,14557,20863,13079,1478,0,0,0,20863,0,0,0,0
2021-10-30,port120,Barranquilla,0,0,0,0,0,0,0,0,0,0,0,0,0,0
2021-10-31,port120,Barranquilla,2,2,0,1722,0,0,0,0,0,0,1722,0,0,0
2021-11-01,port120,Barranquilla,4,2,0,26776,0,0,0,0,0,21340,5249,0,186,0
2021-11-02,port120,Barranquilla,2,0,24439,0,22835,0,1603,0,0,0,0,0,0,0
2021-11-03,port120,Barranquilla,3,0,3411,30277,0,0,3411,0,0,26859,0,3418,0,0
2021-11-04,port120,Barranquilla,3,1,27885,7695,27885,0,0,0,0,0,2702,4992,0,0
2021-11-05,port120,Barranquilla,6,2,74321,7573,68775,5545,0,0,0,5472,0,2101,0,0
2021-11-06,port120,Barranquilla,4,1,16519,30381,15546,973,0,0,0,29736,645,0,0,0
2021-11-07,port120,Barranquilla,5,2,35652,61913,31493,4159,0,0,0,61913,0,0,0,0
2021-11-08,port120,Barranquilla,3,1,973,2606,0,973,0,0,0,1961,645,0,0,0
2021-11-09,port120,Barranquilla,2,1,4494,0,0,2610,0,1884,0,0,0,0,0,0
2021-11-10,port120,Barranquilla,1,0,12011,5472,12011,0,0,0,0,5472,0,0,0,0
2021-11-11,port120,Barranquilla,3,0,11887,0,11887,0,0,0,0,0,0,0,0,0
2021-11-12,port120,Barranquilla,3,1,28811,0,24289,4521,0,0,0,0,0,0,0,0
2021-11-13,port120,Barranquilla,4,1,769,8702,0,769,0,0,0,0,0,0,8702,0
2021-11-14,port120,Barranquilla,4,2,973,4489,0,973,0,0,0,0,892,3596,0,0
2021-11-15,port120,Barranquilla,2,1,5405,2467,5405,0,0,0,0,0,2467,0,0,0
2021-11-16,port120,Barranquilla,4,1,24222,385,22791,0,1430,0,0,0,385,0,0,0
2021-11-17,port120,Barranquilla,3,0,12170,1813,0,0,0,12170,0,0,0,1813,0,0
2021-11-18,port120,Barranquilla,4,0,0,35641,0,0,0,0,0,35641,0,0,0,0
2021-11-19,port120,Barranquilla,3,2,21357,956,17169,4188,0,0,0,0,956,0,0,0
2021-11-20,port120,Barranquilla,1,1,973,645,0,973,0,0,0,0,645,0,0,0
2021-11-21,port120,Barranquilla,3,2,990,0,0,990,0,0,0,0,0,0,0,0
2021-11-22,port120,Barranquilla,1,0,0,0,0,0,0,0,0,0,0,0,0,0
2021-11-23,port120,Barranquilla,2,0,0,2115,0,0,0,0,0,0,0,2115,0,0
2021-11-24,port120,Barranquilla,2,1,3018,0,0,3018,0,0,0,0,0,0,0,0
2021-11-25,port120,Barranquilla,4,1,1232,2166,0,1232,0,0,0,2166,0,0,0,0
2021-11-26,port120,Barranquilla,2,2,973,645,0,973,0,0,0,0,645,0,0,0
2021-11-27,port120,Barranquilla,2,0,0,0,0,0,0,0,0,0,0,0,0,0
2021-11-28,port120,Barranquilla,7,1,2454,47499,0,0,0,2454,0,47499,0,0,0,0
2021-11-29,port120,Barranquilla,3,0,0,0,0,0,0,0,0,0,0,0,0,0
2021-11-30,port120,Barranquilla,5,1,18309,7082,15626,0,0,2682,0,0,2525,4556,0,0
2021-12-01,port120,Barranquilla,4,2,973,645,0,973,0,0,0,0,645,0,0,0
2021-12-02,port120,Barranquilla,5,1,0,1153,0,0,0,0,0,0,1153,0,0,0
2021-12-03,port120,Barranquilla,2,1,973,645,0,973,0,0,0,0,645,0,0,0
2021-12-04,port120,Barranquilla,2,0,0,32451,0,0,0,0,0,32451,0,0,0,0
2021-12-05,port120,Barranquilla,7,2,1236,20808,838,0,397,0,0,0,6119,3659,11029,0
2021-12-06,port120,Barranquilla,3,1,0,27407,0,0,0,0,0,23507,3900,0,0,0
2021-12-07,port120,Barranquilla,2,0,25825,0,18961,0,0,6863,0,0,0,0,0,0
2021-12-08,port120,Barranquilla,2,0,5250,0,3811,0,1439,0,0,0,0,0,0,0
2021-12-09,port120,Barranquilla,5,1,18218,1392,16099,774,0,1344,0,0,0,1392,0,0
2021-12-10,port120,Barranquilla,4,1,1913,6854,0,1913,0,0,0,2098,0,4756,0,0
2021-12-11,port120,Barranquilla,1,1,478,0,0,478,0,0,0,0,0,0,0,0
2021-12-12,port120,Barranquilla,4,2,31621,750,30153,1467,0,0,0,0,750,0,0,0
2021-12-13,port120,Barranquilla,2,1,0,14991,0,0,0,0,0,0,4260,10730,0,0
2021-12-14,port120,Barranquilla,2,0,0,23649,0,0,0,0,0,21309,0,2340,0,0
2021-12-15,port120,Barranquilla,3,0,12011,8202,12011,0,0,0,0,8202,0,0,0,0
2021-12-16,port120,Barranquilla,2,0,4893,0,4893,0,0,0,0,0,0,0,0,0
2021-12-17,port120,Barranquilla,2,1,12751,5472,12011,740,0,0,0,5472,0,0,0,0
2021-12-18,port120,Barranquilla,3,2,1496,1123,0,1496,0,0,0,477,645,0,0,0
2021-12-19,port120,Barranquilla,1,1,1152,0,0,1152,0,0,0,0,0,0,0,0
2021-12-20,port120,Barranquilla,3,0,536,29862,0,0,0,536,0,29862,0,0,0,0
2021-12-21,port120,Barranquilla,7,2,6566,2354,0,1332,5234,0,0,0,645,1709,0,0
2021-12-22,port120,Barranquilla,3,0,9844,1709,2103,0,7741,0,0,0,0,1709,0,0
2021-12-23,port120,Barranquilla,4,1,2323,0,0,732,1591,0,0,0,0,0,0,0
2021-12-24,port120,Barranquilla,5,2,31061,10102,28623,2438,0,0,0,0,956,9145,0,0
2021-12-25,port120,Barranquilla,1,0,964,0,0,0,964,0,0,0,0,0,0,0
2021-12-26,port120,Barranquilla,3,1,973,2287,0,973,0,0,0,1642,645,0,0,0
2021-12-27,port120,Barranquilla,5,2,29408,11729,29039,369,0,0,0,9261,2467,0,0,0
2021-12-28,port120,Barranquilla,1,0,0,4271,0,0,0,0,0,0,0,4271,0,0
2021-12-29,port120,Barranquilla,1,0,0,14169,0,0,0,0,0,14169,0,0,0,0
2021-12-30,port120,Barranquilla,0,0,0,0,0,0,0,0,0,0,0,0,0,0
2021-12-31,port120,Barranquilla,1,0,5039,0,0,0,0,5039,0,0,0,0,0,0
2022-01-01,port120,Barranquilla,2,0,2707,19420,0,0,0,2707,0,17989,0,0,1430,0
2022-01-02,port120,Barranquilla,3,2,12985,6117,12011,973,0,0,0,5472,645,0,0,0
2022-01-03,port120,Barranquilla,1,1,973,645,0,973,0,0,0,0,645,0,0,0
2022-01-04,port120,Barranquilla,2,0,0,14800,0,0,0,0,0,14800,0,0,0,0
2022-01-05,port120,Barranquilla,3,1,973,18889,0,973,0,0,0,18244,645,0,0,0
2022-01-06,port120,Barranquilla,4,0,25949,1709,24244,0,1705,0,0,0,0,1709,0,0
2022-01-07,port120,Barranquilla,4,1,14432,5472,12011,0,0,2420,0,5472,0,0,0,0
2022-01-08,port120,Barranquilla,3,0,10407,0,0,0,0,10407,0,0,0,0,0,0
2022-01-09,port120,Barranquilla,6,1,24457,2657,21103,0,0,3354,0,0,747,0,1910,0
2022-01-10,port120,Barranquilla,3,1,973,30692,0,973,0,0,0,30047,645,0,0,0
2022-01-11,port120,Barranquilla,6,1,55433,0,51946,1300,1885,301,0,0,0,0,0,0
2022-01-12,port120,Barranquilla,4,1,3681,3003,0,973,0,2707,0,0,645,927,1430,0
2022-01-13,port120,Barranquilla,4,0,0,0,0,0,0,0,0,0,0,0,0,0
2022-01-14,port120,Barranquilla,0,0,0,0,0,0,0,0,0,0,0,0,0,0
2022-01-15,port120,Barranquilla,4,2,18475,7826,12011,4758,1705,0,0,5472,645,1709,0,0
2022-01-16,port120,Barranquilla,4,0,7347,0,4290,0,0,3057,0,0,0,0,0,0
2022-01-17,port120,Barranquilla,1,0,6216,0,0,0,6216,0,0,0,0,0,0,0
2022-01-18,port120,Barranquilla,2,0,0,0,0,0,0,0,0,0,0,0,0,0
2022-01-19,port120,Barranquilla,1,0,0,0,0,0,0,0,0,0,0,0,0,0
2022-01-20,port120,Barranquilla,3,2,1159,483,0,1159,0,0,0,0,483,0,0,0
2022-01-21,port120,Barranquilla,1,0,0,0,0,0,0,0,0,0,0,0,0,0
2022-01-22,port120,Barranquilla,1,0,2954,0,0,0,0,2954,0,0,0,0,0,0
2022-01-23,port120,Barranquilla,3,1,0,38967,0,0,0,0,0,30702,1106,0,7158,0
2022-01-24,port120,Barranquilla,1,1,0,1248,0,0,0,0,0,0,1248,0,0,0
2022-01-25,port120,Barranquilla,5,2,15500,384,14129,1091,0,279,0,0,384,0,0,0
2022-01-26,port120,Barranquilla,1,0,0,0,0,0,0,0,0,0,0,0,0,0
2022-01-27,port120,Barranquilla,6,1,20450,5101,19731,718,0,0,0,5101,0,0,0,0
2022-01-28,port120,Barranquilla,2,1,8527,0,0,7146,1380,0,0,0,0,0,0,0
2022-01-29,port120,Barranquilla,4,1,973,645,0,973,0,0,0,0,645,0,0,0
2022-01-30,port120,Barranquilla,3,1,12011,39721,12011,0,0,0,0,39721,0,0,0,0
2022-01-31,port120,Barranquilla,4,1,11887,40480,11887,0,0,0,0,40480,0,0,0,0
2022-02-01,port120,Barranquilla,2,1,26938,645,25964,973,0,0,0,0,645,0,0,0
2022-02-02,port120,Barranquilla,3,0,3354,24507,0,0,0,3354,0,22597,0,0,1910,0
2022-02-03,port120,Barranquilla,2,0,13197,6656,12011,0,1185,0,0,5472,0,1184,0,0
2022-02-04,port120,Barranquilla,4,3,8328,2895,0,6633,1694,0,0,0,2895,0,0,0
2022-02-05,port120,Barranquilla,2,0,0,33584,0,0,0,0,0,33584,0,0,0,0
2022-02-06,port120,Barranquilla,2,0,33466,0,33466,0,0,0,0,0,0,0,0,0
2022-02-07,port120,Barranquilla,2,1,542,716,0,0,0,542,0,0,716,0,0,0
2022-02-08,port120,Barranquilla,4,0,18538,27489,16677,0,1861,0,0,27489,0,0,0,0
2022-02-09,port120,Barranquilla,4,1,1103,38558,0,775,327,0,0,38558,0,0,0,0
2022-02-10,port120,Barranquilla,4,3,2944,2224,0,2944,0,0,0,0,2073,151,0,0
2022-02-11,port120,Barranquilla,2,1,1772,0,0,733,1039,0,0,0,0,0,0,0
2022-02-12,port120,Barranquilla,4,0,97082,1430,94374,0,0,2707,0,0,0,0,1430,0
2022-02-13,port120,Barranquilla,5,1,973,38188,0,973,0,0,0,25650,645,11892,0,0
2022-02-14,port120,Barranquilla,4,0,3737,31848,0,0,2116,1621,0,31848,0,0,0,0
2022-02-15,port120,Barranquilla,1,0,0,0,0,0,0,0,0,0,0,0,0,0
2022-02-16,port120,Barranquilla,2,1,12754,0,0,388,12365,0,0,0,0,0,0,0
2022-02-17,port120,Barranquilla,5,2,29733,611,28537,497,698,0,0,0,238,0,373,0
2022-02-18,port120,Barranquilla,1,1,3445,0,0,3445,0,0,0,0,0,0,0,0
2022-02-19,port120,Barranquilla,4,0,27870,13272,25430,0,0,2440,0,13272,0,0,0,0
2022-02-20,port120,Barranquilla,3,1,0,20517,0,0,0,0,0,17221,2250,1045,0,0
2022-02-21,port120,Barranquilla,6,1,17221,8819,0,4037,1591,11592,0,8176,0,642,0,0
2022-02-22,port120,Barranquilla,1,0,34783,0,34783,0,0,0,0,0,0,0,0,0
2022-02-23,port120,Barranquilla,4,0,3354,1910,0,0,0,3354,0,0,0,0,1910,0
2022-02-24,port120,Barranquilla,2,1,25699,786,25699,0,0,0,0,0,786,0,0,0
2022-02-25,port120,Barranquilla,4,1,17205,8612,12011,780,1705,2707,0,5472,0,1709,1430,0
2022-02-26,port120,Barranquilla,3,1,15141,0,0,3813,0,11327,0,0,0,0,0,0
2022-02-27,port120,Barranquilla,3,1,30996,645,30023,973,0,0,0,0,645,0,0,0
2022-02-28,port120,Barranquilla,3,0,0,5067,0,0,0,0,0,0,0,5067,0,0
2022-03-01,port120,Barranquilla,5,2,5639,9214,0,579,1705,3354,0,0,716,1709,6788,0
2022-03-02,port120,Barranquilla,2,0,0,27293,0,0,0,0,0,22311,0,4982,0,0
2022-03-03,port120,Barranquilla,5,2,37201,9483,36228,973,0,0,0,0,1371,8112,0,0
2022-03-04,port120,Barranquilla,3,1,3813,0,0,3813,0,0,0,0,0,0,0,0
2022-03-05,port120,Barranquilla,4,1,34156,28084,34156,0,0,0,0,27833,251,0,0,0
2022-03-06,port120,Barranquilla,2,0,1334,542,0,0,1334,0,0,542,0,0,0,0
2022-03-07,port120,Barranquilla,1,1,0,1793,0,0,0,0,0,0,1793,0,0,0
2022-03-08,port120,Barranquilla,2,0,46984,5472,46984,0,0,0,0,5472,0,0,0,0
2022-03-09,port120,Barranquilla,3,1,16405,3264,0,0,1705,14699,0,0,1555,1709,0,0
2022-03-10,port120,Barranquilla,4,1,0,17274,0,0,0,0,0,16404,239,0,630,0
2022-03-11,port120,Barranquilla,3,1,35741,0,34633,1108,0,0,0,0,0,0,0,0
2022-03-12,port120,Barranquilla,5,1,6035,3341,0,973,4255,805,0,0,645,0,2696,0
2022-03-13,port120,Barranquilla,1,0,44183,0,44183,0,0,0,0,0,0,0,0,0
2022-03-14,port120,Barranquilla,1,1,0,3182,0,0,0,0,0,0,3182,0,0,0
2022-03-15,port120,Barranquilla,1,0,0,0,0,0,0,0,0,0,0,0,0,0
2022-03-16,port120,Barranquilla,3,0,26245,0,26245,0,0,0,0,0,0,0,0,0
2022-03-17,port120,Barranquilla,5,1,22974,34851,22264,0,709,0,0,31751,784,0,2315,0
2022-03-18,port120,Barranquilla,3,1,14702,26751,14332,369,0,0,0,26751,0,0,0,0
2022-03-19,port120,Barranquilla,5,1,62470,2075,58789,973,0,2707,0,0,645,0,1430,0
2022-03-20,port120,Barranquilla,2,0,0,0,0,0,0,0,0,0,0,0,0,0
2022-03-21,port120,Barranquilla,5,1,13294,23890,13294,0,0,0,0,17808,3182,2898,0,0
2022-03-22,port120,Barranquilla,4,2,388,33387,0,388,0,0,0,33138,248,0,0,0
2022-03-23,port120,Barranquilla,5,0,25201,3139,20787,0,1705,2707,0,0,0,1709,1430,0
2022-03-24,port120,Barranquilla,2,0,0,0,0,0,0,0,0,0,0,0,0,0
2022-03-25,port120,Barranquilla,2,1,1208,0,0,1208,0,0,0,0,0,0,0,0
2022-03-26,port120,Barranquilla,5,2,42116,30414,38919,3197,0,0,0,29769,645,0,0,0
2022-03-27,port120,Barranquilla,3,0,41721,2340,35962,0,5759,0,0,0,0,2340,0,0
2022-03-28,port120,Barranquilla,1,0,0,2315,0,0,0,0,0,0,0,0,2315,0
2022-03-29,port120,Barranquilla,3,1,4012,9425,0,4012,0,0,0,2878,0,0,6547,0
2022-03-30,port120,Barranquilla,1,0,34093,0,34093,0,0,0,0,0,0,0,0,0
2022-03-31,port120,Barranquilla,3,2,1360,645,0,1360,0,0,0,0,645,0,0,0
2022-04-01,port120,Barranquilla,4,1,2214,18823,0,2214,0,0,0,0,0,5407,13416,0
2022-04-02,port120,Barranquilla,2,0,11020,1430,0,0,8312,2707,0,0,0,0,1430,0
2022-04-03,port120,Barranquilla,2,1,0,4145,0,0,0,0,0,0,999,3146,0,0
2022-04-04,port120,Barranquilla,2,1,26060,0,26060,0,0,0,0,0,0,0,0,0
2022-04-05,port120,Barranquilla,3,0,57384,0,57384,0,0,0,0,0,0,0,0,0
2022-04-06,port120,Barranquilla,2,1,4266,1430,0,1558,0,2707,0,0,0,0,1430,0
2022-04-07,port120,Barranquilla,2,1,0,32712,0,0,0,0,0,32449,262,0,0,0
2022-04-08,port120,Barranquilla,2,1,8425,0,0,4056,4369,0,0,0,0,0,0,0
2022-04-09,port120,Barranquilla,7,1,16295,7660,15322,973,0,0,0,0,645,3263,3751,0
2022-04-10,port120,Barranquilla,1,0,0,0,0,0,0,0,0,0,0,0,0,0
2022-04-11,port120,Barranquilla,2,0,269,4984,0,0,0,269,0,0,0,4984,0,0
2022-04-12,port120,Barranquilla,5,1,3304,11404,0,0,3304,0,0,0,1435,0,9968,0
2022-04-13,port120,Barranquilla,6,1,41841,4063,24485,973,3411,12971,0,0,645,3418,0,0
2022-04-14,port120,Barranquilla,4,1,1235,10634,0,0,0,1235,0,8840,1691,101,0,0
2022-04-15,port120,Barranquilla,3,1,12022,0,0,2981,2613,6428,0,0,0,0,0,0
2022-04-16,port120,Barranquilla,6,0,55615,14845,55615,0,0,0,0,0,0,14845,0,0
2022-04-17,port120,Barranquilla,2,0,9094,0,0,0,9094,0,0,0,0,0,0,0
2022-04-18,port120,Barranquilla,3,1,1705,57829,0,0,1705,0,0,55370,749,1709,0,0
2022-04-19,port120,Barranquilla,2,1,0,26820,0,0,0,0,0,25744,1075,0,0,0
2022-04-20,port120,Barranquilla,4,1,778,35317,0,778,0,0,0,35317,0,0,0,0
2022-04-21,port120,Barranquilla,0,0,0,0,0,0,0,0,0,0,0,0,0,0
2022-04-22,port120,Barranquilla,5,2,17598,3785,0,2443,1705,13449,0,0,645,1709,1430,0
2022-04-23,port120,Barranquilla,4,1,973,12677,0,973,0,0,0,0,645,4873,7158,0
2022-04-24,port120,Barranquilla,1,1,1385,861,0,1385,0,0,0,0,861,0,0,0
2022-04-25,port120,Barranquilla,4,0,1382,22009,0,0,0,1382,0,22009,0,0,0,0
2022-04-26,port120,Barranquilla,3,1,26377,2467,0,0,0,26377,0,0,2467,0,0,0
2022-04-27,port120,Barranquilla,4,1,65067,0,64677,389,0,0,0,0,0,0,0,0
2022-04-28,port120,Barranquilla,3,1,37685,1693,34977,0,0,2707,0,0,262,0,1430,0
2022-04-29,port120,Barranquilla,1,1,2956,0,0,2956,0,0,0,0,0,0,0,0
2022-04-30,port120,Barranquilla,1,0,1705,1709,0,0,1705,0,0,0,0,1709,0,0
2022-05-01,port120,Barranquilla,2,0,0,23871,0,0,0,0,0,23871,0,0,0,0
2022-05-02,port120,Barranquilla,1,0,0,0,0,0,0,0,0,0,0,0,0,0
2022-05-03,port120,Barranquilla,6,2,36282,17808,30157,0,3416,2707,0,0,1944,0,15864,0
2022-05-04,port120,Barranquilla,3,0,28443,1709,26738,0,1705,0,0,0,0,1709,0,0
2022-05-05,port120,Barranquilla,3,1,0,12487,0,0,0,0,0,8473,389,3624,0,0
2022-05-06,port120,Barranquilla,4,2,4656,25727,0,2822,0,1833,0,25082,645,0,0,0
2022-05-07,port120,Barranquilla,4,1,39340,0,35159,4180,0,0,0,0,0,0,0,0
2022-05-08,port120,Barranquilla,3,1,4383,5144,0,973,0,3409,0,0,645,4499,0,0
2022-05-09,port120,Barranquilla,4,1,37717,2788,18108,0,1705,17903,0,0,1079,1709,0,0
2022-05-10,port120,Barranquilla,1,0,0,0,0,0,0,0,0,0,0,0,0,0
2022-05-11,port120,Barranquilla,3,0,17679,8381,0,0,17679,0,0,0,0,0,8381,0
2022-05-12,port120,Barranquilla,3,1,32075,0,30911,1164,0,0,0,0,0,0,0,0
2022-05-13,port120,Barranquilla,5,2,39213,4092,34926,2581,1705,0,0,0,2383,1709,0,0
2022-05-14,port120,Barranquilla,3,1,3227,2615,1081,0,0,2146,0,0,2615,0,0,0
2022-05-15,port120,Barranquilla,2,0,11097,2261,0,0,0,11097,0,0,0,0,2261,0
2022-05-16,port120,Barranquilla,3,0,40960,0,40960,0,0,0,0,0,0,0,0,0
2022-05-17,port120,Barranquilla,2,1,1665,359,0,0,1665,0,0,0,359,0,0,0
2022-05-18,port120,Barranquilla,4,0,41815,5001,36748,0,5066,0,0,3292,0,1709,0,0
2022-05-19,port120,Barranquilla,3,0,30389,0,30389,0,0,0,0,0,0,0,0,0
2022-05-20,port120,Barranquilla,5,1,31363,2354,27876,973,1705,807,0,0,645,1709,0,0
2022-05-21,port120,Barranquilla,5,4,5335,9129,0,5335,0,0,0,0,4146,4982,0,0
2022-05-22,port120,Barranquilla,3,0,22989,1032,11063,0,0,11926,0,1032,0,0,0,0
2022-05-23,port120,Barranquilla,3,1,1485,2313,0,1485,0,0,0,0,0,0,2313,0
2022-05-24,port120,Barranquilla,2,1,4357,359,0,0,4357,0,0,0,359,0,0,0
2022-05-25,port120,Barranquilla,0,0,0,0,0,0,0,0,0,0,0,0,0,0
2022-05-26,port120,Barranquilla,4,0,2707,25084,0,0,0,2707,0,22123,0,1530,1430,0
2022-05-27,port120,Barranquilla,0,0,0,0,0,0,0,0,0,0,0,0,0,0
2022-05-28,port120,Barranquilla,2,0,0,0,0,0,0,0,0,0,0,0,0,0
2022-05-29,port120,Barranquilla,4,1,25088,2864,25088,0,0,0,0,1619,1245,0,0,0
2022-05-30,port120,Barranquilla,5,1,3810,25908,0,1103,0,2707,0,24477,0,0,1430,0
2022-05-31,port120,Barranquilla,2,1,0,37768,0,0,0,0,0,33868,3900,0,0,0
2022-06-01,port120,Barranquilla,5,0,30698,29443,21210,0,6780,2707,0,28012,0,0,1430,0
2022-06-02,port120,Barranquilla,1,0,0,0,0,0,0,0,0,0,0,0,0,0
2022-06-03,port120,Barranquilla,2,1,720,0,0,720,0,0,0,0,0,0,0,0
2022-06-04,port120,Barranquilla,1,1,973,645,0,973,0,0,0,0,645,0,0,0
2022-06-05,port120,Barranquilla,3,1,19993,30925,17050,2943,0,0,0,30925,0,0,0,0
2022-06-06,port120,Barranquilla,2,0,0,0,0,0,0,0,0,0,0,0,0,0
2022-06-07,port120,Barranquilla,7,2,6192,37813,0,6192,0,0,0,36063,772,977,0,0
2022-06-08,port120,Barranquilla,0,0,0,0,0,0,0,0,0,0,0,0,0,0
2022-06-09,port120,Barranquilla,3,1,0,32136,0,0,0,0,0,29833,2303,0,0,0
2022-06-10,port120,Barranquilla,2,2,6747,0,0,6747,0,0,0,0,0,0,0,0
2022-06-11,port120,Barranquilla,7,1,36426,4484,29841,0,0,6585,0,0,0,4183,300,0
2022-06-12,port120,Barranquilla,2,1,27715,1250,27715,0,0,0,0,0,1250,0,0,0
2022-06-13,port120,Barranquilla,4,1,3020,28780,0,0,3020,0,0,28780,0,0,0,0
2022-06-14,port120,Barranquilla,3,0,31754,0,31754,0,0,0,0,0,0,0,0,0
2022-06-15,port120,Barranquilla,3,0,0,977,0,0,0,0,0,0,0,977,0,0
2022-06-16,port120,Barranquilla,3,1,39816,6117,38843,973,0,0,0,5472,645,0,0,0
2022-06-17,port120,Barranquilla,2,1,1861,6692,0,1861,0,0,0,0,0,6692,0,0
2022-06-18,port120,Barranquilla,6,1,31814,1594,29223,973,0,1617,0,949,645,0,0,0
2022-06-19,port120,Barranquilla,2,1,12011,6637,12011,0,0,0,0,5472,1164,0,0,0
2022-06-20,port120,Barranquilla,5,1,33666,7158,25001,247,8417,0,0,0,0,0,7158,0
2022-06-21,port120,Barranquilla,3,0,10960,1430,0,0,8253,2707,0,0,0,0,1430,0
2022-06-22,port120,Barranquilla,2,0,12647,5472,12011,0,636,0,0,5472,0,0,0,0
2022-06-23,port120,Barranquilla,2,1,973,6308,0,973,0,0,0,5663,645,0,0,0
2022-06-24,port120,Barranquilla,5,2,15803,1430,0,8810,4284,2707,0,0,0,0,1430,0
2022-06-25,port120,Barranquilla,4,1,37325,1997,34232,385,0,2707,0,566,0,0,1430,0
2022-06-26,port120,Barranquilla,1,1,0,2747,0,0,0,0,0,0,2747,0,0,0
2022-06-27,port120,Barranquilla,4,1,823,8439,0,0,823,0,0,0,240,0,8199,0
2022-06-28,port120,Barranquilla,2,2,1705,645,0,1705,0,0,0,0,645,0,0,0
2022-06-29,port120,Barranquilla,4,0,5406,7655,0,0,0,5406,0,0,0,6224,1430,0
2022-06-30,port120,Barranquilla,4,0,3057,10355,0,0,3057,0,0,10355,0,0,0,0
2022-07-01,port120,Barranquilla,3,1,0,10083,0,0,0,0,0,9809,273,0,0,0
2022-07-02,port120,Barranquilla,4,1,57859,28273,56885,973,0,0,0,27628,645,0,0,0
2022-07-03,port120,Barranquilla,2,1,2679,2354,0,973,1705,0,0,0,645,1709,0,0
2022-07-04,port120,Barranquilla,2,1,1705,2069,0,0,1705,0,0,0,360,1709,0,0
2022-07-05,port120,Barranquilla,5,1,11831,23718,9268,770,1792,0,0,23718,0,0,0,0
2022-07-06,port120,Barranquilla,3,0,0,2340,0,0,0,0,0,0,0,2340,0,0
2022-07-07,port120,Barranquilla,4,1,1331,0,0,803,528,0,0,0,0,0,0,0
2022-07-08,port120,Barranquilla,3,1,3520,3126,917,2603,0,0,0,0,0,3126,0,0
2022-07-09,port120,Barranquilla,3,1,7536,1430,0,4829,0,2707,0,0,0,0,1430,0
2022-07-10,port120,Barranquilla,3,2,973,4076,0,973,0,0,0,0,1892,0,2183,0
2022-07-11,port120,Barranquilla,4,0,20983,5472,12011,0,8972,0,0,5472,0,0,0,0
2022-07-12,port120,Barranquilla,1,1,0,3182,0,0,0,0,0,0,3182,0,0,0
2022-07-13,port120,Barranquilla,1,0,1184,0,0,0,0,1184,0,0,0,0,0,0
2022-07-14,port120,Barranquilla,4,0,9030,5149,0,0,0,9030,0,0,0,5149,0,0
2022-07-15,port120,Barranquilla,6,2,1022,1362,0,743,0,279,0,0,0,1362,0,0
2022-07-16,port120,Barranquilla,2,0,5503,1709,0,0,5503,0,0,0,0,1709,0,0
2022-07-17,port120,Barranquilla,2,2,0,1698,0,0,0,0,0,0,1698,0,0,0
2022-07-18,port120,Barranquilla,3,1,1795,13751,0,1795,0,0,0,0,0,0,13751,0
2022-07-19,port120,Barranquilla,6,0,71055,7656,69350,0,1705,0,0,5947,0,1709,0,0
2022-07-20,port120,Barranquilla,2,1,0,5025,0,0,0,0,0,0,2709,0,2315,0
2022-07-21,port120,Barranquilla,2,0,12022,0,0,0,2511,9511,0,0,0,0,0,0
2022-07-22,port120,Barranquilla,2,1,1120,25480,0,1120,0,0,0,25480,0,0,0,0
2022-07-23,port120,Barranquilla,3,1,1426,0,0,499,0,927,0,0,0,0,0,0
2022-07-24,port120,Barranquilla,1,0,0,897,0,0,0,0,0,897,0,0,0,0
2022-07-25,port120,Barranquilla,4,2,8639,1723,8639,0,0,0,0,0,1723,0,0,0
2022-07-26,port120,Barranquilla,3,0,4366,28452,4366,0,0,0,0,25617,0,0,2835,0
2022-07-27,port120,Barranquilla,1,1,973,645,0,973,0,0,0,0,645,0,0,0
2022-07-28,port120,Barranquilla,5,2,31243,805,28545,0,0,2698,0,0,805,0,0,0
2022-07-29,port120,Barranquilla,5,1,28116,17076,22428,2981,0,2707,0,12875,0,2770,1430,0
2022-07-30,port120,Barranquilla,2,1,0,4291,0,0,0,0,0,0,4291,0,0,0
2022-07-31,port120,Barranquilla,3,0,48905,23568,48905,0,0,0,0,23568,0,0,0,0
2022-08-01,port120,Barranquilla,4,2,818,0,0,497,320,0,0,0,0,0,0,0
2022-08-02,port120,Barranquilla,2,1,0,26381,0,0,0,0,0,23357,3024,0,0,0
2022-08-03,port120,Barranquilla,2,0,1622,3606,0,0,0,1622,0,0,0,3606,0,0
2022-08-04,port120,Barranquilla,0,0,0,0,0,0,0,0,0,0,0,0,0,0
2022-08-05,port120,Barranquilla,2,1,3450,1430,0,742,0,2707,0,0,0,0,1430,0
2022-08-06,port120,Barranquilla,2,1,1137,645,0,973,163,0,0,0,645,0,0,0
2022-08-07,port120,Barranquilla,2,1,0,1752,0,0,0,0,0,0,1752,0,0,0
2022-08-08,port120,Barranquilla,3,0,14579,2692,0,0,2943,11635,0,0,0,2692,0,0
2022-08-09,port120,Barranquilla,5,1,8108,30880,1906,716,5485,0,0,30880,0,0,0,0
2022-08-10,port120,Barranquilla,5,1,26825,645,25851,973,0,0,0,0,645,0,0,0
2022-08-11,port120,Barranquilla,2,1,3024,0,0,3024,0,0,0,0,0,0,0,0
2022-08-12,port120,Barranquilla,5,2,9886,1667,0,2585,325,6975,0,0,1667,0,0,0
2022-08-13,port120,Barranquilla,3,1,4357,1309,4357,0,0,0,0,0,1309,0,0,0
2022-08-14,port120,Barranquilla,3,1,29807,1080,29807,0,0,0,0,0,1080,0,0,0
2022-08-15,port120,Barranquilla,3,0,0,14862,0,0,0,0,0,14025,0,837,0,0
2022-08-16,port120,Barranquilla,4,1,33035,10090,30256,1074,1705,0,0,0,0,1709,8381,0
2022-08-17,port120,Barranquilla,3,0,2968,0,2378,0,589,0,0,0,0,0,0,0
2022-08-18,port120,Barranquilla,5,1,1915,30976,1646,268,0,0,0,30976,0,0,0,0
2022-08-19,port120,Barranquilla,1,1,3721,0,0,3721,0,0,0,0,0,0,0,0
2022-08-20,port120,Barranquilla,3,1,34158,0,28156,992,5008,0,0,0,0,0,0,0
2022-08-21,port120,Barranquilla,2,1,23274,0,22888,386,0,0,0,0,0,0,0,0
2022-08-22,port120,Barranquilla,4,0,2707,9593,0,0,0,2707,0,0,0,8162,1430,0
2022-08-23,port120,Barranquilla,4,3,5243,2824,0,1027,4216,0,0,0,2824,0,0,0
2022-08-24,port120,Barranquilla,3,0,0,0,0,0,0,0,0,0,0,0,0,0
2022-08-25,port120,Barranquilla,2,1,973,11750,0,973,0,0,0,0,645,11105,0,0
2022-08-26,port120,Barranquilla,5,1,1109,44107,0,1109,0,0,0,44107,0,0,0,0
2022-08-27,port120,Barranquilla,2,0,12011,5472,12011,0,0,0,0,5472,0,0,0,0
2022-08-28,port120,Barranquilla,3,1,12011,6295,12011,0,0,0,0,5472,822,0,0,0
2022-08-29,port120,Barranquilla,0,0,0,0,0,0,0,0,0,0,0,0,0,0
2022-08-30,port120,Barranquilla,3,1,4704,0,0,0,4704,0,0,0,0,0,0,0
2022-08-31,port120,Barranquilla,4,1,29884,24934,27578,2305,0,0,0,24934,0,0,0,0
2022-09-01,port120,Barranquilla,4,1,12964,11152,12011,0,953,0,0,10625,527,0,0,0
2022-09-02,port120,Barranquilla,4,1,18875,37907,12011,0,0,6863,0,37533,374,0,0,0
2022-09-03,port120,Barranquilla,5,0,23447,65250,21742,0,1705,0,0,63541,0,1709,0,0
2022-09-04,port120,Barranquilla,0,0,0,0,0,0,0,0,0,0,0,0,0,0
2022-09-05,port120,Barranquilla,2,1,26785,1988,26785,0,0,0,0,0,1988,0,0,0
2022-09-06,port120,Barranquilla,5,2,29360,1290,22640,1947,4772,0,0,0,1290,0,0,0
2022-09-07,port120,Barranquilla,1,0,417,0,0,0,417,0,0,0,0,0,0,0
2022-09-08,port120,Barranquilla,0,0,0,0,0,0,0,0,0,0,0,0,0,0
2022-09-09,port120,Barranquilla,4,1,7237,10358,0,2984,4253,0,0,0,0,10358,0,0
2022-09-10,port120,Barranquilla,3,0,31694,1709,24072,0,7621,0,0,0,0,1709,0,0
2022-09-11,port120,Barranquilla,2,1,0,3375,0,0,0,0,0,0,540,0,2835,0
2022-09-12,port120,Barranquilla,2,0,3905,0,0,0,3905,0,0,0,0,0,0,0
2022-09-13,port120,Barranquilla,2,1,31086,0,30698,387,0,0,0,0,0,0,0,0
2022-09-14,port120,Barranquilla,1,0,22356,0,22356,0,0,0,0,0,0,0,0,0
2022-09-15,port120,Barranquilla,5,1,16892,7181,12011,1290,1705,1885,0,5472,0,1709,0,0
2022-09-16,port120,Barranquilla,4,1,42196,0,30056,4459,7680,0,0,0,0,0,0,0
2022-09-17,port120,Barranquilla,3,1,62453,645,61480,973,0,0,0,0,645,0,0,0
2022-09-18,port120,Barranquilla,2,0,0,838,0,0,0,0,0,0,0,838,0,0
2022-09-19,port120,Barranquilla,0,0,0,0,0,0,0,0,0,0,0,0,0,0
2022-09-20,port120,Barranquilla,5,2,37211,21351,30981,5394,836,0,0,21351,0,0,0,0
2022-09-21,port120,Barranquilla,2,0,0,7677,0,0,0,0,0,0,0,7677,0,0
2022-09-22,port120,Barranquilla,3,0,33598,0,33598,0,0,0,0,0,0,0,0,0
2022-09-23,port120,Barranquilla,3,1,12011,33361,12011,0,0,0,0,33361,0,0,0,0
2022-09-24,port120,Barranquilla,6,0,13852,7541,10300,0,3552,0,0,0,0,7541,0,0
2022-09-25,port120,Barranquilla,4,1,9315,2996,7166,0,1611,538,0,0,2996,0,0,0
2022-09-26,port120,Barranquilla,8,0,38748,11278,35379,0,662,2707,0,0,0,9847,1430,0
2022-09-27,port120,Barranquilla,2,1,3753,0,0,777,2975,0,0,0,0,0,0,0
2022-09-28,port120,Barranquilla,3,1,6753,1084,5358,0,0,1394,0,0,1084,0,0,0
2022-09-29,port120,Barranquilla,2,1,270,0,0,270,0,0,0,0,0,0,0,0
2022-09-30,port120,Barranquilla,3,1,3449,0,0,2800,648,0,0,0,0,0,0,0
2022-10-01,port120,Barranquilla,2,0,209,0,0,0,209,0,0,0,0,0,0,0
2022-10-02,port120,Barranquilla,6,1,16480,35171,16480,0,0,0,0,24828,2569,7773,0,0
2022-10-03,port120,Barranquilla,2,0,6594,0,6214,0,380,0,0,0,0,0,0,0
2022-10-04,port120,Barranquilla,3,2,388,2824,0,388,0,0,0,0,2824,0,0,0
2022-10-05,port120,Barranquilla,1,0,3263,0,0,0,3263,0,0,0,0,0,0,0
2022-10-06,port120,Barranquilla,3,1,6172,256,0,0,0,6172,0,0,256,0,0,0
2022-10-07,port120,Barranquilla,3,1,973,34217,0,973,0,0,0,33572,645,0,0,0
2022-10-08,port120,Barranquilla,2,1,0,4165,0,0,0,0,0,0,2169,0,1996,0
2022-10-09,port120,Barranquilla,2,0,30978,209,30978,0,0,0,0,0,0,209,0,0
2022-10-10,port120,Barranquilla,5,1,48153,5472,43084,5069,0,0,0,5472,0,0,0,0
2022-10-11,port120,Barranquilla,3,1,26328,0,22317,773,3237,0,0,0,0,0,0,0
2022-10-12,port120,Barranquilla,3,0,22001,1430,19293,0,0,2707,0,0,0,0,1430,0
2022-10-13,port120,Barranquilla,2,0,7274,2345,0,0,7274,0,0,0,0,2345,0,0
2022-10-14,port120,Barranquilla,5,1,3944,22260,0,2238,1705,0,0,19736,0,1709,815,0
2022-10-15,port120,Barranquilla,1,0,2420,0,0,0,0,2420,0,0,0,0,0,0
2022-10-16,port120,Barranquilla,3,1,3410,1709,0,1495,1914,0,0,0,0,1709,0,0
2022-10-17,port120,Barranquilla,4,1,33615,7341,33615,0,0,0,0,0,0,699,6641,0
2022-10-18,port120,Barranquilla,4,1,2718,35205,0,0,2718,0,0,32717,778,1709,0,0
2022-10-19,port120,Barranquilla,2,0,3244,27473,0,0,0,3244,0,27473,0,0,0,0
2022-10-20,port120,Barranquilla,2,0,35568,1910,32214,0,0,3354,0,0,0,0,1910,0
2022-10-21,port120,Barranquilla,6,1,28673,0,0,2969,6729,18974,0,0,0,0,0,0
2022-10-22,port120,Barranquilla,0,0,0,0,0,0,0,0,0,0,0,0,0,0
2022-10-23,port120,Barranquilla,4,1,25649,14557,23944,0,1705,0,0,0,1633,1709,11215,0
2022-10-24,port120,Barranquilla,3,0,0,54882,0,0,0,0,0,54882,0,0,0,0
2022-10-25,port120,Barranquilla,4,1,23341,645,22367,973,0,0,0,0,645,0,0,0
2022-10-26,port120,Barranquilla,1,0,0,6889,0,0,0,0,0,0,0,0,6889,0
2022-10-27,port120,Barranquilla,5,1,100842,645,85780,973,0,14088,0,0,645,0,0,0
2022-10-28,port120,Barranquilla,2,1,5195,0,0,5195,0,0,0,0,0,0,0,0
2022-10-29,port120,Barranquilla,2,1,0,2712,0,0,0,0,0,0,2075,637,0,0
2022-10-30,port120,Barranquilla,2,0,418,0,0,0,418,0,0,0,0,0,0,0
2022-10-31,port120,Barranquilla,3,0,31725,24652,29125,0,0,2599,0,24652,0,0,0,0
2022-11-01,port120,Barranquilla,3,2,390,8853,0,390,0,0,0,0,1271,7582,0,0
2022-11-02,port120,Barranquilla,4,0,5430,28048,0,0,2906,2524,0,28048,0,0,0,0
2022-11-03,port120,Barranquilla,2,1,973,23751,0,973,0,0,0,23106,645,0,0,0
2022-11-04,port120,Barranquilla,2,1,14891,0,0,2226,0,12665,0,0,0,0,0,0
2022-11-05,port120,Barranquilla,0,0,0,0,0,0,0,0,0,0,0,0,0,0
2022-11-06,port120,Barranquilla,3,1,419,1087,0,0,419,0,0,0,1087,0,0,0
2022-11-07,port120,Barranquilla,1,1,973,645,0,973,0,0,0,0,645,0,0,0
2022-11-08,port120,Barranquilla,4,1,0,40215,0,0,0,0,0,33409,1928,0,4877,0
2022-11-09,port120,Barranquilla,3,0,4000,1643,1561,0,2439,0,0,1643,0,0,0,0
2022-11-10,port120,Barranquilla,2,0,0,164,0,0,0,0,0,0,0,164,0,0
2022-11-11,port120,Barranquilla,5,1,5450,1430,0,368,2374,2707,0,0,0,0,1430,0
2022-11-12,port120,Barranquilla,2,0,0,2340,0,0,0,0,0,0,0,2340,0,0
2022-11-13,port120,Barranquilla,1,1,0,749,0,0,0,0,0,0,749,0,0,0
2022-11-14,port120,Barranquilla,5,0,10732,1709,0,0,10732,0,0,0,0,1709,0,0
2022-11-15,port120,Barranquilla,4,2,4985,645,0,1753,0,3231,0,0,645,0,0,0
2022-11-16,port120,Barranquilla,0,0,0,0,0,0,0,0,0,0,0,0,0,0
2022-11-17,port120,Barranquilla,4,1,973,34024,0,973,0,0,0,21874,645,0,11504,0
2022-11-18,port120,Barranquilla,2,1,0,3446,0,0,0,0,0,0,1106,2340,0,0
2022-11-19,port120,Barranquilla,2,1,0,1909,0,0,0,0,0,0,1909,0,0,0
2022-11-20,port120,Barranquilla,3,1,31254,33803,29869,1385,0,0,0,32942,861,0,0,0
2022-11-21,port120,Barranquilla,3,1,4728,3139,0,315,1705,2707,0,0,0,1709,1430,0
2022-11-22,port120,Barranquilla,3,1,36452,2315,36452,0,0,0,0,0,2315,0,0,0
2022-11-23,port120,Barranquilla,1,0,32993,0,32993,0,0,0,0,0,0,0,0,0
2022-11-24,port120,Barranquilla,5,1,25094,27687,25094,0,0,0,0,26876,811,0,0,0
2022-11-25,port120,Barranquilla,1,1,973,645,0,973,0,0,0,0,645,0,0,0
2022-11-26,port120,Barranquilla,2,0,1705,1709,0,0,1705,0,0,0,0,1709,0,0
2022-11-27,port120,Barranquilla,2,1,0,7691,0,0,0,0,0,4379,3312,0,0,0
2022-11-28,port120,Barranquilla,5,1,42368,853,36413,973,0,4981,0,0,645,208,0,0
2022-11-29,port120,Barranquilla,5,1,57621,32667,57621,0,0,0,0,24942,780,0,6944,0
2022-11-30,port120,Barranquilla,1,0,0,0,0,0,0,0,0,0,0,0,0,0
2022-12-01,port120,Barranquilla,5,1,41857,28915,30977,771,10108,0,0,28915,0,0,0,0
2022-12-02,port120,Barranquilla,4,0,14399,1117,14399,0,0,0,0,0,0,1117,0,0
2022-12-03,port120,Barranquilla,4,1,13690,0,12879,810,0,0,0,0,0,0,0,0
2022-12-04,port120,Barranquilla,3,0,0,32656,0,0,0,0,0,30207,0,2448,0,0
2022-12-05,port120,Barranquilla,3,1,3428,1709,0,1723,1705,0,0,0,0,1709,0,0
2022-12-06,port120,Barranquilla,3,2,0,11660,0,0,0,0,0,10574,1086,0,0,0
2022-12-07,port120,Barranquilla,1,0,0,0,0,0,0,0,0,0,0,0,0,0
2022-12-08,port120,Barranquilla,1,1,973,645,0,973,0,0,0,0,645,0,0,0
2022-12-09,port120,Barranquilla,1,1,1851,0,0,1851,0,0,0,0,0,0,0,0
2022-12-10,port120,Barranquilla,1,0,0,23727,0,0,0,0,0,23727,0,0,0,0
2022-12-11,port120,Barranquilla,2,0,9511,0,0,0,0,9511,0,0,0,0,0,0
2022-12-12,port120,Barranquilla,5,1,37927,645,28591,973,8362,0,0,0,645,0,0,0
2022-12-13,port120,Barranquilla,2,2,973,1595,0,973,0,0,0,0,1595,0,0,0
2022-12-14,port120,Barranquilla,1,0,0,28318,0,0,0,0,0,28318,0,0,0,0
2022-12-15,port120,Barranquilla,3,1,973,40459,0,973,0,0,0,39814,645,0,0,0
2022-12-16,port120,Barranquilla,2,1,6520,1709,0,4814,1705,0,0,0,0,1709,0,0
2022-12-17,port120,Barranquilla,1,0,29236,0,29236,0,0,0,0,0,0,0,0,0
2022-12-18,port120,Barranquilla,2,0,0,6528,0,0,0,0,0,0,0,0,6528,0
2022-12-19,port120,Barranquilla,5,1,3411,5051,0,0,3411,0,0,0,1633,3418,0,0
2022-12-20,port120,Barranquilla,4,2,22928,12575,22928,0,0,0,0,0,2476,0,10098,0
2022-12-21,port120,Barranquilla,0,0,0,0,0,0,0,0,0,0,0,0,0,0
2022-12-22,port120,Barranquilla,0,0,0,0,0,0,0,0,0,0,0,0,0,0
2022-12-23,port120,Barranquilla,4,1,32403,0,27209,3323,1869,0,0,0,0,0,0,0
2022-12-24,port120,Barranquilla,3,0,1895,19476,0,0,0,1895,0,19476,0,0,0,0
2022-12-25,port120,Barranquilla,4,0,2827,13229,0,0,2827,0,0,0,0,13229,0,0
2022-12-26,port120,Barranquilla,3,0,5080,3860,0,0,5080,0,0,0,0,3860,0,0
2022-12-27,port120,Barranquilla,5,2,63610,5580,31770,973,0,30866,0,0,1590,3990,0,0
2022-12-28,port120,Barranquilla,1,1,0,1002,0,0,0,0,0,0,1002,0,0,0
2022-12-29,port120,Barranquilla,4,1,63571,645,55733,973,0,6863,0,0,645,0,0,0
2022-12-30,port120,Barranquilla,3,1,22917,645,21943,973,0,0,0,0,645,0,0,0
2022-12-31,port120,Barranquilla,3,0,58903,1430,56195,0,0,2707,0,0,0,0,1430,0
2023-01-01,port120,Barranquilla,3,0,0,3695,0,0,0,0,0,1246,0,2448,0,0
2023-01-02,port120,Barranquilla,5,2,60513,6201,58445,2068,0,0,0,6201,0,0,0,0
2023-01-03,port120,Barranquilla,2,1,771,0,0,771,0,0,0,0,0,0,0,0
2023-01-04,port120,Barranquilla,3,0,23947,40415,23947,0,0,0,0,40415,0,0,0,0
2023-01-05,port120,Barranquilla,2,1,530,0,0,530,0,0,0,0,0,0,0,0
2023-01-06,port120,Barranquilla,4,1,1109,24230,0,1109,0,0,0,20899,0,3330,0,0
2023-01-07,port120,Barranquilla,1,0,1551,0,0,0,0,1551,0,0,0,0,0,0
2023-01-08,port120,Barranquilla,4,1,997,2340,0,997,0,0,0,0,0,2340,0,0
2023-01-09,port120,Barranquilla,1,0,1902,0,1902,0,0,0,0,0,0,0,0,0
2023-01-10,port120,Barranquilla,6,2,11169,0,0,3510,0,7659,0,0,0,0,0,0
2023-01-11,port120,Barranquilla,3,0,24312,27511,24312,0,0,0,0,27511,0,0,0,0
2023-01-12,port120,Barranquilla,4,1,1705,45964,0,0,1705,0,0,43999,255,1709,0,0
2023-01-13,port120,Barranquilla,4,1,4224,269,0,2712,1512,0,0,0,0,0,269,0
2023-01-14,port120,Barranquilla,2,0,1705,1709,0,0,1705,0,0,0,0,1709,0,0
2023-01-15,port120,Barranquilla,3,0,24969,29730,24969,0,0,0,0,29730,0,0,0,0
2023-01-16,port120,Barranquilla,1,1,973,645,0,973,0,0,0,0,645,0,0,0
2023-01-17,port120,Barranquilla,2,1,2707,1816,0,0,0,2707,0,0,385,0,1430,0
2023-01-18,port120,Barranquilla,3,0,22578,7748,22578,0,0,0,0,5472,0,0,2275,0
2023-01-19,port120,Barranquilla,1,1,973,645,0,973,0,0,0,0,645,0,0,0
2023-01-20,port120,Barranquilla,4,1,0,6478,0,0,0,0,0,0,369,6108,0,0
2023-01-21,port120,Barranquilla,3,1,0,1478,0,0,0,0,0,0,995,483,0,0
2023-01-22,port120,Barranquilla,2,0,1705,1709,0,0,1705,0,0,0,0,1709,0,0
2023-01-23,port120,Barranquilla,1,0,0,0,0,0,0,0,0,0,0,0,0,0
2023-01-24,port120,Barranquilla,4,2,11100,645,8964,2136,0,0,0,0,645,0,0,0
2023-01-25,port120,Barranquilla,2,0,0,36966,0,0,0,0,0,36966,0,0,0,0
2023-01-26,port120,Barranquilla,1,1,973,645,0,973,0,0,0,0,645,0,0,0
2023-01-27,port120,Barranquilla,7,1,34704,23739,31897,1101,1705,0,0,22030,0,1709,0,0
2023-01-28,port120,Barranquilla,1,0,13338,0,13338,0,0,0,0,0,0,0,0,0
2023-01-29,port120,Barranquilla,3,0,4564,0,0,0,4564,0,0,0,0,0,0,0
2023-01-30,port120,Barranquilla,1,0,0,0,0,0,0,0,0,0,0,0,0,0
2023-01-31,port120,Barranquilla,6,2,104544,14918,102937,1606,0,0,0,0,645,0,14273,0
2023-02-01,port120,Barranquilla,3,0,23236,4746,23236,0,0,0,0,0,0,4746,0,0
2023-02-02,port120,Barranquilla,4,1,32849,7151,32849,0,0,0,0,2376,510,0,4264,0
2023-02-03,port120,Barranquilla,3,1,973,31064,0,973,0,0,0,30419,645,0,0,0
2023-02-04,port120,Barranquilla,2,1,6803,1247,0,0,6803,0,0,0,1247,0,0,0
2023-02-05,port120,Barranquilla,1,0,3386,0,0,0,3386,0,0,0,0,0,0,0
2023-02-06,port120,Barranquilla,4,0,30334,21123,30334,0,0,0,0,0,0,10188,10935,0
2023-02-07,port120,Barranquilla,1,1,973,645,0,973,0,0,0,0,645,0,0,0
2023-02-08,port120,Barranquilla,0,0,0,0,0,0,0,0,0,0,0,0,0,0
2023-02-09,port120,Barranquilla,2,1,0,722,0,0,0,0,0,0,722,0,0,0
2023-02-10,port120,Barranquilla,5,1,25159,10108,24418,741,0,0,0,0,0,0,10108,0
2023-02-11,port120,Barranquilla,5,0,71414,34561,71414,0,0,0,0,34561,0,0,0,0
2023-02-12,port120,Barranquilla,3,0,41959,0,36197,0,5761,0,0,0,0,0,0,0
2023-02-13,port120,Barranquilla,2,0,2965,0,0,0,0,2965,0,0,0,0,0,0
2023-02-14,port120,Barranquilla,2,2,2249,1165,0,2249,0,0,0,0,1165,0,0,0
2023-02-15,port120,Barranquilla,1,0,0,0,0,0,0,0,0,0,0,0,0,0
2023-02-16,port120,Barranquilla,2,1,0,799,0,0,0,0,0,0,799,0,0,0
2023-02-17,port120,Barranquilla,4,0,54955,4605,51600,0,0,3354,0,0,0,0,4605,0
2023-02-18,port120,Barranquilla,3,0,18764,0,18764,0,0,0,0,0,0,0,0,0
2023-02-19,port120,Barranquilla,2,1,6620,2569,0,0,0,6620,0,0,2569,0,0,0
2023-02-20,port120,Barranquilla,2,1,318,0,0,318,0,0,0,0,0,0,0,0
2023-02-21,port120,Barranquilla,4,1,76857,14447,74917,1940,0,0,0,0,0,14447,0,0
2023-02-22,port120,Barranquilla,2,0,0,1426,0,0,0,0,0,0,0,0,1426,0
2023-02-23,port120,Barranquilla,3,1,25740,255,24764,0,976,0,0,0,255,0,0,0
2023-02-24,port120,Barranquilla,3,1,30106,0,28604,1501,0,0,0,0,0,0,0,0
2023-02-25,port120,Barranquilla,4,0,5086,72430,814,0,0,4271,0,72430,0,0,0,0
2023-02-26,port120,Barranquilla,3,1,1539,35908,0,0,0,1539,0,34598,1309,0,0,0
2023-02-27,port120,Barranquilla,2,0,0,190,0,0,0,0,0,0,0,190,0,0
2023-02-28,port120,Barranquilla,3,1,0,30364,0,0,0,0,0,29318,388,657,0,0
2023-03-01,port120,Barranquilla,1,0,0,0,0,0,0,0,0,0,0,0,0,0
2023-03-02,port120,Barranquilla,4,1,35456,35335,35456,0,0,0,0,34621,713,0,0,0
2023-03-03,port120,Barranquilla,4,1,33810,0,29243,370,4197,0,0,0,0,0,0,0
2023-03-04,port120,Barranquilla,3,1,2061,28648,0,0,0,2061,0,24091,4557,0,0,0
2023-03-05,port120,Barranquilla,1,0,0,0,0,0,0,0,0,0,0,0,0,0
2023-03-06,port120,Barranquilla,5,1,15440,9184,12011,721,0,2707,0,5472,0,0,3711,0
2023-03-07,port120,Barranquilla,4,1,15493,43203,12011,774,0,2707,0,41772,0,0,1430,0
2023-03-08,port120,Barranquilla,2,0,2736,35826,2736,0,0,0,0,35826,0,0,0,0
2023-03-09,port120,Barranquilla,3,1,62713,267,62713,0,0,0,0,0,267,0,0,0
2023-03-10,port120,Barranquilla,3,1,30181,1709,27369,1106,1705,0,0,0,0,1709,0,0
2023-03-11,port120,Barranquilla,1,0,3265,0,3265,0,0,0,0,0,0,0,0,0
2023-03-12,port120,Barranquilla,1,0,0,0,0,0,0,0,0,0,0,0,0,0
2023-03-13,port120,Barranquilla,2,0,2712,31069,0,0,2712,0,0,31069,0,0,0,0
2023-03-14,port120,Barranquilla,3,2,973,1807,0,973,0,0,0,0,1807,0,0,0
2023-03-15,port120,Barranquilla,0,0,0,0,0,0,0,0,0,0,0,0,0,0
2023-03-16,port120,Barranquilla,4,1,1084,3778,0,253,831,0,0,0,0,3778,0,0
2023-03-17,port120,Barranquilla,5,1,61378,14838,60272,1106,0,0,0,0,0,2231,12607,0
2023-03-18,port120,Barranquilla,5,1,18233,38246,12932,0,5301,0,0,36245,2001,0,0,0
2023-03-19,port120,Barranquilla,3,0,36502,8158,28194,0,8308,0,0,0,0,0,8158,0
2023-03-20,port120,Barranquilla,3,1,11504,8782,0,0,0,11504,0,0,2604,6177,0,0
2023-03-21,port120,Barranquilla,4,1,27001,645,26027,973,0,0,0,0,645,0,0,0
2023-03-22,port120,Barranquilla,1,0,0,0,0,0,0,0,0,0,0,0,0,0
2023-03-23,port120,Barranquilla,6,1,1614,35101,0,0,0,1614,0,31901,968,2231,0,0
2023-03-24,port120,Barranquilla,3,1,2171,0,0,1469,702,0,0,0,0,0,0,0
2023-03-25,port120,Barranquilla,5,0,40159,55322,37451,0,0,2707,0,48121,0,5769,1430,0
2023-03-26,port120,Barranquilla,1,0,0,637,0,0,0,0,0,0,0,637,0,0
2023-03-27,port120,Barranquilla,1,1,0,0,0,0,0,0,0,0,0,0,0,0
2023-03-28,port120,Barranquilla,4,1,14102,44228,12011,385,1705,0,0,42519,0,1709,0,0
2023-03-29,port120,Barranquilla,2,0,0,10240,0,0,0,0,0,0,0,10240,0,0
2023-03-30,port120,Barranquilla,3,2,15846,6117,12011,3834,0,0,0,5472,645,0,0,0
2023-03-31,port120,Barranquilla,4,0,23337,0,23337,0,0,0,0,0,0,0,0,0
2023-04-01,port120,Barranquilla,1,1,737,0,0,737,0,0,0,0,0,0,0,0
2023-04-02,port120,Barranquilla,4,1,10352,33768,10352,0,0,0,0,28374,1003,0,4391,0
2023-04-03,port120,Barranquilla,4,2,2415,24660,0,2415,0,0,0,24014,645,0,0,0
2023-04-04,port120,Barranquilla,3,1,973,1483,0,973,0,0,0,0,645,838,0,0
2023-04-05,port120,Barranquilla,1,0,0,0,0,0,0,0,0,0,0,0,0,0
2023-04-06,port120,Barranquilla,7,1,42756,33013,31989,0,1705,9061,0,27268,256,1709,3780,0
2023-04-07,port120,Barranquilla,3,0,56633,28202,56633,0,0,0,0,28202,0,0,0,0
2023-04-08,port120,Barranquilla,2,2,734,1084,0,734,0,0,0,0,1084,0,0,0
2023-04-09,port120,Barranquilla,4,0,42666,1709,40961,0,1705,0,0,0,0,1709,0,0
2023-04-10,port120,Barranquilla,3,0,0,9718,0,0,0,0,0,7486,0,2231,0,0
2023-04-11,port120,Barranquilla,4,2,0,3236,0,0,0,0,0,0,2990,0,246,0
2023-04-12,port120,Barranquilla,2,0,0,0,0,0,0,0,0,0,0,0,0,0
2023-04-13,port120,Barranquilla,1,1,973,645,0,973,0,0,0,0,645,0,0,0
2023-04-14,port120,Barranquilla,5,2,41039,9315,39454,1585,0,0,0,0,742,0,8572,0
2023-04-15,port120,Barranquilla,2,0,64080,0,64080,0,0,0,0,0,0,0,0,0
2023-04-16,port120,Barranquilla,7,1,19950,6416,15859,0,2551,1539,0,0,4707,1709,0,0
2023-04-17,port120,Barranquilla,4,1,15125,0,0,4406,0,10719,0,0,0,0,0,0
2023-04-18,port120,Barranquilla,2,1,0,388,0,0,0,0,0,0,388,0,0,0
2023-04-19,port120,Barranquilla,2,0,27621,0,25886,0,1734,0,0,0,0,0,0,0
2023-04-20,port120,Barranquilla,3,1,41420,2354,38741,973,1705,0,0,0,645,1709,0,0
2023-04-21,port120,Barranquilla,2,1,0,1857,0,0,0,0,0,0,1857,0,0,0
2023-04-22,port120,Barranquilla,2,0,29764,2313,29764,0,0,0,0,0,0,0,2313,0
2023-04-23,port120,Barranquilla,3,1,32082,251,32082,0,0,0,0,0,251,0,0,0
2023-04-24,port120,Barranquilla,2,1,685,0,0,358,326,0,0,0,0,0,0,0
2023-04-25,port120,Barranquilla,3,0,17402,27186,0,0,8826,8576,0,27186,0,0,0,0
2023-04-26,port120,Barranquilla,3,1,4798,1791,3824,973,0,0,0,0,645,0,1146,0
2023-04-27,port120,Barranquilla,4,1,51414,4584,51414,0,0,0,0,0,4584,0,0,0
2023-04-28,port120,Barranquilla,2,1,0,40935,0,0,0,0,0,39816,1118,0,0,0
2023-04-29,port120,Barranquilla,3,0,40190,38315,40190,0,0,0,0,38315,0,0,0,0
2023-04-30,port120,Barranquilla,4,1,42665,4943,29871,0,12793,0,0,0,2074,2869,0,0
2023-05-01,port120,Barranquilla,3,1,3323,0,0,3323,0,0,0,0,0,0,0,0
2023-05-02,port120,Barranquilla,3,1,12692,24507,0,0,0,12692,0,24118,389,0,0,0
2023-05-03,port120,Barranquilla,3,0,0,0,0,0,0,0,0,0,0,0,0,0
2023-05-04,port120,Barranquilla,3,1,21995,2506,21995,0,0,0,0,0,963,1542,0,0
2023-05-05,port120,Barranquilla,3,1,973,38972,0,973,0,0,0,35726,645,0,2601,0
2023-05-06,port120,Barranquilla,2,0,9564,4195,9564,0,0,0,0,0,0,0,4195,0
2023-05-07,port120,Barranquilla,2,1,11564,2618,0,0,0,11564,0,0,2618,0,0,0
2023-05-08,port120,Barranquilla,3,1,29205,0,29205,0,0,0,0,0,0,0,0,0
2023-05-09,port120,Barranquilla,3,1,2707,22846,0,0,0,2707,0,21029,385,0,1430,0
2023-05-10,port120,Barranquilla,1,0,30205,0,30205,0,0,0,0,0,0,0,0,0
2023-05-11,port120,Barranquilla,1,1,269,0,0,269,0,0,0,0,0,0,0,0
2023-05-12,port120,Barranquilla,3,1,11670,5554,0,0,0,11670,0,0,5554,0,0,0
2023-05-13,port120,Barranquilla,1,0,3867,0,3867,0,0,0,0,0,0,0,0,0
2023-05-14,port120,Barranquilla,2,1,0,2874,0,0,0,0,0,0,248,0,2625,0
2023-05-15,port120,Barranquilla,4,1,0,8231,0,0,0,0,0,0,3683,3928,618,0
2023-05-16,port120,Barranquilla,6,1,44008,58755,41141,1161,1705,0,0,57046,0,1709,0,0
2023-05-17,port120,Barranquilla,0,0,0,0,0,0,0,0,0,0,0,0,0,0
2023-05-18,port120,Barranquilla,4,1,22213,1269,11365,0,10848,0,0,0,1269,0,0,0
2023-05-19,port120,Barranquilla,5,1,4308,6975,0,0,0,4308,0,0,4550,2425,0,0
2023-05-20,port120,Barranquilla,4,1,48862,5570,36456,0,12406,0,0,0,1482,4087,0,0
2023-05-21,port120,Barranquilla,1,0,0,0,0,0,0,0,0,0,0,0,0,0
2023-05-22,port120,Barranquilla,3,1,2246,25418,0,2246,0,0,0,24899,0,0,519,0
2023-05-23,port120,Barranquilla,4,1,0,12047,0,0,0,0,0,10886,1161,0,0,0
2023-05-24,port120,Barranquilla,4,0,0,24918,0,0,0,0,0,0,0,17120,7797,0
2023-05-25,port120,Barranquilla,2,1,24843,1198,24843,0,0,0,0,0,1198,0,0,0
2023-05-26,port120,Barranquilla,2,1,0,4418,0,0,0,0,0,0,2577,1840,0,0
2023-05-27,port120,Barranquilla,1,1,0,746,0,0,0,0,0,0,746,0,0,0
2023-05-28,port120,Barranquilla,3,0,9246,269,9083,0,163,0,0,0,0,0,269,0
2023-05-29,port120,Barranquilla,1,1,0,0,0,0,0,0,0,0,0,0,0,0
2023-05-30,port120,Barranquilla,4,1,27405,2949,27405,0,0,0,0,0,385,0,2564,0
2023-05-31,port120,Barranquilla,3,0,0,28528,0,0,0,0,0,23046,0,5482,0,0
2023-06-01,port120,Barranquilla,1,1,973,645,0,973,0,0,0,0,645,0,0,0
2023-06-02,port120,Barranquilla,2,1,12011,5841,12011,0,0,0,0,5472,368,0,0,0
2023-06-03,port120,Barranquilla,1,1,0,540,0,0,0,0,0,0,540,0,0,0
2023-06-04,port120,Barranquilla,4,0,33938,20473,33938,0,0,0,0,0,0,9356,11116,0
2023-06-05,port120,Barranquilla,2,1,3683,28656,0,3683,0,0,0,28656,0,0,0,0
2023-06-06,port120,Barranquilla,3,1,6538,767,2851,0,3686,0,0,0,767,0,0,0
2023-06-07,port120,Barranquilla,1,0,8941,0,0,0,8941,0,0,0,0,0,0,0
2023-06-08,port120,Barranquilla,5,1,2649,28182,2649,0,0,0,0,27135,257,789,0,0
2023-06-09,port120,Barranquilla,2,1,1480,3132,0,1480,0,0,0,0,0,0,3132,0
2023-06-10,port120,Barranquilla,2,1,0,3463,0,0,0,0,0,0,594,2869,0,0
2023-06-11,port120,Barranquilla,3,0,3642,0,0,0,0,3642,0,0,0,0,0,0
2023-06-12,port120,Barranquilla,3,1,718,23960,0,718,0,0,0,23960,0,0,0,0
2023-06-13,port120,Barranquilla,7,1,60407,522,45882,0,0,14524,0,0,389,132,0,0
2023-06-14,port120,Barranquilla,3,0,1995,0,0,0,1676,318,0,0,0,0,0,0
2023-06-15,port120,Barranquilla,2,1,996,0,0,728,0,268,0,0,0,0,0,0
2023-06-16,port120,Barranquilla,2,1,36135,368,36135,0,0,0,0,0,368,0,0,0
2023-06-17,port120,Barranquilla,5,1,48302,52433,48302,0,0,0,0,46904,1478,0,4051,0
2023-06-18,port120,Barranquilla,0,0,0,0,0,0,0,0,0,0,0,0,0,0
2023-06-19,port120,Barranquilla,2,1,39284,1264,39284,0,0,0,0,0,1264,0,0,0
2023-06-20,port120,Barranquilla,1,1,0,387,0,0,0,0,0,0,387,0,0,0
2023-06-21,port120,Barranquilla,1,0,0,17425,0,0,0,0,0,0,0,17425,0,0
2023-06-22,port120,Barranquilla,5,1,34358,8945,33288,1070,0,0,0,0,0,8945,0,0
2023-06-23,port120,Barranquilla,3,1,973,5775,0,973,0,0,0,5130,645,0,0,0
2023-06-24,port120,Barranquilla,0,0,0,0,0,0,0,0,0,0,0,0,0,0
2023-06-25,port120,Barranquilla,3,0,36574,1866,36574,0,0,0,0,0,0,1866,0,0
2023-06-26,port120,Barranquilla,3,1,40656,998,40656,0,0,0,0,0,998,0,0,0
2023-06-27,port120,Barranquilla,4,2,2808,706,0,0,0,2808,0,0,706,0,0,0
2023-06-28,port120,Barranquilla,3,0,54700,0,36514,0,0,18186,0,0,0,0,0,0
2023-06-29,port120,Barranquilla,2,1,973,645,0,973,0,0,0,0,645,0,0,0
2023-06-30,port120,Barranquilla,2,1,0,369,0,0,0,0,0,0,369,0,0,0
2023-07-01,port120,Barranquilla,1,1,0,2714,0,0,0,0,0,0,2714,0,0,0
2023-07-02,port120,Barranquilla,0,0,0,0,0,0,0,0,0,0,0,0,0,0
2023-07-03,port120,Barranquilla,3,1,4975,962,4975,0,0,0,0,0,962,0,0,0
2023-07-04,port120,Barranquilla,3,1,0,9864,0,0,0,0,0,0,1159,0,8704,0
2023-07-05,port120,Barranquilla,3,0,39760,0,39760,0,0,0,0,0,0,0,0,0
2023-07-06,port120,Barranquilla,1,1,973,645,0,973,0,0,0,0,645,0,0,0
2023-07-07,port120,Barranquilla,4,1,9918,4355,2246,3347,0,4324,0,0,0,4355,0,0
2023-07-08,port120,Barranquilla,1,0,0,10821,0,0,0,0,0,0,0,0,10821,0
2023-07-09,port120,Barranquilla,3,0,16907,0,5997,0,242,10666,0,0,0,0,0,0
2023-07-10,port120,Barranquilla,3,1,17304,7436,17304,0,0,0,0,5472,1963,0,0,0
2023-07-11,port120,Barranquilla,4,3,2554,9475,0,2554,0,0,0,0,1362,0,8112,0
2023-07-12,port120,Barranquilla,4,0,33787,31945,32703,0,0,1084,0,31945,0,0,0,0
2023-07-13,port120,Barranquilla,4,1,42171,1279,41097,1074,0,0,0,0,0,0,1279,0
2023-07-14,port120,Barranquilla,2,1,741,0,0,741,0,0,0,0,0,0,0,0
2023-07-15,port120,Barranquilla,2,1,0,35195,0,0,0,0,0,33560,1635,0,0,0
2023-07-16,port120,Barranquilla,4,0,26239,44293,26239,0,0,0,0,40593,0,0,3699,0
2023-07-17,port120,Barranquilla,1,0,1705,1709,0,0,1705,0,0,0,0,1709,0,0
2023-07-18,port120,Barranquilla,5,2,27728,28533,26455,1272,0,0,0,26506,772,1254,0,0
2023-07-19,port120,Barranquilla,4,0,0,9764,0,0,0,0,0,5749,0,0,4015,0
2023-07-20,port120,Barranquilla,2,1,0,505,0,0,0,0,0,0,505,0,0,0
2023-07-21,port120,Barranquilla,1,0,25912,0,25912,0,0,0,0,0,0,0,0,0
2023-07-22,port120,Barranquilla,5,2,23651,3263,21086,1708,855,0,0,0,645,0,2618,0
2023-07-23,port120,Barranquilla,5,0,9717,7201,8594,0,1123,0,0,0,0,7201,0,0
2023-07-24,port120,Barranquilla,1,1,1911,0,0,1911,0,0,0,0,0,0,0,0
2023-07-25,port120,Barranquilla,3,1,10414,385,10414,0,0,0,0,0,385,0,0,0
2023-07-26,port120,Barranquilla,1,0,0,9071,0,0,0,0,0,0,0,9071,0,0
2023-07-27,port120,Barranquilla,3,1,12011,36496,12011,0,0,0,0,36017,478,0,0,0
2023-07-28,port120,Barranquilla,3,0,1705,1709,0,0,1705,0,0,0,0,1709,0,0
2023-07-29,port120,Barranquilla,1,1,0,328,0,0,0,0,0,0,328,0,0,0
2023-07-30,port120,Barranquilla,2,0,23382,27630,23382,0,0,0,0,27630,0,0,0,0
2023-07-31,port120,Barranquilla,4,1,36320,5853,36320,0,0,0,0,1803,633,0,3415,0
2023-08-01,port120,Barranquilla,3,1,0,14581,0,0,0,0,0,12645,1935,0,0,0
2023-08-02,port120,Barranquilla,4,0,77305,0,67207,0,0,10098,0,0,0,0,0,0
2023-08-03,port120,Barranquilla,3,1,40483,534,21214,0,0,19268,0,0,534,0,0,0
2023-08-04,port120,Barranquilla,4,1,38636,6838,38636,0,0,0,0,0,753,6085,0,0
2023-08-05,port120,Barranquilla,3,1,32488,2295,32488,0,0,0,0,0,2295,0,0,0
2023-08-06,port120,Barranquilla,5,0,1705,76540,0,0,1705,0,0,74831,0,1709,0,0
2023-08-07,port120,Barranquilla,5,1,3668,32006,0,2545,1123,0,0,29167,0,2839,0,0
2023-08-08,port120,Barranquilla,2,1,22323,0,21935,388,0,0,0,0,0,0,0,0
2023-08-09,port120,Barranquilla,2,0,11732,0,0,0,0,11732,0,0,0,0,0,0
2023-08-10,port120,Barranquilla,2,1,0,718,0,0,0,0,0,0,718,0,0,0
2023-08-11,port120,Barranquilla,3,1,8279,29364,0,4488,3791,0,0,29364,0,0,0,0
2023-08-12,port120,Barranquilla,4,1,14719,11219,12011,0,0,2707,0,5472,1979,2336,1430,0
2023-08-13,port120,Barranquilla,0,0,0,0,0,0,0,0,0,0,0,0,0,0
2023-08-14,port120,Barranquilla,2,1,1911,3225,0,1911,0,0,0,0,0,3225,0,0
2023-08-15,port120,Barranquilla,5,1,3581,5996,0,0,1705,1875,0,0,387,1709,3900,0
2023-08-16,port120,Barranquilla,4,0,39543,39752,27584,0,11959,0,0,39752,0,0,0,0
2023-08-17,port120,Barranquilla,3,1,3485,2354,0,973,1705,805,0,0,645,1709,0,0
2023-08-18,port120,Barranquilla,2,1,6778,0,0,4096,0,2682,0,0,0,0,0,0
2023-08-19,port120,Barranquilla,4,1,9006,1748,8033,973,0,0,0,0,645,0,1103,0
2023-08-20,port120,Barranquilla,0,0,0,0,0,0,0,0,0,0,0,0,0,0
2023-08-21,port120,Barranquilla,3,1,5187,0,2955,2231,0,0,0,0,0,0,0,0
2023-08-22,port120,Barranquilla,2,1,0,11393,0,0,0,0,0,11006,386,0,0,0
2023-08-23,port120,Barranquilla,4,0,23239,3070,21533,0,1705,0,0,0,0,2755,315,0
2023-08-24,port120,Barranquilla,3,0,50634,5472,48338,0,0,2295,0,5472,0,0,0,0
2023-08-25,port120,Barranquilla,6,1,69033,17166,51699,0,0,17333,0,0,1118,0,16047,0
2023-08-26,port120,Barranquilla,1,1,267,0,0,267,0,0,0,0,0,0,0,0
2023-08-27,port120,Barranquilla,3,1,21305,32106,21305,0,0,0,0,31118,987,0,0,0
2023-08-28,port120,Barranquilla,2,0,0,0,0,0,0,0,0,0,0,0,0,0
2023-08-29,port120,Barranquilla,5,2,9559,2505,4840,0,0,4719,0,0,2505,0,0,0
2023-08-30,port120,Barranquilla,4,0,16058,5472,16058,0,0,0,0,5472,0,0,0,0
2023-08-31,port120,Barranquilla,5,1,973,29276,0,973,0,0,0,28630,645,0,0,0
2023-09-01,port120,Barranquilla,4,1,43677,0,42197,1480,0,0,0,0,0,0,0,0
2023-09-02,port120,Barranquilla,3,1,973,3493,0,973,0,0,0,0,645,0,2848,0
2023-09-03,port120,Barranquilla,3,0,20419,0,10161,0,6945,3313,0,0,0,0,0,0
2023-09-04,port120,Barranquilla,1,0,0,0,0,0,0,0,0,0,0,0,0,0
2023-09-05,port120,Barranquilla,2,2,0,704,0,0,0,0,0,0,704,0,0,0
2023-09-06,port120,Barranquilla,7,0,73597,11321,60863,0,12733,0,0,0,0,11321,0,0
2023-09-07,port120,Barranquilla,4,2,28324,38884,25064,3259,0,0,0,38884,0,0,0,0
2023-09-08,port120,Barranquilla,3,1,41527,2973,31150,0,0,10377,0,0,2973,0,0,0
2023-09-09,port120,Barranquilla,1,0,12723,0,0,0,12723,0,0,0,0,0,0,0
2023-09-10,port120,Barranquilla,1,1,330,0,0,330,0,0,0,0,0,0,0,0
2023-09-11,port120,Barranquilla,3,1,35541,29258,35541,0,0,0,0,28941,317,0,0,0
2023-09-12,port120,Barranquilla,2,1,37955,1159,37955,0,0,0,0,0,1159,0,0,0
2023-09-13,port120,Barranquilla,0,0,0,0,0,0,0,0,0,0,0,0,0,0
2023-09-14,port120,Barranquilla,4,0,22976,14127,22976,0,0,0,0,0,0,0,14127,0
2023-09-15,port120,Barranquilla,3,1,16545,6117,15571,973,0,0,0,5472,645,0,0,0
2023-09-16,port120,Barranquilla,2,0,30051,0,30051,0,0,0,0,0,0,0,0,0
2023-09-17,port120,Barranquilla,3,1,1454,982,1454,0,0,0,0,0,982,0,0,0
2023-09-18,port120,Barranquilla,0,0,0,0,0,0,0,0,0,0,0,0,0,0
2023-09-19,port120,Barranquilla,5,2,32905,0,29418,2997,0,489,0,0,0,0,0,0
2023-09-20,port120,Barranquilla,5,0,0,7632,0,0,0,0,0,0,0,7632,0,0
2023-09-21,port120,Barranquilla,3,0,4235,25986,0,0,189,4045,0,25986,0,0,0,0
2023-09-22,port120,Barranquilla,3,2,7126,734,0,7126,0,0,0,0,244,0,489,0
2023-09-23,port120,Barranquilla,1,0,21288,0,21288,0,0,0,0,0,0,0,0,0
2023-09-24,port120,Barranquilla,2,1,0,3904,0,0,0,0,0,0,2951,952,0,0
2023-09-25,port120,Barranquilla,4,1,1916,17093,0,1916,0,0,0,0,0,5588,11504,0
2023-09-26,port120,Barranquilla,1,1,973,645,0,973,0,0,0,0,645,0,0,0
2023-09-27,port120,Barranquilla,2,0,26005,0,24264,0,0,1740,0,0,0,0,0,0
2023-09-28,port120,Barranquilla,1,0,0,0,0,0,0,0,0,0,0,0,0,0
2023-09-29,port120,Barranquilla,5,2,18433,0,3248,8118,0,7066,0,0,0,0,0,0
2023-09-30,port120,Barranquilla,2,1,0,35322,0,0,0,0,0,34341,981,0,0,0
2023-10-01,port120,Barranquilla,2,0,226,282,0,0,226,0,0,0,0,282,0,0
2023-10-02,port120,Barranquilla,3,1,0,43153,0,0,0,0,0,42196,956,0,0,0
2023-10-03,port120,Barranquilla,4,1,388,2280,0,388,0,0,0,0,0,0,2280,0
2023-10-04,port120,Barranquilla,3,0,790,29467,0,0,790,0,0,27776,0,1690,0,0
2023-10-05,port120,Barranquilla,2,0,4147,14781,4147,0,0,0,0,0,0,14781,0,0
2023-10-06,port120,Barranquilla,2,1,5912,0,0,5646,266,0,0,0,0,0,0,0
2023-10-07,port120,Barranquilla,4,1,24022,12914,24022,0,0,0,0,10945,1969,0,0,0
2023-10-08,port120,Barranquilla,3,1,43278,0,42473,805,0,0,0,0,0,0,0,0
2023-10-09,port120,Barranquilla,2,0,0,9016,0,0,0,0,0,5409,0,0,3607,0
2023-10-10,port120,Barranquilla,3,1,1557,5429,0,636,0,921,0,0,0,5429,0,0
2023-10-11,port120,Barranquilla,2,1,973,645,0,973,0,0,0,0,645,0,0,0
2023-10-12,port120,Barranquilla,3,1,9356,10784,9356,0,0,0,0,0,242,0,10542,0
2023-10-13,port120,Barranquilla,3,1,38320,0,35717,2603,0,0,0,0,0,0,0,0
2023-10-14,port120,Barranquilla,2,1,36348,2618,36348,0,0,0,0,0,2618,0,0,0
2023-10-15,port120,Barranquilla,3,0,2520,0,0,0,0,2520,0,0,0,0,0,0
2023-10-16,port120,Barranquilla,3,0,44770,0,44770,0,0,0,0,0,0,0,0,0
2023-10-17,port120,Barranquilla,4,2,2076,31958,0,775,1300,0,0,30999,958,0,0,0
2023-10-18,port120,Barranquilla,7,0,42926,21087,42926,0,0,0,0,0,0,9304,11782,0
2023-10-19,port120,Barranquilla,1,0,0,39024,0,0,0,0,0,39024,0,0,0,0
2023-10-20,port120,Barranquilla,3,1,12382,7629,12011,371,0,0,0,5472,0,0,2157,0
2023-10-21,port120,Barranquilla,3,2,3305,2299,0,3305,0,0,0,0,2299,0,0,0
2023-10-22,port120,Barranquilla,1,0,0,37657,0,0,0,0,0,37657,0,0,0,0
2023-10-23,port120,Barranquilla,1,0,4155,0,0,0,0,4155,0,0,0,0,0,0
2023-10-24,port120,Barranquilla,1,1,1538,0,0,1538,0,0,0,0,0,0,0,0
2023-10-25,port120,Barranquilla,4,1,50165,645,49191,973,0,0,0,0,645,0,0,0
2023-10-26,port120,Barranquilla,4,1,27981,4877,26544,1437,0,0,0,0,0,0,4877,0
2023-10-27,port120,Barranquilla,6,2,5851,28439,0,3155,0,2696,0,27022,0,1417,0,0
2023-10-28,port120,Barranquilla,1,0,1705,1709,0,0,1705,0,0,0,0,1709,0,0
2023-10-29,port120,Barranquilla,5,1,22870,63127,22870,0,0,0,0,60552,2575,0,0,0
2023-10-30,port120,Barranquilla,1,1,0,640,0,0,0,0,0,0,640,0,0,0
2023-10-31,port120,Barranquilla,5,1,6091,1887,1838,1545,0,2707,0,0,0,0,1887,0
2023-11-01,port120,Barranquilla,3,0,549,9710,549,0,0,0,0,0,0,9710,0,0
2023-11-02,port120,Barranquilla,2,1,0,1323,0,0,0,0,0,0,1323,0,0,0
2023-11-03,port120,Barranquilla,2,1,742,4038,0,742,0,0,0,0,0,0,4038,0
2023-11-04,port120,Barranquilla,2,0,13051,0,0,0,875,12175,0,0,0,0,0,0
2023-11-05,port120,Barranquilla,4,1,34971,0,32581,654,1734,0,0,0,0,0,0,0
2023-11-06,port120,Barranquilla,1,0,18905,0,0,0,0,18905,0,0,0,0,0,0
2023-11-07,port120,Barranquilla,7,2,43212,12400,39041,4170,0,0,0,0,645,11755,0,0
2023-11-08,port120,Barranquilla,1,0,229,0,0,0,229,0,0,0,0,0,0,0
2023-11-09,port120,Barranquilla,3,0,57199,8251,57199,0,0,0,0,0,0,8251,0,0
2023-11-10,port120,Barranquilla,1,0,0,0,0,0,0,0,0,0,0,0,0,0
2023-11-11,port120,Barranquilla,4,1,46945,645,30187,973,0,15784,0,0,645,0,0,0
2023-11-12,port120,Barranquilla,7,1,52026,40538,52026,0,0,0,0,23554,326,0,16657,0
2023-11-13,port120,Barranquilla,2,1,958,0,0,958,0,0,0,0,0,0,0,0
2023-11-14,port120,Barranquilla,1,1,389,0,0,389,0,0,0,0,0,0,0,0
2023-11-15,port120,Barranquilla,3,0,0,44277,0,0,0,0,0,43459,0,279,538,0
2023-11-16,port120,Barranquilla,3,1,14215,241,0,0,14215,0,0,0,241,0,0,0
2023-11-17,port120,Barranquilla,4,1,2005,24634,0,2005,0,0,0,24634,0,0,0,0
2023-11-18,port120,Barranquilla,4,0,20904,3940,14502,0,6401,0,0,0,0,3940,0,0
2023-11-19,port120,Barranquilla,4,1,38545,2891,31182,0,0,7363,0,0,2891,0,0,0
2023-11-20,port120,Barranquilla,2,0,0,16233,0,0,0,0,0,0,0,0,16233,0
2023-11-21,port120,Barranquilla,3,2,37708,645,32898,4809,0,0,0,0,645,0,0,0
2023-11-22,port120,Barranquilla,1,0,0,0,0,0,0,0,0,0,0,0,0,0
2023-11-23,port120,Barranquilla,2,1,2351,861,0,1385,0,966,0,0,861,0,0,0
2023-11-24,port120,Barranquilla,1,1,0,800,0,0,0,0,0,0,800,0,0,0
2023-11-25,port120,Barranquilla,2,1,973,14760,0,973,0,0,0,14115,645,0,0,0
2023-11-26,port120,Barranquilla,3,0,2707,1430,0,0,0,2707,0,0,0,0,1430,0
2023-11-27,port120,Barranquilla,3,0,19889,0,0,0,0,19889,0,0,0,0,0,0
2023-11-28,port120,Barranquilla,4,2,34067,0,28353,4211,1501,0,0,0,0,0,0,0
2023-11-29,port120,Barranquilla,3,0,37806,5801,37806,0,0,0,0,0,0,5801,0,0
2023-11-30,port120,Barranquilla,2,0,1705,4861,0,0,1705,0,0,0,0,1709,3152,0
2023-12-01,port120,Barranquilla,3,1,24894,0,0,3485,2750,18658,0,0,0,0,0,0
2023-12-02,port120,Barranquilla,2,1,0,4531,0,0,0,0,0,0,4531,0,0,0
2023-12-03,port120,Barranquilla,2,0,0,30999,0,0,0,0,0,30999,0,0,0,0
2023-12-04,port120,Barranquilla,1,1,0,961,0,0,0,0,0,0,961,0,0,0
2023-12-05,port120,Barranquilla,4,1,41897,37769,41120,777,0,0,0,34353,0,0,3415,0
2023-12-06,port120,Barranquilla,2,0,0,30247,0,0,0,0,0,30247,0,0,0,0
2023-12-07,port120,Barranquilla,2,1,973,645,0,973,0,0,0,0,645,0,0,0
2023-12-08,port120,Barranquilla,6,1,68031,21681,65323,0,0,2707,0,5472,4111,0,12097,0
2023-12-09,port120,Barranquilla,2,0,62075,0,62075,0,0,0,0,0,0,0,0,0
2023-12-10,port120,Barranquilla,1,0,2876,0,2876,0,0,0,0,0,0,0,0,0
2023-12-11,port120,Barranquilla,2,0,27217,0,27217,0,0,0,0,0,0,0,0,0
2023-12-12,port120,Barranquilla,5,2,2679,27113,0,973,1705,0,0,22589,1422,3101,0,0
2023-12-13,port120,Barranquilla,4,0,40594,43672,40594,0,0,0,0,42600,0,0,1071,0
2023-12-14,port120,Barranquilla,0,0,0,0,0,0,0,0,0,0,0,0,0,0
2023-12-15,port120,Barranquilla,3,0,35045,0,34315,0,730,0,0,0,0,0,0,0
2023-12-16,port120,Barranquilla,2,1,973,645,0,973,0,0,0,0,645,0,0,0
2023-12-17,port120,Barranquilla,6,0,46741,7479,44465,0,2276,0,0,0,0,6742,737,0
2023-12-18,port120,Barranquilla,1,1,1290,0,0,1290,0,0,0,0,0,0,0,0
2023-12-19,port120,Barranquilla,4,2,973,2149,0,973,0,0,0,0,894,1254,0,0
2023-12-20,port120,Barranquilla,3,0,1705,10413,0,0,1705,0,0,0,0,1709,8704,0
2023-12-21,port120,Barranquilla,6,0,37406,38886,30487,0,6919,0,0,38886,0,0,0,0
2023-12-22,port120,Barranquilla,1,1,4106,0,0,4106,0,0,0,0,0,0,0,0
2023-12-23,port120,Barranquilla,1,0,46157,0,46157,0,0,0,0,0,0,0,0,0
2023-12-24,port120,Barranquilla,3,2,517,13035,0,517,0,0,0,0,295,0,12740,0
2023-12-25,port120,Barranquilla,2,1,14831,645,13857,973,0,0,0,0,645,0,0,0
2023-12-26,port120,Barranquilla,1,1,973,645,0,973,0,0,0,0,645,0,0,0
2023-12-27,port120,Barranquilla,0,0,0,0,0,0,0,0,0,0,0,0,0,0
2023-12-28,port120,Barranquilla,2,0,4653,0,0,0,4653,0,0,0,0,0,0,0
2023-12-29,port120,Barranquilla,5,1,36985,30101,35506,1478,0,0,0,16547,0,0,13554,0
2023-12-30,port120,Barranquilla,2,0,0,162,0,0,0,0,0,0,0,162,0,0
2023-12-31,port120,Barranquilla,5,1,2009,28532,0,973,0,1035,0,26506,645,1380,0,0
2024-01-01,port120,Barranquilla,1,0,15340,0,15340,0,0,0,0,0,0,0,0,0
2024-01-02,port120,Barranquilla,5,3,15729,7403,12175,3553,0,0,0,0,2466,4936,0,0
2024-01-03,port120,Barranquilla,2,0,2707,13438,0,0,0,2707,0,0,0,12007,1430,0
2024-01-04,port120,Barranquilla,2,1,973,3532,0,973,0,0,0,0,645,0,2887,0
2024-01-05,port120,Barranquilla,2,1,3915,1433,3915,0,0,0,0,0,1433,0,0,0
2024-01-06,port120,Barranquilla,3,1,29685,30669,29685,0,0,0,0,30374,295,0,0,0
2024-01-07,port120,Barranquilla,0,0,0,0,0,0,0,0,0,0,0,0,0,0
2024-01-08,port120,Barranquilla,1,0,12801,0,0,0,12801,0,0,0,0,0,0,0
2024-01-09,port120,Barranquilla,4,1,38834,364,35049,0,0,3785,0,0,364,0,0,0
2024-01-10,port120,Barranquilla,2,1,19823,0,0,1165,0,18658,0,0,0,0,0,0
2024-01-11,port120,Barranquilla,1,0,26801,0,26801,0,0,0,0,0,0,0,0,0
2024-01-12,port120,Barranquilla,2,1,2707,5722,0,0,0,2707,0,0,4291,0,1430,0
2024-01-13,port120,Barranquilla,3,1,0,22137,0,0,0,0,0,21782,354,0,0,0
2024-01-14,port120,Barranquilla,4,0,41453,0,35478,0,0,5975,0,0,0,0,0,0
2024-01-15,port120,Barranquilla,3,0,0,59849,0,0,0,0,0,59012,0,837,0,0
2024-01-16,port120,Barranquilla,2,2,2420,645,0,2420,0,0,0,0,645,0,0,0
2024-01-17,port120,Barranquilla,6,2,44528,4689,30587,9528,1705,2707,0,1549,0,1709,1430,0
2024-01-18,port120,Barranquilla,1,1,0,261,0,0,0,0,0,0,261,0,0,0
2024-01-19,port120,Barranquilla,1,0,0,0,0,0,0,0,0,0,0,0,0,0
2024-01-20,port120,Barranquilla,5,2,46374,4074,41009,0,5365,0,0,0,4074,0,0,0
2024-01-21,port120,Barranquilla,5,0,43274,32864,40221,0,3053,0,0,29994,0,2869,0,0
2024-01-22,port120,Barranquilla,1,0,0,34618,0,0,0,0,0,34618,0,0,0,0
2024-01-23,port120,Barranquilla,1,1,5704,0,0,5704,0,0,0,0,0,0,0,0
2024-01-24,port120,Barranquilla,3,2,5612,1506,0,2358,3253,0,0,0,1506,0,0,0
2024-01-25,port120,Barranquilla,1,0,8312,0,0,0,8312,0,0,0,0,0,0,0
2024-01-26,port120,Barranquilla,4,1,45037,11782,42972,531,1533,0,0,0,0,0,11782,0
2024-01-27,port120,Barranquilla,5,1,48639,10964,47573,1065,0,0,0,8312,0,2651,0,0
2024-01-28,port120,Barranquilla,1,0,28635,0,28635,0,0,0,0,0,0,0,0,0
2024-01-29,port120,Barranquilla,4,2,16635,15494,0,1337,15298,0,0,14849,645,0,0,0
2024-01-30,port120,Barranquilla,6,2,24767,42575,0,1244,20586,2936,0,40221,645,1709,0,0
2024-01-31,port120,Barranquilla,5,0,14962,0,3195,0,9673,2094,0,0,0,0,0,0
2024-02-01,port120,Barranquilla,1,0,422,0,0,0,422,0,0,0,0,0,0,0
2024-02-02,port120,Barranquilla,3,0,23336,2023,23336,0,0,0,0,0,0,0,2023,0
2024-02-03,port120,Barranquilla,3,1,1030,12395,0,1030,0,0,0,0,0,12395,0,0
2024-02-04,port120,Barranquilla,4,1,0,27566,0,0,0,0,0,12623,2250,0,12692,0
2024-02-05,port120,Barranquilla,1,0,0,0,0,0,0,0,0,0,0,0,0,0
2024-02-06,port120,Barranquilla,6,3,12034,1954,7268,4765,0,0,0,0,1954,0,0,0
2024-02-07,port120,Barranquilla,4,2,28624,10442,28624,0,0,0,0,8203,2238,0,0,0
2024-02-08,port120,Barranquilla,2,1,1222,0,0,528,0,693,0,0,0,0,0,0
2024-02-09,port120,Barranquilla,3,1,59060,645,58086,973,0,0,0,0,645,0,0,0
2024-02-10,port120,Barranquilla,4,1,12125,1425,0,0,0,12125,0,0,1425,0,0,0
2024-02-11,port120,Barranquilla,2,0,27461,12603,27461,0,0,0,0,12603,0,0,0,0
2024-02-12,port120,Barranquilla,1,0,443,0,0,0,443,0,0,0,0,0,0,0
2024-02-13,port120,Barranquilla,5,3,11629,1459,8211,2063,0,1353,0,0,1459,0,0,0
2024-02-14,port120,Barranquilla,1,0,32192,0,32192,0,0,0,0,0,0,0,0,0
2024-02-15,port120,Barranquilla,2,1,4041,0,0,268,3773,0,0,0,0,0,0,0
2024-02-16,port120,Barranquilla,2,0,23762,0,4355,0,0,19407,0,0,0,0,0,0
2024-02-17,port120,Barranquilla,3,2,1656,13236,0,1656,0,0,0,0,2457,0,10778,0
2024-02-18,port120,Barranquilla,1,1,2438,0,0,2438,0,0,0,0,0,0,0,0
2024-02-19,port120,Barranquilla,3,0,30329,0,30329,0,0,0,0,0,0,0,0,0
2024-02-20,port120,Barranquilla,3,2,7150,861,0,2833,0,4317,0,0,861,0,0,0
2024-02-21,port120,Barranquilla,2,1,6969,389,0,0,0,6969,0,0,389,0,0,0
2024-02-22,port120,Barranquilla,6,0,77051,18170,74344,0,0,2707,0,0,0,5192,12978,0
2024-02-23,port120,Barranquilla,2,1,1959,1718,0,1959,0,0,0,0,0,0,1718,0
2024-02-24,port120,Barranquilla,2,1,973,2886,0,973,0,0,0,0,645,2241,0,0
2024-02-25,port120,Barranquilla,6,0,72029,23420,72029,0,0,0,0,0,0,5086,18333,0
2024-02-26,port120,Barranquilla,3,1,4511,0,0,711,3262,537,0,0,0,0,0,0
2024-02-27,port120,Barranquilla,6,2,33972,67362,32999,973,0,0,0,65089,2273,0,0,0
2024-02-28,port120,Barranquilla,1,0,0,0,0,0,0,0,0,0,0,0,0,0
2024-02-29,port120,Barranquilla,1,0,39184,0,39184,0,0,0,0,0,0,0,0,0
2024-03-01,port120,Barranquilla,4,0,32462,0,30940,0,0,1522,0,0,0,0,0,0
2024-03-02,port120,Barranquilla,4,3,973,7496,0,973,0,0,0,1154,6342,0,0,0
2024-03-03,port120,Barranquilla,3,0,12011,7784,12011,0,0,0,0,5472,0,0,2311,0
2024-03-04,port120,Barranquilla,0,0,0,0,0,0,0,0,0,0,0,0,0,0
2024-03-05,port120,Barranquilla,4,1,11732,38817,0,0,0,11732,0,27634,1623,0,9558,0
2024-03-06,port120,Barranquilla,5,1,4395,13907,4395,0,0,0,0,11932,1974,0,0,0
2024-03-07,port120,Barranquilla,3,1,43586,162,42774,812,0,0,0,0,0,162,0,0
2024-03-08,port120,Barranquilla,2,1,39965,0,36199,3765,0,0,0,0,0,0,0,0
2024-03-09,port120,Barranquilla,8,1,139878,7856,138143,0,1734,0,0,0,3144,4712,0,0
2024-03-10,port120,Barranquilla,2,1,0,9665,0,0,0,0,0,0,2492,7173,0,0
2024-03-11,port120,Barranquilla,2,1,0,1612,0,0,0,0,0,0,1612,0,0,0
2024-03-12,port120,Barranquilla,3,0,44732,0,1936,0,1137,41658,0,0,0,0,0,0
2024-03-13,port120,Barranquilla,3,2,0,1712,0,0,0,0,0,0,1712,0,0,0
2024-03-14,port120,Barranquilla,5,1,62794,1032,60466,0,2328,0,0,0,1032,0,0,0
2024-03-15,port120,Barranquilla,6,0,24858,40293,24483,0,374,0,0,33701,0,6592,0,0
2024-03-16,port120,Barranquilla,1,1,4914,0,0,4914,0,0,0,0,0,0,0,0
2024-03-17,port120,Barranquilla,3,1,0,46548,0,0,0,0,0,44099,2448,0,0,0
2024-03-18,port120,Barranquilla,4,0,25623,3003,23917,0,1705,0,0,0,0,1709,1294,0
2024-03-19,port120,Barranquilla,4,1,889,26861,0,270,0,618,0,26861,0,0,0,0
2024-03-20,port120,Barranquilla,5,1,40311,16398,38688,0,0,1622,0,0,664,0,15734,0
2024-03-21,port120,Barranquilla,2,1,973,2956,0,973,0,0,0,0,645,0,2311,0
2024-03-22,port120,Barranquilla,0,0,0,0,0,0,0,0,0,0,0,0,0,0
2024-03-23,port120,Barranquilla,2,1,0,1421,0,0,0,0,0,0,1421,0,0,0
2024-03-24,port120,Barranquilla,2,1,0,11415,0,0,0,0,0,11039,375,0,0,0
2024-03-25,port120,Barranquilla,2,0,26947,11782,26947,0,0,0,0,0,0,0,11782,0
2024-03-26,port120,Barranquilla,2,1,0,11944,0,0,0,0,0,0,1082,10861,0,0
2024-03-27,port120,Barranquilla,0,0,0,0,0,0,0,0,0,0,0,0,0,0
2024-03-28,port120,Barranquilla,2,0,41763,0,41763,0,0,0,0,0,0,0,0,0
2024-03-29,port120,Barranquilla,2,1,973,913,0,973,0,0,0,0,645,0,268,0
2024-03-30,port120,Barranquilla,2,2,258,0,0,258,0,0,0,0,0,0,0,0
2024-03-31,port120,Barranquilla,4,2,27458,4593,25654,1803,0,0,0,0,0,4593,0,0
2024-04-01,port120,Barranquilla,2,0,0,28852,0,0,0,0,0,14270,0,0,14582,0
2024-04-02,port120,Barranquilla,2,2,1604,0,0,1604,0,0,0,0,0,0,0,0
2024-04-03,port120,Barranquilla,3,1,0,45355,0,0,0,0,0,44696,659,0,0,0
2024-04-04,port120,Barranquilla,2,0,41107,0,0,0,0,41107,0,0,0,0,0,0
2024-04-05,port120,Barranquilla,2,0,33101,3749,33101,0,0,0,0,0,0,0,3749,0
2024-04-06,port120,Barranquilla,2,1,0,4970,0,0,0,0,0,0,4970,0,0,0
2024-04-07,port120,Barranquilla,4,0,56752,157,56752,0,0,0,0,0,0,157,0,0
2024-04-08,port120,Barranquilla,3,0,30425,10641,30425,0,0,0,0,0,0,0,10641,0
2024-04-09,port120,Barranquilla,3,1,1705,4807,0,0,1705,0,0,0,3098,1709,0,0
2024-04-10,port120,Barranquilla,2,1,33418,861,32033,1385,0,0,0,0,861,0,0,0
2024-04-11,port120,Barranquilla,1,0,0,16094,0,0,0,0,0,0,0,0,16094,0
2024-04-12,port120,Barranquilla,2,0,13677,5472,12011,0,1665,0,0,5472,0,0,0,0
2024-04-13,port120,Barranquilla,2,1,759,20387,0,759,0,0,0,20387,0,0,0,0
2024-04-14,port120,Barranquilla,4,2,11680,5592,0,141,11539,0,0,0,3252,2340,0,0
2024-04-15,port120,Barranquilla,5,1,44337,38709,42500,1837,0,0,0,35821,0,0,2887,0
2024-04-16,port120,Barranquilla,3,1,4519,26796,0,1072,3446,0,0,26796,0,0,0,0
2024-04-17,port120,Barranquilla,3,2,3262,2180,3262,0,0,0,0,0,2180,0,0,0
2024-04-18,port120,Barranquilla,3,0,35588,12294,35588,0,0,0,0,0,0,8858,3435,0
2024-04-19,port120,Barranquilla,4,0,74762,0,72805,0,0,1956,0,0,0,0,0,0
2024-04-20,port120,Barranquilla,4,1,26877,19527,0,0,0,26877,0,5732,1421,0,12373,0
2024-04-21,port120,Barranquilla,4,1,40249,1885,38826,1423,0,0,0,0,0,0,1885,0
2024-04-22,port120,Barranquilla,4,0,2541,41511,0,0,1705,835,0,39802,0,1709,0,0
2024-04-23,port120,Barranquilla,3,1,24713,1159,24713,0,0,0,0,0,1159,0,0,0
2024-04-24,port120,Barranquilla,4,1,25407,11807,24022,1385,0,0,0,10945,861,0,0,0
2024-04-25,port120,Barranquilla,3,1,2143,14363,0,256,0,1886,0,14363,0,0,0,0
2024-04-26,port120,Barranquilla,4,0,41874,30583,41874,0,0,0,0,30300,0,0,283,0
2024-04-27,port120,Barranquilla,1,0,0,4038,0,0,0,0,0,0,0,0,4038,0
2024-04-28,port120,Barranquilla,2,1,12011,7644,12011,0,0,0,0,5472,2171,0,0,0
2024-04-29,port120,Barranquilla,0,0,0,0,0,0,0,0,0,0,0,0,0,0
2024-04-30,port120,Barranquilla,7,1,74372,17350,59074,0,15298,0,0,0,3319,2340,11690,0
2024-05-01,port120,Barranquilla,2,1,2679,2354,0,973,1705,0,0,0,645,1709,0,0
2024-05-02,port120,Barranquilla,5,0,10400,12507,9826,0,573,0,0,0,0,12507,0,0
2024-05-03,port120,Barranquilla,0,0,0,0,0,0,0,0,0,0,0,0,0,0
2024-05-04,port120,Barranquilla,5,1,4862,31117,0,2155,0,2707,0,29686,0,0,1430,0
2024-05-05,port120,Barranquilla,5,1,50874,41941,50874,0,0,0,0,38125,3816,0,0,0
2024-05-06,port120,Barranquilla,2,0,0,38687,0,0,0,0,0,38687,0,0,0,0
2024-05-07,port120,Barranquilla,4,1,12011,10209,12011,0,0,0,0,5472,1849,0,2887,0
2024-05-08,port120,Barranquilla,5,1,77304,4915,77034,270,0,0,0,0,0,4915,0,0
2024-05-09,port120,Barranquilla,1,0,0,0,0,0,0,0,0,0,0,0,0,0
2024-05-10,port120,Barranquilla,1,0,4606,0,4606,0,0,0,0,0,0,0,0,0
2024-05-11,port120,Barranquilla,5,0,29148,6782,26731,0,2416,0,0,6782,0,0,0,0
2024-05-12,port120,Barranquilla,1,1,0,2498,0,0,0,0,0,0,2498,0,0,0
2024-05-13,port120,Barranquilla,1,0,0,0,0,0,0,0,0,0,0,0,0,0
2024-05-14,port120,Barranquilla,6,1,38787,1652,21270,0,1159,16357,0,0,1652,0,0,0
2024-05-15,port120,Barranquilla,2,1,973,645,0,973,0,0,0,0,645,0,0,0
2024-05-16,port120,Barranquilla,4,1,90827,28240,88530,2297,0,0,0,28240,0,0,0,0
2024-05-17,port120,Barranquilla,3,2,1895,764,0,1895,0,0,0,0,764,0,0,0
2024-05-18,port120,Barranquilla,4,0,2707,4846,0,0,0,2707,0,0,0,0,4846,0
2024-05-19,port120,Barranquilla,1,1,0,2044,0,0,0,0,0,0,2044,0,0,0
2024-05-20,port120,Barranquilla,5,0,35711,12092,32840,0,163,2707,0,10661,0,0,1430,0
2024-05-21,port120,Barranquilla,1,0,630,0,0,0,0,630,0,0,0,0,0,0
2024-05-22,port120,Barranquilla,3,2,12985,6861,12011,973,0,0,0,5472,1388,0,0,0
2024-05-23,port120,Barranquilla,2,0,35268,0,35268,0,0,0,0,0,0,0,0,0
2024-05-24,port120,Barranquilla,1,0,7701,0,0,0,0,7701,0,0,0,0,0,0
2024-05-25,port120,Barranquilla,5,1,12722,40208,2873,0,0,9848,0,27085,2498,0,10624,0
2024-05-26,port120,Barranquilla,2,0,0,24427,0,0,0,0,0,24427,0,0,0,0
2024-05-27,port120,Barranquilla,2,0,0,2107,0,0,0,0,0,0,0,2107,0,0
2024-05-28,port120,Barranquilla,3,2,0,1869,0,0,0,0,0,0,1869,0,0,0
2024-05-29,port120,Barranquilla,0,0,0,0,0,0,0,0,0,0,0,0,0,0
2024-05-30,port120,Barranquilla,2,0,0,0,0,0,0,0,0,0,0,0,0,0
2024-05-31,port120,Barranquilla,1,0,0,360,0,0,0,0,0,0,0,0,360,0
2024-06-01,port120,Barranquilla,2,1,26256,0,25460,796,0,0,0,0,0,0,0,0
2024-06-02,port120,Barranquilla,5,1,38704,9546,38704,0,0,0,0,0,881,8664,0,0
2024-06-03,port120,Barranquilla,2,0,0,29650,0,0,0,0,0,29650,0,0,0,0
2024-06-04,port120,Barranquilla,2,1,2058,0,0,367,1690,0,0,0,0,0,0,0
2024-06-05,port120,Barranquilla,3,1,973,54484,0,973,0,0,0,40090,645,0,13748,0
2024-06-06,port120,Barranquilla,1,0,0,0,0,0,0,0,0,0,0,0,0,0
2024-06-07,port120,Barranquilla,2,0,2273,0,0,0,2273,0,0,0,0,0,0,0
2024-06-08,port120,Barranquilla,2,0,14970,0,12832,0,0,2138,0,0,0,0,0,0
2024-06-09,port120,Barranquilla,2,0,32419,5460,32419,0,0,0,0,0,0,0,5460,0
2024-06-10,port120,Barranquilla,1,0,521,0,521,0,0,0,0,0,0,0,0,0
2024-06-11,port120,Barranquilla,4,0,3125,5572,0,0,1705,1419,0,0,0,5572,0,0
2024-06-12,port120,Barranquilla,7,2,13024,35981,12011,0,742,269,0,32593,2133,1254,0,0
2024-06-13,port120,Barranquilla,4,1,40341,24859,28450,774,0,11116,0,0,0,0,24859,0
2024-06-14,port120,Barranquilla,1,0,22886,0,22886,0,0,0,0,0,0,0,0,0
2024-06-15,port120,Barranquilla,2,0,24138,0,5197,0,0,18940,0,0,0,0,0,0
2024-06-16,port120,Barranquilla,2,1,0,32865,0,0,0,0,0,31441,1423,0,0,0
2024-06-17,port120,Barranquilla,1,0,1694,0,0,0,1694,0,0,0,0,0,0,0
2024-06-18,port120,Barranquilla,8,2,40033,32673,37023,1134,0,1875,0,30532,1088,0,1051,0
2024-06-19,port120,Barranquilla,3,1,33415,1430,30339,368,0,2707,0,0,0,0,1430,0
2024-06-20,port120,Barranquilla,2,0,1665,0,0,0,1665,0,0,0,0,0,0,0
2024-06-21,port120,Barranquilla,0,0,0,0,0,0,0,0,0,0,0,0,0,0
2024-06-22,port120,Barranquilla,4,3,2491,861,0,2491,0,0,0,0,861,0,0,0
2024-06-23,port120,Barranquilla,3,0,38021,1874,38021,0,0,0,0,0,0,0,1874,0
2024-06-24,port120,Barranquilla,4,0,8209,0,8209,0,0,0,0,0,0,0,0,0
2024-06-25,port120,Barranquilla,2,1,30860,538,30860,0,0,0,0,0,538,0,0,0
2024-06-26,port120,Barranquilla,5,2,1501,15862,0,1501,0,0,0,13875,1987,0,0,0
2024-06-27,port120,Barranquilla,2,1,39835,0,39516,318,0,0,0,0,0,0,0,0
2024-06-28,port120,Barranquilla,4,0,34167,0,34167,0,0,0,0,0,0,0,0,0
2024-06-29,port120,Barranquilla,4,1,37261,39146,36288,973,0,0,0,38501,645,0,0,0
2024-06-30,port120,Barranquilla,2,1,27446,645,26472,973,0,0,0,0,645,0,0,0
2024-07-01,port120,Barranquilla,5,0,13203,0,483,0,11372,1347,0,0,0,0,0,0
2024-07-02,port120,Barranquilla,1,0,5191,0,5191,0,0,0,0,0,0,0,0,0
2024-07-03,port120,Barranquilla,5,2,3363,9640,0,656,0,2707,0,8209,0,0,1430,0
2024-07-04,port120,Barranquilla,5,1,73949,3853,72667,1282,0,0,0,3853,0,0,0,0
2024-07-05,port120,Barranquilla,0,0,0,0,0,0,0,0,0,0,0,0,0,0
2024-07-06,port120,Barranquilla,2,2,973,3624,0,973,0,0,0,0,3624,0,0,0
2024-07-07,port120,Barranquilla,2,0,11239,0,11239,0,0,0,0,0,0,0,0,0
2024-07-08,port120,Barranquilla,3,0,13717,7181,12011,0,1705,0,0,5472,0,1709,0,0
2024-07-09,port120,Barranquilla,3,2,2319,645,0,1241,1077,0,0,0,645,0,0,0
2024-07-10,port120,Barranquilla,4,0,31777,24301,30111,0,1665,0,0,19081,0,0,5220,0
2024-07-11,port120,Barranquilla,4,0,40267,1203,40267,0,0,0,0,0,0,165,1037,0
2024-07-12,port120,Barranquilla,4,0,2726,38097,2726,0,0,0,0,33367,0,977,3751,0
2024-07-13,port120,Barranquilla,2,0,0,18656,0,0,0,0,0,18656,0,0,0,0
2024-07-14,port120,Barranquilla,1,0,3323,0,0,0,3323,0,0,0,0,0,0,0
2024-07-15,port120,Barranquilla,3,1,12564,2138,0,0,0,12564,0,0,2138,0,0,0
2024-07-16,port120,Barranquilla,5,1,15786,645,0,973,1232,13580,0,0,645,0,0,0
2024-07-17,port120,Barranquilla,2,1,3632,0,0,1074,2557,0,0,0,0,0,0,0
2024-07-18,port120,Barranquilla,3,0,3984,35752,3984,0,0,0,0,30223,0,5529,0,0
2024-07-19,port120,Barranquilla,2,1,2223,0,0,2223,0,0,0,0,0,0,0,0
2024-07-20,port120,Barranquilla,4,1,42909,16201,39706,495,0,2707,0,14770,0,0,1430,0
2024-07-21,port120,Barranquilla,3,2,2219,0,0,2219,0,0,0,0,0,0,0,0
2024-07-22,port120,Barranquilla,1,0,0,3699,0,0,0,0,0,0,0,0,3699,0
2024-07-23,port120,Barranquilla,7,1,91873,645,88508,973,2391,0,0,0,645,0,0,0
2024-07-24,port120,Barranquilla,2,1,1348,277,0,1348,0,0,0,0,0,0,277,0
2024-07-25,port120,Barranquilla,4,0,79209,10346,79209,0,0,0,0,5472,0,4873,0,0
2024-07-26,port120,Barranquilla,0,0,0,0,0,0,0,0,0,0,0,0,0,0
2024-07-27,port120,Barranquilla,2,0,0,3511,0,0,0,0,0,0,0,0,3511,0
2024-07-28,port120,Barranquilla,3,0,0,46102,0,0,0,0,0,41339,0,0,4762,0
2024-07-29,port120,Barranquilla,1,1,0,1427,0,0,0,0,0,0,1427,0,0,0
2024-07-30,port120,Barranquilla,7,2,4413,72445,0,0,1705,2707,0,67245,1439,1709,2050,0
2024-07-31,port120,Barranquilla,1,0,140,0,0,0,140,0,0,0,0,0,0,0
2024-08-01,port120,Barranquilla,3,0,6339,17063,6339,0,0,0,0,17063,0,0,0,0
2024-08-02,port120,Barranquilla,3,2,3774,2101,0,3774,0,0,0,0,2101,0,0,0
2024-08-03,port120,Barranquilla,2,0,6551,1709,0,0,1705,4846,0,0,0,1709,0,0
2024-08-04,port120,Barranquilla,7,1,17271,73523,11915,0,5355,0,0,68745,1316,0,3461,0
2024-08-05,port120,Barranquilla,3,0,23638,36212,23638,0,0,0,0,36212,0,0,0,0
2024-08-06,port120,Barranquilla,3,0,16609,5078,0,0,0,16609,0,0,0,5078,0,0
2024-08-07,port120,Barranquilla,4,2,9340,2965,0,0,9340,0,0,0,2965,0,0,0
2024-08-08,port120,Barranquilla,2,1,1696,506,0,0,0,1696,0,0,506,0,0,0
2024-08-09,port120,Barranquilla,2,1,38407,0,34286,4121,0,0,0,0,0,0,0,0
2024-08-10,port120,Barranquilla,1,1,0,2498,0,0,0,0,0,0,2498,0,0,0
2024-08-11,port120,Barranquilla,2,0,2141,2643,2141,0,0,0,0,0,0,0,2643,0
2024-08-12,port120,Barranquilla,1,0,22855,0,22855,0,0,0,0,0,0,0,0,0
2024-08-13,port120,Barranquilla,3,1,1705,45765,0,0,1705,0,0,43669,386,1709,0,0
2024-08-14,port120,Barranquilla,3,1,2707,2508,0,0,0,2707,0,0,1077,0,1430,0
2024-08-15,port120,Barranquilla,2,0,28987,0,24781,0,4206,0,0,0,0,0,0,0
2024-08-16,port120,Barranquilla,2,1,8380,0,2382,5998,0,0,0,0,0,0,0,0
2024-08-17,port120,Barranquilla,1,0,28347,0,28347,0,0,0,0,0,0,0,0,0
2024-08-18,port120,Barranquilla,2,1,5297,654,5297,0,0,0,0,0,654,0,0,0
2024-08-19,port120,Barranquilla,3,0,40025,1430,37317,0,0,2707,0,0,0,0,1430,0
2024-08-20,port120,Barranquilla,3,0,11461,267,8044,0,3416,0,0,0,0,267,0,0
2024-08-21,port120,Barranquilla,3,2,3996,645,0,1735,2260,0,0,0,645,0,0,0
2024-08-22,port120,Barranquilla,4,0,78929,27764,76221,0,0,2707,0,0,0,0,27764,0
2024-08-23,port120,Barranquilla,4,2,3688,0,0,2872,815,0,0,0,0,0,0,0
2024-08-24,port120,Barranquilla,2,0,0,44716,0,0,0,0,0,39308,0,5407,0,0
2024-08-25,port120,Barranquilla,3,1,0,10708,0,0,0,0,0,0,709,0,9999,0
2024-08-26,port120,Barranquilla,1,0,1705,1709,0,0,1705,0,0,0,0,1709,0,0
2024-08-27,port120,Barranquilla,3,1,0,17270,0,0,0,0,0,3262,1165,12842,0,0
2024-08-28,port120,Barranquilla,2,1,23938,538,0,0,0,23938,0,0,538,0,0,0
2024-08-29,port120,Barranquilla,1,0,29798,0,29798,0,0,0,0,0,0,0,0,0
2024-08-30,port120,Barranquilla,5,2,15654,6304,12011,3642,0,0,0,5472,0,0,831,0
2024-08-31,port120,Barranquilla,5,1,18389,34257,18389,0,0,0,0,33255,979,22,0,0
2024-09-01,port120,Barranquilla,2,0,10366,0,0,0,9252,1114,0,0,0,0,0,0
2024-09-02,port120,Barranquilla,2,0,25427,5472,25427,0,0,0,0,5472,0,0,0,0
2024-09-03,port120,Barranquilla,3,1,13415,3919,13415,0,0,0,0,0,1070,0,2848,0
2024-09-04,port120,Barranquilla,3,1,0,3695,0,0,0,0,0,0,2995,699,0,0
2024-09-05,port120,Barranquilla,2,1,10802,645,0,973,0,9829,0,0,645,0,0,0
2024-09-06,port120,Barranquilla,4,0,3273,5537,0,0,1929,1343,0,0,0,5537,0,0
2024-09-07,port120,Barranquilla,3,1,1880,10716,0,1880,0,0,0,8594,0,2122,0,0
2024-09-08,port120,Barranquilla,4,1,1705,47681,0,0,1705,0,0,16121,1066,1709,28784,0
2024-09-09,port120,Barranquilla,3,0,1705,1709,0,0,1705,0,0,0,0,1709,0,0
2024-09-10,port120,Barranquilla,3,1,41790,10038,41790,0,0,0,0,0,776,0,9262,0
2024-09-11,port120,Barranquilla,6,1,19149,14291,12011,1335,1705,4097,0,6440,0,7851,0,0
2024-09-12,port120,Barranquilla,3,0,38635,21310,38635,0,0,0,0,0,0,7167,14143,0
2024-09-13,port120,Barranquilla,0,0,0,0,0,0,0,0,0,0,0,0,0,0
2024-09-14,port120,Barranquilla,4,1,71588,4697,68880,0,0,2707,0,0,3266,0,1430,0
2024-09-15,port120,Barranquilla,3,1,2226,816,0,2226,0,0,0,0,0,816,0,0
2024-09-16,port120,Barranquilla,4,0,50582,11966,50582,0,0,0,0,11966,0,0,0,0
2024-09-17,port120,Barranquilla,1,0,2449,0,2449,0,0,0,0,0,0,0,0,0
2024-09-18,port120,Barranquilla,4,1,42765,16079,29391,973,0,12400,0,0,645,0,15434,0
2024-09-19,port120,Barranquilla,0,0,0,0,0,0,0,0,0,0,0,0,0,0
2024-09-20,port120,Barranquilla,3,1,973,645,0,973,0,0,0,0,645,0,0,0
2024-09-21,port120,Barranquilla,2,0,22587,0,20876,0,1711,0,0,0,0,0,0,0
2024-09-22,port120,Barranquilla,1,1,0,1068,0,0,0,0,0,0,1068,0,0,0
2024-09-23,port120,Barranquilla,0,0,0,0,0,0,0,0,0,0,0,0,0,0
2024-09-24,port120,Barranquilla,5,1,6070,2095,0,0,6070,0,0,0,785,1310,0,0
2024-09-25,port120,Barranquilla,0,0,0,0,0,0,0,0,0,0,0,0,0,0
2024-09-26,port120,Barranquilla,1,0,39319,0,39319,0,0,0,0,0,0,0,0,0
2024-09-27,port120,Barranquilla,2,2,3537,0,0,3537,0,0,0,0,0,0,0,0
2024-09-28,port120,Barranquilla,4,1,7887,12602,0,0,7887,0,0,0,1966,10636,0,0
2024-09-29,port120,Barranquilla,2,0,16849,0,16684,0,164,0,0,0,0,0,0,0
2024-09-30,port120,Barranquilla,6,0,58126,51323,56420,0,1705,0,0,45288,0,1709,4325,0
2024-10-01,port120,Barranquilla,2,0,34712,3749,34712,0,0,0,0,0,0,0,3749,0
2024-10-02,port120,Barranquilla,2,0,45693,0,45693,0,0,0,0,0,0,0,0,0
2024-10-03,port120,Barranquilla,2,1,0,1096,0,0,0,0,0,0,1096,0,0,0
2024-10-04,port120,Barranquilla,2,1,0,1310,0,0,0,0,0,553,757,0,0,0
2024-10-05,port120,Barranquilla,3,1,21340,5309,0,2731,0,18609,0,0,0,5309,0,0
2024-10-06,port120,Barranquilla,3,2,24015,0,0,2234,0,21781,0,0,0,0,0,0
2024-10-07,port120,Barranquilla,0,0,0,0,0,0,0,0,0,0,0,0,0,0
2024-10-08,port120,Barranquilla,4,1,0,49760,0,0,0,0,0,27597,3113,4814,14235,0
2024-10-09,port120,Barranquilla,3,0,75003,0,75003,0,0,0,0,0,0,0,0,0
2024-10-10,port120,Barranquilla,2,0,32924,0,32227,0,697,0,0,0,0,0,0,0
2024-10-11,port120,Barranquilla,1,0,2154,0,0,0,0,2154,0,0,0,0,0,0
2024-10-12,port120,Barranquilla,3,2,0,21272,0,0,0,0,0,0,7128,0,14143,0
2024-10-13,port120,Barranquilla,4,0,75413,965,72506,0,0,2906,0,0,0,0,965,0
2024-10-14,port120,Barranquilla,5,0,28884,15229,28558,0,326,0,0,15229,0,0,0,0
2024-10-15,port120,Barranquilla,0,0,0,0,0,0,0,0,0,0,0,0,0,0
2024-10-16,port120,Barranquilla,4,1,29950,15635,12011,0,0,17938,0,14515,1119,0,0,0
2024-10-17,port120,Barranquilla,3,2,33790,1370,33025,765,0,0,0,0,1370,0,0,0
2024-10-18,port120,Barranquilla,3,1,39470,0,37210,2259,0,0,0,0,0,0,0,0
2024-10-19,port120,Barranquilla,1,1,0,1423,0,0,0,0,0,0,1423,0,0,0
2024-10-20,port120,Barranquilla,6,0,66466,8295,61054,0,3411,2000,0,0,0,3418,4877,0
2024-10-21,port120,Barranquilla,3,1,4038,52866,0,4038,0,0,0,36832,0,0,16034,0
2024-10-22,port120,Barranquilla,3,1,3391,386,0,0,231,3160,0,0,386,0,0,0
2024-10-23,port120,Barranquilla,4,1,12466,31053,0,0,12466,0,0,30658,394,0,0,0
2024-10-24,port120,Barranquilla,3,0,6791,11017,0,0,6475,315,0,11017,0,0,0,0
2024-10-25,port120,Barranquilla,2,0,1842,0,0,0,1842,0,0,0,0,0,0,0
2024-10-26,port120,Barranquilla,4,2,3269,37520,0,3269,0,0,0,36658,861,0,0,0
2024-10-27,port120,Barranquilla,3,1,35798,3607,35798,0,0,0,0,0,3607,0,0,0
2024-10-28,port120,Barranquilla,1,0,0,0,0,0,0,0,0,0,0,0,0,0
2024-10-29,port120,Barranquilla,5,1,6404,856,5635,768,0,0,0,0,0,0,856,0
2024-10-30,port120,Barranquilla,7,1,52576,3401,52576,0,0,0,0,0,378,3023,0,0
2024-10-31,port120,Barranquilla,5,1,34513,4267,33128,1385,0,0,0,0,861,3406,0,0
2024-11-01,port120,Barranquilla,5,0,2707,64407,0,0,0,2707,0,62976,0,0,1430,0
2024-11-02,port120,Barranquilla,1,0,0,0,0,0,0,0,0,0,0,0,0,0
2024-11-03,port120,Barranquilla,2,1,0,48743,0,0,0,0,0,0,2496,0,46247,0
2024-11-04,port120,Barranquilla,3,1,39280,630,38897,383,0,0,0,0,0,0,630,0
2024-11-05,port120,Barranquilla,7,1,10326,29354,8620,0,1705,0,0,26475,1170,1709,0,0
2024-11-06,port120,Barranquilla,5,0,7222,38516,7057,0,164,0,0,36631,0,463,1421,0
2024-11-07,port120,Barranquilla,5,1,33870,6277,29912,256,1705,1996,0,0,0,1709,4568,0
2024-11-08,port120,Barranquilla,3,0,35881,0,30757,0,0,5124,0,0,0,0,0,0
2024-11-09,port120,Barranquilla,3,1,5721,30398,0,5721,0,0,0,26076,0,0,4322,0
2024-11-10,port120,Barranquilla,3,1,0,1626,0,0,0,0,0,0,1626,0,0,0
2024-11-11,port120,Barranquilla,1,0,2580,0,0,0,2580,0,0,0,0,0,0,0
2024-11-12,port120,Barranquilla,3,0,2036,0,0,0,2036,0,0,0,0,0,0,0
2024-11-13,port120,Barranquilla,2,0,0,30683,0,0,0,0,0,30683,0,0,0,0
2024-11-14,port120,Barranquilla,4,1,1705,48582,0,0,1705,0,0,46599,274,1709,0,0
2024-11-15,port120,Barranquilla,2,1,0,8268,0,0,0,0,0,0,3036,5232,0,0
2024-11-16,port120,Barranquilla,2,0,17368,11782,17368,0,0,0,0,0,0,0,11782,0
2024-11-17,port120,Barranquilla,2,1,355,0,0,355,0,0,0,0,0,0,0,0
2024-11-18,port120,Barranquilla,4,0,1705,10679,0,0,1705,0,0,0,0,1709,8970,0
2024-11-19,port120,Barranquilla,4,1,385,7222,0,385,0,0,0,7222,0,0,0,0
2024-11-20,port120,Barranquilla,4,0,24455,8600,24455,0,0,0,0,5472,0,3128,0,0
2024-11-21,port120,Barranquilla,4,2,4222,2354,0,2517,1705,0,0,0,645,1709,0,0
2024-11-22,port120,Barranquilla,3,1,6775,0,0,1280,906,4588,0,0,0,0,0,0
2024-11-23,port120,Barranquilla,2,0,41313,0,41313,0,0,0,0,0,0,0,0,0
2024-11-24,port120,Barranquilla,2,1,11505,655,0,0,0,11505,0,0,655,0,0,0
2024-11-25,port120,Barranquilla,3,1,42299,0,37044,5254,0,0,0,0,0,0,0,0
2024-11-26,port120,Barranquilla,1,0,0,0,0,0,0,0,0,0,0,0,0,0
2024-11-27,port120,Barranquilla,3,0,1705,3525,0,0,1705,0,0,0,0,3525,0,0
2024-11-28,port120,Barranquilla,0,0,0,0,0,0,0,0,0,0,0,0,0,0
2024-11-29,port120,Barranquilla,5,1,45688,73027,40508,2991,0,2188,0,73027,0,0,0,0
2024-11-30,port120,Barranquilla,2,0,33061,0,33061,0,0,0,0,0,0,0,0,0
2024-12-01,port120,Barranquilla,1,0,0,0,0,0,0,0,0,0,0,0,0,0
2024-12-02,port120,Barranquilla,2,1,0,1248,0,0,0,0,0,0,1248,0,0,0
2024-12-03,port120,Barranquilla,4,0,18639,0,12323,0,0,6315,0,0,0,0,0,0
2024-12-04,port120,Barranquilla,1,1,0,3505,0,0,0,0,0,0,3505,0,0,0
2024-12-05,port120,Barranquilla,1,0,0,0,0,0,0,0,0,0,0,0,0,0
2024-12-06,port120,Barranquilla,6,1,13603,1157,10337,2188,0,1077,0,0,0,1157,0,0
2024-12-07,port120,Barranquilla,4,2,45186,4129,40629,1849,0,2707,0,0,2698,0,1430,0
2024-12-08,port120,Barranquilla,5,0,42521,10327,41895,0,0,625,0,0,0,10327,0,0
2024-12-09,port120,Barranquilla,5,0,72124,4211,72124,0,0,0,0,0,0,462,3749,0
2024-12-10,port120,Barranquilla,1,0,0,13176,0,0,0,0,0,0,0,0,13176,0
2024-12-11,port120,Barranquilla,4,2,7034,2183,0,406,3272,3354,0,0,272,0,1910,0
2024-12-12,port120,Barranquilla,4,1,41769,0,38746,3023,0,0,0,0,0,0,0,0
2024-12-13,port120,Barranquilla,3,0,54466,0,42844,0,11622,0,0,0,0,0,0,0
2024-12-14,port120,Barranquilla,4,1,0,17982,0,0,0,0,0,0,382,13562,4038,0
2024-12-15,port120,Barranquilla,4,1,44204,30552,33726,516,9961,0,0,30552,0,0,0,0
2024-12-16,port120,Barranquilla,2,0,26801,0,25192,0,0,1608,0,0,0,0,0,0
2024-12-17,port120,Barranquilla,2,1,0,7654,0,0,0,0,0,0,540,7114,0,0
2024-12-18,port120,Barranquilla,3,0,2707,11360,0,0,0,2707,0,0,0,5930,5430,0
2024-12-19,port120,Barranquilla,3,1,1244,2311,0,769,474,0,0,0,0,0,2311,0
2024-12-20,port120,Barranquilla,1,0,13851,0,13851,0,0,0,0,0,0,0,0,0
2024-12-21,port120,Barranquilla,2,2,973,2584,0,973,0,0,0,0,2584,0,0,0
2024-12-22,port120,Barranquilla,2,1,0,24514,0,0,0,0,0,22547,1966,0,0,0
2024-12-23,port120,Barranquilla,2,0,12011,5472,12011,0,0,0,0,5472,0,0,0,0
2024-12-24,port120,Barranquilla,0,0,0,0,0,0,0,0,0,0,0,0,0,0
2024-12-25,port120,Barranquilla,2,1,1095,7264,0,1095,0,0,0,0,0,7264,0,0
2024-12-26,port120,Barranquilla,6,0,56637,31176,40227,0,0,16410,0,0,0,12881,18294,0
2024-12-27,port120,Barranquilla,3,1,11983,1590,11983,0,0,0,0,0,1590,0,0,0
2024-12-28,port120,Barranquilla,3,0,7412,7614,7412,0,0,0,0,0,0,0,7614,0
2024-12-29,port120,Barranquilla,5,2,4814,2609,4814,0,0,0,0,0,2609,0,0,0
2024-12-30,port120,Barranquilla,1,0,45478,0,45478,0,0,0,0,0,0,0,0,0
2024-12-31,port120,Barranquilla,3,0,411,462,0,0,411,0,0,0,0,462,0,0
2025-01-01,port120,Barranquilla,2,1,3119,0,2862,256,0,0,0,0,0,0,0,0
2025-01-02,port120,Barranquilla,3,0,1991,5505,0,0,284,1706,0,0,0,5505,0,0
2025-01-03,port120,Barranquilla,2,0,12305,3415,0,0,0,12305,0,0,0,0,3415,0
2025-01-04,port120,Barranquilla,4,1,24647,744,24647,0,0,0,0,0,744,0,0,0
2025-01-05,port120,Barranquilla,3,1,1136,1883,0,1136,0,0,0,0,0,1078,805,0
2025-01-06,port120,Barranquilla,5,1,8219,20814,6665,1554,0,0,0,1912,0,5930,12971,0
2025-01-07,port120,Barranquilla,5,0,44248,30043,42543,0,1705,0,0,28334,0,1709,0,0
2025-01-08,port120,Barranquilla,4,0,1850,39250,0,0,1850,0,0,32983,0,2231,4035,0
2025-01-09,port120,Barranquilla,2,1,38810,0,35252,3557,0,0,0,0,0,0,0,0
2025-01-10,port120,Barranquilla,3,2,37545,1883,34952,2592,0,0,0,0,1883,0,0,0
2025-01-11,port120,Barranquilla,1,0,0,0,0,0,0,0,0,0,0,0,0,0
2025-01-12,port120,Barranquilla,3,1,6201,0,6201,0,0,0,0,0,0,0,0,0
2025-01-13,port120,Barranquilla,3,1,16893,5472,12011,4882,0,0,0,5472,0,0,0,0
2025-01-14,port120,Barranquilla,6,0,47269,40328,46139,0,1130,0,0,40328,0,0,0,0
2025-01-15,port120,Barranquilla,3,1,36298,2276,35324,973,0,0,0,0,645,1631,0,0
2025-01-16,port120,Barranquilla,4,1,17166,0,8165,1096,0,7904,0,0,0,0,0,0
2025-01-17,port120,Barranquilla,4,0,4390,27505,4390,0,0,0,0,11010,0,0,16495,0
2025-01-18,port120,Barranquilla,2,0,0,33175,0,0,0,0,0,33175,0,0,0,0
2025-01-19,port120,Barranquilla,3,1,24727,3402,22019,0,0,2707,0,0,1972,0,1430,0
2025-01-20,port120,Barranquilla,2,0,3120,2763,0,0,0,3120,0,0,0,0,2763,0
2025-01-21,port120,Barranquilla,1,0,0,0,0,0,0,0,0,0,0,0,0,0
2025-01-22,port120,Barranquilla,4,1,30437,1591,0,973,0,29464,0,0,645,0,946,0
2025-01-23,port120,Barranquilla,3,1,0,42176,0,0,0,0,0,38515,2261,1399,0,0
2025-01-24,port120,Barranquilla,1,0,422,0,0,0,422,0,0,0,0,0,0,0
2025-01-25,port120,Barranquilla,4,1,47277,5832,41847,2722,0,2707,0,0,0,4401,1430,0
2025-01-26,port120,Barranquilla,2,0,40261,0,40261,0,0,0,0,0,0,0,0,0
2025-01-27,port120,Barranquilla,4,1,0,80863,0,0,0,0,0,79879,984,0,0,0
2025-01-28,port120,Barranquilla,1,0,1842,0,0,0,1842,0,0,0,0,0,0,0
2025-01-29,port120,Barranquilla,4,1,765,4913,0,765,0,0,0,0,0,4109,804,0
2025-01-30,port120,Barranquilla,2,0,0,2887,0,0,0,0,0,0,0,0,2887,0
2025-01-31,port120,Barranquilla,1,0,15424,0,15424,0,0,0,0,0,0,0,0,0
2025-02-01,port120,Barranquilla,2,1,44419,1644,44419,0,0,0,0,0,1644,0,0,0
2025-02-02,port120,Barranquilla,4,1,57740,1761,44311,973,0,12455,0,0,645,1116,0,0
2025-02-03,port120,Barranquilla,3,0,39559,5472,39559,0,0,0,0,5472,0,0,0,0
2025-02-04,port120,Barranquilla,0,0,0,0,0,0,0,0,0,0,0,0,0,0
2025-02-05,port120,Barranquilla,2,1,850,936,0,850,0,0,0,0,0,0,936,0
2025-02-06,port120,Barranquilla,3,1,31962,3350,30256,0,1705,0,0,0,1641,1709,0,0
2025-02-07,port120,Barranquilla,1,0,0,0,0,0,0,0,0,0,0,0,0,0
2025-02-08,port120,Barranquilla,1,0,27034,0,27034,0,0,0,0,0,0,0,0,0
2025-02-09,port120,Barranquilla,3,1,64660,645,50002,973,0,13684,0,0,645,0,0,0
2025-02-10,port120,Barranquilla,2,0,0,24941,0,0,0,0,0,24941,0,0,0,0
2025-02-11,port120,Barranquilla,2,0,36898,0,36898,0,0,0,0,0,0,0,0,0
2025-02-12,port120,Barranquilla,2,0,33063,25082,33063,0,0,0,0,0,0,0,25082,0
2025-02-13,port120,Barranquilla,3,1,33055,2001,33055,0,0,0,0,0,2001,0,0,0
2025-02-14,port120,Barranquilla,1,1,6839,0,0,6839,0,0,0,0,0,0,0,0
2025-02-15,port120,Barranquilla,3,2,1780,903,0,973,0,806,0,0,903,0,0,0
2025-02-16,port120,Barranquilla,0,0,0,0,0,0,0,0,0,0,0,0,0,0
2025-02-17,port120,Barranquilla,5,1,43846,5693,43189,656,0,0,0,0,0,2231,3461,0
2025-02-18,port120,Barranquilla,3,0,68905,0,68905,0,0,0,0,0,0,0,0,0
2025-02-19,port120,Barranquilla,2,0,5415,2861,0,0,0,5415,0,0,0,0,2861,0
2025-02-20,port120,Barranquilla,4,1,37976,38497,37464,511,0,0,0,38497,0,0,0,0
2025-02-21,port120,Barranquilla,2,1,5640,0,5261,379,0,0,0,0,0,0,0,0
2025-02-22,port120,Barranquilla,5,1,34133,30175,0,0,0,34133,0,28363,381,0,1430,0
2025-02-23,port120,Barranquilla,4,1,1578,12580,821,0,0,757,0,0,3535,9045,0,0
2025-02-24,port120,Barranquilla,2,0,2641,1709,0,0,2641,0,0,0,0,1709,0,0
2025-02-25,port120,Barranquilla,4,0,47491,5767,43744,0,3747,0,0,0,0,0,5767,0
2025-02-26,port120,Barranquilla,3,1,34350,4179,34350,0,0,0,0,0,388,3791,0,0
2025-02-27,port120,Barranquilla,1,1,1083,0,0,1083,0,0,0,0,0,0,0,0
2025-02-28,port120,Barranquilla,4,1,3201,2083,0,0,1705,1496,0,0,374,1709,0,0
2025-03-01,port120,Barranquilla,1,1,1881,0,0,1881,0,0,0,0,0,0,0,0
2025-03-02,port120,Barranquilla,2,0,40861,31912,40861,0,0,0,0,0,0,0,31912,0
2025-03-03,port120,Barranquilla,4,0,0,41722,0,0,0,0,0,40056,0,1665,0,0
2025-03-04,port120,Barranquilla,2,0,0,41688,0,0,0,0,0,39089,0,0,2599,0
2025-03-05,port120,Barranquilla,5,1,40265,4166,25600,508,1831,12324,0,0,0,0,4166,0
2025-03-06,port120,Barranquilla,2,1,1550,645,576,973,0,0,0,0,645,0,0,0
2025-03-07,port120,Barranquilla,3,1,15692,7548,12011,973,0,2707,0,5472,645,0,1430,0
2025-03-08,port120,Barranquilla,2,1,1632,2162,0,0,1632,0,0,0,2162,0,0,0
2025-03-09,port120,Barranquilla,1,1,0,2636,0,0,0,0,0,0,2636,0,0,0
2025-03-10,port120,Barranquilla,4,0,34214,8366,34214,0,0,0,0,0,0,8366,0,0
2025-03-11,port120,Barranquilla,0,0,0,0,0,0,0,0,0,0,0,0,0,0
2025-03-12,port120,Barranquilla,5,2,13396,8237,12011,1385,0,0,0,5472,1648,1116,0,0
2025-03-13,port120,Barranquilla,3,1,40056,1430,36579,769,0,2707,0,0,0,0,1430,0
2025-03-14,port120,Barranquilla,2,1,1120,6710,0,1120,0,0,0,6710,0,0,0,0
2025-03-15,port120,Barranquilla,2,1,1978,861,0,1385,592,0,0,0,861,0,0,0
2025-03-16,port120,Barranquilla,2,0,36433,0,36433,0,0,0,0,0,0,0,0,0
2025-03-17,port120,Barranquilla,3,1,10745,16233,8025,2720,0,0,0,0,0,0,16233,0
2025-03-18,port120,Barranquilla,1,0,0,164,0,0,0,0,0,0,0,164,0,0
2025-03-19,port120,Barranquilla,3,2,30478,1876,30478,0,0,0,0,0,1876,0,0,0
2025-03-20,port120,Barranquilla,4,1,44463,0,42016,2446,0,0,0,0,0,0,0,0
2025-03-21,port120,Barranquilla,3,1,15285,0,10438,4846,0,0,0,0,0,0,0,0
2025-03-22,port120,Barranquilla,3,0,0,15742,0,0,0,0,0,0,0,0,15742,0
2025-03-23,port120,Barranquilla,3,1,32673,1354,32673,0,0,0,0,0,1354,0,0,0
2025-03-24,port120,Barranquilla,4,0,38071,32369,37599,0,471,0,0,32234,0,135,0,0
2025-03-25,port120,Barranquilla,4,0,4657,6602,0,0,1705,2952,0,0,0,6602,0,0
2025-03-26,port120,Barranquilla,3,0,17737,5085,14382,0,0,3354,0,0,0,0,5085,0
2025-03-27,port120,Barranquilla,3,2,17905,0,14884,3020,0,0,0,0,0,0,0,0
2025-03-28,port120,Barranquilla,4,2,26177,0,0,4393,0,21784,0,0,0,0,0,0
2025-03-29,port120,Barranquilla,5,1,17682,4113,7436,0,10245,0,0,0,1966,0,2146,0
2025-03-30,port120,Barranquilla,1,0,0,4618,0,0,0,0,0,0,0,4618,0,0
2025-03-31,port120,Barranquilla,3,0,30489,0,30489,0,0,0,0,0,0,0,0,0
2025-04-01,port120,Barranquilla,1,0,0,0,0,0,0,0,0,0,0,0,0,0
2025-04-02,port120,Barranquilla,4,1,39217,3735,39217,0,0,0,0,0,2619,1116,0,0
2025-04-03,port120,Barranquilla,1,0,33566,0,33566,0,0,0,0,0,0,0,0,0
2025-04-04,port120,Barranquilla,5,1,20712,645,0,973,327,19411,0,0,645,0,0,0
2025-04-05,port120,Barranquilla,3,0,58514,46989,58514,0,0,0,0,46989,0,0,0,0
2025-04-06,port120,Barranquilla,1,1,0,540,0,0,0,0,0,0,540,0,0,0
2025-04-07,port120,Barranquilla,5,0,54576,0,54412,0,163,0,0,0,0,0,0,0
2025-04-08,port120,Barranquilla,3,1,698,8165,0,0,698,0,0,0,3794,4371,0,0
2025-04-09,port120,Barranquilla,3,1,3105,0,0,3105,0,0,0,0,0,0,0,0
2025-04-10,port120,Barranquilla,4,1,71130,4777,71130,0,0,0,0,0,1361,0,3415,0
2025-04-11,port120,Barranquilla,4,1,1508,266,0,1508,0,0,0,0,0,266,0,0
2025-04-12,port120,Barranquilla,1,0,7524,0,7524,0,0,0,0,0,0,0,0,0
2025-04-13,port120,Barranquilla,2,0,537,3751,0,0,0,537,0,0,0,0,3751,0
2025-04-14,port120,Barranquilla,1,0,12011,5472,12011,0,0,0,0,5472,0,0,0,0
2025-04-15,port120,Barranquilla,0,0,0,0,0,0,0,0,0,0,0,0,0,0
2025-04-16,port120,Barranquilla,5,1,36710,14424,36334,376,0,0,0,14424,0,0,0,0
2025-04-17,port120,Barranquilla,3,1,12547,33822,12011,536,0,0,0,33822,0,0,0,0
2025-04-18,port120,Barranquilla,3,1,5649,0,0,5235,413,0,0,0,0,0,0,0
2025-04-19,port120,Barranquilla,0,0,0,0,0,0,0,0,0,0,0,0,0,0
2025-04-20,port120,Barranquilla,7,1,52006,2001,50396,0,0,1610,0,0,2001,0,0,0
2025-04-21,port120,Barranquilla,2,0,15522,5472,12011,0,0,3511,0,5472,0,0,0,0
2025-04-22,port120,Barranquilla,4,0,12159,38470,10453,0,1705,0,0,29425,0,9045,0,0
2025-04-23,port120,Barranquilla,2,1,26825,0,24499,2325,0,0,0,0,0,0,0,0
2025-04-24,port120,Barranquilla,2,0,46027,0,46027,0,0,0,0,0,0,0,0,0
2025-04-25,port120,Barranquilla,4,0,504,10945,0,0,504,0,0,0,0,8066,2878,0
2025-04-26,port120,Barranquilla,6,2,44581,2180,38411,6005,164,0,0,0,2180,0,0,0
2025-04-27,port120,Barranquilla,4,1,7786,11646,3591,4195,0,0,0,11646,0,0,0,0
2025-04-28,port120,Barranquilla,3,1,13876,6921,12011,1865,0,0,0,5472,0,0,1449,0
2025-04-29,port120,Barranquilla,3,0,44877,0,40425,0,4451,0,0,0,0,0,0,0
2025-04-30,port120,Barranquilla,3,1,5317,743,0,0,0,5317,0,0,743,0,0,0
2025-05-01,port120,Barranquilla,5,2,6530,1152,4841,973,0,715,0,0,1152,0,0,0
2025-05-02,port120,Barranquilla,4,1,80200,36036,38093,1496,0,40610,0,36036,0,0,0,0
2025-05-03,port120,Barranquilla,1,0,34237,0,34237,0,0,0,0,0,0,0,0,0
2025-05-04,port120,Barranquilla,2,1,378,2440,0,0,378,0,0,0,2440,0,0,0
2025-05-05,port120,Barranquilla,2,0,0,28328,0,0,0,0,0,24866,0,0,3461,0
2025-05-06,port120,Barranquilla,2,1,973,8293,0,973,0,0,0,0,645,7648,0,0
2025-05-07,port120,Barranquilla,5,2,75418,5034,41736,1947,0,31734,0,0,1290,3744,0,0
2025-05-08,port120,Barranquilla,5,0,73418,5472,33007,0,1842,38567,0,5472,0,0,0,0
2025-05-09,port120,Barranquilla,2,1,12386,5472,12011,375,0,0,0,5472,0,0,0,0
2025-05-10,port120,Barranquilla,5,1,39806,44586,38833,973,0,0,0,40525,645,0,3415,0
2025-05-11,port120,Barranquilla,1,0,0,38554,0,0,0,0,0,38554,0,0,0,0
2025-05-12,port120,Barranquilla,1,0,3562,0,3562,0,0,0,0,0,0,0,0,0
2025-05-13,port120,Barranquilla,2,1,973,6664,0,973,0,0,0,0,645,6018,0,0
2025-05-14,port120,Barranquilla,1,1,1114,0,0,1114,0,0,0,0,0,0,0,0
2025-05-15,port120,Barranquilla,1,0,37118,0,37118,0,0,0,0,0,0,0,0,0
2025-05-16,port120,Barranquilla,5,2,4394,19889,0,4394,0,0,0,0,0,3156,16733,0
2025-05-17,port120,Barranquilla,1,0,0,0,0,0,0,0,0,0,0,0,0,0
2025-05-18,port120,Barranquilla,0,0,0,0,0,0,0,0,0,0,0,0,0,0
2025-05-19,port120,Barranquilla,2,0,477,16167,0,0,477,0,0,0,0,0,16167,0
2025-05-20,port120,Barranquilla,5,1,28234,29363,26454,973,0,806,0,28718,645,0,0,0
2025-05-21,port120,Barranquilla,3,0,19434,0,18145,0,1288,0,0,0,0,0,0,0
2025-05-22,port120,Barranquilla,2,1,12706,1171,12706,0,0,0,0,0,1171,0,0,0
2025-05-23,port120,Barranquilla,3,2,7262,0,0,7262,0,0,0,0,0,0,0,0
2025-05-24,port120,Barranquilla,2,0,12011,7784,12011,0,0,0,0,5472,0,0,2311,0
2025-05-25,port120,Barranquilla,1,0,35295,0,35295,0,0,0,0,0,0,0,0,0
2025-05-26,port120,Barranquilla,3,0,1869,1709,0,0,1869,0,0,0,0,1709,0,0
2025-05-27,port120,Barranquilla,4,2,36175,1738,35201,973,0,0,0,0,1738,0,0,0
2025-05-28,port120,Barranquilla,5,2,85605,6784,83658,1947,0,0,0,0,1290,0,5494,0
2025-05-29,port120,Barranquilla,0,0,0,0,0,0,0,0,0,0,0,0,0,0
2025-05-30,port120,Barranquilla,3,1,14919,0,0,5633,0,9286,0,0,0,0,0,0
2025-05-31,port120,Barranquilla,0,0,0,0,0,0,0,0,0,0,0,0,0,0
2025-06-01,port120,Barranquilla,3,1,12139,250,0,0,322,11816,0,0,250,0,0,0
2025-06-02,port120,Barranquilla,2,0,34751,0,34751,0,0,0,0,0,0,0,0,0
2025-06-03,port120,Barranquilla,5,1,31720,6858,25385,364,5970,0,0,0,0,6858,0,0
2025-06-04,port120,Barranquilla,2,1,2489,2718,0,0,0,2489,0,0,2718,0,0,0
2025-06-05,port120,Barranquilla,4,0,38111,1709,0,0,1705,36405,0,0,0,1709,0,0
2025-06-06,port120,Barranquilla,4,1,25716,39901,13241,4509,7965,0,0,39901,0,0,0,0
2025-06-07,port120,Barranquilla,1,0,8589,0,0,0,8589,0,0,0,0,0,0,0
2025-06-08,port120,Barranquilla,1,1,0,818,0,0,0,0,0,0,818,0,0,0
2025-06-09,port120,Barranquilla,2,0,471,0,0,0,471,0,0,0,0,0,0,0
2025-06-10,port120,Barranquilla,3,2,2223,1100,0,2223,0,0,0,0,1100,0,0,0
2025-06-11,port120,Barranquilla,5,1,23527,33942,22027,1499,0,0,0,21682,0,8510,3749,0
2025-06-12,port120,Barranquilla,2,0,1705,1709,0,0,1705,0,0,0,0,1709,0,0
2025-06-13,port120,Barranquilla,5,1,60055,0,42329,4111,0,13614,0,0,0,0,0,0
2025-06-14,port120,Barranquilla,1,0,0,2848,0,0,0,0,0,0,0,0,2848,0
2025-06-15,port120,Barranquilla,4,1,31014,37725,31014,0,0,0,0,36414,1311,0,0,0
2025-06-16,port120,Barranquilla,2,1,0,8760,0,0,0,0,0,4800,3959,0,0,0
2025-06-17,port120,Barranquilla,2,1,973,40091,0,973,0,0,0,39446,645,0,0,0
2025-06-18,port120,Barranquilla,2,1,0,6005,0,0,0,0,0,0,774,0,5231,0
2025-06-19,port120,Barranquilla,3,1,45274,645,44300,973,0,0,0,0,645,0,0,0
2025-06-20,port120,Barranquilla,4,1,127424,0,126296,1128,0,0,0,0,0,0,0,0
2025-06-21,port120,Barranquilla,3,0,11251,1623,0,0,0,11251,0,0,0,1623,0,0
2025-06-22,port120,Barranquilla,3,0,0,10430,0,0,0,0,0,0,0,2946,7483,0
2025-06-23,port120,Barranquilla,1,0,19232,0,0,0,0,19232,0,0,0,0,0,0
2025-06-24,port120,Barranquilla,4,2,2071,6533,0,365,1705,0,0,0,502,1709,4322,0
2025-06-25,port120,Barranquilla,5,1,73871,0,64605,1493,0,7771,0,0,0,0,0,0
2025-06-26,port120,Barranquilla,0,0,0,0,0,0,0,0,0,0,0,0,0,0
2025-06-27,port120,Barranquilla,4,1,4322,44127,0,2616,1705,0,0,42418,0,1709,0,0
2025-06-28,port120,Barranquilla,2,0,59349,0,39750,0,0,19598,0,0,0,0,0,0
2025-06-29,port120,Barranquilla,3,0,0,1153,0,0,0,0,0,1153,0,0,0,0
2025-06-30,port120,Barranquilla,1,1,1495,0,0,1495,0,0,0,0,0,0,0,0
2025-07-01,port120,Barranquilla,1,1,727,0,0,727,0,0,0,0,0,0,0,0
2025-07-02,port120,Barranquilla,3,1,0,35422,0,0,0,0,0,28629,4313,2479,0,0
2025-07-03,port120,Barranquilla,3,0,0,69927,0,0,0,0,0,69927,0,0,0,0
2025-07-04,port120,Barranquilla,3,2,3409,0,0,1675,1734,0,0,0,0,0,0,0
2025-07-05,port120,Barranquilla,5,0,22194,534,19859,0,1578,756,0,0,0,0,534,0
2025-07-06,port120,Barranquilla,2,0,28766,1430,26059,0,0,2707,0,0,0,0,1430,0
2025-07-07,port120,Barranquilla,1,0,27102,0,27102,0,0,0,0,0,0,0,0,0
2025-07-08,port120,Barranquilla,3,2,973,31038,0,973,0,0,0,29668,1369,0,0,0
2025-07-09,port120,Barranquilla,3,1,35869,4047,35869,0,0,0,0,0,1855,0,2191,0
2025-07-10,port120,Barranquilla,3,1,256,33045,0,256,0,0,0,28306,0,4739,0,0
2025-07-11,port120,Barranquilla,4,1,93711,0,86232,7478,0,0,0,0,0,0,0,0
2025-07-12,port120,Barranquilla,2,0,1705,1709,0,0,1705,0,0,0,0,1709,0,0
2025-07-13,port120,Barranquilla,2,0,13240,1051,11364,0,0,1875,0,0,0,0,1051,0
2025-07-14,port120,Barranquilla,2,1,501,12048,0,501,0,0,0,0,0,0,12048,0
2025-07-15,port120,Barranquilla,6,2,25920,11275,22267,1947,1705,0,0,0,1290,6523,3461,0
2025-07-16,port120,Barranquilla,4,1,8552,0,7352,1056,143,0,0,0,0,0,0,0
2025-07-17,port120,Barranquilla,0,0,0,0,0,0,0,0,0,0,0,0,0,0
2025-07-18,port120,Barranquilla,4,1,48163,0,41511,4504,0,2147,0,0,0,0,0,0
2025-07-19,port120,Barranquilla,1,0,0,30938,0,0,0,0,0,0,0,0,30938,0
2025-07-20,port120,Barranquilla,2,0,18052,3415,18052,0,0,0,0,0,0,0,3415,0
2025-07-21,port120,Barranquilla,2,1,0,1451,0,0,0,0,0,0,1451,0,0,0
2025-07-22,port120,Barranquilla,0,0,0,0,0,0,0,0,0,0,0,0,0,0
2025-07-23,port120,Barranquilla,6,2,42904,251,38766,1114,424,2598,0,0,251,0,0,0
2025-07-24,port120,Barranquilla,5,0,96295,5472,96295,0,0,0,0,5472,0,0,0,0
2025-07-25,port120,Barranquilla,3,1,16510,9739,12011,4498,0,0,0,5472,0,4266,0,0
2025-07-26,port120,Barranquilla,2,1,0,4595,0,0,0,0,0,0,4057,0,537,0
2025-07-27,port120,Barranquilla,1,0,17190,0,0,0,0,17190,0,0,0,0,0,0
2025-07-28,port120,Barranquilla,5,2,249,22366,0,249,0,0,0,19580,1092,1693,0,0
2025-07-29,port120,Barranquilla,5,0,59494,5629,59494,0,0,0,0,5472,0,156,0,0
2025-07-30,port120,Barranquilla,6,1,72011,24727,68122,388,3500,0,0,24727,0,0,0,0
2025-07-31,port120,Barranquilla,3,1,0,29834,0,0,0,0,0,25888,771,0,3174,0
2025-08-01,port120,Barranquilla,3,1,5415,3615,0,0,0,5415,0,0,754,0,2861,0
2025-08-02,port120,Barranquilla,2,0,1705,1709,0,0,1705,0,0,0,0,1709,0,0
2025-08-03,port120,Barranquilla,3,0,10169,5101,10169,0,0,0,0,0,0,5101,0,0
2025-08-04,port120,Barranquilla,3,0,27318,7721,26654,0,0,663,0,0,0,0,7721,0
2025-08-05,port120,Barranquilla,5,2,38242,0,36896,1346,0,0,0,0,0,0,0,0
2025-08-06,port120,Barranquilla,3,1,53227,744,53227,0,0,0,0,0,744,0,0,0
2025-08-07,port120,Barranquilla,3,1,0,5145,0,0,0,0,0,0,1357,3787,0,0
2025-08-08,port120,Barranquilla,2,1,41512,0,38495,3016,0,0,0,0,0,0,0,0
2025-08-09,port120,Barranquilla,2,0,0,51819,0,0,0,0,0,51819,0,0,0,0
2025-08-10,port120,Barranquilla,1,0,0,30796,0,0,0,0,0,30796,0,0,0,0
2025-08-11,port120,Barranquilla,4,1,46731,325,46481,250,0,0,0,0,0,325,0,0
2025-08-12,port120,Barranquilla,1,0,2707,1430,0,0,0,2707,0,0,0,0,1430,0
2025-08-13,port120,Barranquilla,1,1,0,1939,0,0,0,0,0,0,1939,0,0,0
2025-08-14,port120,Barranquilla,3,2,0,4924,0,0,0,0,0,0,1721,3202,0,0
2025-08-15,port120,Barranquilla,6,2,16405,1709,0,6334,1705,8365,0,0,0,1709,0,0
2025-08-16,port120,Barranquilla,2,0,2136,0,0,0,2136,0,0,0,0,0,0,0
2025-08-17,port120,Barranquilla,2,0,11737,0,0,0,0,11737,0,0,0,0,0,0
2025-08-18,port120,Barranquilla,3,0,7737,3174,7737,0,0,0,0,0,0,0,3174,0
2025-08-19,port120,Barranquilla,5,1,13036,2593,10224,0,2085,726,0,0,362,2231,0,0
2025-08-20,port120,Barranquilla,4,2,37275,645,35799,1475,0,0,0,0,645,0,0,0
2025-08-21,port120,Barranquilla,5,1,54423,2709,34793,506,0,19123,0,1449,0,1260,0,0
2025-08-22,port120,Barranquilla,2,2,4887,11097,0,4887,0,0,0,0,11097,0,0,0
2025-08-23,port120,Barranquilla,0,0,0,0,0,0,0,0,0,0,0,0,0,0
2025-08-24,port120,Barranquilla,3,1,31320,28344,31320,0,0,0,0,27255,1088,0,0,0
2025-08-25,port120,Barranquilla,5,1,80857,5745,76200,0,4656,0,0,0,250,0,5494,0
2025-08-26,port120,Barranquilla,2,1,0,36375,0,0,0,0,0,36375,0,0,0,0
2025-08-27,port120,Barranquilla,2,1,0,2106,0,0,0,0,0,0,1160,0,946,0
2025-08-28,port120,Barranquilla,6,1,111822,0,110161,1086,0,574,0,0,0,0,0,0
2025-08-29,port120,Barranquilla,2,1,14441,0,0,374,0,14066,0,0,0,0,0,0
2025-08-30,port120,Barranquilla,1,0,0,2584,0,0,0,0,0,0,0,2584,0,0
2025-08-31,port120,Barranquilla,1,0,0,5954,0,0,0,0,0,0,0,5954,0,0
2025-09-01,port120,Barranquilla,2,0,2707,23852,0,0,0,2707,0,22421,0,0,1430,0
2025-09-02,port120,Barranquilla,7,2,71128,3882,71128,0,0,0,0,0,3749,133,0,0
2025-09-03,port120,Barranquilla,3,0,0,31196,0,0,0,0,0,27552,0,469,3174,0
2025-09-04,port120,Barranquilla,4,2,15681,14085,13166,2515,0,0,0,14085,0,0,0,0
2025-09-05,port120,Barranquilla,1,1,749,0,0,749,0,0,0,0,0,0,0,0
2025-09-06,port120,Barranquilla,0,0,0,0,0,0,0,0,0,0,0,0,0,0
2025-09-07,port120,Barranquilla,3,1,85082,539,85082,0,0,0,0,0,539,0,0,0
2025-09-08,port120,Barranquilla,3,1,0,12324,0,0,0,0,0,0,1503,0,10821,0
2025-09-09,port120,Barranquilla,2,1,0,5968,0,0,0,0,0,0,3323,2644,0,0
2025-09-10,port120,Barranquilla,4,1,23512,5744,20804,0,0,2707,0,0,4313,0,1430,0
2025-09-11,port120,Barranquilla,3,1,6649,0,0,1521,5127,0,0,0,0,0,0,0
2025-09-12,port120,Barranquilla,3,1,1496,483,0,1496,0,0,0,483,0,0,0,0
2025-09-13,port120,Barranquilla,2,1,7927,1430,0,5219,0,2707,0,0,0,0,1430,0
2025-09-14,port120,Barranquilla,2,1,0,251,0,0,0,0,0,0,251,0,0,0
2025-09-15,port120,Barranquilla,7,0,78245,50955,78217,0,0,28,0,49855,0,1100,0,0
2025-09-16,port120,Barranquilla,1,1,3323,0,0,3323,0,0,0,0,0,0,0,0
2025-09-17,port120,Barranquilla,3,1,8674,1430,0,1493,4472,2707,0,0,0,0,1430,0
2025-09-18,port120,Barranquilla,4,1,2888,555,2888,0,0,0,0,0,270,0,284,0
2025-09-19,port120,Barranquilla,2,1,3721,0,0,3721,0,0,0,0,0,0,0,0
2025-09-20,port120,Barranquilla,4,0,39553,11494,4586,0,3883,31083,0,0,0,0,11494,0
2025-09-21,port120,Barranquilla,3,0,30687,0,30687,0,0,0,0,0,0,0,0,0
2025-09-22,port120,Barranquilla,5,3,922,5193,0,922,0,0,0,0,2019,0,3174,0
2025-09-23,port120,Barranquilla,3,2,39090,645,38116,973,0,0,0,0,645,0,0,0
2025-09-24,port120,Barranquilla,2,0,69186,0,32694,0,0,36492,0,0,0,0,0,0
2025-09-25,port120,Barranquilla,2,0,48861,0,48861,0,0,0,0,0,0,0,0,0
2025-09-26,port120,Barranquilla,3,1,1812,0,0,1128,0,684,0,0,0,0,0,0
2025-09-27,port120,Barranquilla,1,0,0,0,0,0,0,0,0,0,0,0,0,0
2025-09-28,port120,Barranquilla,2,0,33819,3218,33819,0,0,0,0,0,0,0,3218,0
2025-09-29,port120,Barranquilla,3,2,10642,753,0,6355,4287,0,0,0,753,0,0,0
2025-09-30,port120,Barranquilla,4,1,10637,12067,10276,360,0,0,0,0,0,0,12067,0
2025-10-01,port120,Barranquilla,2,1,13826,0,11955,1871,0,0,0,0,0,0,0,0
2025-10-02,port120,Barranquilla,3,1,973,13100,0,973,0,0,0,8253,645,4201,0,0
2025-10-03,port120,Barranquilla,5,1,27485,10194,27485,0,0,0,0,0,371,5978,3843,0
2025-10-04,port120,Barranquilla,4,0,6809,6187,0,0,4101,2707,0,0,0,4756,1430,0
2025-10-05,port120,Barranquilla,2,1,0,1628,0,0,0,0,0,0,1628,0,0,0
2025-10-06,port120,Barranquilla,2,1,0,41289,0,0,0,0,0,41038,250,0,0,0
2025-10-07,port120,Barranquilla,2,1,4768,389,0,4768,0,0,0,0,0,0,389,0
2025-10-08,port120,Barranquilla,4,1,18099,3668,16552,973,0,573,0,0,645,0,3023,0
2025-10-09,port120,Barranquilla,4,1,52633,0,50096,508,2029,0,0,0,0,0,0,0
2025-10-10,port120,Barranquilla,2,1,0,2211,0,0,0,0,0,0,749,1461,0,0
2025-10-11,port120,Barranquilla,3,0,30393,38411,30393,0,0,0,0,36180,0,2231,0,0
2025-10-12,port120,Barranquilla,4,1,5565,1168,0,973,4591,0,0,0,645,523,0,0
2025-10-13,port120,Barranquilla,1,0,0,3461,0,0,0,0,0,0,0,0,3461,0
2025-10-14,port120,Barranquilla,3,1,5191,2246,0,0,0,5191,0,0,2246,0,0,0
2025-10-15,port120,Barranquilla,3,1,35634,938,34885,749,0,0,0,0,0,938,0,0
2025-10-16,port120,Barranquilla,4,1,40132,0,36348,1900,1103,780,0,0,0,0,0,0
2025-10-17,port120,Barranquilla,2,1,3360,0,0,3360,0,0,0,0,0,0,0,0
2025-10-18,port120,Barranquilla,3,0,81853,12995,81853,0,0,0,0,0,0,0,12995,0
2025-10-19,port120,Barranquilla,5,2,2207,17468,0,502,1705,0,0,0,3255,14212,0,0
2025-10-20,port120,Barranquilla,0,0,0,0,0,0,0,0,0,0,0,0,0,0
2025-10-21,port120,Barranquilla,2,1,2158,26091,0,2158,0,0,0,26091,0,0,0,0
2025-10-22,port120,Barranquilla,3,2,8160,3320,7388,771,0,0,0,0,3320,0,0,0
2025-10-23,port120,Barranquilla,3,1,0,987,0,0,0,0,0,0,987,0,0,0
2025-10-24,port120,Barranquilla,4,1,39967,0,35460,2259,0,2247,0,0,0,0,0,0
2025-10-25,port120,Barranquilla,3,0,38434,2122,38434,0,0,0,0,0,0,2122,0,0
2025-10-26,port120,Barranquilla,3,0,10354,6266,0,0,1705,8648,0,0,0,6266,0,0
2025-10-27,port120,Barranquilla,5,1,68793,37809,68793,0,0,0,0,36806,1003,0,0,0
2025-10-28,port120,Barranquilla,4,2,48274,2181,41919,6355,0,0,0,0,2181,0,0,0
2025-10-29,port120,Barranquilla,5,1,40172,0,37421,1860,0,889,0,0,0,0,0,0
2025-10-30,port120,Barranquilla,3,1,3731,0,0,1787,52,1890,0,0,0,0,0,0
2025-10-31,port120,Barranquilla,2,1,2244,3461,0,2244,0,0,0,0,0,0,3461,0
2025-11-01,port120,Barranquilla,2,0,75957,0,75957,0,0,0,0,0,0,0,0,0
2025-11-02,port120,Barranquilla,4,2,269,35212,0,269,0,0,0,30782,1253,0,3176,0
2025-11-03,port120,Barranquilla,4,0,37336,12731,31917,0,5418,0,0,0,0,12731,0,0
2025-11-04,port120,Barranquilla,3,1,12054,1456,0,0,559,11494,0,0,1456,0,0,0
2025-11-05,port120,Barranquilla,3,1,2328,1483,0,2328,0,0,0,0,0,1483,0,0
2025-11-06,port120,Barranquilla,1,0,0,31892,0,0,0,0,0,31892,0,0,0,0
2025-11-07,port120,Barranquilla,2,1,11112,0,10358,754,0,0,0,0,0,0,0,0
2025-11-08,port120,Barranquilla,1,0,40537,0,40537,0,0,0,0,0,0,0,0,0
2025-11-09,port120,Barranquilla,0,0,0,0,0,0,0,0,0,0,0,0,0,0
2025-11-10,port120,Barranquilla,5,1,0,6823,0,0,0,0,0,5353,502,967,0,0
2025-11-11,port120,Barranquilla,5,1,42243,0,41213,724,0,306,0,0,0,0,0,0
2025-11-12,port120,Barranquilla,2,1,3081,1430,0,373,0,2707,0,0,0,0,1430,0
2025-11-13,port120,Barranquilla,1,1,1368,0,0,1368,0,0,0,0,0,0,0,0
2025-11-14,port120,Barranquilla,3,1,1502,1698,0,1502,0,0,0,0,0,0,1698,0
2025-11-15,port120,Barranquilla,4,0,50519,0,31411,0,2697,16410,0,0,0,0,0,0
2025-11-16,port120,Barranquilla,5,1,65394,748,27398,0,0,37995,0,0,748,0,0,0
2025-11-17,port120,Barranquilla,5,1,40642,1709,37941,361,2339,0,0,0,0,1709,0,0
2025-11-18,port120,Barranquilla,3,1,37884,2136,33602,0,0,4281,0,0,2136,0,0,0
2025-11-19,port120,Barranquilla,5,1,43572,4846,36972,3892,0,2707,0,0,0,0,4846,0
2025-11-20,port120,Barranquilla,3,1,3046,9236,0,3046,0,0,0,0,0,7185,2051,0
2025-11-21,port120,Barranquilla,1,0,26643,0,0,0,0,26643,0,0,0,0,0,0
2025-11-22,port120,Barranquilla,1,0,5794,0,0,0,0,5794,0,0,0,0,0,0
2025-11-23,port120,Barranquilla,8,3,39260,37757,29402,9325,532,0,0,30627,1253,5876,0,0
2025-11-24,port120,Barranquilla,2,0,6756,25090,0,0,0,6756,0,0,0,0,25090,0
2025-11-25,port120,Barranquilla,2,2,2165,538,0,2165,0,0,0,0,538,0,0,0
2025-11-26,port120,Barranquilla,1,0,10769,0,0,0,10769,0,0,0,0,0,0,0
2025-11-27,port120,Barranquilla,3,1,0,21277,0,0,0,0,0,8115,1125,0,12036,0
2025-11-28,port120,Barranquilla,3,0,27637,25028,18138,0,0,9498,0,25028,0,0,0,0
2025-11-29,port120,Barranquilla,1,0,0,0,0,0,0,0,0,0,0,0,0,0
2025-11-30,port120,Barranquilla,3,1,58795,0,54763,4032,0,0,0,0,0,0,0,0
2025-12-01,port120,Barranquilla,2,1,39331,1752,39331,0,0,0,0,0,1752,0,0,0
2025-12-02,port120,Barranquilla,4,2,0,77834,0,0,0,0,0,41043,5912,0,30879,0
2025-12-03,port120,Barranquilla,4,1,32344,43302,29629,2715,0,0,0,39087,0,4214,0,0
2025-12-04,port120,Barranquilla,1,1,3002,0,0,3002,0,0,0,0,0,0,0,0
2025-12-05,port120,Barranquilla,1,0,38641,0,38641,0,0,0,0,0,0,0,0,0
2025-12-06,port120,Barranquilla,1,0,0,0,0,0,0,0,0,0,0,0,0,0
2025-12-07,port120,Barranquilla,2,1,1705,3461,0,0,1705,0,0,0,1752,1709,0,0
2025-12-08,port120,Barranquilla,4,1,27805,3694,22704,5101,0,0,0,0,0,3694,0,0
2025-12-09,port120,Barranquilla,3,2,3283,37662,0,3283,0,0,0,36579,1083,0,0,0
2025-12-10,port120,Barranquilla,2,1,1114,1350,0,1114,0,0,0,0,0,0,1350,0
2025-12-11,port120,Barranquilla,4,1,65977,1729,62164,3813,0,0,0,0,0,0,1729,0
2025-12-12,port120,Barranquilla,0,0,0,0,0,0,0,0,0,0,0,0,0,0
2025-12-13,port120,Barranquilla,0,0,0,0,0,0,0,0,0,0,0,0,0,0
2025-12-14,port120,Barranquilla,2,1,34624,0,33878,746,0,0,0,0,0,0,0,0
2025-12-15,port120,Barranquilla,1,1,4026,0,0,4026,0,0,0,0,0,0,0,0
2025-12-16,port120,Barranquilla,4,3,1456,6042,0,1456,0,0,0,0,6042,0,0,0
2025-12-17,port120,Barranquilla,3,1,46455,0,45682,772,0,0,0,0,0,0,0,0
2025-12-18,port120,Barranquilla,0,0,0,0,0,0,0,0,0,0,0,0,0,0
2025-12-19,port120,Barranquilla,3,0,65261,0,62533,0,0,2727,0,0,0,0,0,0
2025-12-20,port120,Barranquilla,2,0,0,5406,0,0,0,0,0,0,0,2231,3174,0
2025-12-21,port120,Barranquilla,3,1,32014,40012,32014,0,0,0,0,39013,998,0,0,0
2025-12-22,port120,Barranquilla,3,1,5500,462,0,5500,0,0,0,0,0,462,0,0
2025-12-23,port120,Barranquilla,4,2,34163,5728,31094,360,0,2707,0,0,4297,0,1430,0
2025-12-24,port120,Barranquilla,3,1,71422,0,71051,371,0,0,0,0,0,0,0,0
2025-12-25,port120,Barranquilla,3,2,1901,0,0,1901,0,0,0,0,0,0,0,0
2025-12-26,port120,Barranquilla,3,0,6882,36844,0,0,6882,0,0,32806,0,0,4038,0
2025-12-27,port120,Barranquilla,0,0,0,0,0,0,0,0,0,0,0,0,0,0
2025-12-28,port120,Barranquilla,2,1,1138,250,0,0,0,1138,0,0,250,0,0,0
2025-12-29,port120,Barranquilla,3,1,30330,3664,30330,0,0,0,0,0,3664,0,0,0
2025-12-30,port120,Barranquilla,5,1,54985,2455,39287,4563,4520,6614,0,0,0,2455,0,0
2025-12-31,port120,Barranquilla,3,2,37684,369,36905,778,0,0,0,0,369,0,0,0
2026-01-01,port120,Barranquilla,2,1,0,3708,0,0,0,0,0,0,1476,2231,0,0
2026-01-02,port120,Barranquilla,3,1,6847,0,4565,2282,0,0,0,0,0,0,0,0
2026-01-03,port120,Barranquilla,4,1,2647,746,2647,0,0,0,0,0,746,0,0,0
2026-01-04,port120,Barranquilla,3,0,29291,4557,27585,0,1705,0,0,0,0,1709,2848,0
2026-01-05,port120,Barranquilla,2,0,33379,0,33108,0,0,271,0,0,0,0,0,0
2026-01-06,port120,Barranquilla,3,1,11487,5178,0,0,1705,9781,0,0,3469,1709,0,0
2026-01-07,port120,Barranquilla,4,1,45012,2599,44642,369,0,0,0,0,0,0,2599,0
2026-01-08,port120,Barranquilla,2,1,973,1723,0,973,0,0,0,0,645,1078,0,0
2026-01-09,port120,Barranquilla,3,0,1842,71320,0,0,1842,0,0,71320,0,0,0,0
2026-01-10,port120,Barranquilla,2,0,5911,42044,0,0,0,5911,0,42044,0,0,0,0
2026-01-11,port120,Barranquilla,5,2,42971,4557,37895,5075,0,0,0,0,0,4557,0,0
2026-01-12,port120,Barranquilla,1,1,3725,0,0,3725,0,0,0,0,0,0,0,0
2026-01-13,port120,Barranquilla,2,0,26499,0,26499,0,0,0,0,0,0,0,0,0
2026-01-14,port120,Barranquilla,4,2,13932,2430,13147,784,0,0,0,0,0,2430,0,0
2026-01-15,port120,Barranquilla,2,0,61999,0,61999,0,0,0,0,0,0,0,0,0
2026-01-16,port120,Barranquilla,2,0,0,19343,0,0,0,0,0,19343,0,0,0,0
2026-01-17,port120,Barranquilla,1,0,0,3730,0,0,0,0,0,0,0,3730,0,0
2026-01-18,port120,Barranquilla,2,1,1828,1497,1828,0,0,0,0,0,1497,0,0,0
2026-01-19,port120,Barranquilla,2,0,0,28629,0,0,0,0,0,28629,0,0,0,0
2026-01-20,port120,Barranquilla,6,1,12362,7967,10656,0,1705,0,0,0,2161,1709,4097,0
2026-01-21,port120,Barranquilla,2,1,375,0,0,375,0,0,0,0,0,0,0,0
2026-01-22,port120,Barranquilla,3,1,1616,0,0,378,0,1237,0,0,0,0,0,0
2026-01-23,port120,Barranquilla,3,0,10984,3464,10984,0,0,0,0,0,0,0,3464,0
2026-01-24,port120,Barranquilla,5,1,46094,2001,37870,0,4853,3370,0,0,2001,0,0,0
2026-01-25,port120,Barranquilla,2,0,2338,4877,0,0,0,2338,0,0,0,0,4877,0
2026-01-26,port120,Barranquilla,3,0,8880,3461,6959,0,0,1921,0,0,0,0,3461,0
2026-01-27,port120,Barranquilla,1,0,0,27314,0,0,0,0,0,27314,0,0,0,0
2026-01-28,port120,Barranquilla,2,1,19437,0,0,2335,0,17101,0,0,0,0,0,0
2026-01-29,port120,Barranquilla,0,0,0,0,0,0,0,0,0,0,0,0,0,0
2026-01-30,port120,Barranquilla,4,1,62511,4060,61538,973,0,0,0,0,645,0,3415,0
2026-01-31,port120,Barranquilla,3,1,259,14257,0,0,259,0,0,0,2250,0,12006,0
2026-02-01,port120,Barranquilla,2,0,0,0,0,0,0,0,0,0,0,0,0,0
2026-02-02,port120,Barranquilla,0,0,0,0,0,0,0,0,0,0,0,0,0,0
2026-02-03,port120,Barranquilla,0,0,0,0,0,0,0,0,0,0,0,0,0,0
2026-02-04,port120,Barranquilla,5,2,973,10948,0,973,0,0,0,0,2243,0,8704,0
2026-02-05,port120,Barranquilla,2,0,6369,1709,0,0,1705,4663,0,0,0,1709,0,0
2026-02-06,port120,Barranquilla,4,1,69217,0,67387,1830,0,0,0,0,0,0,0,0
2026-02-07,port120,Barranquilla,3,1,35826,645,34853,973,0,0,0,0,645,0,0,0
2026-02-08,port120,Barranquilla,1,0,0,0,0,0,0,0,0,0,0,0,0,0
2026-02-09,port120,Barranquilla,3,2,3547,24019,0,3547,0,0,0,0,861,0,23157,0
2026-02-10,port120,Barranquilla,3,0,18648,14797,18648,0,0,0,0,4517,0,0,10280,0
2026-02-11,port120,Barranquilla,2,1,0,26571,0,0,0,0,0,26181,390,0,0,0
2026-02-12,port120,Barranquilla,4,0,55478,7447,53772,0,1705,0,0,5737,0,1709,0,0
2026-02-13,port120,Barranquilla,3,1,5732,821,4809,922,0,0,0,0,821,0,0,0
2026-02-14,port120,Barranquilla,5,2,5299,32761,0,369,1705,3224,0,29801,1250,1709,0,0
2026-02-15,port120,Barranquilla,3,0,421,7394,0,0,421,0,0,0,0,7111,283,0
2026-02-16,port120,Barranquilla,2,0,34622,25416,34622,0,0,0,0,25416,0,0,0,0
2026-02-17,port120,Barranquilla,5,0,31192,44373,31192,0,0,0,0,35191,0,2231,6950,0
2026-02-18,port120,Barranquilla,2,1,1491,5149,0,1491,0,0,0,0,0,5149,0,0
2026-02-19,port120,Barranquilla,2,1,0,1512,0,0,0,0,0,0,1512,0,0,0
2026-02-20,port120,Barranquilla,1,0,0,30494,0,0,0,0,0,30494,0,0,0,0
2026-02-21,port120,Barranquilla,2,1,973,645,0,973,0,0,0,0,645,0,0,0
2026-02-22,port120,Barranquilla,6,0,54811,30696,33641,0,18461,2707,0,29265,0,0,1430,0
2026-02-23,port120,Barranquilla,1,0,0,0,0,0,0,0,0,0,0,0,0,0
2026-02-24,port120,Barranquilla,3,1,390,3415,0,390,0,0,0,0,0,0,3415,0
2026-02-25,port120,Barranquilla,0,0,0,0,0,0,0,0,0,0,0,0,0,0
2026-02-26,port120,Barranquilla,4,1,3916,15800,3916,0,0,0,0,14316,1484,0,0,0
2026-02-27,port120,Barranquilla,3,1,31527,263,31527,0,0,0,0,0,263,0,0,0
2026-02-28,port120,Barranquilla,2,0,61460,0,45740,0,0,15719,0,0,0,0,0,0
2026-03-01,port120,Barranquilla,3,1,32802,1516,32802,0,0,0,0,0,753,763,0,0
2026-03-02,port120,Barranquilla,3,0,23852,31776,23852,0,0,0,0,31776,0,0,0,0
2026-03-03,port120,Barranquilla,0,0,0,0,0,0,0,0,0,0,0,0,0,0
2026-03-04,port120,Barranquilla,2,1,227,1127,0,0,0,227,0,0,1127,0,0,0
2026-03-05,port120,Barranquilla,3,2,41250,1104,40709,541,0,0,0,0,1104,0,0,0
2026-03-06,port120,Barranquilla,6,1,12011,18442,12011,0,0,0,0,11822,3444,0,3174,0
2026-03-07,port120,Barranquilla,3,0,12626,6299,0,0,0,12626,0,0,0,4868,1430,0
2026-03-08,port120,Barranquilla,3,2,0,512,0,0,0,0,0,0,512,0,0,0
2026-03-09,port120,Barranquilla,1,0,2707,1430,0,0,0,2707,0,0,0,0,1430,0
2026-03-10,port120,Barranquilla,4,0,26756,1709,25051,0,1705,0,0,0,0,1709,0,0
2026-03-11,port120,Barranquilla,4,0,12011,23794,12011,0,0,0,0,15112,0,0,8681,0
2026-03-12,port120,Barranquilla,6,1,58436,13093,56863,1573,0,0,0,2758,0,10334,0,0
2026-03-13,port120,Barranquilla,4,1,19571,16274,18648,922,0,0,0,4517,821,2231,8704,0
2026-03-14,port120,Barranquilla,4,1,44856,7202,44856,0,0,0,0,5200,2001,0,0,0
2026-03-15,port120,Barranquilla,5,1,22903,5744,16571,0,0,6332,0,5472,271,0,0,0
2026-03-16,port120,Barranquilla,2,0,321,0,0,0,321,0,0,0,0,0,0,0
2026-03-17,port120,Barranquilla,1,0,0,3916,0,0,0,0,0,3916,0,0,0,0
2026-03-18,port120,Barranquilla,7,1,32758,11088,20665,372,1500,10219,0,5472,0,1863,3751,0
2026-03-19,port120,Barranquilla,3,1,79736,0,79464,271,0,0,0,0,0,0,0,0
2026-03-20,port120,Barranquilla,1,0,33517,0,33517,0,0,0,0,0,0,0,0,0
2026-03-21,port120,Barranquilla,4,2,2085,1003,554,1530,0,0,0,0,1003,0,0,0
2026-03-22,port120,Barranquilla,1,0,15029,0,0,0,0,15029,0,0,0,0,0,0
2026-03-23,port120,Barranquilla,2,0,1152,0,0,0,1152,0,0,0,0,0,0,0
2026-03-24,port120,Barranquilla,3,1,133,4016,0,0,133,0,0,0,1075,2941,0,0
2026-03-25,port120,Barranquilla,6,1,46905,20442,31266,781,14857,0,0,16977,0,0,3464,0
2026-03-26,port120,Barranquilla,4,0,82492,279,82492,0,0,0,0,0,0,279,0,0
2026-03-27,port120,Barranquilla,2,0,37265,2887,37265,0,0,0,0,0,0,0,2887,0
2026-03-28,port120,Barranquilla,4,2,5303,2934,0,2595,0,2707,0,0,1503,0,1430,0
2026-03-29,port120,Barranquilla,1,0,0,0,0,0,0,0,0,0,0,0,0,0
2026-03-30,port120,Barranquilla,4,1,7635,5198,0,3348,4286,0,0,5198,0,0,0,0
2026-03-31,port120,Barranquilla,3,1,55586,0,53419,2167,0,0,0,0,0,0,0,0
2026-04-01,port120,Barranquilla,3,1,10633,8967,0,0,0,10633,0,7471,1495,0,0,0
2026-04-02,port120,Barranquilla,2,0,31677,0,31677,0,0,0,0,0,0,0,0,0
2026-04-03,port120,Barranquilla,1,0,1676,0,0,0,0,1676,0,0,0,0,0,0
2026-04-04,port120,Barranquilla,5,1,48032,3308,36817,0,0,11215,0,0,997,0,2311,0
2026-04-05,port120,Barranquilla,1,1,973,645,0,973,0,0,0,0,645,0,0,0
2026-04-06,port120,Barranquilla,3,1,6180,645,0,973,3528,1677,0,0,645,0,0,0
2026-04-07,port120,Barranquilla,1,0,0,13991,0,0,0,0,0,0,0,0,13991,0
2026-04-08,port120,Barranquilla,4,2,38732,35251,34964,3768,0,0,0,35251,0,0,0,0
2026-04-09,port120,Barranquilla,0,0,0,0,0,0,0,0,0,0,0,0,0,0
2026-04-10,port120,Barranquilla,2,0,8184,29378,8184,0,0,0,0,29378,0,0,0,0
2026-04-11,port120,Barranquilla,2,1,0,8812,0,0,0,0,0,0,592,8219,0,0
2026-04-12,port120,Barranquilla,2,0,0,21641,0,0,0,0,0,18176,0,0,3464,0
2026-04-13,port120,Barranquilla,2,0,54866,958,54866,0,0,0,0,0,0,958,0,0
2026-04-14,port120,Barranquilla,3,1,22359,645,16171,973,0,5214,0,0,645,0,0,0
2026-04-15,port120,Barranquilla,3,1,12384,10267,12011,372,0,0,0,5472,0,4795,0,0
2026-04-16,port120,Barranquilla,2,1,0,31305,0,0,0,0,0,0,4571,0,26734,0
2026-04-17,port120,Barranquilla,1,0,0,4502,0,0,0,0,0,0,0,4502,0,0
2026-04-18,port120,Barranquilla,2,2,922,1191,0,922,0,0,0,0,1191,0,0,0
2026-04-19,port120,Barranquilla,3,1,13228,0,10254,2974,0,0,0,0,0,0,0,0
2026-04-20,port120,Barranquilla,5,0,69837,729,69837,0,0,0,0,540,0,188,0,0
2026-04-21,port120,Barranquilla,3,0,40191,0,40191,0,0,0,0,0,0,0,0,0
2026-04-22,port120,Barranquilla,5,1,12931,10350,12011,777,143,0,0,5472,0,0,4877,0
2026-04-23,port120,Barranquilla,0,0,0,0,0,0,0,0,0,0,0,0,0,0
2026-04-24,port120,Barranquilla,2,0,1483,6377,0,0,1483,0,0,0,0,6377,0,0
2026-04-25,port120,Barranquilla,4,1,56837,6212,56837,0,0,0,0,4899,1312,0,0,0
2026-04-26,port120,Barranquilla,2,0,29671,2023,29671,0,0,0,0,0,0,0,2023,0
2026-04-27,port120,Barranquilla,1,0,55211,0,55211,0,0,0,0,0,0,0,0,0
2026-04-28,port120,Barranquilla,4,1,20275,6723,15840,0,4435,0,0,0,6723,0,0,0
2026-04-29,port120,Barranquilla,5,2,5895,2793,0,5114,0,780,0,0,1127,1665,0,0
2026-04-30,port120,Barranquilla,2,1,1851,6803,0,1851,0,0,0,0,0,6803,0,0
2026-05-01,port120,Barranquilla,3,0,25479,0,15418,0,0,10061,0,0,0,0,0,0
2026-05-02,port120,Barranquilla,3,2,12011,6496,12011,0,0,0,0,5472,1023,0,0,0
2026-05-03,port120,Barranquilla,2,1,4501,0,0,4501,0,0,0,0,0,0,0,0
2026-05-04,port120,Barranquilla,3,0,40485,32467,38780,0,1705,0,0,0,0,1709,30758,0
2026-05-05,port120,Barranquilla,4,0,79317,38355,79317,0,0,0,0,38355,0,0,0,0
2026-05-06,port120,Barranquilla,3,1,42227,10460,39883,2344,0,0,0,0,0,0,10460,0
2026-05-07,port120,Barranquilla,4,1,37716,9182,36742,973,0,0,0,0,645,8536,0,0
2026-05-08,port120,Barranquilla,1,0,0,0,0,0,0,0,0,0,0,0,0,0
2026-05-09,port120,Barranquilla,2,1,0,4060,0,0,0,0,0,0,596,3464,0,0
2026-05-10,port120,Barranquilla,2,0,12011,8072,12011,0,0,0,0,5472,0,0,2599,0
2026-05-11,port120,Barranquilla,1,0,14830,0,14830,0,0,0,0,0,0,0,0,0
2026-05-12,port120,Barranquilla,6,1,2679,74591,0,973,1705,0,0,65366,645,1709,6870,0
2026-05-13,port120,Barranquilla,5,2,45868,0,41212,4656,0,0,0,0,0,0,0,0
2026-05-14,port120,Barranquilla,3,0,25627,230,2859,0,0,22767,0,0,0,230,0,0
2026-05-15,port120,Barranquilla,5,1,1527,48345,0,1527,0,0,0,48345,0,0,0,0
2026-05-16,port120,Barranquilla,2,1,1881,821,0,922,958,0,0,0,821,0,0,0
2026-05-17,port120,Barranquilla,3,0,32013,80,32013,0,0,0,0,0,0,80,0,0
2026-05-18,port120,Barranquilla,2,1,8568,0,0,1251,0,7316,0,0,0,0,0,0
2026-05-19,port120,Barranquilla,3,0,20378,3940,18672,0,1705,0,0,0,0,3940,0,0
2026-05-20,port120,Barranquilla,5,1,22469,1823,18972,0,789,2707,0,0,393,0,1430,0
2026-05-21,port120,Barranquilla,3,0,3622,11780,0,0,0,3622,0,0,0,0,11780,0
2026-05-22,port120,Barranquilla,3,1,18842,0,16703,368,1771,0,0,0,0,0,0,0
2026-05-23,port120,Barranquilla,3,1,0,8336,0,0,0,0,0,0,298,5149,2889,0
2026-05-24,port120,Barranquilla,2,1,2087,0,0,370,0,1716,0,0,0,0,0,0
2026-05-25,port120,Barranquilla,5,0,84098,28630,84098,0,0,0,0,28630,0,0,0,0
2026-05-26,port120,Barranquilla,3,1,12011,9657,12011,0,0,0,0,5472,4185,0,0,0
2026-05-27,port120,Barranquilla,4,1,37658,725,33463,0,0,4195,0,0,725,0,0,0
2026-05-28,port120,Barranquilla,2,0,6898,0,6898,0,0,0,0,0,0,0,0,0
2026-05-29,port120,Barranquilla,1,0,0,0,0,0,0,0,0,0,0,0,0,0
2026-05-30,port120,Barranquilla,4,0,19757,33485,14356,0,3149,2252,0,33485,0,0,0,0
2026-05-31,port120,Barranquilla,2,2,367,985,0,367,0,0,0,0,985,0,0,0
2026-06-01,port120,Barranquilla,2,1,1574,2311,0,1574,0,0,0,0,0,0,2311,0
2026-06-02,port120,Barranquilla,3,0,1705,1709,0,0,1705,0,0,0,0,1709,0,0
2026-06-03,port120,Barranquilla,4,2,48327,5472,46841,1485,0,0,0,5472,0,0,0,0
2026-06-04,port120,Barranquilla,2,1,27325,0,22492,4832,0,0,0,0,0,0,0,0
2026-06-05,port120,Barranquilla,2,0,1993,2122,0,0,0,1993,0,0,0,2122,0,0
2026-06-06,port120,Barranquilla,4,2,13398,1837,0,973,0,12425,0,0,1837,0,0,0
2026-06-07,port120,Barranquilla,2,0,4966,0,4966,0,0,0,0,0,0,0,0,0
2026-06-08,port120,Barranquilla,4,1,32220,41127,2514,5768,0,23938,0,41127,0,0,0,0
2026-06-09,port120,Barranquilla,1,0,0,0,0,0,0,0,0,0,0,0,0,0
2026-06-10,port120,Barranquilla,3,1,41409,0,41409,0,0,0,0,0,0,0,0,0
2026-06-11,port120,Barranquilla,3,0,0,36435,0,0,0,0,0,27215,0,9220,0,0
2026-06-12,port120,Barranquilla,2,0,1705,4885,0,0,1705,0,0,0,0,1709,3176,0
2026-06-13,port120,Barranquilla,3,2,2445,5890,0,2445,0,0,0,0,821,5068,0,0
2026-06-14,port120,Barranquilla,4,1,7983,8704,0,6723,1260,0,0,0,0,0,8704,0
2026-06-15,port120,Barranquilla,0,0,0,0,0,0,0,0,0,0,0,0,0,0
2026-06-16,port120,Barranquilla,3,0,33432,0,33432,0,0,0,0,0,0,0,0,0
2026-06-17,port120,Barranquilla,2,1,3198,645,0,973,2225,0,0,0,645,0,0,0
2026-06-18,port120,Barranquilla,2,0,36987,0,36987,0,0,0,0,0,0,0,0,0
2026-06-19,port120,Barranquilla,2,0,12011,5472,12011,0,0,0,0,5472,0,0,0,0
2026-06-20,port120,Barranquilla,3,1,265,30562,0,265,0,0,0,28331,0,2231,0,0
2026-06-21,port120,Barranquilla,3,1,18956,0,17465,1491,0,0,0,0,0,0,0,0
2026-06-22,port120,Barranquilla,2,0,0,3121,0,0,0,0,0,0,0,3121,0,0
2026-06-23,port120,Barranquilla,2,1,7728,0,0,625,0,7102,0,0,0,0,0,0
2026-06-24,port120,Barranquilla,2,1,1445,2564,0,1445,0,0,0,0,0,0,2564,0
2026-06-25,port120,Barranquilla,0,0,0,0,0,0,0,0,0,0,0,0,0,0
2026-06-26,port120,Barranquilla,2,0,0,9065,0,0,0,0,0,9065,0,0,0,0
2026-06-27,port120,Barranquilla,9,2,151556,33179,147846,369,2946,395,0,31874,1305,0,0,0
2026-06-28,port120,Barranquilla,2,0,17824,0,0,0,10118,7705,0,0,0,0,0,0
2026-06-29,port120,Barranquilla,2,0,72790,0,72790,0,0,0,0,0,0,0,0,0
2026-06-30,port120,Barranquilla,1,0,0,0,0,0,0,0,0,0,0,0,0,0
2026-07-01,port120,Barranquilla,4,1,80613,645,74950,973,4689,0,0,0,645,0,0,0
2026-07-02,port120,Barranquilla,1,0,0,0,0,0,0,0,0,0,0,0,0,0
2026-07-03,port120,Barranquilla,0,0,0,0,0,0,0,0,0,0,0,0,0,0
2026-07-04,port120,Barranquilla,3,2,34022,1751,32637,1385,0,0,0,0,1751,0,0,0
2026-07-05,port120,Barranquilla,1,1,973,645,0,973,0,0,0,0,645,0,0,0
2026-07-06,port120,Barranquilla,1,0,0,0,0,0,0,0,0,0,0,0,0,0
2026-07-07,port120,Barranquilla,2,0,35955,0,35098,0,0,857,0,0,0,0,0,0
2026-07-08,port120,Barranquilla,3,1,2107,3777,0,973,1133,0,0,0,645,0,3132,0
2026-07-09,port120,Barranquilla,2,0,23689,7518,0,0,0,23689,0,0,0,7518,0,0
2026-07-10,port120,Barranquilla,3,0,4179,0,0,0,4179,0,0,0,0,0,0,0
2026-07-11,port120,Barranquilla,3,2,1142,651,0,1142,0,0,0,0,651,0,0,0
2026-07-12,port120,Barranquilla,3,0,13218,5493,13218,0,0,0,0,0,0,0,5493,0
2026-07-13,port120,Barranquilla,1,0,0,30347,0,0,0,0,0,30347,0,0,0,0
2026-07-14,port120,Barranquilla,3,0,10575,0,0,0,0,10575,0,0,0,0,0,0
2026-07-15,port120,Barranquilla,2,1,0,16662,0,0,0,0,0,15485,1177,0,0,0
2026-07-16,port120,Barranquilla,2,0,3854,28426,3854,0,0,0,0,0,0,0,28426,0
2026-07-17,port120,Barranquilla,4,0,44139,0,44139,0,0,0,0,0,0,0,0,0
2026-07-18,port120,Barranquilla,2,1,747,4035,0,747,0,0,0,0,0,0,4035,0
2026-07-19,port120,Barranquilla,1,1,0,2996,0,0,0,0,0,0,2996,0,0,0
2026-07-20,port120,Barranquilla,6,0,34749,17362,34347,0,0,402,0,12062,0,5300,0,0
2026-07-21,port120,Barranquilla,3,0,49959,29011,33894,0,0,16064,0,29011,0,0,0,0
2026-07-22,port120,Barranquilla,2,1,4230,0,0,724,0,3505,0,0,0,0,0,0
2026-07-23,port120,Barranquilla,2,1,37820,1459,37820,0,0,0,0,0,1459,0,0,0
2026-07-24,port120,Barranquilla,4,1,35289,7614,31583,3705,0,0,0,0,0,4438,3176,0
2026-07-25,port120,Barranquilla,3,1,0,2618,0,0,0,0,0,0,2618,0,0,0
2026-07-26,port120,Barranquilla,2,0,35992,0,35992,0,0,0,0,0,0,0,0,0
2026-07-27,port120,Barranquilla,3,1,32996,3422,30558,2438,0,0,0,0,0,3422,0,0
2026-07-28,port120,Barranquilla,2,0,12011,5472,12011,0,0,0,0,5472,0,0,0,0
2026-07-29,port120,Barranquilla,2,1,1563,23054,0,1563,0,0,0,23054,0,0,0,0
2026-07-30,port120,Barranquilla,2,0,0,38633,0,0,0,0,0,38633,0,0,0,0
2026-07-31,port120,Barranquilla,2,1,973,41826,0,973,0,0,0,41180,645,0,0,0
2026-08-01,port120,Barranquilla,3,1,52737,7246,52737,0,0,0,0,4517,2729,0,0,0
2026-08-02,port120,Barranquilla,3,0,12011,30755,12011,0,0,0,0,30755,0,0,0,0
2026-08-03,port120,Barranquilla,5,1,38595,73569,36860,1735,0,0,0,70437,0,0,3132,0
2026-08-04,port120,Barranquilla,2,0,40556,0,36198,0,4357,0,0,0,0,0,0,0
2026-08-05,port120,Barranquilla,2,1,1447,10992,0,1447,0,0,0,10992,0,0,0,0
2026-08-06,port120,Barranquilla,1,0,232,0,0,0,232,0,0,0,0,0,0,0
2026-08-07,port120,Barranquilla,4,1,70298,33424,69920,378,0,0,0,33424,0,0,0,0
2026-08-08,port120,Barranquilla,2,1,12575,821,0,922,0,11652,0,0,821,0,0,0
2026-08-09,port120,Barranquilla,1,0,31845,0,31845,0,0,0,0,0,0,0,0,0
2026-08-10,port120,Barranquilla,5,0,63716,38179,32698,0,0,31017,0,35863,0,2315,0,0
2026-08-11,port120,Barranquilla,0,0,0,0,0,0,0,0,0,0,0,0,0,0
2026-08-12,port120,Barranquilla,6,1,166,9466,0,0,166,0,0,0,1171,5407,2887,0
2026-08-13,port120,Barranquilla,2,0,7750,0,7750,0,0,0,0,0,0,0,0,0
2026-08-14,port120,Barranquilla,4,1,11369,10512,10995,374,0,0,0,6542,0,3970,0,0
2026-08-15,port120,Barranquilla,3,1,4323,3052,3400,922,0,0,0,0,821,2231,0,0
2026-08-16,port120,Barranquilla,3,0,39623,0,36994,0,0,2629,0,0,0,0,0,0
2026-08-17,port120,Barranquilla,5,0,36321,10640,31565,0,2107,2649,0,0,0,1709,8931,0
2026-08-18,port120,Barranquilla,3,0,69849,0,69849,0,0,0,0,0,0,0,0,0
2026-08-19,port120,Barranquilla,1,1,361,0,0,361,0,0,0,0,0,0,0,0
2026-08-20,port120,Barranquilla,0,0,0,0,0,0,0,0,0,0,0,0,0,0
2026-08-21,port120,Barranquilla,6,1,59240,5379,40557,1476,17206,0,0,3147,0,2231,0,0
2026-08-22,port120,Barranquilla,2,1,1605,821,0,922,682,0,0,0,821,0,0,0
2026-08-23,port120,Barranquilla,1,0,25289,0,0,0,0,25289,0,0,0,0,0,0
2026-08-24,port120,Barranquilla,3,0,37406,19507,37406,0,0,0,0,16531,0,2975,0,0
2026-08-25,port120,Barranquilla,2,0,41169,0,41169,0,0,0,0,0,0,0,0,0
2026-08-26,port120,Barranquilla,5,1,54664,9989,30660,1174,0,22829,0,9989,0,0,0,0
2026-08-27,port120,Barranquilla,3,1,35545,2821,35545,0,0,0,0,0,726,0,2094,0
2026-08-28,port120,Barranquilla,2,1,0,14531,0,0,0,0,0,13792,739,0,0,0
2026-08-29,port120,Barranquilla,4,1,37574,14529,37574,0,0,0,0,0,2462,0,12067,0
2026-08-30,port120,Barranquilla,2,1,1385,33852,0,1385,0,0,0,32990,861,0,0,0
2026-08-31,port120,Barranquilla,3,0,23941,2589,16196,0,0,7744,0,0,0,0,2589,0
2026-09-01,port120,Barranquilla,1,0,0,0,0,0,0,0,0,0,0,0,0,0
2026-09-02,port120,Barranquilla,4,1,14080,7181,12011,363,1705,0,0,5472,0,1709,0,0
2026-09-03,port120,Barranquilla,2,1,63809,0,60744,3064,0,0,0,0,0,0,0,0
2026-09-04,port120,Barranquilla,3,0,40754,8704,40754,0,0,0,0,0,0,0,8704,0
2026-09-05,port120,Barranquilla,2,1,0,2375,0,0,0,0,0,0,2001,0,373,0
2026-09-06,port120,Barranquilla,5,0,48110,15462,42671,0,0,5438,0,15462,0,0,0,0
2026-09-07,port120,Barranquilla,2,0,805,463,0,0,0,805,0,0,0,463,0,0
2026-09-08,port120,Barranquilla,1,0,9930,0,0,0,0,9930,0,0,0,0,0,0
2026-09-09,port120,Barranquilla,3,1,5144,4535,3660,0,1483,0,0,0,390,4145,0,0
2026-09-10,port120,Barranquilla,3,1,14613,8649,12011,2601,0,0,0,5472,0,0,3176,0
2026-09-11,port120,Barranquilla,0,0,0,0,0,0,0,0,0,0,0,0,0,0
2019-01-07,port1154,Santa Marta,2,1,605,4650,0,0,0,0,605,0,4557,0,0,92
2019-01-08,port1154,Santa Marta,1,0,0,2108,0,0,0,0,0,0,0,2108,0,0
2019-01-09,port1154,Santa Marta,2,0,2511,92,0,0,0,0,2511,0,0,0,0,92
2019-01-10,port1154,Santa Marta,2,1,2716,2936,0,852,1863,0,0,0,2155,781,0,0
2019-01-11,port1154,Santa Marta,3,2,16050,3714,16050,0,0,0,0,0,3714,0,0,0
2019-01-12,port1154,Santa Marta,3,2,24864,2537,21558,3306,0,0,0,0,2537,0,0,0
2019-01-13,port1154,Santa Marta,2,0,3733,4783,0,0,1400,2332,0,0,0,0,4783,0
2019-01-14,port1154,Santa Marta,1,1,4062,0,0,4062,0,0,0,0,0,0,0,0
2019-01-15,port1154,Santa Marta,1,1,0,317,0,0,0,0,0,0,317,0,0,0
2019-01-16,port1154,Santa Marta,1,0,1863,781,0,0,1863,0,0,0,0,781,0,0
2019-01-17,port1154,Santa Marta,2,1,8764,379,8764,0,0,0,0,0,379,0,0,0
2019-01-18,port1154,Santa Marta,2,1,10427,3902,10427,0,0,0,0,0,3902,0,0,0
2019-01-19,port1154,Santa Marta,2,2,852,5893,0,852,0,0,0,0,5893,0,0,0
2019-01-20,port1154,Santa Marta,2,1,2229,0,0,2229,0,0,0,0,0,0,0,0
2019-01-21,port1154,Santa Marta,2,1,0,35709,0,0,0,0,0,35340,368,0,0,0
2019-01-22,port1154,Santa Marta,0,0,0,0,0,0,0,0,0,0,0,0,0,0
2019-01-23,port1154,Santa Marta,0,0,0,0,0,0,0,0,0,0,0,0,0,0
2019-01-24,port1154,Santa Marta,2,1,16271,2012,0,0,16271,0,0,0,2012,0,0,0
2019-01-25,port1154,Santa Marta,4,2,605,44099,0,0,0,0,605,37076,6930,0,0,92
2019-01-26,port1154,Santa Marta,3,2,2290,5588,0,2290,0,0,0,0,2155,0,3433,0
2019-01-27,port1154,Santa Marta,4,1,58440,2155,57588,852,0,0,0,0,2155,0,0,0
2019-01-28,port1154,Santa Marta,3,1,33935,367,33935,0,0,0,0,0,367,0,0,0
2019-01-29,port1154,Santa Marta,2,1,318,7191,0,318,0,0,0,0,0,0,7191,0
2019-01-30,port1154,Santa Marta,2,1,58636,1636,58636,0,0,0,0,0,1636,0,0,0
2019-01-31,port1154,Santa Marta,2,1,377,0,0,377,0,0,0,0,0,0,0,0
2019-02-01,port1154,Santa Marta,2,1,2332,10629,0,0,0,2332,0,0,5845,0,4783,0
2019-02-02,port1154,Santa Marta,4,2,11349,4460,9644,1705,0,0,0,0,4310,149,0,0
2019-02-03,port1154,Santa Marta,2,1,13293,0,8736,4557,0,0,0,0,0,0,0,0
2019-02-04,port1154,Santa Marta,4,1,17671,2936,0,852,2685,14133,0,0,2155,781,0,0
2019-02-05,port1154,Santa Marta,2,1,16460,6479,15824,635,0,0,0,6479,0,0,0,0
2019-02-06,port1154,Santa Marta,1,0,0,0,0,0,0,0,0,0,0,0,0,0
2019-02-07,port1154,Santa Marta,2,1,403,41316,0,403,0,0,0,41316,0,0,0,0
2019-02-08,port1154,Santa Marta,2,2,0,11166,0,0,0,0,0,0,11166,0,0,0
2019-02-09,port1154,Santa Marta,4,1,4563,17388,0,852,0,0,3711,0,2155,15140,0,92
2019-02-10,port1154,Santa Marta,0,0,0,0,0,0,0,0,0,0,0,0,0,0
2019-02-11,port1154,Santa Marta,1,1,2596,0,0,2596,0,0,0,0,0,0,0,0
2019-02-12,port1154,Santa Marta,1,0,444,0,444,0,0,0,0,0,0,0,0,0
2019-02-13,port1154,Santa Marta,1,0,0,7775,0,0,0,0,0,0,0,0,7775,0
2019-02-14,port1154,Santa Marta,4,1,1409,10174,0,0,814,0,595,0,4249,0,5924,0
2019-02-15,port1154,Santa Marta,3,1,24473,4388,22442,0,2031,0,0,0,4388,0,0,0
2019-02-16,port1154,Santa Marta,4,2,1397,36664,0,852,544,0,0,32475,4189,0,0,0
2019-02-17,port1154,Santa Marta,4,2,13449,4783,9988,1128,0,2332,0,0,0,0,4783,0
2019-02-18,port1154,Santa Marta,2,1,4992,2155,4140,852,0,0,0,0,2155,0,0,0
2019-02-19,port1154,Santa Marta,3,1,315,0,0,315,0,0,0,0,0,0,0,0
2019-02-20,port1154,Santa Marta,2,0,1863,781,0,0,1863,0,0,0,0,781,0,0
2019-02-21,port1154,Santa Marta,3,1,16225,53247,15824,400,0,0,0,53247,0,0,0,0
2019-02-22,port1154,Santa Marta,2,1,1863,1272,0,0,1863,0,0,0,490,781,0,0
2019-02-23,port1154,Santa Marta,2,2,1705,4310,0,1705,0,0,0,0,4310,0,0,0
2019-02-24,port1154,Santa Marta,2,1,792,17084,0,792,0,0,0,17084,0,0,0,0
2019-02-25,port1154,Santa Marta,3,1,6883,0,4106,2229,546,0,0,0,0,0,0,0
2019-02-26,port1154,Santa Marta,1,1,981,0,0,981,0,0,0,0,0,0,0,0
2019-02-27,port1154,Santa Marta,0,0,0,0,0,0,0,0,0,0,0,0,0,0
2019-02-28,port1154,Santa Marta,3,2,0,3579,0,0,0,0,0,0,3579,0,0,0
2019-03-01,port1154,Santa Marta,3,1,23311,5252,23311,0,0,0,0,0,1469,0,3783,0
2019-03-02,port1154,Santa Marta,4,2,29057,8634,28204,852,0,0,0,6479,2155,0,0,0
2019-03-03,port1154,Santa Marta,0,0,0,0,0,0,0,0,0,0,0,0,0,0
2019-03-04,port1154,Santa Marta,1,0,20646,0,20646,0,0,0,0,0,0,0,0,0
2019-03-05,port1154,Santa Marta,2,1,2947,0,0,2947,0,0,0,0,0,0,0,0
2019-03-06,port1154,Santa Marta,2,0,2626,0,0,0,2626,0,0,0,0,0,0,0
2019-03-07,port1154,Santa Marta,2,1,2164,1200,0,0,2164,0,0,0,1200,0,0,0
2019-03-08,port1154,Santa Marta,2,1,5914,0,0,1237,0,4676,0,0,0,0,0,0
2019-03-09,port1154,Santa Marta,5,3,22088,7987,22088,0,0,0,0,0,7987,0,0,0
2019-03-10,port1154,Santa Marta,1,0,0,0,0,0,0,0,0,0,0,0,0,0
2019-03-11,port1154,Santa Marta,4,2,327,10341,0,0,327,0,0,0,3820,0,6520,0
2019-03-12,port1154,Santa Marta,0,0,0,0,0,0,0,0,0,0,0,0,0,0
2019-03-13,port1154,Santa Marta,0,0,0,0,0,0,0,0,0,0,0,0,0,0
2019-03-14,port1154,Santa Marta,1,1,852,2155,0,852,0,0,0,0,2155,0,0,0
2019-03-15,port1154,Santa Marta,2,1,0,2943,0,0,0,0,0,0,2943,0,0,0
2019-03-16,port1154,Santa Marta,1,1,852,2155,0,852,0,0,0,0,2155,0,0,0
2019-03-17,port1154,Santa Marta,3,1,9398,41882,0,9398,0,0,0,41394,0,0,488,0
2019-03-18,port1154,Santa Marta,1,1,369,0,0,369,0,0,0,0,0,0,0,0
2019-03-19,port1154,Santa Marta,3,2,394,65320,0,394,0,0,0,63145,2174,0,0,0
2019-03-20,port1154,Santa Marta,4,0,52286,7692,50403,0,110,0,1772,0,0,0,7692,0
2019-03-21,port1154,Santa Marta,2,1,0,2399,0,0,0,0,0,0,2399,0,0,0
2019-03-22,port1154,Santa Marta,2,0,1863,19719,0,0,1863,0,0,18938,0,781,0,0
2019-03-23,port1154,Santa Marta,4,3,7878,9611,0,852,0,7025,0,0,9611,0,0,0
2019-03-24,port1154,Santa Marta,2,1,23179,0,12660,10519,0,0,0,0,0,0,0,0
2019-03-25,port1154,Santa Marta,5,1,8745,7978,0,852,3626,3661,605,0,2155,0,5730,92
2019-03-26,port1154,Santa Marta,3,0,63314,0,63314,0,0,0,0,0,0,0,0,0
2019-03-27,port1154,Santa Marta,2,1,852,17840,0,852,0,0,0,0,2155,0,15685,0
2019-03-28,port1154,Santa Marta,2,1,0,3493,0,0,0,0,0,0,3493,0,0,0
2019-03-29,port1154,Santa Marta,4,1,7083,7842,5534,0,1548,0,0,0,7842,0,0,0
2019-03-30,port1154,Santa Marta,3,2,2292,40457,0,2292,0,0,0,0,2155,0,38301,0
2019-03-31,port1154,Santa Marta,3,1,48687,1854,48687,0,0,0,0,0,1854,0,0,0
2019-04-01,port1154,Santa Marta,1,1,852,2155,0,852,0,0,0,0,2155,0,0,0
2019-04-02,port1154,Santa Marta,1,0,0,0,0,0,0,0,0,0,0,0,0,0
2019-04-03,port1154,Santa Marta,1,0,0,0,0,0,0,0,0,0,0,0,0,0
2019-04-04,port1154,Santa Marta,2,1,24271,0,24271,0,0,0,0,0,0,0,0,0
2019-04-05,port1154,Santa Marta,1,1,0,2358,0,0,0,0,0,0,2358,0,0,0
2019-04-06,port1154,Santa Marta,2,2,479,2556,0,479,0,0,0,0,2556,0,0,0
2019-04-07,port1154,Santa Marta,4,2,2211,7276,0,2211,0,0,0,0,7276,0,0,0
2019-04-08,port1154,Santa Marta,4,2,509,18653,0,0,0,0,509,16423,2230,0,0,0
2019-04-09,port1154,Santa Marta,2,1,23788,330,23788,0,0,0,0,0,330,0,0,0
2019-04-10,port1154,Santa Marta,2,1,460,1564,0,0,0,0,460,0,1564,0,0,0
2019-04-11,port1154,Santa Marta,1,1,0,0,0,0,0,0,0,0,0,0,0,0
2019-04-12,port1154,Santa Marta,2,1,27785,3902,27785,0,0,0,0,0,3902,0,0,0
2019-04-13,port1154,Santa Marta,2,2,450,3046,0,450,0,0,0,0,3046,0,0,0
2019-04-14,port1154,Santa Marta,1,1,2960,0,0,2960,0,0,0,0,0,0,0,0
2019-04-15,port1154,Santa Marta,2,1,735,1618,0,735,0,0,0,0,0,0,1618,0
2019-04-16,port1154,Santa Marta,4,1,0,45530,0,0,0,0,0,34196,2299,0,9034,0
2019-04-17,port1154,Santa Marta,2,1,164,1746,0,0,164,0,0,0,1746,0,0,0
2019-04-18,port1154,Santa Marta,5,1,38665,6479,35170,0,3495,0,0,6479,0,0,0,0
2019-04-19,port1154,Santa Marta,3,1,4489,7329,3934,0,0,0,554,0,7329,0,0,0
2019-04-20,port1154,Santa Marta,3,1,17904,8515,15824,0,2080,0,0,6479,2036,0,0,0
2019-04-21,port1154,Santa Marta,1,1,1849,0,0,1849,0,0,0,0,0,0,0,0
2019-04-22,port1154,Santa Marta,4,1,30156,4783,24409,3085,329,2332,0,0,0,0,4783,0
2019-04-23,port1154,Santa Marta,2,0,14799,0,14799,0,0,0,0,0,0,0,0,0
2019-04-24,port1154,Santa Marta,1,0,0,58501,0,0,0,0,0,58501,0,0,0,0
2019-04-25,port1154,Santa Marta,2,1,0,0,0,0,0,0,0,0,0,0,0,0
2019-04-26,port1154,Santa Marta,1,1,0,979,0,0,0,0,0,0,979,0,0,0
2019-04-27,port1154,Santa Marta,4,2,7585,54914,6732,852,0,0,0,52759,2155,0,0,0
2019-04-28,port1154,Santa Marta,4,1,50694,6479,48689,741,1263,0,0,6479,0,0,0,0
2019-04-29,port1154,Santa Marta,3,1,19162,7260,15824,1474,1863,0,0,6479,0,781,0,0
2019-04-30,port1154,Santa Marta,4,1,1457,3749,0,852,0,0,605,1501,2155,0,0,92
2019-05-01,port1154,Santa Marta,2,0,20359,781,18495,0,1863,0,0,0,0,781,0,0
2019-05-02,port1154,Santa Marta,3,2,17332,5772,17332,0,0,0,0,0,5772,0,0,0
2019-05-03,port1154,Santa Marta,1,0,0,4602,0,0,0,0,0,0,0,0,4602,0
2019-05-04,port1154,Santa Marta,4,3,852,7173,0,852,0,0,0,0,7173,0,0,0
2019-05-05,port1154,Santa Marta,3,1,5046,48579,2449,2596,0,0,0,48579,0,0,0,0
2019-05-06,port1154,Santa Marta,3,1,6373,2725,0,6373,0,0,0,0,0,0,2725,0
2019-05-07,port1154,Santa Marta,4,0,9025,0,6431,0,0,2593,0,0,0,0,0,0
2019-05-08,port1154,Santa Marta,2,1,1169,2599,0,0,0,1169,0,0,2477,0,122,0
2019-05-09,port1154,Santa Marta,2,1,0,2737,0,0,0,0,0,0,2737,0,0,0
2019-05-10,port1154,Santa Marta,2,2,4896,882,0,4896,0,0,0,0,882,0,0,0
2019-05-11,port1154,Santa Marta,3,2,9404,2664,8551,852,0,0,0,0,2664,0,0,0
2019-05-12,port1154,Santa Marta,1,1,1875,0,0,1875,0,0,0,0,0,0,0,0
2019-05-13,port1154,Santa Marta,3,2,0,5712,0,0,0,0,0,0,1367,0,4345,0
2019-05-14,port1154,Santa Marta,1,0,0,0,0,0,0,0,0,0,0,0,0,0
2019-05-15,port1154,Santa Marta,4,1,27655,781,7412,261,1863,18118,0,0,0,781,0,0
2019-05-16,port1154,Santa Marta,3,2,893,48301,0,893,0,0,0,45218,3083,0,0,0
2019-05-17,port1154,Santa Marta,2,1,479,0,0,479,0,0,0,0,0,0,0,0
2019-05-18,port1154,Santa Marta,3,1,2332,15660,0,0,0,2332,0,0,2039,0,13621,0
2019-05-19,port1154,Santa Marta,4,1,57379,0,52703,1099,0,3576,0,0,0,0,0,0
2019-05-20,port1154,Santa Marta,1,1,0,734,0,0,0,0,0,0,734,0,0,0
2019-05-21,port1154,Santa Marta,1,0,0,6018,0,0,0,0,0,6018,0,0,0,0
2019-05-22,port1154,Santa Marta,3,0,3713,10521,3382,0,331,0,0,10521,0,0,0,0
2019-05-23,port1154,Santa Marta,2,1,11767,2155,10914,852,0,0,0,0,2155,0,0,0
2019-05-24,port1154,Santa Marta,1,1,0,5475,0,0,0,0,0,0,5475,0,0,0
2019-05-25,port1154,Santa Marta,3,1,27370,2041,27370,0,0,0,0,0,2041,0,0,0
2019-05-26,port1154,Santa Marta,2,1,3423,0,0,2249,0,0,1173,0,0,0,0,0
2019-05-27,port1154,Santa Marta,1,1,0,1117,0,0,0,0,0,0,1117,0,0,0
2019-05-28,port1154,Santa Marta,2,0,27195,0,26423,0,771,0,0,0,0,0,0,0
2019-05-29,port1154,Santa Marta,1,0,0,4148,0,0,0,0,0,0,0,0,4148,0
2019-05-30,port1154,Santa Marta,2,2,1650,2155,0,1650,0,0,0,0,2155,0,0,0
2019-05-31,port1154,Santa Marta,1,1,481,0,0,481,0,0,0,0,0,0,0,0
2019-06-01,port1154,Santa Marta,4,2,37344,12066,36835,509,0,0,0,6479,5586,0,0,0
2019-06-02,port1154,Santa Marta,2,0,0,51966,0,0,0,0,0,51966,0,0,0,0
2019-06-03,port1154,Santa Marta,3,2,741,1111,0,741,0,0,0,0,1111,0,0,0
2019-06-04,port1154,Santa Marta,2,1,757,33064,0,757,0,0,0,33064,0,0,0,0
2019-06-05,port1154,Santa Marta,1,0,4295,0,0,0,4295,0,0,0,0,0,0,0
2019-06-06,port1154,Santa Marta,2,2,951,0,0,951,0,0,0,0,0,0,0,0
2019-06-07,port1154,Santa Marta,2,1,0,970,0,0,0,0,0,0,970,0,0,0
2019-06-08,port1154,Santa Marta,4,2,41397,1113,36574,4217,0,0,605,0,1020,0,0,92
2019-06-09,port1154,Santa Marta,4,1,3385,43518,0,2616,163,0,605,0,0,0,43426,92
2019-06-10,port1154,Santa Marta,1,1,852,2155,0,852,0,0,0,0,2155,0,0,0
2019-06-11,port1154,Santa Marta,3,1,635,3759,0,635,0,0,0,0,0,0,0,3759
2019-06-12,port1154,Santa Marta,3,0,24591,0,23967,0,165,0,458,0,0,0,0,0
2019-06-13,port1154,Santa Marta,1,1,0,0,0,0,0,0,0,0,0,0,0,0
2019-06-14,port1154,Santa Marta,2,1,1863,4365,0,0,1863,0,0,0,3584,781,0,0
2019-06-15,port1154,Santa Marta,2,2,959,3050,0,959,0,0,0,0,3050,0,0,0
2019-06-16,port1154,Santa Marta,2,1,1499,0,0,1499,0,0,0,0,0,0,0,0
2019-06-17,port1154,Santa Marta,1,1,0,0,0,0,0,0,0,0,0,0,0,0
2019-06-18,port1154,Santa Marta,0,0,0,0,0,0,0,0,0,0,0,0,0,0
2019-06-19,port1154,Santa Marta,1,0,38537,0,38537,0,0,0,0,0,0,0,0,0
2019-06-20,port1154,Santa Marta,3,1,16844,984,0,0,0,16844,0,0,984,0,0,0
2019-06-21,port1154,Santa Marta,1,1,6706,0,0,6706,0,0,0,0,0,0,0,0
2019-06-22,port1154,Santa Marta,5,2,2452,10008,0,0,1863,0,588,5839,3388,781,0,0
2019-06-23,port1154,Santa Marta,3,1,662,38361,0,0,662,0,0,34906,3455,0,0,0
2019-06-24,port1154,Santa Marta,3,2,645,2719,0,0,0,645,0,0,2719,0,0,0
2019-06-25,port1154,Santa Marta,2,0,1210,66553,0,0,1210,0,0,66553,0,0,0,0
2019-06-26,port1154,Santa Marta,3,1,5869,7311,5016,852,0,0,0,0,2155,0,5156,0
2019-06-27,port1154,Santa Marta,2,1,6285,0,0,6285,0,0,0,0,0,0,0,0
2019-06-28,port1154,Santa Marta,3,1,4580,2258,2428,2152,0,0,0,0,0,0,2258,0
2019-06-29,port1154,Santa Marta,2,2,0,9147,0,0,0,0,0,0,9147,0,0,0
2019-06-30,port1154,Santa Marta,2,2,0,12156,0,0,0,0,0,0,12156,0,0,0
2019-07-01,port1154,Santa Marta,1,1,1846,0,0,1846,0,0,0,0,0,0,0,0
2019-07-02,port1154,Santa Marta,2,0,1451,0,1451,0,0,0,0,0,0,0,0,0
2019-07-03,port1154,Santa Marta,0,0,0,0,0,0,0,0,0,0,0,0,0,0
2019-07-04,port1154,Santa Marta,5,3,8829,63813,0,940,7889,0,0,63813,0,0,0,0
2019-07-05,port1154,Santa Marta,1,1,6484,0,0,6484,0,0,0,0,0,0,0,0
2019-07-06,port1154,Santa Marta,7,3,15009,59549,0,3685,10485,0,838,44364,15184,0,0,0
2019-07-07,port1154,Santa Marta,1,1,0,10292,0,0,0,0,0,0,10292,0,0,0
2019-07-08,port1154,Santa Marta,2,1,2232,0,0,2232,0,0,0,0,0,0,0,0
2019-07-09,port1154,Santa Marta,1,1,635,0,0,635,0,0,0,0,0,0,0,0
2019-07-10,port1154,Santa Marta,1,0,494,0,0,0,494,0,0,0,0,0,0,0
2019-07-11,port1154,Santa Marta,3,1,1863,781,0,0,1863,0,0,0,0,781,0,0
2019-07-12,port1154,Santa Marta,1,1,3440,0,0,3440,0,0,0,0,0,0,0,0
2019-07-13,port1154,Santa Marta,4,3,12005,3081,0,4697,7307,0,0,0,3081,0,0,0
2019-07-14,port1154,Santa Marta,2,1,11569,7838,0,0,11569,0,0,0,7838,0,0,0
2019-07-15,port1154,Santa Marta,1,1,734,0,0,734,0,0,0,0,0,0,0,0
2019-07-16,port1154,Santa Marta,1,0,19644,0,19644,0,0,0,0,0,0,0,0,0
2019-07-17,port1154,Santa Marta,1,0,0,0,0,0,0,0,0,0,0,0,0,0
2019-07-18,port1154,Santa Marta,3,2,2521,3142,0,658,1863,0,0,0,2361,781,0,0
2019-07-19,port1154,Santa Marta,2,1,4748,32190,0,4748,0,0,0,32190,0,0,0,0
2019-07-20,port1154,Santa Marta,2,2,0,1469,0,0,0,0,0,0,1469,0,0,0
2019-07-21,port1154,Santa Marta,4,2,47382,12636,46294,0,1088,0,0,0,12636,0,0,0
2019-07-22,port1154,Santa Marta,2,1,50199,5660,50199,0,0,0,0,0,5660,0,0,0
2019-07-23,port1154,Santa Marta,2,0,605,46330,0,0,0,0,605,46237,0,0,0,92
2019-07-24,port1154,Santa Marta,2,1,1418,0,0,659,759,0,0,0,0,0,0,0
2019-07-25,port1154,Santa Marta,3,2,0,33334,0,0,0,0,0,0,270,0,33063,0
2019-07-26,port1154,Santa Marta,2,1,35670,0,30501,5168,0,0,0,0,0,0,0,0
2019-07-27,port1154,Santa Marta,3,2,0,7214,0,0,0,0,0,0,4712,0,2501,0
2019-07-28,port1154,Santa Marta,4,2,34441,4915,32888,1553,0,0,0,0,4915,0,0,0
2019-07-29,port1154,Santa Marta,2,1,1104,50296,0,1104,0,0,0,50296,0,0,0,0
2019-07-30,port1154,Santa Marta,2,1,7908,1979,7908,0,0,0,0,0,1979,0,0,0
2019-07-31,port1154,Santa Marta,2,0,510,0,0,0,0,0,510,0,0,0,0,0
2019-08-01,port1154,Santa Marta,3,2,0,49856,0,0,0,0,0,48572,1284,0,0,0
2019-08-02,port1154,Santa Marta,1,1,6921,0,0,6921,0,0,0,0,0,0,0,0
2019-08-03,port1154,Santa Marta,3,1,24908,2033,24908,0,0,0,0,0,2033,0,0,0
2019-08-04,port1154,Santa Marta,2,2,0,12958,0,0,0,0,0,0,12958,0,0,0
2019-08-05,port1154,Santa Marta,3,1,27165,0,23730,368,0,0,3066,0,0,0,0,0
2019-08-06,port1154,Santa Marta,2,0,9030,2342,0,0,9030,0,0,0,0,0,0,2342
2019-08-07,port1154,Santa Marta,1,0,605,92,0,0,0,0,605,0,0,0,0,92
2019-08-08,port1154,Santa Marta,3,1,920,34686,0,0,0,0,920,31467,3219,0,0,0
2019-08-09,port1154,Santa Marta,1,1,5603,0,0,5603,0,0,0,0,0,0,0,0
2019-08-10,port1154,Santa Marta,4,3,13796,10513,13796,0,0,0,0,0,10513,0,0,0
2019-08-11,port1154,Santa Marta,1,1,0,9787,0,0,0,0,0,0,9787,0,0,0
2019-08-12,port1154,Santa Marta,2,1,5701,0,0,4550,1150,0,0,0,0,0,0,0
2019-08-13,port1154,Santa Marta,4,0,13044,19863,0,0,326,12717,0,8692,0,0,11171,0
2019-08-14,port1154,Santa Marta,4,1,26941,0,26124,817,0,0,0,0,0,0,0,0
2019-08-15,port1154,Santa Marta,3,3,325,971,0,325,0,0,0,0,971,0,0,0
2019-08-16,port1154,Santa Marta,1,1,6911,0,0,6911,0,0,0,0,0,0,0,0
2019-08-17,port1154,Santa Marta,3,2,1004,5725,0,852,151,0,0,0,5725,0,0,0
2019-08-18,port1154,Santa Marta,1,1,0,10951,0,0,0,0,0,0,10951,0,0,0
2019-08-19,port1154,Santa Marta,5,3,1596,80047,0,1596,0,0,0,71022,9025,0,0,0
2019-08-20,port1154,Santa Marta,3,0,24391,11263,15824,0,6234,2332,0,6479,0,0,4783,0
2019-08-21,port1154,Santa Marta,1,1,0,957,0,0,0,0,0,0,957,0,0,0
2019-08-22,port1154,Santa Marta,3,1,0,50670,0,0,0,0,0,50012,658,0,0,0
2019-08-23,port1154,Santa Marta,3,1,9895,0,0,3271,6624,0,0,0,0,0,0,0
2019-08-24,port1154,Santa Marta,2,2,852,6303,0,852,0,0,0,0,6303,0,0,0
2019-08-25,port1154,Santa Marta,3,1,51445,7587,49581,0,1863,0,0,0,6805,781,0,0
2019-08-26,port1154,Santa Marta,3,2,11714,10491,11714,0,0,0,0,0,10491,0,0,0
2019-08-27,port1154,Santa Marta,1,0,0,27506,0,0,0,0,0,27506,0,0,0,0
2019-08-28,port1154,Santa Marta,1,0,8668,0,8668,0,0,0,0,0,0,0,0,0
2019-08-29,port1154,Santa Marta,2,1,0,8351,0,0,0,0,0,0,969,7381,0,0
2019-08-30,port1154,Santa Marta,3,1,26836,2885,22094,4741,0,0,0,0,0,0,2885,0
2019-08-31,port1154,Santa Marta,2,2,0,4913,0,0,0,0,0,0,4913,0,0,0
2019-09-01,port1154,Santa Marta,2,1,1343,2155,490,852,0,0,0,0,2155,0,0,0
2019-09-02,port1154,Santa Marta,2,2,0,6271,0,0,0,0,0,0,6271,0,0,0
2019-09-03,port1154,Santa Marta,4,1,10812,2155,0,852,0,9959,0,0,2155,0,0,0
2019-09-04,port1154,Santa Marta,2,0,23115,0,23115,0,0,0,0,0,0,0,0,0
2019-09-05,port1154,Santa Marta,4,2,151,52769,0,0,151,0,0,49905,2863,0,0,0
2019-09-06,port1154,Santa Marta,2,2,9746,0,0,9746,0,0,0,0,0,0,0,0
2019-09-07,port1154,Santa Marta,4,1,22148,6571,21543,0,0,0,605,6479,0,0,0,92
2019-09-08,port1154,Santa Marta,5,2,14543,10135,12594,1556,392,0,0,0,9808,326,0,0
2019-09-09,port1154,Santa Marta,2,1,16939,6479,15824,1114,0,0,0,6479,0,0,0,0
2019-09-10,port1154,Santa Marta,4,0,64119,0,64119,0,0,0,0,0,0,0,0,0
2019-09-11,port1154,Santa Marta,0,0,0,0,0,0,0,0,0,0,0,0,0,0
2019-09-12,port1154,Santa Marta,2,1,0,45516,0,0,0,0,0,43573,1943,0,0,0
2019-09-13,port1154,Santa Marta,1,1,852,2155,0,852,0,0,0,0,2155,0,0,0
2019-09-14,port1154,Santa Marta,3,2,22691,5842,0,0,0,22691,0,0,5842,0,0,0
2019-09-15,port1154,Santa Marta,3,1,49345,4910,49345,0,0,0,0,0,4910,0,0,0
2019-09-16,port1154,Santa Marta,3,1,15873,50642,15501,372,0,0,0,50642,0,0,0,0
2019-09-17,port1154,Santa Marta,0,0,0,0,0,0,0,0,0,0,0,0,0,0
2019-09-18,port1154,Santa Marta,1,1,852,2155,0,852,0,0,0,0,2155,0,0,0
2019-09-19,port1154,Santa Marta,3,1,39879,0,33185,982,5710,0,0,0,0,0,0,0
2019-09-20,port1154,Santa Marta,2,1,6911,1585,0,6911,0,0,0,0,0,0,1585,0
2019-09-21,port1154,Santa Marta,3,2,0,51228,0,0,0,0,0,44448,6780,0,0,0
2019-09-22,port1154,Santa Marta,3,2,0,10702,0,0,0,0,0,0,10702,0,0,0
2019-09-23,port1154,Santa Marta,3,1,7506,6078,0,373,7132,0,0,0,0,0,6078,0
2019-09-24,port1154,Santa Marta,1,0,0,0,0,0,0,0,0,0,0,0,0,0
2019-09-25,port1154,Santa Marta,2,0,34219,1896,34219,0,0,0,0,0,0,1896,0,0
2019-09-26,port1154,Santa Marta,3,1,1302,27226,0,1302,0,0,0,0,0,0,27226,0
2019-09-27,port1154,Santa Marta,3,1,58694,0,52219,6474,0,0,0,0,0,0,0,0
2019-09-28,port1154,Santa Marta,3,2,852,6326,0,852,0,0,0,0,5209,0,1116,0
2019-09-29,port1154,Santa Marta,1,1,0,7355,0,0,0,0,0,0,7355,0,0,0
2019-09-30,port1154,Santa Marta,3,2,369,48929,0,369,0,0,0,37933,10995,0,0,0
2019-10-01,port1154,Santa Marta,1,0,3656,0,3656,0,0,0,0,0,0,0,0,0
2019-10-02,port1154,Santa Marta,0,0,0,0,0,0,0,0,0,0,0,0,0,0
2019-10-03,port1154,Santa Marta,4,1,35775,3195,35775,0,0,0,0,0,2891,303,0,0
2019-10-04,port1154,Santa Marta,1,1,10619,0,0,10619,0,0,0,0,0,0,0,0
2019-10-05,port1154,Santa Marta,4,2,852,52715,0,852,0,0,0,50560,2155,0,0,0
2019-10-06,port1154,Santa Marta,3,2,30365,18339,30365,0,0,0,0,0,18339,0,0,0
2019-10-07,port1154,Santa Marta,2,1,4647,0,0,1846,0,0,2801,0,0,0,0,0
2019-10-08,port1154,Santa Marta,4,0,23380,18663,22462,0,0,0,918,0,0,18663,0,0
2019-10-09,port1154,Santa Marta,0,0,0,0,0,0,0,0,0,0,0,0,0,0
2019-10-10,port1154,Santa Marta,2,1,0,48117,0,0,0,0,0,46825,1291,0,0,0
2019-10-11,port1154,Santa Marta,3,1,11021,0,0,10182,0,0,838,0,0,0,0,0
2019-10-12,port1154,Santa Marta,2,1,0,2191,0,0,0,0,0,0,2028,163,0,0
2019-10-13,port1154,Santa Marta,2,1,10491,8563,0,0,10491,0,0,0,8563,0,0,0
2019-10-14,port1154,Santa Marta,3,2,29559,10285,28450,1109,0,0,0,0,10285,0,0,0
2019-10-15,port1154,Santa Marta,1,0,0,65820,0,0,0,0,0,65820,0,0,0,0
2019-10-16,port1154,Santa Marta,2,1,17078,6479,15824,1253,0,0,0,6479,0,0,0,0
2019-10-17,port1154,Santa Marta,1,1,0,1913,0,0,0,0,0,0,1913,0,0,0
2019-10-18,port1154,Santa Marta,4,1,28697,0,21969,5603,0,0,1125,0,0,0,0,0
2019-10-19,port1154,Santa Marta,2,2,852,6303,0,852,0,0,0,0,6303,0,0,0
2019-10-20,port1154,Santa Marta,1,1,0,5494,0,0,0,0,0,0,5494,0,0,0
2019-10-21,port1154,Santa Marta,5,2,5700,67540,0,2956,0,2743,0,58551,8834,154,0,0
2019-10-22,port1154,Santa Marta,1,0,9883,0,9883,0,0,0,0,0,0,0,0,0
2019-10-23,port1154,Santa Marta,2,0,32833,0,32833,0,0,0,0,0,0,0,0,0
2019-10-24,port1154,Santa Marta,1,0,0,822,0,0,0,0,0,0,0,822,0,0
2019-10-25,port1154,Santa Marta,3,2,10397,0,0,10397,0,0,0,0,0,0,0,0
2019-10-26,port1154,Santa Marta,3,2,6142,35978,0,6142,0,0,0,34963,1015,0,0,0
2019-10-27,port1154,Santa Marta,3,2,4868,8439,4868,0,0,0,0,0,8439,0,0,0
2019-10-28,port1154,Santa Marta,1,1,0,743,0,0,0,0,0,0,743,0,0,0
2019-10-29,port1154,Santa Marta,2,0,10029,0,6662,0,3366,0,0,0,0,0,0,0
2019-10-30,port1154,Santa Marta,1,0,0,0,0,0,0,0,0,0,0,0,0,0
2019-10-31,port1154,Santa Marta,3,0,1058,88809,0,0,1058,0,0,61599,0,0,27209,0
2019-11-01,port1154,Santa Marta,1,1,2239,0,0,2239,0,0,0,0,0,0,0,0
2019-11-02,port1154,Santa Marta,5,3,21621,4653,12310,9310,0,0,0,0,4386,267,0,0
2019-11-03,port1154,Santa Marta,2,2,0,20120,0,0,0,0,0,0,20120,0,0,0
2019-11-04,port1154,Santa Marta,4,1,4256,2155,0,852,327,3076,0,0,2155,0,0,0
2019-11-05,port1154,Santa Marta,1,0,7213,0,7213,0,0,0,0,0,0,0,0,0
2019-11-06,port1154,Santa Marta,2,1,2021,2277,0,852,0,1169,0,0,2155,0,122,0
2019-11-07,port1154,Santa Marta,2,0,1656,0,1656,0,0,0,0,0,0,0,0,0
2019-11-08,port1154,Santa Marta,5,2,17530,32913,9744,7786,0,0,0,32587,325,0,0,0
2019-11-09,port1154,Santa Marta,3,2,35775,3172,34923,852,0,0,0,0,3172,0,0,0
2019-11-10,port1154,Santa Marta,2,2,0,18355,0,0,0,0,0,0,18355,0,0,0
2019-11-11,port1154,Santa Marta,5,1,3141,54408,0,733,0,0,2408,50744,0,0,3664,0
2019-11-12,port1154,Santa Marta,1,0,19904,0,19904,0,0,0,0,0,0,0,0,0
2019-11-13,port1154,Santa Marta,0,0,0,0,0,0,0,0,0,0,0,0,0,0
2019-11-14,port1154,Santa Marta,2,1,1457,2247,0,852,0,0,605,0,2155,0,0,92
2019-11-15,port1154,Santa Marta,2,1,11495,356,0,11495,0,0,0,0,0,356,0,0
2019-11-16,port1154,Santa Marta,1,1,0,2543,0,0,0,0,0,0,2543,0,0,0
2019-11-17,port1154,Santa Marta,3,2,0,66598,0,0,0,0,0,49099,17499,0,0,0
2019-11-18,port1154,Santa Marta,2,1,1863,1890,0,0,1863,0,0,0,1109,781,0,0
2019-11-19,port1154,Santa Marta,6,0,59494,92,48696,0,3776,6416,605,0,0,0,0,92
2019-11-20,port1154,Santa Marta,0,0,0,0,0,0,0,0,0,0,0,0,0,0
2019-11-21,port1154,Santa Marta,4,1,0,4239,0,0,0,0,0,0,969,3270,0,0
2019-11-22,port1154,Santa Marta,2,1,7786,25338,0,7786,0,0,0,25338,0,0,0,0
2019-11-23,port1154,Santa Marta,3,3,812,2039,0,812,0,0,0,0,2039,0,0,0
2019-11-24,port1154,Santa Marta,3,1,28596,1472,18593,0,10003,0,0,0,1472,0,0,0
2019-11-25,port1154,Santa Marta,3,2,16798,2368,13072,3726,0,0,0,0,2368,0,0,0
2019-11-26,port1154,Santa Marta,2,0,291,0,0,0,291,0,0,0,0,0,0,0
2019-11-27,port1154,Santa Marta,1,0,54494,0,54494,0,0,0,0,0,0,0,0,0
2019-11-28,port1154,Santa Marta,2,1,1633,7865,0,1633,0,0,0,0,0,0,7865,0
2019-11-29,port1154,Santa Marta,1,1,11057,0,0,11057,0,0,0,0,0,0,0,0
2019-11-30,port1154,Santa Marta,3,2,852,4191,0,852,0,0,0,0,4191,0,0,0
2019-12-01,port1154,Santa Marta,1,1,0,9364,0,0,0,0,0,0,9364,0,0,0
2019-12-02,port1154,Santa Marta,2,2,6639,2155,0,6639,0,0,0,0,2155,0,0,0
2019-12-03,port1154,Santa Marta,3,0,26328,37077,0,0,0,26328,0,37077,0,0,0,0
2019-12-04,port1154,Santa Marta,1,1,852,2155,0,852,0,0,0,0,2155,0,0,0
2019-12-05,port1154,Santa Marta,2,0,80575,0,80575,0,0,0,0,0,0,0,0,0
2019-12-06,port1154,Santa Marta,1,1,9746,0,0,9746,0,0,0,0,0,0,0,0
2019-12-07,port1154,Santa Marta,3,2,2229,2033,0,2229,0,0,0,0,2033,0,0,0
2019-12-08,port1154,Santa Marta,2,2,0,21572,0,0,0,0,0,0,21572,0,0,0
2019-12-09,port1154,Santa Marta,1,1,1851,0,0,1851,0,0,0,0,0,0,0,0
2019-12-10,port1154,Santa Marta,1,0,605,92,0,0,0,0,605,0,0,0,0,92
2019-12-11,port1154,Santa Marta,1,1,852,2155,0,852,0,0,0,0,2155,0,0,0
2019-12-12,port1154,Santa Marta,1,1,0,654,0,0,0,0,0,0,654,0,0,0
2019-12-13,port1154,Santa Marta,1,1,852,2155,0,852,0,0,0,0,2155,0,0,0
2019-12-14,port1154,Santa Marta,5,2,19146,16435,15824,852,1863,0,605,6479,9081,781,0,92
2019-12-15,port1154,Santa Marta,3,2,16677,14081,15824,852,0,0,0,6479,7601,0,0,0
2019-12-16,port1154,Santa Marta,2,1,852,3171,0,852,0,0,0,0,2155,0,0,1016
2019-12-17,port1154,Santa Marta,0,0,0,0,0,0,0,0,0,0,0,0,0,0
2019-12-18,port1154,Santa Marta,3,0,2743,873,0,0,2138,0,605,0,0,781,0,92
2019-12-19,port1154,Santa Marta,1,1,852,2155,0,852,0,0,0,0,2155,0,0,0
2019-12-20,port1154,Santa Marta,2,1,852,4659,0,852,0,0,0,0,2155,2503,0,0
2019-12-21,port1154,Santa Marta,3,1,8971,506,0,0,8971,0,0,0,506,0,0,0
2019-12-22,port1154,Santa Marta,1,1,852,2155,0,852,0,0,0,0,2155,0,0,0
2019-12-23,port1154,Santa Marta,3,2,2699,13349,0,2699,0,0,0,0,2155,11194,0,0
2019-12-24,port1154,Santa Marta,2,0,15824,6479,15824,0,0,0,0,6479,0,0,0,0
2019-12-25,port1154,Santa Marta,1,0,1863,781,0,0,1863,0,0,0,0,781,0,0
2019-12-26,port1154,Santa Marta,0,0,0,0,0,0,0,0,0,0,0,0,0,0
2019-12-27,port1154,Santa Marta,1,1,852,2155,0,852,0,0,0,0,2155,0,0,0
2019-12-28,port1154,Santa Marta,4,2,18135,10882,15824,1705,0,0,605,6479,4310,0,0,92
2019-12-29,port1154,Santa Marta,3,3,0,19316,0,0,0,0,0,0,19316,0,0,0
2019-12-30,port1154,Santa Marta,3,1,29540,737,29540,0,0,0,0,0,737,0,0,0
2019-12-31,port1154,Santa Marta,4,1,19517,1713,0,1091,1863,16562,0,0,0,781,932,0
2020-01-01,port1154,Santa Marta,0,0,0,0,0,0,0,0,0,0,0,0,0,0
2020-01-02,port1154,Santa Marta,1,0,0,4196,0,0,0,0,0,0,0,0,4196,0
2020-01-03,port1154,Santa Marta,2,1,32063,0,25579,6484,0,0,0,0,0,0,0,0
2020-01-04,port1154,Santa Marta,3,2,19177,6035,0,852,0,18324,0,0,6035,0,0,0
2020-01-05,port1154,Santa Marta,3,1,16419,881,0,0,15814,0,605,0,788,0,0,92
2020-01-06,port1154,Santa Marta,4,2,18145,11062,0,1099,1863,15182,0,0,10281,781,0,0
2020-01-07,port1154,Santa Marta,2,1,51911,0,50115,1795,0,0,0,0,0,0,0,0
2020-01-08,port1154,Santa Marta,0,0,0,0,0,0,0,0,0,0,0,0,0,0
2020-01-09,port1154,Santa Marta,2,2,1394,2155,0,1394,0,0,0,0,2155,0,0,0
2020-01-10,port1154,Santa Marta,0,0,0,0,0,0,0,0,0,0,0,0,0,0
2020-01-11,port1154,Santa Marta,4,2,852,30782,0,852,0,0,0,26151,3173,0,1457,0
2020-01-12,port1154,Santa Marta,3,2,5662,1911,0,5662,0,0,0,0,0,0,0,1911
2020-01-13,port1154,Santa Marta,1,1,0,6241,0,0,0,0,0,0,6241,0,0,0
2020-01-14,port1154,Santa Marta,2,1,852,21445,0,852,0,0,0,0,2155,19289,0,0
2020-01-15,port1154,Santa Marta,3,1,54325,2155,53200,852,272,0,0,0,2155,0,0,0
2020-01-16,port1154,Santa Marta,2,0,499,21361,0,0,499,0,0,21361,0,0,0,0
2020-01-17,port1154,Santa Marta,3,2,7080,416,0,6474,0,0,605,0,324,0,0,92
2020-01-18,port1154,Santa Marta,2,2,3347,1015,0,3347,0,0,0,0,1015,0,0,0
2020-01-19,port1154,Santa Marta,2,1,26765,5057,26765,0,0,0,0,0,5057,0,0,0
2020-01-20,port1154,Santa Marta,2,1,2677,11643,0,0,0,0,2677,0,11643,0,0,0
2020-01-21,port1154,Santa Marta,2,1,0,15051,0,0,0,0,0,0,3744,0,11306,0
2020-01-22,port1154,Santa Marta,3,1,59116,3276,58263,852,0,0,0,0,2155,0,1121,0
2020-01-23,port1154,Santa Marta,2,1,13996,1537,13996,0,0,0,0,0,1537,0,0,0
2020-01-24,port1154,Santa Marta,1,1,9310,0,0,9310,0,0,0,0,0,0,0,0
2020-01-25,port1154,Santa Marta,1,1,1011,0,0,1011,0,0,0,0,0,0,0,0
2020-01-26,port1154,Santa Marta,3,1,25130,2155,24277,852,0,0,0,0,2155,0,0,0
2020-01-27,port1154,Santa Marta,2,1,852,2155,0,852,0,0,0,0,2155,0,0,0
2020-01-28,port1154,Santa Marta,1,1,852,2155,0,852,0,0,0,0,2155,0,0,0
2020-01-29,port1154,Santa Marta,2,0,15894,0,15894,0,0,0,0,0,0,0,0,0
2020-01-30,port1154,Santa Marta,1,1,0,975,0,0,0,0,0,0,975,0,0,0
2020-01-31,port1154,Santa Marta,2,2,5168,274,0,5168,0,0,0,0,274,0,0,0
2020-02-01,port1154,Santa Marta,2,2,852,4191,0,852,0,0,0,0,4191,0,0,0
2020-02-02,port1154,Santa Marta,5,2,20566,20905,15824,852,3888,0,0,6479,6658,0,7768,0
2020-02-03,port1154,Santa Marta,1,1,0,2232,0,0,0,0,0,0,2232,0,0,0
2020-02-04,port1154,Santa Marta,2,1,19571,2155,0,852,0,18718,0,0,2155,0,0,0
2020-02-05,port1154,Santa Marta,2,1,547,27030,0,547,0,0,0,27030,0,0,0,0
2020-02-06,port1154,Santa Marta,0,0,0,0,0,0,0,0,0,0,0,0,0,0
2020-02-07,port1154,Santa Marta,2,2,9746,1922,0,9746,0,0,0,0,1922,0,0,0
2020-02-08,port1154,Santa Marta,1,1,0,2533,0,0,0,0,0,0,2533,0,0,0
2020-02-09,port1154,Santa Marta,3,1,4412,14306,0,0,4412,0,0,0,13366,0,0,940
2020-02-10,port1154,Santa Marta,2,1,16677,8634,15824,852,0,0,0,6479,2155,0,0,0
2020-02-11,port1154,Santa Marta,3,1,18404,2936,15688,852,1863,0,0,0,2155,781,0,0
2020-02-12,port1154,Santa Marta,0,0,0,0,0,0,0,0,0,0,0,0,0,0
2020-02-13,port1154,Santa Marta,2,1,852,2458,0,852,0,0,0,0,2155,303,0,0
2020-02-14,port1154,Santa Marta,4,1,29180,0,22239,6941,0,0,0,0,0,0,0,0
2020-02-15,port1154,Santa Marta,4,2,1031,2036,1031,0,0,0,0,0,2036,0,0,0
2020-02-16,port1154,Santa Marta,1,1,0,6740,0,0,0,0,0,0,6740,0,0,0
2020-02-17,port1154,Santa Marta,0,0,0,0,0,0,0,0,0,0,0,0,0,0
2020-02-18,port1154,Santa Marta,2,2,603,748,0,603,0,0,0,0,748,0,0,0
2020-02-19,port1154,Santa Marta,1,0,2775,0,0,0,2775,0,0,0,0,0,0,0
2020-02-20,port1154,Santa Marta,4,0,59810,13345,57478,0,0,2332,0,0,0,0,13345,0
2020-02-21,port1154,Santa Marta,4,2,8816,2247,0,8211,0,0,605,0,2155,0,0,92
2020-02-22,port1154,Santa Marta,2,1,3624,1014,3624,0,0,0,0,0,1014,0,0,0
2020-02-23,port1154,Santa Marta,3,1,0,70325,0,0,0,0,0,60813,9512,0,0,0
2020-02-24,port1154,Santa Marta,1,1,0,2229,0,0,0,0,0,0,2229,0,0,0
2020-02-25,port1154,Santa Marta,2,1,13946,1208,0,0,0,13946,0,0,1208,0,0,0
2020-02-26,port1154,Santa Marta,2,0,20384,0,18252,0,0,0,2132,0,0,0,0,0
2020-02-27,port1154,Santa Marta,3,1,165,29979,0,0,165,0,0,29432,546,0,0,0
2020-02-28,port1154,Santa Marta,1,1,7379,0,0,7379,0,0,0,0,0,0,0,0
2020-02-29,port1154,Santa Marta,4,2,48470,3174,47618,852,0,0,0,0,3174,0,0,0
2020-03-01,port1154,Santa Marta,1,1,0,12289,0,0,0,0,0,0,12289,0,0,0
2020-03-02,port1154,Santa Marta,1,1,0,1108,0,0,0,0,0,0,1108,0,0,0
2020-03-03,port1154,Santa Marta,2,1,0,2399,0,0,0,0,0,0,2399,0,0,0
2020-03-04,port1154,Santa Marta,3,1,30265,7573,30265,0,0,0,0,6479,1093,0,0,0
2020-03-05,port1154,Santa Marta,1,1,775,0,0,775,0,0,0,0,0,0,0,0
2020-03-06,port1154,Santa Marta,3,1,5781,92,0,5176,0,0,605,0,0,0,0,92
2020-03-07,port1154,Santa Marta,4,1,151,8079,0,0,151,0,0,6559,1520,0,0,0
2020-03-08,port1154,Santa Marta,1,1,0,17517,0,0,0,0,0,0,17517,0,0,0
2020-03-09,port1154,Santa Marta,1,1,852,2155,0,852,0,0,0,0,2155,0,0,0
2020-03-10,port1154,Santa Marta,1,1,0,2993,0,0,0,0,0,0,2993,0,0,0
2020-03-11,port1154,Santa Marta,3,0,8399,0,3149,0,0,5250,0,0,0,0,0,0
2020-03-12,port1154,Santa Marta,2,1,0,20555,0,0,0,0,0,0,1845,0,18709,0
2020-03-13,port1154,Santa Marta,1,1,7797,0,0,7797,0,0,0,0,0,0,0,0
2020-03-14,port1154,Santa Marta,3,2,1705,4310,0,1705,0,0,0,0,4310,0,0,0
2020-03-15,port1154,Santa Marta,4,1,17045,13940,16880,0,164,0,0,0,13940,0,0,0
2020-03-16,port1154,Santa Marta,2,2,877,1114,0,877,0,0,0,0,1114,0,0,0
2020-03-17,port1154,Santa Marta,2,1,20614,0,18807,1806,0,0,0,0,0,0,0,0
2020-03-18,port1154,Santa Marta,0,0,0,0,0,0,0,0,0,0,0,0,0,0
2020-03-19,port1154,Santa Marta,0,0,0,0,0,0,0,0,0,0,0,0,0,0
2020-03-20,port1154,Santa Marta,3,2,25369,1161,20561,4807,0,0,0,0,1161,0,0,0
2020-03-21,port1154,Santa Marta,2,2,864,4072,0,864,0,0,0,0,4072,0,0,0
2020-03-22,port1154,Santa Marta,1,1,0,8975,0,0,0,0,0,0,8975,0,0,0
2020-03-23,port1154,Santa Marta,1,1,0,2220,0,0,0,0,0,0,2220,0,0,0
2020-03-24,port1154,Santa Marta,3,0,1019,0,0,0,0,0,1019,0,0,0,0,0
2020-03-25,port1154,Santa Marta,1,1,0,1093,0,0,0,0,0,0,1093,0,0,0
2020-03-26,port1154,Santa Marta,0,0,0,0,0,0,0,0,0,0,0,0,0,0
2020-03-27,port1154,Santa Marta,2,1,7369,0,0,7369,0,0,0,0,0,0,0,0
2020-03-28,port1154,Santa Marta,3,3,852,10899,0,852,0,0,0,0,10899,0,0,0
2020-03-29,port1154,Santa Marta,2,0,2937,4876,0,0,0,2332,605,0,0,0,4783,92
2020-03-30,port1154,Santa Marta,2,1,16366,0,15995,371,0,0,0,0,0,0,0,0
2020-03-31,port1154,Santa Marta,4,1,63596,4225,62757,0,0,0,838,0,4225,0,0,0
2020-04-01,port1154,Santa Marta,1,1,546,0,0,546,0,0,0,0,0,0,0,0
2020-04-02,port1154,Santa Marta,3,1,385,61563,0,385,0,0,0,59326,0,0,2236,0
2020-04-03,port1154,Santa Marta,3,1,29568,0,12955,3879,0,12733,0,0,0,0,0,0
2020-04-04,port1154,Santa Marta,4,3,0,21509,0,0,0,0,0,4639,16869,0,0,0
2020-04-05,port1154,Santa Marta,5,0,5336,21650,0,0,5336,0,0,21650,0,0,0,0
2020-04-06,port1154,Santa Marta,2,1,0,3059,0,0,0,0,0,0,3059,0,0,0
2020-04-07,port1154,Santa Marta,2,1,14665,2155,13813,852,0,0,0,0,2155,0,0,0
2020-04-08,port1154,Santa Marta,1,0,0,26017,0,0,0,0,0,0,0,0,26017,0
2020-04-09,port1154,Santa Marta,3,2,10043,337,0,7325,0,0,2718,0,337,0,0,0
2020-04-10,port1154,Santa Marta,2,1,384,0,0,384,0,0,0,0,0,0,0,0
2020-04-11,port1154,Santa Marta,4,3,953,7610,0,953,0,0,0,0,7610,0,0,0
2020-04-12,port1154,Santa Marta,2,0,23159,11539,23159,0,0,0,0,0,0,11539,0,0
2020-04-13,port1154,Santa Marta,3,1,1937,7689,0,1478,0,0,459,0,0,0,7689,0
2020-04-14,port1154,Santa Marta,2,1,1800,133,0,1800,0,0,0,0,0,133,0,0
2020-04-15,port1154,Santa Marta,1,0,0,0,0,0,0,0,0,0,0,0,0,0
2020-04-16,port1154,Santa Marta,3,1,5833,26246,5833,0,0,0,0,0,1159,0,25086,0
2020-04-17,port1154,Santa Marta,1,1,5611,0,0,5611,0,0,0,0,0,0,0,0
2020-04-18,port1154,Santa Marta,3,2,15824,14645,15824,0,0,0,0,6479,8166,0,0,0
2020-04-19,port1154,Santa Marta,2,0,1863,781,0,0,1863,0,0,0,0,781,0,0
2020-04-20,port1154,Santa Marta,2,1,57100,0,56361,739,0,0,0,0,0,0,0,0
2020-04-21,port1154,Santa Marta,4,1,6039,6616,0,0,1863,0,4175,0,3011,781,2824,0
2020-04-22,port1154,Santa Marta,1,0,27266,0,27266,0,0,0,0,0,0,0,0,0
2020-04-23,port1154,Santa Marta,3,1,18150,0,13408,4741,0,0,0,0,0,0,0,0
2020-04-24,port1154,Santa Marta,1,1,852,2155,0,852,0,0,0,0,2155,0,0,0
2020-04-25,port1154,Santa Marta,3,2,1981,2155,0,1818,162,0,0,0,2155,0,0,0
2020-04-26,port1154,Santa Marta,1,1,0,8967,0,0,0,0,0,0,8967,0,0,0
2020-04-27,port1154,Santa Marta,2,1,0,2389,0,0,0,0,0,0,2238,151,0,0
2020-04-28,port1154,Santa Marta,1,1,0,603,0,0,0,0,0,0,603,0,0,0
2020-04-29,port1154,Santa Marta,2,0,0,7410,0,0,0,0,0,0,0,0,7410,0
2020-04-30,port1154,Santa Marta,3,1,1075,12974,0,1075,0,0,0,0,0,460,12513,0
2020-05-01,port1154,Santa Marta,4,2,37220,0,20339,7736,9145,0,0,0,0,0,0,0
2020-05-02,port1154,Santa Marta,5,3,28600,19655,24292,4307,0,0,0,0,19655,0,0,0
2020-05-03,port1154,Santa Marta,2,0,26975,6479,26975,0,0,0,0,6479,0,0,0,0
2020-05-04,port1154,Santa Marta,2,1,266,746,0,0,266,0,0,0,746,0,0,0
2020-05-05,port1154,Santa Marta,2,1,0,10037,0,0,0,0,0,7521,2515,0,0,0
2020-05-06,port1154,Santa Marta,1,0,0,0,0,0,0,0,0,0,0,0,0,0
2020-05-07,port1154,Santa Marta,1,1,852,2155,0,852,0,0,0,0,2155,0,0,0
2020-05-08,port1154,Santa Marta,1,1,9746,0,0,9746,0,0,0,0,0,0,0,0
2020-05-09,port1154,Santa Marta,2,2,0,3934,0,0,0,0,0,0,3934,0,0,0
2020-05-10,port1154,Santa Marta,3,3,852,9441,0,852,0,0,0,0,9441,0,0,0
2020-05-11,port1154,Santa Marta,0,0,0,0,0,0,0,0,0,0,0,0,0,0
2020-05-12,port1154,Santa Marta,3,1,22892,2404,22892,0,0,0,0,0,2404,0,0,0
2020-05-13,port1154,Santa Marta,0,0,0,0,0,0,0,0,0,0,0,0,0,0
2020-05-14,port1154,Santa Marta,1,1,0,385,0,0,0,0,0,0,385,0,0,0
2020-05-15,port1154,Santa Marta,2,1,28126,0,22078,6047,0,0,0,0,0,0,0,0
2020-05-16,port1154,Santa Marta,3,2,0,4208,0,0,0,0,0,0,4208,0,0,0
2020-05-17,port1154,Santa Marta,3,1,301,23716,0,0,301,0,0,0,6187,17529,0,0
2020-05-18,port1154,Santa Marta,1,1,0,2235,0,0,0,0,0,0,2235,0,0,0
2020-05-19,port1154,Santa Marta,3,1,36140,54808,36140,0,0,0,0,54209,598,0,0,0
2020-05-20,port1154,Santa Marta,1,0,0,28825,0,0,0,0,0,0,0,0,28825,0
2020-05-21,port1154,Santa Marta,1,1,1093,0,0,1093,0,0,0,0,0,0,0,0
2020-05-22,port1154,Santa Marta,2,2,6502,1252,0,6502,0,0,0,0,1252,0,0,0
2020-05-23,port1154,Santa Marta,4,3,852,15249,0,852,0,0,0,0,7218,0,8030,0
2020-05-24,port1154,Santa Marta,1,0,0,34104,0,0,0,0,0,0,0,0,34104,0
2020-05-25,port1154,Santa Marta,2,1,328,370,0,0,328,0,0,0,370,0,0,0
2020-05-26,port1154,Santa Marta,1,1,0,1800,0,0,0,0,0,0,1800,0,0,0
2020-05-27,port1154,Santa Marta,2,1,58144,0,56215,1928,0,0,0,0,0,0,0,0
2020-05-28,port1154,Santa Marta,1,0,4380,0,0,0,4380,0,0,0,0,0,0,0
2020-05-29,port1154,Santa Marta,3,2,61039,0,55463,5576,0,0,0,0,0,0,0,0
2020-05-30,port1154,Santa Marta,4,2,6348,4769,0,5659,688,0,0,0,4769,0,0,0
2020-05-31,port1154,Santa Marta,1,1,852,2155,0,852,0,0,0,0,2155,0,0,0
2020-06-01,port1154,Santa Marta,3,1,852,2155,0,852,0,0,0,0,2155,0,0,0
2020-06-02,port1154,Santa Marta,1,1,0,599,0,0,0,0,0,0,599,0,0,0
2020-06-03,port1154,Santa Marta,1,0,0,2091,0,0,0,0,0,0,0,2091,0,0
2020-06-04,port1154,Santa Marta,0,0,0,0,0,0,0,0,0,0,0,0,0,0
2020-06-05,port1154,Santa Marta,3,2,6036,2155,0,6036,0,0,0,0,2155,0,0,0
2020-06-06,port1154,Santa Marta,2,2,852,2155,0,852,0,0,0,0,2155,0,0,0
2020-06-07,port1154,Santa Marta,2,1,0,38240,0,0,0,0,0,32617,5622,0,0,0
2020-06-08,port1154,Santa Marta,0,0,0,0,0,0,0,0,0,0,0,0,0,0
2020-06-09,port1154,Santa Marta,2,1,2716,2936,0,852,1863,0,0,0,2155,781,0,0
2020-06-10,port1154,Santa Marta,1,0,20366,0,20366,0,0,0,0,0,0,0,0,0
2020-06-11,port1154,Santa Marta,3,1,10198,22777,9345,852,0,0,0,0,2155,0,20622,0
2020-06-12,port1154,Santa Marta,3,2,2584,0,0,2584,0,0,0,0,0,0,0,0
2020-06-13,port1154,Santa Marta,3,3,0,14259,0,0,0,0,0,0,14259,0,0,0
2020-06-14,port1154,Santa Marta,1,0,4856,0,0,0,4856,0,0,0,0,0,0,0
2020-06-15,port1154,Santa Marta,1,1,1128,0,0,1128,0,0,0,0,0,0,0,0
2020-06-16,port1154,Santa Marta,0,0,0,0,0,0,0,0,0,0,0,0,0,0
2020-06-17,port1154,Santa Marta,3,0,30615,26063,29776,0,0,0,838,26063,0,0,0,0
2020-06-18,port1154,Santa Marta,2,1,388,4991,0,388,0,0,0,0,0,0,4991,0
2020-06-19,port1154,Santa Marta,1,1,4320,0,0,4320,0,0,0,0,0,0,0,0
2020-06-20,port1154,Santa Marta,4,3,4197,19410,0,1705,0,2492,0,0,13802,0,5608,0
2020-06-21,port1154,Santa Marta,2,0,2332,21550,0,0,0,2332,0,16766,0,0,4783,0
2020-06-22,port1154,Santa Marta,3,2,16670,6479,15824,845,0,0,0,6479,0,0,0,0
2020-06-23,port1154,Santa Marta,1,1,601,0,0,601,0,0,0,0,0,0,0,0
2020-06-24,port1154,Santa Marta,2,1,1863,1056,0,0,1863,0,0,0,275,781,0,0
2020-06-25,port1154,Santa Marta,1,1,0,387,0,0,0,0,0,0,387,0,0,0
2020-06-26,port1154,Santa Marta,1,1,4313,0,0,4313,0,0,0,0,0,0,0,0
2020-06-27,port1154,Santa Marta,4,3,36459,8072,35980,478,0,0,0,0,8072,0,0,0
2020-06-28,port1154,Santa Marta,1,0,0,0,0,0,0,0,0,0,0,0,0,0
2020-06-29,port1154,Santa Marta,1,1,0,375,0,0,0,0,0,0,375,0,0,0
2020-06-30,port1154,Santa Marta,2,1,12672,0,0,0,0,12672,0,0,0,0,0,0
2020-07-01,port1154,Santa Marta,1,0,11165,0,0,0,0,11165,0,0,0,0,0,0
2020-07-02,port1154,Santa Marta,4,1,5788,8293,0,0,5788,0,0,0,1302,0,6991,0
2020-07-03,port1154,Santa Marta,3,2,18536,771,11625,6911,0,0,0,0,771,0,0,0
2020-07-04,port1154,Santa Marta,3,3,1705,16048,0,1705,0,0,0,0,16048,0,0,0
2020-07-05,port1154,Santa Marta,1,0,23196,0,23196,0,0,0,0,0,0,0,0,0
2020-07-06,port1154,Santa Marta,2,1,7747,373,7747,0,0,0,0,0,373,0,0,0
2020-07-07,port1154,Santa Marta,3,1,7132,2155,0,852,6279,0,0,0,2155,0,0,0
2020-07-08,port1154,Santa Marta,0,0,0,0,0,0,0,0,0,0,0,0,0,0
2020-07-09,port1154,Santa Marta,1,1,385,0,0,385,0,0,0,0,0,0,0,0
2020-07-10,port1154,Santa Marta,2,1,56588,0,52281,4307,0,0,0,0,0,0,0,0
2020-07-11,port1154,Santa Marta,3,3,3933,6362,0,3933,0,0,0,0,6362,0,0,0
2020-07-12,port1154,Santa Marta,0,0,0,0,0,0,0,0,0,0,0,0,0,0
2020-07-13,port1154,Santa Marta,1,1,739,0,0,739,0,0,0,0,0,0,0,0
2020-07-14,port1154,Santa Marta,0,0,0,0,0,0,0,0,0,0,0,0,0,0
2020-07-15,port1154,Santa Marta,2,0,0,16327,0,0,0,0,0,15431,0,0,896,0
2020-07-16,port1154,Santa Marta,0,0,0,0,0,0,0,0,0,0,0,0,0,0
2020-07-17,port1154,Santa Marta,2,1,4741,9184,0,4741,0,0,0,0,0,0,9184,0
2020-07-18,port1154,Santa Marta,2,2,852,3111,0,852,0,0,0,0,3111,0,0,0
2020-07-19,port1154,Santa Marta,2,1,4632,10033,0,0,4632,0,0,0,10033,0,0,0
2020-07-20,port1154,Santa Marta,2,1,0,10873,0,0,0,0,0,0,1492,0,9380,0
2020-07-21,port1154,Santa Marta,2,1,5505,2410,5505,0,0,0,0,0,2410,0,0,0
2020-07-22,port1154,Santa Marta,0,0,0,0,0,0,0,0,0,0,0,0,0,0
2020-07-23,port1154,Santa Marta,0,0,0,0,0,0,0,0,0,0,0,0,0,0
2020-07-24,port1154,Santa Marta,3,3,4313,2036,0,4313,0,0,0,0,2036,0,0,0
2020-07-25,port1154,Santa Marta,2,2,852,8375,0,852,0,0,0,0,8375,0,0,0
2020-07-26,port1154,Santa Marta,0,0,0,0,0,0,0,0,0,0,0,0,0,0
2020-07-27,port1154,Santa Marta,4,1,33470,19285,32617,852,0,0,0,16239,2155,890,0,0
2020-07-28,port1154,Santa Marta,2,1,29215,2155,28362,852,0,0,0,0,2155,0,0,0
2020-07-29,port1154,Santa Marta,0,0,0,0,0,0,0,0,0,0,0,0,0,0
2020-07-30,port1154,Santa Marta,3,1,11797,2155,10944,852,0,0,0,0,2155,0,0,0
2020-07-31,port1154,Santa Marta,3,1,15522,0,6115,4734,4672,0,0,0,0,0,0,0
2020-08-01,port1154,Santa Marta,2,2,0,4921,0,0,0,0,0,0,4921,0,0,0
2020-08-02,port1154,Santa Marta,2,2,0,13328,0,0,0,0,0,0,13328,0,0,0
2020-08-03,port1154,Santa Marta,3,1,8883,47392,8883,0,0,0,0,46646,745,0,0,0
2020-08-04,port1154,Santa Marta,2,1,852,2411,0,852,0,0,0,0,2155,256,0,0
2020-08-05,port1154,Santa Marta,1,0,0,48009,0,0,0,0,0,48009,0,0,0,0
2020-08-06,port1154,Santa Marta,1,0,0,0,0,0,0,0,0,0,0,0,0,0
2020-08-07,port1154,Santa Marta,2,2,11440,0,0,11440,0,0,0,0,0,0,0,0
2020-08-08,port1154,Santa Marta,4,3,13513,31311,13513,0,0,0,0,0,31311,0,0,0
2020-08-09,port1154,Santa Marta,1,0,0,0,0,0,0,0,0,0,0,0,0,0
2020-08-10,port1154,Santa Marta,2,1,605,830,0,0,0,0,605,0,738,0,0,92
2020-08-11,port1154,Santa Marta,1,1,0,5724,0,0,0,0,0,0,5724,0,0,0
2020-08-12,port1154,Santa Marta,0,0,0,0,0,0,0,0,0,0,0,0,0,0
2020-08-13,port1154,Santa Marta,2,1,383,45421,0,383,0,0,0,0,0,0,45421,0
2020-08-14,port1154,Santa Marta,2,1,7348,0,0,7348,0,0,0,0,0,0,0,0
2020-08-15,port1154,Santa Marta,4,3,24267,13128,20334,3933,0,0,0,0,13128,0,0,0
2020-08-16,port1154,Santa Marta,2,1,4388,0,0,821,3566,0,0,0,0,0,0,0
2020-08-17,port1154,Santa Marta,1,1,0,3115,0,0,0,0,0,0,3115,0,0,0
2020-08-18,port1154,Santa Marta,1,1,1800,0,0,1800,0,0,0,0,0,0,0,0
2020-08-19,port1154,Santa Marta,0,0,0,0,0,0,0,0,0,0,0,0,0,0
2020-08-20,port1154,Santa Marta,0,0,0,0,0,0,0,0,0,0,0,0,0,0
2020-08-21,port1154,Santa Marta,4,2,15210,11535,0,8649,0,6560,0,0,2155,0,9380,0
2020-08-22,port1154,Santa Marta,5,3,56024,23522,53955,0,2069,0,0,0,23522,0,0,0
2020-08-23,port1154,Santa Marta,0,0,0,0,0,0,0,0,0,0,0,0,0,0
2020-08-24,port1154,Santa Marta,1,1,852,2155,0,852,0,0,0,0,2155,0,0,0
2020-08-25,port1154,Santa Marta,1,1,0,1195,0,0,0,0,0,0,1195,0,0,0
2020-08-26,port1154,Santa Marta,3,0,32247,12958,31649,0,0,0,597,12958,0,0,0,0
2020-08-27,port1154,Santa Marta,0,0,0,0,0,0,0,0,0,0,0,0,0,0
2020-08-28,port1154,Santa Marta,2,1,22746,6479,15824,6921,0,0,0,6479,0,0,0,0
2020-08-29,port1154,Santa Marta,3,2,24257,16520,24257,0,0,0,0,0,16520,0,0,0
2020-08-30,port1154,Santa Marta,0,0,0,0,0,0,0,0,0,0,0,0,0,0
2020-08-31,port1154,Santa Marta,2,1,6899,0,0,745,0,6153,0,0,0,0,0,0
2020-09-01,port1154,Santa Marta,2,1,12773,3594,12773,0,0,0,0,0,3594,0,0,0
2020-09-02,port1154,Santa Marta,0,0,0,0,0,0,0,0,0,0,0,0,0,0
2020-09-03,port1154,Santa Marta,3,1,7079,0,6308,770,0,0,0,0,0,0,0,0
2020-09-04,port1154,Santa Marta,1,1,6511,0,0,6511,0,0,0,0,0,0,0,0
2020-09-05,port1154,Santa Marta,3,3,0,6885,0,0,0,0,0,0,6885,0,0,0
2020-09-06,port1154,Santa Marta,0,0,0,0,0,0,0,0,0,0,0,0,0,0
2020-09-07,port1154,Santa Marta,2,1,24118,0,23748,369,0,0,0,0,0,0,0,0
2020-09-08,port1154,Santa Marta,1,1,3352,0,0,3352,0,0,0,0,0,0,0,0
2020-09-09,port1154,Santa Marta,0,0,0,0,0,0,0,0,0,0,0,0,0,0
2020-09-10,port1154,Santa Marta,3,1,852,8976,0,852,0,0,0,0,2155,0,6820,0
2020-09-11,port1154,Santa Marta,4,2,8258,43903,0,8258,0,0,0,43876,27,0,0,0
2020-09-12,port1154,Santa Marta,4,3,0,22945,0,0,0,0,0,0,13673,0,9272,0
2020-09-13,port1154,Santa Marta,0,0,0,0,0,0,0,0,0,0,0,0,0,0
2020-09-14,port1154,Santa Marta,1,1,3416,0,0,3416,0,0,0,0,0,0,0,0
2020-09-15,port1154,Santa Marta,2,1,12757,2996,0,0,0,12757,0,0,2996,0,0,0
2020-09-16,port1154,Santa Marta,3,1,33386,274,33386,0,0,0,0,0,274,0,0,0
2020-09-17,port1154,Santa Marta,1,1,852,2155,0,852,0,0,0,0,2155,0,0,0
2020-09-18,port1154,Santa Marta,3,1,11588,0,4647,6941,0,0,0,0,0,0,0,0
2020-09-19,port1154,Santa Marta,2,2,0,7499,0,0,0,0,0,0,7499,0,0,0
2020-09-20,port1154,Santa Marta,1,1,0,13855,0,0,0,0,0,0,13855,0,0,0
2020-09-21,port1154,Santa Marta,1,1,0,738,0,0,0,0,0,0,738,0,0,0
2020-09-22,port1154,Santa Marta,3,1,9320,35748,9320,0,0,0,0,33061,2686,0,0,0
2020-09-23,port1154,Santa Marta,0,0,0,0,0,0,0,0,0,0,0,0,0,0
2020-09-24,port1154,Santa Marta,3,1,3540,36866,2687,852,0,0,0,0,2155,0,34710,0
2020-09-25,port1154,Santa Marta,2,1,8685,0,0,7379,0,0,1305,0,0,0,0,0
2020-09-26,port1154,Santa Marta,1,1,0,5908,0,0,0,0,0,0,5908,0,0,0
2020-09-27,port1154,Santa Marta,2,1,0,37564,0,0,0,0,0,25275,12289,0,0,0
2020-09-28,port1154,Santa Marta,1,1,0,372,0,0,0,0,0,0,372,0,0,0
2020-09-29,port1154,Santa Marta,1,1,597,0,0,597,0,0,0,0,0,0,0,0
2020-09-30,port1154,Santa Marta,2,1,3651,0,3377,274,0,0,0,0,0,0,0,0
2020-10-01,port1154,Santa Marta,1,1,0,385,0,0,0,0,0,0,385,0,0,0
2020-10-02,port1154,Santa Marta,3,1,64365,0,58291,6073,0,0,0,0,0,0,0,0
2020-10-03,port1154,Santa Marta,2,2,0,15576,0,0,0,0,0,0,15576,0,0,0
2020-10-04,port1154,Santa Marta,4,0,7944,0,6243,0,1701,0,0,0,0,0,0,0
2020-10-05,port1154,Santa Marta,1,1,368,0,0,368,0,0,0,0,0,0,0,0
2020-10-06,port1154,Santa Marta,2,1,2654,2989,0,0,2654,0,0,0,2989,0,0,0
2020-10-07,port1154,Santa Marta,1,0,16055,0,16055,0,0,0,0,0,0,0,0,0
2020-10-08,port1154,Santa Marta,1,1,768,0,0,768,0,0,0,0,0,0,0,0
2020-10-09,port1154,Santa Marta,3,2,7379,262,0,7379,0,0,0,0,262,0,0,0
2020-10-10,port1154,Santa Marta,3,2,12294,7048,0,852,11442,0,0,0,7048,0,0,0
2020-10-11,port1154,Santa Marta,1,1,0,15584,0,0,0,0,0,0,15584,0,0,0
2020-10-12,port1154,Santa Marta,1,1,852,2155,0,852,0,0,0,0,2155,0,0,0
2020-10-13,port1154,Santa Marta,3,1,852,2155,0,852,0,0,0,0,2155,0,0,0
2020-10-14,port1154,Santa Marta,1,1,271,0,0,271,0,0,0,0,0,0,0,0
2020-10-15,port1154,Santa Marta,3,1,102,770,0,0,0,0,102,0,770,0,0,0
2020-10-16,port1154,Santa Marta,1,1,7379,0,0,7379,0,0,0,0,0,0,0,0
2020-10-17,port1154,Santa Marta,3,2,56361,7820,56361,0,0,0,0,0,7820,0,0,0
2020-10-18,port1154,Santa Marta,2,1,0,13632,0,0,0,0,0,0,11928,0,1703,0
2020-10-19,port1154,Santa Marta,4,1,4993,13901,0,0,0,4993,0,0,1111,12790,0,0
2020-10-20,port1154,Santa Marta,0,0,0,0,0,0,0,0,0,0,0,0,0,0
2020-10-21,port1154,Santa Marta,1,1,0,1346,0,0,0,0,0,0,1346,0,0,0
2020-10-22,port1154,Santa Marta,3,1,1709,47067,0,0,0,1709,0,46680,387,0,0,0
2020-10-23,port1154,Santa Marta,2,1,7829,45186,0,7829,0,0,0,45186,0,0,0,0
2020-10-24,port1154,Santa Marta,2,2,0,6417,0,0,0,0,0,0,6417,0,0,0
2020-10-25,port1154,Santa Marta,2,1,20991,15037,20991,0,0,0,0,0,15037,0,0,0
2020-10-26,port1154,Santa Marta,2,1,8084,0,6612,1471,0,0,0,0,0,0,0,0
2020-10-27,port1154,Santa Marta,2,1,36140,1811,36140,0,0,0,0,0,1811,0,0,0
2020-10-28,port1154,Santa Marta,0,0,0,0,0,0,0,0,0,0,0,0,0,0
2020-10-29,port1154,Santa Marta,2,1,14565,1155,14565,0,0,0,0,0,1155,0,0,0
2020-10-30,port1154,Santa Marta,3,2,6502,1444,0,6502,0,0,0,0,1087,357,0,0
2020-10-31,port1154,Santa Marta,5,1,55837,9626,55837,0,0,0,0,0,7320,0,2306,0
2020-11-01,port1154,Santa Marta,1,1,0,5547,0,0,0,0,0,0,5547,0,0,0
2020-11-02,port1154,Santa Marta,2,1,2673,3263,0,2673,0,0,0,0,0,3263,0,0
2020-11-03,port1154,Santa Marta,3,2,852,40415,0,852,0,0,0,37287,3128,0,0,0
2020-11-04,port1154,Santa Marta,1,0,0,2727,0,0,0,0,0,0,0,0,2727,0
2020-11-05,port1154,Santa Marta,1,1,852,2155,0,852,0,0,0,0,2155,0,0,0
2020-11-06,port1154,Santa Marta,1,1,4755,0,0,4755,0,0,0,0,0,0,0,0
2020-11-07,port1154,Santa Marta,3,2,0,3551,0,0,0,0,0,0,3551,0,0,0
2020-11-08,port1154,Santa Marta,4,1,5452,24236,4993,0,0,0,458,16381,7855,0,0,0
2020-11-09,port1154,Santa Marta,1,1,0,2217,0,0,0,0,0,0,2217,0,0,0
2020-11-10,port1154,Santa Marta,1,1,0,2396,0,0,0,0,0,0,2396,0,0,0
2020-11-11,port1154,Santa Marta,1,1,270,0,0,270,0,0,0,0,0,0,0,0
2020-11-12,port1154,Santa Marta,1,1,0,387,0,0,0,0,0,0,387,0,0,0
2020-11-13,port1154,Santa Marta,3,1,23210,0,19324,3885,0,0,0,0,0,0,0,0
2020-11-14,port1154,Santa Marta,5,3,6056,37260,0,852,5204,0,0,0,27880,0,9380,0
2020-11-15,port1154,Santa Marta,0,0,0,0,0,0,0,0,0,0,0,0,0,0
2020-11-16,port1154,Santa Marta,2,1,16193,6479,15824,368,0,0,0,6479,0,0,0,0
2020-11-17,port1154,Santa Marta,2,1,0,22576,0,0,0,0,0,21381,1195,0,0,0
2020-11-18,port1154,Santa Marta,0,0,0,0,0,0,0,0,0,0,0,0,0,0
2020-11-19,port1154,Santa Marta,3,2,20978,0,18623,2354,0,0,0,0,0,0,0,0
2020-11-20,port1154,Santa Marta,2,1,3902,2042,0,3902,0,0,0,0,0,2042,0,0
2020-11-21,port1154,Santa Marta,3,2,852,2155,0,852,0,0,0,0,2155,0,0,0
2020-11-22,port1154,Santa Marta,3,1,37080,7854,37080,0,0,0,0,0,7298,0,0,556
2020-11-23,port1154,Santa Marta,1,1,852,2155,0,852,0,0,0,0,2155,0,0,0
2020-11-24,port1154,Santa Marta,3,1,36230,3598,36230,0,0,0,0,0,3598,0,0,0
2020-11-25,port1154,Santa Marta,2,1,30970,0,28391,2579,0,0,0,0,0,0,0,0
2020-11-26,port1154,Santa Marta,1,1,812,0,0,812,0,0,0,0,0,0,0,0
2020-11-27,port1154,Santa Marta,3,2,16101,0,10515,5585,0,0,0,0,0,0,0,0
2020-11-28,port1154,Santa Marta,3,3,479,18110,0,479,0,0,0,0,18110,0,0,0
2020-11-29,port1154,Santa Marta,1,0,0,48684,0,0,0,0,0,48684,0,0,0,0
2020-11-30,port1154,Santa Marta,1,1,372,0,0,372,0,0,0,0,0,0,0,0
2020-12-01,port1154,Santa Marta,1,1,0,10188,0,0,0,0,0,0,10188,0,0,0
2020-12-02,port1154,Santa Marta,2,1,1304,0,0,1304,0,0,0,0,0,0,0,0
2020-12-03,port1154,Santa Marta,1,1,852,2155,0,852,0,0,0,0,2155,0,0,0
2020-12-04,port1154,Santa Marta,5,1,8021,2853,0,3461,4560,0,0,0,0,2853,0,0
2020-12-05,port1154,Santa Marta,2,2,0,6865,0,0,0,0,0,0,6865,0,0,0
2020-12-06,port1154,Santa Marta,1,1,0,8967,0,0,0,0,0,0,8967,0,0,0
2020-12-07,port1154,Santa Marta,2,1,13650,0,10307,3342,0,0,0,0,0,0,0,0
2020-12-08,port1154,Santa Marta,1,1,852,2155,0,852,0,0,0,0,2155,0,0,0
2020-12-09,port1154,Santa Marta,2,1,16542,0,15727,814,0,0,0,0,0,0,0,0
2020-12-10,port1154,Santa Marta,3,1,2247,781,0,383,1863,0,0,0,0,781,0,0
2020-12-11,port1154,Santa Marta,3,1,33112,0,27009,5643,0,0,458,0,0,0,0,0
2020-12-12,port1154,Santa Marta,3,1,1991,0,1047,944,0,0,0,0,0,0,0,0
2020-12-13,port1154,Santa Marta,2,1,605,2925,0,0,0,0,605,0,2832,0,0,92
2020-12-14,port1154,Santa Marta,2,1,1448,2155,0,852,0,595,0,0,2155,0,0,0
2020-12-15,port1154,Santa Marta,2,1,0,2009,0,0,0,0,0,0,2009,0,0,0
2020-12-16,port1154,Santa Marta,2,1,605,1515,0,0,0,0,605,0,1423,0,0,92
2020-12-17,port1154,Santa Marta,4,1,549,58490,0,386,163,0,0,58490,0,0,0,0
2020-12-18,port1154,Santa Marta,1,1,4769,0,0,4769,0,0,0,0,0,0,0,0
2020-12-19,port1154,Santa Marta,2,2,0,6950,0,0,0,0,0,0,6950,0,0,0
2020-12-20,port1154,Santa Marta,0,0,0,0,0,0,0,0,0,0,0,0,0,0
2020-12-21,port1154,Santa Marta,2,1,0,7376,0,0,0,0,0,0,744,0,6631,0
2020-12-22,port1154,Santa Marta,1,0,33449,0,33449,0,0,0,0,0,0,0,0,0
2020-12-23,port1154,Santa Marta,0,0,0,0,0,0,0,0,0,0,0,0,0,0
2020-12-24,port1154,Santa Marta,1,1,852,2155,0,852,0,0,0,0,2155,0,0,0
2020-12-25,port1154,Santa Marta,2,2,5636,9483,0,5636,0,0,0,0,9483,0,0,0
2020-12-26,port1154,Santa Marta,3,3,852,3111,0,852,0,0,0,0,3111,0,0,0
2020-12-27,port1154,Santa Marta,1,1,0,8975,0,0,0,0,0,0,8975,0,0,0
2020-12-28,port1154,Santa Marta,3,2,1705,4310,0,1705,0,0,0,0,4310,0,0,0
2020-12-29,port1154,Santa Marta,1,1,0,598,0,0,0,0,0,0,598,0,0,0
2020-12-30,port1154,Santa Marta,1,1,1263,0,0,1263,0,0,0,0,0,0,0,0
2020-12-31,port1154,Santa Marta,0,0,0,0,0,0,0,0,0,0,0,0,0,0
2021-01-01,port1154,Santa Marta,4,2,55927,20863,50318,5609,0,0,0,20863,0,0,0,0
2021-01-02,port1154,Santa Marta,1,1,8214,0,0,8214,0,0,0,0,0,0,0,0
2021-01-03,port1154,Santa Marta,4,1,17402,5622,8569,0,8833,0,0,0,5622,0,0,0
2021-01-04,port1154,Santa Marta,1,1,852,2155,0,852,0,0,0,0,2155,0,0,0
2021-01-05,port1154,Santa Marta,2,1,58145,2155,57292,852,0,0,0,0,2155,0,0,0
2021-01-06,port1154,Santa Marta,2,2,3244,0,0,3244,0,0,0,0,0,0,0,0
2021-01-07,port1154,Santa Marta,1,1,852,2155,0,852,0,0,0,0,2155,0,0,0
2021-01-08,port1154,Santa Marta,1,1,6529,0,0,6529,0,0,0,0,0,0,0,0
2021-01-09,port1154,Santa Marta,6,3,58726,13595,55405,852,1863,0,605,0,12722,781,0,92
2021-01-10,port1154,Santa Marta,0,0,0,0,0,0,0,0,0,0,0,0,0,0
2021-01-11,port1154,Santa Marta,3,1,9585,2155,8732,852,0,0,0,0,2155,0,0,0
2021-01-12,port1154,Santa Marta,3,1,37795,7830,37795,0,0,0,0,6479,1351,0,0,0
2021-01-13,port1154,Santa Marta,0,0,0,0,0,0,0,0,0,0,0,0,0,0
2021-01-14,port1154,Santa Marta,0,0,0,0,0,0,0,0,0,0,0,0,0,0
2021-01-15,port1154,Santa Marta,2,2,6082,1161,0,6082,0,0,0,0,1161,0,0,0
2021-01-16,port1154,Santa Marta,4,3,14697,10417,13844,852,0,0,0,0,10417,0,0,0
2021-01-17,port1154,Santa Marta,1,0,53237,0,53237,0,0,0,0,0,0,0,0,0
2021-01-18,port1154,Santa Marta,3,1,22438,1523,20574,0,1863,0,0,0,742,781,0,0
2021-01-19,port1154,Santa Marta,1,1,0,1205,0,0,0,0,0,0,1205,0,0,0
2021-01-20,port1154,Santa Marta,1,0,1863,781,0,0,1863,0,0,0,0,781,0,0
2021-01-21,port1154,Santa Marta,3,1,15197,270,0,0,0,14600,597,0,270,0,0,0
2021-01-22,port1154,Santa Marta,2,2,5213,385,0,5213,0,0,0,0,385,0,0,0
2021-01-23,port1154,Santa Marta,2,2,1447,2537,0,1447,0,0,0,0,2537,0,0,0
2021-01-24,port1154,Santa Marta,1,1,0,11151,0,0,0,0,0,0,11151,0,0,0
2021-01-25,port1154,Santa Marta,1,0,0,47432,0,0,0,0,0,47432,0,0,0,0
2021-01-26,port1154,Santa Marta,2,2,1705,4310,0,1705,0,0,0,0,4310,0,0,0
2021-01-27,port1154,Santa Marta,0,0,0,0,0,0,0,0,0,0,0,0,0,0
2021-01-28,port1154,Santa Marta,2,1,2332,6321,0,0,0,2332,0,0,1537,0,4783,0
2021-01-29,port1154,Santa Marta,2,1,4782,0,0,4782,0,0,0,0,0,0,0,0
2021-01-30,port1154,Santa Marta,1,1,0,3556,0,0,0,0,0,0,3556,0,0,0
2021-01-31,port1154,Santa Marta,1,1,0,8411,0,0,0,0,0,0,8411,0,0,0
2021-02-01,port1154,Santa Marta,1,1,0,3318,0,0,0,0,0,0,3318,0,0,0
2021-02-02,port1154,Santa Marta,2,1,56397,2155,55544,852,0,0,0,0,2155,0,0,0
2021-02-03,port1154,Santa Marta,3,1,1863,1328,0,0,1863,0,0,0,547,781,0,0
2021-02-04,port1154,Santa Marta,2,0,73801,0,73801,0,0,0,0,0,0,0,0,0
2021-02-05,port1154,Santa Marta,2,1,4775,0,0,4775,0,0,0,0,0,0,0,0
2021-02-06,port1154,Santa Marta,3,2,852,2155,0,852,0,0,0,0,2155,0,0,0
2021-02-07,port1154,Santa Marta,2,1,0,14609,0,0,0,0,0,0,14609,0,0,0
2021-02-08,port1154,Santa Marta,4,1,69468,9182,57586,738,11144,0,0,0,0,9182,0,0
2021-02-09,port1154,Santa Marta,1,1,0,600,0,0,0,0,0,0,600,0,0,0
2021-02-10,port1154,Santa Marta,4,1,1457,15224,0,852,0,0,605,0,2155,0,12976,92
2021-02-11,port1154,Santa Marta,1,0,26853,0,26853,0,0,0,0,0,0,0,0,0
2021-02-12,port1154,Santa Marta,2,1,11187,0,0,4356,6831,0,0,0,0,0,0,0
2021-02-13,port1154,Santa Marta,4,3,0,6007,0,0,0,0,0,0,5497,0,0,510
2021-02-14,port1154,Santa Marta,1,1,0,9522,0,0,0,0,0,0,9522,0,0,0
2021-02-15,port1154,Santa Marta,1,1,852,2155,0,852,0,0,0,0,2155,0,0,0
2021-02-16,port1154,Santa Marta,1,1,602,0,0,602,0,0,0,0,0,0,0,0
2021-02-17,port1154,Santa Marta,3,1,0,42823,0,0,0,0,0,29677,2713,0,10431,0
2021-02-18,port1154,Santa Marta,3,1,57632,770,57632,0,0,0,0,0,770,0,0,0
2021-02-19,port1154,Santa Marta,2,1,6978,0,0,6978,0,0,0,0,0,0,0,0
2021-02-20,port1154,Santa Marta,3,2,11087,9872,11087,0,0,0,0,0,9872,0,0,0
2021-02-21,port1154,Santa Marta,1,1,0,8975,0,0,0,0,0,0,8975,0,0,0
2021-02-22,port1154,Santa Marta,2,1,0,1262,0,0,0,0,0,0,371,890,0,0
2021-02-23,port1154,Santa Marta,1,1,0,3389,0,0,0,0,0,0,3389,0,0,0
2021-02-24,port1154,Santa Marta,0,0,0,0,0,0,0,0,0,0,0,0,0,0
2021-02-25,port1154,Santa Marta,3,1,16533,2155,13544,852,0,2136,0,0,2155,0,0,0
2021-02-26,port1154,Santa Marta,0,0,0,0,0,0,0,0,0,0,0,0,0,0
2021-02-27,port1154,Santa Marta,3,2,6106,3046,0,6106,0,0,0,0,3046,0,0,0
2021-02-28,port1154,Santa Marta,1,1,0,13390,0,0,0,0,0,0,13390,0,0,0
2021-03-01,port1154,Santa Marta,2,1,852,2155,0,852,0,0,0,0,2155,0,0,0
2021-03-02,port1154,Santa Marta,1,1,852,2155,0,852,0,0,0,0,2155,0,0,0
2021-03-03,port1154,Santa Marta,1,1,0,1918,0,0,0,0,0,0,1918,0,0,0
2021-03-04,port1154,Santa Marta,2,1,852,20997,0,852,0,0,0,0,2155,0,18841,0
2021-03-05,port1154,Santa Marta,3,1,6777,0,0,5247,0,0,1529,0,0,0,0,0
2021-03-06,port1154,Santa Marta,1,1,0,9983,0,0,0,0,0,0,9983,0,0,0
2021-03-07,port1154,Santa Marta,2,0,23873,92,23268,0,0,0,605,0,0,0,0,92
2021-03-08,port1154,Santa Marta,2,1,0,14318,0,0,0,0,0,11349,2969,0,0,0
2021-03-09,port1154,Santa Marta,1,1,0,1346,0,0,0,0,0,0,1346,0,0,0
2021-03-10,port1154,Santa Marta,1,0,0,0,0,0,0,0,0,0,0,0,0,0
2021-03-11,port1154,Santa Marta,0,0,0,0,0,0,0,0,0,0,0,0,0,0
2021-03-12,port1154,Santa Marta,2,1,6302,0,0,5681,0,621,0,0,0,0,0,0
2021-03-13,port1154,Santa Marta,4,2,23159,3565,22093,0,1065,0,0,0,3565,0,0,0
2021-03-14,port1154,Santa Marta,3,1,605,11277,0,0,0,0,605,0,11184,0,0,92
2021-03-15,port1154,Santa Marta,1,1,0,1492,0,0,0,0,0,0,1492,0,0,0
2021-03-16,port1154,Santa Marta,1,0,1924,0,0,0,0,0,1924,0,0,0,0,0
2021-03-17,port1154,Santa Marta,3,1,39010,1804,39010,0,0,0,0,0,1804,0,0,0
2021-03-18,port1154,Santa Marta,0,0,0,0,0,0,0,0,0,0,0,0,0,0
2021-03-19,port1154,Santa Marta,3,2,17078,0,9334,7743,0,0,0,0,0,0,0,0
2021-03-20,port1154,Santa Marta,4,2,57640,6445,56787,852,0,0,0,0,2155,0,4289,0
2021-03-21,port1154,Santa Marta,3,1,53181,13366,53016,0,164,0,0,0,13366,0,0,0
2021-03-22,port1154,Santa Marta,1,1,852,2155,0,852,0,0,0,0,2155,0,0,0
2021-03-23,port1154,Santa Marta,1,0,53843,0,53843,0,0,0,0,0,0,0,0,0
2021-03-24,port1154,Santa Marta,3,1,7066,92,5256,1205,0,0,605,0,0,0,0,92
2021-03-25,port1154,Santa Marta,2,1,852,2155,0,852,0,0,0,0,2155,0,0,0
2021-03-26,port1154,Santa Marta,2,2,8271,2155,0,8271,0,0,0,0,2155,0,0,0
2021-03-27,port1154,Santa Marta,2,1,852,2155,0,852,0,0,0,0,2155,0,0,0
2021-03-28,port1154,Santa Marta,4,2,16928,10555,16928,0,0,0,0,0,10555,0,0,0
2021-03-29,port1154,Santa Marta,1,1,852,2155,0,852,0,0,0,0,2155,0,0,0
2021-03-30,port1154,Santa Marta,2,1,20791,0,19585,1205,0,0,0,0,0,0,0,0
2021-03-31,port1154,Santa Marta,1,0,14935,0,14935,0,0,0,0,0,0,0,0,0
2021-04-01,port1154,Santa Marta,2,1,1187,2155,0,852,335,0,0,0,2155,0,0,0
2021-04-02,port1154,Santa Marta,2,1,8269,4476,0,8269,0,0,0,0,0,0,4476,0
2021-04-03,port1154,Santa Marta,4,2,1526,972,0,1526,0,0,0,0,972,0,0,0
2021-04-04,port1154,Santa Marta,4,2,5654,13612,1114,961,0,3577,0,0,13612,0,0,0
2021-04-05,port1154,Santa Marta,1,1,371,0,0,371,0,0,0,0,0,0,0,0
2021-04-06,port1154,Santa Marta,0,0,0,0,0,0,0,0,0,0,0,0,0,0
2021-04-07,port1154,Santa Marta,0,0,0,0,0,0,0,0,0,0,0,0,0,0
2021-04-08,port1154,Santa Marta,2,1,0,387,0,0,0,0,0,0,387,0,0,0
2021-04-09,port1154,Santa Marta,1,1,4566,0,0,4566,0,0,0,0,0,0,0,0
2021-04-10,port1154,Santa Marta,5,2,605,2633,0,0,0,0,605,0,2540,0,0,92
2021-04-11,port1154,Santa Marta,2,1,29281,10077,29281,0,0,0,0,0,10077,0,0,0
2021-04-12,port1154,Santa Marta,1,1,735,0,0,735,0,0,0,0,0,0,0,0
2021-04-13,port1154,Santa Marta,1,1,0,1202,0,0,0,0,0,0,1202,0,0,0
2021-04-14,port1154,Santa Marta,2,1,1417,1670,0,0,1417,0,0,0,1670,0,0,0
2021-04-15,port1154,Santa Marta,3,0,3141,7696,3141,0,0,0,0,0,0,0,7696,0
2021-04-16,port1154,Santa Marta,4,2,0,1717,0,0,0,0,0,0,1553,164,0,0
2021-04-17,port1154,Santa Marta,2,2,5122,1901,0,5122,0,0,0,0,1901,0,0,0
2021-04-18,port1154,Santa Marta,1,1,0,12837,0,0,0,0,0,0,12837,0,0,0
2021-04-19,port1154,Santa Marta,3,1,1621,2247,0,852,163,0,605,0,2155,0,0,92
2021-04-20,port1154,Santa Marta,1,1,0,2025,0,0,0,0,0,0,2025,0,0,0
2021-04-21,port1154,Santa Marta,1,1,0,13062,0,0,0,0,0,0,13062,0,0,0
2021-04-22,port1154,Santa Marta,3,0,1229,7721,0,0,0,0,1229,0,0,0,7721,0
2021-04-23,port1154,Santa Marta,4,2,10304,7209,0,8440,1863,0,0,0,1162,781,5265,0
2021-04-24,port1154,Santa Marta,2,1,26383,0,23799,2583,0,0,0,0,0,0,0,0
2021-04-25,port1154,Santa Marta,1,1,0,9522,0,0,0,0,0,0,9522,0,0,0
2021-04-26,port1154,Santa Marta,3,1,852,60051,0,852,0,0,0,57896,2155,0,0,0
2021-04-27,port1154,Santa Marta,2,1,60507,1804,60507,0,0,0,0,0,1804,0,0,0
2021-04-28,port1154,Santa Marta,2,0,15824,8175,15824,0,0,0,0,6479,0,0,1695,0
2021-04-29,port1154,Santa Marta,2,2,0,955,0,0,0,0,0,0,955,0,0,0
2021-04-30,port1154,Santa Marta,4,2,32913,8634,15824,7666,0,9422,0,6479,2155,0,0,0
2021-05-01,port1154,Santa Marta,3,2,8027,0,0,8027,0,0,0,0,0,0,0,0
2021-05-02,port1154,Santa Marta,2,1,19546,2155,18693,852,0,0,0,0,2155,0,0,0
2021-05-03,port1154,Santa Marta,2,1,372,30178,0,372,0,0,0,30178,0,0,0,0
2021-05-04,port1154,Santa Marta,1,0,6983,0,6983,0,0,0,0,0,0,0,0,0
2021-05-05,port1154,Santa Marta,4,2,14877,3025,5829,262,8785,0,0,0,3025,0,0,0
2021-05-06,port1154,Santa Marta,0,0,0,0,0,0,0,0,0,0,0,0,0,0
2021-05-07,port1154,Santa Marta,2,2,8259,389,0,8259,0,0,0,0,389,0,0,0
2021-05-08,port1154,Santa Marta,5,2,14235,2282,12371,0,1863,0,0,0,1501,781,0,0
2021-05-09,port1154,Santa Marta,3,1,6633,5622,5355,0,1278,0,0,0,5622,0,0,0
2021-05-10,port1154,Santa Marta,3,1,0,371,0,0,0,0,0,0,371,0,0,0
2021-05-11,port1154,Santa Marta,3,1,52153,2155,51301,852,0,0,0,0,2155,0,0,0
2021-05-12,port1154,Santa Marta,0,0,0,0,0,0,0,0,0,0,0,0,0,0
2021-05-13,port1154,Santa Marta,1,1,0,815,0,0,0,0,0,0,815,0,0,0
2021-05-14,port1154,Santa Marta,4,1,38300,781,31575,3940,1863,0,921,0,0,781,0,0
2021-05-15,port1154,Santa Marta,4,2,3275,4310,0,1705,325,1243,0,0,4310,0,0,0
2021-05-16,port1154,Santa Marta,3,1,17158,12816,17158,0,0,0,0,0,12816,0,0,0
2021-05-17,port1154,Santa Marta,1,1,738,0,0,738,0,0,0,0,0,0,0,0
2021-05-18,port1154,Santa Marta,3,1,15143,24771,15143,0,0,0,0,0,8171,0,16600,0
2021-05-19,port1154,Santa Marta,1,0,23295,0,23295,0,0,0,0,0,0,0,0,0
2021-05-20,port1154,Santa Marta,1,0,453,0,0,0,453,0,0,0,0,0,0,0
2021-05-21,port1154,Santa Marta,2,1,19443,0,11666,7777,0,0,0,0,0,0,0,0
2021-05-22,port1154,Santa Marta,2,2,8583,511,0,8583,0,0,0,0,511,0,0,0
2021-05-23,port1154,Santa Marta,1,1,0,8411,0,0,0,0,0,0,8411,0,0,0
2021-05-24,port1154,Santa Marta,2,1,511,0,0,0,0,0,511,0,0,0,0,0
2021-05-25,port1154,Santa Marta,1,1,1199,0,0,1199,0,0,0,0,0,0,0,0
2021-05-26,port1154,Santa Marta,4,2,1434,3333,0,1434,0,0,0,0,1671,0,1661,0
2021-05-27,port1154,Santa Marta,2,1,13733,387,0,0,0,13733,0,0,387,0,0,0
2021-05-28,port1154,Santa Marta,2,1,38171,0,30876,7295,0,0,0,0,0,0,0,0
2021-05-29,port1154,Santa Marta,6,2,4784,18456,0,0,4325,0,458,0,2514,0,15942,0
2021-05-30,port1154,Santa Marta,1,1,0,14702,0,0,0,0,0,0,14702,0,0,0
2021-05-31,port1154,Santa Marta,2,1,3827,0,3086,741,0,0,0,0,0,0,0,0
2021-06-01,port1154,Santa Marta,1,0,0,0,0,0,0,0,0,0,0,0,0,0
2021-06-02,port1154,Santa Marta,3,1,15824,42028,15824,0,0,0,0,39341,2686,0,0,0
2021-06-03,port1154,Santa Marta,1,1,0,1871,0,0,0,0,0,0,1871,0,0,0
2021-06-04,port1154,Santa Marta,3,1,31367,0,24071,7295,0,0,0,0,0,0,0,0
2021-06-05,port1154,Santa Marta,3,2,44535,13178,44535,0,0,0,0,0,13178,0,0,0
2021-06-06,port1154,Santa Marta,1,0,11064,0,11064,0,0,0,0,0,0,0,0,0
2021-06-07,port1154,Santa Marta,1,1,0,374,0,0,0,0,0,0,374,0,0,0
2021-06-08,port1154,Santa Marta,2,1,18732,602,18732,0,0,0,0,0,602,0,0,0
2021-06-09,port1154,Santa Marta,2,1,9581,2155,8729,852,0,0,0,0,2155,0,0,0
2021-06-10,port1154,Santa Marta,3,2,2483,2155,0,2483,0,0,0,0,2155,0,0,0
2021-06-11,port1154,Santa Marta,2,1,29196,0,23663,5533,0,0,0,0,0,0,0,0
2021-06-12,port1154,Santa Marta,2,2,852,2632,0,852,0,0,0,0,2632,0,0,0
2021-06-13,port1154,Santa Marta,4,2,8046,12851,7657,389,0,0,0,0,12851,0,0,0
2021-06-14,port1154,Santa Marta,2,1,890,373,0,0,890,0,0,0,373,0,0,0
2021-06-15,port1154,Santa Marta,1,0,0,47140,0,0,0,0,0,47140,0,0,0,0
2021-06-16,port1154,Santa Marta,2,2,1705,4310,0,1705,0,0,0,0,4310,0,0,0
2021-06-17,port1154,Santa Marta,1,1,4598,0,0,4598,0,0,0,0,0,0,0,0
2021-06-18,port1154,Santa Marta,4,2,9570,2155,0,7351,0,0,2219,0,2155,0,0,0
2021-06-19,port1154,Santa Marta,2,2,852,14995,0,852,0,0,0,0,14995,0,0,0
2021-06-20,port1154,Santa Marta,2,0,11343,92,10737,0,0,0,605,0,0,0,0,92
2021-06-21,port1154,Santa Marta,1,1,0,750,0,0,0,0,0,0,750,0,0,0
2021-06-22,port1154,Santa Marta,1,1,0,600,0,0,0,0,0,0,600,0,0,0
2021-06-23,port1154,Santa Marta,1,0,0,7068,0,0,0,0,0,7068,0,0,0,0
2021-06-24,port1154,Santa Marta,4,1,8003,0,0,449,7554,0,0,0,0,0,0,0
2021-06-25,port1154,Santa Marta,3,2,11027,92,0,10422,0,0,605,0,0,0,0,92
2021-06-26,port1154,Santa Marta,1,1,0,1019,0,0,0,0,0,0,1019,0,0,0
2021-06-27,port1154,Santa Marta,3,2,6300,15598,0,0,0,6300,0,0,15598,0,0,0
2021-06-28,port1154,Santa Marta,0,0,0,0,0,0,0,0,0,0,0,0,0,0
2021-06-29,port1154,Santa Marta,1,0,512,0,0,0,0,0,512,0,0,0,0,0
2021-06-30,port1154,Santa Marta,4,2,10150,1761,9603,547,0,0,0,0,520,0,1241,0
2021-07-01,port1154,Santa Marta,2,2,387,482,0,387,0,0,0,0,482,0,0,0
2021-07-02,port1154,Santa Marta,4,1,62869,0,56099,6769,0,0,0,0,0,0,0,0
2021-07-03,port1154,Santa Marta,1,1,0,0,0,0,0,0,0,0,0,0,0,0
2021-07-04,port1154,Santa Marta,1,1,0,10077,0,0,0,0,0,0,10077,0,0,0
2021-07-05,port1154,Santa Marta,1,1,0,1112,0,0,0,0,0,0,1112,0,0,0
2021-07-06,port1154,Santa Marta,2,1,8368,0,2420,5947,0,0,0,0,0,0,0,0
2021-07-07,port1154,Santa Marta,2,2,1445,235,0,1445,0,0,0,0,235,0,0,0
2021-07-08,port1154,Santa Marta,2,1,0,0,0,0,0,0,0,0,0,0,0,0
2021-07-09,port1154,Santa Marta,2,1,8725,0,0,8725,0,0,0,0,0,0,0,0
2021-07-10,port1154,Santa Marta,4,2,3273,7437,0,852,0,0,2420,0,2630,0,4807,0
2021-07-11,port1154,Santa Marta,1,1,0,14417,0,0,0,0,0,0,14417,0,0,0
2021-07-12,port1154,Santa Marta,3,1,16357,2353,16357,0,0,0,0,0,2353,0,0,0
2021-07-13,port1154,Santa Marta,2,1,20652,0,18638,2014,0,0,0,0,0,0,0,0
2021-07-14,port1154,Santa Marta,2,1,28856,0,28362,493,0,0,0,0,0,0,0,0
2021-07-15,port1154,Santa Marta,2,2,15231,2308,0,15231,0,0,0,0,2308,0,0,0
2021-07-16,port1154,Santa Marta,2,1,39324,0,34495,4829,0,0,0,0,0,0,0,0
2021-07-17,port1154,Santa Marta,4,2,14980,10586,14466,0,0,0,514,0,10586,0,0,0
2021-07-18,port1154,Santa Marta,0,0,0,0,0,0,0,0,0,0,0,0,0,0
2021-07-19,port1154,Santa Marta,3,1,40774,2155,39921,852,0,0,0,0,2155,0,0,0
2021-07-20,port1154,Santa Marta,2,1,0,604,0,0,0,0,0,0,604,0,0,0
2021-07-21,port1154,Santa Marta,2,1,852,2155,0,852,0,0,0,0,2155,0,0,0
2021-07-22,port1154,Santa Marta,2,1,0,21608,0,0,0,0,0,21162,445,0,0,0
2021-07-23,port1154,Santa Marta,2,1,7645,596,0,7645,0,0,0,0,0,0,596,0
2021-07-24,port1154,Santa Marta,3,2,4180,18475,3327,852,0,0,0,0,18475,0,0,0
2021-07-25,port1154,Santa Marta,1,0,11371,0,11371,0,0,0,0,0,0,0,0,0
2021-07-26,port1154,Santa Marta,4,2,984,32596,0,984,0,0,0,31129,1467,0,0,0
2021-07-27,port1154,Santa Marta,2,1,3184,6939,0,852,0,2332,0,0,2155,0,4783,0
2021-07-28,port1154,Santa Marta,3,1,62615,2155,61763,852,0,0,0,0,2155,0,0,0
2021-07-29,port1154,Santa Marta,2,0,15263,781,13399,0,1863,0,0,0,0,781,0,0
2021-07-30,port1154,Santa Marta,3,2,9587,1919,0,9587,0,0,0,0,1919,0,0,0
2021-07-31,port1154,Santa Marta,4,3,2620,13833,0,1705,0,0,914,0,13833,0,0,0
2021-08-01,port1154,Santa Marta,4,1,22161,1169,19655,0,2506,0,0,0,1169,0,0,0
2021-08-02,port1154,Santa Marta,1,1,0,367,0,0,0,0,0,0,367,0,0,0
2021-08-03,port1154,Santa Marta,1,1,2416,0,0,2416,0,0,0,0,0,0,0,0
2021-08-04,port1154,Santa Marta,3,2,476,2329,0,476,0,0,0,0,494,0,1835,0
2021-08-05,port1154,Santa Marta,3,2,1299,13380,0,1299,0,0,0,0,2155,0,11225,0
2021-08-06,port1154,Santa Marta,3,1,13056,0,8214,4842,0,0,0,0,0,0,0,0
2021-08-07,port1154,Santa Marta,3,2,5557,2155,0,5557,0,0,0,0,2155,0,0,0
2021-08-08,port1154,Santa Marta,3,1,12336,11296,0,0,12336,0,0,0,11194,101,0,0
2021-08-09,port1154,Santa Marta,1,1,852,2155,0,852,0,0,0,0,2155,0,0,0
2021-08-10,port1154,Santa Marta,3,1,1528,1355,0,0,0,0,1528,0,1355,0,0,0
2021-08-11,port1154,Santa Marta,2,1,547,11991,0,547,0,0,0,11991,0,0,0,0
2021-08-12,port1154,Santa Marta,2,2,0,2340,0,0,0,0,0,0,2340,0,0,0
2021-08-13,port1154,Santa Marta,1,1,2890,0,0,2890,0,0,0,0,0,0,0,0
2021-08-14,port1154,Santa Marta,3,2,852,16452,0,852,0,0,0,0,11678,0,4774,0
2021-08-15,port1154,Santa Marta,2,0,29450,0,29148,0,302,0,0,0,0,0,0,0
2021-08-16,port1154,Santa Marta,2,1,1111,57896,0,1111,0,0,0,57896,0,0,0,0
2021-08-17,port1154,Santa Marta,2,1,15019,600,0,0,15019,0,0,0,600,0,0,0
2021-08-18,port1154,Santa Marta,2,2,1922,1578,0,1922,0,0,0,0,1578,0,0,0
2021-08-19,port1154,Santa Marta,4,2,34119,0,32216,1902,0,0,0,0,0,0,0,0
2021-08-20,port1154,Santa Marta,1,1,6795,0,0,6795,0,0,0,0,0,0,0,0
2021-08-21,port1154,Santa Marta,4,3,33035,8323,31709,1326,0,0,0,0,8323,0,0,0
2021-08-22,port1154,Santa Marta,3,0,16444,4876,13506,0,0,2332,605,0,0,0,4783,92
2021-08-23,port1154,Santa Marta,1,1,0,3085,0,0,0,0,0,0,3085,0,0,0
2021-08-24,port1154,Santa Marta,1,1,1346,0,0,1346,0,0,0,0,0,0,0,0
2021-08-25,port1154,Santa Marta,4,2,11457,958,409,1474,9573,0,0,0,958,0,0,0
2021-08-26,port1154,Santa Marta,3,1,16430,7042,15824,0,0,0,605,6479,470,0,0,92
2021-08-27,port1154,Santa Marta,2,2,4842,770,0,4842,0,0,0,0,770,0,0,0
2021-08-28,port1154,Santa Marta,4,3,3178,18014,0,852,2326,0,0,0,18014,0,0,0
2021-08-29,port1154,Santa Marta,4,0,98466,0,98466,0,0,0,0,0,0,0,0,0
2021-08-30,port1154,Santa Marta,1,1,3078,0,0,3078,0,0,0,0,0,0,0,0
2021-08-31,port1154,Santa Marta,1,1,0,598,0,0,0,0,0,0,598,0,0,0
2021-09-01,port1154,Santa Marta,1,1,0,780,0,0,0,0,0,0,780,0,0,0
2021-09-02,port1154,Santa Marta,3,1,0,26438,0,0,0,0,0,24727,386,0,1324,0
2021-09-03,port1154,Santa Marta,3,1,35836,0,28484,5803,1548,0,0,0,0,0,0,0
2021-09-04,port1154,Santa Marta,4,2,15824,53773,15824,0,0,0,0,48213,5559,0,0,0
2021-09-05,port1154,Santa Marta,3,1,3827,12816,0,0,1183,2644,0,0,12816,0,0,0
2021-09-06,port1154,Santa Marta,4,1,30012,10633,29275,737,0,0,0,0,0,0,10633,0
2021-09-07,port1154,Santa Marta,1,1,852,2155,0,852,0,0,0,0,2155,0,0,0
2021-09-08,port1154,Santa Marta,3,1,1142,2155,0,852,289,0,0,0,2155,0,0,0
2021-09-09,port1154,Santa Marta,2,1,4023,0,0,1159,0,0,2863,0,0,0,0,0
2021-09-10,port1154,Santa Marta,2,1,28960,0,26058,2901,0,0,0,0,0,0,0,0
2021-09-11,port1154,Santa Marta,3,3,6175,11184,0,6175,0,0,0,0,11184,0,0,0
2021-09-12,port1154,Santa Marta,4,1,42101,0,40621,1480,0,0,0,0,0,0,0,0
2021-09-13,port1154,Santa Marta,2,0,458,0,0,0,0,0,458,0,0,0,0,0
2021-09-14,port1154,Santa Marta,1,0,794,0,0,0,794,0,0,0,0,0,0,0
2021-09-15,port1154,Santa Marta,3,2,1263,4215,0,1263,0,0,0,0,4215,0,0,0
2021-09-16,port1154,Santa Marta,1,1,382,0,0,382,0,0,0,0,0,0,0,0
2021-09-17,port1154,Santa Marta,2,1,12099,0,0,12099,0,0,0,0,0,0,0,0
2021-09-18,port1154,Santa Marta,3,2,852,6243,0,852,0,0,0,0,6243,0,0,0
2021-09-19,port1154,Santa Marta,3,2,0,29365,0,0,0,0,0,15034,14331,0,0,0
2021-09-20,port1154,Santa Marta,2,0,7421,0,7421,0,0,0,0,0,0,0,0,0
2021-09-21,port1154,Santa Marta,1,1,676,0,0,676,0,0,0,0,0,0,0,0
2021-09-22,port1154,Santa Marta,1,1,549,0,0,549,0,0,0,0,0,0,0,0
2021-09-23,port1154,Santa Marta,2,1,0,980,0,0,0,0,0,0,721,259,0,0
2021-09-24,port1154,Santa Marta,2,1,12099,983,0,12099,0,0,0,0,0,0,983,0
2021-09-25,port1154,Santa Marta,2,2,0,3197,0,0,0,0,0,0,3197,0,0,0
2021-09-26,port1154,Santa Marta,0,0,0,0,0,0,0,0,0,0,0,0,0,0
2021-09-27,port1154,Santa Marta,1,1,0,740,0,0,0,0,0,0,740,0,0,0
2021-09-28,port1154,Santa Marta,3,1,2041,1202,0,0,0,2041,0,0,1202,0,0,0
2021-09-29,port1154,Santa Marta,0,0,0,0,0,0,0,0,0,0,0,0,0,0
2021-09-30,port1154,Santa Marta,3,2,3257,2155,0,2800,0,0,457,0,2155,0,0,0
2021-10-01,port1154,Santa Marta,3,1,15320,5608,0,11611,1216,2492,0,0,0,0,5608,0
2021-10-02,port1154,Santa Marta,4,3,3858,8790,3379,478,0,0,0,0,8790,0,0,0
2021-10-03,port1154,Santa Marta,0,0,0,0,0,0,0,0,0,0,0,0,0,0
2021-10-04,port1154,Santa Marta,1,1,0,370,0,0,0,0,0,0,370,0,0,0
2021-10-05,port1154,Santa Marta,3,1,21781,54501,21109,672,0,0,0,54501,0,0,0,0
2021-10-06,port1154,Santa Marta,1,1,1481,0,0,1481,0,0,0,0,0,0,0,0
2021-10-07,port1154,Santa Marta,2,1,852,7700,0,852,0,0,0,0,2155,0,5545,0
2021-10-08,port1154,Santa Marta,4,1,49818,809,38207,11611,0,0,0,0,0,809,0,0
2021-10-09,port1154,Santa Marta,3,2,0,12673,0,0,0,0,0,0,12673,0,0,0
2021-10-10,port1154,Santa Marta,4,1,6571,0,3894,1549,0,0,1127,0,0,0,0,0
2021-10-11,port1154,Santa Marta,1,1,0,742,0,0,0,0,0,0,742,0,0,0
2021-10-12,port1154,Santa Marta,2,1,12938,2413,12938,0,0,0,0,0,2413,0,0,0
2021-10-13,port1154,Santa Marta,3,1,30415,0,29281,975,158,0,0,0,0,0,0,0
2021-10-14,port1154,Santa Marta,2,1,2717,4783,0,385,0,2332,0,0,0,0,4783,0
2021-10-15,port1154,Santa Marta,3,2,17144,0,0,11606,5537,0,0,0,0,0,0,0
2021-10-16,port1154,Santa Marta,3,2,9217,8250,9217,0,0,0,0,0,8250,0,0,0
2021-10-17,port1154,Santa Marta,0,0,0,0,0,0,0,0,0,0,0,0,0,0
2021-10-18,port1154,Santa Marta,2,1,12814,0,11710,1104,0,0,0,0,0,0,0,0
2021-10-19,port1154,Santa Marta,4,2,5208,9150,0,852,1863,2492,0,0,2761,781,5608,0
2021-10-20,port1154,Santa Marta,2,0,6125,5676,6125,0,0,0,0,0,0,0,5676,0
2021-10-21,port1154,Santa Marta,3,1,9853,0,9468,385,0,0,0,0,0,0,0,0
2021-10-22,port1154,Santa Marta,2,1,62783,0,54018,8764,0,0,0,0,0,0,0,0
2021-10-23,port1154,Santa Marta,4,2,61782,2408,58240,3084,0,0,457,0,2408,0,0,0
2021-10-24,port1154,Santa Marta,1,1,0,12289,0,0,0,0,0,0,12289,0,0,0
2021-10-25,port1154,Santa Marta,3,1,738,0,0,738,0,0,0,0,0,0,0,0
2021-10-26,port1154,Santa Marta,1,1,0,3000,0,0,0,0,0,0,3000,0,0,0
2021-10-27,port1154,Santa Marta,0,0,0,0,0,0,0,0,0,0,0,0,0,0
2021-10-28,port1154,Santa Marta,3,1,26433,3680,26433,0,0,0,0,0,0,3680,0,0
2021-10-29,port1154,Santa Marta,4,3,23619,7767,15824,7794,0,0,0,6479,1288,0,0,0
2021-10-30,port1154,Santa Marta,3,2,39218,3604,38366,852,0,0,0,0,3604,0,0,0
2021-10-31,port1154,Santa Marta,2,1,0,39566,0,0,0,0,0,26803,12762,0,0,0
2021-11-01,port1154,Santa Marta,1,0,0,491,0,0,0,0,0,0,0,491,0,0
2021-11-02,port1154,Santa Marta,1,1,0,6082,0,0,0,0,0,0,6082,0,0,0
2021-11-03,port1154,Santa Marta,2,1,852,51740,0,852,0,0,0,49585,2155,0,0,0
2021-11-04,port1154,Santa Marta,1,0,15824,6479,15824,0,0,0,0,6479,0,0,0,0
2021-11-05,port1154,Santa Marta,4,1,37240,1751,30707,5802,729,0,0,0,0,1751,0,0
2021-11-06,port1154,Santa Marta,3,2,486,3062,0,486,0,0,0,0,3062,0,0,0
2021-11-07,port1154,Santa Marta,1,1,0,13390,0,0,0,0,0,0,13390,0,0,0
2021-11-08,port1154,Santa Marta,1,1,0,2683,0,0,0,0,0,0,2683,0,0,0
2021-11-09,port1154,Santa Marta,3,1,6899,3014,6899,0,0,0,0,0,3014,0,0,0
2021-11-10,port1154,Santa Marta,1,1,0,2303,0,0,0,0,0,0,2303,0,0,0
2021-11-11,port1154,Santa Marta,0,0,0,0,0,0,0,0,0,0,0,0,0,0
2021-11-12,port1154,Santa Marta,2,1,11608,0,0,10224,0,0,1384,0,0,0,0,0
2021-11-13,port1154,Santa Marta,4,2,0,58463,0,0,0,0,0,56455,2007,0,0,0
2021-11-14,port1154,Santa Marta,3,1,52493,11426,51888,0,0,0,605,0,11333,0,0,92
2021-11-15,port1154,Santa Marta,1,1,738,0,0,738,0,0,0,0,0,0,0,0
2021-11-16,port1154,Santa Marta,3,1,34452,2671,34452,0,0,0,0,0,2671,0,0,0
2021-11-17,port1154,Santa Marta,3,1,0,25774,0,0,0,0,0,25279,495,0,0,0
2021-11-18,port1154,Santa Marta,1,1,852,2155,0,852,0,0,0,0,2155,0,0,0
2021-11-19,port1154,Santa Marta,2,1,8633,781,0,6769,1863,0,0,0,0,781,0,0
2021-11-20,port1154,Santa Marta,5,3,31872,22002,15824,0,0,16047,0,6479,15522,0,0,0
2021-11-21,port1154,Santa Marta,1,0,31585,0,31585,0,0,0,0,0,0,0,0,0
2021-11-22,port1154,Santa Marta,1,1,0,0,0,0,0,0,0,0,0,0,0,0
2021-11-23,port1154,Santa Marta,1,1,2416,0,0,2416,0,0,0,0,0,0,0,0
2021-11-24,port1154,Santa Marta,1,0,7763,0,0,0,7763,0,0,0,0,0,0,0
2021-11-25,port1154,Santa Marta,1,1,852,2155,0,852,0,0,0,0,2155,0,0,0
2021-11-26,port1154,Santa Marta,4,2,40725,1295,30501,10224,0,0,0,0,1162,132,0,0
2021-11-27,port1154,Santa Marta,2,2,0,5045,0,0,0,0,0,0,5045,0,0,0
2021-11-28,port1154,Santa Marta,3,1,0,55213,0,0,0,0,0,49585,5627,0,0,0
2021-11-29,port1154,Santa Marta,1,1,0,2683,0,0,0,0,0,0,2683,0,0,0
2021-11-30,port1154,Santa Marta,2,1,0,2410,0,0,0,0,0,0,2410,0,0,0
2021-12-01,port1154,Santa Marta,3,1,53407,8634,52555,852,0,0,0,6479,2155,0,0,0
2021-12-02,port1154,Santa Marta,2,1,8930,0,6763,2166,0,0,0,0,0,0,0,0
2021-12-03,port1154,Santa Marta,1,1,6273,0,0,6273,0,0,0,0,0,0,0,0
2021-12-04,port1154,Santa Marta,5,2,31909,48184,28979,2427,502,0,0,43571,4612,0,0,0
2021-12-05,port1154,Santa Marta,3,2,26098,15098,26098,0,0,0,0,0,15098,0,0,0
2021-12-06,port1154,Santa Marta,2,1,15340,0,0,3318,0,12021,0,0,0,0,0,0
2021-12-07,port1154,Santa Marta,1,1,0,1802,0,0,0,0,0,0,1802,0,0,0
2021-12-08,port1154,Santa Marta,2,0,0,0,0,0,0,0,0,0,0,0,0,0
2021-12-09,port1154,Santa Marta,2,1,5825,0,5374,450,0,0,0,0,0,0,0,0
2021-12-10,port1154,Santa Marta,2,1,852,3227,0,852,0,0,0,0,2155,1071,0,0
2021-12-11,port1154,Santa Marta,4,3,2785,2539,0,2785,0,0,0,0,2539,0,0,0
2021-12-12,port1154,Santa Marta,1,1,0,12762,0,0,0,0,0,0,12762,0,0,0
2021-12-13,port1154,Santa Marta,2,1,0,3313,0,0,0,0,0,0,3313,0,0,0
2021-12-14,port1154,Santa Marta,1,1,0,4052,0,0,0,0,0,0,4052,0,0,0
2021-12-15,port1154,Santa Marta,1,0,2232,0,0,0,0,0,2232,0,0,0,0,0
2021-12-16,port1154,Santa Marta,1,0,0,24559,0,0,0,0,0,0,0,0,24559,0
2021-12-17,port1154,Santa Marta,2,1,36585,0,32242,4343,0,0,0,0,0,0,0,0
2021-12-18,port1154,Santa Marta,3,3,852,15934,0,852,0,0,0,0,15934,0,0,0
2021-12-19,port1154,Santa Marta,1,0,0,48731,0,0,0,0,0,48731,0,0,0,0
2021-12-20,port1154,Santa Marta,0,0,0,0,0,0,0,0,0,0,0,0,0,0
2021-12-21,port1154,Santa Marta,3,1,1668,599,0,0,1668,0,0,0,599,0,0,0
2021-12-22,port1154,Santa Marta,0,0,0,0,0,0,0,0,0,0,0,0,0,0
2021-12-23,port1154,Santa Marta,2,2,2317,1165,0,2317,0,0,0,0,1165,0,0,0
2021-12-24,port1154,Santa Marta,1,1,6760,0,0,6760,0,0,0,0,0,0,0,0
2021-12-25,port1154,Santa Marta,3,2,7064,2550,0,7064,0,0,0,0,2550,0,0,0
2021-12-26,port1154,Santa Marta,1,1,0,12145,0,0,0,0,0,0,12145,0,0,0
2021-12-27,port1154,Santa Marta,3,1,58961,6479,57432,1529,0,0,0,6479,0,0,0,0
2021-12-28,port1154,Santa Marta,2,1,852,17007,0,852,0,0,0,0,2155,14852,0,0
2021-12-29,port1154,Santa Marta,4,1,15956,2155,15103,852,0,0,0,0,2155,0,0,0
2021-12-30,port1154,Santa Marta,2,0,12446,8821,12446,0,0,0,0,8821,0,0,0,0
2021-12-31,port1154,Santa Marta,1,0,1459,0,1459,0,0,0,0,0,0,0,0,0
2022-01-01,port1154,Santa Marta,2,2,852,5734,0,852,0,0,0,0,5734,0,0,0
2022-01-02,port1154,Santa Marta,4,2,1768,8958,0,388,0,0,1380,0,8958,0,0,0
2022-01-03,port1154,Santa Marta,2,1,25694,2346,25694,0,0,0,0,0,2346,0,0,0
2022-01-04,port1154,Santa Marta,4,0,50234,6479,46306,0,3928,0,0,6479,0,0,0,0
2022-01-05,port1154,Santa Marta,0,0,0,0,0,0,0,0,0,0,0,0,0,0
2022-01-06,port1154,Santa Marta,2,2,0,1632,0,0,0,0,0,0,1632,0,0,0
2022-01-07,port1154,Santa Marta,2,1,21611,6479,15824,5787,0,0,0,6479,0,0,0,0
2022-01-08,port1154,Santa Marta,2,1,3643,508,0,0,0,0,3643,0,508,0,0,0
2022-01-09,port1154,Santa Marta,3,1,15824,18895,15824,0,0,0,0,6479,12416,0,0,0
2022-01-10,port1154,Santa Marta,3,0,52559,355,52559,0,0,0,0,0,0,355,0,0
2022-01-11,port1154,Santa Marta,4,2,17631,6479,15824,1806,0,0,0,6479,0,0,0,0
2022-01-12,port1154,Santa Marta,4,2,11371,3939,8654,852,1863,0,0,0,3158,781,0,0
2022-01-13,port1154,Santa Marta,3,1,3727,3113,0,0,3727,0,0,0,1551,1562,0,0
2022-01-14,port1154,Santa Marta,2,1,7248,9096,0,7248,0,0,0,9096,0,0,0,0
2022-01-15,port1154,Santa Marta,4,1,40110,5079,40110,0,0,0,0,4058,1020,0,0,0
2022-01-16,port1154,Santa Marta,3,1,15824,15781,15824,0,0,0,0,6479,3317,0,5985,0
2022-01-17,port1154,Santa Marta,2,0,9143,0,7616,0,1526,0,0,0,0,0,0,0
2022-01-18,port1154,Santa Marta,1,1,1212,0,0,1212,0,0,0,0,0,0,0,0
2022-01-19,port1154,Santa Marta,3,1,35331,2312,35331,0,0,0,0,0,988,1324,0,0
2022-01-20,port1154,Santa Marta,2,1,53170,1345,53170,0,0,0,0,0,1345,0,0,0
2022-01-21,port1154,Santa Marta,3,1,9204,34141,0,9204,0,0,0,0,0,453,33687,0
2022-01-22,port1154,Santa Marta,2,2,962,2041,0,962,0,0,0,0,2041,0,0,0
2022-01-23,port1154,Santa Marta,5,2,13390,5820,8636,0,0,4753,0,0,5820,0,0,0
2022-01-24,port1154,Santa Marta,2,1,0,740,0,0,0,0,0,0,740,0,0,0
2022-01-25,port1154,Santa Marta,3,1,62716,0,59546,2713,0,0,456,0,0,0,0,0
2022-01-26,port1154,Santa Marta,0,0,0,0,0,0,0,0,0,0,0,0,0,0
2022-01-27,port1154,Santa Marta,2,1,852,15571,0,852,0,0,0,13415,2155,0,0,0
2022-01-28,port1154,Santa Marta,2,1,6808,18036,0,6808,0,0,0,18036,0,0,0,0
2022-01-29,port1154,Santa Marta,3,2,28702,4607,28220,482,0,0,0,0,4607,0,0,0
2022-01-30,port1154,Santa Marta,3,2,0,18626,0,0,0,0,0,0,14984,0,3642,0
2022-01-31,port1154,Santa Marta,1,1,0,0,0,0,0,0,0,0,0,0,0,0
2022-02-01,port1154,Santa Marta,2,1,32753,1213,32753,0,0,0,0,0,1213,0,0,0
2022-02-02,port1154,Santa Marta,1,0,15824,6479,15824,0,0,0,0,6479,0,0,0,0
2022-02-03,port1154,Santa Marta,2,0,11612,12246,0,0,0,11612,0,12246,0,0,0,0
2022-02-04,port1154,Santa Marta,2,1,11417,0,7575,3841,0,0,0,0,0,0,0,0
2022-02-05,port1154,Santa Marta,2,2,6804,11718,0,6804,0,0,0,0,11718,0,0,0
2022-02-06,port1154,Santa Marta,1,0,3366,0,0,0,3366,0,0,0,0,0,0,0
2022-02-07,port1154,Santa Marta,3,1,1863,1148,0,0,1863,0,0,0,367,781,0,0
2022-02-08,port1154,Santa Marta,1,0,19355,0,19355,0,0,0,0,0,0,0,0,0
2022-02-09,port1154,Santa Marta,2,2,2647,0,0,2647,0,0,0,0,0,0,0,0
2022-02-10,port1154,Santa Marta,4,1,61288,0,59357,387,1543,0,0,0,0,0,0,0
2022-02-11,port1154,Santa Marta,0,0,0,0,0,0,0,0,0,0,0,0,0,0
2022-02-12,port1154,Santa Marta,2,2,1978,0,0,1978,0,0,0,0,0,0,0,0
2022-02-13,port1154,Santa Marta,1,1,0,7346,0,0,0,0,0,0,7346,0,0,0
2022-02-14,port1154,Santa Marta,3,1,1088,33105,0,852,235,0,0,30949,2155,0,0,0
2022-02-15,port1154,Santa Marta,2,1,2050,1215,0,0,2050,0,0,0,1215,0,0,0
2022-02-16,port1154,Santa Marta,1,0,3175,0,3175,0,0,0,0,0,0,0,0,0
2022-02-17,port1154,Santa Marta,3,2,954,388,0,485,469,0,0,0,388,0,0,0
2022-02-18,port1154,Santa Marta,2,0,19025,92,18420,0,0,0,605,0,0,0,0,92
2022-02-19,port1154,Santa Marta,5,2,1989,12792,0,0,1989,0,0,0,8986,3806,0,0
2022-02-20,port1154,Santa Marta,2,1,1931,15196,0,1931,0,0,0,15196,0,0,0,0
2022-02-21,port1154,Santa Marta,1,1,0,734,0,0,0,0,0,0,734,0,0,0
2022-02-22,port1154,Santa Marta,1,1,0,2436,0,0,0,0,0,0,2436,0,0,0
2022-02-23,port1154,Santa Marta,1,0,0,0,0,0,0,0,0,0,0,0,0,0
2022-02-24,port1154,Santa Marta,1,0,1863,781,0,0,1863,0,0,0,0,781,0,0
2022-02-25,port1154,Santa Marta,0,0,0,0,0,0,0,0,0,0,0,0,0,0
2022-02-26,port1154,Santa Marta,4,2,28729,1532,28246,482,0,0,0,0,1532,0,0,0
2022-02-27,port1154,Santa Marta,2,1,29781,2155,28928,852,0,0,0,0,2155,0,0,0
2022-02-28,port1154,Santa Marta,1,1,1841,0,0,1841,0,0,0,0,0,0,0,0
2022-03-01,port1154,Santa Marta,2,1,30603,1813,0,0,0,30603,0,0,1813,0,0,0
2022-03-02,port1154,Santa Marta,0,0,0,0,0,0,0,0,0,0,0,0,0,0
2022-03-03,port1154,Santa Marta,1,0,51757,0,51757,0,0,0,0,0,0,0,0,0
2022-03-04,port1154,Santa Marta,1,0,1305,0,0,0,0,0,1305,0,0,0,0,0
2022-03-05,port1154,Santa Marta,4,2,18904,9655,18051,852,0,0,0,6479,3176,0,0,0
2022-03-06,port1154,Santa Marta,1,1,0,5846,0,0,0,0,0,0,5846,0,0,0
2022-03-07,port1154,Santa Marta,2,1,2332,5153,0,0,0,2332,0,0,369,0,4783,0
2022-03-08,port1154,Santa Marta,2,1,0,30404,0,0,0,0,0,28362,2041,0,0,0
2022-03-09,port1154,Santa Marta,2,1,3161,2467,0,0,3161,0,0,0,2467,0,0,0
2022-03-10,port1154,Santa Marta,2,1,2322,0,1933,389,0,0,0,0,0,0,0,0
2022-03-11,port1154,Santa Marta,3,0,18365,6479,15824,0,0,1155,1384,6479,0,0,0,0
2022-03-12,port1154,Santa Marta,2,2,509,2447,0,509,0,0,0,0,2447,0,0,0
2022-03-13,port1154,Santa Marta,1,0,7786,0,7786,0,0,0,0,0,0,0,0,0
2022-03-14,port1154,Santa Marta,2,1,25388,0,24280,1108,0,0,0,0,0,0,0,0
2022-03-15,port1154,Santa Marta,1,1,0,1214,0,0,0,0,0,0,1214,0,0,0
2022-03-16,port1154,Santa Marta,3,0,10510,34628,10510,0,0,0,0,0,0,0,34065,563
2022-03-17,port1154,Santa Marta,0,0,0,0,0,0,0,0,0,0,0,0,0,0
2022-03-18,port1154,Santa Marta,2,1,8172,0,8172,0,0,0,0,0,0,0,0,0
2022-03-19,port1154,Santa Marta,3,1,16677,15548,15824,852,0,0,0,6479,2155,6913,0,0
2022-03-20,port1154,Santa Marta,2,1,0,51221,0,0,0,0,0,35527,15694,0,0,0
2022-03-21,port1154,Santa Marta,3,2,2341,2155,0,2341,0,0,0,0,2155,0,0,0
2022-03-22,port1154,Santa Marta,4,2,6384,3785,6384,0,0,0,0,0,3785,0,0,0
2022-03-23,port1154,Santa Marta,3,0,19740,0,17978,0,0,0,1761,0,0,0,0,0
2022-03-24,port1154,Santa Marta,1,1,0,388,0,0,0,0,0,0,388,0,0,0
2022-03-25,port1154,Santa Marta,1,0,149,0,0,0,149,0,0,0,0,0,0,0
2022-03-26,port1154,Santa Marta,2,2,0,15818,0,0,0,0,0,0,15818,0,0,0
2022-03-27,port1154,Santa Marta,0,0,0,0,0,0,0,0,0,0,0,0,0,0
2022-03-28,port1154,Santa Marta,2,1,739,0,0,739,0,0,0,0,0,0,0,0
2022-03-29,port1154,Santa Marta,2,1,0,27452,0,0,0,0,0,0,1822,0,25629,0
2022-03-30,port1154,Santa Marta,0,0,0,0,0,0,0,0,0,0,0,0,0,0
2022-03-31,port1154,Santa Marta,3,2,0,5299,0,0,0,0,0,0,1645,0,3654,0
2022-04-01,port1154,Santa Marta,0,0,0,0,0,0,0,0,0,0,0,0,0,0
2022-04-02,port1154,Santa Marta,4,2,17007,12546,15824,852,329,0,0,6479,6067,0,0,0
2022-04-03,port1154,Santa Marta,1,0,16443,0,16443,0,0,0,0,0,0,0,0,0
2022-04-04,port1154,Santa Marta,1,1,370,0,0,370,0,0,0,0,0,0,0,0
2022-04-05,port1154,Santa Marta,3,2,3894,5762,3894,0,0,0,0,0,5762,0,0,0
2022-04-06,port1154,Santa Marta,0,0,0,0,0,0,0,0,0,0,0,0,0,0
2022-04-07,port1154,Santa Marta,2,1,0,32752,0,0,0,0,0,31972,780,0,0,0
2022-04-08,port1154,Santa Marta,0,0,0,0,0,0,0,0,0,0,0,0,0,0
2022-04-09,port1154,Santa Marta,3,2,20003,0,15587,4415,0,0,0,0,0,0,0,0
2022-04-10,port1154,Santa Marta,2,1,8376,0,6418,1958,0,0,0,0,0,0,0,0
2022-04-11,port1154,Santa Marta,1,1,745,0,0,745,0,0,0,0,0,0,0,0
2022-04-12,port1154,Santa Marta,2,1,10647,3623,10647,0,0,0,0,0,3623,0,0,0
2022-04-13,port1154,Santa Marta,1,0,32806,0,32806,0,0,0,0,0,0,0,0,0
2022-04-14,port1154,Santa Marta,1,0,1461,0,0,0,1461,0,0,0,0,0,0,0
2022-04-15,port1154,Santa Marta,1,0,3745,0,0,0,3745,0,0,0,0,0,0,0
2022-04-16,port1154,Santa Marta,3,3,2065,2914,0,2065,0,0,0,0,2914,0,0,0
2022-04-17,port1154,Santa Marta,1,1,0,6939,0,0,0,0,0,0,6939,0,0,0
2022-04-18,port1154,Santa Marta,1,1,2577,0,0,2577,0,0,0,0,0,0,0,0
2022-04-19,port1154,Santa Marta,4,0,58974,7563,57668,0,0,0,1305,6479,0,1084,0,0
2022-04-20,port1154,Santa Marta,2,0,555,45676,0,0,0,0,555,45676,0,0,0,0
2022-04-21,port1154,Santa Marta,3,1,5822,1357,0,0,4949,0,873,0,1357,0,0,0
2022-04-22,port1154,Santa Marta,2,1,178,389,0,0,178,0,0,0,389,0,0,0
2022-04-23,port1154,Santa Marta,4,1,66734,10054,33030,0,0,33704,0,6479,3574,0,0,0
2022-04-24,port1154,Santa Marta,3,1,17985,10390,15824,0,2160,0,0,6479,3911,0,0,0
2022-04-25,port1154,Santa Marta,2,1,17292,6479,15824,1467,0,0,0,6479,0,0,0,0
2022-04-26,port1154,Santa Marta,1,0,34707,0,34707,0,0,0,0,0,0,0,0,0
2022-04-27,port1154,Santa Marta,1,1,0,3047,0,0,0,0,0,0,3047,0,0,0
2022-04-28,port1154,Santa Marta,2,0,8576,0,0,0,3624,4951,0,0,0,0,0,0
2022-04-29,port1154,Santa Marta,2,1,58678,387,58678,0,0,0,0,0,387,0,0,0
2022-04-30,port1154,Santa Marta,2,2,9323,2155,0,9323,0,0,0,0,2155,0,0,0
2022-05-01,port1154,Santa Marta,3,1,68330,9297,68330,0,0,0,0,0,9297,0,0,0
2022-05-02,port1154,Santa Marta,1,1,852,2155,0,852,0,0,0,0,2155,0,0,0
2022-05-03,port1154,Santa Marta,1,1,0,2718,0,0,0,0,0,0,2718,0,0,0
2022-05-04,port1154,Santa Marta,2,1,5414,2155,4562,852,0,0,0,0,2155,0,0,0
2022-05-05,port1154,Santa Marta,1,0,15824,6479,15824,0,0,0,0,6479,0,0,0,0
2022-05-06,port1154,Santa Marta,1,1,0,390,0,0,0,0,0,0,390,0,0,0
2022-05-07,port1154,Santa Marta,2,1,8180,3066,8180,0,0,0,0,0,3066,0,0,0
2022-05-08,port1154,Santa Marta,1,1,0,0,0,0,0,0,0,0,0,0,0,0
2022-05-09,port1154,Santa Marta,2,1,3383,0,2283,1099,0,0,0,0,0,0,0,0
2022-05-10,port1154,Santa Marta,1,1,0,600,0,0,0,0,0,0,600,0,0,0
2022-05-11,port1154,Santa Marta,1,0,838,0,0,0,0,0,838,0,0,0,0,0
2022-05-12,port1154,Santa Marta,2,0,25768,0,22681,0,3086,0,0,0,0,0,0,0
2022-05-13,port1154,Santa Marta,4,2,924,2222,0,0,0,0,924,0,2222,0,0,0
2022-05-14,port1154,Santa Marta,2,2,1705,4310,0,1705,0,0,0,0,4310,0,0,0
2022-05-15,port1154,Santa Marta,1,1,0,7395,0,0,0,0,0,0,7395,0,0,0
2022-05-16,port1154,Santa Marta,2,1,1478,50341,0,1478,0,0,0,50341,0,0,0,0
2022-05-17,port1154,Santa Marta,3,0,3230,0,2900,0,329,0,0,0,0,0,0,0
2022-05-18,port1154,Santa Marta,2,2,1705,4310,0,1705,0,0,0,0,4310,0,0,0
2022-05-19,port1154,Santa Marta,3,0,2332,4783,0,0,0,2332,0,0,0,0,4783,0
2022-05-20,port1154,Santa Marta,1,0,608,0,0,0,608,0,0,0,0,0,0,0
2022-05-21,port1154,Santa Marta,4,3,0,10356,0,0,0,0,0,0,10356,0,0,0
2022-05-22,port1154,Santa Marta,3,1,21052,390,16358,0,4693,0,0,0,390,0,0,0
2022-05-23,port1154,Santa Marta,2,0,0,78181,0,0,0,0,0,78181,0,0,0,0
2022-05-24,port1154,Santa Marta,1,1,0,1210,0,0,0,0,0,0,1210,0,0,0
2022-05-25,port1154,Santa Marta,2,1,26681,0,26312,368,0,0,0,0,0,0,0,0
2022-05-26,port1154,Santa Marta,2,1,57272,0,56373,898,0,0,0,0,0,0,0,0
2022-05-27,port1154,Santa Marta,1,1,772,0,0,772,0,0,0,0,0,0,0,0
2022-05-28,port1154,Santa Marta,3,2,5400,4783,0,3067,0,2332,0,0,0,0,4783,0
2022-05-29,port1154,Santa Marta,4,1,58409,10429,58409,0,0,0,0,6491,3937,0,0,0
2022-05-30,port1154,Santa Marta,1,0,0,4290,0,0,0,0,0,4290,0,0,0,0
2022-05-31,port1154,Santa Marta,0,0,0,0,0,0,0,0,0,0,0,0,0,0
2022-06-01,port1154,Santa Marta,2,1,61965,0,59953,2011,0,0,0,0,0,0,0,0
2022-06-02,port1154,Santa Marta,2,1,1108,0,0,1108,0,0,0,0,0,0,0,0
2022-06-03,port1154,Santa Marta,3,1,3277,1164,2949,0,328,0,0,0,1164,0,0,0
2022-06-04,port1154,Santa Marta,2,2,1821,2155,0,1821,0,0,0,0,2155,0,0,0
2022-06-05,port1154,Santa Marta,1,1,0,4427,0,0,0,0,0,0,4427,0,0,0
2022-06-06,port1154,Santa Marta,3,1,1969,51485,0,0,1969,0,0,51485,0,0,0,0
2022-06-07,port1154,Santa Marta,1,0,0,0,0,0,0,0,0,0,0,0,0,0
2022-06-08,port1154,Santa Marta,2,1,12926,1818,0,0,12926,0,0,0,1818,0,0,0
2022-06-09,port1154,Santa Marta,2,1,852,4457,0,852,0,0,0,0,2155,0,2302,0
2022-06-10,port1154,Santa Marta,1,0,35300,0,35300,0,0,0,0,0,0,0,0,0
2022-06-11,port1154,Santa Marta,3,3,482,8427,0,482,0,0,0,0,8427,0,0,0
2022-06-12,port1154,Santa Marta,2,0,1058,1835,0,0,1058,0,0,0,0,1835,0,0
2022-06-13,port1154,Santa Marta,3,1,19758,6571,15824,3328,0,0,605,6479,0,0,0,92
2022-06-14,port1154,Santa Marta,1,1,0,2033,0,0,0,0,0,0,2033,0,0,0
2022-06-15,port1154,Santa Marta,4,1,54024,0,53528,495,0,0,0,0,0,0,0,0
2022-06-16,port1154,Santa Marta,3,1,32502,15114,31649,852,0,0,0,12958,2155,0,0,0
2022-06-17,port1154,Santa Marta,0,0,0,0,0,0,0,0,0,0,0,0,0,0
2022-06-18,port1154,Santa Marta,5,3,7191,15381,0,6586,0,0,605,0,6478,0,8810,92
2022-06-19,port1154,Santa Marta,2,0,17004,6479,15824,0,0,0,1179,6479,0,0,0,0
2022-06-20,port1154,Santa Marta,1,1,1478,0,0,1478,0,0,0,0,0,0,0,0
2022-06-21,port1154,Santa Marta,1,1,852,2155,0,852,0,0,0,0,2155,0,0,0
2022-06-22,port1154,Santa Marta,1,0,0,10177,0,0,0,0,0,0,0,0,10177,0
2022-06-23,port1154,Santa Marta,2,1,2137,0,0,485,1652,0,0,0,0,0,0,0
2022-06-24,port1154,Santa Marta,2,1,852,2155,0,852,0,0,0,0,2155,0,0,0
2022-06-25,port1154,Santa Marta,3,2,39006,2543,35073,3933,0,0,0,0,2543,0,0,0
2022-06-26,port1154,Santa Marta,0,0,0,0,0,0,0,0,0,0,0,0,0,0
2022-06-27,port1154,Santa Marta,1,1,0,4814,0,0,0,0,0,0,4814,0,0,0
2022-06-28,port1154,Santa Marta,1,1,0,1800,0,0,0,0,0,0,1800,0,0,0
2022-06-29,port1154,Santa Marta,3,1,20125,5497,19272,852,0,0,0,3341,2155,0,0,0
2022-06-30,port1154,Santa Marta,1,1,0,390,0,0,0,0,0,0,390,0,0,0
2022-07-01,port1154,Santa Marta,2,1,37556,2155,36703,852,0,0,0,0,2155,0,0,0
2022-07-02,port1154,Santa Marta,2,2,509,3903,0,509,0,0,0,0,3903,0,0,0
2022-07-03,port1154,Santa Marta,2,0,0,33207,0,0,0,0,0,33207,0,0,0,0
2022-07-04,port1154,Santa Marta,2,0,1021,0,457,0,0,0,563,0,0,0,0,0
2022-07-05,port1154,Santa Marta,3,1,1594,0,0,604,990,0,0,0,0,0,0,0
2022-07-06,port1154,Santa Marta,2,0,11320,83890,11320,0,0,0,0,83890,0,0,0,0
2022-07-07,port1154,Santa Marta,1,1,771,0,0,771,0,0,0,0,0,0,0,0
2022-07-08,port1154,Santa Marta,1,1,0,972,0,0,0,0,0,0,972,0,0,0
2022-07-09,port1154,Santa Marta,3,2,32499,2155,26418,6080,0,0,0,0,2155,0,0,0
2022-07-10,port1154,Santa Marta,2,1,0,12843,0,0,0,0,0,0,12843,0,0,0
2022-07-11,port1154,Santa Marta,4,1,56231,6479,52726,2581,0,0,923,6479,0,0,0,0
2022-07-12,port1154,Santa Marta,1,1,0,3352,0,0,0,0,0,0,3352,0,0,0
2022-07-13,port1154,Santa Marta,2,0,28453,0,22093,0,6360,0,0,0,0,0,0,0
2022-07-14,port1154,Santa Marta,0,0,0,0,0,0,0,0,0,0,0,0,0,0
2022-07-15,port1154,Santa Marta,2,1,0,967,0,0,0,0,0,0,967,0,0,0
2022-07-16,port1154,Santa Marta,2,2,509,11664,0,509,0,0,0,0,11664,0,0,0
2022-07-17,port1154,Santa Marta,0,0,0,0,0,0,0,0,0,0,0,0,0,0
2022-07-18,port1154,Santa Marta,5,2,29198,386,26264,743,0,1733,457,0,386,0,0,0
2022-07-19,port1154,Santa Marta,3,1,11004,1802,10386,0,0,618,0,0,1802,0,0,0
2022-07-20,port1154,Santa Marta,2,0,2332,4783,0,0,0,2332,0,0,0,0,4783,0
2022-07-21,port1154,Santa Marta,2,0,32475,0,32475,0,0,0,0,0,0,0,0,0
2022-07-22,port1154,Santa Marta,2,0,9318,0,7772,0,0,1546,0,0,0,0,0,0
2022-07-23,port1154,Santa Marta,2,2,6700,0,0,6700,0,0,0,0,0,0,0,0
2022-07-24,port1154,Santa Marta,2,1,483,7011,0,483,0,0,0,7011,0,0,0,0
2022-07-25,port1154,Santa Marta,2,1,18632,368,18632,0,0,0,0,0,368,0,0,0
2022-07-26,port1154,Santa Marta,3,2,10463,9875,10463,0,0,0,0,0,9875,0,0,0
2022-07-27,port1154,Santa Marta,1,0,12942,0,12942,0,0,0,0,0,0,0,0,0
2022-07-28,port1154,Santa Marta,1,1,965,0,0,965,0,0,0,0,0,0,0,0
2022-07-29,port1154,Santa Marta,0,0,0,0,0,0,0,0,0,0,0,0,0,0
2022-07-30,port1154,Santa Marta,2,2,852,2935,0,852,0,0,0,0,2935,0,0,0
2022-07-31,port1154,Santa Marta,4,1,605,42294,0,0,0,0,605,38819,3382,0,0,92
2022-08-01,port1154,Santa Marta,1,1,0,741,0,0,0,0,0,0,741,0,0,0
2022-08-02,port1154,Santa Marta,2,1,0,72969,0,0,0,0,0,71757,1212,0,0,0
2022-08-03,port1154,Santa Marta,4,0,5912,0,5751,0,160,0,0,0,0,0,0,0
2022-08-04,port1154,Santa Marta,1,1,966,0,0,966,0,0,0,0,0,0,0,0
2022-08-05,port1154,Santa Marta,0,0,0,0,0,0,0,0,0,0,0,0,0,0
2022-08-06,port1154,Santa Marta,4,1,56437,2155,55584,852,0,0,0,0,2155,0,0,0
2022-08-07,port1154,Santa Marta,2,2,852,6077,0,852,0,0,0,0,6077,0,0,0
2022-08-08,port1154,Santa Marta,3,1,31163,0,28992,1843,326,0,0,0,0,0,0,0
2022-08-09,port1154,Santa Marta,3,1,35008,3619,35008,0,0,0,0,0,3619,0,0,0
2022-08-10,port1154,Santa Marta,1,1,852,2155,0,852,0,0,0,0,2155,0,0,0
2022-08-11,port1154,Santa Marta,0,0,0,0,0,0,0,0,0,0,0,0,0,0
2022-08-12,port1154,Santa Marta,3,1,2909,7063,0,0,1599,0,1309,0,7063,0,0,0
2022-08-13,port1154,Santa Marta,3,1,27551,7260,15824,9863,1863,0,0,6479,0,781,0,0
2022-08-14,port1154,Santa Marta,3,0,78806,0,78216,0,0,0,590,0,0,0,0,0
2022-08-15,port1154,Santa Marta,2,1,18805,0,17338,1467,0,0,0,0,0,0,0,0
2022-08-16,port1154,Santa Marta,2,1,8961,1804,8961,0,0,0,0,0,1804,0,0,0
2022-08-17,port1154,Santa Marta,1,0,36323,0,36323,0,0,0,0,0,0,0,0,0
2022-08-18,port1154,Santa Marta,1,1,449,0,0,449,0,0,0,0,0,0,0,0
2022-08-19,port1154,Santa Marta,2,1,48838,0,47383,1454,0,0,0,0,0,0,0,0
2022-08-20,port1154,Santa Marta,1,1,0,1534,0,0,0,0,0,0,1534,0,0,0
2022-08-21,port1154,Santa Marta,2,1,1372,9790,0,0,0,0,1372,0,9790,0,0,0
2022-08-22,port1154,Santa Marta,2,1,737,14294,0,737,0,0,0,14294,0,0,0,0
2022-08-23,port1154,Santa Marta,2,1,0,15623,0,0,0,0,0,12936,2686,0,0,0
2022-08-24,port1154,Santa Marta,0,0,0,0,0,0,0,0,0,0,0,0,0,0
2022-08-25,port1154,Santa Marta,1,1,852,2155,0,852,0,0,0,0,2155,0,0,0
2022-08-26,port1154,Santa Marta,2,1,35777,0,34324,1452,0,0,0,0,0,0,0,0
2022-08-27,port1154,Santa Marta,2,1,7153,2155,6300,852,0,0,0,0,2155,0,0,0
2022-08-28,port1154,Santa Marta,1,1,0,4917,0,0,0,0,0,0,4917,0,0,0
2022-08-29,port1154,Santa Marta,2,1,2592,38030,0,2592,0,0,0,38030,0,0,0,0
2022-08-30,port1154,Santa Marta,0,0,0,0,0,0,0,0,0,0,0,0,0,0
2022-08-31,port1154,Santa Marta,3,1,42452,0,41847,605,0,0,0,0,0,0,0,0
2022-09-01,port1154,Santa Marta,2,1,852,2630,0,852,0,0,0,0,2155,475,0,0
2022-09-02,port1154,Santa Marta,3,0,29482,2137,21542,0,0,7939,0,0,0,2137,0,0
2022-09-03,port1154,Santa Marta,1,1,0,2053,0,0,0,0,0,0,2053,0,0,0
2022-09-04,port1154,Santa Marta,2,1,1111,4422,0,0,1111,0,0,0,4422,0,0,0
2022-09-05,port1154,Santa Marta,3,1,1383,50541,0,0,0,0,1383,48311,2229,0,0,0
2022-09-06,port1154,Santa Marta,1,1,0,679,0,0,0,0,0,0,679,0,0,0
2022-09-07,port1154,Santa Marta,2,1,9393,0,0,494,8898,0,0,0,0,0,0,0
2022-09-08,port1154,Santa Marta,3,1,4498,2155,0,852,2530,0,1115,0,2155,0,0,0
2022-09-09,port1154,Santa Marta,3,1,25489,2155,24637,852,0,0,0,0,2155,0,0,0
2022-09-10,port1154,Santa Marta,1,1,852,2155,0,852,0,0,0,0,2155,0,0,0
2022-09-11,port1154,Santa Marta,2,1,0,26219,0,0,0,0,0,17351,8867,0,0,0
2022-09-12,port1154,Santa Marta,3,1,21453,0,18740,2712,0,0,0,0,0,0,0,0
2022-09-13,port1154,Santa Marta,3,1,0,38041,0,0,0,0,0,36836,1205,0,0,0
2022-09-14,port1154,Santa Marta,0,0,0,0,0,0,0,0,0,0,0,0,0,0
2022-09-15,port1154,Santa Marta,4,2,1705,4310,0,1705,0,0,0,0,4310,0,0,0
2022-09-16,port1154,Santa Marta,3,1,12598,458,11634,964,0,0,0,0,0,0,0,458
2022-09-17,port1154,Santa Marta,2,1,852,2155,0,852,0,0,0,0,2155,0,0,0
2022-09-18,port1154,Santa Marta,1,1,0,4436,0,0,0,0,0,0,4436,0,0,0
2022-09-19,port1154,Santa Marta,2,1,6369,0,0,1478,4890,0,0,0,0,0,0,0
2022-09-20,port1154,Santa Marta,1,1,0,1209,0,0,0,0,0,0,1209,0,0,0
2022-09-21,port1154,Santa Marta,4,1,6153,2155,5300,852,0,0,0,0,2155,0,0,0
2022-09-22,port1154,Santa Marta,1,1,1933,0,0,1933,0,0,0,0,0,0,0,0
2022-09-23,port1154,Santa Marta,2,1,30432,979,30432,0,0,0,0,0,979,0,0,0
2022-09-24,port1154,Santa Marta,2,1,6006,0,0,5676,329,0,0,0,0,0,0,0
2022-09-25,port1154,Santa Marta,2,1,0,8844,0,0,0,0,0,0,8844,0,0,0
2022-09-26,port1154,Santa Marta,2,1,3122,4717,3122,0,0,0,0,0,4717,0,0,0
2022-09-27,port1154,Santa Marta,2,1,1206,15891,0,1206,0,0,0,15891,0,0,0,0
2022-09-28,port1154,Santa Marta,1,0,1525,0,0,0,1525,0,0,0,0,0,0,0
2022-09-29,port1154,Santa Marta,1,1,852,2155,0,852,0,0,0,0,2155,0,0,0
2022-09-30,port1154,Santa Marta,3,1,69842,486,69842,0,0,0,0,0,486,0,0,0
2022-10-01,port1154,Santa Marta,1,1,0,2039,0,0,0,0,0,0,2039,0,0,0
2022-10-02,port1154,Santa Marta,0,0,0,0,0,0,0,0,0,0,0,0,0,0
2022-10-03,port1154,Santa Marta,4,1,29586,0,23734,3519,0,2333,0,0,0,0,0,0
2022-10-04,port1154,Santa Marta,2,1,24031,2155,23179,852,0,0,0,0,2155,0,0,0
2022-10-05,port1154,Santa Marta,0,0,0,0,0,0,0,0,0,0,0,0,0,0
2022-10-06,port1154,Santa Marta,2,1,1232,2155,0,852,379,0,0,0,2155,0,0,0
2022-10-07,port1154,Santa Marta,2,1,1423,1444,0,0,1423,0,0,0,1444,0,0,0
2022-10-08,port1154,Santa Marta,2,1,852,8585,0,852,0,0,0,0,2155,6429,0,0
2022-10-09,port1154,Santa Marta,2,1,0,36995,0,0,0,0,0,33074,3921,0,0,0
2022-10-10,port1154,Santa Marta,3,1,14029,0,0,399,12449,0,1179,0,0,0,0,0
2022-10-11,port1154,Santa Marta,2,1,1863,1985,0,0,1863,0,0,0,1203,781,0,0
2022-10-12,port1154,Santa Marta,0,0,0,0,0,0,0,0,0,0,0,0,0,0
2022-10-13,port1154,Santa Marta,2,1,20058,0,19672,385,0,0,0,0,0,0,0,0
2022-10-14,port1154,Santa Marta,1,0,15824,6479,15824,0,0,0,0,6479,0,0,0,0
2022-10-15,port1154,Santa Marta,1,1,0,1532,0,0,0,0,0,0,1532,0,0,0
2022-10-16,port1154,Santa Marta,3,1,1128,39713,0,0,0,0,1128,30913,8800,0,0,0
2022-10-17,port1154,Santa Marta,3,1,8415,0,7677,738,0,0,0,0,0,0,0,0
2022-10-18,port1154,Santa Marta,1,1,1356,0,0,1356,0,0,0,0,0,0,0,0
2022-10-19,port1154,Santa Marta,4,1,26183,17730,25578,0,0,0,605,17147,490,0,0,92
2022-10-20,port1154,Santa Marta,1,1,389,0,0,389,0,0,0,0,0,0,0,0
2022-10-21,port1154,Santa Marta,2,1,14405,0,12963,1442,0,0,0,0,0,0,0,0
2022-10-22,port1154,Santa Marta,2,1,852,9838,0,852,0,0,0,0,2155,0,7683,0
2022-10-23,port1154,Santa Marta,1,1,0,6337,0,0,0,0,0,0,6337,0,0,0
2022-10-24,port1154,Santa Marta,3,1,57474,0,57106,368,0,0,0,0,0,0,0,0
2022-10-25,port1154,Santa Marta,1,1,0,4826,0,0,0,0,0,0,4826,0,0,0
2022-10-26,port1154,Santa Marta,0,0,0,0,0,0,0,0,0,0,0,0,0,0
2022-10-27,port1154,Santa Marta,2,2,765,483,0,765,0,0,0,0,483,0,0,0
2022-10-28,port1154,Santa Marta,3,1,444,1908,444,0,0,0,0,0,485,1423,0,0
2022-10-29,port1154,Santa Marta,2,1,22134,1535,0,0,0,22134,0,0,1535,0,0,0
2022-10-30,port1154,Santa Marta,0,0,0,0,0,0,0,0,0,0,0,0,0,0
2022-10-31,port1154,Santa Marta,2,1,21033,0,20291,741,0,0,0,0,0,0,0,0
2022-11-01,port1154,Santa Marta,3,1,23968,2155,22654,852,0,0,460,0,2155,0,0,0
2022-11-02,port1154,Santa Marta,1,0,0,55588,0,0,0,0,0,55588,0,0,0,0
2022-11-03,port1154,Santa Marta,1,1,852,2155,0,852,0,0,0,0,2155,0,0,0
2022-11-04,port1154,Santa Marta,3,1,0,41952,0,0,0,0,0,40389,492,1070,0,0
2022-11-05,port1154,Santa Marta,3,2,511,4848,0,511,0,0,0,0,4848,0,0,0
2022-11-06,port1154,Santa Marta,2,0,2529,15785,0,0,2529,0,0,0,0,0,15785,0
2022-11-07,port1154,Santa Marta,1,1,739,0,0,739,0,0,0,0,0,0,0,0
2022-11-08,port1154,Santa Marta,2,1,46394,1808,46394,0,0,0,0,0,1808,0,0,0
2022-11-09,port1154,Santa Marta,1,0,554,0,554,0,0,0,0,0,0,0,0,0
2022-11-10,port1154,Santa Marta,3,2,10059,2929,9207,852,0,0,0,0,2929,0,0,0
2022-11-11,port1154,Santa Marta,3,1,329,1558,0,0,329,0,0,0,486,1071,0,0
2022-11-12,port1154,Santa Marta,1,1,2041,0,0,2041,0,0,0,0,0,0,0,0
2022-11-13,port1154,Santa Marta,4,1,17451,3863,17451,0,0,0,0,0,3863,0,0,0
2022-11-14,port1154,Santa Marta,1,1,737,0,0,737,0,0,0,0,0,0,0,0
2022-11-15,port1154,Santa Marta,2,1,34774,2155,33921,852,0,0,0,0,2155,0,0,0
2022-11-16,port1154,Santa Marta,2,0,2615,0,0,0,0,2157,457,0,0,0,0,0
2022-11-17,port1154,Santa Marta,2,1,0,776,0,0,0,0,0,0,776,0,0,0
2022-11-18,port1154,Santa Marta,3,1,852,12581,0,852,0,0,0,2378,2155,0,8047,0
2022-11-19,port1154,Santa Marta,3,1,26276,2155,25424,852,0,0,0,0,2155,0,0,0
2022-11-20,port1154,Santa Marta,1,0,2182,0,0,0,0,0,2182,0,0,0,0,0
2022-11-21,port1154,Santa Marta,5,2,36621,6962,29940,1841,4839,0,0,0,6181,781,0,0
2022-11-22,port1154,Santa Marta,2,1,21446,1815,21446,0,0,0,0,0,1815,0,0,0
2022-11-23,port1154,Santa Marta,1,0,9382,0,9382,0,0,0,0,0,0,0,0,0
2022-11-24,port1154,Santa Marta,3,1,7531,17338,7145,386,0,0,0,17338,0,0,0,0
2022-11-25,port1154,Santa Marta,1,0,0,0,0,0,0,0,0,0,0,0,0,0
2022-11-26,port1154,Santa Marta,2,1,2884,781,0,1020,1863,0,0,0,0,781,0,0
2022-11-27,port1154,Santa Marta,4,1,8770,20389,8164,0,0,0,605,15429,4866,0,0,92
2022-11-28,port1154,Santa Marta,2,1,852,43143,0,852,0,0,0,40988,2155,0,0,0
2022-11-29,port1154,Santa Marta,1,1,852,2155,0,852,0,0,0,0,2155,0,0,0
2022-11-30,port1154,Santa Marta,5,2,3509,28194,0,0,3509,0,0,24717,2695,781,0,0
2022-12-01,port1154,Santa Marta,1,1,0,388,0,0,0,0,0,0,388,0,0,0
2022-12-02,port1154,Santa Marta,2,1,1210,1751,0,480,729,0,0,0,0,1751,0,0
2022-12-03,port1154,Santa Marta,3,2,852,4102,0,852,0,0,0,0,4102,0,0,0
2022-12-04,port1154,Santa Marta,1,0,2779,0,2779,0,0,0,0,0,0,0,0,0
2022-12-05,port1154,Santa Marta,3,1,1726,48301,0,852,0,0,873,46145,2155,0,0,0
2022-12-06,port1154,Santa Marta,2,1,0,3628,0,0,0,0,0,0,3628,0,0,0
2022-12-07,port1154,Santa Marta,2,1,30434,0,29562,872,0,0,0,0,0,0,0,0
2022-12-08,port1154,Santa Marta,2,2,1705,4310,0,1705,0,0,0,0,4310,0,0,0
2022-12-09,port1154,Santa Marta,4,1,2476,2842,0,0,1871,0,605,0,969,1780,0,92
2022-12-10,port1154,Santa Marta,2,2,0,5961,0,0,0,0,0,0,5961,0,0,0
2022-12-11,port1154,Santa Marta,1,0,0,42216,0,0,0,0,0,42216,0,0,0,0
2022-12-12,port1154,Santa Marta,1,1,0,0,0,0,0,0,0,0,0,0,0,0
2022-12-13,port1154,Santa Marta,2,1,19356,1820,19356,0,0,0,0,0,1820,0,0,0
2022-12-14,port1154,Santa Marta,1,0,52363,0,52363,0,0,0,0,0,0,0,0,0
2022-12-15,port1154,Santa Marta,1,1,3110,0,0,3110,0,0,0,0,0,0,0,0
2022-12-16,port1154,Santa Marta,2,1,0,1557,0,0,0,0,0,0,493,1064,0,0
2022-12-17,port1154,Santa Marta,3,1,12450,2936,9734,852,1863,0,0,0,2155,781,0,0
2022-12-18,port1154,Santa Marta,2,0,458,66822,0,0,0,0,458,66822,0,0,0,0
2022-12-19,port1154,Santa Marta,2,1,16743,368,0,0,0,16743,0,0,368,0,0,0
2022-12-20,port1154,Santa Marta,3,1,852,3297,0,852,0,0,0,0,2155,0,1141,0
2022-12-21,port1154,Santa Marta,1,0,1039,0,0,0,1039,0,0,0,0,0,0,0
2022-12-22,port1154,Santa Marta,2,1,0,5658,0,0,0,0,0,0,383,0,5275,0
2022-12-23,port1154,Santa Marta,3,1,27806,77062,27318,487,0,0,0,77062,0,0,0,0
2022-12-24,port1154,Santa Marta,3,2,0,7549,0,0,0,0,0,0,6432,0,1116,0
2022-12-25,port1154,Santa Marta,2,0,29562,916,29562,0,0,0,0,0,0,0,916,0
2022-12-26,port1154,Santa Marta,2,1,15824,8326,15824,0,0,0,0,6479,1846,0,0,0
2022-12-27,port1154,Santa Marta,0,0,0,0,0,0,0,0,0,0,0,0,0,0
2022-12-28,port1154,Santa Marta,2,1,15340,2155,14487,852,0,0,0,0,2155,0,0,0
2022-12-29,port1154,Santa Marta,2,1,389,0,0,389,0,0,0,0,0,0,0,0
2022-12-30,port1154,Santa Marta,2,1,15824,8900,15824,0,0,0,0,6479,2421,0,0,0
2022-12-31,port1154,Santa Marta,4,2,3375,1455,2913,0,0,0,461,0,1455,0,0,0
2023-01-01,port1154,Santa Marta,2,0,19140,473,19140,0,0,0,0,473,0,0,0,0
2023-01-02,port1154,Santa Marta,3,1,42545,6479,41444,1101,0,0,0,6479,0,0,0,0
2023-01-03,port1154,Santa Marta,2,1,6012,2155,5160,852,0,0,0,0,2155,0,0,0
2023-01-04,port1154,Santa Marta,1,0,28536,0,28536,0,0,0,0,0,0,0,0,0
2023-01-05,port1154,Santa Marta,2,1,382,0,0,382,0,0,0,0,0,0,0,0
2023-01-06,port1154,Santa Marta,1,0,31561,0,31561,0,0,0,0,0,0,0,0,0
2023-01-07,port1154,Santa Marta,3,2,3361,11549,0,0,3361,0,0,0,11549,0,0,0
2023-01-08,port1154,Santa Marta,0,0,0,0,0,0,0,0,0,0,0,0,0,0
2023-01-09,port1154,Santa Marta,3,1,473,13109,473,0,0,0,0,0,1484,0,11625,0
2023-01-10,port1154,Santa Marta,3,1,35449,12626,35449,0,0,0,0,6479,6146,0,0,0
2023-01-11,port1154,Santa Marta,2,2,1831,2155,0,1831,0,0,0,0,2155,0,0,0
2023-01-12,port1154,Santa Marta,3,1,2492,39385,0,0,0,2492,0,33001,775,0,5608,0
2023-01-13,port1154,Santa Marta,2,1,24279,480,24279,0,0,0,0,0,480,0,0,0
2023-01-14,port1154,Santa Marta,2,2,1015,4428,0,1015,0,0,0,0,4428,0,0,0
2023-01-15,port1154,Santa Marta,1,0,52763,0,52763,0,0,0,0,0,0,0,0,0
2023-01-16,port1154,Santa Marta,2,1,367,0,0,367,0,0,0,0,0,0,0,0
2023-01-17,port1154,Santa Marta,1,1,852,2155,0,852,0,0,0,0,2155,0,0,0
2023-01-18,port1154,Santa Marta,0,0,0,0,0,0,0,0,0,0,0,0,0,0
2023-01-19,port1154,Santa Marta,4,2,3055,2885,836,0,0,0,2219,0,2885,0,0,0
2023-01-20,port1154,Santa Marta,1,0,729,1751,0,0,729,0,0,0,0,1751,0,0
2023-01-21,port1154,Santa Marta,4,1,48100,2051,48100,0,0,0,0,0,2051,0,0,0
2023-01-22,port1154,Santa Marta,3,1,1863,9476,0,0,1863,0,0,0,8371,1104,0,0
2023-01-23,port1154,Santa Marta,3,1,852,36075,0,852,0,0,0,33920,2155,0,0,0
2023-01-24,port1154,Santa Marta,2,1,0,4445,0,0,0,0,0,0,2423,2021,0,0
2023-01-25,port1154,Santa Marta,4,2,4975,3141,1167,852,2954,0,0,0,3141,0,0,0
2023-01-26,port1154,Santa Marta,2,1,19401,2155,18548,852,0,0,0,0,2155,0,0,0
2023-01-27,port1154,Santa Marta,3,1,13439,8498,11091,0,2348,0,0,0,8498,0,0,0
2023-01-28,port1154,Santa Marta,2,1,605,601,0,0,0,0,605,0,509,0,0,92
2023-01-29,port1154,Santa Marta,2,1,0,54241,0,0,0,0,0,50798,3443,0,0,0
2023-01-30,port1154,Santa Marta,1,1,852,2155,0,852,0,0,0,0,2155,0,0,0
2023-01-31,port1154,Santa Marta,3,1,50383,1692,32861,0,0,17521,0,0,1692,0,0,0
2023-02-01,port1154,Santa Marta,3,1,9877,18088,9877,0,0,0,0,15649,2438,0,0,0
2023-02-02,port1154,Santa Marta,1,1,0,384,0,0,0,0,0,0,384,0,0,0
2023-02-03,port1154,Santa Marta,3,2,2925,936,2925,0,0,0,0,0,936,0,0,0
2023-02-04,port1154,Santa Marta,2,1,12483,1532,12483,0,0,0,0,0,1532,0,0,0
2023-02-05,port1154,Santa Marta,2,0,4400,0,4400,0,0,0,0,0,0,0,0,0
2023-02-06,port1154,Santa Marta,1,1,1111,0,0,1111,0,0,0,0,0,0,0,0
2023-02-07,port1154,Santa Marta,2,1,0,2025,0,0,0,0,0,0,2025,0,0,0
2023-02-08,port1154,Santa Marta,1,0,0,20617,0,0,0,0,0,20617,0,0,0,0
2023-02-09,port1154,Santa Marta,4,1,68792,775,68792,0,0,0,0,0,775,0,0,0
2023-02-10,port1154,Santa Marta,2,1,0,0,0,0,0,0,0,0,0,0,0,0
2023-02-11,port1154,Santa Marta,2,1,506,0,0,506,0,0,0,0,0,0,0,0
2023-02-12,port1154,Santa Marta,2,1,28858,3447,28858,0,0,0,0,0,3447,0,0,0
2023-02-13,port1154,Santa Marta,1,1,852,2155,0,852,0,0,0,0,2155,0,0,0
2023-02-14,port1154,Santa Marta,1,0,3894,0,3894,0,0,0,0,0,0,0,0,0
2023-02-15,port1154,Santa Marta,2,0,2028,0,0,0,1002,0,1026,0,0,0,0,0
2023-02-16,port1154,Santa Marta,3,1,16891,774,16891,0,0,0,0,0,774,0,0,0
2023-02-17,port1154,Santa Marta,2,1,1913,0,0,542,0,0,1371,0,0,0,0,0
2023-02-18,port1154,Santa Marta,2,2,0,5548,0,0,0,0,0,0,5548,0,0,0
2023-02-19,port1154,Santa Marta,1,1,0,3742,0,0,0,0,0,0,3742,0,0,0
2023-02-20,port1154,Santa Marta,2,0,9694,0,9694,0,0,0,0,0,0,0,0,0
2023-02-21,port1154,Santa Marta,2,1,0,5967,0,0,0,0,0,0,2725,3241,0,0
2023-02-22,port1154,Santa Marta,1,0,585,0,585,0,0,0,0,0,0,0,0,0
2023-02-23,port1154,Santa Marta,1,1,852,2155,0,852,0,0,0,0,2155,0,0,0
2023-02-24,port1154,Santa Marta,1,1,0,966,0,0,0,0,0,0,966,0,0,0
2023-02-25,port1154,Santa Marta,1,0,8448,0,8448,0,0,0,0,0,0,0,0,0
2023-02-26,port1154,Santa Marta,3,2,0,81910,0,0,0,0,0,77421,4488,0,0,0
2023-02-27,port1154,Santa Marta,2,1,9816,0,8317,1499,0,0,0,0,0,0,0,0
2023-02-28,port1154,Santa Marta,1,0,0,0,0,0,0,0,0,0,0,0,0,0
2023-03-01,port1154,Santa Marta,3,1,2764,2155,1451,852,0,0,461,0,2155,0,0,0
2023-03-02,port1154,Santa Marta,1,0,0,36152,0,0,0,0,0,36152,0,0,0,0
2023-03-03,port1154,Santa Marta,1,1,0,1449,0,0,0,0,0,0,1449,0,0,0
2023-03-04,port1154,Santa Marta,3,2,0,10762,0,0,0,0,0,5767,4994,0,0,0
2023-03-05,port1154,Santa Marta,2,0,8183,0,8183,0,0,0,0,0,0,0,0,0
2023-03-06,port1154,Santa Marta,3,1,13129,0,10358,367,2403,0,0,0,0,0,0,0
2023-03-07,port1154,Santa Marta,1,1,0,3647,0,0,0,0,0,0,3647,0,0,0
2023-03-08,port1154,Santa Marta,2,1,2716,2936,0,852,1863,0,0,0,2155,781,0,0
2023-03-09,port1154,Santa Marta,2,1,30568,388,30568,0,0,0,0,0,388,0,0,0
2023-03-10,port1154,Santa Marta,0,0,0,0,0,0,0,0,0,0,0,0,0,0
2023-03-11,port1154,Santa Marta,4,1,950,2962,0,493,0,0,457,0,0,153,2809,0
2023-03-12,port1154,Santa Marta,3,2,3349,8742,0,1016,0,2332,0,0,3958,0,4783,0
2023-03-13,port1154,Santa Marta,2,1,5311,1104,5311,0,0,0,0,0,1104,0,0,0
2023-03-14,port1154,Santa Marta,3,0,5317,5608,2824,0,0,2492,0,0,0,0,5608,0
2023-03-15,port1154,Santa Marta,1,1,852,2155,0,852,0,0,0,0,2155,0,0,0
2023-03-16,port1154,Santa Marta,4,2,4082,23139,2781,1300,0,0,0,20983,2155,0,0,0
2023-03-17,port1154,Santa Marta,1,1,0,2922,0,0,0,0,0,0,2922,0,0,0
2023-03-18,port1154,Santa Marta,2,1,15824,11607,15824,0,0,0,0,6479,5128,0,0,0
2023-03-19,port1154,Santa Marta,2,1,0,4452,0,0,0,0,0,0,3941,511,0,0
2023-03-20,port1154,Santa Marta,3,1,16926,7070,15824,1101,0,0,0,6479,0,0,0,591
2023-03-21,port1154,Santa Marta,0,0,0,0,0,0,0,0,0,0,0,0,0,0
2023-03-22,port1154,Santa Marta,3,2,15375,1330,13334,2041,0,0,0,0,1330,0,0,0
2023-03-23,port1154,Santa Marta,2,1,2332,5172,0,0,0,2332,0,0,389,0,4783,0
2023-03-24,port1154,Santa Marta,1,0,5410,0,5410,0,0,0,0,0,0,0,0,0
2023-03-25,port1154,Santa Marta,1,1,0,1477,0,0,0,0,0,0,1477,0,0,0
2023-03-26,port1154,Santa Marta,2,1,365,3220,0,365,0,0,0,0,0,3220,0,0
2023-03-27,port1154,Santa Marta,1,1,0,1524,0,0,0,0,0,0,1524,0,0,0
2023-03-28,port1154,Santa Marta,1,1,0,1221,0,0,0,0,0,0,1221,0,0,0
2023-03-29,port1154,Santa Marta,2,0,33664,0,33664,0,0,0,0,0,0,0,0,0
2023-03-30,port1154,Santa Marta,1,1,0,2315,0,0,0,0,0,0,2315,0,0,0
2023-03-31,port1154,Santa Marta,2,0,0,15362,0,0,0,0,0,12158,0,3203,0,0
2023-04-01,port1154,Santa Marta,3,3,852,5708,0,852,0,0,0,0,5708,0,0,0
2023-04-02,port1154,Santa Marta,5,1,52653,15318,44687,0,0,7659,306,6479,8838,0,0,0
2023-04-03,port1154,Santa Marta,1,1,852,2155,0,852,0,0,0,0,2155,0,0,0
2023-04-04,port1154,Santa Marta,3,2,10571,1846,9893,677,0,0,0,0,1846,0,0,0
2023-04-05,port1154,Santa Marta,3,0,4195,0,3877,0,318,0,0,0,0,0,0,0
2023-04-06,port1154,Santa Marta,2,1,10117,771,0,0,10117,0,0,0,771,0,0,0
2023-04-07,port1154,Santa Marta,1,1,969,0,0,969,0,0,0,0,0,0,0,0
2023-04-08,port1154,Santa Marta,2,0,18544,0,6707,0,0,11836,0,0,0,0,0,0
2023-04-09,port1154,Santa Marta,3,1,16045,16367,16045,0,0,0,0,0,7355,0,9011,0
2023-04-10,port1154,Santa Marta,3,2,3063,58507,0,3063,0,0,0,56352,2155,0,0,0
2023-04-11,port1154,Santa Marta,0,0,0,0,0,0,0,0,0,0,0,0,0,0
2023-04-12,port1154,Santa Marta,1,0,17827,0,17827,0,0,0,0,0,0,0,0,0
2023-04-13,port1154,Santa Marta,2,2,1334,2155,0,1334,0,0,0,0,2155,0,0,0
2023-04-14,port1154,Santa Marta,2,1,15702,0,14246,1455,0,0,0,0,0,0,0,0
2023-04-15,port1154,Santa Marta,2,2,1020,2449,0,1020,0,0,0,0,2449,0,0,0
2023-04-16,port1154,Santa Marta,0,0,0,0,0,0,0,0,0,0,0,0,0,0
2023-04-17,port1154,Santa Marta,3,1,45131,829,44526,0,0,0,605,0,737,0,0,92
2023-04-18,port1154,Santa Marta,1,1,0,2426,0,0,0,0,0,0,2426,0,0,0
2023-04-19,port1154,Santa Marta,0,0,0,0,0,0,0,0,0,0,0,0,0,0
2023-04-20,port1154,Santa Marta,1,1,0,777,0,0,0,0,0,0,777,0,0,0
2023-04-21,port1154,Santa Marta,2,1,0,979,0,0,0,0,0,0,489,489,0,0
2023-04-22,port1154,Santa Marta,2,2,0,13458,0,0,0,0,0,0,13458,0,0,0
2023-04-23,port1154,Santa Marta,0,0,0,0,0,0,0,0,0,0,0,0,0,0
2023-04-24,port1154,Santa Marta,3,1,0,10463,0,0,0,0,0,0,1106,326,9030,0
2023-04-25,port1154,Santa Marta,2,1,17484,1218,17484,0,0,0,0,0,1218,0,0,0
2023-04-26,port1154,Santa Marta,2,0,55588,30303,55588,0,0,0,0,30303,0,0,0,0
2023-04-27,port1154,Santa Marta,4,1,15858,1166,13994,0,1863,0,0,0,385,781,0,0
2023-04-28,port1154,Santa Marta,3,1,1966,14237,0,1966,0,0,0,0,0,1963,12273,0
2023-04-29,port1154,Santa Marta,3,2,889,10942,889,0,0,0,0,0,10942,0,0,0
2023-04-30,port1154,Santa Marta,1,0,11801,0,11801,0,0,0,0,0,0,0,0,0
2023-05-01,port1154,Santa Marta,4,1,22610,6818,21125,1484,0,0,0,6479,0,338,0,0
2023-05-02,port1154,Santa Marta,1,1,852,2155,0,852,0,0,0,0,2155,0,0,0
2023-05-03,port1154,Santa Marta,2,0,3413,0,3413,0,0,0,0,0,0,0,0,0
2023-05-04,port1154,Santa Marta,1,1,0,1558,0,0,0,0,0,0,1558,0,0,0
2023-05-05,port1154,Santa Marta,4,0,18700,7189,17786,0,0,0,913,6479,0,709,0,0
2023-05-06,port1154,Santa Marta,4,3,11830,8173,10962,868,0,0,0,0,8173,0,0,0
2023-05-07,port1154,Santa Marta,2,1,0,12133,0,0,0,0,0,0,1462,0,10671,0
2023-05-08,port1154,Santa Marta,3,1,11041,0,10307,733,0,0,0,0,0,0,0,0
2023-05-09,port1154,Santa Marta,3,1,606,15604,0,606,0,0,0,10924,0,4680,0,0
2023-05-10,port1154,Santa Marta,3,1,28675,977,20434,0,8241,0,0,0,977,0,0,0
2023-05-11,port1154,Santa Marta,1,1,0,770,0,0,0,0,0,0,770,0,0,0
2023-05-12,port1154,Santa Marta,2,1,1430,0,0,447,982,0,0,0,0,0,0,0
2023-05-13,port1154,Santa Marta,5,2,15675,61284,13971,0,1704,0,0,58941,2342,0,0,0
2023-05-14,port1154,Santa Marta,2,1,15824,11368,15824,0,0,0,0,6479,4889,0,0,0
2023-05-15,port1154,Santa Marta,2,1,11428,0,0,3078,8350,0,0,0,0,0,0,0
2023-05-16,port1154,Santa Marta,2,1,0,3147,0,0,0,0,0,0,1359,1788,0,0
2023-05-17,port1154,Santa Marta,2,0,16066,163,16066,0,0,0,0,0,0,163,0,0
2023-05-18,port1154,Santa Marta,2,1,2716,2936,0,852,1863,0,0,0,2155,781,0,0
2023-05-19,port1154,Santa Marta,1,1,669,0,0,669,0,0,0,0,0,0,0,0
2023-05-20,port1154,Santa Marta,2,2,1171,2155,0,1171,0,0,0,0,2155,0,0,0
2023-05-21,port1154,Santa Marta,1,1,0,5899,0,0,0,0,0,0,5899,0,0,0
2023-05-22,port1154,Santa Marta,1,1,1099,0,0,1099,0,0,0,0,0,0,0,0
2023-05-23,port1154,Santa Marta,1,0,0,0,0,0,0,0,0,0,0,0,0,0
2023-05-24,port1154,Santa Marta,2,0,605,92,0,0,0,0,605,0,0,0,0,92
2023-05-25,port1154,Santa Marta,1,1,852,2155,0,852,0,0,0,0,2155,0,0,0
2023-05-26,port1154,Santa Marta,3,1,1437,77225,585,852,0,0,0,75069,2155,0,0,0
2023-05-27,port1154,Santa Marta,1,1,852,2155,0,852,0,0,0,0,2155,0,0,0
2023-05-28,port1154,Santa Marta,3,1,7881,9712,5549,0,0,2332,0,0,4928,0,4783,0
2023-05-29,port1154,Santa Marta,2,1,1104,163,0,1104,0,0,0,0,0,163,0,0
2023-05-30,port1154,Santa Marta,3,1,16095,1993,14232,0,1863,0,0,0,1212,781,0,0
2023-05-31,port1154,Santa Marta,2,0,4210,0,2900,0,0,0,1309,0,0,0,0,0
2023-06-01,port1154,Santa Marta,3,1,317,50972,0,0,317,0,0,50586,386,0,0,0
2023-06-02,port1154,Santa Marta,1,1,852,2155,0,852,0,0,0,0,2155,0,0,0
2023-06-03,port1154,Santa Marta,2,2,0,7423,0,0,0,0,0,0,7423,0,0,0
2023-06-04,port1154,Santa Marta,0,0,0,0,0,0,0,0,0,0,0,0,0,0
2023-06-05,port1154,Santa Marta,1,1,1108,0,0,1108,0,0,0,0,0,0,0,0
2023-06-06,port1154,Santa Marta,2,1,157,1815,0,0,157,0,0,0,1815,0,0,0
2023-06-07,port1154,Santa Marta,1,0,0,0,0,0,0,0,0,0,0,0,0,0
2023-06-08,port1154,Santa Marta,2,1,33065,1537,33065,0,0,0,0,0,1537,0,0,0
2023-06-09,port1154,Santa Marta,3,1,15380,5713,14527,852,0,0,0,0,2155,3557,0,0
2023-06-10,port1154,Santa Marta,1,1,5266,0,0,5266,0,0,0,0,0,0,0,0
2023-06-11,port1154,Santa Marta,2,1,12150,4896,12150,0,0,0,0,0,4896,0,0,0
2023-06-12,port1154,Santa Marta,1,1,369,0,0,369,0,0,0,0,0,0,0,0
2023-06-13,port1154,Santa Marta,4,1,71934,2510,56036,678,15219,0,0,0,0,2510,0,0
2023-06-14,port1154,Santa Marta,0,0,0,0,0,0,0,0,0,0,0,0,0,0
2023-06-15,port1154,Santa Marta,1,1,775,0,0,775,0,0,0,0,0,0,0,0
2023-06-16,port1154,Santa Marta,2,1,852,5254,0,852,0,0,0,0,2155,3099,0,0
2023-06-17,port1154,Santa Marta,5,2,6304,4310,3195,1705,841,0,561,0,4310,0,0,0
2023-06-18,port1154,Santa Marta,2,0,17688,7260,15824,0,1863,0,0,6479,0,781,0,0
2023-06-19,port1154,Santa Marta,2,1,742,15443,0,742,0,0,0,15443,0,0,0,0
2023-06-20,port1154,Santa Marta,2,0,713,12639,0,0,713,0,0,0,0,0,12639,0
2023-06-21,port1154,Santa Marta,3,1,26248,37850,25395,852,0,0,0,35694,2155,0,0,0
2023-06-22,port1154,Santa Marta,3,2,15146,386,15146,0,0,0,0,0,386,0,0,0
2023-06-23,port1154,Santa Marta,1,1,0,2903,0,0,0,0,0,0,2903,0,0,0
2023-06-24,port1154,Santa Marta,2,1,0,8793,0,0,0,0,0,0,4590,0,4203,0
2023-06-25,port1154,Santa Marta,1,1,0,6387,0,0,0,0,0,0,6387,0,0,0
2023-06-26,port1154,Santa Marta,2,1,4522,2155,0,852,0,3669,0,0,2155,0,0,0
2023-06-27,port1154,Santa Marta,1,1,0,679,0,0,0,0,0,0,679,0,0,0
2023-06-28,port1154,Santa Marta,0,0,0,0,0,0,0,0,0,0,0,0,0,0
2023-06-29,port1154,Santa Marta,2,1,852,35676,0,852,0,0,0,33521,2155,0,0,0
2023-06-30,port1154,Santa Marta,1,1,0,665,0,0,0,0,0,0,665,0,0,0
2023-07-01,port1154,Santa Marta,3,1,8624,2155,7771,852,0,0,0,0,2155,0,0,0
2023-07-02,port1154,Santa Marta,3,0,10048,0,9883,0,164,0,0,0,0,0,0,0
2023-07-03,port1154,Santa Marta,3,1,1467,23883,0,852,0,615,0,21728,2155,0,0,0
2023-07-04,port1154,Santa Marta,1,1,605,0,0,605,0,0,0,0,0,0,0,0
2023-07-05,port1154,Santa Marta,2,0,17008,38691,17008,0,0,0,0,38691,0,0,0,0
2023-07-06,port1154,Santa Marta,1,1,852,2155,0,852,0,0,0,0,2155,0,0,0
2023-07-07,port1154,Santa Marta,2,1,32457,0,30518,1939,0,0,0,0,0,0,0,0
2023-07-08,port1154,Santa Marta,3,2,13136,3586,13136,0,0,0,0,0,3586,0,0,0
2023-07-09,port1154,Santa Marta,3,1,945,36074,0,0,945,0,0,30687,5387,0,0,0
2023-07-10,port1154,Santa Marta,4,1,11198,457,10460,738,0,0,0,0,0,0,0,457
2023-07-11,port1154,Santa Marta,1,1,852,2155,0,852,0,0,0,0,2155,0,0,0
2023-07-12,port1154,Santa Marta,0,0,0,0,0,0,0,0,0,0,0,0,0,0
2023-07-13,port1154,Santa Marta,3,1,33296,2155,32443,852,0,0,0,0,2155,0,0,0
2023-07-14,port1154,Santa Marta,2,1,0,4657,0,0,0,0,0,0,488,4169,0,0
2023-07-15,port1154,Santa Marta,4,2,1952,2825,0,852,1100,0,0,0,2793,0,32,0
2023-07-16,port1154,Santa Marta,1,1,0,5901,0,0,0,0,0,0,5901,0,0,0
2023-07-17,port1154,Santa Marta,4,1,9087,0,5263,740,0,0,3083,0,0,0,0,0
2023-07-18,port1154,Santa Marta,3,1,0,30490,0,0,0,0,0,25545,2423,2520,0,0
2023-07-19,port1154,Santa Marta,1,0,0,6294,0,0,0,0,0,0,0,0,6294,0
2023-07-20,port1154,Santa Marta,1,1,386,0,0,386,0,0,0,0,0,0,0,0
2023-07-21,port1154,Santa Marta,4,1,9583,4042,1113,8470,0,0,0,0,0,0,4042,0
2023-07-22,port1154,Santa Marta,3,2,0,7531,0,0,0,0,0,3315,4216,0,0,0
2023-07-23,port1154,Santa Marta,2,1,20666,4902,20666,0,0,0,0,0,4902,0,0,0
2023-07-24,port1154,Santa Marta,1,1,3318,0,0,3318,0,0,0,0,0,0,0,0
2023-07-25,port1154,Santa Marta,1,0,0,2153,0,0,0,0,0,0,0,2153,0,0
2023-07-26,port1154,Santa Marta,2,1,2575,2155,1722,852,0,0,0,0,2155,0,0,0
2023-07-27,port1154,Santa Marta,2,1,25316,387,25316,0,0,0,0,0,387,0,0,0
2023-07-28,port1154,Santa Marta,2,1,22052,961,22052,0,0,0,0,0,961,0,0,0
2023-07-29,port1154,Santa Marta,2,2,4592,2155,0,4592,0,0,0,0,2155,0,0,0
2023-07-30,port1154,Santa Marta,2,1,12256,10805,12256,0,0,0,0,0,10805,0,0,0
2023-07-31,port1154,Santa Marta,2,1,43169,0,41334,1835,0,0,0,0,0,0,0,0
2023-08-01,port1154,Santa Marta,2,1,8842,605,8842,0,0,0,0,0,605,0,0,0
2023-08-02,port1154,Santa Marta,1,0,0,25347,0,0,0,0,0,25347,0,0,0,0
2023-08-03,port1154,Santa Marta,2,1,779,3086,0,0,779,0,0,0,3086,0,0,0
2023-08-04,port1154,Santa Marta,2,1,17633,0,13751,3881,0,0,0,0,0,0,0,0
2023-08-05,port1154,Santa Marta,3,2,1863,5009,0,0,1863,0,0,0,4227,781,0,0
2023-08-06,port1154,Santa Marta,1,1,0,7923,0,0,0,0,0,0,7923,0,0,0
2023-08-07,port1154,Santa Marta,2,1,1501,11036,0,1501,0,0,0,11036,0,0,0,0
2023-08-08,port1154,Santa Marta,2,1,27856,2018,27856,0,0,0,0,0,2018,0,0,0
2023-08-09,port1154,Santa Marta,1,0,0,38055,0,0,0,0,0,38055,0,0,0,0
2023-08-10,port1154,Santa Marta,2,1,11641,776,11641,0,0,0,0,0,776,0,0,0
2023-08-11,port1154,Santa Marta,4,1,30021,2287,29169,852,0,0,0,0,2155,131,0,0
2023-08-12,port1154,Santa Marta,2,1,12079,1524,12079,0,0,0,0,0,1524,0,0,0
2023-08-13,port1154,Santa Marta,1,1,0,11310,0,0,0,0,0,0,11310,0,0,0
2023-08-14,port1154,Santa Marta,2,1,27188,0,26444,744,0,0,0,0,0,0,0,0
2023-08-15,port1154,Santa Marta,1,1,0,1808,0,0,0,0,0,0,1808,0,0,0
2023-08-16,port1154,Santa Marta,1,0,10927,0,10927,0,0,0,0,0,0,0,0,0
2023-08-17,port1154,Santa Marta,3,1,20112,8634,19259,852,0,0,0,6479,2155,0,0,0
2023-08-18,port1154,Santa Marta,1,1,959,0,0,959,0,0,0,0,0,0,0,0
2023-08-19,port1154,Santa Marta,2,2,0,2485,0,0,0,0,0,0,2485,0,0,0
2023-08-20,port1154,Santa Marta,2,0,8482,0,7655,0,827,0,0,0,0,0,0,0
2023-08-21,port1154,Santa Marta,2,1,2220,13507,0,2220,0,0,0,13507,0,0,0,0
2023-08-22,port1154,Santa Marta,2,1,0,7448,0,0,0,0,0,0,2418,5030,0,0
2023-08-23,port1154,Santa Marta,2,0,12544,884,12544,0,0,0,0,0,0,0,884,0
2023-08-24,port1154,Santa Marta,2,1,12409,0,11636,772,0,0,0,0,0,0,0,0
2023-08-25,port1154,Santa Marta,1,1,852,2155,0,852,0,0,0,0,2155,0,0,0
2023-08-26,port1154,Santa Marta,3,2,8521,1075,0,8521,0,0,0,0,0,0,1075,0
2023-08-27,port1154,Santa Marta,3,1,15824,11411,15824,0,0,0,0,6479,4931,0,0,0
2023-08-28,port1154,Santa Marta,3,1,27875,0,23670,2603,0,1602,0,0,0,0,0,0
2023-08-29,port1154,Santa Marta,2,0,29859,4692,29859,0,0,0,0,0,0,4692,0,0
2023-08-30,port1154,Santa Marta,2,1,13857,1808,13857,0,0,0,0,0,1808,0,0,0
2023-08-31,port1154,Santa Marta,1,1,0,776,0,0,0,0,0,0,776,0,0,0
2023-09-01,port1154,Santa Marta,2,1,0,981,0,0,0,0,0,0,981,0,0,0
2023-09-02,port1154,Santa Marta,4,3,7233,7397,6380,852,0,0,0,0,7397,0,0,0
2023-09-03,port1154,Santa Marta,0,0,0,0,0,0,0,0,0,0,0,0,0,0
2023-09-04,port1154,Santa Marta,1,1,0,1106,0,0,0,0,0,0,1106,0,0,0
2023-09-05,port1154,Santa Marta,2,1,33243,2870,33243,0,0,0,0,0,2870,0,0,0
2023-09-06,port1154,Santa Marta,3,1,4454,772,0,0,0,3849,605,0,679,0,0,92
2023-09-07,port1154,Santa Marta,1,1,0,1551,0,0,0,0,0,0,1551,0,0,0
2023-09-08,port1154,Santa Marta,2,1,16242,0,14798,1444,0,0,0,0,0,0,0,0
2023-09-09,port1154,Santa Marta,2,2,0,3384,0,0,0,0,0,0,3384,0,0,0
2023-09-10,port1154,Santa Marta,0,0,0,0,0,0,0,0,0,0,0,0,0,0
2023-09-11,port1154,Santa Marta,3,1,1268,0,0,1114,0,0,154,0,0,0,0,0
2023-09-12,port1154,Santa Marta,2,2,852,3846,0,852,0,0,0,0,3846,0,0,0
2023-09-13,port1154,Santa Marta,0,0,0,0,0,0,0,0,0,0,0,0,0,0
2023-09-14,port1154,Santa Marta,2,1,488,387,0,0,488,0,0,0,387,0,0,0
2023-09-15,port1154,Santa Marta,1,1,2408,0,0,2408,0,0,0,0,0,0,0,0
2023-09-16,port1154,Santa Marta,2,2,852,4708,0,852,0,0,0,0,4708,0,0,0
2023-09-17,port1154,Santa Marta,1,1,0,9812,0,0,0,0,0,0,9812,0,0,0
2023-09-18,port1154,Santa Marta,2,1,4544,0,0,3445,1098,0,0,0,0,0,0,0
2023-09-19,port1154,Santa Marta,0,0,0,0,0,0,0,0,0,0,0,0,0,0
2023-09-20,port1154,Santa Marta,1,1,676,0,0,676,0,0,0,0,0,0,0,0
2023-09-21,port1154,Santa Marta,1,1,0,1547,0,0,0,0,0,0,1547,0,0,0
2023-09-22,port1154,Santa Marta,1,1,0,4109,0,0,0,0,0,0,4109,0,0,0
2023-09-23,port1154,Santa Marta,5,3,3020,11084,0,852,2168,0,0,0,10303,781,0,0
2023-09-24,port1154,Santa Marta,1,0,9954,0,9954,0,0,0,0,0,0,0,0,0
2023-09-25,port1154,Santa Marta,2,1,7914,0,6795,1118,0,0,0,0,0,0,0,0
2023-09-26,port1154,Santa Marta,1,0,356,0,0,0,356,0,0,0,0,0,0,0
2023-09-27,port1154,Santa Marta,1,0,0,0,0,0,0,0,0,0,0,0,0,0
2023-09-28,port1154,Santa Marta,2,1,5309,779,0,0,5309,0,0,0,779,0,0,0
2023-09-29,port1154,Santa Marta,1,1,852,2155,0,852,0,0,0,0,2155,0,0,0
2023-09-30,port1154,Santa Marta,2,2,852,3687,0,852,0,0,0,0,3687,0,0,0
2023-10-01,port1154,Santa Marta,3,1,15824,46656,15824,0,0,0,0,38286,8370,0,0,0
2023-10-02,port1154,Santa Marta,2,2,0,933,0,0,0,0,0,0,933,0,0,0
2023-10-03,port1154,Santa Marta,3,1,0,31814,0,0,0,0,0,26516,605,4692,0,0
2023-10-04,port1154,Santa Marta,0,0,0,0,0,0,0,0,0,0,0,0,0,0
2023-10-05,port1154,Santa Marta,1,1,387,0,0,387,0,0,0,0,0,0,0,0
2023-10-06,port1154,Santa Marta,2,1,36327,2155,35474,852,0,0,0,0,2155,0,0,0
2023-10-07,port1154,Santa Marta,2,2,263,3556,0,263,0,0,0,0,3556,0,0,0
2023-10-08,port1154,Santa Marta,1,0,33620,0,33620,0,0,0,0,0,0,0,0,0
2023-10-09,port1154,Santa Marta,2,1,1492,8125,0,1492,0,0,0,8125,0,0,0,0
2023-10-10,port1154,Santa Marta,1,0,17271,0,17271,0,0,0,0,0,0,0,0,0
2023-10-11,port1154,Santa Marta,1,1,0,3044,0,0,0,0,0,0,3044,0,0,0
2023-10-12,port1154,Santa Marta,2,1,58597,2155,57745,852,0,0,0,0,2155,0,0,0
2023-10-13,port1154,Santa Marta,1,1,479,0,0,479,0,0,0,0,0,0,0,0
2023-10-14,port1154,Santa Marta,3,3,1705,11656,0,1705,0,0,0,0,11656,0,0,0
2023-10-15,port1154,Santa Marta,3,0,50044,549,49439,0,0,0,605,0,0,0,0,549
2023-10-16,port1154,Santa Marta,2,1,18018,2155,17165,852,0,0,0,0,2155,0,0,0
2023-10-17,port1154,Santa Marta,1,1,0,1350,0,0,0,0,0,0,1350,0,0,0
2023-10-18,port1154,Santa Marta,1,0,923,0,0,0,923,0,0,0,0,0,0,0
2023-10-19,port1154,Santa Marta,1,1,0,387,0,0,0,0,0,0,387,0,0,0
2023-10-20,port1154,Santa Marta,2,1,0,59537,0,0,0,0,0,58055,1481,0,0,0
2023-10-21,port1154,Santa Marta,4,3,11609,3107,10743,866,0,0,0,0,3107,0,0,0
2023-10-22,port1154,Santa Marta,1,1,0,6882,0,0,0,0,0,0,6882,0,0,0
2023-10-23,port1154,Santa Marta,3,2,27300,1689,26928,371,0,0,0,0,1689,0,0,0
2023-10-24,port1154,Santa Marta,1,1,1214,0,0,1214,0,0,0,0,0,0,0,0
2023-10-25,port1154,Santa Marta,1,0,0,0,0,0,0,0,0,0,0,0,0,0
2023-10-26,port1154,Santa Marta,1,0,921,0,0,0,921,0,0,0,0,0,0,0
2023-10-27,port1154,Santa Marta,2,2,390,966,0,390,0,0,0,0,966,0,0,0
2023-10-28,port1154,Santa Marta,1,1,0,510,0,0,0,0,0,0,510,0,0,0
2023-10-29,port1154,Santa Marta,3,1,0,14803,0,0,0,0,0,5820,7388,0,1593,0
2023-10-30,port1154,Santa Marta,2,1,2603,0,0,2603,0,0,0,0,0,0,0,0
2023-10-31,port1154,Santa Marta,2,1,0,6446,0,0,0,0,0,0,683,5763,0,0
2023-11-01,port1154,Santa Marta,1,0,9912,0,9912,0,0,0,0,0,0,0,0,0
2023-11-02,port1154,Santa Marta,1,1,852,2155,0,852,0,0,0,0,2155,0,0,0
2023-11-03,port1154,Santa Marta,2,1,762,965,762,0,0,0,0,0,965,0,0,0
2023-11-04,port1154,Santa Marta,3,3,852,6081,0,852,0,0,0,0,6081,0,0,0
2023-11-05,port1154,Santa Marta,0,0,0,0,0,0,0,0,0,0,0,0,0,0
2023-11-06,port1154,Santa Marta,1,1,735,0,0,735,0,0,0,0,0,0,0,0
2023-11-07,port1154,Santa Marta,2,0,0,26243,0,0,0,0,0,22659,0,3584,0,0
2023-11-08,port1154,Santa Marta,1,0,1041,0,1041,0,0,0,0,0,0,0,0,0
2023-11-09,port1154,Santa Marta,1,1,852,2155,0,852,0,0,0,0,2155,0,0,0
2023-11-10,port1154,Santa Marta,1,1,0,484,0,0,0,0,0,0,484,0,0,0
2023-11-11,port1154,Santa Marta,2,2,0,1791,0,0,0,0,0,0,1791,0,0,0
2023-11-12,port1154,Santa Marta,1,1,0,7424,0,0,0,0,0,0,7424,0,0,0
2023-11-13,port1154,Santa Marta,2,1,7800,2155,6947,852,0,0,0,0,2155,0,0,0
2023-11-14,port1154,Santa Marta,2,1,53648,1206,53648,0,0,0,0,0,1206,0,0,0
2023-11-15,port1154,Santa Marta,1,0,0,7431,0,0,0,0,0,0,0,0,7431,0
2023-11-16,port1154,Santa Marta,3,1,0,64772,0,0,0,0,0,53945,389,0,10438,0
2023-11-17,port1154,Santa Marta,2,1,491,2134,0,491,0,0,0,0,0,2134,0,0
2023-11-18,port1154,Santa Marta,2,2,852,3169,0,852,0,0,0,0,3169,0,0,0
2023-11-19,port1154,Santa Marta,2,1,0,8315,0,0,0,0,0,0,8315,0,0,0
2023-11-20,port1154,Santa Marta,1,1,1599,0,0,1599,0,0,0,0,0,0,0,0
2023-11-21,port1154,Santa Marta,1,0,2897,0,2897,0,0,0,0,0,0,0,0,0
2023-11-22,port1154,Santa Marta,2,1,4176,1811,4176,0,0,0,0,0,1811,0,0,0
2023-11-23,port1154,Santa Marta,1,1,852,2155,0,852,0,0,0,0,2155,0,0,0
2023-11-24,port1154,Santa Marta,2,1,58374,3388,58374,0,0,0,0,0,3388,0,0,0
2023-11-25,port1154,Santa Marta,4,3,1495,8072,0,852,0,643,0,0,8072,0,0,0
2023-11-26,port1154,Santa Marta,2,1,1200,11344,0,1200,0,0,0,0,0,11344,0,0
2023-11-27,port1154,Santa Marta,0,0,0,0,0,0,0,0,0,0,0,0,0,0
2023-11-28,port1154,Santa Marta,1,1,672,0,0,672,0,0,0,0,0,0,0,0
2023-11-29,port1154,Santa Marta,2,0,0,36039,0,0,0,0,0,36039,0,0,0,0
2023-11-30,port1154,Santa Marta,1,1,0,389,0,0,0,0,0,0,389,0,0,0
2023-12-01,port1154,Santa Marta,0,0,0,0,0,0,0,0,0,0,0,0,0,0
2023-12-02,port1154,Santa Marta,2,2,0,2016,0,0,0,0,0,0,2016,0,0,0
2023-12-03,port1154,Santa Marta,0,0,0,0,0,0,0,0,0,0,0,0,0,0
2023-12-04,port1154,Santa Marta,1,0,8889,0,8889,0,0,0,0,0,0,0,0,0
2023-12-05,port1154,Santa Marta,3,0,27763,0,27407,0,356,0,0,0,0,0,0,0
2023-12-06,port1154,Santa Marta,3,2,434,5111,0,0,0,0,434,0,5111,0,0,0
2023-12-07,port1154,Santa Marta,2,1,28868,2155,28016,852,0,0,0,0,2155,0,0,0
2023-12-08,port1154,Santa Marta,1,1,0,493,0,0,0,0,0,0,493,0,0,0
2023-12-09,port1154,Santa Marta,4,3,852,13712,0,852,0,0,0,0,13201,0,0,510
2023-12-10,port1154,Santa Marta,3,0,25111,0,23840,0,1270,0,0,0,0,0,0,0
2023-12-11,port1154,Santa Marta,1,1,0,2249,0,0,0,0,0,0,2249,0,0,0
2023-12-12,port1154,Santa Marta,1,1,0,675,0,0,0,0,0,0,675,0,0,0
2023-12-13,port1154,Santa Marta,1,0,0,3589,0,0,0,0,0,0,0,3589,0,0
2023-12-14,port1154,Santa Marta,1,1,0,774,0,0,0,0,0,0,774,0,0,0
2023-12-15,port1154,Santa Marta,2,1,36378,2155,35525,852,0,0,0,0,2155,0,0,0
2023-12-16,port1154,Santa Marta,4,3,1989,12060,0,0,1989,0,0,0,12060,0,0,0
2023-12-17,port1154,Santa Marta,1,0,29662,0,29662,0,0,0,0,0,0,0,0,0
2023-12-18,port1154,Santa Marta,3,1,16140,6849,15824,0,315,0,0,6479,370,0,0,0
2023-12-19,port1154,Santa Marta,0,0,0,0,0,0,0,0,0,0,0,0,0,0
2023-12-20,port1154,Santa Marta,0,0,0,0,0,0,0,0,0,0,0,0,0,0
2023-12-21,port1154,Santa Marta,2,1,56095,2155,55242,852,0,0,0,0,2155,0,0,0
2023-12-22,port1154,Santa Marta,1,0,0,1068,0,0,0,0,0,0,0,1068,0,0
2023-12-23,port1154,Santa Marta,2,1,4159,9823,0,0,4159,0,0,0,9823,0,0,0
2023-12-24,port1154,Santa Marta,0,0,0,0,0,0,0,0,0,0,0,0,0,0
2023-12-25,port1154,Santa Marta,2,1,44963,0,44222,740,0,0,0,0,0,0,0,0
2023-12-26,port1154,Santa Marta,3,1,12202,2699,12202,0,0,0,0,0,605,0,2094,0
2023-12-27,port1154,Santa Marta,1,1,0,1959,0,0,0,0,0,0,1959,0,0,0
2023-12-28,port1154,Santa Marta,2,1,0,1914,0,0,0,0,0,0,1556,357,0,0
2023-12-29,port1154,Santa Marta,2,0,2077,0,0,0,0,2077,0,0,0,0,0,0
2023-12-30,port1154,Santa Marta,4,2,4669,24316,4669,0,0,0,0,0,11150,0,13165,0
2023-12-31,port1154,Santa Marta,0,0,0,0,0,0,0,0,0,0,0,0,0,0
2024-01-01,port1154,Santa Marta,1,1,0,374,0,0,0,0,0,0,374,0,0,0
2024-01-02,port1154,Santa Marta,1,0,18058,0,18058,0,0,0,0,0,0,0,0,0
2024-01-03,port1154,Santa Marta,1,1,0,606,0,0,0,0,0,0,606,0,0,0
2024-01-04,port1154,Santa Marta,1,1,852,2155,0,852,0,0,0,0,2155,0,0,0
2024-01-05,port1154,Santa Marta,2,1,4184,496,0,0,4184,0,0,0,496,0,0,0
2024-01-06,port1154,Santa Marta,3,2,9427,7626,9427,0,0,0,0,0,7626,0,0,0
2024-01-07,port1154,Santa Marta,1,0,0,1127,0,0,0,0,0,0,0,1127,0,0
2024-01-08,port1154,Santa Marta,0,0,0,0,0,0,0,0,0,0,0,0,0,0
2024-01-09,port1154,Santa Marta,0,0,0,0,0,0,0,0,0,0,0,0,0,0
2024-01-10,port1154,Santa Marta,3,1,66538,8634,65685,852,0,0,0,6479,2155,0,0,0
2024-01-11,port1154,Santa Marta,2,1,7224,1945,7224,0,0,0,0,0,1945,0,0,0
2024-01-12,port1154,Santa Marta,4,1,26063,0,20223,5840,0,0,0,0,0,0,0,0
2024-01-13,port1154,Santa Marta,1,0,7060,0,7060,0,0,0,0,0,0,0,0,0
2024-01-14,port1154,Santa Marta,1,1,0,8378,0,0,0,0,0,0,8378,0,0,0
2024-01-15,port1154,Santa Marta,0,0,0,0,0,0,0,0,0,0,0,0,0,0
2024-01-16,port1154,Santa Marta,1,0,0,3602,0,0,0,0,0,0,0,3602,0,0
2024-01-17,port1154,Santa Marta,3,1,50363,606,50363,0,0,0,0,0,606,0,0,0
2024-01-18,port1154,Santa Marta,2,1,852,2155,0,852,0,0,0,0,2155,0,0,0
2024-01-19,port1154,Santa Marta,1,0,0,60034,0,0,0,0,0,60034,0,0,0,0
2024-01-20,port1154,Santa Marta,2,1,0,762,0,0,0,0,0,0,762,0,0,0
2024-01-21,port1154,Santa Marta,2,1,0,6098,0,0,0,0,0,1171,4926,0,0,0
2024-01-22,port1154,Santa Marta,0,0,0,0,0,0,0,0,0,0,0,0,0,0
2024-01-23,port1154,Santa Marta,3,2,852,3503,0,852,0,0,0,0,3503,0,0,0
2024-01-24,port1154,Santa Marta,3,2,0,9476,0,0,0,0,0,0,4082,5393,0,0
2024-01-25,port1154,Santa Marta,1,1,0,3110,0,0,0,0,0,0,3110,0,0,0
2024-01-26,port1154,Santa Marta,0,0,0,0,0,0,0,0,0,0,0,0,0,0
2024-01-27,port1154,Santa Marta,1,1,0,1348,0,0,0,0,0,0,1348,0,0,0
2024-01-28,port1154,Santa Marta,2,1,2332,15122,0,0,0,2332,0,0,10338,0,4783,0
2024-01-29,port1154,Santa Marta,3,0,0,6964,0,0,0,0,0,2795,0,3654,0,514
2024-01-30,port1154,Santa Marta,1,0,7205,0,7205,0,0,0,0,0,0,0,0,0
2024-01-31,port1154,Santa Marta,2,2,1775,337,0,1775,0,0,0,0,337,0,0,0
2024-02-01,port1154,Santa Marta,2,2,2846,2155,0,2846,0,0,0,0,2155,0,0,0
2024-02-02,port1154,Santa Marta,1,1,0,2891,0,0,0,0,0,0,2891,0,0,0
2024-02-03,port1154,Santa Marta,1,0,11096,0,11096,0,0,0,0,0,0,0,0,0
2024-02-04,port1154,Santa Marta,4,1,4542,2954,0,0,4542,0,0,0,2954,0,0,0
2024-02-05,port1154,Santa Marta,1,1,0,673,0,0,0,0,0,0,673,0,0,0
2024-02-06,port1154,Santa Marta,2,1,0,7128,0,0,0,0,0,0,1818,5309,0,0
2024-02-07,port1154,Santa Marta,2,1,0,6531,0,0,0,0,0,0,1082,0,5449,0
2024-02-08,port1154,Santa Marta,4,2,15503,1862,15503,0,0,0,0,0,1862,0,0,0
2024-02-09,port1154,Santa Marta,1,1,0,2421,0,0,0,0,0,0,2421,0,0,0
2024-02-10,port1154,Santa Marta,1,0,33310,0,33310,0,0,0,0,0,0,0,0,0
2024-02-11,port1154,Santa Marta,2,1,0,7497,0,0,0,0,0,0,2950,0,4546,0
2024-02-12,port1154,Santa Marta,2,2,852,3260,0,852,0,0,0,0,3260,0,0,0
2024-02-13,port1154,Santa Marta,4,1,25382,5169,25382,0,0,0,0,0,1213,3955,0,0
2024-02-14,port1154,Santa Marta,3,1,394,25506,0,394,0,0,0,0,337,0,25168,0
2024-02-15,port1154,Santa Marta,3,1,21826,2155,20974,852,0,0,0,0,2155,0,0,0
2024-02-16,port1154,Santa Marta,1,1,0,977,0,0,0,0,0,0,977,0,0,0
2024-02-17,port1154,Santa Marta,2,2,0,3564,0,0,0,0,0,0,3564,0,0,0
2024-02-18,port1154,Santa Marta,1,0,1477,0,0,0,1477,0,0,0,0,0,0,0
2024-02-19,port1154,Santa Marta,4,1,20877,781,15642,275,4959,0,0,0,0,781,0,0
2024-02-20,port1154,Santa Marta,1,0,1075,0,0,0,1075,0,0,0,0,0,0,0
2024-02-21,port1154,Santa Marta,5,3,21471,12877,21471,0,0,0,0,0,5188,0,7689,0
2024-02-22,port1154,Santa Marta,1,0,12717,0,12717,0,0,0,0,0,0,0,0,0
2024-02-23,port1154,Santa Marta,3,2,0,2365,0,0,0,0,0,0,2365,0,0,0
2024-02-24,port1154,Santa Marta,3,2,605,2061,0,0,0,0,605,0,1968,0,0,92
2024-02-25,port1154,Santa Marta,2,0,36627,0,36627,0,0,0,0,0,0,0,0,0
2024-02-26,port1154,Santa Marta,1,1,0,1098,0,0,0,0,0,0,1098,0,0,0
2024-02-27,port1154,Santa Marta,1,1,0,608,0,0,0,0,0,0,608,0,0,0
2024-02-28,port1154,Santa Marta,3,1,16369,10791,15824,544,0,0,0,6479,0,4312,0,0
2024-02-29,port1154,Santa Marta,2,1,852,79385,0,852,0,0,0,77230,2155,0,0,0
2024-03-01,port1154,Santa Marta,4,1,1704,3219,0,852,852,0,0,0,2155,1064,0,0
2024-03-02,port1154,Santa Marta,3,1,5906,11625,0,5906,0,0,0,0,0,0,11625,0
2024-03-03,port1154,Santa Marta,2,1,13792,2483,13792,0,0,0,0,0,2483,0,0,0
2024-03-04,port1154,Santa Marta,2,0,30899,6479,30899,0,0,0,0,6479,0,0,0,0
2024-03-05,port1154,Santa Marta,1,1,852,2155,0,852,0,0,0,0,2155,0,0,0
2024-03-06,port1154,Santa Marta,5,2,3727,4807,0,0,3727,0,0,0,3245,1562,0,0
2024-03-07,port1154,Santa Marta,2,1,0,17376,0,0,0,0,0,16051,1324,0,0,0
2024-03-08,port1154,Santa Marta,1,1,485,0,0,485,0,0,0,0,0,0,0,0
2024-03-09,port1154,Santa Marta,4,1,22143,6479,22143,0,0,0,0,6479,0,0,0,0
2024-03-10,port1154,Santa Marta,2,1,1798,3911,0,0,1798,0,0,0,3911,0,0,0
2024-03-11,port1154,Santa Marta,4,2,2312,0,0,973,417,0,921,0,0,0,0,0
2024-03-12,port1154,Santa Marta,2,1,852,2155,0,852,0,0,0,0,2155,0,0,0
2024-03-13,port1154,Santa Marta,3,1,24548,704,24277,271,0,0,0,0,0,704,0,0
2024-03-14,port1154,Santa Marta,1,1,852,2155,0,852,0,0,0,0,2155,0,0,0
2024-03-15,port1154,Santa Marta,4,1,37499,0,37003,495,0,0,0,0,0,0,0,0
2024-03-16,port1154,Santa Marta,1,1,1624,0,0,1624,0,0,0,0,0,0,0,0
2024-03-17,port1154,Santa Marta,2,1,11377,4960,11377,0,0,0,0,0,4960,0,0,0
2024-03-18,port1154,Santa Marta,0,0,0,0,0,0,0,0,0,0,0,0,0,0
2024-03-19,port1154,Santa Marta,3,1,19106,2155,17896,852,356,0,0,0,2155,0,0,0
2024-03-20,port1154,Santa Marta,4,3,2373,3902,0,2373,0,0,0,0,0,0,3902,0
2024-03-21,port1154,Santa Marta,1,0,0,4945,0,0,0,0,0,0,0,0,4945,0
2024-03-22,port1154,Santa Marta,2,2,0,1302,0,0,0,0,0,0,1302,0,0,0
2024-03-23,port1154,Santa Marta,3,1,15530,7127,0,852,0,14678,0,0,2155,0,0,4972
2024-03-24,port1154,Santa Marta,1,1,0,11303,0,0,0,0,0,0,11303,0,0,0
2024-03-25,port1154,Santa Marta,2,1,0,756,0,0,0,0,0,0,756,0,0,0
2024-03-26,port1154,Santa Marta,3,1,605,1668,0,0,0,0,605,0,1219,356,0,92
2024-03-27,port1154,Santa Marta,3,2,14837,0,13009,1828,0,0,0,0,0,0,0,0
2024-03-28,port1154,Santa Marta,2,0,15824,62954,15824,0,0,0,0,62954,0,0,0,0
2024-03-29,port1154,Santa Marta,2,2,2548,0,0,2548,0,0,0,0,0,0,0,0
2024-03-30,port1154,Santa Marta,1,1,0,9812,0,0,0,0,0,0,9812,0,0,0
2024-03-31,port1154,Santa Marta,3,1,22450,2155,21598,852,0,0,0,0,2155,0,0,0
2024-04-01,port1154,Santa Marta,1,1,0,2671,0,0,0,0,0,0,2671,0,0,0
2024-04-02,port1154,Santa Marta,3,0,4672,9556,4672,0,0,0,0,0,0,5379,4176,0
2024-04-03,port1154,Santa Marta,3,2,4729,5876,0,2237,0,2492,0,0,268,0,5608,0
2024-04-04,port1154,Santa Marta,2,1,53016,330,53016,0,0,0,0,0,330,0,0,0
2024-04-05,port1154,Santa Marta,3,1,0,5164,0,0,0,0,0,3258,488,1417,0,0
2024-04-06,port1154,Santa Marta,4,2,59920,2981,58056,0,1863,0,0,0,2200,781,0,0
2024-04-07,port1154,Santa Marta,0,0,0,0,0,0,0,0,0,0,0,0,0,0
2024-04-08,port1154,Santa Marta,1,0,2929,0,2929,0,0,0,0,0,0,0,0,0
2024-04-09,port1154,Santa Marta,1,0,5726,0,0,0,5726,0,0,0,0,0,0,0
2024-04-10,port1154,Santa Marta,3,1,4148,92,0,1212,2330,0,605,0,0,0,0,92
2024-04-11,port1154,Santa Marta,2,1,11673,389,11673,0,0,0,0,0,389,0,0,0
2024-04-12,port1154,Santa Marta,1,1,0,496,0,0,0,0,0,0,496,0,0,0
2024-04-13,port1154,Santa Marta,2,1,18428,1084,18428,0,0,0,0,0,1084,0,0,0
2024-04-14,port1154,Santa Marta,0,0,0,0,0,0,0,0,0,0,0,0,0,0
2024-04-15,port1154,Santa Marta,2,2,983,2412,0,983,0,0,0,0,2412,0,0,0
2024-04-16,port1154,Santa Marta,3,1,18079,13587,15824,2254,0,0,0,6479,0,0,7107,0
2024-04-17,port1154,Santa Marta,1,1,678,0,0,678,0,0,0,0,0,0,0,0
2024-04-18,port1154,Santa Marta,2,2,0,2919,0,0,0,0,0,0,2919,0,0,0
2024-04-19,port1154,Santa Marta,3,1,16677,19177,15824,852,0,0,0,17021,2155,0,0,0
2024-04-20,port1154,Santa Marta,1,1,0,0,0,0,0,0,0,0,0,0,0,0
2024-04-21,port1154,Santa Marta,1,1,0,5911,0,0,0,0,0,0,5911,0,0,0
2024-04-22,port1154,Santa Marta,2,0,12886,20493,12886,0,0,0,0,0,0,0,20493,0
2024-04-23,port1154,Santa Marta,1,0,729,1751,0,0,729,0,0,0,0,1751,0,0
2024-04-24,port1154,Santa Marta,2,1,15824,8297,15824,0,0,0,0,6479,1817,0,0,0
2024-04-25,port1154,Santa Marta,4,2,0,17047,0,0,0,0,0,0,4903,0,12143,0
2024-04-26,port1154,Santa Marta,2,2,1395,2155,0,1395,0,0,0,0,2155,0,0,0
2024-04-27,port1154,Santa Marta,3,1,36351,20582,36351,0,0,0,0,0,5399,0,15183,0
2024-04-28,port1154,Santa Marta,1,0,7510,0,7510,0,0,0,0,0,0,0,0,0
2024-04-29,port1154,Santa Marta,2,0,36096,3593,36096,0,0,0,0,0,0,3593,0,0
2024-04-30,port1154,Santa Marta,3,1,14554,3120,14554,0,0,0,0,0,2416,704,0,0
2024-05-01,port1154,Santa Marta,0,0,0,0,0,0,0,0,0,0,0,0,0,0
2024-05-02,port1154,Santa Marta,3,1,36416,0,35154,269,991,0,0,0,0,0,0,0
2024-05-03,port1154,Santa Marta,2,2,985,1666,0,985,0,0,0,0,1666,0,0,0
2024-05-04,port1154,Santa Marta,2,1,1305,0,0,0,0,0,1305,0,0,0,0,0
2024-05-05,port1154,Santa Marta,4,1,32425,15918,31649,0,775,0,0,12958,2959,0,0,0
2024-05-06,port1154,Santa Marta,1,0,0,0,0,0,0,0,0,0,0,0,0,0
2024-05-07,port1154,Santa Marta,3,0,55595,3593,54502,0,0,1092,0,0,0,3593,0,0
2024-05-08,port1154,Santa Marta,2,2,3765,0,0,3765,0,0,0,0,0,0,0,0
2024-05-09,port1154,Santa Marta,1,1,368,0,0,368,0,0,0,0,0,0,0,0
2024-05-10,port1154,Santa Marta,2,1,972,3191,0,972,0,0,0,0,0,3191,0,0
2024-05-11,port1154,Santa Marta,3,1,1863,4520,0,0,1863,0,0,0,3739,781,0,0
2024-05-12,port1154,Santa Marta,2,1,23817,490,23817,0,0,0,0,0,490,0,0,0
2024-05-13,port1154,Santa Marta,0,0,0,0,0,0,0,0,0,0,0,0,0,0
2024-05-14,port1154,Santa Marta,2,1,1582,3906,0,852,729,0,0,0,2155,1751,0,0
2024-05-15,port1154,Santa Marta,1,0,15824,6479,15824,0,0,0,0,6479,0,0,0,0
2024-05-16,port1154,Santa Marta,2,2,0,2198,0,0,0,0,0,0,2198,0,0,0
2024-05-17,port1154,Santa Marta,2,1,852,3101,0,852,0,0,0,0,2155,946,0,0
2024-05-18,port1154,Santa Marta,3,1,15824,9101,15824,0,0,0,0,6479,0,0,2621,0
2024-05-19,port1154,Santa Marta,3,2,4590,7795,0,4590,0,0,0,0,7795,0,0,0
2024-05-20,port1154,Santa Marta,2,0,1058,0,0,0,1058,0,0,0,0,0,0,0
2024-05-21,port1154,Santa Marta,2,1,1530,0,0,607,0,0,922,0,0,0,0,0
2024-05-22,port1154,Santa Marta,2,0,15490,0,0,0,15490,0,0,0,0,0,0,0
2024-05-23,port1154,Santa Marta,2,2,272,2215,0,272,0,0,0,0,2215,0,0,0
2024-05-24,port1154,Santa Marta,1,1,482,0,0,482,0,0,0,0,0,0,0,0
2024-05-25,port1154,Santa Marta,2,1,0,17160,0,0,0,0,0,16618,541,0,0,0
2024-05-26,port1154,Santa Marta,1,1,0,2183,0,0,0,0,0,0,2183,0,0,0
2024-05-27,port1154,Santa Marta,1,0,9103,0,9103,0,0,0,0,0,0,0,0,0
2024-05-28,port1154,Santa Marta,3,1,0,5244,0,0,0,0,0,0,2029,3214,0,0
2024-05-29,port1154,Santa Marta,3,0,4363,11142,4363,0,0,0,0,0,0,0,11142,0
2024-05-30,port1154,Santa Marta,2,2,0,1867,0,0,0,0,0,0,1867,0,0,0
2024-05-31,port1154,Santa Marta,1,1,495,0,0,495,0,0,0,0,0,0,0,0
2024-06-01,port1154,Santa Marta,1,1,0,0,0,0,0,0,0,0,0,0,0,0
2024-06-02,port1154,Santa Marta,2,1,2174,5399,0,0,2174,0,0,0,5399,0,0,0
2024-06-03,port1154,Santa Marta,2,0,19056,0,18543,0,0,0,513,0,0,0,0,0
2024-06-04,port1154,Santa Marta,1,0,0,2507,0,0,0,0,0,0,0,2507,0,0
2024-06-05,port1154,Santa Marta,3,1,21495,45846,20888,607,0,0,0,45846,0,0,0,0
2024-06-06,port1154,Santa Marta,2,2,539,2209,0,539,0,0,0,0,2209,0,0,0
2024-06-07,port1154,Santa Marta,1,1,0,483,0,0,0,0,0,0,483,0,0,0
2024-06-08,port1154,Santa Marta,4,2,14728,5407,13889,0,838,0,0,0,5407,0,0,0
2024-06-09,port1154,Santa Marta,0,0,0,0,0,0,0,0,0,0,0,0,0,0
2024-06-10,port1154,Santa Marta,1,0,19332,0,19332,0,0,0,0,0,0,0,0,0
2024-06-11,port1154,Santa Marta,2,0,18356,2859,18356,0,0,0,0,0,0,2859,0,0
2024-06-12,port1154,Santa Marta,1,1,0,608,0,0,0,0,0,0,608,0,0,0
2024-06-13,port1154,Santa Marta,2,1,0,2135,0,0,0,0,0,0,1324,0,810,0
2024-06-14,port1154,Santa Marta,2,1,852,2508,0,852,0,0,0,0,2155,353,0,0
2024-06-15,port1154,Santa Marta,2,1,1442,2155,0,852,589,0,0,0,2155,0,0,0
2024-06-16,port1154,Santa Marta,1,1,0,7385,0,0,0,0,0,0,7385,0,0,0
2024-06-17,port1154,Santa Marta,0,0,0,0,0,0,0,0,0,0,0,0,0,0
2024-06-18,port1154,Santa Marta,2,1,30531,605,30531,0,0,0,0,0,605,0,0,0
2024-06-19,port1154,Santa Marta,1,0,15185,0,15185,0,0,0,0,0,0,0,0,0
2024-06-20,port1154,Santa Marta,1,1,545,0,0,545,0,0,0,0,0,0,0,0
2024-06-21,port1154,Santa Marta,3,2,852,3265,0,852,0,0,0,0,3265,0,0,0
2024-06-22,port1154,Santa Marta,2,2,1936,2155,0,1936,0,0,0,0,2155,0,0,0
2024-06-23,port1154,Santa Marta,2,1,0,13906,0,0,0,0,0,9960,3945,0,0,0
2024-06-24,port1154,Santa Marta,0,0,0,0,0,0,0,0,0,0,0,0,0,0
2024-06-25,port1154,Santa Marta,4,1,5055,59332,0,1169,3885,0,0,59332,0,0,0,0
2024-06-26,port1154,Santa Marta,2,2,1216,0,0,1216,0,0,0,0,0,0,0,0
2024-06-27,port1154,Santa Marta,1,0,16890,0,16890,0,0,0,0,0,0,0,0,0
2024-06-28,port1154,Santa Marta,2,2,852,2488,0,852,0,0,0,0,2488,0,0,0
2024-06-29,port1154,Santa Marta,1,1,0,0,0,0,0,0,0,0,0,0,0,0
2024-06-30,port1154,Santa Marta,1,1,0,10694,0,0,0,0,0,0,10694,0,0,0
2024-07-01,port1154,Santa Marta,1,0,0,0,0,0,0,0,0,0,0,0,0,0
2024-07-02,port1154,Santa Marta,2,1,385,712,0,385,0,0,0,0,0,712,0,0
2024-07-03,port1154,Santa Marta,3,1,15824,7081,15824,0,0,0,0,6479,602,0,0,0
2024-07-04,port1154,Santa Marta,1,1,0,269,0,0,0,0,0,0,269,0,0,0
2024-07-05,port1154,Santa Marta,4,2,8639,3131,7787,852,0,0,0,0,3131,0,0,0
2024-07-06,port1154,Santa Marta,3,1,19841,834,19841,0,0,0,0,0,510,323,0,0
2024-07-07,port1154,Santa Marta,2,1,6145,7632,6145,0,0,0,0,0,7632,0,0,0
2024-07-08,port1154,Santa Marta,2,1,0,677,0,0,0,0,0,0,677,0,0,0
2024-07-09,port1154,Santa Marta,3,0,48600,0,48243,0,356,0,0,0,0,0,0,0
2024-07-10,port1154,Santa Marta,1,0,0,1631,0,0,0,0,0,0,0,1631,0,0
2024-07-11,port1154,Santa Marta,3,2,37076,2847,37076,0,0,0,0,0,2847,0,0,0
2024-07-12,port1154,Santa Marta,2,0,27821,0,26995,0,826,0,0,0,0,0,0,0
2024-07-13,port1154,Santa Marta,2,1,0,153,0,0,0,0,0,0,0,153,0,0
2024-07-14,port1154,Santa Marta,3,2,774,4920,0,774,0,0,0,0,4920,0,0,0
2024-07-15,port1154,Santa Marta,4,0,8204,67032,7577,0,627,0,0,58210,0,0,8821,0
2024-07-16,port1154,Santa Marta,1,0,167,0,167,0,0,0,0,0,0,0,0,0
2024-07-17,port1154,Santa Marta,3,2,852,6362,0,852,0,0,0,0,3147,3214,0,0
2024-07-18,port1154,Santa Marta,2,2,852,2423,0,852,0,0,0,0,2423,0,0,0
2024-07-19,port1154,Santa Marta,4,1,11649,3407,10109,0,0,0,1540,0,1979,1428,0,0
2024-07-20,port1154,Santa Marta,4,1,19133,2550,16782,0,1045,0,1305,0,2550,0,0,0
2024-07-21,port1154,Santa Marta,1,1,0,4392,0,0,0,0,0,0,4392,0,0,0
2024-07-22,port1154,Santa Marta,0,0,0,0,0,0,0,0,0,0,0,0,0,0
2024-07-23,port1154,Santa Marta,1,1,0,1813,0,0,0,0,0,0,1813,0,0,0
2024-07-24,port1154,Santa Marta,0,0,0,0,0,0,0,0,0,0,0,0,0,0
2024-07-25,port1154,Santa Marta,3,2,2151,0,0,2151,0,0,0,0,0,0,0,0
2024-07-26,port1154,Santa Marta,1,1,973,0,0,973,0,0,0,0,0,0,0,0
2024-07-27,port1154,Santa Marta,1,0,0,59024,0,0,0,0,0,59024,0,0,0,0
2024-07-28,port1154,Santa Marta,1,1,0,9334,0,0,0,0,0,0,9334,0,0,0
2024-07-29,port1154,Santa Marta,2,2,6017,0,0,6017,0,0,0,0,0,0,0,0
2024-07-30,port1154,Santa Marta,0,0,0,0,0,0,0,0,0,0,0,0,0,0
2024-07-31,port1154,Santa Marta,1,0,0,2740,0,0,0,0,0,0,0,2740,0,0
2024-08-01,port1154,Santa Marta,2,1,3302,2155,2449,852,0,0,0,0,2155,0,0,0
2024-08-02,port1154,Santa Marta,3,1,29997,7248,29997,0,0,0,0,0,467,0,6781,0
2024-08-03,port1154,Santa Marta,2,1,7698,2041,7698,0,0,0,0,0,2041,0,0,0
2024-08-04,port1154,Santa Marta,1,1,0,7848,0,0,0,0,0,0,7848,0,0,0
2024-08-05,port1154,Santa Marta,2,1,4671,0,2451,2220,0,0,0,0,0,0,0,0
2024-08-06,port1154,Santa Marta,3,1,852,39976,0,852,0,0,0,37464,2155,356,0,0
2024-08-07,port1154,Santa Marta,1,0,0,0,0,0,0,0,0,0,0,0,0,0
2024-08-08,port1154,Santa Marta,2,2,0,4661,0,0,0,0,0,0,4661,0,0,0
2024-08-09,port1154,Santa Marta,1,1,0,1481,0,0,0,0,0,0,1481,0,0,0
2024-08-10,port1154,Santa Marta,4,1,18695,9317,15824,852,2017,0,0,6479,2155,682,0,0
2024-08-11,port1154,Santa Marta,2,1,49964,9393,49964,0,0,0,0,0,9393,0,0,0
2024-08-12,port1154,Santa Marta,1,0,8772,0,8772,0,0,0,0,0,0,0,0,0
2024-08-13,port1154,Santa Marta,1,0,0,4306,0,0,0,0,0,0,0,4306,0,0
2024-08-14,port1154,Santa Marta,1,0,919,0,0,0,919,0,0,0,0,0,0,0
2024-08-15,port1154,Santa Marta,5,3,27587,4310,24871,2245,470,0,0,0,4310,0,0,0
2024-08-16,port1154,Santa Marta,2,1,5724,4380,5724,0,0,0,0,0,4380,0,0,0
2024-08-17,port1154,Santa Marta,1,1,0,3069,0,0,0,0,0,0,3069,0,0,0
2024-08-18,port1154,Santa Marta,3,2,29129,10502,28276,852,0,0,0,0,10502,0,0,0
2024-08-19,port1154,Santa Marta,2,1,20321,0,15402,4919,0,0,0,0,0,0,0,0
2024-08-20,port1154,Santa Marta,3,2,2544,1336,0,681,1863,0,0,0,555,781,0,0
2024-08-21,port1154,Santa Marta,1,0,1028,0,0,0,0,0,1028,0,0,0,0,0
2024-08-22,port1154,Santa Marta,2,1,2298,1140,2298,0,0,0,0,0,1140,0,0,0
2024-08-23,port1154,Santa Marta,2,1,1863,4652,0,0,1863,0,0,0,3871,781,0,0
2024-08-24,port1154,Santa Marta,1,1,6612,0,0,6612,0,0,0,0,0,0,0,0
2024-08-25,port1154,Santa Marta,1,1,0,8200,0,0,0,0,0,0,8200,0,0,0
2024-08-26,port1154,Santa Marta,2,1,53799,2155,52947,852,0,0,0,0,2155,0,0,0
2024-08-27,port1154,Santa Marta,2,1,16677,8634,15824,852,0,0,0,6479,2155,0,0,0
2024-08-28,port1154,Santa Marta,1,1,0,536,0,0,0,0,0,0,536,0,0,0
2024-08-29,port1154,Santa Marta,2,2,852,3372,0,852,0,0,0,0,3372,0,0,0
2024-08-30,port1154,Santa Marta,2,1,930,969,0,0,930,0,0,0,969,0,0,0
2024-08-31,port1154,Santa Marta,2,1,1863,4874,0,0,1863,0,0,0,4093,781,0,0
2024-09-01,port1154,Santa Marta,2,1,0,28774,0,0,0,0,0,26586,2188,0,0,0
2024-09-02,port1154,Santa Marta,1,1,3347,0,0,3347,0,0,0,0,0,0,0,0
2024-09-03,port1154,Santa Marta,1,1,0,2423,0,0,0,0,0,0,2423,0,0,0
2024-09-04,port1154,Santa Marta,1,0,8448,0,8448,0,0,0,0,0,0,0,0,0
2024-09-05,port1154,Santa Marta,2,2,3835,376,0,3835,0,0,0,0,376,0,0,0
2024-09-06,port1154,Santa Marta,1,1,0,2972,0,0,0,0,0,0,2972,0,0,0
2024-09-07,port1154,Santa Marta,1,1,0,0,0,0,0,0,0,0,0,0,0,0
2024-09-08,port1154,Santa Marta,1,1,0,1953,0,0,0,0,0,0,1953,0,0,0
2024-09-09,port1154,Santa Marta,3,2,3813,2288,0,3813,0,0,0,0,2155,133,0,0
2024-09-10,port1154,Santa Marta,0,0,0,0,0,0,0,0,0,0,0,0,0,0
2024-09-11,port1154,Santa Marta,3,1,19632,2429,19632,0,0,0,0,0,2429,0,0,0
2024-09-12,port1154,Santa Marta,3,2,5902,390,0,1487,4415,0,0,0,390,0,0,0
2024-09-13,port1154,Santa Marta,2,1,12899,3907,12899,0,0,0,0,0,3907,0,0,0
2024-09-14,port1154,Santa Marta,1,1,0,5134,0,0,0,0,0,0,5134,0,0,0
2024-09-15,port1154,Santa Marta,3,1,26667,6897,26667,0,0,0,0,0,6897,0,0,0
2024-09-16,port1154,Santa Marta,2,0,954,755,0,0,954,0,0,0,0,755,0,0
2024-09-17,port1154,Santa Marta,1,0,1071,0,0,0,1071,0,0,0,0,0,0,0
2024-09-18,port1154,Santa Marta,2,0,0,513,0,0,0,0,0,0,0,0,0,513
2024-09-19,port1154,Santa Marta,2,2,0,4026,0,0,0,0,0,0,4026,0,0,0
2024-09-20,port1154,Santa Marta,3,1,54483,2055,54483,0,0,0,0,0,1394,0,660,0
2024-09-21,port1154,Santa Marta,0,0,0,0,0,0,0,0,0,0,0,0,0,0
2024-09-22,port1154,Santa Marta,4,2,21022,5428,6107,4550,10364,0,0,0,5428,0,0,0
2024-09-23,port1154,Santa Marta,1,1,852,2155,0,852,0,0,0,0,2155,0,0,0
2024-09-24,port1154,Santa Marta,0,0,0,0,0,0,0,0,0,0,0,0,0,0
2024-09-25,port1154,Santa Marta,1,1,0,3028,0,0,0,0,0,0,3028,0,0,0
2024-09-26,port1154,Santa Marta,2,1,4172,2155,3320,852,0,0,0,0,2155,0,0,0
2024-09-27,port1154,Santa Marta,3,1,0,57545,0,0,0,0,0,53707,981,2856,0,0
2024-09-28,port1154,Santa Marta,2,1,328,4093,0,0,328,0,0,0,4093,0,0,0
2024-09-29,port1154,Santa Marta,3,2,16677,15069,15824,852,0,0,0,6479,8589,0,0,0
2024-09-30,port1154,Santa Marta,2,1,1492,0,0,1492,0,0,0,0,0,0,0,0
2024-10-01,port1154,Santa Marta,1,0,15824,6479,15824,0,0,0,0,6479,0,0,0,0
2024-10-02,port1154,Santa Marta,3,2,22019,8578,22019,0,0,0,0,0,8578,0,0,0
2024-10-03,port1154,Santa Marta,2,0,1972,0,1972,0,0,0,0,0,0,0,0,0
2024-10-04,port1154,Santa Marta,2,2,0,6542,0,0,0,0,0,0,6542,0,0,0
2024-10-05,port1154,Santa Marta,1,1,852,2155,0,852,0,0,0,0,2155,0,0,0
2024-10-06,port1154,Santa Marta,2,1,14911,8382,0,0,0,14911,0,0,8382,0,0,0
2024-10-07,port1154,Santa Marta,3,0,11554,35521,10384,0,0,0,1169,35521,0,0,0,0
2024-10-08,port1154,Santa Marta,3,2,3184,7539,0,852,0,2332,0,0,2755,0,4783,0
2024-10-09,port1154,Santa Marta,1,1,2207,0,0,2207,0,0,0,0,0,0,0,0
2024-10-10,port1154,Santa Marta,3,1,0,13751,0,0,0,0,0,0,3138,10613,0,0
2024-10-11,port1154,Santa Marta,0,0,0,0,0,0,0,0,0,0,0,0,0,0
2024-10-12,port1154,Santa Marta,3,1,0,15302,0,0,0,0,0,0,2049,7323,5929,0
2024-10-13,port1154,Santa Marta,4,2,3638,17191,0,3638,0,0,0,10239,5810,1141,0,0
2024-10-14,port1154,Santa Marta,2,1,14529,560,14529,0,0,0,0,0,560,0,0,0
2024-10-15,port1154,Santa Marta,2,1,729,3551,0,0,729,0,0,0,1800,1751,0,0
2024-10-16,port1154,Santa Marta,1,0,57371,0,57371,0,0,0,0,0,0,0,0,0
2024-10-17,port1154,Santa Marta,3,1,0,6085,0,0,0,0,0,0,1505,4579,0,0
2024-10-18,port1154,Santa Marta,1,1,0,3851,0,0,0,0,0,0,3851,0,0,0
2024-10-19,port1154,Santa Marta,1,1,852,2155,0,852,0,0,0,0,2155,0,0,0
2024-10-20,port1154,Santa Marta,4,2,0,4566,0,0,0,0,0,0,3630,936,0,0
2024-10-21,port1154,Santa Marta,4,1,57491,38827,51199,4428,1863,0,0,38046,0,781,0,0
2024-10-22,port1154,Santa Marta,3,1,1582,4853,0,852,729,0,0,0,2155,1751,947,0
2024-10-23,port1154,Santa Marta,2,1,852,2849,0,852,0,0,0,0,2155,694,0,0
2024-10-24,port1154,Santa Marta,1,1,789,0,0,789,0,0,0,0,0,0,0,0
2024-10-25,port1154,Santa Marta,2,1,3184,6939,0,852,0,2332,0,0,2155,0,4783,0
2024-10-26,port1154,Santa Marta,2,0,15824,6479,15824,0,0,0,0,6479,0,0,0,0
2024-10-27,port1154,Santa Marta,2,2,22619,5416,0,22619,0,0,0,0,5416,0,0,0
2024-10-28,port1154,Santa Marta,4,1,86659,13771,86659,0,0,0,0,0,13771,0,0,0
2024-10-29,port1154,Santa Marta,0,0,0,0,0,0,0,0,0,0,0,0,0,0
2024-10-30,port1154,Santa Marta,3,1,230,1512,0,0,230,0,0,0,1512,0,0,0
2024-10-31,port1154,Santa Marta,2,2,3323,378,0,3323,0,0,0,0,378,0,0,0
2024-11-01,port1154,Santa Marta,3,1,985,18933,0,985,0,0,0,15385,0,3548,0,0
2024-11-02,port1154,Santa Marta,1,0,24300,0,24300,0,0,0,0,0,0,0,0,0
2024-11-03,port1154,Santa Marta,1,0,0,0,0,0,0,0,0,0,0,0,0,0
2024-11-04,port1154,Santa Marta,0,0,0,0,0,0,0,0,0,0,0,0,0,0
2024-11-05,port1154,Santa Marta,2,2,1462,2155,0,1462,0,0,0,0,2155,0,0,0
2024-11-06,port1154,Santa Marta,2,1,0,10756,0,0,0,0,0,0,10294,461,0,0
2024-11-07,port1154,Santa Marta,4,1,6473,2733,6309,0,164,0,0,0,2733,0,0,0
2024-11-08,port1154,Santa Marta,2,1,464,359,0,464,0,0,0,0,0,359,0,0
2024-11-09,port1154,Santa Marta,2,2,0,11881,0,0,0,0,0,0,11881,0,0,0
2024-11-10,port1154,Santa Marta,1,1,10147,0,0,10147,0,0,0,0,0,0,0,0
2024-11-11,port1154,Santa Marta,2,0,56199,17169,56199,0,0,0,0,17169,0,0,0,0
2024-11-12,port1154,Santa Marta,2,0,18717,0,1111,0,0,17605,0,0,0,0,0,0
2024-11-13,port1154,Santa Marta,3,0,1171,1303,0,0,0,0,1171,0,0,1303,0,0
2024-11-14,port1154,Santa Marta,3,3,4558,4038,0,4558,0,0,0,0,4038,0,0,0
2024-11-15,port1154,Santa Marta,1,1,0,489,0,0,0,0,0,0,489,0,0,0
2024-11-16,port1154,Santa Marta,3,0,1863,35259,0,0,1863,0,0,34478,0,781,0,0
2024-11-17,port1154,Santa Marta,2,2,0,15801,0,0,0,0,0,0,15801,0,0,0
2024-11-18,port1154,Santa Marta,0,0,0,0,0,0,0,0,0,0,0,0,0,0
2024-11-19,port1154,Santa Marta,4,1,1619,10968,0,852,767,0,0,3411,2155,5400,0,0
2024-11-20,port1154,Santa Marta,1,1,852,2155,0,852,0,0,0,0,2155,0,0,0
2024-11-21,port1154,Santa Marta,2,0,15824,13495,15824,0,0,0,0,6479,0,7015,0,0
2024-11-22,port1154,Santa Marta,2,2,852,2946,0,852,0,0,0,0,2946,0,0,0
2024-11-23,port1154,Santa Marta,2,1,15824,8015,15824,0,0,0,0,6479,1535,0,0,0
2024-11-24,port1154,Santa Marta,2,1,14408,17254,0,0,0,14408,0,0,17254,0,0,0
2024-11-25,port1154,Santa Marta,1,0,16876,0,16876,0,0,0,0,0,0,0,0,0
2024-11-26,port1154,Santa Marta,2,0,28955,0,28955,0,0,0,0,0,0,0,0,0
2024-11-27,port1154,Santa Marta,3,1,607,8450,0,607,0,0,0,0,0,5989,2461,0
2024-11-28,port1154,Santa Marta,1,0,0,35329,0,0,0,0,0,35329,0,0,0,0
2024-11-29,port1154,Santa Marta,1,1,0,984,0,0,0,0,0,0,984,0,0,0
2024-11-30,port1154,Santa Marta,3,2,852,3576,0,852,0,0,0,0,2155,1421,0,0
2024-12-01,port1154,Santa Marta,2,1,1027,4327,0,0,0,0,1027,0,4327,0,0,0
2024-12-02,port1154,Santa Marta,2,1,36349,0,35607,741,0,0,0,0,0,0,0,0
2024-12-03,port1154,Santa Marta,2,0,36456,0,36456,0,0,0,0,0,0,0,0,0
2024-12-04,port1154,Santa Marta,3,1,852,5634,0,852,0,0,0,0,2155,690,2788,0
2024-12-05,port1154,Santa Marta,2,0,20778,92,20173,0,0,0,605,0,0,0,0,92
2024-12-06,port1154,Santa Marta,3,1,729,2928,0,0,729,0,0,0,1177,1751,0,0
2024-12-07,port1154,Santa Marta,2,1,3184,6939,0,852,0,2332,0,0,2155,0,4783,0
2024-12-08,port1154,Santa Marta,1,1,0,3285,0,0,0,0,0,0,3285,0,0,0
2024-12-09,port1154,Santa Marta,0,0,0,0,0,0,0,0,0,0,0,0,0,0
2024-12-10,port1154,Santa Marta,2,0,18799,617,18799,0,0,0,0,0,0,617,0,0
2024-12-11,port1154,Santa Marta,1,1,852,2155,0,852,0,0,0,0,2155,0,0,0
2024-12-12,port1154,Santa Marta,2,2,852,3635,0,852,0,0,0,0,3635,0,0,0
2024-12-13,port1154,Santa Marta,2,1,5633,0,0,0,0,5633,0,0,0,0,0,0
2024-12-14,port1154,Santa Marta,1,0,0,0,0,0,0,0,0,0,0,0,0,0
2024-12-15,port1154,Santa Marta,1,1,3863,0,0,3863,0,0,0,0,0,0,0,0
2024-12-16,port1154,Santa Marta,3,2,2232,16045,0,2232,0,0,0,0,11985,0,4060,0
2024-12-17,port1154,Santa Marta,1,0,0,16741,0,0,0,0,0,0,0,16741,0,0
2024-12-18,port1154,Santa Marta,2,2,0,4612,0,0,0,0,0,0,4612,0,0,0
2024-12-19,port1154,Santa Marta,4,2,16677,16843,15824,852,0,0,0,6479,5695,4668,0,0
2024-12-20,port1154,Santa Marta,4,1,10680,1765,4672,0,1863,4144,0,0,984,781,0,0
2024-12-21,port1154,Santa Marta,1,1,0,2556,0,0,0,0,0,0,2556,0,0,0
2024-12-22,port1154,Santa Marta,1,1,0,5422,0,0,0,0,0,0,5422,0,0,0
2024-12-23,port1154,Santa Marta,1,1,0,391,0,0,0,0,0,0,391,0,0,0
2024-12-24,port1154,Santa Marta,0,0,0,0,0,0,0,0,0,0,0,0,0,0
2024-12-25,port1154,Santa Marta,2,1,0,3902,0,0,0,0,0,0,674,3228,0,0
2024-12-26,port1154,Santa Marta,2,0,4143,4562,4143,0,0,0,0,0,0,4562,0,0
2024-12-27,port1154,Santa Marta,2,0,0,1871,0,0,0,0,0,0,0,1871,0,0
2024-12-28,port1154,Santa Marta,1,1,0,0,0,0,0,0,0,0,0,0,0,0
2024-12-29,port1154,Santa Marta,1,1,0,987,0,0,0,0,0,0,987,0,0,0
2024-12-30,port1154,Santa Marta,1,1,0,381,0,0,0,0,0,0,381,0,0,0
2024-12-31,port1154,Santa Marta,2,2,0,6760,0,0,0,0,0,0,6760,0,0,0
2025-01-01,port1154,Santa Marta,2,0,1863,781,0,0,1863,0,0,0,0,781,0,0
2025-01-02,port1154,Santa Marta,2,0,41573,0,41573,0,0,0,0,0,0,0,0,0
2025-01-03,port1154,Santa Marta,2,1,3999,2155,0,852,0,3146,0,0,2155,0,0,0
2025-01-04,port1154,Santa Marta,1,1,852,2155,0,852,0,0,0,0,2155,0,0,0
2025-01-05,port1154,Santa Marta,1,1,0,490,0,0,0,0,0,0,490,0,0,0
2025-01-06,port1154,Santa Marta,2,0,605,92,0,0,0,0,605,0,0,0,0,92
2025-01-07,port1154,Santa Marta,4,1,5821,517,4102,772,946,0,0,0,0,0,517,0
2025-01-08,port1154,Santa Marta,3,2,52866,2914,52866,0,0,0,0,0,2914,0,0,0
2025-01-09,port1154,Santa Marta,3,1,1863,4079,0,0,1863,0,0,1427,1871,781,0,0
2025-01-10,port1154,Santa Marta,2,1,1953,691,0,1953,0,0,0,0,0,691,0,0
2025-01-11,port1154,Santa Marta,2,2,7621,2155,0,7621,0,0,0,0,2155,0,0,0
2025-01-12,port1154,Santa Marta,3,1,7735,30504,0,0,7735,0,0,12256,18247,0,0,0
2025-01-13,port1154,Santa Marta,2,0,16900,0,16900,0,0,0,0,0,0,0,0,0
2025-01-14,port1154,Santa Marta,2,1,0,9161,0,0,0,0,0,6740,2421,0,0,0
2025-01-15,port1154,Santa Marta,2,0,135,49448,0,0,135,0,0,49448,0,0,0,0
2025-01-16,port1154,Santa Marta,2,1,50529,4312,50529,0,0,0,0,0,4312,0,0,0
2025-01-17,port1154,Santa Marta,2,1,6398,494,6398,0,0,0,0,0,494,0,0,0
2025-01-18,port1154,Santa Marta,3,2,1863,3199,0,0,1863,0,0,0,2417,781,0,0
2025-01-19,port1154,Santa Marta,1,1,0,5839,0,0,0,0,0,0,5839,0,0,0
2025-01-20,port1154,Santa Marta,1,0,20387,0,20387,0,0,0,0,0,0,0,0,0
2025-01-21,port1154,Santa Marta,3,2,17248,3553,17248,0,0,0,0,0,3553,0,0,0
2025-01-22,port1154,Santa Marta,1,0,1229,0,0,0,0,1229,0,0,0,0,0,0
2025-01-23,port1154,Santa Marta,1,0,56301,0,56301,0,0,0,0,0,0,0,0,0
2025-01-24,port1154,Santa Marta,1,1,0,0,0,0,0,0,0,0,0,0,0,0
2025-01-25,port1154,Santa Marta,1,1,0,4919,0,0,0,0,0,0,4919,0,0,0
2025-01-26,port1154,Santa Marta,1,1,0,2190,0,0,0,0,0,0,2190,0,0,0
2025-01-27,port1154,Santa Marta,2,1,852,2994,0,852,0,0,0,0,2155,0,839,0
2025-01-28,port1154,Santa Marta,0,0,0,0,0,0,0,0,0,0,0,0,0,0
2025-01-29,port1154,Santa Marta,4,1,29216,1518,0,0,14369,14847,0,0,610,907,0,0
2025-01-30,port1154,Santa Marta,1,0,1305,0,0,0,0,0,1305,0,0,0,0,0
2025-01-31,port1154,Santa Marta,2,1,605,1625,0,0,0,0,605,0,1533,0,0,92
2025-02-01,port1154,Santa Marta,1,1,852,2155,0,852,0,0,0,0,2155,0,0,0
2025-02-02,port1154,Santa Marta,1,1,1101,0,0,1101,0,0,0,0,0,0,0,0
2025-02-03,port1154,Santa Marta,1,1,852,2155,0,852,0,0,0,0,2155,0,0,0
2025-02-04,port1154,Santa Marta,1,1,0,5803,0,0,0,0,0,0,5803,0,0,0
2025-02-05,port1154,Santa Marta,3,1,16771,8857,15824,0,946,0,0,6479,2378,0,0,0
2025-02-06,port1154,Santa Marta,1,1,0,1362,0,0,0,0,0,0,1362,0,0,0
2025-02-07,port1154,Santa Marta,2,1,1863,1286,0,0,1863,0,0,0,505,781,0,0
2025-02-08,port1154,Santa Marta,3,1,20740,2279,20608,0,132,0,0,0,2279,0,0,0
2025-02-09,port1154,Santa Marta,1,1,0,3957,0,0,0,0,0,0,3957,0,0,0
2025-02-10,port1154,Santa Marta,4,2,6780,60945,0,6628,152,0,0,58790,2155,0,0,0
2025-02-11,port1154,Santa Marta,0,0,0,0,0,0,0,0,0,0,0,0,0,0
2025-02-12,port1154,Santa Marta,2,2,2426,2023,0,2426,0,0,0,0,2023,0,0,0
2025-02-13,port1154,Santa Marta,0,0,0,0,0,0,0,0,0,0,0,0,0,0
2025-02-14,port1154,Santa Marta,2,1,25141,2155,24289,852,0,0,0,0,2155,0,0,0
2025-02-15,port1154,Santa Marta,3,2,7047,335,0,1354,5692,0,0,0,335,0,0,0
2025-02-16,port1154,Santa Marta,2,1,6358,2971,6358,0,0,0,0,0,2971,0,0,0
2025-02-17,port1154,Santa Marta,2,2,3974,2155,0,3974,0,0,0,0,2155,0,0,0
2025-02-18,port1154,Santa Marta,1,0,29362,0,29362,0,0,0,0,0,0,0,0,0
2025-02-19,port1154,Santa Marta,2,1,38119,1826,38119,0,0,0,0,0,1826,0,0,0
2025-02-20,port1154,Santa Marta,2,1,1059,2666,0,0,1059,0,0,0,2666,0,0,0
2025-02-21,port1154,Santa Marta,2,1,20029,2155,19176,852,0,0,0,0,2155,0,0,0
2025-02-22,port1154,Santa Marta,2,1,2332,11279,0,0,0,2332,0,0,6495,0,4783,0
2025-02-23,port1154,Santa Marta,3,1,5560,20075,5560,0,0,0,0,0,4931,0,15144,0
2025-02-24,port1154,Santa Marta,2,1,2223,15730,0,2223,0,0,0,0,0,15730,0,0
2025-02-25,port1154,Santa Marta,3,1,23083,2155,21661,852,569,0,0,0,2155,0,0,0
2025-02-26,port1154,Santa Marta,3,1,15439,1835,15439,0,0,0,0,0,1835,0,0,0
2025-02-27,port1154,Santa Marta,0,0,0,0,0,0,0,0,0,0,0,0,0,0
2025-02-28,port1154,Santa Marta,4,2,481,68138,0,481,0,0,0,53465,2733,0,11939,0
2025-03-01,port1154,Santa Marta,2,1,4750,2155,3897,852,0,0,0,0,2155,0,0,0
2025-03-02,port1154,Santa Marta,2,1,25702,7892,25702,0,0,0,0,0,7892,0,0,0
2025-03-03,port1154,Santa Marta,2,1,8688,0,4982,3706,0,0,0,0,0,0,0,0
2025-03-04,port1154,Santa Marta,1,1,852,2155,0,852,0,0,0,0,2155,0,0,0
2025-03-05,port1154,Santa Marta,1,1,0,8784,0,0,0,0,0,0,8784,0,0,0
2025-03-06,port1154,Santa Marta,4,0,2395,46798,0,0,2395,0,0,38437,0,6400,1960,0
2025-03-07,port1154,Santa Marta,0,0,0,0,0,0,0,0,0,0,0,0,0,0
2025-03-08,port1154,Santa Marta,3,1,22315,4817,22315,0,0,0,0,0,4172,644,0,0
2025-03-09,port1154,Santa Marta,3,2,30504,486,30235,269,0,0,0,0,486,0,0,0
2025-03-10,port1154,Santa Marta,2,1,1695,370,0,0,1695,0,0,0,370,0,0,0
2025-03-11,port1154,Santa Marta,1,1,852,2155,0,852,0,0,0,0,2155,0,0,0
2025-03-12,port1154,Santa Marta,2,1,20683,2434,20683,0,0,0,0,0,2434,0,0,0
2025-03-13,port1154,Santa Marta,4,1,605,20009,0,0,0,0,605,0,1183,0,18733,92
2025-03-14,port1154,Santa Marta,2,2,346,1492,0,346,0,0,0,0,1492,0,0,0
2025-03-15,port1154,Santa Marta,2,1,0,18897,0,0,0,0,0,0,5134,0,13762,0
2025-03-16,port1154,Santa Marta,2,1,15824,15781,15824,0,0,0,0,6479,9302,0,0,0
2025-03-17,port1154,Santa Marta,2,1,33747,0,33378,368,0,0,0,0,0,0,0,0
2025-03-18,port1154,Santa Marta,2,1,575,12254,0,575,0,0,0,12254,0,0,0,0
2025-03-19,port1154,Santa Marta,0,0,0,0,0,0,0,0,0,0,0,0,0,0
2025-03-20,port1154,Santa Marta,3,1,56653,3381,56653,0,0,0,0,0,3381,0,0,0
2025-03-21,port1154,Santa Marta,1,1,489,0,0,489,0,0,0,0,0,0,0,0
2025-03-22,port1154,Santa Marta,5,2,17753,53243,16900,852,0,0,0,51087,2155,0,0,0
2025-03-23,port1154,Santa Marta,1,1,0,5359,0,0,0,0,0,0,5359,0,0,0
2025-03-24,port1154,Santa Marta,2,1,227,2028,0,0,227,0,0,0,2028,0,0,0
2025-03-25,port1154,Santa Marta,2,0,32551,23759,32551,0,0,0,0,23759,0,0,0,0
2025-03-26,port1154,Santa Marta,2,1,54096,0,53490,606,0,0,0,0,0,0,0,0
2025-03-27,port1154,Santa Marta,0,0,0,0,0,0,0,0,0,0,0,0,0,0
2025-03-28,port1154,Santa Marta,3,2,40949,3468,40949,0,0,0,0,0,3468,0,0,0
2025-03-29,port1154,Santa Marta,2,1,33880,5617,33880,0,0,0,0,0,5617,0,0,0
2025-03-30,port1154,Santa Marta,2,0,21009,9781,21009,0,0,0,0,0,0,0,9781,0
2025-03-31,port1154,Santa Marta,1,1,852,2155,0,852,0,0,0,0,2155,0,0,0
2025-04-01,port1154,Santa Marta,2,1,7029,0,5919,1109,0,0,0,0,0,0,0,0
2025-04-02,port1154,Santa Marta,3,1,34824,0,29915,489,0,4419,0,0,0,0,0,0
2025-04-03,port1154,Santa Marta,1,1,0,1826,0,0,0,0,0,0,1826,0,0,0
2025-04-04,port1154,Santa Marta,2,2,0,2377,0,0,0,0,0,0,2377,0,0,0
2025-04-05,port1154,Santa Marta,2,1,45557,0,45557,0,0,0,0,0,0,0,0,0
2025-04-06,port1154,Santa Marta,1,1,0,5333,0,0,0,0,0,0,5333,0,0,0
2025-04-07,port1154,Santa Marta,3,0,12013,13241,0,0,12013,0,0,0,0,327,12913,0
2025-04-08,port1154,Santa Marta,2,1,1863,3019,0,0,1863,0,0,0,2238,781,0,0
2025-04-09,port1154,Santa Marta,1,1,0,5490,0,0,0,0,0,0,5490,0,0,0
2025-04-10,port1154,Santa Marta,3,1,352,7799,0,0,352,0,0,0,5063,2736,0,0
2025-04-11,port1154,Santa Marta,1,1,3469,0,0,3469,0,0,0,0,0,0,0,0
2025-04-12,port1154,Santa Marta,4,1,24989,10067,24989,0,0,0,0,6479,3587,0,0,0
2025-04-13,port1154,Santa Marta,1,1,0,5461,0,0,0,0,0,0,5461,0,0,0
2025-04-14,port1154,Santa Marta,2,1,6691,1130,0,0,6691,0,0,0,1130,0,0,0
2025-04-15,port1154,Santa Marta,1,1,852,2155,0,852,0,0,0,0,2155,0,0,0
2025-04-16,port1154,Santa Marta,2,1,0,10288,0,0,0,0,0,0,4735,0,5552,0
2025-04-17,port1154,Santa Marta,1,1,0,3786,0,0,0,0,0,0,3786,0,0,0
2025-04-18,port1154,Santa Marta,4,1,37764,459,37764,0,0,0,0,0,459,0,0,0
2025-04-19,port1154,Santa Marta,1,1,0,0,0,0,0,0,0,0,0,0,0,0
2025-04-20,port1154,Santa Marta,2,1,8772,13294,8772,0,0,0,0,0,13294,0,0,0
2025-04-21,port1154,Santa Marta,3,2,852,3010,0,852,0,0,0,0,2528,482,0,0
2025-04-22,port1154,Santa Marta,1,0,605,92,0,0,0,0,605,0,0,0,0,92
2025-04-23,port1154,Santa Marta,3,1,17084,2155,16232,852,0,0,0,0,2155,0,0,0
2025-04-24,port1154,Santa Marta,1,1,0,2718,0,0,0,0,0,0,2718,0,0,0
2025-04-25,port1154,Santa Marta,1,1,2915,0,0,2915,0,0,0,0,0,0,0,0
2025-04-26,port1154,Santa Marta,3,2,0,29792,0,0,0,0,0,0,7342,0,22450,0
2025-04-27,port1154,Santa Marta,1,0,1863,781,0,0,1863,0,0,0,0,781,0,0
2025-04-28,port1154,Santa Marta,2,1,17465,367,17465,0,0,0,0,0,367,0,0,0
2025-04-29,port1154,Santa Marta,3,1,12627,6694,0,852,0,11774,0,0,2155,4538,0,0
2025-04-30,port1154,Santa Marta,2,1,54534,1353,54534,0,0,0,0,0,1353,0,0,0
2025-05-01,port1154,Santa Marta,2,1,13274,4127,0,0,0,13274,0,0,4127,0,0,0
2025-05-02,port1154,Santa Marta,2,1,852,2155,0,852,0,0,0,0,2155,0,0,0
2025-05-03,port1154,Santa Marta,3,2,55322,3294,55322,0,0,0,0,0,3294,0,0,0
2025-05-04,port1154,Santa Marta,1,0,377,0,0,0,377,0,0,0,0,0,0,0
2025-05-05,port1154,Santa Marta,4,1,34021,17329,33168,852,0,0,0,0,2155,0,15173,0
2025-05-06,port1154,Santa Marta,0,0,0,0,0,0,0,0,0,0,0,0,0,0
2025-05-07,port1154,Santa Marta,1,1,0,1215,0,0,0,0,0,0,1215,0,0,0
2025-05-08,port1154,Santa Marta,2,1,18600,3122,18600,0,0,0,0,0,3122,0,0,0
2025-05-09,port1154,Santa Marta,3,2,16419,971,0,538,15881,0,0,0,971,0,0,0
2025-05-10,port1154,Santa Marta,0,0,0,0,0,0,0,0,0,0,0,0,0,0
2025-05-11,port1154,Santa Marta,1,0,0,0,0,0,0,0,0,0,0,0,0,0
2025-05-12,port1154,Santa Marta,2,2,1115,5503,0,1115,0,0,0,0,5503,0,0,0
2025-05-13,port1154,Santa Marta,1,0,29362,0,29362,0,0,0,0,0,0,0,0,0
2025-05-14,port1154,Santa Marta,4,2,2716,4149,0,852,1863,0,0,0,3368,781,0,0
2025-05-15,port1154,Santa Marta,4,1,3712,19785,3712,0,0,0,0,0,3723,6093,9968,0
2025-05-16,port1154,Santa Marta,2,1,2771,970,0,0,0,0,2771,0,970,0,0,0
2025-05-17,port1154,Santa Marta,3,1,20342,2029,20342,0,0,0,0,0,0,2029,0,0
2025-05-18,port1154,Santa Marta,0,0,0,0,0,0,0,0,0,0,0,0,0,0
2025-05-19,port1154,Santa Marta,3,2,22819,4310,21113,1705,0,0,0,0,4310,0,0,0
2025-05-20,port1154,Santa Marta,2,2,610,9865,0,610,0,0,0,0,9865,0,0,0
2025-05-21,port1154,Santa Marta,1,0,4487,0,4487,0,0,0,0,0,0,0,0,0
2025-05-22,port1154,Santa Marta,2,1,4162,390,0,0,4162,0,0,0,390,0,0,0
2025-05-23,port1154,Santa Marta,2,1,9662,992,9662,0,0,0,0,0,992,0,0,0
2025-05-24,port1154,Santa Marta,2,1,0,1614,0,0,0,0,0,0,1614,0,0,0
2025-05-25,port1154,Santa Marta,2,1,6260,6784,6260,0,0,0,0,0,6784,0,0,0
2025-05-26,port1154,Santa Marta,3,2,19178,1356,18805,373,0,0,0,0,1356,0,0,0
2025-05-27,port1154,Santa Marta,3,1,1016,2155,0,852,163,0,0,0,2155,0,0,0
2025-05-28,port1154,Santa Marta,1,0,0,1503,0,0,0,0,0,0,0,1503,0,0
2025-05-29,port1154,Santa Marta,2,1,0,1125,0,0,0,0,0,0,1125,0,0,0
2025-05-30,port1154,Santa Marta,2,1,5696,1984,0,0,5696,0,0,0,1984,0,0,0
2025-05-31,port1154,Santa Marta,3,1,648,1690,0,0,648,0,0,0,0,1690,0,0
2025-06-01,port1154,Santa Marta,1,1,0,8389,0,0,0,0,0,0,8389,0,0,0
2025-06-02,port1154,Santa Marta,1,1,0,369,0,0,0,0,0,0,369,0,0,0
2025-06-03,port1154,Santa Marta,0,0,0,0,0,0,0,0,0,0,0,0,0,0
2025-06-04,port1154,Santa Marta,2,1,0,39462,0,0,0,0,0,0,1828,0,37634,0
2025-06-05,port1154,Santa Marta,3,1,1085,2155,0,852,233,0,0,0,2155,0,0,0
2025-06-06,port1154,Santa Marta,1,1,852,2155,0,852,0,0,0,0,2155,0,0,0
2025-06-07,port1154,Santa Marta,4,2,68267,9000,68267,0,0,0,0,0,9000,0,0,0
2025-06-08,port1154,Santa Marta,2,0,14346,0,14346,0,0,0,0,0,0,0,0,0
2025-06-09,port1154,Santa Marta,1,1,1841,0,0,1841,0,0,0,0,0,0,0,0
2025-06-10,port1154,Santa Marta,2,1,1099,0,0,1099,0,0,0,0,0,0,0,0
2025-06-11,port1154,Santa Marta,2,0,19391,0,0,0,18362,0,1029,0,0,0,0,0
2025-06-12,port1154,Santa Marta,2,2,672,2630,0,672,0,0,0,0,2630,0,0,0
2025-06-13,port1154,Santa Marta,2,1,2411,15434,0,2411,0,0,0,15434,0,0,0,0
2025-06-14,port1154,Santa Marta,3,2,2823,1146,0,2823,0,0,0,0,0,1146,0,0
2025-06-15,port1154,Santa Marta,3,1,0,63044,0,0,0,0,0,55266,7778,0,0,0
2025-06-16,port1154,Santa Marta,3,2,1957,2155,0,1957,0,0,0,0,2155,0,0,0
2025-06-17,port1154,Santa Marta,1,1,0,1212,0,0,0,0,0,0,1212,0,0,0
2025-06-18,port1154,Santa Marta,3,0,7052,16507,7052,0,0,0,0,0,0,0,16507,0
2025-06-19,port1154,Santa Marta,3,1,15106,776,15106,0,0,0,0,0,776,0,0,0
2025-06-20,port1154,Santa Marta,2,1,2357,781,0,493,1863,0,0,0,0,781,0,0
2025-06-21,port1154,Santa Marta,3,1,0,49563,0,0,0,0,0,29101,1617,0,18844,0
2025-06-22,port1154,Santa Marta,3,1,28109,8619,28109,0,0,0,0,0,7672,0,947,0
2025-06-23,port1154,Santa Marta,2,1,18398,6479,15824,2573,0,0,0,6479,0,0,0,0
2025-06-24,port1154,Santa Marta,1,1,602,0,0,602,0,0,0,0,0,0,0,0
2025-06-25,port1154,Santa Marta,2,1,132,2882,0,0,132,0,0,0,2882,0,0,0
2025-06-26,port1154,Santa Marta,1,1,0,1116,0,0,0,0,0,0,1116,0,0,0
2025-06-27,port1154,Santa Marta,3,1,61605,0,61117,487,0,0,0,0,0,0,0,0
2025-06-28,port1154,Santa Marta,2,1,15824,6479,15824,0,0,0,0,6479,0,0,0,0
2025-06-29,port1154,Santa Marta,1,1,0,5999,0,0,0,0,0,0,5999,0,0,0
2025-06-30,port1154,Santa Marta,1,1,852,2155,0,852,0,0,0,0,2155,0,0,0
2025-07-01,port1154,Santa Marta,3,2,1705,19042,0,1705,0,0,0,0,4310,14731,0,0
2025-07-02,port1154,Santa Marta,2,1,0,818,0,0,0,0,0,0,818,0,0,0
2025-07-03,port1154,Santa Marta,5,1,20042,21403,17709,0,0,2332,0,15064,1554,0,4783,0
2025-07-04,port1154,Santa Marta,3,1,20662,0,19207,1454,0,0,0,0,0,0,0,0
2025-07-05,port1154,Santa Marta,2,1,649,0,0,515,134,0,0,0,0,0,0,0
2025-07-06,port1154,Santa Marta,0,0,0,0,0,0,0,0,0,0,0,0,0,0
2025-07-07,port1154,Santa Marta,4,2,3344,14481,0,1480,1863,0,0,0,1355,781,12344,0
2025-07-08,port1154,Santa Marta,1,1,852,2155,0,852,0,0,0,0,2155,0,0,0
2025-07-09,port1154,Santa Marta,1,1,0,1449,0,0,0,0,0,0,1449,0,0,0
2025-07-10,port1154,Santa Marta,1,1,0,372,0,0,0,0,0,0,372,0,0,0
2025-07-11,port1154,Santa Marta,1,1,495,0,0,495,0,0,0,0,0,0,0,0
2025-07-12,port1154,Santa Marta,2,1,0,526,0,0,0,0,0,526,0,0,0,0
2025-07-13,port1154,Santa Marta,3,2,4887,10772,4887,0,0,0,0,0,10772,0,0,0
2025-07-14,port1154,Santa Marta,2,2,1592,2155,0,1592,0,0,0,0,2155,0,0,0
2025-07-15,port1154,Santa Marta,3,2,1354,55303,0,1354,0,0,0,54361,942,0,0,0
2025-07-16,port1154,Santa Marta,5,1,75027,19406,57740,852,16434,0,0,0,2155,157,17093,0
2025-07-17,port1154,Santa Marta,1,1,0,3926,0,0,0,0,0,0,3926,0,0,0
2025-07-18,port1154,Santa Marta,1,1,0,987,0,0,0,0,0,0,987,0,0,0
2025-07-19,port1154,Santa Marta,3,2,814,6615,0,814,0,0,0,0,6615,0,0,0
2025-07-20,port1154,Santa Marta,1,0,0,310,0,0,0,0,0,0,0,310,0,0
2025-07-21,port1154,Santa Marta,4,2,34849,6594,34479,369,0,0,0,6479,115,0,0,0
2025-07-22,port1154,Santa Marta,2,1,17089,0,15746,1343,0,0,0,0,0,0,0,0
2025-07-23,port1154,Santa Marta,2,1,0,818,0,0,0,0,0,0,818,0,0,0
2025-07-24,port1154,Santa Marta,4,1,35443,2266,30141,0,1863,3437,0,0,1485,781,0,0
2025-07-25,port1154,Santa Marta,2,1,13445,1154,0,814,0,12631,0,0,1154,0,0,0
2025-07-26,port1154,Santa Marta,2,1,0,14577,0,0,0,0,0,0,0,0,14577,0
2025-07-27,port1154,Santa Marta,1,1,0,13779,0,0,0,0,0,0,13779,0,0,0
2025-07-28,port1154,Santa Marta,2,1,0,1264,0,0,0,0,0,0,1108,156,0,0
2025-07-29,port1154,Santa Marta,2,2,1531,2155,0,1531,0,0,0,0,2155,0,0,0
2025-07-30,port1154,Santa Marta,1,1,0,730,0,0,0,0,0,0,730,0,0,0
2025-07-31,port1154,Santa Marta,3,1,1548,0,0,1548,0,0,0,0,0,0,0,0
2025-08-01,port1154,Santa Marta,3,1,22309,3696,20445,0,1863,0,0,0,2915,781,0,0
2025-08-02,port1154,Santa Marta,1,1,814,1154,0,814,0,0,0,0,1154,0,0,0
2025-08-03,port1154,Santa Marta,2,1,5879,8209,5879,0,0,0,0,0,8209,0,0,0
2025-08-04,port1154,Santa Marta,3,2,56840,2155,54875,1965,0,0,0,0,2155,0,0,0
2025-08-05,port1154,Santa Marta,2,1,0,3050,0,0,0,0,0,0,3050,0,0,0
2025-08-06,port1154,Santa Marta,2,1,814,1154,0,814,0,0,0,0,1154,0,0,0
2025-08-07,port1154,Santa Marta,1,1,852,2155,0,852,0,0,0,0,2155,0,0,0
2025-08-08,port1154,Santa Marta,2,1,10434,496,10434,0,0,0,0,0,496,0,0,0
2025-08-09,port1154,Santa Marta,1,1,0,0,0,0,0,0,0,0,0,0,0,0
2025-08-10,port1154,Santa Marta,2,1,0,9311,0,0,0,0,0,0,9311,0,0,0
2025-08-11,port1154,Santa Marta,3,1,50256,33038,49884,371,0,0,0,33038,0,0,0,0
2025-08-12,port1154,Santa Marta,1,1,0,1813,0,0,0,0,0,0,1813,0,0,0
2025-08-13,port1154,Santa Marta,3,1,9876,3411,9876,0,0,0,0,2598,813,0,0,0
2025-08-14,port1154,Santa Marta,2,1,59747,2155,58894,852,0,0,0,0,2155,0,0,0
2025-08-15,port1154,Santa Marta,2,1,1425,0,455,970,0,0,0,0,0,0,0,0
2025-08-16,port1154,Santa Marta,3,1,66187,1154,65372,814,0,0,0,0,1154,0,0,0
2025-08-17,port1154,Santa Marta,2,1,1088,5011,1088,0,0,0,0,0,5011,0,0,0
2025-08-18,port1154,Santa Marta,3,2,5987,2895,0,852,0,5134,0,0,2895,0,0,0
2025-08-19,port1154,Santa Marta,1,1,0,2718,0,0,0,0,0,0,2718,0,0,0
2025-08-20,port1154,Santa Marta,3,1,14990,1817,14990,0,0,0,0,0,1817,0,0,0
2025-08-21,port1154,Santa Marta,2,1,5011,2155,0,852,4159,0,0,0,2155,0,0,0
2025-08-22,port1154,Santa Marta,3,1,25937,0,25449,487,0,0,0,0,0,0,0,0
2025-08-23,port1154,Santa Marta,3,1,23949,781,22085,0,1863,0,0,0,0,781,0,0
2025-08-24,port1154,Santa Marta,2,1,482,6892,482,0,0,0,0,0,6892,0,0,0
2025-08-25,port1154,Santa Marta,3,2,9980,4310,8275,1705,0,0,0,0,4310,0,0,0
2025-08-26,port1154,Santa Marta,1,1,609,0,0,609,0,0,0,0,0,0,0,0
2025-08-27,port1154,Santa Marta,2,0,15798,3647,0,0,0,15798,0,0,0,3647,0,0
2025-08-28,port1154,Santa Marta,3,1,12360,387,11118,0,1242,0,0,0,387,0,0,0
2025-08-29,port1154,Santa Marta,1,1,493,0,0,493,0,0,0,0,0,0,0,0
2025-08-30,port1154,Santa Marta,3,1,45064,1154,44249,814,0,0,0,0,1154,0,0,0
2025-08-31,port1154,Santa Marta,1,1,0,3896,0,0,0,0,0,0,3896,0,0,0
2025-09-01,port1154,Santa Marta,4,2,20493,2525,19507,852,133,0,0,0,2525,0,0,0
2025-09-02,port1154,Santa Marta,0,0,0,0,0,0,0,0,0,0,0,0,0,0
2025-09-03,port1154,Santa Marta,3,2,2332,9786,0,0,0,2332,0,0,5002,0,4783,0
2025-09-04,port1154,Santa Marta,2,1,32134,1122,32134,0,0,0,0,0,1122,0,0,0
2025-09-05,port1154,Santa Marta,1,1,989,0,0,989,0,0,0,0,0,0,0,0
2025-09-06,port1154,Santa Marta,4,2,3900,2155,0,852,3047,0,0,0,2155,0,0,0
2025-09-07,port1154,Santa Marta,2,1,20138,7410,20138,0,0,0,0,0,7410,0,0,0
2025-09-08,port1154,Santa Marta,2,2,0,4187,0,0,0,0,0,0,4187,0,0,0
2025-09-09,port1154,Santa Marta,4,1,2614,7038,0,0,0,0,2614,0,4239,0,2799,0
2025-09-10,port1154,Santa Marta,2,1,0,10162,0,0,0,0,0,8715,1447,0,0,0
2025-09-11,port1154,Santa Marta,4,1,16102,776,13850,0,0,559,1692,0,776,0,0,0
2025-09-12,port1154,Santa Marta,2,1,0,457,0,0,0,0,0,0,457,0,0,0
2025-09-13,port1154,Santa Marta,3,2,56841,13446,56841,0,0,0,0,0,13446,0,0,0
2025-09-14,port1154,Santa Marta,1,0,0,0,0,0,0,0,0,0,0,0,0,0
2025-09-15,port1154,Santa Marta,3,2,16677,10110,15824,852,0,0,0,6479,3631,0,0,0
2025-09-16,port1154,Santa Marta,1,1,0,1212,0,0,0,0,0,0,1212,0,0,0
2025-09-17,port1154,Santa Marta,3,1,3937,2155,0,852,3085,0,0,0,2155,0,0,0
2025-09-18,port1154,Santa Marta,3,1,10374,2612,10374,0,0,0,0,0,2612,0,0,0
2025-09-19,port1154,Santa Marta,2,1,0,3072,0,0,0,0,0,0,1452,0,1620,0
2025-09-20,port1154,Santa Marta,4,2,17332,973,17332,0,0,0,0,0,973,0,0,0
2025-09-21,port1154,Santa Marta,0,0,0,0,0,0,0,0,0,0,0,0,0,0
2025-09-22,port1154,Santa Marta,1,1,0,1486,0,0,0,0,0,0,1486,0,0,0
2025-09-23,port1154,Santa Marta,3,3,1354,1059,0,1354,0,0,0,0,1059,0,0,0
2025-09-24,port1154,Santa Marta,3,1,50051,3262,50051,0,0,0,0,0,3262,0,0,0
2025-09-25,port1154,Santa Marta,1,1,3537,0,0,3537,0,0,0,0,0,0,0,0
2025-09-26,port1154,Santa Marta,3,2,3761,3969,0,3761,0,0,0,0,1477,2491,0,0
2025-09-27,port1154,Santa Marta,1,0,0,0,0,0,0,0,0,0,0,0,0,0
2025-09-28,port1154,Santa Marta,0,0,0,0,0,0,0,0,0,0,0,0,0,0
2025-09-29,port1154,Santa Marta,2,2,0,5844,0,0,0,0,0,0,5844,0,0,0
2025-09-30,port1154,Santa Marta,0,0,0,0,0,0,0,0,0,0,0,0,0,0
2025-10-01,port1154,Santa Marta,5,2,6473,7116,0,676,5796,0,0,0,4379,2736,0,0
2025-10-02,port1154,Santa Marta,1,1,0,373,0,0,0,0,0,0,373,0,0,0
2025-10-03,port1154,Santa Marta,2,1,21269,2155,20416,852,0,0,0,0,2155,0,0,0
2025-10-04,port1154,Santa Marta,4,1,19777,0,19020,0,757,0,0,0,0,0,0,0
2025-10-05,port1154,Santa Marta,1,0,26410,0,26410,0,0,0,0,0,0,0,0,0
2025-10-06,port1154,Santa Marta,3,2,2341,6924,0,0,0,2341,0,0,6924,0,0,0
2025-10-07,port1154,Santa Marta,0,0,0,0,0,0,0,0,0,0,0,0,0,0
2025-10-08,port1154,Santa Marta,2,2,609,4795,0,609,0,0,0,0,4795,0,0,0
2025-10-09,port1154,Santa Marta,3,1,27366,6479,26979,386,0,0,0,6479,0,0,0,0
2025-10-10,port1154,Santa Marta,2,1,9346,0,7887,1458,0,0,0,0,0,0,0,0
2025-10-11,port1154,Santa Marta,3,1,0,8525,0,0,0,0,0,0,4316,0,4209,0
2025-10-12,port1154,Santa Marta,1,0,3724,0,0,0,0,0,3724,0,0,0,0,0
2025-10-13,port1154,Santa Marta,2,1,852,2155,0,852,0,0,0,0,2155,0,0,0
2025-10-14,port1154,Santa Marta,3,2,15824,15620,15824,0,0,0,0,6479,9141,0,0,0
2025-10-15,port1154,Santa Marta,3,1,0,58674,0,0,0,0,0,56976,1246,451,0,0
2025-10-16,port1154,Santa Marta,2,1,11473,0,11099,373,0,0,0,0,0,0,0,0
2025-10-17,port1154,Santa Marta,2,1,1863,2705,0,0,1863,0,0,0,1924,781,0,0
2025-10-18,port1154,Santa Marta,3,1,2332,6358,0,0,0,2332,0,0,0,1574,4783,0
2025-10-19,port1154,Santa Marta,1,0,0,12420,0,0,0,0,0,0,0,12420,0,0
2025-10-20,port1154,Santa Marta,4,2,985,3284,0,852,132,0,0,0,3284,0,0,0
2025-10-21,port1154,Santa Marta,2,0,36383,0,36383,0,0,0,0,0,0,0,0,0
2025-10-22,port1154,Santa Marta,4,2,18856,4394,17165,852,0,0,838,0,4394,0,0,0
2025-10-23,port1154,Santa Marta,1,1,852,2155,0,852,0,0,0,0,2155,0,0,0
2025-10-24,port1154,Santa Marta,2,1,990,0,0,990,0,0,0,0,0,0,0,0
2025-10-25,port1154,Santa Marta,2,1,25517,1074,25517,0,0,0,0,0,1074,0,0,0
2025-10-26,port1154,Santa Marta,1,0,0,0,0,0,0,0,0,0,0,0,0,0
2025-10-27,port1154,Santa Marta,5,3,60400,1694,56284,4116,0,0,0,0,1694,0,0,0
2025-10-28,port1154,Santa Marta,1,1,0,1214,0,0,0,0,0,0,1214,0,0,0
2025-10-29,port1154,Santa Marta,2,1,4880,2078,4880,0,0,0,0,0,2078,0,0,0
2025-10-30,port1154,Santa Marta,1,1,0,742,0,0,0,0,0,0,742,0,0,0
2025-10-31,port1154,Santa Marta,2,1,0,4366,0,0,0,0,0,0,455,3910,0,0
2025-11-01,port1154,Santa Marta,2,1,0,758,0,0,0,0,0,0,0,0,758,0
2025-11-02,port1154,Santa Marta,1,0,57213,0,57213,0,0,0,0,0,0,0,0,0
2025-11-03,port1154,Santa Marta,2,2,0,4311,0,0,0,0,0,0,4311,0,0,0
2025-11-04,port1154,Santa Marta,1,1,0,2429,0,0,0,0,0,0,2429,0,0,0
2025-11-05,port1154,Santa Marta,1,0,3133,0,3133,0,0,0,0,0,0,0,0,0
2025-11-06,port1154,Santa Marta,2,1,0,7482,0,0,0,0,0,0,774,6708,0,0
2025-11-07,port1154,Santa Marta,3,1,17193,1154,0,814,10526,5852,0,0,1154,0,0,0
2025-11-08,port1154,Santa Marta,1,0,8184,0,8184,0,0,0,0,0,0,0,0,0
2025-11-09,port1154,Santa Marta,2,0,1863,781,0,0,1863,0,0,0,0,781,0,0
2025-11-10,port1154,Santa Marta,4,2,59316,5442,58512,368,0,0,435,0,5442,0,0,0
2025-11-11,port1154,Santa Marta,1,1,675,0,0,675,0,0,0,0,0,0,0,0
2025-11-12,port1154,Santa Marta,2,1,0,47739,0,0,0,0,0,45537,2202,0,0,0
2025-11-13,port1154,Santa Marta,1,1,852,2155,0,852,0,0,0,0,2155,0,0,0
2025-11-14,port1154,Santa Marta,1,1,0,0,0,0,0,0,0,0,0,0,0,0
2025-11-15,port1154,Santa Marta,3,1,11068,490,11068,0,0,0,0,0,490,0,0,0
2025-11-16,port1154,Santa Marta,0,0,0,0,0,0,0,0,0,0,0,0,0,0
2025-11-17,port1154,Santa Marta,3,3,1565,4749,0,1565,0,0,0,0,4749,0,0,0
2025-11-18,port1154,Santa Marta,5,1,36230,31981,34906,852,471,0,0,29020,2155,805,0,0
2025-11-19,port1154,Santa Marta,1,1,0,2735,0,0,0,0,0,0,2735,0,0,0
2025-11-20,port1154,Santa Marta,1,1,0,1939,0,0,0,0,0,0,1939,0,0,0
2025-11-21,port1154,Santa Marta,2,1,15824,7018,15824,0,0,0,0,6479,539,0,0,0
2025-11-22,port1154,Santa Marta,1,0,814,0,0,0,814,0,0,0,0,0,0,0
2025-11-23,port1154,Santa Marta,2,0,40395,0,33764,0,6630,0,0,0,0,0,0,0
2025-11-24,port1154,Santa Marta,2,2,538,4579,0,538,0,0,0,0,4579,0,0,0
2025-11-25,port1154,Santa Marta,2,1,10571,2707,10571,0,0,0,0,0,2707,0,0,0
2025-11-26,port1154,Santa Marta,3,1,20030,1636,14408,0,5622,0,0,0,1636,0,0,0
2025-11-27,port1154,Santa Marta,4,1,62451,2155,58020,852,3579,0,0,0,2155,0,0,0
2025-11-28,port1154,Santa Marta,2,1,15824,9859,15824,0,0,0,0,6479,3380,0,0,0
2025-11-29,port1154,Santa Marta,3,1,56115,188,56115,0,0,0,0,0,0,188,0,0
2025-11-30,port1154,Santa Marta,0,0,0,0,0,0,0,0,0,0,0,0,0,0
2025-12-01,port1154,Santa Marta,2,2,2379,6718,0,2379,0,0,0,0,6718,0,0,0
2025-12-02,port1154,Santa Marta,2,1,15717,1824,15717,0,0,0,0,0,1824,0,0,0
2025-12-03,port1154,Santa Marta,2,1,0,4534,0,0,0,0,0,0,1103,0,3430,0
2025-12-04,port1154,Santa Marta,1,1,852,2155,0,852,0,0,0,0,2155,0,0,0
2025-12-05,port1154,Santa Marta,3,1,29513,1751,28245,539,729,0,0,0,0,1751,0,0
2025-12-06,port1154,Santa Marta,1,1,0,15486,0,0,0,0,0,0,15486,0,0,0
2025-12-07,port1154,Santa Marta,0,0,0,0,0,0,0,0,0,0,0,0,0,0
2025-12-08,port1154,Santa Marta,3,2,0,3770,0,0,0,0,0,0,3088,682,0,0
2025-12-09,port1154,Santa Marta,3,0,9851,843,9851,0,0,0,0,0,0,843,0,0
2025-12-10,port1154,Santa Marta,2,2,1209,1386,0,1209,0,0,0,0,1386,0,0,0
2025-12-11,port1154,Santa Marta,5,1,28696,369,23522,0,1526,3646,0,0,369,0,0,0
2025-12-12,port1154,Santa Marta,1,1,989,0,0,989,0,0,0,0,0,0,0,0
2025-12-13,port1154,Santa Marta,2,1,15824,6479,15824,0,0,0,0,6479,0,0,0,0
2025-12-14,port1154,Santa Marta,1,0,0,28385,0,0,0,0,0,28385,0,0,0,0
2025-12-15,port1154,Santa Marta,3,2,1715,12873,0,1715,0,0,0,0,8902,0,3970,0
2025-12-16,port1154,Santa Marta,2,1,605,6352,0,605,0,0,0,6352,0,0,0,0
2025-12-17,port1154,Santa Marta,4,1,86969,8634,86117,852,0,0,0,6479,2155,0,0,0
2025-12-18,port1154,Santa Marta,1,1,852,2155,0,852,0,0,0,0,2155,0,0,0
2025-12-19,port1154,Santa Marta,2,1,7104,0,4821,2283,0,0,0,0,0,0,0,0
2025-12-20,port1154,Santa Marta,1,1,0,1072,0,0,0,0,0,0,1072,0,0,0
2025-12-21,port1154,Santa Marta,3,1,23285,1651,21131,0,0,2153,0,0,1651,0,0,0
2025-12-22,port1154,Santa Marta,2,2,1650,2155,0,1650,0,0,0,0,2155,0,0,0
2025-12-23,port1154,Santa Marta,1,0,1384,0,0,0,1384,0,0,0,0,0,0,0
2025-12-24,port1154,Santa Marta,3,2,6438,2562,0,3360,3078,0,0,0,2562,0,0,0
2025-12-25,port1154,Santa Marta,0,0,0,0,0,0,0,0,0,0,0,0,0,0
2025-12-26,port1154,Santa Marta,3,2,21759,0,21389,370,0,0,0,0,0,0,0,0
2025-12-27,port1154,Santa Marta,3,0,9982,0,8967,0,1015,0,0,0,0,0,0,0
2025-12-28,port1154,Santa Marta,0,0,0,0,0,0,0,0,0,0,0,0,0,0
2025-12-29,port1154,Santa Marta,1,1,852,2155,0,852,0,0,0,0,2155,0,0,0
2025-12-30,port1154,Santa Marta,1,1,1476,0,0,1476,0,0,0,0,0,0,0,0
2025-12-31,port1154,Santa Marta,2,2,2023,1154,0,2023,0,0,0,0,1154,0,0,0
2026-01-01,port1154,Santa Marta,4,2,27805,7768,23274,4531,0,0,0,0,0,0,7768,0
2026-01-02,port1154,Santa Marta,1,1,4301,0,0,4301,0,0,0,0,0,0,0,0
2026-01-03,port1154,Santa Marta,0,0,0,0,0,0,0,0,0,0,0,0,0,0
2026-01-04,port1154,Santa Marta,0,0,0,0,0,0,0,0,0,0,0,0,0,0
2026-01-05,port1154,Santa Marta,4,2,1116,2155,0,1116,0,0,0,0,2155,0,0,0
2026-01-06,port1154,Santa Marta,3,1,68487,672,68487,0,0,0,0,0,672,0,0,0
2026-01-07,port1154,Santa Marta,3,1,1799,2155,0,852,946,0,0,0,2155,0,0,0
2026-01-08,port1154,Santa Marta,1,1,852,2155,0,852,0,0,0,0,2155,0,0,0
2026-01-09,port1154,Santa Marta,2,0,35473,4585,35473,0,0,0,0,0,0,0,4585,0
2026-01-10,port1154,Santa Marta,1,1,0,0,0,0,0,0,0,0,0,0,0,0
2026-01-11,port1154,Santa Marta,3,2,28740,335,26994,1745,0,0,0,0,335,0,0,0
2026-01-12,port1154,Santa Marta,2,2,2823,13603,0,2823,0,0,0,0,13603,0,0,0
2026-01-13,port1154,Santa Marta,2,1,1689,287,0,0,1689,0,0,0,287,0,0,0
2026-01-14,port1154,Santa Marta,1,0,605,92,0,0,0,0,605,0,0,0,0,92
2026-01-15,port1154,Santa Marta,3,1,852,17011,0,852,0,0,0,11815,2155,3040,0,0
2026-01-16,port1154,Santa Marta,0,0,0,0,0,0,0,0,0,0,0,0,0,0
2026-01-17,port1154,Santa Marta,2,1,52300,0,48008,4291,0,0,0,0,0,0,0,0
2026-01-18,port1154,Santa Marta,0,0,0,0,0,0,0,0,0,0,0,0,0,0
2026-01-19,port1154,Santa Marta,2,2,0,3594,0,0,0,0,0,0,3594,0,0,0
2026-01-20,port1154,Santa Marta,2,0,25958,0,25958,0,0,0,0,0,0,0,0,0
2026-01-21,port1154,Santa Marta,3,1,5334,2167,0,0,1863,3470,0,0,1386,781,0,0
2026-01-22,port1154,Santa Marta,1,0,51274,0,51274,0,0,0,0,0,0,0,0,0
2026-01-23,port1154,Santa Marta,1,1,0,801,0,0,0,0,0,0,801,0,0,0
2026-01-24,port1154,Santa Marta,2,1,4523,0,0,0,0,4523,0,0,0,0,0,0
2026-01-25,port1154,Santa Marta,0,0,0,0,0,0,0,0,0,0,0,0,0,0
2026-01-26,port1154,Santa Marta,2,1,55739,8690,55739,0,0,0,0,0,8690,0,0,0
2026-01-27,port1154,Santa Marta,1,0,0,0,0,0,0,0,0,0,0,0,0,0
2026-01-28,port1154,Santa Marta,1,1,852,2155,0,852,0,0,0,0,2155,0,0,0
2026-01-29,port1154,Santa Marta,4,2,3206,19998,3206,0,0,0,0,0,7262,0,12736,0
2026-01-30,port1154,Santa Marta,1,1,0,536,0,0,0,0,0,0,536,0,0,0
2026-01-31,port1154,Santa Marta,1,0,0,0,0,0,0,0,0,0,0,0,0,0
2026-02-01,port1154,Santa Marta,0,0,0,0,0,0,0,0,0,0,0,0,0,0
2026-02-02,port1154,Santa Marta,1,1,638,0,0,638,0,0,0,0,0,0,0,0
2026-02-03,port1154,Santa Marta,0,0,0,0,0,0,0,0,0,0,0,0,0,0
2026-02-04,port1154,Santa Marta,1,1,852,2155,0,852,0,0,0,0,2155,0,0,0
2026-02-05,port1154,Santa Marta,4,1,31450,4869,30967,0,483,0,0,0,4869,0,0,0
2026-02-06,port1154,Santa Marta,1,1,746,0,0,746,0,0,0,0,0,0,0,0
2026-02-07,port1154,Santa Marta,1,1,0,0,0,0,0,0,0,0,0,0,0,0
2026-02-08,port1154,Santa Marta,2,1,4479,0,0,2823,0,1656,0,0,0,0,0,0
2026-02-09,port1154,Santa Marta,3,1,2778,27439,0,852,0,0,1925,25283,2155,0,0,0
2026-02-10,port1154,Santa Marta,2,1,17038,76847,0,17038,0,0,0,76847,0,0,0,0
2026-02-11,port1154,Santa Marta,1,1,0,686,0,0,0,0,0,0,686,0,0,0
2026-02-12,port1154,Santa Marta,2,2,852,2947,0,852,0,0,0,0,2947,0,0,0
2026-02-13,port1154,Santa Marta,2,0,28047,781,26183,0,1863,0,0,0,0,781,0,0
2026-02-14,port1154,Santa Marta,2,1,3226,1078,0,3226,0,0,0,0,0,1078,0,0
2026-02-15,port1154,Santa Marta,2,0,43656,0,43656,0,0,0,0,0,0,0,0,0
2026-02-16,port1154,Santa Marta,3,0,55893,0,55753,0,139,0,0,0,0,0,0,0
2026-02-17,port1154,Santa Marta,2,2,0,7947,0,0,0,0,0,0,7947,0,0,0
2026-02-18,port1154,Santa Marta,3,2,852,5877,0,852,0,0,0,0,5877,0,0,0
2026-02-19,port1154,Santa Marta,1,1,371,0,0,371,0,0,0,0,0,0,0,0
2026-02-20,port1154,Santa Marta,3,0,15824,6479,15824,0,0,0,0,6479,0,0,0,0
2026-02-21,port1154,Santa Marta,3,2,9786,0,8589,1197,0,0,0,0,0,0,0,0
2026-02-22,port1154,Santa Marta,2,1,16090,6479,15824,265,0,0,0,6479,0,0,0,0
2026-02-23,port1154,Santa Marta,3,2,18873,2155,18020,852,0,0,0,0,2155,0,0,0
2026-02-24,port1154,Santa Marta,3,2,852,68657,0,852,0,0,0,60834,7822,0,0,0
2026-02-25,port1154,Santa Marta,0,0,0,0,0,0,0,0,0,0,0,0,0,0
2026-02-26,port1154,Santa Marta,3,2,3451,0,0,2100,1351,0,0,0,0,0,0,0
2026-02-27,port1154,Santa Marta,2,1,741,1056,0,0,741,0,0,0,1056,0,0,0
2026-02-28,port1154,Santa Marta,2,1,42773,0,40618,2155,0,0,0,0,0,0,0,0
2026-03-01,port1154,Santa Marta,1,0,0,946,0,0,0,0,0,0,0,946,0,0
2026-03-02,port1154,Santa Marta,1,0,0,12093,0,0,0,0,0,0,0,0,12093,0
2026-03-03,port1154,Santa Marta,3,1,852,41015,0,852,0,0,0,38860,2155,0,0,0
2026-03-04,port1154,Santa Marta,4,3,1660,4434,0,1660,0,0,0,0,4212,221,0,0
2026-03-05,port1154,Santa Marta,0,0,0,0,0,0,0,0,0,0,0,0,0,0
2026-03-06,port1154,Santa Marta,0,0,0,0,0,0,0,0,0,0,0,0,0,0
2026-03-07,port1154,Santa Marta,4,1,62363,6943,62363,0,0,0,0,0,0,0,6943,0
2026-03-08,port1154,Santa Marta,3,0,14427,781,0,0,14427,0,0,0,0,781,0,0
2026-03-09,port1154,Santa Marta,1,1,852,2155,0,852,0,0,0,0,2155,0,0,0
2026-03-10,port1154,Santa Marta,1,0,0,0,0,0,0,0,0,0,0,0,0,0
2026-03-11,port1154,Santa Marta,5,3,17522,7641,14976,1171,1374,0,0,0,7641,0,0,0
2026-03-12,port1154,Santa Marta,3,1,27148,0,26369,778,0,0,0,0,0,0,0,0
2026-03-13,port1154,Santa Marta,0,0,0,0,0,0,0,0,0,0,0,0,0,0
2026-03-14,port1154,Santa Marta,3,1,157,4847,0,0,157,0,0,0,539,0,4307,0
2026-03-15,port1154,Santa Marta,0,0,0,0,0,0,0,0,0,0,0,0,0,0
2026-03-16,port1154,Santa Marta,2,1,4936,2058,0,0,0,4936,0,0,2058,0,0,0
2026-03-17,port1154,Santa Marta,2,0,320,23849,0,0,320,0,0,23849,0,0,0,0
2026-03-18,port1154,Santa Marta,1,1,0,8212,0,0,0,0,0,0,8212,0,0,0
2026-03-19,port1154,Santa Marta,1,0,55865,0,55865,0,0,0,0,0,0,0,0,0
2026-03-20,port1154,Santa Marta,3,1,0,1564,0,0,0,0,0,1564,0,0,0,0
2026-03-21,port1154,Santa Marta,0,0,0,0,0,0,0,0,0,0,0,0,0,0
2026-03-22,port1154,Santa Marta,1,0,20763,0,20763,0,0,0,0,0,0,0,0,0
2026-03-23,port1154,Santa Marta,3,2,19764,1960,19764,0,0,0,0,0,1960,0,0,0
2026-03-24,port1154,Santa Marta,1,1,0,9764,0,0,0,0,0,0,9764,0,0,0
2026-03-25,port1154,Santa Marta,2,1,0,689,0,0,0,0,0,0,689,0,0,0
2026-03-26,port1154,Santa Marta,4,1,12047,1561,8213,0,663,3169,0,0,1561,0,0,0
2026-03-27,port1154,Santa Marta,2,0,18634,0,18634,0,0,0,0,0,0,0,0,0
2026-03-28,port1154,Santa Marta,1,1,2153,0,0,2153,0,0,0,0,0,0,0,0
2026-03-29,port1154,Santa Marta,0,0,0,0,0,0,0,0,0,0,0,0,0,0
2026-03-30,port1154,Santa Marta,3,0,19481,6479,19481,0,0,0,0,6479,0,0,0,0
2026-03-31,port1154,Santa Marta,1,1,0,6737,0,0,0,0,0,0,6737,0,0,0
2026-04-01,port1154,Santa Marta,3,1,15824,20331,15824,0,0,0,0,6479,4831,0,9020,0
2026-04-02,port1154,Santa Marta,2,2,0,3512,0,0,0,0,0,0,3512,0,0,0
2026-04-03,port1154,Santa Marta,3,0,63579,7721,63579,0,0,0,0,0,0,0,7721,0
2026-04-04,port1154,Santa Marta,2,1,2332,4783,0,0,0,2332,0,0,0,0,4783,0
2026-04-05,port1154,Santa Marta,1,0,0,26418,0,0,0,0,0,26418,0,0,0,0
2026-04-06,port1154,Santa Marta,1,1,0,5158,0,0,0,0,0,0,5158,0,0,0
2026-04-07,port1154,Santa Marta,4,2,19500,8634,15824,3676,0,0,0,6479,2155,0,0,0
2026-04-08,port1154,Santa Marta,1,0,914,0,914,0,0,0,0,0,0,0,0,0
2026-04-09,port1154,Santa Marta,2,2,0,1739,0,0,0,0,0,0,1739,0,0,0
2026-04-10,port1154,Santa Marta,2,1,20204,0,18053,2150,0,0,0,0,0,0,0,0
2026-04-11,port1154,Santa Marta,2,0,32866,0,32866,0,0,0,0,0,0,0,0,0
2026-04-12,port1154,Santa Marta,0,0,0,0,0,0,0,0,0,0,0,0,0,0
2026-04-13,port1154,Santa Marta,3,2,1705,16994,0,1705,0,0,0,0,4310,0,12684,0
2026-04-14,port1154,Santa Marta,2,1,852,2155,0,852,0,0,0,0,2155,0,0,0
2026-04-15,port1154,Santa Marta,1,1,685,0,0,685,0,0,0,0,0,0,0,0
2026-04-16,port1154,Santa Marta,4,1,33028,17457,33028,0,0,0,0,0,2255,0,15201,0
2026-04-17,port1154,Santa Marta,2,0,3634,0,0,0,1102,0,2532,0,0,0,0,0
2026-04-18,port1154,Santa Marta,1,1,0,0,0,0,0,0,0,0,0,0,0,0
2026-04-19,port1154,Santa Marta,1,0,11466,0,0,0,11466,0,0,0,0,0,0,0
2026-04-20,port1154,Santa Marta,0,0,0,0,0,0,0,0,0,0,0,0,0,0
2026-04-21,port1154,Santa Marta,4,2,852,60048,0,852,0,0,0,53235,6624,189,0,0
2026-04-22,port1154,Santa Marta,2,1,852,2155,0,852,0,0,0,0,2155,0,0,0
2026-04-23,port1154,Santa Marta,3,1,14746,2730,14318,0,427,0,0,0,2730,0,0,0
2026-04-24,port1154,Santa Marta,3,1,5725,7755,0,539,5185,0,0,0,0,0,7755,0
2026-04-25,port1154,Santa Marta,0,0,0,0,0,0,0,0,0,0,0,0,0,0
2026-04-26,port1154,Santa Marta,0,0,0,0,0,0,0,0,0,0,0,0,0,0
2026-04-27,port1154,Santa Marta,3,2,20531,4310,18826,1705,0,0,0,0,4310,0,0,0
2026-04-28,port1154,Santa Marta,2,1,0,2386,0,0,0,0,0,0,2386,0,0,0
2026-04-29,port1154,Santa Marta,2,0,16060,1440,16060,0,0,0,0,0,0,1440,0,0
2026-04-30,port1154,Santa Marta,2,1,58772,753,58772,0,0,0,0,0,753,0,0,0
2026-05-01,port1154,Santa Marta,1,1,0,0,0,0,0,0,0,0,0,0,0,0
2026-05-02,port1154,Santa Marta,2,0,13889,6833,13889,0,0,0,0,0,0,0,6833,0
2026-05-03,port1154,Santa Marta,0,0,0,0,0,0,0,0,0,0,0,0,0,0
2026-05-04,port1154,Santa Marta,2,1,59273,2155,58421,852,0,0,0,0,2155,0,0,0
2026-05-05,port1154,Santa Marta,0,0,0,0,0,0,0,0,0,0,0,0,0,0
2026-05-06,port1154,Santa Marta,2,2,1379,1625,0,1379,0,0,0,0,1625,0,0,0
2026-05-07,port1154,Santa Marta,3,1,34013,6868,34013,0,0,0,0,6479,388,0,0,0
2026-05-08,port1154,Santa Marta,0,0,0,0,0,0,0,0,0,0,0,0,0,0
2026-05-09,port1154,Santa Marta,2,1,1072,2455,0,1072,0,0,0,0,0,0,2455,0
2026-05-10,port1154,Santa Marta,1,0,463,0,0,0,0,463,0,0,0,0,0,0
2026-05-11,port1154,Santa Marta,3,1,19797,2155,18629,852,314,0,0,0,2155,0,0,0
2026-05-12,port1154,Santa Marta,1,1,0,813,0,0,0,0,0,0,813,0,0,0
2026-05-13,port1154,Santa Marta,3,2,852,4185,0,852,0,0,0,0,4185,0,0,0
2026-05-14,port1154,Santa Marta,2,1,230,2927,0,0,230,0,0,0,2927,0,0,0
2026-05-15,port1154,Santa Marta,3,1,19072,0,19072,0,0,0,0,0,0,0,0,0
2026-05-16,port1154,Santa Marta,1,0,1863,781,0,0,1863,0,0,0,0,781,0,0
2026-05-17,port1154,Santa Marta,3,1,27561,0,25519,2041,0,0,0,0,0,0,0,0
2026-05-18,port1154,Santa Marta,2,1,0,3442,0,0,0,0,0,0,3442,0,0,0
2026-05-19,port1154,Santa Marta,2,1,21217,2155,20365,852,0,0,0,0,2155,0,0,0
2026-05-20,port1154,Santa Marta,1,0,18211,0,0,0,18211,0,0,0,0,0,0,0
2026-05-21,port1154,Santa Marta,2,1,2736,393,2736,0,0,0,0,0,393,0,0,0
2026-05-22,port1154,Santa Marta,0,0,0,0,0,0,0,0,0,0,0,0,0,0
2026-05-23,port1154,Santa Marta,2,1,1615,40122,0,1615,0,0,0,40122,0,0,0,0
2026-05-24,port1154,Santa Marta,0,0,0,0,0,0,0,0,0,0,0,0,0,0
2026-05-25,port1154,Santa Marta,2,1,852,2155,0,852,0,0,0,0,2155,0,0,0
2026-05-26,port1154,Santa Marta,1,1,852,2155,0,852,0,0,0,0,2155,0,0,0
2026-05-27,port1154,Santa Marta,2,2,1444,1154,0,1444,0,0,0,0,1154,0,0,0
2026-05-28,port1154,Santa Marta,3,1,852,3101,0,852,0,0,0,0,2155,946,0,0
2026-05-29,port1154,Santa Marta,3,1,59258,0,58432,0,825,0,0,0,0,0,0,0
2026-05-30,port1154,Santa Marta,1,1,394,337,0,394,0,0,0,0,337,0,0,0
2026-05-31,port1154,Santa Marta,1,0,52374,0,52374,0,0,0,0,0,0,0,0,0
2026-06-01,port1154,Santa Marta,1,1,0,2821,0,0,0,0,0,0,2821,0,0,0
2026-06-02,port1154,Santa Marta,1,1,1595,0,0,1595,0,0,0,0,0,0,0,0
2026-06-03,port1154,Santa Marta,2,1,15824,8517,15824,0,0,0,0,6479,2038,0,0,0
2026-06-04,port1154,Santa Marta,2,1,3199,1171,0,0,0,3199,0,0,1171,0,0,0
2026-06-05,port1154,Santa Marta,1,0,2332,4783,0,0,0,2332,0,0,0,0,4783,0
2026-06-06,port1154,Santa Marta,2,1,0,5028,0,0,0,0,0,0,537,0,4491,0
2026-06-07,port1154,Santa Marta,1,0,1863,781,0,0,1863,0,0,0,0,781,0,0
2026-06-08,port1154,Santa Marta,3,2,0,5141,0,0,0,0,0,0,5141,0,0,0
2026-06-09,port1154,Santa Marta,1,1,0,57,0,0,0,0,0,0,57,0,0,0
2026-06-10,port1154,Santa Marta,2,1,1354,13088,0,1354,0,0,0,0,335,0,12753,0
2026-06-11,port1154,Santa Marta,2,1,16677,8634,15824,852,0,0,0,6479,2155,0,0,0
2026-06-12,port1154,Santa Marta,3,1,10066,2685,10066,0,0,0,0,0,0,0,2685,0
2026-06-13,port1154,Santa Marta,3,0,554,60859,554,0,0,0,0,60859,0,0,0,0
2026-06-14,port1154,Santa Marta,0,0,0,0,0,0,0,0,0,0,0,0,0,0
2026-06-15,port1154,Santa Marta,1,1,852,2155,0,852,0,0,0,0,2155,0,0,0
2026-06-16,port1154,Santa Marta,2,1,22659,2407,22659,0,0,0,0,0,2407,0,0,0
2026-06-17,port1154,Santa Marta,4,1,15824,49549,15824,0,0,0,0,46113,3436,0,0,0
2026-06-18,port1154,Santa Marta,1,1,0,391,0,0,0,0,0,0,391,0,0,0
2026-06-19,port1154,Santa Marta,4,1,41173,2148,41173,0,0,0,0,0,2148,0,0,0
2026-06-20,port1154,Santa Marta,0,0,0,0,0,0,0,0,0,0,0,0,0,0
2026-06-21,port1154,Santa Marta,0,0,0,0,0,0,0,0,0,0,0,0,0,0
2026-06-22,port1154,Santa Marta,2,2,0,1741,0,0,0,0,0,0,1741,0,0,0
2026-06-23,port1154,Santa Marta,3,1,1863,2568,0,0,1863,0,0,0,1629,938,0,0
2026-06-24,port1154,Santa Marta,2,1,0,9465,0,0,0,0,0,0,2028,0,7437,0
2026-06-25,port1154,Santa Marta,2,1,4505,2155,0,852,0,3652,0,0,2155,0,0,0
2026-06-26,port1154,Santa Marta,2,0,60464,0,60464,0,0,0,0,0,0,0,0,0
2026-06-27,port1154,Santa Marta,2,1,31711,0,31711,0,0,0,0,0,0,0,0,0
2026-06-28,port1154,Santa Marta,2,1,7142,0,0,4288,0,2854,0,0,0,0,0,0
2026-06-29,port1154,Santa Marta,1,1,0,2818,0,0,0,0,0,0,2818,0,0,0
2026-06-30,port1154,Santa Marta,0,0,0,0,0,0,0,0,0,0,0,0,0,0
2026-07-01,port1154,Santa Marta,2,1,0,5683,0,0,0,0,0,0,5683,0,0,0
2026-07-02,port1154,Santa Marta,4,2,64338,4636,54329,781,9227,0,0,0,4636,0,0,0
2026-07-03,port1154,Santa Marta,1,0,6746,0,6746,0,0,0,0,0,0,0,0,0
2026-07-04,port1154,Santa Marta,2,1,0,536,0,0,0,0,0,0,536,0,0,0
2026-07-05,port1154,Santa Marta,1,0,0,3704,0,0,0,0,0,0,0,0,3704,0
2026-07-06,port1154,Santa Marta,1,1,0,5616,0,0,0,0,0,0,5616,0,0,0
2026-07-07,port1154,Santa Marta,2,1,15824,9677,15824,0,0,0,0,6479,3197,0,0,0
2026-07-08,port1154,Santa Marta,2,2,1354,3768,0,1354,0,0,0,0,3768,0,0,0
2026-07-09,port1154,Santa Marta,3,1,17572,927,0,0,0,17572,0,0,361,565,0,0
2026-07-10,port1154,Santa Marta,2,1,50587,0,50587,0,0,0,0,0,0,0,0,0
2026-07-11,port1154,Santa Marta,0,0,0,0,0,0,0,0,0,0,0,0,0,0
2026-07-12,port1154,Santa Marta,0,0,0,0,0,0,0,0,0,0,0,0,0,0
2026-07-13,port1154,Santa Marta,2,1,0,1694,0,0,0,0,0,0,1694,0,0,0
2026-07-14,port1154,Santa Marta,1,1,852,2155,0,852,0,0,0,0,2155,0,0,0
2026-07-15,port1154,Santa Marta,2,1,4462,0,0,407,0,4055,0,0,0,0,0,0
2026-07-16,port1154,Santa Marta,1,1,393,0,0,393,0,0,0,0,0,0,0,0
2026-07-17,port1154,Santa Marta,2,1,814,1154,0,814,0,0,0,0,1154,0,0,0
2026-07-18,port1154,Santa Marta,0,0,0,0,0,0,0,0,0,0,0,0,0,0
2026-07-19,port1154,Santa Marta,1,0,1863,781,0,0,1863,0,0,0,0,781,0,0
2026-07-20,port1154,Santa Marta,2,1,996,0,0,677,0,318,0,0,0,0,0,0
2026-07-21,port1154,Santa Marta,0,0,0,0,0,0,0,0,0,0,0,0,0,0
2026-07-22,port1154,Santa Marta,2,0,0,585,0,0,0,0,0,0,0,389,196,0
2026-07-23,port1154,Santa Marta,2,2,2392,724,0,2392,0,0,0,0,724,0,0,0
2026-07-24,port1154,Santa Marta,1,1,0,0,0,0,0,0,0,0,0,0,0,0
2026-07-25,port1154,Santa Marta,1,0,2340,0,2340,0,0,0,0,0,0,0,0,0
2026-07-26,port1154,Santa Marta,0,0,0,0,0,0,0,0,0,0,0,0,0,0
2026-07-27,port1154,Santa Marta,2,1,55695,4502,55695,0,0,0,0,0,4502,0,0,0
2026-07-28,port1154,Santa Marta,0,0,0,0,0,0,0,0,0,0,0,0,0,0
2026-07-29,port1154,Santa Marta,0,0,0,0,0,0,0,0,0,0,0,0,0,0
2026-07-30,port1154,Santa Marta,0,0,0,0,0,0,0,0,0,0,0,0,0,0
2026-07-31,port1154,Santa Marta,2,1,537,0,0,537,0,0,0,0,0,0,0,0
2026-08-01,port1154,Santa Marta,1,0,0,47583,0,0,0,0,0,47583,0,0,0,0
2026-08-02,port1154,Santa Marta,0,0,0,0,0,0,0,0,0,0,0,0,0,0
2026-08-03,port1154,Santa Marta,3,1,79531,337,79137,394,0,0,0,0,337,0,0,0
2026-08-04,port1154,Santa Marta,4,1,69244,15110,69244,0,0,0,0,6479,5565,3065,0,0
2026-08-05,port1154,Santa Marta,1,1,0,1225,0,0,0,0,0,0,1225,0,0,0
2026-08-06,port1154,Santa Marta,2,1,0,48455,0,0,0,0,0,48094,361,0,0,0
2026-08-07,port1154,Santa Marta,1,0,695,0,0,0,695,0,0,0,0,0,0,0
2026-08-08,port1154,Santa Marta,4,1,11117,5617,8927,0,0,0,2190,0,5617,0,0,0
2026-08-09,port1154,Santa Marta,0,0,0,0,0,0,0,0,0,0,0,0,0,0
2026-08-10,port1154,Santa Marta,2,0,12783,92,12178,0,0,0,605,0,0,0,0,92
2026-08-11,port1154,Santa Marta,3,2,17749,8134,17749,0,0,0,0,0,8134,0,0,0
2026-08-12,port1154,Santa Marta,1,0,10510,0,10510,0,0,0,0,0,0,0,0,0
2026-08-13,port1154,Santa Marta,3,1,1461,1176,1461,0,0,0,0,0,1176,0,0,0
2026-08-14,port1154,Santa Marta,3,0,31921,0,31168,0,752,0,0,0,0,0,0,0
2026-08-15,port1154,Santa Marta,3,1,28406,1247,26987,814,0,0,605,0,1154,0,0,92
2026-08-16,port1154,Santa Marta,2,0,1025,278,0,0,0,0,1025,278,0,0,0,0
2026-08-17,port1154,Santa Marta,2,1,0,4502,0,0,0,0,0,0,4502,0,0,0
2026-08-18,port1154,Santa Marta,2,1,7885,814,7885,0,0,0,0,0,814,0,0,0
2026-08-19,port1154,Santa Marta,2,1,10290,2741,10290,0,0,0,0,0,2741,0,0,0
2026-08-20,port1154,Santa Marta,2,1,53016,722,53016,0,0,0,0,0,722,0,0,0
2026-08-21,port1154,Santa Marta,2,0,0,1418,0,0,0,0,0,0,0,0,1418,0
2026-08-22,port1154,Santa Marta,2,1,0,4980,0,0,0,0,0,0,0,0,4980,0
2026-08-23,port1154,Santa Marta,0,0,0,0,0,0,0,0,0,0,0,0,0,0
2026-08-24,port1154,Santa Marta,2,0,10277,4783,7945,0,0,2332,0,0,0,0,4783,0
2026-08-25,port1154,Santa Marta,4,2,17713,5559,16909,803,0,0,0,0,5559,0,0,0
2026-08-26,port1154,Santa Marta,2,1,2739,4783,0,407,0,2332,0,0,0,0,4783,0
2026-08-27,port1154,Santa Marta,2,1,779,814,0,779,0,0,0,0,0,814,0,0
2026-08-28,port1154,Santa Marta,1,1,5407,0,0,5407,0,0,0,0,0,0,0,0
2026-08-29,port1154,Santa Marta,2,0,76484,5386,76484,0,0,0,0,5386,0,0,0,0
2026-08-30,port1154,Santa Marta,1,0,15824,6479,15824,0,0,0,0,6479,0,0,0,0
2026-08-31,port1154,Santa Marta,2,1,18009,10985,18009,0,0,0,0,5386,5599,0,0,0
2026-09-01,port1154,Santa Marta,2,1,10076,2155,9223,852,0,0,0,0,2155,0,0,0
2026-09-02,port1154,Santa Marta,0,0,0,0,0,0,0,0,0,0,0,0,0,0
2026-09-03,port1154,Santa Marta,3,1,5886,0,3894,1451,540,0,0,0,0,0,0,0
2026-09-04,port1154,Santa Marta,2,1,0,1151,0,0,0,0,0,0,0,1151,0,0
2026-09-05,port1154,Santa Marta,2,0,2332,66307,0,0,0,2332,0,61523,0,0,4783,0
2026-09-06,port1154,Santa Marta,0,0,0,0,0,0,0,0,0,0,0,0,0,0
2026-09-07,port1154,Santa Marta,1,1,0,5062,0,0,0,0,0,0,5062,0,0,0
2026-09-08,port1154,Santa Marta,3,1,31649,16144,31649,0,0,0,0,12958,3185,0,0,0
2026-09-09,port1154,Santa Marta,1,1,0,1366,0,0,0,0,0,0,1366,0,0,0
2026-09-10,port1154,Santa Marta,1,1,852,2155,0,852,0,0,0,0,2155,0,0,0
2026-09-11,port1154,Santa Marta,1,1,814,1154,0,814,0,0,0,0,1154,0,0,0
