date,portid,portname,portcalls,portcalls_container,import,export,import_dry_bulk,import_container,import_general_cargo,import_tanker,import_roro,export_dry_bulk,export_container,export_general_cargo,export_tanker,export_roro
2019-01-07,port183,Buenaventura,4,2,12182,0,0,8543,3638,0,0,0,0,0,0,0
2019-01-08,port183,Buenaventura,3,2,13562,0,0,7596,0,5965,0,0,0,0,0,0
2019-01-09,port183,Buenaventura,5,3,41225,11938,41225,0,0,0,0,0,11938,0,0,0
2019-01-10,port183,Buenaventura,6,3,62674,2324,53867,8806,0,0,0,0,915,0,1408,0
2019-01-11,port183,Buenaventura,4,3,11170,23298,0,11170,0,0,0,0,23298,0,0,0
2019-01-12,port183,Buenaventura,3,1,38256,0,23179,11927,0,3148,0,0,0,0,0,0
2019-01-13,port183,Buenaventura,3,2,1650,9984,0,1246,0,0,403,0,9984,0,0,0
2019-01-14,port183,Buenaventura,2,1,36395,0,34230,2165,0,0,0,0,0,0,0,0
2019-01-15,port183,Buenaventura,2,0,2509,0,0,0,0,2509,0,0,0,0,0,0
2019-01-16,port183,Buenaventura,3,1,60734,2257,49638,5585,0,5510,0,0,1614,0,643,0
2019-01-17,port183,Buenaventura,7,5,29195,38518,16909,12285,0,0,0,0,38518,0,0,0
2019-01-18,port183,Buenaventura,4,3,9589,21234,2507,7082,0,0,0,0,21234,0,0,0
2019-01-19,port183,Buenaventura,4,2,11640,0,4993,5599,0,1047,0,0,0,0,0,0
2019-01-20,port183,Buenaventura,3,2,14070,1614,0,14070,0,0,0,0,1614,0,0,0
2019-01-21,port183,Buenaventura,4,2,8759,6913,4080,0,0,4678,0,0,6913,0,0,0
2019-01-22,port183,Buenaventura,5,2,112194,1614,89151,23042,0,0,0,0,1614,0,0,0
2019-01-23,port183,Buenaventura,2,2,19293,1614,0,19293,0,0,0,0,1614,0,0,0
2019-01-24,port183,Buenaventura,8,3,140677,2257,117982,17185,0,5510,0,0,1614,0,643,0
2019-01-25,port183,Buenaventura,4,3,13151,76152,0,13151,0,0,0,52974,23178,0,0,0
2019-01-26,port183,Buenaventura,5,3,42604,1614,22568,20035,0,0,0,0,1614,0,0,0
2019-01-27,port183,Buenaventura,2,1,16163,0,2441,13721,0,0,0,0,0,0,0,0
2019-01-28,port183,Buenaventura,3,2,31028,0,17457,13571,0,0,0,0,0,0,0,0
2019-01-29,port183,Buenaventura,4,2,17968,0,0,17968,0,0,0,0,0,0,0,0
2019-01-30,port183,Buenaventura,3,2,10923,9863,0,6182,4740,0,0,0,9863,0,0,0
2019-01-31,port183,Buenaventura,7,4,11490,81363,6370,5120,0,0,0,65833,15530,0,0,0
2019-02-01,port183,Buenaventura,3,3,6599,23870,0,6599,0,0,0,0,23870,0,0,0
2019-02-02,port183,Buenaventura,4,3,49391,0,21953,27437,0,0,0,0,0,0,0,0
2019-02-03,port183,Buenaventura,3,1,37509,0,23885,10951,2673,0,0,0,0,0,0,0
2019-02-04,port183,Buenaventura,4,3,11782,0,0,9568,0,0,2214,0,0,0,0,0
2019-02-05,port183,Buenaventura,7,3,101094,9079,77091,20377,3625,0,0,1169,7909,0,0,0
2019-02-06,port183,Buenaventura,0,0,0,0,0,0,0,0,0,0,0,0,0,0
2019-02-07,port183,Buenaventura,6,4,16472,36293,0,5243,0,3720,7508,0,36293,0,0,0
2019-02-08,port183,Buenaventura,4,3,11628,20597,0,6117,0,5510,0,0,19953,0,643,0
2019-02-09,port183,Buenaventura,5,2,21619,66,0,20632,0,0,986,0,0,0,0,66
2019-02-10,port183,Buenaventura,5,3,45734,0,14377,29750,0,1606,0,0,0,0,0,0
2019-02-11,port183,Buenaventura,3,2,11170,39597,0,11170,0,0,0,36368,3228,0,0,0
2019-02-12,port183,Buenaventura,4,2,50206,0,36773,13432,0,0,0,0,0,0,0,0
2019-02-13,port183,Buenaventura,3,1,56242,0,53175,2412,0,0,655,0,0,0,0,0
2019-02-14,port183,Buenaventura,6,3,21530,7380,0,5585,11268,4676,0,0,6881,0,498,0
2019-02-15,port183,Buenaventura,3,3,10503,2345,0,10503,0,0,0,0,2345,0,0,0
2019-02-16,port183,Buenaventura,5,1,39838,7625,39526,0,0,311,0,0,7625,0,0,0
2019-02-17,port183,Buenaventura,4,3,82997,0,30826,52170,0,0,0,0,0,0,0,0
2019-02-18,port183,Buenaventura,5,3,28656,3001,26876,1780,0,0,0,0,3001,0,0,0
2019-02-19,port183,Buenaventura,2,1,0,0,0,0,0,0,0,0,0,0,0,0
2019-02-20,port183,Buenaventura,4,3,6571,20112,0,5585,0,0,986,0,20046,0,0,66
2019-02-21,port183,Buenaventura,4,4,15887,14181,0,15887,0,0,0,0,14181,0,0,0
2019-02-22,port183,Buenaventura,3,3,8164,14871,0,8164,0,0,0,0,14871,0,0,0
2019-02-23,port183,Buenaventura,2,1,21576,0,0,21576,0,0,0,0,0,0,0,0
2019-02-24,port183,Buenaventura,6,4,4678,11664,1642,3036,0,0,0,0,971,0,10693,0
2019-02-25,port183,Buenaventura,3,1,28787,4519,20659,5585,0,0,2542,2904,1614,0,0,0
2019-02-26,port183,Buenaventura,0,0,0,0,0,0,0,0,0,0,0,0,0,0
2019-02-27,port183,Buenaventura,1,1,11970,0,0,11970,0,0,0,0,0,0,0,0
2019-02-28,port183,Buenaventura,6,4,77481,19579,51861,20108,0,5510,0,0,18936,0,643,0
2019-03-01,port183,Buenaventura,4,4,1375,15153,0,1375,0,0,0,0,15153,0,0,0
2019-03-02,port183,Buenaventura,2,1,21453,0,0,21453,0,0,0,0,0,0,0,0
2019-03-03,port183,Buenaventura,3,3,50151,1614,0,50151,0,0,0,0,1614,0,0,0
2019-03-04,port183,Buenaventura,0,0,0,0,0,0,0,0,0,0,0,0,0,0
2019-03-05,port183,Buenaventura,2,1,14890,0,0,14890,0,0,0,0,0,0,0,0
2019-03-06,port183,Buenaventura,5,3,25266,23697,3212,22054,0,0,0,0,23697,0,0,0
2019-03-07,port183,Buenaventura,6,4,25447,26679,0,23745,0,0,1701,13147,13532,0,0,0
2019-03-08,port183,Buenaventura,6,4,28385,20789,0,26171,0,0,2214,18257,2531,0,0,0
2019-03-09,port183,Buenaventura,2,1,1276,0,0,1276,0,0,0,0,0,0,0,0
2019-03-10,port183,Buenaventura,3,2,31837,0,23658,8179,0,0,0,0,0,0,0,0
2019-03-11,port183,Buenaventura,4,2,24560,4957,20659,3900,0,0,0,2904,2052,0,0,0
2019-03-12,port183,Buenaventura,0,0,0,0,0,0,0,0,0,0,0,0,0,0
2019-03-13,port183,Buenaventura,8,3,121828,13332,103283,13034,0,5510,0,3820,8867,0,643,0
2019-03-14,port183,Buenaventura,5,3,49872,14343,35627,14244,0,0,0,0,14343,0,0,0
2019-03-15,port183,Buenaventura,4,2,12540,66,4785,6768,0,0,986,0,0,0,0,66
2019-03-16,port183,Buenaventura,3,1,26920,10174,11695,0,0,15225,0,0,10174,0,0,0
2019-03-17,port183,Buenaventura,5,3,28612,643,0,23102,0,5510,0,0,0,0,643,0
2019-03-18,port183,Buenaventura,4,1,7188,77112,0,6666,0,522,0,77112,0,0,0,0
2019-03-19,port183,Buenaventura,1,0,0,0,0,0,0,0,0,0,0,0,0,0
2019-03-20,port183,Buenaventura,3,3,0,22222,0,0,0,0,0,0,22222,0,0,0
2019-03-21,port183,Buenaventura,5,3,78815,0,50656,14170,0,13989,0,0,0,0,0,0
2019-03-22,port183,Buenaventura,4,3,15492,6738,0,15492,0,0,0,0,6738,0,0,0
2019-03-23,port183,Buenaventura,5,2,67603,1614,47881,19722,0,0,0,0,1614,0,0,0
2019-03-24,port183,Buenaventura,3,1,1572,1247,0,0,1572,0,0,0,1247,0,0,0
2019-03-25,port183,Buenaventura,3,1,35789,677,35789,0,0,0,0,0,677,0,0,0
2019-03-26,port183,Buenaventura,4,2,15950,0,0,11905,0,0,4045,0,0,0,0,0
2019-03-27,port183,Buenaventura,1,1,5585,1614,0,5585,0,0,0,0,1614,0,0,0
2019-03-28,port183,Buenaventura,5,4,10364,18150,0,6357,0,4007,0,0,18150,0,0,0
2019-03-29,port183,Buenaventura,5,2,40570,2904,31521,6599,0,0,2448,2904,0,0,0,0
2019-03-30,port183,Buenaventura,5,4,19445,2974,0,19025,419,0,0,0,2974,0,0,0
2019-03-31,port183,Buenaventura,1,0,3399,0,0,0,0,0,3399,0,0,0,0,0
2019-04-01,port183,Buenaventura,5,2,54077,5809,45973,8104,0,0,0,5809,0,0,0,0
2019-04-02,port183,Buenaventura,2,2,9901,0,0,9901,0,0,0,0,0,0,0,0
2019-04-03,port183,Buenaventura,5,3,60405,12467,50499,9905,0,0,0,0,12309,0,158,0
2019-04-04,port183,Buenaventura,4,2,53928,0,46662,6844,0,0,421,0,0,0,0,0
2019-04-05,port183,Buenaventura,3,3,3859,1274,0,3859,0,0,0,0,1274,0,0,0
2019-04-06,port183,Buenaventura,5,2,40057,2954,20659,14403,0,4994,0,2904,0,0,49,0
2019-04-07,port183,Buenaventura,3,2,7994,68335,0,7994,0,0,0,66720,1614,0,0,0
2019-04-08,port183,Buenaventura,3,2,15128,0,0,12229,2898,0,0,0,0,0,0,0
2019-04-09,port183,Buenaventura,3,1,3407,0,0,0,0,0,3407,0,0,0,0,0
2019-04-10,port183,Buenaventura,3,3,4108,13430,0,4108,0,0,0,0,13430,0,0,0
2019-04-11,port183,Buenaventura,2,1,21719,0,14957,6761,0,0,0,0,0,0,0,0
2019-04-12,port183,Buenaventura,2,2,9930,0,0,9930,0,0,0,0,0,0,0,0
2019-04-13,port183,Buenaventura,4,2,29386,12326,0,28876,0,0,509,0,12326,0,0,0
2019-04-14,port183,Buenaventura,5,4,33407,0,0,32517,0,0,890,0,0,0,0,0
2019-04-15,port183,Buenaventura,0,0,0,0,0,0,0,0,0,0,0,0,0,0
2019-04-16,port183,Buenaventura,2,1,25894,0,3979,21914,0,0,0,0,0,0,0,0
2019-04-17,port183,Buenaventura,3,2,48185,1816,40590,7594,0,0,0,0,1816,0,0,0
2019-04-18,port183,Buenaventura,4,3,63616,1614,50061,13554,0,0,0,0,1614,0,0,0
2019-04-19,port183,Buenaventura,3,3,14627,21629,0,14627,0,0,0,0,21629,0,0,0
2019-04-20,port183,Buenaventura,3,2,22129,0,5758,16370,0,0,0,0,0,0,0,0
2019-04-21,port183,Buenaventura,4,2,40392,2904,20659,19733,0,0,0,2904,0,0,0,0
2019-04-22,port183,Buenaventura,3,2,17725,0,10268,7457,0,0,0,0,0,0,0,0
2019-04-23,port183,Buenaventura,3,2,78857,0,47051,31806,0,0,0,0,0,0,0,0
2019-04-24,port183,Buenaventura,5,1,57256,14275,51746,0,0,5510,0,5828,7803,0,643,0
2019-04-25,port183,Buenaventura,6,5,1372,27002,0,315,0,1057,0,0,27002,0,0,0
2019-04-26,port183,Buenaventura,3,2,15593,0,0,8873,0,6720,0,0,0,0,0,0
2019-04-27,port183,Buenaventura,2,1,5510,7382,0,0,0,5510,0,0,6738,0,643,0
2019-04-28,port183,Buenaventura,4,3,66481,0,46487,19993,0,0,0,0,0,0,0,0
2019-04-29,port183,Buenaventura,2,1,9856,0,0,9517,0,338,0,0,0,0,0,0
2019-04-30,port183,Buenaventura,6,2,99447,0,85112,14334,0,0,0,0,0,0,0,0
2019-05-01,port183,Buenaventura,4,3,4929,11147,0,4929,0,0,0,0,11147,0,0,0
2019-05-02,port183,Buenaventura,5,3,82015,18026,76430,5585,0,0,0,0,18026,0,0,0
2019-05-03,port183,Buenaventura,4,3,16677,13272,0,16677,0,0,0,3269,10002,0,0,0
2019-05-04,port183,Buenaventura,3,2,37199,2904,20659,16539,0,0,0,2904,0,0,0,0
2019-05-05,port183,Buenaventura,3,2,15501,1614,0,15501,0,0,0,0,1614,0,0,0
2019-05-06,port183,Buenaventura,3,2,16838,675,12452,4385,0,0,0,0,675,0,0,0
2019-05-07,port183,Buenaventura,1,0,20659,2904,20659,0,0,0,0,2904,0,0,0,0
2019-05-08,port183,Buenaventura,3,2,10451,11872,0,7659,0,2791,0,0,11872,0,0,0
2019-05-09,port183,Buenaventura,7,5,6739,27796,0,6739,0,0,0,0,27796,0,0,0
2019-05-10,port183,Buenaventura,5,3,17606,12997,0,4675,0,12930,0,0,12997,0,0,0
2019-05-11,port183,Buenaventura,2,1,16631,0,12145,4485,0,0,0,0,0,0,0,0
2019-05-12,port183,Buenaventura,3,3,24802,0,0,24802,0,0,0,0,0,0,0,0
2019-05-13,port183,Buenaventura,4,2,54113,677,53562,551,0,0,0,0,677,0,0,0
2019-05-14,port183,Buenaventura,4,2,33965,0,9415,22849,1699,0,0,0,0,0,0,0
2019-05-15,port183,Buenaventura,4,3,49712,11581,35476,14235,0,0,0,0,11581,0,0,0
2019-05-16,port183,Buenaventura,4,3,22367,10122,0,7799,0,14567,0,0,10122,0,0,0
2019-05-17,port183,Buenaventura,4,2,85485,0,70452,15033,0,0,0,0,0,0,0,0
2019-05-18,port183,Buenaventura,0,0,0,0,0,0,0,0,0,0,0,0,0,0
2019-05-19,port183,Buenaventura,5,4,11214,22661,0,8609,0,2604,0,0,22661,0,0,0
2019-05-20,port183,Buenaventura,8,3,65166,44143,39921,25245,0,0,0,44143,0,0,0,0
2019-05-21,port183,Buenaventura,4,1,69410,0,63519,5890,0,0,0,0,0,0,0,0
2019-05-22,port183,Buenaventura,4,2,26244,17525,20659,5585,0,0,0,3874,13650,0,0,0
2019-05-23,port183,Buenaventura,4,4,13231,12252,0,13231,0,0,0,0,12252,0,0,0
2019-05-24,port183,Buenaventura,4,2,20300,1614,10922,8867,0,0,509,0,1614,0,0,0
2019-05-25,port183,Buenaventura,3,2,6602,24521,0,6602,0,0,0,0,24521,0,0,0
2019-05-26,port183,Buenaventura,3,3,23635,1614,0,23635,0,0,0,0,1614,0,0,0
2019-05-27,port183,Buenaventura,3,1,22395,0,11516,7786,3092,0,0,0,0,0,0,0
2019-05-28,port183,Buenaventura,2,1,33653,2904,20659,12994,0,0,0,2904,0,0,0,0
2019-05-29,port183,Buenaventura,6,4,86047,20281,52852,33194,0,0,0,0,20281,0,0,0
2019-05-30,port183,Buenaventura,3,2,60634,9870,56185,4448,0,0,0,0,9870,0,0,0
2019-05-31,port183,Buenaventura,3,2,6849,5107,0,4817,0,0,2031,0,5107,0,0,0
2019-06-01,port183,Buenaventura,2,2,21565,0,0,21565,0,0,0,0,0,0,0,0
2019-06-02,port183,Buenaventura,5,2,60268,0,35510,23842,682,232,0,0,0,0,0,0
2019-06-03,port183,Buenaventura,3,3,12958,0,0,12958,0,0,0,0,0,0,0,0
2019-06-04,port183,Buenaventura,1,1,5585,1614,0,5585,0,0,0,0,1614,0,0,0
2019-06-05,port183,Buenaventura,2,2,9689,1614,0,9689,0,0,0,0,1614,0,0,0
2019-06-06,port183,Buenaventura,5,3,75252,11462,72723,2529,0,0,0,0,11462,0,0,0
2019-06-07,port183,Buenaventura,6,4,43883,39679,0,15436,11889,16557,0,0,39679,0,0,0
2019-06-08,port183,Buenaventura,1,0,45991,0,45991,0,0,0,0,0,0,0,0,0
2019-06-09,port183,Buenaventura,4,3,21510,0,0,21510,0,0,0,0,0,0,0,0
2019-06-10,port183,Buenaventura,5,2,32376,54912,20659,11717,0,0,0,54912,0,0,0,0
2019-06-11,port183,Buenaventura,5,3,33089,2264,16578,11854,4656,0,0,0,2264,0,0,0
2019-06-12,port183,Buenaventura,1,1,0,8504,0,0,0,0,0,0,8504,0,0,0
2019-06-13,port183,Buenaventura,7,4,26998,26688,20425,5586,0,0,986,0,26622,0,0,66
2019-06-14,port183,Buenaventura,4,3,7722,7992,7243,479,0,0,0,0,7992,0,0,0
2019-06-15,port183,Buenaventura,2,1,12038,643,0,6527,0,5510,0,0,0,0,643,0
2019-06-16,port183,Buenaventura,5,3,27034,944,0,25245,1470,319,0,0,944,0,0,0
2019-06-17,port183,Buenaventura,2,1,34351,0,0,6074,0,28277,0,0,0,0,0,0
2019-06-18,port183,Buenaventura,3,2,42902,0,34192,8709,0,0,0,0,0,0,0,0
2019-06-19,port183,Buenaventura,3,2,7193,4255,0,1371,0,5822,0,0,4255,0,0,0
2019-06-20,port183,Buenaventura,4,3,18283,68320,0,18283,0,0,0,56981,11339,0,0,0
2019-06-21,port183,Buenaventura,5,3,53985,15164,35284,17713,0,0,986,0,15098,0,0,66
2019-06-22,port183,Buenaventura,3,0,34383,0,22618,0,0,11765,0,0,0,0,0,0
2019-06-23,port183,Buenaventura,5,2,81165,0,59729,21436,0,0,0,0,0,0,0,0
2019-06-24,port183,Buenaventura,2,2,11435,0,0,11435,0,0,0,0,0,0,0,0
2019-06-25,port183,Buenaventura,1,1,15793,0,0,15793,0,0,0,0,0,0,0,0
2019-06-26,port183,Buenaventura,5,2,78604,7787,77377,1226,0,0,0,0,7787,0,0,0
2019-06-27,port183,Buenaventura,7,4,65807,97470,53015,12791,0,0,0,78725,17109,1635,0,0
2019-06-28,port183,Buenaventura,4,2,9344,21044,0,5585,0,3759,0,0,17768,3276,0,0
2019-06-29,port183,Buenaventura,2,1,5330,0,0,1092,0,4238,0,0,0,0,0,0
2019-06-30,port183,Buenaventura,5,3,49526,0,30486,16066,2973,0,0,0,0,0,0,0
2019-07-01,port183,Buenaventura,2,1,2735,0,0,2735,0,0,0,0,0,0,0,0
2019-07-02,port183,Buenaventura,2,1,23853,0,0,9903,0,13949,0,0,0,0,0,0
2019-07-03,port183,Buenaventura,3,2,14864,9116,0,5523,9341,0,0,0,9116,0,0,0
2019-07-04,port183,Buenaventura,5,2,54744,315,0,11274,17532,25937,0,0,315,0,0,0
2019-07-05,port183,Buenaventura,5,2,13146,2902,0,6064,7082,0,0,1287,1614,0,0,0
2019-07-06,port183,Buenaventura,4,2,37042,2904,20659,16382,0,0,0,2904,0,0,0,0
2019-07-07,port183,Buenaventura,2,2,17826,0,0,17826,0,0,0,0,0,0,0,0
2019-07-08,port183,Buenaventura,5,1,81332,1614,73050,5585,0,2697,0,0,1614,0,0,0
2019-07-09,port183,Buenaventura,6,2,25069,2904,20659,4409,0,0,0,2904,0,0,0,0
2019-07-10,port183,Buenaventura,2,2,5585,6785,0,5585,0,0,0,0,6785,0,0,0
2019-07-11,port183,Buenaventura,4,3,59478,16443,51175,8303,0,0,0,0,16443,0,0,0
2019-07-12,port183,Buenaventura,4,2,37077,16333,31921,5155,0,0,0,0,16333,0,0,0
2019-07-13,port183,Buenaventura,1,1,12114,0,0,12114,0,0,0,0,0,0,0,0
2019-07-14,port183,Buenaventura,5,3,22124,1614,0,17917,2669,0,1537,0,1614,0,0,0
2019-07-15,port183,Buenaventura,4,1,21280,8039,20659,0,0,621,0,2904,5134,0,0,0
2019-07-16,port183,Buenaventura,4,2,53814,0,45275,8539,0,0,0,0,0,0,0,0
2019-07-17,port183,Buenaventura,3,2,7037,22737,0,5488,0,1548,0,0,22737,0,0,0
2019-07-18,port183,Buenaventura,3,2,0,3641,0,0,0,0,0,0,3641,0,0,0
2019-07-19,port183,Buenaventura,4,4,11837,1272,0,11837,0,0,0,0,1272,0,0,0
2019-07-20,port183,Buenaventura,4,2,17188,0,0,17188,0,0,0,0,0,0,0,0
2019-07-21,port183,Buenaventura,2,2,12207,1614,0,12207,0,0,0,0,1614,0,0,0
2019-07-22,port183,Buenaventura,5,1,59360,0,7765,33325,0,12808,5460,0,0,0,0,0
2019-07-23,port183,Buenaventura,2,1,37319,0,30019,7300,0,0,0,0,0,0,0,0
2019-07-24,port183,Buenaventura,2,2,9886,17983,0,9886,0,0,0,0,17983,0,0,0
2019-07-25,port183,Buenaventura,5,3,0,14716,0,0,0,0,0,0,14716,0,0,0
2019-07-26,port183,Buenaventura,3,3,5585,1614,0,5585,0,0,0,0,1614,0,0,0
2019-07-27,port183,Buenaventura,4,3,9176,26087,0,9176,0,0,0,22223,3863,0,0,0
2019-07-28,port183,Buenaventura,4,4,7763,3669,0,7763,0,0,0,0,3669,0,0,0
2019-07-29,port183,Buenaventura,3,2,1565,2170,0,0,0,1565,0,0,2170,0,0,0
2019-07-30,port183,Buenaventura,2,2,5521,13621,0,5521,0,0,0,0,13621,0,0,0
2019-07-31,port183,Buenaventura,2,2,15579,16080,0,15579,0,0,0,0,16080,0,0,0
2019-08-01,port183,Buenaventura,2,1,27110,0,13847,13263,0,0,0,0,0,0,0,0
2019-08-02,port183,Buenaventura,3,2,12254,1273,0,9888,0,0,2365,0,1273,0,0,0
2019-08-03,port183,Buenaventura,2,2,0,6336,0,0,0,0,0,0,6336,0,0,0
2019-08-04,port183,Buenaventura,8,5,37571,8013,10408,12527,14635,0,0,0,8013,0,0,0
2019-08-05,port183,Buenaventura,1,0,1792,0,0,0,0,0,1792,0,0,0,0,0
2019-08-06,port183,Buenaventura,2,1,8179,1614,2594,5585,0,0,0,0,1614,0,0,0
2019-08-07,port183,Buenaventura,4,4,5585,20566,0,5585,0,0,0,0,20566,0,0,0
2019-08-08,port183,Buenaventura,4,1,42883,0,29362,8257,0,5262,0,0,0,0,0,0
2019-08-09,port183,Buenaventura,4,2,36263,0,0,32353,0,0,3910,0,0,0,0,0
2019-08-10,port183,Buenaventura,5,1,47886,12215,42492,0,5393,0,0,0,12215,0,0,0
2019-08-11,port183,Buenaventura,6,4,84468,3228,70941,13527,0,0,0,0,3228,0,0,0
2019-08-12,port183,Buenaventura,5,1,36173,0,21889,2159,12124,0,0,0,0,0,0,0
2019-08-13,port183,Buenaventura,2,1,8349,0,0,6472,0,1877,0,0,0,0,0,0
2019-08-14,port183,Buenaventura,4,2,22671,2103,0,7745,0,14926,0,0,1614,0,489,0
2019-08-15,port183,Buenaventura,2,2,3408,12527,0,3408,0,0,0,0,12527,0,0,0
2019-08-16,port183,Buenaventura,5,2,16535,0,8159,8376,0,0,0,0,0,0,0,0
2019-08-17,port183,Buenaventura,2,0,67459,0,67459,0,0,0,0,0,0,0,0,0
2019-08-18,port183,Buenaventura,10,5,151981,5123,109600,27986,0,14394,0,0,5123,0,0,0
2019-08-19,port183,Buenaventura,1,1,0,6185,0,0,0,0,0,0,6185,0,0,0
2019-08-20,port183,Buenaventura,7,2,47411,5578,34657,12245,0,0,508,2908,1614,0,1054,0
2019-08-21,port183,Buenaventura,1,0,4877,0,0,0,0,4877,0,0,0,0,0,0
2019-08-22,port183,Buenaventura,5,4,27015,21762,10993,16021,0,0,0,0,21762,0,0,0
2019-08-23,port183,Buenaventura,5,2,14675,3029,7095,7580,0,0,0,0,1092,1937,0,0
2019-08-24,port183,Buenaventura,2,0,10491,0,9762,0,728,0,0,0,0,0,0,0
2019-08-25,port183,Buenaventura,4,3,8811,1370,0,8811,0,0,0,0,1370,0,0,0
2019-08-26,port183,Buenaventura,7,4,93012,27447,83624,9387,0,0,0,2904,24542,0,0,0
2019-08-27,port183,Buenaventura,1,1,8572,0,0,8572,0,0,0,0,0,0,0,0
2019-08-28,port183,Buenaventura,3,2,49348,2904,20659,28688,0,0,0,2904,0,0,0,0
2019-08-29,port183,Buenaventura,4,2,5510,13650,0,0,0,5510,0,0,13007,0,643,0
2019-08-30,port183,Buenaventura,3,1,10561,0,0,8201,0,0,2359,0,0,0,0,0
2019-08-31,port183,Buenaventura,3,0,19666,0,5147,0,0,14518,0,0,0,0,0,0
2019-09-01,port183,Buenaventura,3,3,8056,2888,0,8056,0,0,0,0,2888,0,0,0
2019-09-02,port183,Buenaventura,7,2,141689,6725,141689,0,0,0,0,779,5945,0,0,0
2019-09-03,port183,Buenaventura,2,0,81821,0,81821,0,0,0,0,0,0,0,0,0
2019-09-04,port183,Buenaventura,4,2,9706,1614,0,9285,0,0,421,0,1614,0,0,0
2019-09-05,port183,Buenaventura,1,1,0,17031,0,0,0,0,0,0,17031,0,0,0
2019-09-06,port183,Buenaventura,2,1,20659,4001,20659,0,0,0,0,2904,1097,0,0,0
2019-09-07,port183,Buenaventura,2,1,14196,0,0,14196,0,0,0,0,0,0,0,0
2019-09-08,port183,Buenaventura,6,3,63430,1614,42880,8978,0,11572,0,0,1614,0,0,0
2019-09-09,port183,Buenaventura,4,2,7050,3225,0,5585,0,1465,0,0,3225,0,0,0
2019-09-10,port183,Buenaventura,3,2,6048,0,0,2151,0,3897,0,0,0,0,0,0
2019-09-11,port183,Buenaventura,3,1,45667,0,21989,4083,0,19594,0,0,0,0,0,0
2019-09-12,port183,Buenaventura,3,1,20659,51147,20659,0,0,0,0,41009,10137,0,0,0
2019-09-13,port183,Buenaventura,5,2,50189,498,28023,17489,0,4676,0,0,0,0,498,0
2019-09-14,port183,Buenaventura,1,1,6342,0,0,6342,0,0,0,0,0,0,0,0
2019-09-15,port183,Buenaventura,5,3,20206,5300,1342,17812,0,1051,0,0,5300,0,0,0
2019-09-16,port183,Buenaventura,3,1,4074,551,0,0,0,4074,0,0,551,0,0,0
2019-09-17,port183,Buenaventura,4,2,42932,0,40737,2194,0,0,0,0,0,0,0,0
2019-09-18,port183,Buenaventura,5,1,49692,22681,33481,11074,2699,2436,0,22681,0,0,0,0
2019-09-19,port183,Buenaventura,1,1,0,3368,0,0,0,0,0,0,3368,0,0,0
2019-09-20,port183,Buenaventura,4,2,57145,3282,39970,6589,10585,0,0,0,3282,0,0,0
2019-09-21,port183,Buenaventura,2,0,10068,66,9082,0,0,0,986,0,0,0,0,66
2019-09-22,port183,Buenaventura,6,4,53698,2628,42093,11604,0,0,0,0,2628,0,0,0
2019-09-23,port183,Buenaventura,4,2,12493,80271,7556,4936,0,0,0,78982,1289,0,0,0
2019-09-24,port183,Buenaventura,3,2,19912,0,0,19912,0,0,0,0,0,0,0,0
2019-09-25,port183,Buenaventura,3,1,16574,606,0,10949,5624,0,0,0,0,606,0,0
2019-09-26,port183,Buenaventura,5,2,32684,10053,1595,14198,4719,12170,0,0,10053,0,0,0
2019-09-27,port183,Buenaventura,2,2,9124,0,0,9124,0,0,0,0,0,0,0,0
2019-09-28,port183,Buenaventura,4,1,68810,2244,68810,0,0,0,0,0,2244,0,0,0
2019-09-29,port183,Buenaventura,3,2,11452,0,2454,8997,0,0,0,0,0,0,0,0
2019-09-30,port183,Buenaventura,5,2,108613,3485,107516,1096,0,0,0,0,3485,0,0,0
2019-10-01,port183,Buenaventura,7,3,75659,1614,45650,30009,0,0,0,0,1614,0,0,0
2019-10-02,port183,Buenaventura,2,2,5424,5440,0,5424,0,0,0,0,5440,0,0,0
2019-10-03,port183,Buenaventura,3,2,5465,21334,0,0,5465,0,0,0,21334,0,0,0
2019-10-04,port183,Buenaventura,2,1,8625,0,5992,2633,0,0,0,0,0,0,0,0
2019-10-05,port183,Buenaventura,0,0,0,0,0,0,0,0,0,0,0,0,0,0
2019-10-06,port183,Buenaventura,5,4,28503,4162,0,28503,0,0,0,0,4162,0,0,0
2019-10-07,port183,Buenaventura,3,2,8303,4167,0,2793,0,5510,0,0,3524,0,643,0
2019-10-08,port183,Buenaventura,7,2,123215,11945,120787,2428,0,0,0,0,11945,0,0,0
2019-10-09,port183,Buenaventura,0,0,0,0,0,0,0,0,0,0,0,0,0,0
2019-10-10,port183,Buenaventura,2,1,19243,16180,0,0,19243,0,0,0,16180,0,0,0
2019-10-11,port183,Buenaventura,4,3,17921,214,0,17921,0,0,0,0,214,0,0,0
2019-10-12,port183,Buenaventura,3,1,57444,1614,51859,5585,0,0,0,0,1614,0,0,0
2019-10-13,port183,Buenaventura,3,3,12865,2274,0,12865,0,0,0,0,2274,0,0,0
2019-10-14,port183,Buenaventura,4,3,22266,386,0,22266,0,0,0,0,386,0,0,0
2019-10-15,port183,Buenaventura,2,2,14265,0,0,14265,0,0,0,0,0,0,0,0
2019-10-16,port183,Buenaventura,4,1,60470,0,56452,0,0,4018,0,0,0,0,0,0
2019-10-17,port183,Buenaventura,3,2,8682,66,0,7696,0,0,986,0,0,0,0,66
2019-10-18,port183,Buenaventura,3,1,36056,3548,20659,9886,0,5510,0,2904,0,0,643,0
2019-10-19,port183,Buenaventura,2,2,13137,0,0,13137,0,0,0,0,0,0,0,0
2019-10-20,port183,Buenaventura,4,3,54014,1359,0,29338,0,24676,0,0,1359,0,0,0
2019-10-21,port183,Buenaventura,4,3,12474,2892,0,12474,0,0,0,0,2892,0,0,0
2019-10-22,port183,Buenaventura,2,1,10147,0,0,9751,0,395,0,0,0,0,0,0
2019-10-23,port183,Buenaventura,1,0,0,0,0,0,0,0,0,0,0,0,0,0
2019-10-24,port183,Buenaventura,2,2,0,14465,0,0,0,0,0,0,14465,0,0,0
2019-10-25,port183,Buenaventura,2,1,46141,1178,46141,0,0,0,0,0,1178,0,0,0
2019-10-26,port183,Buenaventura,2,0,38318,0,0,0,0,35047,3271,0,0,0,0,0
2019-10-27,port183,Buenaventura,7,4,41680,2995,35844,5835,0,0,0,0,2995,0,0,0
2019-10-28,port183,Buenaventura,5,1,55236,0,51670,3299,265,0,0,0,0,0,0,0
2019-10-29,port183,Buenaventura,4,3,62019,1614,0,62019,0,0,0,0,1614,0,0,0
2019-10-30,port183,Buenaventura,5,1,15612,2326,7755,0,3253,4604,0,0,2326,0,0,0
2019-10-31,port183,Buenaventura,2,2,5585,21504,0,5585,0,0,0,0,21504,0,0,0
2019-11-01,port183,Buenaventura,3,1,20175,0,12619,7555,0,0,0,0,0,0,0,0
2019-11-02,port183,Buenaventura,1,1,5585,1614,0,5585,0,0,0,0,1614,0,0,0
2019-11-03,port183,Buenaventura,4,2,21797,1614,11566,6036,4194,0,0,0,1614,0,0,0
2019-11-04,port183,Buenaventura,5,4,39401,322,23119,16282,0,0,0,0,322,0,0,0
2019-11-05,port183,Buenaventura,4,1,25927,9574,20659,0,0,5268,0,2904,6669,0,0,0
2019-11-06,port183,Buenaventura,3,1,55826,606,35005,15195,5624,0,0,0,0,606,0,0
2019-11-07,port183,Buenaventura,3,2,11450,15112,0,11450,0,0,0,0,15112,0,0,0
2019-11-08,port183,Buenaventura,1,0,31882,0,0,0,0,31882,0,0,0,0,0,0
2019-11-09,port183,Buenaventura,5,3,42282,4519,20659,18566,0,3056,0,2904,1614,0,0,0
2019-11-10,port183,Buenaventura,2,1,5585,36260,0,5585,0,0,0,34645,1614,0,0,0
2019-11-11,port183,Buenaventura,3,2,41264,2322,37372,3891,0,0,0,0,2322,0,0,0
2019-11-12,port183,Buenaventura,4,2,100557,0,83348,17208,0,0,0,0,0,0,0,0
2019-11-13,port183,Buenaventura,1,1,5585,1614,0,5585,0,0,0,0,1614,0,0,0
2019-11-14,port183,Buenaventura,3,3,5585,27249,0,5585,0,0,0,0,27249,0,0,0
2019-11-15,port183,Buenaventura,3,1,16366,0,4566,7059,4740,0,0,0,0,0,0,0
2019-11-16,port183,Buenaventura,3,1,17953,0,6491,11462,0,0,0,0,0,0,0,0
2019-11-17,port183,Buenaventura,3,2,45620,2292,28210,17409,0,0,0,0,2292,0,0,0
2019-11-18,port183,Buenaventura,3,2,11596,2572,0,2228,9367,0,0,0,2572,0,0,0
2019-11-19,port183,Buenaventura,2,0,18168,643,12658,0,0,5510,0,0,0,0,643,0
2019-11-20,port183,Buenaventura,4,2,68626,606,49185,13816,5624,0,0,0,0,606,0,0
2019-11-21,port183,Buenaventura,2,1,40537,0,0,26544,13993,0,0,0,0,0,0,0
2019-11-22,port183,Buenaventura,4,2,16850,0,0,14927,0,0,1923,0,0,0,0,0
2019-11-23,port183,Buenaventura,2,1,3928,0,0,456,0,3472,0,0,0,0,0,0
2019-11-24,port183,Buenaventura,5,3,86112,9813,80527,5585,0,0,0,0,9813,0,0,0
2019-11-25,port183,Buenaventura,4,1,986,2393,0,0,0,0,986,0,2326,0,0,66
2019-11-26,port183,Buenaventura,1,1,5421,0,0,5421,0,0,0,0,0,0,0,0
2019-11-27,port183,Buenaventura,2,0,33682,0,33682,0,0,0,0,0,0,0,0,0
2019-11-28,port183,Buenaventura,5,3,30627,16476,0,11321,19306,0,0,0,16476,0,0,0
2019-11-29,port183,Buenaventura,4,1,28780,0,22608,3030,0,3141,0,0,0,0,0,0
2019-11-30,port183,Buenaventura,1,1,5585,1614,0,5585,0,0,0,0,1614,0,0,0
2019-12-01,port183,Buenaventura,4,3,18304,0,0,13831,4472,0,0,0,0,0,0,0
2019-12-02,port183,Buenaventura,3,2,3276,55780,0,3276,0,0,0,53528,2252,0,0,0
2019-12-03,port183,Buenaventura,1,0,1164,0,0,0,0,0,1164,0,0,0,0,0
2019-12-04,port183,Buenaventura,5,3,53892,781,34059,19832,0,0,0,0,781,0,0,0
2019-12-05,port183,Buenaventura,5,1,81262,0,53875,10096,752,16537,0,0,0,0,0,0
2019-12-06,port183,Buenaventura,1,1,4352,0,0,4352,0,0,0,0,0,0,0,0
2019-12-07,port183,Buenaventura,5,3,20498,1614,0,20498,0,0,0,0,1614,0,0,0
2019-12-08,port183,Buenaventura,7,3,78567,51954,33133,44035,0,1398,0,30783,21171,0,0,0
2019-12-09,port183,Buenaventura,4,2,24664,15023,23677,0,0,0,986,0,14957,0,0,66
2019-12-10,port183,Buenaventura,4,2,26244,5621,20659,5585,0,0,0,4007,1614,0,0,0
2019-12-11,port183,Buenaventura,1,1,1241,0,0,1241,0,0,0,0,0,0,0,0
2019-12-12,port183,Buenaventura,2,2,11170,3228,0,11170,0,0,0,0,3228,0,0,0
2019-12-13,port183,Buenaventura,1,1,5585,1614,0,5585,0,0,0,0,1614,0,0,0
2019-12-14,port183,Buenaventura,5,2,84211,6200,72054,11170,0,0,986,2904,3228,0,0,66
2019-12-15,port183,Buenaventura,2,2,9676,0,0,9676,0,0,0,0,0,0,0,0
2019-12-16,port183,Buenaventura,3,2,32656,1614,0,14047,0,18609,0,0,1614,0,0,0
2019-12-17,port183,Buenaventura,2,1,28005,2904,20659,7346,0,0,0,2904,0,0,0,0
2019-12-18,port183,Buenaventura,2,1,6156,1371,6156,0,0,0,0,0,1371,0,0,0
2019-12-19,port183,Buenaventura,2,1,35513,1614,29928,5585,0,0,0,0,1614,0,0,0
2019-12-20,port183,Buenaventura,3,1,50050,4519,44464,5585,0,0,0,2904,1614,0,0,0
2019-12-21,port183,Buenaventura,4,2,12157,3295,0,11170,0,0,986,0,3228,0,0,66
2019-12-22,port183,Buenaventura,2,2,15130,1230,0,15130,0,0,0,0,1230,0,0,0
2019-12-23,port183,Buenaventura,4,2,57927,8401,52342,5585,0,0,0,2904,5496,0,0,0
2019-12-24,port183,Buenaventura,2,2,18931,1614,0,18931,0,0,0,0,1614,0,0,0
2019-12-25,port183,Buenaventura,3,1,25089,1614,0,5585,1793,17711,0,0,1614,0,0,0
2019-12-26,port183,Buenaventura,3,2,7740,12444,0,7740,0,0,0,0,12444,0,0,0
2019-12-27,port183,Buenaventura,1,0,13356,0,13356,0,0,0,0,0,0,0,0,0
2019-12-28,port183,Buenaventura,4,2,39787,905,12100,7582,20104,0,0,0,905,0,0,0
2019-12-29,port183,Buenaventura,3,2,11170,3228,0,11170,0,0,0,0,3228,0,0,0
2019-12-30,port183,Buenaventura,4,2,43849,0,25315,12863,0,5670,0,0,0,0,0,0
2019-12-31,port183,Buenaventura,2,1,21605,0,0,11977,9628,0,0,0,0,0,0,0
2020-01-01,port183,Buenaventura,2,1,10425,0,0,5521,4903,0,0,0,0,0,0,0
2020-01-02,port183,Buenaventura,1,1,0,5691,0,0,0,0,0,0,5691,0,0,0
2020-01-03,port183,Buenaventura,4,2,40996,34707,8208,32788,0,0,0,34707,0,0,0,0
2020-01-04,port183,Buenaventura,2,2,11930,1614,0,11930,0,0,0,0,1614,0,0,0
2020-01-05,port183,Buenaventura,4,3,38918,1614,0,38918,0,0,0,0,1614,0,0,0
2020-01-06,port183,Buenaventura,3,1,52119,666,52119,0,0,0,0,0,666,0,0,0
2020-01-07,port183,Buenaventura,2,1,10088,0,0,7272,0,2816,0,0,0,0,0,0
2020-01-08,port183,Buenaventura,4,1,24685,30530,0,8612,5624,10447,0,29924,0,606,0,0
2020-01-09,port183,Buenaventura,4,3,1135,0,0,1135,0,0,0,0,0,0,0,0
2020-01-10,port183,Buenaventura,3,1,54214,0,45565,8649,0,0,0,0,0,0,0,0
2020-01-11,port183,Buenaventura,4,2,28691,2696,23106,5585,0,0,0,0,2696,0,0,0
2020-01-12,port183,Buenaventura,4,3,26387,1614,10432,15955,0,0,0,0,1614,0,0,0
2020-01-13,port183,Buenaventura,1,0,34219,0,34219,0,0,0,0,0,0,0,0,0
2020-01-14,port183,Buenaventura,3,1,33810,2904,20659,6464,6685,0,0,2904,0,0,0,0
2020-01-15,port183,Buenaventura,0,0,0,0,0,0,0,0,0,0,0,0,0,0
2020-01-16,port183,Buenaventura,2,1,0,4735,0,0,0,0,0,0,4735,0,0,0
2020-01-17,port183,Buenaventura,1,1,8049,0,0,8049,0,0,0,0,0,0,0,0
2020-01-18,port183,Buenaventura,2,1,21249,0,21249,0,0,0,0,0,0,0,0,0
2020-01-19,port183,Buenaventura,4,3,29140,0,0,28121,0,0,1018,0,0,0,0,0
2020-01-20,port183,Buenaventura,4,2,18696,7385,0,12031,5624,1039,0,0,6779,606,0,0
2020-01-21,port183,Buenaventura,2,1,3352,0,0,1108,0,0,2243,0,0,0,0,0
2020-01-22,port183,Buenaventura,2,1,17352,0,7599,9752,0,0,0,0,0,0,0,0
2020-01-23,port183,Buenaventura,3,2,26244,13944,20659,5585,0,0,0,2904,11039,0,0,0
2020-01-24,port183,Buenaventura,3,1,5585,1614,0,5585,0,0,0,0,1614,0,0,0
2020-01-25,port183,Buenaventura,4,2,58602,2220,46126,6851,5624,0,0,0,1614,606,0,0
2020-01-26,port183,Buenaventura,4,3,15411,5021,9826,5585,0,0,0,0,5021,0,0,0
2020-01-27,port183,Buenaventura,5,2,55397,6729,20368,10470,24558,0,0,0,6123,606,0,0
2020-01-28,port183,Buenaventura,3,1,14137,2088,0,8627,0,5510,0,1444,0,0,643,0
2020-01-29,port183,Buenaventura,4,2,56623,3691,49683,5480,1459,0,0,0,3691,0,0,0
2020-01-30,port183,Buenaventura,2,1,10004,643,0,4494,0,5510,0,0,0,0,643,0
2020-01-31,port183,Buenaventura,2,0,26456,643,20946,0,0,5510,0,0,0,0,643,0
2020-02-01,port183,Buenaventura,4,2,36978,0,0,10844,14298,11835,0,0,0,0,0,0
2020-02-02,port183,Buenaventura,5,3,21650,0,0,17746,3904,0,0,0,0,0,0,0
2020-02-03,port183,Buenaventura,5,3,28728,4021,20255,8472,0,0,0,0,4021,0,0,0
2020-02-04,port183,Buenaventura,4,1,14942,0,3713,8669,0,0,2559,0,0,0,0,0
2020-02-05,port183,Buenaventura,2,1,6602,1614,1017,5585,0,0,0,0,1614,0,0,0
2020-02-06,port183,Buenaventura,3,2,5585,2053,0,5585,0,0,0,0,2053,0,0,0
2020-02-07,port183,Buenaventura,3,2,15328,11941,0,11071,0,4257,0,0,11941,0,0,0
2020-02-08,port183,Buenaventura,2,2,59909,0,0,59909,0,0,0,0,0,0,0,0
2020-02-09,port183,Buenaventura,3,1,2743,0,0,2390,0,352,0,0,0,0,0,0
2020-02-10,port183,Buenaventura,5,1,117069,1825,111901,0,0,5167,0,0,1825,0,0,0
2020-02-11,port183,Buenaventura,1,1,9041,0,0,9041,0,0,0,0,0,0,0,0
2020-02-12,port183,Buenaventura,3,1,5894,18992,0,5585,0,309,0,17378,1614,0,0,0
2020-02-13,port183,Buenaventura,6,3,32371,9536,0,20675,0,11182,513,0,9536,0,0,0
2020-02-14,port183,Buenaventura,2,0,22422,0,22422,0,0,0,0,0,0,0,0,0
2020-02-15,port183,Buenaventura,2,2,25212,0,0,25212,0,0,0,0,0,0,0,0
2020-02-16,port183,Buenaventura,3,3,16955,3837,0,16955,0,0,0,0,3837,0,0,0
2020-02-17,port183,Buenaventura,1,1,0,3338,0,0,0,0,0,0,3338,0,0,0
2020-02-18,port183,Buenaventura,1,0,0,0,0,0,0,0,0,0,0,0,0,0
2020-02-19,port183,Buenaventura,3,2,17791,0,0,17791,0,0,0,0,0,0,0,0
2020-02-20,port183,Buenaventura,3,1,60180,0,50199,9981,0,0,0,0,0,0,0,0
2020-02-21,port183,Buenaventura,4,1,50135,66,33911,13241,1995,0,986,0,0,0,0,66
2020-02-22,port183,Buenaventura,5,3,31491,0,3840,24746,2904,0,0,0,0,0,0,0
2020-02-23,port183,Buenaventura,1,1,5585,1614,0,5585,0,0,0,0,1614,0,0,0
2020-02-24,port183,Buenaventura,5,2,91905,5940,84413,7492,0,0,0,2904,3036,0,0,0
2020-02-25,port183,Buenaventura,5,2,39832,26257,27581,12250,0,0,0,26257,0,0,0,0
2020-02-26,port183,Buenaventura,2,0,5080,0,0,0,826,4253,0,0,0,0,0,0
2020-02-27,port183,Buenaventura,0,0,0,0,0,0,0,0,0,0,0,0,0,0
2020-02-28,port183,Buenaventura,2,1,14026,401,0,14026,0,0,0,0,0,0,401,0
2020-02-29,port183,Buenaventura,5,2,38404,0,31209,7194,0,0,0,0,0,0,0,0
2020-03-01,port183,Buenaventura,5,3,81116,0,32053,30204,0,18858,0,0,0,0,0,0
2020-03-02,port183,Buenaventura,3,2,5419,0,3415,2004,0,0,0,0,0,0,0,0
2020-03-03,port183,Buenaventura,2,2,15020,0,0,15020,0,0,0,0,0,0,0,0
2020-03-04,port183,Buenaventura,3,0,9456,66,0,0,2899,5570,986,0,0,0,0,66
2020-03-05,port183,Buenaventura,2,2,0,22223,0,0,0,0,0,0,22223,0,0,0
2020-03-06,port183,Buenaventura,4,2,0,1076,0,0,0,0,0,0,1076,0,0,0
2020-03-07,port183,Buenaventura,4,1,56423,2186,49742,0,0,6680,0,0,2186,0,0,0
2020-03-08,port183,Buenaventura,4,2,25896,2904,20659,3188,0,0,2049,2904,0,0,0,0
2020-03-09,port183,Buenaventura,1,0,0,0,0,0,0,0,0,0,0,0,0,0
2020-03-10,port183,Buenaventura,4,2,32604,1830,32604,0,0,0,0,0,1830,0,0,0
2020-03-11,port183,Buenaventura,1,0,4387,0,4387,0,0,0,0,0,0,0,0,0
2020-03-12,port183,Buenaventura,1,1,0,6669,0,0,0,0,0,0,6669,0,0,0
2020-03-13,port183,Buenaventura,3,1,8203,1094,8203,0,0,0,0,0,1094,0,0,0
2020-03-14,port183,Buenaventura,0,0,0,0,0,0,0,0,0,0,0,0,0,0
2020-03-15,port183,Buenaventura,4,2,38967,1614,28394,10572,0,0,0,0,1614,0,0,0
2020-03-16,port183,Buenaventura,4,3,34724,3962,29139,5585,0,0,0,0,3962,0,0,0
2020-03-17,port183,Buenaventura,2,0,26169,3548,20659,0,0,5510,0,2904,0,0,643,0
2020-03-18,port183,Buenaventura,3,1,22395,0,0,22395,0,0,0,0,0,0,0,0
2020-03-19,port183,Buenaventura,0,0,0,0,0,0,0,0,0,0,0,0,0,0
2020-03-20,port183,Buenaventura,2,1,2484,5668,0,0,2484,0,0,0,5668,0,0,0
2020-03-21,port183,Buenaventura,3,3,21805,2319,0,21805,0,0,0,0,2319,0,0,0
2020-03-22,port183,Buenaventura,3,2,11095,9919,0,5585,0,5510,0,0,9276,0,643,0
2020-03-23,port183,Buenaventura,5,2,69724,3051,59943,8270,1510,0,0,0,3051,0,0,0
2020-03-24,port183,Buenaventura,1,1,4893,0,0,4893,0,0,0,0,0,0,0,0
2020-03-25,port183,Buenaventura,1,1,0,22395,0,0,0,0,0,0,22395,0,0,0
2020-03-26,port183,Buenaventura,3,0,52622,0,50304,0,0,0,2317,0,0,0,0,0
2020-03-27,port183,Buenaventura,4,2,11920,0,0,11920,0,0,0,0,0,0,0,0
2020-03-28,port183,Buenaventura,3,2,11305,0,0,5062,6242,0,0,0,0,0,0,0
2020-03-29,port183,Buenaventura,5,2,79203,0,48723,20083,0,10396,0,0,0,0,0,0
2020-03-30,port183,Buenaventura,3,2,7392,4070,0,7392,0,0,0,0,4035,0,35,0
2020-03-31,port183,Buenaventura,0,0,0,0,0,0,0,0,0,0,0,0,0,0
2020-04-01,port183,Buenaventura,3,1,11635,9868,1632,10003,0,0,0,9868,0,0,0,0
2020-04-02,port183,Buenaventura,3,2,30243,3820,0,10981,0,19262,0,0,3820,0,0,0
2020-04-03,port183,Buenaventura,3,2,8143,2199,0,4519,3623,0,0,0,2199,0,0,0
2020-04-04,port183,Buenaventura,5,2,32287,2904,21109,9663,0,1514,0,2904,0,0,0,0
2020-04-05,port183,Buenaventura,4,2,55982,4830,50397,5585,0,0,0,451,4379,0,0,0
2020-04-06,port183,Buenaventura,2,1,24064,0,0,7385,0,16678,0,0,0,0,0,0
2020-04-07,port183,Buenaventura,3,1,94503,0,87197,7306,0,0,0,0,0,0,0,0
2020-04-08,port183,Buenaventura,5,1,96964,0,87500,7415,0,0,2049,0,0,0,0,0
2020-04-09,port183,Buenaventura,3,2,6829,13589,0,6829,0,0,0,11695,1893,0,0,0
2020-04-10,port183,Buenaventura,1,1,11642,0,0,11642,0,0,0,0,0,0,0,0
2020-04-11,port183,Buenaventura,3,2,34390,3839,34390,0,0,0,0,0,3839,0,0,0
2020-04-12,port183,Buenaventura,1,1,0,3590,0,0,0,0,0,0,3590,0,0,0
2020-04-13,port183,Buenaventura,4,3,23022,1614,0,18006,0,5015,0,0,1614,0,0,0
2020-04-14,port183,Buenaventura,3,3,16707,0,0,16707,0,0,0,0,0,0,0,0
2020-04-15,port183,Buenaventura,1,1,16624,0,0,16624,0,0,0,0,0,0,0,0
2020-04-16,port183,Buenaventura,3,2,3404,6372,0,3404,0,0,0,0,6372,0,0,0
2020-04-17,port183,Buenaventura,2,1,33569,2904,20659,12910,0,0,0,2904,0,0,0,0
2020-04-18,port183,Buenaventura,5,3,30598,1538,25695,3373,0,0,1528,0,1538,0,0,0
2020-04-19,port183,Buenaventura,3,1,35,940,0,0,0,35,0,0,940,0,0,0
2020-04-20,port183,Buenaventura,2,1,42274,1825,42274,0,0,0,0,0,1825,0,0,0
2020-04-21,port183,Buenaventura,1,0,3810,0,3810,0,0,0,0,0,0,0,0,0
2020-04-22,port183,Buenaventura,2,2,10299,0,0,10299,0,0,0,0,0,0,0,0
2020-04-23,port183,Buenaventura,6,3,41911,8541,8047,16152,0,17711,0,0,8541,0,0,0
2020-04-24,port183,Buenaventura,3,1,36164,0,26258,9906,0,0,0,0,0,0,0,0
2020-04-25,port183,Buenaventura,6,2,70572,3228,56490,11170,0,0,2911,0,3228,0,0,0
2020-04-26,port183,Buenaventura,2,2,8107,0,0,8107,0,0,0,0,0,0,0,0
2020-04-27,port183,Buenaventura,2,2,12094,1614,0,12094,0,0,0,0,1614,0,0,0
2020-04-28,port183,Buenaventura,4,1,24286,8709,24286,0,0,0,0,0,8709,0,0,0
2020-04-29,port183,Buenaventura,3,1,38453,0,0,9560,27241,0,1652,0,0,0,0,0
2020-04-30,port183,Buenaventura,3,3,5524,10641,0,5524,0,0,0,0,10641,0,0,0
2020-05-01,port183,Buenaventura,2,1,55400,0,50996,4404,0,0,0,0,0,0,0,0
2020-05-02,port183,Buenaventura,1,1,15321,0,0,15321,0,0,0,0,0,0,0,0
2020-05-03,port183,Buenaventura,5,2,9737,0,0,6334,3402,0,0,0,0,0,0,0
2020-05-04,port183,Buenaventura,2,1,6420,0,0,2440,0,3980,0,0,0,0,0,0
2020-05-05,port183,Buenaventura,3,1,50298,0,50298,0,0,0,0,0,0,0,0,0
2020-05-06,port183,Buenaventura,5,1,64395,25224,61287,2175,0,932,0,25224,0,0,0,0
2020-05-07,port183,Buenaventura,5,2,32538,4639,29782,0,0,2755,0,0,4639,0,0,0
2020-05-08,port183,Buenaventura,2,2,6486,1614,0,6486,0,0,0,0,1614,0,0,0
2020-05-09,port183,Buenaventura,2,1,10793,1614,5208,5585,0,0,0,0,1614,0,0,0
2020-05-10,port183,Buenaventura,4,3,12521,45317,0,12521,0,0,0,40218,5099,0,0,0
2020-05-11,port183,Buenaventura,7,3,56945,4357,56945,0,0,0,0,2904,1452,0,0,0
2020-05-12,port183,Buenaventura,2,0,57889,66,56902,0,0,0,986,0,0,0,0,66
2020-05-13,port183,Buenaventura,3,2,24724,1614,0,11135,0,13589,0,0,1614,0,0,0
2020-05-14,port183,Buenaventura,4,0,73733,0,73733,0,0,0,0,0,0,0,0,0
2020-05-15,port183,Buenaventura,4,1,75764,3226,75764,0,0,0,0,0,3226,0,0,0
2020-05-16,port183,Buenaventura,5,3,8468,3152,2883,5585,0,0,0,0,3152,0,0,0
2020-05-17,port183,Buenaventura,3,2,13610,0,2695,10915,0,0,0,0,0,0,0,0
2020-05-18,port183,Buenaventura,2,2,0,1224,0,0,0,0,0,0,1224,0,0,0
2020-05-19,port183,Buenaventura,2,0,8711,0,8711,0,0,0,0,0,0,0,0,0
2020-05-20,port183,Buenaventura,3,1,32868,0,10526,8849,0,13492,0,0,0,0,0,0
2020-05-21,port183,Buenaventura,2,2,1101,5614,0,1101,0,0,0,0,5614,0,0,0
2020-05-22,port183,Buenaventura,3,2,26880,3359,22434,4445,0,0,0,0,3359,0,0,0
2020-05-23,port183,Buenaventura,1,1,5088,0,0,5088,0,0,0,0,0,0,0,0
2020-05-24,port183,Buenaventura,7,3,91493,10328,69741,21751,0,0,0,10328,0,0,0,0
2020-05-25,port183,Buenaventura,4,2,57312,7868,46102,5585,5624,0,0,0,7262,606,0,0
2020-05-26,port183,Buenaventura,3,1,45487,2904,20659,8597,0,16230,0,2904,0,0,0,0
2020-05-27,port183,Buenaventura,3,1,29968,0,0,13841,0,16126,0,0,0,0,0,0
2020-05-28,port183,Buenaventura,3,2,5815,12173,5815,0,0,0,0,0,12173,0,0,0
2020-05-29,port183,Buenaventura,2,1,29280,2904,20659,8620,0,0,0,2904,0,0,0,0
2020-05-30,port183,Buenaventura,4,2,68953,1614,61205,7747,0,0,0,0,1614,0,0,0
2020-05-31,port183,Buenaventura,4,2,19060,27740,0,8109,0,10950,0,27740,0,0,0,0
2020-06-01,port183,Buenaventura,3,2,31836,2779,31836,0,0,0,0,0,2779,0,0,0
2020-06-02,port183,Buenaventura,2,0,5461,0,4439,0,0,0,1021,0,0,0,0,0
2020-06-03,port183,Buenaventura,2,1,6836,0,4374,2462,0,0,0,0,0,0,0,0
2020-06-04,port183,Buenaventura,4,1,61234,19320,61234,0,0,0,0,16478,2841,0,0,0
2020-06-05,port183,Buenaventura,3,2,22939,0,0,8672,0,14267,0,0,0,0,0,0
2020-06-06,port183,Buenaventura,3,2,6678,1614,0,6678,0,0,0,0,1614,0,0,0
2020-06-07,port183,Buenaventura,4,0,70632,0,68315,0,0,2316,0,0,0,0,0,0
2020-06-08,port183,Buenaventura,4,3,17162,9872,0,15032,0,2129,0,0,9872,0,0,0
2020-06-09,port183,Buenaventura,3,1,34620,0,22484,8512,3623,0,0,0,0,0,0,0
2020-06-10,port183,Buenaventura,1,0,15026,0,15026,0,0,0,0,0,0,0,0,0
2020-06-11,port183,Buenaventura,1,1,0,2808,0,0,0,0,0,0,2808,0,0,0
2020-06-12,port183,Buenaventura,0,0,0,0,0,0,0,0,0,0,0,0,0,0
2020-06-13,port183,Buenaventura,2,2,1527,902,0,1527,0,0,0,0,902,0,0,0
2020-06-14,port183,Buenaventura,4,3,45095,0,0,45095,0,0,0,0,0,0,0,0
2020-06-15,port183,Buenaventura,2,1,5585,2702,0,5585,0,0,0,1087,1614,0,0,0
2020-06-16,port183,Buenaventura,1,1,3348,0,0,3348,0,0,0,0,0,0,0,0
2020-06-17,port183,Buenaventura,4,1,27338,19468,13508,13829,0,0,0,19468,0,0,0,0
2020-06-18,port183,Buenaventura,6,2,116005,0,93777,12578,9649,0,0,0,0,0,0,0
2020-06-19,port183,Buenaventura,3,0,8758,35261,0,0,3247,5510,0,34618,0,0,643,0
2020-06-20,port183,Buenaventura,3,2,30499,0,28267,2232,0,0,0,0,0,0,0,0
2020-06-21,port183,Buenaventura,3,3,9541,0,0,9541,0,0,0,0,0,0,0,0
2020-06-22,port183,Buenaventura,3,1,46632,11331,44048,0,0,0,2584,0,11331,0,0,0
2020-06-23,port183,Buenaventura,1,1,6973,0,0,6973,0,0,0,0,0,0,0,0
2020-06-24,port183,Buenaventura,0,0,0,0,0,0,0,0,0,0,0,0,0,0
2020-06-25,port183,Buenaventura,2,1,0,23180,0,0,0,0,0,0,12410,10770,0,0
2020-06-26,port183,Buenaventura,4,3,26945,2783,0,8222,0,18723,0,0,2783,0,0,0
2020-06-27,port183,Buenaventura,0,0,0,0,0,0,0,0,0,0,0,0,0,0
2020-06-28,port183,Buenaventura,2,2,1089,1122,0,1089,0,0,0,0,1122,0,0,0
2020-06-29,port183,Buenaventura,2,1,18506,1614,0,5585,12921,0,0,0,1614,0,0,0
2020-06-30,port183,Buenaventura,2,1,25355,1458,25355,0,0,0,0,0,1458,0,0,0
2020-07-01,port183,Buenaventura,0,0,0,0,0,0,0,0,0,0,0,0,0,0
2020-07-02,port183,Buenaventura,3,1,7222,8286,7222,0,0,0,0,0,8286,0,0,0
2020-07-03,port183,Buenaventura,5,1,71444,0,66053,5391,0,0,0,0,0,0,0,0
2020-07-04,port183,Buenaventura,4,3,14084,0,0,11436,0,0,2647,0,0,0,0,0
2020-07-05,port183,Buenaventura,3,1,26329,2904,20659,3639,0,0,2030,2904,0,0,0,0
2020-07-06,port183,Buenaventura,4,2,8265,7141,0,7278,0,0,986,0,7075,0,0,66
2020-07-07,port183,Buenaventura,2,1,7659,0,0,3317,0,4342,0,0,0,0,0,0
2020-07-08,port183,Buenaventura,1,1,6924,0,0,6924,0,0,0,0,0,0,0,0
2020-07-09,port183,Buenaventura,4,1,8838,0,0,1141,7697,0,0,0,0,0,0,0
2020-07-10,port183,Buenaventura,1,1,6650,0,0,6650,0,0,0,0,0,0,0,0
2020-07-11,port183,Buenaventura,1,0,0,0,0,0,0,0,0,0,0,0,0,0
2020-07-12,port183,Buenaventura,6,5,19275,7582,0,12302,0,6972,0,0,7582,0,0,0
2020-07-13,port183,Buenaventura,2,1,10400,4750,10400,0,0,0,0,0,4750,0,0,0
2020-07-14,port183,Buenaventura,3,2,21319,0,0,21319,0,0,0,0,0,0,0,0
2020-07-15,port183,Buenaventura,1,0,0,0,0,0,0,0,0,0,0,0,0,0
2020-07-16,port183,Buenaventura,4,4,11003,13494,0,11003,0,0,0,0,13494,0,0,0
2020-07-17,port183,Buenaventura,1,1,3604,0,0,3604,0,0,0,0,0,0,0,0
2020-07-18,port183,Buenaventura,3,2,48452,1116,47368,1083,0,0,0,0,1116,0,0,0
2020-07-19,port183,Buenaventura,3,1,12575,0,7494,4309,0,770,0,0,0,0,0,0
2020-07-20,port183,Buenaventura,4,2,28753,9301,20659,7742,0,351,0,2904,6397,0,0,0
2020-07-21,port183,Buenaventura,2,1,40635,0,25153,15481,0,0,0,0,0,0,0,0
2020-07-22,port183,Buenaventura,0,0,0,0,0,0,0,0,0,0,0,0,0,0
2020-07-23,port183,Buenaventura,2,2,0,15203,0,0,0,0,0,0,15203,0,0,0
2020-07-24,port183,Buenaventura,1,1,7576,0,0,7576,0,0,0,0,0,0,0,0
2020-07-25,port183,Buenaventura,0,0,0,0,0,0,0,0,0,0,0,0,0,0
2020-07-26,port183,Buenaventura,4,3,14159,6332,0,13708,450,0,0,0,6332,0,0,0
2020-07-27,port183,Buenaventura,5,3,38317,31977,20659,17657,0,0,0,23791,8185,0,0,0
2020-07-28,port183,Buenaventura,2,1,4857,0,2413,2444,0,0,0,0,0,0,0,0
2020-07-29,port183,Buenaventura,3,1,31594,0,7160,12355,12078,0,0,0,0,0,0,0
2020-07-30,port183,Buenaventura,3,1,4793,585,0,918,0,3875,0,0,0,0,0,585
2020-07-31,port183,Buenaventura,2,2,9930,1614,0,9930,0,0,0,0,1614,0,0,0
2020-08-01,port183,Buenaventura,5,1,24555,0,0,0,16852,7702,0,0,0,0,0,0
2020-08-02,port183,Buenaventura,5,3,87646,1264,80715,6931,0,0,0,0,1264,0,0,0
2020-08-03,port183,Buenaventura,4,2,39451,2844,0,13606,0,25251,593,0,2844,0,0,0
2020-08-04,port183,Buenaventura,4,1,40281,0,31394,8887,0,0,0,0,0,0,0,0
2020-08-05,port183,Buenaventura,2,1,0,6908,0,0,0,0,0,0,5583,1324,0,0
2020-08-06,port183,Buenaventura,2,2,0,19438,0,0,0,0,0,0,19438,0,0,0
2020-08-07,port183,Buenaventura,1,1,10845,0,0,10845,0,0,0,0,0,0,0,0
2020-08-08,port183,Buenaventura,5,3,9794,24346,0,9794,0,0,0,24346,0,0,0,0
2020-08-09,port183,Buenaventura,3,2,13449,5092,0,13449,0,0,0,0,0,0,5092,0
2020-08-10,port183,Buenaventura,3,2,9813,6107,0,9813,0,0,0,0,6107,0,0,0
2020-08-11,port183,Buenaventura,2,1,41455,0,29154,12300,0,0,0,0,0,0,0,0
2020-08-12,port183,Buenaventura,1,0,12820,0,12820,0,0,0,0,0,0,0,0,0
2020-08-13,port183,Buenaventura,5,4,23766,28749,0,23766,0,0,0,27134,1614,0,0,0
2020-08-14,port183,Buenaventura,2,1,36374,0,32776,3597,0,0,0,0,0,0,0,0
2020-08-15,port183,Buenaventura,3,1,35317,2904,34201,1116,0,0,0,2904,0,0,0,0
2020-08-16,port183,Buenaventura,3,2,11750,30865,0,11750,0,0,0,30865,0,0,0,0
2020-08-17,port183,Buenaventura,1,1,5585,1614,0,5585,0,0,0,0,1614,0,0,0
2020-08-18,port183,Buenaventura,2,2,17907,0,0,17907,0,0,0,0,0,0,0,0
2020-08-19,port183,Buenaventura,0,0,0,0,0,0,0,0,0,0,0,0,0,0
2020-08-20,port183,Buenaventura,2,2,0,25522,0,0,0,0,0,0,25522,0,0,0
2020-08-21,port183,Buenaventura,2,1,26238,0,25337,900,0,0,0,0,0,0,0,0
2020-08-22,port183,Buenaventura,5,2,102228,1614,79070,22536,0,621,0,0,1614,0,0,0
2020-08-23,port183,Buenaventura,3,2,18820,0,0,18820,0,0,0,0,0,0,0,0
2020-08-24,port183,Buenaventura,6,2,82313,13055,66096,5585,10631,0,0,0,12497,0,0,558
2020-08-25,port183,Buenaventura,3,1,26449,0,14613,9712,2123,0,0,0,0,0,0,0
2020-08-26,port183,Buenaventura,0,0,0,0,0,0,0,0,0,0,0,0,0,0
2020-08-27,port183,Buenaventura,2,2,6975,1614,0,6975,0,0,0,0,1614,0,0,0
2020-08-28,port183,Buenaventura,1,0,2281,0,0,0,0,0,2281,0,0,0,0,0
2020-08-29,port183,Buenaventura,2,1,21589,0,11512,10077,0,0,0,0,0,0,0,0
2020-08-30,port183,Buenaventura,4,3,11170,6472,0,11170,0,0,0,0,6472,0,0,0
2020-08-31,port183,Buenaventura,4,1,105246,7652,105246,0,0,0,0,2904,4747,0,0,0
2020-09-01,port183,Buenaventura,5,2,42791,6790,16865,21162,4763,0,0,0,0,6790,0,0
2020-09-02,port183,Buenaventura,2,1,2483,0,0,2483,0,0,0,0,0,0,0,0
2020-09-03,port183,Buenaventura,3,2,3408,14875,3408,0,0,0,0,0,14875,0,0,0
2020-09-04,port183,Buenaventura,2,0,55083,0,55083,0,0,0,0,0,0,0,0,0
2020-09-05,port183,Buenaventura,3,1,48475,1614,40676,5585,0,0,2214,0,1614,0,0,0
2020-09-06,port183,Buenaventura,4,3,6585,0,0,6073,0,0,511,0,0,0,0,0
2020-09-07,port183,Buenaventura,1,1,0,2039,0,0,0,0,0,0,2039,0,0,0
2020-09-08,port183,Buenaventura,0,0,0,0,0,0,0,0,0,0,0,0,0,0
2020-09-09,port183,Buenaventura,1,0,6338,0,6338,0,0,0,0,0,0,0,0,0
2020-09-10,port183,Buenaventura,2,2,2188,10859,0,2188,0,0,0,0,10859,0,0,0
2020-09-11,port183,Buenaventura,4,2,30989,2908,10235,20754,0,0,0,1294,1614,0,0,0
2020-09-12,port183,Buenaventura,4,2,31695,54339,4024,27671,0,0,0,54339,0,0,0,0
2020-09-13,port183,Buenaventura,4,3,16012,643,0,10501,0,5510,0,0,0,0,643,0
2020-09-14,port183,Buenaventura,5,2,23669,36056,18084,5585,0,0,0,28367,7688,0,0,0
2020-09-15,port183,Buenaventura,2,1,34213,1614,28628,5585,0,0,0,0,1614,0,0,0
2020-09-16,port183,Buenaventura,2,0,4619,0,0,0,3599,0,1020,0,0,0,0,0
2020-09-17,port183,Buenaventura,6,3,88085,3371,58046,24528,0,5510,0,0,2728,0,643,0
2020-09-18,port183,Buenaventura,2,0,53203,2904,53203,0,0,0,0,2904,0,0,0,0
2020-09-19,port183,Buenaventura,2,2,14419,1614,0,14419,0,0,0,0,1614,0,0,0
2020-09-20,port183,Buenaventura,4,1,29030,29239,23445,5585,0,0,0,27187,1614,437,0,0
2020-09-21,port183,Buenaventura,5,4,17558,14778,0,17558,0,0,0,0,14778,0,0,0
2020-09-22,port183,Buenaventura,3,2,7699,0,0,7699,0,0,0,0,0,0,0,0
2020-09-23,port183,Buenaventura,2,1,43145,0,23212,19933,0,0,0,0,0,0,0,0
2020-09-24,port183,Buenaventura,1,1,0,14157,0,0,0,0,0,0,14157,0,0,0
2020-09-25,port183,Buenaventura,1,0,19389,0,19389,0,0,0,0,0,0,0,0,0
2020-09-26,port183,Buenaventura,0,0,0,0,0,0,0,0,0,0,0,0,0,0
2020-09-27,port183,Buenaventura,4,3,14214,10529,0,11807,0,2406,0,0,10529,0,0,0
2020-09-28,port183,Buenaventura,4,1,19468,26233,0,868,0,18599,0,26233,0,0,0,0
2020-09-29,port183,Buenaventura,4,2,56986,954,43818,13167,0,0,0,0,954,0,0,0
2020-09-30,port183,Buenaventura,5,1,97778,0,79471,3625,14681,0,0,0,0,0,0,0
2020-10-01,port183,Buenaventura,2,1,986,9614,0,0,0,0,986,0,9547,0,0,66
2020-10-02,port183,Buenaventura,4,1,61791,1614,56206,5585,0,0,0,0,1614,0,0,0
2020-10-03,port183,Buenaventura,2,2,5513,1078,0,5513,0,0,0,0,1078,0,0,0
2020-10-04,port183,Buenaventura,5,4,66250,3228,25467,40782,0,0,0,0,3228,0,0,0
2020-10-05,port183,Buenaventura,4,4,46946,8066,0,46946,0,0,0,0,8066,0,0,0
2020-10-06,port183,Buenaventura,2,2,0,7376,0,0,0,0,0,0,7376,0,0,0
2020-10-07,port183,Buenaventura,1,0,1687,0,0,0,0,0,1687,0,0,0,0,0
2020-10-08,port183,Buenaventura,3,0,38414,56105,38414,0,0,0,0,56105,0,0,0,0
2020-10-09,port183,Buenaventura,2,0,45647,66,44661,0,0,0,986,0,0,0,0,66
2020-10-10,port183,Buenaventura,4,2,20324,3919,0,13295,1519,5510,0,0,3276,0,643,0
2020-10-11,port183,Buenaventura,4,2,11095,2257,0,5585,0,5510,0,0,1614,0,643,0
2020-10-12,port183,Buenaventura,2,2,11022,10825,0,11022,0,0,0,0,10825,0,0,0
2020-10-13,port183,Buenaventura,7,5,25889,331,0,24010,0,1285,593,0,331,0,0,0
2020-10-14,port183,Buenaventura,2,1,19327,643,0,13816,0,5510,0,0,0,0,643,0
2020-10-15,port183,Buenaventura,4,3,7198,14386,6294,904,0,0,0,0,14386,0,0,0
2020-10-16,port183,Buenaventura,2,0,4029,0,4029,0,0,0,0,0,0,0,0,0
2020-10-17,port183,Buenaventura,2,2,10172,0,0,10172,0,0,0,0,0,0,0,0
2020-10-18,port183,Buenaventura,4,2,13986,5099,7711,6274,0,0,0,0,5099,0,0,0
2020-10-19,port183,Buenaventura,3,3,13171,5436,0,13171,0,0,0,0,5436,0,0,0
2020-10-20,port183,Buenaventura,3,1,43694,1614,23715,5585,0,14394,0,0,1614,0,0,0
2020-10-21,port183,Buenaventura,2,0,2444,0,1934,0,0,0,510,0,0,0,0,0
2020-10-22,port183,Buenaventura,1,0,59084,0,59084,0,0,0,0,0,0,0,0,0
2020-10-23,port183,Buenaventura,2,2,15450,2742,0,15450,0,0,0,0,2742,0,0,0
2020-10-24,port183,Buenaventura,2,2,10986,1614,0,10986,0,0,0,0,1614,0,0,0
2020-10-25,port183,Buenaventura,4,3,12836,1614,0,8073,4763,0,0,0,1614,0,0,0
2020-10-26,port183,Buenaventura,2,1,5186,13530,5186,0,0,0,0,0,13530,0,0,0
2020-10-27,port183,Buenaventura,4,3,12628,2249,0,9759,0,2868,0,0,2249,0,0,0
2020-10-28,port183,Buenaventura,1,0,6314,0,0,0,6314,0,0,0,0,0,0,0
2020-10-29,port183,Buenaventura,7,3,51628,31966,30592,14226,0,6809,0,0,9719,1305,20941,0
2020-10-30,port183,Buenaventura,5,1,84360,18147,84360,0,0,0,0,12727,5420,0,0,0
2020-10-31,port183,Buenaventura,2,1,37678,1614,32093,5585,0,0,0,0,1614,0,0,0
2020-11-01,port183,Buenaventura,3,2,2499,22135,0,2499,0,0,0,8880,13254,0,0,0
2020-11-02,port183,Buenaventura,3,3,14838,10198,0,14838,0,0,0,0,10198,0,0,0
2020-11-03,port183,Buenaventura,3,1,49505,0,29173,17458,0,2873,0,0,0,0,0,0
2020-11-04,port183,Buenaventura,4,2,72706,1323,64538,8168,0,0,0,0,1323,0,0,0
2020-11-05,port183,Buenaventura,4,2,24717,8395,0,3241,0,18618,2857,0,8395,0,0,0
2020-11-06,port183,Buenaventura,4,2,42506,208,33104,9402,0,0,0,0,0,208,0,0
2020-11-07,port183,Buenaventura,1,1,0,1865,0,0,0,0,0,0,1865,0,0,0
2020-11-08,port183,Buenaventura,4,2,17358,643,0,10602,0,6756,0,0,0,0,643,0
2020-11-09,port183,Buenaventura,3,2,8242,11267,0,8242,0,0,0,0,8069,0,0,3198
2020-11-10,port183,Buenaventura,2,2,18356,2553,0,18356,0,0,0,0,2553,0,0,0
2020-11-11,port183,Buenaventura,1,1,2478,0,0,2478,0,0,0,0,0,0,0,0
2020-11-12,port183,Buenaventura,2,2,4403,0,0,4403,0,0,0,0,0,0,0,0
2020-11-13,port183,Buenaventura,0,0,0,0,0,0,0,0,0,0,0,0,0,0
2020-11-14,port183,Buenaventura,2,2,1150,13090,0,1150,0,0,0,0,13090,0,0,0
2020-11-15,port183,Buenaventura,5,4,35471,2362,14741,20730,0,0,0,0,2362,0,0,0
2020-11-16,port183,Buenaventura,4,2,23005,6719,583,16796,5624,0,0,0,6113,606,0,0
2020-11-17,port183,Buenaventura,2,0,1963,0,1452,0,0,0,510,0,0,0,0,0
2020-11-18,port183,Buenaventura,3,2,34601,5649,34601,0,0,0,0,0,5649,0,0,0
2020-11-19,port183,Buenaventura,4,3,72222,9194,58562,13659,0,0,0,0,9194,0,0,0
2020-11-20,port183,Buenaventura,1,0,7790,0,0,0,7790,0,0,0,0,0,0,0
2020-11-21,port183,Buenaventura,4,2,91379,2904,73277,18102,0,0,0,2904,0,0,0,0
2020-11-22,port183,Buenaventura,3,3,11995,2840,0,11995,0,0,0,0,2840,0,0,0
2020-11-23,port183,Buenaventura,2,1,5212,12165,5212,0,0,0,0,0,12165,0,0,0
2020-11-24,port183,Buenaventura,4,1,50872,1982,33533,0,16938,401,0,0,1982,0,0,0
2020-11-25,port183,Buenaventura,2,2,21893,0,0,21893,0,0,0,0,0,0,0,0
2020-11-26,port183,Buenaventura,3,2,8377,1614,0,7867,0,0,510,0,1614,0,0,0
2020-11-27,port183,Buenaventura,1,1,25557,0,0,25557,0,0,0,0,0,0,0,0
2020-11-28,port183,Buenaventura,4,2,56031,3323,50439,5592,0,0,0,0,3323,0,0,0
2020-11-29,port183,Buenaventura,4,2,3960,32590,2881,1078,0,0,0,31313,1277,0,0,0
2020-11-30,port183,Buenaventura,4,2,27737,8753,0,16479,5624,5633,0,0,8147,606,0,0
2020-12-01,port183,Buenaventura,2,0,39225,2904,20659,0,0,18566,0,2904,0,0,0,0
2020-12-02,port183,Buenaventura,3,2,56631,1103,54150,2480,0,0,0,0,1103,0,0,0
2020-12-03,port183,Buenaventura,3,1,12461,10171,12461,0,0,0,0,0,10171,0,0,0
2020-12-04,port183,Buenaventura,2,0,35669,0,35669,0,0,0,0,0,0,0,0,0
2020-12-05,port183,Buenaventura,3,3,14181,0,0,14181,0,0,0,0,0,0,0,0
2020-12-06,port183,Buenaventura,4,2,27383,0,0,22911,4472,0,0,0,0,0,0,0
2020-12-07,port183,Buenaventura,4,2,40434,12212,33307,7127,0,0,0,0,12212,0,0,0
2020-12-08,port183,Buenaventura,3,2,26919,0,0,25704,1214,0,0,0,0,0,0,0
2020-12-09,port183,Buenaventura,3,2,21876,1614,0,11134,0,10741,0,0,1614,0,0,0
2020-12-10,port183,Buenaventura,3,2,5728,10909,1166,4562,0,0,0,0,10909,0,0,0
2020-12-11,port183,Buenaventura,2,0,20784,0,14897,0,0,5887,0,0,0,0,0,0
2020-12-12,port183,Buenaventura,4,2,65253,0,57457,7796,0,0,0,0,0,0,0,0
2020-12-13,port183,Buenaventura,4,2,42631,1614,21385,21246,0,0,0,0,1614,0,0,0
2020-12-14,port183,Buenaventura,3,2,15370,4057,0,11633,3737,0,0,0,4057,0,0,0
2020-12-15,port183,Buenaventura,0,0,0,0,0,0,0,0,0,0,0,0,0,0
2020-12-16,port183,Buenaventura,5,3,19576,20036,0,5585,0,13478,512,0,20036,0,0,0
2020-12-17,port183,Buenaventura,5,3,33831,14683,13236,19609,0,0,986,0,14616,0,0,66
2020-12-18,port183,Buenaventura,0,0,0,0,0,0,0,0,0,0,0,0,0,0
2020-12-19,port183,Buenaventura,6,3,21253,9399,0,4067,0,17185,0,0,4926,4472,0,0
2020-12-20,port183,Buenaventura,2,1,36138,0,33989,2148,0,0,0,0,0,0,0,0
2020-12-21,port183,Buenaventura,4,1,4458,9508,3402,0,0,1056,0,0,9508,0,0,0
2020-12-22,port183,Buenaventura,4,2,41621,0,24819,16801,0,0,0,0,0,0,0,0
2020-12-23,port183,Buenaventura,4,2,38172,0,25663,9168,0,0,3339,0,0,0,0,0
2020-12-24,port183,Buenaventura,3,3,15864,21095,0,15864,0,0,0,0,21095,0,0,0
2020-12-25,port183,Buenaventura,0,0,0,0,0,0,0,0,0,0,0,0,0,0
2020-12-26,port183,Buenaventura,6,2,61625,17809,48500,3314,9810,0,0,15633,2175,0,0,0
2020-12-27,port183,Buenaventura,3,2,25177,1614,0,20993,4184,0,0,0,1614,0,0,0
2020-12-28,port183,Buenaventura,6,1,21649,9675,21649,0,0,0,0,4901,4773,0,0,0
2020-12-29,port183,Buenaventura,2,1,22838,0,10423,12414,0,0,0,0,0,0,0,0
2020-12-30,port183,Buenaventura,3,2,5647,12070,0,5647,0,0,0,0,2798,0,9272,0
2020-12-31,port183,Buenaventura,2,1,0,1537,0,0,0,0,0,0,1084,0,453,0
2021-01-01,port183,Buenaventura,3,1,22621,1083,21407,1213,0,0,0,0,0,0,1083,0
2021-01-02,port183,Buenaventura,4,3,53367,3228,33127,20240,0,0,0,0,3228,0,0,0
2021-01-03,port183,Buenaventura,2,1,19007,0,14674,4333,0,0,0,0,0,0,0,0
2021-01-04,port183,Buenaventura,2,2,5585,4304,0,5585,0,0,0,0,4304,0,0,0
2021-01-05,port183,Buenaventura,2,1,52452,2967,52452,0,0,0,0,0,2967,0,0,0
2021-01-06,port183,Buenaventura,2,0,30942,2904,30942,0,0,0,0,2904,0,0,0,0
2021-01-07,port183,Buenaventura,2,2,5585,2531,0,5585,0,0,0,0,2531,0,0,0
2021-01-08,port183,Buenaventura,4,1,17619,28972,11893,4945,0,780,0,28972,0,0,0,0
2021-01-09,port183,Buenaventura,2,1,52747,0,29209,23538,0,0,0,0,0,0,0,0
2021-01-10,port183,Buenaventura,4,3,15793,36160,0,15793,0,0,0,30341,5819,0,0,0
2021-01-11,port183,Buenaventura,5,3,104201,2035,83216,20984,0,0,0,0,2035,0,0,0
2021-01-12,port183,Buenaventura,4,2,8031,1614,0,5903,0,2127,0,0,1614,0,0,0
2021-01-13,port183,Buenaventura,1,0,0,0,0,0,0,0,0,0,0,0,0,0
2021-01-14,port183,Buenaventura,4,1,65743,17808,65743,0,0,0,0,0,17808,0,0,0
2021-01-15,port183,Buenaventura,2,0,4472,0,0,0,4472,0,0,0,0,0,0,0
2021-01-16,port183,Buenaventura,0,0,0,0,0,0,0,0,0,0,0,0,0,0
2021-01-17,port183,Buenaventura,6,3,66053,2168,51845,8823,4998,386,0,0,2168,0,0,0
2021-01-18,port183,Buenaventura,3,3,11248,11304,0,11248,0,0,0,0,11304,0,0,0
2021-01-19,port183,Buenaventura,3,0,30328,0,30328,0,0,0,0,0,0,0,0,0
2021-01-20,port183,Buenaventura,0,0,0,0,0,0,0,0,0,0,0,0,0,0
2021-01-21,port183,Buenaventura,3,2,3633,8894,0,0,3633,0,0,0,8894,0,0,0
2021-01-22,port183,Buenaventura,1,1,5585,1614,0,5585,0,0,0,0,1614,0,0,0
2021-01-23,port183,Buenaventura,3,2,63227,1614,41360,21867,0,0,0,0,1614,0,0,0
2021-01-24,port183,Buenaventura,6,3,83616,0,31950,51306,0,358,0,0,0,0,0,0
2021-01-25,port183,Buenaventura,2,2,0,13859,0,0,0,0,0,0,13859,0,0,0
2021-01-26,port183,Buenaventura,2,1,13687,0,0,13687,0,0,0,0,0,0,0,0
2021-01-27,port183,Buenaventura,4,3,32326,1321,0,32326,0,0,0,0,1321,0,0,0
2021-01-28,port183,Buenaventura,1,0,50980,0,50980,0,0,0,0,0,0,0,0,0
2021-01-29,port183,Buenaventura,3,0,3377,0,0,0,0,0,3377,0,0,0,0,0
2021-01-30,port183,Buenaventura,7,3,52632,2566,13004,35955,3058,613,0,0,2566,0,0,0
2021-01-31,port183,Buenaventura,5,2,66891,56216,49757,17134,0,0,0,56216,0,0,0,0
2021-02-01,port183,Buenaventura,4,2,74299,4267,72753,1545,0,0,0,2904,1362,0,0,0
2021-02-02,port183,Buenaventura,2,2,0,11953,0,0,0,0,0,0,11953,0,0,0
2021-02-03,port183,Buenaventura,3,2,43427,1614,34835,8591,0,0,0,0,1614,0,0,0
2021-02-04,port183,Buenaventura,4,2,21188,8834,21188,0,0,0,0,2904,5929,0,0,0
2021-02-05,port183,Buenaventura,3,1,1367,4086,0,0,1367,0,0,0,4086,0,0,0
2021-02-06,port183,Buenaventura,2,2,11124,1614,0,11124,0,0,0,0,1614,0,0,0
2021-02-07,port183,Buenaventura,6,3,40406,2563,17243,18851,0,1829,2481,0,2563,0,0,0
2021-02-08,port183,Buenaventura,5,2,38700,14274,21680,0,1208,15811,0,0,14274,0,0,0
2021-02-09,port183,Buenaventura,2,1,46711,0,30232,16479,0,0,0,0,0,0,0,0
2021-02-10,port183,Buenaventura,4,3,32173,1614,21197,10976,0,0,0,0,1614,0,0,0
2021-02-11,port183,Buenaventura,2,1,12765,4474,12765,0,0,0,0,0,4474,0,0,0
2021-02-12,port183,Buenaventura,3,0,27501,0,15208,0,12293,0,0,0,0,0,0,0
2021-02-13,port183,Buenaventura,3,1,8658,13134,0,0,7533,0,1124,0,13134,0,0,0
2021-02-14,port183,Buenaventura,5,3,33365,0,11969,21396,0,0,0,0,0,0,0,0
2021-02-15,port183,Buenaventura,5,2,31417,17422,20659,10758,0,0,0,2904,4756,9760,0,0
2021-02-16,port183,Buenaventura,3,2,5585,2576,0,5585,0,0,0,0,2576,0,0,0
2021-02-17,port183,Buenaventura,0,0,0,0,0,0,0,0,0,0,0,0,0,0
2021-02-18,port183,Buenaventura,5,3,65590,13938,59530,6060,0,0,0,2904,11034,0,0,0
2021-02-19,port183,Buenaventura,1,1,11334,0,0,11334,0,0,0,0,0,0,0,0
2021-02-20,port183,Buenaventura,3,1,36472,75626,0,18415,0,18056,0,75626,0,0,0,0
2021-02-21,port183,Buenaventura,4,2,23327,498,0,16078,2572,4676,0,0,0,0,498,0
2021-02-22,port183,Buenaventura,2,1,12202,674,12202,0,0,0,0,0,674,0,0,0
2021-02-23,port183,Buenaventura,3,3,42788,1614,0,42788,0,0,0,0,1614,0,0,0
2021-02-24,port183,Buenaventura,1,1,10311,0,0,10311,0,0,0,0,0,0,0,0
2021-02-25,port183,Buenaventura,4,3,7996,8766,0,7996,0,0,0,0,8766,0,0,0
2021-02-26,port183,Buenaventura,1,0,2044,0,0,0,0,0,2044,0,0,0,0,0
2021-02-27,port183,Buenaventura,4,2,33995,0,22766,11109,0,119,0,0,0,0,0,0
2021-02-28,port183,Buenaventura,4,2,49656,0,43419,6236,0,0,0,0,0,0,0,0
2021-03-01,port183,Buenaventura,3,1,30314,1614,24728,5585,0,0,0,0,1614,0,0,0
2021-03-02,port183,Buenaventura,5,2,26262,70896,23179,3082,0,0,0,55309,15586,0,0,0
2021-03-03,port183,Buenaventura,5,2,55068,0,11251,35279,8536,0,0,0,0,0,0,0
2021-03-04,port183,Buenaventura,5,1,86539,0,69726,1224,0,15588,0,0,0,0,0,0
2021-03-05,port183,Buenaventura,1,0,49544,0,49544,0,0,0,0,0,0,0,0,0
2021-03-06,port183,Buenaventura,5,2,68954,0,22344,20143,14779,11687,0,0,0,0,0,0
2021-03-07,port183,Buenaventura,2,1,23495,0,22425,1070,0,0,0,0,0,0,0,0
2021-03-08,port183,Buenaventura,4,2,56579,8435,50620,5585,0,0,373,0,8435,0,0,0
2021-03-09,port183,Buenaventura,3,1,16873,0,6377,7774,2721,0,0,0,0,0,0,0
2021-03-10,port183,Buenaventura,3,3,19062,1266,0,19062,0,0,0,0,1266,0,0,0
2021-03-11,port183,Buenaventura,4,2,5585,8922,0,5585,0,0,0,0,8007,0,915,0
2021-03-12,port183,Buenaventura,2,1,9443,0,483,8960,0,0,0,0,0,0,0,0
2021-03-13,port183,Buenaventura,3,2,27429,18828,26151,1277,0,0,0,0,18828,0,0,0
2021-03-14,port183,Buenaventura,2,1,5007,0,0,5007,0,0,0,0,0,0,0,0
2021-03-15,port183,Buenaventura,3,2,31939,6660,31939,0,0,0,0,0,6660,0,0,0
2021-03-16,port183,Buenaventura,4,3,4633,0,0,4633,0,0,0,0,0,0,0,0
2021-03-17,port183,Buenaventura,4,2,68439,1045,66233,2206,0,0,0,406,639,0,0,0
2021-03-18,port183,Buenaventura,3,3,3040,7616,0,3040,0,0,0,0,7616,0,0,0
2021-03-19,port183,Buenaventura,0,0,0,0,0,0,0,0,0,0,0,0,0,0
2021-03-20,port183,Buenaventura,4,3,23581,24288,6750,16830,0,0,0,0,24288,0,0,0
2021-03-21,port183,Buenaventura,5,2,66652,483,49757,14176,2718,0,0,483,0,0,0,0
2021-03-22,port183,Buenaventura,1,1,681,0,0,681,0,0,0,0,0,0,0,0
2021-03-23,port183,Buenaventura,3,2,23043,2146,0,23043,0,0,0,532,1614,0,0,0
2021-03-24,port183,Buenaventura,4,3,24305,13565,18000,6305,0,0,0,0,13565,0,0,0
2021-03-25,port183,Buenaventura,0,0,0,0,0,0,0,0,0,0,0,0,0,0
2021-03-26,port183,Buenaventura,2,0,20786,0,16045,0,4740,0,0,0,0,0,0,0
2021-03-27,port183,Buenaventura,8,3,68320,16452,55106,10851,0,0,2363,2904,13547,0,0,0
2021-03-28,port183,Buenaventura,2,2,11170,3228,0,11170,0,0,0,0,3228,0,0,0
2021-03-29,port183,Buenaventura,2,2,5511,8179,0,5511,0,0,0,0,8179,0,0,0
2021-03-30,port183,Buenaventura,4,1,78526,0,73124,5402,0,0,0,0,0,0,0,0
2021-03-31,port183,Buenaventura,6,3,31113,1614,15154,14677,0,769,511,0,1614,0,0,0
2021-04-01,port183,Buenaventura,2,1,45053,0,0,29748,15305,0,0,0,0,0,0,0
2021-04-02,port183,Buenaventura,4,0,76866,0,60278,0,0,13310,3277,0,0,0,0,0
2021-04-03,port183,Buenaventura,5,2,113669,8415,109198,4470,0,0,0,2904,5510,0,0,0
2021-04-04,port183,Buenaventura,2,2,11261,3217,0,11261,0,0,0,0,3217,0,0,0
2021-04-05,port183,Buenaventura,1,1,0,4088,0,0,0,0,0,0,4088,0,0,0
2021-04-06,port183,Buenaventura,5,3,49049,17087,24905,22382,0,0,1761,0,17087,0,0,0
2021-04-07,port183,Buenaventura,2,1,2423,315,0,0,2423,0,0,0,315,0,0,0
2021-04-08,port183,Buenaventura,3,2,80525,0,52636,27889,0,0,0,0,0,0,0,0
2021-04-09,port183,Buenaventura,0,0,0,0,0,0,0,0,0,0,0,0,0,0
2021-04-10,port183,Buenaventura,6,4,37715,6570,20035,17618,0,62,0,0,6570,0,0,0
2021-04-11,port183,Buenaventura,3,1,4342,4408,0,3832,0,0,510,0,0,0,0,4408
2021-04-12,port183,Buenaventura,3,1,68197,7460,49764,0,0,18433,0,0,7460,0,0,0
2021-04-13,port183,Buenaventura,8,3,137200,0,108209,25420,3570,0,0,0,0,0,0,0
2021-04-14,port183,Buenaventura,6,3,54444,1930,34146,20298,0,0,0,0,1930,0,0,0
2021-04-15,port183,Buenaventura,0,0,0,0,0,0,0,0,0,0,0,0,0,0
2021-04-16,port183,Buenaventura,2,2,14786,0,0,14786,0,0,0,0,0,0,0,0
2021-04-17,port183,Buenaventura,3,2,32641,1614,24832,7809,0,0,0,0,1614,0,0,0
2021-04-18,port183,Buenaventura,3,1,64634,1372,64634,0,0,0,0,0,1372,0,0,0
2021-04-19,port183,Buenaventura,5,2,14400,16684,1639,5426,0,7334,0,0,16040,0,643,0
2021-04-20,port183,Buenaventura,5,3,27666,1614,3889,21357,2419,0,0,0,1614,0,0,0
2021-04-21,port183,Buenaventura,1,0,13134,0,13134,0,0,0,0,0,0,0,0,0
2021-04-22,port183,Buenaventura,2,2,10954,1434,0,10954,0,0,0,0,1434,0,0,0
2021-04-23,port183,Buenaventura,2,2,6904,12825,0,6904,0,0,0,0,12825,0,0,0
2021-04-24,port183,Buenaventura,5,2,80371,8335,58181,22189,0,0,0,2904,5430,0,0,0
2021-04-25,port183,Buenaventura,2,1,18420,1614,12834,5585,0,0,0,0,1614,0,0,0
2021-04-26,port183,Buenaventura,3,3,14612,2733,0,14612,0,0,0,0,2733,0,0,0
2021-04-27,port183,Buenaventura,1,0,1401,0,0,0,0,1401,0,0,0,0,0,0
2021-04-28,port183,Buenaventura,2,1,9108,1953,0,9108,0,0,0,1953,0,0,0,0
2021-04-29,port183,Buenaventura,1,1,9915,0,0,9915,0,0,0,0,0,0,0,0
2021-04-30,port183,Buenaventura,3,2,2807,10921,0,2807,0,0,0,0,10921,0,0,0
2021-05-01,port183,Buenaventura,4,2,54535,1614,37033,17502,0,0,0,0,1614,0,0,0
2021-05-02,port183,Buenaventura,2,2,38560,0,0,38560,0,0,0,0,0,0,0,0
2021-05-03,port183,Buenaventura,5,2,40746,7277,35518,0,0,5227,0,0,7277,0,0,0
2021-05-04,port183,Buenaventura,3,2,17447,59503,0,17447,0,0,0,59503,0,0,0,0
2021-05-05,port183,Buenaventura,5,2,77618,51090,49757,23610,4250,0,0,51090,0,0,0,0
2021-05-06,port183,Buenaventura,3,2,26438,11450,0,24582,0,0,1855,0,11450,0,0,0
2021-05-07,port183,Buenaventura,2,1,14558,7644,14558,0,0,0,0,0,7644,0,0,0
2021-05-08,port183,Buenaventura,2,1,12415,66,0,11428,0,0,986,0,0,0,0,66
2021-05-09,port183,Buenaventura,2,1,0,8116,0,0,0,0,0,0,8116,0,0,0
2021-05-10,port183,Buenaventura,4,2,13837,53350,445,13391,0,0,0,51985,1364,0,0,0
2021-05-11,port183,Buenaventura,2,1,9816,0,0,9816,0,0,0,0,0,0,0,0
2021-05-12,port183,Buenaventura,5,3,46061,956,11137,33186,0,1736,0,0,956,0,0,0
2021-05-13,port183,Buenaventura,2,2,15340,29262,0,15340,0,0,0,0,29262,0,0,0
2021-05-14,port183,Buenaventura,4,1,58333,0,44886,10909,0,2537,0,0,0,0,0,0
2021-05-15,port183,Buenaventura,4,2,18028,1281,0,15459,2569,0,0,0,1281,0,0,0
2021-05-16,port183,Buenaventura,0,0,0,0,0,0,0,0,0,0,0,0,0,0
2021-05-17,port183,Buenaventura,3,2,38958,4763,0,20711,0,18247,0,0,4763,0,0,0
2021-05-18,port183,Buenaventura,3,1,27946,0,27946,0,0,0,0,0,0,0,0,0
2021-05-19,port183,Buenaventura,0,0,0,0,0,0,0,0,0,0,0,0,0,0
2021-05-20,port183,Buenaventura,2,1,13078,0,0,9693,0,3385,0,0,0,0,0,0
2021-05-21,port183,Buenaventura,3,2,11179,0,1441,9738,0,0,0,0,0,0,0,0
2021-05-22,port183,Buenaventura,3,2,39685,2904,20659,19026,0,0,0,2904,0,0,0,0
2021-05-23,port183,Buenaventura,2,1,1275,35775,0,1275,0,0,0,35775,0,0,0,0
2021-05-24,port183,Buenaventura,2,2,2156,4769,0,2156,0,0,0,0,4769,0,0,0
2021-05-25,port183,Buenaventura,4,1,13497,0,1470,8935,0,3091,0,0,0,0,0,0
2021-05-26,port183,Buenaventura,2,1,47148,0,34710,12437,0,0,0,0,0,0,0,0
2021-05-27,port183,Buenaventura,1,1,4887,0,0,4887,0,0,0,0,0,0,0,0
2021-05-28,port183,Buenaventura,0,0,0,0,0,0,0,0,0,0,0,0,0,0
2021-05-29,port183,Buenaventura,3,2,10466,1614,0,10466,0,0,0,0,1614,0,0,0
2021-05-30,port183,Buenaventura,0,0,0,0,0,0,0,0,0,0,0,0,0,0
2021-05-31,port183,Buenaventura,4,3,13920,8161,0,11573,2347,0,0,0,8161,0,0,0
2021-06-01,port183,Buenaventura,2,0,35829,0,35829,0,0,0,0,0,0,0,0,0
2021-06-02,port183,Buenaventura,2,0,14420,0,14420,0,0,0,0,0,0,0,0,0
2021-06-03,port183,Buenaventura,2,0,14378,0,14378,0,0,0,0,0,0,0,0,0
2021-06-04,port183,Buenaventura,1,0,41861,0,41861,0,0,0,0,0,0,0,0,0
2021-06-05,port183,Buenaventura,1,0,6636,0,6636,0,0,0,0,0,0,0,0,0
2021-06-06,port183,Buenaventura,0,0,0,0,0,0,0,0,0,0,0,0,0,0
2021-06-07,port183,Buenaventura,3,2,9904,5386,0,4394,0,5510,0,0,4743,0,643,0
2021-06-08,port183,Buenaventura,2,1,8657,1614,0,5585,0,3072,0,0,1614,0,0,0
2021-06-09,port183,Buenaventura,0,0,0,0,0,0,0,0,0,0,0,0,0,0
2021-06-10,port183,Buenaventura,5,0,22657,0,22657,0,0,0,0,0,0,0,0,0
2021-06-11,port183,Buenaventura,2,1,4692,0,0,2200,0,2491,0,0,0,0,0,0
2021-06-12,port183,Buenaventura,2,0,3987,0,0,0,3987,0,0,0,0,0,0,0
2021-06-13,port183,Buenaventura,2,0,2042,66,0,0,0,1056,986,0,0,0,0,66
2021-06-14,port183,Buenaventura,2,2,2169,4056,0,2169,0,0,0,0,4056,0,0,0
2021-06-15,port183,Buenaventura,3,2,11768,6589,0,11768,0,0,0,4974,1614,0,0,0
2021-06-16,port183,Buenaventura,1,1,14038,0,0,14038,0,0,0,0,0,0,0,0
2021-06-17,port183,Buenaventura,4,2,34807,0,20277,3420,0,11109,0,0,0,0,0,0
2021-06-18,port183,Buenaventura,4,0,173700,0,173700,0,0,0,0,0,0,0,0,0
2021-06-19,port183,Buenaventura,2,0,20089,0,0,0,17450,0,2638,0,0,0,0,0
2021-06-20,port183,Buenaventura,2,1,58547,0,25640,32906,0,0,0,0,0,0,0,0
2021-06-21,port183,Buenaventura,4,3,63581,2719,9313,54268,0,0,0,0,2719,0,0,0
2021-06-22,port183,Buenaventura,1,1,8048,0,0,8048,0,0,0,0,0,0,0,0
2021-06-23,port183,Buenaventura,6,2,84536,3666,72904,10476,0,1155,0,0,0,3666,0,0
2021-06-24,port183,Buenaventura,3,1,6696,0,1929,1399,0,3367,0,0,0,0,0,0
2021-06-25,port183,Buenaventura,3,2,62806,1086,51188,11617,0,0,0,0,1086,0,0,0
2021-06-26,port183,Buenaventura,1,0,0,0,0,0,0,0,0,0,0,0,0,0
2021-06-27,port183,Buenaventura,2,2,9749,3842,0,9749,0,0,0,0,3842,0,0,0
2021-06-28,port183,Buenaventura,3,2,5585,13112,0,5585,0,0,0,0,13112,0,0,0
2021-06-29,port183,Buenaventura,1,1,0,0,0,0,0,0,0,0,0,0,0,0
2021-06-30,port183,Buenaventura,3,2,12985,0,0,11496,0,0,1489,0,0,0,0,0
2021-07-01,port183,Buenaventura,1,0,388,0,0,0,0,388,0,0,0,0,0,0
2021-07-02,port183,Buenaventura,2,1,31991,0,30602,1388,0,0,0,0,0,0,0,0
2021-07-03,port183,Buenaventura,4,0,51880,0,49456,0,0,2424,0,0,0,0,0,0
2021-07-04,port183,Buenaventura,3,0,20659,2904,20659,0,0,0,0,2904,0,0,0,0
2021-07-05,port183,Buenaventura,3,2,37255,13133,20659,16596,0,0,0,2904,10229,0,0,0
2021-07-06,port183,Buenaventura,3,3,6218,4476,0,6218,0,0,0,0,4476,0,0,0
2021-07-07,port183,Buenaventura,1,0,41134,0,41134,0,0,0,0,0,0,0,0,0
2021-07-08,port183,Buenaventura,1,0,0,0,0,0,0,0,0,0,0,0,0,0
2021-07-09,port183,Buenaventura,4,3,42433,6164,16552,25880,0,0,0,0,6164,0,0,0
2021-07-10,port183,Buenaventura,3,3,7616,0,0,7616,0,0,0,0,0,0,0,0
2021-07-11,port183,Buenaventura,3,2,1086,7730,0,1086,0,0,0,0,7730,0,0,0
2021-07-12,port183,Buenaventura,3,2,5408,13640,0,5408,0,0,0,3463,10176,0,0,0
2021-07-13,port183,Buenaventura,3,2,20412,0,18483,1928,0,0,0,0,0,0,0,0
2021-07-14,port183,Buenaventura,3,2,13509,5902,0,0,0,13509,0,0,5902,0,0,0
2021-07-15,port183,Buenaventura,2,1,5806,2172,0,0,5806,0,0,0,2172,0,0,0
2021-07-16,port183,Buenaventura,2,0,29914,0,29914,0,0,0,0,0,0,0,0,0
2021-07-17,port183,Buenaventura,4,3,48248,17986,42609,5639,0,0,0,0,17986,0,0,0
2021-07-18,port183,Buenaventura,2,2,5218,0,0,5218,0,0,0,0,0,0,0,0
2021-07-19,port183,Buenaventura,7,2,63392,19475,46823,0,16569,0,0,0,19475,0,0,0
2021-07-20,port183,Buenaventura,3,2,21119,1614,0,15320,0,5798,0,0,1614,0,0,0
2021-07-21,port183,Buenaventura,4,2,56842,1932,51257,5585,0,0,0,0,1932,0,0,0
2021-07-22,port183,Buenaventura,1,0,48035,0,48035,0,0,0,0,0,0,0,0,0
2021-07-23,port183,Buenaventura,3,2,18566,9867,0,0,0,18566,0,0,9867,0,0,0
2021-07-24,port183,Buenaventura,1,0,11144,0,0,0,11144,0,0,0,0,0,0,0
2021-07-25,port183,Buenaventura,2,1,16537,0,10118,6419,0,0,0,0,0,0,0,0
2021-07-26,port183,Buenaventura,4,3,52280,12336,52280,0,0,0,0,0,12336,0,0,0
2021-07-27,port183,Buenaventura,1,1,11359,0,0,11359,0,0,0,0,0,0,0,0
2021-07-28,port183,Buenaventura,2,2,5585,2726,0,5585,0,0,0,0,2726,0,0,0
2021-07-29,port183,Buenaventura,2,1,34145,0,29433,4711,0,0,0,0,0,0,0,0
2021-07-30,port183,Buenaventura,1,0,311,0,0,0,0,311,0,0,0,0,0,0
2021-07-31,port183,Buenaventura,5,3,26058,68424,20659,5398,0,0,0,60863,7561,0,0,0
2021-08-01,port183,Buenaventura,5,2,51389,6932,40293,5585,0,5510,0,0,6289,0,643,0
2021-08-02,port183,Buenaventura,3,3,10457,9102,0,10457,0,0,0,0,9102,0,0,0
2021-08-03,port183,Buenaventura,5,4,46487,635,26543,19944,0,0,0,0,635,0,0,0
2021-08-04,port183,Buenaventura,3,1,18391,0,0,2333,0,12993,3064,0,0,0,0,0
2021-08-05,port183,Buenaventura,2,1,13509,0,0,11086,2423,0,0,0,0,0,0,0
2021-08-06,port183,Buenaventura,3,1,35561,6622,32040,0,0,0,3521,0,6622,0,0,0
2021-08-07,port183,Buenaventura,2,0,2206,4690,0,0,0,0,2206,4690,0,0,0,0
2021-08-08,port183,Buenaventura,1,0,0,0,0,0,0,0,0,0,0,0,0,0
2021-08-09,port183,Buenaventura,5,4,56424,15919,38677,17747,0,0,0,0,15919,0,0,0
2021-08-10,port183,Buenaventura,1,0,57798,0,57798,0,0,0,0,0,0,0,0,0
2021-08-11,port183,Buenaventura,4,2,53537,1614,46780,6756,0,0,0,0,1614,0,0,0
2021-08-12,port183,Buenaventura,3,1,9138,5769,0,9138,0,0,0,5769,0,0,0,0
2021-08-13,port183,Buenaventura,2,1,59031,6176,59031,0,0,0,0,0,6176,0,0,0
2021-08-14,port183,Buenaventura,3,1,7817,0,5276,2540,0,0,0,0,0,0,0,0
2021-08-15,port183,Buenaventura,1,1,0,15900,0,0,0,0,0,0,15900,0,0,0
2021-08-16,port183,Buenaventura,5,2,33470,23417,26992,6477,0,0,0,0,8816,0,14600,0
2021-08-17,port183,Buenaventura,2,2,5538,0,0,5538,0,0,0,0,0,0,0,0
2021-08-18,port183,Buenaventura,4,2,12280,0,0,8086,3416,776,0,0,0,0,0,0
2021-08-19,port183,Buenaventura,4,2,26642,1614,2782,7816,0,16043,0,0,1614,0,0,0
2021-08-20,port183,Buenaventura,0,0,0,0,0,0,0,0,0,0,0,0,0,0
2021-08-21,port183,Buenaventura,6,3,29764,10274,20126,9638,0,0,0,0,10274,0,0,0
2021-08-22,port183,Buenaventura,2,1,0,2784,0,0,0,0,0,555,2229,0,0,0
2021-08-23,port183,Buenaventura,5,3,70291,7588,58063,9954,2273,0,0,0,7588,0,0,0
2021-08-24,port183,Buenaventura,3,1,37382,0,29767,2896,4719,0,0,0,0,0,0,0
2021-08-25,port183,Buenaventura,1,1,0,1891,0,0,0,0,0,0,1891,0,0,0
2021-08-26,port183,Buenaventura,2,0,0,0,0,0,0,0,0,0,0,0,0,0
2021-08-27,port183,Buenaventura,2,1,27642,7705,27642,0,0,0,0,0,7705,0,0,0
2021-08-28,port183,Buenaventura,6,3,26017,1269,0,13349,0,12668,0,0,1269,0,0,0
2021-08-29,port183,Buenaventura,3,2,24295,0,0,9111,0,15184,0,0,0,0,0,0
2021-08-30,port183,Buenaventura,4,3,69341,8371,31640,37701,0,0,0,0,8371,0,0,0
2021-08-31,port183,Buenaventura,0,0,0,0,0,0,0,0,0,0,0,0,0,0
2021-09-01,port183,Buenaventura,3,2,72824,0,51656,21167,0,0,0,0,0,0,0,0
2021-09-02,port183,Buenaventura,1,1,4477,0,0,4477,0,0,0,0,0,0,0,0
2021-09-03,port183,Buenaventura,2,1,16381,3362,16381,0,0,0,0,0,3362,0,0,0
2021-09-04,port183,Buenaventura,2,1,15184,0,0,11090,0,0,4093,0,0,0,0,0
2021-09-05,port183,Buenaventura,3,1,5585,1614,0,5585,0,0,0,0,1614,0,0,0
2021-09-06,port183,Buenaventura,4,4,19713,7821,0,19713,0,0,0,0,7821,0,0,0
2021-09-07,port183,Buenaventura,4,1,29794,0,13849,15793,151,0,0,0,0,0,0,0
2021-09-08,port183,Buenaventura,2,2,6570,1614,0,6570,0,0,0,0,1614,0,0,0
2021-09-09,port183,Buenaventura,5,2,114987,0,88200,26786,0,0,0,0,0,0,0,0
2021-09-10,port183,Buenaventura,4,0,84961,606,77063,0,7898,0,0,0,0,606,0,0
2021-09-11,port183,Buenaventura,3,1,21766,0,21230,535,0,0,0,0,0,0,0,0
2021-09-12,port183,Buenaventura,3,1,57746,0,30491,8561,0,18694,0,0,0,0,0,0
2021-09-13,port183,Buenaventura,4,1,24472,8238,20063,0,0,0,4409,0,8172,0,0,66
2021-09-14,port183,Buenaventura,3,2,20992,0,0,20992,0,0,0,0,0,0,0,0
2021-09-15,port183,Buenaventura,2,2,17590,0,0,17590,0,0,0,0,0,0,0,0
2021-09-16,port183,Buenaventura,3,1,52164,0,41981,1078,9104,0,0,0,0,0,0,0
2021-09-17,port183,Buenaventura,1,0,0,29095,0,0,0,0,0,0,0,0,29095,0
2021-09-18,port183,Buenaventura,2,1,48615,0,38687,9928,0,0,0,0,0,0,0,0
2021-09-19,port183,Buenaventura,3,3,19414,13184,0,19414,0,0,0,0,13184,0,0,0
2021-09-20,port183,Buenaventura,5,2,62611,3340,52727,8856,0,0,1027,0,2456,0,884,0
2021-09-21,port183,Buenaventura,1,1,5592,0,0,5592,0,0,0,0,0,0,0,0
2021-09-22,port183,Buenaventura,2,1,16530,0,0,13685,0,0,2844,0,0,0,0,0
2021-09-23,port183,Buenaventura,3,0,43126,643,37616,0,0,5510,0,0,0,0,643,0
2021-09-24,port183,Buenaventura,0,0,0,0,0,0,0,0,0,0,0,0,0,0
2021-09-25,port183,Buenaventura,3,1,11144,1756,0,5634,0,5510,0,1112,0,0,643,0
2021-09-26,port183,Buenaventura,2,2,12194,6214,0,12194,0,0,0,0,6214,0,0,0
2021-09-27,port183,Buenaventura,4,2,28230,4986,22645,5585,0,0,0,0,4986,0,0,0
2021-09-28,port183,Buenaventura,2,0,8941,0,0,0,2423,6518,0,0,0,0,0,0
2021-09-29,port183,Buenaventura,3,1,14649,0,0,12095,0,0,2553,0,0,0,0,0
2021-09-30,port183,Buenaventura,2,2,12378,1386,0,12378,0,0,0,0,1386,0,0,0
2021-10-01,port183,Buenaventura,2,1,9765,0,0,7270,0,2494,0,0,0,0,0,0
2021-10-02,port183,Buenaventura,2,0,12239,41472,12239,0,0,0,0,41472,0,0,0,0
2021-10-03,port183,Buenaventura,5,4,23914,6220,0,23914,0,0,0,4605,1614,0,0,0
2021-10-04,port183,Buenaventura,2,1,0,2456,0,0,0,0,0,0,2456,0,0,0
2021-10-05,port183,Buenaventura,4,4,29281,1614,0,29281,0,0,0,0,1614,0,0,0
2021-10-06,port183,Buenaventura,6,2,47185,2503,32652,13001,0,0,1530,0,0,0,0,2503
2021-10-07,port183,Buenaventura,3,3,17588,1614,0,17588,0,0,0,0,1614,0,0,0
2021-10-08,port183,Buenaventura,4,1,119253,0,84924,7497,0,26832,0,0,0,0,0,0
2021-10-09,port183,Buenaventura,0,0,0,0,0,0,0,0,0,0,0,0,0,0
2021-10-10,port183,Buenaventura,5,2,16980,2849,0,11843,0,5137,0,0,0,0,2849,0
2021-10-11,port183,Buenaventura,2,2,0,4315,0,0,0,0,0,0,4315,0,0,0
2021-10-12,port183,Buenaventura,2,0,22685,66,21699,0,0,0,986,0,0,0,0,66
2021-10-13,port183,Buenaventura,3,2,20604,666,15655,4948,0,0,0,0,666,0,0,0
2021-10-14,port183,Buenaventura,2,0,75392,0,75392,0,0,0,0,0,0,0,0,0
2021-10-15,port183,Buenaventura,2,0,56101,0,56101,0,0,0,0,0,0,0,0,0
2021-10-16,port183,Buenaventura,4,3,18056,28310,0,18056,0,0,0,19788,8522,0,0,0
2021-10-17,port183,Buenaventura,3,1,46119,12984,33359,12759,0,0,0,0,0,0,12984,0
2021-10-18,port183,Buenaventura,4,3,48192,6518,0,32126,0,16065,0,0,6518,0,0,0
2021-10-19,port183,Buenaventura,3,2,28995,0,0,25911,0,3083,0,0,0,0,0,0
2021-10-20,port183,Buenaventura,4,3,15850,2971,0,9688,0,6161,0,0,2971,0,0,0
2021-10-21,port183,Buenaventura,3,2,23515,17094,20659,2856,0,0,0,2904,14190,0,0,0
2021-10-22,port183,Buenaventura,4,1,76049,1614,66401,5585,0,4062,0,0,1614,0,0,0
2021-10-23,port183,Buenaventura,3,2,39651,1614,0,38506,1145,0,0,0,1614,0,0,0
2021-10-24,port183,Buenaventura,2,1,25994,0,0,10110,15884,0,0,0,0,0,0,0
2021-10-25,port183,Buenaventura,6,4,11425,1987,0,11425,0,0,0,0,1987,0,0,0
2021-10-26,port183,Buenaventura,3,0,5662,0,0,0,0,4636,1026,0,0,0,0,0
2021-10-27,port183,Buenaventura,1,1,20860,0,0,20860,0,0,0,0,0,0,0,0
2021-10-28,port183,Buenaventura,6,2,77895,606,65235,5733,5624,0,1302,0,0,606,0,0
2021-10-29,port183,Buenaventura,2,1,15138,0,3140,11997,0,0,0,0,0,0,0,0
2021-10-30,port183,Buenaventura,3,1,20183,0,12882,7300,0,0,0,0,0,0,0,0
2021-10-31,port183,Buenaventura,6,3,24504,3764,0,18994,0,5510,0,0,3121,0,643,0
2021-11-01,port183,Buenaventura,4,2,34736,4898,27219,7517,0,0,0,0,4898,0,0,0
2021-11-02,port183,Buenaventura,1,0,0,0,0,0,0,0,0,0,0,0,0,0
2021-11-03,port183,Buenaventura,4,2,34936,397,32845,1103,0,0,986,0,331,0,0,66
2021-11-04,port183,Buenaventura,5,2,31658,27891,22496,5585,0,0,3576,20815,7076,0,0,0
2021-11-05,port183,Buenaventura,4,1,55035,916,51200,3834,0,0,0,0,0,0,0,916
2021-11-06,port183,Buenaventura,3,2,14992,0,0,13629,0,1363,0,0,0,0,0,0
2021-11-07,port183,Buenaventura,2,0,51863,330,51863,0,0,0,0,0,0,0,330,0
2021-11-08,port183,Buenaventura,3,3,993,5978,0,993,0,0,0,0,5978,0,0,0
2021-11-09,port183,Buenaventura,0,0,0,0,0,0,0,0,0,0,0,0,0,0
2021-11-10,port183,Buenaventura,1,0,20659,2904,20659,0,0,0,0,2904,0,0,0,0
2021-11-11,port183,Buenaventura,3,2,13451,0,0,13451,0,0,0,0,0,0,0,0
2021-11-12,port183,Buenaventura,4,2,48563,1231,42145,1391,0,5025,0,0,1231,0,0,0
2021-11-13,port183,Buenaventura,2,2,22535,1614,0,22535,0,0,0,0,1614,0,0,0
2021-11-14,port183,Buenaventura,5,1,46642,4717,43333,0,0,2321,986,0,4651,0,0,66
2021-11-15,port183,Buenaventura,3,2,9755,6123,0,9755,0,0,0,0,6123,0,0,0
2021-11-16,port183,Buenaventura,3,0,23226,29856,20659,0,0,0,2566,29856,0,0,0,0
2021-11-17,port183,Buenaventura,3,0,50777,2904,46089,0,0,4687,0,2904,0,0,0,0
2021-11-18,port183,Buenaventura,4,2,42144,1517,0,41157,0,0,986,0,0,0,1450,66
2021-11-19,port183,Buenaventura,2,0,38060,0,33181,0,4878,0,0,0,0,0,0,0
2021-11-20,port183,Buenaventura,3,1,40534,3361,20659,19875,0,0,0,2904,0,0,456,0
2021-11-21,port183,Buenaventura,2,2,2802,0,0,2802,0,0,0,0,0,0,0,0
2021-11-22,port183,Buenaventura,6,6,32529,11034,0,32529,0,0,0,0,11034,0,0,0
2021-11-23,port183,Buenaventura,2,1,59328,0,57098,2230,0,0,0,0,0,0,0,0
2021-11-24,port183,Buenaventura,5,3,24199,88079,0,24199,0,0,0,77759,0,0,10320,0
2021-11-25,port183,Buenaventura,3,0,32314,2685,31423,0,0,0,890,0,0,2685,0,0
2021-11-26,port183,Buenaventura,3,1,23719,643,10393,7815,0,5510,0,0,0,0,643,0
2021-11-27,port183,Buenaventura,5,1,98291,0,83236,2430,0,12116,508,0,0,0,0,0
2021-11-28,port183,Buenaventura,3,2,20659,15286,20659,0,0,0,0,2904,12382,0,0,0
2021-11-29,port183,Buenaventura,4,1,15208,5418,15208,0,0,0,0,0,1223,4194,0,0
2021-11-30,port183,Buenaventura,2,1,9894,0,0,9894,0,0,0,0,0,0,0,0
2021-12-01,port183,Buenaventura,3,2,6827,19100,0,6827,0,0,0,17485,1614,0,0,0
2021-12-02,port183,Buenaventura,5,1,63225,5809,59954,3271,0,0,0,5809,0,0,0,0
2021-12-03,port183,Buenaventura,0,0,0,0,0,0,0,0,0,0,0,0,0,0
2021-12-04,port183,Buenaventura,2,1,26244,4519,20659,5585,0,0,0,2904,1614,0,0,0
2021-12-05,port183,Buenaventura,5,4,61227,1614,0,30337,0,30889,0,0,1614,0,0,0
2021-12-06,port183,Buenaventura,2,1,0,497,0,0,0,0,0,0,497,0,0,0
2021-12-07,port183,Buenaventura,7,3,117046,2904,81515,34502,0,0,1028,2904,0,0,0,0
2021-12-08,port183,Buenaventura,4,2,76907,0,18099,45295,0,13513,0,0,0,0,0,0
2021-12-09,port183,Buenaventura,2,2,8884,0,0,8884,0,0,0,0,0,0,0,0
2021-12-10,port183,Buenaventura,3,1,62583,0,47570,15013,0,0,0,0,0,0,0,0
2021-12-11,port183,Buenaventura,2,0,0,5842,0,0,0,0,0,0,0,5842,0,0
2021-12-12,port183,Buenaventura,3,1,10520,0,0,7632,0,2887,0,0,0,0,0,0
2021-12-13,port183,Buenaventura,3,3,19171,6117,0,19171,0,0,0,0,6117,0,0,0
2021-12-14,port183,Buenaventura,6,1,136348,2904,119803,13687,0,1270,1586,2904,0,0,0,0
2021-12-15,port183,Buenaventura,7,3,58915,8660,41312,17602,0,0,0,2904,3252,0,0,2503
2021-12-16,port183,Buenaventura,5,2,28116,11114,14326,9769,0,3033,986,0,11047,0,0,66
2021-12-17,port183,Buenaventura,2,1,60188,0,53719,6469,0,0,0,0,0,0,0,0
2021-12-18,port183,Buenaventura,5,3,19827,66,0,18841,0,0,986,0,0,0,0,66
2021-12-19,port183,Buenaventura,2,1,2893,7040,0,0,0,0,2893,0,7040,0,0,0
2021-12-20,port183,Buenaventura,3,2,10029,5476,0,0,0,10029,0,0,5476,0,0,0
2021-12-21,port183,Buenaventura,0,0,0,0,0,0,0,0,0,0,0,0,0,0
2021-12-22,port183,Buenaventura,5,4,36071,19337,0,36071,0,0,0,0,19337,0,0,0
2021-12-23,port183,Buenaventura,4,0,67934,0,54760,0,0,13173,0,0,0,0,0,0
2021-12-24,port183,Buenaventura,1,0,0,0,0,0,0,0,0,0,0,0,0,0
2021-12-25,port183,Buenaventura,3,2,10966,4934,0,10966,0,0,0,0,4934,0,0,0
2021-12-26,port183,Buenaventura,4,3,35910,6261,0,20631,0,15279,0,0,6261,0,0,0
2021-12-27,port183,Buenaventura,4,3,22187,4898,16040,6147,0,0,0,0,4898,0,0,0
2021-12-28,port183,Buenaventura,3,2,57573,1614,0,26345,0,31228,0,0,1614,0,0,0
2021-12-29,port183,Buenaventura,2,1,9296,0,0,8079,1216,0,0,0,0,0,0,0
2021-12-30,port183,Buenaventura,3,1,15259,433,0,15259,0,0,0,0,0,0,0,433
2021-12-31,port183,Buenaventura,3,1,30702,66,26929,2786,0,0,986,0,0,0,0,66
2022-01-01,port183,Buenaventura,1,1,5099,0,0,5099,0,0,0,0,0,0,0,0
2022-01-02,port183,Buenaventura,2,2,0,3702,0,0,0,0,0,0,3702,0,0,0
2022-01-03,port183,Buenaventura,3,1,77331,4440,58885,0,18445,0,0,0,4440,0,0,0
2022-01-04,port183,Buenaventura,3,0,22836,66,19345,0,0,0,3491,0,0,0,0,66
2022-01-05,port183,Buenaventura,2,2,17595,0,0,17595,0,0,0,0,0,0,0,0
2022-01-06,port183,Buenaventura,3,0,36161,2963,35472,0,689,0,0,0,0,0,0,2963
2022-01-07,port183,Buenaventura,3,3,17537,2341,0,17537,0,0,0,0,2341,0,0,0
2022-01-08,port183,Buenaventura,2,2,24210,0,0,24210,0,0,0,0,0,0,0,0
2022-01-09,port183,Buenaventura,7,2,92079,3983,84319,5585,0,0,2174,0,3983,0,0,0
2022-01-10,port183,Buenaventura,3,2,13576,4880,0,13576,0,0,0,0,4880,0,0,0
2022-01-11,port183,Buenaventura,2,0,27928,0,27928,0,0,0,0,0,0,0,0,0
2022-01-12,port183,Buenaventura,3,1,28616,2904,20659,7957,0,0,0,2904,0,0,0,0
2022-01-13,port183,Buenaventura,2,1,38638,0,37245,1392,0,0,0,0,0,0,0,0
2022-01-14,port183,Buenaventura,2,0,5624,606,0,0,5624,0,0,0,0,606,0,0
2022-01-15,port183,Buenaventura,3,1,22345,2904,20659,1173,0,0,512,2904,0,0,0,0
2022-01-16,port183,Buenaventura,0,0,0,0,0,0,0,0,0,0,0,0,0,0
2022-01-17,port183,Buenaventura,5,3,51268,1614,26548,24719,0,0,0,0,1614,0,0,0
2022-01-18,port183,Buenaventura,6,2,19034,41389,2398,5585,5540,5510,0,38802,1943,0,643,0
2022-01-19,port183,Buenaventura,3,1,20253,0,17334,2918,0,0,0,0,0,0,0,0
2022-01-20,port183,Buenaventura,1,1,1143,0,0,1143,0,0,0,0,0,0,0,0
2022-01-21,port183,Buenaventura,4,1,27382,7278,20659,0,0,6723,0,2904,4373,0,0,0
2022-01-22,port183,Buenaventura,3,1,28897,36833,0,28897,0,0,0,36833,0,0,0,0
2022-01-23,port183,Buenaventura,4,2,23094,1614,0,6856,4191,12046,0,0,1614,0,0,0
2022-01-24,port183,Buenaventura,3,1,55561,2456,55561,0,0,0,0,0,2456,0,0,0
2022-01-25,port183,Buenaventura,3,2,26708,1614,0,26187,0,520,0,0,1614,0,0,0
2022-01-26,port183,Buenaventura,5,2,34238,7062,20659,5503,0,5510,2564,2904,3514,0,643,0
2022-01-27,port183,Buenaventura,3,1,34059,0,18562,15497,0,0,0,0,0,0,0,0
2022-01-28,port183,Buenaventura,3,1,6290,0,0,2003,4287,0,0,0,0,0,0,0
2022-01-29,port183,Buenaventura,5,3,25204,9646,0,23459,0,1745,0,0,9646,0,0,0
2022-01-30,port183,Buenaventura,5,3,88872,6318,52905,34980,0,0,986,0,6252,0,0,66
2022-01-31,port183,Buenaventura,3,2,34978,0,0,34520,458,0,0,0,0,0,0,0
2022-02-01,port183,Buenaventura,4,2,33619,66,0,32632,0,0,986,0,0,0,0,66
2022-02-02,port183,Buenaventura,5,3,88645,1614,27542,29173,0,31929,0,0,1614,0,0,0
2022-02-03,port183,Buenaventura,4,2,27313,57008,24342,0,2971,0,0,0,57008,0,0,0
2022-02-04,port183,Buenaventura,2,0,12778,0,0,0,6982,5795,0,0,0,0,0,0
2022-02-05,port183,Buenaventura,5,3,14199,6209,0,13213,0,0,986,0,1239,4903,0,66
2022-02-06,port183,Buenaventura,1,0,0,0,0,0,0,0,0,0,0,0,0,0
2022-02-07,port183,Buenaventura,4,2,118204,4288,102361,15842,0,0,0,0,4288,0,0,0
2022-02-08,port183,Buenaventura,3,2,316,0,0,316,0,0,0,0,0,0,0,0
2022-02-09,port183,Buenaventura,3,0,25526,0,23251,0,0,1158,1115,0,0,0,0,0
2022-02-10,port183,Buenaventura,6,3,57432,20514,20947,21115,0,15369,0,8115,12399,0,0,0
2022-02-11,port183,Buenaventura,2,2,12419,0,0,12419,0,0,0,0,0,0,0,0
2022-02-12,port183,Buenaventura,1,1,0,8388,0,0,0,0,0,0,8388,0,0,0
2022-02-13,port183,Buenaventura,3,1,42134,0,0,5088,0,33465,3580,0,0,0,0,0
2022-02-14,port183,Buenaventura,5,2,78454,2483,74077,4376,0,0,0,0,2483,0,0,0
2022-02-15,port183,Buenaventura,1,1,3279,0,0,3279,0,0,0,0,0,0,0,0
2022-02-16,port183,Buenaventura,4,1,51803,0,33778,17039,0,985,0,0,0,0,0,0
2022-02-17,port183,Buenaventura,2,1,11095,2257,0,5585,0,5510,0,0,1614,0,643,0
2022-02-18,port183,Buenaventura,3,1,73631,2904,69401,4230,0,0,0,2904,0,0,0,0
2022-02-19,port183,Buenaventura,4,1,0,45932,0,0,0,0,0,43733,2198,0,0,0
2022-02-20,port183,Buenaventura,3,2,3817,3123,0,3817,0,0,0,0,3123,0,0,0
2022-02-21,port183,Buenaventura,4,2,13133,2515,6549,5597,0,0,986,0,2449,0,0,66
2022-02-22,port183,Buenaventura,2,0,23088,2904,20659,0,0,2428,0,2904,0,0,0,0
2022-02-23,port183,Buenaventura,6,2,41634,1274,25161,15882,0,0,590,0,1274,0,0,0
2022-02-24,port183,Buenaventura,5,0,11146,8913,9132,0,2014,0,0,0,0,8913,0,0
2022-02-25,port183,Buenaventura,4,3,52422,0,29660,22761,0,0,0,0,0,0,0,0
2022-02-26,port183,Buenaventura,2,2,21338,0,0,21338,0,0,0,0,0,0,0,0
2022-02-27,port183,Buenaventura,2,2,21151,1614,0,21151,0,0,0,0,1614,0,0,0
2022-02-28,port183,Buenaventura,3,2,17917,7843,0,0,0,17917,0,0,7843,0,0,0
2022-03-01,port183,Buenaventura,1,1,12152,0,0,12152,0,0,0,0,0,0,0,0
2022-03-02,port183,Buenaventura,6,1,12650,13462,12650,0,0,0,0,0,0,13462,0,0
2022-03-03,port183,Buenaventura,3,0,32796,606,27171,0,5624,0,0,0,0,606,0,0
2022-03-04,port183,Buenaventura,4,1,52090,2436,52090,0,0,0,0,0,2436,0,0,0
2022-03-05,port183,Buenaventura,4,1,92362,0,82096,4447,0,5818,0,0,0,0,0,0
2022-03-06,port183,Buenaventura,2,2,1085,8601,0,1085,0,0,0,0,8601,0,0,0
2022-03-07,port183,Buenaventura,6,3,115801,6726,57371,25504,0,32924,0,0,6726,0,0,0
2022-03-08,port183,Buenaventura,3,2,22926,634,14199,8726,0,0,0,0,634,0,0,0
2022-03-09,port183,Buenaventura,6,2,55839,18558,35967,19361,0,0,510,0,13429,5129,0,0
2022-03-10,port183,Buenaventura,1,0,0,4152,0,0,0,0,0,0,0,4152,0,0
2022-03-11,port183,Buenaventura,3,1,5968,512,0,2480,0,3487,0,0,0,0,0,512
2022-03-12,port183,Buenaventura,4,2,52957,0,23142,29815,0,0,0,0,0,0,0,0
2022-03-13,port183,Buenaventura,4,2,41722,1614,27540,14181,0,0,0,0,1614,0,0,0
2022-03-14,port183,Buenaventura,3,1,986,2565,0,0,0,0,986,0,1986,0,0,579
2022-03-15,port183,Buenaventura,4,2,51301,2314,32694,17070,0,0,1537,0,2314,0,0,0
2022-03-16,port183,Buenaventura,2,1,29479,2904,20659,8819,0,0,0,2904,0,0,0,0
2022-03-17,port183,Buenaventura,1,1,12547,0,0,12547,0,0,0,0,0,0,0,0
2022-03-18,port183,Buenaventura,2,0,3275,0,3275,0,0,0,0,0,0,0,0,0
2022-03-19,port183,Buenaventura,4,1,11872,71430,0,5934,0,5938,0,71430,0,0,0,0
2022-03-20,port183,Buenaventura,3,2,57509,3085,53165,4343,0,0,0,0,3085,0,0,0
2022-03-21,port183,Buenaventura,2,1,0,64650,0,0,0,0,0,58544,6106,0,0,0
2022-03-22,port183,Buenaventura,3,1,14959,0,0,5857,6020,3081,0,0,0,0,0,0
2022-03-23,port183,Buenaventura,0,0,0,0,0,0,0,0,0,0,0,0,0,0
2022-03-24,port183,Buenaventura,4,3,26347,9745,0,25016,0,1330,0,0,9745,0,0,0
2022-03-25,port183,Buenaventura,4,2,21080,0,3429,17651,0,0,0,0,0,0,0,0
2022-03-26,port183,Buenaventura,4,1,62695,643,45488,11696,0,5510,0,0,0,0,643,0
2022-03-27,port183,Buenaventura,2,2,26617,6999,0,26617,0,0,0,0,6999,0,0,0
2022-03-28,port183,Buenaventura,4,1,10358,2483,10358,0,0,0,0,0,2483,0,0,0
2022-03-29,port183,Buenaventura,2,0,30033,0,30033,0,0,0,0,0,0,0,0,0
2022-03-30,port183,Buenaventura,7,3,96304,4226,71393,21143,380,0,3386,2904,1321,0,0,0
2022-03-31,port183,Buenaventura,1,1,16753,0,0,16753,0,0,0,0,0,0,0,0
2022-04-01,port183,Buenaventura,4,1,11980,7853,11980,0,0,0,0,0,7853,0,0,0
2022-04-02,port183,Buenaventura,4,1,59046,3977,53535,0,0,5510,0,0,3334,0,643,0
2022-04-03,port183,Buenaventura,3,3,11034,5993,0,11034,0,0,0,0,5993,0,0,0
2022-04-04,port183,Buenaventura,3,1,1646,5513,1646,0,0,0,0,0,5513,0,0,0
2022-04-05,port183,Buenaventura,1,1,640,0,0,640,0,0,0,0,0,0,0,0
2022-04-06,port183,Buenaventura,3,1,46350,0,30905,9092,0,0,6352,0,0,0,0,0
2022-04-07,port183,Buenaventura,0,0,0,0,0,0,0,0,0,0,0,0,0,0
2022-04-08,port183,Buenaventura,3,0,80490,0,79367,0,0,0,1122,0,0,0,0,0
2022-04-09,port183,Buenaventura,2,0,36019,0,29290,0,6729,0,0,0,0,0,0,0
2022-04-10,port183,Buenaventura,4,3,38873,7099,0,6976,0,31897,0,0,7099,0,0,0
2022-04-11,port183,Buenaventura,5,2,44379,50107,28585,15793,0,0,0,44658,5448,0,0,0
2022-04-12,port183,Buenaventura,2,1,30846,0,21668,9177,0,0,0,0,0,0,0,0
2022-04-13,port183,Buenaventura,4,3,5762,3699,0,4448,0,1314,0,0,3699,0,0,0
2022-04-14,port183,Buenaventura,4,0,25437,0,19028,0,0,6409,0,0,0,0,0,0
2022-04-15,port183,Buenaventura,2,1,43050,0,41966,1084,0,0,0,0,0,0,0,0
2022-04-16,port183,Buenaventura,3,1,53773,0,49401,4372,0,0,0,0,0,0,0,0
2022-04-17,port183,Buenaventura,3,3,25866,0,0,25866,0,0,0,0,0,0,0,0
2022-04-18,port183,Buenaventura,2,1,38558,4284,38558,0,0,0,0,0,4284,0,0,0
2022-04-19,port183,Buenaventura,5,2,45968,2424,43245,2722,0,0,0,0,956,0,1468,0
2022-04-20,port183,Buenaventura,3,2,37342,0,15283,22058,0,0,0,0,0,0,0,0
2022-04-21,port183,Buenaventura,4,0,35688,0,21504,0,0,14184,0,0,0,0,0,0
2022-04-22,port183,Buenaventura,2,0,40012,0,40012,0,0,0,0,0,0,0,0,0
2022-04-23,port183,Buenaventura,2,1,7466,0,0,7466,0,0,0,0,0,0,0,0
2022-04-24,port183,Buenaventura,2,1,15126,3731,15126,0,0,0,0,0,3731,0,0,0
2022-04-25,port183,Buenaventura,5,3,44941,7063,3655,24770,0,16515,0,0,7063,0,0,0
2022-04-26,port183,Buenaventura,3,2,65297,0,51004,14293,0,0,0,0,0,0,0,0
2022-04-27,port183,Buenaventura,8,2,17023,989,10758,5709,0,0,555,0,989,0,0,0
2022-04-28,port183,Buenaventura,2,1,0,7084,0,0,0,0,0,0,7084,0,0,0
2022-04-29,port183,Buenaventura,3,2,16816,0,0,14527,2288,0,0,0,0,0,0,0
2022-04-30,port183,Buenaventura,6,3,57464,10103,6865,14983,0,32391,3224,0,10103,0,0,0
2022-05-01,port183,Buenaventura,5,2,31242,6083,21747,9495,0,0,0,4468,1614,0,0,0
2022-05-02,port183,Buenaventura,2,2,5565,1832,0,5565,0,0,0,0,1832,0,0,0
2022-05-03,port183,Buenaventura,1,1,6138,0,0,6138,0,0,0,0,0,0,0,0
2022-05-04,port183,Buenaventura,2,2,14178,0,0,14178,0,0,0,0,0,0,0,0
2022-05-05,port183,Buenaventura,1,0,1535,0,0,0,0,0,1535,0,0,0,0,0
2022-05-06,port183,Buenaventura,2,1,5218,0,0,5218,0,0,0,0,0,0,0,0
2022-05-07,port183,Buenaventura,2,0,48946,0,48946,0,0,0,0,0,0,0,0,0
2022-05-08,port183,Buenaventura,5,3,40840,2252,21469,19370,0,0,0,0,1614,0,638,0
2022-05-09,port183,Buenaventura,3,1,67696,1614,62110,5585,0,0,0,0,1614,0,0,0
2022-05-10,port183,Buenaventura,7,3,57150,66,24836,19811,10491,0,2010,0,0,0,0,66
2022-05-11,port183,Buenaventura,3,1,63036,0,54023,9012,0,0,0,0,0,0,0,0
2022-05-12,port183,Buenaventura,3,3,22004,1614,0,22004,0,0,0,0,1614,0,0,0
2022-05-13,port183,Buenaventura,3,0,9829,19710,0,0,0,9829,0,19710,0,0,0,0
2022-05-14,port183,Buenaventura,5,2,80234,643,53157,21566,0,5510,0,0,0,0,643,0
2022-05-15,port183,Buenaventura,4,1,23221,1116,0,0,4719,18501,0,0,1116,0,0,0
2022-05-16,port183,Buenaventura,3,2,36672,4288,34516,2156,0,0,0,0,4288,0,0,0
2022-05-17,port183,Buenaventura,1,1,0,0,0,0,0,0,0,0,0,0,0,0
2022-05-18,port183,Buenaventura,4,2,23711,0,4076,19634,0,0,0,0,0,0,0,0
2022-05-19,port183,Buenaventura,1,0,1751,0,1751,0,0,0,0,0,0,0,0,0
2022-05-20,port183,Buenaventura,1,1,11621,0,0,11621,0,0,0,0,0,0,0,0
2022-05-21,port183,Buenaventura,1,0,29619,0,29619,0,0,0,0,0,0,0,0,0
2022-05-22,port183,Buenaventura,2,1,9407,0,3034,6372,0,0,0,0,0,0,0,0
2022-05-23,port183,Buenaventura,2,2,7815,4816,0,7815,0,0,0,0,4816,0,0,0
2022-05-24,port183,Buenaventura,3,1,21328,10149,21328,0,0,0,0,0,10149,0,0,0
2022-05-25,port183,Buenaventura,4,2,41478,18636,28651,12826,0,0,0,0,18115,0,521,0
2022-05-26,port183,Buenaventura,2,1,24435,2904,20659,3776,0,0,0,2904,0,0,0,0
2022-05-27,port183,Buenaventura,3,0,20312,0,0,0,20312,0,0,0,0,0,0,0
2022-05-28,port183,Buenaventura,1,0,0,34615,0,0,0,0,0,34615,0,0,0,0
2022-05-29,port183,Buenaventura,7,2,67510,6973,20964,7641,4708,31174,3022,0,6973,0,0,0
2022-05-30,port183,Buenaventura,4,3,26008,1830,0,25117,0,0,890,0,1830,0,0,0
2022-05-31,port183,Buenaventura,2,0,0,0,0,0,0,0,0,0,0,0,0,0
2022-06-01,port183,Buenaventura,6,4,41040,0,0,40442,0,0,598,0,0,0,0,0
2022-06-02,port183,Buenaventura,1,1,3245,0,0,3245,0,0,0,0,0,0,0,0
2022-06-03,port183,Buenaventura,2,0,18694,0,18694,0,0,0,0,0,0,0,0,0
2022-06-04,port183,Buenaventura,4,1,35495,0,0,6127,10200,13889,5277,0,0,0,0,0
2022-06-05,port183,Buenaventura,4,2,13863,1108,0,10489,1322,0,2050,0,1108,0,0,0
2022-06-06,port183,Buenaventura,1,0,35498,0,35498,0,0,0,0,0,0,0,0,0
2022-06-07,port183,Buenaventura,3,0,60086,643,54575,0,0,5510,0,0,0,0,643,0
2022-06-08,port183,Buenaventura,4,2,50151,0,18203,26574,0,5373,0,0,0,0,0,0
2022-06-09,port183,Buenaventura,3,1,29102,0,0,27782,0,0,1319,0,0,0,0,0
2022-06-10,port183,Buenaventura,2,2,11121,4658,0,11121,0,0,0,0,4658,0,0,0
2022-06-11,port183,Buenaventura,5,2,89224,311,49840,34206,0,5176,0,0,0,0,311,0
2022-06-12,port183,Buenaventura,6,3,79093,26930,54605,11189,0,13298,0,0,26930,0,0,0
2022-06-13,port183,Buenaventura,3,2,10824,6474,5239,5585,0,0,0,0,6474,0,0,0
2022-06-14,port183,Buenaventura,2,1,10825,0,3293,7531,0,0,0,0,0,0,0,0
2022-06-15,port183,Buenaventura,3,2,10208,0,0,10208,0,0,0,0,0,0,0,0
2022-06-16,port183,Buenaventura,1,1,0,1385,0,0,0,0,0,0,1385,0,0,0
2022-06-17,port183,Buenaventura,2,1,1444,0,0,543,0,901,0,0,0,0,0,0
2022-06-18,port183,Buenaventura,2,1,59377,0,53269,6107,0,0,0,0,0,0,0,0
2022-06-19,port183,Buenaventura,4,2,47310,606,33796,7889,5624,0,0,0,0,606,0,0
2022-06-20,port183,Buenaventura,2,1,7811,3105,7811,0,0,0,0,0,3105,0,0,0
2022-06-21,port183,Buenaventura,3,2,10399,29556,0,10399,0,0,0,29556,0,0,0,0
2022-06-22,port183,Buenaventura,4,2,12908,321,0,7966,4942,0,0,0,321,0,0,0
2022-06-23,port183,Buenaventura,2,0,5238,0,5238,0,0,0,0,0,0,0,0,0
2022-06-24,port183,Buenaventura,3,2,42569,0,0,10313,0,32256,0,0,0,0,0,0
2022-06-25,port183,Buenaventura,2,0,29252,0,29252,0,0,0,0,0,0,0,0,0
2022-06-26,port183,Buenaventura,2,1,986,3937,0,0,0,0,986,0,3871,0,0,66
2022-06-27,port183,Buenaventura,6,2,81282,5863,70658,10624,0,0,0,5254,609,0,0,0
2022-06-28,port183,Buenaventura,2,1,8823,0,0,5562,0,0,3261,0,0,0,0,0
2022-06-29,port183,Buenaventura,3,2,19530,0,0,18827,0,703,0,0,0,0,0,0
2022-06-30,port183,Buenaventura,7,2,62926,0,30568,26577,3101,2678,0,0,0,0,0,0
2022-07-01,port183,Buenaventura,2,1,13403,2262,0,13403,0,0,0,0,0,0,0,2262
2022-07-02,port183,Buenaventura,2,1,60832,0,49849,10983,0,0,0,0,0,0,0,0
2022-07-03,port183,Buenaventura,4,1,9384,0,0,4664,4719,0,0,0,0,0,0,0
2022-07-04,port183,Buenaventura,2,1,2690,1229,0,2690,0,0,0,0,0,0,1229,0
2022-07-05,port183,Buenaventura,2,2,23302,0,0,23302,0,0,0,0,0,0,0,0
2022-07-06,port183,Buenaventura,3,0,54885,0,51794,0,0,3090,0,0,0,0,0,0
2022-07-07,port183,Buenaventura,6,2,66594,0,54535,11033,0,0,1025,0,0,0,0,0
2022-07-08,port183,Buenaventura,3,0,80656,0,79111,0,0,0,1544,0,0,0,0,0
2022-07-09,port183,Buenaventura,4,2,63102,9755,50208,12894,0,0,0,8141,1614,0,0,0
2022-07-10,port183,Buenaventura,3,2,7963,1614,0,5585,0,0,2378,0,1614,0,0,0
2022-07-11,port183,Buenaventura,1,1,4304,0,0,4304,0,0,0,0,0,0,0,0
2022-07-12,port183,Buenaventura,2,0,43865,0,43865,0,0,0,0,0,0,0,0,0
2022-07-13,port183,Buenaventura,4,3,29661,0,0,29661,0,0,0,0,0,0,0,0
2022-07-14,port183,Buenaventura,1,1,3656,0,0,3656,0,0,0,0,0,0,0,0
2022-07-15,port183,Buenaventura,3,1,31452,2662,31452,0,0,0,0,0,2662,0,0,0
2022-07-16,port183,Buenaventura,2,0,23203,0,23203,0,0,0,0,0,0,0,0,0
2022-07-17,port183,Buenaventura,3,2,54330,1614,47183,7147,0,0,0,0,1614,0,0,0
2022-07-18,port183,Buenaventura,3,1,61027,0,56833,4194,0,0,0,0,0,0,0,0
2022-07-19,port183,Buenaventura,2,1,37983,0,37343,640,0,0,0,0,0,0,0,0
2022-07-20,port183,Buenaventura,4,2,46853,0,0,24095,17471,5285,0,0,0,0,0,0
2022-07-21,port183,Buenaventura,2,2,39508,3664,0,39508,0,0,0,0,3664,0,0,0
2022-07-22,port183,Buenaventura,1,0,1977,0,0,0,0,1977,0,0,0,0,0,0
2022-07-23,port183,Buenaventura,2,1,3467,21949,0,0,3467,0,0,0,21949,0,0,0
2022-07-24,port183,Buenaventura,6,3,17091,1614,0,13913,0,1408,1768,0,1614,0,0,0
2022-07-25,port183,Buenaventura,4,2,28383,0,0,28383,0,0,0,0,0,0,0,0
2022-07-26,port183,Buenaventura,3,2,7818,0,0,7818,0,0,0,0,0,0,0,0
2022-07-27,port183,Buenaventura,3,3,39033,0,0,39033,0,0,0,0,0,0,0,0
2022-07-28,port183,Buenaventura,4,1,40965,0,13300,19972,0,7692,0,0,0,0,0,0
2022-07-29,port183,Buenaventura,3,2,12285,0,0,12285,0,0,0,0,0,0,0,0
2022-07-30,port183,Buenaventura,6,1,64203,2904,41567,4372,0,17372,890,2904,0,0,0,0
2022-07-31,port183,Buenaventura,3,3,10661,6256,0,10661,0,0,0,0,6256,0,0,0
2022-08-01,port183,Buenaventura,2,1,53088,3314,53088,0,0,0,0,0,3314,0,0,0
2022-08-02,port183,Buenaventura,3,2,31560,0,9278,22281,0,0,0,0,0,0,0,0
2022-08-03,port183,Buenaventura,4,4,22819,1935,0,22819,0,0,0,0,1935,0,0,0
2022-08-04,port183,Buenaventura,2,0,106297,0,106297,0,0,0,0,0,0,0,0,0
2022-08-05,port183,Buenaventura,5,2,8674,11003,5745,0,0,1942,986,0,10937,0,0,66
2022-08-06,port183,Buenaventura,0,0,0,0,0,0,0,0,0,0,0,0,0,0
2022-08-07,port183,Buenaventura,2,1,0,6228,0,0,0,0,0,0,6228,0,0,0
2022-08-08,port183,Buenaventura,2,1,34240,891,34240,0,0,0,0,0,891,0,0,0
2022-08-09,port183,Buenaventura,5,2,49617,0,35945,9673,3997,0,0,0,0,0,0,0
2022-08-10,port183,Buenaventura,3,0,23050,0,20715,0,0,2334,0,0,0,0,0,0
2022-08-11,port183,Buenaventura,2,2,26675,0,0,26675,0,0,0,0,0,0,0,0
2022-08-12,port183,Buenaventura,1,0,0,1264,0,0,0,0,0,0,0,0,1264,0
2022-08-13,port183,Buenaventura,2,1,25550,0,0,25550,0,0,0,0,0,0,0,0
2022-08-14,port183,Buenaventura,3,1,13495,1614,7909,5585,0,0,0,0,1614,0,0,0
2022-08-15,port183,Buenaventura,3,2,4691,10878,0,4691,0,0,0,0,10878,0,0,0
2022-08-16,port183,Buenaventura,7,6,28985,8030,0,26664,0,2320,0,0,8030,0,0,0
2022-08-17,port183,Buenaventura,4,2,14818,0,0,14818,0,0,0,0,0,0,0,0
2022-08-18,port183,Buenaventura,5,3,36369,1614,23833,12536,0,0,0,0,1614,0,0,0
2022-08-19,port183,Buenaventura,4,2,12333,0,0,12333,0,0,0,0,0,0,0,0
2022-08-20,port183,Buenaventura,2,1,15234,0,12772,2462,0,0,0,0,0,0,0,0
2022-08-21,port183,Buenaventura,3,3,0,5659,0,0,0,0,0,0,5659,0,0,0
2022-08-22,port183,Buenaventura,3,0,50856,52037,50856,0,0,0,0,52037,0,0,0,0
2022-08-23,port183,Buenaventura,3,1,58431,1614,52845,5585,0,0,0,0,1614,0,0,0
2022-08-24,port183,Buenaventura,3,2,50208,0,36598,13610,0,0,0,0,0,0,0,0
2022-08-25,port183,Buenaventura,3,1,19163,10967,1937,17225,0,0,0,10967,0,0,0,0
2022-08-26,port183,Buenaventura,3,1,8568,0,7581,986,0,0,0,0,0,0,0,0
2022-08-27,port183,Buenaventura,0,0,0,0,0,0,0,0,0,0,0,0,0,0
2022-08-28,port183,Buenaventura,4,4,19268,7648,0,19268,0,0,0,0,7648,0,0,0
2022-08-29,port183,Buenaventura,5,3,27565,0,3474,24091,0,0,0,0,0,0,0,0
2022-08-30,port183,Buenaventura,4,2,56576,0,32445,23692,0,438,0,0,0,0,0,0
2022-08-31,port183,Buenaventura,5,2,57988,0,29088,28899,0,0,0,0,0,0,0,0
2022-09-01,port183,Buenaventura,4,0,33815,2904,33815,0,0,0,0,2904,0,0,0,0
2022-09-02,port183,Buenaventura,4,1,59056,0,51125,1586,4719,1624,0,0,0,0,0,0
2022-09-03,port183,Buenaventura,3,3,25404,0,0,25404,0,0,0,0,0,0,0,0
2022-09-04,port183,Buenaventura,4,2,4192,15794,0,3278,0,913,0,14532,1262,0,0,0
2022-09-05,port183,Buenaventura,5,2,85494,0,61294,22609,1590,0,0,0,0,0,0,0
2022-09-06,port183,Buenaventura,2,0,0,0,0,0,0,0,0,0,0,0,0,0
2022-09-07,port183,Buenaventura,6,2,102402,9423,50283,31924,0,20195,0,9423,0,0,0,0
2022-09-08,port183,Buenaventura,1,0,1025,0,0,0,0,0,1025,0,0,0,0,0
2022-09-09,port183,Buenaventura,3,2,19129,3749,0,10169,0,8959,0,0,3749,0,0,0
2022-09-10,port183,Buenaventura,2,2,5585,12689,0,5585,0,0,0,0,12689,0,0,0
2022-09-11,port183,Buenaventura,3,2,9934,1614,0,9934,0,0,0,0,1614,0,0,0
2022-09-12,port183,Buenaventura,5,1,22818,11023,22049,769,0,0,0,11023,0,0,0,0
2022-09-13,port183,Buenaventura,2,2,8285,1614,0,8285,0,0,0,0,1614,0,0,0
2022-09-14,port183,Buenaventura,6,4,85671,330,52847,16574,0,16249,0,0,330,0,0,0
2022-09-15,port183,Buenaventura,4,1,10402,672,0,2189,5624,1601,986,0,0,606,0,66
2022-09-16,port183,Buenaventura,2,1,30178,2191,0,0,0,30178,0,0,2191,0,0,0
2022-09-17,port183,Buenaventura,3,1,17647,0,0,12993,4090,0,563,0,0,0,0,0
2022-09-18,port183,Buenaventura,1,1,5585,1614,0,5585,0,0,0,0,1614,0,0,0
2022-09-19,port183,Buenaventura,6,2,66912,66,61553,4372,0,0,986,0,0,0,0,66
2022-09-20,port183,Buenaventura,1,0,34199,0,34199,0,0,0,0,0,0,0,0,0
2022-09-21,port183,Buenaventura,4,2,20457,0,5209,9293,5954,0,0,0,0,0,0,0
2022-09-22,port183,Buenaventura,1,1,5585,1614,0,5585,0,0,0,0,1614,0,0,0
2022-09-23,port183,Buenaventura,4,2,2256,34108,0,0,0,0,2256,0,5501,0,28606,0
2022-09-24,port183,Buenaventura,3,1,8199,3688,0,3553,0,4645,0,3688,0,0,0,0
2022-09-25,port183,Buenaventura,2,0,5624,606,0,0,5624,0,0,0,0,606,0,0
2022-09-26,port183,Buenaventura,4,1,68734,606,41749,5424,5624,15935,0,0,0,606,0,0
2022-09-27,port183,Buenaventura,3,2,57687,4257,52101,5585,0,0,0,0,4257,0,0,0
2022-09-28,port183,Buenaventura,4,3,21442,0,0,21058,0,383,0,0,0,0,0,0
2022-09-29,port183,Buenaventura,3,0,8781,28883,0,0,8781,0,0,28883,0,0,0,0
2022-09-30,port183,Buenaventura,5,3,45343,3099,0,25252,20090,0,0,0,3099,0,0,0
2022-10-01,port183,Buenaventura,2,2,11982,0,0,11982,0,0,0,0,0,0,0,0
2022-10-02,port183,Buenaventura,2,0,0,18096,0,0,0,0,0,0,0,0,18096,0
2022-10-03,port183,Buenaventura,4,4,11369,4712,0,11369,0,0,0,0,4712,0,0,0
2022-10-04,port183,Buenaventura,6,2,131559,0,126851,4708,0,0,0,0,0,0,0,0
2022-10-05,port183,Buenaventura,2,1,7703,0,0,7703,0,0,0,0,0,0,0,0
2022-10-06,port183,Buenaventura,1,1,22157,0,0,22157,0,0,0,0,0,0,0,0
2022-10-07,port183,Buenaventura,6,3,13492,0,1050,12442,0,0,0,0,0,0,0,0
2022-10-08,port183,Buenaventura,3,1,58591,6752,58591,0,0,0,0,0,6752,0,0,0
2022-10-09,port183,Buenaventura,3,3,14038,16427,0,14038,0,0,0,0,16427,0,0,0
2022-10-10,port183,Buenaventura,2,1,2389,5381,0,0,0,0,2389,0,5381,0,0,0
2022-10-11,port183,Buenaventura,4,2,59608,1952,51068,3029,0,5510,0,0,1309,0,643,0
2022-10-12,port183,Buenaventura,4,3,67040,0,31805,35235,0,0,0,0,0,0,0,0
2022-10-13,port183,Buenaventura,3,1,9080,0,0,4174,693,4212,0,0,0,0,0,0
2022-10-14,port183,Buenaventura,3,2,40592,0,36879,3713,0,0,0,0,0,0,0,0
2022-10-15,port183,Buenaventura,1,1,28706,0,0,28706,0,0,0,0,0,0,0,0
2022-10-16,port183,Buenaventura,6,4,29996,10131,527,27654,0,1813,0,0,10131,0,0,0
2022-10-17,port183,Buenaventura,3,0,6449,4910,1107,0,5342,0,0,0,0,4910,0,0
2022-10-18,port183,Buenaventura,2,2,2262,0,0,2262,0,0,0,0,0,0,0,0
2022-10-19,port183,Buenaventura,3,1,11282,51964,0,8718,0,0,2563,51964,0,0,0,0
2022-10-20,port183,Buenaventura,4,2,17921,0,0,12965,0,4955,0,0,0,0,0,0
2022-10-21,port183,Buenaventura,3,1,98070,0,90768,7301,0,0,0,0,0,0,0,0
2022-10-22,port183,Buenaventura,1,0,0,0,0,0,0,0,0,0,0,0,0,0
2022-10-23,port183,Buenaventura,3,2,12086,4451,0,12086,0,0,0,0,4451,0,0,0
2022-10-24,port183,Buenaventura,5,3,71135,2403,64002,7132,0,0,0,0,2403,0,0,0
2022-10-25,port183,Buenaventura,5,2,46189,0,43357,2831,0,0,0,0,0,0,0,0
2022-10-26,port183,Buenaventura,3,2,29419,4763,0,24548,4870,0,0,0,4763,0,0,0
2022-10-27,port183,Buenaventura,3,1,20659,4142,20659,0,0,0,0,2904,1237,0,0,0
2022-10-28,port183,Buenaventura,3,3,4031,3859,0,4031,0,0,0,0,3859,0,0,0
2022-10-29,port183,Buenaventura,3,0,18868,606,13243,0,5624,0,0,0,0,606,0,0
2022-10-30,port183,Buenaventura,2,0,4676,498,0,0,0,4676,0,0,0,0,498,0
2022-10-31,port183,Buenaventura,5,3,19823,0,0,16387,3435,0,0,0,0,0,0,0
2022-11-01,port183,Buenaventura,3,2,9714,12305,0,9714,0,0,0,0,945,0,11360,0
2022-11-02,port183,Buenaventura,4,1,986,6158,0,0,0,0,986,6092,0,0,0,66
2022-11-03,port183,Buenaventura,1,0,0,0,0,0,0,0,0,0,0,0,0,0
2022-11-04,port183,Buenaventura,2,1,25997,0,16306,9691,0,0,0,0,0,0,0,0
2022-11-05,port183,Buenaventura,3,1,11842,77414,0,11842,0,0,0,77414,0,0,0,0
2022-11-06,port183,Buenaventura,0,0,0,0,0,0,0,0,0,0,0,0,0,0
2022-11-07,port183,Buenaventura,6,4,29289,4343,13693,15596,0,0,0,0,2735,0,1607,0
2022-11-08,port183,Buenaventura,4,1,55706,4519,47355,5585,0,0,2766,2904,1614,0,0,0
2022-11-09,port183,Buenaventura,4,2,65075,3035,51615,6031,7429,0,0,0,3035,0,0,0
2022-11-10,port183,Buenaventura,1,0,16560,0,16560,0,0,0,0,0,0,0,0,0
2022-11-11,port183,Buenaventura,2,1,16932,3518,16932,0,0,0,0,0,3518,0,0,0
2022-11-12,port183,Buenaventura,3,2,22103,0,0,22103,0,0,0,0,0,0,0,0
2022-11-13,port183,Buenaventura,4,2,16504,2195,0,10993,0,5510,0,0,1552,0,643,0
2022-11-14,port183,Buenaventura,6,3,57023,48826,37088,14424,0,5510,0,41758,6424,0,643,0
2022-11-15,port183,Buenaventura,5,3,25855,66,0,12261,0,12607,986,0,0,0,0,66
2022-11-16,port183,Buenaventura,4,2,69722,2904,55664,14058,0,0,0,2904,0,0,0,0
2022-11-17,port183,Buenaventura,1,1,15733,0,0,15733,0,0,0,0,0,0,0,0
2022-11-18,port183,Buenaventura,3,2,14144,9997,7940,6203,0,0,0,0,9997,0,0,0
2022-11-19,port183,Buenaventura,3,1,51158,5344,35443,0,15714,0,0,0,5344,0,0,0
2022-11-20,port183,Buenaventura,4,3,16588,1614,0,16588,0,0,0,0,1614,0,0,0
2022-11-21,port183,Buenaventura,4,2,48797,4519,41038,7758,0,0,0,2904,1614,0,0,0
2022-11-22,port183,Buenaventura,3,3,2037,662,0,2037,0,0,0,0,662,0,0,0
2022-11-23,port183,Buenaventura,2,1,14806,0,0,14806,0,0,0,0,0,0,0,0
2022-11-24,port183,Buenaventura,1,0,0,0,0,0,0,0,0,0,0,0,0,0
2022-11-25,port183,Buenaventura,3,3,4928,6606,0,4928,0,0,0,0,6606,0,0,0
2022-11-26,port183,Buenaventura,3,2,17426,0,0,17426,0,0,0,0,0,0,0,0
2022-11-27,port183,Buenaventura,1,0,0,25525,0,0,0,0,0,25525,0,0,0,0
2022-11-28,port183,Buenaventura,7,5,57187,56565,43023,9154,0,5009,0,0,56565,0,0,0
2022-11-29,port183,Buenaventura,2,0,8345,606,2720,0,5624,0,0,0,0,606,0,0
2022-11-30,port183,Buenaventura,4,1,11085,0,1170,9915,0,0,0,0,0,0,0,0
2022-12-01,port183,Buenaventura,1,1,25226,0,0,25226,0,0,0,0,0,0,0,0
2022-12-02,port183,Buenaventura,3,2,3455,1222,0,3455,0,0,0,0,1222,0,0,0
2022-12-03,port183,Buenaventura,4,1,27177,0,17488,9689,0,0,0,0,0,0,0,0
2022-12-04,port183,Buenaventura,5,3,42736,1338,11631,13100,0,18003,0,0,1338,0,0,0
2022-12-05,port183,Buenaventura,2,1,29879,0,0,16110,0,13768,0,0,0,0,0,0
2022-12-06,port183,Buenaventura,5,4,21234,985,3443,17790,0,0,0,0,985,0,0,0
2022-12-07,port183,Buenaventura,6,2,76893,0,51466,25427,0,0,0,0,0,0,0,0
2022-12-08,port183,Buenaventura,5,1,89710,0,85297,4413,0,0,0,0,0,0,0,0
2022-12-09,port183,Buenaventura,2,2,0,8576,0,0,0,0,0,0,8576,0,0,0
2022-12-10,port183,Buenaventura,3,2,9155,0,0,6016,0,0,3138,0,0,0,0,0
2022-12-11,port183,Buenaventura,9,2,64377,2426,53735,9185,1456,0,0,0,0,2426,0,0
2022-12-12,port183,Buenaventura,2,0,3006,764,0,0,3006,0,0,0,0,0,764,0
2022-12-13,port183,Buenaventura,4,2,53630,12830,53630,0,0,0,0,11599,1230,0,0,0
2022-12-14,port183,Buenaventura,4,3,13120,0,0,10887,0,0,2233,0,0,0,0,0
2022-12-15,port183,Buenaventura,4,2,35876,0,13402,14272,8201,0,0,0,0,0,0,0
2022-12-16,port183,Buenaventura,2,1,2122,1560,0,2122,0,0,0,1560,0,0,0,0
2022-12-17,port183,Buenaventura,2,1,14105,0,0,14105,0,0,0,0,0,0,0,0
2022-12-18,port183,Buenaventura,5,3,73521,777,61213,12308,0,0,0,0,777,0,0,0
2022-12-19,port183,Buenaventura,4,3,1803,1056,0,1803,0,0,0,0,1056,0,0,0
2022-12-20,port183,Buenaventura,4,3,12145,22989,0,12145,0,0,0,9257,13732,0,0,0
2022-12-21,port183,Buenaventura,2,2,14097,0,0,14097,0,0,0,0,0,0,0,0
2022-12-22,port183,Buenaventura,3,0,33841,74475,32855,0,0,0,986,74408,0,0,0,66
2022-12-23,port183,Buenaventura,1,0,0,2782,0,0,0,0,0,2782,0,0,0,0
2022-12-24,port183,Buenaventura,5,2,14678,5047,485,12909,0,1284,0,0,5047,0,0,0
2022-12-25,port183,Buenaventura,3,2,10390,3112,0,6098,0,4292,0,0,3112,0,0,0
2022-12-26,port183,Buenaventura,5,4,11075,1511,0,9221,0,1854,0,0,1511,0,0,0
2022-12-27,port183,Buenaventura,5,2,15109,6446,8537,5585,0,0,986,0,6380,0,0,66
2022-12-28,port183,Buenaventura,5,2,55708,4519,49035,6672,0,0,0,2904,1614,0,0,0
2022-12-29,port183,Buenaventura,1,1,0,2186,0,0,0,0,0,0,2186,0,0,0
2022-12-30,port183,Buenaventura,5,0,40992,16345,40992,0,0,0,0,12184,0,4161,0,0
2022-12-31,port183,Buenaventura,1,1,0,9924,0,0,0,0,0,0,9924,0,0,0
2023-01-01,port183,Buenaventura,3,3,18574,3228,0,18574,0,0,0,0,3228,0,0,0
2023-01-02,port183,Buenaventura,2,1,22547,0,0,5497,17050,0,0,0,0,0,0,0
2023-01-03,port183,Buenaventura,2,2,26934,3007,0,26934,0,0,0,0,3007,0,0,0
2023-01-04,port183,Buenaventura,7,3,21766,2656,0,7032,14733,0,0,1097,1558,0,0,0
2023-01-05,port183,Buenaventura,4,1,37934,0,26762,10544,0,626,0,0,0,0,0,0
2023-01-06,port183,Buenaventura,5,2,47060,3714,37615,4645,4799,0,0,0,3714,0,0,0
2023-01-07,port183,Buenaventura,3,1,6782,1614,0,5585,0,0,1197,0,1614,0,0,0
2023-01-08,port183,Buenaventura,4,2,40963,13315,30721,10241,0,0,0,11701,1614,0,0,0
2023-01-09,port183,Buenaventura,5,3,24450,1614,0,24450,0,0,0,0,1614,0,0,0
2023-01-10,port183,Buenaventura,3,1,7691,318,2951,0,4740,0,0,0,318,0,0,0
2023-01-11,port183,Buenaventura,3,2,38183,0,9985,28198,0,0,0,0,0,0,0,0
2023-01-12,port183,Buenaventura,3,1,17892,0,7150,8183,0,0,2559,0,0,0,0,0
2023-01-13,port183,Buenaventura,3,1,27220,1550,26835,0,0,385,0,0,1550,0,0,0
2023-01-14,port183,Buenaventura,0,0,0,0,0,0,0,0,0,0,0,0,0,0
2023-01-15,port183,Buenaventura,7,5,53500,11610,39552,13948,0,0,0,0,11610,0,0,0
2023-01-16,port183,Buenaventura,1,0,890,0,0,0,0,0,890,0,0,0,0,0
2023-01-17,port183,Buenaventura,1,1,5585,1614,0,5585,0,0,0,0,1614,0,0,0
2023-01-18,port183,Buenaventura,3,2,18866,7599,0,330,0,18536,0,0,7599,0,0,0
2023-01-19,port183,Buenaventura,1,1,8812,0,0,8812,0,0,0,0,0,0,0,0
2023-01-20,port183,Buenaventura,2,1,1677,6668,1677,0,0,0,0,0,6668,0,0,0
2023-01-21,port183,Buenaventura,1,1,0,6853,0,0,0,0,0,0,6853,0,0,0
2023-01-22,port183,Buenaventura,2,2,6354,0,0,6354,0,0,0,0,0,0,0,0
2023-01-23,port183,Buenaventura,3,2,1208,2509,0,1208,0,0,0,0,2509,0,0,0
2023-01-24,port183,Buenaventura,4,2,23975,1614,14212,9762,0,0,0,0,1614,0,0,0
2023-01-25,port183,Buenaventura,0,0,0,0,0,0,0,0,0,0,0,0,0,0
2023-01-26,port183,Buenaventura,3,1,14833,643,0,9323,0,5510,0,0,0,0,643,0
2023-01-27,port183,Buenaventura,5,1,62109,5916,62109,0,0,0,0,0,5916,0,0,0
2023-01-28,port183,Buenaventura,3,1,21553,1614,12808,5585,0,0,3160,0,1614,0,0,0
2023-01-29,port183,Buenaventura,4,4,9419,3061,0,9419,0,0,0,0,3061,0,0,0
2023-01-30,port183,Buenaventura,4,2,26296,1614,0,26296,0,0,0,0,1614,0,0,0
2023-01-31,port183,Buenaventura,5,3,17264,4204,583,11170,0,5510,0,0,3560,0,643,0
2023-02-01,port183,Buenaventura,3,1,4808,4510,0,0,3623,0,1185,0,4510,0,0,0
2023-02-02,port183,Buenaventura,2,0,0,11733,0,0,0,0,0,0,0,0,11733,0
2023-02-03,port183,Buenaventura,1,0,0,40850,0,0,0,0,0,40850,0,0,0,0
2023-02-04,port183,Buenaventura,4,3,24364,1592,6262,18102,0,0,0,0,1592,0,0,0
2023-02-05,port183,Buenaventura,7,5,68020,14568,58557,9463,0,0,0,0,14568,0,0,0
2023-02-06,port183,Buenaventura,5,2,95139,2747,84044,5585,0,5510,0,0,2104,0,643,0
2023-02-07,port183,Buenaventura,3,2,24000,0,0,20229,3770,0,0,0,0,0,0,0
2023-02-08,port183,Buenaventura,3,2,27248,7819,20659,6588,0,0,0,2904,4914,0,0,0
2023-02-09,port183,Buenaventura,3,2,33791,6525,25022,8768,0,0,0,0,6525,0,0,0
2023-02-10,port183,Buenaventura,1,1,0,4493,0,0,0,0,0,0,4493,0,0,0
2023-02-11,port183,Buenaventura,3,1,30496,643,17968,7018,0,5510,0,0,0,0,643,0
2023-02-12,port183,Buenaventura,5,4,40518,2856,28426,12091,0,0,0,0,2856,0,0,0
2023-02-13,port183,Buenaventura,7,4,22884,4856,0,4594,0,17777,512,1119,3736,0,0,0
2023-02-14,port183,Buenaventura,4,2,8386,1945,0,5585,0,0,2801,0,1945,0,0,0
2023-02-15,port183,Buenaventura,5,2,23610,1201,18068,5541,0,0,0,0,1201,0,0,0
2023-02-16,port183,Buenaventura,5,3,57985,8242,50323,2150,0,5510,0,0,7598,0,643,0
2023-02-17,port183,Buenaventura,3,0,43212,12643,43212,0,0,0,0,12643,0,0,0,0
2023-02-18,port183,Buenaventura,3,0,38445,0,38445,0,0,0,0,0,0,0,0,0
2023-02-19,port183,Buenaventura,5,3,46895,3098,40623,6272,0,0,0,0,3098,0,0,0
2023-02-20,port183,Buenaventura,4,4,15123,8971,0,15123,0,0,0,0,8971,0,0,0
2023-02-21,port183,Buenaventura,5,2,6181,1277,0,671,0,5510,0,0,634,0,643,0
2023-02-22,port183,Buenaventura,4,3,9802,11980,2419,7382,0,0,0,0,11980,0,0,0
2023-02-23,port183,Buenaventura,1,1,5585,1614,0,5585,0,0,0,0,1614,0,0,0
2023-02-24,port183,Buenaventura,1,0,18237,0,0,0,18237,0,0,0,0,0,0,0
2023-02-25,port183,Buenaventura,3,1,3287,12010,0,3287,0,0,0,0,0,0,12010,0
2023-02-26,port183,Buenaventura,4,1,15238,23299,7906,7332,0,0,0,23299,0,0,0,0
2023-02-27,port183,Buenaventura,4,3,20582,11427,8119,12462,0,0,0,0,11427,0,0,0
2023-02-28,port183,Buenaventura,2,1,5624,2116,0,0,5624,0,0,0,1510,606,0,0
2023-03-01,port183,Buenaventura,6,4,58640,9386,53031,5609,0,0,0,0,5418,0,3968,0
2023-03-02,port183,Buenaventura,2,1,27310,1614,21724,5585,0,0,0,0,1614,0,0,0
2023-03-03,port183,Buenaventura,4,0,68284,0,53876,0,958,13449,0,0,0,0,0,0
2023-03-04,port183,Buenaventura,2,1,3695,73556,0,3695,0,0,0,73556,0,0,0,0
2023-03-05,port183,Buenaventura,6,3,66384,4843,54998,5585,3059,2741,0,0,4843,0,0,0
2023-03-06,port183,Buenaventura,2,1,19639,1807,0,0,0,19639,0,0,1807,0,0,0
2023-03-07,port183,Buenaventura,3,1,14061,643,0,8550,0,5510,0,0,0,0,643,0
2023-03-08,port183,Buenaventura,6,4,57857,319,24638,29205,0,4013,0,0,319,0,0,0
2023-03-09,port183,Buenaventura,0,0,0,0,0,0,0,0,0,0,0,0,0,0
2023-03-10,port183,Buenaventura,3,0,10717,66,6229,0,3500,0,986,0,0,0,0,66
2023-03-11,port183,Buenaventura,3,2,4494,3305,0,526,0,3968,0,0,3305,0,0,0
2023-03-12,port183,Buenaventura,4,3,12912,1614,0,12912,0,0,0,0,1614,0,0,0
2023-03-13,port183,Buenaventura,4,2,60457,1614,41554,18903,0,0,0,0,1614,0,0,0
2023-03-14,port183,Buenaventura,4,1,2779,44385,1669,0,0,0,1110,43623,761,0,0,0
2023-03-15,port183,Buenaventura,4,2,34933,2904,20659,14274,0,0,0,2904,0,0,0,0
2023-03-16,port183,Buenaventura,6,3,35525,18066,24298,10240,0,0,986,0,13357,0,4642,66
2023-03-17,port183,Buenaventura,2,1,35746,0,31984,3761,0,0,0,0,0,0,0,0
2023-03-18,port183,Buenaventura,3,0,75606,0,58062,0,0,17544,0,0,0,0,0,0
2023-03-19,port183,Buenaventura,3,3,7987,1949,0,7987,0,0,0,0,1949,0,0,0
2023-03-20,port183,Buenaventura,6,3,80996,1951,55927,25068,0,0,0,0,1951,0,0,0
2023-03-21,port183,Buenaventura,3,0,12050,57046,12050,0,0,0,0,57046,0,0,0,0
2023-03-22,port183,Buenaventura,5,3,14355,6429,0,9984,0,0,4371,0,6429,0,0,0
2023-03-23,port183,Buenaventura,3,2,5864,7286,0,5864,0,0,0,0,2643,0,4642,0
2023-03-24,port183,Buenaventura,2,0,7626,643,2115,0,0,5510,0,0,0,0,643,0
2023-03-25,port183,Buenaventura,5,4,52978,5524,23926,29051,0,0,0,0,5524,0,0,0
2023-03-26,port183,Buenaventura,5,3,37506,7045,29851,0,0,7655,0,0,7045,0,0,0
2023-03-27,port183,Buenaventura,2,1,22535,962,22535,0,0,0,0,0,962,0,0,0
2023-03-28,port183,Buenaventura,6,2,72334,6426,59004,12814,0,0,515,0,1614,0,4812,0
2023-03-29,port183,Buenaventura,5,1,28682,42374,0,1664,19698,4184,3134,42374,0,0,0,0
2023-03-30,port183,Buenaventura,3,2,19021,769,0,19021,0,0,0,0,0,0,769,0
2023-03-31,port183,Buenaventura,1,1,0,2687,0,0,0,0,0,0,2687,0,0,0
2023-04-01,port183,Buenaventura,4,1,47955,0,33558,1234,13162,0,0,0,0,0,0,0
2023-04-02,port183,Buenaventura,4,2,31804,8824,20659,11144,0,0,0,2904,1614,0,4305,0
2023-04-03,port183,Buenaventura,3,2,22349,0,7624,14725,0,0,0,0,0,0,0,0
2023-04-04,port183,Buenaventura,7,2,105123,17034,100604,4518,0,0,0,17034,0,0,0,0
2023-04-05,port183,Buenaventura,4,3,11904,1931,0,11904,0,0,0,0,1931,0,0,0
2023-04-06,port183,Buenaventura,3,2,12837,500,0,12837,0,0,0,0,500,0,0,0
2023-04-07,port183,Buenaventura,1,0,0,4136,0,0,0,0,0,0,0,0,4136,0
2023-04-08,port183,Buenaventura,4,3,16953,7827,0,15966,0,0,986,0,7761,0,0,66
2023-04-09,port183,Buenaventura,5,0,92384,3403,87707,0,0,4676,0,2904,0,0,498,0
2023-04-10,port183,Buenaventura,6,3,87655,1614,69684,17970,0,0,0,0,1614,0,0,0
2023-04-11,port183,Buenaventura,3,1,57532,1614,50376,5585,0,1570,0,0,1614,0,0,0
2023-04-12,port183,Buenaventura,5,3,27152,2653,10193,11448,0,5510,0,0,2009,0,643,0
2023-04-13,port183,Buenaventura,4,2,44918,8756,25625,19293,0,0,0,2904,5851,0,0,0
2023-04-14,port183,Buenaventura,3,2,0,2106,0,0,0,0,0,472,1634,0,0,0
2023-04-15,port183,Buenaventura,2,1,48450,0,34725,13724,0,0,0,0,0,0,0,0
2023-04-16,port183,Buenaventura,3,2,3713,4812,0,3713,0,0,0,0,0,0,4812,0
2023-04-17,port183,Buenaventura,4,3,59844,0,47174,12670,0,0,0,0,0,0,0,0
2023-04-18,port183,Buenaventura,2,2,46405,0,0,46405,0,0,0,0,0,0,0,0
2023-04-19,port183,Buenaventura,5,3,28594,3543,23159,4448,0,0,986,0,3477,0,0,66
2023-04-20,port183,Buenaventura,4,2,60005,0,44291,14834,879,0,0,0,0,0,0,0
2023-04-21,port183,Buenaventura,4,0,66753,0,54692,0,0,12061,0,0,0,0,0,0
2023-04-22,port183,Buenaventura,1,0,9132,0,9132,0,0,0,0,0,0,0,0,0
2023-04-23,port183,Buenaventura,3,3,27153,1614,0,27153,0,0,0,0,1614,0,0,0
2023-04-24,port183,Buenaventura,1,1,3221,0,0,3221,0,0,0,0,0,0,0,0
2023-04-25,port183,Buenaventura,4,1,40009,0,27850,12159,0,0,0,0,0,0,0,0
2023-04-26,port183,Buenaventura,4,2,66511,4812,51900,14611,0,0,0,0,0,0,4812,0
2023-04-27,port183,Buenaventura,4,2,79033,2521,77267,1766,0,0,0,0,2521,0,0,0
2023-04-28,port183,Buenaventura,1,1,2483,0,0,2483,0,0,0,0,0,0,0,0
2023-04-29,port183,Buenaventura,2,0,7887,0,6997,0,0,0,890,0,0,0,0,0
2023-04-30,port183,Buenaventura,5,3,50640,1614,19355,13480,0,17804,0,0,1614,0,0,0
2023-05-01,port183,Buenaventura,3,1,38450,0,36817,1632,0,0,0,0,0,0,0,0
2023-05-02,port183,Buenaventura,4,2,30925,491,548,24710,0,5666,0,0,491,0,0,0
2023-05-03,port183,Buenaventura,4,3,6934,4406,0,6934,0,0,0,0,4406,0,0,0
2023-05-04,port183,Buenaventura,9,4,94461,4878,48118,41896,3459,0,986,0,0,0,4812,66
2023-05-05,port183,Buenaventura,3,0,79922,0,79922,0,0,0,0,0,0,0,0,0
2023-05-06,port183,Buenaventura,5,0,45254,0,36386,0,8868,0,0,0,0,0,0,0
2023-05-07,port183,Buenaventura,2,2,5585,7678,0,5585,0,0,0,0,7678,0,0,0
2023-05-08,port183,Buenaventura,3,2,26995,1868,0,23358,0,3637,0,0,1868,0,0,0
2023-05-09,port183,Buenaventura,2,1,9693,0,8185,1507,0,0,0,0,0,0,0,0
2023-05-10,port183,Buenaventura,5,4,45017,1811,33504,11512,0,0,0,0,1811,0,0,0
2023-05-11,port183,Buenaventura,1,1,0,5015,0,0,0,0,0,0,5015,0,0,0
2023-05-12,port183,Buenaventura,4,2,22252,0,16431,5821,0,0,0,0,0,0,0,0
2023-05-13,port183,Buenaventura,4,1,0,17238,0,0,0,0,0,0,12256,0,4981,0
2023-05-14,port183,Buenaventura,5,3,31662,66,0,28715,0,1960,986,0,0,0,0,66
2023-05-15,port183,Buenaventura,7,3,69727,3115,66911,985,0,0,1830,0,3115,0,0,0
2023-05-16,port183,Buenaventura,5,2,35014,10510,28617,6397,0,0,0,10510,0,0,0,0
2023-05-17,port183,Buenaventura,3,3,20540,4883,0,20540,0,0,0,0,4883,0,0,0
2023-05-18,port183,Buenaventura,4,2,19295,0,0,13492,3968,0,1834,0,0,0,0,0
2023-05-19,port183,Buenaventura,3,0,33584,643,28074,0,0,5510,0,0,0,0,643,0
2023-05-20,port183,Buenaventura,1,0,1471,0,0,0,0,1471,0,0,0,0,0,0
2023-05-21,port183,Buenaventura,3,3,0,26438,0,0,0,0,0,0,26438,0,0,0
2023-05-22,port183,Buenaventura,7,3,44145,11193,37631,545,5969,0,0,0,11193,0,0,0
2023-05-23,port183,Buenaventura,2,2,4126,759,0,4126,0,0,0,0,759,0,0,0
2023-05-24,port183,Buenaventura,5,3,29530,0,14460,15069,0,0,0,0,0,0,0,0
2023-05-25,port183,Buenaventura,3,2,5585,7642,0,5585,0,0,0,0,7642,0,0,0
2023-05-26,port183,Buenaventura,3,1,0,4704,0,0,0,0,0,2408,2296,0,0,0
2023-05-27,port183,Buenaventura,3,2,29780,0,23162,6617,0,0,0,0,0,0,0,0
2023-05-28,port183,Buenaventura,7,3,50623,41002,45976,4647,0,0,0,20295,16401,0,4305,0
2023-05-29,port183,Buenaventura,4,2,13312,827,0,0,13312,0,0,0,827,0,0,0
2023-05-30,port183,Buenaventura,2,0,0,0,0,0,0,0,0,0,0,0,0,0
2023-05-31,port183,Buenaventura,3,1,66030,0,63804,2225,0,0,0,0,0,0,0,0
2023-06-01,port183,Buenaventura,5,2,99153,7433,75197,4661,0,19294,0,2904,4529,0,0,0
2023-06-02,port183,Buenaventura,2,2,10760,0,0,10760,0,0,0,0,0,0,0,0
2023-06-03,port183,Buenaventura,1,0,4691,0,0,0,0,0,4691,0,0,0,0,0
2023-06-04,port183,Buenaventura,4,3,25592,31347,0,25592,0,0,0,28628,2719,0,0,0
2023-06-05,port183,Buenaventura,6,4,36632,9445,18666,15725,0,2240,0,0,9445,0,0,0
2023-06-06,port183,Buenaventura,1,0,22419,0,22419,0,0,0,0,0,0,0,0,0
2023-06-07,port183,Buenaventura,5,2,28195,659,7187,18013,2993,0,0,0,659,0,0,0
2023-06-08,port183,Buenaventura,4,4,9498,2090,0,9498,0,0,0,0,2090,0,0,0
2023-06-09,port183,Buenaventura,4,2,107374,3228,96203,11170,0,0,0,0,3228,0,0,0
2023-06-10,port183,Buenaventura,4,3,12674,0,1927,10747,0,0,0,0,0,0,0,0
2023-06-11,port183,Buenaventura,4,3,6567,4632,0,6567,0,0,0,0,4632,0,0,0
2023-06-12,port183,Buenaventura,4,2,15693,1111,7959,5815,0,1917,0,0,1111,0,0,0
2023-06-13,port183,Buenaventura,2,2,317,684,0,317,0,0,0,0,684,0,0,0
2023-06-14,port183,Buenaventura,6,4,28252,9334,2932,22541,0,0,2778,0,9334,0,0,0
2023-06-15,port183,Buenaventura,3,1,1993,72967,0,1160,0,0,832,72967,0,0,0,0
2023-06-16,port183,Buenaventura,0,0,0,0,0,0,0,0,0,0,0,0,0,0
2023-06-17,port183,Buenaventura,0,0,0,0,0,0,0,0,0,0,0,0,0,0
2023-06-18,port183,Buenaventura,3,1,47414,5439,47414,0,0,0,0,0,5439,0,0,0
2023-06-19,port183,Buenaventura,4,3,24675,5017,0,7050,0,17624,0,0,5017,0,0,0
2023-06-20,port183,Buenaventura,4,2,33996,38337,20974,13021,0,0,0,36722,1614,0,0,0
2023-06-21,port183,Buenaventura,6,4,18618,14260,0,14807,3810,0,0,0,14260,0,0,0
2023-06-22,port183,Buenaventura,2,1,5861,0,0,5823,0,38,0,0,0,0,0,0
2023-06-23,port183,Buenaventura,2,1,3931,0,0,3931,0,0,0,0,0,0,0,0
2023-06-24,port183,Buenaventura,1,0,2061,0,0,0,0,0,2061,0,0,0,0,0
2023-06-25,port183,Buenaventura,4,2,16936,20157,0,10911,0,5510,514,0,19513,0,643,0
2023-06-26,port183,Buenaventura,7,5,65500,9372,59136,6363,0,0,0,1749,7623,0,0,0
2023-06-27,port183,Buenaventura,4,3,7617,52869,0,7617,0,0,0,51785,1084,0,0,0
2023-06-28,port183,Buenaventura,3,3,9037,0,0,9037,0,0,0,0,0,0,0,0
2023-06-29,port183,Buenaventura,2,0,20659,13345,20659,0,0,0,0,2904,0,0,10440,0
2023-06-30,port183,Buenaventura,2,1,8191,0,0,8191,0,0,0,0,0,0,0,0
2023-07-01,port183,Buenaventura,1,1,2647,0,0,2647,0,0,0,0,0,0,0,0
2023-07-02,port183,Buenaventura,3,2,19246,3157,13661,5585,0,0,0,0,3157,0,0,0
2023-07-03,port183,Buenaventura,6,5,11369,2732,0,11369,0,0,0,0,2732,0,0,0
2023-07-04,port183,Buenaventura,4,2,51212,2904,20659,17926,0,12626,0,2904,0,0,0,0
2023-07-05,port183,Buenaventura,6,3,38445,3406,20659,17786,0,0,0,2904,501,0,0,0
2023-07-06,port183,Buenaventura,2,1,29490,0,24802,4687,0,0,0,0,0,0,0,0
2023-07-07,port183,Buenaventura,0,0,0,0,0,0,0,0,0,0,0,0,0,0
2023-07-08,port183,Buenaventura,3,1,25253,5413,25253,0,0,0,0,0,5413,0,0,0
2023-07-09,port183,Buenaventura,1,0,0,0,0,0,0,0,0,0,0,0,0,0
2023-07-10,port183,Buenaventura,4,3,19324,1614,5628,13696,0,0,0,0,1614,0,0,0
2023-07-11,port183,Buenaventura,3,1,16733,66,13557,2189,0,0,986,0,0,0,0,66
2023-07-12,port183,Buenaventura,5,4,14438,27025,0,14438,0,0,0,25754,1271,0,0,0
2023-07-13,port183,Buenaventura,8,4,51479,4006,8758,42721,0,0,0,0,3228,0,777,0
2023-07-14,port183,Buenaventura,2,1,10832,0,9601,1230,0,0,0,0,0,0,0,0
2023-07-15,port183,Buenaventura,4,2,8057,1254,0,6653,0,381,1022,0,1254,0,0,0
2023-07-16,port183,Buenaventura,6,3,49497,19035,48201,785,0,0,509,0,19035,0,0,0
2023-07-17,port183,Buenaventura,4,2,6126,1614,0,6126,0,0,0,0,1614,0,0,0
2023-07-18,port183,Buenaventura,6,2,132436,0,117267,2930,0,12239,0,0,0,0,0,0
2023-07-19,port183,Buenaventura,5,4,43003,1614,0,31496,11507,0,0,0,1614,0,0,0
2023-07-20,port183,Buenaventura,3,1,25543,2009,25543,0,0,0,0,0,2009,0,0,0
2023-07-21,port183,Buenaventura,2,2,9309,1614,0,9309,0,0,0,0,1614,0,0,0
2023-07-22,port183,Buenaventura,3,1,65002,0,57260,7741,0,0,0,0,0,0,0,0
2023-07-23,port183,Buenaventura,2,2,0,3237,0,0,0,0,0,0,3237,0,0,0
2023-07-24,port183,Buenaventura,4,3,8877,3211,3291,5585,0,0,0,0,3211,0,0,0
2023-07-25,port183,Buenaventura,1,0,0,0,0,0,0,0,0,0,0,0,0,0
2023-07-26,port183,Buenaventura,4,3,34460,631,25017,9442,0,0,0,0,631,0,0,0
2023-07-27,port183,Buenaventura,2,1,21965,0,0,21965,0,0,0,0,0,0,0,0
2023-07-28,port183,Buenaventura,2,2,13820,3513,0,13820,0,0,0,0,3513,0,0,0
2023-07-29,port183,Buenaventura,3,0,23927,0,12134,0,0,8332,3460,0,0,0,0,0
2023-07-30,port183,Buenaventura,6,4,25210,12067,17983,7227,0,0,0,0,12067,0,0,0
2023-07-31,port183,Buenaventura,4,3,7908,54822,0,7908,0,0,0,54332,490,0,0,0
2023-08-01,port183,Buenaventura,2,2,11170,3228,0,11170,0,0,0,0,3228,0,0,0
2023-08-02,port183,Buenaventura,5,3,49398,328,19778,26119,0,0,3500,0,328,0,0,0
2023-08-03,port183,Buenaventura,2,2,1078,3036,0,1078,0,0,0,0,3036,0,0,0
2023-08-04,port183,Buenaventura,5,3,18410,2065,0,16437,0,0,1973,0,1933,0,0,132
2023-08-05,port183,Buenaventura,3,1,34192,4873,34192,0,0,0,0,0,4873,0,0,0
2023-08-06,port183,Buenaventura,2,2,23811,0,0,23811,0,0,0,0,0,0,0,0
2023-08-07,port183,Buenaventura,6,4,9062,0,0,7035,0,1370,656,0,0,0,0,0
2023-08-08,port183,Buenaventura,4,1,777,0,0,777,0,0,0,0,0,0,0,0
2023-08-09,port183,Buenaventura,3,1,10997,2917,10997,0,0,0,0,0,2917,0,0,0
2023-08-10,port183,Buenaventura,5,4,49772,7602,32804,16968,0,0,0,0,7602,0,0,0
2023-08-11,port183,Buenaventura,3,2,13747,6121,11052,2694,0,0,0,0,6121,0,0,0
2023-08-12,port183,Buenaventura,4,1,65588,3878,45706,0,19882,0,0,0,3878,0,0,0
2023-08-13,port183,Buenaventura,3,2,42794,9388,37209,5585,0,0,0,0,9388,0,0,0
2023-08-14,port183,Buenaventura,6,4,72099,1614,51833,20265,0,0,0,0,1614,0,0,0
2023-08-15,port183,Buenaventura,2,2,5585,1991,0,5585,0,0,0,0,1991,0,0,0
2023-08-16,port183,Buenaventura,2,2,16648,1002,0,16648,0,0,0,0,1002,0,0,0
2023-08-17,port183,Buenaventura,2,2,0,3284,0,0,0,0,0,0,3284,0,0,0
2023-08-18,port183,Buenaventura,1,0,11631,0,11631,0,0,0,0,0,0,0,0,0
2023-08-19,port183,Buenaventura,4,2,9216,14739,9216,0,0,0,0,0,14739,0,0,0
2023-08-20,port183,Buenaventura,3,1,49234,1154,48151,1083,0,0,0,1154,0,0,0,0
2023-08-21,port183,Buenaventura,6,5,32117,68129,0,32117,0,0,0,50860,17268,0,0,0
2023-08-22,port183,Buenaventura,2,1,34134,1614,28549,5585,0,0,0,0,1614,0,0,0
2023-08-23,port183,Buenaventura,4,1,59869,0,36308,689,0,22872,0,0,0,0,0,0
2023-08-24,port183,Buenaventura,2,1,11045,1910,0,0,0,11045,0,0,1910,0,0,0
2023-08-25,port183,Buenaventura,4,3,32537,10938,6655,25882,0,0,0,0,10938,0,0,0
2023-08-26,port183,Buenaventura,7,4,42669,7575,24376,17181,0,0,1111,0,1614,0,5961,0
2023-08-27,port183,Buenaventura,2,1,43405,1614,37820,5585,0,0,0,0,1614,0,0,0
2023-08-28,port183,Buenaventura,3,3,6431,1614,0,6431,0,0,0,0,1614,0,0,0
2023-08-29,port183,Buenaventura,3,2,15027,3228,0,11170,0,3856,0,0,3228,0,0,0
2023-08-30,port183,Buenaventura,4,3,12703,1314,4393,8309,0,0,0,0,1314,0,0,0
2023-08-31,port183,Buenaventura,5,2,26117,3531,0,0,10546,15570,0,0,3531,0,0,0
2023-09-01,port183,Buenaventura,5,1,74089,12647,58753,0,0,15335,0,0,6563,0,0,6083
2023-09-02,port183,Buenaventura,2,1,3089,2507,0,0,0,0,3089,0,2507,0,0,0
2023-09-03,port183,Buenaventura,2,1,37234,1782,37234,0,0,0,0,0,1782,0,0,0
2023-09-04,port183,Buenaventura,4,3,11170,74674,0,11170,0,0,0,55762,18911,0,0,0
2023-09-05,port183,Buenaventura,3,2,35945,0,26774,9170,0,0,0,0,0,0,0,0
2023-09-06,port183,Buenaventura,3,1,38338,2904,20659,14700,2978,0,0,2904,0,0,0,0
2023-09-07,port183,Buenaventura,5,3,21421,11515,4946,7973,8501,0,0,0,11515,0,0,0
2023-09-08,port183,Buenaventura,2,1,80323,0,53088,27234,0,0,0,0,0,0,0,0
2023-09-09,port183,Buenaventura,4,3,31829,6678,20659,11170,0,0,0,2904,3773,0,0,0
2023-09-10,port183,Buenaventura,4,1,47542,2006,47081,0,0,0,460,0,2006,0,0,0
2023-09-11,port183,Buenaventura,4,3,72681,8155,55958,16723,0,0,0,0,8155,0,0,0
2023-09-12,port183,Buenaventura,2,2,5585,1614,0,5585,0,0,0,0,1614,0,0,0
2023-09-13,port183,Buenaventura,6,2,42940,0,28295,14644,0,0,0,0,0,0,0,0
2023-09-14,port183,Buenaventura,5,4,50854,3658,39907,10947,0,0,0,0,3658,0,0,0
2023-09-15,port183,Buenaventura,5,3,39540,1680,26833,11720,0,0,986,0,1614,0,0,66
2023-09-16,port183,Buenaventura,2,1,8260,2235,8260,0,0,0,0,0,2235,0,0,0
2023-09-17,port183,Buenaventura,0,0,0,0,0,0,0,0,0,0,0,0,0,0
2023-09-18,port183,Buenaventura,7,5,86996,16761,74865,12131,0,0,0,0,16761,0,0,0
2023-09-19,port183,Buenaventura,5,2,29424,35538,23757,5666,0,0,0,35538,0,0,0,0
2023-09-20,port183,Buenaventura,3,2,32059,0,22296,9763,0,0,0,0,0,0,0,0
2023-09-21,port183,Buenaventura,3,1,87845,0,62772,25072,0,0,0,0,0,0,0,0
2023-09-22,port183,Buenaventura,6,4,12466,54122,0,6696,5769,0,0,47077,7045,0,0,0
2023-09-23,port183,Buenaventura,1,0,15087,0,15087,0,0,0,0,0,0,0,0,0
2023-09-24,port183,Buenaventura,4,0,31001,0,28782,0,0,1328,890,0,0,0,0,0
2023-09-25,port183,Buenaventura,6,4,45048,6783,30563,14484,0,0,0,2904,3878,0,0,0
2023-09-26,port183,Buenaventura,4,3,26991,0,11525,15466,0,0,0,0,0,0,0,0
2023-09-27,port183,Buenaventura,1,0,2900,0,2900,0,0,0,0,0,0,0,0,0
2023-09-28,port183,Buenaventura,4,3,71427,5658,54398,17028,0,0,0,0,5658,0,0,0
2023-09-29,port183,Buenaventura,2,0,70565,0,70565,0,0,0,0,0,0,0,0,0
2023-09-30,port183,Buenaventura,2,1,52195,1614,46609,5585,0,0,0,0,1614,0,0,0
2023-10-01,port183,Buenaventura,2,2,1103,0,0,1103,0,0,0,0,0,0,0,0
2023-10-02,port183,Buenaventura,5,2,4211,20816,1104,3106,0,0,0,20427,388,0,0,0
2023-10-03,port183,Buenaventura,4,2,32211,0,0,7493,6101,18616,0,0,0,0,0,0
2023-10-04,port183,Buenaventura,4,1,18036,509,0,14817,0,0,3219,0,0,443,0,66
2023-10-05,port183,Buenaventura,3,2,7019,2558,0,5852,0,1167,0,0,2558,0,0,0
2023-10-06,port183,Buenaventura,3,1,26929,0,22083,3263,0,1582,0,0,0,0,0,0
2023-10-07,port183,Buenaventura,6,4,67479,3228,48810,18668,0,0,0,0,3228,0,0,0
2023-10-08,port183,Buenaventura,1,0,527,0,527,0,0,0,0,0,0,0,0,0
2023-10-09,port183,Buenaventura,7,4,76835,4745,34326,36188,0,5334,986,0,4678,0,0,66
2023-10-10,port183,Buenaventura,5,3,6301,2941,0,2491,3810,0,0,0,2941,0,0,0
2023-10-11,port183,Buenaventura,3,2,30222,0,0,30222,0,0,0,0,0,0,0,0
2023-10-12,port183,Buenaventura,6,5,19400,8482,0,19400,0,0,0,547,7935,0,0,0
2023-10-13,port183,Buenaventura,1,1,2573,0,0,2573,0,0,0,0,0,0,0,0
2023-10-14,port183,Buenaventura,1,1,0,5558,0,0,0,0,0,0,5558,0,0,0
2023-10-15,port183,Buenaventura,3,2,4937,0,0,4937,0,0,0,0,0,0,0,0
2023-10-16,port183,Buenaventura,5,3,7464,2103,1102,6362,0,0,0,0,2103,0,0,0
2023-10-17,port183,Buenaventura,2,1,59670,6711,59670,0,0,0,0,0,6711,0,0,0
2023-10-18,port183,Buenaventura,3,2,33918,0,0,33918,0,0,0,0,0,0,0,0
2023-10-19,port183,Buenaventura,1,1,0,4570,0,0,0,0,0,0,4570,0,0,0
2023-10-20,port183,Buenaventura,3,2,63546,1614,50954,12592,0,0,0,0,1614,0,0,0
2023-10-21,port183,Buenaventura,1,1,3344,0,0,3344,0,0,0,0,0,0,0,0
2023-10-22,port183,Buenaventura,1,1,5585,1614,0,5585,0,0,0,0,1614,0,0,0
2023-10-23,port183,Buenaventura,3,2,25231,976,22882,2349,0,0,0,0,976,0,0,0
2023-10-24,port183,Buenaventura,3,1,14885,0,12400,2485,0,0,0,0,0,0,0,0
2023-10-25,port183,Buenaventura,3,0,49975,0,49413,0,0,562,0,0,0,0,0,0
2023-10-26,port183,Buenaventura,4,1,55702,1614,47296,5585,0,2820,0,0,1614,0,0,0
2023-10-27,port183,Buenaventura,2,1,1991,66,0,1004,0,0,986,0,0,0,0,66
2023-10-28,port183,Buenaventura,6,3,30380,5317,24137,5585,0,657,0,0,5317,0,0,0
2023-10-29,port183,Buenaventura,3,2,37303,4295,31718,5585,0,0,0,0,4295,0,0,0
2023-10-30,port183,Buenaventura,6,4,84746,7049,38455,46291,0,0,0,0,7049,0,0,0
2023-10-31,port183,Buenaventura,3,2,27374,0,0,23909,3464,0,0,0,0,0,0,0
2023-11-01,port183,Buenaventura,5,2,49581,1614,30536,6726,0,12319,0,0,1614,0,0,0
2023-11-02,port183,Buenaventura,2,1,28811,1054,28811,0,0,0,0,0,1054,0,0,0
2023-11-03,port183,Buenaventura,1,0,0,967,0,0,0,0,0,0,0,0,967,0
2023-11-04,port183,Buenaventura,4,1,18871,0,11477,7394,0,0,0,0,0,0,0,0
2023-11-05,port183,Buenaventura,2,1,1188,1343,0,0,0,0,1188,0,1343,0,0,0
2023-11-06,port183,Buenaventura,3,3,16379,1087,0,16379,0,0,0,0,1087,0,0,0
2023-11-07,port183,Buenaventura,4,3,22488,1122,12855,9632,0,0,0,0,1122,0,0,0
2023-11-08,port183,Buenaventura,2,2,15070,0,0,15070,0,0,0,0,0,0,0,0
2023-11-09,port183,Buenaventura,4,2,58812,4048,34735,6311,0,17765,0,0,4048,0,0,0
2023-11-10,port183,Buenaventura,5,0,49356,23234,48332,0,0,0,1024,23234,0,0,0,0
2023-11-11,port183,Buenaventura,3,1,40336,13451,40336,0,0,0,0,0,13451,0,0,0
2023-11-12,port183,Buenaventura,3,1,0,2315,0,0,0,0,0,0,2315,0,0,0
2023-11-13,port183,Buenaventura,7,4,4447,21769,0,4447,0,0,0,0,15007,0,6762,0
2023-11-14,port183,Buenaventura,7,4,87010,4183,77206,9803,0,0,0,0,4183,0,0,0
2023-11-15,port183,Buenaventura,3,2,24117,0,0,24117,0,0,0,0,0,0,0,0
2023-11-16,port183,Buenaventura,4,2,7507,706,0,7507,0,0,0,0,0,706,0,0
2023-11-17,port183,Buenaventura,3,1,12062,18702,12062,0,0,0,0,0,18702,0,0,0
2023-11-18,port183,Buenaventura,1,1,2933,0,0,2933,0,0,0,0,0,0,0,0
2023-11-19,port183,Buenaventura,3,3,18578,1326,0,18578,0,0,0,0,1326,0,0,0
2023-11-20,port183,Buenaventura,3,3,5800,0,0,5800,0,0,0,0,0,0,0,0
2023-11-21,port183,Buenaventura,5,2,43072,1783,33650,9421,0,0,0,0,1614,169,0,0
2023-11-22,port183,Buenaventura,3,1,11365,54524,0,11365,0,0,0,54524,0,0,0,0
2023-11-23,port183,Buenaventura,1,1,10481,0,0,10481,0,0,0,0,0,0,0,0
2023-11-24,port183,Buenaventura,4,2,6513,1093,2193,4320,0,0,0,0,1093,0,0,0
2023-11-25,port183,Buenaventura,2,1,20128,0,16770,3358,0,0,0,0,0,0,0,0
2023-11-26,port183,Buenaventura,2,2,11757,13687,0,11757,0,0,0,0,13687,0,0,0
2023-11-27,port183,Buenaventura,1,0,49127,0,49127,0,0,0,0,0,0,0,0,0
2023-11-28,port183,Buenaventura,4,1,86188,1614,80603,5585,0,0,0,0,1614,0,0,0
2023-11-29,port183,Buenaventura,3,2,32806,0,0,32806,0,0,0,0,0,0,0,0
2023-11-30,port183,Buenaventura,2,1,1978,0,0,509,0,1468,0,0,0,0,0,0
2023-12-01,port183,Buenaventura,6,2,13639,82551,0,13639,0,0,0,77531,5019,0,0,0
2023-12-02,port183,Buenaventura,3,2,5585,10183,0,5585,0,0,0,0,10183,0,0,0
2023-12-03,port183,Buenaventura,3,2,23191,775,0,20935,0,0,2255,0,775,0,0,0
2023-12-04,port183,Buenaventura,3,2,5897,0,1111,4786,0,0,0,0,0,0,0,0
2023-12-05,port183,Buenaventura,4,2,18719,0,0,10326,5203,3188,0,0,0,0,0,0
2023-12-06,port183,Buenaventura,3,1,20659,3425,20659,0,0,0,0,2904,520,0,0,0
2023-12-07,port183,Buenaventura,6,3,108045,768,59481,48564,0,0,0,0,768,0,0,0
2023-12-08,port183,Buenaventura,4,1,29723,709,0,20667,0,5510,3545,0,0,0,643,66
2023-12-09,port183,Buenaventura,6,1,104106,3510,91135,7345,5624,0,0,2904,0,606,0,0
2023-12-10,port183,Buenaventura,4,3,27705,3228,15406,12298,0,0,0,0,3228,0,0,0
2023-12-11,port183,Buenaventura,4,3,18843,3872,0,13332,0,5510,0,0,3228,0,643,0
2023-12-12,port183,Buenaventura,4,1,56756,2904,55996,759,0,0,0,2904,0,0,0,0
2023-12-13,port183,Buenaventura,5,2,100825,638,76890,19194,4740,0,0,0,638,0,0,0
2023-12-14,port183,Buenaventura,3,3,14363,6098,0,14363,0,0,0,0,6098,0,0,0
2023-12-15,port183,Buenaventura,3,3,38492,1212,0,38492,0,0,0,0,1212,0,0,0
2023-12-16,port183,Buenaventura,3,2,5585,20121,0,5585,0,0,0,0,20121,0,0,0
2023-12-17,port183,Buenaventura,3,2,10597,1420,0,5086,0,5510,0,0,777,0,643,0
2023-12-18,port183,Buenaventura,3,1,43360,4519,37775,5585,0,0,0,2904,1614,0,0,0
2023-12-19,port183,Buenaventura,2,2,18907,1614,0,18907,0,0,0,0,1614,0,0,0
2023-12-20,port183,Buenaventura,4,0,36142,37202,36142,0,0,0,0,2904,0,34297,0,0
2023-12-21,port183,Buenaventura,5,3,92824,9374,57907,34916,0,0,0,0,4534,4840,0,0
2023-12-22,port183,Buenaventura,2,1,49507,1124,49507,0,0,0,0,0,1124,0,0,0
2023-12-23,port183,Buenaventura,2,1,5863,77443,0,5863,0,0,0,77443,0,0,0,0
2023-12-24,port183,Buenaventura,4,4,10084,2315,0,10084,0,0,0,0,2315,0,0,0
2023-12-25,port183,Buenaventura,3,2,2616,9817,0,2153,0,0,462,0,9817,0,0,0
2023-12-26,port183,Buenaventura,4,1,7198,1614,0,5585,836,776,0,0,1614,0,0,0
2023-12-27,port183,Buenaventura,5,2,53645,17846,35996,11401,0,6247,0,16231,1614,0,0,0
2023-12-28,port183,Buenaventura,4,4,33882,6028,0,33882,0,0,0,0,6028,0,0,0
2023-12-29,port183,Buenaventura,1,1,10161,0,0,10161,0,0,0,0,0,0,0,0
2023-12-30,port183,Buenaventura,3,1,3138,6707,0,2253,0,884,0,6707,0,0,0,0
2023-12-31,port183,Buenaventura,1,1,775,0,0,775,0,0,0,0,0,0,0,0
2024-01-01,port183,Buenaventura,1,1,5585,1614,0,5585,0,0,0,0,1614,0,0,0
2024-01-02,port183,Buenaventura,2,1,24917,0,23805,1112,0,0,0,0,0,0,0,0
2024-01-03,port183,Buenaventura,4,3,9638,0,551,9086,0,0,0,0,0,0,0,0
2024-01-04,port183,Buenaventura,3,3,28501,15448,0,28501,0,0,0,0,15448,0,0,0
2024-01-05,port183,Buenaventura,3,2,38857,0,8713,30143,0,0,0,0,0,0,0,0
2024-01-06,port183,Buenaventura,3,2,13065,7446,0,5585,0,7480,0,0,7446,0,0,0
2024-01-07,port183,Buenaventura,6,2,13215,7793,4541,8270,403,0,0,0,7793,0,0,0
2024-01-08,port183,Buenaventura,2,1,53015,3573,53015,0,0,0,0,0,3573,0,0,0
2024-01-09,port183,Buenaventura,1,0,23884,0,23884,0,0,0,0,0,0,0,0,0
2024-01-10,port183,Buenaventura,4,3,38264,0,0,38264,0,0,0,0,0,0,0,0
2024-01-11,port183,Buenaventura,3,2,87043,0,51002,36041,0,0,0,0,0,0,0,0
2024-01-12,port183,Buenaventura,2,2,2286,2503,0,2286,0,0,0,0,2503,0,0,0
2024-01-13,port183,Buenaventura,4,0,53811,0,53811,0,0,0,0,0,0,0,0,0
2024-01-14,port183,Buenaventura,7,4,65512,24213,61634,3877,0,0,0,0,24213,0,0,0
2024-01-15,port183,Buenaventura,2,1,7332,0,0,4892,0,0,2439,0,0,0,0,0
2024-01-16,port183,Buenaventura,3,0,75301,0,75301,0,0,0,0,0,0,0,0,0
2024-01-17,port183,Buenaventura,3,2,5966,2953,4514,1451,0,0,0,0,2953,0,0,0
2024-01-18,port183,Buenaventura,2,2,11319,3689,0,11319,0,0,0,0,3689,0,0,0
2024-01-19,port183,Buenaventura,3,0,29246,0,0,0,29246,0,0,0,0,0,0,0
2024-01-20,port183,Buenaventura,3,2,16270,643,0,10760,0,5510,0,0,0,0,643,0
2024-01-21,port183,Buenaventura,2,2,2447,0,0,2447,0,0,0,0,0,0,0,0
2024-01-22,port183,Buenaventura,5,2,93954,0,78213,1089,14651,0,0,0,0,0,0,0
2024-01-23,port183,Buenaventura,0,0,0,0,0,0,0,0,0,0,0,0,0,0
2024-01-24,port183,Buenaventura,2,1,47464,0,31656,15808,0,0,0,0,0,0,0,0
2024-01-25,port183,Buenaventura,2,2,8351,0,0,8351,0,0,0,0,0,0,0,0
2024-01-26,port183,Buenaventura,2,1,67413,0,51398,16014,0,0,0,0,0,0,0,0
2024-01-27,port183,Buenaventura,3,2,23221,5391,20659,2561,0,0,0,2904,2486,0,0,0
2024-01-28,port183,Buenaventura,4,3,11074,5670,0,11074,0,0,0,0,5670,0,0,0
2024-01-29,port183,Buenaventura,4,3,6807,4330,0,6807,0,0,0,0,4330,0,0,0
2024-01-30,port183,Buenaventura,0,0,0,0,0,0,0,0,0,0,0,0,0,0
2024-01-31,port183,Buenaventura,3,2,65665,0,60648,5016,0,0,0,0,0,0,0,0
2024-02-01,port183,Buenaventura,3,2,12610,4680,5809,6800,0,0,0,0,4680,0,0,0
2024-02-02,port183,Buenaventura,3,3,23409,3849,0,23409,0,0,0,0,3849,0,0,0
2024-02-03,port183,Buenaventura,4,3,2471,53435,0,2471,0,0,0,47302,6132,0,0,0
2024-02-04,port183,Buenaventura,6,3,11287,3392,1819,9468,0,0,0,0,3392,0,0,0
2024-02-05,port183,Buenaventura,4,1,10844,2557,5259,5585,0,0,0,0,1614,0,943,0
2024-02-06,port183,Buenaventura,1,1,0,758,0,0,0,0,0,0,758,0,0,0
2024-02-07,port183,Buenaventura,4,2,22209,921,0,3411,5624,13173,0,0,315,606,0,0
2024-02-08,port183,Buenaventura,1,1,8152,0,0,8152,0,0,0,0,0,0,0,0
2024-02-09,port183,Buenaventura,3,2,2009,66,0,1022,0,0,986,0,0,0,0,66
2024-02-10,port183,Buenaventura,9,3,115400,4943,58263,41019,13792,2325,0,0,4943,0,0,0
2024-02-11,port183,Buenaventura,3,2,36548,0,0,33123,3424,0,0,0,0,0,0,0
2024-02-12,port183,Buenaventura,3,2,1550,24933,0,1550,0,0,0,23983,949,0,0,0
2024-02-13,port183,Buenaventura,2,2,9508,1614,0,9508,0,0,0,0,1614,0,0,0
2024-02-14,port183,Buenaventura,1,1,0,1073,0,0,0,0,0,0,1073,0,0,0
2024-02-15,port183,Buenaventura,6,3,13592,60044,0,13592,0,0,0,53552,6491,0,0,0
2024-02-16,port183,Buenaventura,2,1,1756,545,0,0,0,1756,0,0,545,0,0,0
2024-02-17,port183,Buenaventura,4,2,27955,1614,0,19244,8711,0,0,0,1614,0,0,0
2024-02-18,port183,Buenaventura,5,2,49469,1614,26763,7909,14796,0,0,0,1614,0,0,0
2024-02-19,port183,Buenaventura,5,2,6010,1782,0,4523,0,0,1487,0,1782,0,0,0
2024-02-20,port183,Buenaventura,3,1,12013,5468,0,5794,6218,0,0,0,0,0,5468,0
2024-02-21,port183,Buenaventura,8,6,54825,1614,18700,36125,0,0,0,0,1614,0,0,0
2024-02-22,port183,Buenaventura,3,2,7048,0,0,5594,0,0,1454,0,0,0,0,0
2024-02-23,port183,Buenaventura,3,2,8623,0,0,8623,0,0,0,0,0,0,0,0
2024-02-24,port183,Buenaventura,5,2,53330,63010,53021,0,0,309,0,58646,4363,0,0,0
2024-02-25,port183,Buenaventura,3,2,0,25823,0,0,0,0,0,0,8214,17608,0,0
2024-02-26,port183,Buenaventura,3,3,34872,1614,0,34872,0,0,0,0,1614,0,0,0
2024-02-27,port183,Buenaventura,4,1,50667,0,44800,5866,0,0,0,0,0,0,0,0
2024-02-28,port183,Buenaventura,5,2,69529,21745,55434,5585,8510,0,0,0,17965,3780,0,0
2024-02-29,port183,Buenaventura,6,3,36701,1516,29324,7377,0,0,0,0,494,1022,0,0
2024-03-01,port183,Buenaventura,1,0,8047,0,8047,0,0,0,0,0,0,0,0,0
2024-03-02,port183,Buenaventura,3,2,7023,50600,0,7023,0,0,0,50600,0,0,0,0
2024-03-03,port183,Buenaventura,5,1,58609,0,56287,2322,0,0,0,0,0,0,0,0
2024-03-04,port183,Buenaventura,2,1,0,12982,0,0,0,0,0,0,12982,0,0,0
2024-03-05,port183,Buenaventura,5,1,96453,2971,88173,7293,0,0,986,2904,0,0,0,66
2024-03-06,port183,Buenaventura,2,1,1322,1594,0,0,0,1322,0,0,1594,0,0,0
2024-03-07,port183,Buenaventura,5,2,78498,0,66149,11190,1158,0,0,0,0,0,0,0
2024-03-08,port183,Buenaventura,3,2,16655,0,0,16655,0,0,0,0,0,0,0,0
2024-03-09,port183,Buenaventura,7,4,65899,4092,31131,33598,0,0,1169,0,4092,0,0,0
2024-03-10,port183,Buenaventura,5,3,24092,9804,0,18955,3267,0,1869,0,9804,0,0,0
2024-03-11,port183,Buenaventura,4,3,26227,2904,24924,1302,0,0,0,0,2904,0,0,0
2024-03-12,port183,Buenaventura,3,2,982,27254,0,655,326,0,0,0,27254,0,0,0
2024-03-13,port183,Buenaventura,3,1,81499,2904,80014,1484,0,0,0,2904,0,0,0,0
2024-03-14,port183,Buenaventura,5,2,19682,6823,4786,5983,8913,0,0,0,6823,0,0,0
2024-03-15,port183,Buenaventura,3,1,37755,0,29039,8715,0,0,0,0,0,0,0,0
2024-03-16,port183,Buenaventura,2,2,14030,0,0,14030,0,0,0,0,0,0,0,0
2024-03-17,port183,Buenaventura,4,2,16759,50754,0,10011,0,6748,0,50754,0,0,0,0
2024-03-18,port183,Buenaventura,1,1,0,0,0,0,0,0,0,0,0,0,0,0
2024-03-19,port183,Buenaventura,4,1,65823,1614,60238,5585,0,0,0,0,1614,0,0,0
2024-03-20,port183,Buenaventura,3,1,17631,929,0,17631,0,0,0,0,0,929,0,0
2024-03-21,port183,Buenaventura,3,2,74703,6586,54907,19796,0,0,0,0,6586,0,0,0
2024-03-22,port183,Buenaventura,3,1,3461,13425,3461,0,0,0,0,4828,8597,0,0,0
2024-03-23,port183,Buenaventura,3,1,25304,0,14477,10826,0,0,0,0,0,0,0,0
2024-03-24,port183,Buenaventura,1,1,4647,0,0,4647,0,0,0,0,0,0,0,0
2024-03-25,port183,Buenaventura,3,2,11488,1614,0,7754,0,3733,0,0,1614,0,0,0
2024-03-26,port183,Buenaventura,4,2,19638,27709,0,19638,0,0,0,27709,0,0,0,0
2024-03-27,port183,Buenaventura,5,3,15500,1614,0,12370,0,3129,0,0,1614,0,0,0
2024-03-28,port183,Buenaventura,5,2,37838,2552,36521,545,0,772,0,0,2552,0,0,0
2024-03-29,port183,Buenaventura,3,2,65209,1614,50211,14998,0,0,0,0,1614,0,0,0
2024-03-30,port183,Buenaventura,4,2,30815,13833,25229,5585,0,0,0,2904,10928,0,0,0
2024-03-31,port183,Buenaventura,4,3,60829,2707,54030,6799,0,0,0,0,2707,0,0,0
2024-04-01,port183,Buenaventura,0,0,0,0,0,0,0,0,0,0,0,0,0,0
2024-04-02,port183,Buenaventura,5,2,80175,0,27947,49601,2626,0,0,0,0,0,0,0
2024-04-03,port183,Buenaventura,2,2,37879,0,0,37879,0,0,0,0,0,0,0,0
2024-04-04,port183,Buenaventura,5,3,20121,14069,4026,16095,0,0,0,0,7167,6902,0,0
2024-04-05,port183,Buenaventura,0,0,0,0,0,0,0,0,0,0,0,0,0,0
2024-04-06,port183,Buenaventura,4,2,30944,1614,11436,19507,0,0,0,0,1614,0,0,0
2024-04-07,port183,Buenaventura,5,3,11227,21889,0,11227,0,0,0,20274,1614,0,0,0
2024-04-08,port183,Buenaventura,1,1,9073,0,0,9073,0,0,0,0,0,0,0,0
2024-04-09,port183,Buenaventura,3,1,34911,3084,33951,0,0,960,0,0,3084,0,0,0
2024-04-10,port183,Buenaventura,4,3,43547,0,9592,33955,0,0,0,0,0,0,0,0
2024-04-11,port183,Buenaventura,1,1,0,506,0,0,0,0,0,0,506,0,0,0
2024-04-12,port183,Buenaventura,1,1,5585,1614,0,5585,0,0,0,0,1614,0,0,0
2024-04-13,port183,Buenaventura,4,1,63999,0,58152,5846,0,0,0,0,0,0,0,0
2024-04-14,port183,Buenaventura,5,3,36222,9164,30637,5585,0,0,0,0,9164,0,0,0
2024-04-15,port183,Buenaventura,5,1,48375,15292,41281,6107,0,0,986,0,0,0,15226,66
2024-04-16,port183,Buenaventura,3,1,6272,66,0,5285,0,0,986,0,0,0,0,66
2024-04-17,port183,Buenaventura,3,3,16357,1614,0,16357,0,0,0,0,1614,0,0,0
2024-04-18,port183,Buenaventura,4,1,75649,0,64452,9033,0,2163,0,0,0,0,0,0
2024-04-19,port183,Buenaventura,2,2,10504,9766,0,10504,0,0,0,0,9766,0,0,0
2024-04-20,port183,Buenaventura,2,2,19588,0,0,19588,0,0,0,0,0,0,0,0
2024-04-21,port183,Buenaventura,4,2,54492,30341,54492,0,0,0,0,0,21024,9316,0,0
2024-04-22,port183,Buenaventura,1,1,1784,0,0,1784,0,0,0,0,0,0,0,0
2024-04-23,port183,Buenaventura,4,2,76086,1143,69916,6169,0,0,0,0,1143,0,0,0
2024-04-24,port183,Buenaventura,2,1,8832,1614,0,5585,3247,0,0,0,1614,0,0,0
2024-04-25,port183,Buenaventura,3,2,15533,1614,0,14660,0,0,872,0,1614,0,0,0
2024-04-26,port183,Buenaventura,5,2,11170,5332,0,11170,0,0,0,0,3228,0,0,2103
2024-04-27,port183,Buenaventura,2,1,43768,0,39466,4302,0,0,0,0,0,0,0,0
2024-04-28,port183,Buenaventura,5,3,26426,8464,25194,1231,0,0,0,0,8464,0,0,0
2024-04-29,port183,Buenaventura,2,1,8531,0,0,8531,0,0,0,0,0,0,0,0
2024-04-30,port183,Buenaventura,3,1,37704,2904,31074,6629,0,0,0,2904,0,0,0,0
2024-05-01,port183,Buenaventura,2,2,13152,1614,0,13152,0,0,0,0,1614,0,0,0
2024-05-02,port183,Buenaventura,4,1,70234,0,65093,2884,0,2256,0,0,0,0,0,0
2024-05-03,port183,Buenaventura,4,2,31446,1614,22081,9365,0,0,0,0,1614,0,0,0
2024-05-04,port183,Buenaventura,2,0,35348,0,16458,0,0,18890,0,0,0,0,0,0
2024-05-05,port183,Buenaventura,5,4,18768,18133,0,18768,0,0,0,12750,5383,0,0,0
2024-05-06,port183,Buenaventura,3,0,4654,939,4654,0,0,0,0,0,0,0,939,0
2024-05-07,port183,Buenaventura,3,2,10856,3062,5271,5585,0,0,0,0,3062,0,0,0
2024-05-08,port183,Buenaventura,3,1,21351,0,3510,14636,3204,0,0,0,0,0,0,0
2024-05-09,port183,Buenaventura,4,1,30475,1995,21373,0,1555,7547,0,0,1995,0,0,0
2024-05-10,port183,Buenaventura,3,2,14573,0,7723,6850,0,0,0,0,0,0,0,0
2024-05-11,port183,Buenaventura,2,2,17206,1614,0,17206,0,0,0,0,1614,0,0,0
2024-05-12,port183,Buenaventura,7,3,27161,4628,10332,16829,0,0,0,0,4628,0,0,0
2024-05-13,port183,Buenaventura,4,3,83424,1614,54534,28889,0,0,0,0,1614,0,0,0
2024-05-14,port183,Buenaventura,3,3,19286,1614,0,19286,0,0,0,0,1614,0,0,0
2024-05-15,port183,Buenaventura,3,1,0,0,0,0,0,0,0,0,0,0,0,0
2024-05-16,port183,Buenaventura,4,2,47517,1100,21403,26113,0,0,0,1100,0,0,0,0
2024-05-17,port183,Buenaventura,1,0,0,0,0,0,0,0,0,0,0,0,0,0
2024-05-18,port183,Buenaventura,3,2,6571,7128,0,5585,0,0,986,0,7062,0,0,66
2024-05-19,port183,Buenaventura,7,3,143854,4037,134225,8643,0,0,986,0,3971,0,0,66
2024-05-20,port183,Buenaventura,3,3,16755,4843,0,16755,0,0,0,0,4843,0,0,0
2024-05-21,port183,Buenaventura,6,3,70320,1614,50989,17756,0,695,878,0,1614,0,0,0
2024-05-22,port183,Buenaventura,4,3,30745,0,0,21930,0,8815,0,0,0,0,0,0
2024-05-23,port183,Buenaventura,3,2,59614,1010,42931,16682,0,0,0,0,1010,0,0,0
2024-05-24,port183,Buenaventura,4,1,7424,13793,0,5585,0,0,1839,12178,1614,0,0,0
2024-05-25,port183,Buenaventura,3,1,38693,66,31785,5920,0,0,986,0,0,0,0,66
2024-05-26,port183,Buenaventura,6,3,64281,5694,58200,6080,0,0,0,0,5694,0,0,0
2024-05-27,port183,Buenaventura,2,2,5276,0,0,5276,0,0,0,0,0,0,0,0
2024-05-28,port183,Buenaventura,2,1,0,22186,0,0,0,0,0,20876,1309,0,0,0
2024-05-29,port183,Buenaventura,4,4,36591,1614,0,36591,0,0,0,0,1614,0,0,0
2024-05-30,port183,Buenaventura,3,1,19373,6940,0,3382,0,15990,0,6940,0,0,0,0
2024-05-31,port183,Buenaventura,2,2,13084,0,0,13084,0,0,0,0,0,0,0,0
2024-06-01,port183,Buenaventura,4,3,23168,6021,20367,2800,0,0,0,0,6021,0,0,0
2024-06-02,port183,Buenaventura,6,3,50259,22405,50259,0,0,0,0,0,22405,0,0,0
2024-06-03,port183,Buenaventura,3,1,34433,2904,29557,4875,0,0,0,2904,0,0,0,0
2024-06-04,port183,Buenaventura,2,2,30353,1732,0,30353,0,0,0,0,1732,0,0,0
2024-06-05,port183,Buenaventura,5,3,40439,4528,4089,36349,0,0,0,0,4528,0,0,0
2024-06-06,port183,Buenaventura,4,1,48781,0,41993,3528,3259,0,0,0,0,0,0,0
2024-06-07,port183,Buenaventura,3,1,15111,606,7026,2459,5624,0,0,0,0,606,0,0
2024-06-08,port183,Buenaventura,4,1,104932,2904,102024,2908,0,0,0,2904,0,0,0,0
2024-06-09,port183,Buenaventura,3,2,7916,54516,0,7916,0,0,0,52901,1614,0,0,0
2024-06-10,port183,Buenaventura,1,1,7964,0,0,7964,0,0,0,0,0,0,0,0
2024-06-11,port183,Buenaventura,6,2,57943,1614,44560,10876,0,0,2506,0,1614,0,0,0
2024-06-12,port183,Buenaventura,4,3,11423,3529,0,11423,0,0,0,0,3529,0,0,0
2024-06-13,port183,Buenaventura,2,1,4175,0,0,1931,0,0,2244,0,0,0,0,0
2024-06-14,port183,Buenaventura,3,1,45116,0,24824,20291,0,0,0,0,0,0,0,0
2024-06-15,port183,Buenaventura,5,3,83868,9910,51293,23913,8660,0,0,0,9910,0,0,0
2024-06-16,port183,Buenaventura,3,2,52039,3612,52039,0,0,0,0,0,3612,0,0,0
2024-06-17,port183,Buenaventura,9,4,53253,2904,31221,22031,0,0,0,2904,0,0,0,0
2024-06-18,port183,Buenaventura,2,2,4228,3308,0,4228,0,0,0,0,3308,0,0,0
2024-06-19,port183,Buenaventura,1,1,4503,0,0,4503,0,0,0,0,0,0,0,0
2024-06-20,port183,Buenaventura,5,3,133761,5931,96681,37080,0,0,0,0,5931,0,0,0
2024-06-21,port183,Buenaventura,1,1,4698,0,0,4698,0,0,0,0,0,0,0,0
2024-06-22,port183,Buenaventura,4,3,15574,1614,0,8465,7108,0,0,0,1614,0,0,0
2024-06-23,port183,Buenaventura,5,2,61504,9531,61504,0,0,0,0,0,9531,0,0,0
2024-06-24,port183,Buenaventura,5,3,37898,1614,1061,36837,0,0,0,0,1614,0,0,0
2024-06-25,port183,Buenaventura,4,1,6469,9100,0,6469,0,0,0,3338,0,0,5762,0
2024-06-26,port183,Buenaventura,2,1,12756,0,5334,7421,0,0,0,0,0,0,0,0
2024-06-27,port183,Buenaventura,1,1,9826,0,0,9826,0,0,0,0,0,0,0,0
2024-06-28,port183,Buenaventura,4,3,25587,3356,0,20077,0,5510,0,0,2713,0,643,0
2024-06-29,port183,Buenaventura,4,3,31436,4519,20659,10776,0,0,0,2904,1614,0,0,0
2024-06-30,port183,Buenaventura,4,2,59114,2569,59114,0,0,0,0,0,2569,0,0,0
2024-07-01,port183,Buenaventura,3,2,8629,0,0,7047,0,1582,0,0,0,0,0,0
2024-07-02,port183,Buenaventura,2,1,29548,2904,20659,8889,0,0,0,2904,0,0,0,0
2024-07-03,port183,Buenaventura,2,2,8730,2516,0,8730,0,0,0,0,2516,0,0,0
2024-07-04,port183,Buenaventura,1,1,9315,0,0,9315,0,0,0,0,0,0,0,0
2024-07-05,port183,Buenaventura,0,0,0,0,0,0,0,0,0,0,0,0,0,0
2024-07-06,port183,Buenaventura,4,4,6758,8997,0,6758,0,0,0,0,8997,0,0,0
2024-07-07,port183,Buenaventura,7,1,44012,2325,35130,0,7739,0,1142,0,2325,0,0,0
2024-07-08,port183,Buenaventura,6,3,92536,4320,53443,10033,10091,18968,0,0,4320,0,0,0
2024-07-09,port183,Buenaventura,4,2,12093,1614,0,12093,0,0,0,0,1614,0,0,0
2024-07-10,port183,Buenaventura,5,3,96922,0,81229,15693,0,0,0,0,0,0,0,0
2024-07-11,port183,Buenaventura,3,0,6647,55842,0,0,0,1147,5499,55842,0,0,0,0
2024-07-12,port183,Buenaventura,4,3,9020,6647,0,5585,3435,0,0,0,6647,0,0,0
2024-07-13,port183,Buenaventura,3,1,62070,0,49220,12849,0,0,0,0,0,0,0,0
2024-07-14,port183,Buenaventura,2,2,5585,7669,0,5585,0,0,0,0,7669,0,0,0
2024-07-15,port183,Buenaventura,3,2,3761,5429,0,3252,0,0,509,0,5429,0,0,0
2024-07-16,port183,Buenaventura,5,2,4341,5273,0,1955,0,0,2385,0,5273,0,0,0
2024-07-17,port183,Buenaventura,5,3,45322,2030,17978,13997,0,13346,0,0,2030,0,0,0
2024-07-18,port183,Buenaventura,1,1,6823,0,0,6823,0,0,0,0,0,0,0,0
2024-07-19,port183,Buenaventura,2,1,30169,0,13952,16217,0,0,0,0,0,0,0,0
2024-07-20,port183,Buenaventura,6,5,70141,2226,55227,14913,0,0,0,0,2226,0,0,0
2024-07-21,port183,Buenaventura,3,1,3894,1553,3894,0,0,0,0,0,1553,0,0,0
2024-07-22,port183,Buenaventura,3,2,39687,0,11600,28086,0,0,0,0,0,0,0,0
2024-07-23,port183,Buenaventura,3,1,35805,0,32841,2964,0,0,0,0,0,0,0,0
2024-07-24,port183,Buenaventura,6,3,136875,4519,115856,21018,0,0,0,2904,1614,0,0,0
2024-07-25,port183,Buenaventura,3,1,0,24591,0,0,0,0,0,23220,1370,0,0,0
2024-07-26,port183,Buenaventura,3,2,32900,498,0,28223,0,4676,0,0,0,0,498,0
2024-07-27,port183,Buenaventura,3,3,15006,2836,0,15006,0,0,0,0,2836,0,0,0
2024-07-28,port183,Buenaventura,3,3,779,12338,0,779,0,0,0,0,12338,0,0,0
2024-07-29,port183,Buenaventura,1,0,49018,0,49018,0,0,0,0,0,0,0,0,0
2024-07-30,port183,Buenaventura,5,3,61588,2447,34602,26985,0,0,0,0,2447,0,0,0
2024-07-31,port183,Buenaventura,1,1,0,4550,0,0,0,0,0,0,4550,0,0,0
2024-08-01,port183,Buenaventura,4,3,56919,0,36767,20152,0,0,0,0,0,0,0,0
2024-08-02,port183,Buenaventura,2,1,77805,0,53040,24764,0,0,0,0,0,0,0,0
2024-08-03,port183,Buenaventura,6,4,24796,7184,9720,10398,0,4676,0,0,6685,0,498,0
2024-08-04,port183,Buenaventura,6,5,27327,14929,0,12579,0,14747,0,0,14929,0,0,0
2024-08-05,port183,Buenaventura,5,1,57884,1614,50001,5585,0,0,2297,0,1614,0,0,0
2024-08-06,port183,Buenaventura,3,2,0,15179,0,0,0,0,0,0,15179,0,0,0
2024-08-07,port183,Buenaventura,3,2,18376,1614,10545,7830,0,0,0,0,1614,0,0,0
2024-08-08,port183,Buenaventura,4,2,21848,8588,16263,5585,0,0,0,0,8588,0,0,0
2024-08-09,port183,Buenaventura,4,3,9961,3684,596,9365,0,0,0,0,3684,0,0,0
2024-08-10,port183,Buenaventura,3,2,35915,0,0,30066,5849,0,0,0,0,0,0,0
2024-08-11,port183,Buenaventura,4,3,19377,1614,0,15025,0,0,4351,0,1614,0,0,0
2024-08-12,port183,Buenaventura,2,1,2438,5651,0,2438,0,0,0,0,0,0,5651,0
2024-08-13,port183,Buenaventura,6,1,52411,6818,52411,0,0,0,0,2904,3914,0,0,0
2024-08-14,port183,Buenaventura,4,2,68443,1270,55328,646,12468,0,0,0,1270,0,0,0
2024-08-15,port183,Buenaventura,4,1,22899,886,12638,6639,0,0,3622,0,0,0,886,0
2024-08-16,port183,Buenaventura,3,3,27209,987,0,27209,0,0,0,0,987,0,0,0
2024-08-17,port183,Buenaventura,5,2,53841,606,25831,22385,5624,0,0,0,0,606,0,0
2024-08-18,port183,Buenaventura,6,4,1933,14984,0,775,0,1157,0,0,14984,0,0,0
2024-08-19,port183,Buenaventura,3,2,4659,4666,4659,0,0,0,0,0,4666,0,0,0
2024-08-20,port183,Buenaventura,6,6,20181,5905,0,20181,0,0,0,0,5905,0,0,0
2024-08-21,port183,Buenaventura,2,2,24827,1960,0,24827,0,0,0,0,1960,0,0,0
2024-08-22,port183,Buenaventura,4,3,20229,6207,0,14604,5624,0,0,0,5601,606,0,0
2024-08-23,port183,Buenaventura,5,2,53199,4082,50655,2544,0,0,0,2904,1177,0,0,0
2024-08-24,port183,Buenaventura,6,4,18837,14896,0,13327,0,5510,0,0,14253,0,643,0
2024-08-25,port183,Buenaventura,1,1,20745,0,0,20745,0,0,0,0,0,0,0,0
2024-08-26,port183,Buenaventura,6,2,65613,2450,41249,0,22885,1479,0,0,2450,0,0,0
2024-08-27,port183,Buenaventura,2,0,31997,0,31997,0,0,0,0,0,0,0,0,0
2024-08-28,port183,Buenaventura,3,2,20295,3362,0,0,0,20295,0,0,3362,0,0,0
2024-08-29,port183,Buenaventura,1,1,6775,0,0,6775,0,0,0,0,0,0,0,0
2024-08-30,port183,Buenaventura,8,3,93662,606,61504,16094,5624,10438,0,0,0,606,0,0
2024-08-31,port183,Buenaventura,7,4,57624,11501,20075,22337,0,15210,0,0,11501,0,0,0
2024-09-01,port183,Buenaventura,4,2,33396,7560,20659,10364,0,0,2372,2904,4655,0,0,0
2024-09-02,port183,Buenaventura,5,2,58754,0,57065,1689,0,0,0,0,0,0,0,0
2024-09-03,port183,Buenaventura,4,2,37284,0,11687,6878,0,18718,0,0,0,0,0,0
2024-09-04,port183,Buenaventura,5,2,17994,8237,6976,11017,0,0,0,521,1614,6101,0,0
2024-09-05,port183,Buenaventura,3,2,15460,643,0,9949,0,5510,0,0,0,0,643,0
2024-09-06,port183,Buenaventura,3,1,7935,57806,0,5585,0,2350,0,56192,1614,0,0,0
2024-09-07,port183,Buenaventura,1,1,5824,0,0,5824,0,0,0,0,0,0,0,0
2024-09-08,port183,Buenaventura,3,2,6625,0,1652,4973,0,0,0,0,0,0,0,0
2024-09-09,port183,Buenaventura,4,1,53899,2904,51747,2151,0,0,0,2904,0,0,0,0
2024-09-10,port183,Buenaventura,3,1,46051,0,45033,1018,0,0,0,0,0,0,0,0
2024-09-11,port183,Buenaventura,2,1,10087,0,0,7792,0,0,2294,0,0,0,0,0
2024-09-12,port183,Buenaventura,2,2,9826,13469,0,9826,0,0,0,0,13469,0,0,0
2024-09-13,port183,Buenaventura,3,2,11355,5227,0,11355,0,0,0,5227,0,0,0,0
2024-09-14,port183,Buenaventura,5,4,9265,1614,0,9265,0,0,0,0,1614,0,0,0
2024-09-15,port183,Buenaventura,5,3,34574,973,3046,14669,16858,0,0,0,973,0,0,0
2024-09-16,port183,Buenaventura,4,3,17967,2747,11603,6363,0,0,0,0,2747,0,0,0
2024-09-17,port183,Buenaventura,4,2,11447,1614,0,11447,0,0,0,0,1614,0,0,0
2024-09-18,port183,Buenaventura,2,1,5624,1635,0,0,5624,0,0,0,1029,606,0,0
2024-09-19,port183,Buenaventura,5,2,84614,2904,70986,13628,0,0,0,2904,0,0,0,0
2024-09-20,port183,Buenaventura,3,2,31986,2904,20659,11326,0,0,0,2904,0,0,0,0
2024-09-21,port183,Buenaventura,1,0,0,0,0,0,0,0,0,0,0,0,0,0
2024-09-22,port183,Buenaventura,5,3,7322,5357,0,7322,0,0,0,0,5357,0,0,0
2024-09-23,port183,Buenaventura,4,3,12978,1591,0,8301,0,4676,0,0,1093,0,498,0
2024-09-24,port183,Buenaventura,5,2,23672,5641,23180,491,0,0,0,2928,2712,0,0,0
2024-09-25,port183,Buenaventura,6,3,17008,51410,0,16021,0,0,986,49729,1614,0,0,66
2024-09-26,port183,Buenaventura,4,3,27685,3563,23145,4540,0,0,0,0,3563,0,0,0
2024-09-27,port183,Buenaventura,5,4,25033,1160,0,25033,0,0,0,0,0,1160,0,0
2024-09-28,port183,Buenaventura,2,1,54049,3382,54049,0,0,0,0,0,3382,0,0,0
2024-09-29,port183,Buenaventura,4,2,34181,7275,25169,775,8236,0,0,0,7275,0,0,0
2024-09-30,port183,Buenaventura,3,2,30738,0,0,30738,0,0,0,0,0,0,0,0
2024-10-01,port183,Buenaventura,3,2,12819,10596,12819,0,0,0,0,0,10596,0,0,0
2024-10-02,port183,Buenaventura,4,2,78549,2430,54282,16100,0,8166,0,0,2430,0,0,0
2024-10-03,port183,Buenaventura,2,1,19123,1574,19123,0,0,0,0,0,1574,0,0,0
2024-10-04,port183,Buenaventura,4,2,32474,0,11065,21408,0,0,0,0,0,0,0,0
2024-10-05,port183,Buenaventura,6,4,36476,9511,20659,11140,0,4676,0,2904,6107,0,498,0
2024-10-06,port183,Buenaventura,4,2,5468,5398,0,5468,0,0,0,0,1830,0,3567,0
2024-10-07,port183,Buenaventura,3,2,11483,8218,1666,9817,0,0,0,0,8218,0,0,0
2024-10-08,port183,Buenaventura,5,2,27846,3228,12188,11170,0,0,4487,0,3228,0,0,0
2024-10-09,port183,Buenaventura,4,4,25961,0,0,25961,0,0,0,0,0,0,0,0
2024-10-10,port183,Buenaventura,3,1,2569,19023,0,995,1574,0,0,19023,0,0,0,0
2024-10-11,port183,Buenaventura,8,5,87987,12041,58830,29156,0,0,0,0,12041,0,0,0
2024-10-12,port183,Buenaventura,3,3,4988,7336,0,4988,0,0,0,0,7336,0,0,0
2024-10-13,port183,Buenaventura,5,2,71026,779,48949,17234,4841,0,0,0,779,0,0,0
2024-10-14,port183,Buenaventura,3,1,17076,1614,11491,5585,0,0,0,0,1614,0,0,0
2024-10-15,port183,Buenaventura,2,1,5975,0,4053,1921,0,0,0,0,0,0,0,0
2024-10-16,port183,Buenaventura,4,2,63105,0,54191,7820,0,0,1093,0,0,0,0,0
2024-10-17,port183,Buenaventura,1,0,2359,0,2359,0,0,0,0,0,0,0,0,0
2024-10-18,port183,Buenaventura,4,3,39344,6528,20659,18685,0,0,0,2904,3623,0,0,0
2024-10-19,port183,Buenaventura,7,3,27079,2386,15953,11125,0,0,0,0,1614,0,771,0
2024-10-20,port183,Buenaventura,1,1,2439,0,0,2439,0,0,0,0,0,0,0,0
2024-10-21,port183,Buenaventura,5,3,80885,4605,60684,20201,0,0,0,0,4605,0,0,0
2024-10-22,port183,Buenaventura,1,1,39444,0,0,39444,0,0,0,0,0,0,0,0
2024-10-23,port183,Buenaventura,3,1,58804,1614,53219,5585,0,0,0,0,1614,0,0,0
2024-10-24,port183,Buenaventura,3,2,21879,2016,0,7485,0,14394,0,0,2016,0,0,0
2024-10-25,port183,Buenaventura,3,2,22907,12227,0,22907,0,0,0,0,0,0,12227,0
2024-10-26,port183,Buenaventura,5,2,25086,54608,17246,7840,0,0,0,54608,0,0,0,0
2024-10-27,port183,Buenaventura,3,3,2441,2443,0,2441,0,0,0,0,2443,0,0,0
2024-10-28,port183,Buenaventura,6,2,52088,55493,12166,39921,0,0,0,55493,0,0,0,0
2024-10-29,port183,Buenaventura,4,2,59509,11916,52829,4615,0,0,2063,0,11916,0,0,0
2024-10-30,port183,Buenaventura,3,2,41252,2904,20659,20593,0,0,0,2904,0,0,0,0
2024-10-31,port183,Buenaventura,3,1,10456,0,0,3590,0,5327,1538,0,0,0,0,0
2024-11-01,port183,Buenaventura,3,2,57047,0,28202,28844,0,0,0,0,0,0,0,0
2024-11-02,port183,Buenaventura,4,4,9390,23608,0,9390,0,0,0,0,23608,0,0,0
2024-11-03,port183,Buenaventura,3,1,6519,0,0,6519,0,0,0,0,0,0,0,0
2024-11-04,port183,Buenaventura,5,5,26976,1614,0,26976,0,0,0,0,1614,0,0,0
2024-11-05,port183,Buenaventura,5,3,43909,511,7562,36346,0,0,0,0,0,0,0,511
2024-11-06,port183,Buenaventura,4,2,20662,0,15071,5591,0,0,0,0,0,0,0,0
2024-11-07,port183,Buenaventura,2,1,61581,0,50284,11297,0,0,0,0,0,0,0,0
2024-11-08,port183,Buenaventura,4,1,64305,2603,54919,9386,0,0,0,0,0,0,0,2603
2024-11-09,port183,Buenaventura,2,2,8824,1614,0,8824,0,0,0,0,1614,0,0,0
2024-11-10,port183,Buenaventura,4,2,32232,11592,20659,6226,0,5346,0,2904,8687,0,0,0
2024-11-11,port183,Buenaventura,6,3,38764,0,23685,13001,0,0,2077,0,0,0,0,0
2024-11-12,port183,Buenaventura,4,2,36536,690,25745,10790,0,0,0,0,0,0,690,0
2024-11-13,port183,Buenaventura,3,1,57355,6495,57355,0,0,0,0,2904,3590,0,0,0
2024-11-14,port183,Buenaventura,2,2,26347,0,0,26347,0,0,0,0,0,0,0,0
2024-11-15,port183,Buenaventura,7,2,106175,0,97609,5089,0,3476,0,0,0,0,0,0
2024-11-16,port183,Buenaventura,3,2,5815,10949,0,5815,0,0,0,0,10949,0,0,0
2024-11-17,port183,Buenaventura,2,1,7658,1614,0,5585,2073,0,0,0,1614,0,0,0
2024-11-18,port183,Buenaventura,6,3,40863,1545,6652,31953,0,419,1837,0,1545,0,0,0
2024-11-19,port183,Buenaventura,2,2,5421,0,0,5421,0,0,0,0,0,0,0,0
2024-11-20,port183,Buenaventura,2,1,0,321,0,0,0,0,0,0,321,0,0,0
2024-11-21,port183,Buenaventura,3,1,8239,0,3854,2284,0,0,2101,0,0,0,0,0
2024-11-22,port183,Buenaventura,4,2,92207,0,54786,20222,0,17198,0,0,0,0,0,0
2024-11-23,port183,Buenaventura,2,1,8955,1614,0,5585,0,0,3369,0,1614,0,0,0
2024-11-24,port183,Buenaventura,2,2,0,1994,0,0,0,0,0,0,1994,0,0,0
2024-11-25,port183,Buenaventura,7,4,67364,30445,58408,8956,0,0,0,24967,5477,0,0,0
2024-11-26,port183,Buenaventura,4,1,86771,606,34096,31876,5624,15173,0,0,0,606,0,0
2024-11-27,port183,Buenaventura,2,2,3896,1595,0,3896,0,0,0,0,1595,0,0,0
2024-11-28,port183,Buenaventura,4,3,31343,0,0,19938,0,11405,0,0,0,0,0,0
2024-11-29,port183,Buenaventura,3,3,48753,0,0,48753,0,0,0,0,0,0,0,0
2024-11-30,port183,Buenaventura,8,4,107313,11130,91033,16279,0,0,0,2904,8225,0,0,0
2024-12-01,port183,Buenaventura,2,2,0,23885,0,0,0,0,0,0,23885,0,0,0
2024-12-02,port183,Buenaventura,2,2,0,5016,0,0,0,0,0,0,5016,0,0,0
2024-12-03,port183,Buenaventura,3,1,15007,0,0,8451,0,386,6169,0,0,0,0,0
2024-12-04,port183,Buenaventura,4,2,7293,639,1659,5633,0,0,0,0,639,0,0,0
2024-12-05,port183,Buenaventura,3,2,36631,0,1062,35568,0,0,0,0,0,0,0,0
2024-12-06,port183,Buenaventura,2,1,70953,0,51324,19629,0,0,0,0,0,0,0,0
2024-12-07,port183,Buenaventura,5,3,65916,4268,52688,12715,0,0,512,0,4268,0,0,0
2024-12-08,port183,Buenaventura,2,1,52746,0,52101,645,0,0,0,0,0,0,0,0
2024-12-09,port183,Buenaventura,3,2,5585,5257,0,5585,0,0,0,0,5257,0,0,0
2024-12-10,port183,Buenaventura,2,2,5861,0,0,5861,0,0,0,0,0,0,0,0
2024-12-11,port183,Buenaventura,5,3,30708,1614,0,23779,4184,0,2744,0,1614,0,0,0
2024-12-12,port183,Buenaventura,3,2,67200,0,52101,15099,0,0,0,0,0,0,0,0
2024-12-13,port183,Buenaventura,4,2,47489,0,30393,15054,0,2041,0,0,0,0,0,0
2024-12-14,port183,Buenaventura,3,3,18518,13991,0,18518,0,0,0,0,13991,0,0,0
2024-12-15,port183,Buenaventura,3,2,31829,6133,20659,11170,0,0,0,2904,3228,0,0,0
2024-12-16,port183,Buenaventura,8,4,22047,16057,9983,10356,0,1706,0,0,16057,0,0,0
2024-12-17,port183,Buenaventura,5,3,17347,1614,0,17347,0,0,0,0,1614,0,0,0
2024-12-18,port183,Buenaventura,2,0,32063,0,32063,0,0,0,0,0,0,0,0,0
2024-12-19,port183,Buenaventura,6,3,57021,0,36166,20855,0,0,0,0,0,0,0,0
2024-12-20,port183,Buenaventura,2,1,16317,0,7426,8891,0,0,0,0,0,0,0,0
2024-12-21,port183,Buenaventura,3,2,47849,4912,47849,0,0,0,0,0,4912,0,0,0
2024-12-22,port183,Buenaventura,5,4,27282,4524,11652,15629,0,0,0,0,4524,0,0,0
2024-12-23,port183,Buenaventura,3,2,20384,584,0,20384,0,0,0,584,0,0,0,0
2024-12-24,port183,Buenaventura,2,1,1410,0,0,1410,0,0,0,0,0,0,0,0
2024-12-25,port183,Buenaventura,6,5,54398,7017,20659,33739,0,0,0,2904,4112,0,0,0
2024-12-26,port183,Buenaventura,2,1,6302,0,0,6302,0,0,0,0,0,0,0,0
2024-12-27,port183,Buenaventura,2,1,17458,66,0,16471,0,0,986,0,0,0,0,66
2024-12-28,port183,Buenaventura,3,1,84989,10038,84989,0,0,0,0,0,10038,0,0,0
2024-12-29,port183,Buenaventura,4,3,52607,18220,52607,0,0,0,0,0,18220,0,0,0
2024-12-30,port183,Buenaventura,4,2,30513,18330,24928,5585,0,0,0,0,18330,0,0,0
2024-12-31,port183,Buenaventura,4,3,6661,2655,0,2243,4418,0,0,0,2655,0,0,0
2025-01-01,port183,Buenaventura,3,3,17379,320,0,17379,0,0,0,0,320,0,0,0
2025-01-02,port183,Buenaventura,5,2,19125,0,5784,12138,318,883,0,0,0,0,0,0
2025-01-03,port183,Buenaventura,5,3,29446,3143,0,12667,16000,778,0,0,3143,0,0,0
2025-01-04,port183,Buenaventura,5,3,35806,5418,22827,12979,0,0,0,0,5418,0,0,0
2025-01-05,port183,Buenaventura,3,1,10816,15607,10816,0,0,0,0,0,15607,0,0,0
2025-01-06,port183,Buenaventura,4,4,2462,6361,0,2462,0,0,0,0,6361,0,0,0
2025-01-07,port183,Buenaventura,4,2,38219,56207,0,5585,0,32633,0,50012,6194,0,0,0
2025-01-08,port183,Buenaventura,4,3,14514,0,2895,11619,0,0,0,0,0,0,0,0
2025-01-09,port183,Buenaventura,3,2,40151,0,0,25915,0,14236,0,0,0,0,0,0
2025-01-10,port183,Buenaventura,4,2,62469,0,24593,35657,0,0,2217,0,0,0,0,0
2025-01-11,port183,Buenaventura,6,2,98707,2904,75440,7811,0,15455,0,2904,0,0,0,0
2025-01-12,port183,Buenaventura,3,1,20367,7421,20367,0,0,0,0,0,7421,0,0,0
2025-01-13,port183,Buenaventura,5,3,61705,2193,54658,7046,0,0,0,0,2193,0,0,0
2025-01-14,port183,Buenaventura,2,1,1715,0,0,1715,0,0,0,0,0,0,0,0
2025-01-15,port183,Buenaventura,5,3,80861,0,52985,21806,6069,0,0,0,0,0,0,0
2025-01-16,port183,Buenaventura,5,3,66296,0,25103,41192,0,0,0,0,0,0,0,0
2025-01-17,port183,Buenaventura,4,3,10099,29672,0,7056,0,3042,0,0,29672,0,0,0
2025-01-18,port183,Buenaventura,3,2,22133,24879,0,22133,0,0,0,24879,0,0,0,0
2025-01-19,port183,Buenaventura,1,0,0,0,0,0,0,0,0,0,0,0,0,0
2025-01-20,port183,Buenaventura,10,4,27672,56163,14679,12992,0,0,0,53255,2907,0,0,0
2025-01-21,port183,Buenaventura,3,3,4108,1507,0,4108,0,0,0,0,1507,0,0,0
2025-01-22,port183,Buenaventura,2,1,40590,643,0,35080,0,5510,0,0,0,0,643,0
2025-01-23,port183,Buenaventura,5,2,57610,0,41399,16211,0,0,0,0,0,0,0,0
2025-01-24,port183,Buenaventura,3,3,29644,0,0,29644,0,0,0,0,0,0,0,0
2025-01-25,port183,Buenaventura,2,0,890,15826,0,0,0,0,890,0,0,0,15826,0
2025-01-26,port183,Buenaventura,5,4,54253,12818,41539,12714,0,0,0,0,12818,0,0,0
2025-01-27,port183,Buenaventura,7,4,54044,6932,40897,9165,0,3980,0,2904,4027,0,0,0
2025-01-28,port183,Buenaventura,1,1,2188,0,0,2188,0,0,0,0,0,0,0,0
2025-01-29,port183,Buenaventura,8,3,128546,28796,93008,27730,0,5510,2297,0,28152,0,643,0
2025-01-30,port183,Buenaventura,2,1,0,2106,0,0,0,0,0,0,2106,0,0,0
2025-01-31,port183,Buenaventura,2,1,21773,0,8849,12924,0,0,0,0,0,0,0,0
2025-02-01,port183,Buenaventura,5,3,61800,5390,53244,8555,0,0,0,0,5390,0,0,0
2025-02-02,port183,Buenaventura,5,3,8661,10588,1097,5758,0,1805,0,0,10588,0,0,0
2025-02-03,port183,Buenaventura,3,2,8990,1614,0,8990,0,0,0,0,1614,0,0,0
2025-02-04,port183,Buenaventura,3,1,5429,2839,0,0,3617,0,1812,0,2839,0,0,0
2025-02-05,port183,Buenaventura,8,5,34009,1614,0,21393,0,12616,0,0,1614,0,0,0
2025-02-06,port183,Buenaventura,2,1,24884,0,0,24884,0,0,0,0,0,0,0,0
2025-02-07,port183,Buenaventura,4,2,34058,365,11999,22058,0,0,0,365,0,0,0,0
2025-02-08,port183,Buenaventura,3,2,17197,9050,11612,5585,0,0,0,0,9050,0,0,0
2025-02-09,port183,Buenaventura,5,3,26918,24991,20659,5585,673,0,0,2904,22086,0,0,0
2025-02-10,port183,Buenaventura,6,4,97039,3228,61659,20181,15198,0,0,0,3228,0,0,0
2025-02-11,port183,Buenaventura,6,4,46650,3228,27044,19084,0,522,0,0,3228,0,0,0
2025-02-12,port183,Buenaventura,3,1,4692,5488,1653,0,0,0,3038,0,5488,0,0,0
2025-02-13,port183,Buenaventura,5,3,32155,1614,7162,24160,0,0,832,0,1614,0,0,0
2025-02-14,port183,Buenaventura,2,2,17875,0,0,17875,0,0,0,0,0,0,0,0
2025-02-15,port183,Buenaventura,3,2,45437,1614,0,15207,0,30230,0,0,1614,0,0,0
2025-02-16,port183,Buenaventura,4,3,65661,1614,56880,8780,0,0,0,0,1614,0,0,0
2025-02-17,port183,Buenaventura,4,3,16357,4373,0,16357,0,0,0,0,4373,0,0,0
2025-02-18,port183,Buenaventura,6,2,66275,2904,52717,5677,2488,5391,0,2904,0,0,0,0
2025-02-19,port183,Buenaventura,2,1,15352,0,12784,2567,0,0,0,0,0,0,0,0
2025-02-20,port183,Buenaventura,5,2,33379,0,24405,8973,0,0,0,0,0,0,0,0
2025-02-21,port183,Buenaventura,4,1,53403,5062,29152,0,5624,18626,0,0,4456,606,0,0
2025-02-22,port183,Buenaventura,4,3,9284,13149,0,9284,0,0,0,0,13149,0,0,0
2025-02-23,port183,Buenaventura,4,2,58556,0,53184,5371,0,0,0,0,0,0,0,0
2025-02-24,port183,Buenaventura,8,3,87161,4465,77294,6326,0,3540,0,2904,1560,0,0,0
2025-02-25,port183,Buenaventura,5,2,35572,13728,26044,3902,5624,0,0,0,13122,606,0,0
2025-02-26,port183,Buenaventura,4,1,24133,484,0,24133,0,0,0,484,0,0,0,0
2025-02-27,port183,Buenaventura,1,1,0,766,0,0,0,0,0,0,766,0,0,0
2025-02-28,port183,Buenaventura,2,2,3525,7382,0,3525,0,0,0,0,7382,0,0,0
2025-03-01,port183,Buenaventura,2,1,0,1502,0,0,0,0,0,0,1502,0,0,0
2025-03-02,port183,Buenaventura,4,3,17502,0,0,16336,0,0,1165,0,0,0,0,0
2025-03-03,port183,Buenaventura,4,2,5585,5277,0,5585,0,0,0,959,4317,0,0,0
2025-03-04,port183,Buenaventura,3,2,34003,0,11897,22105,0,0,0,0,0,0,0,0
2025-03-05,port183,Buenaventura,3,3,28093,1535,0,28093,0,0,0,0,1535,0,0,0
2025-03-06,port183,Buenaventura,3,1,49878,0,28018,20907,0,0,952,0,0,0,0,0
2025-03-07,port183,Buenaventura,3,2,36820,0,4832,31988,0,0,0,0,0,0,0,0
2025-03-08,port183,Buenaventura,3,3,5585,9108,0,5585,0,0,0,0,9108,0,0,0
2025-03-09,port183,Buenaventura,4,1,61910,1385,51934,0,5624,0,4351,0,779,606,0,0
2025-03-10,port183,Buenaventura,5,3,46532,4177,20659,25873,0,0,0,2904,1273,0,0,0
2025-03-11,port183,Buenaventura,5,2,81759,0,63147,18612,0,0,0,0,0,0,0,0
2025-03-12,port183,Buenaventura,5,2,37326,30108,25138,12188,0,0,0,28494,1614,0,0,0
2025-03-13,port183,Buenaventura,2,0,13513,0,0,0,0,13513,0,0,0,0,0,0
2025-03-14,port183,Buenaventura,2,0,507,0,0,0,0,0,507,0,0,0,0,0
2025-03-15,port183,Buenaventura,3,2,23153,2531,21823,1330,0,0,0,0,2531,0,0,0
2025-03-16,port183,Buenaventura,2,2,5220,4669,0,5220,0,0,0,0,4669,0,0,0
2025-03-17,port183,Buenaventura,3,2,27140,0,0,25838,0,1302,0,0,0,0,0,0
2025-03-18,port183,Buenaventura,7,4,69274,6880,62728,6546,0,0,0,0,6880,0,0,0
2025-03-19,port183,Buenaventura,4,0,30099,3403,20659,0,4763,4676,0,2904,0,0,498,0
2025-03-20,port183,Buenaventura,4,1,16720,2864,0,5585,5624,5510,0,0,1614,606,643,0
2025-03-21,port183,Buenaventura,3,3,28959,1082,0,28959,0,0,0,0,1082,0,0,0
2025-03-22,port183,Buenaventura,4,3,26359,3298,0,6526,0,19832,0,0,3298,0,0,0
2025-03-23,port183,Buenaventura,4,2,59994,15525,54409,5585,0,0,0,2923,12601,0,0,0
2025-03-24,port183,Buenaventura,5,3,40529,2719,27964,12564,0,0,0,0,2719,0,0,0
2025-03-25,port183,Buenaventura,4,2,78321,388,53303,25018,0,0,0,0,0,0,388,0
2025-03-26,port183,Buenaventura,3,1,29123,0,23821,5301,0,0,0,0,0,0,0,0
2025-03-27,port183,Buenaventura,2,2,9016,1614,0,9016,0,0,0,0,1614,0,0,0
2025-03-28,port183,Buenaventura,1,1,3779,0,0,3779,0,0,0,0,0,0,0,0
2025-03-29,port183,Buenaventura,2,1,5585,60556,0,5585,0,0,0,58941,1614,0,0,0
2025-03-30,port183,Buenaventura,6,4,57200,18959,50061,7138,0,0,0,0,18959,0,0,0
2025-03-31,port183,Buenaventura,3,2,22268,0,18225,4042,0,0,0,0,0,0,0,0
2025-04-01,port183,Buenaventura,5,1,136938,606,106104,25209,5624,0,0,0,0,606,0,0
2025-04-02,port183,Buenaventura,4,1,41284,0,20312,6027,0,12768,2175,0,0,0,0,0
2025-04-03,port183,Buenaventura,5,3,22810,1614,0,22810,0,0,0,0,1614,0,0,0
2025-04-04,port183,Buenaventura,2,1,30674,2904,20659,10014,0,0,0,2904,0,0,0,0
2025-04-05,port183,Buenaventura,4,1,79354,1120,79354,0,0,0,0,0,1120,0,0,0
2025-04-06,port183,Buenaventura,3,3,8395,1811,0,8395,0,0,0,0,1811,0,0,0
2025-04-07,port183,Buenaventura,4,1,38935,0,32750,2874,0,0,3309,0,0,0,0,0
2025-04-08,port183,Buenaventura,3,1,0,879,0,0,0,0,0,0,879,0,0,0
2025-04-09,port183,Buenaventura,3,2,24691,2809,0,24691,0,0,0,0,0,0,2809,0
2025-04-10,port183,Buenaventura,2,2,22643,0,0,22643,0,0,0,0,0,0,0,0
2025-04-11,port183,Buenaventura,0,0,0,0,0,0,0,0,0,0,0,0,0,0
2025-04-12,port183,Buenaventura,6,2,152673,66,144768,6917,0,0,986,0,0,0,0,66
2025-04-13,port183,Buenaventura,4,3,54826,6011,49735,5090,0,0,0,0,6011,0,0,0
2025-04-14,port183,Buenaventura,6,3,39570,2533,15043,24526,0,0,0,0,2533,0,0,0
2025-04-15,port183,Buenaventura,3,2,58186,602,53758,4427,0,0,0,0,602,0,0,0
2025-04-16,port183,Buenaventura,2,1,4626,0,0,4626,0,0,0,0,0,0,0,0
2025-04-17,port183,Buenaventura,2,1,42830,0,0,20841,0,21988,0,0,0,0,0,0
2025-04-18,port183,Buenaventura,1,0,5510,643,0,0,0,5510,0,0,0,0,643,0
2025-04-19,port183,Buenaventura,1,1,11699,0,0,11699,0,0,0,0,0,0,0,0
2025-04-20,port183,Buenaventura,5,2,41224,3992,35230,3679,0,2313,0,0,3992,0,0,0
2025-04-21,port183,Buenaventura,4,2,27428,1614,12602,14825,0,0,0,0,1614,0,0,0
2025-04-22,port183,Buenaventura,5,2,45393,606,13373,23486,5624,0,2908,0,0,606,0,0
2025-04-23,port183,Buenaventura,2,2,17378,0,0,17378,0,0,0,0,0,0,0,0
2025-04-24,port183,Buenaventura,2,1,11698,0,0,6975,4722,0,0,0,0,0,0,0
2025-04-25,port183,Buenaventura,2,0,13282,0,0,0,0,13282,0,0,0,0,0,0
2025-04-26,port183,Buenaventura,3,2,36153,7626,16226,19926,0,0,0,0,7626,0,0,0
2025-04-27,port183,Buenaventura,3,1,3952,34211,0,3952,0,0,0,34211,0,0,0,0
2025-04-28,port183,Buenaventura,6,4,72499,6389,57135,15363,0,0,0,0,6389,0,0,0
2025-04-29,port183,Buenaventura,3,2,26745,0,0,26745,0,0,0,0,0,0,0,0
2025-04-30,port183,Buenaventura,4,2,57061,0,0,44773,0,12288,0,0,0,0,0,0
2025-05-01,port183,Buenaventura,4,2,48303,8927,21422,26880,0,0,0,0,8927,0,0,0
2025-05-02,port183,Buenaventura,5,3,44007,0,9914,15311,0,18781,0,0,0,0,0,0
2025-05-03,port183,Buenaventura,1,0,53661,0,53661,0,0,0,0,0,0,0,0,0
2025-05-04,port183,Buenaventura,5,3,32202,6249,30503,780,0,0,918,0,6249,0,0,0
2025-05-05,port183,Buenaventura,6,4,112505,3228,81873,30632,0,0,0,0,3228,0,0,0
2025-05-06,port183,Buenaventura,4,2,48564,1614,26400,21574,0,0,589,0,1614,0,0,0
2025-05-07,port183,Buenaventura,3,2,23646,0,0,23646,0,0,0,0,0,0,0,0
2025-05-08,port183,Buenaventura,3,0,38894,0,38894,0,0,0,0,0,0,0,0,0
2025-05-09,port183,Buenaventura,3,2,28585,0,0,11339,0,17245,0,0,0,0,0,0
2025-05-10,port183,Buenaventura,4,3,7912,18375,0,4849,0,3063,0,0,18375,0,0,0
2025-05-11,port183,Buenaventura,3,1,7190,0,0,1563,0,3575,2052,0,0,0,0,0
2025-05-12,port183,Buenaventura,4,3,49869,0,8639,41229,0,0,0,0,0,0,0,0
2025-05-13,port183,Buenaventura,1,1,3791,0,0,3791,0,0,0,0,0,0,0,0
2025-05-14,port183,Buenaventura,4,3,77724,0,0,46640,0,31083,0,0,0,0,0,0
2025-05-15,port183,Buenaventura,1,1,5585,1614,0,5585,0,0,0,0,1614,0,0,0
2025-05-16,port183,Buenaventura,4,2,19904,541,12076,5075,0,0,2752,0,541,0,0,0
2025-05-17,port183,Buenaventura,1,1,0,6867,0,0,0,0,0,0,6867,0,0,0
2025-05-18,port183,Buenaventura,3,3,3655,10140,0,3655,0,0,0,0,10140,0,0,0
2025-05-19,port183,Buenaventura,2,2,11780,1007,0,11780,0,0,0,0,1007,0,0,0
2025-05-20,port183,Buenaventura,5,2,79237,0,52101,22858,0,4277,0,0,0,0,0,0
2025-05-21,port183,Buenaventura,5,1,101275,2904,89453,11311,0,0,511,2904,0,0,0,0
2025-05-22,port183,Buenaventura,5,2,85038,1855,53354,8547,17625,5510,0,0,1212,0,643,0
2025-05-23,port183,Buenaventura,2,2,17115,0,0,17115,0,0,0,0,0,0,0,0
2025-05-24,port183,Buenaventura,2,2,0,4860,0,0,0,0,0,0,4860,0,0,0
2025-05-25,port183,Buenaventura,7,4,49286,4787,33211,16074,0,0,0,0,4787,0,0,0
2025-05-26,port183,Buenaventura,4,2,77305,0,53954,20355,2995,0,0,0,0,0,0,0
2025-05-27,port183,Buenaventura,4,1,38929,3510,20659,12645,5624,0,0,2904,0,606,0,0
2025-05-28,port183,Buenaventura,3,3,48250,0,0,48250,0,0,0,0,0,0,0,0
2025-05-29,port183,Buenaventura,3,1,39796,0,37498,2297,0,0,0,0,0,0,0,0
2025-05-30,port183,Buenaventura,3,2,52872,0,43585,9287,0,0,0,0,0,0,0,0
2025-05-31,port183,Buenaventura,2,1,54554,9861,54554,0,0,0,0,0,9861,0,0,0
2025-06-01,port183,Buenaventura,5,4,35249,1557,0,34382,0,867,0,0,1557,0,0,0
2025-06-02,port183,Buenaventura,5,3,29104,15905,18011,5585,0,0,5508,0,15905,0,0,0
2025-06-03,port183,Buenaventura,5,3,41951,1614,4660,28409,8881,0,0,0,1614,0,0,0
2025-06-04,port183,Buenaventura,4,1,45540,0,42109,3431,0,0,0,0,0,0,0,0
2025-06-05,port183,Buenaventura,1,0,5624,606,0,0,5624,0,0,0,0,606,0,0
2025-06-06,port183,Buenaventura,4,3,74604,958,52261,22343,0,0,0,0,958,0,0,0
2025-06-07,port183,Buenaventura,4,2,7560,4086,1666,5585,0,309,0,0,4086,0,0,0
2025-06-08,port183,Buenaventura,5,3,11184,7842,0,6946,0,4237,0,0,7237,0,0,605
2025-06-09,port183,Buenaventura,3,1,16701,0,7540,9161,0,0,0,0,0,0,0,0
2025-06-10,port183,Buenaventura,4,3,14580,18429,6490,8089,0,0,0,0,18429,0,0,0
2025-06-11,port183,Buenaventura,4,3,63517,0,0,50071,0,13446,0,0,0,0,0,0
2025-06-12,port183,Buenaventura,1,0,4024,0,0,0,0,4024,0,0,0,0,0,0
2025-06-13,port183,Buenaventura,6,3,55619,2244,35212,17971,0,0,2436,0,2244,0,0,0
2025-06-14,port183,Buenaventura,1,0,6159,0,6159,0,0,0,0,0,0,0,0,0
2025-06-15,port183,Buenaventura,4,2,54549,12268,52234,2315,0,0,0,2904,9363,0,0,0
2025-06-16,port183,Buenaventura,9,6,90731,10904,37550,53180,0,0,0,2904,7999,0,0,0
2025-06-17,port183,Buenaventura,4,1,128399,0,99463,28935,0,0,0,0,0,0,0,0
2025-06-18,port183,Buenaventura,2,1,46972,0,30827,16145,0,0,0,0,0,0,0,0
2025-06-19,port183,Buenaventura,4,1,77370,0,61766,11393,0,0,4210,0,0,0,0,0
2025-06-20,port183,Buenaventura,2,2,15633,0,0,15633,0,0,0,0,0,0,0,0
2025-06-21,port183,Buenaventura,3,2,26469,3678,0,2531,0,23938,0,0,3678,0,0,0
2025-06-22,port183,Buenaventura,4,4,8791,7061,0,8791,0,0,0,0,7061,0,0,0
2025-06-23,port183,Buenaventura,5,4,22726,3228,0,19196,0,3529,0,0,3228,0,0,0
2025-06-24,port183,Buenaventura,5,2,21277,26653,6351,14925,0,0,0,26653,0,0,0,0
2025-06-25,port183,Buenaventura,5,2,23176,0,5721,15634,0,0,1820,0,0,0,0,0
2025-06-26,port183,Buenaventura,3,2,7642,8024,0,7059,0,0,583,0,8024,0,0,0
2025-06-27,port183,Buenaventura,4,2,85291,3228,74121,11170,0,0,0,0,3228,0,0,0
2025-06-28,port183,Buenaventura,4,2,68828,9053,63243,5585,0,0,0,0,9053,0,0,0
2025-06-29,port183,Buenaventura,6,3,52138,502,41837,10301,0,0,0,0,502,0,0,0
2025-06-30,port183,Buenaventura,3,3,37191,0,0,37191,0,0,0,0,0,0,0,0
2025-07-01,port183,Buenaventura,2,0,32612,0,32612,0,0,0,0,0,0,0,0,0
2025-07-02,port183,Buenaventura,2,1,24053,643,0,18542,0,5510,0,0,0,0,643,0
2025-07-03,port183,Buenaventura,4,3,50603,0,0,50501,0,0,102,0,0,0,0,0
2025-07-04,port183,Buenaventura,2,1,24610,0,13853,10756,0,0,0,0,0,0,0,0
2025-07-05,port183,Buenaventura,4,3,51251,2297,49053,2198,0,0,0,0,2297,0,0,0
2025-07-06,port183,Buenaventura,6,4,62026,2395,49912,12113,0,0,0,0,2395,0,0,0
2025-07-07,port183,Buenaventura,2,1,42957,1614,37371,5585,0,0,0,0,1614,0,0,0
2025-07-08,port183,Buenaventura,3,2,12603,0,0,10271,0,0,2331,0,0,0,0,0
2025-07-09,port183,Buenaventura,3,2,30281,66,0,29295,0,0,986,0,0,0,0,66
2025-07-10,port183,Buenaventura,4,2,51485,1614,0,14683,0,36802,0,0,1614,0,0,0
2025-07-11,port183,Buenaventura,4,2,71563,0,50939,20040,0,0,583,0,0,0,0,0
2025-07-12,port183,Buenaventura,5,2,97627,3353,70903,7857,0,18866,0,0,3353,0,0,0
2025-07-13,port183,Buenaventura,6,4,60875,14397,54194,6680,0,0,0,0,14397,0,0,0
2025-07-14,port183,Buenaventura,5,2,87827,8119,71789,16037,0,0,0,5809,2309,0,0,0
2025-07-15,port183,Buenaventura,2,2,27015,1614,0,27015,0,0,0,0,1614,0,0,0
2025-07-16,port183,Buenaventura,2,1,11596,0,3195,8400,0,0,0,0,0,0,0,0
2025-07-17,port183,Buenaventura,3,3,25354,0,0,25354,0,0,0,0,0,0,0,0
2025-07-18,port183,Buenaventura,3,1,60839,0,51943,6666,0,0,2228,0,0,0,0,0
2025-07-19,port183,Buenaventura,3,3,33312,1614,0,33312,0,0,0,0,1614,0,0,0
2025-07-20,port183,Buenaventura,5,4,9483,63201,0,9483,0,0,0,58635,4565,0,0,0
2025-07-21,port183,Buenaventura,3,3,19243,0,0,19243,0,0,0,0,0,0,0,0
2025-07-22,port183,Buenaventura,7,4,82399,5134,60302,19082,0,0,3014,2904,2229,0,0,0
2025-07-23,port183,Buenaventura,2,2,4376,484,0,4376,0,0,0,0,484,0,0,0
2025-07-24,port183,Buenaventura,6,2,109015,606,73962,28474,5624,952,0,0,0,606,0,0
2025-07-25,port183,Buenaventura,2,2,3802,1269,0,3802,0,0,0,0,1269,0,0,0
2025-07-26,port183,Buenaventura,2,2,46263,0,0,46263,0,0,0,0,0,0,0,0
2025-07-27,port183,Buenaventura,4,2,1337,9557,0,1337,0,0,0,0,3899,0,5657,0
2025-07-28,port183,Buenaventura,7,3,42342,16805,5837,6348,30156,0,0,0,16576,229,0,0
2025-07-29,port183,Buenaventura,2,1,6776,0,0,6776,0,0,0,0,0,0,0,0
2025-07-30,port183,Buenaventura,2,1,25352,0,16880,8471,0,0,0,0,0,0,0,0
2025-07-31,port183,Buenaventura,2,2,33413,0,0,33413,0,0,0,0,0,0,0,0
2025-08-01,port183,Buenaventura,4,2,42358,1614,0,21737,187,20432,0,0,1614,0,0,0
2025-08-02,port183,Buenaventura,5,3,70102,16063,61481,8620,0,0,0,0,16063,0,0,0
2025-08-03,port183,Buenaventura,3,1,56150,0,51722,969,0,3458,0,0,0,0,0,0
2025-08-04,port183,Buenaventura,5,4,16043,6342,0,13128,0,0,2914,0,6342,0,0,0
2025-08-05,port183,Buenaventura,5,3,46268,1614,18104,7742,0,20420,0,0,1614,0,0,0
2025-08-06,port183,Buenaventura,3,2,41321,0,6507,34813,0,0,0,0,0,0,0,0
2025-08-07,port183,Buenaventura,4,2,21441,0,20229,1212,0,0,0,0,0,0,0,0
2025-08-08,port183,Buenaventura,3,2,28914,0,2871,26043,0,0,0,0,0,0,0,0
2025-08-09,port183,Buenaventura,2,1,7558,0,0,6688,0,869,0,0,0,0,0,0
2025-08-10,port183,Buenaventura,7,5,40080,9759,27153,12927,0,0,0,0,9759,0,0,0
2025-08-11,port183,Buenaventura,4,3,39600,1614,0,24565,0,15035,0,0,1614,0,0,0
2025-08-12,port183,Buenaventura,3,1,121223,0,111353,9870,0,0,0,0,0,0,0,0
2025-08-13,port183,Buenaventura,6,1,74334,0,0,37755,32935,3134,508,0,0,0,0,0
2025-08-14,port183,Buenaventura,3,1,65341,0,53938,11403,0,0,0,0,0,0,0,0
2025-08-15,port183,Buenaventura,4,1,66879,643,49642,11726,0,5510,0,0,0,0,643,0
2025-08-16,port183,Buenaventura,3,2,2961,10169,0,509,0,2451,0,0,10169,0,0,0
2025-08-17,port183,Buenaventura,5,4,21181,6553,0,21181,0,0,0,0,6553,0,0,0
2025-08-18,port183,Buenaventura,3,2,19950,0,0,18199,0,1751,0,0,0,0,0,0
2025-08-19,port183,Buenaventura,6,3,83645,1614,31722,34206,0,17716,0,0,1614,0,0,0
2025-08-20,port183,Buenaventura,4,3,83986,0,52183,31802,0,0,0,0,0,0,0,0
2025-08-21,port183,Buenaventura,2,1,33325,606,0,27700,5624,0,0,0,0,606,0,0
2025-08-22,port183,Buenaventura,3,2,7815,14575,0,5585,0,0,2230,0,14575,0,0,0
2025-08-23,port183,Buenaventura,4,3,30167,5248,0,11170,0,18997,0,0,5248,0,0,0
2025-08-24,port183,Buenaventura,2,1,15992,0,13785,2207,0,0,0,0,0,0,0,0
2025-08-25,port183,Buenaventura,6,6,33584,2122,0,33584,0,0,0,0,2122,0,0,0
2025-08-26,port183,Buenaventura,2,1,8053,4365,8053,0,0,0,0,0,4365,0,0,0
2025-08-27,port183,Buenaventura,3,2,18276,1614,3788,14487,0,0,0,0,1614,0,0,0
2025-08-28,port183,Buenaventura,2,1,2540,0,0,2540,0,0,0,0,0,0,0,0
2025-08-29,port183,Buenaventura,4,1,11210,1259,8722,0,0,0,2487,0,1026,233,0,0
2025-08-30,port183,Buenaventura,3,2,39889,5801,0,14066,0,25823,0,0,5801,0,0,0
2025-08-31,port183,Buenaventura,2,1,58266,0,52769,5497,0,0,0,0,0,0,0,0
2025-09-01,port183,Buenaventura,5,3,47818,2541,46815,1002,0,0,0,0,2541,0,0,0
2025-09-02,port183,Buenaventura,3,2,60930,0,21212,39718,0,0,0,0,0,0,0,0
2025-09-03,port183,Buenaventura,3,1,64670,0,53205,8089,0,0,3374,0,0,0,0,0
2025-09-04,port183,Buenaventura,2,2,22587,1614,0,22587,0,0,0,0,1614,0,0,0
2025-09-05,port183,Buenaventura,4,3,14211,3110,0,7448,0,6762,0,0,3110,0,0,0
2025-09-06,port183,Buenaventura,3,3,21531,7608,0,21531,0,0,0,0,7608,0,0,0
2025-09-07,port183,Buenaventura,4,3,10404,7060,0,9280,0,1124,0,0,7060,0,0,0
2025-09-08,port183,Buenaventura,6,3,52871,1614,34892,17978,0,0,0,0,1614,0,0,0
2025-09-09,port183,Buenaventura,4,1,24484,0,0,0,1028,23455,0,0,0,0,0,0
2025-09-10,port183,Buenaventura,4,3,32827,0,0,30748,0,0,2078,0,0,0,0,0
2025-09-11,port183,Buenaventura,4,1,62201,6762,52295,6472,0,3433,0,0,0,0,6762,0
2025-09-12,port183,Buenaventura,3,0,22042,0,18941,0,0,0,3100,0,0,0,0,0
2025-09-13,port183,Buenaventura,5,3,53435,6018,53435,0,0,0,0,0,6018,0,0,0
2025-09-14,port183,Buenaventura,3,2,53045,7787,51966,1078,0,0,0,0,7787,0,0,0
2025-09-15,port183,Buenaventura,5,3,10158,6265,0,10158,0,0,0,0,5093,1171,0,0
2025-09-16,port183,Buenaventura,5,4,33091,5684,0,17155,0,15935,0,0,5684,0,0,0
2025-09-17,port183,Buenaventura,5,4,84736,1510,0,68012,16724,0,0,0,1510,0,0,0
2025-09-18,port183,Buenaventura,2,0,9768,606,0,0,5624,0,4143,0,0,606,0,0
2025-09-19,port183,Buenaventura,3,2,42164,58814,0,42164,0,0,0,58063,751,0,0,0
2025-09-20,port183,Buenaventura,2,1,51987,0,45864,6122,0,0,0,0,0,0,0,0
2025-09-21,port183,Buenaventura,5,4,24158,6214,8134,16024,0,0,0,0,6214,0,0,0
2025-09-22,port183,Buenaventura,4,2,87581,2904,20659,42984,0,23938,0,2904,0,0,0,0
2025-09-23,port183,Buenaventura,2,2,11610,1250,0,11610,0,0,0,0,1250,0,0,0
2025-09-24,port183,Buenaventura,6,3,57943,7558,38764,19178,0,0,0,2904,4653,0,0,0
2025-09-25,port183,Buenaventura,5,2,41652,4519,29478,12173,0,0,0,2904,1614,0,0,0
2025-09-26,port183,Buenaventura,2,1,16933,1614,0,5585,0,11348,0,0,1614,0,0,0
2025-09-27,port183,Buenaventura,2,1,28073,3008,28073,0,0,0,0,0,3008,0,0,0
2025-09-28,port183,Buenaventura,4,3,57777,2196,0,44421,0,13356,0,0,2196,0,0,0
2025-09-29,port183,Buenaventura,4,3,33715,3228,18108,15606,0,0,0,0,3228,0,0,0
2025-09-30,port183,Buenaventura,4,3,32709,1390,30083,2625,0,0,0,0,1390,0,0,0
2025-10-01,port183,Buenaventura,7,3,117286,2904,97893,19393,0,0,0,2904,0,0,0,0
2025-10-02,port183,Buenaventura,2,1,5867,0,0,5867,0,0,0,0,0,0,0,0
2025-10-03,port183,Buenaventura,3,2,20747,12354,0,20747,0,0,0,0,0,0,12354,0
2025-10-04,port183,Buenaventura,3,3,9995,6622,0,9995,0,0,0,0,6622,0,0,0
2025-10-05,port183,Buenaventura,4,2,58201,6371,36755,21446,0,0,0,0,6371,0,0,0
2025-10-06,port183,Buenaventura,6,3,2870,10203,2870,0,0,0,0,0,10203,0,0,0
2025-10-07,port183,Buenaventura,4,3,78322,0,46645,31676,0,0,0,0,0,0,0,0
2025-10-08,port183,Buenaventura,6,3,46483,0,23745,21657,0,1081,0,0,0,0,0,0
2025-10-09,port183,Buenaventura,6,1,24612,741,15611,7338,0,0,1662,741,0,0,0,0
2025-10-10,port183,Buenaventura,3,2,30825,10127,0,30362,0,463,0,0,10127,0,0,0
2025-10-11,port183,Buenaventura,2,1,55585,0,52256,3329,0,0,0,0,0,0,0,0
2025-10-12,port183,Buenaventura,3,1,33514,0,24791,8723,0,0,0,0,0,0,0,0
2025-10-13,port183,Buenaventura,3,3,1237,9164,0,1237,0,0,0,0,9164,0,0,0
2025-10-14,port183,Buenaventura,4,1,59858,16988,39557,6890,0,13411,0,16988,0,0,0,0
2025-10-15,port183,Buenaventura,4,3,33000,0,12050,20950,0,0,0,0,0,0,0,0
2025-10-16,port183,Buenaventura,5,2,42656,0,16769,25887,0,0,0,0,0,0,0,0
2025-10-17,port183,Buenaventura,3,2,21389,8596,3842,17547,0,0,0,0,8596,0,0,0
2025-10-18,port183,Buenaventura,4,3,33340,5805,0,33340,0,0,0,0,5805,0,0,0
2025-10-19,port183,Buenaventura,2,1,11021,0,0,11021,0,0,0,0,0,0,0,0
2025-10-20,port183,Buenaventura,9,6,45405,29917,5628,38166,0,1610,0,26640,3277,0,0,0
2025-10-21,port183,Buenaventura,2,2,12123,0,0,12123,0,0,0,0,0,0,0,0
2025-10-22,port183,Buenaventura,5,2,35749,19457,11534,23323,0,0,890,0,1614,0,17843,0
2025-10-23,port183,Buenaventura,5,3,40626,2037,10713,6754,0,23157,0,0,2037,0,0,0
2025-10-24,port183,Buenaventura,5,2,126624,7549,102264,13837,10522,0,0,0,7549,0,0,0
2025-10-25,port183,Buenaventura,1,1,5585,1614,0,5585,0,0,0,0,1614,0,0,0
2025-10-26,port183,Buenaventura,3,2,74970,912,60999,13971,0,0,0,0,912,0,0,0
2025-10-27,port183,Buenaventura,6,4,60503,3228,3689,52246,4567,0,0,0,3228,0,0,0
2025-10-28,port183,Buenaventura,1,1,15192,0,0,15192,0,0,0,0,0,0,0,0
2025-10-29,port183,Buenaventura,1,1,19998,0,0,19998,0,0,0,0,0,0,0,0
2025-10-30,port183,Buenaventura,3,2,18077,1614,0,18077,0,0,0,0,1614,0,0,0
2025-10-31,port183,Buenaventura,3,2,34591,0,0,33326,0,1265,0,0,0,0,0,0
2025-11-01,port183,Buenaventura,2,2,5585,4294,0,5585,0,0,0,0,4294,0,0,0
2025-11-02,port183,Buenaventura,6,4,47806,14158,32361,15444,0,0,0,0,14158,0,0,0
2025-11-03,port183,Buenaventura,5,4,14143,6389,0,14143,0,0,0,0,5952,0,437,0
2025-11-04,port183,Buenaventura,7,2,123723,8008,74644,26001,18880,0,4197,2904,4497,606,0,0
2025-11-05,port183,Buenaventura,1,1,14634,0,0,14634,0,0,0,0,0,0,0,0
2025-11-06,port183,Buenaventura,3,1,16905,0,14429,2475,0,0,0,0,0,0,0,0
2025-11-07,port183,Buenaventura,6,2,113277,2262,83122,30155,0,0,0,0,2262,0,0,0
2025-11-08,port183,Buenaventura,3,1,18370,0,0,13347,5023,0,0,0,0,0,0,0
2025-11-09,port183,Buenaventura,3,1,88227,0,85886,2340,0,0,0,0,0,0,0,0
2025-11-10,port183,Buenaventura,6,4,66210,1547,18019,42679,0,5510,0,0,904,0,643,0
2025-11-11,port183,Buenaventura,1,1,3663,0,0,3663,0,0,0,0,0,0,0,0
2025-11-12,port183,Buenaventura,4,2,20377,0,2563,16251,0,1562,0,0,0,0,0,0
2025-11-13,port183,Buenaventura,4,2,26500,0,0,16795,4975,0,4729,0,0,0,0,0
2025-11-14,port183,Buenaventura,3,2,31091,1614,0,29528,0,1563,0,0,1614,0,0,0
2025-11-15,port183,Buenaventura,3,2,19292,9034,13707,5585,0,0,0,0,9034,0,0,0
2025-11-16,port183,Buenaventura,3,2,28202,1554,11266,16936,0,0,0,0,1554,0,0,0
2025-11-17,port183,Buenaventura,5,3,61340,3752,30822,621,0,29896,0,0,3752,0,0,0
2025-11-18,port183,Buenaventura,4,2,19022,0,0,14072,1007,0,3943,0,0,0,0,0
2025-11-19,port183,Buenaventura,1,1,11382,0,0,11382,0,0,0,0,0,0,0,0
2025-11-20,port183,Buenaventura,5,1,12643,53443,2904,9507,231,0,0,53443,0,0,0,0
2025-11-21,port183,Buenaventura,2,1,17137,4012,17137,0,0,0,0,0,4012,0,0,0
2025-11-22,port183,Buenaventura,4,3,14253,8717,13307,945,0,0,0,0,8717,0,0,0
2025-11-23,port183,Buenaventura,4,2,40256,0,26478,13383,0,394,0,0,0,0,0,0
2025-11-24,port183,Buenaventura,5,4,9376,2976,3859,5517,0,0,0,0,2976,0,0,0
2025-11-25,port183,Buenaventura,3,1,27762,1479,4994,0,0,22767,0,0,1479,0,0,0
2025-11-26,port183,Buenaventura,4,2,16464,61345,3376,13087,0,0,0,61345,0,0,0,0
2025-11-27,port183,Buenaventura,5,0,65778,0,62711,0,0,3067,0,0,0,0,0,0
2025-11-28,port183,Buenaventura,3,2,64522,0,26152,38369,0,0,0,0,0,0,0,0
2025-11-29,port183,Buenaventura,2,2,0,11920,0,0,0,0,0,0,11920,0,0,0
2025-11-30,port183,Buenaventura,5,3,30743,5742,12215,18527,0,0,0,0,5742,0,0,0
2025-12-01,port183,Buenaventura,5,5,25229,9436,0,25229,0,0,0,0,9436,0,0,0
2025-12-02,port183,Buenaventura,3,1,45135,2904,40731,4404,0,0,0,2904,0,0,0,0
2025-12-03,port183,Buenaventura,4,2,60202,0,2226,47537,0,10438,0,0,0,0,0,0
2025-12-04,port183,Buenaventura,3,1,18536,0,10522,6626,0,0,1387,0,0,0,0,0
2025-12-05,port183,Buenaventura,3,3,22189,3496,0,22189,0,0,0,0,3496,0,0,0
2025-12-06,port183,Buenaventura,2,1,0,70540,0,0,0,0,0,59302,11238,0,0,0
2025-12-07,port183,Buenaventura,4,3,8593,15507,0,8593,0,0,0,0,15507,0,0,0
2025-12-08,port183,Buenaventura,4,2,15573,0,531,13637,0,0,1404,0,0,0,0,0
2025-12-09,port183,Buenaventura,6,1,70736,3510,47567,471,5624,17072,0,2904,0,606,0,0
2025-12-10,port183,Buenaventura,4,2,61390,606,42624,13141,5624,0,0,0,0,606,0,0
2025-12-11,port183,Buenaventura,5,1,133820,6021,128310,0,0,5510,0,49,5327,0,643,0
2025-12-12,port183,Buenaventura,1,1,5585,1614,0,5585,0,0,0,0,1614,0,0,0
2025-12-13,port183,Buenaventura,3,2,14002,5410,7506,6495,0,0,0,0,5410,0,0,0
2025-12-14,port183,Buenaventura,5,4,20424,903,0,17673,0,0,2750,0,903,0,0,0
2025-12-15,port183,Buenaventura,6,3,13674,16733,2954,7234,0,3485,0,0,607,0,16126,0
2025-12-16,port183,Buenaventura,4,1,20737,0,3579,14472,1155,0,1529,0,0,0,0,0
2025-12-17,port183,Buenaventura,4,3,37788,1614,9926,27861,0,0,0,0,1614,0,0,0
2025-12-18,port183,Buenaventura,2,1,5143,0,0,2195,0,0,2947,0,0,0,0,0
2025-12-19,port183,Buenaventura,2,1,37765,0,26113,11652,0,0,0,0,0,0,0,0
2025-12-20,port183,Buenaventura,3,2,20659,21677,20659,0,0,0,0,2904,18772,0,0,0
2025-12-21,port183,Buenaventura,3,2,40464,2174,0,22558,0,17906,0,0,2174,0,0,0
2025-12-22,port183,Buenaventura,7,5,41978,40186,0,38370,3607,0,0,38572,1614,0,0,0
2025-12-23,port183,Buenaventura,2,1,5468,0,0,2366,3101,0,0,0,0,0,0,0
2025-12-24,port183,Buenaventura,4,3,21531,1614,0,21531,0,0,0,0,1614,0,0,0
2025-12-25,port183,Buenaventura,1,0,12896,0,0,0,0,12896,0,0,0,0,0,0
2025-12-26,port183,Buenaventura,3,2,16284,755,0,12820,0,3463,0,0,755,0,0,0
2025-12-27,port183,Buenaventura,5,2,54023,0,28974,3838,0,21210,0,0,0,0,0,0
2025-12-28,port183,Buenaventura,7,4,142875,22331,134080,8794,0,0,0,0,22331,0,0,0
2025-12-29,port183,Buenaventura,5,1,49213,0,47889,1324,0,0,0,0,0,0,0,0
2025-12-30,port183,Buenaventura,5,3,49890,1044,0,49890,0,0,0,1044,0,0,0,0
2025-12-31,port183,Buenaventura,2,1,6369,0,3835,2534,0,0,0,0,0,0,0,0
2026-01-01,port183,Buenaventura,2,1,11940,66,0,10953,0,0,986,0,0,0,0,66
2026-01-02,port183,Buenaventura,3,3,27085,0,0,27085,0,0,0,0,0,0,0,0
2026-01-03,port183,Buenaventura,3,3,0,12613,0,0,0,0,0,0,12613,0,0,0
2026-01-04,port183,Buenaventura,4,3,34927,4620,22035,12891,0,0,0,0,4620,0,0,0
2026-01-05,port183,Buenaventura,5,2,37916,0,17652,11255,9008,0,0,0,0,0,0,0
2026-01-06,port183,Buenaventura,2,2,37209,0,0,37209,0,0,0,0,0,0,0,0
2026-01-07,port183,Buenaventura,3,1,24421,0,5569,12139,0,6712,0,0,0,0,0,0
2026-01-08,port183,Buenaventura,3,2,16574,1614,0,12709,0,0,3864,0,1614,0,0,0
2026-01-09,port183,Buenaventura,5,2,65643,62408,36180,29462,0,0,0,60358,1614,0,435,0
2026-01-10,port183,Buenaventura,2,2,5585,10856,0,5585,0,0,0,0,10856,0,0,0
2026-01-11,port183,Buenaventura,5,3,37254,6290,0,37254,0,0,0,4359,1614,0,315,0
2026-01-12,port183,Buenaventura,4,2,67826,4444,51180,1888,14756,0,0,0,4444,0,0,0
2026-01-13,port183,Buenaventura,4,2,96745,1614,52932,43812,0,0,0,0,1614,0,0,0
2026-01-14,port183,Buenaventura,4,2,26847,1687,5531,20015,0,1300,0,0,1614,0,72,0
2026-01-15,port183,Buenaventura,2,2,13189,0,0,13189,0,0,0,0,0,0,0,0
2026-01-16,port183,Buenaventura,3,1,31878,0,11410,19953,514,0,0,0,0,0,0,0
2026-01-17,port183,Buenaventura,5,3,19265,14352,19265,0,0,0,0,0,14352,0,0,0
2026-01-18,port183,Buenaventura,3,3,30486,3321,0,30486,0,0,0,0,3321,0,0,0
2026-01-19,port183,Buenaventura,6,3,48298,2220,0,39514,5624,2502,656,0,1614,606,0,0
2026-01-20,port183,Buenaventura,3,1,38658,3510,20659,12374,5624,0,0,2904,0,606,0,0
2026-01-21,port183,Buenaventura,4,3,25674,0,4097,21576,0,0,0,0,0,0,0,0
2026-01-22,port183,Buenaventura,3,1,65117,0,53765,11351,0,0,0,0,0,0,0,0
2026-01-23,port183,Buenaventura,6,4,33525,3116,6385,21629,0,5510,0,0,2473,0,643,0
2026-01-24,port183,Buenaventura,1,1,5585,1614,0,5585,0,0,0,0,1614,0,0,0
2026-01-25,port183,Buenaventura,5,2,98824,0,60216,31136,7471,0,0,0,0,0,0,0
2026-01-26,port183,Buenaventura,6,3,85826,4904,73863,7612,0,0,4350,2904,1999,0,0,0
2026-01-27,port183,Buenaventura,2,0,2483,0,0,0,0,0,2483,0,0,0,0,0
2026-01-28,port183,Buenaventura,4,2,52636,0,37179,14794,0,662,0,0,0,0,0,0
2026-01-29,port183,Buenaventura,1,1,0,1723,0,0,0,0,0,0,1723,0,0,0
2026-01-30,port183,Buenaventura,3,2,3082,64058,0,3082,0,0,0,56811,7246,0,0,0
2026-01-31,port183,Buenaventura,4,2,41407,4690,0,21363,0,20044,0,0,3747,0,943,0
2026-02-01,port183,Buenaventura,4,4,18823,17002,0,18823,0,0,0,0,17002,0,0,0
2026-02-02,port183,Buenaventura,4,3,17437,406,0,14335,3101,0,0,0,406,0,0,0
2026-02-03,port183,Buenaventura,3,3,39067,2623,0,39067,0,0,0,0,2623,0,0,0
2026-02-04,port183,Buenaventura,2,1,20193,0,0,18227,0,1965,0,0,0,0,0,0
2026-02-05,port183,Buenaventura,3,1,53318,1517,53318,0,0,0,0,0,1517,0,0,0
2026-02-06,port183,Buenaventura,5,2,97274,2030,81032,16242,0,0,0,0,2030,0,0,0
2026-02-07,port183,Buenaventura,5,2,60783,26905,60783,0,0,0,0,20033,6871,0,0,0
2026-02-08,port183,Buenaventura,4,2,58105,11783,55544,0,0,0,2561,0,11783,0,0,0
2026-02-09,port183,Buenaventura,4,3,22946,3200,5173,17773,0,0,0,0,3200,0,0,0
2026-02-10,port183,Buenaventura,1,1,3076,0,0,3076,0,0,0,0,0,0,0,0
2026-02-11,port183,Buenaventura,3,1,56762,606,0,29415,27347,0,0,0,0,606,0,0
2026-02-12,port183,Buenaventura,5,3,51887,0,14958,24768,0,12159,0,0,0,0,0,0
2026-02-13,port183,Buenaventura,5,2,30182,34090,11135,14245,0,0,4801,34090,0,0,0,0
2026-02-14,port183,Buenaventura,5,3,25614,5038,0,6526,0,18197,890,0,5038,0,0,0
2026-02-15,port183,Buenaventura,2,0,23848,0,22107,0,0,1741,0,0,0,0,0,0
2026-02-16,port183,Buenaventura,6,5,63425,18862,29879,33546,0,0,0,0,18862,0,0,0
2026-02-17,port183,Buenaventura,4,1,103157,49,73306,28606,0,1244,0,49,0,0,0,0
2026-02-18,port183,Buenaventura,6,3,94314,2174,68692,24751,0,869,0,0,2174,0,0,0
2026-02-19,port183,Buenaventura,2,1,20924,0,0,18712,0,2211,0,0,0,0,0,0
2026-02-20,port183,Buenaventura,5,3,56409,3792,41993,14416,0,0,0,0,3792,0,0,0
2026-02-21,port183,Buenaventura,4,2,0,17605,0,0,0,0,0,0,14340,3264,0,0
2026-02-22,port183,Buenaventura,4,4,30197,1614,0,30197,0,0,0,0,1614,0,0,0
2026-02-23,port183,Buenaventura,3,2,5585,10101,0,5585,0,0,0,0,10101,0,0,0
2026-02-24,port183,Buenaventura,3,1,15484,0,14528,956,0,0,0,0,0,0,0,0
2026-02-25,port183,Buenaventura,3,2,25101,0,8733,16367,0,0,0,0,0,0,0,0
2026-02-26,port183,Buenaventura,3,1,7796,690,0,2225,0,0,5570,0,0,0,690,0
2026-02-27,port183,Buenaventura,4,2,116342,5909,103096,13245,0,0,0,0,5909,0,0,0
2026-02-28,port183,Buenaventura,7,3,73112,12577,67955,0,5156,0,0,0,12577,0,0,0
2026-03-01,port183,Buenaventura,3,1,6263,15900,5185,0,0,1078,0,0,15900,0,0,0
2026-03-02,port183,Buenaventura,3,3,22897,1614,0,22897,0,0,0,0,1614,0,0,0
2026-03-03,port183,Buenaventura,4,2,56010,75965,20659,35351,0,0,0,64346,11619,0,0,0
2026-03-04,port183,Buenaventura,2,1,61981,0,44291,17690,0,0,0,0,0,0,0,0
2026-03-05,port183,Buenaventura,5,3,29952,506,0,23345,0,6606,0,0,506,0,0,0
2026-03-06,port183,Buenaventura,3,2,5585,3835,0,5585,0,0,0,0,3835,0,0,0
2026-03-07,port183,Buenaventura,2,2,1168,8616,0,1168,0,0,0,0,8616,0,0,0
2026-03-08,port183,Buenaventura,5,2,46363,2220,19109,20947,6306,0,0,0,1614,606,0,0
2026-03-09,port183,Buenaventura,8,2,121888,6528,117022,3708,0,1158,0,0,6528,0,0,0
2026-03-10,port183,Buenaventura,4,3,92377,0,55895,36481,0,0,0,0,0,0,0,0
2026-03-11,port183,Buenaventura,6,1,71424,18493,0,46173,7919,17332,0,18493,0,0,0,0
2026-03-12,port183,Buenaventura,2,1,4609,0,0,665,0,0,3944,0,0,0,0,0
2026-03-13,port183,Buenaventura,2,2,5634,804,0,5634,0,0,0,0,804,0,0,0
2026-03-14,port183,Buenaventura,4,2,57837,1261,54544,1902,1389,0,0,0,1261,0,0,0
2026-03-15,port183,Buenaventura,4,2,71381,0,41625,25369,0,4386,0,0,0,0,0,0
2026-03-16,port183,Buenaventura,4,3,9696,2420,0,6484,0,0,3212,0,2420,0,0,0
2026-03-17,port183,Buenaventura,4,1,82278,2904,70096,10327,0,1854,0,2904,0,0,0,0
2026-03-18,port183,Buenaventura,3,3,29049,0,0,29049,0,0,0,0,0,0,0,0
2026-03-19,port183,Buenaventura,4,2,102481,0,64242,38238,0,0,0,0,0,0,0,0
2026-03-20,port183,Buenaventura,3,1,8109,7207,6732,0,0,0,1376,0,7207,0,0,0
2026-03-21,port183,Buenaventura,4,3,37093,3228,24887,12206,0,0,0,0,3228,0,0,0
2026-03-22,port183,Buenaventura,5,3,15324,15317,7605,5841,0,1877,0,0,15317,0,0,0
2026-03-23,port183,Buenaventura,4,2,6936,1886,1721,5215,0,0,0,0,1886,0,0,0
2026-03-24,port183,Buenaventura,5,1,61827,66,48334,12506,0,0,986,0,0,0,0,66
2026-03-25,port183,Buenaventura,4,2,85569,0,23305,52936,9328,0,0,0,0,0,0,0
2026-03-26,port183,Buenaventura,1,1,11102,0,0,11102,0,0,0,0,0,0,0,0
2026-03-27,port183,Buenaventura,5,2,99249,0,81432,14126,0,3690,0,0,0,0,0,0
2026-03-28,port183,Buenaventura,3,2,12518,1614,0,12518,0,0,0,0,1614,0,0,0
2026-03-29,port183,Buenaventura,6,4,54796,6045,51437,1329,0,0,2029,0,6045,0,0,0
2026-03-30,port183,Buenaventura,6,2,66131,18689,66131,0,0,0,0,0,18689,0,0,0
2026-03-31,port183,Buenaventura,5,2,32463,25248,20659,10786,0,0,1017,2904,1614,0,20729,0
2026-04-01,port183,Buenaventura,3,3,32003,0,0,32003,0,0,0,0,0,0,0,0
2026-04-02,port183,Buenaventura,0,0,0,0,0,0,0,0,0,0,0,0,0,0
2026-04-03,port183,Buenaventura,2,1,948,0,0,510,0,438,0,0,0,0,0,0
2026-04-04,port183,Buenaventura,4,3,59398,1614,51386,8012,0,0,0,0,1614,0,0,0
2026-04-05,port183,Buenaventura,7,3,123630,34553,109060,7964,0,6606,0,27134,7418,0,0,0
2026-04-06,port183,Buenaventura,3,2,18816,2049,0,18816,0,0,0,0,1610,0,438,0
2026-04-07,port183,Buenaventura,3,2,31485,0,0,30117,0,0,1368,0,0,0,0,0
2026-04-08,port183,Buenaventura,4,2,30310,5807,20659,7364,2286,0,0,2904,2902,0,0,0
2026-04-09,port183,Buenaventura,4,2,55361,0,47340,8020,0,0,0,0,0,0,0,0
2026-04-10,port183,Buenaventura,3,3,31884,0,0,31884,0,0,0,0,0,0,0,0
2026-04-11,port183,Buenaventura,3,1,83047,0,70844,12202,0,0,0,0,0,0,0,0
2026-04-12,port183,Buenaventura,3,2,30209,4519,20659,9550,0,0,0,2904,1614,0,0,0
2026-04-13,port183,Buenaventura,3,2,35294,0,0,27600,7694,0,0,0,0,0,0,0
2026-04-14,port183,Buenaventura,2,0,17382,0,0,0,0,17382,0,0,0,0,0,0
2026-04-15,port183,Buenaventura,3,2,42719,7347,23407,19311,0,0,0,0,7347,0,0,0
2026-04-16,port183,Buenaventura,2,0,5624,606,0,0,5624,0,0,0,0,606,0,0
2026-04-17,port183,Buenaventura,6,3,160337,0,103292,33842,0,23202,0,0,0,0,0,0
2026-04-18,port183,Buenaventura,3,1,20058,63724,20058,0,0,0,0,59227,4496,0,0,0
2026-04-19,port183,Buenaventura,6,5,47053,9623,34160,12892,0,0,0,0,9623,0,0,0
2026-04-20,port183,Buenaventura,4,3,36382,1541,12677,23705,0,0,0,0,1541,0,0,0
2026-04-21,port183,Buenaventura,2,2,30321,0,0,30321,0,0,0,0,0,0,0,0
2026-04-22,port183,Buenaventura,2,1,20362,66,0,19375,0,0,986,0,0,0,0,66
2026-04-23,port183,Buenaventura,4,1,67991,1849,62406,5585,0,0,0,0,1614,235,0,0
2026-04-24,port183,Buenaventura,4,2,24603,0,0,22363,2239,0,0,0,0,0,0,0
2026-04-25,port183,Buenaventura,2,2,7606,1614,0,7606,0,0,0,0,1614,0,0,0
2026-04-26,port183,Buenaventura,5,2,41082,8644,37377,3705,0,0,0,0,8644,0,0,0
2026-04-27,port183,Buenaventura,5,4,27530,7951,0,27530,0,0,0,0,7028,0,922,0
2026-04-28,port183,Buenaventura,7,4,56687,6049,21142,35544,0,0,0,2904,3144,0,0,0
2026-04-29,port183,Buenaventura,1,0,9352,0,9352,0,0,0,0,0,0,0,0,0
2026-04-30,port183,Buenaventura,4,2,21525,1614,0,17438,0,0,4087,0,1614,0,0,0
2026-05-01,port183,Buenaventura,3,2,27821,1614,19198,8623,0,0,0,0,1614,0,0,0
2026-05-02,port183,Buenaventura,3,2,8118,1614,0,8118,0,0,0,0,1614,0,0,0
2026-05-03,port183,Buenaventura,6,4,92323,1127,87392,4930,0,0,0,0,1127,0,0,0
2026-05-04,port183,Buenaventura,6,4,50725,12122,20659,24555,0,5510,0,2904,8574,0,643,0
2026-05-05,port183,Buenaventura,3,1,11774,3325,0,0,8622,3151,0,0,3325,0,0,0
2026-05-06,port183,Buenaventura,2,1,70504,0,52129,18375,0,0,0,0,0,0,0,0
2026-05-07,port183,Buenaventura,4,3,47922,0,7473,40448,0,0,0,0,0,0,0,0
2026-05-08,port183,Buenaventura,3,3,27824,0,0,27824,0,0,0,0,0,0,0,0
2026-05-09,port183,Buenaventura,4,3,11024,8371,0,5191,0,5832,0,0,8371,0,0,0
2026-05-10,port183,Buenaventura,4,2,8955,1614,0,6597,0,0,2357,0,1614,0,0,0
2026-05-11,port183,Buenaventura,1,1,0,1156,0,0,0,0,0,0,1156,0,0,0
2026-05-12,port183,Buenaventura,3,1,18134,606,0,12068,5624,441,0,0,0,606,0,0
2026-05-13,port183,Buenaventura,6,1,66092,0,59979,3336,388,0,2388,0,0,0,0,0
2026-05-14,port183,Buenaventura,4,1,82004,0,50783,10757,0,20463,0,0,0,0,0,0
2026-05-15,port183,Buenaventura,1,1,2549,0,0,2549,0,0,0,0,0,0,0,0
2026-05-16,port183,Buenaventura,5,3,49425,3305,48311,1114,0,0,0,2904,400,0,0,0
2026-05-17,port183,Buenaventura,3,3,32710,775,0,32710,0,0,0,0,775,0,0,0
2026-05-18,port183,Buenaventura,4,4,50628,1614,0,50628,0,0,0,0,1614,0,0,0
2026-05-19,port183,Buenaventura,5,1,40861,1601,13087,0,21065,0,6707,0,1601,0,0,0
2026-05-20,port183,Buenaventura,3,1,18981,549,4234,14747,0,0,0,549,0,0,0,0
2026-05-21,port183,Buenaventura,1,1,25754,0,0,25754,0,0,0,0,0,0,0,0
2026-05-22,port183,Buenaventura,2,2,34964,0,0,34964,0,0,0,0,0,0,0,0
2026-05-23,port183,Buenaventura,4,1,49518,2904,46994,2523,0,0,0,2904,0,0,0,0
2026-05-24,port183,Buenaventura,2,2,254,3386,0,254,0,0,0,0,3386,0,0,0
2026-05-25,port183,Buenaventura,5,4,26947,61637,0,26947,0,0,0,60864,773,0,0,0
2026-05-26,port183,Buenaventura,4,2,127455,0,101742,25712,0,0,0,0,0,0,0,0
2026-05-27,port183,Buenaventura,1,1,19780,0,0,19780,0,0,0,0,0,0,0,0
2026-05-28,port183,Buenaventura,4,1,44290,0,26661,17629,0,0,0,0,0,0,0,0
2026-05-29,port183,Buenaventura,4,3,36817,2126,0,36817,0,0,0,0,2126,0,0,0
2026-05-30,port183,Buenaventura,3,2,13628,643,0,8118,0,5510,0,0,0,0,643,0
2026-05-31,port183,Buenaventura,2,2,0,3385,0,0,0,0,0,0,3385,0,0,0
2026-06-01,port183,Buenaventura,7,5,41970,12289,0,38416,0,0,3554,10713,1575,0,0,0
2026-06-02,port183,Buenaventura,1,0,0,1161,0,0,0,0,0,1161,0,0,0,0
2026-06-03,port183,Buenaventura,2,1,4623,0,1211,3412,0,0,0,0,0,0,0,0
2026-06-04,port183,Buenaventura,1,1,10221,0,0,10221,0,0,0,0,0,0,0,0
2026-06-05,port183,Buenaventura,5,2,91173,0,52287,38885,0,0,0,0,0,0,0,0
2026-06-06,port183,Buenaventura,5,3,42435,10760,20659,17107,0,4667,0,2904,7855,0,0,0
2026-06-07,port183,Buenaventura,3,2,13401,57893,0,13401,0,0,0,56279,1614,0,0,0
2026-06-08,port183,Buenaventura,4,3,59422,5321,53867,5554,0,0,0,0,5321,0,0,0
2026-06-09,port183,Buenaventura,3,2,24712,0,0,24712,0,0,0,0,0,0,0,0
2026-06-10,port183,Buenaventura,2,0,17264,0,3379,0,13884,0,0,0,0,0,0,0
2026-06-11,port183,Buenaventura,3,2,42200,0,0,42200,0,0,0,0,0,0,0,0
2026-06-12,port183,Buenaventura,2,2,3301,0,0,3301,0,0,0,0,0,0,0,0
2026-06-13,port183,Buenaventura,1,1,5585,1614,0,5585,0,0,0,0,1614,0,0,0
2026-06-14,port183,Buenaventura,3,2,16942,0,0,16942,0,0,0,0,0,0,0,0
2026-06-15,port183,Buenaventura,5,4,10349,8155,0,10349,0,0,0,0,8155,0,0,0
2026-06-16,port183,Buenaventura,5,0,141050,643,135540,0,0,5510,0,0,0,0,643,0
2026-06-17,port183,Buenaventura,2,1,33683,0,26612,7070,0,0,0,0,0,0,0,0
2026-06-18,port183,Buenaventura,4,2,99737,0,53175,45401,0,1160,0,0,0,0,0,0
2026-06-19,port183,Buenaventura,4,2,50498,2904,20659,29838,0,0,0,2904,0,0,0,0
2026-06-20,port183,Buenaventura,5,4,3329,13411,0,3329,0,0,0,0,13411,0,0,0
2026-06-21,port183,Buenaventura,4,2,1413,7608,0,0,0,1413,0,0,7608,0,0,0
2026-06-22,port183,Buenaventura,4,1,38899,7586,33274,0,5624,0,0,0,6980,606,0,0
2026-06-23,port183,Buenaventura,3,0,26803,643,0,0,0,26803,0,0,0,0,643,0
2026-06-24,port183,Buenaventura,0,0,0,0,0,0,0,0,0,0,0,0,0,0
2026-06-25,port183,Buenaventura,4,3,47702,1614,0,44905,0,2797,0,0,1614,0,0,0
2026-06-26,port183,Buenaventura,6,2,78064,3778,68282,9781,0,0,0,0,0,0,3778,0
2026-06-27,port183,Buenaventura,5,2,53499,11968,52222,0,1277,0,0,0,11968,0,0,0
2026-06-28,port183,Buenaventura,3,3,5585,26630,0,5585,0,0,0,0,26630,0,0,0
2026-06-29,port183,Buenaventura,6,4,126305,5424,91239,35065,0,0,0,0,5424,0,0,0
2026-06-30,port183,Buenaventura,5,1,31931,0,15631,13315,235,0,2748,0,0,0,0,0
2026-07-01,port183,Buenaventura,5,4,35569,1549,0,35569,0,0,0,0,0,0,1549,0
2026-07-02,port183,Buenaventura,1,0,27343,0,27343,0,0,0,0,0,0,0,0,0
2026-07-03,port183,Buenaventura,5,3,54443,1614,0,35733,0,18709,0,0,1614,0,0,0
2026-07-04,port183,Buenaventura,2,1,8041,13619,8041,0,0,0,0,0,13619,0,0,0
2026-07-05,port183,Buenaventura,3,3,32859,1614,0,32859,0,0,0,0,1614,0,0,0
2026-07-06,port183,Buenaventura,4,3,20089,3789,1669,18420,0,0,0,0,3789,0,0,0
2026-07-07,port183,Buenaventura,2,1,25451,0,12483,12968,0,0,0,0,0,0,0,0
2026-07-08,port183,Buenaventura,6,4,49588,1614,1729,47858,0,0,0,0,1614,0,0,0
2026-07-09,port183,Buenaventura,4,2,40931,0,0,31040,0,0,9890,0,0,0,0,0
2026-07-10,port183,Buenaventura,3,1,36536,0,12165,23428,0,942,0,0,0,0,0,0
2026-07-11,port183,Buenaventura,4,3,12581,0,0,12581,0,0,0,0,0,0,0,0
2026-07-12,port183,Buenaventura,7,5,71273,9673,51442,19394,0,436,0,0,9673,0,0,0
2026-07-13,port183,Buenaventura,5,3,38415,6194,13192,17125,0,8097,0,0,6194,0,0,0
2026-07-14,port183,Buenaventura,2,1,5608,0,0,2577,0,0,3030,0,0,0,0,0
2026-07-15,port183,Buenaventura,5,2,49515,72,9946,38269,0,1300,0,0,0,0,72,0
2026-07-16,port183,Buenaventura,4,1,47042,0,44854,2187,0,0,0,0,0,0,0,0
2026-07-17,port183,Buenaventura,5,4,64675,0,11060,53615,0,0,0,0,0,0,0,0
2026-07-18,port183,Buenaventura,4,3,20186,7800,0,20186,0,0,0,0,7800,0,0,0
2026-07-19,port183,Buenaventura,3,2,14188,2745,0,14188,0,0,0,0,2745,0,0,0
2026-07-20,port183,Buenaventura,3,2,6045,7242,0,5585,0,0,460,0,7242,0,0,0
2026-07-21,port183,Buenaventura,4,2,76823,0,55434,20247,0,1141,0,0,0,0,0,0
2026-07-22,port183,Buenaventura,4,2,42058,2904,20659,21399,0,0,0,2904,0,0,0,0
2026-07-23,port183,Buenaventura,3,1,4801,58452,0,0,0,0,4801,54118,4333,0,0,0
2026-07-24,port183,Buenaventura,5,2,95019,3510,72032,17362,5624,0,0,2904,0,606,0,0
2026-07-25,port183,Buenaventura,4,3,37806,10917,35571,2234,0,0,0,0,10917,0,0,0
2026-07-26,port183,Buenaventura,4,3,69776,3352,56738,13038,0,0,0,0,3352,0,0,0
2026-07-27,port183,Buenaventura,4,2,18307,357,2325,15982,0,0,0,0,357,0,0,0
2026-07-28,port183,Buenaventura,4,1,94986,0,92022,2964,0,0,0,0,0,0,0,0
2026-07-29,port183,Buenaventura,4,1,33776,2904,29522,3336,0,0,917,2904,0,0,0,0
2026-07-30,port183,Buenaventura,1,1,1452,0,0,1452,0,0,0,0,0,0,0,0
2026-07-31,port183,Buenaventura,4,3,17237,2308,0,17237,0,0,0,0,2308,0,0,0
2026-08-01,port183,Buenaventura,4,2,56698,0,32215,17876,0,6606,0,0,0,0,0,0
2026-08-02,port183,Buenaventura,2,2,289,6588,0,289,0,0,0,0,6588,0,0,0
2026-08-03,port183,Buenaventura,5,3,22679,0,7194,15485,0,0,0,0,0,0,0,0
2026-08-04,port183,Buenaventura,2,1,17594,0,0,14517,3076,0,0,0,0,0,0,0
2026-08-05,port183,Buenaventura,2,1,45350,0,38003,7347,0,0,0,0,0,0,0,0
2026-08-06,port183,Buenaventura,4,0,93486,0,69538,0,0,18814,5134,0,0,0,0,0
2026-08-07,port183,Buenaventura,6,3,52052,606,24372,22055,5624,0,0,0,0,606,0,0
2026-08-08,port183,Buenaventura,4,3,12262,2724,0,12262,0,0,0,0,2724,0,0,0
2026-08-09,port183,Buenaventura,2,1,26752,0,26752,0,0,0,0,0,0,0,0,0
2026-08-10,port183,Buenaventura,3,1,1051,1539,0,0,0,1051,0,0,1539,0,0,0
2026-08-11,port183,Buenaventura,3,2,57100,2904,20659,36441,0,0,0,2904,0,0,0,0
2026-08-12,port183,Buenaventura,3,1,34567,0,8277,26289,0,0,0,0,0,0,0,0
2026-08-13,port183,Buenaventura,1,0,53124,0,53124,0,0,0,0,0,0,0,0,0
2026-08-14,port183,Buenaventura,6,2,104368,7051,91422,5585,0,7360,0,2904,4146,0,0,0
2026-08-15,port183,Buenaventura,3,2,21324,0,0,10177,11147,0,0,0,0,0,0,0
2026-08-16,port183,Buenaventura,4,1,67779,7544,54448,0,0,13330,0,1166,6377,0,0,0
2026-08-17,port183,Buenaventura,4,2,11362,12085,2286,5585,0,3490,0,0,12085,0,0,0
2026-08-18,port183,Buenaventura,2,1,18903,1614,13318,5585,0,0,0,0,1614,0,0,0
2026-08-19,port183,Buenaventura,3,1,34895,0,11475,23419,0,0,0,0,0,0,0,0
2026-08-20,port183,Buenaventura,2,0,12780,0,0,0,0,8368,4412,0,0,0,0,0
2026-08-21,port183,Buenaventura,3,2,42621,0,0,27032,0,15589,0,0,0,0,0,0
2026-08-22,port183,Buenaventura,3,3,5585,2768,0,5585,0,0,0,0,2768,0,0,0
2026-08-23,port183,Buenaventura,5,4,57949,1815,0,57949,0,0,0,0,1815,0,0,0
2026-08-24,port183,Buenaventura,3,2,20947,0,0,20947,0,0,0,0,0,0,0,0
2026-08-25,port183,Buenaventura,4,3,40886,0,3466,37420,0,0,0,0,0,0,0,0
2026-08-26,port183,Buenaventura,4,0,35696,0,18000,0,17696,0,0,0,0,0,0,0
2026-08-27,port183,Buenaventura,2,2,19352,2434,0,19352,0,0,0,0,2434,0,0,0
2026-08-28,port183,Buenaventura,6,3,87021,1596,50941,30569,0,5510,0,953,0,0,643,0
2026-08-29,port183,Buenaventura,2,1,0,3119,0,0,0,0,0,0,1871,0,1248,0
2026-08-30,port183,Buenaventura,7,3,69765,1614,51425,16260,0,2079,0,0,1614,0,0,0
2026-08-31,port183,Buenaventura,6,2,87629,116,72474,14168,0,0,986,49,0,0,0,66
2026-09-01,port183,Buenaventura,0,0,0,0,0,0,0,0,0,0,0,0,0,0
2026-09-02,port183,Buenaventura,3,1,14213,0,0,12945,0,1268,0,0,0,0,0,0
2026-09-03,port183,Buenaventura,4,1,25829,8555,20659,5169,0,0,0,2904,0,0,5650,0
2026-09-04,port183,Buenaventura,2,2,1012,4759,0,1012,0,0,0,0,4759,0,0,0
2026-09-05,port183,Buenaventura,4,2,79141,15781,74664,4477,0,0,0,0,15781,0,0,0
2026-09-06,port183,Buenaventura,3,2,1892,1239,0,912,0,979,0,0,1239,0,0,0
2026-09-07,port183,Buenaventura,3,2,18574,3644,0,7364,0,11209,0,0,3644,0,0,0
2026-09-08,port183,Buenaventura,4,3,42805,643,0,37294,0,5510,0,0,0,0,643,0
2026-09-09,port183,Buenaventura,2,0,22057,2904,20659,0,0,1398,0,2904,0,0,0,0
2026-09-10,port183,Buenaventura,4,1,69356,0,35779,33002,0,573,0,0,0,0,0,0
2026-09-11,port183,Buenaventura,5,2,25902,2435,19155,5585,0,1161,0,49,2385,0,0,0
2026-09-12,port183,Buenaventura,3,1,31869,5125,20659,5585,5624,0,0,2904,1614,606,0,0
2026-09-13,port183,Buenaventura,3,2,19997,0,0,19997,0,0,0,0,0,0,0,0
2026-09-14,port183,Buenaventura,5,4,49095,5111,0,17524,0,31570,0,0,5111,0,0,0
2026-09-15,port183,Buenaventura,5,1,75302,2904,54817,20485,0,0,0,2904,0,0,0,0
2026-09-16,port183,Buenaventura,4,2,21961,2535,0,13671,0,5694,2594,0,2535,0,0,0
2026-09-17,port183,Buenaventura,3,1,20659,8237,20659,0,0,0,0,2904,5333,0,0,0
2026-09-18,port183,Buenaventura,2,1,22783,1614,0,5585,0,17197,0,0,1614,0,0,0
2026-09-19,port183,Buenaventura,3,3,3761,372,0,3761,0,0,0,0,372,0,0,0
2026-09-20,port183,Buenaventura,5,3,43415,4519,20659,18086,0,4669,0,2904,1614,0,0,0
2026-09-21,port183,Buenaventura,5,3,1472,10668,0,1472,0,0,0,0,10668,0,0,0
2026-09-22,port183,Buenaventura,3,0,21646,2971,20659,0,0,0,986,2904,0,0,0,66
2026-09-23,port183,Buenaventura,2,1,22003,2904,20659,1344,0,0,0,2904,0,0,0,0
2026-09-24,port183,Buenaventura,3,2,38357,2904,20659,17697,0,0,0,2904,0,0,0,0
2026-09-25,port183,Buenaventura,2,2,11595,0,0,11595,0,0,0,0,0,0,0,0
2019-01-07,port218,Cartagena,11,7,66544,10825,23382,37953,3856,1352,0,0,9134,1690,0,0
2019-01-08,port218,Cartagena,12,6,21133,58118,0,9697,883,10552,0,0,15130,6559,36428,0
2019-01-09,port218,Cartagena,12,6,25805,24209,0,21192,883,3730,0,1490,10770,11949,0,0
2019-01-10,port218,Cartagena,5,4,29578,11855,0,29578,0,0,0,0,11855,0,0,0
2019-01-11,port218,Cartagena,8,6,20834,50673,0,14361,0,6473,0,0,12192,0,38481,0
2019-01-12,port218,Cartagena,10,8,38191,13393,0,36661,0,0,1529,2605,10788,0,0,0
2019-01-13,port218,Cartagena,8,3,17548,12595,8473,3908,0,5165,0,7075,5073,0,447,0
2019-01-14,port218,Cartagena,11,6,27646,8713,0,16812,2063,7937,832,0,8628,0,0,85
2019-01-15,port218,Cartagena,7,4,103063,47204,0,29788,0,73274,0,0,4567,0,42637,0
2019-01-16,port218,Cartagena,6,5,8828,8478,0,8828,0,0,0,0,8478,0,0,0
2019-01-17,port218,Cartagena,8,4,27527,11638,14043,6134,0,7349,0,0,7551,1255,2831,0
2019-01-18,port218,Cartagena,13,10,35365,25932,0,31850,883,2631,0,0,24474,1457,0,0
2019-01-19,port218,Cartagena,9,5,28312,91503,0,18831,4204,5276,0,34018,8273,0,49211,0
2019-01-20,port218,Cartagena,11,5,91530,133334,0,11863,0,79666,0,0,10830,0,122504,0
2019-01-21,port218,Cartagena,7,6,13934,14366,0,13673,0,260,0,0,14366,0,0,0
2019-01-22,port218,Cartagena,7,5,33756,11308,5810,22554,0,5392,0,0,11308,0,0,0
2019-01-23,port218,Cartagena,8,8,9569,15780,0,9569,0,0,0,0,15780,0,0,0
2019-01-24,port218,Cartagena,8,3,20900,138091,0,9760,883,10256,0,0,4486,1457,132147,0
2019-01-25,port218,Cartagena,12,8,28501,28916,0,23225,0,5276,0,0,19711,0,9205,0
2019-01-26,port218,Cartagena,11,6,50050,12617,27316,9041,2895,10797,0,7559,5058,0,0,0
2019-01-27,port218,Cartagena,7,7,13599,7768,0,13599,0,0,0,0,7768,0,0,0
2019-01-28,port218,Cartagena,7,3,31014,92228,0,31014,0,0,0,49131,2449,0,40647,0
2019-01-29,port218,Cartagena,8,5,15600,9502,0,14717,883,0,0,1193,6851,1457,0,0
2019-01-30,port218,Cartagena,7,4,19506,42003,0,7095,0,12411,0,0,4944,0,37058,0
2019-01-31,port218,Cartagena,6,4,7502,13458,0,1343,883,5276,0,0,11886,1457,113,0
2019-02-01,port218,Cartagena,13,9,26157,58375,0,25001,1155,0,0,40011,14450,3913,0,0
2019-02-02,port218,Cartagena,8,4,32476,16847,48,28423,0,0,4004,7075,9602,0,0,170
2019-02-03,port218,Cartagena,9,6,21071,8074,0,14010,0,7060,0,0,5889,2185,0,0
2019-02-04,port218,Cartagena,7,2,11392,5769,0,2942,1766,6682,0,0,2853,2915,0,0
2019-02-05,port218,Cartagena,7,5,8400,45166,0,8400,0,0,0,0,17077,0,28088,0
2019-02-06,port218,Cartagena,9,6,16587,58956,0,11771,0,4816,0,0,12364,0,46591,0
2019-02-07,port218,Cartagena,15,8,54902,24486,14428,27991,0,12482,0,0,7068,5587,11830,0
2019-02-08,port218,Cartagena,10,6,18903,13832,0,8169,0,10733,0,0,13718,0,113,0
2019-02-09,port218,Cartagena,7,5,13971,5610,0,13971,0,0,0,0,5610,0,0,0
2019-02-10,port218,Cartagena,10,5,54699,5718,0,42503,883,11312,0,0,2417,1457,113,1729
2019-02-11,port218,Cartagena,10,4,15386,56225,0,8085,7301,0,0,53454,2770,0,0,0
2019-02-12,port218,Cartagena,6,4,7923,47216,0,2942,0,4980,0,0,19354,0,27861,0
2019-02-13,port218,Cartagena,13,7,27171,9906,0,18031,3864,5276,0,0,5611,4181,113,0
2019-02-14,port218,Cartagena,9,6,24022,20779,0,16645,883,6493,0,0,1495,19284,0,0
2019-02-15,port218,Cartagena,12,6,27601,54665,0,22469,4300,0,832,2668,6855,1457,43598,85
2019-02-16,port218,Cartagena,8,4,20561,17350,0,16652,883,3025,0,0,3398,1457,12494,0
2019-02-17,port218,Cartagena,6,3,13888,61038,0,8612,0,5276,0,0,2850,0,58187,0
2019-02-18,port218,Cartagena,8,5,12694,6851,0,11735,959,0,0,0,6851,0,0,0
2019-02-19,port218,Cartagena,6,3,65246,8131,62303,2942,0,0,0,0,6686,0,1445,0
2019-02-20,port218,Cartagena,8,6,17389,21845,11182,6206,0,0,0,10370,8407,3067,0,0
2019-02-21,port218,Cartagena,15,9,26780,96347,0,18382,883,6682,832,0,14570,1457,80233,85
2019-02-22,port218,Cartagena,9,6,26816,82773,0,19756,0,7060,0,0,11395,0,71377,0
2019-02-23,port218,Cartagena,12,10,20892,24032,0,20009,883,0,0,0,21070,2961,0,0
2019-02-24,port218,Cartagena,7,5,16841,6786,0,11448,0,5392,0,0,6786,0,0,0
2019-02-25,port218,Cartagena,8,3,11477,70733,0,5369,0,5276,832,4800,2283,0,63564,85
2019-02-26,port218,Cartagena,7,5,4056,51188,0,4056,0,0,0,0,10117,0,41071,0
2019-02-27,port218,Cartagena,12,6,16752,43384,0,11771,0,4980,0,0,16120,0,27264,0
2019-02-28,port218,Cartagena,8,4,17043,13334,0,11771,5090,182,0,0,9134,4199,0,0
2019-03-01,port218,Cartagena,11,7,20457,35610,0,12511,596,7349,0,13060,22550,0,0,0
2019-03-02,port218,Cartagena,6,2,31906,63186,0,26016,1942,3947,0,49072,2283,0,11830,0
2019-03-03,port218,Cartagena,5,5,23371,5054,0,23371,0,0,0,0,5054,0,0,0
2019-03-04,port218,Cartagena,6,4,17047,9661,0,11771,0,5276,0,0,9134,413,113,0
2019-03-05,port218,Cartagena,7,5,31258,8024,0,20811,0,6697,3749,0,8024,0,0,0
2019-03-06,port218,Cartagena,11,6,25956,41988,12733,13223,0,0,0,2644,13223,2338,23782,0
2019-03-07,port218,Cartagena,12,6,14812,16674,0,8584,3596,2631,0,0,15216,1457,0,0
2019-03-08,port218,Cartagena,11,7,70497,15896,54911,14310,156,1118,0,7075,8821,0,0,0
2019-03-09,port218,Cartagena,10,7,102808,9298,51656,47320,3830,0,0,0,7840,1457,0,0
2019-03-10,port218,Cartagena,8,3,12125,111099,0,4429,7696,0,0,0,6027,1457,103613,0
2019-03-11,port218,Cartagena,10,6,34100,5455,0,32436,0,0,1664,0,4462,822,0,170
2019-03-12,port218,Cartagena,9,3,47448,8238,33616,5602,224,6473,1531,0,6207,2031,0,0
2019-03-13,port218,Cartagena,10,5,15966,54377,0,10621,883,4461,0,2758,6856,4692,40068,0
2019-03-14,port218,Cartagena,9,7,17411,23317,0,17411,0,0,0,0,19961,0,3355,0
2019-03-15,port218,Cartagena,11,6,32843,36840,0,26884,0,3109,2849,0,17401,2302,17135,0
2019-03-16,port218,Cartagena,10,3,105118,12215,75086,26928,883,2219,0,0,9022,3192,0,0
2019-03-17,port218,Cartagena,10,7,21634,18217,0,17725,883,3025,0,0,2098,1457,14661,0
2019-03-18,port218,Cartagena,15,7,20786,55178,8204,5885,883,4980,832,0,29999,1457,23635,85
2019-03-19,port218,Cartagena,6,3,11161,44381,0,5885,0,5276,0,0,11165,0,33215,0
2019-03-20,port218,Cartagena,10,5,22124,13498,0,10585,883,10655,0,0,11927,1457,113,0
2019-03-21,port218,Cartagena,8,6,13854,5004,0,12971,883,0,0,0,1774,1457,0,1772
2019-03-22,port218,Cartagena,13,8,24752,80643,0,14401,7325,3025,0,0,28186,0,52456,0
2019-03-23,port218,Cartagena,9,6,32445,26433,48,29740,1825,0,832,7075,19273,0,0,85
2019-03-24,port218,Cartagena,6,3,17920,4461,0,7789,883,5639,3607,0,3003,1457,0,0
2019-03-25,port218,Cartagena,11,6,54411,59272,25593,27935,883,0,0,50963,6851,1457,0,0
2019-03-26,port218,Cartagena,12,5,24013,37755,0,7429,4031,12041,510,0,12386,786,24581,0
2019-03-27,port218,Cartagena,10,5,63950,50449,0,6696,947,56307,0,0,6475,1503,42470,0
2019-03-28,port218,Cartagena,9,6,19483,91696,0,19258,224,0,0,2451,6204,1929,81111,0
2019-03-29,port218,Cartagena,7,7,26439,7950,0,26439,0,0,0,0,7950,0,0,0
2019-03-30,port218,Cartagena,11,5,40267,159501,0,33570,883,4980,832,0,12422,10986,136007,85
2019-03-31,port218,Cartagena,8,5,16388,37287,1728,14168,491,0,0,37287,0,0,0,0
2019-04-01,port218,Cartagena,11,6,39472,18681,0,24803,0,11525,3143,0,6851,0,11830,0
2019-04-02,port218,Cartagena,6,3,5885,12867,0,5885,0,0,0,0,11422,0,1445,0
2019-04-03,port218,Cartagena,10,4,42505,93123,27177,4787,5161,5379,0,45445,5302,1457,40917,0
2019-04-04,port218,Cartagena,13,9,20503,30951,0,13356,1766,5380,0,0,24679,2915,3355,0
2019-04-05,port218,Cartagena,11,8,21195,50677,0,18311,0,0,2883,0,12620,0,37971,85
2019-04-06,port218,Cartagena,7,4,28903,9729,0,21287,0,5276,2339,0,5880,3735,113,0
2019-04-07,port218,Cartagena,10,6,29121,73805,48,15859,0,13214,0,7075,7836,0,58894,0
2019-04-08,port218,Cartagena,10,7,60630,13239,46025,14605,0,0,0,0,13239,0,0,0
2019-04-09,port218,Cartagena,7,6,75095,8884,51195,23899,0,0,0,0,8884,0,0,0
2019-04-10,port218,Cartagena,8,5,2942,23554,0,2942,0,0,0,912,15531,0,7110,0
2019-04-11,port218,Cartagena,12,7,93465,13065,0,21634,1107,69891,832,0,9593,3387,0,85
2019-04-12,port218,Cartagena,11,7,25023,36150,0,14937,0,10086,0,0,24320,0,11830,0
2019-04-13,port218,Cartagena,9,4,40810,44129,3430,31339,5468,572,0,0,3397,0,40731,0
2019-04-14,port218,Cartagena,11,6,37561,28619,0,16068,0,21492,0,0,4514,2878,21225,0
2019-04-15,port218,Cartagena,10,4,70168,11140,0,7877,1422,58340,2528,2451,4567,4121,0,0
2019-04-16,port218,Cartagena,12,8,19977,47929,0,5462,4257,10256,0,0,26142,0,21786,0
2019-04-17,port218,Cartagena,11,6,29391,30054,0,27624,1766,0,0,0,12066,17988,0,0
2019-04-18,port218,Cartagena,10,4,35822,37165,20362,8085,2393,4980,0,0,9142,6796,21225,0
2019-04-19,port218,Cartagena,16,9,56061,69628,0,20618,1092,33518,832,0,10916,0,58626,85
2019-04-20,port218,Cartagena,8,4,65256,86496,31093,28886,0,5276,0,0,10358,0,76138,0
2019-04-21,port218,Cartagena,9,5,113550,82373,0,4920,0,107797,832,0,4305,0,77983,85
2019-04-22,port218,Cartagena,9,5,23642,58288,11182,11576,883,0,0,10370,11148,3123,33645,0
2019-04-23,port218,Cartagena,9,7,13501,10109,0,8912,0,4588,0,0,10109,0,0,0
2019-04-24,port218,Cartagena,7,4,4496,52953,48,4447,0,0,0,7075,1529,0,41867,2481
2019-04-25,port218,Cartagena,12,6,21985,16578,0,2291,1047,18647,0,0,15007,1457,113,0
2019-04-26,port218,Cartagena,13,8,107649,19068,0,18183,0,88954,511,0,19068,0,0,0
2019-04-27,port218,Cartagena,8,4,26591,50284,0,21315,0,5276,0,0,6000,1603,42680,0
2019-04-28,port218,Cartagena,9,5,12020,46957,0,9393,883,1744,0,0,1773,5597,39585,0
2019-04-29,port218,Cartagena,10,6,18118,30142,0,17234,883,0,0,19654,7320,2721,447,0
2019-04-30,port218,Cartagena,8,4,14710,43947,0,8846,883,4980,0,0,16581,6140,21225,0
2019-05-01,port218,Cartagena,14,9,57786,16657,34792,15456,0,7537,0,2451,14205,0,0,0
2019-05-02,port218,Cartagena,7,4,36416,9134,0,11771,0,24644,0,0,9134,0,0,0
2019-05-03,port218,Cartagena,12,9,32189,49215,0,12042,0,20147,0,0,18447,0,30768,0
2019-05-04,port218,Cartagena,7,3,53332,5529,0,51616,883,0,832,0,3987,1457,0,85
2019-05-05,port218,Cartagena,9,5,90904,28064,0,13574,883,76446,0,0,25159,1457,1446,0
2019-05-06,port218,Cartagena,10,8,26981,16378,0,26981,0,0,0,0,16378,0,0,0
2019-05-07,port218,Cartagena,7,5,27261,4852,0,19999,0,7261,0,0,4738,0,113,0
2019-05-08,port218,Cartagena,11,6,31663,46910,0,5799,883,24980,0,0,11805,4336,30768,0
2019-05-09,port218,Cartagena,10,5,34360,28670,22365,2840,3416,5276,461,20741,7815,0,113,0
2019-05-10,port218,Cartagena,6,5,40224,5432,28822,11401,0,0,0,0,5432,0,0,0
2019-05-11,port218,Cartagena,6,3,35022,23550,0,29745,0,5276,0,2668,2283,0,18599,0
2019-05-12,port218,Cartagena,5,4,11396,987,0,11396,0,0,0,0,987,0,0,0
2019-05-13,port218,Cartagena,14,7,45123,55382,0,29112,883,15126,0,0,8517,6030,40834,0
2019-05-14,port218,Cartagena,10,7,13511,118975,0,13511,0,0,0,0,14223,0,104752,0
2019-05-15,port218,Cartagena,11,5,20436,99005,0,6857,883,12695,0,22081,13819,1457,61647,0
2019-05-16,port218,Cartagena,9,7,12822,10230,0,10053,0,2769,0,0,10230,0,0,0
2019-05-17,port218,Cartagena,12,7,25389,17300,0,21409,2149,0,1830,0,14886,2413,0,0
2019-05-18,port218,Cartagena,8,3,68152,9743,35802,26840,0,4676,832,0,6669,0,2989,85
2019-05-19,port218,Cartagena,6,5,3365,3324,0,3365,0,0,0,0,3324,0,0,0
2019-05-20,port218,Cartagena,8,4,35002,17095,11182,19936,0,3051,832,12822,4188,0,0,85
2019-05-21,port218,Cartagena,12,7,30562,38796,0,17673,0,12888,0,0,7256,1856,29682,0
2019-05-22,port218,Cartagena,9,3,12095,16359,0,0,883,11212,0,1789,11641,2816,113,0
2019-05-23,port218,Cartagena,10,6,30035,42803,0,28319,883,0,832,0,2283,2746,37687,85
2019-05-24,port218,Cartagena,11,6,39638,24844,0,7868,5900,25868,0,0,21488,0,3355,0
2019-05-25,port218,Cartagena,7,5,35712,2442,0,30436,0,5276,0,0,2442,0,0,0
2019-05-26,port218,Cartagena,11,6,16355,44282,0,16355,0,0,0,0,5204,3194,35884,0
2019-05-27,port218,Cartagena,10,5,18905,16760,4389,10927,883,2705,0,1448,3439,1457,10415,0
2019-05-28,port218,Cartagena,8,5,34354,47525,0,19841,2849,11663,0,0,26299,0,21225,0
2019-05-29,port218,Cartagena,10,7,21510,14365,0,12912,883,7715,0,2668,10240,1457,0,0
2019-05-30,port218,Cartagena,9,7,8332,21648,0,7448,883,0,0,0,19970,1677,0,0
2019-05-31,port218,Cartagena,11,8,24127,22483,0,20162,0,1349,2615,0,22483,0,0,0
2019-06-01,port218,Cartagena,11,6,56109,3945,10281,35289,0,8056,2481,0,3832,0,113,0
2019-06-02,port218,Cartagena,7,3,55994,63550,0,2920,0,53074,0,0,3253,0,60297,0
2019-06-03,port218,Cartagena,13,5,33907,45841,11182,15512,151,7060,0,37706,4779,0,3355,0
2019-06-04,port218,Cartagena,7,4,9169,34689,0,8285,883,0,0,0,5306,1804,27578,0
2019-06-05,port218,Cartagena,10,6,22491,42491,0,14632,0,7349,509,28660,13830,0,0,0
2019-06-06,port218,Cartagena,5,3,883,53646,0,0,883,0,0,47030,5157,1457,0,0
2019-06-07,port218,Cartagena,12,10,24414,15929,0,19138,0,5276,0,0,14149,1665,113,0
2019-06-08,port218,Cartagena,7,4,44601,56014,0,33681,0,10920,0,0,3020,3913,49080,0
2019-06-09,port218,Cartagena,7,3,39795,3655,34115,3963,883,0,832,0,954,1457,1158,85
2019-06-10,port218,Cartagena,14,9,42328,45380,0,41282,1046,0,0,0,13788,3314,28277,0
2019-06-11,port218,Cartagena,10,6,22431,28305,5012,13546,0,0,3872,0,15199,0,13106,0
2019-06-12,port218,Cartagena,11,6,96017,10668,0,16471,883,78662,0,1638,7113,1457,0,458
2019-06-13,port218,Cartagena,12,6,56860,51653,35017,9024,6345,6473,0,0,6951,0,44702,0
2019-06-14,port218,Cartagena,12,8,30437,33161,5287,22309,883,1956,0,0,28348,1457,3355,0
2019-06-15,port218,Cartagena,11,7,26306,112082,20573,5732,0,0,0,0,26301,163,85617,0
2019-06-16,port218,Cartagena,9,6,16897,21523,0,9836,0,7060,0,0,15234,6289,0,0
2019-06-17,port218,Cartagena,9,5,26331,13178,11182,11301,0,3014,832,10370,2722,0,0,85
2019-06-18,port218,Cartagena,8,5,51003,7792,0,4179,0,46824,0,0,7679,0,113,0
2019-06-19,port218,Cartagena,6,5,2942,10230,0,2942,0,0,0,0,9322,908,0,0
2019-06-20,port218,Cartagena,12,4,57772,50138,0,6991,883,49898,0,7559,1283,2690,38605,0
2019-06-21,port218,Cartagena,11,8,32607,22064,0,18849,0,13757,0,0,10234,0,11830,0
2019-06-22,port218,Cartagena,5,2,19854,5168,0,13715,0,6139,0,0,3364,1690,113,0
2019-06-23,port218,Cartagena,6,5,26951,0,0,22632,0,4319,0,0,0,0,0,0
2019-06-24,port218,Cartagena,10,5,18483,47476,0,16510,883,1089,0,0,4567,1457,41451,0
2019-06-25,port218,Cartagena,9,5,15768,44990,2884,7902,0,4980,0,0,20408,0,24581,0
2019-06-26,port218,Cartagena,11,7,20564,48238,0,13202,0,7362,0,0,6922,0,41315,0
2019-06-27,port218,Cartagena,8,4,62094,8706,49968,3527,883,7715,0,0,7248,1457,0,0
2019-06-28,port218,Cartagena,14,9,33274,44224,3629,21126,0,7686,832,0,21342,0,22797,85
2019-06-29,port218,Cartagena,12,7,67705,52543,0,53044,883,11329,2448,1342,12001,1457,37742,0
2019-06-30,port218,Cartagena,4,2,15947,7162,0,8886,0,7060,0,2904,4258,0,0,0
2019-07-01,port218,Cartagena,9,5,45638,41408,0,39374,0,6263,0,39124,2283,0,0,0
2019-07-02,port218,Cartagena,12,7,36061,54098,14183,21416,0,0,460,0,15484,2729,35884,0
2019-07-03,port218,Cartagena,10,6,11572,10756,0,9805,1766,0,0,0,5118,5637,0,0
2019-07-04,port218,Cartagena,10,6,6178,10721,0,4434,883,861,0,0,7760,2961,0,0
2019-07-05,port218,Cartagena,13,7,50268,70982,26584,17997,228,5457,0,7559,17478,0,45945,0
2019-07-06,port218,Cartagena,7,4,48025,65361,0,41184,1859,4980,0,0,5945,0,59415,0
2019-07-07,port218,Cartagena,7,5,29806,6239,0,29806,0,0,0,0,2995,0,3244,0
2019-07-08,port218,Cartagena,12,7,85335,11507,71414,12936,984,0,0,10370,1137,0,0,0
2019-07-09,port218,Cartagena,11,5,18812,80729,0,8769,1766,8276,0,0,6395,2915,71418,0
2019-07-10,port218,Cartagena,9,8,12611,29686,0,7335,0,5276,0,0,29573,0,113,0
2019-07-11,port218,Cartagena,11,4,16326,15459,13502,0,1991,0,832,0,9522,5852,0,85
2019-07-12,port218,Cartagena,11,9,65451,34012,0,59587,883,4980,0,0,11328,1457,21225,0
2019-07-13,port218,Cartagena,13,5,81001,83531,53739,19324,0,7937,0,0,24059,10310,49162,0
2019-07-14,port218,Cartagena,6,5,19643,4864,0,17751,1892,0,0,0,4864,0,0,0
2019-07-15,port218,Cartagena,13,6,37082,53872,0,21060,0,15189,832,0,5060,0,48727,85
2019-07-16,port218,Cartagena,7,5,18184,29440,0,13203,0,4980,0,0,7494,0,21945,0
2019-07-17,port218,Cartagena,10,6,14872,37062,0,7989,0,6051,832,0,13317,0,23660,85
2019-07-18,port218,Cartagena,8,5,4966,5238,0,4082,883,0,0,0,3073,2165,0,0
2019-07-19,port218,Cartagena,12,11,22910,34654,0,13855,0,9054,0,0,34654,0,0,0
2019-07-20,port218,Cartagena,10,6,42830,17324,0,42640,189,0,0,7559,6409,0,3355,0
2019-07-21,port218,Cartagena,8,4,23264,17923,0,19689,1234,0,2339,0,1349,0,16574,0
2019-07-22,port218,Cartagena,13,10,59789,67807,0,52729,0,7060,0,0,6830,1734,59242,0
2019-07-23,port218,Cartagena,12,6,41737,90247,25979,8402,883,6473,0,0,13289,1457,75500,0
2019-07-24,port218,Cartagena,12,8,14184,75745,0,9596,0,4588,0,50449,8580,16715,0,0
2019-07-25,port218,Cartagena,11,8,25332,10324,0,14218,2036,9076,0,0,8866,1457,0,0
2019-07-26,port218,Cartagena,8,5,6723,13956,0,5840,883,0,0,0,12267,1688,0,0
2019-07-27,port218,Cartagena,9,6,12403,118104,0,11520,883,0,0,0,16161,1457,100484,0
2019-07-28,port218,Cartagena,8,3,29565,27453,0,13337,8735,7492,0,22025,2283,0,3144,0
2019-07-29,port218,Cartagena,13,10,26035,20853,0,23826,0,1498,711,0,20826,0,0,27
2019-07-30,port218,Cartagena,11,6,18267,80401,8654,8106,883,623,0,0,32687,1457,46255,0
2019-07-31,port218,Cartagena,9,5,8550,17764,0,8550,0,0,0,1490,16273,0,0,0
2019-08-01,port218,Cartagena,8,5,46235,8957,0,36611,0,9624,0,0,4535,0,4422,0
2019-08-02,port218,Cartagena,7,6,15701,12014,0,15701,0,0,0,0,8596,0,3417,0
2019-08-03,port218,Cartagena,8,5,27540,22157,0,22320,0,4509,711,0,8941,0,13189,27
2019-08-04,port218,Cartagena,8,4,71016,23710,11182,50438,3101,6293,0,10370,0,13339,0,0
2019-08-05,port218,Cartagena,13,12,29559,30670,0,26533,0,3025,0,0,18840,0,11830,0
2019-08-06,port218,Cartagena,12,7,57536,24358,47060,8825,1107,542,0,7559,13412,3387,0,0
2019-08-07,port218,Cartagena,11,6,15634,77407,0,3043,3678,7060,1851,60797,16525,0,0,85
2019-08-08,port218,Cartagena,13,7,89249,12687,0,14862,15247,59138,0,0,5069,4148,3469,0
2019-08-09,port218,Cartagena,12,7,16187,60854,6260,7546,883,578,918,0,18166,1457,41230,0
2019-08-10,port218,Cartagena,12,7,52493,68780,0,45139,2029,0,5325,0,16766,2234,49778,0
2019-08-11,port218,Cartagena,6,3,22073,1457,0,20380,1692,0,0,0,0,1457,0,0
2019-08-12,port218,Cartagena,14,9,85824,6804,32559,20294,0,32970,0,0,6213,0,590,0
2019-08-13,port218,Cartagena,10,5,54392,13681,37590,8203,883,7715,0,0,10865,2816,0,0
2019-08-14,port218,Cartagena,11,5,9035,66266,0,0,3759,5276,0,0,16040,1457,48768,0
2019-08-15,port218,Cartagena,9,6,14832,10799,0,9555,0,5276,0,1490,9195,0,113,0
2019-08-16,port218,Cartagena,13,9,68316,19225,50419,15730,0,2165,0,0,13023,5692,0,509
2019-08-17,port218,Cartagena,8,4,39871,67520,0,26267,0,12771,832,61020,6415,0,0,85
2019-08-18,port218,Cartagena,10,4,8162,70124,0,7007,322,0,832,0,27847,933,41259,85
2019-08-19,port218,Cartagena,10,9,29692,13051,0,29692,0,0,0,0,9695,0,3355,0
2019-08-20,port218,Cartagena,11,7,87038,27416,0,2935,883,82509,711,0,25931,1457,0,27
2019-08-21,port218,Cartagena,11,6,20883,27703,0,8719,0,12163,0,0,20173,1690,5839,0
2019-08-22,port218,Cartagena,12,6,16730,83903,0,11131,2573,3025,0,27073,3514,1457,51857,0
2019-08-23,port218,Cartagena,10,7,29635,24326,0,20149,0,7060,2425,0,12424,11901,0,0
2019-08-24,port218,Cartagena,11,8,52550,53830,11182,41367,0,0,0,10370,11098,0,32361,0
2019-08-25,port218,Cartagena,10,4,41346,41623,13454,26360,699,0,832,0,6388,271,34877,85
2019-08-26,port218,Cartagena,9,6,5414,11151,0,5414,0,0,0,0,9640,0,1511,0
2019-08-27,port218,Cartagena,10,4,6890,28138,0,2942,2439,1507,0,7559,17663,2915,0,0
2019-08-28,port218,Cartagena,12,5,24883,67086,1435,7569,883,12546,2448,0,10811,1457,54816,0
2019-08-29,port218,Cartagena,14,7,24963,43403,0,8516,883,13002,2561,0,3963,1457,37982,0
2019-08-30,port218,Cartagena,11,7,22450,21500,0,15729,0,6721,0,0,17743,0,113,3643
2019-08-31,port218,Cartagena,10,5,97173,49673,43420,39421,0,14331,0,0,15621,2836,31215,0
2019-09-01,port218,Cartagena,7,5,84865,14913,0,9502,0,75363,0,0,10525,0,4387,0
2019-09-02,port218,Cartagena,15,10,36096,14625,48,24097,4601,7349,0,10163,3003,1457,0,0
2019-09-03,port218,Cartagena,7,6,14287,22175,0,14287,0,0,0,0,22175,0,0,0
2019-09-04,port218,Cartagena,10,7,64165,110640,47868,11020,0,5276,0,0,8674,0,101966,0
2019-09-05,port218,Cartagena,11,7,62904,25351,0,16607,0,46296,0,0,13521,0,11830,0
2019-09-06,port218,Cartagena,12,5,104193,72419,0,8828,2581,92783,0,0,21589,606,50223,0
2019-09-07,port218,Cartagena,8,6,48032,15614,0,46265,1766,0,0,0,12698,2915,0,0
2019-09-08,port218,Cartagena,6,3,15233,14782,0,7903,269,7060,0,0,0,0,14782,0
2019-09-09,port218,Cartagena,11,8,23574,28927,11182,11680,0,0,711,10370,14778,0,3751,27
2019-09-10,port218,Cartagena,9,6,13044,24236,0,7125,1766,0,4152,0,21320,2915,0,0
2019-09-11,port218,Cartagena,8,5,9474,14788,0,9474,0,0,0,2297,9134,0,3355,0
2019-09-12,port218,Cartagena,9,5,16689,9721,0,6332,883,9473,0,0,8263,1457,0,0
2019-09-13,port218,Cartagena,10,6,16152,32943,0,9858,0,6293,0,20388,12554,0,0,0
2019-09-14,port218,Cartagena,13,7,70356,18166,1339,30151,0,38865,0,0,12760,5406,0,0
2019-09-15,port218,Cartagena,8,3,60140,14112,11182,42401,6556,0,0,10370,2283,1457,0,0
2019-09-16,port218,Cartagena,16,7,28377,50832,0,13744,2649,8582,3400,0,4125,4373,42221,112
2019-09-17,port218,Cartagena,9,5,16132,23508,0,9090,1766,5276,0,0,6941,2915,13651,0
2019-09-18,port218,Cartagena,6,6,2942,17100,0,2942,0,0,0,0,17100,0,0,0
2019-09-19,port218,Cartagena,9,8,17420,6508,0,12144,0,5276,0,0,6394,0,113,0
2019-09-20,port218,Cartagena,13,6,39266,16949,0,22426,2943,13185,711,0,486,16436,0,27
2019-09-21,port218,Cartagena,8,5,26867,14509,0,26867,0,0,0,0,8743,0,5765,0
2019-09-22,port218,Cartagena,8,7,3457,30669,0,3457,0,0,0,0,29692,976,0,0
2019-09-23,port218,Cartagena,19,7,30504,62733,6571,19336,1695,0,2901,0,10155,6535,42964,3078
2019-09-24,port218,Cartagena,8,6,29776,40154,0,24627,0,5148,0,0,871,0,39282,0
2019-09-25,port218,Cartagena,11,6,1728,79208,896,0,0,0,832,0,19876,0,59246,85
2019-09-26,port218,Cartagena,8,5,27112,5812,0,14532,0,12579,0,0,2283,3528,0,0
2019-09-27,port218,Cartagena,8,5,12025,7413,0,11314,0,0,711,2912,3929,545,0,27
2019-09-28,port218,Cartagena,11,7,50927,45732,0,44549,0,5667,711,0,11700,0,34004,27
2019-09-29,port218,Cartagena,9,3,22288,19858,0,11444,883,9960,0,0,2283,3192,11830,2552
2019-09-30,port218,Cartagena,12,8,22862,26307,0,14874,139,4980,2867,0,4381,699,21225,0
2019-10-01,port218,Cartagena,10,5,30153,34234,26327,2942,883,0,0,0,29532,1457,3244,0
2019-10-02,port218,Cartagena,11,6,52838,14217,31936,7799,4485,5276,3341,0,14104,0,113,0
2019-10-03,port218,Cartagena,12,9,95535,41991,0,29676,0,65858,0,0,2728,0,39263,0
2019-10-04,port218,Cartagena,8,5,22749,13520,0,15254,224,7270,0,0,11591,1929,0,0
2019-10-05,port218,Cartagena,9,6,47704,9298,0,33355,218,13298,832,0,9213,0,0,85
2019-10-06,port218,Cartagena,4,1,8806,23229,0,2942,883,4980,0,0,0,2003,21225,0
2019-10-07,port218,Cartagena,16,9,36787,129451,11182,18457,883,6263,0,10370,11745,1729,105606,0
2019-10-08,port218,Cartagena,13,6,34849,84526,11182,9172,3022,11471,0,63795,19272,1457,0,0
2019-10-09,port218,Cartagena,9,4,15871,6293,0,4476,883,6493,4017,0,4835,1457,0,0
2019-10-10,port218,Cartagena,9,6,12118,48156,0,7529,0,4588,0,0,7760,484,39911,0
2019-10-11,port218,Cartagena,10,7,18830,15349,0,12358,883,2020,3568,0,13891,1457,0,0
2019-10-12,port218,Cartagena,10,6,47741,60907,0,40543,3232,3965,0,0,1276,287,59343,0
2019-10-13,port218,Cartagena,5,2,9349,1998,0,1405,883,7060,0,0,540,1457,0,0
2019-10-14,port218,Cartagena,13,9,22343,11725,0,14739,883,6720,0,0,8086,1457,2180,0
2019-10-15,port218,Cartagena,10,6,21511,8161,0,19917,883,0,711,0,6677,1457,0,27
2019-10-16,port218,Cartagena,9,7,17023,5763,307,16716,0,0,0,0,4072,1690,0,0
2019-10-17,port218,Cartagena,13,7,15788,21311,0,14905,883,0,0,0,5820,15491,0,0
2019-10-18,port218,Cartagena,10,6,43214,64158,0,34565,0,7937,711,0,11266,0,52864,27
2019-10-19,port218,Cartagena,8,6,55941,46836,0,50664,0,5276,0,0,11260,0,35576,0
2019-10-20,port218,Cartagena,4,4,9803,2046,0,9803,0,0,0,0,2046,0,0,0
2019-10-21,port218,Cartagena,11,7,19905,12127,0,19905,0,0,0,0,9134,2992,0,0
2019-10-22,port218,Cartagena,7,5,5106,62270,0,5106,0,0,0,0,22579,0,39690,0
2019-10-23,port218,Cartagena,10,5,31376,20444,0,6710,11625,13041,0,1342,17530,1457,113,0
2019-10-24,port218,Cartagena,10,7,7923,23696,0,514,0,7408,0,0,22243,1452,0,0
2019-10-25,port218,Cartagena,10,6,15026,7787,4509,8922,883,0,711,0,6302,1457,0,27
2019-10-26,port218,Cartagena,12,7,13420,130206,0,13420,0,0,0,72763,13277,1058,41136,1969
2019-10-27,port218,Cartagena,6,4,15993,13977,0,13558,0,2435,0,0,13977,0,0,0
2019-10-28,port218,Cartagena,12,9,68178,4555,27340,32893,883,7060,0,0,3097,1457,0,0
2019-10-29,port218,Cartagena,7,5,24161,37119,5521,13659,0,4980,0,0,15894,0,21225,0
2019-10-30,port218,Cartagena,9,4,16307,38425,0,4481,883,10019,922,0,5085,1457,31882,0
2019-10-31,port218,Cartagena,12,10,10175,14245,0,10175,0,0,0,2399,10342,1503,0,0
2019-11-01,port218,Cartagena,5,4,10399,16482,0,9309,0,1089,0,0,16482,0,0,0
2019-11-02,port218,Cartagena,13,6,69265,146016,0,53067,1766,14431,0,49319,7063,2915,86717,0
2019-11-03,port218,Cartagena,8,2,49393,3963,38030,8758,757,1846,0,2297,0,1665,0,0
2019-11-04,port218,Cartagena,12,9,11198,10459,0,11198,0,0,0,0,6936,3522,0,0
2019-11-05,port218,Cartagena,10,7,35919,10307,0,28528,883,6507,0,0,8849,1457,0,0
2019-11-06,port218,Cartagena,10,5,30474,26351,19260,6137,0,0,5077,0,25643,0,707,0
2019-11-07,port218,Cartagena,13,7,26990,12244,0,17661,1160,8169,0,0,2920,1929,7394,0
2019-11-08,port218,Cartagena,6,5,27675,11178,0,27675,0,0,0,0,7914,3263,0,0
2019-11-09,port218,Cartagena,13,7,63480,55062,445,62151,883,0,0,0,0,1457,53604,0
2019-11-10,port218,Cartagena,10,3,93433,42942,0,12354,883,80195,0,0,2283,2026,38631,0
2019-11-11,port218,Cartagena,9,7,43812,14987,0,36421,7390,0,0,0,13529,1457,0,0
2019-11-12,port218,Cartagena,10,5,51146,29582,23170,14410,0,11025,2539,0,27584,1998,0,0
2019-11-13,port218,Cartagena,8,5,4377,45594,0,4067,309,0,0,0,7874,0,37719,0
2019-11-14,port218,Cartagena,13,8,21870,23225,1409,13577,883,5999,0,0,15160,1457,6607,0
2019-11-15,port218,Cartagena,8,6,24550,7668,0,23111,1439,0,0,0,5232,0,2436,0
2019-11-16,port218,Cartagena,7,6,69245,7217,23012,46233,0,0,0,0,7217,0,0,0
2019-11-17,port218,Cartagena,9,6,61326,19737,49532,11793,0,0,0,0,14483,1897,3355,0
2019-11-18,port218,Cartagena,11,8,16515,11640,0,14800,883,0,832,0,8748,2806,0,85
2019-11-19,port218,Cartagena,7,4,34218,41331,0,7825,4123,22269,0,0,10562,0,30768,0
2019-11-20,port218,Cartagena,11,6,53634,20017,34742,7582,134,10342,832,2297,17634,0,0,85
2019-11-21,port218,Cartagena,12,6,32592,154469,0,14188,4072,14331,0,72798,5050,1457,75162,0
2019-11-22,port218,Cartagena,8,6,31444,13043,0,25180,0,6263,0,0,12768,274,0,0
2019-11-23,port218,Cartagena,7,7,42697,9025,0,42697,0,0,0,0,9025,0,0,0
2019-11-24,port218,Cartagena,10,4,4343,14458,0,881,883,2578,0,0,6273,8184,0,0
2019-11-25,port218,Cartagena,13,8,4556,35570,0,3892,152,0,511,0,4253,139,31176,0
2019-11-26,port218,Cartagena,7,5,16214,8886,0,15503,0,0,711,1193,7665,0,0,27
2019-11-27,port218,Cartagena,12,7,23844,48486,0,14785,0,9058,0,0,6011,0,42474,0
2019-11-28,port218,Cartagena,10,6,22478,5207,0,14634,2567,5276,0,0,1738,0,3469,0
2019-11-29,port218,Cartagena,7,4,11956,33704,0,5023,3907,3025,0,0,21364,0,11830,510
2019-11-30,port218,Cartagena,10,4,42401,108296,1107,37210,224,3025,832,0,12915,3287,92008,85
2019-12-01,port218,Cartagena,12,5,29127,25175,11182,7080,2649,4319,3894,10370,10346,4373,0,85
2019-12-02,port218,Cartagena,16,10,64625,62552,30030,27534,0,7060,0,0,20576,269,41706,0
2019-12-03,port218,Cartagena,7,6,12741,31814,0,11858,883,0,0,0,30356,1457,0,0
2019-12-04,port218,Cartagena,12,4,6358,124093,0,1297,1121,3025,914,58600,10513,1895,53085,0
2019-12-05,port218,Cartagena,7,7,19807,4567,0,19807,0,0,0,0,4567,0,0,0
2019-12-06,port218,Cartagena,10,6,33828,140505,0,27108,0,6720,0,22617,10838,0,107050,0
2019-12-07,port218,Cartagena,9,6,47173,21224,0,39012,0,8160,0,0,17808,0,3415,0
2019-12-08,port218,Cartagena,7,4,26713,8363,0,11851,883,13978,0,0,3997,1457,2908,0
2019-12-09,port218,Cartagena,10,8,32304,2283,0,31280,0,565,458,0,2283,0,0,0
2019-12-10,port218,Cartagena,7,5,25896,27050,11182,14714,0,0,0,15631,11418,0,0,0
2019-12-11,port218,Cartagena,15,8,36195,45897,11182,19568,883,3025,1535,15675,14355,1457,14408,0
2019-12-12,port218,Cartagena,10,7,20393,33680,0,14342,0,6051,0,0,8583,1436,23660,0
2019-12-13,port218,Cartagena,10,5,22598,45925,0,11771,0,10826,0,0,18505,6193,21225,0
2019-12-14,port218,Cartagena,8,6,53921,11653,0,53038,883,0,0,0,9134,2518,0,0
2019-12-15,port218,Cartagena,8,4,9370,25392,0,5885,3484,0,0,0,9155,16237,0,0
2019-12-16,port218,Cartagena,11,7,26260,19569,0,20101,883,5276,0,0,9134,1457,8976,0
2019-12-17,port218,Cartagena,5,3,7436,9622,0,5885,0,718,832,0,9536,0,0,85
2019-12-18,port218,Cartagena,13,8,13637,64197,0,11771,0,1033,832,0,20303,862,42946,85
2019-12-19,port218,Cartagena,12,7,21951,22734,3535,13674,883,3025,832,0,9361,1457,11830,85
2019-12-20,port218,Cartagena,7,4,21658,6718,0,16382,0,5276,0,0,5299,1305,113,0
2019-12-21,port218,Cartagena,5,4,22008,2283,0,14947,0,7060,0,0,2283,0,0,0
2019-12-22,port218,Cartagena,9,6,28868,13926,2989,25879,0,0,0,7075,6851,0,0,0
2019-12-23,port218,Cartagena,8,6,22942,18197,0,22059,883,0,0,0,13242,1457,3497,0
2019-12-24,port218,Cartagena,9,6,11972,41043,0,8828,0,0,3143,0,38762,2280,0,0
2019-12-25,port218,Cartagena,8,5,18155,54434,0,14297,883,2974,0,0,15142,1457,37833,0
2019-12-26,port218,Cartagena,10,6,20488,72204,0,12550,0,7937,0,0,23111,0,49093,0
2019-12-27,port218,Cartagena,9,5,21143,12885,0,19376,1766,0,0,0,9451,2915,519,0
2019-12-28,port218,Cartagena,8,6,29020,12745,48,23126,0,5845,0,7075,5670,0,0,0
2019-12-29,port218,Cartagena,8,4,116840,8101,0,46679,224,69936,0,0,6172,1929,0,0
2019-12-30,port218,Cartagena,16,9,32427,51721,3636,28790,0,0,0,40129,7687,3457,447,0
2019-12-31,port218,Cartagena,9,3,30405,71829,22552,5885,0,1966,0,13285,18249,0,40294,0
2020-01-01,port218,Cartagena,5,3,23916,2831,0,19405,0,4051,460,0,2831,0,0,0
2020-01-02,port218,Cartagena,9,8,25369,27584,0,17830,0,7539,0,0,27584,0,0,0
2020-01-03,port218,Cartagena,9,6,20628,12236,0,14334,0,6293,0,0,11197,0,1039,0
2020-01-04,port218,Cartagena,9,3,25769,44743,0,13459,883,11426,0,0,2653,1457,38517,2114
2020-01-05,port218,Cartagena,8,4,26069,14375,11182,6943,883,7060,0,10370,1501,1457,1045,0
2020-01-06,port218,Cartagena,10,6,42258,15478,0,42258,0,0,0,7559,5397,2521,0,0
2020-01-07,port218,Cartagena,9,7,28221,9248,0,22945,0,5276,0,0,9134,0,113,0
2020-01-08,port218,Cartagena,8,6,35106,4330,29253,5852,0,0,0,0,4330,0,0,0
2020-01-09,port218,Cartagena,11,9,50404,62613,0,50404,0,0,0,0,45608,13588,3415,0
2020-01-10,port218,Cartagena,11,7,84547,58410,63854,12206,0,8486,0,0,18027,0,40383,0
2020-01-11,port218,Cartagena,12,8,17077,38746,0,6114,0,10963,0,0,17265,1825,19655,0
2020-01-12,port218,Cartagena,10,7,63072,4054,19680,43392,0,0,0,0,3210,0,335,509
2020-01-13,port218,Cartagena,10,5,8911,37119,0,5885,0,3025,0,0,13760,1096,22261,0
2020-01-14,port218,Cartagena,12,6,52882,47327,20501,30716,0,0,1664,10370,35096,1690,0,170
2020-01-15,port218,Cartagena,11,4,19116,94936,0,8957,812,9346,0,0,3753,862,90320,0
2020-01-16,port218,Cartagena,10,7,23236,60027,0,20210,0,3025,0,33396,14800,0,11830,0
2020-01-17,port218,Cartagena,8,6,7190,9829,0,6926,264,0,0,0,8464,1365,0,0
2020-01-18,port218,Cartagena,8,4,55939,5917,0,48174,0,7765,0,0,854,5062,0,0
2020-01-19,port218,Cartagena,5,3,13766,38605,0,13766,0,0,0,0,885,0,37719,0
2020-01-20,port218,Cartagena,7,6,6250,40277,0,5033,1216,0,0,0,40277,0,0,0
2020-01-21,port218,Cartagena,6,5,18704,25528,0,15679,0,3025,0,0,13698,0,11830,0
2020-01-22,port218,Cartagena,10,6,29710,5644,0,19553,1972,8185,0,0,4072,1457,113,0
2020-01-23,port218,Cartagena,8,5,22156,18728,0,15096,0,7060,0,0,16993,1734,0,0
2020-01-24,port218,Cartagena,6,5,33471,12816,0,33471,0,0,0,1490,11326,0,0,0
2020-01-25,port218,Cartagena,9,7,28073,15570,0,20683,883,6507,0,0,14112,1457,0,0
2020-01-26,port218,Cartagena,9,4,22381,5600,0,12439,883,9058,0,0,2400,3086,113,0
2020-01-27,port218,Cartagena,17,8,30960,101118,11182,10897,3191,4856,832,10370,43572,456,46633,85
2020-01-28,port218,Cartagena,7,3,5276,85217,0,0,0,5276,0,73596,11508,0,113,0
2020-01-29,port218,Cartagena,8,5,89903,40932,0,15255,0,74648,0,39261,1670,0,0,0
2020-01-30,port218,Cartagena,10,5,19125,6552,3772,15352,0,0,0,0,4680,1872,0,0
2020-01-31,port218,Cartagena,8,4,33389,9362,0,25066,883,7439,0,0,5270,3978,113,0
2020-02-01,port218,Cartagena,6,5,38209,21454,0,38209,0,0,0,0,21454,0,0,0
2020-02-02,port218,Cartagena,8,3,43164,54490,30216,12064,883,0,0,0,0,1457,53033,0
2020-02-03,port218,Cartagena,12,8,50303,29641,32624,9029,883,7765,0,7559,20624,1457,0,0
2020-02-04,port218,Cartagena,6,4,18684,44728,0,18684,0,0,0,0,3811,0,40917,0
2020-02-05,port218,Cartagena,10,6,22276,19239,0,12777,0,9498,0,0,7409,0,11830,0
2020-02-06,port218,Cartagena,13,8,22616,34040,0,13804,2760,6051,0,0,8922,1457,23660,0
2020-02-07,port218,Cartagena,10,6,23691,63615,0,23466,224,0,0,0,10846,4812,47957,0
2020-02-08,port218,Cartagena,10,6,43159,72226,0,36098,0,7060,0,0,27277,4121,40827,0
2020-02-09,port218,Cartagena,8,4,11029,16961,1490,8325,1213,0,0,0,15503,1457,0,0
2020-02-10,port218,Cartagena,10,5,58922,7820,32454,11782,3033,11652,0,0,6363,1457,0,0
2020-02-11,port218,Cartagena,8,4,59255,61515,49964,6775,0,0,2515,0,10946,0,50483,85
2020-02-12,port218,Cartagena,10,6,19116,5602,0,11127,2713,5276,0,0,2912,0,113,2576
2020-02-13,port218,Cartagena,4,4,12653,0,0,12653,0,0,0,0,0,0,0,0
2020-02-14,port218,Cartagena,7,4,84894,5877,50641,26091,0,8160,0,0,4963,913,0,0
2020-02-15,port218,Cartagena,6,5,20262,22887,9718,10543,0,0,0,0,22887,0,0,0
2020-02-16,port218,Cartagena,11,8,73724,10938,0,38636,0,35087,0,0,6515,0,4423,0
2020-02-17,port218,Cartagena,10,7,14190,11287,0,12373,883,933,0,0,9829,1457,0,0
2020-02-18,port218,Cartagena,9,4,90851,31394,0,9610,0,80730,510,0,10655,0,20738,0
2020-02-19,port218,Cartagena,10,7,11995,99952,4048,7947,0,0,0,0,11320,0,88631,0
2020-02-20,port218,Cartagena,13,6,23605,12408,0,16373,0,7232,0,2451,5772,4183,0,0
2020-02-21,port218,Cartagena,12,6,26277,22476,2457,20530,0,3290,0,0,19341,0,3134,0
2020-02-22,port218,Cartagena,8,4,44079,3557,0,41903,2176,0,0,0,2283,0,1274,0
2020-02-23,port218,Cartagena,7,5,12430,13693,0,10797,1632,0,0,0,12793,900,0,0
2020-02-24,port218,Cartagena,9,6,29307,24330,0,21741,883,6682,0,0,19950,4379,0,0
2020-02-25,port218,Cartagena,6,3,40470,13760,31712,8757,0,0,0,0,5436,0,8323,0
2020-02-26,port218,Cartagena,9,4,21249,8566,0,9683,883,10682,0,0,4567,3999,0,0
2020-02-27,port218,Cartagena,12,9,14273,73655,0,10684,883,2705,0,0,24238,1457,47959,0
2020-02-28,port218,Cartagena,12,7,28505,99047,0,21444,0,7060,0,37857,12677,5245,43266,0
2020-02-29,port218,Cartagena,12,6,95323,58390,29690,54929,165,9827,711,0,9018,0,49344,27
2020-03-01,port218,Cartagena,6,3,4342,4417,0,3235,1107,0,0,0,1030,3387,0,0
2020-03-02,port218,Cartagena,18,10,158199,17584,35684,49332,3986,69197,0,1490,8598,7495,0,0
2020-03-03,port218,Cartagena,7,3,16364,61794,0,10256,0,5276,832,59312,2283,0,113,85
2020-03-04,port218,Cartagena,6,5,6737,15062,0,6737,0,0,0,0,15062,0,0,0
2020-03-05,port218,Cartagena,11,7,27428,20679,0,6504,2700,15095,3128,0,20679,0,0,0
2020-03-06,port218,Cartagena,9,4,15488,25116,0,8732,456,4181,2117,0,17377,7739,0,0
2020-03-07,port218,Cartagena,7,6,4457,16720,0,3624,0,0,832,0,16635,0,0,85
2020-03-08,port218,Cartagena,11,5,51796,32038,1905,40381,4528,4980,0,0,4657,2799,24581,0
2020-03-09,port218,Cartagena,10,7,51105,49940,3349,47756,0,0,0,0,5152,5682,39105,0
2020-03-10,port218,Cartagena,5,4,14775,23760,0,7030,0,7744,0,0,23760,0,0,0
2020-03-11,port218,Cartagena,8,6,10764,11612,0,9881,883,0,0,2451,7703,1457,0,0
2020-03-12,port218,Cartagena,15,9,30195,80497,0,25618,883,0,3693,51099,25582,3816,0,0
2020-03-13,port218,Cartagena,15,8,55594,130350,3294,29979,330,21990,0,46728,14353,0,69269,0
2020-03-14,port218,Cartagena,10,6,46104,31820,6396,37369,0,0,2339,0,24081,7739,0,0
2020-03-15,port218,Cartagena,9,5,86691,34573,46728,25631,0,14331,0,0,3804,0,30768,0
2020-03-16,port218,Cartagena,7,5,26310,2402,0,18538,0,7060,711,0,2375,0,0,27
2020-03-17,port218,Cartagena,10,4,45653,74657,9285,8988,0,26868,510,0,43889,0,30768,0
2020-03-18,port218,Cartagena,8,3,83461,8666,0,3426,0,79203,832,1490,4317,2774,0,85
2020-03-19,port218,Cartagena,9,7,35287,7784,0,35287,0,0,0,0,7627,156,0,0
2020-03-20,port218,Cartagena,11,4,5863,110497,0,4269,883,0,711,52143,11430,1457,45437,27
2020-03-21,port218,Cartagena,9,6,32152,32534,0,24214,0,7937,0,0,24924,1603,6006,0
2020-03-22,port218,Cartagena,7,4,27412,8199,0,27412,0,0,0,0,4376,3823,0,0
2020-03-23,port218,Cartagena,12,8,62898,5731,30413,29044,3440,0,0,0,5731,0,0,0
2020-03-24,port218,Cartagena,7,4,13906,61125,0,4774,0,9131,0,0,10313,5021,45790,0
2020-03-25,port218,Cartagena,8,3,11089,111792,0,0,0,10256,832,75791,12166,0,23749,85
2020-03-26,port218,Cartagena,10,7,16326,88610,0,11391,883,4051,0,0,6810,1457,80342,0
2020-03-27,port218,Cartagena,10,6,23784,89572,0,15136,883,7765,0,0,5056,1457,83058,0
2020-03-28,port218,Cartagena,10,7,57007,71688,0,22992,883,33132,0,0,35762,1457,34468,0
2020-03-29,port218,Cartagena,6,3,22049,4447,0,16331,0,1715,4002,0,4362,0,0,85
2020-03-30,port218,Cartagena,14,7,26238,30637,4827,16385,224,3782,1018,0,12350,3620,14666,0
2020-03-31,port218,Cartagena,8,6,10866,63196,0,5885,0,4980,0,2451,39518,0,21225,0
2020-04-01,port218,Cartagena,6,4,7791,13955,0,4169,883,2738,0,0,12497,1457,0,0
2020-04-02,port218,Cartagena,12,8,30659,7474,10003,12624,883,7148,0,0,6016,1457,0,0
2020-04-03,port218,Cartagena,10,8,89237,21404,0,22525,0,64568,2143,0,21404,0,0,0
2020-04-04,port218,Cartagena,10,4,91571,89295,52760,22883,764,14331,832,0,17330,0,71879,85
2020-04-05,port218,Cartagena,8,6,45109,21311,0,44276,0,0,832,5824,15401,0,0,85
2020-04-06,port218,Cartagena,8,4,64581,7866,48783,7138,1766,6892,0,0,4951,2915,0,0
2020-04-07,port218,Cartagena,8,5,33750,13129,0,25806,883,7060,0,0,9955,3174,0,0
2020-04-08,port218,Cartagena,4,3,0,8651,0,0,0,0,0,0,6552,0,0,2099
2020-04-09,port218,Cartagena,8,5,7491,42376,0,5311,2179,0,0,0,11892,0,30484,0
2020-04-10,port218,Cartagena,9,7,52492,9619,0,34312,883,17296,0,0,8161,1457,0,0
2020-04-11,port218,Cartagena,9,6,26443,7962,0,21009,883,4550,0,0,3777,4185,0,0
2020-04-12,port218,Cartagena,8,6,63016,6633,0,30235,0,32781,0,0,4521,2111,0,0
2020-04-13,port218,Cartagena,14,8,23463,20148,0,17303,883,5276,0,0,12080,5191,113,2762
2020-04-14,port218,Cartagena,7,3,7170,70184,0,2942,1580,0,2646,0,26199,0,43985,0
2020-04-15,port218,Cartagena,8,6,3085,45880,0,3085,0,0,0,0,11714,0,34166,0
2020-04-16,port218,Cartagena,11,6,85056,26224,0,1144,0,83912,0,0,11119,15105,0,0
2020-04-17,port218,Cartagena,9,7,101611,14591,0,15652,0,84929,1029,0,14591,0,0,0
2020-04-18,port218,Cartagena,11,5,17006,54668,0,7918,0,9087,0,2297,5217,1734,45418,0
2020-04-19,port218,Cartagena,9,3,15305,44473,0,12891,883,0,1530,0,1263,2843,40366,0
2020-04-20,port218,Cartagena,9,7,29598,19311,0,29598,0,0,0,0,19311,0,0,0
2020-04-21,port218,Cartagena,4,4,5885,8165,0,5885,0,0,0,0,8165,0,0,0
2020-04-22,port218,Cartagena,13,7,41265,51208,0,31833,1815,7615,0,0,12460,2915,35832,0
2020-04-23,port218,Cartagena,7,5,24457,14596,48,21175,0,3233,0,7075,7521,0,0,0
2020-04-24,port218,Cartagena,7,5,13817,52234,0,13106,0,0,711,0,7127,0,45079,27
2020-04-25,port218,Cartagena,9,6,47139,3016,0,46533,606,0,0,0,3016,0,0,0
2020-04-26,port218,Cartagena,7,3,42425,1457,21546,19995,883,0,0,0,0,1457,0,0
2020-04-27,port218,Cartagena,14,10,40364,67179,0,33512,224,6627,0,48231,16905,1929,113,0
2020-04-28,port218,Cartagena,6,4,51130,50440,43759,7371,0,0,0,10370,40070,0,0,0
2020-04-29,port218,Cartagena,8,6,20078,8727,0,12428,156,7492,0,0,8727,0,0,0
2020-04-30,port218,Cartagena,9,5,17579,93234,0,3719,0,13028,832,0,11295,0,81853,85
2020-05-01,port218,Cartagena,7,5,6949,9042,0,1100,162,5686,0,0,9042,0,0,0
2020-05-02,port218,Cartagena,8,6,52456,13410,0,52456,0,0,0,0,12963,0,447,0
2020-05-03,port218,Cartagena,5,3,15905,1912,0,15905,0,0,0,0,1912,0,0,0
2020-05-04,port218,Cartagena,11,6,34745,48818,0,25771,2466,6507,0,1081,11845,852,35039,0
2020-05-05,port218,Cartagena,6,4,1373,31065,0,1149,224,0,0,0,29136,1929,0,0
2020-05-06,port218,Cartagena,7,3,38350,6488,34904,1308,1427,0,711,0,5003,1457,0,27
2020-05-07,port218,Cartagena,9,7,9653,17729,0,7395,883,1374,0,0,16272,1457,0,0
2020-05-08,port218,Cartagena,8,5,7049,19633,0,4023,0,3025,0,1490,5138,1175,11830,0
2020-05-09,port218,Cartagena,10,6,40780,71624,0,34307,0,6473,0,0,16944,2721,51958,0
2020-05-10,port218,Cartagena,10,5,11107,45542,0,9341,1766,0,0,0,16302,4519,24720,0
2020-05-11,port218,Cartagena,11,9,36853,15171,0,31763,5089,0,0,0,13713,1457,0,0
2020-05-12,port218,Cartagena,7,5,21658,8014,0,18357,883,2417,0,0,6556,1457,0,0
2020-05-13,port218,Cartagena,12,5,27945,16745,4567,13185,883,7765,1543,0,5922,1457,9252,112
2020-05-14,port218,Cartagena,11,8,30111,19916,5992,23235,883,0,0,0,12513,1457,5945,0
2020-05-15,port218,Cartagena,11,6,29203,60696,9445,7831,883,11043,0,0,7379,1457,51858,0
2020-05-16,port218,Cartagena,11,6,36105,73074,0,33702,1107,1295,0,0,30666,3387,39020,0
2020-05-17,port218,Cartagena,10,6,17310,12296,0,7374,3215,6720,0,0,8700,3595,0,0
2020-05-18,port218,Cartagena,7,5,4818,119565,0,4818,0,0,0,0,9634,4219,105711,0
2020-05-19,port218,Cartagena,5,3,10880,32110,0,2942,0,7937,0,2451,29659,0,0,0
2020-05-20,port218,Cartagena,6,4,1829,36405,0,1829,0,0,0,0,4028,3402,28973,0
2020-05-21,port218,Cartagena,12,8,38680,88140,0,33404,0,5276,0,33410,15250,0,39479,0
2020-05-22,port218,Cartagena,9,7,10094,13724,0,9211,883,0,0,0,10532,3192,0,0
2020-05-23,port218,Cartagena,8,4,84462,49468,1638,8522,0,74302,0,0,49253,0,214,0
2020-05-24,port218,Cartagena,5,3,9448,10848,0,8565,883,0,0,0,4424,6423,0,0
2020-05-25,port218,Cartagena,12,8,26985,16377,11064,10614,5306,0,0,0,16377,0,0,0
2020-05-26,port218,Cartagena,5,3,3107,17812,0,2942,164,0,0,0,17812,0,0,0
2020-05-27,port218,Cartagena,8,6,13932,44119,0,13049,883,0,0,0,8198,1457,34463,0
2020-05-28,port218,Cartagena,14,8,37953,72873,0,24138,0,13815,0,0,8420,2023,62428,0
2020-05-29,port218,Cartagena,9,6,17982,14209,0,14464,1107,2409,0,0,10822,3387,0,0
2020-05-30,port218,Cartagena,6,5,36582,38871,0,35699,883,0,0,0,37413,1457,0,0
2020-05-31,port218,Cartagena,7,6,576,18658,0,576,0,0,0,0,18658,0,0,0
2020-06-01,port218,Cartagena,11,5,36671,51038,1155,14872,4528,15402,711,0,3480,0,47531,27
2020-06-02,port218,Cartagena,11,5,6482,44505,0,2942,0,3025,514,0,27715,1603,15185,0
2020-06-03,port218,Cartagena,7,5,2619,8090,0,2619,0,0,0,0,8090,0,0,0
2020-06-04,port218,Cartagena,9,7,50604,17307,0,42007,0,7765,832,0,17222,0,0,85
2020-06-05,port218,Cartagena,5,4,8272,6499,0,8272,0,0,0,2297,4201,0,0,0
2020-06-06,port218,Cartagena,8,6,77379,14114,0,20638,883,55858,0,0,12656,1457,0,0
2020-06-07,port218,Cartagena,9,3,9853,19406,0,3806,883,5163,0,0,3603,15803,0,0
2020-06-08,port218,Cartagena,12,6,32611,4521,0,16007,2943,13660,0,0,4407,0,113,0
2020-06-09,port218,Cartagena,8,6,34489,52089,28927,2536,0,3025,0,0,40259,0,11830,0
2020-06-10,port218,Cartagena,7,6,16419,9945,0,15535,883,0,0,0,8487,1457,0,0
2020-06-11,port218,Cartagena,8,6,13146,12799,0,12921,224,0,0,0,10870,1929,0,0
2020-06-12,port218,Cartagena,4,3,12769,12780,0,12769,0,0,0,0,5621,0,7158,0
2020-06-13,port218,Cartagena,6,4,47074,2283,0,44333,0,2741,0,0,2283,0,0,0
2020-06-14,port218,Cartagena,7,4,6138,27590,0,5255,883,0,0,0,8471,4426,14691,0
2020-06-15,port218,Cartagena,9,5,10579,58686,0,10579,0,0,0,51117,5950,1172,447,0
2020-06-16,port218,Cartagena,10,8,9899,30628,0,9899,0,0,0,1490,29138,0,0,0
2020-06-17,port218,Cartagena,8,7,15934,9019,0,15396,538,0,0,0,9019,0,0,0
2020-06-18,port218,Cartagena,7,6,39788,14597,0,26795,0,12993,0,0,14597,0,0,0
2020-06-19,port218,Cartagena,15,9,37258,43088,0,21415,883,14959,0,0,14580,1457,27050,0
2020-06-20,port218,Cartagena,12,6,45365,33699,0,37778,0,7587,0,0,13711,7135,12852,0
2020-06-21,port218,Cartagena,9,5,0,80549,0,0,0,0,0,58207,17954,2365,0,2021
2020-06-22,port218,Cartagena,11,7,4726,29756,0,3843,883,0,0,2451,24990,2313,0,0
2020-06-23,port218,Cartagena,6,4,8787,77363,0,7904,883,0,0,0,35687,1457,40218,0
2020-06-24,port218,Cartagena,9,7,20535,12362,0,11268,883,8383,0,0,10904,1457,0,0
2020-06-25,port218,Cartagena,8,6,17828,62331,0,17828,0,0,0,0,8672,0,53658,0
2020-06-26,port218,Cartagena,9,6,27692,11349,0,21219,0,6473,0,0,9503,1846,0,0
2020-06-27,port218,Cartagena,9,6,11262,67234,0,11262,0,0,0,0,31020,0,36213,0
2020-06-28,port218,Cartagena,6,6,6398,13077,0,6398,0,0,0,0,13077,0,0,0
2020-06-29,port218,Cartagena,9,6,70091,5204,0,16338,1152,52600,0,0,3747,1457,0,0
2020-06-30,port218,Cartagena,8,3,19377,11477,0,12035,0,7342,0,1490,7499,0,2488,0
2020-07-01,port218,Cartagena,6,6,6289,7210,0,6289,0,0,0,0,7210,0,0,0
2020-07-02,port218,Cartagena,10,6,19968,19184,0,12140,0,6995,832,0,7269,0,11830,85
2020-07-03,port218,Cartagena,10,7,16100,50489,0,9941,883,5276,0,0,10497,1457,38534,0
2020-07-04,port218,Cartagena,10,6,44891,47660,0,43077,0,1813,0,0,43318,4341,0,0
2020-07-05,port218,Cartagena,3,3,0,13941,0,0,0,0,0,0,13941,0,0,0
2020-07-06,port218,Cartagena,15,8,44062,33364,28453,2168,2649,10790,0,0,17160,4373,11830,0
2020-07-07,port218,Cartagena,10,5,10435,18006,0,3928,0,6507,0,0,12428,0,5578,0
2020-07-08,port218,Cartagena,8,5,7796,5765,0,6913,883,0,0,0,4307,1457,0,0
2020-07-09,port218,Cartagena,10,5,35310,23594,12693,16254,883,5478,0,3088,15029,1457,4018,0
2020-07-10,port218,Cartagena,13,7,28214,58707,7185,20196,0,0,832,2451,17832,0,38337,85
2020-07-11,port218,Cartagena,8,5,24083,53271,0,17598,883,5601,0,36187,15625,1457,0,0
2020-07-12,port218,Cartagena,7,5,21133,8079,0,16942,1819,2371,0,0,8079,0,0,0
2020-07-13,port218,Cartagena,10,6,18976,115483,0,16488,883,1604,0,0,4705,7835,102942,0
2020-07-14,port218,Cartagena,9,6,27685,9540,0,16220,4194,7270,0,0,9540,0,0,0
2020-07-15,port218,Cartagena,12,6,15969,122956,0,7875,0,6263,1830,53301,11652,1819,56182,0
2020-07-16,port218,Cartagena,10,7,29912,19486,0,20178,883,8850,0,1490,16538,1457,0,0
2020-07-17,port218,Cartagena,9,5,32771,34815,16312,13349,0,3109,0,0,2987,0,31827,0
2020-07-18,port218,Cartagena,7,6,32475,22489,0,32475,0,0,0,0,21626,862,0,0
2020-07-19,port218,Cartagena,6,3,4627,21126,0,0,1107,3519,0,0,17739,3387,0,0
2020-07-20,port218,Cartagena,12,7,37698,22318,26655,10584,0,0,458,0,21879,439,0,0
2020-07-21,port218,Cartagena,6,4,16322,13896,0,10162,883,5276,0,0,12324,1457,113,0
2020-07-22,port218,Cartagena,8,6,37158,14152,28482,8676,0,0,0,0,14152,0,0,0
2020-07-23,port218,Cartagena,11,6,90255,82466,51506,32589,883,5276,0,0,10928,1457,70080,0
2020-07-24,port218,Cartagena,10,7,28566,26282,0,28363,0,0,203,1706,15141,9433,0,0
2020-07-25,port218,Cartagena,9,5,28546,147148,0,19890,890,7765,0,0,49837,0,97310,0
2020-07-26,port218,Cartagena,10,5,13806,62114,0,3844,3241,6720,0,2297,25821,1457,32536,0
2020-07-27,port218,Cartagena,9,7,25555,11432,0,25555,0,0,0,0,6851,4581,0,0
2020-07-28,port218,Cartagena,12,6,31986,17501,0,20437,883,10665,0,0,10452,7048,0,0
2020-07-29,port218,Cartagena,10,5,10614,51844,0,10389,224,0,0,0,3904,5369,42570,0
2020-07-30,port218,Cartagena,8,4,22381,19186,0,19062,883,2435,0,0,9593,6703,2889,0
2020-07-31,port218,Cartagena,8,6,24986,14486,0,17048,0,7937,0,0,14486,0,0,0
2020-08-01,port218,Cartagena,9,7,34931,52027,0,28458,0,6473,0,0,10940,0,41086,0
2020-08-02,port218,Cartagena,6,4,9592,5611,0,8709,883,0,0,0,2487,3123,0,0
2020-08-03,port218,Cartagena,6,4,6653,12440,0,6300,0,353,0,4563,7876,0,0,0
2020-08-04,port218,Cartagena,6,3,11987,5341,0,10553,0,1433,0,0,2283,0,3057,0
2020-08-05,port218,Cartagena,12,6,33945,20924,11182,15720,1766,5276,0,10370,7010,3429,113,0
2020-08-06,port218,Cartagena,12,7,81262,84139,52136,28242,883,0,0,54741,27940,1457,0,0
2020-08-07,port218,Cartagena,10,9,22026,31230,0,16749,0,5276,0,0,31117,0,113,0
2020-08-08,port218,Cartagena,8,5,40255,64454,0,40255,0,0,0,0,12383,0,51612,458
2020-08-09,port218,Cartagena,7,4,9227,44840,0,9227,0,0,0,0,0,0,44840,0
2020-08-10,port218,Cartagena,9,6,32399,8129,0,24581,5075,2741,0,0,5208,0,0,2921
2020-08-11,port218,Cartagena,15,6,110202,63470,0,13666,0,96535,0,9622,18566,1603,33677,0
2020-08-12,port218,Cartagena,9,5,6769,40214,0,5885,883,0,0,7559,28027,4627,0,0
2020-08-13,port218,Cartagena,7,7,32046,10397,0,32046,0,0,0,0,10397,0,0,0
2020-08-14,port218,Cartagena,11,7,12330,52516,0,12330,0,0,0,0,16923,5988,29604,0
2020-08-15,port218,Cartagena,8,5,17718,10611,0,9121,0,7765,832,0,10526,0,0,85
2020-08-16,port218,Cartagena,8,4,56991,53903,28081,28909,0,0,0,0,14312,0,39591,0
2020-08-17,port218,Cartagena,10,8,41897,11936,0,29323,883,11690,0,0,10479,1457,0,0
2020-08-18,port218,Cartagena,5,1,10505,77327,0,2942,0,7562,0,0,2283,3391,71652,0
2020-08-19,port218,Cartagena,9,6,19065,23401,0,14328,0,4737,0,0,4166,7404,11830,0
2020-08-20,port218,Cartagena,10,8,14483,18009,0,14483,0,0,0,0,11526,476,6006,0
2020-08-21,port218,Cartagena,11,7,19389,25898,0,10345,883,8160,0,0,24440,1457,0,0
2020-08-22,port218,Cartagena,10,6,30426,64303,0,25150,0,5276,0,0,20500,1603,42199,0
2020-08-23,port218,Cartagena,5,3,2942,59244,0,2942,0,0,0,0,16216,1734,41293,0
2020-08-24,port218,Cartagena,8,5,50714,6409,0,39338,883,10492,0,2668,2283,1457,0,0
2020-08-25,port218,Cartagena,6,5,23306,11041,10567,12739,0,0,0,0,11041,0,0,0
2020-08-26,port218,Cartagena,8,3,7039,44992,0,0,883,6156,0,0,30072,3090,11830,0
2020-08-27,port218,Cartagena,10,9,109345,14860,0,38994,0,70351,0,0,14860,0,0,0
2020-08-28,port218,Cartagena,10,6,27163,54439,21772,5390,0,0,0,0,4056,0,49357,1024
2020-08-29,port218,Cartagena,10,8,48671,7734,0,39255,0,9416,0,0,7734,0,0,0
2020-08-30,port218,Cartagena,5,4,13728,7010,0,13728,0,0,0,0,7010,0,0,0
2020-08-31,port218,Cartagena,17,8,44748,74283,0,34982,1046,8720,0,7559,24335,2840,39547,0
2020-09-01,port218,Cartagena,6,5,61165,19613,0,8127,0,53038,0,0,19613,0,0,0
2020-09-02,port218,Cartagena,5,5,8378,7225,0,8378,0,0,0,0,7225,0,0,0
2020-09-03,port218,Cartagena,11,6,20608,16799,0,11960,883,7765,0,0,14734,2065,0,0
2020-09-04,port218,Cartagena,9,4,32660,95942,8673,17099,0,6054,832,1932,15290,0,78634,85
2020-09-05,port218,Cartagena,9,7,51702,32403,0,51702,0,0,0,10605,20107,1690,0,0
2020-09-06,port218,Cartagena,5,4,33975,12654,11182,22793,0,0,0,10370,2283,0,0,0
2020-09-07,port218,Cartagena,11,5,27768,7363,0,16833,1965,8969,0,0,5791,1457,113,0
2020-09-08,port218,Cartagena,8,5,8219,88878,0,2942,0,5276,0,2668,43791,0,42419,0
2020-09-09,port218,Cartagena,9,5,39155,25785,0,7042,224,31889,0,0,22497,1929,1358,0
2020-09-10,port218,Cartagena,15,7,92084,27961,57411,20984,883,11270,1534,10370,11545,3709,2335,0
2020-09-11,port218,Cartagena,8,5,16496,12430,0,14688,883,924,0,0,10972,1457,0,0
2020-09-12,port218,Cartagena,10,5,6884,120657,0,4118,0,0,2766,50977,21018,0,48661,0
2020-09-13,port218,Cartagena,9,6,29116,6645,0,21725,883,6507,0,0,5187,1457,0,0
2020-09-14,port218,Cartagena,12,7,15161,79067,0,13228,1932,0,0,20342,12554,2898,43271,0
2020-09-15,port218,Cartagena,6,5,34015,17890,0,30884,0,3131,0,0,17890,0,0,0
2020-09-16,port218,Cartagena,7,6,8481,17835,0,8481,0,0,0,0,15902,1932,0,0
2020-09-17,port218,Cartagena,12,7,27378,25391,0,25387,1991,0,0,2297,8501,4845,9746,0
2020-09-18,port218,Cartagena,10,5,23206,16118,0,13579,3306,6320,0,0,13057,3061,0,0
2020-09-19,port218,Cartagena,11,6,22105,41606,0,21273,0,0,832,0,19263,0,22258,85
2020-09-20,port218,Cartagena,7,3,40044,38655,11124,4195,2628,22096,0,0,7886,0,30768,0
2020-09-21,port218,Cartagena,11,5,65882,116659,30462,31397,224,3798,0,55252,16558,1929,42919,0
2020-09-22,port218,Cartagena,4,3,11330,6979,0,5485,0,5845,0,0,6979,0,0,0
2020-09-23,port218,Cartagena,9,5,20110,33664,1778,4000,0,14331,0,0,1900,996,30768,0
2020-09-24,port218,Cartagena,10,8,23792,22389,0,18515,0,5276,0,0,20609,1665,113,0
2020-09-25,port218,Cartagena,10,5,17726,55731,0,7347,0,10379,0,1490,13604,312,40324,0
2020-09-26,port218,Cartagena,11,6,102134,6371,0,18236,0,83898,0,0,6257,0,113,0
2020-09-27,port218,Cartagena,8,6,84433,35716,52862,31570,0,0,0,29159,6556,0,0,0
2020-09-28,port218,Cartagena,7,5,21570,13141,0,20738,0,0,832,0,13056,0,0,85
2020-09-29,port218,Cartagena,11,4,11779,69224,0,3478,0,8301,0,0,13216,2963,53044,0
2020-09-30,port218,Cartagena,5,4,10649,19073,0,3714,0,6934,0,0,19073,0,0,0
2020-10-01,port218,Cartagena,10,8,85865,7474,0,23546,883,61435,0,0,6016,1457,0,0
2020-10-02,port218,Cartagena,11,7,26643,37923,0,9327,0,17315,0,13290,12803,0,11830,0
2020-10-03,port218,Cartagena,11,5,58354,148469,0,51012,0,7342,0,0,7547,3882,137040,0
2020-10-04,port218,Cartagena,5,3,11658,6031,0,8488,3169,0,0,3088,2942,0,0,0
2020-10-05,port218,Cartagena,10,7,10388,20180,0,0,4486,5902,0,0,20180,0,0,0
2020-10-06,port218,Cartagena,4,2,2942,5141,0,2942,0,0,0,0,3751,1389,0,0
2020-10-07,port218,Cartagena,9,3,19302,27831,0,4961,883,13457,0,19945,3403,1457,3024,0
2020-10-08,port218,Cartagena,9,8,38720,5711,3307,35412,0,0,0,0,5711,0,0,0
2020-10-09,port218,Cartagena,8,5,39823,62155,0,38076,0,0,1747,0,21283,0,40787,85
2020-10-10,port218,Cartagena,10,6,30078,51967,0,21495,0,6054,2528,0,4745,862,46358,0
2020-10-11,port218,Cartagena,9,6,12565,67687,0,12565,0,0,0,0,23172,5021,39493,0
2020-10-12,port218,Cartagena,8,7,8139,35299,0,5113,0,3025,0,0,23468,0,11830,0
2020-10-13,port218,Cartagena,12,7,32530,65150,0,13648,0,18881,0,2668,20710,2251,39519,0
2020-10-14,port218,Cartagena,6,4,11766,2283,0,10695,0,1071,0,0,2283,0,0,0
2020-10-15,port218,Cartagena,9,5,27061,18928,0,5885,1942,19233,0,0,17470,1457,0,0
2020-10-16,port218,Cartagena,9,6,57711,23619,48,56830,0,0,832,7075,14956,1503,0,85
2020-10-17,port218,Cartagena,11,6,15763,89482,0,6993,0,7937,832,46607,29342,1665,11782,85
2020-10-18,port218,Cartagena,7,3,20750,53405,0,3688,12544,4517,0,0,12786,1929,38690,0
2020-10-19,port218,Cartagena,9,5,25478,29122,0,24595,883,0,0,0,12551,3083,13487,0
2020-10-20,port218,Cartagena,8,5,7951,9723,0,7951,0,0,0,0,8750,973,0,0
2020-10-21,port218,Cartagena,11,6,11385,60553,3859,5759,1766,0,0,0,18608,3778,38166,0
2020-10-22,port218,Cartagena,9,6,42595,29704,11182,24174,0,7237,0,10370,19220,0,113,0
2020-10-23,port218,Cartagena,10,7,56114,13795,0,49173,4031,2908,0,7559,6236,0,0,0
2020-10-24,port218,Cartagena,10,9,26612,40685,0,25729,883,0,0,0,39227,1457,0,0
2020-10-25,port218,Cartagena,5,3,8417,64910,0,8417,0,0,0,60704,4206,0,0,0
2020-10-26,port218,Cartagena,13,7,21655,14731,2157,7707,0,11277,512,2668,12063,0,0,0
2020-10-27,port218,Cartagena,7,4,3167,32001,0,2942,224,0,0,0,24379,7622,0,0
2020-10-28,port218,Cartagena,10,5,89844,109235,0,14861,0,74151,832,0,2810,0,106339,85
2020-10-29,port218,Cartagena,11,8,37444,9008,0,35678,1766,0,0,0,4251,2915,1841,0
2020-10-30,port218,Cartagena,3,2,38795,3904,0,38795,0,0,0,0,3436,467,0,0
2020-10-31,port218,Cartagena,8,6,9354,43318,48,9306,0,0,0,7075,29557,6685,0,0
2020-11-01,port218,Cartagena,12,5,17720,84958,0,12988,1092,2807,832,0,4190,0,80683,85
2020-11-02,port218,Cartagena,13,8,25978,47398,0,14520,272,11186,0,12963,22605,0,11830,0
2020-11-03,port218,Cartagena,8,4,18787,59526,0,5336,926,12524,0,0,17922,0,41603,0
2020-11-04,port218,Cartagena,8,6,12300,53352,0,12300,0,0,0,2297,13411,0,37643,0
2020-11-05,port218,Cartagena,11,8,30121,16804,0,27268,883,1970,0,0,13769,1457,1577,0
2020-11-06,port218,Cartagena,10,6,37969,28013,15213,15587,0,7167,0,0,6787,0,21225,0
2020-11-07,port218,Cartagena,10,6,36214,35031,0,19852,0,16362,0,0,35031,0,0,0
2020-11-08,port218,Cartagena,12,8,42738,53224,4623,33180,883,4051,0,0,10929,1457,40837,0
2020-11-09,port218,Cartagena,10,6,12533,13144,0,10571,0,0,1961,1786,6311,1690,3355,0
2020-11-10,port218,Cartagena,7,4,5426,56493,0,4917,0,0,509,0,14006,148,42338,0
2020-11-11,port218,Cartagena,6,4,23869,3057,0,16214,0,6111,1543,0,3057,0,0,0
2020-11-12,port218,Cartagena,9,5,16013,16245,0,11189,883,3940,0,0,14787,1457,0,0
2020-11-13,port218,Cartagena,11,7,7228,43860,0,5706,0,0,1521,27514,16346,0,0,0
2020-11-14,port218,Cartagena,8,6,49068,22477,0,48633,435,0,0,0,22477,0,0,0
2020-11-15,port218,Cartagena,10,6,47831,44138,29329,7949,0,10552,0,0,9924,0,34213,0
2020-11-16,port218,Cartagena,8,5,9975,55346,0,3501,0,6473,0,0,4420,328,50597,0
2020-11-17,port218,Cartagena,8,5,11766,49096,0,10882,883,0,0,0,6021,2382,40691,0
2020-11-18,port218,Cartagena,6,4,8535,10015,0,8535,0,0,0,0,7673,1665,675,0
2020-11-19,port218,Cartagena,10,6,62997,9131,0,29166,883,32115,832,0,5902,3144,0,85
2020-11-20,port218,Cartagena,9,6,23045,10328,0,17768,0,5276,0,1490,8724,0,113,0
2020-11-21,port218,Cartagena,8,5,40223,7089,4818,34521,883,0,0,0,5631,1457,0,0
2020-11-22,port218,Cartagena,11,7,28047,15965,0,16063,0,11983,0,0,13630,0,2335,0
2020-11-23,port218,Cartagena,9,5,19322,76174,0,16070,224,3027,0,28659,2853,1929,42731,0
2020-11-24,port218,Cartagena,12,5,74392,76551,37682,14885,0,21824,0,0,15602,0,60948,0
2020-11-25,port218,Cartagena,8,5,8685,71746,0,7801,883,0,0,7559,8050,1457,54678,0
2020-11-26,port218,Cartagena,7,7,20924,20773,0,20924,0,0,0,0,20773,0,0,0
2020-11-27,port218,Cartagena,9,6,39416,32775,0,33602,0,4980,832,0,8108,0,24581,85
2020-11-28,port218,Cartagena,9,6,90004,107651,59809,15603,0,14592,0,0,15484,0,92166,0
2020-11-29,port218,Cartagena,7,5,8288,61511,0,1353,0,6934,0,0,20819,0,40691,0
2020-11-30,port218,Cartagena,12,7,17652,81659,0,5535,0,12116,0,64584,17074,0,0,0
2020-12-01,port218,Cartagena,8,3,22789,18886,0,18931,0,3025,832,0,2283,0,16517,85
2020-12-02,port218,Cartagena,9,6,22405,11466,0,15385,0,7020,0,0,11466,0,0,0
2020-12-03,port218,Cartagena,11,7,12869,14521,0,11566,1303,0,0,0,11134,3387,0,0
2020-12-04,port218,Cartagena,11,7,143160,127170,0,62817,0,80342,0,45054,8648,0,73467,0
2020-12-05,port218,Cartagena,9,7,22203,70202,0,14231,0,7971,0,0,19994,0,50207,0
2020-12-06,port218,Cartagena,12,5,84863,27358,57678,16311,1107,9765,0,0,7387,3387,16583,0
2020-12-07,port218,Cartagena,9,8,46975,14036,5190,41784,0,0,0,0,14036,0,0,0
2020-12-08,port218,Cartagena,11,8,19452,17367,0,14176,0,5276,0,2668,12894,1690,113,0
2020-12-09,port218,Cartagena,8,5,9513,9667,0,6721,883,1908,0,0,8209,1457,0,0
2020-12-10,port218,Cartagena,8,6,24138,7941,0,23305,0,0,832,0,7409,0,447,85
2020-12-11,port218,Cartagena,7,5,16444,22654,0,10285,883,5276,0,0,21083,1457,113,0
2020-12-12,port218,Cartagena,10,6,204887,31972,0,38646,2065,164176,0,0,24642,0,7329,0
2020-12-13,port218,Cartagena,9,7,4349,13968,0,4349,0,0,0,0,13968,0,0,0
2020-12-14,port218,Cartagena,12,5,52773,44524,41507,2197,0,6263,2805,0,7505,0,37018,0
2020-12-15,port218,Cartagena,5,3,27916,749,0,19052,0,7492,1371,0,749,0,0,0
2020-12-16,port218,Cartagena,8,4,15585,28403,0,11451,1107,3025,0,0,13186,3387,11830,0
2020-12-17,port218,Cartagena,10,6,17917,17606,0,15799,0,1089,1028,0,17606,0,0,0
2020-12-18,port218,Cartagena,14,8,54471,103989,0,46305,2263,5902,0,2297,11658,0,90033,0
2020-12-19,port218,Cartagena,7,6,19584,21433,0,17101,0,0,2483,0,21433,0,0,0
2020-12-20,port218,Cartagena,8,4,3947,95981,0,1400,0,2547,0,48595,7544,0,39841,0
2020-12-21,port218,Cartagena,10,7,28509,86385,0,28509,0,0,0,31615,16490,0,38278,0
2020-12-22,port218,Cartagena,8,6,37221,23396,0,36113,1107,0,0,0,20009,3387,0,0
2020-12-23,port218,Cartagena,6,4,12151,39799,0,5430,0,6720,0,0,39352,0,447,0
2020-12-24,port218,Cartagena,10,6,32327,81228,0,30161,0,2165,0,13290,16912,1690,49334,0
2020-12-25,port218,Cartagena,8,5,5483,53055,0,4600,883,0,0,0,8943,8154,35957,0
2020-12-26,port218,Cartagena,8,5,13573,23651,0,7414,883,5276,0,0,17507,6030,113,0
2020-12-27,port218,Cartagena,13,7,70812,38676,39000,19513,0,12297,0,13525,12868,453,11830,0
2020-12-28,port218,Cartagena,8,5,7161,43283,0,7161,0,0,0,2749,5762,0,34771,0
2020-12-29,port218,Cartagena,7,2,83755,46341,2968,2942,0,77843,0,0,6695,0,39646,0
2020-12-30,port218,Cartagena,5,4,0,17085,0,0,0,0,0,2451,14633,0,0,0
2020-12-31,port218,Cartagena,7,5,13664,9797,0,8388,0,5276,0,0,9683,0,113,0
2021-01-01,port218,Cartagena,7,5,16668,3875,0,15785,883,0,0,0,2417,1457,0,0
2021-01-02,port218,Cartagena,9,8,24726,44976,0,24726,0,0,0,0,43804,1172,0,0
2021-01-03,port218,Cartagena,6,5,42064,17048,30829,11235,0,0,0,0,17048,0,0,0
2021-01-04,port218,Cartagena,11,8,17869,14907,0,15429,0,2440,0,0,14907,0,0,0
2021-01-05,port218,Cartagena,6,5,13747,11890,0,7274,0,6473,0,0,11890,0,0,0
2021-01-06,port218,Cartagena,10,6,36041,62967,0,34274,1766,0,0,0,4477,2915,55574,0
2021-01-07,port218,Cartagena,7,6,8127,56273,0,8127,0,0,0,0,8895,0,47378,0
2021-01-08,port218,Cartagena,8,5,64313,4915,13474,49123,883,0,832,0,3372,1457,0,85
2021-01-09,port218,Cartagena,15,8,31627,105279,0,14612,0,17015,0,0,27123,0,78155,0
2021-01-10,port218,Cartagena,10,5,24554,5264,0,16437,883,6720,512,0,3806,1457,0,0
2021-01-11,port218,Cartagena,9,5,58173,30290,0,4112,0,54061,0,2668,24417,3204,0,0
2021-01-12,port218,Cartagena,3,1,3109,11410,0,0,0,3109,0,0,1110,7965,2335,0
2021-01-13,port218,Cartagena,10,6,22211,12637,3999,15915,1056,1239,0,0,12637,0,0,0
2021-01-14,port218,Cartagena,7,4,49302,96135,31445,17857,0,0,0,0,7532,0,88602,0
2021-01-15,port218,Cartagena,11,7,39118,15636,0,23783,9333,6002,0,0,15636,0,0,0
2021-01-16,port218,Cartagena,10,7,20843,64981,0,19039,883,920,0,0,21385,1457,42138,0
2021-01-17,port218,Cartagena,9,4,63642,31434,50653,5273,0,7715,0,13400,16343,1690,0,0
2021-01-18,port218,Cartagena,10,8,10485,23213,0,10485,0,0,0,0,23213,0,0,0
2021-01-19,port218,Cartagena,7,4,31481,19843,13688,10042,1430,6320,0,0,19843,0,0,0
2021-01-20,port218,Cartagena,11,7,49439,55315,0,34608,883,13947,0,0,7212,1457,46645,0
2021-01-21,port218,Cartagena,11,9,51203,18274,0,43664,0,7539,0,0,14918,0,3355,0
2021-01-22,port218,Cartagena,7,4,28895,63280,11182,16830,883,0,0,60054,1768,1457,0,0
2021-01-23,port218,Cartagena,12,6,93307,95523,0,18595,0,74711,0,0,9194,0,86328,0
2021-01-24,port218,Cartagena,8,5,33547,39372,16109,11738,0,5698,0,10370,29002,0,0,0
2021-01-25,port218,Cartagena,9,8,18488,7182,0,18488,0,0,0,2668,4513,0,0,0
2021-01-26,port218,Cartagena,11,6,19040,47448,0,17932,1107,0,0,2741,4026,5078,35602,0
2021-01-27,port218,Cartagena,10,6,28146,18330,4916,14280,883,7148,917,0,16873,1457,0,0
2021-01-28,port218,Cartagena,12,6,20693,24263,0,6328,0,11877,2486,0,11509,924,11830,0
2021-01-29,port218,Cartagena,10,8,41936,10648,0,40169,1766,0,0,0,7732,2915,0,0
2021-01-30,port218,Cartagena,6,5,14151,8945,0,14151,0,0,0,0,7279,1665,0,0
2021-01-31,port218,Cartagena,13,7,45467,26574,11182,30218,4066,0,0,10370,15340,862,0,0
2021-02-01,port218,Cartagena,9,6,38461,28010,0,37629,0,0,832,18275,6711,0,2938,85
2021-02-02,port218,Cartagena,9,3,20610,109913,0,0,1062,19548,0,47994,22593,0,39324,0
2021-02-03,port218,Cartagena,6,5,16293,10909,2735,13558,0,0,0,0,10909,0,0,0
2021-02-04,port218,Cartagena,7,6,18045,6316,0,14495,0,0,3550,0,6316,0,0,0
2021-02-05,port218,Cartagena,9,6,32444,15750,0,17909,0,14534,0,2297,13005,0,447,0
2021-02-06,port218,Cartagena,10,6,25110,84663,0,24226,883,0,0,12307,26859,1457,44038,0
2021-02-07,port218,Cartagena,8,4,60052,17804,11182,41637,224,6175,832,10370,5419,1929,0,85
2021-02-08,port218,Cartagena,10,8,99914,11115,0,26821,883,72210,0,0,9657,1457,0,0
2021-02-09,port218,Cartagena,5,3,52521,7000,49906,2390,224,0,0,0,5071,1929,0,0
2021-02-10,port218,Cartagena,6,2,18527,90670,11182,7345,0,0,0,13038,3817,0,73814,0
2021-02-11,port218,Cartagena,8,5,15564,4508,0,15564,0,0,0,0,1801,2707,0,0
2021-02-12,port218,Cartagena,9,6,16084,14567,0,10808,0,5276,0,0,13996,0,113,457
2021-02-13,port218,Cartagena,6,5,15069,38507,0,15069,0,0,0,0,36105,0,2401,0
2021-02-14,port218,Cartagena,10,7,53531,11096,0,49817,0,3713,0,0,9127,1969,0,0
2021-02-15,port218,Cartagena,13,6,50284,80444,0,17839,1766,30678,0,0,24043,2915,53485,0
2021-02-16,port218,Cartagena,12,8,26067,28227,6751,11711,883,6720,0,0,24741,3486,0,0
2021-02-17,port218,Cartagena,9,6,59132,54239,0,20423,0,36414,2293,0,13277,0,40961,0
2021-02-18,port218,Cartagena,11,6,20701,97383,0,15194,5506,0,0,0,21195,0,76188,0
2021-02-19,port218,Cartagena,10,5,61717,61577,29342,32374,0,0,0,0,6675,0,54901,0
2021-02-20,port218,Cartagena,6,4,22382,66214,0,14222,0,8160,0,0,27464,0,38749,0
2021-02-21,port218,Cartagena,9,5,32435,20543,11182,21252,0,0,0,12668,6209,1665,0,0
2021-02-22,port218,Cartagena,15,8,30941,12543,0,20750,5124,5066,0,0,10865,1677,0,0
2021-02-23,port218,Cartagena,3,3,9803,991,0,9803,0,0,0,0,991,0,0,0
2021-02-24,port218,Cartagena,7,4,54558,43372,46946,6728,883,0,0,0,5464,1457,36449,0
2021-02-25,port218,Cartagena,8,4,16177,51976,0,2029,0,14147,0,48674,3139,162,0,0
2021-02-26,port218,Cartagena,8,5,27383,42284,0,21321,883,5178,0,0,2841,1457,37985,0
2021-02-27,port218,Cartagena,10,8,15944,41648,0,15720,224,0,0,0,39718,1929,0,0
2021-02-28,port218,Cartagena,3,3,1400,1508,0,1400,0,0,0,0,1508,0,0,0
2021-03-01,port218,Cartagena,14,8,41756,77120,11567,8317,0,21870,0,0,32759,0,44360,0
2021-03-02,port218,Cartagena,5,3,14018,17739,0,7168,0,6850,0,0,17515,0,223,0
2021-03-03,port218,Cartagena,8,5,10615,8630,0,10102,0,0,512,2749,5881,0,0,0
2021-03-04,port218,Cartagena,12,7,11330,56146,0,9564,0,1765,0,2668,10767,0,42710,0
2021-03-05,port218,Cartagena,8,6,46087,59887,0,45203,883,0,0,0,8531,1457,49898,0
2021-03-06,port218,Cartagena,11,5,13023,143862,0,7523,224,5276,0,52866,41518,9334,40143,0
2021-03-07,port218,Cartagena,5,4,31383,36418,0,31383,0,0,0,0,0,0,36418,0
2021-03-08,port218,Cartagena,9,5,27349,7943,0,18700,883,7765,0,0,4794,3148,0,0
2021-03-09,port218,Cartagena,5,4,45714,2283,0,8941,0,36773,0,0,2283,0,0,0
2021-03-10,port218,Cartagena,9,6,13788,14342,0,13569,218,0,0,0,14342,0,0,0
2021-03-11,port218,Cartagena,12,8,39896,17102,0,20021,0,17318,2556,0,17102,0,0,0
2021-03-12,port218,Cartagena,10,7,15135,13735,0,15135,0,0,0,0,11999,0,1736,0
2021-03-13,port218,Cartagena,8,5,38692,14093,7874,21963,0,7316,1538,0,14093,0,0,0
2021-03-14,port218,Cartagena,9,6,40125,15795,0,36196,883,0,3045,0,9169,6626,0,0
2021-03-15,port218,Cartagena,12,5,33789,45034,0,32553,883,352,0,0,547,4115,40371,0
2021-03-16,port218,Cartagena,9,7,6586,57078,0,6586,0,0,0,0,17270,0,39808,0
2021-03-17,port218,Cartagena,11,5,86827,42304,29069,6618,1107,50031,0,12963,25954,3387,0,0
2021-03-18,port218,Cartagena,9,7,119730,43721,0,44533,0,75197,0,32492,11229,0,0,0
2021-03-19,port218,Cartagena,6,4,6189,5233,0,4391,883,0,914,0,3775,1457,0,0
2021-03-20,port218,Cartagena,9,5,73273,5820,0,34717,0,38555,0,0,5333,487,0,0
2021-03-21,port218,Cartagena,10,6,20571,54486,0,16425,4146,0,0,2451,6534,1457,44042,0
2021-03-22,port218,Cartagena,10,8,38431,46834,0,37788,0,643,0,0,9888,0,36946,0
2021-03-23,port218,Cartagena,9,4,37106,8886,0,8694,0,28412,0,0,8773,0,113,0
2021-03-24,port218,Cartagena,8,5,20633,52173,11000,6658,0,2974,0,0,13780,0,38392,0
2021-03-25,port218,Cartagena,10,5,27585,90131,13042,9301,5241,0,0,0,18835,1457,69837,0
2021-03-26,port218,Cartagena,8,7,22376,11499,0,21493,883,0,0,0,10041,1457,0,0
2021-03-27,port218,Cartagena,7,5,45954,14938,23963,21991,0,0,0,10370,4567,0,0,0
2021-03-28,port218,Cartagena,8,5,57288,48134,0,41823,883,14582,0,0,2159,1457,44517,0
2021-03-29,port218,Cartagena,12,4,79515,58718,0,9985,0,69529,0,2408,2726,0,53582,0
2021-03-30,port218,Cartagena,4,4,2459,8976,0,2459,0,0,0,0,8976,0,0,0
2021-03-31,port218,Cartagena,11,5,11806,113057,236,7487,224,3025,832,48674,8328,1929,54039,85
2021-04-01,port218,Cartagena,8,7,16974,10054,0,16974,0,0,0,1490,8563,0,0,0
2021-04-02,port218,Cartagena,9,6,23115,8973,0,16815,0,5276,1024,0,6748,2111,113,0
2021-04-03,port218,Cartagena,8,5,37815,8757,0,37304,0,0,511,0,6444,0,2313,0
2021-04-04,port218,Cartagena,8,6,6929,75860,0,6013,0,0,916,0,37586,0,38273,0
2021-04-05,port218,Cartagena,12,9,40089,73134,0,40089,0,0,0,0,14997,1367,56769,0
2021-04-06,port218,Cartagena,10,4,17508,20892,0,10955,1265,5287,0,0,7396,1665,11830,0
2021-04-07,port218,Cartagena,7,4,14906,27462,0,4099,0,10806,0,0,7518,0,19944,0
2021-04-08,port218,Cartagena,10,6,43096,25428,29937,13158,0,0,0,14605,7315,3507,0,0
2021-04-09,port218,Cartagena,10,7,14371,10997,0,14371,0,0,0,0,10997,0,0,0
2021-04-10,port218,Cartagena,8,5,39379,38906,0,31016,0,7530,832,0,35577,0,3244,85
2021-04-11,port218,Cartagena,6,4,20764,90518,14878,5885,0,0,0,0,14723,0,75795,0
2021-04-12,port218,Cartagena,9,7,24891,5074,0,24008,883,0,0,0,3616,1457,0,0
2021-04-13,port218,Cartagena,7,5,20253,9377,0,9669,0,10583,0,0,9377,0,0,0
2021-04-14,port218,Cartagena,11,6,27073,8274,0,8769,3451,9535,5317,0,6816,1457,0,0
2021-04-15,port218,Cartagena,13,6,69761,28322,11600,16195,449,41515,0,0,22772,5549,0,0
2021-04-16,port218,Cartagena,9,7,15618,38554,0,12139,0,3479,0,0,3524,0,35030,0
2021-04-17,port218,Cartagena,7,5,32183,29061,0,32183,0,0,0,0,29061,0,0,0
2021-04-18,port218,Cartagena,9,5,18542,11693,0,10210,8331,0,0,0,8029,3664,0,0
2021-04-19,port218,Cartagena,8,4,37533,57748,0,24539,0,11329,1664,0,14968,0,42610,170
2021-04-20,port218,Cartagena,8,6,26376,42397,0,17803,0,8572,0,30447,11949,0,0,0
2021-04-21,port218,Cartagena,5,3,24102,5618,18216,5885,0,0,0,0,5618,0,0,0
2021-04-22,port218,Cartagena,6,5,3047,62291,0,3047,0,0,0,0,16673,0,45618,0
2021-04-23,port218,Cartagena,13,8,46382,18536,0,44615,1766,0,0,7559,5660,2915,2401,0
2021-04-24,port218,Cartagena,11,6,11550,65731,6274,0,0,5276,0,0,46402,0,19329,0
2021-04-25,port218,Cartagena,6,5,30089,4567,0,30089,0,0,0,0,4567,0,0,0
2021-04-26,port218,Cartagena,8,7,16957,8163,0,11680,0,5276,0,0,8050,0,113,0
2021-04-27,port218,Cartagena,10,4,16707,13972,0,2942,1110,12654,0,0,10848,3123,0,0
2021-04-28,port218,Cartagena,7,5,12292,51203,0,12292,0,0,0,1638,11144,0,38420,0
2021-04-29,port218,Cartagena,9,4,28519,63331,0,22673,0,5845,0,12307,13302,0,37721,0
2021-04-30,port218,Cartagena,9,6,61631,34898,40795,5672,0,14331,832,0,4045,0,30768,85
2021-05-01,port218,Cartagena,10,7,45202,51045,0,44370,0,0,832,13876,35349,1734,0,85
2021-05-02,port218,Cartagena,8,5,21085,42840,0,20201,883,0,0,39098,2283,1457,0,0
2021-05-03,port218,Cartagena,9,5,17429,11508,0,11800,2303,3325,0,0,8075,3433,0,0
2021-05-04,port218,Cartagena,8,6,21551,18668,0,5885,0,15665,0,0,18668,0,0,0
2021-05-05,port218,Cartagena,11,7,92757,28157,80296,5740,0,6720,0,0,28157,0,0,0
2021-05-06,port218,Cartagena,7,6,21046,10340,0,21046,0,0,0,0,10340,0,0,0
2021-05-07,port218,Cartagena,9,6,59134,44258,0,39500,5302,14331,0,0,12032,1457,30768,0
2021-05-08,port218,Cartagena,11,7,11006,80270,0,2942,0,8063,0,2297,31807,5695,40470,0
2021-05-09,port218,Cartagena,11,6,36522,96848,16180,15980,0,2908,1452,47706,7055,0,42086,0
2021-05-10,port218,Cartagena,7,4,29898,8433,0,29898,0,0,0,0,5420,3012,0,0
2021-05-11,port218,Cartagena,8,5,18536,55426,0,13953,0,3751,832,0,17595,0,37745,85
2021-05-12,port218,Cartagena,6,5,23061,4567,0,17936,0,5124,0,0,4567,0,0,0
2021-05-13,port218,Cartagena,13,7,15202,171272,0,6883,0,5276,3043,0,27196,2609,141466,0
2021-05-14,port218,Cartagena,10,8,74955,5141,49420,22195,0,0,3339,0,5141,0,0,0
2021-05-15,port218,Cartagena,10,5,27298,11112,0,12361,7736,5178,2021,0,11112,0,0,0
2021-05-16,port218,Cartagena,6,4,18185,5959,0,13021,2900,0,2262,0,5959,0,0,0
2021-05-17,port218,Cartagena,8,6,22328,7333,0,16482,0,5845,0,0,6659,673,0,0
2021-05-18,port218,Cartagena,3,2,20866,0,0,6725,0,14141,0,0,0,0,0,0
2021-05-19,port218,Cartagena,8,5,13817,8342,0,13817,0,0,0,6108,2234,0,0,0
2021-05-20,port218,Cartagena,10,6,21909,23549,2199,18827,883,0,0,12635,9456,1457,0,0
2021-05-21,port218,Cartagena,8,4,57008,57360,49743,7264,0,0,0,0,12106,0,45254,0
2021-05-22,port218,Cartagena,8,5,10547,31257,0,2942,883,6720,0,0,29800,1457,0,0
2021-05-23,port218,Cartagena,11,8,19672,80251,0,16646,0,3025,0,55538,9214,3668,11830,0
2021-05-24,port218,Cartagena,8,5,32224,10686,0,31341,883,0,0,0,2883,7802,0,0
2021-05-25,port218,Cartagena,6,2,9030,5739,0,4385,3812,0,832,3370,2283,0,0,85
2021-05-26,port218,Cartagena,9,6,24017,45220,0,22893,0,1123,0,0,3030,1121,41069,0
2021-05-27,port218,Cartagena,9,5,43970,5676,0,34812,883,8274,0,0,1329,1457,2889,0
2021-05-28,port218,Cartagena,13,8,30194,68139,0,18522,4329,7342,0,0,8358,1129,58652,0
2021-05-29,port218,Cartagena,8,7,31903,53004,0,31903,0,0,0,0,11004,0,42000,0
2021-05-30,port218,Cartagena,10,6,27524,29654,4897,11241,0,8251,3134,0,29540,0,113,0
2021-05-31,port218,Cartagena,8,6,55000,5469,0,51934,0,0,3065,0,5205,263,0,0
2021-06-01,port218,Cartagena,11,7,21708,43982,0,6493,883,14331,0,0,10152,3061,30768,0
2021-06-02,port218,Cartagena,9,5,37211,51217,0,15306,0,21905,0,0,4567,0,46650,0
2021-06-03,port218,Cartagena,8,6,24825,9184,0,23293,0,0,1531,0,8737,0,447,0
2021-06-04,port218,Cartagena,10,5,116459,12900,24106,10237,0,79561,2554,0,12900,0,0,0
2021-06-05,port218,Cartagena,8,6,32766,14247,0,31883,883,0,0,0,11099,3148,0,0
2021-06-06,port218,Cartagena,8,7,11076,94654,0,11076,0,0,0,0,56197,0,38456,0
2021-06-07,port218,Cartagena,14,6,54963,27661,11182,34907,883,7990,0,10370,9891,7399,0,0
2021-06-08,port218,Cartagena,9,3,22730,57515,12679,6710,3340,0,0,49163,2283,6068,0,0
2021-06-09,port218,Cartagena,4,2,1276,16543,0,1276,0,0,0,0,16543,0,0,0
2021-06-10,port218,Cartagena,9,5,28988,14919,0,12983,0,14464,1539,12635,2283,0,0,0
2021-06-11,port218,Cartagena,12,6,42167,44724,0,10532,0,27316,4318,2297,11631,0,30768,27
2021-06-12,port218,Cartagena,10,7,44126,108603,28172,15953,0,0,0,0,35922,0,72681,0
2021-06-13,port218,Cartagena,9,7,18132,7441,3476,13772,883,0,0,0,5983,1457,0,0
2021-06-14,port218,Cartagena,7,5,35381,8007,0,30105,0,5276,0,0,7894,0,113,0
2021-06-15,port218,Cartagena,9,5,12779,15179,0,9259,0,3519,0,1193,10630,0,3355,0
2021-06-16,port218,Cartagena,8,3,14269,175586,0,7679,224,6365,0,38428,7066,1929,128162,0
2021-06-17,port218,Cartagena,11,7,41247,55441,6798,33565,883,0,0,0,7314,6068,42058,0
2021-06-18,port218,Cartagena,9,5,45299,48777,37236,0,0,8063,0,0,6386,0,42391,0
2021-06-19,port218,Cartagena,10,6,31326,32453,0,26404,3378,0,1543,0,30606,1734,0,112
2021-06-20,port218,Cartagena,8,5,21217,7180,0,12912,0,8304,0,0,7180,0,0,0
2021-06-21,port218,Cartagena,8,5,21752,13489,0,12594,3769,5388,0,0,9958,3531,0,0
2021-06-22,port218,Cartagena,7,6,7119,15092,0,7119,0,0,0,0,15092,0,0,0
2021-06-23,port218,Cartagena,8,5,19022,16804,0,18190,0,0,832,0,12108,4610,0,85
2021-06-24,port218,Cartagena,10,7,42172,4233,10985,24713,0,6473,0,0,4233,0,0,0
2021-06-25,port218,Cartagena,12,7,8472,48918,0,6081,0,1558,832,0,12769,494,35568,85
2021-06-26,port218,Cartagena,9,6,29547,38310,0,23387,883,5276,0,0,36291,1457,560,0
2021-06-27,port218,Cartagena,7,3,59109,1457,0,19665,4540,34903,0,0,0,1457,0,0
2021-06-28,port218,Cartagena,10,9,27656,10166,0,27656,0,0,0,2143,8022,0,0,0
2021-06-29,port218,Cartagena,5,4,9952,8511,0,9952,0,0,0,0,8511,0,0,0
2021-06-30,port218,Cartagena,6,5,14609,6233,0,14609,0,0,0,0,4567,1665,0,0
2021-07-01,port218,Cartagena,10,6,70713,10494,0,10971,0,59741,0,0,9336,1044,113,0
2021-07-02,port218,Cartagena,8,6,23108,11062,0,22397,0,0,711,0,9453,1582,0,27
2021-07-03,port218,Cartagena,6,3,15680,13878,3848,4157,0,7673,0,2814,11064,0,0,0
2021-07-04,port218,Cartagena,9,6,19272,57563,0,17906,883,0,482,0,14766,1457,41338,0
2021-07-05,port218,Cartagena,10,6,21001,25007,0,13872,0,7128,0,13290,6695,5021,0,0
2021-07-06,port218,Cartagena,7,5,3682,102890,0,3682,0,0,0,0,12761,12148,77979,0
2021-07-07,port218,Cartagena,11,6,27942,23239,0,17747,883,6293,3017,0,18363,4875,0,0
2021-07-08,port218,Cartagena,8,5,16591,49584,0,13072,0,3519,0,0,9300,0,40283,0
2021-07-09,port218,Cartagena,7,4,11554,54360,0,7818,0,3025,711,0,6944,0,47389,27
2021-07-10,port218,Cartagena,9,3,69120,5964,35041,26099,883,6263,832,0,2283,3148,447,85
2021-07-11,port218,Cartagena,10,6,21115,34003,0,21115,0,0,0,0,20641,12601,760,0
2021-07-12,port218,Cartagena,15,11,30315,6839,0,29069,223,0,1021,0,5235,1603,0,0
2021-07-13,port218,Cartagena,9,3,25230,26219,0,15426,1776,7316,711,0,2283,0,23909,27
2021-07-14,port218,Cartagena,8,3,56395,53343,38031,5861,0,12503,0,10370,4394,0,38577,0
2021-07-15,port218,Cartagena,7,4,35505,11184,28473,647,0,6384,0,2297,8886,0,0,0
2021-07-16,port218,Cartagena,14,8,21756,9052,0,19110,1934,0,711,0,8302,723,0,27
2021-07-17,port218,Cartagena,11,5,22627,55791,0,18576,0,4051,0,41762,10613,0,3415,0
2021-07-18,port218,Cartagena,10,5,18970,108737,10399,8571,0,0,0,2814,14191,556,91175,0
2021-07-19,port218,Cartagena,10,7,54838,47643,29615,24339,883,0,0,0,5777,1457,40407,0
2021-07-20,port218,Cartagena,10,7,37953,9801,0,28070,883,8999,0,0,8343,1457,0,0
2021-07-21,port218,Cartagena,6,2,25110,20781,11182,7689,0,6238,0,10370,10143,0,267,0
2021-07-22,port218,Cartagena,7,4,26496,35791,0,11281,883,14331,0,0,3565,1457,30768,0
2021-07-23,port218,Cartagena,12,8,36908,44345,0,31407,224,5276,0,0,3594,1929,38821,0
2021-07-24,port218,Cartagena,8,7,37310,77079,0,22978,0,14331,0,0,46311,0,30768,0
2021-07-25,port218,Cartagena,7,3,33926,18711,23218,2942,0,7765,0,12635,6075,0,0,0
2021-07-26,port218,Cartagena,7,5,56176,57160,45431,10745,0,0,0,0,5985,0,51175,0
2021-07-27,port218,Cartagena,11,6,51136,53495,0,36110,5136,7342,2548,0,12324,1457,39712,0
2021-07-28,port218,Cartagena,2,1,19241,2250,19241,0,0,0,0,0,2250,0,0,0
2021-07-29,port218,Cartagena,9,8,24365,12919,0,22389,1976,0,0,0,12919,0,0,0
2021-07-30,port218,Cartagena,13,7,110444,21916,5243,7673,883,96644,0,2451,17559,1457,447,0
2021-07-31,port218,Cartagena,10,7,38709,16504,0,18278,0,20431,0,0,16001,502,0,0
2021-08-01,port218,Cartagena,10,4,12985,172028,0,5213,0,7316,456,0,3595,0,168433,0
2021-08-02,port218,Cartagena,10,8,47548,8562,0,38390,883,8274,0,0,7104,1457,0,0
2021-08-03,port218,Cartagena,10,6,33032,60544,22072,10076,883,0,0,4086,18715,1457,36284,0
2021-08-04,port218,Cartagena,6,4,34232,3686,0,32993,1239,0,0,0,3686,0,0,0
2021-08-05,port218,Cartagena,8,5,19370,18993,0,17514,0,0,1856,0,13681,0,5311,0
2021-08-06,port218,Cartagena,13,6,68301,50895,29874,22156,883,13627,1760,0,6322,3123,41449,0
2021-08-07,port218,Cartagena,9,6,4486,70549,48,4437,0,0,0,7075,49774,3402,10297,0
2021-08-08,port218,Cartagena,10,4,11355,64400,0,3589,0,7765,0,0,17197,1119,46083,0
2021-08-09,port218,Cartagena,8,5,33171,16020,48,28765,4357,0,0,7075,8722,223,0,0
2021-08-10,port218,Cartagena,10,4,43602,103669,21959,8828,1932,10882,0,0,24588,0,79081,0
2021-08-11,port218,Cartagena,6,4,54209,10806,28301,25075,0,0,832,0,10721,0,0,85
2021-08-12,port218,Cartagena,10,5,58004,110344,5846,43733,0,8425,0,58265,16033,0,36045,0
2021-08-13,port218,Cartagena,9,7,19655,7655,0,14379,0,5276,0,0,7541,0,113,0
2021-08-14,port218,Cartagena,13,9,36794,70571,0,29911,0,6051,832,0,46099,0,24386,85
2021-08-15,port218,Cartagena,9,7,10926,9637,0,9809,1116,0,0,0,8179,1457,0,0
2021-08-16,port218,Cartagena,11,6,41181,14225,29022,12159,0,0,0,0,7455,6769,0,0
2021-08-17,port218,Cartagena,11,5,24105,157255,0,14642,0,9462,0,56927,5642,0,94685,0
2021-08-18,port218,Cartagena,3,3,34958,9763,0,34958,0,0,0,0,9763,0,0,0
2021-08-19,port218,Cartagena,7,4,21183,35587,0,14117,3262,3803,0,12635,22952,0,0,0
2021-08-20,port218,Cartagena,10,6,86369,49172,0,8969,0,77399,0,0,5107,1734,42330,0
2021-08-21,port218,Cartagena,15,5,83625,97702,56926,4386,1930,20382,0,0,37002,2915,57784,0
2021-08-22,port218,Cartagena,5,4,8218,8449,0,8218,0,0,0,0,8449,0,0,0
2021-08-23,port218,Cartagena,13,6,56271,77629,0,18296,0,36435,1539,0,13794,1571,62262,0
2021-08-24,port218,Cartagena,9,5,54402,8932,0,14760,0,39642,0,0,8932,0,0,0
2021-08-25,port218,Cartagena,5,2,18033,6057,12147,5885,0,0,0,1490,4567,0,0,0
2021-08-26,port218,Cartagena,12,8,28942,13628,0,27788,1153,0,0,0,12508,1119,0,0
2021-08-27,port218,Cartagena,7,4,46638,40023,0,15300,0,31337,0,0,7390,0,32633,0
2021-08-28,port218,Cartagena,7,5,16195,14004,0,16064,131,0,0,0,11820,0,2183,0
2021-08-29,port218,Cartagena,8,6,3452,41480,0,652,0,2799,0,0,41480,0,0,0
2021-08-30,port218,Cartagena,7,3,10339,83532,0,9456,883,0,0,0,1788,1457,80285,0
2021-08-31,port218,Cartagena,10,6,41660,20844,0,31107,883,9670,0,0,7556,1457,11830,0
2021-09-01,port218,Cartagena,8,3,45849,32716,36608,5923,3317,0,0,0,29328,3387,0,0
2021-09-02,port218,Cartagena,11,8,33508,23078,0,22282,4255,6969,0,2451,20627,0,0,0
2021-09-03,port218,Cartagena,8,6,0,18720,0,0,0,0,0,0,17054,1665,0,0
2021-09-04,port218,Cartagena,10,7,29869,34144,0,21242,8626,0,0,0,25740,8403,0,0
2021-09-05,port218,Cartagena,10,7,30345,13899,24460,5885,0,0,0,0,13899,0,0,0
2021-09-06,port218,Cartagena,10,5,58707,18114,0,20820,3496,34390,0,0,4826,1457,11830,0
2021-09-07,port218,Cartagena,9,6,32713,2839,0,25397,0,7316,0,555,2283,0,0,0
2021-09-08,port218,Cartagena,5,5,41533,7274,0,41533,0,0,0,0,7274,0,0,0
2021-09-09,port218,Cartagena,10,6,31929,56645,11182,20747,0,0,0,10370,6032,0,40242,0
2021-09-10,port218,Cartagena,10,6,15193,125880,0,5958,0,6293,2940,0,20842,0,105038,0
2021-09-11,port218,Cartagena,8,6,6172,44890,0,6172,0,0,0,39596,4847,0,447,0
2021-09-12,port218,Cartagena,11,8,48345,5223,0,39616,0,7765,964,1490,3733,0,0,0
2021-09-13,port218,Cartagena,9,6,85599,17144,0,6149,1766,77682,0,0,14228,2915,0,0
2021-09-14,port218,Cartagena,10,4,77188,54482,0,31025,0,43086,3077,0,2283,802,51397,0
2021-09-15,port218,Cartagena,4,3,11953,2283,0,8029,0,3923,0,0,2283,0,0,0
2021-09-16,port218,Cartagena,9,7,34815,30897,0,18111,16704,0,0,571,30326,0,0,0
2021-09-17,port218,Cartagena,12,6,16542,85888,0,8226,883,7433,0,61761,19227,4899,0,0
2021-09-18,port218,Cartagena,8,6,88454,35960,0,4069,0,84385,0,0,35960,0,0,0
2021-09-19,port218,Cartagena,10,4,12709,57402,0,9476,2488,744,0,53639,3762,0,0,0
2021-09-20,port218,Cartagena,13,7,23501,44793,0,5466,0,17577,457,0,21718,1734,21339,0
2021-09-21,port218,Cartagena,5,3,17204,9062,0,17204,0,0,0,0,9062,0,0,0
2021-09-22,port218,Cartagena,4,3,727,29735,0,727,0,0,0,5824,23910,0,0,0
2021-09-23,port218,Cartagena,10,4,38532,22638,0,23915,1516,12268,832,0,1327,0,21225,85
2021-09-24,port218,Cartagena,11,5,17521,13364,0,8432,1773,7316,0,0,6328,6746,289,0
2021-09-25,port218,Cartagena,10,5,29848,51279,0,12734,2782,14331,0,0,16118,4392,30768,0
2021-09-26,port218,Cartagena,6,5,7053,3323,0,7053,0,0,0,0,2876,0,447,0
2021-09-27,port218,Cartagena,8,5,55290,86324,0,49115,0,6175,0,0,4567,0,81756,0
2021-09-28,port218,Cartagena,8,5,56630,7099,0,54914,883,0,832,0,4567,2446,0,85
2021-09-29,port218,Cartagena,9,6,24500,18843,0,16734,0,7765,0,0,13731,5111,0,0
2021-09-30,port218,Cartagena,13,8,10858,24522,0,9975,883,0,0,1638,8253,14630,0,0
2021-10-01,port218,Cartagena,11,4,61716,45047,0,43878,0,14296,3541,0,2211,4089,38662,85
2021-10-02,port218,Cartagena,8,4,61148,90794,0,4535,0,56612,0,0,38800,0,51994,0
2021-10-03,port218,Cartagena,8,6,10493,26171,0,10493,0,0,0,0,26171,0,0,0
2021-10-04,port218,Cartagena,12,6,35079,41085,0,24632,883,6691,2873,28820,10722,1457,0,85
2021-10-05,port218,Cartagena,8,7,27940,18429,0,24421,0,3519,0,0,18429,0,0,0
2021-10-06,port218,Cartagena,8,3,7322,98493,0,6863,0,0,458,31614,4567,1665,60645,0
2021-10-07,port218,Cartagena,9,6,11442,11083,0,4322,3764,3355,0,0,11083,0,0,0
2021-10-08,port218,Cartagena,4,2,3229,141293,2141,1088,0,0,0,0,2819,0,138473,0
2021-10-09,port218,Cartagena,13,7,32802,45903,0,6756,3210,19520,3315,0,24677,0,21225,0
2021-10-10,port218,Cartagena,7,4,51478,1853,20033,23297,0,7316,832,0,1768,0,0,85
2021-10-11,port218,Cartagena,7,5,9736,48169,0,8904,0,0,832,0,9622,0,38462,85
2021-10-12,port218,Cartagena,8,3,44443,23160,33096,8748,1766,0,832,0,20160,2915,0,85
2021-10-13,port218,Cartagena,6,5,19006,20308,0,19006,0,0,0,0,18705,1603,0,0
2021-10-14,port218,Cartagena,15,6,58232,99462,20383,15351,0,20553,1943,50208,4656,4121,40476,0
2021-10-15,port218,Cartagena,11,7,31721,17054,0,28669,883,2168,0,0,12240,1457,3355,0
2021-10-16,port218,Cartagena,6,4,17696,44777,0,17239,457,0,0,13290,31486,0,0,0
2021-10-17,port218,Cartagena,7,6,28854,15224,0,28854,0,0,0,0,15224,0,0,0
2021-10-18,port218,Cartagena,9,4,21039,10559,5645,5885,1336,4588,3582,2396,8163,0,0,0
2021-10-19,port218,Cartagena,12,5,26721,48929,0,11932,883,13905,0,0,3822,3192,41914,0
2021-10-20,port218,Cartagena,8,4,71853,2543,7965,17614,0,46273,0,0,2543,0,0,0
2021-10-21,port218,Cartagena,11,8,32668,11853,5898,19004,0,7765,0,2297,9555,0,0,0
2021-10-22,port218,Cartagena,4,3,883,9935,0,0,883,0,0,0,8477,1457,0,0
2021-10-23,port218,Cartagena,10,8,30544,53711,0,30544,0,0,0,0,10052,1800,41858,0
2021-10-24,port218,Cartagena,7,5,17716,34464,0,16883,0,0,832,30506,3873,0,0,85
2021-10-25,port218,Cartagena,8,7,22685,5410,0,22685,0,0,0,0,5410,0,0,0
2021-10-26,port218,Cartagena,7,3,8501,50071,0,4788,0,3713,0,0,7394,0,42676,0
2021-10-27,port218,Cartagena,7,3,4407,8246,0,3524,883,0,0,2814,2283,3148,0,0
2021-10-28,port218,Cartagena,9,4,101296,0,1392,15711,7149,77042,0,0,0,0,0,0
2021-10-29,port218,Cartagena,8,7,13062,9242,0,9952,0,3109,0,0,6907,0,2335,0
2021-10-30,port218,Cartagena,7,6,18448,12017,0,10599,0,7848,0,0,12017,0,0,0
2021-10-31,port218,Cartagena,9,4,28682,133177,0,7034,0,21647,0,0,6039,0,127137,0
2021-11-01,port218,Cartagena,10,7,16784,62127,0,15901,883,0,0,0,4004,1457,56664,0
2021-11-02,port218,Cartagena,5,4,14334,61467,0,14334,0,0,0,0,6435,0,55032,0
2021-11-03,port218,Cartagena,8,4,24312,58566,0,17135,883,6293,0,50523,5100,2942,0,0
2021-11-04,port218,Cartagena,8,3,24674,1665,9804,11087,0,3782,0,0,0,1665,0,0
2021-11-05,port218,Cartagena,11,5,11119,13636,0,3428,1583,5276,832,0,11979,1457,113,85
2021-11-06,port218,Cartagena,9,5,10286,77710,0,2942,0,7343,0,0,11834,0,65875,0
2021-11-07,port218,Cartagena,7,5,24054,7586,0,18395,0,5659,0,0,6723,862,0,0
2021-11-08,port218,Cartagena,12,6,32414,77241,11928,16225,0,0,4260,63683,13349,0,208,0
2021-11-09,port218,Cartagena,7,3,6268,2575,0,4573,0,0,1695,0,748,163,0,1664
2021-11-10,port218,Cartagena,12,5,71285,22949,0,28764,883,40805,832,0,10918,11945,0,85
2021-11-11,port218,Cartagena,7,5,22441,3418,0,11320,3355,7765,0,0,3418,0,0,0
2021-11-12,port218,Cartagena,8,5,11563,49325,0,11348,0,214,0,0,8440,0,40884,0
2021-11-13,port218,Cartagena,8,4,13806,43601,965,12379,0,0,460,13290,24965,0,5346,0
2021-11-14,port218,Cartagena,7,5,13423,15656,0,12540,883,0,0,5577,8621,1457,0,0
2021-11-15,port218,Cartagena,8,4,93319,8601,0,27546,0,65261,511,0,5245,0,3355,0
2021-11-16,port218,Cartagena,4,3,7338,8943,0,7338,0,0,0,0,8943,0,0,0
2021-11-17,port218,Cartagena,9,5,32189,56714,11182,14032,0,3325,3648,10370,4953,0,41390,0
2021-11-18,port218,Cartagena,15,6,106089,50284,236,14282,4435,86302,832,420,4431,2453,42894,85
2021-11-19,port218,Cartagena,6,5,19600,7442,0,15996,3603,0,0,0,7442,0,0,0
2021-11-20,port218,Cartagena,10,6,30956,13041,0,11969,883,18103,0,0,11584,1457,0,0
2021-11-21,port218,Cartagena,9,8,75436,21670,56401,19034,0,0,0,0,21670,0,0,0
2021-11-22,port218,Cartagena,13,5,88842,36157,16676,53539,3422,12238,2965,34440,605,1111,0,0
2021-11-23,port218,Cartagena,5,3,13419,14113,0,10394,0,3025,0,0,2283,0,11830,0
2021-11-24,port218,Cartagena,9,4,43897,29919,27023,6085,531,10256,0,420,8159,0,21339,0
2021-11-25,port218,Cartagena,11,5,28182,32053,0,16713,0,9319,2148,2297,15761,1734,12259,0
2021-11-26,port218,Cartagena,11,7,14991,15290,0,4123,0,10868,0,6344,8945,0,0,0
2021-11-27,port218,Cartagena,6,4,9511,104656,0,9511,0,0,0,0,36070,0,68585,0
2021-11-28,port218,Cartagena,10,4,47728,15807,31398,3457,0,12040,832,0,15722,0,0,85
2021-11-29,port218,Cartagena,11,6,11707,72822,0,7296,3394,0,1015,55231,11672,5918,0,0
2021-11-30,port218,Cartagena,9,4,31684,55708,0,13444,883,17357,0,5577,4567,1457,44106,0
2021-12-01,port218,Cartagena,6,4,31585,4151,0,19413,0,11339,832,0,4066,0,0,85
2021-12-02,port218,Cartagena,7,4,20454,978,0,9202,0,10740,511,0,978,0,0,0
2021-12-03,port218,Cartagena,8,3,8852,24940,5710,2942,0,199,0,420,7404,1665,15449,0
2021-12-04,port218,Cartagena,6,3,14814,40745,0,8668,883,3025,2236,0,27458,1457,11830,0
2021-12-05,port218,Cartagena,12,6,12631,30343,0,6817,224,3025,2564,0,14980,3532,11830,0
2021-12-06,port218,Cartagena,11,8,44618,129647,0,32133,12484,0,0,0,3440,0,126206,0
2021-12-07,port218,Cartagena,9,6,19016,5138,0,13740,0,5276,0,0,4567,0,113,457
2021-12-08,port218,Cartagena,8,5,58995,4567,29290,29705,0,0,0,0,4567,0,0,0
2021-12-09,port218,Cartagena,11,4,50328,95928,13512,3866,0,32116,832,7559,14917,0,73366,85
2021-12-10,port218,Cartagena,10,6,22537,14233,0,14297,1766,6473,0,0,11317,2915,0,0
2021-12-11,port218,Cartagena,8,5,51583,78070,0,51583,0,0,0,13290,19283,0,45496,0
2021-12-12,port218,Cartagena,8,5,91429,4513,5543,13176,0,70809,1899,0,4513,0,0,0
2021-12-13,port218,Cartagena,12,7,15169,25841,0,12519,2649,0,0,0,21467,4373,0,0
2021-12-14,port218,Cartagena,7,4,27748,5153,0,19458,883,3713,3693,0,3695,1457,0,0
2021-12-15,port218,Cartagena,7,3,47999,5377,26831,7890,6983,6293,0,2814,2563,0,0,0
2021-12-16,port218,Cartagena,10,4,19981,88676,0,11332,883,7765,0,0,7489,1736,79450,0
2021-12-17,port218,Cartagena,5,3,17258,6644,0,16426,0,0,832,0,6559,0,0,85
2021-12-18,port218,Cartagena,8,6,16370,31188,0,16370,0,0,0,22150,9038,0,0,0
2021-12-19,port218,Cartagena,6,2,4594,13480,0,1408,224,0,2961,487,11064,1929,0,0
2021-12-20,port218,Cartagena,9,6,32015,4808,0,30755,0,1260,0,0,4567,241,0,0
2021-12-21,port218,Cartagena,7,6,38112,12293,0,28131,0,9980,0,0,12293,0,0,0
2021-12-22,port218,Cartagena,9,4,22244,134698,0,19949,2046,247,0,37622,6934,1929,88211,0
2021-12-23,port218,Cartagena,10,5,34634,12505,11182,17292,883,5276,0,10370,563,1457,113,0
2021-12-24,port218,Cartagena,8,6,10611,17537,0,10611,0,0,0,7559,5762,4216,0,0
2021-12-25,port218,Cartagena,8,6,10738,14767,0,9393,883,0,461,0,13310,1457,0,0
2021-12-26,port218,Cartagena,9,4,45219,15387,29072,7109,224,8301,511,0,1514,1929,11943,0
2021-12-27,port218,Cartagena,11,5,61372,62099,50942,7404,0,3025,0,0,9594,1734,50770,0
2021-12-28,port218,Cartagena,7,4,52529,18021,37538,9489,224,5276,0,0,15978,1929,113,0
2021-12-29,port218,Cartagena,9,4,11893,43096,0,3693,883,7316,0,0,9189,1457,32449,0
2021-12-30,port218,Cartagena,12,5,43920,36304,0,19137,883,23390,509,0,2283,3138,30881,0
2021-12-31,port218,Cartagena,10,5,25938,38075,236,8014,3355,14331,0,3235,4072,0,30768,0
2022-01-01,port218,Cartagena,6,5,28263,6496,0,28039,224,0,0,0,4567,1929,0,0
2022-01-02,port218,Cartagena,7,3,63580,77632,11182,2942,0,48622,832,73349,4198,0,0,85
2022-01-03,port218,Cartagena,11,4,47486,47654,0,18209,5167,23650,458,0,3598,1457,42598,0
2022-01-04,port218,Cartagena,7,4,63576,4567,3211,24034,0,36330,0,0,4567,0,0,0
2022-01-05,port218,Cartagena,5,3,23139,44635,0,8583,224,14331,0,0,11937,1929,30768,0
2022-01-06,port218,Cartagena,9,5,20825,86209,11182,9619,23,0,0,10370,4475,0,71363,0
2022-01-07,port218,Cartagena,13,6,34236,22325,11419,14367,1766,6682,0,10791,6927,4606,0,0
2022-01-08,port218,Cartagena,10,6,52192,11213,9835,40114,0,2241,0,0,9096,0,0,2117
2022-01-09,port218,Cartagena,7,3,6233,1379,0,5211,0,0,1022,0,1379,0,0,0
2022-01-10,port218,Cartagena,9,5,17187,8091,0,10715,0,5640,832,2605,5400,0,0,85
2022-01-11,port218,Cartagena,11,6,43669,17378,0,32144,883,10641,0,0,6851,10527,0,0
2022-01-12,port218,Cartagena,4,2,4709,12849,0,2942,1766,0,0,0,9933,2915,0,0
2022-01-13,port218,Cartagena,13,7,69155,76356,25525,41951,1107,570,0,27331,11469,3387,34168,0
2022-01-14,port218,Cartagena,8,5,9919,11640,0,8436,1482,0,0,0,10304,1336,0,0
2022-01-15,port218,Cartagena,4,2,3826,5736,0,2942,883,0,0,0,4278,1457,0,0
2022-01-16,port218,Cartagena,8,4,77420,63850,0,0,0,77420,0,0,22466,0,41384,0
2022-01-17,port218,Cartagena,5,4,0,31178,0,0,0,0,0,11979,19199,0,0,0
2022-01-18,port218,Cartagena,8,2,56414,12390,14950,23515,0,17948,0,0,0,0,12390,0
2022-01-19,port218,Cartagena,6,3,17626,9148,0,13847,0,0,3779,2053,6110,984,0,0
2022-01-20,port218,Cartagena,11,7,26398,11824,0,21657,1766,2974,0,0,8909,2915,0,0
2022-01-21,port218,Cartagena,11,8,20013,11075,0,12239,0,7316,457,0,11075,0,0,0
2022-01-22,port218,Cartagena,9,5,34257,22385,0,28149,0,5276,832,0,15461,0,6838,85
2022-01-23,port218,Cartagena,12,6,20515,85318,0,966,2475,17073,0,0,22463,3387,59466,0
2022-01-24,port218,Cartagena,12,7,28608,18912,0,28608,0,0,0,0,6884,7383,4643,0
2022-01-25,port218,Cartagena,7,3,4812,59950,153,2942,883,0,832,53324,5083,1457,0,85
2022-01-26,port218,Cartagena,9,7,5250,24956,0,4418,0,0,832,0,24870,0,0,85
2022-01-27,port218,Cartagena,11,8,28878,24256,0,28878,0,0,0,0,23098,0,1158,0
2022-01-28,port218,Cartagena,9,5,12438,12863,0,5051,883,6502,0,0,11406,1457,0,0
2022-01-29,port218,Cartagena,9,7,29516,38170,0,27801,883,0,832,0,36627,1457,0,85
2022-01-30,port218,Cartagena,8,3,25397,42805,0,11066,0,14331,0,1175,0,7505,34124,0
2022-01-31,port218,Cartagena,5,3,14332,5906,0,8223,0,5276,832,0,5707,0,113,85
2022-02-01,port218,Cartagena,4,2,9274,3600,0,2942,0,6332,0,0,3600,0,0,0
2022-02-02,port218,Cartagena,5,3,16361,6302,0,12966,3394,0,0,0,4567,1734,0,0
2022-02-03,port218,Cartagena,7,3,71152,5847,60690,10462,0,0,0,0,5847,0,0,0
2022-02-04,port218,Cartagena,7,3,3441,119929,0,2180,0,1260,0,43796,1424,0,74709,0
2022-02-05,port218,Cartagena,6,4,95512,5859,0,23907,224,71379,0,0,3930,1929,0,0
2022-02-06,port218,Cartagena,9,6,35187,64365,6979,28208,0,0,0,691,31775,0,31897,0
2022-02-07,port218,Cartagena,9,4,8901,13836,0,7569,1117,214,0,0,3809,10026,0,0
2022-02-08,port218,Cartagena,7,3,14987,4488,0,13221,1766,0,0,0,1572,2915,0,0
2022-02-09,port218,Cartagena,8,2,33434,8836,12380,2942,4209,13900,0,2718,6118,0,0,0
2022-02-10,port218,Cartagena,8,5,23711,6118,0,19707,0,1271,2732,0,6033,0,0,85
2022-02-11,port218,Cartagena,13,9,53907,24252,0,50657,224,3025,0,0,10046,1929,12277,0
2022-02-12,port218,Cartagena,8,4,10527,51807,0,8420,0,1084,1023,0,10324,0,41483,0
2022-02-13,port218,Cartagena,6,4,8219,23818,0,2942,0,5276,0,0,22133,0,1684,0
2022-02-14,port218,Cartagena,6,5,21302,16603,0,21302,0,0,0,0,16045,0,557,0
2022-02-15,port218,Cartagena,9,3,14071,169001,0,7694,883,4661,832,0,11831,3192,153893,85
2022-02-16,port218,Cartagena,7,5,61905,16891,0,24007,0,37897,0,11650,5240,0,0,0
2022-02-17,port218,Cartagena,9,7,24738,14227,0,23770,0,0,968,0,14227,0,0,0
2022-02-18,port218,Cartagena,11,7,29352,7846,0,21324,0,6293,1734,1342,6504,0,0,0
2022-02-19,port218,Cartagena,8,5,5968,63978,0,2942,0,3025,0,21325,30822,0,11830,0
2022-02-20,port218,Cartagena,5,4,8640,9061,0,8640,0,0,0,2297,6763,0,0,0
2022-02-21,port218,Cartagena,11,6,43443,32022,0,35538,0,7905,0,0,17482,2710,11830,0
2022-02-22,port218,Cartagena,9,3,15522,65257,236,7395,0,7889,0,420,4567,1938,58330,0
2022-02-23,port218,Cartagena,6,3,2502,59874,0,1485,1016,0,0,0,13991,1457,44424,0
2022-02-24,port218,Cartagena,11,7,35774,33088,0,34007,1766,0,0,2919,25587,4581,0,0
2022-02-25,port218,Cartagena,8,3,25367,24029,0,11666,0,13700,0,22101,236,1690,0,0
2022-02-26,port218,Cartagena,5,5,8828,8156,0,8828,0,0,0,0,8156,0,0,0
2022-02-27,port218,Cartagena,7,5,20877,15054,0,20877,0,0,0,0,11321,0,3733,0
2022-02-28,port218,Cartagena,9,5,21337,17987,0,17884,0,0,3452,0,7809,0,10177,0
2022-03-01,port218,Cartagena,6,3,45581,9273,31006,7131,224,7219,0,0,7344,1929,0,0
2022-03-02,port218,Cartagena,8,3,65946,34512,24516,37520,883,3025,0,18940,2283,1457,11830,0
2022-03-03,port218,Cartagena,8,7,26101,5543,0,26101,0,0,0,0,5543,0,0,0
2022-03-04,port218,Cartagena,12,6,42157,139650,236,37344,156,4418,0,420,0,0,139229,0
2022-03-05,port218,Cartagena,13,7,25390,26866,0,15526,875,8989,0,0,20417,5030,113,1305
2022-03-06,port218,Cartagena,5,4,5979,22338,0,5701,278,0,0,0,22338,0,0,0
2022-03-07,port218,Cartagena,12,6,27302,49051,0,17873,883,8038,508,5577,7945,1457,34070,0
2022-03-08,port218,Cartagena,6,3,21331,4123,0,12485,0,8846,0,0,4123,0,0,0
2022-03-09,port218,Cartagena,5,4,96193,6246,0,19170,0,77022,0,0,6246,0,0,0
2022-03-10,port218,Cartagena,8,4,35757,15678,0,26437,0,9319,0,0,2157,1690,11830,0
2022-03-11,port218,Cartagena,12,7,22488,64697,0,17628,4859,0,0,25366,7433,0,31897,0
2022-03-12,port218,Cartagena,9,6,18568,19167,0,17425,682,0,460,0,16350,2816,0,0
2022-03-13,port218,Cartagena,10,6,21702,36501,0,16721,0,4980,0,12307,2967,0,21225,0
2022-03-14,port218,Cartagena,8,4,25276,3296,1339,13289,883,7316,2448,0,1838,1457,0,0
2022-03-15,port218,Cartagena,6,3,40140,6678,29165,6322,883,3768,0,0,5220,1457,0,0
2022-03-16,port218,Cartagena,6,4,57141,3851,31035,15449,0,10656,0,0,3851,0,0,0
2022-03-17,port218,Cartagena,10,5,23654,167593,0,6414,0,17240,0,0,22572,1734,143285,0
2022-03-18,port218,Cartagena,10,4,11070,19353,0,3953,224,6892,0,3414,12553,3386,0,0
2022-03-19,port218,Cartagena,9,3,7769,54957,0,2942,883,3025,917,0,34353,5418,15185,0
2022-03-20,port218,Cartagena,9,6,6646,87356,0,6646,0,0,0,0,11304,0,76051,0
2022-03-21,port218,Cartagena,7,5,45755,4567,0,38271,0,7483,0,0,4567,0,0,0
2022-03-22,port218,Cartagena,7,5,2183,17567,0,27,0,0,2156,2668,14899,0,0,0
2022-03-23,port218,Cartagena,4,2,25573,4567,19688,5885,0,0,0,0,4567,0,0,0
2022-03-24,port218,Cartagena,14,6,47464,60016,0,40028,3950,2652,832,49384,8545,2001,0,85
2022-03-25,port218,Cartagena,10,6,35553,47852,11182,18558,0,4980,832,12668,13872,0,21225,85
2022-03-26,port218,Cartagena,10,7,20591,49500,0,8719,4235,7636,0,0,49386,0,113,0
2022-03-27,port218,Cartagena,6,4,24085,11628,0,8659,224,15201,0,0,9699,1929,0,0
2022-03-28,port218,Cartagena,11,5,25798,82966,6751,15000,0,3025,1022,0,19090,0,63875,0
2022-03-29,port218,Cartagena,5,3,8531,20008,0,5505,0,3025,0,0,8178,0,11830,0
2022-03-30,port218,Cartagena,6,3,24124,33546,0,16325,0,7316,482,0,1676,0,31870,0
2022-03-31,port218,Cartagena,6,4,89057,8654,79031,10025,0,0,0,0,8654,0,0,0
2022-04-01,port218,Cartagena,8,6,14274,10027,0,7484,496,6293,0,0,10027,0,0,0
2022-04-02,port218,Cartagena,7,3,7383,61983,0,0,4357,3025,0,0,39104,0,22878,0
2022-04-03,port218,Cartagena,7,4,22417,6277,0,18181,0,4235,0,0,5443,834,0,0
2022-04-04,port218,Cartagena,11,7,54990,18567,0,37709,15940,1340,0,0,15652,2915,0,0
2022-04-05,port218,Cartagena,4,2,11698,4951,0,6306,0,5392,0,2668,2283,0,0,0
2022-04-06,port218,Cartagena,7,4,14819,26670,0,5885,0,8018,915,0,26557,0,113,0
2022-04-07,port218,Cartagena,8,7,21973,9540,0,21973,0,0,0,0,9540,0,0,0
2022-04-08,port218,Cartagena,10,7,38777,72942,0,36348,0,0,2429,0,8581,0,64361,0
2022-04-09,port218,Cartagena,7,5,15480,8138,0,12571,0,2908,0,0,8138,0,0,0
2022-04-10,port218,Cartagena,8,6,44247,31623,0,41620,2626,0,0,18940,12682,0,0,0
2022-04-11,port218,Cartagena,11,6,33422,104122,0,13814,0,19607,0,13956,29804,0,60362,0
2022-04-12,port218,Cartagena,5,2,15576,1712,0,12741,0,2123,711,0,0,1685,0,27
2022-04-13,port218,Cartagena,5,3,77879,2283,0,6242,0,70615,1022,0,2283,0,0,0
2022-04-14,port218,Cartagena,9,6,28249,31339,0,20932,0,7316,0,17458,13880,0,0,0
2022-04-15,port218,Cartagena,10,4,22617,133146,1910,0,883,18802,1022,0,8468,1457,123221,0
2022-04-16,port218,Cartagena,4,4,2303,8739,0,2303,0,0,0,0,8739,0,0,0
2022-04-17,port218,Cartagena,8,6,18971,23265,0,16918,0,0,2052,0,4567,0,18698,0
2022-04-18,port218,Cartagena,10,6,28266,15555,0,28042,224,0,0,0,2961,9582,3010,0
2022-04-19,port218,Cartagena,4,3,0,11121,0,0,0,0,0,0,8072,3048,0,0
2022-04-20,port218,Cartagena,13,3,22442,23449,0,14708,1507,4367,1858,0,9922,1612,11830,85
2022-04-21,port218,Cartagena,13,9,28555,56368,0,14223,0,14331,0,0,22948,0,32984,436
2022-04-22,port218,Cartagena,7,4,10827,43338,0,2942,883,7001,0,0,6880,1457,35000,0
2022-04-23,port218,Cartagena,6,4,20381,5968,0,13255,0,7126,0,0,5968,0,0,0
2022-04-24,port218,Cartagena,8,3,20566,6618,8213,10637,883,0,832,0,3385,3148,0,85
2022-04-25,port218,Cartagena,13,6,48986,102249,15287,26757,883,5547,510,0,8620,1457,92171,0
2022-04-26,port218,Cartagena,9,5,40862,26544,0,39376,224,428,832,18609,5919,1929,0,85
2022-04-27,port218,Cartagena,7,4,18838,88973,0,18838,0,0,0,65290,12698,0,10983,0
2022-04-28,port218,Cartagena,9,7,37323,9674,0,30431,0,6892,0,5107,4567,0,0,0
2022-04-29,port218,Cartagena,7,6,17420,6076,0,17420,0,0,0,0,6076,0,0,0
2022-04-30,port218,Cartagena,8,4,10575,9539,0,5079,224,5271,0,0,4021,5517,0,0
2022-05-01,port218,Cartagena,6,3,1876,97102,0,0,883,993,0,0,30790,1457,64854,0
2022-05-02,port218,Cartagena,12,6,78374,96561,45016,22647,235,8172,2302,59488,9163,0,27910,0
2022-05-03,port218,Cartagena,7,5,21583,7327,0,20553,1029,0,0,0,7327,0,0,0
2022-05-04,port218,Cartagena,3,1,3775,2368,0,2942,0,0,832,0,2283,0,0,85
2022-05-05,port218,Cartagena,11,7,15339,60019,0,14456,883,0,0,1200,6701,5040,47076,0
2022-05-06,port218,Cartagena,7,4,1222,12314,0,390,0,0,832,1638,10591,0,0,85
2022-05-07,port218,Cartagena,9,4,24502,89013,0,7170,3668,13662,0,0,10460,1457,77095,0
2022-05-08,port218,Cartagena,10,7,65856,39662,0,6039,0,59817,0,11979,27683,0,0,0
2022-05-09,port218,Cartagena,6,4,20474,5778,0,6995,0,13478,0,0,5778,0,0,0
2022-05-10,port218,Cartagena,9,4,31949,6339,0,8453,10117,9596,3781,0,6226,0,113,0
2022-05-11,port218,Cartagena,10,6,67162,18169,46378,19358,0,1425,0,10370,7799,0,0,0
2022-05-12,port218,Cartagena,12,6,24737,9985,0,20195,2667,0,1874,907,7172,1457,447,0
2022-05-13,port218,Cartagena,11,4,46043,88638,0,1907,0,44136,0,0,6580,278,81780,0
2022-05-14,port218,Cartagena,11,4,8732,65760,48,2897,0,3025,2761,25685,28245,0,11830,0
2022-05-15,port218,Cartagena,12,6,40753,43199,0,20637,4913,15201,0,0,12359,1734,29104,0
2022-05-16,port218,Cartagena,11,4,13362,31359,0,4868,0,8494,0,0,7289,2844,21225,0
2022-05-17,port218,Cartagena,7,6,18757,18905,0,18757,0,0,0,7559,11346,0,0,0
2022-05-18,port218,Cartagena,7,3,22225,7872,2427,11599,883,7316,0,0,6414,1457,0,0
2022-05-19,port218,Cartagena,8,6,25611,4732,0,23162,0,0,2448,0,4567,164,0,0
2022-05-20,port218,Cartagena,10,8,32160,102178,0,22298,0,9861,0,0,14527,0,87650,0
2022-05-21,port218,Cartagena,6,3,4867,86562,0,3333,0,0,1533,0,33834,1584,51143,0
2022-05-22,port218,Cartagena,6,5,38632,1735,0,35723,0,2908,0,0,1735,0,0,0
2022-05-23,port218,Cartagena,7,4,3503,13759,0,3312,191,0,0,2668,11091,0,0,0
2022-05-24,port218,Cartagena,9,4,72398,8756,22033,47039,0,3325,0,2056,4013,0,0,2685
2022-05-25,port218,Cartagena,8,4,21426,5108,9126,7826,0,4474,0,0,5108,0,0,0
2022-05-26,port218,Cartagena,7,4,13242,51852,0,5885,883,6473,0,0,9198,1457,41196,0
2022-05-27,port218,Cartagena,5,5,12192,7550,0,12192,0,0,0,0,7550,0,0,0
2022-05-28,port218,Cartagena,11,5,28832,77454,11033,10911,883,4980,1023,18940,34904,1457,22151,0
2022-05-29,port218,Cartagena,6,4,883,35182,0,0,883,0,0,0,32033,3148,0,0
2022-05-30,port218,Cartagena,10,6,14734,27803,0,8285,1467,4980,0,0,6577,0,21225,0
2022-05-31,port218,Cartagena,6,2,17987,2283,0,8340,4194,5452,0,0,2283,0,0,0
2022-06-01,port218,Cartagena,7,4,2942,28642,0,2942,0,0,0,0,24162,1734,0,2746
2022-06-02,port218,Cartagena,7,6,14032,7674,0,13753,278,0,0,0,7674,0,0,0
2022-06-03,port218,Cartagena,12,6,42599,166793,11182,24100,0,7316,0,10370,12020,0,144401,0
2022-06-04,port218,Cartagena,12,7,24697,55787,0,17508,1117,6071,0,0,11693,2956,41138,0
2022-06-05,port218,Cartagena,10,5,29591,47374,0,11701,0,17889,0,6051,6851,0,34471,0
2022-06-06,port218,Cartagena,8,5,28302,8084,0,20872,883,6547,0,0,6626,1457,0,0
2022-06-07,port218,Cartagena,5,3,2942,16291,0,2942,0,0,0,11650,4640,0,0,0
2022-06-08,port218,Cartagena,9,5,73248,68041,48386,21358,477,3025,0,52375,3835,0,11830,0
2022-06-09,port218,Cartagena,8,4,16743,29000,0,10654,1107,4980,0,0,4387,3387,21225,0
2022-06-10,port218,Cartagena,10,6,21372,47564,5816,15229,326,0,0,0,3948,574,43041,0
2022-06-11,port218,Cartagena,8,4,12365,48643,0,7495,0,3325,1544,0,10022,7404,31216,0
2022-06-12,port218,Cartagena,8,6,23687,7290,0,12869,0,10818,0,0,7290,0,0,0
2022-06-13,port218,Cartagena,7,5,15423,38093,0,12398,0,3025,0,18940,7323,0,11830,0
2022-06-14,port218,Cartagena,9,1,44783,6052,29777,2942,0,11549,513,0,2283,3768,0,0
2022-06-15,port218,Cartagena,7,3,42260,55884,8430,19498,0,14331,0,3880,7696,0,44306,0
2022-06-16,port218,Cartagena,13,8,58395,88308,0,55420,0,2974,0,53543,19155,0,15610,0
2022-06-17,port218,Cartagena,8,5,16573,8668,0,12149,883,0,3540,0,7210,1457,0,0
2022-06-18,port218,Cartagena,7,5,8874,12927,0,5885,2988,0,0,0,12927,0,0,0
2022-06-19,port218,Cartagena,10,4,16162,7233,0,1866,3706,8387,2201,0,7233,0,0,0
2022-06-20,port218,Cartagena,9,3,10664,13382,1161,3544,4652,0,1306,2919,9006,1457,0,0
2022-06-21,port218,Cartagena,7,3,63804,0,24983,25608,0,13213,0,0,0,0,0,0
2022-06-22,port218,Cartagena,9,4,94894,2283,22905,67554,4434,0,0,0,2283,0,0,0
2022-06-23,port218,Cartagena,9,6,12637,87198,0,11282,0,1354,0,7559,5692,0,73947,0
2022-06-24,port218,Cartagena,10,6,22481,30146,0,19698,883,0,1899,0,26550,3148,447,0
2022-06-25,port218,Cartagena,8,6,27852,47683,0,26969,883,0,0,0,37980,1457,8244,0
2022-06-26,port218,Cartagena,5,4,3974,44808,0,3974,0,0,0,0,2420,0,42388,0
2022-06-27,port218,Cartagena,11,6,121008,32192,45205,10052,1766,63983,0,0,8050,2915,21225,0
2022-06-28,port218,Cartagena,11,4,52082,18270,0,20172,883,31026,0,0,3247,3192,11830,0
2022-06-29,port218,Cartagena,5,4,9996,958,0,8907,0,1089,0,0,958,0,0,0
2022-06-30,port218,Cartagena,10,4,24878,9656,519,19467,883,4007,0,0,7668,1987,0,0
2022-07-01,port218,Cartagena,9,6,18715,74530,0,3500,883,14331,0,18940,23363,1457,30768,0
2022-07-02,port218,Cartagena,10,7,15108,51388,0,12082,0,3025,0,15028,24530,0,11830,0
2022-07-03,port218,Cartagena,5,2,12409,0,9844,2565,0,0,0,0,0,0,0,0
2022-07-04,port218,Cartagena,7,4,13220,50918,0,6428,0,6279,512,0,7750,0,43167,0
2022-07-05,port218,Cartagena,5,1,31272,1457,0,4866,883,22955,2567,0,0,1457,0,0
2022-07-06,port218,Cartagena,6,3,11706,3055,3310,4109,4285,0,0,0,3055,0,0,0
2022-07-07,port218,Cartagena,7,5,8080,2283,0,8080,0,0,0,0,2283,0,0,0
2022-07-08,port218,Cartagena,9,5,148166,2929,0,11206,0,136959,0,0,1572,0,1357,0
2022-07-09,port218,Cartagena,6,6,5885,35709,0,5885,0,0,0,0,35709,0,0,0
2022-07-10,port218,Cartagena,8,5,27809,938,0,21701,0,5276,832,0,740,0,113,85
2022-07-11,port218,Cartagena,11,4,21736,49144,0,19471,883,0,1381,7559,1338,1457,38788,0
2022-07-12,port218,Cartagena,9,2,28942,96747,11480,16579,883,0,0,0,2283,1457,93005,0
2022-07-13,port218,Cartagena,4,3,11279,2995,0,10864,415,0,0,0,2995,0,0,0
2022-07-14,port218,Cartagena,10,6,23369,31299,0,13697,883,8789,0,20391,9450,1457,0,0
2022-07-15,port218,Cartagena,12,5,24280,12678,0,16736,883,3109,3550,0,5753,4589,2335,0
2022-07-16,port218,Cartagena,8,5,6500,27947,0,5667,0,0,832,0,16035,0,11826,85
2022-07-17,port218,Cartagena,3,2,56299,1114,54590,1708,0,0,0,0,1114,0,0,0
2022-07-18,port218,Cartagena,9,4,10677,56418,0,6116,0,3025,1535,0,3481,8318,44617,0
2022-07-19,port218,Cartagena,5,1,11200,10985,0,0,0,11200,0,0,4763,3044,3176,0
2022-07-20,port218,Cartagena,9,4,41007,8234,23129,12450,1107,4319,0,0,4846,3387,0,0
2022-07-21,port218,Cartagena,10,5,37589,58395,0,36046,883,659,0,54654,2283,1457,0,0
2022-07-22,port218,Cartagena,7,3,6552,48394,0,5885,0,209,457,0,4956,0,43438,0
2022-07-23,port218,Cartagena,7,3,3826,68191,0,2942,883,0,0,12635,8225,1457,45872,0
2022-07-24,port218,Cartagena,14,7,27224,112472,11182,11401,1261,3379,0,10370,4961,3356,93783,0
2022-07-25,port218,Cartagena,10,4,38371,27334,7325,13291,883,16039,832,18940,6851,1457,0,85
2022-07-26,port218,Cartagena,5,3,8042,8279,0,6314,0,1727,0,5479,2799,0,0,0
2022-07-27,port218,Cartagena,9,4,66874,35338,54498,9350,0,3025,0,18682,4825,0,11830,0
2022-07-28,port218,Cartagena,6,4,19913,18267,0,16887,0,3025,0,0,6437,0,11830,0
2022-07-29,port218,Cartagena,5,3,2942,4589,0,2942,0,0,0,0,4589,0,0,0
2022-07-30,port218,Cartagena,9,5,21329,37972,0,15559,644,5124,0,0,10116,0,27856,0
2022-07-31,port218,Cartagena,7,4,96656,24279,0,3684,0,92972,0,0,12449,0,11830,0
2022-08-01,port218,Cartagena,13,7,38750,46453,0,22381,1766,14602,0,0,12769,2915,30768,0
2022-08-02,port218,Cartagena,7,3,25114,4999,0,17980,3361,0,3773,0,3310,1603,0,85
2022-08-03,port218,Cartagena,4,2,16132,5748,0,16132,0,0,0,0,2283,3464,0,0
2022-08-04,port218,Cartagena,7,4,13481,94053,0,11997,0,1483,0,0,5858,0,88195,0
2022-08-05,port218,Cartagena,11,6,32783,45875,0,13786,883,14331,3781,0,12568,1457,31849,0
2022-08-06,port218,Cartagena,8,4,8448,19842,0,4539,883,3025,0,0,3597,4414,11830,0
2022-08-07,port218,Cartagena,5,3,17598,6813,0,5224,5690,0,6683,0,6813,0,0,0
2022-08-08,port218,Cartagena,11,6,57992,11140,0,52698,883,2362,2048,7398,2283,1457,0,0
2022-08-09,port218,Cartagena,10,5,14964,86672,0,5885,1812,7265,0,0,13968,627,72076,0
2022-08-10,port218,Cartagena,6,3,25341,51005,0,5885,0,19455,0,0,20237,0,30768,0
2022-08-11,port218,Cartagena,10,5,21107,14092,0,7048,883,13176,0,0,10887,1457,0,1746
2022-08-12,port218,Cartagena,6,2,28617,1658,19845,1456,0,7316,0,0,269,1389,0,0
2022-08-13,port218,Cartagena,11,5,76531,77080,27833,13402,0,34860,435,33311,5568,0,37640,560
2022-08-14,port218,Cartagena,9,4,11191,4042,0,4600,357,6233,0,865,1247,1929,0,0
2022-08-15,port218,Cartagena,6,6,43020,2883,0,43020,0,0,0,0,2883,0,0,0
2022-08-16,port218,Cartagena,5,3,28190,36424,0,13859,0,14331,0,0,0,5655,30768,0
2022-08-17,port218,Cartagena,6,3,5925,72108,0,0,0,5925,0,0,30742,0,41366,0
2022-08-18,port218,Cartagena,12,7,52974,21050,0,40643,5551,3025,3753,0,7762,1457,11830,0
2022-08-19,port218,Cartagena,9,3,14843,43721,0,2692,1603,10547,0,30591,1300,0,11830,0
2022-08-20,port218,Cartagena,8,5,7513,25376,0,2942,883,3687,0,0,23918,1457,0,0
2022-08-21,port218,Cartagena,10,6,36417,26326,0,29523,883,5178,832,0,24783,1457,0,85
2022-08-22,port218,Cartagena,8,5,50826,1338,28657,20406,0,0,1761,0,1338,0,0,0
2022-08-23,port218,Cartagena,8,5,11164,5857,1934,9229,0,0,0,0,5857,0,0,0
2022-08-24,port218,Cartagena,9,5,22054,69040,11182,9988,883,0,0,54216,13366,1457,0,0
2022-08-25,port218,Cartagena,8,5,58146,16780,50512,6278,1355,0,0,0,15322,1457,0,0
2022-08-26,port218,Cartagena,10,6,20275,86819,0,20061,0,214,0,0,13111,0,73708,0
2022-08-27,port218,Cartagena,7,4,15050,48128,0,14231,818,0,0,0,5749,0,42378,0
2022-08-28,port218,Cartagena,6,5,21762,9448,0,19862,0,0,1899,0,9448,0,0,0
2022-08-29,port218,Cartagena,14,6,31931,82753,0,26205,1147,4578,0,57089,9305,1929,14429,0
2022-08-30,port218,Cartagena,8,4,41183,12654,11182,23282,3728,2989,0,10370,2283,0,0,0
2022-08-31,port218,Cartagena,10,3,19656,45000,0,0,883,18258,514,0,8026,6205,30768,0
2022-09-01,port218,Cartagena,7,4,22841,2854,0,2987,0,17468,2385,0,1119,1734,0,0
2022-09-02,port218,Cartagena,8,4,82193,29919,0,1118,1830,79245,0,0,7235,1457,21225,0
2022-09-03,port218,Cartagena,6,3,2942,20365,0,2942,0,0,0,2568,17796,0,0,0
2022-09-04,port218,Cartagena,6,5,9083,8478,0,9083,0,0,0,0,6787,1690,0,0
2022-09-05,port218,Cartagena,9,6,7614,8411,0,6939,0,214,460,0,8411,0,0,0
2022-09-06,port218,Cartagena,4,3,31634,2368,0,30802,0,0,832,0,2283,0,0,85
2022-09-07,port218,Cartagena,10,4,31222,23163,0,21422,883,8916,0,0,2283,6930,13949,0
2022-09-08,port218,Cartagena,10,8,12238,24679,0,12238,0,0,0,0,16661,0,8018,0
2022-09-09,port218,Cartagena,10,4,18023,11453,0,3265,8650,5276,832,0,5992,5038,337,85
2022-09-10,port218,Cartagena,12,3,11273,31870,0,0,409,10863,0,1193,27008,3668,0,0
2022-09-11,port218,Cartagena,5,3,3831,8659,0,2947,883,0,0,0,7201,1457,0,0
2022-09-12,port218,Cartagena,10,4,8019,80939,0,5442,2061,0,514,0,5877,2852,72209,0
2022-09-13,port218,Cartagena,9,3,56581,22975,0,8251,4194,44135,0,0,11145,0,11830,0
2022-09-14,port218,Cartagena,9,4,23950,13987,0,21482,2468,0,0,7961,4567,1457,0,0
2022-09-15,port218,Cartagena,12,7,57566,15707,0,48527,9039,0,0,7398,6851,1457,0,0
2022-09-16,port218,Cartagena,11,6,28238,116951,11182,2723,0,14331,0,12668,10650,435,93197,0
2022-09-17,port218,Cartagena,11,7,22253,65743,0,20393,0,0,1859,0,7098,628,57931,85
2022-09-18,port218,Cartagena,8,5,21098,12483,17651,0,2419,0,1027,0,12483,0,0,0
2022-09-19,port218,Cartagena,11,5,72180,34514,0,22421,264,49495,0,0,9987,866,23660,0
2022-09-20,port218,Cartagena,8,4,13386,95318,6349,4062,0,2974,0,0,7059,0,88259,0
2022-09-21,port218,Cartagena,12,5,20192,77984,4175,11024,4992,0,0,0,3445,1457,73081,0
2022-09-22,port218,Cartagena,11,7,36072,59446,0,13610,0,22461,0,36003,20085,3358,0,0
2022-09-23,port218,Cartagena,7,4,10173,18488,0,6677,224,0,3271,0,13661,4826,0,0
2022-09-24,port218,Cartagena,6,4,36156,17385,0,3751,0,32404,0,0,4329,0,13055,0
2022-09-25,port218,Cartagena,12,4,56817,9194,42720,5731,819,6713,832,0,8324,785,0,85
2022-09-26,port218,Cartagena,10,5,36302,119082,0,3055,883,32363,0,0,1262,1457,116362,0
2022-09-27,port218,Cartagena,4,2,16414,59736,0,13361,3053,0,0,0,0,0,59736,0
2022-09-28,port218,Cartagena,8,6,9207,38888,0,4226,0,4980,0,2668,14994,0,21225,0
2022-09-29,port218,Cartagena,10,7,33496,14959,0,29309,4187,0,0,0,7554,7404,0,0
2022-09-30,port218,Cartagena,3,2,0,2090,0,0,0,0,0,0,2090,0,0,0
2022-10-01,port218,Cartagena,9,6,17092,7615,0,16328,764,0,0,0,7391,0,223,0
2022-10-02,port218,Cartagena,9,5,17409,10303,0,14585,883,1940,0,0,8426,1877,0,0
2022-10-03,port218,Cartagena,8,4,64084,80256,27929,21823,0,14331,0,41685,4970,2831,30768,0
2022-10-04,port218,Cartagena,12,5,59696,66728,29825,22906,883,5571,509,0,19927,1457,45343,0
2022-10-05,port218,Cartagena,6,4,6769,8360,0,5885,883,0,0,0,6902,1457,0,0
2022-10-06,port218,Cartagena,12,7,9721,23495,0,7782,0,1938,0,0,10823,5873,6798,0
2022-10-07,port218,Cartagena,7,5,20538,47065,0,6206,0,14331,0,1490,14807,0,30768,0
2022-10-08,port218,Cartagena,9,6,30891,22749,11182,5246,14462,0,0,10370,12378,0,0,0
2022-10-09,port218,Cartagena,5,4,12915,5849,0,9974,0,0,2940,0,5849,0,0,0
2022-10-10,port218,Cartagena,11,5,9746,24775,0,2703,1766,5276,0,4172,17574,2915,113,0
2022-10-11,port218,Cartagena,16,7,40634,46400,0,23411,1766,14188,1268,35336,8062,2915,0,85
2022-10-12,port218,Cartagena,10,6,29210,53496,0,14878,0,14331,0,0,6482,0,47014,0
2022-10-13,port218,Cartagena,8,4,14981,10127,0,7818,883,6279,0,0,4717,1457,3952,0
2022-10-14,port218,Cartagena,13,6,63107,21831,8139,15732,3295,35940,0,0,9777,0,12053,0
2022-10-15,port218,Cartagena,9,4,19997,32712,0,11105,224,8667,0,18940,11842,1929,0,0
2022-10-16,port218,Cartagena,11,6,34206,107550,0,31325,0,2366,515,90060,10085,7404,0,0
2022-10-17,port218,Cartagena,6,5,10702,21275,0,10702,0,0,0,0,20646,628,0,0
2022-10-18,port218,Cartagena,7,3,4127,25544,0,4127,0,0,0,11650,9142,4751,0,0
2022-10-19,port218,Cartagena,10,4,35258,133071,0,6406,0,28851,0,0,5345,975,126750,0
2022-10-20,port218,Cartagena,14,8,87107,9777,0,72233,4815,9601,456,0,9777,0,0,0
2022-10-21,port218,Cartagena,15,7,83389,9061,50841,10426,378,19701,2041,0,8472,588,0,0
2022-10-22,port218,Cartagena,8,6,60756,25080,50774,8982,0,1000,0,0,25080,0,0,0
2022-10-23,port218,Cartagena,8,4,17787,7876,0,4603,883,12300,0,0,6418,1457,0,0
2022-10-24,port218,Cartagena,12,6,35550,8033,16846,11120,5318,0,2265,0,5738,2295,0,0
2022-10-25,port218,Cartagena,7,4,11738,106553,0,8699,883,0,2156,0,15755,1457,89340,0
2022-10-26,port218,Cartagena,9,5,35368,8645,0,32943,0,0,2425,4819,3826,0,0,0
2022-10-27,port218,Cartagena,7,4,47090,3490,24980,21226,883,0,0,0,2032,1457,0,0
2022-10-28,port218,Cartagena,7,6,65655,21927,0,25903,0,39752,0,0,21927,0,0,0
2022-10-29,port218,Cartagena,7,4,26245,22163,0,19708,0,6536,0,0,22049,0,113,0
2022-10-30,port218,Cartagena,8,5,10822,41649,0,5841,0,4980,0,14326,6097,0,21225,0
2022-10-31,port218,Cartagena,15,8,24383,42040,0,14165,208,6444,3564,0,40666,1288,0,85
2022-11-01,port218,Cartagena,4,3,981,8949,0,981,0,0,0,0,7214,1734,0,0
2022-11-02,port218,Cartagena,11,7,11352,30661,0,4055,0,6837,460,0,30661,0,0,0
2022-11-03,port218,Cartagena,10,7,18584,5137,0,17524,883,176,0,0,323,1457,3355,0
2022-11-04,port218,Cartagena,11,9,8639,16146,0,7375,1264,0,0,0,14688,1457,0,0
2022-11-05,port218,Cartagena,9,6,28007,15263,0,26100,883,0,1023,0,13101,2162,0,0
2022-11-06,port218,Cartagena,11,4,52081,6674,0,28118,16136,7316,510,0,6674,0,0,0
2022-11-07,port218,Cartagena,15,7,44335,75436,13120,4313,418,26483,0,11650,20270,0,43515,0
2022-11-08,port218,Cartagena,9,6,24178,10714,0,13972,0,7308,2898,0,10714,0,0,0
2022-11-09,port218,Cartagena,7,3,2611,62793,0,386,329,1895,0,52327,10466,0,0,0
2022-11-10,port218,Cartagena,9,8,33973,15508,0,33973,0,0,0,0,7422,0,8086,0
2022-11-11,port218,Cartagena,7,5,28604,5715,0,27721,883,0,0,0,4031,1457,226,0
2022-11-12,port218,Cartagena,10,6,21622,33485,0,16290,1766,3565,0,0,18739,2915,11830,0
2022-11-13,port218,Cartagena,9,5,14521,48967,0,6999,0,7521,0,42350,6170,0,447,0
2022-11-14,port218,Cartagena,9,6,11578,17846,378,11199,0,0,0,4819,13027,0,0,0
2022-11-15,port218,Cartagena,11,3,18155,11710,1485,0,5450,10387,832,0,9097,2528,0,85
2022-11-16,port218,Cartagena,6,4,11046,11950,0,5011,0,2449,3586,0,11950,0,0,0
2022-11-17,port218,Cartagena,14,6,49481,69332,14293,13478,883,19161,1664,57950,8620,2591,0,170
2022-11-18,port218,Cartagena,11,8,94273,19573,36741,21884,883,34764,0,0,18116,1457,0,0
2022-11-19,port218,Cartagena,7,4,30723,35335,0,15680,149,14331,561,0,4567,0,30768,0
2022-11-20,port218,Cartagena,5,4,10773,4567,0,10773,0,0,0,0,4567,0,0,0
2022-11-21,port218,Cartagena,4,3,6485,3782,0,1209,0,5276,0,0,3668,0,113,0
2022-11-22,port218,Cartagena,7,3,29315,2840,0,23960,883,4471,0,0,1172,1667,0,0
2022-11-23,port218,Cartagena,8,3,24348,41800,0,1977,1107,21262,0,0,7644,3387,30768,0
2022-11-24,port218,Cartagena,10,7,26128,102500,0,11571,224,14331,0,0,24578,1929,75991,0
2022-11-25,port218,Cartagena,9,4,23252,13142,0,18345,883,0,4023,0,3277,9865,0,0
2022-11-26,port218,Cartagena,5,3,12625,2283,0,9269,0,3355,0,0,2283,0,0,0
2022-11-27,port218,Cartagena,10,6,24658,78841,0,22045,2613,0,0,48603,12738,12220,0,5279
2022-11-28,port218,Cartagena,15,8,181753,125279,0,21797,883,158241,832,0,21837,1457,101898,85
2022-11-29,port218,Cartagena,9,4,7675,96118,3849,2942,883,0,0,0,17519,2711,75886,0
2022-11-30,port218,Cartagena,9,6,31097,16028,11182,14638,0,5276,0,15914,0,0,113,0
2022-12-01,port218,Cartagena,6,5,5885,9955,0,5885,0,0,0,0,8782,1173,0,0
2022-12-02,port218,Cartagena,9,6,9883,4349,0,9464,0,418,0,0,4349,0,0,0
2022-12-03,port218,Cartagena,11,6,102178,12631,54109,41082,224,6762,0,5415,5286,1929,0,0
2022-12-04,port218,Cartagena,11,6,56856,52243,11182,21059,2787,21828,0,10370,9647,1457,30768,0
2022-12-05,port218,Cartagena,11,7,41967,52359,0,36322,883,0,4762,2080,5284,1457,43535,0
2022-12-06,port218,Cartagena,7,3,16681,43904,0,1268,209,14331,871,11650,1485,0,30768,0
2022-12-07,port218,Cartagena,10,5,30539,39759,11182,16668,0,2688,0,10370,25546,3507,335,0
2022-12-08,port218,Cartagena,8,5,21190,7856,0,8358,0,12831,0,0,7856,0,0,0
2022-12-09,port218,Cartagena,11,5,13172,17309,0,7243,4061,1867,0,0,12737,4572,0,0
2022-12-10,port218,Cartagena,7,5,17117,18923,0,7340,0,5276,4500,0,18809,0,113,0
2022-12-11,port218,Cartagena,12,8,29171,29244,0,24513,4658,0,0,0,27509,1734,0,0
2022-12-12,port218,Cartagena,11,7,73181,51256,39725,18240,883,14331,0,0,19029,1457,30768,0
2022-12-13,port218,Cartagena,8,3,22781,29099,1111,5885,0,14250,1533,0,15807,1461,11830,0
2022-12-14,port218,Cartagena,12,5,83657,54815,11182,6920,883,64670,0,10370,12219,1457,30768,0
2022-12-15,port218,Cartagena,11,8,29736,132615,0,17439,0,12297,0,0,27618,0,104997,0
2022-12-16,port218,Cartagena,14,8,8204,101411,0,0,1212,3025,3966,64429,23693,1457,11830,0
2022-12-17,port218,Cartagena,4,2,26750,10217,0,14416,0,12334,0,0,8844,0,0,1372
2022-12-18,port218,Cartagena,5,4,19134,13743,0,16109,0,3025,0,0,1913,0,11830,0
2022-12-19,port218,Cartagena,10,5,6414,65994,0,2645,0,3768,0,0,7290,0,58704,0
2022-12-20,port218,Cartagena,6,3,4307,61560,0,399,883,3025,0,0,2241,1457,57860,0
2022-12-21,port218,Cartagena,7,4,32682,84845,0,32682,0,0,0,8075,2283,0,74486,0
2022-12-22,port218,Cartagena,10,6,102140,34886,63885,18647,0,19607,0,0,4004,0,30881,0
2022-12-23,port218,Cartagena,13,8,27927,62839,0,7436,883,19607,0,0,28808,3148,30881,0
2022-12-24,port218,Cartagena,11,5,59129,46754,8079,36207,414,10274,4152,0,32995,1929,11830,0
2022-12-25,port218,Cartagena,10,6,14269,5340,0,7027,410,6831,0,0,3338,0,2002,0
2022-12-26,port218,Cartagena,9,7,7289,23938,0,6830,0,0,458,889,23048,0,0,0
2022-12-27,port218,Cartagena,8,3,43911,72372,576,35090,0,8244,0,39148,0,967,32257,0
2022-12-28,port218,Cartagena,9,7,21658,56132,0,21117,0,540,0,0,16884,0,39247,0
2022-12-29,port218,Cartagena,13,7,36583,34657,0,21954,297,14331,0,0,875,0,33781,0
2022-12-30,port218,Cartagena,8,6,4658,25806,0,2942,883,0,832,0,24263,1457,0,85
2022-12-31,port218,Cartagena,2,2,0,21600,0,0,0,0,0,0,21600,0,0,0
2023-01-01,port218,Cartagena,10,5,23231,50006,11182,4485,0,7102,461,29311,11990,0,8704,0
2023-01-02,port218,Cartagena,7,4,13894,21181,692,5885,0,7316,0,12635,8546,0,0,0
2023-01-03,port218,Cartagena,7,5,13192,74304,0,10554,0,0,2638,0,16813,0,57490,0
2023-01-04,port218,Cartagena,9,5,66884,34509,0,50826,1727,14331,0,0,2283,1457,30768,0
2023-01-05,port218,Cartagena,13,6,110047,9154,0,28249,883,80081,832,0,6090,2979,0,85
2023-01-06,port218,Cartagena,10,8,67150,23470,49229,17921,0,0,0,0,23023,0,447,0
2023-01-07,port218,Cartagena,9,6,4551,60762,0,4551,0,0,0,2814,54441,3507,0,0
2023-01-08,port218,Cartagena,7,4,18282,46752,0,0,3950,14331,0,0,12876,0,33875,0
2023-01-09,port218,Cartagena,14,7,17500,111633,0,6789,0,10201,508,4953,28721,0,77958,0
2023-01-10,port218,Cartagena,9,2,5101,49918,0,2942,0,2158,0,2657,3262,0,43998,0
2023-01-11,port218,Cartagena,10,4,46063,36529,0,24194,883,20152,832,0,1930,1457,33055,85
2023-01-12,port218,Cartagena,10,7,88670,17682,28893,24454,883,34439,0,0,16224,1457,0,0
2023-01-13,port218,Cartagena,14,8,28637,8314,0,11975,883,15779,0,0,6856,1457,0,0
2023-01-14,port218,Cartagena,9,5,15466,29452,0,12062,378,3025,0,12466,4567,588,11830,0
2023-01-15,port218,Cartagena,10,8,30179,55141,0,27393,2785,0,0,45411,9729,0,0,0
2023-01-16,port218,Cartagena,6,4,64535,6577,56401,8134,0,0,0,0,6130,0,447,0
2023-01-17,port218,Cartagena,6,2,21760,29424,11182,5301,0,5276,0,29311,0,0,113,0
2023-01-18,port218,Cartagena,10,6,44772,42292,32262,12510,0,0,0,30662,7508,4121,0,0
2023-01-19,port218,Cartagena,10,7,22902,49604,0,21186,883,0,832,0,15263,1457,32798,85
2023-01-20,port218,Cartagena,11,8,25582,16883,0,17350,1129,7102,0,0,15148,1734,0,0
2023-01-21,port218,Cartagena,10,6,20067,93539,0,17041,0,3025,0,0,8614,1690,83233,0
2023-01-22,port218,Cartagena,10,6,10542,20573,0,2213,1523,6805,0,9500,11072,0,0,0
2023-01-23,port218,Cartagena,9,6,14065,40619,0,6749,0,7316,0,0,6797,0,33822,0
2023-01-24,port218,Cartagena,10,5,31913,7182,2430,11903,0,14029,3550,0,3587,0,3509,85
2023-01-25,port218,Cartagena,9,5,21414,54975,0,20531,883,0,0,2521,9641,1457,41354,0
2023-01-26,port218,Cartagena,7,5,6840,58292,0,6840,0,0,0,0,14391,0,43901,0
2023-01-27,port218,Cartagena,16,8,34116,18138,0,27439,2257,0,4419,0,11867,2915,3355,0
2023-01-28,port218,Cartagena,10,6,22585,53138,0,7178,883,14524,0,0,16271,1457,35408,0
2023-01-29,port218,Cartagena,10,7,24685,18239,3487,10652,1368,9177,0,0,18239,0,0,0
2023-01-30,port218,Cartagena,12,5,43728,9499,29102,10133,2334,2158,0,0,4985,4513,0,0
2023-01-31,port218,Cartagena,6,5,8653,18358,0,6914,0,0,1739,0,18358,0,0,0
2023-02-01,port218,Cartagena,9,3,10138,148016,0,10138,0,0,0,39912,4567,0,103022,514
2023-02-02,port218,Cartagena,8,5,46181,11167,24168,8555,0,13457,0,6038,5129,0,0,0
2023-02-03,port218,Cartagena,12,6,22567,40791,0,15769,883,3025,2888,0,23430,1457,15818,85
2023-02-04,port218,Cartagena,7,6,22466,11873,0,22466,0,0,0,0,11873,0,0,0
2023-02-05,port218,Cartagena,12,9,46516,39860,7924,24260,0,14331,0,0,9091,0,30768,0
2023-02-06,port218,Cartagena,9,5,21379,14923,0,5193,883,15303,0,0,13466,1457,0,0
2023-02-07,port218,Cartagena,9,0,14205,88881,12151,0,0,0,2054,43627,0,1182,44071,0
2023-02-08,port218,Cartagena,6,4,13905,42595,0,13905,0,0,0,0,9892,0,32703,0
2023-02-09,port218,Cartagena,7,4,25489,555,0,9404,0,12985,3099,0,555,0,0,0
2023-02-10,port218,Cartagena,13,9,52073,20397,9822,28755,0,13496,0,0,20397,0,0,0
2023-02-11,port218,Cartagena,6,4,22927,1546,13432,9495,0,0,0,0,1546,0,0,0
2023-02-12,port218,Cartagena,11,7,20927,42527,0,17902,0,3025,0,18940,11756,0,11830,0
2023-02-13,port218,Cartagena,13,9,29727,53110,0,28166,883,677,0,0,10133,3123,39853,0
2023-02-14,port218,Cartagena,7,3,64556,8950,53307,9710,0,0,1538,0,3480,5469,0,0
2023-02-15,port218,Cartagena,6,4,12013,9696,0,8740,0,2255,1018,0,9696,0,0,0
2023-02-16,port218,Cartagena,8,3,10086,57570,0,3394,0,6691,0,0,1127,4188,52254,0
2023-02-17,port218,Cartagena,11,6,34166,55491,0,28666,224,5276,0,2297,5546,1929,45717,0
2023-02-18,port218,Cartagena,12,5,86655,66603,9506,3400,0,72443,1305,0,22672,3378,40552,0
2023-02-19,port218,Cartagena,8,6,23023,15377,0,23023,0,0,0,2668,9873,2836,0,0
2023-02-20,port218,Cartagena,12,8,19855,78668,0,10727,883,8244,0,56418,20792,1457,0,0
2023-02-21,port218,Cartagena,4,2,4788,8621,0,4788,0,0,0,6337,2283,0,0,0
2023-02-22,port218,Cartagena,8,3,44446,112559,35432,5988,0,3025,0,75823,2283,0,34452,0
2023-02-23,port218,Cartagena,10,7,19221,81272,0,18912,0,308,0,0,11251,0,70020,0
2023-02-24,port218,Cartagena,8,4,9154,13570,0,2942,0,5379,832,0,11751,1734,0,85
2023-02-25,port218,Cartagena,8,5,15446,38527,0,6044,224,9177,0,0,34879,1929,0,1717
2023-02-26,port218,Cartagena,7,5,7815,8146,0,5807,984,0,1023,0,8146,0,0,0
2023-02-27,port218,Cartagena,12,7,20695,46119,0,12496,883,7316,0,0,10586,1457,34075,0
2023-02-28,port218,Cartagena,9,3,21313,170430,0,10281,0,11031,0,0,1250,0,169179,0
2023-03-01,port218,Cartagena,5,3,35879,2283,14393,20680,806,0,0,0,2283,0,0,0
2023-03-02,port218,Cartagena,13,7,36924,41460,573,19825,10474,6051,0,0,17800,0,23660,0
2023-03-03,port218,Cartagena,8,5,21711,76571,0,16730,0,4980,0,0,11232,0,65339,0
2023-03-04,port218,Cartagena,15,7,50940,78987,21065,12501,883,16489,0,13184,31274,1457,30768,2302
2023-03-05,port218,Cartagena,10,9,16780,7248,0,16780,0,0,0,0,4774,2473,0,0
2023-03-06,port218,Cartagena,9,5,14417,23176,0,13534,883,0,0,0,20482,2000,693,0
2023-03-07,port218,Cartagena,7,3,29158,5802,0,6806,0,22351,0,0,4567,1234,0,0
2023-03-08,port218,Cartagena,12,7,23257,65325,0,11838,11418,0,0,54427,9440,1457,0,0
2023-03-09,port218,Cartagena,9,8,66807,11266,0,65924,883,0,0,0,9808,1457,0,0
2023-03-10,port218,Cartagena,14,8,49685,63854,13991,24422,0,11270,0,29311,22713,0,11830,0
2023-03-11,port218,Cartagena,2,2,13954,0,0,13954,0,0,0,0,0,0,0,0
2023-03-12,port218,Cartagena,12,6,25590,107691,0,23170,883,0,1536,0,14298,1457,91934,0
2023-03-13,port218,Cartagena,14,5,46902,149683,0,11826,0,33313,1761,1808,2283,1734,143856,0
2023-03-14,port218,Cartagena,11,4,12332,49004,0,4032,1766,6051,482,0,21792,3552,23660,0
2023-03-15,port218,Cartagena,8,4,13161,9232,0,3534,0,7316,2310,6343,0,0,2889,0
2023-03-16,port218,Cartagena,7,5,3918,26566,0,668,224,3025,0,0,12806,1929,11830,0
2023-03-17,port218,Cartagena,16,8,66986,17681,0,8320,883,54541,3240,0,16110,1457,113,0
2023-03-18,port218,Cartagena,6,4,17863,45891,12086,5776,0,0,0,0,5430,0,40461,0
2023-03-19,port218,Cartagena,11,7,30187,52299,3280,17217,0,9689,0,0,10163,0,42136,0
2023-03-20,port218,Cartagena,11,7,147858,22083,48454,24285,883,74235,0,0,20625,1457,0,0
2023-03-21,port218,Cartagena,8,4,11926,25755,0,8894,6,3025,0,2297,7796,3831,11830,0
2023-03-22,port218,Cartagena,7,2,35298,32671,30656,389,4253,0,0,29834,1171,1665,0,0
2023-03-23,port218,Cartagena,8,5,18348,59588,11182,7165,0,0,0,52333,7254,0,0,0
2023-03-24,port218,Cartagena,9,5,19115,173913,0,16090,0,3025,0,53492,13882,0,106538,0
2023-03-25,port218,Cartagena,11,8,32747,18320,0,18845,0,13902,0,13074,5132,0,113,0
2023-03-26,port218,Cartagena,8,4,111250,54805,0,14453,0,96796,0,0,5720,2497,46587,0
2023-03-27,port218,Cartagena,11,8,22132,58308,0,16663,5469,0,0,0,16825,1457,40025,0
2023-03-28,port218,Cartagena,4,2,6736,7163,0,6736,0,0,0,0,0,7163,0,0
2023-03-29,port218,Cartagena,8,4,29742,62202,0,28859,883,0,0,0,6932,5554,49715,0
2023-03-30,port218,Cartagena,14,7,62816,104118,42104,17685,0,3025,0,0,12794,1254,90069,0
2023-03-31,port218,Cartagena,9,6,23941,18944,0,17781,883,5276,0,0,15682,3148,113,0
2023-04-01,port218,Cartagena,10,7,27156,31131,11182,8658,0,7316,0,10370,20760,0,0,0
2023-04-02,port218,Cartagena,9,7,15049,885,0,10461,0,4588,0,0,885,0,0,0
2023-04-03,port218,Cartagena,15,9,84413,116395,11182,10382,0,62015,832,10370,34732,0,71207,85
2023-04-04,port218,Cartagena,10,5,31491,47976,11182,14257,0,6051,0,12668,10182,1465,23660,0
2023-04-05,port218,Cartagena,12,6,17240,69317,0,12975,4265,0,0,21774,12786,0,34757,0
2023-04-06,port218,Cartagena,9,6,3775,46202,0,2942,0,0,832,7238,28491,0,10387,85
2023-04-07,port218,Cartagena,21,13,46164,74046,0,43488,1200,963,512,0,23373,1457,49214,0
2023-04-08,port218,Cartagena,6,4,16687,17954,0,0,0,16687,0,0,17954,0,0,0
2023-04-09,port218,Cartagena,11,7,14362,15711,0,12713,1649,0,0,0,10258,5452,0,0
2023-04-10,port218,Cartagena,13,8,31039,38557,0,28847,181,0,2010,0,19070,1685,17800,0
2023-04-11,port218,Cartagena,6,3,42646,5405,9303,33343,0,0,0,0,2283,0,3121,0
2023-04-12,port218,Cartagena,9,3,27764,38466,9206,385,0,18172,0,25891,745,0,11830,0
2023-04-13,port218,Cartagena,9,6,14183,150645,0,7196,0,3025,3961,0,31713,0,118931,0
2023-04-14,port218,Cartagena,13,9,72367,20982,0,61388,4711,0,6268,0,19524,1457,0,0
2023-04-15,port218,Cartagena,9,4,2380,80596,0,0,0,2380,0,0,18295,0,62301,0
2023-04-16,port218,Cartagena,12,8,65071,3840,50376,10777,883,0,3034,0,2297,1457,0,85
2023-04-17,port218,Cartagena,8,6,11445,18156,0,7756,0,3688,0,0,18156,0,0,0
2023-04-18,port218,Cartagena,11,5,43692,135297,0,1614,3185,38893,0,2297,48003,1457,83538,0
2023-04-19,port218,Cartagena,9,3,70424,91188,0,10473,449,59500,0,0,4567,3858,82762,0
2023-04-20,port218,Cartagena,8,7,8952,21524,0,8952,0,0,0,0,20518,1005,0,0
2023-04-21,port218,Cartagena,9,7,17071,18207,0,16239,0,0,832,0,12430,5692,0,85
2023-04-22,port218,Cartagena,7,5,7780,43218,0,7780,0,0,0,0,41483,1734,0,0
2023-04-23,port218,Cartagena,12,6,113715,63725,0,13277,3416,93713,3307,17970,2281,0,43473,0
2023-04-24,port218,Cartagena,12,6,18023,71367,0,8011,1766,8244,0,28316,23501,2915,16634,0
2023-04-25,port218,Cartagena,4,4,7335,9075,0,7335,0,0,0,0,9075,0,0,0
2023-04-26,port218,Cartagena,10,6,5142,18701,0,5142,0,0,0,1786,15086,1829,0,0
2023-04-27,port218,Cartagena,11,9,34783,3663,0,33899,883,0,0,0,2205,1457,0,0
2023-04-28,port218,Cartagena,10,7,21010,57381,11182,6427,0,0,3399,10370,11848,0,35162,0
2023-04-29,port218,Cartagena,7,5,11146,54774,0,9955,1190,0,0,0,11747,0,43026,0
2023-04-30,port218,Cartagena,12,8,16071,26519,0,16071,0,0,0,0,19803,6715,0,0
2023-05-01,port218,Cartagena,11,7,35160,64531,0,16142,16365,2651,0,44061,20469,0,0,0
2023-05-02,port218,Cartagena,9,4,60451,86408,34610,18015,0,7316,508,0,8561,296,77551,0
2023-05-03,port218,Cartagena,11,6,21108,14486,0,12965,0,7223,919,8939,5546,0,0,0
2023-05-04,port218,Cartagena,13,10,29467,104016,0,26442,0,3025,0,66403,22337,0,11830,3445
2023-05-05,port218,Cartagena,19,9,108017,20286,0,13857,883,91971,1305,1638,13644,1457,3545,0
2023-05-06,port218,Cartagena,10,3,34287,66319,0,6942,0,27344,0,18940,4567,0,42811,0
2023-05-07,port218,Cartagena,9,8,14894,58424,0,14894,0,0,0,0,14253,0,44170,0
2023-05-08,port218,Cartagena,11,8,30847,17257,0,23017,1880,5949,0,0,17257,0,0,0
2023-05-09,port218,Cartagena,9,4,35477,50786,20067,14526,883,0,0,10370,11473,1457,27484,0
2023-05-10,port218,Cartagena,8,5,68869,24097,61007,7861,0,0,0,0,9723,2705,11669,0
2023-05-11,port218,Cartagena,12,8,25596,79651,0,25260,336,0,0,0,12866,3831,62953,0
2023-05-12,port218,Cartagena,6,3,13877,15161,0,2942,883,10050,0,0,13704,1457,0,0
2023-05-13,port218,Cartagena,6,4,23866,2283,0,16572,0,7294,0,0,2283,0,0,0
2023-05-14,port218,Cartagena,15,10,16857,32273,0,15974,883,0,0,778,23393,6077,2024,0
2023-05-15,port218,Cartagena,11,6,23587,58301,0,19952,0,1084,2551,0,8745,0,49556,0
2023-05-16,port218,Cartagena,6,3,40899,3883,0,39184,883,0,832,0,2340,1457,0,85
2023-05-17,port218,Cartagena,9,4,9722,42732,0,6898,883,0,1941,35248,2669,1457,3355,0
2023-05-18,port218,Cartagena,13,9,39630,70082,0,38474,1155,0,0,0,23757,1734,44590,0
2023-05-19,port218,Cartagena,11,8,19987,9166,0,19987,0,0,0,2143,5227,1795,0,0
2023-05-20,port218,Cartagena,5,3,16577,9175,0,14640,0,0,1937,0,2283,0,6891,0
2023-05-21,port218,Cartagena,13,8,32290,15260,13850,17556,883,0,0,0,8779,6480,0,0
2023-05-22,port218,Cartagena,10,7,12367,141376,0,12367,0,0,0,15929,6612,0,118834,0
2023-05-23,port218,Cartagena,8,4,50594,52192,0,21248,0,26786,2559,0,6191,0,46000,0
2023-05-24,port218,Cartagena,11,7,17687,14298,0,12484,883,4319,0,0,12840,1457,0,0
2023-05-25,port218,Cartagena,13,8,23506,69746,4819,16971,883,0,832,12185,20979,1457,35038,85
2023-05-26,port218,Cartagena,8,5,32075,29465,0,16873,0,15201,0,11979,1775,0,15711,0
2023-05-27,port218,Cartagena,12,6,19014,28760,0,9249,883,8881,0,6343,18666,3123,627,0
2023-05-28,port218,Cartagena,11,10,25795,18361,0,25795,0,0,0,0,15006,0,3355,0
2023-05-29,port218,Cartagena,5,4,9017,17985,0,9017,0,0,0,0,12481,5503,0,0
2023-05-30,port218,Cartagena,13,6,57975,59849,44842,3682,0,7236,2214,19106,19292,139,21225,85
2023-05-31,port218,Cartagena,11,7,89589,20848,82428,7161,0,0,0,0,20848,0,0,0
2023-06-01,port218,Cartagena,11,4,26746,78664,0,2942,883,22920,0,12941,14303,1457,49088,872
2023-06-02,port218,Cartagena,10,8,112467,7993,0,30908,0,81558,0,0,7993,0,0,0
2023-06-03,port218,Cartagena,4,3,20743,6046,0,12498,0,8244,0,0,6046,0,0,0
2023-06-04,port218,Cartagena,10,7,20254,46674,9307,10063,883,0,0,0,10697,1457,34519,0
2023-06-05,port218,Cartagena,13,6,21376,84635,0,12096,0,9279,0,54556,4163,1734,24180,0
2023-06-06,port218,Cartagena,7,5,0,101566,0,0,0,0,0,0,20265,0,81301,0
2023-06-07,port218,Cartagena,8,6,10770,8709,0,10545,224,0,0,0,6779,1929,0,0
2023-06-08,port218,Cartagena,9,5,11844,13448,0,2654,0,7316,1874,0,11051,2396,0,0
2023-06-09,port218,Cartagena,16,10,36885,66133,0,32079,0,4806,0,1638,12777,0,51717,0
2023-06-10,port218,Cartagena,8,6,18432,108204,0,15861,0,0,2571,65874,42329,0,0,0
2023-06-11,port218,Cartagena,13,9,26326,29112,0,19712,883,5730,0,0,15824,1457,11830,0
2023-06-12,port218,Cartagena,9,5,9344,49860,0,6934,2230,179,0,0,10901,2193,36765,0
2023-06-13,port218,Cartagena,4,4,3355,10078,0,3355,0,0,0,0,10078,0,0,0
2023-06-14,port218,Cartagena,12,4,40521,1543,1470,15804,17481,5764,0,0,1543,0,0,0
2023-06-15,port218,Cartagena,9,6,1530,91628,0,646,883,0,0,0,15153,1457,75016,0
2023-06-16,port218,Cartagena,16,8,43082,124880,0,17145,1835,24100,0,0,19906,1690,103282,0
2023-06-17,port218,Cartagena,3,2,2942,20835,0,2942,0,0,0,17288,3547,0,0,0
2023-06-18,port218,Cartagena,18,10,35242,41450,0,26968,7814,0,459,11650,24514,1929,3355,0
2023-06-19,port218,Cartagena,10,6,33336,7173,17257,11862,883,3333,0,0,5715,1457,0,0
2023-06-20,port218,Cartagena,10,5,38254,98080,2271,24712,0,11270,0,0,0,4525,93554,0
2023-06-21,port218,Cartagena,10,6,27304,20404,0,9836,0,17468,0,0,17204,3200,0,0
2023-06-22,port218,Cartagena,8,7,18972,6823,0,18088,883,0,0,0,5365,1457,0,0
2023-06-23,port218,Cartagena,13,9,46930,78624,0,46097,0,0,832,2143,29932,0,46463,85
2023-06-24,port218,Cartagena,10,4,124831,53491,0,1995,2797,120039,0,0,17740,1457,34293,0
2023-06-25,port218,Cartagena,10,6,47091,107952,0,33084,0,10256,3749,0,7655,0,100297,0
2023-06-26,port218,Cartagena,12,8,54067,85954,0,13743,0,40323,0,51424,22700,0,11830,0
2023-06-27,port218,Cartagena,4,4,2592,9100,0,2592,0,0,0,0,9100,0,0,0
2023-06-28,port218,Cartagena,7,5,12189,5985,0,11306,883,0,0,0,4527,1457,0,0
2023-06-29,port218,Cartagena,16,8,29178,100930,0,9529,4300,14331,1017,556,16933,6170,77268,0
2023-06-30,port218,Cartagena,12,9,56234,12062,0,55402,0,0,832,0,6931,1690,3355,85
2023-07-01,port218,Cartagena,9,6,26146,70021,0,25982,164,0,0,48803,14759,0,6458,0
2023-07-02,port218,Cartagena,6,6,6147,5956,0,6147,0,0,0,0,5956,0,0,0
2023-07-03,port218,Cartagena,11,7,60312,98563,0,57077,883,2352,0,17288,5305,1457,74512,0
2023-07-04,port218,Cartagena,5,4,2942,18282,0,2942,0,0,0,2814,15467,0,0,0
2023-07-05,port218,Cartagena,9,6,13755,61857,0,10730,0,3025,0,0,12114,0,49743,0
2023-07-06,port218,Cartagena,14,8,66997,124351,55092,7154,883,0,3867,10370,13014,1457,99509,0
2023-07-07,port218,Cartagena,8,6,29516,12248,0,24771,0,4745,0,0,12248,0,0,0
2023-07-08,port218,Cartagena,12,8,29042,25872,0,17364,883,9769,1025,0,24135,1736,0,0
2023-07-09,port218,Cartagena,9,8,25586,8011,0,11814,0,13771,0,0,8011,0,0,0
2023-07-10,port218,Cartagena,17,7,100911,135268,53998,9694,1766,35450,0,60415,29837,2915,42099,0
2023-07-11,port218,Cartagena,8,3,5325,19931,0,2942,470,0,1912,2297,17633,0,0,0
2023-07-12,port218,Cartagena,12,4,17415,23669,0,8484,3533,3025,2372,0,2887,8952,11830,0
2023-07-13,port218,Cartagena,13,8,15224,34144,2022,5885,0,7316,0,10992,19734,3417,0,0
2023-07-14,port218,Cartagena,11,8,33549,55419,0,29631,883,0,3034,0,16574,1457,37387,0
2023-07-15,port218,Cartagena,6,3,27859,2814,0,25165,0,2694,0,0,2283,530,0,0
2023-07-16,port218,Cartagena,8,7,26851,52740,0,26851,0,0,0,0,5672,0,47067,0
2023-07-17,port218,Cartagena,8,6,60354,13104,29923,24273,0,6157,0,0,13104,0,0,0
2023-07-18,port218,Cartagena,7,5,53695,17468,44749,8945,0,0,0,0,16704,0,764,0
2023-07-19,port218,Cartagena,10,5,6355,208711,0,3329,0,3025,0,52747,22381,0,133582,0
2023-07-20,port218,Cartagena,10,5,14550,37778,3140,8053,3355,0,0,16299,16094,2028,3355,0
2023-07-21,port218,Cartagena,10,6,104406,18618,0,23517,883,77619,2385,0,17160,1457,0,0
2023-07-22,port218,Cartagena,10,6,13718,73378,0,11867,1850,0,0,0,26885,1457,45034,0
2023-07-23,port218,Cartagena,11,8,17258,41099,0,12277,0,4980,0,0,19873,0,21225,0
2023-07-24,port218,Cartagena,13,8,72097,27781,0,17799,883,53414,0,0,26323,1457,0,0
2023-07-25,port218,Cartagena,5,3,0,47757,0,0,0,0,0,33466,14290,0,0,0
2023-07-26,port218,Cartagena,8,6,8868,17496,0,6962,883,0,1023,0,16038,1457,0,0
2023-07-27,port218,Cartagena,14,7,27562,94169,0,14353,0,11367,1842,2143,15870,0,76154,0
2023-07-28,port218,Cartagena,8,8,8711,19796,0,8711,0,0,0,0,19796,0,0,0
2023-07-29,port218,Cartagena,10,6,36561,26154,0,25551,0,11009,0,1786,9695,0,14672,0
2023-07-30,port218,Cartagena,10,8,14669,32217,0,11537,0,3132,0,0,16073,0,16144,0
2023-07-31,port218,Cartagena,10,5,23913,7736,0,18227,1766,3919,0,0,4820,2915,0,0
2023-08-01,port218,Cartagena,4,3,12355,12702,0,12355,0,0,0,0,11012,1690,0,0
2023-08-02,port218,Cartagena,7,5,21843,8314,0,13318,280,8244,0,0,8314,0,0,0
2023-08-03,port218,Cartagena,10,9,8704,29464,0,8704,0,0,0,14275,15188,0,0,0
2023-08-04,port218,Cartagena,13,7,48086,67669,0,33318,0,14331,435,28606,8293,0,30768,0
2023-08-05,port218,Cartagena,10,6,20921,43311,0,20921,0,0,0,0,38288,4561,0,461
2023-08-06,port218,Cartagena,8,7,6220,12196,0,6220,0,0,0,0,10461,1734,0,0
2023-08-07,port218,Cartagena,16,9,58662,62921,29560,10618,4435,13591,457,39156,23764,0,0,0
2023-08-08,port218,Cartagena,8,4,1325,63602,0,442,883,0,0,0,8728,1457,53416,0
2023-08-09,port218,Cartagena,11,6,67792,26380,22365,45427,0,0,0,20741,2283,0,3355,0
2023-08-10,port218,Cartagena,12,9,29908,51649,4530,10252,793,14331,0,0,20881,0,30768,0
2023-08-11,port218,Cartagena,11,7,21264,58054,0,20381,883,0,0,2143,18382,1457,36070,0
2023-08-12,port218,Cartagena,6,5,23522,27625,0,15282,0,8239,0,0,27625,0,0,0
2023-08-13,port218,Cartagena,12,6,43914,38588,25203,6641,0,10532,1536,34517,4070,0,0,0
2023-08-14,port218,Cartagena,11,4,22904,94497,0,9860,0,10341,2702,0,5778,0,88718,0
2023-08-15,port218,Cartagena,9,6,18877,27039,12157,3937,890,1890,0,0,27039,0,0,0
2023-08-16,port218,Cartagena,8,5,39048,85156,0,36473,0,0,2574,0,6788,0,78367,0
2023-08-17,port218,Cartagena,13,7,55158,65096,45446,8828,883,0,0,37232,23273,1457,3131,0
2023-08-18,port218,Cartagena,5,4,885,5662,0,258,0,627,0,0,5662,0,0,0
2023-08-19,port218,Cartagena,8,3,42387,28738,0,18478,883,21015,2010,0,23924,1457,3355,0
2023-08-20,port218,Cartagena,9,9,15905,13145,0,15905,0,0,0,0,13145,0,0,0
2023-08-21,port218,Cartagena,9,5,78837,19770,0,7254,883,70700,0,0,12259,7510,0,0
2023-08-22,port218,Cartagena,8,5,12361,17067,0,4690,0,7670,0,0,15376,1690,0,0
2023-08-23,port218,Cartagena,7,6,10060,13740,5840,4219,0,0,0,0,13740,0,0,0
2023-08-24,port218,Cartagena,15,12,23826,115164,0,22807,0,0,1019,0,28336,11171,75656,0
2023-08-25,port218,Cartagena,12,7,61971,80861,0,58822,883,2265,0,0,4296,1457,75107,0
2023-08-26,port218,Cartagena,11,4,31920,125685,0,28888,6,3025,0,65038,5904,3831,50911,0
2023-08-27,port218,Cartagena,7,6,32787,10576,0,32787,0,0,0,2143,8432,0,0,0
2023-08-28,port218,Cartagena,11,7,51228,65544,28948,7115,0,14331,832,11979,22711,0,30768,85
2023-08-29,port218,Cartagena,12,6,22159,82178,0,0,0,21647,511,13516,34538,0,34124,0
2023-08-30,port218,Cartagena,9,6,10790,74617,0,6881,883,3025,0,0,18102,1457,55056,0
2023-08-31,port218,Cartagena,12,7,48270,20550,3467,29365,883,14554,0,0,11687,8862,0,0
2023-09-01,port218,Cartagena,8,5,52400,40798,0,51516,883,0,0,17618,21721,1457,0,0
2023-09-02,port218,Cartagena,8,4,27978,50603,5340,16496,0,6140,0,0,9370,1690,39542,0
2023-09-03,port218,Cartagena,8,7,7976,32523,0,4576,0,0,3399,0,32523,0,0,0
2023-09-04,port218,Cartagena,8,7,20831,20196,0,12586,0,8244,0,0,20196,0,0,0
2023-09-05,port218,Cartagena,12,7,31109,39246,17340,5146,0,8623,0,0,15092,2928,21225,0
2023-09-06,port218,Cartagena,10,5,10280,50156,0,8739,224,0,1316,0,6323,3664,40083,85
2023-09-07,port218,Cartagena,11,9,26544,28251,0,11860,3101,11582,0,0,28251,0,0,0
2023-09-08,port218,Cartagena,10,6,17835,36954,0,14809,0,3025,0,2668,22456,0,11830,0
2023-09-09,port218,Cartagena,6,4,17092,49912,0,17092,0,0,0,0,6872,0,43039,0
2023-09-10,port218,Cartagena,17,9,40732,53260,0,23568,970,15361,832,2297,10793,0,40083,85
2023-09-11,port218,Cartagena,10,9,11219,15906,0,10335,883,0,0,0,14448,1457,0,0
2023-09-12,port218,Cartagena,6,3,7531,69896,0,2942,0,4588,0,53700,16195,0,0,0
2023-09-13,port218,Cartagena,10,6,90482,5183,9266,43375,655,37185,0,0,4795,387,0,0
2023-09-14,port218,Cartagena,7,6,20492,51015,0,20492,0,0,0,0,14588,0,36427,0
2023-09-15,port218,Cartagena,10,6,60201,42684,0,327,0,59874,0,0,11916,0,30768,0
2023-09-16,port218,Cartagena,11,7,18008,42893,0,9126,0,8881,0,18279,24614,0,0,0
2023-09-17,port218,Cartagena,13,7,21660,14884,0,18452,2123,1084,0,10662,2763,1457,0,0
2023-09-18,port218,Cartagena,13,7,26635,13117,0,15447,6,10156,1025,0,9286,3831,0,0
2023-09-19,port218,Cartagena,8,4,23412,116035,0,22528,883,0,0,61701,9435,1457,43439,0
2023-09-20,port218,Cartagena,11,7,85551,156022,0,11244,0,74306,0,58650,14772,0,82599,0
2023-09-21,port218,Cartagena,11,8,4906,34200,0,2942,883,1080,0,0,31007,3192,0,0
2023-09-22,port218,Cartagena,7,4,6747,22962,0,5206,0,0,1540,1786,13555,0,7620,0
2023-09-23,port218,Cartagena,8,5,31873,11984,0,18686,0,13186,0,0,7449,4534,0,0
2023-09-24,port218,Cartagena,9,6,14950,5596,0,13488,629,0,832,0,5511,0,0,85
2023-09-25,port218,Cartagena,10,7,25562,13408,0,21401,883,2255,1023,0,11950,1457,0,0
2023-09-26,port218,Cartagena,8,6,6755,21575,0,6693,61,0,0,0,18828,2746,0,0
2023-09-27,port218,Cartagena,12,5,60521,19304,30666,28972,883,0,0,2143,15190,1457,0,511
2023-09-28,port218,Cartagena,11,8,21180,18784,0,21180,0,0,0,0,18784,0,0,0
2023-09-29,port218,Cartagena,9,6,44104,12635,20244,23860,0,0,0,0,9279,0,3355,0
2023-09-30,port218,Cartagena,11,5,33977,76223,0,9328,883,22933,832,18279,25632,1457,30768,85
2023-10-01,port218,Cartagena,11,6,47621,28448,0,10175,883,36563,0,0,6070,16190,5677,511
2023-10-02,port218,Cartagena,10,7,27456,23343,0,17150,0,9473,832,0,20550,2707,0,85
2023-10-03,port218,Cartagena,11,8,11982,69879,0,8073,883,3025,0,0,11051,1457,57370,0
2023-10-04,port218,Cartagena,11,6,33571,14184,8729,20732,883,3225,0,0,6701,7483,0,0
2023-10-05,port218,Cartagena,10,7,53036,17571,0,40541,0,12495,0,0,17300,271,0,0
2023-10-06,port218,Cartagena,10,7,91049,14534,55320,13097,0,22631,0,0,14534,0,0,0
2023-10-07,port218,Cartagena,8,5,24726,56860,0,24726,0,0,0,0,19564,1734,35561,0
2023-10-08,port218,Cartagena,10,6,10933,99703,0,10049,883,0,0,0,15860,1457,82385,0
2023-10-09,port218,Cartagena,15,7,97493,85729,57478,29758,0,10256,0,14273,13406,0,58049,0
2023-10-10,port218,Cartagena,12,7,7765,18327,0,4767,6,2158,832,0,12633,5608,0,85
2023-10-11,port218,Cartagena,10,5,47770,23086,0,41083,2640,3025,1021,0,6851,4405,11830,0
2023-10-12,port218,Cartagena,8,6,18620,31463,11182,6554,883,0,0,10370,19635,1457,0,0
2023-10-13,port218,Cartagena,11,8,66207,36324,0,52402,0,13804,0,0,31517,0,4807,0
2023-10-14,port218,Cartagena,9,5,118996,52490,0,29708,0,89287,0,2143,16119,3459,30768,0
2023-10-15,port218,Cartagena,9,7,5885,23121,0,5885,0,0,0,330,22791,0,0,0
2023-10-16,port218,Cartagena,11,7,30004,17768,0,22859,0,7145,0,0,10851,6459,0,457
2023-10-17,port218,Cartagena,10,5,14843,24751,0,0,0,12959,1883,0,17211,0,7539,0
2023-10-18,port218,Cartagena,11,8,38043,55004,0,38043,0,0,0,559,17504,0,36427,513
2023-10-19,port218,Cartagena,10,5,10771,138385,0,2942,0,7316,512,0,23773,0,114612,0
2023-10-20,port218,Cartagena,11,8,18904,55684,0,18021,883,0,0,0,15459,1457,38767,0
2023-10-21,port218,Cartagena,9,7,68074,27852,29350,37892,0,0,832,0,27766,0,0,85
2023-10-22,port218,Cartagena,10,6,17497,13256,0,3748,0,13748,0,0,4247,0,9009,0
2023-10-23,port218,Cartagena,10,6,14779,43633,0,4143,4300,6335,0,0,20949,1457,21225,0
2023-10-24,port218,Cartagena,10,5,23377,115392,0,20596,224,0,2555,37804,16550,1929,59108,0
2023-10-25,port218,Cartagena,5,2,12867,5199,0,3430,1766,7670,0,0,2283,2915,0,0
2023-10-26,port218,Cartagena,13,10,65078,12554,0,25549,883,38645,0,0,11096,1457,0,0
2023-10-27,port218,Cartagena,11,7,31364,80843,0,20286,883,10194,0,64112,15273,1457,0,0
2023-10-28,port218,Cartagena,9,7,24402,6972,0,24402,0,0,0,0,3616,0,3355,0
2023-10-29,port218,Cartagena,7,5,7974,23079,0,4065,883,3025,0,0,9791,1457,11830,0
2023-10-30,port218,Cartagena,12,8,34303,53819,11162,22258,883,0,0,0,15934,1457,36427,0
2023-10-31,port218,Cartagena,8,6,36134,28335,11182,16706,0,8244,0,10370,17964,0,0,0
2023-11-01,port218,Cartagena,7,4,14164,11413,0,8102,883,5178,0,0,9955,1457,0,0
2023-11-02,port218,Cartagena,12,8,54740,27787,0,54740,0,0,0,18279,9508,0,0,0
2023-11-03,port218,Cartagena,9,7,32488,8698,0,31998,6,0,483,0,4867,3831,0,0
2023-11-04,port218,Cartagena,8,6,16998,48174,0,16115,883,0,0,0,13604,1457,33112,0
2023-11-05,port218,Cartagena,13,7,29025,67897,2384,23647,0,2993,0,0,21176,1690,45029,0
2023-11-06,port218,Cartagena,9,5,15661,11584,0,14265,883,0,512,2297,7828,1457,0,0
2023-11-07,port218,Cartagena,8,6,5608,18273,0,5608,0,0,0,6954,9584,1734,0,0
2023-11-08,port218,Cartagena,10,6,13979,11693,0,7518,0,6461,0,0,11531,161,0,0
2023-11-09,port218,Cartagena,12,6,129960,32919,0,18428,883,110648,0,0,6880,1457,24581,0
2023-11-10,port218,Cartagena,10,6,44227,58509,0,43667,560,0,0,0,17897,0,40612,0
2023-11-11,port218,Cartagena,8,5,17449,11493,0,9192,0,5392,2864,0,9682,1810,0,0
2023-11-12,port218,Cartagena,12,7,85210,10296,0,4685,8701,71823,0,0,8367,1929,0,0
2023-11-13,port218,Cartagena,13,9,27776,20041,0,24808,883,2085,0,0,18583,1457,0,0
2023-11-14,port218,Cartagena,7,5,20227,16601,0,20227,0,0,0,0,15554,1047,0,0
2023-11-15,port218,Cartagena,10,6,93666,90654,20791,36549,883,35442,0,0,19407,1457,69789,0
2023-11-16,port218,Cartagena,10,6,35185,70304,0,11957,0,23228,0,0,5902,0,64401,0
2023-11-17,port218,Cartagena,13,6,8529,112099,0,7535,0,993,0,55728,12889,1665,41815,0
2023-11-18,port218,Cartagena,10,6,23199,25285,0,22316,883,0,0,0,18141,3787,3355,0
2023-11-19,port218,Cartagena,9,8,4336,20499,0,4336,0,0,0,0,20166,0,332,0
2023-11-20,port218,Cartagena,9,5,38013,85019,10894,26286,0,0,832,0,13543,0,71390,85
2023-11-21,port218,Cartagena,5,4,12955,5275,0,12955,0,0,0,0,5275,0,0,0
2023-11-22,port218,Cartagena,7,6,23688,3822,0,22145,0,0,1543,0,3822,0,0,0
2023-11-23,port218,Cartagena,13,6,69747,67696,42161,26702,883,0,0,17929,8624,2961,38181,0
2023-11-24,port218,Cartagena,10,7,33288,42362,0,27237,0,6051,0,0,16967,1734,23660,0
2023-11-25,port218,Cartagena,11,7,59490,29054,47343,6967,0,5178,0,0,23624,5429,0,0
2023-11-26,port218,Cartagena,12,8,81587,15410,0,58479,0,23107,0,0,13783,0,1626,0
2023-11-27,port218,Cartagena,12,7,8706,78670,0,5885,883,0,1937,0,35159,3123,40387,0
2023-11-28,port218,Cartagena,8,6,3934,20256,0,3504,0,430,0,0,20256,0,0,0
2023-11-29,port218,Cartagena,9,5,32009,68214,0,31119,890,0,0,11979,9816,5288,41130,0
2023-11-30,port218,Cartagena,8,6,34295,499,0,34295,0,0,0,499,0,0,0,0
2023-12-01,port218,Cartagena,12,7,20880,21296,13969,4681,883,1345,0,0,16482,1457,3355,0
2023-12-02,port218,Cartagena,12,8,28575,21525,0,23909,883,3782,0,0,19927,1597,0,0
2023-12-03,port218,Cartagena,7,6,3691,17365,0,3691,0,0,0,0,13540,3825,0,0
2023-12-04,port218,Cartagena,9,6,3453,110841,0,2942,0,0,510,56202,13508,0,41130,0
2023-12-05,port218,Cartagena,11,7,18409,27878,0,8066,6,9313,1023,0,24046,3831,0,0
2023-12-06,port218,Cartagena,10,8,22273,36703,0,22273,0,0,0,18940,17762,0,0,0
2023-12-07,port218,Cartagena,12,7,23343,80149,0,18586,883,0,3873,0,10006,1457,68599,85
2023-12-08,port218,Cartagena,15,7,19057,135762,2591,6713,831,8921,0,27542,32369,1690,74158,0
2023-12-09,port218,Cartagena,8,5,56579,63137,0,52790,6,3782,0,0,17744,3831,41561,0
2023-12-10,port218,Cartagena,13,7,131258,46127,0,25303,883,103537,1533,0,13901,1457,30768,0
2023-12-11,port218,Cartagena,11,8,17710,27721,0,7353,883,9473,0,0,24907,2813,0,0
2023-12-12,port218,Cartagena,12,5,81780,35449,11182,22519,0,48077,0,12668,22781,0,0,0
2023-12-13,port218,Cartagena,5,5,11816,12312,0,11816,0,0,0,0,12312,0,0,0
2023-12-14,port218,Cartagena,10,9,14226,16446,0,14226,0,0,0,0,16244,201,0,0
2023-12-15,port218,Cartagena,12,7,44335,125796,0,30003,0,14331,0,1174,5551,0,119070,0
2023-12-16,port218,Cartagena,6,5,34984,14121,0,18847,0,16136,0,0,14121,0,0,0
2023-12-17,port218,Cartagena,11,7,25422,112062,0,22397,0,3025,0,12483,6063,0,93515,0
2023-12-18,port218,Cartagena,14,9,29593,25266,0,23526,883,5183,0,0,7567,5868,11830,0
2023-12-19,port218,Cartagena,13,6,25421,83543,3799,18230,3391,0,0,26298,4994,2302,49947,0
2023-12-20,port218,Cartagena,7,4,5885,120210,0,5885,0,0,0,0,5707,0,114503,0
2023-12-21,port218,Cartagena,12,7,42029,85750,11182,29963,883,0,0,22021,20709,1457,41561,0
2023-12-22,port218,Cartagena,8,5,10871,13901,2420,7967,0,0,483,0,13901,0,0,0
2023-12-23,port218,Cartagena,8,5,28069,31937,0,20753,0,7316,0,1490,20112,0,10335,0
2023-12-24,port218,Cartagena,16,9,38939,111884,0,11334,16339,11265,0,19609,31470,1457,59346,0
2023-12-25,port218,Cartagena,9,7,33541,102898,0,33541,0,0,0,0,11432,0,91465,0
2023-12-26,port218,Cartagena,8,5,26384,26640,0,13086,0,13297,0,0,14810,0,11830,0
2023-12-27,port218,Cartagena,9,7,20689,18545,0,19806,883,0,0,0,16946,1599,0,0
2023-12-28,port218,Cartagena,11,8,19722,15268,0,14221,224,5276,0,0,6501,1929,6837,0
2023-12-29,port218,Cartagena,17,9,46446,61442,0,40770,2649,3025,0,0,19030,5639,36772,0
2023-12-30,port218,Cartagena,6,5,22211,4567,0,22211,0,0,0,0,4567,0,0,0
2023-12-31,port218,Cartagena,12,7,54463,43195,8844,29520,1766,14331,0,0,9511,2915,30768,0
2024-01-01,port218,Cartagena,8,2,75451,35713,0,5885,1380,68184,0,31146,4567,0,0,0
2024-01-02,port218,Cartagena,10,6,19794,40702,11182,5502,0,3109,0,12668,19772,5925,2335,0
2024-01-03,port218,Cartagena,8,6,20152,22591,0,15379,0,4772,0,0,22591,0,0,0
2024-01-04,port218,Cartagena,12,8,16632,35626,0,11246,0,2974,2410,0,16565,0,19061,0
2024-01-05,port218,Cartagena,10,5,109779,14839,72132,26937,3827,6882,0,0,13381,1457,0,0
2024-01-06,port218,Cartagena,8,7,7250,26787,0,7250,0,0,0,0,24864,1923,0,0
2024-01-07,port218,Cartagena,7,7,10013,8416,0,10013,0,0,0,0,8416,0,0,0
2024-01-08,port218,Cartagena,9,7,26862,34641,0,26029,0,0,832,1638,32918,0,0,85
2024-01-09,port218,Cartagena,8,4,14209,26553,0,5597,224,8387,0,11543,13081,1929,0,0
2024-01-10,port218,Cartagena,10,6,61509,30120,0,52917,883,7708,0,0,12957,1457,15705,0
2024-01-11,port218,Cartagena,13,6,26133,98495,0,16730,883,7688,832,18279,3796,1457,74876,85
2024-01-12,port218,Cartagena,16,9,58321,26895,0,37858,4424,13075,2961,611,22869,3387,0,27
2024-01-13,port218,Cartagena,11,9,27717,18114,0,27717,0,0,0,4838,9920,0,3355,0
2024-01-14,port218,Cartagena,10,6,62907,17777,29524,25519,0,7864,0,11650,4776,1350,0,0
2024-01-15,port218,Cartagena,12,6,25798,23490,11182,7535,883,5276,920,10370,11549,1457,113,0
2024-01-16,port218,Cartagena,10,5,31902,55835,11182,10128,1414,9177,0,10370,44006,1457,0,0
2024-01-17,port218,Cartagena,13,5,55057,88181,0,38591,7203,9262,0,1490,25127,5288,56274,0
2024-01-18,port218,Cartagena,11,8,17680,15828,1642,15154,883,0,0,0,14370,1457,0,0
2024-01-19,port218,Cartagena,12,7,23034,67045,0,17078,0,5124,832,0,22339,0,44621,85
2024-01-20,port218,Cartagena,8,6,9870,11012,0,7711,0,2158,0,2297,8715,0,0,0
2024-01-21,port218,Cartagena,7,6,25684,51542,0,25684,0,0,0,0,19269,0,32273,0
2024-01-22,port218,Cartagena,9,5,10132,85256,0,6223,883,3025,0,0,11616,1457,72182,0
2024-01-23,port218,Cartagena,9,7,27626,56243,0,26743,883,0,0,0,12248,1457,42536,0
2024-01-24,port218,Cartagena,8,4,15143,86752,0,6517,0,8626,0,82562,4189,0,0,0
2024-01-25,port218,Cartagena,14,8,34299,75988,0,22049,0,9698,2550,0,13011,2034,60941,0
2024-01-26,port218,Cartagena,10,7,16913,84455,0,9597,0,7316,0,60843,21153,2459,0,0
2024-01-27,port218,Cartagena,11,8,38421,81838,0,38421,0,0,0,18279,21022,0,42536,0
2024-01-28,port218,Cartagena,10,7,8887,21391,0,2727,883,5276,0,0,18153,3123,113,0
2024-01-29,port218,Cartagena,9,6,79174,18380,31092,11386,0,36696,0,0,18380,0,0,0
2024-01-30,port218,Cartagena,11,7,22543,46798,0,12286,0,10256,0,0,11862,0,34936,0
2024-01-31,port218,Cartagena,8,6,23056,91054,0,10790,0,12265,0,0,5108,0,85945,0
2024-02-01,port218,Cartagena,9,7,18938,27558,0,18054,883,0,0,11561,14539,1457,0,0
2024-02-02,port218,Cartagena,14,10,87153,30690,0,12513,883,73756,0,0,25876,1457,3355,0
2024-02-03,port218,Cartagena,5,4,41175,13842,0,35732,5443,0,0,0,13842,0,0,0
2024-02-04,port218,Cartagena,10,7,6447,35963,0,3440,2578,428,0,0,34944,0,0,1018
2024-02-05,port218,Cartagena,12,7,23775,54843,0,20289,883,2168,434,0,14455,1457,38929,0
2024-02-06,port218,Cartagena,13,8,31532,45292,0,23623,0,7076,832,12307,21070,0,11830,85
2024-02-07,port218,Cartagena,8,5,18048,26480,0,10377,0,7670,0,0,17071,9408,0,0
2024-02-08,port218,Cartagena,10,7,21083,10232,0,21083,0,0,0,2297,7934,0,0,0
2024-02-09,port218,Cartagena,13,7,11380,43177,5296,3484,1766,0,832,0,18324,9063,15705,85
2024-02-10,port218,Cartagena,12,7,87640,67418,0,15439,224,71976,0,46954,18534,1929,0,0
2024-02-11,port218,Cartagena,10,4,84598,10910,46269,4048,0,34280,0,0,10910,0,0,0
2024-02-12,port218,Cartagena,11,7,32187,45684,0,30123,2063,0,0,0,6237,1259,38187,0
2024-02-13,port218,Cartagena,8,6,5885,34597,0,5885,0,0,0,0,31049,3548,0,0
2024-02-14,port218,Cartagena,14,9,21958,61978,0,21075,883,0,0,18279,13320,1457,28920,0
2024-02-15,port218,Cartagena,8,6,100452,7806,49649,50802,0,0,0,0,7806,0,0,0
2024-02-16,port218,Cartagena,11,8,44864,97563,0,25256,0,19607,0,60493,6188,0,30881,0
2024-02-17,port218,Cartagena,10,5,51755,6881,0,48145,389,2736,484,2668,2283,1929,0,0
2024-02-18,port218,Cartagena,14,7,36965,76774,0,20918,883,14331,832,0,14405,1457,60826,85
2024-02-19,port218,Cartagena,8,7,29623,16954,0,24347,0,5276,0,0,16840,0,113,0
2024-02-20,port218,Cartagena,9,6,19708,89141,13346,6355,6,0,0,0,13838,3831,71471,0
2024-02-21,port218,Cartagena,14,6,53090,57719,0,47950,814,4325,0,0,18952,6939,31828,0
2024-02-22,port218,Cartagena,7,7,10743,19830,0,10743,0,0,0,0,19830,0,0,0
2024-02-23,port218,Cartagena,14,9,24199,69401,11182,12133,883,0,0,10370,14870,1457,42702,0
2024-02-24,port218,Cartagena,9,8,23291,28158,0,23291,0,0,0,2297,25860,0,0,0
2024-02-25,port218,Cartagena,9,8,11475,3167,0,10592,883,0,0,0,1709,1457,0,0
2024-02-26,port218,Cartagena,12,8,33339,44941,11182,9564,0,12592,0,10370,34457,0,113,0
2024-02-27,port218,Cartagena,11,8,3722,93345,0,3716,6,0,0,0,49754,3831,39760,0
2024-02-28,port218,Cartagena,9,7,18524,14396,0,18524,0,0,0,0,12705,1690,0,0
2024-02-29,port218,Cartagena,12,7,60295,34980,11182,30812,0,17468,832,10370,20390,4134,0,85
2024-03-01,port218,Cartagena,13,6,65120,36561,26635,25621,5408,7453,0,11650,18639,2915,3355,0
2024-03-02,port218,Cartagena,10,4,36739,86779,0,14163,0,22576,0,0,4585,0,82194,0
2024-03-03,port218,Cartagena,8,5,25986,79132,0,25154,0,0,832,0,6106,0,72940,85
2024-03-04,port218,Cartagena,17,6,34571,52889,11182,6560,5997,7531,3299,31407,18847,2635,0,0
2024-03-05,port218,Cartagena,10,9,21203,19644,2322,18881,0,0,0,0,19644,0,0,0
2024-03-06,port218,Cartagena,9,5,53176,67103,0,7075,0,46100,0,0,21328,0,45774,0
2024-03-07,port218,Cartagena,9,7,162482,9183,143037,14168,0,5276,0,0,9070,0,113,0
2024-03-08,port218,Cartagena,9,6,29017,57243,0,14909,0,14107,0,0,15901,0,41342,0
2024-03-09,port218,Cartagena,14,7,38098,49060,2919,22556,420,12202,0,0,22390,14840,11830,0
2024-03-10,port218,Cartagena,10,8,39622,27462,0,38657,0,0,965,0,20165,0,7297,0
2024-03-11,port218,Cartagena,15,6,32638,123838,11182,5781,883,14331,459,10370,29380,3192,80894,0
2024-03-12,port218,Cartagena,9,6,24300,15470,0,23833,6,0,460,0,10779,4690,0,0
2024-03-13,port218,Cartagena,8,6,21953,13165,0,14637,0,7316,0,2297,10867,0,0,0
2024-03-14,port218,Cartagena,13,7,12456,68961,0,5583,0,6362,511,0,17769,1690,49500,0
2024-03-15,port218,Cartagena,10,9,19877,14071,0,17993,0,0,1883,0,14071,0,0,0
2024-03-16,port218,Cartagena,11,8,61800,32199,3170,53649,0,4980,0,0,10974,0,21225,0
2024-03-17,port218,Cartagena,9,5,4314,28123,0,2617,883,813,0,0,10960,1457,15705,0
2024-03-18,port218,Cartagena,9,7,20441,19513,0,18528,1913,0,0,0,19513,0,0,0
2024-03-19,port218,Cartagena,10,5,34663,14991,1422,24996,0,8244,0,0,14991,0,0,0
2024-03-20,port218,Cartagena,9,5,35093,81608,0,24119,0,8921,2052,3300,12383,0,65924,0
2024-03-21,port218,Cartagena,9,6,73441,22519,0,2788,883,69769,0,0,18819,1457,2241,0
2024-03-22,port218,Cartagena,14,12,70777,8371,47956,22820,0,0,0,0,8371,0,0,0
2024-03-23,port218,Cartagena,11,7,42287,68354,22727,17401,0,2158,0,0,27331,1690,39332,0
2024-03-24,port218,Cartagena,14,8,16858,42259,0,11923,883,4051,0,12307,10533,3713,15705,0
2024-03-25,port218,Cartagena,9,6,68568,56634,0,33648,0,34920,0,46793,9841,0,0,0
2024-03-26,port218,Cartagena,10,3,9676,34399,0,8134,6,0,1535,18279,4567,11553,0,0
2024-03-27,port218,Cartagena,9,7,5498,61027,0,5498,0,0,0,0,24425,0,36093,508
2024-03-28,port218,Cartagena,11,6,33442,21372,0,15598,235,17607,0,0,6587,1932,11830,1022
2024-03-29,port218,Cartagena,12,8,30877,10691,0,29993,883,0,0,0,8066,2624,0,0
2024-03-30,port218,Cartagena,6,5,14047,15637,0,14047,0,0,0,2297,13339,0,0,0
2024-03-31,port218,Cartagena,9,8,20479,19502,0,20479,0,0,0,0,3797,0,15705,0
2024-04-01,port218,Cartagena,13,7,47521,41693,682,27328,0,19510,0,0,9810,0,31882,0
2024-04-02,port218,Cartagena,7,6,17373,18589,0,16541,0,0,832,0,18504,0,0,85
2024-04-03,port218,Cartagena,9,6,12819,77661,0,12819,0,0,0,34941,5041,1690,35987,0
2024-04-04,port218,Cartagena,12,7,29087,21461,18953,7181,314,2553,83,0,21461,0,0,0
2024-04-05,port218,Cartagena,14,9,51182,20629,0,39348,883,10950,0,3379,15405,1844,0,0
2024-04-06,port218,Cartagena,9,6,43928,98446,0,25977,17119,0,832,0,17566,0,80795,85
2024-04-07,port218,Cartagena,10,6,10556,56113,0,6631,1766,2158,0,0,10709,2915,42487,0
2024-04-08,port218,Cartagena,10,6,43659,23887,0,34234,6,8586,832,15436,4534,3831,0,85
2024-04-09,port218,Cartagena,12,8,12414,50281,11182,1231,0,0,0,10370,35290,4619,0,0
2024-04-10,port218,Cartagena,11,6,14978,68522,0,6475,0,7670,832,3592,19837,0,45007,85
2024-04-11,port218,Cartagena,8,6,8828,23764,0,8828,0,0,0,0,21957,1807,0,0
2024-04-12,port218,Cartagena,14,8,34857,90319,0,32633,1766,0,458,0,8077,2915,79326,0
2024-04-13,port218,Cartagena,13,7,88109,20057,0,15706,0,72403,0,455,19601,0,0,0
2024-04-14,port218,Cartagena,5,4,1909,30033,0,1909,0,0,0,18940,11092,0,0,0
2024-04-15,port218,Cartagena,14,6,33438,91999,0,22814,7598,3025,0,0,5491,3123,83384,0
2024-04-16,port218,Cartagena,10,7,19855,61198,18271,1500,0,0,83,43803,17394,0,0,0
2024-04-17,port218,Cartagena,10,6,24776,11500,0,14713,0,9230,832,2451,8964,0,0,85
2024-04-18,port218,Cartagena,10,6,23977,4653,0,22210,1766,0,0,0,1738,2915,0,0
2024-04-19,port218,Cartagena,14,8,105865,32497,63401,41631,0,0,832,22021,10391,0,0,85
2024-04-20,port218,Cartagena,8,6,27984,4755,0,24553,0,1895,1535,0,4755,0,0,0
2024-04-21,port218,Cartagena,6,5,19524,9793,0,11994,0,7530,0,0,9793,0,0,0
2024-04-22,port218,Cartagena,13,6,60825,48032,1164,13741,0,45920,0,3379,4399,0,40253,0
2024-04-23,port218,Cartagena,11,8,22753,65363,0,5585,0,17167,0,0,23385,0,41977,0
2024-04-24,port218,Cartagena,11,7,16965,72198,0,13023,0,3109,832,0,30652,0,41460,85
2024-04-25,port218,Cartagena,7,5,9229,2858,0,5876,0,3352,0,0,2858,0,0,0
2024-04-26,port218,Cartagena,13,9,14080,67727,0,11406,224,2449,0,0,19420,1929,46378,0
2024-04-27,port218,Cartagena,11,9,49554,9747,0,48019,0,0,1535,0,9747,0,0,0
2024-04-28,port218,Cartagena,9,3,14280,61095,11170,0,0,3109,0,0,17242,0,43852,0
2024-04-29,port218,Cartagena,12,5,23623,37935,0,19796,883,591,2352,18279,16341,3314,0,0
2024-04-30,port218,Cartagena,13,7,53552,76902,11182,14562,0,27807,0,10370,5800,0,60731,0
2024-05-01,port218,Cartagena,10,6,15077,86955,7178,6933,0,0,965,37822,7803,0,41329,0
2024-05-02,port218,Cartagena,14,10,32930,23850,16329,15717,883,0,0,2297,20094,1457,0,0
2024-05-03,port218,Cartagena,8,5,8639,40971,0,3658,0,4980,0,0,15239,0,25731,0
2024-05-04,port218,Cartagena,7,5,11619,103108,0,6639,0,4980,0,0,12188,0,90920,0
2024-05-05,port218,Cartagena,9,7,16304,21756,0,15472,0,0,832,0,21671,0,0,85
2024-05-06,port218,Cartagena,11,6,39863,88267,0,15427,0,24435,0,7017,10856,0,70393,0
2024-05-07,port218,Cartagena,7,6,541,23871,0,541,0,0,0,0,23871,0,0,0
2024-05-08,port218,Cartagena,9,7,40649,5328,0,40649,0,0,0,0,5328,0,0,0
2024-05-09,port218,Cartagena,7,4,883,18215,0,0,883,0,0,12307,4449,1457,0,0
2024-05-10,port218,Cartagena,12,7,9977,116353,0,8790,673,0,513,55574,20140,0,40638,0
2024-05-11,port218,Cartagena,10,5,68631,86311,47678,18059,0,0,2893,0,7352,0,78959,0
2024-05-12,port218,Cartagena,10,5,30914,8868,4787,23677,0,2449,0,0,5359,3508,0,0
2024-05-13,port218,Cartagena,10,7,102338,30077,0,33136,0,69202,0,10705,19372,0,0,0
2024-05-14,port218,Cartagena,12,7,24765,89278,12178,7093,0,4980,512,0,24507,1690,63080,0
2024-05-15,port218,Cartagena,13,6,23302,111590,0,7208,0,15068,1025,18609,14548,0,78431,0
2024-05-16,port218,Cartagena,11,7,37844,108998,0,14335,0,23508,0,62419,15810,0,30768,0
2024-05-17,port218,Cartagena,9,5,10768,22950,0,5700,3043,0,2025,0,18136,1457,3355,0
2024-05-18,port218,Cartagena,12,8,79456,14385,0,56802,818,21835,0,2297,12087,0,0,0
2024-05-19,port218,Cartagena,8,6,23069,56296,0,23069,0,0,0,0,15487,1577,39232,0
2024-05-20,port218,Cartagena,9,5,25269,55316,0,13220,883,11165,0,0,5698,11003,38614,0
2024-05-21,port218,Cartagena,6,5,14605,116486,0,14605,0,0,0,87382,29103,0,0,0
2024-05-22,port218,Cartagena,13,7,17197,33015,1191,10305,920,4319,460,0,28258,4757,0,0
2024-05-23,port218,Cartagena,13,8,26792,13019,0,13557,0,13234,0,0,12906,0,113,0
2024-05-24,port218,Cartagena,13,7,26973,85301,0,21992,0,4980,0,7017,14883,0,63400,0
2024-05-25,port218,Cartagena,8,6,24824,50416,0,10492,0,14331,0,0,19648,0,30768,0
2024-05-26,port218,Cartagena,10,4,25104,157068,0,10773,0,14331,0,0,5636,1665,149766,0
2024-05-27,port218,Cartagena,7,4,30033,5522,0,11311,0,18721,0,0,5522,0,0,0
2024-05-28,port218,Cartagena,11,7,4724,57774,0,0,883,3841,0,18279,38037,1457,0,0
2024-05-29,port218,Cartagena,9,5,14827,103350,0,8593,6233,0,0,60624,4017,0,38708,0
2024-05-30,port218,Cartagena,9,8,30776,8474,0,30776,0,0,0,0,8474,0,0,0
2024-05-31,port218,Cartagena,13,8,28984,55327,0,12175,1766,12905,2137,0,15909,2915,36501,0
2024-06-01,port218,Cartagena,10,8,58320,14672,0,57300,0,0,1020,0,14672,0,0,0
2024-06-02,port218,Cartagena,15,9,82508,63507,11182,33067,0,38258,0,10370,9752,0,43384,0
2024-06-03,port218,Cartagena,10,8,64410,24878,0,59133,0,5276,0,2297,22466,0,113,0
2024-06-04,port218,Cartagena,10,6,14492,30468,0,3269,0,11223,0,12307,18161,0,0,0
2024-06-05,port218,Cartagena,5,4,3458,17347,0,3458,0,0,0,0,5567,0,11780,0
2024-06-06,port218,Cartagena,13,9,10082,23040,0,9198,883,0,0,0,18999,3148,892,0
2024-06-07,port218,Cartagena,9,6,16934,14885,3793,5885,0,7255,0,0,14885,0,0,0
2024-06-08,port218,Cartagena,8,5,39815,25968,0,22689,0,17126,0,0,25855,0,113,0
2024-06-09,port218,Cartagena,12,6,26404,111551,0,14461,1746,9177,1018,0,17564,1457,92529,0
2024-06-10,port218,Cartagena,9,6,38173,28802,11182,26107,883,0,0,10370,15252,1457,1721,0
2024-06-11,port218,Cartagena,13,7,20893,120721,0,12713,0,4980,3199,52476,7606,0,60552,85
2024-06-12,port218,Cartagena,9,7,5889,21894,0,5889,0,0,0,0,21894,0,0,0
2024-06-13,port218,Cartagena,14,10,35946,94366,0,20699,0,15246,0,0,12932,0,81433,0
2024-06-14,port218,Cartagena,12,6,35520,141232,0,34330,883,0,306,0,16331,10272,114629,0
2024-06-15,port218,Cartagena,6,5,22074,3931,0,22074,0,0,0,0,3931,0,0,0
2024-06-16,port218,Cartagena,11,7,27800,60287,0,11020,0,16780,0,0,26163,0,34124,0
2024-06-17,port218,Cartagena,7,4,7608,12629,0,5892,883,0,832,0,11086,1457,0,85
2024-06-18,port218,Cartagena,10,7,541,27550,0,541,0,0,0,0,24638,325,2586,0
2024-06-19,port218,Cartagena,7,7,16534,6666,0,16534,0,0,0,0,6666,0,0,0
2024-06-20,port218,Cartagena,15,8,37323,117320,0,25716,4041,7565,0,108969,8351,0,0,0
2024-06-21,port218,Cartagena,10,8,12946,58799,0,9445,3500,0,0,0,23750,0,35049,0
2024-06-22,port218,Cartagena,11,5,71423,23044,0,24213,0,46037,1172,0,9434,1665,11943,0
2024-06-23,port218,Cartagena,11,7,25452,158644,0,25452,0,0,0,64343,14719,8739,70841,0
2024-06-24,port218,Cartagena,9,6,32620,12373,13815,10456,0,8349,0,0,12373,0,0,0
2024-06-25,port218,Cartagena,9,7,26099,28379,0,26099,0,0,0,18609,9769,0,0,0
2024-06-26,port218,Cartagena,11,4,25350,37930,0,0,883,24467,0,0,30540,5365,2024,0
2024-06-27,port218,Cartagena,16,10,21769,39748,0,7898,2467,11403,0,0,20684,0,19063,0
2024-06-28,port218,Cartagena,9,5,14984,57873,0,4860,0,10124,0,0,9007,0,48865,0
2024-06-29,port218,Cartagena,11,5,48636,80855,0,34305,0,14331,0,0,8384,4534,67936,0
2024-06-30,port218,Cartagena,11,7,106570,34166,11935,26456,0,68178,0,12635,4531,0,16999,0
2024-07-01,port218,Cartagena,5,3,7560,6016,0,1900,0,5659,0,0,6016,0,0,0
2024-07-02,port218,Cartagena,8,7,26551,27434,0,25718,0,0,832,0,27349,0,0,85
2024-07-03,port218,Cartagena,10,5,16859,5164,0,13884,323,2651,0,0,5164,0,0,0
2024-07-04,port218,Cartagena,11,8,24941,22106,0,22077,0,0,2864,3179,18927,0,0,0
2024-07-05,port218,Cartagena,13,9,27249,19702,0,16605,1766,8877,0,1190,15595,2915,0,0
2024-07-06,port218,Cartagena,9,7,34172,66173,0,34172,0,0,0,7559,15598,0,43015,0
2024-07-07,port218,Cartagena,5,5,16636,13823,0,16636,0,0,0,0,13823,0,0,0
2024-07-08,port218,Cartagena,10,5,31966,85431,14230,17736,0,0,0,0,6545,0,78886,0
2024-07-09,port218,Cartagena,14,8,25265,96164,0,13682,883,10699,0,0,31696,1457,63009,0
2024-07-10,port218,Cartagena,10,7,6863,39696,0,5885,978,0,0,13319,26377,0,0,0
2024-07-11,port218,Cartagena,13,9,54853,76378,0,11583,0,43269,0,0,24539,1665,50172,0
2024-07-12,port218,Cartagena,11,8,80487,17767,50812,28854,820,0,0,0,17767,0,0,0
2024-07-13,port218,Cartagena,11,5,34069,20256,0,19510,883,12653,1022,18279,519,1457,0,0
2024-07-14,port218,Cartagena,11,8,73579,74871,0,54967,0,18612,0,0,4567,0,70303,0
2024-07-15,port218,Cartagena,10,7,26522,53068,0,24189,2332,0,0,0,16876,18,36173,0
2024-07-16,port218,Cartagena,7,5,14108,25525,0,13079,0,0,1029,0,7380,0,18144,0
2024-07-17,port218,Cartagena,9,7,20204,90633,0,17179,0,3025,0,54207,24595,0,11830,0
2024-07-18,port218,Cartagena,11,10,45612,12855,0,45612,0,0,0,0,12855,0,0,0
2024-07-19,port218,Cartagena,9,7,56656,10170,14352,39950,0,0,2352,0,10170,0,0,0
2024-07-20,port218,Cartagena,11,7,20804,65891,0,19921,883,0,0,38058,23018,1457,3355,0
2024-07-21,port218,Cartagena,10,5,24414,22761,3733,14754,0,5926,0,0,12869,9891,0,0
2024-07-22,port218,Cartagena,11,6,11166,44455,0,5885,0,5281,0,2297,26709,0,15448,0
2024-07-23,port218,Cartagena,5,4,30754,1348,0,28729,0,2024,0,0,1348,0,0,0
2024-07-24,port218,Cartagena,11,8,29794,27493,0,10837,0,15183,3772,0,23305,4188,0,0
2024-07-25,port218,Cartagena,9,5,34279,59256,0,22287,0,11992,0,0,18349,0,40906,0
2024-07-26,port218,Cartagena,12,8,18065,18998,630,6959,1648,5276,3551,0,18884,0,113,0
2024-07-27,port218,Cartagena,13,5,62842,60587,13582,45892,883,2484,0,3534,2536,3123,51392,0
2024-07-28,port218,Cartagena,11,7,14703,74809,0,11300,0,3403,0,59301,15508,0,0,0
2024-07-29,port218,Cartagena,6,6,5482,7988,0,5482,0,0,0,0,7988,0,0,0
2024-07-30,port218,Cartagena,10,8,34484,43185,0,33671,0,813,0,0,7011,0,36173,0
2024-07-31,port218,Cartagena,7,5,25575,9787,0,25575,0,0,0,0,4697,1734,3355,0
2024-08-01,port218,Cartagena,12,7,102800,10369,6272,11259,420,84848,0,0,10369,0,0,0
2024-08-02,port218,Cartagena,9,5,12999,107481,0,2942,883,9172,0,0,32750,1457,71740,1532
2024-08-03,port218,Cartagena,11,8,25208,22017,0,24375,0,0,832,0,21931,0,0,85
2024-08-04,port218,Cartagena,8,6,14614,13364,0,6655,0,7958,0,0,11673,1690,0,0
2024-08-05,port218,Cartagena,8,5,15820,101214,0,11855,0,3965,0,31913,8520,0,60779,0
2024-08-06,port218,Cartagena,9,5,11591,22088,0,10484,1107,0,0,7238,11462,3387,0,0
2024-08-07,port218,Cartagena,9,6,9228,28796,0,2583,0,4980,1664,0,7400,0,21225,170
2024-08-08,port218,Cartagena,11,7,5885,18154,0,5885,0,0,0,0,14798,0,3355,0
2024-08-09,port218,Cartagena,15,8,11172,28669,3414,4003,1401,2352,0,9047,19622,0,0,0
2024-08-10,port218,Cartagena,12,6,21072,83176,0,17743,883,2445,0,20577,20163,6787,35648,0
2024-08-11,port218,Cartagena,5,4,30931,1734,0,30931,0,0,0,0,0,1734,0,0
2024-08-12,port218,Cartagena,8,4,7702,95179,0,6819,883,0,0,35015,14821,1457,43886,0
2024-08-13,port218,Cartagena,9,5,36318,8122,0,30045,1158,3109,2005,0,5786,0,2335,0
2024-08-14,port218,Cartagena,15,7,34092,97775,0,8749,883,22576,1883,41425,22395,3185,30768,0
2024-08-15,port218,Cartagena,12,8,38111,66166,0,23657,0,14453,0,0,15778,0,50387,0
2024-08-16,port218,Cartagena,10,6,58420,24740,53062,2942,883,0,1532,0,23282,1457,0,0
2024-08-17,port218,Cartagena,7,4,12223,22357,0,9198,0,3025,0,0,7171,0,15185,0
2024-08-18,port218,Cartagena,9,7,15752,62656,0,13980,1771,0,0,44588,18068,0,0,0
2024-08-19,port218,Cartagena,5,4,1526,10540,0,0,0,0,1526,0,10540,0,0,0
2024-08-20,port218,Cartagena,8,8,6435,28345,0,6435,0,0,0,0,28345,0,0,0
2024-08-21,port218,Cartagena,10,5,46410,7098,27727,9566,1017,8099,0,0,5640,1457,0,0
2024-08-22,port218,Cartagena,16,8,88472,110155,0,11481,1874,75116,0,31728,5784,3192,69449,0
2024-08-23,port218,Cartagena,11,8,24059,9775,0,21084,0,2974,0,0,9775,0,0,0
2024-08-24,port218,Cartagena,11,8,72212,16512,13898,51311,0,7003,0,12307,4205,0,0,0
2024-08-25,port218,Cartagena,6,3,24080,13287,0,18013,883,5183,0,0,0,1457,11830,0
2024-08-26,port218,Cartagena,10,6,5965,98721,0,5881,0,0,83,18826,31048,0,48846,0
2024-08-27,port218,Cartagena,7,6,26697,20467,11182,15514,0,0,0,10370,10097,0,0,0
2024-08-28,port218,Cartagena,9,5,17946,62828,0,17946,0,0,0,2143,12907,3507,44269,0
2024-08-29,port218,Cartagena,16,8,62763,60556,28950,18616,1789,13407,0,0,13191,0,47364,0
2024-08-30,port218,Cartagena,9,7,21559,31770,0,13314,0,8244,0,0,30104,1665,0,0
2024-08-31,port218,Cartagena,8,7,40075,10320,0,13900,0,26175,0,0,10320,0,0,0
2024-09-01,port218,Cartagena,10,6,106997,18483,22911,3203,0,80883,0,0,18369,0,113,0
2024-09-02,port218,Cartagena,5,2,5879,3623,0,2946,2933,0,0,0,3623,0,0,0
2024-09-03,port218,Cartagena,11,7,17828,21803,0,17828,0,0,0,3534,16765,1503,0,0
2024-09-04,port218,Cartagena,9,5,7528,44090,0,6645,883,0,0,0,8033,1457,34599,0
2024-09-05,port218,Cartagena,14,8,49672,109604,29594,10315,0,9762,0,108625,978,0,0,0
2024-09-06,port218,Cartagena,10,9,16233,14589,0,16233,0,0,0,0,11345,0,3244,0
2024-09-07,port218,Cartagena,9,6,20851,42268,0,19638,1213,0,0,36172,4637,1457,0,0
2024-09-08,port218,Cartagena,10,7,33382,87525,16864,8830,0,7688,0,0,19871,0,67653,0
2024-09-09,port218,Cartagena,10,4,22321,97923,0,4501,0,14955,2864,0,15214,1665,81042,0
2024-09-10,port218,Cartagena,8,5,52851,17067,0,12721,0,35708,4421,0,17067,0,0,0
2024-09-11,port218,Cartagena,9,6,22364,43691,0,14929,0,7435,0,0,6376,1141,36173,0
2024-09-12,port218,Cartagena,12,8,22233,16372,0,15228,4239,0,2766,0,14914,1457,0,0
2024-09-13,port218,Cartagena,8,7,27677,17619,0,27677,0,0,0,0,8073,9546,0,0
2024-09-14,port218,Cartagena,9,6,10885,21147,0,7641,0,3244,0,18279,2868,0,0,0
2024-09-15,port218,Cartagena,12,7,23016,21535,0,17740,0,5276,0,0,16874,0,3742,918
2024-09-16,port218,Cartagena,11,5,6816,100703,0,1387,1766,3662,0,2143,14095,2915,81548,0
2024-09-17,port218,Cartagena,9,5,23102,4983,0,18306,0,2619,2176,0,4813,0,0,170
2024-09-18,port218,Cartagena,12,9,21151,11426,0,11095,883,9172,0,0,8212,3214,0,0
2024-09-19,port218,Cartagena,7,5,30177,1542,0,28461,883,0,832,0,0,1457,0,85
2024-09-20,port218,Cartagena,8,6,4680,88683,0,4680,0,0,0,76135,12271,276,0,0
2024-09-21,port218,Cartagena,8,6,4915,35068,0,4915,0,0,0,0,6848,0,28220,0
2024-09-22,port218,Cartagena,10,6,75529,66194,26664,48376,488,0,0,57975,4253,0,3965,0
2024-09-23,port218,Cartagena,6,3,1634,60252,0,1634,0,0,0,0,17764,0,42487,0
2024-09-24,port218,Cartagena,10,8,18140,17823,0,18140,0,0,0,3534,14289,0,0,0
2024-09-25,port218,Cartagena,12,6,69631,120809,11744,29563,0,28323,0,0,6282,0,114526,0
2024-09-26,port218,Cartagena,11,8,23471,14857,0,15941,0,7530,0,0,11613,0,3244,0
2024-09-27,port218,Cartagena,11,8,5660,25969,0,5660,0,0,0,0,19945,6023,0,0
2024-09-28,port218,Cartagena,12,6,29091,112668,0,21347,0,7744,0,26308,9763,0,76597,0
2024-09-29,port218,Cartagena,6,5,56565,2160,0,19394,0,37171,0,0,2160,0,0,0
2024-09-30,port218,Cartagena,8,2,45050,18307,18642,2942,0,23465,0,12635,5507,164,0,0
2024-10-01,port218,Cartagena,7,6,8047,10305,0,7163,883,0,0,0,8847,1457,0,0
2024-10-02,port218,Cartagena,4,3,1782,24187,0,1782,0,0,0,18609,5577,0,0,0
2024-10-03,port218,Cartagena,14,7,35259,133673,0,25139,0,10119,0,37378,2283,0,93555,457
2024-10-04,port218,Cartagena,9,7,40412,19807,27975,10536,0,1901,0,0,19807,0,0,0
2024-10-05,port218,Cartagena,6,4,30085,3795,0,13641,0,16443,0,0,3795,0,0,0
2024-10-06,port218,Cartagena,11,5,110244,54589,0,10742,883,98618,0,2297,16821,1457,34012,0
2024-10-07,port218,Cartagena,9,6,7048,74168,0,7048,0,0,0,65311,8856,0,0,0
2024-10-08,port218,Cartagena,11,6,101038,13287,0,21585,4665,74787,0,0,11621,1665,0,0
2024-10-09,port218,Cartagena,8,5,90256,10222,0,13368,0,76887,0,0,6581,3640,0,0
2024-10-10,port218,Cartagena,12,7,9952,37151,0,8291,1660,0,0,0,28596,8555,0,0
2024-10-11,port218,Cartagena,7,5,10026,13489,1975,8051,0,0,0,3534,9954,0,0,0
2024-10-12,port218,Cartagena,9,7,21481,24924,0,16882,4599,0,0,0,23466,1457,0,0
2024-10-13,port218,Cartagena,6,3,23560,39732,0,16801,0,5926,832,0,3473,0,36173,85
2024-10-14,port218,Cartagena,7,5,13379,95273,0,13379,0,0,0,57893,37100,279,0,0
2024-10-15,port218,Cartagena,11,5,15095,169733,0,5798,1766,7530,0,32047,19874,2915,114896,0
2024-10-16,port218,Cartagena,12,6,105499,11829,0,14530,0,90968,0,0,8587,2783,0,458
2024-10-17,port218,Cartagena,14,10,16983,23688,0,16983,0,0,0,0,16601,1734,5352,0
2024-10-18,port218,Cartagena,11,9,63279,20798,45773,16115,1389,0,0,0,20798,0,0,0
2024-10-19,port218,Cartagena,13,7,34154,41422,15099,9568,0,8654,832,18609,21828,898,0,85
2024-10-20,port218,Cartagena,6,4,15242,13849,0,13711,0,0,1530,0,13849,0,0,0
2024-10-21,port218,Cartagena,6,4,30036,2606,0,21158,0,8877,0,0,2606,0,0,0
2024-10-22,port218,Cartagena,12,7,19955,47323,0,18427,695,0,832,2451,14277,0,30509,85
2024-10-23,port218,Cartagena,12,6,23314,5214,0,5676,1766,15872,0,0,2299,2915,0,0
2024-10-24,port218,Cartagena,10,6,14645,15232,0,12606,2038,0,0,0,10705,1457,3069,0
2024-10-25,port218,Cartagena,12,7,12123,24640,0,3388,0,8735,0,2417,19888,0,2335,0
2024-10-26,port218,Cartagena,9,6,29195,65098,0,28363,0,0,832,12307,9074,0,43631,85
2024-10-27,port218,Cartagena,9,5,51228,11506,31442,4253,0,14019,1512,0,11506,0,0,0
2024-10-28,port218,Cartagena,7,4,12205,14069,0,4916,0,7289,0,0,7215,6853,0,0
2024-10-29,port218,Cartagena,7,4,9141,11146,0,8910,230,0,0,0,7902,0,3244,0
2024-10-30,port218,Cartagena,6,4,4515,5916,0,3683,0,0,832,0,5831,0,0,85
2024-10-31,port218,Cartagena,11,7,10454,47019,0,9571,883,0,0,3224,6603,3192,33998,0
2024-11-01,port218,Cartagena,14,7,97632,186817,0,10008,0,86791,832,18279,8451,0,160001,85
2024-11-02,port218,Cartagena,9,5,21181,19385,12420,2567,0,6193,0,0,19385,0,0,0
2024-11-03,port218,Cartagena,6,5,20365,23472,0,17339,0,3025,0,0,11642,0,11830,0
2024-11-04,port218,Cartagena,12,8,14712,78857,0,13690,0,0,1021,55607,20934,1412,902,0
2024-11-05,port218,Cartagena,12,6,14425,19361,0,7460,164,5968,832,0,17148,2127,0,85
2024-11-06,port218,Cartagena,5,4,25605,2668,0,20328,0,5276,0,0,2555,0,113,0
2024-11-07,port218,Cartagena,13,8,26675,26639,4039,22030,605,0,0,0,21942,4697,0,0
2024-11-08,port218,Cartagena,14,6,16311,101413,0,14009,883,1418,0,2297,3484,1457,94173,0
2024-11-09,port218,Cartagena,8,6,43126,5912,0,39684,0,3442,0,0,2668,0,3244,0
2024-11-10,port218,Cartagena,13,6,39980,50581,0,22445,0,16703,832,28659,15753,0,6083,85
2024-11-11,port218,Cartagena,7,4,96176,14620,0,19428,883,75032,832,0,13077,1457,0,85
2024-11-12,port218,Cartagena,9,5,65278,12652,28981,35414,883,0,0,8386,2808,1457,0,0
2024-11-13,port218,Cartagena,11,6,60755,13470,7770,31615,1604,19765,0,0,11779,1690,0,0
2024-11-14,port218,Cartagena,8,6,13985,55384,0,13102,883,0,0,37836,16089,1457,0,0
2024-11-15,port218,Cartagena,10,6,33117,50377,0,32234,883,0,0,11979,487,1457,36453,0
2024-11-16,port218,Cartagena,12,7,32604,94348,2638,24689,0,5276,0,3379,5586,0,85382,0
2024-11-17,port218,Cartagena,10,5,32704,38491,0,26150,3152,0,3402,18279,18754,1457,0,0
2024-11-18,port218,Cartagena,10,8,37076,5442,0,35937,1138,0,0,0,4667,775,0,0
2024-11-19,port218,Cartagena,8,6,6325,11524,0,5402,923,0,0,0,9858,1665,0,0
2024-11-20,port218,Cartagena,11,5,14109,105276,1965,6647,0,5495,0,15070,24800,0,65405,0
2024-11-21,port218,Cartagena,16,8,49800,82435,28717,11913,925,8244,0,0,5300,0,77135,0
2024-11-22,port218,Cartagena,6,5,24294,4894,0,24294,0,0,0,0,4894,0,0,0
2024-11-23,port218,Cartagena,10,6,28812,8527,0,22885,883,5043,0,0,7069,1457,0,0
2024-11-24,port218,Cartagena,6,4,18542,7332,0,8188,959,9394,0,0,7332,0,0,0
2024-11-25,port218,Cartagena,11,5,88436,108536,0,8233,1668,78534,0,61182,4338,0,43015,0
2024-11-26,port218,Cartagena,12,5,55862,52566,18953,21693,883,14331,0,0,18605,3192,30768,0
2024-11-27,port218,Cartagena,13,6,66435,68955,56038,0,0,10396,0,2297,30232,3486,32938,0
2024-11-28,port218,Cartagena,11,7,23942,44621,0,8727,883,14331,0,0,8387,5465,30768,0
2024-11-29,port218,Cartagena,11,7,33941,64980,0,33941,0,0,0,0,23546,0,41433,0
2024-11-30,port218,Cartagena,5,5,16201,41121,0,16201,0,0,0,0,41121,0,0,0
2024-12-01,port218,Cartagena,14,8,27754,43129,0,16636,1078,10038,0,0,20375,10924,11830,0
2024-12-02,port218,Cartagena,11,6,14149,121893,0,13265,883,0,0,0,7008,1457,113427,0
2024-12-03,port218,Cartagena,9,2,50307,21079,23972,22255,3246,0,832,18279,0,2714,0,85
2024-12-04,port218,Cartagena,12,8,34321,15638,17905,12424,0,3991,0,0,15638,0,0,0
2024-12-05,port218,Cartagena,4,3,17571,6809,0,17571,0,0,0,0,6809,0,0,0
2024-12-06,port218,Cartagena,10,4,37050,62115,0,20952,1766,14331,0,0,27499,3847,30768,0
2024-12-07,port218,Cartagena,11,8,37829,17303,0,19119,0,18709,0,0,17303,0,0,0
2024-12-08,port218,Cartagena,6,4,8790,88036,0,8790,0,0,0,0,3205,0,84830,0
2024-12-09,port218,Cartagena,13,5,8410,95466,0,2942,0,5467,0,35413,14342,2958,42240,512
2024-12-10,port218,Cartagena,10,5,10990,29509,0,8998,883,0,1108,0,28051,1457,0,0
2024-12-11,port218,Cartagena,11,5,87863,47198,49448,5250,883,32281,0,23005,22734,1457,0,0
2024-12-12,port218,Cartagena,8,5,17677,17165,0,9314,0,7530,832,0,17080,0,0,85
2024-12-13,port218,Cartagena,14,8,28561,23490,11182,11592,224,5562,0,10370,6540,1929,4649,0
2024-12-14,port218,Cartagena,8,6,34192,58049,0,34192,0,0,0,2297,15445,0,40306,0
2024-12-15,port218,Cartagena,8,5,54240,4449,22107,31249,883,0,0,0,655,3793,0,0
2024-12-16,port218,Cartagena,10,7,17541,79334,0,16644,0,897,0,47342,31992,0,0,0
2024-12-17,port218,Cartagena,14,7,12235,65701,0,5885,2277,0,4072,4580,22815,0,38219,85
2024-12-18,port218,Cartagena,7,6,16936,8090,0,13853,0,0,3083,0,8090,0,0,0
2024-12-19,port218,Cartagena,12,7,33315,99059,0,8828,0,22586,1899,0,11482,0,87576,0
2024-12-20,port218,Cartagena,13,8,32867,117821,0,30074,0,2793,0,62001,16324,0,39495,0
2024-12-21,port218,Cartagena,12,6,47142,51716,15365,30048,1383,345,0,0,10417,0,41298,0
2024-12-22,port218,Cartagena,10,4,18741,89286,0,4842,0,13898,0,17618,19537,0,52130,0
2024-12-23,port218,Cartagena,12,6,25837,94123,11035,5864,883,8054,0,34600,6709,3123,49690,0
2024-12-24,port218,Cartagena,7,4,4813,13378,0,3581,1231,0,0,10018,1902,1457,0,0
2024-12-25,port218,Cartagena,7,4,45731,69061,9132,22267,0,14331,0,0,0,0,69061,0
2024-12-26,port218,Cartagena,11,6,47440,58820,11182,33048,0,3209,0,35307,23512,0,0,0
2024-12-27,port218,Cartagena,10,5,75377,91920,30389,44104,883,0,0,0,3985,1457,86477,0
2024-12-28,port218,Cartagena,14,5,21610,100484,0,4494,2296,14819,0,0,17367,6121,76996,0
2024-12-29,port218,Cartagena,8,6,33346,39240,0,19015,0,14331,0,0,8472,0,30768,0
2024-12-30,port218,Cartagena,10,5,16556,48260,997,0,462,15097,0,20936,27324,0,0,0
2024-12-31,port218,Cartagena,10,4,40611,74880,11182,11188,883,17357,0,10370,16501,2166,45842,0
2025-01-01,port218,Cartagena,7,4,28635,37955,0,8079,0,19723,832,0,7102,0,30768,85
2025-01-02,port218,Cartagena,12,6,8734,46360,1965,5885,883,0,0,6020,18583,3192,18563,0
2025-01-03,port218,Cartagena,11,5,18097,25201,0,10508,1107,2362,4119,10248,9722,5229,0,0
2025-01-04,port218,Cartagena,8,6,26183,4075,0,26183,0,0,0,0,4075,0,0,0
2025-01-05,port218,Cartagena,8,4,31749,18273,0,24390,2083,5276,0,15191,2968,0,113,0
2025-01-06,port218,Cartagena,6,4,40161,6976,35726,4434,0,0,0,0,6976,0,0,0
2025-01-07,port218,Cartagena,9,4,31300,41587,0,15202,1766,14331,0,0,6975,3843,30768,0
2025-01-08,port218,Cartagena,7,4,36268,47948,0,28764,0,5276,2228,43267,4567,0,113,0
2025-01-09,port218,Cartagena,8,7,22963,9911,0,22963,0,0,0,0,9911,0,0,0
2025-01-10,port218,Cartagena,10,6,34784,24915,267,25578,883,8054,0,18279,5178,1457,0,0
2025-01-11,port218,Cartagena,14,8,23111,43374,0,16176,883,6051,0,7623,10633,1457,23660,0
2025-01-12,port218,Cartagena,8,5,5328,30773,0,5328,0,0,0,0,30704,0,69,0
2025-01-13,port218,Cartagena,7,6,18785,18059,0,18785,0,0,0,0,17788,271,0,0
2025-01-14,port218,Cartagena,7,3,13394,17783,0,6771,0,6539,83,0,4567,1385,11830,0
2025-01-15,port218,Cartagena,10,6,91153,19918,0,8755,0,82398,0,0,19918,0,0,0
2025-01-16,port218,Cartagena,8,6,9121,47873,0,9121,0,0,0,33409,14463,0,0,0
2025-01-17,port218,Cartagena,9,6,20692,12997,0,20692,0,0,0,0,7291,0,5191,514
2025-01-18,port218,Cartagena,15,7,34630,33698,0,11771,1766,21092,0,0,17262,4606,11830,0
2025-01-19,port218,Cartagena,5,3,14811,14113,0,11785,0,3025,0,0,2283,0,11830,0
2025-01-20,port218,Cartagena,9,4,15645,81043,0,14761,883,0,0,2297,5455,1457,71832,0
2025-01-21,port218,Cartagena,12,8,86347,34011,0,12068,0,74278,0,0,34011,0,0,0
2025-01-22,port218,Cartagena,9,8,27742,24630,0,24717,0,3025,0,0,12800,0,11830,0
2025-01-23,port218,Cartagena,9,3,6184,24660,0,3158,0,3025,0,0,8527,3968,12165,0
2025-01-24,port218,Cartagena,8,6,18517,17440,0,14264,4253,0,0,0,8117,0,9323,0
2025-01-25,port218,Cartagena,6,4,18183,105818,0,15158,0,3025,0,0,5557,0,100260,0
2025-01-26,port218,Cartagena,7,5,12117,13864,0,3872,0,8244,0,0,13864,0,0,0
2025-01-27,port218,Cartagena,9,5,10991,53978,0,2942,0,8048,0,0,23226,0,30752,0
2025-01-28,port218,Cartagena,11,6,5837,13354,1965,3559,0,312,0,2641,10713,0,0,0
2025-01-29,port218,Cartagena,9,4,60890,108168,39194,6256,1107,14331,0,0,7660,3387,97121,0
2025-01-30,port218,Cartagena,10,6,24712,10937,0,24712,0,0,0,0,9094,1842,0,0
2025-01-31,port218,Cartagena,11,7,19372,59995,0,16815,2556,0,0,15641,44354,0,0,0
2025-02-01,port218,Cartagena,6,4,30955,8309,0,30072,883,0,0,0,6851,1457,0,0
2025-02-02,port218,Cartagena,12,7,26805,34862,0,26515,0,289,0,10491,11667,12368,335,0
2025-02-03,port218,Cartagena,7,3,23970,42544,8413,6893,0,8663,0,40261,2283,0,0,0
2025-02-04,port218,Cartagena,7,7,19531,18242,0,19531,0,0,0,0,18242,0,0,0
2025-02-05,port218,Cartagena,8,5,11544,55679,0,11544,0,0,0,47573,7972,133,0,0
2025-02-06,port218,Cartagena,10,5,24111,10072,0,17119,883,5276,832,0,6793,3080,113,85
2025-02-07,port218,Cartagena,12,7,30391,13615,2086,18331,398,9575,0,0,13501,0,113,0
2025-02-08,port218,Cartagena,10,5,5095,54311,0,5095,0,0,0,2297,37353,1734,12925,0
2025-02-09,port218,Cartagena,5,3,7052,50276,0,6220,0,0,832,0,5915,0,44275,85
2025-02-10,port218,Cartagena,8,3,40465,198,0,32627,1729,5276,832,0,0,0,113,85
2025-02-11,port218,Cartagena,11,8,4341,31904,0,4341,0,0,0,3379,28525,0,0,0
2025-02-12,port218,Cartagena,6,4,87450,2572,0,17012,883,69555,0,0,1114,1457,0,0
2025-02-13,port218,Cartagena,14,11,30079,14490,0,19417,0,10662,0,0,14490,0,0,0
2025-02-14,port218,Cartagena,12,8,6435,29717,0,4552,1374,0,508,0,27689,2027,0,0
2025-02-15,port218,Cartagena,7,3,35298,67549,11656,20616,0,3025,0,11979,4618,0,50951,0
2025-02-16,port218,Cartagena,14,7,38144,34838,5834,26868,883,3025,1532,18609,2940,1457,11830,0
2025-02-17,port218,Cartagena,10,6,23960,63686,0,18782,0,5177,0,50620,13066,0,0,0
2025-02-18,port218,Cartagena,8,5,7867,11160,0,2942,4924,0,0,0,9703,1457,0,0
2025-02-19,port218,Cartagena,8,5,19780,23589,0,19226,0,470,83,0,19166,0,4422,0
2025-02-20,port218,Cartagena,9,8,16951,16849,0,3425,0,13526,0,0,16849,0,0,0
2025-02-21,port218,Cartagena,12,7,11047,7885,0,2060,933,8054,0,0,7885,0,0,0
2025-02-22,port218,Cartagena,7,4,87731,19058,0,24064,0,63667,0,0,5537,1690,11830,0
2025-02-23,port218,Cartagena,12,6,29861,37528,11182,13233,2420,3025,0,10370,13869,1457,11830,0
2025-02-24,port218,Cartagena,9,5,20572,35290,0,15507,0,4980,83,0,11794,2269,21225,0
2025-02-25,port218,Cartagena,9,5,36536,10127,14812,20840,883,0,0,0,8669,1457,0,0
2025-02-26,port218,Cartagena,7,4,32877,6511,21228,6371,0,5276,0,0,6398,0,113,0
2025-02-27,port218,Cartagena,10,9,15585,15832,0,15585,0,0,0,2297,13534,0,0,0
2025-02-28,port218,Cartagena,13,7,90155,23577,11182,38428,883,39661,0,10370,11635,1457,113,0
2025-03-01,port218,Cartagena,9,4,78506,15698,75853,0,0,2652,0,0,15015,682,0,0
2025-03-02,port218,Cartagena,12,8,99810,23120,0,19237,1766,78806,0,0,8374,2915,11830,0
2025-03-03,port218,Cartagena,8,3,24916,150043,0,0,0,24400,515,0,18390,0,131652,0
2025-03-04,port218,Cartagena,10,7,25768,31662,0,16626,233,8909,0,0,10436,0,21225,0
2025-03-05,port218,Cartagena,10,5,42490,71775,0,19849,0,22640,0,11979,5267,0,54529,0
2025-03-06,port218,Cartagena,11,7,19377,75351,0,11386,0,7530,460,18609,14357,0,42384,0
2025-03-07,port218,Cartagena,12,8,28494,32282,0,25308,160,3025,0,0,18610,1842,11830,0
2025-03-08,port218,Cartagena,8,6,7368,70637,0,7368,0,0,0,55154,15483,0,0,0
2025-03-09,port218,Cartagena,7,4,63176,2057,2843,57860,0,2473,0,0,2057,0,0,0
2025-03-10,port218,Cartagena,9,4,20120,132480,0,6616,0,13504,0,59691,20592,0,52196,0
2025-03-11,port218,Cartagena,13,7,44986,24657,12941,17383,3391,11270,0,4561,8265,0,11830,0
2025-03-12,port218,Cartagena,11,6,14493,30671,0,7746,1766,4980,0,0,6530,2915,21225,0
2025-03-13,port218,Cartagena,12,7,14817,8797,0,8709,0,5276,832,0,8598,0,113,85
2025-03-14,port218,Cartagena,14,6,70187,61067,0,19520,0,50667,0,2297,11339,1734,45695,0
2025-03-15,port218,Cartagena,11,5,42527,53533,9892,14395,883,17357,0,0,9477,1457,42598,0
2025-03-16,port218,Cartagena,9,6,69114,6544,0,66106,3008,0,0,0,6544,0,0,0
2025-03-17,port218,Cartagena,7,4,4215,27535,0,0,1766,2449,0,0,24619,2915,0,0
2025-03-18,port218,Cartagena,10,6,20618,90586,0,14724,233,5659,0,0,19134,0,71451,0
2025-03-19,port218,Cartagena,6,4,32752,35013,0,18420,0,14331,0,0,4244,0,30768,0
2025-03-20,port218,Cartagena,11,7,34015,29891,0,18429,0,14753,832,18279,11413,0,113,85
2025-03-21,port218,Cartagena,11,5,7881,40910,0,2942,883,3025,1029,0,25956,3123,11830,0
2025-03-22,port218,Cartagena,10,6,31788,58532,0,22971,0,8816,0,3381,7396,1348,46406,0
2025-03-23,port218,Cartagena,9,6,52922,21203,0,38106,0,13983,832,0,9288,0,11830,85
2025-03-24,port218,Cartagena,10,4,27153,20092,0,21581,1766,3294,511,3379,13796,2915,0,0
2025-03-25,port218,Cartagena,13,7,46019,47613,0,13298,224,32496,0,0,12627,1929,33055,0
2025-03-26,port218,Cartagena,13,7,14219,35554,0,6450,2569,3667,1532,0,20337,3387,11830,0
2025-03-27,port218,Cartagena,10,7,27852,58262,0,8973,0,18878,0,0,20957,0,37305,0
2025-03-28,port218,Cartagena,8,5,37824,2897,0,36108,883,0,832,0,1354,1457,0,85
2025-03-29,port218,Cartagena,10,5,14814,63913,0,8090,0,6723,0,7701,14767,0,41444,0
2025-03-30,port218,Cartagena,6,6,25988,9273,0,25988,0,0,0,0,9273,0,0,0
2025-03-31,port218,Cartagena,11,6,102379,11570,19500,12571,0,70307,0,2143,9426,0,0,0
2025-04-01,port218,Cartagena,6,4,7152,42906,0,4127,0,3025,0,0,29341,1734,11830,0
2025-04-02,port218,Cartagena,12,6,16712,174435,0,1497,883,14331,0,0,25467,1457,147509,0
2025-04-03,port218,Cartagena,9,5,100078,9383,25737,7085,0,67255,0,0,7551,1831,0,0
2025-04-04,port218,Cartagena,10,7,34719,162911,0,34719,0,0,0,102419,2283,0,58208,0
2025-04-05,port218,Cartagena,8,5,59752,2516,34639,24039,718,354,0,0,2516,0,0,0
2025-04-06,port218,Cartagena,18,7,76065,101573,17902,37527,2444,17357,832,27949,28567,1457,43514,85
2025-04-07,port218,Cartagena,9,7,20701,55311,0,12742,0,7958,0,0,20968,0,34343,0
2025-04-08,port218,Cartagena,10,7,7090,27598,0,3457,0,2800,832,0,27513,0,0,85
2025-04-09,port218,Cartagena,10,5,30867,20317,0,14325,0,15709,832,0,7258,0,12973,85
2025-04-10,port218,Cartagena,12,7,23558,19083,0,10795,883,11879,0,3701,13923,1457,0,0
2025-04-11,port218,Cartagena,13,9,98508,21367,0,24567,0,73940,0,0,21367,0,0,0
2025-04-12,port218,Cartagena,9,7,24630,19403,0,13945,0,10684,0,0,19403,0,0,0
2025-04-13,port218,Cartagena,11,7,45404,29061,0,35704,0,6025,3674,0,7836,0,21225,0
2025-04-14,port218,Cartagena,7,4,20953,35660,0,9727,0,11225,0,13251,22409,0,0,0
2025-04-15,port218,Cartagena,8,6,97523,30197,0,21399,0,76123,0,0,30197,0,0,0
2025-04-16,port218,Cartagena,10,4,45692,87198,0,10837,0,34343,511,0,16828,2062,67824,483
2025-04-17,port218,Cartagena,13,9,21053,32346,0,16312,883,3025,832,0,17282,3148,11830,85
2025-04-18,port218,Cartagena,10,7,23790,6449,4223,18729,837,0,0,0,6449,0,0,0
2025-04-19,port218,Cartagena,8,6,31777,5906,0,30894,883,0,0,2297,2151,1457,0,0
2025-04-20,port218,Cartagena,13,6,50624,82967,0,31110,0,19514,0,16299,18758,0,47909,0
2025-04-21,port218,Cartagena,8,5,22395,31442,0,12006,0,10389,0,0,25423,6018,0,0
2025-04-22,port218,Cartagena,8,6,18712,33254,5728,7040,0,0,5943,0,33254,0,0,0
2025-04-23,port218,Cartagena,9,4,5970,121086,0,2942,0,983,2044,0,10181,0,110905,0
2025-04-24,port218,Cartagena,11,8,13735,9459,0,11316,883,0,1535,0,8001,1457,0,0
2025-04-25,port218,Cartagena,8,7,15566,30971,0,15566,0,0,0,0,30971,0,0,0
2025-04-26,port218,Cartagena,10,4,24944,51325,0,15029,883,9031,0,0,6016,3123,42185,0
2025-04-27,port218,Cartagena,11,7,49749,15394,0,49749,0,0,0,3379,10279,1734,0,0
2025-04-28,port218,Cartagena,9,3,64642,84081,49563,5893,883,8301,0,54262,15251,2623,11943,0
2025-04-29,port218,Cartagena,12,9,41193,35370,13255,27105,0,0,832,0,35285,0,0,85
2025-04-30,port218,Cartagena,9,3,74663,108840,58629,7149,0,8885,0,54357,4567,9305,40610,0
2025-05-01,port218,Cartagena,8,8,42194,14052,0,42194,0,0,0,0,14052,0,0,0
2025-05-02,port218,Cartagena,7,4,27242,20731,8666,2800,0,15774,0,0,8901,0,11830,0
2025-05-03,port218,Cartagena,9,6,109610,12501,0,32787,189,76633,0,0,12501,0,0,0
2025-05-04,port218,Cartagena,8,6,17435,13619,0,15932,1503,0,0,2451,11167,0,0,0
2025-05-05,port218,Cartagena,15,8,62217,62422,10055,40235,883,11043,0,0,21302,3123,37995,0
2025-05-06,port218,Cartagena,8,5,3775,41868,0,2942,0,0,832,0,41783,0,0,85
2025-05-07,port218,Cartagena,13,7,83332,64941,0,11004,0,70949,1378,15970,10086,0,38884,0
2025-05-08,port218,Cartagena,10,8,12714,28081,0,8805,883,3025,0,0,14793,1457,11830,0
2025-05-09,port218,Cartagena,9,6,50644,54844,0,36313,0,14331,0,0,6515,0,48328,0
2025-05-10,port218,Cartagena,12,9,20800,25035,450,17325,0,3025,0,0,13205,0,11830,0
2025-05-11,port218,Cartagena,8,5,31102,4004,0,31102,0,0,0,0,2283,1720,0,0
2025-05-12,port218,Cartagena,15,7,57016,212983,0,33616,883,22517,0,41668,14213,3705,153395,0
2025-05-13,port218,Cartagena,11,7,10950,28532,0,4933,3153,0,2864,0,27074,1457,0,0
2025-05-14,port218,Cartagena,6,5,9859,60572,0,9859,0,0,0,51814,8757,0,0,0
2025-05-15,port218,Cartagena,12,6,44209,22251,16377,7062,0,17468,3301,7686,14564,0,0,0
2025-05-16,port218,Cartagena,11,7,36942,19847,0,26339,883,9719,0,0,18389,1457,0,0
2025-05-17,port218,Cartagena,8,5,34706,51806,0,17349,0,17357,0,0,7473,1734,42598,0
2025-05-18,port218,Cartagena,15,7,58507,101951,0,42891,467,15148,0,0,6980,4872,90098,0
2025-05-19,port218,Cartagena,10,5,53562,24438,9412,42434,883,0,832,0,22895,1457,0,85
2025-05-20,port218,Cartagena,10,7,8828,61619,0,8828,0,0,0,39429,16044,6146,0,0
2025-05-21,port218,Cartagena,10,7,8206,45374,0,2737,883,4585,0,0,42085,3289,0,0
2025-05-22,port218,Cartagena,9,6,20039,12746,0,8958,4357,6723,0,1989,10757,0,0,0
2025-05-23,port218,Cartagena,14,10,42006,12318,19430,21692,883,0,0,0,10861,1457,0,0
2025-05-24,port218,Cartagena,7,6,31060,2499,0,30491,0,568,0,0,2499,0,0,0
2025-05-25,port218,Cartagena,11,7,7713,70807,0,7713,0,0,0,18279,10263,468,41795,0
2025-05-26,port218,Cartagena,11,7,37761,25560,18675,18202,883,0,0,0,24102,1457,0,0
2025-05-27,port218,Cartagena,12,6,55133,43064,26934,23557,0,4642,0,0,9830,0,33234,0
2025-05-28,port218,Cartagena,11,7,18812,70453,0,10424,0,8387,0,0,29870,1269,39313,0
2025-05-29,port218,Cartagena,10,8,19646,60381,0,17293,0,0,2352,0,24592,0,35789,0
2025-05-30,port218,Cartagena,13,6,108159,62433,0,11608,0,96551,0,0,19835,0,42598,0
2025-05-31,port218,Cartagena,9,7,84716,6901,0,83833,883,0,0,0,5443,1457,0,0
2025-06-01,port218,Cartagena,10,6,25239,78801,0,10683,224,14331,0,36898,9205,1929,30768,0
2025-06-02,port218,Cartagena,7,3,55847,24531,54964,0,883,0,0,7238,15834,1457,0,0
2025-06-03,port218,Cartagena,14,7,16005,36250,0,12892,883,699,1528,7017,18573,1942,8717,0
2025-06-04,port218,Cartagena,10,6,24155,93384,0,12885,0,11270,0,49655,31899,0,11830,0
2025-06-05,port218,Cartagena,9,7,2421,102172,0,2421,0,0,0,0,16054,0,86118,0
2025-06-06,port218,Cartagena,16,9,49321,19583,0,35671,1972,11677,0,2143,14138,3300,0,0
2025-06-07,port218,Cartagena,9,5,9074,6750,0,7588,1486,0,0,0,6750,0,0,0
2025-06-08,port218,Cartagena,10,7,48592,18271,0,39407,883,8301,0,0,4870,1457,11943,0
2025-06-09,port218,Cartagena,11,6,10062,55068,0,2507,0,6723,832,0,19028,0,35954,85
2025-06-10,port218,Cartagena,10,6,17131,25829,3084,8719,883,4445,0,0,23956,1872,0,0
2025-06-11,port218,Cartagena,11,6,14657,33886,0,11774,0,2422,459,18609,15276,0,0,0
2025-06-12,port218,Cartagena,6,6,13792,5492,0,13792,0,0,0,0,5492,0,0,0
2025-06-13,port218,Cartagena,11,8,28970,52918,0,25945,0,3025,0,0,23796,0,29122,0
2025-06-14,port218,Cartagena,13,5,119356,6429,0,43599,3688,72068,0,0,2767,3661,0,0
2025-06-15,port218,Cartagena,9,6,31345,26185,16837,14507,0,0,0,0,4192,1310,20682,0
2025-06-16,port218,Cartagena,10,7,13893,51265,0,8459,0,3025,2408,0,39435,0,11830,0
2025-06-17,port218,Cartagena,8,6,6796,36703,0,3308,462,3025,0,0,24873,0,11830,0
2025-06-18,port218,Cartagena,10,5,58377,48447,25700,23227,883,8566,0,0,6367,1457,40622,0
2025-06-19,port218,Cartagena,13,11,6993,29806,0,6993,0,0,0,0,16777,13029,0,0
2025-06-20,port218,Cartagena,10,6,33479,58858,0,27467,224,5276,511,48253,8561,1929,113,0
2025-06-21,port218,Cartagena,13,6,59106,47962,0,35647,883,22576,0,0,15736,1457,30768,0
2025-06-22,port218,Cartagena,10,6,28579,21665,12503,15192,883,0,0,7017,10083,4564,0,0
2025-06-23,port218,Cartagena,10,7,9119,45668,0,9119,0,0,0,0,22673,1080,21914,0
2025-06-24,port218,Cartagena,11,6,14082,31135,0,2942,2253,8885,0,0,31135,0,0,0
2025-06-25,port218,Cartagena,7,6,67631,28072,52759,14872,0,0,0,0,28072,0,0,0
2025-06-26,port218,Cartagena,12,8,23428,4991,0,19460,0,347,3620,2297,2693,0,0,0
2025-06-27,port218,Cartagena,12,7,44930,72619,2060,30482,883,11504,0,0,15560,1457,55601,0
2025-06-28,port218,Cartagena,8,5,12482,92599,0,9457,0,3025,0,0,22521,0,70078,0
2025-06-29,port218,Cartagena,13,6,51752,85352,0,26238,883,24631,0,60784,8944,1457,14165,0
2025-06-30,port218,Cartagena,9,5,18641,22682,6693,6020,0,5926,0,0,22682,0,0,0
2025-07-01,port218,Cartagena,10,7,46162,23504,0,9958,1638,34566,0,0,22046,1457,0,0
2025-07-02,port218,Cartagena,8,6,0,40517,0,0,0,0,0,0,24812,0,15705,0
2025-07-03,port218,Cartagena,13,9,8911,141267,0,8911,0,0,0,7017,24265,0,109984,0
2025-07-04,port218,Cartagena,9,8,15419,11722,0,15015,404,0,0,0,11722,0,0,0
2025-07-05,port218,Cartagena,13,8,97033,29846,0,15652,0,81380,0,18624,11222,0,0,0
2025-07-06,port218,Cartagena,11,6,131445,90254,49678,61276,883,19607,0,43061,14853,1457,30881,0
2025-07-07,port218,Cartagena,8,6,20145,27797,0,20145,0,0,0,0,20509,0,7287,0
2025-07-08,port218,Cartagena,10,7,18779,70488,0,15753,0,3025,0,0,13013,0,57474,0
2025-07-09,port218,Cartagena,11,5,34785,86508,0,5381,0,29403,0,0,21270,3701,61536,0
2025-07-10,port218,Cartagena,11,7,26649,26763,0,15154,224,11270,0,0,13004,1929,11830,0
2025-07-11,port218,Cartagena,15,10,30457,54266,0,27242,883,0,2331,7559,45249,1457,0,0
2025-07-12,port218,Cartagena,13,6,66605,19865,11182,46537,0,8885,0,10370,9494,0,0,0
2025-07-13,port218,Cartagena,7,5,182852,5139,168867,13984,0,0,0,0,5139,0,0,0
2025-07-14,port218,Cartagena,20,8,26231,102366,0,20367,2999,0,2864,10732,30327,15067,46239,0
2025-07-15,port218,Cartagena,13,7,40056,100268,0,28056,0,11999,0,658,17656,0,81443,510
2025-07-16,port218,Cartagena,12,8,33836,37536,0,25481,0,8355,0,0,25706,0,11830,0
2025-07-17,port218,Cartagena,11,8,32522,51095,22491,10031,0,0,0,40356,10739,0,0,0
2025-07-18,port218,Cartagena,9,5,23538,37903,0,18772,883,3882,0,14349,6390,1457,15705,0
2025-07-19,port218,Cartagena,13,7,50888,44772,0,36557,0,14331,0,4719,9284,0,30768,0
2025-07-20,port218,Cartagena,13,11,62085,28814,0,61202,883,0,0,0,27356,1457,0,0
2025-07-21,port218,Cartagena,11,6,30913,69599,11182,2942,0,16788,0,10370,26172,0,33055,0
2025-07-22,port218,Cartagena,12,8,100953,18054,22195,1723,141,76892,0,0,11101,0,6952,0
2025-07-23,port218,Cartagena,10,7,5331,40960,0,4250,0,1080,0,3948,29507,7504,0,0
2025-07-24,port218,Cartagena,11,7,15925,60857,0,13771,0,2154,0,0,9462,0,51394,0
2025-07-25,port218,Cartagena,15,11,41408,27519,20099,7964,0,13343,0,0,27519,0,0,0
2025-07-26,port218,Cartagena,12,5,47468,79881,0,39135,883,3501,3948,0,4943,1565,73372,0
2025-07-27,port218,Cartagena,11,6,50014,51158,0,38425,0,8244,3344,7559,11498,0,32100,0
2025-07-28,port218,Cartagena,10,7,11278,29948,0,11278,0,0,0,0,26692,1665,1590,0
2025-07-29,port218,Cartagena,9,7,27997,20833,8960,18710,326,0,0,0,20833,0,0,0
2025-07-30,port218,Cartagena,12,8,29745,32773,0,8520,0,21224,0,0,9113,0,23660,0
2025-07-31,port218,Cartagena,9,7,77314,44076,60411,16902,0,0,0,29932,14143,0,0,0
2025-08-01,port218,Cartagena,11,8,38284,17862,0,38284,0,0,0,0,11373,4045,2443,0
2025-08-02,port218,Cartagena,11,6,26066,8294,0,17576,1766,6723,0,0,2511,2915,0,2867
2025-08-03,port218,Cartagena,12,7,16804,40617,0,9993,921,3025,2864,18279,10508,0,11830,0
2025-08-04,port218,Cartagena,7,5,73482,44665,0,0,883,72598,0,0,43207,1457,0,0
2025-08-05,port218,Cartagena,14,8,66760,37996,43174,10904,883,10256,1541,0,15199,1457,21339,0
2025-08-06,port218,Cartagena,10,8,21681,164161,0,21681,0,0,0,55403,36561,0,72195,0
2025-08-07,port218,Cartagena,12,9,32294,20948,0,20302,0,8996,2994,0,20948,0,0,0
2025-08-08,port218,Cartagena,13,6,11686,71250,0,9919,1766,0,0,0,18930,2915,49404,0
2025-08-09,port218,Cartagena,12,5,70117,50543,0,44749,1766,23600,0,0,13532,6128,30881,0
2025-08-10,port218,Cartagena,6,5,31294,3682,0,31294,0,0,0,0,3682,0,0,0
2025-08-11,port218,Cartagena,15,8,63740,61221,51635,1089,2649,8365,0,0,42794,17917,0,509
2025-08-12,port218,Cartagena,8,5,22140,30390,0,12244,224,9671,0,0,28460,1929,0,0
2025-08-13,port218,Cartagena,19,9,77424,129859,40646,14440,0,22337,0,10563,9383,1734,108177,0
2025-08-14,port218,Cartagena,11,6,23607,5792,0,11024,0,9181,3402,0,5114,0,677,0
2025-08-15,port218,Cartagena,17,8,36994,52870,16252,2949,883,14331,2577,0,19854,1495,31520,0
2025-08-16,port218,Cartagena,11,8,45979,33933,0,37265,0,7882,832,0,22018,0,11830,85
2025-08-17,port218,Cartagena,11,5,74258,55345,11182,56426,0,6649,0,28980,25326,0,1038,0
2025-08-18,port218,Cartagena,10,7,19130,34279,0,10516,1890,6723,0,0,32702,1577,0,0
2025-08-19,port218,Cartagena,11,8,105702,27547,0,19023,0,86678,0,0,27547,0,0,0
2025-08-20,port218,Cartagena,7,6,5816,16865,0,4983,0,0,832,0,16780,0,0,85
2025-08-21,port218,Cartagena,13,9,19726,115419,0,13674,0,6051,0,23805,28006,0,63607,0
2025-08-22,port218,Cartagena,14,10,53535,5608,0,43753,74,8996,711,0,3915,1665,0,27
2025-08-23,port218,Cartagena,7,5,31951,53858,8713,23237,0,0,0,0,10213,0,43644,0
2025-08-24,port218,Cartagena,9,7,23353,17175,0,14472,0,8881,0,0,17175,0,0,0
2025-08-25,port218,Cartagena,12,8,48996,95372,4319,37555,0,3960,3161,0,25048,0,70324,0
2025-08-26,port218,Cartagena,10,7,23750,28469,0,4190,313,19246,0,0,28469,0,0,0
2025-08-27,port218,Cartagena,6,6,2792,30954,0,2792,0,0,0,0,30954,0,0,0
2025-08-28,port218,Cartagena,15,10,31239,76675,0,17717,0,13521,0,0,22966,0,53708,0
2025-08-29,port218,Cartagena,12,8,42824,10517,0,30515,1766,10542,0,0,7601,2915,0,0
2025-08-30,port218,Cartagena,19,8,70950,96457,22365,33056,0,15528,0,35240,17195,0,44022,0
2025-08-31,port218,Cartagena,6,4,18211,67308,0,18211,0,0,0,0,6179,0,61129,0
2025-09-01,port218,Cartagena,13,7,31394,57405,0,14474,0,16919,0,0,11023,15612,30768,0
2025-09-02,port218,Cartagena,12,9,17228,47034,0,8135,0,6723,2369,0,46415,0,618,0
2025-09-03,port218,Cartagena,8,6,21990,12686,0,21213,266,0,510,0,12686,0,0,0
2025-09-04,port218,Cartagena,11,7,58744,18126,33252,24608,883,0,0,0,14836,1457,1831,0
2025-09-05,port218,Cartagena,13,10,65434,44338,1952,49150,0,14331,0,0,13569,0,30768,0
2025-09-06,port218,Cartagena,12,5,97525,46063,56627,28065,0,12832,0,38636,7426,0,0,0
2025-09-07,port218,Cartagena,10,6,28645,76609,0,26879,1766,0,0,54293,17734,4581,0,0
2025-09-08,port218,Cartagena,15,10,24963,77995,0,11046,0,13916,0,0,33232,0,44763,0
2025-09-09,port218,Cartagena,10,6,9652,27160,0,8941,0,0,711,0,12420,14713,0,27
2025-09-10,port218,Cartagena,15,9,8475,133073,0,5647,0,1995,832,44414,40454,1135,46983,85
2025-09-11,port218,Cartagena,10,6,16943,51713,0,10123,883,1940,3996,0,11232,1457,39023,0
2025-09-12,port218,Cartagena,13,8,60049,50943,0,45292,0,14757,0,0,17887,0,33055,0
2025-09-13,port218,Cartagena,11,5,77253,10195,0,38944,1766,33986,2556,0,7280,2915,0,0
2025-09-14,port218,Cartagena,11,8,43825,52276,0,34644,0,9181,0,0,8631,0,43644,0
2025-09-15,port218,Cartagena,10,6,80147,91179,0,3903,0,75222,1020,0,29805,0,61373,0
2025-09-16,port218,Cartagena,10,7,7993,31267,0,7993,0,0,0,2297,28969,0,0,0
2025-09-17,port218,Cartagena,6,4,55398,9267,0,55398,0,0,0,0,9267,0,0,0
2025-09-18,port218,Cartagena,11,8,18844,56706,0,10643,0,8201,0,0,10433,0,46272,0
2025-09-19,port218,Cartagena,15,9,31475,54330,6425,21953,883,0,2213,0,16252,1765,36312,0
2025-09-20,port218,Cartagena,10,6,33856,60327,21008,11965,883,0,0,585,8499,1457,49784,0
2025-09-21,port218,Cartagena,8,6,40922,62875,0,40922,0,0,0,52172,10703,0,0,0
2025-09-22,port218,Cartagena,12,9,19409,55958,0,16384,0,3025,0,6349,37778,0,11830,0
2025-09-23,port218,Cartagena,10,6,29029,11186,0,18745,0,10283,0,1006,10180,0,0,0
2025-09-24,port218,Cartagena,17,12,32619,37440,0,17334,0,15285,0,3224,32481,1734,0,0
2025-09-25,port218,Cartagena,12,7,72070,13995,51047,8206,1766,8881,2167,0,11079,2915,0,0
2025-09-26,port218,Cartagena,11,8,26027,102316,0,26027,0,0,0,4203,18030,230,79852,0
2025-09-27,port218,Cartagena,11,8,62698,43388,29449,18917,0,14331,0,0,12110,0,30768,509
2025-09-28,port218,Cartagena,11,6,29431,8763,0,27839,883,708,0,0,4514,4249,0,0
2025-09-29,port218,Cartagena,10,4,22784,47325,0,1444,2722,17585,1031,0,1998,0,45327,0
2025-09-30,port218,Cartagena,11,8,28506,46050,0,14210,0,14295,0,0,22390,0,23660,0
2025-10-01,port218,Cartagena,10,5,120589,3054,35363,52918,883,30591,832,0,1511,1457,0,85
2025-10-02,port218,Cartagena,13,10,27624,29629,0,11539,379,15705,0,2297,27331,0,0,0
2025-10-03,port218,Cartagena,10,7,137711,25179,0,40519,3985,93206,0,0,23721,1457,0,0
2025-10-04,port218,Cartagena,12,5,149231,70580,0,31441,883,116907,0,51085,18037,1457,0,0
2025-10-05,port218,Cartagena,11,8,30532,12127,0,18532,0,11999,0,0,12013,0,113,0
2025-10-06,port218,Cartagena,10,8,21944,25408,0,13261,0,0,8682,0,25323,0,0,85
2025-10-07,port218,Cartagena,8,6,1658,72571,0,775,883,0,0,44414,26698,1457,0,0
2025-10-08,port218,Cartagena,10,5,15742,32052,0,5977,883,8881,0,3379,27215,1457,0,0
2025-10-09,port218,Cartagena,16,11,16100,110462,0,15217,883,0,0,0,34587,7700,68173,0
2025-10-10,port218,Cartagena,14,8,52847,92971,18652,30286,883,3025,0,0,9129,1457,82384,0
2025-10-11,port218,Cartagena,6,5,29696,44979,0,29696,0,0,0,0,31622,0,13356,0
2025-10-12,port218,Cartagena,11,5,38663,71871,643,34994,0,3025,0,52901,4893,2247,11830,0
2025-10-13,port218,Cartagena,12,9,101740,21357,0,21759,883,79097,0,0,19899,1457,0,0
2025-10-14,port218,Cartagena,12,9,40602,38882,0,32000,691,4585,3325,0,38882,0,0,0
2025-10-15,port218,Cartagena,11,4,42317,47392,0,24139,0,18177,0,0,7668,1665,38058,0
2025-10-16,port218,Cartagena,16,9,112667,21471,7158,49193,883,55433,0,0,8183,1457,11830,0
2025-10-17,port218,Cartagena,11,9,40226,21492,2759,37467,0,0,0,0,21492,0,0,0
2025-10-18,port218,Cartagena,11,8,40505,56154,5288,26246,0,8970,0,0,5530,0,50624,0
2025-10-19,port218,Cartagena,11,8,6357,39567,0,5473,883,0,0,2297,35547,1722,0,0
2025-10-20,port218,Cartagena,13,9,10893,149440,0,5568,344,4980,0,46401,9729,0,93309,0
2025-10-21,port218,Cartagena,15,9,35286,68855,11182,5665,0,18438,0,10370,30509,439,27535,0
2025-10-22,port218,Cartagena,10,5,60341,58154,0,39963,883,19494,0,48813,7883,1457,0,0
2025-10-23,port218,Cartagena,10,9,35909,12461,0,35198,0,0,711,0,12434,0,0,27
2025-10-24,port218,Cartagena,8,7,16100,23722,0,15217,883,0,0,0,22264,1457,0,0
2025-10-25,port218,Cartagena,9,8,14118,24205,0,14118,0,0,0,0,21990,0,2215,0
2025-10-26,port218,Cartagena,7,5,4958,31451,0,374,0,4584,0,0,19621,0,11830,0
2025-10-27,port218,Cartagena,13,8,40044,80353,0,24830,883,14331,0,0,13503,1457,65392,0
2025-10-28,port218,Cartagena,10,5,23094,53840,0,0,0,21055,2039,0,22849,0,30991,0
2025-10-29,port218,Cartagena,10,6,49214,9766,0,47447,1766,0,0,0,5781,2915,1068,0
2025-10-30,port218,Cartagena,11,7,19409,76594,0,9932,0,9476,0,3534,13595,0,59463,0
2025-10-31,port218,Cartagena,11,10,13888,27570,0,12865,0,0,1023,0,27570,0,0,0
2025-11-01,port218,Cartagena,13,6,108565,40022,0,23900,3564,81100,0,5447,9457,1457,23660,0
2025-11-02,port218,Cartagena,7,4,15408,30167,9758,5649,0,0,0,0,20620,9546,0,0
2025-11-03,port218,Cartagena,11,8,30481,29365,0,28746,1734,0,0,0,13660,0,15705,0
2025-11-04,port218,Cartagena,11,9,28949,13941,0,10934,0,18014,0,0,13941,0,0,0
2025-11-05,port218,Cartagena,14,9,39081,87395,8313,30768,0,0,0,0,22424,0,64970,0
2025-11-06,port218,Cartagena,12,6,40571,13213,0,35464,2649,0,2457,2547,6292,4373,0,0
2025-11-07,port218,Cartagena,10,8,5163,31253,0,917,0,4245,0,0,29587,1665,0,0
2025-11-08,port218,Cartagena,15,10,55430,73479,14503,32682,0,8244,0,0,21867,0,50588,1023
2025-11-09,port218,Cartagena,9,5,29503,59812,0,22653,883,5966,0,45959,12396,1457,0,0
2025-11-10,port218,Cartagena,12,7,29785,23705,0,12474,6,11631,5671,0,19874,3831,0,0
2025-11-11,port218,Cartagena,16,8,28305,181078,0,11280,883,16141,0,98033,19973,1457,61614,0
2025-11-12,port218,Cartagena,10,5,37593,5291,0,24228,0,12097,1266,0,0,0,5205,85
2025-11-13,port218,Cartagena,13,8,29830,49564,15681,9376,0,4772,0,0,17381,0,32183,0
2025-11-14,port218,Cartagena,11,9,16550,34714,0,8943,883,6723,0,0,33256,1457,0,0
2025-11-15,port218,Cartagena,10,8,39465,5387,0,38474,158,0,832,0,5302,0,0,85
2025-11-16,port218,Cartagena,11,8,87064,28869,4988,12222,0,69853,0,0,28869,0,0,0
2025-11-17,port218,Cartagena,9,7,143807,8663,0,65212,0,78595,0,0,6928,1734,0,0
2025-11-18,port218,Cartagena,14,6,14488,124417,0,3457,0,11030,0,7017,31573,198,85627,0
2025-11-19,port218,Cartagena,12,10,32077,36212,0,30906,0,1171,0,18609,17602,0,0,0
2025-11-20,port218,Cartagena,14,9,26013,69418,0,11963,883,13166,0,41722,26237,1457,0,0
2025-11-21,port218,Cartagena,10,9,23037,17530,0,19049,0,3987,0,0,17530,0,0,0
2025-11-22,port218,Cartagena,13,8,36487,33080,0,23984,0,12502,0,0,15824,5425,11830,0
2025-11-23,port218,Cartagena,6,5,32090,13648,30467,1622,0,0,0,0,13648,0,0,0
2025-11-24,port218,Cartagena,14,7,32471,4652,0,22149,0,10321,0,0,2695,1842,113,0
2025-11-25,port218,Cartagena,14,8,55388,61788,0,42993,883,8244,3267,0,16437,1457,43893,0
2025-11-26,port218,Cartagena,11,7,15691,59274,0,5066,4357,3025,3241,0,11689,0,47585,0
2025-11-27,port218,Cartagena,11,8,8236,19451,0,7767,0,468,0,0,16737,551,2162,0
2025-11-28,port218,Cartagena,10,8,8131,83561,0,8131,0,0,0,0,22196,0,61364,0
2025-11-29,port218,Cartagena,8,4,21938,57910,0,7094,0,14331,512,25704,1437,0,30768,0
2025-11-30,port218,Cartagena,9,7,92266,21083,0,18014,883,73369,0,0,19626,1457,0,0
2025-12-01,port218,Cartagena,13,6,49194,97541,0,18200,0,29462,1531,2297,7846,0,87397,0
2025-12-02,port218,Cartagena,16,8,35073,72887,1965,30146,1766,0,1195,13464,20629,2915,35433,444
2025-12-03,port218,Cartagena,12,8,44410,21330,0,33246,0,11164,0,611,8888,0,11830,0
2025-12-04,port218,Cartagena,13,9,54982,33511,0,45077,0,8881,1023,18609,14901,0,0,0
2025-12-05,port218,Cartagena,9,8,24470,24238,0,24470,0,0,0,3534,20704,0,0,0
2025-12-06,port218,Cartagena,15,10,45701,72867,0,31260,1766,12674,0,0,39727,2915,30224,0
2025-12-07,port218,Cartagena,8,6,17305,30553,0,12129,0,0,5175,0,30553,0,0,0
2025-12-08,port218,Cartagena,10,6,46418,12785,0,35776,883,9758,0,0,11327,1457,0,0
2025-12-09,port218,Cartagena,10,7,181349,13174,0,38764,0,142585,0,0,11439,1734,0,0
2025-12-10,port218,Cartagena,10,7,7557,22995,0,7557,0,0,0,0,21329,1665,0,0
2025-12-11,port218,Cartagena,11,8,31776,17724,0,14350,0,17425,0,0,17724,0,0,0
2025-12-12,port218,Cartagena,7,5,3389,10552,0,3389,0,0,0,0,10552,0,0,0
2025-12-13,port218,Cartagena,10,7,38336,59192,0,34427,883,3025,0,0,11750,1457,45984,0
2025-12-14,port218,Cartagena,8,5,52610,10889,35314,16412,883,0,0,0,9431,1457,0,0
2025-12-15,port218,Cartagena,11,8,27070,142187,6549,6189,0,14331,0,0,38289,0,103897,0
2025-12-16,port218,Cartagena,12,10,21409,41823,0,21409,0,0,0,19035,22788,0,0,0
2025-12-17,port218,Cartagena,10,7,51699,79737,0,30644,0,21055,0,0,9002,0,70734,0
2025-12-18,port218,Cartagena,14,10,42513,88884,0,15560,3740,23213,0,26298,31817,0,30768,0
2025-12-19,port218,Cartagena,9,6,18715,8241,0,18715,0,0,0,2143,6098,0,0,0
2025-12-20,port218,Cartagena,12,8,90092,50772,44271,41900,0,3920,0,0,14473,0,36299,0
2025-12-21,port218,Cartagena,6,4,11810,43619,0,11810,0,0,0,18279,25339,0,0,0
2025-12-22,port218,Cartagena,10,5,10944,37642,0,7694,224,3025,0,3534,11666,10610,11830,0
2025-12-23,port218,Cartagena,10,7,85790,14446,0,7245,0,77524,1020,0,14446,0,0,0
2025-12-24,port218,Cartagena,8,6,39895,50238,0,34716,0,5178,0,0,7648,0,42589,0
2025-12-25,port218,Cartagena,12,8,24980,24200,0,20188,1766,3025,0,0,9455,2915,11830,0
2025-12-26,port218,Cartagena,12,7,13540,35398,0,13540,0,0,0,0,27624,1690,6083,0
2025-12-27,port218,Cartagena,11,9,20502,17111,0,15226,0,5276,0,0,16998,0,113,0
2025-12-28,port218,Cartagena,8,6,49165,8913,0,13621,883,34661,0,0,7456,1457,0,0
2025-12-29,port218,Cartagena,15,8,57499,198485,23441,26333,883,6842,0,10370,48686,1457,137970,0
2025-12-30,port218,Cartagena,11,8,10027,29848,0,6726,2785,0,515,0,29848,0,0,0
2025-12-31,port218,Cartagena,8,1,59742,91949,0,24326,13003,22411,0,0,0,1457,90492,0
2026-01-01,port218,Cartagena,13,8,39961,69062,19056,13298,883,6723,0,50468,17135,1457,0,0
2026-01-02,port218,Cartagena,9,7,29151,26095,0,14793,0,14357,0,0,26095,0,0,0
2026-01-03,port218,Cartagena,10,10,32298,17238,0,32298,0,0,0,0,17238,0,0,0
2026-01-04,port218,Cartagena,11,8,54913,22043,26226,28687,0,0,0,0,20086,1956,0,0
2026-01-05,port218,Cartagena,14,9,89784,27303,0,12711,0,77072,0,0,15473,0,11830,0
2026-01-06,port218,Cartagena,8,7,34793,6606,0,33909,883,0,0,0,5148,1457,0,0
2026-01-07,port218,Cartagena,11,6,41487,42193,0,15887,0,18916,6682,0,11424,0,30768,0
2026-01-08,port218,Cartagena,14,8,68018,30828,0,24276,883,42858,0,5986,23384,1457,0,0
2026-01-09,port218,Cartagena,15,10,74302,91463,52227,8553,0,13521,0,56588,34761,0,113,0
2026-01-10,port218,Cartagena,11,7,18506,29806,0,15581,883,2041,0,0,16920,1457,11428,0
2026-01-11,port218,Cartagena,7,5,14624,14613,0,11598,0,3025,0,0,2783,0,11830,0
2026-01-12,port218,Cartagena,12,8,17377,22941,0,15817,0,1559,0,18279,4662,0,0,0
2026-01-13,port218,Cartagena,10,8,14245,21633,0,4983,0,9262,0,0,21633,0,0,0
2026-01-14,port218,Cartagena,11,5,60303,12657,0,33561,0,26742,0,0,10966,1690,0,0
2026-01-15,port218,Cartagena,8,6,12487,36053,0,9055,883,0,2549,0,34595,1457,0,0
2026-01-16,port218,Cartagena,12,9,26894,75317,10068,16826,0,0,0,39741,35575,0,0,0
2026-01-17,port218,Cartagena,12,8,89117,18424,22528,57112,0,9476,0,10370,5294,0,2759,0
2026-01-18,port218,Cartagena,10,6,14767,116350,0,11742,0,3025,0,0,14939,0,99677,1734
2026-01-19,port218,Cartagena,10,7,13637,12621,0,12753,883,0,0,0,11163,1457,0,0
2026-01-20,port218,Cartagena,13,8,25808,33545,0,16187,9620,0,0,0,29829,3716,0,0
2026-01-21,port218,Cartagena,12,5,54909,56250,18980,25340,6,9749,832,0,5192,3831,47141,85
2026-01-22,port218,Cartagena,12,9,11201,57623,0,8155,692,0,2353,0,11879,0,45744,0
2026-01-23,port218,Cartagena,12,11,36345,27210,0,36345,0,0,0,0,27210,0,0,0
2026-01-24,port218,Cartagena,12,8,17711,106307,11182,5645,883,0,0,12668,23398,1457,68782,0
2026-01-25,port218,Cartagena,11,7,36227,45949,0,22750,0,13477,0,0,13783,0,32165,0
2026-01-26,port218,Cartagena,10,8,14717,15432,0,13833,883,0,0,0,13974,1457,0,0
2026-01-27,port218,Cartagena,8,7,18588,35100,0,5348,0,13240,0,0,35100,0,0,0
2026-01-28,port218,Cartagena,8,6,55384,5885,0,38292,0,17091,0,0,4311,1574,0,0
2026-01-29,port218,Cartagena,10,7,52656,38806,0,29137,0,23519,0,0,15146,0,23660,0
2026-01-30,port218,Cartagena,11,7,23882,64336,0,11860,0,12022,0,25297,27209,0,11830,0
2026-01-31,port218,Cartagena,10,7,38119,68607,0,29287,0,8832,0,46713,10064,0,11830,0
2026-02-01,port218,Cartagena,11,6,75437,87062,61338,479,883,12736,0,0,28692,1457,56911,0
2026-02-02,port218,Cartagena,11,8,25871,24876,0,24988,883,0,0,10479,12938,1457,0,0
2026-02-03,port218,Cartagena,11,7,47428,31529,11182,30970,0,5276,0,10370,21045,0,113,0
2026-02-04,port218,Cartagena,9,5,15306,59306,0,11771,1766,1768,0,0,9592,2915,46798,0
2026-02-05,port218,Cartagena,8,6,19002,6657,0,7804,0,10365,832,0,6571,0,0,85
2026-02-06,port218,Cartagena,17,9,49861,107722,0,9375,1766,38719,0,1223,26299,2915,77283,0
2026-02-07,port218,Cartagena,11,6,102421,14409,5623,37878,6,58913,0,0,8912,5497,0,0
2026-02-08,port218,Cartagena,8,5,69039,46191,19608,35099,0,14331,0,2297,13125,0,30768,0
2026-02-09,port218,Cartagena,12,6,18865,9322,0,6768,1043,11053,0,0,7864,1457,0,0
2026-02-10,port218,Cartagena,10,7,82212,24413,33637,48575,0,0,0,0,22532,0,1881,0
2026-02-11,port218,Cartagena,13,8,35839,41459,0,21204,0,11270,3364,0,29544,0,11830,85
2026-02-12,port218,Cartagena,10,6,26962,28811,5191,11750,0,10020,0,0,16981,0,11830,0
2026-02-13,port218,Cartagena,13,6,21575,73388,0,12257,6291,3025,0,0,20123,0,53265,0
2026-02-14,port218,Cartagena,11,7,65264,48511,0,30995,883,32874,511,31819,15234,1457,0,0
2026-02-15,port218,Cartagena,13,9,15515,56342,0,5916,0,4848,4750,12409,43933,0,0,0
2026-02-16,port218,Cartagena,12,8,37116,70645,10507,12277,0,14331,0,522,17924,0,52198,0
2026-02-17,port218,Cartagena,10,8,3775,72081,0,2942,0,0,832,0,28881,0,43114,85
2026-02-18,port218,Cartagena,11,7,44769,35613,11182,23881,0,9704,0,28649,6964,0,0,0
2026-02-19,port218,Cartagena,16,9,65713,81683,33840,11490,0,20382,0,0,26910,0,54773,0
2026-02-20,port218,Cartagena,12,7,26115,156252,0,25232,883,0,0,0,11685,1457,143109,0
2026-02-21,port218,Cartagena,8,7,73121,39185,0,58789,0,14331,0,0,8417,0,30768,0
2026-02-22,port218,Cartagena,11,6,118951,58714,3932,20253,0,94765,0,0,22412,0,36302,0
2026-02-23,port218,Cartagena,17,10,96517,87316,0,36326,883,59307,0,0,22478,3300,61536,0
2026-02-24,port218,Cartagena,11,9,11563,46689,0,8538,0,3025,0,0,34859,0,11830,0
2026-02-25,port218,Cartagena,11,5,62587,33179,22629,11763,0,28193,0,2297,0,0,30881,0
2026-02-26,port218,Cartagena,8,5,10775,25884,0,2942,6,7825,0,0,22053,3831,0,0
2026-02-27,port218,Cartagena,14,11,42204,30602,0,33959,0,8244,0,0,16658,13944,0,0
2026-02-28,port218,Cartagena,9,6,57724,4592,0,46763,0,10960,0,0,4592,0,0,0
2026-03-01,port218,Cartagena,7,6,44778,35134,29820,14957,0,0,0,0,35134,0,0,0
2026-03-02,port218,Cartagena,15,6,88728,69205,0,12282,1766,74679,0,0,1169,2915,65120,0
2026-03-03,port218,Cartagena,11,9,19784,38294,11182,6435,0,0,2166,10370,27924,0,0,0
2026-03-04,port218,Cartagena,11,7,38742,46649,0,37858,883,0,0,3379,4251,4224,34793,0
2026-03-05,port218,Cartagena,8,5,0,17845,0,0,0,0,0,520,16813,0,0,510
2026-03-06,port218,Cartagena,9,7,26680,15234,0,23981,0,1866,832,0,15149,0,0,85
2026-03-07,port218,Cartagena,12,9,38013,39389,0,33740,0,4272,0,0,31841,0,7547,0
2026-03-08,port218,Cartagena,8,5,33963,74178,0,19632,0,14331,0,0,6595,0,67071,512
2026-03-09,port218,Cartagena,13,6,39852,171235,24114,14854,883,0,0,46316,26709,1457,96752,0
2026-03-10,port218,Cartagena,12,9,35461,18952,0,35461,0,0,0,0,17633,0,1319,0
2026-03-11,port218,Cartagena,11,5,35800,26458,0,9333,0,26467,0,2297,8146,4184,11830,0
2026-03-12,port218,Cartagena,14,9,190210,47770,166677,23533,0,0,0,0,19599,0,27659,511
2026-03-13,port218,Cartagena,12,8,27205,98461,0,27205,0,0,0,0,11849,8156,78455,0
2026-03-14,port218,Cartagena,10,7,57847,11303,0,48965,0,8881,0,0,8097,161,0,3044
2026-03-15,port218,Cartagena,11,6,77553,64783,13376,934,0,63243,0,10370,54413,0,0,0
2026-03-16,port218,Cartagena,10,6,39026,28788,27767,8841,883,0,1533,12453,14877,1457,0,0
2026-03-17,port218,Cartagena,12,6,23113,124692,0,17249,883,4980,0,5730,13131,1457,104371,0
2026-03-18,port218,Cartagena,10,7,63114,15741,16157,30511,0,14400,2044,0,15741,0,0,0
2026-03-19,port218,Cartagena,14,8,39739,27648,31585,6278,0,1875,0,13019,14629,0,0,0
2026-03-20,port218,Cartagena,12,10,24638,17378,0,16393,0,8244,0,0,14289,0,3088,0
2026-03-21,port218,Cartagena,12,8,67897,22021,48475,15513,883,3025,0,0,8733,1457,11830,0
2026-03-22,port218,Cartagena,8,4,113476,2283,0,22162,3908,86384,1020,0,2283,0,0,0
2026-03-23,port218,Cartagena,12,6,38887,68609,0,13333,1419,23302,832,7017,29280,1457,30768,85
2026-03-24,port218,Cartagena,13,9,8880,67581,0,8880,0,0,0,0,33020,0,33693,867
2026-03-25,port218,Cartagena,7,5,38361,14770,0,33373,0,3025,1962,0,2940,0,11830,0
2026-03-26,port218,Cartagena,13,9,42038,117043,10313,28699,0,3025,0,18279,16913,0,81850,0
2026-03-27,port218,Cartagena,11,9,18280,60629,0,18280,0,0,0,0,7427,0,53201,0
2026-03-28,port218,Cartagena,14,8,76281,96391,0,28204,266,47810,0,64770,31621,0,0,0
2026-03-29,port218,Cartagena,9,5,6308,41111,0,5259,216,0,832,2297,38728,0,0,85
2026-03-30,port218,Cartagena,10,3,38730,109119,0,0,883,37847,0,0,15093,6067,87958,0
2026-03-31,port218,Cartagena,10,8,23501,46885,0,19739,0,3761,0,0,35055,0,11830,0
2026-04-01,port218,Cartagena,7,6,39254,5908,0,39254,0,0,0,0,5908,0,0,0
2026-04-02,port218,Cartagena,12,7,24092,13471,0,17524,0,6568,0,0,6547,0,6923,0
2026-04-03,port218,Cartagena,16,10,80121,74082,38978,19141,0,22001,0,0,32866,1924,39291,0
2026-04-04,port218,Cartagena,8,6,51184,20470,31070,20114,0,0,0,0,5578,14892,0,0
2026-04-05,port218,Cartagena,7,6,44254,23117,0,30838,0,13416,0,0,23117,0,0,0
2026-04-06,port218,Cartagena,12,3,85157,46992,0,0,883,84274,0,0,14506,1457,30003,1024
2026-04-07,port218,Cartagena,12,7,67940,54484,11182,45538,0,10387,832,10370,4587,0,39441,85
2026-04-08,port218,Cartagena,10,7,45956,71161,0,43678,0,0,2277,61250,9910,0,0,0
2026-04-09,port218,Cartagena,8,6,19688,41195,0,19688,0,0,0,0,4808,0,36386,0
2026-04-10,port218,Cartagena,14,9,39331,52157,11182,10248,883,17017,0,10370,28499,1457,11830,0
2026-04-11,port218,Cartagena,12,7,70941,41798,0,49351,0,21589,0,0,5495,0,36302,0
2026-04-12,port218,Cartagena,14,8,113759,50330,11182,32103,0,70473,0,28649,19357,221,2101,0
2026-04-13,port218,Cartagena,8,4,19087,64114,0,15299,1766,0,2021,55468,5729,2915,0,0
2026-04-14,port218,Cartagena,9,8,23061,21635,0,20035,0,3025,0,0,9805,0,11830,0
2026-04-15,port218,Cartagena,12,5,94532,12438,0,15923,4980,72707,919,2297,7016,3123,0,0
2026-04-16,port218,Cartagena,16,10,71815,145138,0,30961,883,36756,3213,0,26743,1457,116937,0
2026-04-17,port218,Cartagena,11,6,30835,35931,0,12879,0,17123,832,0,10534,1842,23468,85
2026-04-18,port218,Cartagena,13,10,53316,49787,0,44549,0,6723,2044,0,18811,0,30975,0
2026-04-19,port218,Cartagena,7,5,26674,7184,0,24596,883,0,1195,0,5282,1457,0,444
2026-04-20,port218,Cartagena,12,5,37738,81449,0,11573,1170,24995,0,0,23469,1457,56522,0
2026-04-21,port218,Cartagena,12,10,26641,25762,10143,16497,0,0,0,0,25762,0,0,0
2026-04-22,port218,Cartagena,10,2,108809,69117,29493,2583,0,74687,2044,0,787,1005,67324,0
2026-04-23,port218,Cartagena,14,9,19245,83150,6693,8916,1069,0,2565,0,35211,0,47939,0
2026-04-24,port218,Cartagena,9,6,27924,12824,0,14130,0,12961,832,0,12739,0,0,85
2026-04-25,port218,Cartagena,12,8,50051,65389,3439,46612,0,0,0,7017,22591,0,35780,0
2026-04-26,port218,Cartagena,14,7,72516,60070,0,24981,0,47534,0,18279,11222,4416,26151,0
2026-04-27,port218,Cartagena,13,7,45085,66035,13325,10873,1766,19120,0,0,61383,4652,0,0
2026-04-28,port218,Cartagena,11,7,64686,44894,55650,9036,0,0,0,25788,19105,0,0,0
2026-04-29,port218,Cartagena,10,7,80306,2765,25218,55087,0,0,0,0,2765,0,0,0
2026-04-30,port218,Cartagena,11,9,47810,27596,0,45161,0,0,2648,0,27596,0,0,0
2026-05-01,port218,Cartagena,12,6,57768,68886,0,32935,0,23810,1022,2297,19964,0,46624,0
2026-05-02,port218,Cartagena,17,10,119726,133570,11182,22325,0,84197,2021,10370,20958,8480,93761,0
2026-05-03,port218,Cartagena,8,4,48398,78417,0,34067,0,14331,0,38366,9281,0,30768,0
2026-05-04,port218,Cartagena,6,5,14763,19359,0,6176,0,8586,0,0,19359,0,0,0
2026-05-05,port218,Cartagena,14,9,23985,65197,12229,10560,0,0,1195,2641,22954,4156,35000,444
2026-05-06,port218,Cartagena,11,8,57277,49979,0,46002,0,11275,0,0,8835,0,41143,0
2026-05-07,port218,Cartagena,10,9,27608,47456,0,22844,0,4763,0,0,18767,0,28688,0
2026-05-08,port218,Cartagena,16,11,100653,115094,0,20020,883,79749,0,568,19277,1457,93790,0
2026-05-09,port218,Cartagena,10,6,92622,16223,57594,19586,0,14098,1343,0,16138,0,0,85
2026-05-10,port218,Cartagena,7,6,11532,11282,0,11532,0,0,0,0,11282,0,0,0
2026-05-11,port218,Cartagena,10,8,26998,21109,0,16951,0,10047,0,0,21109,0,0,0
2026-05-12,port218,Cartagena,11,7,56308,29936,0,20864,0,34611,832,21813,8037,0,0,85
2026-05-13,port218,Cartagena,13,5,35241,94996,0,14233,883,17309,2815,0,39886,3306,51804,0
2026-05-14,port218,Cartagena,11,9,24028,14477,0,21496,0,0,2532,0,10449,4027,0,0
2026-05-15,port218,Cartagena,20,11,35211,181083,11182,23145,883,0,0,53898,15615,1457,110112,0
2026-05-16,port218,Cartagena,11,7,12606,22909,0,10679,0,1094,832,0,22824,0,0,85
2026-05-17,port218,Cartagena,10,6,119249,36229,0,40926,0,77490,832,0,7455,0,28688,85
2026-05-18,port218,Cartagena,7,5,34379,77250,0,19235,0,15144,0,26517,50732,0,0,0
2026-05-19,port218,Cartagena,14,7,57986,108977,0,12245,6032,39708,0,49464,25275,1457,32780,0
2026-05-20,port218,Cartagena,14,6,67315,76465,45370,19687,883,0,1374,56617,10906,6320,2620,0
2026-05-21,port218,Cartagena,12,8,22414,41182,0,7013,0,14010,1390,18953,10399,0,11830,0
2026-05-22,port218,Cartagena,12,7,114688,27237,56385,53823,883,0,3596,0,8782,1457,14668,2327
2026-05-23,port218,Cartagena,12,11,35012,29075,0,34301,0,0,711,0,29048,0,0,27
2026-05-24,port218,Cartagena,7,6,11954,5546,0,11954,0,0,0,0,5546,0,0,0
2026-05-25,port218,Cartagena,10,5,17774,70145,0,0,6,17767,0,0,34167,3831,32147,0
2026-05-26,port218,Cartagena,12,8,25316,97438,0,20188,883,4245,0,0,24406,1457,71573,0
2026-05-27,port218,Cartagena,7,5,73194,0,0,53389,5031,14773,0,0,0,0,0,0
2026-05-28,port218,Cartagena,14,11,88281,26131,0,29058,0,59223,0,7017,19114,0,0,0
2026-05-29,port218,Cartagena,16,10,28682,55616,0,8128,0,20554,0,18279,37072,264,0,0
2026-05-30,port218,Cartagena,10,7,17095,63087,0,13186,883,3025,0,0,17652,1457,43977,0
2026-05-31,port218,Cartagena,12,5,122457,38118,61203,36672,0,24581,0,0,21676,4611,11830,0
2026-06-01,port218,Cartagena,7,5,3740,7034,0,3740,0,0,0,0,6363,671,0,0
2026-06-02,port218,Cartagena,12,4,20785,43558,11182,7248,0,2353,0,13992,29566,0,0,0
2026-06-03,port218,Cartagena,10,6,129425,3741,0,43981,883,83531,1029,0,2283,1457,0,0
2026-06-04,port218,Cartagena,11,7,31993,14556,0,17974,0,14019,0,0,12819,1736,0,0
2026-06-05,port218,Cartagena,11,8,18237,71622,0,7252,0,10984,0,0,35307,0,36314,0
2026-06-06,port218,Cartagena,10,8,63349,13770,0,37593,0,25756,0,0,13770,0,0,0
2026-06-07,port218,Cartagena,8,6,31260,30790,0,27304,0,0,3956,0,23021,0,7768,0
2026-06-08,port218,Cartagena,10,6,14315,56512,0,12549,1766,0,0,33768,14214,2915,5613,0
2026-06-09,port218,Cartagena,11,7,50830,91216,31328,5170,0,14331,0,0,26218,0,64997,0
2026-06-10,port218,Cartagena,7,5,38892,19750,0,35866,0,3025,0,0,7920,0,11830,0
2026-06-11,port218,Cartagena,15,9,27032,126523,1965,14917,1903,8244,0,2641,13487,1457,108936,0
2026-06-12,port218,Cartagena,15,8,39499,24882,28663,6949,1261,0,2624,2015,20350,2516,0,0
2026-06-13,port218,Cartagena,15,9,73047,39069,15721,32009,883,22411,2021,7017,30593,1457,0,0
2026-06-14,port218,Cartagena,12,7,32236,40179,2371,14650,883,14331,0,0,5592,3818,30768,0
2026-06-15,port218,Cartagena,9,4,25083,57754,5484,6029,0,13568,0,0,6721,0,51033,0
2026-06-16,port218,Cartagena,12,6,40231,122121,0,23732,0,14454,2045,0,15055,0,107066,0
2026-06-17,port218,Cartagena,10,8,117426,13716,0,39354,0,77239,832,0,13631,0,0,85
2026-06-18,port218,Cartagena,12,7,21483,95081,8312,13170,0,0,0,84216,10865,0,0,0
2026-06-19,port218,Cartagena,17,12,46555,104572,0,28315,883,17357,0,0,44811,1457,58303,0
2026-06-20,port218,Cartagena,14,8,49671,30448,0,37600,4141,6723,1206,0,27573,2875,0,0
2026-06-21,port218,Cartagena,7,6,11532,31081,0,8978,0,0,2554,0,31081,0,0,0
2026-06-22,port218,Cartagena,12,5,95918,68433,0,4308,0,89332,2277,45157,13951,0,9323,0
2026-06-23,port218,Cartagena,9,6,33546,19501,0,29514,373,2826,832,0,19416,0,0,85
2026-06-24,port218,Cartagena,14,10,83046,30868,16610,41634,0,24801,0,0,15163,0,15705,0
2026-06-25,port218,Cartagena,13,7,47894,33002,0,40151,1766,5465,510,0,13804,7367,11830,0
2026-06-26,port218,Cartagena,11,9,12996,29334,1965,6972,0,4058,0,2641,26693,0,0,0
2026-06-27,port218,Cartagena,8,5,29092,39944,0,29092,0,0,0,0,19133,10863,9946,0
2026-06-28,port218,Cartagena,12,5,50440,63876,40439,6368,224,3408,0,44143,17803,1929,0,0
2026-06-29,port218,Cartagena,10,5,21302,56338,0,8516,883,11902,0,0,27345,1457,27535,0
2026-06-30,port218,Cartagena,8,6,39420,67343,0,25089,0,14331,0,0,14057,0,53286,0
2026-07-01,port218,Cartagena,10,8,124118,25431,0,12264,0,111853,0,0,25431,0,0,0
2026-07-02,port218,Cartagena,11,8,16692,80891,0,16692,0,0,0,53231,25993,1665,0,0
2026-07-03,port218,Cartagena,9,7,41692,76046,0,38959,0,0,2732,58058,17987,0,0,0
2026-07-04,port218,Cartagena,16,7,79095,48239,0,38391,0,40703,0,2297,11204,3968,30768,0
2026-07-05,port218,Cartagena,9,4,5221,117180,0,2942,1766,0,511,0,32727,2915,81537,0
2026-07-06,port218,Cartagena,10,5,127253,22714,17367,24434,0,82803,2648,10370,12343,0,0,0
2026-07-07,port218,Cartagena,8,5,44780,21714,0,20160,0,24619,0,0,21714,0,0,0
2026-07-08,port218,Cartagena,10,7,54512,15045,35590,16362,0,0,2560,0,15045,0,0,0
2026-07-09,port218,Cartagena,14,9,33643,8903,0,27948,883,3979,832,777,4846,3194,0,85
2026-07-10,port218,Cartagena,12,9,16276,66598,0,4250,0,9749,2276,0,54768,0,11830,0
2026-07-11,port218,Cartagena,12,7,39420,94653,11182,28237,0,0,0,10370,29589,0,54693,0
2026-07-12,port218,Cartagena,10,4,18014,33559,0,5885,221,11907,0,0,21728,0,11830,0
2026-07-13,port218,Cartagena,11,8,52767,116217,0,38436,0,14331,0,0,38961,0,77256,0
2026-07-14,port218,Cartagena,12,8,14099,21077,0,13215,883,0,0,0,6416,1457,13203,0
2026-07-15,port218,Cartagena,17,9,53558,130936,13783,17740,0,20197,1837,0,14803,0,116133,0
2026-07-16,port218,Cartagena,8,6,121597,9400,41279,7416,0,72901,0,0,9400,0,0,0
2026-07-17,port218,Cartagena,10,6,28611,104143,0,28611,0,0,0,0,19364,0,84779,0
2026-07-18,port218,Cartagena,8,6,39420,36962,0,34484,0,4936,0,18279,18683,0,0,0
2026-07-19,port218,Cartagena,11,7,35185,43149,0,18550,883,15751,0,0,29861,1457,11830,0
2026-07-20,port218,Cartagena,8,5,21912,9909,0,21912,0,0,0,0,8019,1890,0,0
2026-07-21,port218,Cartagena,10,6,33616,24906,0,20109,883,8996,3627,0,23448,1457,0,0
2026-07-22,port218,Cartagena,7,4,37198,17506,0,37198,0,0,0,17392,114,0,0,0
2026-07-23,port218,Cartagena,16,7,21774,129013,1965,9697,0,8581,1529,59975,17685,5212,46140,0
2026-07-24,port218,Cartagena,10,6,17844,25895,0,1745,883,15215,0,0,24437,1457,0,0
2026-07-25,port218,Cartagena,10,8,60981,10066,0,54258,0,6723,0,0,10066,0,0,0
2026-07-26,port218,Cartagena,5,4,19452,11191,0,19452,0,0,0,0,11191,0,0,0
2026-07-27,port218,Cartagena,11,4,42135,85998,31591,1920,0,4980,3643,7017,27959,0,51021,0
2026-07-28,port218,Cartagena,11,6,94542,14560,0,19330,883,74328,0,0,9821,3809,0,928
2026-07-29,port218,Cartagena,10,6,45120,55838,8067,34027,0,3025,0,0,6752,1690,47395,0
2026-07-30,port218,Cartagena,8,6,27364,7678,0,14383,883,12097,0,0,6221,1457,0,0
2026-07-31,port218,Cartagena,14,9,16285,59373,0,8150,883,7251,0,0,28904,1457,29010,0
2026-08-01,port218,Cartagena,11,9,79373,41922,48592,30780,0,0,0,18279,23643,0,0,0
2026-08-02,port218,Cartagena,8,7,9339,39344,0,8828,0,0,511,0,39344,0,0,0
2026-08-03,port218,Cartagena,4,2,883,56405,0,0,883,0,0,0,6452,1457,48494,0
2026-08-04,port218,Cartagena,8,5,21927,36618,0,21415,0,0,511,32636,3981,0,0,0
2026-08-05,port218,Cartagena,5,4,110133,6163,0,39944,0,70189,0,0,6163,0,0,0
2026-08-06,port218,Cartagena,12,8,37901,43537,0,13366,883,23328,324,0,11310,1457,30768,0
2026-08-07,port218,Cartagena,18,9,79933,33143,17547,35637,883,23588,2277,11492,17940,3710,0,0
2026-08-08,port218,Cartagena,14,8,36597,71830,0,34830,1766,0,0,5522,15900,2915,47491,0
2026-08-09,port218,Cartagena,6,2,15351,13548,0,11443,883,3025,0,0,260,1457,11830,0
2026-08-10,port218,Cartagena,10,6,26816,25143,0,25793,0,0,1023,1367,16037,7739,0,0
2026-08-11,port218,Cartagena,9,8,34978,8079,0,34146,0,0,832,0,7994,0,0,85
2026-08-12,port218,Cartagena,8,6,9639,55027,0,9639,0,0,0,0,10165,0,44861,0
2026-08-13,port218,Cartagena,15,8,111548,111897,0,16526,883,94137,0,36076,16834,1457,57528,0
2026-08-14,port218,Cartagena,16,11,28858,55646,0,10080,5067,9802,3907,0,54188,1457,0,0
2026-08-15,port218,Cartagena,9,5,50532,5880,0,46974,134,3423,0,0,5880,0,0,0
2026-08-16,port218,Cartagena,7,5,18342,135580,0,13285,0,5057,0,0,22081,0,113499,0
2026-08-17,port218,Cartagena,7,5,13543,27501,0,12660,883,0,0,18279,7764,1457,0,0
2026-08-18,port218,Cartagena,10,6,49908,49964,30677,10349,0,8881,0,0,4927,0,45036,0
2026-08-19,port218,Cartagena,11,6,33897,20765,0,16658,4253,12985,0,0,20765,0,0,0
2026-08-20,port218,Cartagena,12,11,16132,56222,0,16132,0,0,0,0,22690,0,33532,0
2026-08-21,port218,Cartagena,8,5,26587,30931,11182,13208,0,0,2196,10370,20561,0,0,0
2026-08-22,port218,Cartagena,6,4,30059,18187,0,22452,883,6723,0,0,16730,1457,0,0
2026-08-23,port218,Cartagena,12,6,28889,18165,0,21846,1766,5276,0,3534,8337,2915,3377,0
2026-08-24,port218,Cartagena,13,6,8141,145250,0,2581,883,4676,0,0,26677,1457,117114,0
2026-08-25,port218,Cartagena,13,8,142379,66398,30376,36280,883,74838,0,0,18886,1457,46053,0
2026-08-26,port218,Cartagena,8,5,18953,19242,0,15104,0,3848,0,7559,9875,1807,0,0
2026-08-27,port218,Cartagena,10,7,64863,66740,49093,12744,0,3025,0,0,19118,0,47622,0
2026-08-28,port218,Cartagena,13,10,23682,61952,0,8484,0,15197,0,35549,24712,1690,0,0
2026-08-29,port218,Cartagena,11,9,15052,68085,0,15052,0,0,0,34047,18512,0,15525,0
2026-08-30,port218,Cartagena,5,3,36289,3741,28016,7390,883,0,0,0,2283,1457,0,0
2026-08-31,port218,Cartagena,11,5,92327,36602,0,0,883,91444,0,0,30405,6197,0,0
2026-09-01,port218,Cartagena,8,5,22776,22824,0,18184,0,4591,0,0,6971,135,15718,0
2026-09-02,port218,Cartagena,6,4,30581,4567,0,30117,0,0,463,0,4567,0,0,0
2026-09-03,port218,Cartagena,15,8,9454,75500,0,8571,883,0,0,0,7533,1457,66508,0
2026-09-04,port218,Cartagena,15,10,18548,47053,0,2942,0,15605,0,0,47053,0,0,0
2026-09-05,port218,Cartagena,9,3,89114,28924,0,16419,0,69020,3674,18609,8816,507,991,0
2026-09-06,port218,Cartagena,9,4,98548,17855,71224,8641,883,17799,0,0,4567,1457,11830,0
2026-09-07,port218,Cartagena,7,6,19910,25645,0,19910,0,0,0,7017,18628,0,0,0
2026-09-08,port218,Cartagena,12,7,16464,22324,0,14394,231,0,1837,0,14660,1445,6219,0
2026-09-09,port218,Cartagena,11,7,121320,9050,0,43539,883,74867,2029,0,7592,1457,0,0
2026-09-10,port218,Cartagena,9,4,51961,41932,0,29599,0,21529,832,41847,0,0,0,85
2026-09-11,port218,Cartagena,20,13,89720,59862,25718,46450,1766,15785,0,0,24512,4581,30768,0
2026-09-12,port218,Cartagena,12,5,32990,87153,0,12496,0,20493,0,0,26828,0,60324,0
2026-09-13,port218,Cartagena,10,5,39998,54974,11182,17846,0,8931,2037,10370,4120,0,40483,0
2026-09-14,port218,Cartagena,7,4,11041,29793,0,8015,0,3025,0,0,17963,0,11830,0
2026-09-15,port218,Cartagena,7,4,52694,13792,40490,11320,883,0,0,0,10066,1457,2267,0
2026-09-16,port218,Cartagena,12,7,47798,70850,0,43215,0,4583,0,0,6991,0,63858,0
2026-09-17,port218,Cartagena,13,8,42646,45196,8312,28708,1766,3025,832,12453,17911,2915,11830,85
2026-09-18,port218,Cartagena,12,7,36861,9075,0,13756,883,22221,0,0,7617,1457,0,0
2026-09-19,port218,Cartagena,13,9,40650,26416,11182,28584,883,0,0,10370,9978,6067,0,0
2026-09-20,port218,Cartagena,10,6,61799,13002,15510,31833,0,12383,2073,0,13002,0,0,0
2026-09-21,port218,Cartagena,8,5,21570,98036,0,514,0,21055,0,0,67267,0,30768,0
2026-09-22,port218,Cartagena,11,6,75914,71600,0,23837,0,51049,1026,18279,17930,0,35390,0
2026-09-23,port218,Cartagena,13,9,22953,13776,0,18108,883,2941,1020,0,12318,1457,0,0
2026-09-24,port218,Cartagena,14,7,95895,102979,0,8516,0,81974,5404,0,13965,0,89013,0
2026-09-25,port218,Cartagena,13,9,54828,52240,11230,39739,0,3025,832,17445,22880,0,11830,85
2019-01-07,port120,Barranquilla,4,0,61636,1705,51182,0,1706,8747,0,0,0,1705,0,0
2019-01-08,port120,Barranquilla,2,1,10765,0,6846,3918,0,0,0,0,0,0,0,0
2019-01-09,port120,Barranquilla,0,0,0,0,0,0,0,0,0,0,0,0,0,0
2019-01-10,port120,Barranquilla,1,1,3528,0,0,3528,0,0,0,0,0,0,0,0
2019-01-11,port120,Barranquilla,9,3,18372,5393,2834,3328,544,11665,0,0,1048,4344,0,0
2019-01-12,port120,Barranquilla,4,0,33895,0,27010,0,6885,0,0,0,0,0,0,0
2019-01-13,port120,Barranquilla,1,1,3813,0,0,3813,0,0,0,0,0,0,0,0
2019-01-14,port120,Barranquilla,4,0,0,0,0,0,0,0,0,0,0,0,0,0
2019-01-15,port120,Barranquilla,3,2,18059,379,0,1302,0,16757,0,0,379,0,0,0
2019-01-16,port120,Barranquilla,3,2,5145,644,0,5145,0,0,0,0,644,0,0,0
2019-01-17,port120,Barranquilla,4,1,61368,29857,61368,0,0,0,0,24731,5126,0,0,0
2019-01-18,port120,Barranquilla,3,1,48621,0,47144,1476,0,0,0,0,0,0,0,0
2019-01-19,port120,Barranquilla,2,2,971,1392,0,971,0,0,0,0,1392,0,0,0
2019-01-20,port120,Barranquilla,2,1,24870,368,24870,0,0,0,0,0,368,0,0,0
2019-01-21,port120,Barranquilla,1,0,0,0,0,0,0,0,0,0,0,0,0,0
2019-01-22,port120,Barranquilla,1,1,0,399,0,0,0,0,0,0,399,0,0,0
2019-01-23,port120,Barranquilla,2,0,0,5775,0,0,0,0,0,0,0,0,5775,0
2019-01-24,port120,Barranquilla,2,1,0,13204,0,0,0,0,0,0,2095,0,11109,0
2019-01-25,port120,Barranquilla,5,2,5728,37288,0,3013,0,2715,0,35859,0,0,1428,0
2019-01-26,port120,Barranquilla,3,2,13233,6107,12015,1217,0,0,0,5463,644,0,0,0
2019-01-27,port120,Barranquilla,2,1,4315,3085,0,0,4315,0,0,0,3085,0,0,0
2019-01-28,port120,Barranquilla,2,1,1918,0,0,1918,0,0,0,0,0,0,0,0
2019-01-29,port120,Barranquilla,3,2,3888,1051,0,2013,0,1875,0,0,0,0,1051,0
2019-01-30,port120,Barranquilla,5,1,71252,1705,68050,1495,1706,0,0,0,0,1705,0,0
2019-01-31,port120,Barranquilla,1,0,0,12262,0,0,0,0,0,12262,0,0,0,0
2019-02-01,port120,Barranquilla,2,2,3244,0,0,3244,0,0,0,0,0,0,0,0
2019-02-02,port120,Barranquilla,3,1,873,0,0,249,0,624,0,0,0,0,0,0
2019-02-03,port120,Barranquilla,1,1,1099,0,0,1099,0,0,0,0,0,0,0,0
2019-02-04,port120,Barranquilla,4,1,317,29651,0,317,0,0,0,29651,0,0,0,0
2019-02-05,port120,Barranquilla,4,1,2715,9569,0,0,0,2715,0,0,2807,5333,1428,0
2019-02-06,port120,Barranquilla,2,1,4316,1705,0,2610,1706,0,0,0,0,1705,0,0
2019-02-07,port120,Barranquilla,2,0,0,11815,0,0,0,0,0,0,0,11815,0,0
2019-02-08,port120,Barranquilla,1,0,0,0,0,0,0,0,0,0,0,0,0,0
2019-02-09,port120,Barranquilla,3,1,35706,6107,34735,971,0,0,0,5463,644,0,0,0
2019-02-10,port120,Barranquilla,4,1,34983,21985,31282,3701,0,0,0,21985,0,0,0,0
2019-02-11,port120,Barranquilla,1,0,2728,0,0,0,2728,0,0,0,0,0,0,0
2019-02-12,port120,Barranquilla,2,1,396,1261,0,0,396,0,0,0,1261,0,0,0
2019-02-13,port120,Barranquilla,7,3,41185,12529,35763,1915,0,3506,0,0,4249,0,8279,0
2019-02-14,port120,Barranquilla,3,1,19120,5463,12015,1303,5801,0,0,5463,0,0,0,0
2019-02-15,port120,Barranquilla,5,2,15391,641,0,1133,0,14257,0,0,641,0,0,0
2019-02-16,port120,Barranquilla,3,1,12837,498,543,0,12293,0,0,0,498,0,0,0
2019-02-17,port120,Barranquilla,2,1,1706,1705,0,0,1706,0,0,0,0,1705,0,0
2019-02-18,port120,Barranquilla,2,1,2535,0,0,2535,0,0,0,0,0,0,0,0
2019-02-19,port120,Barranquilla,3,0,25495,3491,21237,0,4257,0,0,0,0,3491,0,0
2019-02-20,port120,Barranquilla,4,2,8387,1705,0,2593,5793,0,0,0,0,1705,0,0
2019-02-21,port120,Barranquilla,2,0,10797,4208,0,0,0,10797,0,0,0,4208,0,0
2019-02-22,port120,Barranquilla,4,3,2482,33084,0,2482,0,0,0,32038,1045,0,0,0
2019-02-23,port120,Barranquilla,2,1,0,1411,0,0,0,0,0,918,493,0,0,0
2019-02-24,port120,Barranquilla,2,1,1097,1752,0,0,1097,0,0,0,1752,0,0,0
2019-02-25,port120,Barranquilla,3,1,16801,3133,0,12380,1706,2715,0,0,0,1705,1428,0
2019-02-26,port120,Barranquilla,0,0,0,0,0,0,0,0,0,0,0,0,0,0
2019-02-27,port120,Barranquilla,4,2,5744,30756,1162,4582,0,0,0,30111,644,0,0,0
2019-02-28,port120,Barranquilla,6,0,43562,35599,37378,0,0,6184,0,32637,0,0,2962,0
2019-03-01,port120,Barranquilla,10,3,34241,68577,28972,1607,946,2715,0,64888,2260,0,1428,0
2019-03-02,port120,Barranquilla,1,1,1385,861,0,1385,0,0,0,0,861,0,0,0
2019-03-03,port120,Barranquilla,1,0,1172,0,0,0,1172,0,0,0,0,0,0,0
2019-03-04,port120,Barranquilla,6,1,7183,4485,0,1114,0,6069,0,956,0,189,3338,0
2019-03-05,port120,Barranquilla,3,0,3195,1428,0,0,480,2715,0,0,0,0,1428,0
2019-03-06,port120,Barranquilla,5,1,21137,40667,3279,971,0,16887,0,26980,644,0,13042,0
2019-03-07,port120,Barranquilla,2,1,2715,1676,0,0,0,2715,0,0,248,0,1428,0
2019-03-08,port120,Barranquilla,5,2,34131,644,30857,3274,0,0,0,0,644,0,0,0
2019-03-09,port120,Barranquilla,4,2,5861,644,0,5861,0,0,0,0,644,0,0,0
2019-03-10,port120,Barranquilla,5,1,40161,1705,33786,3452,2364,558,0,0,0,1705,0,0
2019-03-11,port120,Barranquilla,2,0,0,2460,0,0,0,0,0,0,0,667,1792,0
2019-03-12,port120,Barranquilla,5,1,6626,4706,0,0,6626,0,0,0,3001,1705,0,0
2019-03-13,port120,Barranquilla,3,1,33183,0,31934,1248,0,0,0,0,0,0,0,0
2019-03-14,port120,Barranquilla,4,1,40655,6217,40655,0,0,0,0,5463,754,0,0,0
2019-03-15,port120,Barranquilla,3,1,5664,1428,0,2719,230,2715,0,0,0,0,1428,0
2019-03-16,port120,Barranquilla,5,3,7024,4625,6053,971,0,0,0,0,4625,0,0,0
2019-03-17,port120,Barranquilla,2,1,0,5289,0,0,0,0,0,0,5289,0,0,0
2019-03-18,port120,Barranquilla,0,0,0,0,0,0,0,0,0,0,0,0,0,0
2019-03-19,port120,Barranquilla,4,1,11068,1705,1138,3918,1706,4304,0,0,0,1705,0,0
2019-03-20,port120,Barranquilla,5,1,48177,11428,45419,1052,1706,0,0,5463,0,5965,0,0
2019-03-21,port120,Barranquilla,4,0,16430,3133,0,0,2801,13629,0,0,0,1705,1428,0
2019-03-22,port120,Barranquilla,6,3,5448,2349,0,3742,1706,0,0,0,644,1705,0,0
2019-03-23,port120,Barranquilla,0,0,0,0,0,0,0,0,0,0,0,0,0,0
2019-03-24,port120,Barranquilla,2,1,370,0,0,370,0,0,0,0,0,0,0,0
2019-03-25,port120,Barranquilla,4,0,16951,1910,0,0,0,16951,0,0,0,0,1910,0
2019-03-26,port120,Barranquilla,6,2,39543,40268,30860,2737,5944,0,0,30140,2980,7147,0,0
2019-03-27,port120,Barranquilla,3,0,2715,1428,0,0,0,2715,0,0,0,0,1428,0
2019-03-28,port120,Barranquilla,1,0,1143,0,0,0,1143,0,0,0,0,0,0,0
2019-03-29,port120,Barranquilla,6,2,17891,7587,12472,2704,0,2715,0,5463,368,327,1428,0
2019-03-30,port120,Barranquilla,1,1,971,644,0,971,0,0,0,0,644,0,0,0
2019-03-31,port120,Barranquilla,3,1,6028,1428,0,3313,0,2715,0,0,0,0,1428,0
2019-04-01,port120,Barranquilla,7,1,65377,7906,64763,0,0,613,0,7111,794,0,0,0
2019-04-02,port120,Barranquilla,3,1,9764,1230,0,7532,2231,0,0,0,0,0,1230,0
2019-04-03,port120,Barranquilla,3,1,1636,3650,0,0,1636,0,0,0,2704,0,946,0
2019-04-04,port120,Barranquilla,1,0,0,0,0,0,0,0,0,0,0,0,0,0
2019-04-05,port120,Barranquilla,5,2,48654,13784,43592,5061,0,0,0,13140,644,0,0,0
2019-04-06,port120,Barranquilla,3,2,4212,2072,0,1497,0,2715,0,0,644,0,1428,0
2019-04-07,port120,Barranquilla,3,2,1476,740,0,1476,0,0,0,0,740,0,0,0
2019-04-08,port120,Barranquilla,3,1,30382,330,30382,0,0,0,0,0,330,0,0,0
2019-04-09,port120,Barranquilla,4,2,12015,5722,12015,0,0,0,0,5463,259,0,0,0
2019-04-10,port120,Barranquilla,3,1,2979,21689,0,264,0,2715,0,20261,0,0,1428,0
2019-04-11,port120,Barranquilla,0,0,0,0,0,0,0,0,0,0,0,0,0,0
2019-04-12,port120,Barranquilla,4,2,1859,269,0,1859,0,0,0,0,269,0,0,0
2019-04-13,port120,Barranquilla,6,1,20458,9940,574,0,0,19884,0,0,3244,6695,0,0
2019-04-14,port120,Barranquilla,2,1,11906,0,0,2592,0,9313,0,0,0,0,0,0
2019-04-15,port120,Barranquilla,3,1,4421,4769,0,0,1706,2715,0,0,1635,1705,1428,0
2019-04-16,port120,Barranquilla,6,2,33281,0,28663,4617,0,0,0,0,0,0,0,0
2019-04-17,port120,Barranquilla,1,1,1731,0,0,1731,0,0,0,0,0,0,0,0
2019-04-18,port120,Barranquilla,4,0,21120,20974,20957,0,163,0,0,13291,0,7682,0,0
2019-04-19,port120,Barranquilla,3,3,971,895,0,971,0,0,0,0,895,0,0,0
2019-04-20,port120,Barranquilla,5,1,8276,33936,0,0,8276,0,0,0,0,0,33936,0
2019-04-21,port120,Barranquilla,6,1,3337,31263,0,1471,1865,0,0,25794,0,5468,0,0
2019-04-22,port120,Barranquilla,2,0,36422,0,32247,0,4174,0,0,0,0,0,0,0
2019-04-23,port120,Barranquilla,4,1,33223,1690,30321,2737,164,0,0,0,0,1690,0,0
2019-04-24,port120,Barranquilla,1,1,499,0,0,499,0,0,0,0,0,0,0,0
2019-04-25,port120,Barranquilla,1,0,0,18697,0,0,0,0,0,18697,0,0,0,0
2019-04-26,port120,Barranquilla,7,3,12088,27634,0,6984,5104,0,0,27634,0,0,0,0
2019-04-27,port120,Barranquilla,6,2,38048,2963,30144,0,0,7904,0,0,1269,0,1693,0
2019-04-28,port120,Barranquilla,3,1,21265,536,17539,3726,0,0,0,0,0,0,536,0
2019-04-29,port120,Barranquilla,2,1,5269,644,4298,971,0,0,0,0,644,0,0,0
2019-04-30,port120,Barranquilla,6,2,11350,29894,8589,1054,1706,0,0,24731,799,4363,0,0
2019-05-01,port120,Barranquilla,0,0,0,0,0,0,0,0,0,0,0,0,0,0
2019-05-02,port120,Barranquilla,3,0,18721,1705,17015,0,1706,0,0,0,0,1705,0,0
2019-05-03,port120,Barranquilla,2,1,1488,0,0,1488,0,0,0,0,0,0,0,0
2019-05-04,port120,Barranquilla,2,1,971,644,0,971,0,0,0,0,644,0,0,0
2019-05-05,port120,Barranquilla,3,2,2238,491,0,2238,0,0,0,0,491,0,0,0
2019-05-06,port120,Barranquilla,3,0,64906,0,64906,0,0,0,0,0,0,0,0,0
2019-05-07,port120,Barranquilla,3,2,1234,12679,0,1234,0,0,0,0,0,12679,0,0
2019-05-08,port120,Barranquilla,4,2,22257,1298,20368,1889,0,0,0,979,319,0,0,0
2019-05-09,port120,Barranquilla,1,0,1394,0,0,0,0,1394,0,0,0,0,0,0
2019-05-10,port120,Barranquilla,3,1,14691,24689,0,753,13937,0,0,24689,0,0,0,0
2019-05-11,port120,Barranquilla,5,1,19493,537,15014,0,4478,0,0,0,537,0,0,0
2019-05-12,port120,Barranquilla,3,1,11976,2435,0,0,11976,0,0,0,1109,0,1325,0
2019-05-13,port120,Barranquilla,2,1,987,0,0,987,0,0,0,0,0,0,0,0
2019-05-14,port120,Barranquilla,3,2,398,1015,0,398,0,0,0,0,783,232,0,0
2019-05-15,port120,Barranquilla,2,1,745,6221,0,745,0,0,0,6221,0,0,0,0
2019-05-16,port120,Barranquilla,4,0,15427,8873,12015,0,3412,0,0,5463,0,3410,0,0
2019-05-17,port120,Barranquilla,3,1,24039,735,21907,0,2131,0,0,0,735,0,0,0
2019-05-18,port120,Barranquilla,6,2,31894,8766,28208,971,0,2715,0,0,891,6447,1428,0
2019-05-19,port120,Barranquilla,6,1,61980,10406,56954,0,5026,0,0,10036,370,0,0,0
2019-05-20,port120,Barranquilla,3,2,4038,3521,0,1323,0,2715,0,0,2093,0,1428,0
2019-05-21,port120,Barranquilla,2,1,0,2646,0,0,0,0,0,0,1133,1512,0,0
2019-05-22,port120,Barranquilla,6,1,2636,0,0,497,1665,472,0,0,0,0,0,0
2019-05-23,port120,Barranquilla,3,1,32671,1705,29682,1282,1706,0,0,0,0,1705,0,0
2019-05-24,port120,Barranquilla,2,1,3115,0,0,1511,1603,0,0,0,0,0,0,0
2019-05-25,port120,Barranquilla,2,1,11516,1489,11516,0,0,0,0,0,1489,0,0,0
2019-05-26,port120,Barranquilla,3,1,5469,0,0,2238,3231,0,0,0,0,0,0,0
2019-05-27,port120,Barranquilla,4,1,22811,26387,12833,1230,0,8747,0,26387,0,0,0,0
2019-05-28,port120,Barranquilla,6,2,26653,2388,24965,1688,0,0,0,0,0,2388,0,0
2019-05-29,port120,Barranquilla,2,1,35959,0,33390,2569,0,0,0,0,0,0,0,0
2019-05-30,port120,Barranquilla,2,1,971,644,0,971,0,0,0,0,644,0,0,0
2019-05-31,port120,Barranquilla,2,1,4882,0,0,2999,0,1882,0,0,0,0,0,0
2019-06-01,port120,Barranquilla,6,1,8535,1337,3284,0,5250,0,0,0,1337,0,0,0
2019-06-02,port120,Barranquilla,5,1,26617,1846,26247,370,0,0,0,0,0,0,1846,0
2019-06-03,port120,Barranquilla,1,1,640,0,0,640,0,0,0,0,0,0,0,0
2019-06-04,port120,Barranquilla,3,1,2361,0,0,2361,0,0,0,0,0,0,0,0
2019-06-05,port120,Barranquilla,2,1,3785,0,0,3785,0,0,0,0,0,0,0,0
2019-06-06,port120,Barranquilla,2,1,9023,1909,0,0,0,9023,0,0,1909,0,0,0
2019-06-07,port120,Barranquilla,2,2,753,2361,0,753,0,0,0,0,2361,0,0,0
2019-06-08,port120,Barranquilla,1,1,971,644,0,971,0,0,0,0,644,0,0,0
2019-06-09,port120,Barranquilla,3,1,29416,0,0,1838,0,27578,0,0,0,0,0,0
2019-06-10,port120,Barranquilla,4,1,30055,15480,29209,318,527,0,0,15480,0,0,0,0
2019-06-11,port120,Barranquilla,6,2,2486,8036,0,1369,1117,0,0,6959,644,0,432,0
2019-06-12,port120,Barranquilla,2,0,3613,0,3613,0,0,0,0,0,0,0,0,0
2019-06-13,port120,Barranquilla,3,1,246,0,0,246,0,0,0,0,0,0,0,0
2019-06-14,port120,Barranquilla,3,1,1122,163,0,1122,0,0,0,0,0,163,0,0
2019-06-15,port120,Barranquilla,4,0,9186,0,0,0,9186,0,0,0,0,0,0,0
2019-06-16,port120,Barranquilla,5,1,38847,7931,1825,6373,0,30648,0,0,0,7931,0,0
2019-06-17,port120,Barranquilla,2,1,30533,660,30533,0,0,0,0,0,660,0,0,0
2019-06-18,port120,Barranquilla,2,2,3709,644,0,3709,0,0,0,0,644,0,0,0
2019-06-19,port120,Barranquilla,4,1,23564,5463,12015,748,10801,0,0,5463,0,0,0,0
2019-06-20,port120,Barranquilla,3,1,0,8788,0,0,0,0,0,0,1648,0,7139,0
2019-06-21,port120,Barranquilla,2,1,4454,0,0,2613,0,1841,0,0,0,0,0,0
2019-06-22,port120,Barranquilla,4,1,0,1913,0,0,0,0,0,0,247,1665,0,0
2019-06-23,port120,Barranquilla,3,1,6038,33315,0,6038,0,0,0,23863,0,0,9452,0
2019-06-24,port120,Barranquilla,3,0,3873,0,0,0,0,3873,0,0,0,0,0,0
2019-06-25,port120,Barranquilla,5,1,24895,2622,20274,960,3660,0,0,0,0,1705,917,0
2019-06-26,port120,Barranquilla,3,0,8716,0,1631,0,5210,1874,0,0,0,0,0,0
2019-06-27,port120,Barranquilla,3,1,0,0,0,0,0,0,0,0,0,0,0,0
2019-06-28,port120,Barranquilla,2,0,0,4036,0,0,0,0,0,0,0,4036,0,0
2019-06-29,port120,Barranquilla,3,2,3088,0,0,3088,0,0,0,0,0,0,0,0
2019-06-30,port120,Barranquilla,3,1,7283,644,0,971,6312,0,0,0,644,0,0,0
2019-07-01,port120,Barranquilla,1,0,0,0,0,0,0,0,0,0,0,0,0,0
2019-07-02,port120,Barranquilla,4,1,971,2117,0,971,0,0,0,905,644,567,0,0
2019-07-03,port120,Barranquilla,5,1,3493,8684,0,3493,0,0,0,7774,0,0,909,0
2019-07-04,port120,Barranquilla,3,1,540,2858,0,0,0,540,0,0,2858,0,0,0
2019-07-05,port120,Barranquilla,3,2,14686,0,0,3701,10985,0,0,0,0,0,0,0
2019-07-06,port120,Barranquilla,3,1,4778,2349,0,971,3807,0,0,0,644,1705,0,0
2019-07-07,port120,Barranquilla,1,1,0,1118,0,0,0,0,0,0,1118,0,0,0
2019-07-08,port120,Barranquilla,5,1,14813,32715,11966,971,0,1875,0,31019,644,0,1051,0
2019-07-09,port120,Barranquilla,4,1,2036,1705,0,330,1706,0,0,0,0,1705,0,0
2019-07-10,port120,Barranquilla,2,1,5586,1705,0,3880,1706,0,0,0,0,1705,0,0
2019-07-11,port120,Barranquilla,2,0,5687,0,5687,0,0,0,0,0,0,0,0,0
2019-07-12,port120,Barranquilla,1,1,1484,0,0,1484,0,0,0,0,0,0,0,0
2019-07-13,port120,Barranquilla,1,1,0,0,0,0,0,0,0,0,0,0,0,0
2019-07-14,port120,Barranquilla,3,1,5416,4751,0,1476,0,3939,0,0,0,4751,0,0
2019-07-15,port120,Barranquilla,1,0,0,0,0,0,0,0,0,0,0,0,0,0
2019-07-16,port120,Barranquilla,3,2,2651,3183,2651,0,0,0,0,0,3183,0,0,0
2019-07-17,port120,Barranquilla,3,1,30711,0,29476,1235,0,0,0,0,0,0,0,0
2019-07-18,port120,Barranquilla,4,1,1409,1318,0,0,1241,168,0,0,1318,0,0,0
2019-07-19,port120,Barranquilla,4,1,60419,0,32694,5920,0,21804,0,0,0,0,0,0
2019-07-20,port120,Barranquilla,5,1,69190,494,59069,0,10121,0,0,0,494,0,0,0
2019-07-21,port120,Barranquilla,1,1,3078,0,0,3078,0,0,0,0,0,0,0,0
2019-07-22,port120,Barranquilla,3,1,2243,644,0,971,1272,0,0,0,644,0,0,0
2019-07-23,port120,Barranquilla,2,1,11535,0,0,2232,0,9302,0,0,0,0,0,0
2019-07-24,port120,Barranquilla,5,2,3675,21799,0,1969,1706,0,0,20093,0,1705,0,0
2019-07-25,port120,Barranquilla,1,0,0,0,0,0,0,0,0,0,0,0,0,0
2019-07-26,port120,Barranquilla,4,3,4456,2409,0,2581,0,1875,0,0,1357,0,1051,0
2019-07-27,port120,Barranquilla,2,0,1706,1705,0,0,1706,0,0,0,0,1705,0,0
2019-07-28,port120,Barranquilla,1,1,0,368,0,0,0,0,0,0,368,0,0,0
2019-07-29,port120,Barranquilla,2,1,0,657,0,0,0,0,0,0,657,0,0,0
2019-07-30,port120,Barranquilla,2,0,32761,0,20805,0,0,11956,0,0,0,0,0,0
2019-07-31,port120,Barranquilla,3,1,3775,0,0,3288,0,487,0,0,0,0,0,0
2019-08-01,port120,Barranquilla,4,0,8866,30991,0,0,8866,0,0,29765,0,1226,0,0
2019-08-02,port120,Barranquilla,2,2,3318,1907,0,3318,0,0,0,0,1907,0,0,0
2019-08-03,port120,Barranquilla,4,2,0,2338,0,0,0,0,0,0,2338,0,0,0
2019-08-04,port120,Barranquilla,5,1,9896,30782,4906,0,4989,0,0,27972,1104,1705,0,0
2019-08-05,port120,Barranquilla,1,0,4008,0,4008,0,0,0,0,0,0,0,0,0
2019-08-06,port120,Barranquilla,7,1,36596,26086,34599,1996,0,0,0,24395,0,0,1691,0
2019-08-07,port120,Barranquilla,2,2,651,750,0,651,0,0,0,0,750,0,0,0
2019-08-08,port120,Barranquilla,2,0,41831,5463,41831,0,0,0,0,5463,0,0,0,0
2019-08-09,port120,Barranquilla,4,1,13795,805,0,6038,7757,0,0,0,0,0,805,0
2019-08-10,port120,Barranquilla,2,1,0,18838,0,0,0,0,0,18092,745,0,0,0
2019-08-11,port120,Barranquilla,5,1,3782,4992,0,369,3412,0,0,0,0,4992,0,0
2019-08-12,port120,Barranquilla,3,0,6445,0,4779,0,1665,0,0,0,0,0,0,0
2019-08-13,port120,Barranquilla,3,1,2801,1705,0,1095,1706,0,0,0,0,1705,0,0
2019-08-14,port120,Barranquilla,4,2,35196,644,31285,3911,0,0,0,0,644,0,0,0
2019-08-15,port120,Barranquilla,3,1,42807,2072,39121,971,0,2715,0,0,644,0,1428,0
2019-08-16,port120,Barranquilla,8,2,37722,35051,26946,6990,0,3785,0,26174,644,8232,0,0
2019-08-17,port120,Barranquilla,3,1,16069,1977,10370,0,5698,0,0,0,1977,0,0,0
2019-08-18,port120,Barranquilla,5,1,4024,3300,0,0,4024,0,0,0,743,2557,0,0
2019-08-19,port120,Barranquilla,2,0,6014,1705,0,0,1706,4308,0,0,0,1705,0,0
2019-08-20,port120,Barranquilla,4,2,53735,987,51173,2562,0,0,0,0,987,0,0,0
2019-08-21,port120,Barranquilla,0,0,0,0,0,0,0,0,0,0,0,0,0,0
2019-08-22,port120,Barranquilla,4,0,11810,1428,0,0,9095,2715,0,0,0,0,1428,0
2019-08-23,port120,Barranquilla,2,1,3726,0,0,3726,0,0,0,0,0,0,0,0
2019-08-24,port120,Barranquilla,2,0,12015,5463,12015,0,0,0,0,5463,0,0,0,0
2019-08-25,port120,Barranquilla,2,1,4845,0,0,733,4111,0,0,0,0,0,0,0
2019-08-26,port120,Barranquilla,4,0,12516,5463,12015,0,501,0,0,5463,0,0,0,0
2019-08-27,port120,Barranquilla,2,0,28443,4507,28443,0,0,0,0,0,0,4507,0,0
2019-08-28,port120,Barranquilla,5,2,67565,0,52722,5749,0,9092,0,0,0,0,0,0
2019-08-29,port120,Barranquilla,3,2,0,1803,0,0,0,0,0,0,1803,0,0,0
2019-08-30,port120,Barranquilla,4,2,20293,2679,13772,4814,1706,0,0,0,973,1705,0,0
2019-08-31,port120,Barranquilla,1,1,0,2204,0,0,0,0,0,0,2204,0,0,0
2019-09-01,port120,Barranquilla,3,1,28449,745,23709,0,4740,0,0,0,745,0,0,0
2019-09-02,port120,Barranquilla,3,1,4689,0,0,0,0,4689,0,0,0,0,0,0
2019-09-03,port120,Barranquilla,1,1,0,661,0,0,0,0,0,0,661,0,0,0
2019-09-04,port120,Barranquilla,5,3,31697,0,29479,2218,0,0,0,0,0,0,0,0
2019-09-05,port120,Barranquilla,2,1,0,519,0,0,0,0,0,0,519,0,0,0
2019-09-06,port120,Barranquilla,3,2,3932,644,0,3932,0,0,0,0,644,0,0,0
2019-09-07,port120,Barranquilla,2,1,27524,250,27524,0,0,0,0,0,250,0,0,0
2019-09-08,port120,Barranquilla,2,1,26734,371,26734,0,0,0,0,0,371,0,0,0
2019-09-09,port120,Barranquilla,2,0,38036,0,36493,0,1543,0,0,0,0,0,0,0
2019-09-10,port120,Barranquilla,4,2,25069,0,24485,583,0,0,0,0,0,0,0,0
2019-09-11,port120,Barranquilla,2,0,50769,0,50769,0,0,0,0,0,0,0,0,0
2019-09-12,port120,Barranquilla,6,2,27213,8310,12015,0,4246,10952,0,5463,2071,776,0,0
2019-09-13,port120,Barranquilla,3,2,5388,659,906,4482,0,0,0,0,659,0,0,0
2019-09-14,port120,Barranquilla,4,1,23454,3293,0,0,0,23454,0,1128,2165,0,0,0
2019-09-15,port120,Barranquilla,6,1,34914,3556,34914,0,0,0,0,3183,372,0,0,0
2019-09-16,port120,Barranquilla,1,0,805,0,0,0,0,805,0,0,0,0,0,0
2019-09-17,port120,Barranquilla,2,0,2241,0,0,0,2241,0,0,0,0,0,0,0
2019-09-18,port120,Barranquilla,5,3,2964,644,0,2964,0,0,0,0,644,0,0,0
2019-09-19,port120,Barranquilla,2,1,0,318,0,0,0,0,0,0,318,0,0,0
2019-09-20,port120,Barranquilla,3,2,5180,327,0,5180,0,0,0,0,327,0,0,0
2019-09-21,port120,Barranquilla,7,2,47427,546,44500,0,2926,0,0,0,546,0,0,0
2019-09-22,port120,Barranquilla,4,1,13230,3342,9282,0,3948,0,0,0,3342,0,0,0
2019-09-23,port120,Barranquilla,3,0,6956,0,5739,0,1217,0,0,0,0,0,0,0
2019-09-24,port120,Barranquilla,4,0,19099,1705,13852,0,5246,0,0,0,0,1705,0,0
2019-09-25,port120,Barranquilla,4,2,21520,5789,12015,744,8761,0,0,5463,326,0,0,0
2019-09-26,port120,Barranquilla,2,2,971,3818,0,971,0,0,0,0,3818,0,0,0
2019-09-27,port120,Barranquilla,5,3,31583,3209,28587,2995,0,0,0,0,3209,0,0,0
2019-09-28,port120,Barranquilla,5,2,0,14479,0,0,0,0,0,3400,10037,0,1041,0
2019-09-29,port120,Barranquilla,4,1,3403,1849,0,0,3403,0,0,0,1849,0,0,0
2019-09-30,port120,Barranquilla,2,0,2126,1705,0,0,2126,0,0,0,0,1705,0,0
2019-10-01,port120,Barranquilla,4,1,34322,24789,33670,651,0,0,0,24789,0,0,0,0
2019-10-02,port120,Barranquilla,4,1,7856,0,4504,1743,0,1608,0,0,0,0,0,0
2019-10-03,port120,Barranquilla,6,2,69615,868,51892,315,1385,16021,0,0,868,0,0,0
2019-10-04,port120,Barranquilla,3,2,4498,34020,0,4498,0,0,0,33366,654,0,0,0
2019-10-05,port120,Barranquilla,5,0,59025,43950,57319,0,1706,0,0,40076,0,3874,0,0
2019-10-06,port120,Barranquilla,3,2,30472,644,26895,3577,0,0,0,0,644,0,0,0
2019-10-07,port120,Barranquilla,2,0,36935,0,36935,0,0,0,0,0,0,0,0,0
2019-10-08,port120,Barranquilla,2,1,1281,1123,0,0,1281,0,0,0,1123,0,0,0
2019-10-09,port120,Barranquilla,4,2,971,22954,0,971,0,0,0,22309,644,0,0,0
2019-10-10,port120,Barranquilla,1,1,0,319,0,0,0,0,0,0,319,0,0,0
2019-10-11,port120,Barranquilla,4,2,30041,649,27049,2992,0,0,0,0,649,0,0,0
2019-10-12,port120,Barranquilla,4,2,24002,2434,0,3547,3161,17293,0,0,2434,0,0,0
2019-10-13,port120,Barranquilla,4,1,32447,0,30214,2232,0,0,0,0,0,0,0,0
2019-10-14,port120,Barranquilla,2,0,2715,1428,0,0,0,2715,0,0,0,0,1428,0
2019-10-15,port120,Barranquilla,3,2,1942,3243,0,1942,0,0,0,0,1289,1954,0,0
2019-10-16,port120,Barranquilla,3,2,1465,644,0,1465,0,0,0,0,644,0,0,0
2019-10-17,port120,Barranquilla,3,1,2721,0,1770,950,0,0,0,0,0,0,0,0
2019-10-18,port120,Barranquilla,4,2,42366,644,38768,3597,0,0,0,0,644,0,0,0
2019-10-19,port120,Barranquilla,3,2,545,1230,0,545,0,0,0,0,1230,0,0,0
2019-10-20,port120,Barranquilla,1,1,3740,0,0,3740,0,0,0,0,0,0,0,0
2019-10-21,port120,Barranquilla,3,0,12015,13622,12015,0,0,0,0,5463,0,8158,0,0
2019-10-22,port120,Barranquilla,5,0,30211,25155,28929,0,1282,0,0,25155,0,0,0,0
2019-10-23,port120,Barranquilla,4,2,41172,1428,36408,2049,0,2715,0,0,0,0,1428,0
2019-10-24,port120,Barranquilla,5,2,5216,27807,0,2332,2883,0,0,26945,861,0,0,0
2019-10-25,port120,Barranquilla,3,3,1016,651,0,1016,0,0,0,0,651,0,0,0
2019-10-26,port120,Barranquilla,2,2,971,892,0,971,0,0,0,0,892,0,0,0
2019-10-27,port120,Barranquilla,4,1,26154,0,22307,743,3103,0,0,0,0,0,0,0
2019-10-28,port120,Barranquilla,4,0,1706,1705,0,0,1706,0,0,0,0,1705,0,0
2019-10-29,port120,Barranquilla,4,1,26382,0,19572,3141,3668,0,0,0,0,0,0,0
2019-10-30,port120,Barranquilla,4,2,49488,644,36376,1717,0,11395,0,0,644,0,0,0
2019-10-31,port120,Barranquilla,1,1,632,0,0,632,0,0,0,0,0,0,0,0
2019-11-01,port120,Barranquilla,3,2,971,4847,0,971,0,0,0,0,4847,0,0,0
2019-11-02,port120,Barranquilla,2,1,617,743,0,0,0,617,0,0,743,0,0,0
2019-11-03,port120,Barranquilla,4,1,6651,2153,3300,3351,0,0,0,0,0,2153,0,0
2019-11-04,port120,Barranquilla,3,0,2015,38107,0,0,2015,0,0,36401,0,1705,0,0
2019-11-05,port120,Barranquilla,1,1,2182,0,0,2182,0,0,0,0,0,0,0,0
2019-11-06,port120,Barranquilla,5,2,38330,7569,36433,1896,0,0,0,0,652,6917,0,0
2019-11-07,port120,Barranquilla,1,1,0,1911,0,0,0,0,0,0,1911,0,0,0
2019-11-08,port120,Barranquilla,8,2,38590,18029,32684,5260,645,0,0,16721,1307,0,0,0
2019-11-09,port120,Barranquilla,5,2,27194,7736,12015,971,14208,0,0,5463,2273,0,0,0
2019-11-10,port120,Barranquilla,2,1,5717,0,3870,1846,0,0,0,0,0,0,0,0
2019-11-11,port120,Barranquilla,5,1,31622,8202,29916,0,1706,0,0,0,3141,1705,3355,0
2019-11-12,port120,Barranquilla,6,1,20955,5463,12015,3938,4028,973,0,5463,0,0,0,0
2019-11-13,port120,Barranquilla,0,0,0,0,0,0,0,0,0,0,0,0,0,0
2019-11-14,port120,Barranquilla,3,2,6350,644,0,1285,0,5065,0,0,644,0,0,0
2019-11-15,port120,Barranquilla,2,2,4859,2565,0,4859,0,0,0,0,2565,0,0,0
2019-11-16,port120,Barranquilla,5,2,14730,7678,12015,0,0,2715,0,5463,786,0,1428,0
2019-11-17,port120,Barranquilla,2,1,9092,738,0,0,0,9092,0,0,738,0,0,0
2019-11-18,port120,Barranquilla,2,0,1949,0,0,0,0,1949,0,0,0,0,0,0
2019-11-19,port120,Barranquilla,3,1,542,323,0,0,542,0,0,0,323,0,0,0
2019-11-20,port120,Barranquilla,2,1,3347,0,0,245,3102,0,0,0,0,0,0,0
2019-11-21,port120,Barranquilla,2,1,31779,0,29868,1911,0,0,0,0,0,0,0,0
2019-11-22,port120,Barranquilla,4,2,6337,13456,0,6337,0,0,0,0,973,12483,0,0
2019-11-23,port120,Barranquilla,3,1,36832,6353,36832,0,0,0,0,0,2569,3783,0,0
2019-11-24,port120,Barranquilla,1,1,3013,0,0,3013,0,0,0,0,0,0,0,0
2019-11-25,port120,Barranquilla,3,1,971,644,0,971,0,0,0,0,644,0,0,0
2019-11-26,port120,Barranquilla,1,1,3441,0,0,3441,0,0,0,0,0,0,0,0
2019-11-27,port120,Barranquilla,6,2,57436,0,36567,3385,17483,0,0,0,0,0,0,0
2019-11-28,port120,Barranquilla,0,0,0,0,0,0,0,0,0,0,0,0,0,0
2019-11-29,port120,Barranquilla,7,2,59494,22242,56067,1720,1706,0,0,19892,644,1705,0,0
2019-11-30,port120,Barranquilla,4,1,1609,5473,0,0,0,1609,0,0,743,4730,0,0
2019-12-01,port120,Barranquilla,3,1,43493,370,43493,0,0,0,0,0,370,0,0,0
2019-12-02,port120,Barranquilla,3,0,0,0,0,0,0,0,0,0,0,0,0,0
2019-12-03,port120,Barranquilla,3,2,971,644,0,971,0,0,0,0,644,0,0,0
2019-12-04,port120,Barranquilla,4,2,12847,644,0,1622,0,11225,0,0,644,0,0,0
2019-12-05,port120,Barranquilla,1,0,2869,0,0,0,2869,0,0,0,0,0,0,0
2019-12-06,port120,Barranquilla,6,2,12529,2601,0,4131,8398,0,0,0,2601,0,0,0
2019-12-07,port120,Barranquilla,3,1,44190,8739,44190,0,0,0,0,0,2704,6035,0,0
2019-12-08,port120,Barranquilla,1,1,1490,0,0,1490,0,0,0,0,0,0,0,0
2019-12-09,port120,Barranquilla,2,1,4357,0,0,0,4357,0,0,0,0,0,0,0
2019-12-10,port120,Barranquilla,1,1,3631,0,0,3631,0,0,0,0,0,0,0,0
2019-12-11,port120,Barranquilla,1,0,1875,1051,0,0,0,1875,0,0,0,0,1051,0
2019-12-12,port120,Barranquilla,1,0,13635,0,13635,0,0,0,0,0,0,0,0,0
2019-12-13,port120,Barranquilla,3,2,4657,2717,0,1942,0,2715,0,0,1289,0,1428,0
2019-12-14,port120,Barranquilla,2,2,971,890,0,971,0,0,0,0,890,0,0,0
2019-12-15,port120,Barranquilla,7,1,50519,22497,48060,971,0,1487,0,21853,644,0,0,0
2019-12-16,port120,Barranquilla,2,1,0,2231,0,0,0,0,0,0,0,2231,0,0
2019-12-17,port120,Barranquilla,4,0,1706,28049,0,0,1706,0,0,26344,0,1705,0,0
2019-12-18,port120,Barranquilla,3,2,18418,644,15864,2554,0,0,0,0,644,0,0,0
2019-12-19,port120,Barranquilla,5,0,29526,52632,0,0,5844,23682,0,34155,0,18476,0,0
2019-12-20,port120,Barranquilla,5,2,7407,51145,0,4692,0,2715,0,49072,644,0,1428,0
2019-12-21,port120,Barranquilla,3,2,971,4880,0,971,0,0,0,0,2868,2012,0,0
2019-12-22,port120,Barranquilla,2,1,971,4635,0,971,0,0,0,0,644,3990,0,0
2019-12-23,port120,Barranquilla,3,1,3283,1705,0,1577,1706,0,0,0,0,1705,0,0
2019-12-24,port120,Barranquilla,0,0,0,0,0,0,0,0,0,0,0,0,0,0
2019-12-25,port120,Barranquilla,6,1,21712,2349,12161,971,8579,0,0,0,644,1705,0,0
2019-12-26,port120,Barranquilla,2,0,14886,1705,0,0,14886,0,0,0,0,1705,0,0
2019-12-27,port120,Barranquilla,1,1,971,644,0,971,0,0,0,0,644,0,0,0
2019-12-28,port120,Barranquilla,4,1,46013,6107,42625,971,0,2417,0,5463,644,0,0,0
2019-12-29,port120,Barranquilla,2,1,368,811,0,368,0,0,0,0,0,811,0,0
2019-12-30,port120,Barranquilla,3,1,17307,0,5405,2810,0,9092,0,0,0,0,0,0
2019-12-31,port120,Barranquilla,2,0,3459,1418,0,0,3459,0,0,0,0,1418,0,0
2020-01-01,port120,Barranquilla,2,1,971,644,0,971,0,0,0,0,644,0,0,0
2020-01-02,port120,Barranquilla,2,1,13400,6325,12015,1385,0,0,0,5463,861,0,0,0
2020-01-03,port120,Barranquilla,4,2,4318,10317,0,4318,0,0,0,0,644,7788,1883,0
2020-01-04,port120,Barranquilla,3,1,29708,2165,29708,0,0,0,0,0,2165,0,0,0
2020-01-05,port120,Barranquilla,3,1,8762,367,8762,0,0,0,0,0,367,0,0,0
2020-01-06,port120,Barranquilla,4,1,4230,40847,0,1894,2336,0,0,40847,0,0,0,0
2020-01-07,port120,Barranquilla,3,0,50186,1948,42251,0,7934,0,0,1948,0,0,0,0
2020-01-08,port120,Barranquilla,5,3,6411,891,0,3680,1690,1039,0,0,891,0,0,0
2020-01-09,port120,Barranquilla,2,0,12015,11131,12015,0,0,0,0,5463,0,0,5667,0
2020-01-10,port120,Barranquilla,2,2,1385,1636,0,1385,0,0,0,0,1636,0,0,0
2020-01-11,port120,Barranquilla,3,2,17482,985,0,4476,0,13005,0,0,985,0,0,0
2020-01-12,port120,Barranquilla,3,1,2718,1103,0,0,2718,0,0,0,1103,0,0,0
2020-01-13,port120,Barranquilla,5,2,69520,10699,68890,630,0,0,0,0,271,10427,0,0
2020-01-14,port120,Barranquilla,3,0,2978,4104,0,0,2978,0,0,0,0,4104,0,0
2020-01-15,port120,Barranquilla,2,1,653,0,0,653,0,0,0,0,0,0,0,0
2020-01-16,port120,Barranquilla,2,1,14432,743,0,0,0,14432,0,0,743,0,0,0
2020-01-17,port120,Barranquilla,4,0,1706,2641,0,0,1706,0,0,0,0,1705,936,0
2020-01-18,port120,Barranquilla,4,2,9394,3481,0,0,8112,1282,0,0,3481,0,0,0
2020-01-19,port120,Barranquilla,5,2,24301,5043,21332,2969,0,0,0,0,816,4227,0,0
2020-01-20,port120,Barranquilla,3,0,29252,0,29252,0,0,0,0,0,0,0,0,0
2020-01-21,port120,Barranquilla,1,0,0,0,0,0,0,0,0,0,0,0,0,0
2020-01-22,port120,Barranquilla,2,0,26927,0,26927,0,0,0,0,0,0,0,0,0
2020-01-23,port120,Barranquilla,5,2,31075,38862,29358,1716,0,0,0,38217,644,0,0,0
2020-01-24,port120,Barranquilla,2,1,2969,270,0,2969,0,0,0,0,0,270,0,0
2020-01-25,port120,Barranquilla,2,1,21804,248,0,0,0,21804,0,0,248,0,0,0
2020-01-26,port120,Barranquilla,3,1,1706,6146,0,0,1706,0,0,0,4440,1705,0,0
2020-01-27,port120,Barranquilla,3,1,17439,5463,12015,5424,0,0,0,5463,0,0,0,0
2020-01-28,port120,Barranquilla,2,0,13721,7168,12015,0,1706,0,0,5463,0,1705,0,0
2020-01-29,port120,Barranquilla,4,2,4502,14997,0,2624,0,1877,0,14997,0,0,0,0
2020-01-30,port120,Barranquilla,3,1,2282,1705,0,576,1706,0,0,0,0,1705,0,0
2020-01-31,port120,Barranquilla,3,2,971,9427,0,971,0,0,0,0,1950,7477,0,0
2020-02-01,port120,Barranquilla,4,1,6012,24131,0,0,6012,0,0,22029,0,0,2102,0
2020-02-02,port120,Barranquilla,3,1,971,3183,0,971,0,0,0,0,644,2539,0,0
2020-02-03,port120,Barranquilla,1,0,0,0,0,0,0,0,0,0,0,0,0,0
2020-02-04,port120,Barranquilla,3,2,7639,1102,0,1581,6057,0,0,0,1102,0,0,0
2020-02-05,port120,Barranquilla,3,1,30759,0,30372,386,0,0,0,0,0,0,0,0
2020-02-06,port120,Barranquilla,1,0,0,23472,0,0,0,0,0,23472,0,0,0,0
2020-02-07,port120,Barranquilla,4,3,3257,2186,0,542,0,2715,0,0,758,0,1428,0
2020-02-08,port120,Barranquilla,3,1,971,12296,0,971,0,0,0,0,644,0,11652,0
2020-02-09,port120,Barranquilla,2,1,530,1854,530,0,0,0,0,0,1854,0,0,0
2020-02-10,port120,Barranquilla,1,0,1706,1705,0,0,1706,0,0,0,0,1705,0,0
2020-02-11,port120,Barranquilla,2,1,1575,0,0,1575,0,0,0,0,0,0,0,0
2020-02-12,port120,Barranquilla,5,1,4872,5149,0,493,4379,0,0,0,0,5149,0,0
2020-02-13,port120,Barranquilla,3,0,0,6961,0,0,0,0,0,0,0,3605,3355,0
2020-02-14,port120,Barranquilla,6,2,3954,9670,1448,264,2241,0,0,0,2612,7058,0,0
2020-02-15,port120,Barranquilla,4,2,8487,3334,0,6781,1706,0,0,0,1629,1705,0,0
2020-02-16,port120,Barranquilla,3,2,3461,4431,3461,0,0,0,0,0,4431,0,0,0
2020-02-17,port120,Barranquilla,4,0,14787,1428,0,0,12072,2715,0,0,0,0,1428,0
2020-02-18,port120,Barranquilla,3,1,21748,9380,19823,1924,0,0,0,0,0,0,9380,0
2020-02-19,port120,Barranquilla,2,0,13783,2213,13783,0,0,0,0,2213,0,0,0,0
2020-02-20,port120,Barranquilla,2,0,0,7307,0,0,0,0,0,0,0,7307,0,0
2020-02-21,port120,Barranquilla,7,2,17079,0,1145,1134,0,14799,0,0,0,0,0,0
2020-02-22,port120,Barranquilla,4,2,11869,5198,0,971,10898,0,0,0,5198,0,0,0
2020-02-23,port120,Barranquilla,1,1,1112,0,0,1112,0,0,0,0,0,0,0,0
2020-02-24,port120,Barranquilla,3,1,3350,1428,0,635,0,2715,0,0,0,0,1428,0
2020-02-25,port120,Barranquilla,4,1,43019,0,37895,1095,0,4028,0,0,0,0,0,0
2020-02-26,port120,Barranquilla,7,2,26879,8347,17346,1583,7950,0,0,5463,652,2231,0,0
2020-02-27,port120,Barranquilla,1,0,0,26240,0,0,0,0,0,26240,0,0,0,0
2020-02-28,port120,Barranquilla,3,2,4498,1326,0,4498,0,0,0,0,995,331,0,0
2020-02-29,port120,Barranquilla,3,1,6259,1479,0,0,6259,0,0,0,1479,0,0,0
2020-03-01,port120,Barranquilla,3,1,21602,735,21602,0,0,0,0,0,735,0,0,0
2020-03-02,port120,Barranquilla,3,1,9031,0,0,2214,6817,0,0,0,0,0,0,0
2020-03-03,port120,Barranquilla,5,1,32168,6409,30525,1642,0,0,0,5463,0,0,946,0
2020-03-04,port120,Barranquilla,1,1,2295,0,0,2295,0,0,0,0,0,0,0,0
2020-03-05,port120,Barranquilla,2,0,0,5442,0,0,0,0,0,0,0,5442,0,0
2020-03-06,port120,Barranquilla,4,3,5039,2395,0,5039,0,0,0,0,1460,0,935,0
2020-03-07,port120,Barranquilla,1,1,0,740,0,0,0,0,0,0,740,0,0,0
2020-03-08,port120,Barranquilla,2,1,0,6064,0,0,0,0,0,0,1115,0,4948,0
2020-03-09,port120,Barranquilla,2,0,31866,10544,31866,0,0,0,0,10544,0,0,0,0
2020-03-10,port120,Barranquilla,3,1,54000,0,51131,2868,0,0,0,0,0,0,0,0
2020-03-11,port120,Barranquilla,7,3,40450,34675,37625,2824,0,0,0,34031,644,0,0,0
2020-03-12,port120,Barranquilla,2,0,33500,1428,30784,0,0,2715,0,0,0,0,1428,0
2020-03-13,port120,Barranquilla,5,3,6260,1376,0,6260,0,0,0,0,1030,345,0,0
2020-03-14,port120,Barranquilla,3,1,164,6219,0,0,164,0,0,4333,1886,0,0,0
2020-03-15,port120,Barranquilla,5,1,48872,18694,47012,1859,0,0,0,18694,0,0,0,0
2020-03-16,port120,Barranquilla,4,1,48139,315,46922,0,1216,0,0,0,315,0,0,0
2020-03-17,port120,Barranquilla,2,0,4255,4378,0,0,4255,0,0,0,0,4378,0,0
2020-03-18,port120,Barranquilla,4,2,9086,1795,9086,0,0,0,0,0,1795,0,0,0
2020-03-19,port120,Barranquilla,1,0,12195,0,0,0,0,12195,0,0,0,0,0,0
2020-03-20,port120,Barranquilla,5,2,46933,5851,23515,2585,0,20832,0,5463,388,0,0,0
2020-03-21,port120,Barranquilla,5,2,22082,9542,20207,0,0,1875,0,5463,3027,0,1051,0
2020-03-22,port120,Barranquilla,3,1,8855,0,2103,3085,3666,0,0,0,0,0,0,0
2020-03-23,port120,Barranquilla,5,0,12666,34235,2186,0,7765,2715,0,32807,0,0,1428,0
2020-03-24,port120,Barranquilla,5,2,49081,0,30594,1093,0,17393,0,0,0,0,0,0
2020-03-25,port120,Barranquilla,4,2,3169,2349,0,1463,1706,0,0,0,644,1705,0,0
2020-03-26,port120,Barranquilla,4,0,16040,9684,12015,0,0,4025,0,5463,0,4220,0,0
2020-03-27,port120,Barranquilla,4,2,40546,5463,37159,3387,0,0,0,5463,0,0,0,0
2020-03-28,port120,Barranquilla,3,1,9628,3809,0,0,3635,5993,0,0,3809,0,0,0
2020-03-29,port120,Barranquilla,2,1,31182,644,30211,971,0,0,0,0,644,0,0,0
2020-03-30,port120,Barranquilla,4,0,27308,4759,27308,0,0,0,0,4602,0,156,0,0
2020-03-31,port120,Barranquilla,4,2,2983,28488,0,2714,0,268,0,28488,0,0,0,0
2020-04-01,port120,Barranquilla,3,2,1462,644,0,1462,0,0,0,0,644,0,0,0
2020-04-02,port120,Barranquilla,4,0,12015,18842,12015,0,0,0,0,5463,0,0,13379,0
2020-04-03,port120,Barranquilla,3,1,52269,542,52269,0,0,0,0,0,542,0,0,0
2020-04-04,port120,Barranquilla,6,2,3756,8193,0,1343,0,2413,0,2892,644,4656,0,0
2020-04-05,port120,Barranquilla,3,1,27704,5463,12015,4162,0,11526,0,5463,0,0,0,0
2020-04-06,port120,Barranquilla,4,1,26090,39431,24829,1261,0,0,0,29462,0,0,9968,0
2020-04-07,port120,Barranquilla,1,0,0,0,0,0,0,0,0,0,0,0,0,0
2020-04-08,port120,Barranquilla,2,1,11649,644,0,971,10677,0,0,0,644,0,0,0
2020-04-09,port120,Barranquilla,2,1,23248,808,23248,0,0,0,0,0,808,0,0,0
2020-04-10,port120,Barranquilla,4,3,29921,2271,28421,1500,0,0,0,0,2271,0,0,0
2020-04-11,port120,Barranquilla,2,0,12979,5463,12015,0,0,964,0,5463,0,0,0,0
2020-04-12,port120,Barranquilla,2,1,24860,5667,24860,0,0,0,0,0,5667,0,0,0
2020-04-13,port120,Barranquilla,2,1,633,0,0,633,0,0,0,0,0,0,0,0
2020-04-14,port120,Barranquilla,2,1,971,644,0,971,0,0,0,0,644,0,0,0
2020-04-15,port120,Barranquilla,5,0,3108,0,0,0,265,2843,0,0,0,0,0,0
2020-04-16,port120,Barranquilla,3,1,42108,6107,41137,971,0,0,0,5463,644,0,0,0
2020-04-17,port120,Barranquilla,3,2,1496,9610,0,1496,0,0,0,0,0,9610,0,0
2020-04-18,port120,Barranquilla,1,0,0,0,0,0,0,0,0,0,0,0,0,0
2020-04-19,port120,Barranquilla,3,1,0,33893,0,0,0,0,0,28604,5289,0,0,0
2020-04-20,port120,Barranquilla,5,1,59819,0,47508,1901,0,10409,0,0,0,0,0,0
2020-04-21,port120,Barranquilla,1,0,4902,0,4902,0,0,0,0,0,0,0,0,0
2020-04-22,port120,Barranquilla,4,2,53880,644,52522,1357,0,0,0,0,644,0,0,0
2020-04-23,port120,Barranquilla,2,1,11458,1829,0,0,0,11458,0,0,1829,0,0,0
2020-04-24,port120,Barranquilla,3,2,11450,861,0,4328,7122,0,0,0,861,0,0,0
2020-04-25,port120,Barranquilla,1,0,0,0,0,0,0,0,0,0,0,0,0,0
2020-04-26,port120,Barranquilla,4,1,35343,2451,33637,0,1706,0,0,0,746,1705,0,0
2020-04-27,port120,Barranquilla,1,1,3125,0,0,3125,0,0,0,0,0,0,0,0
2020-04-28,port120,Barranquilla,4,0,7358,48051,0,0,0,7358,0,48051,0,0,0,0
2020-04-29,port120,Barranquilla,5,2,24366,1808,20550,971,691,2152,0,0,1808,0,0,0
2020-04-30,port120,Barranquilla,4,0,5663,2350,5135,0,528,0,0,0,0,1385,964,0
2020-05-01,port120,Barranquilla,2,1,742,19819,0,742,0,0,0,19819,0,0,0,0
2020-05-02,port120,Barranquilla,1,1,0,271,0,0,0,0,0,0,271,0,0,0
2020-05-03,port120,Barranquilla,3,1,10425,21585,0,971,9454,0,0,20940,644,0,0,0
2020-05-04,port120,Barranquilla,3,1,30406,0,28195,2211,0,0,0,0,0,0,0,0
2020-05-05,port120,Barranquilla,3,1,3260,9085,0,1385,0,1875,0,0,861,7172,1051,0
2020-05-06,port120,Barranquilla,2,1,385,0,0,385,0,0,0,0,0,0,0,0
2020-05-07,port120,Barranquilla,5,2,34644,1080,26994,2720,4928,0,0,0,1080,0,0,0
2020-05-08,port120,Barranquilla,1,1,743,0,0,743,0,0,0,0,0,0,0,0
2020-05-09,port120,Barranquilla,2,1,1318,0,0,1318,0,0,0,0,0,0,0,0
2020-05-10,port120,Barranquilla,5,2,33201,2001,31096,971,1134,0,0,623,1378,0,0,0
2020-05-11,port120,Barranquilla,1,1,1579,0,0,1579,0,0,0,0,0,0,0,0
2020-05-12,port120,Barranquilla,1,0,12015,5463,12015,0,0,0,0,5463,0,0,0,0
2020-05-13,port120,Barranquilla,2,1,0,1153,0,0,0,0,0,0,1153,0,0,0
2020-05-14,port120,Barranquilla,3,1,19541,1238,19541,0,0,0,0,0,1238,0,0,0
2020-05-15,port120,Barranquilla,3,1,17122,5463,12015,1849,0,3257,0,5463,0,0,0,0
2020-05-16,port120,Barranquilla,2,0,569,0,569,0,0,0,0,0,0,0,0,0
2020-05-17,port120,Barranquilla,6,2,6146,6598,0,1714,1716,2715,0,1041,644,0,4912,0
2020-05-18,port120,Barranquilla,5,1,4043,9230,0,630,3412,0,0,0,0,8284,946,0
2020-05-19,port120,Barranquilla,1,0,35083,0,35083,0,0,0,0,0,0,0,0,0
2020-05-20,port120,Barranquilla,3,1,19796,2046,19796,0,0,0,0,0,1740,0,306,0
2020-05-21,port120,Barranquilla,3,1,542,0,0,0,0,542,0,0,0,0,0,0
2020-05-22,port120,Barranquilla,1,0,0,0,0,0,0,0,0,0,0,0,0,0
2020-05-23,port120,Barranquilla,2,0,1996,156,0,0,1996,0,0,0,0,156,0,0
2020-05-24,port120,Barranquilla,1,1,0,5667,0,0,0,0,0,0,5667,0,0,0
2020-05-25,port120,Barranquilla,3,1,24975,12008,24004,971,0,0,0,0,644,11363,0,0
2020-05-26,port120,Barranquilla,6,1,4790,18600,2896,0,1893,0,0,17057,1379,164,0,0
2020-05-27,port120,Barranquilla,1,1,971,644,0,971,0,0,0,0,644,0,0,0
2020-05-28,port120,Barranquilla,3,1,15538,2148,0,971,0,14567,0,0,644,1503,0,0
2020-05-29,port120,Barranquilla,2,1,5057,0,0,3762,1295,0,0,0,0,0,0,0
2020-05-30,port120,Barranquilla,4,2,27143,272,24846,2297,0,0,0,0,272,0,0,0
2020-05-31,port120,Barranquilla,4,2,5559,1013,0,971,0,4588,0,0,1013,0,0,0
2020-06-01,port120,Barranquilla,2,1,632,0,0,632,0,0,0,0,0,0,0,0
2020-06-02,port120,Barranquilla,4,0,75480,0,73728,0,1752,0,0,0,0,0,0,0
2020-06-03,port120,Barranquilla,3,1,42279,996,42279,0,0,0,0,0,996,0,0,0
2020-06-04,port120,Barranquilla,1,1,269,0,0,269,0,0,0,0,0,0,0,0
2020-06-05,port120,Barranquilla,4,2,2028,26594,0,2028,0,0,0,0,644,0,25950,0
2020-06-06,port120,Barranquilla,3,1,10658,812,10658,0,0,0,0,0,812,0,0,0
2020-06-07,port120,Barranquilla,3,0,17778,1428,15063,0,0,2715,0,0,0,0,1428,0
2020-06-08,port120,Barranquilla,2,1,971,1122,0,971,0,0,0,478,644,0,0,0
2020-06-09,port120,Barranquilla,2,0,5601,4218,0,0,0,5601,0,0,0,4218,0,0
2020-06-10,port120,Barranquilla,4,1,33667,644,32696,971,0,0,0,0,644,0,0,0
2020-06-11,port120,Barranquilla,2,1,999,0,0,999,0,0,0,0,0,0,0,0
2020-06-12,port120,Barranquilla,2,0,4260,6256,0,0,0,4260,0,0,0,6256,0,0
2020-06-13,port120,Barranquilla,3,1,20993,0,20993,0,0,0,0,0,0,0,0,0
2020-06-14,port120,Barranquilla,5,1,90342,37722,90342,0,0,0,0,34723,2999,0,0,0
2020-06-15,port120,Barranquilla,1,1,0,2494,0,0,0,0,0,0,2494,0,0,0
2020-06-16,port120,Barranquilla,2,1,0,7118,0,0,0,0,0,0,2235,4882,0,0
2020-06-17,port120,Barranquilla,4,2,2756,19315,0,1351,1404,0,0,19315,0,0,0,0
2020-06-18,port120,Barranquilla,3,1,2226,9380,0,1583,643,0,0,0,0,0,9380,0
2020-06-19,port120,Barranquilla,3,1,12015,5835,12015,0,0,0,0,5463,371,0,0,0
2020-06-20,port120,Barranquilla,3,0,19686,31878,19686,0,0,0,0,24295,0,7583,0,0
2020-06-21,port120,Barranquilla,2,1,2596,644,0,971,0,1625,0,0,644,0,0,0
2020-06-22,port120,Barranquilla,1,0,0,0,0,0,0,0,0,0,0,0,0,0
2020-06-23,port120,Barranquilla,3,3,0,6522,0,0,0,0,0,0,6522,0,0,0
2020-06-24,port120,Barranquilla,2,1,2412,1155,2412,0,0,0,0,0,1155,0,0,0
2020-06-25,port120,Barranquilla,2,0,39189,0,38727,0,461,0,0,0,0,0,0,0
2020-06-26,port120,Barranquilla,2,1,8425,0,0,3726,4699,0,0,0,0,0,0,0
2020-06-27,port120,Barranquilla,0,0,0,0,0,0,0,0,0,0,0,0,0,0
2020-06-28,port120,Barranquilla,1,0,2123,0,0,0,2123,0,0,0,0,0,0,0
2020-06-29,port120,Barranquilla,4,2,1287,6133,0,1287,0,0,0,0,644,0,5488,0
2020-06-30,port120,Barranquilla,2,0,29315,0,29315,0,0,0,0,0,0,0,0,0
2020-07-01,port120,Barranquilla,3,1,30646,11445,27242,3403,0,0,0,0,0,0,11445,0
2020-07-02,port120,Barranquilla,2,2,971,2564,0,971,0,0,0,0,2564,0,0,0
2020-07-03,port120,Barranquilla,1,1,971,644,0,971,0,0,0,0,644,0,0,0
2020-07-04,port120,Barranquilla,4,1,21875,0,21603,271,0,0,0,0,0,0,0,0
2020-07-05,port120,Barranquilla,3,1,12877,644,0,971,11906,0,0,0,644,0,0,0
2020-07-06,port120,Barranquilla,1,1,2810,0,0,2810,0,0,0,0,0,0,0,0
2020-07-07,port120,Barranquilla,3,0,3163,4940,0,0,3163,0,0,0,0,4940,0,0
2020-07-08,port120,Barranquilla,1,1,0,1156,0,0,0,0,0,0,1156,0,0,0
2020-07-09,port120,Barranquilla,3,1,31970,16318,30999,971,0,0,0,0,644,0,15674,0
2020-07-10,port120,Barranquilla,2,1,14245,5463,12015,2229,0,0,0,5463,0,0,0,0
2020-07-11,port120,Barranquilla,3,1,3788,1782,0,0,0,3788,0,0,1782,0,0,0
2020-07-12,port120,Barranquilla,5,1,6063,2503,0,370,5692,0,0,0,0,2503,0,0
2020-07-13,port120,Barranquilla,1,1,1267,0,0,1267,0,0,0,0,0,0,0,0
2020-07-14,port120,Barranquilla,1,0,2455,0,2455,0,0,0,0,0,0,0,0,0
2020-07-15,port120,Barranquilla,4,1,772,3944,0,772,0,0,0,0,0,2340,1604,0
2020-07-16,port120,Barranquilla,1,1,0,248,0,0,0,0,0,0,248,0,0,0
2020-07-17,port120,Barranquilla,4,2,9656,644,5729,3927,0,0,0,0,644,0,0,0
2020-07-18,port120,Barranquilla,3,0,4559,5163,0,0,4559,0,0,0,0,5163,0,0
2020-07-19,port120,Barranquilla,1,1,0,1486,0,0,0,0,0,0,1486,0,0,0
2020-07-20,port120,Barranquilla,0,0,0,0,0,0,0,0,0,0,0,0,0,0
2020-07-21,port120,Barranquilla,5,1,2520,16368,0,0,0,2520,0,0,314,13527,2527,0
2020-07-22,port120,Barranquilla,2,1,4008,1705,0,2302,1706,0,0,0,0,1705,0,0
2020-07-23,port120,Barranquilla,2,1,1374,0,0,1374,0,0,0,0,0,0,0,0
2020-07-24,port120,Barranquilla,1,1,0,1122,0,0,0,0,0,0,1122,0,0,0
2020-07-25,port120,Barranquilla,1,0,227,0,0,0,0,227,0,0,0,0,0,0
2020-07-26,port120,Barranquilla,3,1,419,10210,0,0,0,419,0,0,2577,7632,0,0
2020-07-27,port120,Barranquilla,1,1,0,0,0,0,0,0,0,0,0,0,0,0
2020-07-28,port120,Barranquilla,2,0,1135,424,0,0,1135,0,0,0,0,424,0,0
2020-07-29,port120,Barranquilla,0,0,0,0,0,0,0,0,0,0,0,0,0,0
2020-07-30,port120,Barranquilla,1,0,1706,1705,0,0,1706,0,0,0,0,1705,0,0
2020-07-31,port120,Barranquilla,7,4,20681,2063,16465,4215,0,0,0,0,2063,0,0,0
2020-08-01,port120,Barranquilla,1,1,1039,0,0,1039,0,0,0,0,0,0,0,0
2020-08-02,port120,Barranquilla,4,1,64423,339,64049,373,0,0,0,0,0,339,0,0
2020-08-03,port120,Barranquilla,2,1,321,315,0,0,0,321,0,0,315,0,0,0
2020-08-04,port120,Barranquilla,3,0,48616,485,0,0,1828,46787,0,485,0,0,0,0
2020-08-05,port120,Barranquilla,0,0,0,0,0,0,0,0,0,0,0,0,0,0
2020-08-06,port120,Barranquilla,2,2,971,1891,0,971,0,0,0,0,1891,0,0,0
2020-08-07,port120,Barranquilla,1,1,1484,0,0,1484,0,0,0,0,0,0,0,0
2020-08-08,port120,Barranquilla,1,0,3528,0,0,0,3528,0,0,0,0,0,0,0
2020-08-09,port120,Barranquilla,3,2,12986,7209,12015,971,0,0,0,5463,1745,0,0,0
2020-08-10,port120,Barranquilla,1,0,0,15860,0,0,0,0,0,15860,0,0,0,0
2020-08-11,port120,Barranquilla,3,1,47610,644,29269,971,0,17370,0,0,644,0,0,0
2020-08-12,port120,Barranquilla,1,1,3086,0,0,3086,0,0,0,0,0,0,0,0
2020-08-13,port120,Barranquilla,3,1,19918,861,18533,1385,0,0,0,0,861,0,0,0
2020-08-14,port120,Barranquilla,5,2,15200,3128,0,4428,10772,0,0,0,982,2146,0,0
2020-08-15,port120,Barranquilla,1,0,0,24592,0,0,0,0,0,24592,0,0,0,0
2020-08-16,port120,Barranquilla,2,1,11890,0,11513,376,0,0,0,0,0,0,0,0
2020-08-17,port120,Barranquilla,2,1,0,316,0,0,0,0,0,0,316,0,0,0
2020-08-18,port120,Barranquilla,4,1,30473,15705,30473,0,0,0,0,15154,550,0,0,0
2020-08-19,port120,Barranquilla,2,1,0,386,0,0,0,0,0,0,386,0,0,0
2020-08-20,port120,Barranquilla,2,0,1706,1705,0,0,1706,0,0,0,0,1705,0,0
2020-08-21,port120,Barranquilla,5,2,35245,1112,34750,495,0,0,0,0,1112,0,0,0
2020-08-22,port120,Barranquilla,1,0,0,0,0,0,0,0,0,0,0,0,0,0
2020-08-23,port120,Barranquilla,2,1,806,368,0,0,806,0,0,0,368,0,0,0
2020-08-24,port120,Barranquilla,1,0,1875,1051,0,0,0,1875,0,0,0,0,1051,0
2020-08-25,port120,Barranquilla,4,1,9064,1838,0,1267,7797,0,0,0,0,1838,0,0
2020-08-26,port120,Barranquilla,1,0,2495,0,0,0,2495,0,0,0,0,0,0,0
2020-08-27,port120,Barranquilla,0,0,0,0,0,0,0,0,0,0,0,0,0,0
2020-08-28,port120,Barranquilla,4,3,16333,6648,12015,4318,0,0,0,5463,1184,0,0,0
2020-08-29,port120,Barranquilla,4,1,7945,21144,0,0,1706,6239,0,18638,801,1705,0,0
2020-08-30,port120,Barranquilla,3,1,373,0,0,373,0,0,0,0,0,0,0,0
2020-08-31,port120,Barranquilla,3,0,75073,5463,75073,0,0,0,0,5463,0,0,0,0
2020-09-01,port120,Barranquilla,4,2,15204,1705,12089,1408,1706,0,0,0,0,1705,0,0
2020-09-02,port120,Barranquilla,4,1,30274,10205,15057,1385,0,13832,0,0,861,9344,0,0
2020-09-03,port120,Barranquilla,0,0,0,0,0,0,0,0,0,0,0,0,0,0
2020-09-04,port120,Barranquilla,2,2,2629,747,0,2629,0,0,0,0,747,0,0,0
2020-09-05,port120,Barranquilla,3,0,32873,34555,29181,0,3692,0,0,34555,0,0,0,0
2020-09-06,port120,Barranquilla,3,2,10398,1065,8168,2229,0,0,0,0,1065,0,0,0
2020-09-07,port120,Barranquilla,0,0,0,0,0,0,0,0,0,0,0,0,0,0
2020-09-08,port120,Barranquilla,4,2,3981,4047,0,1266,0,2715,0,0,387,2231,1428,0
2020-09-09,port120,Barranquilla,1,1,995,0,0,995,0,0,0,0,0,0,0,0
2020-09-10,port120,Barranquilla,1,0,0,9254,0,0,0,0,0,9254,0,0,0,0
2020-09-11,port120,Barranquilla,1,1,1851,0,0,1851,0,0,0,0,0,0,0,0
2020-09-12,port120,Barranquilla,3,1,0,5416,0,0,0,0,0,0,744,4671,0,0
2020-09-13,port120,Barranquilla,3,1,38133,0,35678,1843,610,0,0,0,0,0,0,0
2020-09-14,port120,Barranquilla,1,1,951,0,0,951,0,0,0,0,0,0,0,0
2020-09-15,port120,Barranquilla,5,2,24065,4722,20418,1940,1706,0,0,0,1133,1705,1883,0
2020-09-16,port120,Barranquilla,1,0,0,416,0,0,0,0,0,0,0,416,0,0
2020-09-17,port120,Barranquilla,3,0,13495,5910,12015,0,1480,0,0,5463,0,0,447,0
2020-09-18,port120,Barranquilla,4,1,59644,1705,54941,2995,1706,0,0,0,0,1705,0,0
2020-09-19,port120,Barranquilla,1,0,0,0,0,0,0,0,0,0,0,0,0,0
2020-09-20,port120,Barranquilla,3,1,11523,370,11523,0,0,0,0,0,370,0,0,0
2020-09-21,port120,Barranquilla,3,0,0,24970,0,0,0,0,0,22805,0,0,2165,0
2020-09-22,port120,Barranquilla,3,2,2754,37939,0,2754,0,0,0,37939,0,0,0,0
2020-09-23,port120,Barranquilla,2,1,14471,0,0,2434,0,12037,0,0,0,0,0,0
2020-09-24,port120,Barranquilla,3,0,59318,36077,59318,0,0,0,0,36077,0,0,0,0
2020-09-25,port120,Barranquilla,3,2,16723,1351,0,767,0,15956,0,0,1351,0,0,0
2020-09-26,port120,Barranquilla,1,1,0,3244,0,0,0,0,0,0,3244,0,0,0
2020-09-27,port120,Barranquilla,1,1,2241,0,0,2241,0,0,0,0,0,0,0,0
2020-09-28,port120,Barranquilla,3,1,4133,24462,0,4133,0,0,0,23668,0,793,0,0
2020-09-29,port120,Barranquilla,5,2,40351,2250,36086,1549,0,2715,0,0,822,0,1428,0
2020-09-30,port120,Barranquilla,1,1,497,0,0,497,0,0,0,0,0,0,0,0
2020-10-01,port120,Barranquilla,3,0,7225,64994,0,0,7225,0,0,64994,0,0,0,0
2020-10-02,port120,Barranquilla,3,1,7505,0,0,1875,5629,0,0,0,0,0,0,0
2020-10-03,port120,Barranquilla,4,1,63003,10378,63003,0,0,0,0,0,998,0,9380,0
2020-10-04,port120,Barranquilla,2,1,0,1843,0,0,0,0,0,0,1843,0,0,0
2020-10-05,port120,Barranquilla,2,0,4097,45542,0,0,4097,0,0,45542,0,0,0,0
2020-10-06,port120,Barranquilla,2,2,1357,644,0,1357,0,0,0,0,644,0,0,0
2020-10-07,port120,Barranquilla,5,1,21787,28563,20541,1245,0,0,0,28563,0,0,0,0
2020-10-08,port120,Barranquilla,2,1,7208,0,0,1052,6156,0,0,0,0,0,0,0
2020-10-09,port120,Barranquilla,3,2,2629,3492,0,2629,0,0,0,0,0,3492,0,0
2020-10-10,port120,Barranquilla,3,1,0,23361,0,0,0,0,0,7139,499,15723,0,0
2020-10-11,port120,Barranquilla,3,1,24080,0,13274,5735,5070,0,0,0,0,0,0,0
2020-10-12,port120,Barranquilla,3,1,317,0,0,317,0,0,0,0,0,0,0,0
2020-10-13,port120,Barranquilla,7,3,10449,3682,0,4948,5500,0,0,0,271,3410,0,0
2020-10-14,port120,Barranquilla,2,1,971,644,0,971,0,0,0,0,644,0,0,0
2020-10-15,port120,Barranquilla,1,0,0,0,0,0,0,0,0,0,0,0,0,0
2020-10-16,port120,Barranquilla,3,1,38223,6065,38223,0,0,0,0,0,0,0,6065,0
2020-10-17,port120,Barranquilla,4,1,4364,9172,2411,246,1706,0,0,7467,0,1705,0,0
2020-10-18,port120,Barranquilla,4,2,41508,2951,38052,740,0,2715,0,0,1523,0,1428,0
2020-10-19,port120,Barranquilla,3,1,1581,0,0,1581,0,0,0,0,0,0,0,0
2020-10-20,port120,Barranquilla,6,1,26603,6891,18843,385,4659,2715,0,5463,0,0,1428,0
2020-10-21,port120,Barranquilla,4,1,6265,1705,0,537,1706,4021,0,0,0,1705,0,0
2020-10-22,port120,Barranquilla,2,0,0,0,0,0,0,0,0,0,0,0,0,0
2020-10-23,port120,Barranquilla,6,2,11594,4701,0,0,0,11594,0,0,1897,2804,0,0
2020-10-24,port120,Barranquilla,3,1,29965,1349,29965,0,0,0,0,0,1349,0,0,0
2020-10-25,port120,Barranquilla,4,1,27133,23846,27133,0,0,0,0,23107,739,0,0,0
2020-10-26,port120,Barranquilla,2,0,0,618,0,0,0,0,0,0,0,618,0,0
2020-10-27,port120,Barranquilla,2,2,3873,0,0,3873,0,0,0,0,0,0,0,0
2020-10-28,port120,Barranquilla,1,1,497,0,0,497,0,0,0,0,0,0,0,0
2020-10-29,port120,Barranquilla,2,1,14368,0,12735,1632,0,0,0,0,0,0,0,0
2020-10-30,port120,Barranquilla,3,1,34972,27686,32736,2235,0,0,0,27686,0,0,0,0
2020-10-31,port120,Barranquilla,4,2,500,2201,0,500,0,0,0,0,2201,0,0,0
2020-11-01,port120,Barranquilla,2,1,2095,0,0,1527,0,568,0,0,0,0,0,0
2020-11-02,port120,Barranquilla,1,0,8624,0,8624,0,0,0,0,0,0,0,0,0
2020-11-03,port120,Barranquilla,3,2,6247,0,5229,1017,0,0,0,0,0,0,0,0
2020-11-04,port120,Barranquilla,3,2,15081,0,0,1503,0,13577,0,0,0,0,0,0
2020-11-05,port120,Barranquilla,1,0,0,11760,0,0,0,0,0,11760,0,0,0,0
2020-11-06,port120,Barranquilla,3,1,2846,2258,0,971,0,1875,0,0,644,0,1613,0
2020-11-07,port120,Barranquilla,2,1,0,30291,0,0,0,0,0,29754,537,0,0,0
2020-11-08,port120,Barranquilla,3,2,0,618,0,0,0,0,0,0,618,0,0,0
2020-11-09,port120,Barranquilla,2,0,2715,2318,0,0,0,2715,0,0,0,890,1428,0
2020-11-10,port120,Barranquilla,5,3,68547,644,62271,6275,0,0,0,0,644,0,0,0
2020-11-11,port120,Barranquilla,1,1,0,492,0,0,0,0,0,0,492,0,0,0
2020-11-12,port120,Barranquilla,1,0,36387,0,36387,0,0,0,0,0,0,0,0,0
2020-11-13,port120,Barranquilla,5,1,17900,1910,0,1121,0,16779,0,0,0,0,1910,0
2020-11-14,port120,Barranquilla,2,2,0,4380,0,0,0,0,0,0,4380,0,0,0
2020-11-15,port120,Barranquilla,4,1,971,31892,0,971,0,0,0,26409,644,4839,0,0
2020-11-16,port120,Barranquilla,2,0,26032,0,25337,0,695,0,0,0,0,0,0,0
2020-11-17,port120,Barranquilla,5,2,8685,386,0,1577,7108,0,0,0,386,0,0,0
2020-11-18,port120,Barranquilla,2,0,47279,0,47279,0,0,0,0,0,0,0,0,0
2020-11-19,port120,Barranquilla,1,1,971,644,0,971,0,0,0,0,644,0,0,0
2020-11-20,port120,Barranquilla,4,1,25974,0,24122,1851,0,0,0,0,0,0,0,0
2020-11-21,port120,Barranquilla,2,2,1942,1289,0,1942,0,0,0,0,1289,0,0,0
2020-11-22,port120,Barranquilla,1,1,971,644,0,971,0,0,0,0,644,0,0,0
2020-11-23,port120,Barranquilla,1,1,0,633,0,0,0,0,0,0,633,0,0,0
2020-11-24,port120,Barranquilla,1,1,0,772,0,0,0,0,0,0,772,0,0,0
2020-11-25,port120,Barranquilla,5,2,3943,21580,0,746,3197,0,0,21309,271,0,0,0
2020-11-26,port120,Barranquilla,2,0,19778,0,19778,0,0,0,0,0,0,0,0,0
2020-11-27,port120,Barranquilla,6,2,9020,61842,0,2565,0,6454,0,24269,644,0,36928,0
2020-11-28,port120,Barranquilla,2,2,971,2067,0,971,0,0,0,0,2067,0,0,0
2020-11-29,port120,Barranquilla,2,1,31185,1115,31185,0,0,0,0,0,1115,0,0,0
2020-11-30,port120,Barranquilla,2,1,3813,2448,0,3813,0,0,0,0,0,2448,0,0
2020-12-01,port120,Barranquilla,4,2,54885,522,52944,1940,0,0,0,0,522,0,0,0
2020-12-02,port120,Barranquilla,5,1,6922,3249,2740,2474,1706,0,0,0,0,3249,0,0
2020-12-03,port120,Barranquilla,3,1,10816,0,0,3141,7675,0,0,0,0,0,0,0
2020-12-04,port120,Barranquilla,2,1,3914,1705,0,2207,1706,0,0,0,0,1705,0,0
2020-12-05,port120,Barranquilla,2,2,0,3400,0,0,0,0,0,0,3400,0,0,0
2020-12-06,port120,Barranquilla,5,1,21585,1696,0,971,7587,13026,0,0,644,0,1051,0
2020-12-07,port120,Barranquilla,1,0,0,24609,0,0,0,0,0,24609,0,0,0,0
2020-12-08,port120,Barranquilla,3,2,37605,771,36028,1577,0,0,0,0,771,0,0,0
2020-12-09,port120,Barranquilla,3,1,2318,644,0,971,0,1347,0,0,644,0,0,0
2020-12-10,port120,Barranquilla,2,0,25628,3429,25628,0,0,0,0,0,0,0,3429,0
2020-12-11,port120,Barranquilla,2,1,30062,0,24801,5260,0,0,0,0,0,0,0,0
2020-12-12,port120,Barranquilla,1,1,0,2043,0,0,0,0,0,0,2043,0,0,0
2020-12-13,port120,Barranquilla,4,1,22729,644,17470,971,4287,0,0,0,644,0,0,0
2020-12-14,port120,Barranquilla,7,1,46797,44328,40942,1896,2082,1875,0,31855,0,0,12472,0
2020-12-15,port120,Barranquilla,3,1,2721,5492,0,2721,0,0,0,1089,0,4403,0,0
2020-12-16,port120,Barranquilla,1,1,971,644,0,971,0,0,0,0,644,0,0,0
2020-12-17,port120,Barranquilla,2,1,0,25518,0,0,0,0,0,24165,1353,0,0,0
2020-12-18,port120,Barranquilla,2,2,971,1455,0,971,0,0,0,0,1455,0,0,0
2020-12-19,port120,Barranquilla,1,0,0,0,0,0,0,0,0,0,0,0,0,0
2020-12-20,port120,Barranquilla,5,1,50684,9881,50684,0,0,0,0,0,1112,8768,0,0
2020-12-21,port120,Barranquilla,3,1,1901,2074,0,1901,0,0,0,2074,0,0,0,0
2020-12-22,port120,Barranquilla,0,0,0,0,0,0,0,0,0,0,0,0,0,0
2020-12-23,port120,Barranquilla,3,1,28155,0,27383,771,0,0,0,0,0,0,0,0
2020-12-24,port120,Barranquilla,2,0,0,2899,0,0,0,0,0,2899,0,0,0,0
2020-12-25,port120,Barranquilla,5,2,17623,777,2749,1474,0,13399,0,0,777,0,0,0
2020-12-26,port120,Barranquilla,4,1,3908,0,0,652,3255,0,0,0,0,0,0,0
2020-12-27,port120,Barranquilla,3,1,10742,26665,0,0,0,10742,0,25930,734,0,0,0
2020-12-28,port120,Barranquilla,2,1,4945,0,0,2494,2450,0,0,0,0,0,0,0
2020-12-29,port120,Barranquilla,2,1,0,259,0,0,0,0,0,0,259,0,0,0
2020-12-30,port120,Barranquilla,5,2,3639,3752,0,1515,2123,0,0,0,0,3752,0,0
2020-12-31,port120,Barranquilla,3,1,12156,0,11887,269,0,0,0,0,0,0,0,0
2021-01-01,port120,Barranquilla,1,1,1841,0,0,1841,0,0,0,0,0,0,0,0
2021-01-02,port120,Barranquilla,3,1,9586,1046,8592,994,0,0,0,0,0,1046,0,0
2021-01-03,port120,Barranquilla,1,1,971,644,0,971,0,0,0,0,644,0,0,0
2021-01-04,port120,Barranquilla,3,1,12177,0,0,2494,6938,2743,0,0,0,0,0,0
2021-01-05,port120,Barranquilla,5,2,2007,1903,0,272,1734,0,0,0,384,1518,0,0
2021-01-06,port120,Barranquilla,4,1,2465,0,0,496,1969,0,0,0,0,0,0,0
2021-01-07,port120,Barranquilla,1,0,0,2101,0,0,0,0,0,0,0,2101,0,0
2021-01-08,port120,Barranquilla,2,1,3549,644,0,971,2578,0,0,0,644,0,0,0
2021-01-09,port120,Barranquilla,4,2,0,3333,0,0,0,0,0,0,992,2340,0,0
2021-01-10,port120,Barranquilla,2,1,10939,644,0,971,0,9968,0,0,644,0,0,0
2021-01-11,port120,Barranquilla,2,1,0,8161,0,0,0,0,0,6295,1866,0,0,0
2021-01-12,port120,Barranquilla,0,0,0,0,0,0,0,0,0,0,0,0,0,0
2021-01-13,port120,Barranquilla,6,1,23106,24305,17431,2434,0,3240,0,24305,0,0,0,0
2021-01-14,port120,Barranquilla,4,2,20109,644,0,4467,0,15641,0,0,644,0,0,0
2021-01-15,port120,Barranquilla,5,2,22957,0,19253,2013,1690,0,0,0,0,0,0,0
2021-01-16,port120,Barranquilla,3,1,6671,5422,0,0,6671,0,0,0,1349,4073,0,0
2021-01-17,port120,Barranquilla,3,1,26436,25636,26436,0,0,0,0,24896,740,0,0,0
2021-01-18,port120,Barranquilla,3,1,3441,30479,0,3441,0,0,0,27096,0,3383,0,0
2021-01-19,port120,Barranquilla,2,2,2469,0,0,2469,0,0,0,0,0,0,0,0
2021-01-20,port120,Barranquilla,1,1,0,0,0,0,0,0,0,0,0,0,0,0
2021-01-21,port120,Barranquilla,5,0,32910,3893,27307,0,5603,0,0,0,0,3893,0,0
2021-01-22,port120,Barranquilla,3,2,12113,1037,0,1851,0,10261,0,0,1037,0,0,0
2021-01-23,port120,Barranquilla,2,0,28005,0,28005,0,0,0,0,0,0,0,0,0
2021-01-24,port120,Barranquilla,7,2,9602,26130,0,971,1706,6925,0,22797,1627,1705,0,0
2021-01-25,port120,Barranquilla,4,0,3155,4099,0,0,3155,0,0,0,0,4099,0,0
2021-01-26,port120,Barranquilla,3,1,53850,0,52271,1579,0,0,0,0,0,0,0,0
2021-01-27,port120,Barranquilla,4,2,5008,3578,3269,1739,0,0,0,0,644,2934,0,0
2021-01-28,port120,Barranquilla,1,0,0,6358,0,0,0,0,0,0,0,0,6358,0
2021-01-29,port120,Barranquilla,2,2,0,5936,0,0,0,0,0,0,5936,0,0,0
2021-01-30,port120,Barranquilla,3,2,27603,3560,27083,520,0,0,0,0,3560,0,0,0
2021-01-31,port120,Barranquilla,3,1,3566,21640,2595,971,0,0,0,20995,644,0,0,0
2021-02-01,port120,Barranquilla,4,1,19371,1705,16716,949,1706,0,0,0,0,1705,0,0
2021-02-02,port120,Barranquilla,1,1,971,644,0,971,0,0,0,0,644,0,0,0
2021-02-03,port120,Barranquilla,1,1,0,248,0,0,0,0,0,0,248,0,0,0
2021-02-04,port120,Barranquilla,4,1,23581,7813,12015,971,10595,0,0,5463,644,1705,0,0
2021-02-05,port120,Barranquilla,3,1,4672,0,0,2581,199,1891,0,0,0,0,0,0
2021-02-06,port120,Barranquilla,3,2,248,1523,0,248,0,0,0,0,1523,0,0,0
2021-02-07,port120,Barranquilla,3,1,0,4065,0,0,0,0,0,2591,1474,0,0,0
2021-02-08,port120,Barranquilla,3,1,8566,6133,0,2156,0,6409,0,0,0,6133,0,0
2021-02-09,port120,Barranquilla,3,1,23776,4083,21954,1822,0,0,0,0,0,0,4083,0
2021-02-10,port120,Barranquilla,4,1,16063,11572,15092,971,0,0,0,0,644,10927,0,0
2021-02-11,port120,Barranquilla,3,1,6780,0,0,2434,4346,0,0,0,0,0,0,0
2021-02-12,port120,Barranquilla,5,2,5316,5092,0,3609,1706,0,0,0,0,5092,0,0
2021-02-13,port120,Barranquilla,3,1,0,4329,0,0,0,0,0,0,4329,0,0,0
2021-02-14,port120,Barranquilla,3,1,15237,644,0,971,4721,9544,0,0,644,0,0,0
2021-02-15,port120,Barranquilla,2,1,0,2824,0,0,0,0,0,0,2824,0,0,0
2021-02-16,port120,Barranquilla,4,1,26570,51333,25760,810,0,0,0,51333,0,0,0,0
2021-02-17,port120,Barranquilla,3,1,1690,0,0,0,1690,0,0,0,0,0,0,0
2021-02-18,port120,Barranquilla,0,0,0,0,0,0,0,0,0,0,0,0,0,0
2021-02-19,port120,Barranquilla,6,2,10959,14932,0,2510,4960,3488,0,0,644,1705,12582,0
2021-02-20,port120,Barranquilla,7,2,29536,37611,28565,971,0,0,0,31651,2326,3633,0,0
2021-02-21,port120,Barranquilla,1,1,371,0,0,371,0,0,0,0,0,0,0,0
2021-02-22,port120,Barranquilla,1,1,359,0,0,359,0,0,0,0,0,0,0,0
2021-02-23,port120,Barranquilla,3,1,4716,3733,0,776,0,3939,0,0,0,3733,0,0
2021-02-24,port120,Barranquilla,0,0,0,0,0,0,0,0,0,0,0,0,0,0
2021-02-25,port120,Barranquilla,2,0,23439,2732,23439,0,0,0,0,2732,0,0,0,0
2021-02-26,port120,Barranquilla,7,2,61509,34360,57995,3351,162,0,0,34090,269,0,0,0
2021-02-27,port120,Barranquilla,4,1,4325,4677,0,971,0,3354,0,0,644,2122,1910,0
2021-02-28,port120,Barranquilla,1,1,0,367,0,0,0,0,0,0,367,0,0,0
2021-03-01,port120,Barranquilla,1,0,22858,0,22858,0,0,0,0,0,0,0,0,0
2021-03-02,port120,Barranquilla,4,2,358,5611,0,358,0,0,0,4449,1161,0,0,0
2021-03-03,port120,Barranquilla,1,1,827,0,0,827,0,0,0,0,0,0,0,0
2021-03-04,port120,Barranquilla,1,0,40391,0,40391,0,0,0,0,0,0,0,0,0
2021-03-05,port120,Barranquilla,5,1,36972,44073,33227,3744,0,0,0,44073,0,0,0,0
2021-03-06,port120,Barranquilla,3,1,13068,991,0,0,0,13068,0,0,991,0,0,0
2021-03-07,port120,Barranquilla,5,1,43407,2340,32835,739,9832,0,0,0,0,2340,0,0
2021-03-08,port120,Barranquilla,3,0,1706,6413,0,0,1706,0,0,0,0,6413,0,0
2021-03-09,port120,Barranquilla,4,2,6401,19386,0,718,5682,0,0,19000,385,0,0,0
2021-03-10,port120,Barranquilla,4,0,13614,0,0,0,0,13614,0,0,0,0,0,0
2021-03-11,port120,Barranquilla,0,0,0,0,0,0,0,0,0,0,0,0,0,0
2021-03-12,port120,Barranquilla,5,3,81644,644,73945,7698,0,0,0,0,644,0,0,0
2021-03-13,port120,Barranquilla,6,2,14765,42039,12015,1083,1665,0,0,40789,1250,0,0,0
2021-03-14,port120,Barranquilla,3,1,34831,6774,21383,0,0,13448,0,0,6774,0,0,0
2021-03-15,port120,Barranquilla,3,0,25366,20908,25366,0,0,0,0,20908,0,0,0,0
2021-03-16,port120,Barranquilla,6,2,6090,8649,0,971,5119,0,0,0,1193,7456,0,0
2021-03-17,port120,Barranquilla,1,0,32370,0,32370,0,0,0,0,0,0,0,0,0
2021-03-18,port120,Barranquilla,7,1,5835,62019,0,971,4864,0,0,58973,644,0,2401,0
2021-03-19,port120,Barranquilla,0,0,0,0,0,0,0,0,0,0,0,0,0,0
2021-03-20,port120,Barranquilla,6,2,8142,1949,0,6186,1955,0,0,0,0,0,1949,0
2021-03-21,port120,Barranquilla,2,2,0,1747,0,0,0,0,0,0,1747,0,0,0
2021-03-22,port120,Barranquilla,4,0,3108,0,0,0,1216,1891,0,0,0,0,0,0
2021-03-23,port120,Barranquilla,3,2,17651,5463,12015,5635,0,0,0,5463,0,0,0,0
2021-03-24,port120,Barranquilla,1,0,7228,0,0,0,7228,0,0,0,0,0,0,0
2021-03-25,port120,Barranquilla,1,0,2715,1428,0,0,0,2715,0,0,0,0,1428,0
2021-03-26,port120,Barranquilla,6,1,81973,0,74808,3721,3443,0,0,0,0,0,0,0
2021-03-27,port120,Barranquilla,2,1,2715,2499,0,0,0,2715,0,0,1071,0,1428,0
2021-03-28,port120,Barranquilla,6,2,24127,16633,19836,971,1706,1613,0,0,1727,1705,13199,0
2021-03-29,port120,Barranquilla,1,1,358,0,0,358,0,0,0,0,0,0,0,0
2021-03-30,port120,Barranquilla,2,0,1641,926,0,0,1641,0,0,0,0,0,926,0
2021-03-31,port120,Barranquilla,5,1,53662,3952,50881,0,2781,0,0,0,1158,2794,0,0
2021-04-01,port120,Barranquilla,3,0,40533,7619,38826,0,1706,0,0,0,0,7619,0,0
2021-04-02,port120,Barranquilla,3,2,724,34707,0,724,0,0,0,30518,4188,0,0,0
2021-04-03,port120,Barranquilla,1,0,0,26856,0,0,0,0,0,26856,0,0,0,0
2021-04-04,port120,Barranquilla,2,1,34491,644,33520,971,0,0,0,0,644,0,0,0
2021-04-05,port120,Barranquilla,6,2,44218,5463,39317,4900,0,0,0,5463,0,0,0,0
2021-04-06,port120,Barranquilla,2,1,0,386,0,0,0,0,0,0,386,0,0,0
2021-04-07,port120,Barranquilla,1,0,12015,5463,12015,0,0,0,0,5463,0,0,0,0
2021-04-08,port120,Barranquilla,5,2,4757,26401,0,2242,0,2515,0,26401,0,0,0,0
2021-04-09,port120,Barranquilla,5,2,44702,0,35188,7909,1603,0,0,0,0,0,0,0
2021-04-10,port120,Barranquilla,4,2,21341,2309,0,971,0,20370,0,0,2309,0,0,0
2021-04-11,port120,Barranquilla,2,1,1849,28975,0,1849,0,0,0,28975,0,0,0,0
2021-04-12,port120,Barranquilla,2,1,2884,0,0,2884,0,0,0,0,0,0,0,0
2021-04-13,port120,Barranquilla,3,1,1670,0,0,1670,0,0,0,0,0,0,0,0
2021-04-14,port120,Barranquilla,1,1,971,644,0,971,0,0,0,0,644,0,0,0
2021-04-15,port120,Barranquilla,1,0,0,163,0,0,0,0,0,0,0,163,0,0
2021-04-16,port120,Barranquilla,8,1,18940,12065,0,5592,10649,2698,0,0,0,0,12065,0
2021-04-17,port120,Barranquilla,6,3,48793,16531,47822,971,0,0,0,0,2419,0,14111,0
2021-04-18,port120,Barranquilla,1,1,971,644,0,971,0,0,0,0,644,0,0,0
2021-04-19,port120,Barranquilla,3,1,0,3868,0,0,0,0,0,0,3541,326,0,0
2021-04-20,port120,Barranquilla,4,1,4027,28971,0,774,3253,0,0,28434,0,0,537,0
2021-04-21,port120,Barranquilla,5,0,45325,16791,30971,0,14354,0,0,16791,0,0,0,0
2021-04-22,port120,Barranquilla,2,1,4429,1910,0,1075,0,3354,0,0,0,0,1910,0
2021-04-23,port120,Barranquilla,5,2,7562,7276,6745,816,0,0,0,0,2719,4557,0,0
2021-04-24,port120,Barranquilla,1,0,3829,0,3829,0,0,0,0,0,0,0,0,0
2021-04-25,port120,Barranquilla,2,1,1659,1859,0,0,1659,0,0,0,1859,0,0,0
2021-04-26,port120,Barranquilla,4,1,31749,3602,25681,6067,0,0,0,3602,0,0,0,0
2021-04-27,port120,Barranquilla,2,1,0,14054,0,0,0,0,0,0,775,0,13279,0
2021-04-28,port120,Barranquilla,5,0,67913,30935,66483,0,1430,0,0,30935,0,0,0,0
2021-04-29,port120,Barranquilla,4,1,35949,3701,35709,240,0,0,0,0,0,0,3701,0
2021-04-30,port120,Barranquilla,2,1,5696,1428,0,2981,0,2715,0,0,0,0,1428,0
2021-05-01,port120,Barranquilla,2,0,0,536,0,0,0,0,0,0,0,0,536,0
2021-05-02,port120,Barranquilla,2,2,0,992,0,0,0,0,0,0,992,0,0,0
2021-05-03,port120,Barranquilla,1,1,0,2467,0,0,0,0,0,0,2467,0,0,0
2021-05-04,port120,Barranquilla,3,2,2978,0,0,2978,0,0,0,0,0,0,0,0
2021-05-05,port120,Barranquilla,1,0,0,28062,0,0,0,0,0,28062,0,0,0,0
2021-05-06,port120,Barranquilla,5,0,6164,4515,6164,0,0,0,0,0,0,4515,0,0
2021-05-07,port120,Barranquilla,3,2,36830,1194,30457,6373,0,0,0,0,1194,0,0,0
2021-05-08,port120,Barranquilla,2,0,19890,0,6373,0,0,13517,0,0,0,0,0,0
2021-05-09,port120,Barranquilla,1,1,371,0,0,371,0,0,0,0,0,0,0,0
2021-05-10,port120,Barranquilla,4,1,3215,28182,0,500,0,2715,0,26753,0,0,1428,0
2021-05-11,port120,Barranquilla,3,1,10180,0,0,2824,7355,0,0,0,0,0,0,0
2021-05-12,port120,Barranquilla,4,1,31993,0,29810,2182,0,0,0,0,0,0,0,0
2021-05-13,port120,Barranquilla,3,0,32134,0,32134,0,0,0,0,0,0,0,0,0
2021-05-14,port120,Barranquilla,4,3,30275,3478,29304,971,0,0,0,0,3478,0,0,0
2021-05-15,port120,Barranquilla,1,0,29767,0,29767,0,0,0,0,0,0,0,0,0
2021-05-16,port120,Barranquilla,2,2,0,2717,0,0,0,0,0,0,2717,0,0,0
2021-05-17,port120,Barranquilla,4,1,1525,1271,0,723,0,802,0,0,0,1271,0,0
2021-05-18,port120,Barranquilla,5,1,14929,27849,0,4174,10755,0,0,27849,0,0,0,0
2021-05-19,port120,Barranquilla,5,2,33608,1002,32637,971,0,0,0,0,644,357,0,0
2021-05-20,port120,Barranquilla,1,0,0,0,0,0,0,0,0,0,0,0,0,0
2021-05-21,port120,Barranquilla,3,1,42880,0,33901,5180,3797,0,0,0,0,0,0,0
2021-05-22,port120,Barranquilla,2,1,35570,644,34598,971,0,0,0,0,644,0,0,0
2021-05-23,port120,Barranquilla,2,1,3784,0,0,3784,0,0,0,0,0,0,0,0
2021-05-24,port120,Barranquilla,4,0,38079,1093,33741,0,0,4338,0,1093,0,0,0,0
2021-05-25,port120,Barranquilla,4,2,18371,26732,16699,1671,0,0,0,24264,2467,0,0,0
2021-05-26,port120,Barranquilla,4,1,387,1469,0,387,0,0,0,1469,0,0,0,0
2021-05-27,port120,Barranquilla,0,0,0,0,0,0,0,0,0,0,0,0,0,0
2021-05-28,port120,Barranquilla,4,1,2623,2231,0,2623,0,0,0,0,0,2231,0,0
2021-05-29,port120,Barranquilla,1,0,0,2403,0,0,0,0,0,0,0,2403,0,0
2021-05-30,port120,Barranquilla,6,2,7604,27245,0,0,7604,0,0,20953,4936,231,1123,0
2021-05-31,port120,Barranquilla,3,0,33209,0,28139,0,5070,0,0,0,0,0,0,0
2021-06-01,port120,Barranquilla,3,2,2656,1722,0,971,1685,0,0,0,1722,0,0,0
2021-06-02,port120,Barranquilla,6,2,9756,30823,3762,1500,3416,1076,0,30823,0,0,0,0
2021-06-03,port120,Barranquilla,3,0,0,40652,0,0,0,0,0,35142,0,5509,0,0
2021-06-04,port120,Barranquilla,3,1,5470,0,0,4482,0,987,0,0,0,0,0,0
2021-06-05,port120,Barranquilla,4,2,23846,2222,23846,0,0,0,0,0,2222,0,0,0
2021-06-06,port120,Barranquilla,2,1,24923,4821,24923,0,0,0,0,0,4821,0,0,0
2021-06-07,port120,Barranquilla,3,0,26840,31941,26840,0,0,0,0,31941,0,0,0,0
2021-06-08,port120,Barranquilla,7,1,34973,64881,32276,0,0,2696,0,63806,1074,0,0,0
2021-06-09,port120,Barranquilla,2,1,29590,644,28619,971,0,0,0,0,644,0,0,0
2021-06-10,port120,Barranquilla,3,1,24883,2349,22205,971,1706,0,0,0,644,1705,0,0
2021-06-11,port120,Barranquilla,3,2,4827,1167,0,4827,0,0,0,0,1167,0,0,0
2021-06-12,port120,Barranquilla,2,1,2715,2206,0,0,0,2715,0,0,777,0,1428,0
2021-06-13,port120,Barranquilla,3,2,2367,11733,0,2367,0,0,0,0,0,0,11733,0
2021-06-14,port120,Barranquilla,3,0,32858,1428,30143,0,0,2715,0,0,0,0,1428,0
2021-06-15,port120,Barranquilla,6,2,24640,30008,20883,2050,1706,0,0,27658,644,1705,0,0
2021-06-16,port120,Barranquilla,1,0,0,3844,0,0,0,0,0,0,0,3844,0,0
2021-06-17,port120,Barranquilla,4,1,44878,1310,32880,0,0,11998,0,0,0,0,1310,0
2021-06-18,port120,Barranquilla,2,1,7314,0,3588,3726,0,0,0,0,0,0,0,0
2021-06-19,port120,Barranquilla,6,1,32561,1940,30854,0,1706,0,0,0,235,1705,0,0
2021-06-20,port120,Barranquilla,5,2,2948,4219,0,971,1706,271,0,0,2513,1705,0,0
2021-06-21,port120,Barranquilla,2,0,0,8005,0,0,0,0,0,5404,0,0,2601,0
2021-06-22,port120,Barranquilla,3,1,24475,0,24475,0,0,0,0,0,0,0,0,0
2021-06-23,port120,Barranquilla,1,0,25934,0,25934,0,0,0,0,0,0,0,0,0
2021-06-24,port120,Barranquilla,1,0,1882,0,0,0,0,1882,0,0,0,0,0,0
2021-06-25,port120,Barranquilla,4,1,971,644,0,971,0,0,0,0,644,0,0,0
2021-06-26,port120,Barranquilla,2,0,15754,0,15754,0,0,0,0,0,0,0,0,0
2021-06-27,port120,Barranquilla,5,2,14285,2200,0,2588,11696,0,0,0,495,1705,0,0
2021-06-28,port120,Barranquilla,3,1,2834,9284,0,971,0,1863,0,8639,644,0,0,0
2021-06-29,port120,Barranquilla,3,2,781,23350,0,781,0,0,0,20883,2467,0,0,0
2021-06-30,port120,Barranquilla,4,1,14144,644,0,971,0,13173,0,0,644,0,0,0
2021-07-01,port120,Barranquilla,4,1,971,4186,0,971,0,0,0,572,644,2970,0,0
2021-07-02,port120,Barranquilla,4,2,22486,0,11538,10948,0,0,0,0,0,0,0,0
2021-07-03,port120,Barranquilla,3,1,4482,249,0,0,4482,0,0,0,249,0,0,0
2021-07-04,port120,Barranquilla,3,1,0,12587,0,0,0,0,0,12216,370,0,0,0
2021-07-05,port120,Barranquilla,1,1,0,325,0,0,0,0,0,0,325,0,0,0
2021-07-06,port120,Barranquilla,4,2,1714,3785,0,472,0,1241,0,960,2824,0,0,0
2021-07-07,port120,Barranquilla,1,1,3064,0,0,3064,0,0,0,0,0,0,0,0
2021-07-08,port120,Barranquilla,2,1,1920,2370,0,1920,0,0,0,0,0,2370,0,0
2021-07-09,port120,Barranquilla,0,0,0,0,0,0,0,0,0,0,0,0,0,0
2021-07-10,port120,Barranquilla,2,1,1941,0,0,1941,0,0,0,0,0,0,0,0
2021-07-11,port120,Barranquilla,5,2,16797,7785,12015,2353,2429,0,0,5463,2322,0,0,0
2021-07-12,port120,Barranquilla,0,0,0,0,0,0,0,0,0,0,0,0,0,0
2021-07-13,port120,Barranquilla,2,0,0,2545,0,0,0,0,0,0,0,2545,0,0
2021-07-14,port120,Barranquilla,2,1,971,2742,0,971,0,0,0,0,644,2098,0,0
2021-07-15,port120,Barranquilla,3,1,0,0,0,0,0,0,0,0,0,0,0,0
2021-07-16,port120,Barranquilla,3,1,971,644,0,971,0,0,0,0,644,0,0,0
2021-07-17,port120,Barranquilla,4,1,42242,0,39192,3049,0,0,0,0,0,0,0,0
2021-07-18,port120,Barranquilla,3,2,24916,0,24916,0,0,0,0,0,0,0,0,0
2021-07-19,port120,Barranquilla,4,1,0,40578,0,0,0,0,0,32274,2467,0,5837,0
2021-07-20,port120,Barranquilla,0,0,0,0,0,0,0,0,0,0,0,0,0,0
2021-07-21,port120,Barranquilla,3,2,1608,326,0,0,0,1608,0,0,326,0,0,0
2021-07-22,port120,Barranquilla,3,1,6898,0,3613,3284,0,0,0,0,0,0,0,0
2021-07-23,port120,Barranquilla,5,2,9931,3923,8960,971,0,0,0,0,2555,1367,0,0
2021-07-24,port120,Barranquilla,3,2,0,5078,0,0,0,0,0,0,5078,0,0,0
2021-07-25,port120,Barranquilla,2,1,3081,1428,0,365,0,2715,0,0,0,0,1428,0
2021-07-26,port120,Barranquilla,2,0,22332,0,20717,0,0,1614,0,0,0,0,0,0
2021-07-27,port120,Barranquilla,4,1,30896,6326,24832,0,6064,0,0,0,4620,1705,0,0
2021-07-28,port120,Barranquilla,6,0,7999,5837,0,0,5541,2457,0,0,0,0,5837,0
2021-07-29,port120,Barranquilla,4,3,2849,644,0,2849,0,0,0,0,644,0,0,0
2021-07-30,port120,Barranquilla,2,1,2317,0,0,2317,0,0,0,0,0,0,0,0
2021-07-31,port120,Barranquilla,3,1,28574,24606,28574,0,0,0,0,24279,326,0,0,0
2021-08-01,port120,Barranquilla,4,2,1471,1991,0,1471,0,0,0,0,1991,0,0,0
2021-08-02,port120,Barranquilla,3,0,0,5195,0,0,0,0,0,0,0,5195,0,0
2021-08-03,port120,Barranquilla,4,2,2371,476,0,0,2371,0,0,0,476,0,0,0
2021-08-04,port120,Barranquilla,3,0,10409,0,0,0,0,10409,0,0,0,0,0,0
2021-08-05,port120,Barranquilla,6,2,18788,2751,14062,0,2811,1914,0,0,2751,0,0,0
2021-08-06,port120,Barranquilla,4,1,19202,13671,17348,1854,0,0,0,0,0,907,12764,0
2021-08-07,port120,Barranquilla,3,1,2144,1820,0,0,0,2144,0,0,1820,0,0,0
2021-08-08,port120,Barranquilla,2,1,370,0,0,370,0,0,0,0,0,0,0,0
2021-08-09,port120,Barranquilla,3,0,0,28935,0,0,0,0,0,28935,0,0,0,0
2021-08-10,port120,Barranquilla,3,2,1385,24449,0,1385,0,0,0,23587,861,0,0,0
2021-08-11,port120,Barranquilla,4,1,63435,0,57943,389,5102,0,0,0,0,0,0,0
2021-08-12,port120,Barranquilla,2,1,28307,3785,28307,0,0,0,0,0,3785,0,0,0
2021-08-13,port120,Barranquilla,3,1,34354,7291,27951,6402,0,0,0,0,0,0,7291,0
2021-08-14,port120,Barranquilla,2,1,2144,952,0,0,0,2144,0,0,952,0,0,0
2021-08-15,port120,Barranquilla,4,1,25273,1428,22187,371,0,2715,0,0,0,0,1428,0
2021-08-16,port120,Barranquilla,3,1,0,1077,0,0,0,0,0,0,1077,0,0,0
2021-08-17,port120,Barranquilla,2,0,1216,22097,0,0,1216,0,0,22097,0,0,0,0
2021-08-18,port120,Barranquilla,1,1,0,382,0,0,0,0,0,0,382,0,0,0
2021-08-19,port120,Barranquilla,2,1,1230,0,0,1230,0,0,0,0,0,0,0,0
2021-08-20,port120,Barranquilla,4,1,3686,5703,0,971,0,2715,0,0,644,3630,1428,0
2021-08-21,port120,Barranquilla,2,0,5683,1177,0,0,5683,0,0,0,0,1177,0,0
2021-08-22,port120,Barranquilla,2,2,0,737,0,0,0,0,0,0,737,0,0,0
2021-08-23,port120,Barranquilla,2,1,0,3541,0,0,0,0,0,0,3541,0,0,0
2021-08-24,port120,Barranquilla,2,1,971,2790,0,971,0,0,0,0,644,2146,0,0
2021-08-25,port120,Barranquilla,3,0,936,5339,0,0,0,936,0,5339,0,0,0,0
2021-08-26,port120,Barranquilla,4,0,0,2340,0,0,0,0,0,0,0,2340,0,0
2021-08-27,port120,Barranquilla,2,1,2353,0,0,2353,0,0,0,0,0,0,0,0
2021-08-28,port120,Barranquilla,5,1,2423,1005,2423,0,0,0,0,1005,0,0,0,0
2021-08-29,port120,Barranquilla,9,2,23570,43587,12015,367,0,11188,0,34800,1247,7539,0,0
2021-08-30,port120,Barranquilla,4,1,12015,25298,12015,0,0,0,0,5463,3162,3633,13039,0
2021-08-31,port120,Barranquilla,6,2,29237,0,28457,780,0,0,0,0,0,0,0,0
2021-09-01,port120,Barranquilla,6,1,2637,8534,0,971,1665,0,0,1635,644,0,6254,0
2021-09-02,port120,Barranquilla,4,1,6490,19930,5751,739,0,0,0,19930,0,0,0,0
2021-09-03,port120,Barranquilla,3,1,7280,4907,0,2712,0,4568,0,4907,0,0,0,0
2021-09-04,port120,Barranquilla,6,1,31847,10926,30052,720,0,1074,0,10926,0,0,0,0
2021-09-05,port120,Barranquilla,2,1,12931,644,11960,971,0,0,0,0,644,0,0,0
2021-09-06,port120,Barranquilla,1,1,0,4260,0,0,0,0,0,0,4260,0,0,0
2021-09-07,port120,Barranquilla,2,0,0,0,0,0,0,0,0,0,0,0,0,0
2021-09-08,port120,Barranquilla,4,1,692,3364,0,474,217,0,0,0,0,3364,0,0
2021-09-09,port120,Barranquilla,7,2,25137,6881,13816,971,10349,0,0,5463,1418,0,0,0
2021-09-10,port120,Barranquilla,2,1,3701,0,0,3701,0,0,0,0,0,0,0,0
2021-09-11,port120,Barranquilla,4,1,0,896,0,0,0,0,0,0,521,0,374,0
2021-09-12,port120,Barranquilla,1,1,0,539,0,0,0,0,0,0,539,0,0,0
2021-09-13,port120,Barranquilla,3,1,13384,7687,12015,0,0,1369,0,5463,2223,0,0,0
2021-09-14,port120,Barranquilla,5,2,7027,7766,3364,3663,0,0,0,4583,3182,0,0,0
2021-09-15,port120,Barranquilla,4,2,5193,764,0,1802,3391,0,0,0,764,0,0,0
2021-09-16,port120,Barranquilla,3,0,6401,0,0,0,4357,2043,0,0,0,0,0,0
2021-09-17,port120,Barranquilla,3,1,4807,0,0,4807,0,0,0,0,0,0,0,0
2021-09-18,port120,Barranquilla,2,0,1115,1038,0,0,0,1115,0,0,0,1038,0,0
2021-09-19,port120,Barranquilla,5,1,12015,9104,12015,0,0,0,0,5463,989,2651,0,0
2021-09-20,port120,Barranquilla,3,1,0,31839,0,0,0,0,0,26120,3695,0,2023,0
2021-09-21,port120,Barranquilla,3,1,0,7052,0,0,0,0,0,0,4620,2432,0,0
2021-09-22,port120,Barranquilla,2,0,0,19272,0,0,0,0,0,19272,0,0,0,0
2021-09-23,port120,Barranquilla,6,2,33885,8454,30910,1687,1288,0,0,0,770,7684,0,0
2021-09-24,port120,Barranquilla,4,2,6308,519,0,3360,2948,0,0,0,519,0,0,0
2021-09-25,port120,Barranquilla,2,0,0,13118,0,0,0,0,0,0,0,13118,0,0
2021-09-26,port120,Barranquilla,4,2,991,20968,0,991,0,0,0,18600,0,2368,0,0
2021-09-27,port120,Barranquilla,0,0,0,0,0,0,0,0,0,0,0,0,0,0
2021-09-28,port120,Barranquilla,2,1,0,8129,0,0,0,0,0,0,2467,5662,0,0
2021-09-29,port120,Barranquilla,4,1,497,22940,0,497,0,0,0,20698,0,2241,0,0
2021-09-30,port120,Barranquilla,2,2,3010,0,0,3010,0,0,0,0,0,0,0,0
2021-10-01,port120,Barranquilla,1,1,1486,0,0,1486,0,0,0,0,0,0,0,0
2021-10-02,port120,Barranquilla,2,2,0,2691,0,0,0,0,0,0,2691,0,0,0
2021-10-03,port120,Barranquilla,1,1,971,644,0,971,0,0,0,0,644,0,0,0
2021-10-04,port120,Barranquilla,1,0,0,0,0,0,0,0,0,0,0,0,0,0
2021-10-05,port120,Barranquilla,1,0,0,0,0,0,0,0,0,0,0,0,0,0
2021-10-06,port120,Barranquilla,3,0,34585,0,25343,0,0,9242,0,0,0,0,0,0
2021-10-07,port120,Barranquilla,1,0,0,3925,0,0,0,0,0,0,0,3925,0,0
2021-10-08,port120,Barranquilla,7,2,14917,8492,0,1868,13049,0,0,0,0,8492,0,0
2021-10-09,port120,Barranquilla,3,1,29826,644,28855,971,0,0,0,0,644,0,0,0
2021-10-10,port120,Barranquilla,6,2,971,29923,0,971,0,0,0,23911,2858,3153,0,0
2021-10-11,port120,Barranquilla,2,1,726,484,0,726,0,0,0,484,0,0,0,0
2021-10-12,port120,Barranquilla,2,0,32865,0,32865,0,0,0,0,0,0,0,0,0
2021-10-13,port120,Barranquilla,3,2,3019,2187,0,3019,0,0,0,0,644,0,1543,0
2021-10-14,port120,Barranquilla,0,0,0,0,0,0,0,0,0,0,0,0,0,0
2021-10-15,port120,Barranquilla,3,0,0,26271,0,0,0,0,0,21288,0,4982,0,0
2021-10-16,port120,Barranquilla,5,2,39407,23500,22210,2577,0,14619,0,23027,473,0,0,0
2021-10-17,port120,Barranquilla,4,2,1929,2094,0,0,0,1929,0,0,2094,0,0,0
2021-10-18,port120,Barranquilla,4,0,1706,4154,0,0,1706,0,0,0,0,4154,0,0
2021-10-19,port120,Barranquilla,3,1,27733,0,23370,4363,0,0,0,0,0,0,0,0
2021-10-20,port120,Barranquilla,7,2,37252,12630,36266,986,0,0,0,12245,385,0,0,0
2021-10-21,port120,Barranquilla,4,1,30360,0,17072,963,0,12324,0,0,0,0,0,0
2021-10-22,port120,Barranquilla,1,1,5631,0,0,5631,0,0,0,0,0,0,0,0
2021-10-23,port120,Barranquilla,3,1,14983,0,0,2564,0,12418,0,0,0,0,0,0
2021-10-24,port120,Barranquilla,5,2,7757,8135,0,0,1952,5805,0,4931,3203,0,0,0
2021-10-25,port120,Barranquilla,3,1,56363,644,23998,971,0,31394,0,0,644,0,0,0
2021-10-26,port120,Barranquilla,3,0,22706,4865,22706,0,0,0,0,0,0,4865,0,0
2021-10-27,port120,Barranquilla,6,1,75717,0,73887,1829,0,0,0,0,0,0,0,0
2021-10-28,port120,Barranquilla,2,2,971,2947,0,971,0,0,0,0,2947,0,0,0
2021-10-29,port120,Barranquilla,5,1,14557,20863,13079,1478,0,0,0,20863,0,0,0,0
2021-10-30,port120,Barranquilla,0,0,0,0,0,0,0,0,0,0,0,0,0,0
2021-10-31,port120,Barranquilla,2,2,0,1722,0,0,0,0,0,0,1722,0,0,0
2021-11-01,port120,Barranquilla,4,2,0,26776,0,0,0,0,0,21340,5249,0,186,0
2021-11-02,port120,Barranquilla,2,0,24439,0,22835,0,1603,0,0,0,0,0,0,0
2021-11-03,port120,Barranquilla,3,0,3412,30269,0,0,3412,0,0,26859,0,3410,0,0
2021-11-04,port120,Barranquilla,3,1,27885,7695,27885,0,0,0,0,0,2702,4992,0,0
2021-11-05,port120,Barranquilla,6,2,74325,7564,68779,5545,0,0,0,5463,0,2101,0,0
2021-11-06,port120,Barranquilla,4,1,16517,30380,15546,971,0,0,0,29736,644,0,0,0
2021-11-07,port120,Barranquilla,5,2,35652,61913,31493,4159,0,0,0,61913,0,0,0,0
2021-11-08,port120,Barranquilla,3,1,971,2606,0,971,0,0,0,1961,644,0,0,0
2021-11-09,port120,Barranquilla,2,1,4494,0,0,2610,0,1884,0,0,0,0,0,0
2021-11-10,port120,Barranquilla,1,0,12015,5463,12015,0,0,0,0,5463,0,0,0,0
2021-11-11,port120,Barranquilla,3,0,11887,0,11887,0,0,0,0,0,0,0,0,0
2021-11-12,port120,Barranquilla,3,1,28811,0,24289,4521,0,0,0,0,0,0,0,0
2021-11-13,port120,Barranquilla,4,1,769,8702,0,769,0,0,0,0,0,0,8702,0
2021-11-14,port120,Barranquilla,4,2,971,4488,0,971,0,0,0,0,891,3596,0,0
2021-11-15,port120,Barranquilla,2,1,5405,2467,5405,0,0,0,0,0,2467,0,0,0
2021-11-16,port120,Barranquilla,4,1,24222,385,22791,0,1430,0,0,0,385,0,0,0
2021-11-17,port120,Barranquilla,3,0,12170,1813,0,0,0,12170,0,0,0,1813,0,0
2021-11-18,port120,Barranquilla,4,0,0,35641,0,0,0,0,0,35641,0,0,0,0
2021-11-19,port120,Barranquilla,3,2,21357,956,17169,4188,0,0,0,0,956,0,0,0
2021-11-20,port120,Barranquilla,1,1,971,644,0,971,0,0,0,0,644,0,0,0
2021-11-21,port120,Barranquilla,3,2,990,0,0,990,0,0,0,0,0,0,0,0
2021-11-22,port120,Barranquilla,1,0,0,0,0,0,0,0,0,0,0,0,0,0
2021-11-23,port120,Barranquilla,2,0,0,2115,0,0,0,0,0,0,0,2115,0,0
2021-11-24,port120,Barranquilla,2,1,3018,0,0,3018,0,0,0,0,0,0,0,0
2021-11-25,port120,Barranquilla,4,1,1232,2166,0,1232,0,0,0,2166,0,0,0,0
2021-11-26,port120,Barranquilla,2,2,971,644,0,971,0,0,0,0,644,0,0,0
2021-11-27,port120,Barranquilla,2,0,0,0,0,0,0,0,0,0,0,0,0,0
2021-11-28,port120,Barranquilla,7,1,2454,47499,0,0,0,2454,0,47499,0,0,0,0
2021-11-29,port120,Barranquilla,3,0,0,0,0,0,0,0,0,0,0,0,0,0
2021-11-30,port120,Barranquilla,5,1,18309,7082,15626,0,0,2682,0,0,2525,4556,0,0
2021-12-01,port120,Barranquilla,4,2,971,644,0,971,0,0,0,0,644,0,0,0
2021-12-02,port120,Barranquilla,5,1,0,1153,0,0,0,0,0,0,1153,0,0,0
2021-12-03,port120,Barranquilla,2,1,971,644,0,971,0,0,0,0,644,0,0,0
2021-12-04,port120,Barranquilla,2,0,0,32451,0,0,0,0,0,32451,0,0,0,0
2021-12-05,port120,Barranquilla,7,2,1236,20808,838,0,397,0,0,0,6119,3659,11029,0
2021-12-06,port120,Barranquilla,3,1,0,27407,0,0,0,0,0,23507,3900,0,0,0
2021-12-07,port120,Barranquilla,2,0,25825,0,18961,0,0,6863,0,0,0,0,0,0
2021-12-08,port120,Barranquilla,2,0,5250,0,3811,0,1439,0,0,0,0,0,0,0
2021-12-09,port120,Barranquilla,5,1,18218,1392,16099,774,0,1344,0,0,0,1392,0,0
2021-12-10,port120,Barranquilla,4,1,1913,6854,0,1913,0,0,0,2098,0,4756,0,0
2021-12-11,port120,Barranquilla,1,1,478,0,0,478,0,0,0,0,0,0,0,0
2021-12-12,port120,Barranquilla,4,2,31621,750,30153,1467,0,0,0,0,750,0,0,0
2021-12-13,port120,Barranquilla,2,1,0,14991,0,0,0,0,0,0,4260,10730,0,0
2021-12-14,port120,Barranquilla,2,0,0,23649,0,0,0,0,0,21309,0,2340,0,0
2021-12-15,port120,Barranquilla,3,0,12015,8193,12015,0,0,0,0,8193,0,0,0,0
2021-12-16,port120,Barranquilla,2,0,4893,0,4893,0,0,0,0,0,0,0,0,0
2021-12-17,port120,Barranquilla,2,1,12755,5463,12015,740,0,0,0,5463,0,0,0,0
2021-12-18,port120,Barranquilla,3,2,1493,1122,0,1493,0,0,0,477,644,0,0,0
2021-12-19,port120,Barranquilla,1,1,1152,0,0,1152,0,0,0,0,0,0,0,0
2021-12-20,port120,Barranquilla,3,0,536,29862,0,0,0,536,0,29862,0,0,0,0
2021-12-21,port120,Barranquilla,7,2,6565,2349,0,1329,5235,0,0,0,644,1705,0,0
2021-12-22,port120,Barranquilla,3,0,9845,1705,2103,0,7742,0,0,0,0,1705,0,0
2021-12-23,port120,Barranquilla,4,1,2323,0,0,732,1591,0,0,0,0,0,0,0
2021-12-24,port120,Barranquilla,5,2,31061,10102,28623,2438,0,0,0,0,956,9145,0,0
2021-12-25,port120,Barranquilla,1,0,964,0,0,0,964,0,0,0,0,0,0,0
2021-12-26,port120,Barranquilla,3,1,971,2287,0,971,0,0,0,1642,644,0,0,0
2021-12-27,port120,Barranquilla,5,2,29408,11729,29039,369,0,0,0,9261,2467,0,0,0
2021-12-28,port120,Barranquilla,1,0,0,4271,0,0,0,0,0,0,0,4271,0,0
2021-12-29,port120,Barranquilla,1,0,0,14169,0,0,0,0,0,14169,0,0,0,0
2021-12-30,port120,Barranquilla,0,0,0,0,0,0,0,0,0,0,0,0,0,0
2021-12-31,port120,Barranquilla,1,0,5039,0,0,0,0,5039,0,0,0,0,0,0
2022-01-01,port120,Barranquilla,2,0,2715,19417,0,0,0,2715,0,17989,0,0,1428,0
2022-01-02,port120,Barranquilla,3,2,12986,6107,12015,971,0,0,0,5463,644,0,0,0
2022-01-03,port120,Barranquilla,1,1,971,644,0,971,0,0,0,0,644,0,0,0
2022-01-04,port120,Barranquilla,2,0,0,14800,0,0,0,0,0,14800,0,0,0,0
2022-01-05,port120,Barranquilla,3,1,971,18888,0,971,0,0,0,18244,644,0,0,0
2022-01-06,port120,Barranquilla,4,0,25950,1705,24244,0,1706,0,0,0,0,1705,0,0
2022-01-07,port120,Barranquilla,4,1,14436,5463,12015,0,0,2420,0,5463,0,0,0,0
2022-01-08,port120,Barranquilla,3,0,10407,0,0,0,0,10407,0,0,0,0,0,0
2022-01-09,port120,Barranquilla,6,1,24457,2657,21103,0,0,3354,0,0,747,0,1910,0
2022-01-10,port120,Barranquilla,3,1,971,30691,0,971,0,0,0,30047,644,0,0,0
2022-01-11,port120,Barranquilla,6,1,55433,0,51946,1300,1885,301,0,0,0,0,0,0
2022-01-12,port120,Barranquilla,4,1,3686,3000,0,971,0,2715,0,0,644,927,1428,0
2022-01-13,port120,Barranquilla,4,0,0,0,0,0,0,0,0,0,0,0,0,0
2022-01-14,port120,Barranquilla,0,0,0,0,0,0,0,0,0,0,0,0,0,0
2022-01-15,port120,Barranquilla,4,2,18477,7813,12015,4755,1706,0,0,5463,644,1705,0,0
2022-01-16,port120,Barranquilla,4,0,7347,0,4290,0,0,3057,0,0,0,0,0,0
2022-01-17,port120,Barranquilla,1,0,6216,0,0,0,6216,0,0,0,0,0,0,0
2022-01-18,port120,Barranquilla,2,0,0,0,0,0,0,0,0,0,0,0,0,0
2022-01-19,port120,Barranquilla,1,0,0,0,0,0,0,0,0,0,0,0,0,0
2022-01-20,port120,Barranquilla,3,2,1159,483,0,1159,0,0,0,0,483,0,0,0
2022-01-21,port120,Barranquilla,1,0,0,0,0,0,0,0,0,0,0,0,0,0
2022-01-22,port120,Barranquilla,1,0,2954,0,0,0,0,2954,0,0,0,0,0,0
2022-01-23,port120,Barranquilla,3,1,0,38967,0,0,0,0,0,30702,1106,0,7158,0
2022-01-24,port120,Barranquilla,1,1,0,1248,0,0,0,0,0,0,1248,0,0,0
2022-01-25,port120,Barranquilla,5,2,15500,384,14129,1091,0,279,0,0,384,0,0,0
2022-01-26,port120,Barranquilla,1,0,0,0,0,0,0,0,0,0,0,0,0,0
2022-01-27,port120,Barranquilla,6,1,20450,5101,19731,718,0,0,0,5101,0,0,0,0
2022-01-28,port120,Barranquilla,2,1,8527,0,0,7146,1380,0,0,0,0,0,0,0
2022-01-29,port120,Barranquilla,4,1,971,644,0,971,0,0,0,0,644,0,0,0
2022-01-30,port120,Barranquilla,3,1,12015,39711,12015,0,0,0,0,39711,0,0,0,0
2022-01-31,port120,Barranquilla,4,1,11887,40480,11887,0,0,0,0,40480,0,0,0,0
2022-02-01,port120,Barranquilla,2,1,26935,644,25964,971,0,0,0,0,644,0,0,0
2022-02-02,port120,Barranquilla,3,0,3354,24507,0,0,0,3354,0,22597,0,0,1910,0
2022-02-03,port120,Barranquilla,2,0,13201,6647,12015,0,1185,0,0,5463,0,1184,0,0
2022-02-04,port120,Barranquilla,4,3,8325,2895,0,6631,1694,0,0,0,2895,0,0,0
2022-02-05,port120,Barranquilla,2,0,0,33584,0,0,0,0,0,33584,0,0,0,0
2022-02-06,port120,Barranquilla,2,0,33466,0,33466,0,0,0,0,0,0,0,0,0
2022-02-07,port120,Barranquilla,2,1,542,716,0,0,0,542,0,0,716,0,0,0
2022-02-08,port120,Barranquilla,4,0,18538,27489,16677,0,1861,0,0,27489,0,0,0,0
2022-02-09,port120,Barranquilla,4,1,1103,38558,0,775,327,0,0,38558,0,0,0,0
2022-02-10,port120,Barranquilla,4,3,2944,2224,0,2944,0,0,0,0,2073,151,0,0
2022-02-11,port120,Barranquilla,2,1,1772,0,0,733,1039,0,0,0,0,0,0,0
2022-02-12,port120,Barranquilla,4,0,97089,1428,94374,0,0,2715,0,0,0,0,1428,0
2022-02-13,port120,Barranquilla,5,1,971,38188,0,971,0,0,0,25650,644,11892,0,0
2022-02-14,port120,Barranquilla,4,0,3737,31848,0,0,2116,1621,0,31848,0,0,0,0
2022-02-15,port120,Barranquilla,1,0,0,0,0,0,0,0,0,0,0,0,0,0
2022-02-16,port120,Barranquilla,2,1,12754,0,0,388,12365,0,0,0,0,0,0,0
2022-02-17,port120,Barranquilla,5,2,29733,611,28537,497,698,0,0,0,238,0,373,0
2022-02-18,port120,Barranquilla,1,1,3445,0,0,3445,0,0,0,0,0,0,0,0
2022-02-19,port120,Barranquilla,4,0,27870,13272,25430,0,0,2440,0,13272,0,0,0,0
2022-02-20,port120,Barranquilla,3,1,0,20517,0,0,0,0,0,17221,2250,1045,0,0
2022-02-21,port120,Barranquilla,6,1,17221,8819,0,4037,1591,11592,0,8176,0,642,0,0
2022-02-22,port120,Barranquilla,1,0,34783,0,34783,0,0,0,0,0,0,0,0,0
2022-02-23,port120,Barranquilla,4,0,3354,1910,0,0,0,3354,0,0,0,0,1910,0
2022-02-24,port120,Barranquilla,2,1,25699,786,25699,0,0,0,0,0,786,0,0,0
2022-02-25,port120,Barranquilla,4,1,17216,8596,12015,780,1706,2715,0,5463,0,1705,1428,0
2022-02-26,port120,Barranquilla,3,1,15141,0,0,3813,0,11327,0,0,0,0,0,0
2022-02-27,port120,Barranquilla,3,1,30994,644,30023,971,0,0,0,0,644,0,0,0
2022-02-28,port120,Barranquilla,3,0,0,5067,0,0,0,0,0,0,0,5067,0,0
2022-03-01,port120,Barranquilla,5,2,5640,9197,0,579,1706,3354,0,0,716,1705,6775,0
2022-03-02,port120,Barranquilla,2,0,0,27293,0,0,0,0,0,22311,0,4982,0,0
2022-03-03,port120,Barranquilla,5,2,37199,9483,36228,971,0,0,0,0,1370,8112,0,0
2022-03-04,port120,Barranquilla,3,1,3813,0,0,3813,0,0,0,0,0,0,0,0
2022-03-05,port120,Barranquilla,4,1,34156,28084,34156,0,0,0,0,27833,251,0,0,0
2022-03-06,port120,Barranquilla,2,0,1334,542,0,0,1334,0,0,542,0,0,0,0
2022-03-07,port120,Barranquilla,1,1,0,1793,0,0,0,0,0,0,1793,0,0,0
2022-03-08,port120,Barranquilla,2,0,46987,5463,46987,0,0,0,0,5463,0,0,0,0
2022-03-09,port120,Barranquilla,3,1,16406,3260,0,0,1706,14699,0,0,1555,1705,0,0
2022-03-10,port120,Barranquilla,4,1,0,17274,0,0,0,0,0,16404,239,0,630,0
2022-03-11,port120,Barranquilla,3,1,35741,0,34633,1108,0,0,0,0,0,0,0,0
2022-03-12,port120,Barranquilla,5,1,6032,3341,0,971,4255,805,0,0,644,0,2696,0
2022-03-13,port120,Barranquilla,1,0,44183,0,44183,0,0,0,0,0,0,0,0,0
2022-03-14,port120,Barranquilla,1,1,0,3182,0,0,0,0,0,0,3182,0,0,0
2022-03-15,port120,Barranquilla,1,0,0,0,0,0,0,0,0,0,0,0,0,0
2022-03-16,port120,Barranquilla,3,0,26245,0,26245,0,0,0,0,0,0,0,0,0
2022-03-17,port120,Barranquilla,5,1,22974,34851,22264,0,709,0,0,31751,784,0,2315,0
2022-03-18,port120,Barranquilla,3,1,14702,26751,14332,369,0,0,0,26751,0,0,0,0
2022-03-19,port120,Barranquilla,5,1,62475,2072,58789,971,0,2715,0,0,644,0,1428,0
2022-03-20,port120,Barranquilla,2,0,0,0,0,0,0,0,0,0,0,0,0,0
2022-03-21,port120,Barranquilla,5,1,13294,23890,13294,0,0,0,0,17808,3182,2898,0,0
2022-03-22,port120,Barranquilla,4,2,388,33387,0,388,0,0,0,33138,248,0,0,0
2022-03-23,port120,Barranquilla,5,0,25209,3133,20787,0,1706,2715,0,0,0,1705,1428,0
2022-03-24,port120,Barranquilla,2,0,0,0,0,0,0,0,0,0,0,0,0,0
2022-03-25,port120,Barranquilla,2,1,1208,0,0,1208,0,0,0,0,0,0,0,0
2022-03-26,port120,Barranquilla,5,2,42114,30414,38919,3194,0,0,0,29769,644,0,0,0
2022-03-27,port120,Barranquilla,3,0,41721,2340,35962,0,5759,0,0,0,0,2340,0,0
2022-03-28,port120,Barranquilla,1,0,0,2315,0,0,0,0,0,0,0,0,2315,0
2022-03-29,port120,Barranquilla,3,1,4012,9425,0,4012,0,0,0,2878,0,0,6547,0
2022-03-30,port120,Barranquilla,1,0,34093,0,34093,0,0,0,0,0,0,0,0,0
2022-03-31,port120,Barranquilla,3,2,1358,644,0,1358,0,0,0,0,644,0,0,0
2022-04-01,port120,Barranquilla,4,1,2214,18823,0,2214,0,0,0,0,0,5407,13416,0
2022-04-02,port120,Barranquilla,2,0,11027,1428,0,0,8312,2715,0,0,0,0,1428,0
2022-04-03,port120,Barranquilla,2,1,0,4145,0,0,0,0,0,0,999,3146,0,0
2022-04-04,port120,Barranquilla,2,1,26060,0,26060,0,0,0,0,0,0,0,0,0
2022-04-05,port120,Barranquilla,3,0,57384,0,57384,0,0,0,0,0,0,0,0,0
2022-04-06,port120,Barranquilla,2,1,4273,1428,0,1558,0,2715,0,0,0,0,1428,0
2022-04-07,port120,Barranquilla,2,1,0,32712,0,0,0,0,0,32449,262,0,0,0
2022-04-08,port120,Barranquilla,2,1,8425,0,0,4056,4369,0,0,0,0,0,0,0
2022-04-09,port120,Barranquilla,7,1,16293,7659,15322,971,0,0,0,0,644,3263,3751,0
2022-04-10,port120,Barranquilla,1,0,0,0,0,0,0,0,0,0,0,0,0,0
2022-04-11,port120,Barranquilla,2,0,269,4984,0,0,0,269,0,0,0,4984,0,0
2022-04-12,port120,Barranquilla,5,1,3304,11404,0,0,3304,0,0,0,1435,0,9968,0
2022-04-13,port120,Barranquilla,6,1,41840,4055,24485,971,3412,12971,0,0,644,3410,0,0
2022-04-14,port120,Barranquilla,4,1,1235,10634,0,0,0,1235,0,8840,1691,101,0,0
2022-04-15,port120,Barranquilla,3,1,12022,0,0,2981,2613,6428,0,0,0,0,0,0
2022-04-16,port120,Barranquilla,6,0,55615,14845,55615,0,0,0,0,0,0,14845,0,0
2022-04-17,port120,Barranquilla,2,0,9094,0,0,0,9094,0,0,0,0,0,0,0
2022-04-18,port120,Barranquilla,3,1,1706,57825,0,0,1706,0,0,55370,749,1705,0,0
2022-04-19,port120,Barranquilla,2,1,0,26820,0,0,0,0,0,25744,1075,0,0,0
2022-04-20,port120,Barranquilla,4,1,778,35317,0,778,0,0,0,35317,0,0,0,0
2022-04-21,port120,Barranquilla,0,0,0,0,0,0,0,0,0,0,0,0,0,0
2022-04-22,port120,Barranquilla,5,2,17603,3778,0,2440,1706,13456,0,0,644,1705,1428,0
2022-04-23,port120,Barranquilla,4,1,971,12676,0,971,0,0,0,0,644,4873,7158,0
2022-04-24,port120,Barranquilla,1,1,1385,861,0,1385,0,0,0,0,861,0,0,0
2022-04-25,port120,Barranquilla,4,0,1382,22009,0,0,0,1382,0,22009,0,0,0,0
2022-04-26,port120,Barranquilla,3,1,26377,2467,0,0,0,26377,0,0,2467,0,0,0
2022-04-27,port120,Barranquilla,4,1,65067,0,64677,389,0,0,0,0,0,0,0,0
2022-04-28,port120,Barranquilla,3,1,37692,1690,34977,0,0,2715,0,0,262,0,1428,0
2022-04-29,port120,Barranquilla,1,1,2956,0,0,2956,0,0,0,0,0,0,0,0
2022-04-30,port120,Barranquilla,1,0,1706,1705,0,0,1706,0,0,0,0,1705,0,0
2022-05-01,port120,Barranquilla,2,0,0,23871,0,0,0,0,0,23871,0,0,0,0
2022-05-02,port120,Barranquilla,1,0,0,0,0,0,0,0,0,0,0,0,0,0
2022-05-03,port120,Barranquilla,6,2,36289,17806,30157,0,3416,2715,0,0,1944,0,15861,0
2022-05-04,port120,Barranquilla,3,0,28444,1705,26738,0,1706,0,0,0,0,1705,0,0
2022-05-05,port120,Barranquilla,3,1,0,12487,0,0,0,0,0,8473,389,3624,0,0
2022-05-06,port120,Barranquilla,4,2,4653,25727,0,2820,0,1833,0,25082,644,0,0,0
2022-05-07,port120,Barranquilla,4,1,39340,0,35159,4180,0,0,0,0,0,0,0,0
2022-05-08,port120,Barranquilla,3,1,4380,5143,0,971,0,3409,0,0,644,4499,0,0
2022-05-09,port120,Barranquilla,4,1,37718,2784,18108,0,1706,17903,0,0,1079,1705,0,0
2022-05-10,port120,Barranquilla,1,0,0,0,0,0,0,0,0,0,0,0,0,0
2022-05-11,port120,Barranquilla,3,0,17679,8381,0,0,17679,0,0,0,0,0,8381,0
2022-05-12,port120,Barranquilla,3,1,32075,0,30911,1164,0,0,0,0,0,0,0,0
2022-05-13,port120,Barranquilla,5,2,39213,4088,34926,2581,1706,0,0,0,2383,1705,0,0
2022-05-14,port120,Barranquilla,3,1,3227,2615,1081,0,0,2146,0,0,2615,0,0,0
2022-05-15,port120,Barranquilla,2,0,11097,2261,0,0,0,11097,0,0,0,0,2261,0
2022-05-16,port120,Barranquilla,3,0,40960,0,40960,0,0,0,0,0,0,0,0,0
2022-05-17,port120,Barranquilla,2,1,1665,359,0,0,1665,0,0,0,359,0,0,0
2022-05-18,port120,Barranquilla,4,0,41815,4997,36748,0,5067,0,0,3292,0,1705,0,0
2022-05-19,port120,Barranquilla,3,0,30389,0,30389,0,0,0,0,0,0,0,0,0
2022-05-20,port120,Barranquilla,5,1,31361,2349,27876,971,1706,807,0,0,644,1705,0,0
2022-05-21,port120,Barranquilla,5,4,5333,9129,0,5333,0,0,0,0,4146,4982,0,0
2022-05-22,port120,Barranquilla,3,0,22989,1032,11063,0,0,11926,0,1032,0,0,0,0
2022-05-23,port120,Barranquilla,3,1,1485,2313,0,1485,0,0,0,0,0,0,2313,0
2022-05-24,port120,Barranquilla,2,1,4357,359,0,0,4357,0,0,0,359,0,0,0
2022-05-25,port120,Barranquilla,0,0,0,0,0,0,0,0,0,0,0,0,0,0
2022-05-26,port120,Barranquilla,4,0,2715,25081,0,0,0,2715,0,22123,0,1530,1428,0
2022-05-27,port120,Barranquilla,0,0,0,0,0,0,0,0,0,0,0,0,0,0
2022-05-28,port120,Barranquilla,2,0,0,0,0,0,0,0,0,0,0,0,0,0
2022-05-29,port120,Barranquilla,4,1,25088,2864,25088,0,0,0,0,1619,1245,0,0,0
2022-05-30,port120,Barranquilla,5,1,3818,25905,0,1103,0,2715,0,24477,0,0,1428,0
2022-05-31,port120,Barranquilla,2,1,0,37768,0,0,0,0,0,33868,3900,0,0,0
2022-06-01,port120,Barranquilla,5,0,30706,29440,21210,0,6780,2715,0,28012,0,0,1428,0
2022-06-02,port120,Barranquilla,1,0,0,0,0,0,0,0,0,0,0,0,0,0
2022-06-03,port120,Barranquilla,2,1,720,0,0,720,0,0,0,0,0,0,0,0
2022-06-04,port120,Barranquilla,1,1,971,644,0,971,0,0,0,0,644,0,0,0
2022-06-05,port120,Barranquilla,3,1,19993,30925,17050,2943,0,0,0,30925,0,0,0,0
2022-06-06,port120,Barranquilla,2,0,0,0,0,0,0,0,0,0,0,0,0,0
2022-06-07,port120,Barranquilla,7,2,6192,37813,0,6192,0,0,0,36063,772,977,0,0
2022-06-08,port120,Barranquilla,0,0,0,0,0,0,0,0,0,0,0,0,0,0
2022-06-09,port120,Barranquilla,3,1,0,32136,0,0,0,0,0,29833,2303,0,0,0
2022-06-10,port120,Barranquilla,2,2,6747,0,0,6747,0,0,0,0,0,0,0,0
2022-06-11,port120,Barranquilla,7,1,36426,4484,29841,0,0,6585,0,0,0,4183,300,0
2022-06-12,port120,Barranquilla,2,1,27715,1250,27715,0,0,0,0,0,1250,0,0,0
2022-06-13,port120,Barranquilla,4,1,3020,28780,0,0,3020,0,0,28780,0,0,0,0
2022-06-14,port120,Barranquilla,3,0,31754,0,31754,0,0,0,0,0,0,0,0,0
2022-06-15,port120,Barranquilla,3,0,0,977,0,0,0,0,0,0,0,977,0,0
2022-06-16,port120,Barranquilla,3,1,39818,6107,38846,971,0,0,0,5463,644,0,0,0
2022-06-17,port120,Barranquilla,2,1,1861,6692,0,1861,0,0,0,0,0,6692,0,0
2022-06-18,port120,Barranquilla,6,1,31812,1593,29223,971,0,1617,0,949,644,0,0,0
2022-06-19,port120,Barranquilla,2,1,12015,6628,12015,0,0,0,0,5463,1164,0,0,0
2022-06-20,port120,Barranquilla,5,1,33666,7158,25001,247,8417,0,0,0,0,0,7158,0
2022-06-21,port120,Barranquilla,3,0,10968,1428,0,0,8253,2715,0,0,0,0,1428,0
2022-06-22,port120,Barranquilla,2,0,12651,5463,12015,0,636,0,0,5463,0,0,0,0
2022-06-23,port120,Barranquilla,2,1,971,6308,0,971,0,0,0,5663,644,0,0,0
2022-06-24,port120,Barranquilla,5,2,15810,1428,0,8810,4284,2715,0,0,0,0,1428,0
2022-06-25,port120,Barranquilla,4,1,37333,1994,34232,385,0,2715,0,566,0,0,1428,0
2022-06-26,port120,Barranquilla,1,1,0,2747,0,0,0,0,0,0,2747,0,0,0
2022-06-27,port120,Barranquilla,4,1,823,8439,0,0,823,0,0,0,240,0,8199,0
2022-06-28,port120,Barranquilla,2,2,1703,644,0,1703,0,0,0,0,644,0,0,0
2022-06-29,port120,Barranquilla,4,0,5413,7652,0,0,0,5413,0,0,0,6224,1428,0
2022-06-30,port120,Barranquilla,4,0,3057,10355,0,0,3057,0,0,10355,0,0,0,0
2022-07-01,port120,Barranquilla,3,1,0,10083,0,0,0,0,0,9809,273,0,0,0
2022-07-02,port120,Barranquilla,4,1,57856,28273,56885,971,0,0,0,27628,644,0,0,0
2022-07-03,port120,Barranquilla,2,1,2677,2349,0,971,1706,0,0,0,644,1705,0,0
2022-07-04,port120,Barranquilla,2,1,1706,2065,0,0,1706,0,0,0,360,1705,0,0
2022-07-05,port120,Barranquilla,5,1,11831,23718,9268,770,1792,0,0,23718,0,0,0,0
2022-07-06,port120,Barranquilla,3,0,0,2340,0,0,0,0,0,0,0,2340,0,0
2022-07-07,port120,Barranquilla,4,1,1331,0,0,803,528,0,0,0,0,0,0,0
2022-07-08,port120,Barranquilla,3,1,3520,3126,917,2603,0,0,0,0,0,3126,0,0
2022-07-09,port120,Barranquilla,3,1,7544,1428,0,4829,0,2715,0,0,0,0,1428,0
2022-07-10,port120,Barranquilla,3,2,971,4075,0,971,0,0,0,0,1891,0,2183,0
2022-07-11,port120,Barranquilla,4,0,20987,5463,12015,0,8972,0,0,5463,0,0,0,0
2022-07-12,port120,Barranquilla,1,1,0,3182,0,0,0,0,0,0,3182,0,0,0
2022-07-13,port120,Barranquilla,1,0,1184,0,0,0,0,1184,0,0,0,0,0,0
2022-07-14,port120,Barranquilla,4,0,9030,5149,0,0,0,9030,0,0,0,5149,0,0
2022-07-15,port120,Barranquilla,6,2,1022,1362,0,743,0,279,0,0,0,1362,0,0
2022-07-16,port120,Barranquilla,2,0,5504,1705,0,0,5504,0,0,0,0,1705,0,0
2022-07-17,port120,Barranquilla,2,2,0,1698,0,0,0,0,0,0,1698,0,0,0
2022-07-18,port120,Barranquilla,3,1,1795,13751,0,1795,0,0,0,0,0,0,13751,0
2022-07-19,port120,Barranquilla,6,0,71060,7643,69353,0,1706,0,0,5938,0,1705,0,0
2022-07-20,port120,Barranquilla,2,1,0,5025,0,0,0,0,0,0,2709,0,2315,0
2022-07-21,port120,Barranquilla,2,0,12022,0,0,0,2511,9511,0,0,0,0,0,0
2022-07-22,port120,Barranquilla,2,1,1120,25480,0,1120,0,0,0,25480,0,0,0,0
2022-07-23,port120,Barranquilla,3,1,1426,0,0,499,0,927,0,0,0,0,0,0
2022-07-24,port120,Barranquilla,1,0,0,897,0,0,0,0,0,897,0,0,0,0
2022-07-25,port120,Barranquilla,4,2,8639,1723,8639,0,0,0,0,0,1723,0,0,0
2022-07-26,port120,Barranquilla,3,0,4366,28452,4366,0,0,0,0,25617,0,0,2835,0
2022-07-27,port120,Barranquilla,1,1,971,644,0,971,0,0,0,0,644,0,0,0
2022-07-28,port120,Barranquilla,5,2,31243,805,28545,0,0,2698,0,0,805,0,0,0
2022-07-29,port120,Barranquilla,5,1,28124,17073,22428,2981,0,2715,0,12875,0,2770,1428,0
2022-07-30,port120,Barranquilla,2,1,0,4291,0,0,0,0,0,0,4291,0,0,0
2022-07-31,port120,Barranquilla,3,0,48905,23568,48905,0,0,0,0,23568,0,0,0,0
2022-08-01,port120,Barranquilla,4,2,818,0,0,497,320,0,0,0,0,0,0,0
2022-08-02,port120,Barranquilla,2,1,0,26381,0,0,0,0,0,23357,3024,0,0,0
2022-08-03,port120,Barranquilla,2,0,1622,3606,0,0,0,1622,0,0,0,3606,0,0
2022-08-04,port120,Barranquilla,0,0,0,0,0,0,0,0,0,0,0,0,0,0
2022-08-05,port120,Barranquilla,2,1,3457,1428,0,742,0,2715,0,0,0,0,1428,0
2022-08-06,port120,Barranquilla,2,1,1134,644,0,971,163,0,0,0,644,0,0,0
2022-08-07,port120,Barranquilla,2,1,0,1752,0,0,0,0,0,0,1752,0,0,0
2022-08-08,port120,Barranquilla,3,0,14579,2692,0,0,2943,11635,0,0,0,2692,0,0
2022-08-09,port120,Barranquilla,5,1,8108,30880,1906,716,5485,0,0,30880,0,0,0,0
2022-08-10,port120,Barranquilla,5,1,26822,644,25851,971,0,0,0,0,644,0,0,0
2022-08-11,port120,Barranquilla,2,1,3024,0,0,3024,0,0,0,0,0,0,0,0
2022-08-12,port120,Barranquilla,5,2,9886,1667,0,2585,325,6975,0,0,1667,0,0,0
2022-08-13,port120,Barranquilla,3,1,4357,1309,4357,0,0,0,0,0,1309,0,0,0
2022-08-14,port120,Barranquilla,3,1,29807,1080,29807,0,0,0,0,0,1080,0,0,0
2022-08-15,port120,Barranquilla,3,0,0,14862,0,0,0,0,0,14025,0,837,0,0
2022-08-16,port120,Barranquilla,4,1,33036,10087,30256,1074,1706,0,0,0,0,1705,8381,0
2022-08-17,port120,Barranquilla,3,0,2968,0,2378,0,589,0,0,0,0,0,0,0
2022-08-18,port120,Barranquilla,5,1,1915,30976,1646,268,0,0,0,30976,0,0,0,0
2022-08-19,port120,Barranquilla,1,1,3721,0,0,3721,0,0,0,0,0,0,0,0
2022-08-20,port120,Barranquilla,3,1,34158,0,28156,992,5008,0,0,0,0,0,0,0
2022-08-21,port120,Barranquilla,2,1,23274,0,22888,386,0,0,0,0,0,0,0,0
2022-08-22,port120,Barranquilla,4,0,2715,9590,0,0,0,2715,0,0,0,8162,1428,0
2022-08-23,port120,Barranquilla,4,3,5243,2824,0,1027,4216,0,0,0,2824,0,0,0
2022-08-24,port120,Barranquilla,3,0,0,0,0,0,0,0,0,0,0,0,0,0
2022-08-25,port120,Barranquilla,2,1,971,11749,0,971,0,0,0,0,644,11105,0,0
2022-08-26,port120,Barranquilla,5,1,1109,44107,0,1109,0,0,0,44107,0,0,0,0
2022-08-27,port120,Barranquilla,2,0,12015,5463,12015,0,0,0,0,5463,0,0,0,0
2022-08-28,port120,Barranquilla,3,1,12015,6285,12015,0,0,0,0,5463,822,0,0,0
2022-08-29,port120,Barranquilla,0,0,0,0,0,0,0,0,0,0,0,0,0,0
2022-08-30,port120,Barranquilla,3,1,4704,0,0,0,4704,0,0,0,0,0,0,0
2022-08-31,port120,Barranquilla,4,1,29884,24934,27578,2305,0,0,0,24934,0,0,0,0
2022-09-01,port120,Barranquilla,4,1,12968,11143,12015,0,953,0,0,10615,527,0,0,0
2022-09-02,port120,Barranquilla,4,1,18879,37898,12015,0,0,6863,0,37523,374,0,0,0
2022-09-03,port120,Barranquilla,5,0,23448,65246,21742,0,1706,0,0,63541,0,1705,0,0
2022-09-04,port120,Barranquilla,0,0,0,0,0,0,0,0,0,0,0,0,0,0
2022-09-05,port120,Barranquilla,2,1,26785,1988,26785,0,0,0,0,0,1988,0,0,0
2022-09-06,port120,Barranquilla,5,2,29355,1289,22640,1942,4772,0,0,0,1289,0,0,0
2022-09-07,port120,Barranquilla,1,0,417,0,0,0,417,0,0,0,0,0,0,0
2022-09-08,port120,Barranquilla,0,0,0,0,0,0,0,0,0,0,0,0,0,0
2022-09-09,port120,Barranquilla,4,1,7237,10358,0,2984,4253,0,0,0,0,10358,0,0
2022-09-10,port120,Barranquilla,3,0,31695,1705,24072,0,7622,0,0,0,0,1705,0,0
2022-09-11,port120,Barranquilla,2,1,0,3375,0,0,0,0,0,0,540,0,2835,0
2022-09-12,port120,Barranquilla,2,0,3905,0,0,0,3905,0,0,0,0,0,0,0
2022-09-13,port120,Barranquilla,2,1,31086,0,30698,387,0,0,0,0,0,0,0,0
2022-09-14,port120,Barranquilla,1,0,22356,0,22356,0,0,0,0,0,0,0,0,0
2022-09-15,port120,Barranquilla,5,1,16897,7168,12015,1290,1706,1885,0,5463,0,1705,0,0
2022-09-16,port120,Barranquilla,4,1,42196,0,30056,4459,7680,0,0,0,0,0,0,0
2022-09-17,port120,Barranquilla,3,1,62451,644,61480,971,0,0,0,0,644,0,0,0
2022-09-18,port120,Barranquilla,2,0,0,838,0,0,0,0,0,0,0,838,0,0
2022-09-19,port120,Barranquilla,0,0,0,0,0,0,0,0,0,0,0,0,0,0
2022-09-20,port120,Barranquilla,5,2,37211,21351,30981,5394,836,0,0,21351,0,0,0,0
2022-09-21,port120,Barranquilla,2,0,0,7677,0,0,0,0,0,0,0,7677,0,0
2022-09-22,port120,Barranquilla,3,0,33598,0,33598,0,0,0,0,0,0,0,0,0
2022-09-23,port120,Barranquilla,3,1,12015,33351,12015,0,0,0,0,33351,0,0,0,0
2022-09-24,port120,Barranquilla,6,0,13853,7533,10300,0,3553,0,0,0,0,7533,0,0
2022-09-25,port120,Barranquilla,4,1,9315,2996,7166,0,1611,538,0,0,2996,0,0,0
2022-09-26,port120,Barranquilla,8,0,38756,11275,35379,0,662,2715,0,0,0,9847,1428,0
2022-09-27,port120,Barranquilla,2,1,3753,0,0,777,2975,0,0,0,0,0,0,0
2022-09-28,port120,Barranquilla,3,1,6753,1084,5358,0,0,1394,0,0,1084,0,0,0
2022-09-29,port120,Barranquilla,2,1,270,0,0,270,0,0,0,0,0,0,0,0
2022-09-30,port120,Barranquilla,3,1,3449,0,0,2800,648,0,0,0,0,0,0,0
2022-10-01,port120,Barranquilla,2,0,209,0,0,0,209,0,0,0,0,0,0,0
2022-10-02,port120,Barranquilla,6,1,16480,35171,16480,0,0,0,0,24828,2569,7773,0,0
2022-10-03,port120,Barranquilla,2,0,6594,0,6214,0,380,0,0,0,0,0,0,0
2022-10-04,port120,Barranquilla,3,2,388,2824,0,388,0,0,0,0,2824,0,0,0
2022-10-05,port120,Barranquilla,1,0,3263,0,0,0,3263,0,0,0,0,0,0,0
2022-10-06,port120,Barranquilla,3,1,6172,256,0,0,0,6172,0,0,256,0,0,0
2022-10-07,port120,Barranquilla,3,1,971,34216,0,971,0,0,0,33572,644,0,0,0
2022-10-08,port120,Barranquilla,2,1,0,4165,0,0,0,0,0,0,2169,0,1996,0
2022-10-09,port120,Barranquilla,2,0,30978,209,30978,0,0,0,0,0,0,209,0,0
2022-10-10,port120,Barranquilla,5,1,48157,5463,43088,5069,0,0,0,5463,0,0,0,0
2022-10-11,port120,Barranquilla,3,1,26328,0,22317,773,3237,0,0,0,0,0,0,0
2022-10-12,port120,Barranquilla,3,0,22008,1428,19293,0,0,2715,0,0,0,0,1428,0
2022-10-13,port120,Barranquilla,2,0,7274,2345,0,0,7274,0,0,0,0,2345,0,0
2022-10-14,port120,Barranquilla,5,1,3945,22256,0,2238,1706,0,0,19736,0,1705,815,0
2022-10-15,port120,Barranquilla,1,0,2420,0,0,0,0,2420,0,0,0,0,0,0
2022-10-16,port120,Barranquilla,3,1,3411,1705,0,1495,1915,0,0,0,0,1705,0,0
2022-10-17,port120,Barranquilla,4,1,33615,7341,33615,0,0,0,0,0,0,699,6641,0
2022-10-18,port120,Barranquilla,4,1,2719,35201,0,0,2719,0,0,32717,778,1705,0,0
2022-10-19,port120,Barranquilla,2,0,3244,27473,0,0,0,3244,0,27473,0,0,0,0
2022-10-20,port120,Barranquilla,2,0,35568,1910,32214,0,0,3354,0,0,0,0,1910,0
2022-10-21,port120,Barranquilla,6,1,28673,0,0,2969,6729,18974,0,0,0,0,0,0
2022-10-22,port120,Barranquilla,0,0,0,0,0,0,0,0,0,0,0,0,0,0
2022-10-23,port120,Barranquilla,4,1,25650,14553,23944,0,1706,0,0,0,1633,1705,11215,0
2022-10-24,port120,Barranquilla,3,0,0,54882,0,0,0,0,0,54882,0,0,0,0
2022-10-25,port120,Barranquilla,4,1,23338,644,22367,971,0,0,0,0,644,0,0,0
2022-10-26,port120,Barranquilla,1,0,0,6889,0,0,0,0,0,0,0,0,6889,0
2022-10-27,port120,Barranquilla,5,1,100840,644,85780,971,0,14088,0,0,644,0,0,0
2022-10-28,port120,Barranquilla,2,1,5195,0,0,5195,0,0,0,0,0,0,0,0
2022-10-29,port120,Barranquilla,2,1,0,2712,0,0,0,0,0,0,2075,637,0,0
2022-10-30,port120,Barranquilla,2,0,418,0,0,0,418,0,0,0,0,0,0,0
2022-10-31,port120,Barranquilla,3,0,31725,24652,29125,0,0,2599,0,24652,0,0,0,0
2022-11-01,port120,Barranquilla,3,2,390,8853,0,390,0,0,0,0,1271,7582,0,0
2022-11-02,port120,Barranquilla,4,0,5430,28048,0,0,2906,2524,0,28048,0,0,0,0
2022-11-03,port120,Barranquilla,2,1,971,23750,0,971,0,0,0,23106,644,0,0,0
2022-11-04,port120,Barranquilla,2,1,14891,0,0,2226,0,12665,0,0,0,0,0,0
2022-11-05,port120,Barranquilla,0,0,0,0,0,0,0,0,0,0,0,0,0,0
2022-11-06,port120,Barranquilla,3,1,419,1087,0,0,419,0,0,0,1087,0,0,0
2022-11-07,port120,Barranquilla,1,1,971,644,0,971,0,0,0,0,644,0,0,0
2022-11-08,port120,Barranquilla,4,1,0,40203,0,0,0,0,0,33409,1928,0,4865,0
2022-11-09,port120,Barranquilla,3,0,4000,1643,1561,0,2439,0,0,1643,0,0,0,0
2022-11-10,port120,Barranquilla,2,0,0,164,0,0,0,0,0,0,0,164,0,0
2022-11-11,port120,Barranquilla,5,1,5457,1428,0,368,2374,2715,0,0,0,0,1428,0
2022-11-12,port120,Barranquilla,2,0,0,2340,0,0,0,0,0,0,0,2340,0,0
2022-11-13,port120,Barranquilla,1,1,0,749,0,0,0,0,0,0,749,0,0,0
2022-11-14,port120,Barranquilla,5,0,10733,1705,0,0,10733,0,0,0,0,1705,0,0
2022-11-15,port120,Barranquilla,4,2,4982,644,0,1751,0,3231,0,0,644,0,0,0
2022-11-16,port120,Barranquilla,0,0,0,0,0,0,0,0,0,0,0,0,0,0
2022-11-17,port120,Barranquilla,4,1,971,34023,0,971,0,0,0,21874,644,0,11504,0
2022-11-18,port120,Barranquilla,2,1,0,3446,0,0,0,0,0,0,1106,2340,0,0
2022-11-19,port120,Barranquilla,2,1,0,1909,0,0,0,0,0,0,1909,0,0,0
2022-11-20,port120,Barranquilla,3,1,31254,33803,29869,1385,0,0,0,32942,861,0,0,0
2022-11-21,port120,Barranquilla,3,1,4736,3133,0,315,1706,2715,0,0,0,1705,1428,0
2022-11-22,port120,Barranquilla,3,1,36452,2315,36452,0,0,0,0,0,2315,0,0,0
2022-11-23,port120,Barranquilla,1,0,32993,0,32993,0,0,0,0,0,0,0,0,0
2022-11-24,port120,Barranquilla,5,1,25094,27687,25094,0,0,0,0,26876,811,0,0,0
2022-11-25,port120,Barranquilla,1,1,971,644,0,971,0,0,0,0,644,0,0,0
2022-11-26,port120,Barranquilla,2,0,1706,1705,0,0,1706,0,0,0,0,1705,0,0
2022-11-27,port120,Barranquilla,2,1,0,7691,0,0,0,0,0,4379,3312,0,0,0
2022-11-28,port120,Barranquilla,5,1,42366,853,36413,971,0,4981,0,0,644,208,0,0
2022-11-29,port120,Barranquilla,5,1,57621,32667,57621,0,0,0,0,24942,780,0,6944,0
2022-11-30,port120,Barranquilla,1,0,0,0,0,0,0,0,0,0,0,0,0,0
2022-12-01,port120,Barranquilla,5,1,41857,28915,30977,771,10108,0,0,28915,0,0,0,0
2022-12-02,port120,Barranquilla,4,0,14399,1117,14399,0,0,0,0,0,0,1117,0,0
2022-12-03,port120,Barranquilla,4,1,13690,0,12879,810,0,0,0,0,0,0,0,0
2022-12-04,port120,Barranquilla,3,0,0,32656,0,0,0,0,0,30207,0,2448,0,0
2022-12-05,port120,Barranquilla,3,1,3429,1705,0,1723,1706,0,0,0,0,1705,0,0
2022-12-06,port120,Barranquilla,3,2,0,11660,0,0,0,0,0,10574,1086,0,0,0
2022-12-07,port120,Barranquilla,1,0,0,0,0,0,0,0,0,0,0,0,0,0
2022-12-08,port120,Barranquilla,1,1,971,644,0,971,0,0,0,0,644,0,0,0
2022-12-09,port120,Barranquilla,1,1,1851,0,0,1851,0,0,0,0,0,0,0,0
2022-12-10,port120,Barranquilla,1,0,0,23727,0,0,0,0,0,23727,0,0,0,0
2022-12-11,port120,Barranquilla,2,0,9511,0,0,0,0,9511,0,0,0,0,0,0
2022-12-12,port120,Barranquilla,5,1,37925,644,28591,971,8362,0,0,0,644,0,0,0
2022-12-13,port120,Barranquilla,2,2,971,1594,0,971,0,0,0,0,1594,0,0,0
2022-12-14,port120,Barranquilla,1,0,0,28318,0,0,0,0,0,28318,0,0,0,0
2022-12-15,port120,Barranquilla,3,1,971,40459,0,971,0,0,0,39814,644,0,0,0
2022-12-16,port120,Barranquilla,2,1,6520,1705,0,4814,1706,0,0,0,0,1705,0,0
2022-12-17,port120,Barranquilla,1,0,29236,0,29236,0,0,0,0,0,0,0,0,0
2022-12-18,port120,Barranquilla,2,0,0,6528,0,0,0,0,0,0,0,0,6528,0
2022-12-19,port120,Barranquilla,5,1,3412,5043,0,0,3412,0,0,0,1633,3410,0,0
2022-12-20,port120,Barranquilla,4,2,22928,12575,22928,0,0,0,0,0,2476,0,10098,0
2022-12-21,port120,Barranquilla,0,0,0,0,0,0,0,0,0,0,0,0,0,0
2022-12-22,port120,Barranquilla,0,0,0,0,0,0,0,0,0,0,0,0,0,0
2022-12-23,port120,Barranquilla,4,1,32403,0,27209,3323,1869,0,0,0,0,0,0,0
2022-12-24,port120,Barranquilla,3,0,1895,19476,0,0,0,1895,0,19476,0,0,0,0
2022-12-25,port120,Barranquilla,4,0,2827,13225,0,0,2827,0,0,0,0,13225,0,0
2022-12-26,port120,Barranquilla,3,0,5080,3860,0,0,5080,0,0,0,0,3860,0,0
2022-12-27,port120,Barranquilla,5,2,63607,5580,31770,971,0,30866,0,0,1589,3990,0,0
2022-12-28,port120,Barranquilla,1,1,0,1002,0,0,0,0,0,0,1002,0,0,0
2022-12-29,port120,Barranquilla,4,1,63568,644,55733,971,0,6863,0,0,644,0,0,0
2022-12-30,port120,Barranquilla,3,1,22914,644,21943,971,0,0,0,0,644,0,0,0
2022-12-31,port120,Barranquilla,3,0,58910,1428,56195,0,0,2715,0,0,0,0,1428,0
2023-01-01,port120,Barranquilla,3,0,0,3695,0,0,0,0,0,1246,0,2448,0,0
2023-01-02,port120,Barranquilla,5,2,60513,6201,58445,2068,0,0,0,6201,0,0,0,0
2023-01-03,port120,Barranquilla,2,1,771,0,0,771,0,0,0,0,0,0,0,0
2023-01-04,port120,Barranquilla,3,0,23947,40415,23947,0,0,0,0,40415,0,0,0,0
2023-01-05,port120,Barranquilla,2,1,530,0,0,530,0,0,0,0,0,0,0,0
2023-01-06,port120,Barranquilla,4,1,1109,24230,0,1109,0,0,0,20899,0,3330,0,0
2023-01-07,port120,Barranquilla,1,0,1551,0,0,0,0,1551,0,0,0,0,0,0
2023-01-08,port120,Barranquilla,4,1,997,2340,0,997,0,0,0,0,0,2340,0,0
2023-01-09,port120,Barranquilla,1,0,1902,0,1902,0,0,0,0,0,0,0,0,0
2023-01-10,port120,Barranquilla,6,2,11169,0,0,3510,0,7659,0,0,0,0,0,0
2023-01-11,port120,Barranquilla,3,0,24312,27511,24312,0,0,0,0,27511,0,0,0,0
2023-01-12,port120,Barranquilla,4,1,1706,45960,0,0,1706,0,0,43999,255,1705,0,0
2023-01-13,port120,Barranquilla,4,1,4224,269,0,2712,1512,0,0,0,0,0,269,0
2023-01-14,port120,Barranquilla,2,0,1706,1705,0,0,1706,0,0,0,0,1705,0,0
2023-01-15,port120,Barranquilla,3,0,24969,29730,24969,0,0,0,0,29730,0,0,0,0
2023-01-16,port120,Barranquilla,1,1,971,644,0,971,0,0,0,0,644,0,0,0
2023-01-17,port120,Barranquilla,2,1,2715,1813,0,0,0,2715,0,0,385,0,1428,0
2023-01-18,port120,Barranquilla,3,0,22582,7738,22582,0,0,0,0,5463,0,0,2275,0
2023-01-19,port120,Barranquilla,1,1,971,644,0,971,0,0,0,0,644,0,0,0
2023-01-20,port120,Barranquilla,4,1,0,6478,0,0,0,0,0,0,369,6108,0,0
2023-01-21,port120,Barranquilla,3,1,0,1478,0,0,0,0,0,0,995,483,0,0
2023-01-22,port120,Barranquilla,2,0,1706,1705,0,0,1706,0,0,0,0,1705,0,0
2023-01-23,port120,Barranquilla,1,0,0,0,0,0,0,0,0,0,0,0,0,0
2023-01-24,port120,Barranquilla,4,2,11098,644,8964,2133,0,0,0,0,644,0,0,0
2023-01-25,port120,Barranquilla,2,0,0,36966,0,0,0,0,0,36966,0,0,0,0
2023-01-26,port120,Barranquilla,1,1,971,644,0,971,0,0,0,0,644,0,0,0
2023-01-27,port120,Barranquilla,7,1,34705,23735,31897,1101,1706,0,0,22030,0,1705,0,0
2023-01-28,port120,Barranquilla,1,0,13338,0,13338,0,0,0,0,0,0,0,0,0
2023-01-29,port120,Barranquilla,3,0,4564,0,0,0,4564,0,0,0,0,0,0,0
2023-01-30,port120,Barranquilla,1,0,0,0,0,0,0,0,0,0,0,0,0,0
2023-01-31,port120,Barranquilla,6,2,104542,14918,102937,1604,0,0,0,0,644,0,14273,0
2023-02-01,port120,Barranquilla,3,0,23236,4746,23236,0,0,0,0,0,0,4746,0,0
2023-02-02,port120,Barranquilla,4,1,32849,7151,32849,0,0,0,0,2376,510,0,4264,0
2023-02-03,port120,Barranquilla,3,1,971,31063,0,971,0,0,0,30419,644,0,0,0
2023-02-04,port120,Barranquilla,2,1,6803,1247,0,0,6803,0,0,0,1247,0,0,0
2023-02-05,port120,Barranquilla,1,0,3386,0,0,0,3386,0,0,0,0,0,0,0
2023-02-06,port120,Barranquilla,4,0,30334,21123,30334,0,0,0,0,0,0,10188,10935,0
2023-02-07,port120,Barranquilla,1,1,971,644,0,971,0,0,0,0,644,0,0,0
2023-02-08,port120,Barranquilla,0,0,0,0,0,0,0,0,0,0,0,0,0,0
2023-02-09,port120,Barranquilla,2,1,0,722,0,0,0,0,0,0,722,0,0,0
2023-02-10,port120,Barranquilla,5,1,25159,10108,24418,741,0,0,0,0,0,0,10108,0
2023-02-11,port120,Barranquilla,5,0,71417,34551,71417,0,0,0,0,34551,0,0,0,0
2023-02-12,port120,Barranquilla,3,0,41959,0,36197,0,5761,0,0,0,0,0,0,0
2023-02-13,port120,Barranquilla,2,0,2965,0,0,0,0,2965,0,0,0,0,0,0
2023-02-14,port120,Barranquilla,2,2,2249,1165,0,2249,0,0,0,0,1165,0,0,0
2023-02-15,port120,Barranquilla,1,0,0,0,0,0,0,0,0,0,0,0,0,0
2023-02-16,port120,Barranquilla,2,1,0,799,0,0,0,0,0,0,799,0,0,0
2023-02-17,port120,Barranquilla,4,0,54955,4605,51600,0,0,3354,0,0,0,0,4605,0
2023-02-18,port120,Barranquilla,3,0,18764,0,18764,0,0,0,0,0,0,0,0,0
2023-02-19,port120,Barranquilla,2,1,6620,2569,0,0,0,6620,0,0,2569,0,0,0
2023-02-20,port120,Barranquilla,2,1,318,0,0,318,0,0,0,0,0,0,0,0
2023-02-21,port120,Barranquilla,4,1,76857,14447,74917,1940,0,0,0,0,0,14447,0,0
2023-02-22,port120,Barranquilla,2,0,0,1426,0,0,0,0,0,0,0,0,1426,0
2023-02-23,port120,Barranquilla,3,1,25740,255,24764,0,976,0,0,0,255,0,0,0
2023-02-24,port120,Barranquilla,3,1,30106,0,28604,1501,0,0,0,0,0,0,0,0
2023-02-25,port120,Barranquilla,4,0,5086,72430,814,0,0,4271,0,72430,0,0,0,0
2023-02-26,port120,Barranquilla,3,1,1539,35908,0,0,0,1539,0,34598,1309,0,0,0
2023-02-27,port120,Barranquilla,2,0,0,190,0,0,0,0,0,0,0,190,0,0
2023-02-28,port120,Barranquilla,3,1,0,30364,0,0,0,0,0,29318,388,657,0,0
2023-03-01,port120,Barranquilla,1,0,0,0,0,0,0,0,0,0,0,0,0,0
2023-03-02,port120,Barranquilla,4,1,35456,35335,35456,0,0,0,0,34621,713,0,0,0
2023-03-03,port120,Barranquilla,4,1,33810,0,29243,370,4197,0,0,0,0,0,0,0
2023-03-04,port120,Barranquilla,3,1,2061,28648,0,0,0,2061,0,24091,4557,0,0,0
2023-03-05,port120,Barranquilla,1,0,0,0,0,0,0,0,0,0,0,0,0,0
2023-03-06,port120,Barranquilla,5,1,15451,9172,12015,721,0,2715,0,5463,0,0,3708,0
2023-03-07,port120,Barranquilla,4,1,15505,43191,12015,774,0,2715,0,41762,0,0,1428,0
2023-03-08,port120,Barranquilla,2,0,2736,35826,2736,0,0,0,0,35826,0,0,0,0
2023-03-09,port120,Barranquilla,3,1,62713,267,62713,0,0,0,0,0,267,0,0,0
2023-03-10,port120,Barranquilla,3,1,30182,1705,27369,1106,1706,0,0,0,0,1705,0,0
2023-03-11,port120,Barranquilla,1,0,3265,0,3265,0,0,0,0,0,0,0,0,0
2023-03-12,port120,Barranquilla,1,0,0,0,0,0,0,0,0,0,0,0,0,0
2023-03-13,port120,Barranquilla,2,0,2712,31069,0,0,2712,0,0,31069,0,0,0,0
2023-03-14,port120,Barranquilla,3,2,971,1807,0,971,0,0,0,0,1807,0,0,0
2023-03-15,port120,Barranquilla,0,0,0,0,0,0,0,0,0,0,0,0,0,0
2023-03-16,port120,Barranquilla,4,1,1084,3778,0,253,831,0,0,0,0,3778,0,0
2023-03-17,port120,Barranquilla,5,1,61378,14838,60272,1106,0,0,0,0,0,2231,12607,0
2023-03-18,port120,Barranquilla,5,1,18233,38246,12932,0,5301,0,0,36245,2001,0,0,0
2023-03-19,port120,Barranquilla,3,0,36502,8158,28194,0,8308,0,0,0,0,0,8158,0
2023-03-20,port120,Barranquilla,3,1,11504,8782,0,0,0,11504,0,0,2604,6177,0,0
2023-03-21,port120,Barranquilla,4,1,26998,644,26027,971,0,0,0,0,644,0,0,0
2023-03-22,port120,Barranquilla,1,0,0,0,0,0,0,0,0,0,0,0,0,0
2023-03-23,port120,Barranquilla,6,1,1614,35101,0,0,0,1614,0,31901,968,2231,0,0
2023-03-24,port120,Barranquilla,3,1,2171,0,0,1469,702,0,0,0,0,0,0,0
2023-03-25,port120,Barranquilla,5,0,40166,55319,37451,0,0,2715,0,48121,0,5769,1428,0
2023-03-26,port120,Barranquilla,1,0,0,637,0,0,0,0,0,0,0,637,0,0
2023-03-27,port120,Barranquilla,1,1,0,0,0,0,0,0,0,0,0,0,0,0
2023-03-28,port120,Barranquilla,4,1,14106,44215,12015,385,1706,0,0,42510,0,1705,0,0
2023-03-29,port120,Barranquilla,2,0,0,10240,0,0,0,0,0,0,0,10240,0,0
2023-03-30,port120,Barranquilla,3,2,15847,6107,12015,3832,0,0,0,5463,644,0,0,0
2023-03-31,port120,Barranquilla,4,0,23337,0,23337,0,0,0,0,0,0,0,0,0
2023-04-01,port120,Barranquilla,1,1,737,0,0,737,0,0,0,0,0,0,0,0
2023-04-02,port120,Barranquilla,4,1,10352,33768,10352,0,0,0,0,28374,1003,0,4391,0
2023-04-03,port120,Barranquilla,4,2,2413,24659,0,2413,0,0,0,24014,644,0,0,0
2023-04-04,port120,Barranquilla,3,1,971,1483,0,971,0,0,0,0,644,838,0,0
2023-04-05,port120,Barranquilla,1,0,0,0,0,0,0,0,0,0,0,0,0,0
2023-04-06,port120,Barranquilla,7,1,42756,33010,31989,0,1706,9061,0,27268,256,1705,3780,0
2023-04-07,port120,Barranquilla,3,0,56633,28202,56633,0,0,0,0,28202,0,0,0,0
2023-04-08,port120,Barranquilla,2,2,734,1084,0,734,0,0,0,0,1084,0,0,0
2023-04-09,port120,Barranquilla,4,0,42667,1705,40961,0,1706,0,0,0,0,1705,0,0
2023-04-10,port120,Barranquilla,3,0,0,9718,0,0,0,0,0,7486,0,2231,0,0
2023-04-11,port120,Barranquilla,4,2,0,3236,0,0,0,0,0,0,2990,0,246,0
2023-04-12,port120,Barranquilla,2,0,0,0,0,0,0,0,0,0,0,0,0,0
2023-04-13,port120,Barranquilla,1,1,971,644,0,971,0,0,0,0,644,0,0,0
2023-04-14,port120,Barranquilla,5,2,41039,9315,39454,1585,0,0,0,0,742,0,8572,0
2023-04-15,port120,Barranquilla,2,0,64080,0,64080,0,0,0,0,0,0,0,0,0
2023-04-16,port120,Barranquilla,7,1,19950,6412,15859,0,2552,1539,0,0,4707,1705,0,0
2023-04-17,port120,Barranquilla,4,1,15125,0,0,4406,0,10719,0,0,0,0,0,0
2023-04-18,port120,Barranquilla,2,1,0,388,0,0,0,0,0,0,388,0,0,0
2023-04-19,port120,Barranquilla,2,0,27621,0,25886,0,1734,0,0,0,0,0,0,0
2023-04-20,port120,Barranquilla,3,1,41418,2349,38741,971,1706,0,0,0,644,1705,0,0
2023-04-21,port120,Barranquilla,2,1,0,1857,0,0,0,0,0,0,1857,0,0,0
2023-04-22,port120,Barranquilla,2,0,29764,2313,29764,0,0,0,0,0,0,0,2313,0
2023-04-23,port120,Barranquilla,3,1,32082,251,32082,0,0,0,0,0,251,0,0,0
2023-04-24,port120,Barranquilla,2,1,685,0,0,358,326,0,0,0,0,0,0,0
2023-04-25,port120,Barranquilla,3,0,17402,27186,0,0,8826,8576,0,27186,0,0,0,0
2023-04-26,port120,Barranquilla,3,1,4795,1791,3824,971,0,0,0,0,644,0,1146,0
2023-04-27,port120,Barranquilla,4,1,51414,4584,51414,0,0,0,0,0,4584,0,0,0
2023-04-28,port120,Barranquilla,2,1,0,40935,0,0,0,0,0,39816,1118,0,0,0
2023-04-29,port120,Barranquilla,3,0,40190,38315,40190,0,0,0,0,38315,0,0,0,0
2023-04-30,port120,Barranquilla,4,1,42665,4943,29871,0,12793,0,0,0,2074,2869,0,0
2023-05-01,port120,Barranquilla,3,1,3323,0,0,3323,0,0,0,0,0,0,0,0
2023-05-02,port120,Barranquilla,3,1,12692,24507,0,0,0,12692,0,24118,389,0,0,0
2023-05-03,port120,Barranquilla,3,0,0,0,0,0,0,0,0,0,0,0,0,0
2023-05-04,port120,Barranquilla,3,1,21995,2506,21995,0,0,0,0,0,963,1542,0,0
2023-05-05,port120,Barranquilla,3,1,971,38972,0,971,0,0,0,35726,644,0,2601,0
2023-05-06,port120,Barranquilla,2,0,9564,4195,9564,0,0,0,0,0,0,0,4195,0
2023-05-07,port120,Barranquilla,2,1,11564,2618,0,0,0,11564,0,0,2618,0,0,0
2023-05-08,port120,Barranquilla,3,1,29205,0,29205,0,0,0,0,0,0,0,0,0
2023-05-09,port120,Barranquilla,3,1,2715,22843,0,0,0,2715,0,21029,385,0,1428,0
2023-05-10,port120,Barranquilla,1,0,30205,0,30205,0,0,0,0,0,0,0,0,0
2023-05-11,port120,Barranquilla,1,1,269,0,0,269,0,0,0,0,0,0,0,0
2023-05-12,port120,Barranquilla,3,1,11670,5554,0,0,0,11670,0,0,5554,0,0,0
2023-05-13,port120,Barranquilla,1,0,3867,0,3867,0,0,0,0,0,0,0,0,0
2023-05-14,port120,Barranquilla,2,1,0,2874,0,0,0,0,0,0,248,0,2625,0
2023-05-15,port120,Barranquilla,4,1,0,8231,0,0,0,0,0,0,3683,3928,618,0
2023-05-16,port120,Barranquilla,6,1,44012,58742,41144,1161,1706,0,0,57037,0,1705,0,0
2023-05-17,port120,Barranquilla,0,0,0,0,0,0,0,0,0,0,0,0,0,0
2023-05-18,port120,Barranquilla,4,1,22213,1269,11365,0,10848,0,0,0,1269,0,0,0
2023-05-19,port120,Barranquilla,5,1,4308,6975,0,0,0,4308,0,0,4550,2425,0,0
2023-05-20,port120,Barranquilla,4,1,48862,5570,36456,0,12406,0,0,0,1482,4087,0,0
2023-05-21,port120,Barranquilla,1,0,0,0,0,0,0,0,0,0,0,0,0,0
2023-05-22,port120,Barranquilla,3,1,2246,25418,0,2246,0,0,0,24899,0,0,519,0
2023-05-23,port120,Barranquilla,4,1,0,12047,0,0,0,0,0,10886,1161,0,0,0
2023-05-24,port120,Barranquilla,4,0,0,24918,0,0,0,0,0,0,0,17120,7797,0
2023-05-25,port120,Barranquilla,2,1,24843,1198,24843,0,0,0,0,0,1198,0,0,0
2023-05-26,port120,Barranquilla,2,1,0,4418,0,0,0,0,0,0,2577,1840,0,0
2023-05-27,port120,Barranquilla,1,1,0,746,0,0,0,0,0,0,746,0,0,0
2023-05-28,port120,Barranquilla,3,0,9246,269,9083,0,163,0,0,0,0,0,269,0
2023-05-29,port120,Barranquilla,1,1,0,0,0,0,0,0,0,0,0,0,0,0
2023-05-30,port120,Barranquilla,4,1,27405,2949,27405,0,0,0,0,0,385,0,2564,0
2023-05-31,port120,Barranquilla,3,0,0,28528,0,0,0,0,0,23046,0,5482,0,0
2023-06-01,port120,Barranquilla,1,1,971,644,0,971,0,0,0,0,644,0,0,0
2023-06-02,port120,Barranquilla,2,1,12015,5832,12015,0,0,0,0,5463,368,0,0,0
2023-06-03,port120,Barranquilla,1,1,0,540,0,0,0,0,0,0,540,0,0,0
2023-06-04,port120,Barranquilla,4,0,33938,20473,33938,0,0,0,0,0,0,9356,11116,0
2023-06-05,port120,Barranquilla,2,1,3683,28656,0,3683,0,0,0,28656,0,0,0,0
2023-06-06,port120,Barranquilla,3,1,6538,767,2851,0,3686,0,0,0,767,0,0,0
2023-06-07,port120,Barranquilla,1,0,8941,0,0,0,8941,0,0,0,0,0,0,0
2023-06-08,port120,Barranquilla,5,1,2649,28182,2649,0,0,0,0,27135,257,789,0,0
2023-06-09,port120,Barranquilla,2,1,1480,3132,0,1480,0,0,0,0,0,0,3132,0
2023-06-10,port120,Barranquilla,2,1,0,3463,0,0,0,0,0,0,594,2869,0,0
2023-06-11,port120,Barranquilla,3,0,3642,0,0,0,0,3642,0,0,0,0,0,0
2023-06-12,port120,Barranquilla,3,1,718,23960,0,718,0,0,0,23960,0,0,0,0
2023-06-13,port120,Barranquilla,7,1,60407,522,45882,0,0,14524,0,0,389,132,0,0
2023-06-14,port120,Barranquilla,3,0,1995,0,0,0,1676,318,0,0,0,0,0,0
2023-06-15,port120,Barranquilla,2,1,996,0,0,728,0,268,0,0,0,0,0,0
2023-06-16,port120,Barranquilla,2,1,36135,368,36135,0,0,0,0,0,368,0,0,0
2023-06-17,port120,Barranquilla,5,1,48306,52424,48306,0,0,0,0,46894,1478,0,4051,0
2023-06-18,port120,Barranquilla,0,0,0,0,0,0,0,0,0,0,0,0,0,0
2023-06-19,port120,Barranquilla,2,1,39284,1264,39284,0,0,0,0,0,1264,0,0,0
2023-06-20,port120,Barranquilla,1,1,0,387,0,0,0,0,0,0,387,0,0,0
2023-06-21,port120,Barranquilla,1,0,0,17425,0,0,0,0,0,0,0,17425,0,0
2023-06-22,port120,Barranquilla,5,1,34358,8945,33288,1070,0,0,0,0,0,8945,0,0
2023-06-23,port120,Barranquilla,3,1,971,5775,0,971,0,0,0,5130,644,0,0,0
2023-06-24,port120,Barranquilla,0,0,0,0,0,0,0,0,0,0,0,0,0,0
2023-06-25,port120,Barranquilla,3,0,36574,1866,36574,0,0,0,0,0,0,1866,0,0
2023-06-26,port120,Barranquilla,3,1,40656,998,40656,0,0,0,0,0,998,0,0,0
2023-06-27,port120,Barranquilla,4,2,2808,706,0,0,0,2808,0,0,706,0,0,0
2023-06-28,port120,Barranquilla,3,0,54700,0,36514,0,0,18186,0,0,0,0,0,0
2023-06-29,port120,Barranquilla,2,1,971,644,0,971,0,0,0,0,644,0,0,0
2023-06-30,port120,Barranquilla,2,1,0,369,0,0,0,0,0,0,369,0,0,0
2023-07-01,port120,Barranquilla,1,1,0,2714,0,0,0,0,0,0,2714,0,0,0
2023-07-02,port120,Barranquilla,0,0,0,0,0,0,0,0,0,0,0,0,0,0
2023-07-03,port120,Barranquilla,3,1,4975,962,4975,0,0,0,0,0,962,0,0,0
2023-07-04,port120,Barranquilla,3,1,0,9864,0,0,0,0,0,0,1159,0,8704,0
2023-07-05,port120,Barranquilla,3,0,39760,0,39760,0,0,0,0,0,0,0,0,0
2023-07-06,port120,Barranquilla,1,1,971,644,0,971,0,0,0,0,644,0,0,0
2023-07-07,port120,Barranquilla,4,1,9918,4355,2246,3347,0,4324,0,0,0,4355,0,0
2023-07-08,port120,Barranquilla,1,0,0,10821,0,0,0,0,0,0,0,0,10821,0
2023-07-09,port120,Barranquilla,3,0,16907,0,5997,0,242,10666,0,0,0,0,0,0
2023-07-10,port120,Barranquilla,3,1,17308,7427,17308,0,0,0,0,5463,1963,0,0,0
2023-07-11,port120,Barranquilla,4,3,2554,9475,0,2554,0,0,0,0,1362,0,8112,0
2023-07-12,port120,Barranquilla,4,0,33787,31945,32703,0,0,1084,0,31945,0,0,0,0
2023-07-13,port120,Barranquilla,4,1,42171,1279,41097,1074,0,0,0,0,0,0,1279,0
2023-07-14,port120,Barranquilla,2,1,741,0,0,741,0,0,0,0,0,0,0,0
2023-07-15,port120,Barranquilla,2,1,0,35195,0,0,0,0,0,33560,1635,0,0,0
2023-07-16,port120,Barranquilla,4,0,26239,44293,26239,0,0,0,0,40593,0,0,3699,0
2023-07-17,port120,Barranquilla,1,0,1706,1705,0,0,1706,0,0,0,0,1705,0,0
2023-07-18,port120,Barranquilla,5,2,27728,28533,26455,1272,0,0,0,26506,772,1254,0,0
2023-07-19,port120,Barranquilla,4,0,0,9764,0,0,0,0,0,5749,0,0,4015,0
2023-07-20,port120,Barranquilla,2,1,0,505,0,0,0,0,0,0,505,0,0,0
2023-07-21,port120,Barranquilla,1,0,25912,0,25912,0,0,0,0,0,0,0,0,0
2023-07-22,port120,Barranquilla,5,2,23648,3263,21086,1705,855,0,0,0,644,0,2618,0
2023-07-23,port120,Barranquilla,5,0,9717,7201,8594,0,1123,0,0,0,0,7201,0,0
2023-07-24,port120,Barranquilla,1,1,1911,0,0,1911,0,0,0,0,0,0,0,0
2023-07-25,port120,Barranquilla,3,1,10414,385,10414,0,0,0,0,0,385,0,0,0
2023-07-26,port120,Barranquilla,1,0,0,9071,0,0,0,0,0,0,0,9071,0,0
2023-07-27,port120,Barranquilla,3,1,12015,36486,12015,0,0,0,0,36008,478,0,0,0
2023-07-28,port120,Barranquilla,3,0,1706,1705,0,0,1706,0,0,0,0,1705,0,0
2023-07-29,port120,Barranquilla,1,1,0,328,0,0,0,0,0,0,328,0,0,0
2023-07-30,port120,Barranquilla,2,0,23382,27630,23382,0,0,0,0,27630,0,0,0,0
2023-07-31,port120,Barranquilla,4,1,36320,5853,36320,0,0,0,0,1803,633,0,3415,0
2023-08-01,port120,Barranquilla,3,1,0,14581,0,0,0,0,0,12645,1935,0,0,0
2023-08-02,port120,Barranquilla,4,0,77305,0,67207,0,0,10098,0,0,0,0,0,0
2023-08-03,port120,Barranquilla,3,1,40483,534,21214,0,0,19268,0,0,534,0,0,0
2023-08-04,port120,Barranquilla,4,1,38636,6838,38636,0,0,0,0,0,753,6085,0,0
2023-08-05,port120,Barranquilla,3,1,32488,2295,32488,0,0,0,0,0,2295,0,0,0
2023-08-06,port120,Barranquilla,5,0,1706,76536,0,0,1706,0,0,74831,0,1705,0,0
2023-08-07,port120,Barranquilla,5,1,3668,32006,0,2545,1123,0,0,29167,0,2839,0,0
2023-08-08,port120,Barranquilla,2,1,22323,0,21935,388,0,0,0,0,0,0,0,0
2023-08-09,port120,Barranquilla,2,0,11732,0,0,0,0,11732,0,0,0,0,0,0
2023-08-10,port120,Barranquilla,2,1,0,718,0,0,0,0,0,0,718,0,0,0
2023-08-11,port120,Barranquilla,3,1,8279,29364,0,4488,3791,0,0,29364,0,0,0,0
2023-08-12,port120,Barranquilla,4,1,14730,11207,12015,0,0,2715,0,5463,1979,2336,1428,0
2023-08-13,port120,Barranquilla,0,0,0,0,0,0,0,0,0,0,0,0,0,0
2023-08-14,port120,Barranquilla,2,1,1911,3225,0,1911,0,0,0,0,0,3225,0,0
2023-08-15,port120,Barranquilla,5,1,3581,5992,0,0,1706,1875,0,0,387,1705,3900,0
2023-08-16,port120,Barranquilla,4,0,39543,39752,27584,0,11959,0,0,39752,0,0,0,0
2023-08-17,port120,Barranquilla,3,1,3483,2349,0,971,1706,805,0,0,644,1705,0,0
2023-08-18,port120,Barranquilla,2,1,6778,0,0,4096,0,2682,0,0,0,0,0,0
2023-08-19,port120,Barranquilla,4,1,9004,1748,8033,971,0,0,0,0,644,0,1103,0
2023-08-20,port120,Barranquilla,0,0,0,0,0,0,0,0,0,0,0,0,0,0
2023-08-21,port120,Barranquilla,3,1,5187,0,2955,2231,0,0,0,0,0,0,0,0
2023-08-22,port120,Barranquilla,2,1,0,11393,0,0,0,0,0,11006,386,0,0,0
2023-08-23,port120,Barranquilla,4,0,23239,3067,21533,0,1706,0,0,0,0,2751,315,0
2023-08-24,port120,Barranquilla,3,0,50637,5463,48342,0,0,2295,0,5463,0,0,0,0
2023-08-25,port120,Barranquilla,6,1,69033,17166,51699,0,0,17333,0,0,1118,0,16047,0
2023-08-26,port120,Barranquilla,1,1,267,0,0,267,0,0,0,0,0,0,0,0
2023-08-27,port120,Barranquilla,3,1,21305,32106,21305,0,0,0,0,31118,987,0,0,0
2023-08-28,port120,Barranquilla,2,0,0,0,0,0,0,0,0,0,0,0,0,0
2023-08-29,port120,Barranquilla,5,2,9559,2505,4840,0,0,4719,0,0,2505,0,0,0
2023-08-30,port120,Barranquilla,4,0,16062,5463,16062,0,0,0,0,5463,0,0,0,0
2023-08-31,port120,Barranquilla,5,1,971,29275,0,971,0,0,0,28630,644,0,0,0
2023-09-01,port120,Barranquilla,4,1,43677,0,42197,1480,0,0,0,0,0,0,0,0
2023-09-02,port120,Barranquilla,3,1,971,3493,0,971,0,0,0,0,644,0,2848,0
2023-09-03,port120,Barranquilla,3,0,20419,0,10161,0,6945,3313,0,0,0,0,0,0
2023-09-04,port120,Barranquilla,1,0,0,0,0,0,0,0,0,0,0,0,0,0
2023-09-05,port120,Barranquilla,2,2,0,704,0,0,0,0,0,0,704,0,0,0
2023-09-06,port120,Barranquilla,7,0,73597,11321,60863,0,12733,0,0,0,0,11321,0,0
2023-09-07,port120,Barranquilla,4,2,28324,38884,25064,3259,0,0,0,38884,0,0,0,0
2023-09-08,port120,Barranquilla,3,1,41527,2973,31150,0,0,10377,0,0,2973,0,0,0
2023-09-09,port120,Barranquilla,1,0,12723,0,0,0,12723,0,0,0,0,0,0,0
2023-09-10,port120,Barranquilla,1,1,330,0,0,330,0,0,0,0,0,0,0,0
2023-09-11,port120,Barranquilla,3,1,35541,29258,35541,0,0,0,0,28941,317,0,0,0
2023-09-12,port120,Barranquilla,2,1,37955,1159,37955,0,0,0,0,0,1159,0,0,0
2023-09-13,port120,Barranquilla,0,0,0,0,0,0,0,0,0,0,0,0,0,0
2023-09-14,port120,Barranquilla,4,0,22976,14127,22976,0,0,0,0,0,0,0,14127,0
2023-09-15,port120,Barranquilla,3,1,16546,6107,15575,971,0,0,0,5463,644,0,0,0
2023-09-16,port120,Barranquilla,2,0,30051,0,30051,0,0,0,0,0,0,0,0,0
2023-09-17,port120,Barranquilla,3,1,1454,982,1454,0,0,0,0,0,982,0,0,0
2023-09-18,port120,Barranquilla,0,0,0,0,0,0,0,0,0,0,0,0,0,0
2023-09-19,port120,Barranquilla,5,2,32905,0,29418,2997,0,489,0,0,0,0,0,0
2023-09-20,port120,Barranquilla,5,0,0,7632,0,0,0,0,0,0,0,7632,0,0
2023-09-21,port120,Barranquilla,3,0,4235,25986,0,0,189,4045,0,25986,0,0,0,0
2023-09-22,port120,Barranquilla,3,2,7126,734,0,7126,0,0,0,0,244,0,489,0
2023-09-23,port120,Barranquilla,1,0,21288,0,21288,0,0,0,0,0,0,0,0,0
2023-09-24,port120,Barranquilla,2,1,0,3904,0,0,0,0,0,0,2951,952,0,0
2023-09-25,port120,Barranquilla,4,1,1916,17093,0,1916,0,0,0,0,0,5588,11504,0
2023-09-26,port120,Barranquilla,1,1,971,644,0,971,0,0,0,0,644,0,0,0
2023-09-27,port120,Barranquilla,2,0,26005,0,24264,0,0,1740,0,0,0,0,0,0
2023-09-28,port120,Barranquilla,1,0,0,0,0,0,0,0,0,0,0,0,0,0
2023-09-29,port120,Barranquilla,5,2,18433,0,3248,8118,0,7066,0,0,0,0,0,0
2023-09-30,port120,Barranquilla,2,1,0,35322,0,0,0,0,0,34341,981,0,0,0
2023-10-01,port120,Barranquilla,2,0,226,282,0,0,226,0,0,0,0,282,0,0
2023-10-02,port120,Barranquilla,3,1,0,43153,0,0,0,0,0,42196,956,0,0,0
2023-10-03,port120,Barranquilla,4,1,388,2280,0,388,0,0,0,0,0,0,2280,0
2023-10-04,port120,Barranquilla,3,0,790,29467,0,0,790,0,0,27776,0,1690,0,0
2023-10-05,port120,Barranquilla,2,0,4147,14781,4147,0,0,0,0,0,0,14781,0,0
2023-10-06,port120,Barranquilla,2,1,5912,0,0,5646,266,0,0,0,0,0,0,0
2023-10-07,port120,Barranquilla,4,1,24030,12896,24030,0,0,0,0,10926,1969,0,0,0
2023-10-08,port120,Barranquilla,3,1,43278,0,42473,805,0,0,0,0,0,0,0,0
2023-10-09,port120,Barranquilla,2,0,0,9016,0,0,0,0,0,5409,0,0,3607,0
2023-10-10,port120,Barranquilla,3,1,1557,5429,0,636,0,921,0,0,0,5429,0,0
2023-10-11,port120,Barranquilla,2,1,971,644,0,971,0,0,0,0,644,0,0,0
2023-10-12,port120,Barranquilla,3,1,9356,10784,9356,0,0,0,0,0,242,0,10542,0
2023-10-13,port120,Barranquilla,3,1,38320,0,35717,2603,0,0,0,0,0,0,0,0
2023-10-14,port120,Barranquilla,2,1,36348,2618,36348,0,0,0,0,0,2618,0,0,0
2023-10-15,port120,Barranquilla,3,0,2520,0,0,0,0,2520,0,0,0,0,0,0
2023-10-16,port120,Barranquilla,3,0,44770,0,44770,0,0,0,0,0,0,0,0,0
2023-10-17,port120,Barranquilla,4,2,2076,31958,0,775,1300,0,0,30999,958,0,0,0
2023-10-18,port120,Barranquilla,7,0,42926,21087,42926,0,0,0,0,0,0,9304,11782,0
2023-10-19,port120,Barranquilla,1,0,0,39024,0,0,0,0,0,39024,0,0,0,0
2023-10-20,port120,Barranquilla,3,1,12386,7620,12015,371,0,0,0,5463,0,0,2157,0
2023-10-21,port120,Barranquilla,3,2,3305,2299,0,3305,0,0,0,0,2299,0,0,0
2023-10-22,port120,Barranquilla,1,0,0,37657,0,0,0,0,0,37657,0,0,0,0
2023-10-23,port120,Barranquilla,1,0,4155,0,0,0,0,4155,0,0,0,0,0,0
2023-10-24,port120,Barranquilla,1,1,1538,0,0,1538,0,0,0,0,0,0,0,0
2023-10-25,port120,Barranquilla,4,1,50162,644,49191,971,0,0,0,0,644,0,0,0
2023-10-26,port120,Barranquilla,4,1,27981,4865,26544,1437,0,0,0,0,0,0,4865,0
2023-10-27,port120,Barranquilla,6,2,5851,28439,0,3155,0,2696,0,27022,0,1417,0,0
2023-10-28,port120,Barranquilla,1,0,1706,1705,0,0,1706,0,0,0,0,1705,0,0
2023-10-29,port120,Barranquilla,5,1,22870,63127,22870,0,0,0,0,60552,2575,0,0,0
2023-10-30,port120,Barranquilla,1,1,0,640,0,0,0,0,0,0,640,0,0,0
2023-10-31,port120,Barranquilla,5,1,6099,1884,1838,1545,0,2715,0,0,0,0,1884,0
2023-11-01,port120,Barranquilla,3,0,549,9710,549,0,0,0,0,0,0,9710,0,0
2023-11-02,port120,Barranquilla,2,1,0,1323,0,0,0,0,0,0,1323,0,0,0
2023-11-03,port120,Barranquilla,2,1,742,4038,0,742,0,0,0,0,0,0,4038,0
2023-11-04,port120,Barranquilla,2,0,13051,0,0,0,875,12175,0,0,0,0,0,0
2023-11-05,port120,Barranquilla,4,1,34971,0,32581,654,1734,0,0,0,0,0,0,0
2023-11-06,port120,Barranquilla,1,0,18905,0,0,0,0,18905,0,0,0,0,0,0
2023-11-07,port120,Barranquilla,7,2,43209,12399,39041,4168,0,0,0,0,644,11755,0,0
2023-11-08,port120,Barranquilla,1,0,229,0,0,0,229,0,0,0,0,0,0,0
2023-11-09,port120,Barranquilla,3,0,57199,8251,57199,0,0,0,0,0,0,8251,0,0
2023-11-10,port120,Barranquilla,1,0,0,0,0,0,0,0,0,0,0,0,0,0
2023-11-11,port120,Barranquilla,4,1,46943,644,30187,971,0,15784,0,0,644,0,0,0
2023-11-12,port120,Barranquilla,7,1,52029,40529,52029,0,0,0,0,23545,326,0,16657,0
2023-11-13,port120,Barranquilla,2,1,958,0,0,958,0,0,0,0,0,0,0,0
2023-11-14,port120,Barranquilla,1,1,389,0,0,389,0,0,0,0,0,0,0,0
2023-11-15,port120,Barranquilla,3,0,0,44277,0,0,0,0,0,43459,0,279,538,0
2023-11-16,port120,Barranquilla,3,1,14215,241,0,0,14215,0,0,0,241,0,0,0
2023-11-17,port120,Barranquilla,4,1,2005,24634,0,2005,0,0,0,24634,0,0,0,0
2023-11-18,port120,Barranquilla,4,0,20905,3936,14502,0,6402,0,0,0,0,3936,0,0
2023-11-19,port120,Barranquilla,4,1,38545,2891,31182,0,0,7363,0,0,2891,0,0,0
2023-11-20,port120,Barranquilla,2,0,0,16233,0,0,0,0,0,0,0,0,16233,0
2023-11-21,port120,Barranquilla,3,2,37705,644,32898,4807,0,0,0,0,644,0,0,0
2023-11-22,port120,Barranquilla,1,0,0,0,0,0,0,0,0,0,0,0,0,0
2023-11-23,port120,Barranquilla,2,1,2351,861,0,1385,0,966,0,0,861,0,0,0
2023-11-24,port120,Barranquilla,1,1,0,800,0,0,0,0,0,0,800,0,0,0
2023-11-25,port120,Barranquilla,2,1,971,14759,0,971,0,0,0,14115,644,0,0,0
2023-11-26,port120,Barranquilla,3,0,2715,1428,0,0,0,2715,0,0,0,0,1428,0
2023-11-27,port120,Barranquilla,3,0,19889,0,0,0,0,19889,0,0,0,0,0,0
2023-11-28,port120,Barranquilla,4,2,34067,0,28353,4211,1501,0,0,0,0,0,0,0
2023-11-29,port120,Barranquilla,3,0,37806,5801,37806,0,0,0,0,0,0,5801,0,0
2023-11-30,port120,Barranquilla,2,0,1706,4857,0,0,1706,0,0,0,0,1705,3152,0
2023-12-01,port120,Barranquilla,3,1,24894,0,0,3485,2750,18658,0,0,0,0,0,0
2023-12-02,port120,Barranquilla,2,1,0,4531,0,0,0,0,0,0,4531,0,0,0
2023-12-03,port120,Barranquilla,2,0,0,30999,0,0,0,0,0,30999,0,0,0,0
2023-12-04,port120,Barranquilla,1,1,0,961,0,0,0,0,0,0,961,0,0,0
2023-12-05,port120,Barranquilla,4,1,41897,37769,41120,777,0,0,0,34353,0,0,3415,0
2023-12-06,port120,Barranquilla,2,0,0,30247,0,0,0,0,0,30247,0,0,0,0
2023-12-07,port120,Barranquilla,2,1,971,644,0,971,0,0,0,0,644,0,0,0
2023-12-08,port120,Barranquilla,6,1,68042,21669,65327,0,0,2715,0,5463,4111,0,12094,0
2023-12-09,port120,Barranquilla,2,0,62075,0,62075,0,0,0,0,0,0,0,0,0
2023-12-10,port120,Barranquilla,1,0,2876,0,2876,0,0,0,0,0,0,0,0,0
2023-12-11,port120,Barranquilla,2,0,27217,0,27217,0,0,0,0,0,0,0,0,0
2023-12-12,port120,Barranquilla,5,2,2677,27109,0,971,1706,0,0,22589,1422,3097,0,0
2023-12-13,port120,Barranquilla,4,0,40594,43672,40594,0,0,0,0,42600,0,0,1071,0
2023-12-14,port120,Barranquilla,0,0,0,0,0,0,0,0,0,0,0,0,0,0
2023-12-15,port120,Barranquilla,3,0,35045,0,34315,0,730,0,0,0,0,0,0,0
2023-12-16,port120,Barranquilla,2,1,971,644,0,971,0,0,0,0,644,0,0,0
2023-12-17,port120,Barranquilla,6,0,46741,7479,44465,0,2276,0,0,0,0,6742,737,0
2023-12-18,port120,Barranquilla,1,1,1290,0,0,1290,0,0,0,0,0,0,0,0
2023-12-19,port120,Barranquilla,4,2,971,2148,0,971,0,0,0,0,894,1254,0,0
2023-12-20,port120,Barranquilla,3,0,1706,10409,0,0,1706,0,0,0,0,1705,8704,0
2023-12-21,port120,Barranquilla,6,0,37406,38886,30487,0,6919,0,0,38886,0,0,0,0
2023-12-22,port120,Barranquilla,1,1,4106,0,0,4106,0,0,0,0,0,0,0,0
2023-12-23,port120,Barranquilla,1,0,46157,0,46157,0,0,0,0,0,0,0,0,0
2023-12-24,port120,Barranquilla,3,2,517,13035,0,517,0,0,0,0,295,0,12740,0
2023-12-25,port120,Barranquilla,2,1,14828,644,13857,971,0,0,0,0,644,0,0,0
2023-12-26,port120,Barranquilla,1,1,971,644,0,971,0,0,0,0,644,0,0,0
2023-12-27,port120,Barranquilla,0,0,0,0,0,0,0,0,0,0,0,0,0,0
2023-12-28,port120,Barranquilla,2,0,4653,0,0,0,4653,0,0,0,0,0,0,0
2023-12-29,port120,Barranquilla,5,1,36985,30101,35506,1478,0,0,0,16547,0,0,13554,0
2023-12-30,port120,Barranquilla,2,0,0,162,0,0,0,0,0,0,0,162,0,0
2023-12-31,port120,Barranquilla,5,1,2006,28531,0,971,0,1035,0,26506,644,1380,0,0
2024-01-01,port120,Barranquilla,1,0,15340,0,15340,0,0,0,0,0,0,0,0,0
2024-01-02,port120,Barranquilla,5,3,15726,7402,12175,3550,0,0,0,0,2466,4936,0,0
2024-01-03,port120,Barranquilla,2,0,2715,13436,0,0,0,2715,0,0,0,12007,1428,0
2024-01-04,port120,Barranquilla,2,1,971,3531,0,971,0,0,0,0,644,0,2887,0
2024-01-05,port120,Barranquilla,2,1,3915,1433,3915,0,0,0,0,0,1433,0,0,0
2024-01-06,port120,Barranquilla,3,1,29685,30669,29685,0,0,0,0,30374,295,0,0,0
2024-01-07,port120,Barranquilla,0,0,0,0,0,0,0,0,0,0,0,0,0,0
2024-01-08,port120,Barranquilla,1,0,12801,0,0,0,12801,0,0,0,0,0,0,0
2024-01-09,port120,Barranquilla,4,1,38834,364,35049,0,0,3785,0,0,364,0,0,0
2024-01-10,port120,Barranquilla,2,1,19823,0,0,1165,0,18658,0,0,0,0,0,0
2024-01-11,port120,Barranquilla,1,0,26801,0,26801,0,0,0,0,0,0,0,0,0
2024-01-12,port120,Barranquilla,2,1,2715,5719,0,0,0,2715,0,0,4291,0,1428,0
2024-01-13,port120,Barranquilla,3,1,0,22137,0,0,0,0,0,21782,354,0,0,0
2024-01-14,port120,Barranquilla,4,0,41453,0,35478,0,0,5975,0,0,0,0,0,0
2024-01-15,port120,Barranquilla,3,0,0,59849,0,0,0,0,0,59012,0,837,0,0
2024-01-16,port120,Barranquilla,2,2,2417,644,0,2417,0,0,0,0,644,0,0,0
2024-01-17,port120,Barranquilla,6,2,44536,4682,30587,9528,1706,2715,0,1549,0,1705,1428,0
2024-01-18,port120,Barranquilla,1,1,0,261,0,0,0,0,0,0,261,0,0,0
2024-01-19,port120,Barranquilla,1,0,0,0,0,0,0,0,0,0,0,0,0,0
2024-01-20,port120,Barranquilla,5,2,46374,4074,41009,0,5365,0,0,0,4074,0,0,0
2024-01-21,port120,Barranquilla,5,0,43274,32864,40221,0,3053,0,0,29994,0,2869,0,0
2024-01-22,port120,Barranquilla,1,0,0,34618,0,0,0,0,0,34618,0,0,0,0
2024-01-23,port120,Barranquilla,1,1,5704,0,0,5704,0,0,0,0,0,0,0,0
2024-01-24,port120,Barranquilla,3,2,5610,1506,0,2356,3253,0,0,0,1506,0,0,0
2024-01-25,port120,Barranquilla,1,0,8312,0,0,0,8312,0,0,0,0,0,0,0
2024-01-26,port120,Barranquilla,4,1,45037,11782,42972,531,1533,0,0,0,0,0,11782,0
2024-01-27,port120,Barranquilla,5,1,48643,10954,47577,1065,0,0,0,8303,0,2651,0,0
2024-01-28,port120,Barranquilla,1,0,28635,0,28635,0,0,0,0,0,0,0,0,0
2024-01-29,port120,Barranquilla,4,2,16633,15494,0,1334,15298,0,0,14849,644,0,0,0
2024-01-30,port120,Barranquilla,6,2,24765,42571,0,1242,20587,2936,0,40221,644,1705,0,0
2024-01-31,port120,Barranquilla,5,0,14962,0,3195,0,9673,2094,0,0,0,0,0,0
2024-02-01,port120,Barranquilla,1,0,422,0,0,0,422,0,0,0,0,0,0,0
2024-02-02,port120,Barranquilla,3,0,23336,2023,23336,0,0,0,0,0,0,0,2023,0
2024-02-03,port120,Barranquilla,3,1,1030,12395,0,1030,0,0,0,0,0,12395,0,0
2024-02-04,port120,Barranquilla,4,1,0,27566,0,0,0,0,0,12623,2250,0,12692,0
2024-02-05,port120,Barranquilla,1,0,0,0,0,0,0,0,0,0,0,0,0,0
2024-02-06,port120,Barranquilla,6,3,12034,1954,7268,4765,0,0,0,0,1954,0,0,0
2024-02-07,port120,Barranquilla,4,2,28624,10442,28624,0,0,0,0,8203,2238,0,0,0
2024-02-08,port120,Barranquilla,2,1,1222,0,0,528,0,693,0,0,0,0,0,0
2024-02-09,port120,Barranquilla,3,1,59057,644,58086,971,0,0,0,0,644,0,0,0
2024-02-10,port120,Barranquilla,4,1,12125,1425,0,0,0,12125,0,0,1425,0,0,0
2024-02-11,port120,Barranquilla,2,0,27461,12603,27461,0,0,0,0,12603,0,0,0,0
2024-02-12,port120,Barranquilla,1,0,443,0,0,0,443,0,0,0,0,0,0,0
2024-02-13,port120,Barranquilla,5,3,11626,1459,8211,2061,0,1353,0,0,1459,0,0,0
2024-02-14,port120,Barranquilla,1,0,32192,0,32192,0,0,0,0,0,0,0,0,0
2024-02-15,port120,Barranquilla,2,1,4041,0,0,268,3773,0,0,0,0,0,0,0
2024-02-16,port120,Barranquilla,2,0,23762,0,4355,0,0,19407,0,0,0,0,0,0
2024-02-17,port120,Barranquilla,3,2,1656,13236,0,1656,0,0,0,0,2457,0,10778,0
2024-02-18,port120,Barranquilla,1,1,2438,0,0,2438,0,0,0,0,0,0,0,0
2024-02-19,port120,Barranquilla,3,0,30329,0,30329,0,0,0,0,0,0,0,0,0
2024-02-20,port120,Barranquilla,3,2,7150,861,0,2833,0,4317,0,0,861,0,0,0
2024-02-21,port120,Barranquilla,2,1,6969,389,0,0,0,6969,0,0,389,0,0,0
2024-02-22,port120,Barranquilla,6,0,77059,18168,74344,0,0,2715,0,0,0,5192,12975,0
2024-02-23,port120,Barranquilla,2,1,1959,1718,0,1959,0,0,0,0,0,0,1718,0
2024-02-24,port120,Barranquilla,2,1,971,2886,0,971,0,0,0,0,644,2241,0,0
2024-02-25,port120,Barranquilla,6,0,72029,23420,72029,0,0,0,0,0,0,5086,18333,0
2024-02-26,port120,Barranquilla,3,1,4511,0,0,711,3262,537,0,0,0,0,0,0
2024-02-27,port120,Barranquilla,6,2,33970,67362,32999,971,0,0,0,65089,2272,0,0,0
2024-02-28,port120,Barranquilla,1,0,0,0,0,0,0,0,0,0,0,0,0,0
2024-02-29,port120,Barranquilla,1,0,39184,0,39184,0,0,0,0,0,0,0,0,0
2024-03-01,port120,Barranquilla,4,0,32462,0,30940,0,0,1522,0,0,0,0,0,0
2024-03-02,port120,Barranquilla,4,3,971,7496,0,971,0,0,0,1154,6341,0,0,0
2024-03-03,port120,Barranquilla,3,0,12015,7774,12015,0,0,0,0,5463,0,0,2311,0
2024-03-04,port120,Barranquilla,0,0,0,0,0,0,0,0,0,0,0,0,0,0
2024-03-05,port120,Barranquilla,4,1,11732,38817,0,0,0,11732,0,27634,1623,0,9558,0
2024-03-06,port120,Barranquilla,5,1,4395,13907,4395,0,0,0,0,11932,1974,0,0,0
2024-03-07,port120,Barranquilla,3,1,43586,162,42774,812,0,0,0,0,0,162,0,0
2024-03-08,port120,Barranquilla,2,1,39965,0,36199,3765,0,0,0,0,0,0,0,0
2024-03-09,port120,Barranquilla,8,1,139878,7856,138143,0,1734,0,0,0,3144,4712,0,0
2024-03-10,port120,Barranquilla,2,1,0,9665,0,0,0,0,0,0,2492,7173,0,0
2024-03-11,port120,Barranquilla,2,1,0,1612,0,0,0,0,0,0,1612,0,0,0
2024-03-12,port120,Barranquilla,3,0,44732,0,1936,0,1137,41658,0,0,0,0,0,0
2024-03-13,port120,Barranquilla,3,2,0,1712,0,0,0,0,0,0,1712,0,0,0
2024-03-14,port120,Barranquilla,5,1,62794,1032,60466,0,2328,0,0,0,1032,0,0,0
2024-03-15,port120,Barranquilla,6,0,24858,40293,24483,0,374,0,0,33701,0,6592,0,0
2024-03-16,port120,Barranquilla,1,1,4914,0,0,4914,0,0,0,0,0,0,0,0
2024-03-17,port120,Barranquilla,3,1,0,46548,0,0,0,0,0,44099,2448,0,0,0
2024-03-18,port120,Barranquilla,4,0,25623,3000,23917,0,1706,0,0,0,0,1705,1294,0
2024-03-19,port120,Barranquilla,4,1,889,26861,0,270,0,618,0,26861,0,0,0,0
2024-03-20,port120,Barranquilla,5,1,40311,16398,38688,0,0,1622,0,0,664,0,15734,0
2024-03-21,port120,Barranquilla,2,1,971,2956,0,971,0,0,0,0,644,0,2311,0
2024-03-22,port120,Barranquilla,0,0,0,0,0,0,0,0,0,0,0,0,0,0
2024-03-23,port120,Barranquilla,2,1,0,1421,0,0,0,0,0,0,1421,0,0,0
2024-03-24,port120,Barranquilla,2,1,0,11415,0,0,0,0,0,11039,375,0,0,0
2024-03-25,port120,Barranquilla,2,0,26947,11782,26947,0,0,0,0,0,0,0,11782,0
2024-03-26,port120,Barranquilla,2,1,0,11944,0,0,0,0,0,0,1082,10861,0,0
2024-03-27,port120,Barranquilla,0,0,0,0,0,0,0,0,0,0,0,0,0,0
2024-03-28,port120,Barranquilla,2,0,41763,0,41763,0,0,0,0,0,0,0,0,0
2024-03-29,port120,Barranquilla,2,1,971,913,0,971,0,0,0,0,644,0,268,0
2024-03-30,port120,Barranquilla,2,2,258,0,0,258,0,0,0,0,0,0,0,0
2024-03-31,port120,Barranquilla,4,2,27458,4593,25654,1803,0,0,0,0,0,4593,0,0
2024-04-01,port120,Barranquilla,2,0,0,28852,0,0,0,0,0,14270,0,0,14582,0
2024-04-02,port120,Barranquilla,2,2,1604,0,0,1604,0,0,0,0,0,0,0,0
2024-04-03,port120,Barranquilla,3,1,0,45355,0,0,0,0,0,44696,659,0,0,0
2024-04-04,port120,Barranquilla,2,0,41107,0,0,0,0,41107,0,0,0,0,0,0
2024-04-05,port120,Barranquilla,2,0,33101,3749,33101,0,0,0,0,0,0,0,3749,0
2024-04-06,port120,Barranquilla,2,1,0,4970,0,0,0,0,0,0,4970,0,0,0
2024-04-07,port120,Barranquilla,4,0,56752,157,56752,0,0,0,0,0,0,157,0,0
2024-04-08,port120,Barranquilla,3,0,30425,10641,30425,0,0,0,0,0,0,0,10641,0
2024-04-09,port120,Barranquilla,3,1,1706,4804,0,0,1706,0,0,0,3098,1705,0,0
2024-04-10,port120,Barranquilla,2,1,33418,861,32033,1385,0,0,0,0,861,0,0,0
2024-04-11,port120,Barranquilla,1,0,0,16094,0,0,0,0,0,0,0,0,16094,0
2024-04-12,port120,Barranquilla,2,0,13681,5463,12015,0,1665,0,0,5463,0,0,0,0
2024-04-13,port120,Barranquilla,2,1,759,20387,0,759,0,0,0,20387,0,0,0,0
2024-04-14,port120,Barranquilla,4,2,11680,5592,0,141,11539,0,0,0,3252,2340,0,0
2024-04-15,port120,Barranquilla,5,1,44337,38709,42500,1837,0,0,0,35821,0,0,2887,0
2024-04-16,port120,Barranquilla,3,1,4519,26796,0,1072,3446,0,0,26796,0,0,0,0
2024-04-17,port120,Barranquilla,3,2,3262,2180,3262,0,0,0,0,0,2180,0,0,0
2024-04-18,port120,Barranquilla,3,0,35588,12294,35588,0,0,0,0,0,0,8858,3435,0
2024-04-19,port120,Barranquilla,4,0,74762,0,72805,0,0,1956,0,0,0,0,0,0
2024-04-20,port120,Barranquilla,4,1,26877,19527,0,0,0,26877,0,5732,1421,0,12373,0
2024-04-21,port120,Barranquilla,4,1,40249,1885,38826,1423,0,0,0,0,0,0,1885,0
2024-04-22,port120,Barranquilla,4,0,2542,41507,0,0,1706,835,0,39802,0,1705,0,0
2024-04-23,port120,Barranquilla,3,1,24713,1159,24713,0,0,0,0,0,1159,0,0,0
2024-04-24,port120,Barranquilla,4,1,25415,11788,24030,1385,0,0,0,10926,861,0,0,0
2024-04-25,port120,Barranquilla,3,1,2143,14363,0,256,0,1886,0,14363,0,0,0,0
2024-04-26,port120,Barranquilla,4,0,41874,30583,41874,0,0,0,0,30300,0,0,283,0
2024-04-27,port120,Barranquilla,1,0,0,4038,0,0,0,0,0,0,0,0,4038,0
2024-04-28,port120,Barranquilla,2,1,12015,7635,12015,0,0,0,0,5463,2171,0,0,0
2024-04-29,port120,Barranquilla,0,0,0,0,0,0,0,0,0,0,0,0,0,0
2024-04-30,port120,Barranquilla,7,1,74372,17350,59074,0,15298,0,0,0,3319,2340,11690,0
2024-05-01,port120,Barranquilla,2,1,2677,2349,0,971,1706,0,0,0,644,1705,0,0
2024-05-02,port120,Barranquilla,5,0,10400,12507,9826,0,573,0,0,0,0,12507,0,0
2024-05-03,port120,Barranquilla,0,0,0,0,0,0,0,0,0,0,0,0,0,0
2024-05-04,port120,Barranquilla,5,1,4870,31114,0,2155,0,2715,0,29686,0,0,1428,0
2024-05-05,port120,Barranquilla,5,1,50874,41941,50874,0,0,0,0,38125,3816,0,0,0
2024-05-06,port120,Barranquilla,2,0,0,38687,0,0,0,0,0,38687,0,0,0,0
2024-05-07,port120,Barranquilla,4,1,12015,10199,12015,0,0,0,0,5463,1849,0,2887,0
2024-05-08,port120,Barranquilla,5,1,77304,4915,77034,270,0,0,0,0,0,4915,0,0
2024-05-09,port120,Barranquilla,1,0,0,0,0,0,0,0,0,0,0,0,0,0
2024-05-10,port120,Barranquilla,1,0,4606,0,4606,0,0,0,0,0,0,0,0,0
2024-05-11,port120,Barranquilla,5,0,29148,6782,26731,0,2416,0,0,6782,0,0,0,0
2024-05-12,port120,Barranquilla,1,1,0,2498,0,0,0,0,0,0,2498,0,0,0
2024-05-13,port120,Barranquilla,1,0,0,0,0,0,0,0,0,0,0,0,0,0
2024-05-14,port120,Barranquilla,6,1,38787,1652,21270,0,1159,16357,0,0,1652,0,0,0
2024-05-15,port120,Barranquilla,2,1,971,644,0,971,0,0,0,0,644,0,0,0
2024-05-16,port120,Barranquilla,4,1,90827,28240,88530,2297,0,0,0,28240,0,0,0,0
2024-05-17,port120,Barranquilla,3,2,1895,764,0,1895,0,0,0,0,764,0,0,0
2024-05-18,port120,Barranquilla,4,0,2715,4844,0,0,0,2715,0,0,0,0,4844,0
2024-05-19,port120,Barranquilla,1,1,0,2044,0,0,0,0,0,0,2044,0,0,0
2024-05-20,port120,Barranquilla,5,0,35718,12089,32840,0,163,2715,0,10661,0,0,1428,0
2024-05-21,port120,Barranquilla,1,0,630,0,0,0,0,630,0,0,0,0,0,0
2024-05-22,port120,Barranquilla,3,2,12986,6851,12015,971,0,0,0,5463,1388,0,0,0
2024-05-23,port120,Barranquilla,2,0,35268,0,35268,0,0,0,0,0,0,0,0,0
2024-05-24,port120,Barranquilla,1,0,7701,0,0,0,0,7701,0,0,0,0,0,0
2024-05-25,port120,Barranquilla,5,1,12722,40208,2873,0,0,9848,0,27085,2498,0,10624,0
2024-05-26,port120,Barranquilla,2,0,0,24427,0,0,0,0,0,24427,0,0,0,0
2024-05-27,port120,Barranquilla,2,0,0,2107,0,0,0,0,0,0,0,2107,0,0
2024-05-28,port120,Barranquilla,3,2,0,1869,0,0,0,0,0,0,1869,0,0,0
2024-05-29,port120,Barranquilla,0,0,0,0,0,0,0,0,0,0,0,0,0,0
2024-05-30,port120,Barranquilla,2,0,0,0,0,0,0,0,0,0,0,0,0,0
2024-05-31,port120,Barranquilla,1,0,0,360,0,0,0,0,0,0,0,0,360,0
2024-06-01,port120,Barranquilla,2,1,26256,0,25460,796,0,0,0,0,0,0,0,0
2024-06-02,port120,Barranquilla,5,1,38704,9546,38704,0,0,0,0,0,881,8664,0,0
2024-06-03,port120,Barranquilla,2,0,0,29650,0,0,0,0,0,29650,0,0,0,0
2024-06-04,port120,Barranquilla,2,1,2058,0,0,367,1690,0,0,0,0,0,0,0
2024-06-05,port120,Barranquilla,3,1,971,54483,0,971,0,0,0,40090,644,0,13748,0
2024-06-06,port120,Barranquilla,1,0,0,0,0,0,0,0,0,0,0,0,0,0
2024-06-07,port120,Barranquilla,2,0,2273,0,0,0,2273,0,0,0,0,0,0,0
2024-06-08,port120,Barranquilla,2,0,14970,0,12832,0,0,2138,0,0,0,0,0,0
2024-06-09,port120,Barranquilla,2,0,32419,5460,32419,0,0,0,0,0,0,0,5460,0
2024-06-10,port120,Barranquilla,1,0,521,0,521,0,0,0,0,0,0,0,0,0
2024-06-11,port120,Barranquilla,4,0,3125,5569,0,0,1706,1419,0,0,0,5569,0,0
2024-06-12,port120,Barranquilla,7,2,13027,35972,12015,0,742,269,0,32584,2133,1254,0,0
2024-06-13,port120,Barranquilla,4,1,40341,24859,28450,774,0,11116,0,0,0,0,24859,0
2024-06-14,port120,Barranquilla,1,0,22886,0,22886,0,0,0,0,0,0,0,0,0
2024-06-15,port120,Barranquilla,2,0,24138,0,5197,0,0,18940,0,0,0,0,0,0
2024-06-16,port120,Barranquilla,2,1,0,32865,0,0,0,0,0,31441,1423,0,0,0
2024-06-17,port120,Barranquilla,1,0,1694,0,0,0,1694,0,0,0,0,0,0,0
2024-06-18,port120,Barranquilla,8,2,40033,32673,37023,1134,0,1875,0,30532,1088,0,1051,0
2024-06-19,port120,Barranquilla,3,1,33422,1428,30339,368,0,2715,0,0,0,0,1428,0
2024-06-20,port120,Barranquilla,2,0,1665,0,0,0,1665,0,0,0,0,0,0,0
2024-06-21,port120,Barranquilla,0,0,0,0,0,0,0,0,0,0,0,0,0,0
2024-06-22,port120,Barranquilla,4,3,2491,861,0,2491,0,0,0,0,861,0,0,0
2024-06-23,port120,Barranquilla,3,0,38021,1874,38021,0,0,0,0,0,0,0,1874,0
2024-06-24,port120,Barranquilla,4,0,8209,0,8209,0,0,0,0,0,0,0,0,0
2024-06-25,port120,Barranquilla,2,1,30860,538,30860,0,0,0,0,0,538,0,0,0
2024-06-26,port120,Barranquilla,5,2,1501,15862,0,1501,0,0,0,13875,1987,0,0,0
2024-06-27,port120,Barranquilla,2,1,39835,0,39516,318,0,0,0,0,0,0,0,0
2024-06-28,port120,Barranquilla,4,0,34167,0,34167,0,0,0,0,0,0,0,0,0
2024-06-29,port120,Barranquilla,4,1,37259,39145,36288,971,0,0,0,38501,644,0,0,0
2024-06-30,port120,Barranquilla,2,1,27443,644,26472,971,0,0,0,0,644,0,0,0
2024-07-01,port120,Barranquilla,5,0,13203,0,483,0,11372,1347,0,0,0,0,0,0
2024-07-02,port120,Barranquilla,1,0,5191,0,5191,0,0,0,0,0,0,0,0,0
2024-07-03,port120,Barranquilla,5,2,3371,9637,0,656,0,2715,0,8209,0,0,1428,0
2024-07-04,port120,Barranquilla,5,1,73949,3853,72667,1282,0,0,0,3853,0,0,0,0
2024-07-05,port120,Barranquilla,0,0,0,0,0,0,0,0,0,0,0,0,0,0
2024-07-06,port120,Barranquilla,2,2,971,3624,0,971,0,0,0,0,3624,0,0,0
2024-07-07,port120,Barranquilla,2,0,11239,0,11239,0,0,0,0,0,0,0,0,0
2024-07-08,port120,Barranquilla,3,0,13721,7168,12015,0,1706,0,0,5463,0,1705,0,0
2024-07-09,port120,Barranquilla,3,2,2316,644,0,1239,1077,0,0,0,644,0,0,0
2024-07-10,port120,Barranquilla,4,0,31777,24301,30111,0,1665,0,0,19081,0,0,5220,0
2024-07-11,port120,Barranquilla,4,0,40267,1203,40267,0,0,0,0,0,0,165,1037,0
2024-07-12,port120,Barranquilla,4,0,2726,38097,2726,0,0,0,0,33367,0,977,3751,0
2024-07-13,port120,Barranquilla,2,0,0,18656,0,0,0,0,0,18656,0,0,0,0
2024-07-14,port120,Barranquilla,1,0,3323,0,0,0,3323,0,0,0,0,0,0,0
2024-07-15,port120,Barranquilla,3,1,12564,2138,0,0,0,12564,0,0,2138,0,0,0
2024-07-16,port120,Barranquilla,5,1,15784,644,0,971,1232,13580,0,0,644,0,0,0
2024-07-17,port120,Barranquilla,2,1,3632,0,0,1074,2557,0,0,0,0,0,0,0
2024-07-18,port120,Barranquilla,3,0,3984,35752,3984,0,0,0,0,30223,0,5529,0,0
2024-07-19,port120,Barranquilla,2,1,2223,0,0,2223,0,0,0,0,0,0,0,0
2024-07-20,port120,Barranquilla,4,1,42917,16199,39706,495,0,2715,0,14770,0,0,1428,0
2024-07-21,port120,Barranquilla,3,2,2219,0,0,2219,0,0,0,0,0,0,0,0
2024-07-22,port120,Barranquilla,1,0,0,3699,0,0,0,0,0,0,0,0,3699,0
2024-07-23,port120,Barranquilla,7,1,91871,644,88508,971,2391,0,0,0,644,0,0,0
2024-07-24,port120,Barranquilla,2,1,1348,277,0,1348,0,0,0,0,0,0,277,0
2024-07-25,port120,Barranquilla,4,0,79213,10337,79213,0,0,0,0,5463,0,4873,0,0
2024-07-26,port120,Barranquilla,0,0,0,0,0,0,0,0,0,0,0,0,0,0
2024-07-27,port120,Barranquilla,2,0,0,3511,0,0,0,0,0,0,0,0,3511,0
2024-07-28,port120,Barranquilla,3,0,0,46102,0,0,0,0,0,41339,0,0,4762,0
2024-07-29,port120,Barranquilla,1,1,0,1427,0,0,0,0,0,0,1427,0,0,0
2024-07-30,port120,Barranquilla,7,2,4421,72438,0,0,1706,2715,0,67245,1439,1705,2048,0
2024-07-31,port120,Barranquilla,1,0,140,0,0,0,140,0,0,0,0,0,0,0
2024-08-01,port120,Barranquilla,3,0,6339,17063,6339,0,0,0,0,17063,0,0,0,0
2024-08-02,port120,Barranquilla,3,2,3774,2101,0,3774,0,0,0,0,2101,0,0,0
2024-08-03,port120,Barranquilla,2,0,6552,1705,0,0,1706,4846,0,0,0,1705,0,0
2024-08-04,port120,Barranquilla,7,1,17271,73523,11915,0,5355,0,0,68745,1316,0,3461,0
2024-08-05,port120,Barranquilla,3,0,23638,36212,23638,0,0,0,0,36212,0,0,0,0
2024-08-06,port120,Barranquilla,3,0,16609,5078,0,0,0,16609,0,0,0,5078,0,0
2024-08-07,port120,Barranquilla,4,2,9340,2965,0,0,9340,0,0,0,2965,0,0,0
2024-08-08,port120,Barranquilla,2,1,1696,506,0,0,0,1696,0,0,506,0,0,0
2024-08-09,port120,Barranquilla,2,1,38407,0,34286,4121,0,0,0,0,0,0,0,0
2024-08-10,port120,Barranquilla,1,1,0,2498,0,0,0,0,0,0,2498,0,0,0
2024-08-11,port120,Barranquilla,2,0,2141,2643,2141,0,0,0,0,0,0,0,2643,0
2024-08-12,port120,Barranquilla,1,0,22855,0,22855,0,0,0,0,0,0,0,0,0
2024-08-13,port120,Barranquilla,3,1,1706,45761,0,0,1706,0,0,43669,386,1705,0,0
2024-08-14,port120,Barranquilla,3,1,2715,2506,0,0,0,2715,0,0,1077,0,1428,0
2024-08-15,port120,Barranquilla,2,0,28987,0,24781,0,4206,0,0,0,0,0,0,0
2024-08-16,port120,Barranquilla,2,1,8380,0,2382,5998,0,0,0,0,0,0,0,0
2024-08-17,port120,Barranquilla,1,0,28347,0,28347,0,0,0,0,0,0,0,0,0
2024-08-18,port120,Barranquilla,2,1,5297,654,5297,0,0,0,0,0,654,0,0,0
2024-08-19,port120,Barranquilla,3,0,40032,1428,37317,0,0,2715,0,0,0,0,1428,0
2024-08-20,port120,Barranquilla,3,0,11461,267,8044,0,3416,0,0,0,0,267,0,0
2024-08-21,port120,Barranquilla,3,2,3993,644,0,1733,2260,0,0,0,644,0,0,0
2024-08-22,port120,Barranquilla,4,0,78936,27762,76221,0,0,2715,0,0,0,0,27762,0
2024-08-23,port120,Barranquilla,4,2,3688,0,0,2872,815,0,0,0,0,0,0,0
2024-08-24,port120,Barranquilla,2,0,0,44716,0,0,0,0,0,39308,0,5407,0,0
2024-08-25,port120,Barranquilla,3,1,0,10708,0,0,0,0,0,0,709,0,9999,0
2024-08-26,port120,Barranquilla,1,0,1706,1705,0,0,1706,0,0,0,0,1705,0,0
2024-08-27,port120,Barranquilla,3,1,0,17270,0,0,0,0,0,3262,1165,12842,0,0
2024-08-28,port120,Barranquilla,2,1,23938,538,0,0,0,23938,0,0,538,0,0,0
2024-08-29,port120,Barranquilla,1,0,29798,0,29798,0,0,0,0,0,0,0,0,0
2024-08-30,port120,Barranquilla,5,2,15658,6295,12015,3642,0,0,0,5463,0,0,831,0
2024-08-31,port120,Barranquilla,5,1,18389,34257,18389,0,0,0,0,33255,979,22,0,0
2024-09-01,port120,Barranquilla,2,0,10366,0,0,0,9252,1114,0,0,0,0,0,0
2024-09-02,port120,Barranquilla,2,0,25431,5463,25431,0,0,0,0,5463,0,0,0,0
2024-09-03,port120,Barranquilla,3,1,13415,3919,13415,0,0,0,0,0,1070,0,2848,0
2024-09-04,port120,Barranquilla,3,1,0,3695,0,0,0,0,0,0,2995,699,0,0
2024-09-05,port120,Barranquilla,2,1,10800,644,0,971,0,9829,0,0,644,0,0,0
2024-09-06,port120,Barranquilla,4,0,3273,5537,0,0,1929,1343,0,0,0,5537,0,0
2024-09-07,port120,Barranquilla,3,1,1880,10716,0,1880,0,0,0,8594,0,2122,0,0
2024-09-08,port120,Barranquilla,4,1,1706,47678,0,0,1706,0,0,16121,1066,1705,28784,0
2024-09-09,port120,Barranquilla,3,0,1706,1705,0,0,1706,0,0,0,0,1705,0,0
2024-09-10,port120,Barranquilla,3,1,41790,10038,41790,0,0,0,0,0,776,0,9262,0
2024-09-11,port120,Barranquilla,6,1,19153,14278,12015,1335,1706,4097,0,6430,0,7847,0,0
2024-09-12,port120,Barranquilla,3,0,38635,21310,38635,0,0,0,0,0,0,7167,14143,0
2024-09-13,port120,Barranquilla,0,0,0,0,0,0,0,0,0,0,0,0,0,0
2024-09-14,port120,Barranquilla,4,1,71595,4694,68880,0,0,2715,0,0,3266,0,1428,0
2024-09-15,port120,Barranquilla,3,1,2226,816,0,2226,0,0,0,0,0,816,0,0
2024-09-16,port120,Barranquilla,4,0,50582,11966,50582,0,0,0,0,11966,0,0,0,0
2024-09-17,port120,Barranquilla,1,0,2449,0,2449,0,0,0,0,0,0,0,0,0
2024-09-18,port120,Barranquilla,4,1,42762,16078,29391,971,0,12400,0,0,644,0,15434,0
2024-09-19,port120,Barranquilla,0,0,0,0,0,0,0,0,0,0,0,0,0,0
2024-09-20,port120,Barranquilla,3,1,971,644,0,971,0,0,0,0,644,0,0,0
2024-09-21,port120,Barranquilla,2,0,22587,0,20876,0,1711,0,0,0,0,0,0,0
2024-09-22,port120,Barranquilla,1,1,0,1068,0,0,0,0,0,0,1068,0,0,0
2024-09-23,port120,Barranquilla,0,0,0,0,0,0,0,0,0,0,0,0,0,0
2024-09-24,port120,Barranquilla,5,1,6070,2095,0,0,6070,0,0,0,785,1310,0,0
2024-09-25,port120,Barranquilla,0,0,0,0,0,0,0,0,0,0,0,0,0,0
2024-09-26,port120,Barranquilla,1,0,39319,0,39319,0,0,0,0,0,0,0,0,0
2024-09-27,port120,Barranquilla,2,2,3537,0,0,3537,0,0,0,0,0,0,0,0
2024-09-28,port120,Barranquilla,4,1,7887,12602,0,0,7887,0,0,0,1966,10636,0,0
2024-09-29,port120,Barranquilla,2,0,16849,0,16684,0,164,0,0,0,0,0,0,0
2024-09-30,port120,Barranquilla,6,0,58126,51319,56420,0,1706,0,0,45288,0,1705,4325,0
2024-10-01,port120,Barranquilla,2,0,34712,3749,34712,0,0,0,0,0,0,0,3749,0
2024-10-02,port120,Barranquilla,2,0,45693,0,45693,0,0,0,0,0,0,0,0,0
2024-10-03,port120,Barranquilla,2,1,0,1096,0,0,0,0,0,0,1096,0,0,0
2024-10-04,port120,Barranquilla,2,1,0,1310,0,0,0,0,0,553,757,0,0,0
2024-10-05,port120,Barranquilla,3,1,21340,5309,0,2731,0,18609,0,0,0,5309,0,0
2024-10-06,port120,Barranquilla,3,2,24015,0,0,2234,0,21781,0,0,0,0,0,0
2024-10-07,port120,Barranquilla,0,0,0,0,0,0,0,0,0,0,0,0,0,0
2024-10-08,port120,Barranquilla,4,1,0,49760,0,0,0,0,0,27597,3113,4814,14235,0
2024-10-09,port120,Barranquilla,3,0,75003,0,75003,0,0,0,0,0,0,0,0,0
2024-10-10,port120,Barranquilla,2,0,32924,0,32227,0,697,0,0,0,0,0,0,0
2024-10-11,port120,Barranquilla,1,0,2154,0,0,0,0,2154,0,0,0,0,0,0
2024-10-12,port120,Barranquilla,3,2,0,21272,0,0,0,0,0,0,7128,0,14143,0
2024-10-13,port120,Barranquilla,4,0,75413,965,72506,0,0,2906,0,0,0,0,965,0
2024-10-14,port120,Barranquilla,5,0,28884,15229,28558,0,326,0,0,15229,0,0,0,0
2024-10-15,port120,Barranquilla,0,0,0,0,0,0,0,0,0,0,0,0,0,0
2024-10-16,port120,Barranquilla,4,1,29953,15626,12015,0,0,17938,0,14506,1119,0,0,0
2024-10-17,port120,Barranquilla,3,2,33790,1370,33025,765,0,0,0,0,1370,0,0,0
2024-10-18,port120,Barranquilla,3,1,39470,0,37210,2259,0,0,0,0,0,0,0,0
2024-10-19,port120,Barranquilla,1,1,0,1423,0,0,0,0,0,0,1423,0,0,0
2024-10-20,port120,Barranquilla,6,0,66467,8275,61054,0,3412,2000,0,0,0,3410,4865,0
2024-10-21,port120,Barranquilla,3,1,4038,52866,0,4038,0,0,0,36832,0,0,16034,0
2024-10-22,port120,Barranquilla,3,1,3391,386,0,0,231,3160,0,0,386,0,0,0
2024-10-23,port120,Barranquilla,4,1,12466,31053,0,0,12466,0,0,30658,394,0,0,0
2024-10-24,port120,Barranquilla,3,0,6791,11017,0,0,6475,315,0,11017,0,0,0,0
2024-10-25,port120,Barranquilla,2,0,1842,0,0,0,1842,0,0,0,0,0,0,0
2024-10-26,port120,Barranquilla,4,2,3269,37520,0,3269,0,0,0,36658,861,0,0,0
2024-10-27,port120,Barranquilla,3,1,35798,3607,35798,0,0,0,0,0,3607,0,0,0
2024-10-28,port120,Barranquilla,1,0,0,0,0,0,0,0,0,0,0,0,0,0
2024-10-29,port120,Barranquilla,5,1,6404,856,5635,768,0,0,0,0,0,0,856,0
2024-10-30,port120,Barranquilla,7,1,52576,3401,52576,0,0,0,0,0,378,3023,0,0
2024-10-31,port120,Barranquilla,5,1,34513,4267,33128,1385,0,0,0,0,861,3406,0,0
2024-11-01,port120,Barranquilla,5,0,2715,64404,0,0,0,2715,0,62976,0,0,1428,0
2024-11-02,port120,Barranquilla,1,0,0,0,0,0,0,0,0,0,0,0,0,0
2024-11-03,port120,Barranquilla,2,1,0,48743,0,0,0,0,0,0,2496,0,46247,0
2024-11-04,port120,Barranquilla,3,1,39280,630,38897,383,0,0,0,0,0,0,630,0
2024-11-05,port120,Barranquilla,7,1,10327,29351,8620,0,1706,0,0,26475,1170,1705,0,0
2024-11-06,port120,Barranquilla,5,0,7222,38516,7057,0,164,0,0,36631,0,463,1421,0
2024-11-07,port120,Barranquilla,5,1,33871,6274,29912,256,1706,1996,0,0,0,1705,4568,0
2024-11-08,port120,Barranquilla,3,0,35881,0,30757,0,0,5124,0,0,0,0,0,0
2024-11-09,port120,Barranquilla,3,1,5721,30398,0,5721,0,0,0,26076,0,0,4322,0
2024-11-10,port120,Barranquilla,3,1,0,1626,0,0,0,0,0,0,1626,0,0,0
2024-11-11,port120,Barranquilla,1,0,2580,0,0,0,2580,0,0,0,0,0,0,0
2024-11-12,port120,Barranquilla,3,0,2036,0,0,0,2036,0,0,0,0,0,0,0
2024-11-13,port120,Barranquilla,2,0,0,30683,0,0,0,0,0,30683,0,0,0,0
2024-11-14,port120,Barranquilla,4,1,1706,48579,0,0,1706,0,0,46599,274,1705,0,0
2024-11-15,port120,Barranquilla,2,1,0,8268,0,0,0,0,0,0,3036,5232,0,0
2024-11-16,port120,Barranquilla,2,0,17368,11782,17368,0,0,0,0,0,0,0,11782,0
2024-11-17,port120,Barranquilla,2,1,355,0,0,355,0,0,0,0,0,0,0,0
2024-11-18,port120,Barranquilla,4,0,1706,10675,0,0,1706,0,0,0,0,1705,8970,0
2024-11-19,port120,Barranquilla,4,1,385,7222,0,385,0,0,0,7222,0,0,0,0
2024-11-20,port120,Barranquilla,4,0,24459,8591,24459,0,0,0,0,5463,0,3128,0,0
2024-11-21,port120,Barranquilla,4,2,4221,2349,0,2514,1706,0,0,0,644,1705,0,0
2024-11-22,port120,Barranquilla,3,1,6775,0,0,1280,906,4588,0,0,0,0,0,0
2024-11-23,port120,Barranquilla,2,0,41313,0,41313,0,0,0,0,0,0,0,0,0
2024-11-24,port120,Barranquilla,2,1,11505,655,0,0,0,11505,0,0,655,0,0,0
2024-11-25,port120,Barranquilla,3,1,42299,0,37044,5254,0,0,0,0,0,0,0,0
2024-11-26,port120,Barranquilla,1,0,0,0,0,0,0,0,0,0,0,0,0,0
2024-11-27,port120,Barranquilla,3,0,1706,3522,0,0,1706,0,0,0,0,3522,0,0
2024-11-28,port120,Barranquilla,0,0,0,0,0,0,0,0,0,0,0,0,0,0
2024-11-29,port120,Barranquilla,5,1,45688,73027,40508,2991,0,2188,0,73027,0,0,0,0
2024-11-30,port120,Barranquilla,2,0,33061,0,33061,0,0,0,0,0,0,0,0,0
2024-12-01,port120,Barranquilla,1,0,0,0,0,0,0,0,0,0,0,0,0,0
2024-12-02,port120,Barranquilla,2,1,0,1248,0,0,0,0,0,0,1248,0,0,0
2024-12-03,port120,Barranquilla,4,0,18639,0,12323,0,0,6315,0,0,0,0,0,0
2024-12-04,port120,Barranquilla,1,1,0,3505,0,0,0,0,0,0,3505,0,0,0
2024-12-05,port120,Barranquilla,1,0,0,0,0,0,0,0,0,0,0,0,0,0
2024-12-06,port120,Barranquilla,6,1,13603,1157,10337,2188,0,1077,0,0,0,1157,0,0
2024-12-07,port120,Barranquilla,4,2,45193,4127,40629,1849,0,2715,0,0,2698,0,1428,0
2024-12-08,port120,Barranquilla,5,0,42521,10327,41895,0,0,625,0,0,0,10327,0,0
2024-12-09,port120,Barranquilla,5,0,72124,4211,72124,0,0,0,0,0,0,462,3749,0
2024-12-10,port120,Barranquilla,1,0,0,13176,0,0,0,0,0,0,0,0,13176,0
2024-12-11,port120,Barranquilla,4,2,7034,2183,0,406,3272,3354,0,0,272,0,1910,0
2024-12-12,port120,Barranquilla,4,1,41769,0,38746,3023,0,0,0,0,0,0,0,0
2024-12-13,port120,Barranquilla,3,0,54466,0,42844,0,11622,0,0,0,0,0,0,0
2024-12-14,port120,Barranquilla,4,1,0,17982,0,0,0,0,0,0,382,13562,4038,0
2024-12-15,port120,Barranquilla,4,1,44204,30552,33726,516,9961,0,0,30552,0,0,0,0
2024-12-16,port120,Barranquilla,2,0,26801,0,25192,0,0,1608,0,0,0,0,0,0
2024-12-17,port120,Barranquilla,2,1,0,7654,0,0,0,0,0,0,540,7114,0,0
2024-12-18,port120,Barranquilla,3,0,2715,11358,0,0,0,2715,0,0,0,5930,5427,0
2024-12-19,port120,Barranquilla,3,1,1244,2311,0,769,474,0,0,0,0,0,2311,0
2024-12-20,port120,Barranquilla,1,0,13851,0,13851,0,0,0,0,0,0,0,0,0
2024-12-21,port120,Barranquilla,2,2,971,2584,0,971,0,0,0,0,2584,0,0,0
2024-12-22,port120,Barranquilla,2,1,0,24514,0,0,0,0,0,22547,1966,0,0,0
2024-12-23,port120,Barranquilla,2,0,12015,5463,12015,0,0,0,0,5463,0,0,0,0
2024-12-24,port120,Barranquilla,0,0,0,0,0,0,0,0,0,0,0,0,0,0
2024-12-25,port120,Barranquilla,2,1,1095,7264,0,1095,0,0,0,0,0,7264,0,0
2024-12-26,port120,Barranquilla,6,0,56637,31176,40227,0,0,16410,0,0,0,12881,18294,0
2024-12-27,port120,Barranquilla,3,1,11983,1590,11983,0,0,0,0,0,1590,0,0,0
2024-12-28,port120,Barranquilla,3,0,7412,7614,7412,0,0,0,0,0,0,0,7614,0
2024-12-29,port120,Barranquilla,5,2,4814,2609,4814,0,0,0,0,0,2609,0,0,0
2024-12-30,port120,Barranquilla,1,0,45478,0,45478,0,0,0,0,0,0,0,0,0
2024-12-31,port120,Barranquilla,3,0,411,462,0,0,411,0,0,0,0,462,0,0
2025-01-01,port120,Barranquilla,2,1,3119,0,2862,256,0,0,0,0,0,0,0,0
2025-01-02,port120,Barranquilla,3,0,1991,5505,0,0,284,1706,0,0,0,5505,0,0
2025-01-03,port120,Barranquilla,2,0,12305,3415,0,0,0,12305,0,0,0,0,3415,0
2025-01-04,port120,Barranquilla,4,1,24647,744,24647,0,0,0,0,0,744,0,0,0
2025-01-05,port120,Barranquilla,3,1,1136,1883,0,1136,0,0,0,0,0,1078,805,0
2025-01-06,port120,Barranquilla,5,1,8219,20814,6665,1554,0,0,0,1912,0,5930,12971,0
2025-01-07,port120,Barranquilla,5,0,44249,30039,42543,0,1706,0,0,28334,0,1705,0,0
2025-01-08,port120,Barranquilla,4,0,1850,39250,0,0,1850,0,0,32983,0,2231,4035,0
2025-01-09,port120,Barranquilla,2,1,38810,0,35252,3557,0,0,0,0,0,0,0,0
2025-01-10,port120,Barranquilla,3,2,37545,1883,34952,2592,0,0,0,0,1883,0,0,0
2025-01-11,port120,Barranquilla,1,0,0,0,0,0,0,0,0,0,0,0,0,0
2025-01-12,port120,Barranquilla,3,1,6201,0,6201,0,0,0,0,0,0,0,0,0
2025-01-13,port120,Barranquilla,3,1,16897,5463,12015,4882,0,0,0,5463,0,0,0,0
2025-01-14,port120,Barranquilla,6,0,47269,40328,46139,0,1130,0,0,40328,0,0,0,0
2025-01-15,port120,Barranquilla,3,1,36295,2276,35324,971,0,0,0,0,644,1631,0,0
2025-01-16,port120,Barranquilla,4,1,17166,0,8165,1096,0,7904,0,0,0,0,0,0
2025-01-17,port120,Barranquilla,4,0,4390,27505,4390,0,0,0,0,11010,0,0,16495,0
2025-01-18,port120,Barranquilla,2,0,0,33175,0,0,0,0,0,33175,0,0,0,0
2025-01-19,port120,Barranquilla,3,1,24734,3400,22019,0,0,2715,0,0,1972,0,1428,0
2025-01-20,port120,Barranquilla,2,0,3120,2763,0,0,0,3120,0,0,0,0,2763,0
2025-01-21,port120,Barranquilla,1,0,0,0,0,0,0,0,0,0,0,0,0,0
2025-01-22,port120,Barranquilla,4,1,30435,1590,0,971,0,29464,0,0,644,0,946,0
2025-01-23,port120,Barranquilla,3,1,0,42176,0,0,0,0,0,38515,2261,1399,0,0
2025-01-24,port120,Barranquilla,1,0,422,0,0,0,422,0,0,0,0,0,0,0
2025-01-25,port120,Barranquilla,4,1,47284,5829,41847,2722,0,2715,0,0,0,4401,1428,0
2025-01-26,port120,Barranquilla,2,0,40261,0,40261,0,0,0,0,0,0,0,0,0
2025-01-27,port120,Barranquilla,4,1,0,80863,0,0,0,0,0,79879,984,0,0,0
2025-01-28,port120,Barranquilla,1,0,1842,0,0,0,1842,0,0,0,0,0,0,0
2025-01-29,port120,Barranquilla,4,1,765,4913,0,765,0,0,0,0,0,4109,804,0
2025-01-30,port120,Barranquilla,2,0,0,2887,0,0,0,0,0,0,0,0,2887,0
2025-01-31,port120,Barranquilla,1,0,15424,0,15424,0,0,0,0,0,0,0,0,0
2025-02-01,port120,Barranquilla,2,1,44419,1644,44419,0,0,0,0,0,1644,0,0,0
2025-02-02,port120,Barranquilla,4,1,57738,1760,44311,971,0,12455,0,0,644,1116,0,0
2025-02-03,port120,Barranquilla,3,0,39563,5463,39563,0,0,0,0,5463,0,0,0,0
2025-02-04,port120,Barranquilla,0,0,0,0,0,0,0,0,0,0,0,0,0,0
2025-02-05,port120,Barranquilla,2,1,850,936,0,850,0,0,0,0,0,0,936,0
2025-02-06,port120,Barranquilla,3,1,31963,3346,30256,0,1706,0,0,0,1641,1705,0,0
2025-02-07,port120,Barranquilla,1,0,0,0,0,0,0,0,0,0,0,0,0,0
2025-02-08,port120,Barranquilla,1,0,27034,0,27034,0,0,0,0,0,0,0,0,0
2025-02-09,port120,Barranquilla,3,1,64657,644,50002,971,0,13684,0,0,644,0,0,0
2025-02-10,port120,Barranquilla,2,0,0,24941,0,0,0,0,0,24941,0,0,0,0
2025-02-11,port120,Barranquilla,2,0,36898,0,36898,0,0,0,0,0,0,0,0,0
2025-02-12,port120,Barranquilla,2,0,33063,25082,33063,0,0,0,0,0,0,0,25082,0
2025-02-13,port120,Barranquilla,3,1,33055,2001,33055,0,0,0,0,0,2001,0,0,0
2025-02-14,port120,Barranquilla,1,1,6839,0,0,6839,0,0,0,0,0,0,0,0
2025-02-15,port120,Barranquilla,3,2,1777,902,0,971,0,806,0,0,902,0,0,0
2025-02-16,port120,Barranquilla,0,0,0,0,0,0,0,0,0,0,0,0,0,0
2025-02-17,port120,Barranquilla,5,1,43846,5693,43189,656,0,0,0,0,0,2231,3461,0
2025-02-18,port120,Barranquilla,3,0,68905,0,68905,0,0,0,0,0,0,0,0,0
2025-02-19,port120,Barranquilla,2,0,5430,2856,0,0,0,5430,0,0,0,0,2856,0
2025-02-20,port120,Barranquilla,4,1,37976,38497,37464,511,0,0,0,38497,0,0,0,0
2025-02-21,port120,Barranquilla,2,1,5640,0,5261,379,0,0,0,0,0,0,0,0
2025-02-22,port120,Barranquilla,5,1,34140,30172,0,0,0,34140,0,28363,381,0,1428,0
2025-02-23,port120,Barranquilla,4,1,1578,12580,821,0,0,757,0,0,3535,9045,0,0
2025-02-24,port120,Barranquilla,2,0,2642,1705,0,0,2642,0,0,0,0,1705,0,0
2025-02-25,port120,Barranquilla,4,0,47491,5767,43744,0,3747,0,0,0,0,0,5767,0
2025-02-26,port120,Barranquilla,3,1,34350,4179,34350,0,0,0,0,0,388,3791,0,0
2025-02-27,port120,Barranquilla,1,1,1083,0,0,1083,0,0,0,0,0,0,0,0
2025-02-28,port120,Barranquilla,4,1,3202,2080,0,0,1706,1496,0,0,374,1705,0,0
2025-03-01,port120,Barranquilla,1,1,1881,0,0,1881,0,0,0,0,0,0,0,0
2025-03-02,port120,Barranquilla,2,0,40861,31912,40861,0,0,0,0,0,0,0,31912,0
2025-03-03,port120,Barranquilla,4,0,0,41722,0,0,0,0,0,40056,0,1665,0,0
2025-03-04,port120,Barranquilla,2,0,0,41688,0,0,0,0,0,39089,0,0,2599,0
2025-03-05,port120,Barranquilla,5,1,40265,4166,25600,508,1831,12324,0,0,0,0,4166,0
2025-03-06,port120,Barranquilla,2,1,1547,644,576,971,0,0,0,0,644,0,0,0
2025-03-07,port120,Barranquilla,3,1,15701,7536,12015,971,0,2715,0,5463,644,0,1428,0
2025-03-08,port120,Barranquilla,2,1,1632,2162,0,0,1632,0,0,0,2162,0,0,0
2025-03-09,port120,Barranquilla,1,1,0,2636,0,0,0,0,0,0,2636,0,0,0
2025-03-10,port120,Barranquilla,4,0,34214,8366,34214,0,0,0,0,0,0,8366,0,0
2025-03-11,port120,Barranquilla,0,0,0,0,0,0,0,0,0,0,0,0,0,0
2025-03-12,port120,Barranquilla,5,2,13400,8227,12015,1385,0,0,0,5463,1648,1116,0,0
2025-03-13,port120,Barranquilla,3,1,40064,1428,36579,769,0,2715,0,0,0,0,1428,0
2025-03-14,port120,Barranquilla,2,1,1120,6710,0,1120,0,0,0,6710,0,0,0,0
2025-03-15,port120,Barranquilla,2,1,1978,861,0,1385,592,0,0,0,861,0,0,0
2025-03-16,port120,Barranquilla,2,0,36433,0,36433,0,0,0,0,0,0,0,0,0
2025-03-17,port120,Barranquilla,3,1,10745,16233,8025,2720,0,0,0,0,0,0,16233,0
2025-03-18,port120,Barranquilla,1,0,0,164,0,0,0,0,0,0,0,164,0,0
2025-03-19,port120,Barranquilla,3,2,30478,1876,30478,0,0,0,0,0,1876,0,0,0
2025-03-20,port120,Barranquilla,4,1,44463,0,42016,2446,0,0,0,0,0,0,0,0
2025-03-21,port120,Barranquilla,3,1,15285,0,10438,4846,0,0,0,0,0,0,0,0
2025-03-22,port120,Barranquilla,3,0,0,15742,0,0,0,0,0,0,0,0,15742,0
2025-03-23,port120,Barranquilla,3,1,32673,1354,32673,0,0,0,0,0,1354,0,0,0
2025-03-24,port120,Barranquilla,4,0,38071,32369,37599,0,471,0,0,32234,0,135,0,0
2025-03-25,port120,Barranquilla,4,0,4658,6598,0,0,1706,2952,0,0,0,6598,0,0
2025-03-26,port120,Barranquilla,3,0,17737,5085,14382,0,0,3354,0,0,0,0,5085,0
2025-03-27,port120,Barranquilla,3,2,17905,0,14884,3020,0,0,0,0,0,0,0,0
2025-03-28,port120,Barranquilla,4,2,26177,0,0,4393,0,21784,0,0,0,0,0,0
2025-03-29,port120,Barranquilla,5,1,17682,4113,7436,0,10245,0,0,0,1966,0,2146,0
2025-03-30,port120,Barranquilla,1,0,0,4618,0,0,0,0,0,0,0,4618,0,0
2025-03-31,port120,Barranquilla,3,0,30489,0,30489,0,0,0,0,0,0,0,0,0
2025-04-01,port120,Barranquilla,1,0,0,0,0,0,0,0,0,0,0,0,0,0
2025-04-02,port120,Barranquilla,4,1,39217,3735,39217,0,0,0,0,0,2619,1116,0,0
2025-04-03,port120,Barranquilla,1,0,33566,0,33566,0,0,0,0,0,0,0,0,0
2025-04-04,port120,Barranquilla,5,1,20709,644,0,971,327,19411,0,0,644,0,0,0
2025-04-05,port120,Barranquilla,3,0,58514,46989,58514,0,0,0,0,46989,0,0,0,0
2025-04-06,port120,Barranquilla,1,1,0,540,0,0,0,0,0,0,540,0,0,0
2025-04-07,port120,Barranquilla,5,0,54576,0,54412,0,163,0,0,0,0,0,0,0
2025-04-08,port120,Barranquilla,3,1,698,8165,0,0,698,0,0,0,3794,4371,0,0
2025-04-09,port120,Barranquilla,3,1,3105,0,0,3105,0,0,0,0,0,0,0,0
2025-04-10,port120,Barranquilla,4,1,71130,4777,71130,0,0,0,0,0,1361,0,3415,0
2025-04-11,port120,Barranquilla,4,1,1508,266,0,1508,0,0,0,0,0,266,0,0
2025-04-12,port120,Barranquilla,1,0,7524,0,7524,0,0,0,0,0,0,0,0,0
2025-04-13,port120,Barranquilla,2,0,537,3751,0,0,0,537,0,0,0,0,3751,0
2025-04-14,port120,Barranquilla,1,0,12015,5463,12015,0,0,0,0,5463,0,0,0,0
2025-04-15,port120,Barranquilla,0,0,0,0,0,0,0,0,0,0,0,0,0,0
2025-04-16,port120,Barranquilla,5,1,36710,14424,36334,376,0,0,0,14424,0,0,0,0
2025-04-17,port120,Barranquilla,3,1,12551,33812,12015,536,0,0,0,33812,0,0,0,0
2025-04-18,port120,Barranquilla,3,1,5649,0,0,5235,413,0,0,0,0,0,0,0
2025-04-19,port120,Barranquilla,0,0,0,0,0,0,0,0,0,0,0,0,0,0
2025-04-20,port120,Barranquilla,7,1,52006,2001,50396,0,0,1610,0,0,2001,0,0,0
2025-04-21,port120,Barranquilla,2,0,15526,5463,12015,0,0,3511,0,5463,0,0,0,0
2025-04-22,port120,Barranquilla,4,0,12160,38466,10453,0,1706,0,0,29425,0,9041,0,0
2025-04-23,port120,Barranquilla,2,1,26825,0,24499,2325,0,0,0,0,0,0,0,0
2025-04-24,port120,Barranquilla,2,0,46027,0,46027,0,0,0,0,0,0,0,0,0
2025-04-25,port120,Barranquilla,4,0,504,10945,0,0,504,0,0,0,0,8066,2878,0
2025-04-26,port120,Barranquilla,6,2,44581,2180,38411,6005,164,0,0,0,2180,0,0,0
2025-04-27,port120,Barranquilla,4,1,7786,11646,3591,4195,0,0,0,11646,0,0,0,0
2025-04-28,port120,Barranquilla,3,1,13880,6912,12015,1865,0,0,0,5463,0,0,1449,0
2025-04-29,port120,Barranquilla,3,0,44877,0,40425,0,4451,0,0,0,0,0,0,0
2025-04-30,port120,Barranquilla,3,1,5317,743,0,0,0,5317,0,0,743,0,0,0
2025-05-01,port120,Barranquilla,5,2,6528,1152,4841,971,0,715,0,0,1152,0,0,0
2025-05-02,port120,Barranquilla,4,1,80200,36036,38093,1496,0,40610,0,36036,0,0,0,0
2025-05-03,port120,Barranquilla,1,0,34237,0,34237,0,0,0,0,0,0,0,0,0
2025-05-04,port120,Barranquilla,2,1,378,2440,0,0,378,0,0,0,2440,0,0,0
2025-05-05,port120,Barranquilla,2,0,0,28328,0,0,0,0,0,24866,0,0,3461,0
2025-05-06,port120,Barranquilla,2,1,971,8292,0,971,0,0,0,0,644,7648,0,0
2025-05-07,port120,Barranquilla,5,2,75413,5033,41736,1942,0,31734,0,0,1289,3744,0,0
2025-05-08,port120,Barranquilla,5,0,73422,5463,33011,0,1842,38567,0,5463,0,0,0,0
2025-05-09,port120,Barranquilla,2,1,12390,5463,12015,375,0,0,0,5463,0,0,0,0
2025-05-10,port120,Barranquilla,5,1,39804,44586,38833,971,0,0,0,40525,644,0,3415,0
2025-05-11,port120,Barranquilla,1,0,0,38554,0,0,0,0,0,38554,0,0,0,0
2025-05-12,port120,Barranquilla,1,0,3562,0,3562,0,0,0,0,0,0,0,0,0
2025-05-13,port120,Barranquilla,2,1,971,6663,0,971,0,0,0,0,644,6018,0,0
2025-05-14,port120,Barranquilla,1,1,1114,0,0,1114,0,0,0,0,0,0,0,0
2025-05-15,port120,Barranquilla,1,0,37118,0,37118,0,0,0,0,0,0,0,0,0
2025-05-16,port120,Barranquilla,5,2,4394,19889,0,4394,0,0,0,0,0,3156,16733,0
2025-05-17,port120,Barranquilla,1,0,0,0,0,0,0,0,0,0,0,0,0,0
2025-05-18,port120,Barranquilla,0,0,0,0,0,0,0,0,0,0,0,0,0,0
2025-05-19,port120,Barranquilla,2,0,477,16167,0,0,477,0,0,0,0,0,16167,0
2025-05-20,port120,Barranquilla,5,1,28231,29363,26454,971,0,806,0,28718,644,0,0,0
2025-05-21,port120,Barranquilla,3,0,19434,0,18145,0,1288,0,0,0,0,0,0,0
2025-05-22,port120,Barranquilla,2,1,12706,1171,12706,0,0,0,0,0,1171,0,0,0
2025-05-23,port120,Barranquilla,3,2,7262,0,0,7262,0,0,0,0,0,0,0,0
2025-05-24,port120,Barranquilla,2,0,12015,7774,12015,0,0,0,0,5463,0,0,2311,0
2025-05-25,port120,Barranquilla,1,0,35295,0,35295,0,0,0,0,0,0,0,0,0
2025-05-26,port120,Barranquilla,3,0,1870,1705,0,0,1870,0,0,0,0,1705,0,0
2025-05-27,port120,Barranquilla,4,2,36172,1738,35201,971,0,0,0,0,1738,0,0,0
2025-05-28,port120,Barranquilla,5,2,85600,6783,83658,1942,0,0,0,0,1289,0,5494,0
2025-05-29,port120,Barranquilla,0,0,0,0,0,0,0,0,0,0,0,0,0,0
2025-05-30,port120,Barranquilla,3,1,14919,0,0,5633,0,9286,0,0,0,0,0,0
2025-05-31,port120,Barranquilla,0,0,0,0,0,0,0,0,0,0,0,0,0,0
2025-06-01,port120,Barranquilla,3,1,12139,250,0,0,322,11816,0,0,250,0,0,0
2025-06-02,port120,Barranquilla,2,0,34751,0,34751,0,0,0,0,0,0,0,0,0
2025-06-03,port120,Barranquilla,5,1,31721,6854,25385,364,5971,0,0,0,0,6854,0,0
2025-06-04,port120,Barranquilla,2,1,2489,2718,0,0,0,2489,0,0,2718,0,0,0
2025-06-05,port120,Barranquilla,4,0,38111,1705,0,0,1706,36405,0,0,0,1705,0,0
2025-06-06,port120,Barranquilla,4,1,25716,39901,13241,4509,7965,0,0,39901,0,0,0,0
2025-06-07,port120,Barranquilla,1,0,8589,0,0,0,8589,0,0,0,0,0,0,0
2025-06-08,port120,Barranquilla,1,1,0,818,0,0,0,0,0,0,818,0,0,0
2025-06-09,port120,Barranquilla,2,0,471,0,0,0,471,0,0,0,0,0,0,0
2025-06-10,port120,Barranquilla,3,2,2223,1100,0,2223,0,0,0,0,1100,0,0,0
2025-06-11,port120,Barranquilla,5,1,23527,33942,22027,1499,0,0,0,21682,0,8510,3749,0
2025-06-12,port120,Barranquilla,2,0,1706,1705,0,0,1706,0,0,0,0,1705,0,0
2025-06-13,port120,Barranquilla,5,1,60055,0,42329,4111,0,13614,0,0,0,0,0,0
2025-06-14,port120,Barranquilla,1,0,0,2848,0,0,0,0,0,0,0,0,2848,0
2025-06-15,port120,Barranquilla,4,1,31014,37725,31014,0,0,0,0,36414,1311,0,0,0
2025-06-16,port120,Barranquilla,2,1,0,8760,0,0,0,0,0,4800,3959,0,0,0
2025-06-17,port120,Barranquilla,2,1,971,40090,0,971,0,0,0,39446,644,0,0,0
2025-06-18,port120,Barranquilla,2,1,0,6005,0,0,0,0,0,0,774,0,5231,0
2025-06-19,port120,Barranquilla,3,1,45271,644,44300,971,0,0,0,0,644,0,0,0
2025-06-20,port120,Barranquilla,4,1,127424,0,126296,1128,0,0,0,0,0,0,0,0
2025-06-21,port120,Barranquilla,3,0,11251,1623,0,0,0,11251,0,0,0,1623,0,0
2025-06-22,port120,Barranquilla,3,0,0,10430,0,0,0,0,0,0,0,2946,7483,0
2025-06-23,port120,Barranquilla,1,0,19232,0,0,0,0,19232,0,0,0,0,0,0
2025-06-24,port120,Barranquilla,4,2,2072,6530,0,365,1706,0,0,0,502,1705,4322,0
2025-06-25,port120,Barranquilla,5,1,73871,0,64605,1493,0,7771,0,0,0,0,0,0
2025-06-26,port120,Barranquilla,0,0,0,0,0,0,0,0,0,0,0,0,0,0
2025-06-27,port120,Barranquilla,4,1,4323,44123,0,2616,1706,0,0,42418,0,1705,0,0
2025-06-28,port120,Barranquilla,2,0,59349,0,39750,0,0,19598,0,0,0,0,0,0
2025-06-29,port120,Barranquilla,3,0,0,1153,0,0,0,0,0,1153,0,0,0,0
2025-06-30,port120,Barranquilla,1,1,1495,0,0,1495,0,0,0,0,0,0,0,0
2025-07-01,port120,Barranquilla,1,1,727,0,0,727,0,0,0,0,0,0,0,0
2025-07-02,port120,Barranquilla,3,1,0,35422,0,0,0,0,0,28629,4313,2479,0,0
2025-07-03,port120,Barranquilla,3,0,0,69927,0,0,0,0,0,69927,0,0,0,0
2025-07-04,port120,Barranquilla,3,2,3409,0,0,1675,1734,0,0,0,0,0,0,0
2025-07-05,port120,Barranquilla,5,0,22194,534,19859,0,1578,756,0,0,0,0,534,0
2025-07-06,port120,Barranquilla,2,0,28774,1428,26059,0,0,2715,0,0,0,0,1428,0
2025-07-07,port120,Barranquilla,1,0,27102,0,27102,0,0,0,0,0,0,0,0,0
2025-07-08,port120,Barranquilla,3,2,971,31037,0,971,0,0,0,29668,1369,0,0,0
2025-07-09,port120,Barranquilla,3,1,35869,4047,35869,0,0,0,0,0,1855,0,2191,0
2025-07-10,port120,Barranquilla,3,1,256,33045,0,256,0,0,0,28306,0,4739,0,0
2025-07-11,port120,Barranquilla,4,1,93711,0,86232,7478,0,0,0,0,0,0,0,0
2025-07-12,port120,Barranquilla,2,0,1706,1705,0,0,1706,0,0,0,0,1705,0,0
2025-07-13,port120,Barranquilla,2,0,13240,1051,11364,0,0,1875,0,0,0,0,1051,0
2025-07-14,port120,Barranquilla,2,1,501,12048,0,501,0,0,0,0,0,0,12048,0
2025-07-15,port120,Barranquilla,6,2,25916,11270,22267,1942,1706,0,0,0,1289,6519,3461,0
2025-07-16,port120,Barranquilla,4,1,8552,0,7352,1056,143,0,0,0,0,0,0,0
2025-07-17,port120,Barranquilla,0,0,0,0,0,0,0,0,0,0,0,0,0,0
2025-07-18,port120,Barranquilla,4,1,48163,0,41511,4504,0,2147,0,0,0,0,0,0
2025-07-19,port120,Barranquilla,1,0,0,30938,0,0,0,0,0,0,0,0,30938,0
2025-07-20,port120,Barranquilla,2,0,18052,3415,18052,0,0,0,0,0,0,0,3415,0
2025-07-21,port120,Barranquilla,2,1,0,1451,0,0,0,0,0,0,1451,0,0,0
2025-07-22,port120,Barranquilla,0,0,0,0,0,0,0,0,0,0,0,0,0,0
2025-07-23,port120,Barranquilla,6,2,42904,251,38766,1114,424,2598,0,0,251,0,0,0
2025-07-24,port120,Barranquilla,5,0,96298,5463,96298,0,0,0,0,5463,0,0,0,0
2025-07-25,port120,Barranquilla,3,1,16514,9730,12015,4498,0,0,0,5463,0,4266,0,0
2025-07-26,port120,Barranquilla,2,1,0,4595,0,0,0,0,0,0,4057,0,537,0
2025-07-27,port120,Barranquilla,1,0,17190,0,0,0,0,17190,0,0,0,0,0,0
2025-07-28,port120,Barranquilla,5,2,249,22366,0,249,0,0,0,19580,1092,1693,0,0
2025-07-29,port120,Barranquilla,5,0,59498,5620,59498,0,0,0,0,5463,0,156,0,0
2025-07-30,port120,Barranquilla,6,1,72011,24727,68122,388,3500,0,0,24727,0,0,0,0
2025-07-31,port120,Barranquilla,3,1,0,29834,0,0,0,0,0,25888,771,0,3174,0
2025-08-01,port120,Barranquilla,3,1,5430,3610,0,0,0,5430,0,0,754,0,2856,0
2025-08-02,port120,Barranquilla,2,0,1706,1705,0,0,1706,0,0,0,0,1705,0,0
2025-08-03,port120,Barranquilla,3,0,10169,5101,10169,0,0,0,0,0,0,5101,0,0
2025-08-04,port120,Barranquilla,3,0,27318,7721,26654,0,0,663,0,0,0,0,7721,0
2025-08-05,port120,Barranquilla,5,2,38242,0,36896,1346,0,0,0,0,0,0,0,0
2025-08-06,port120,Barranquilla,3,1,53227,744,53227,0,0,0,0,0,744,0,0,0
2025-08-07,port120,Barranquilla,3,1,0,5145,0,0,0,0,0,0,1357,3787,0,0
2025-08-08,port120,Barranquilla,2,1,41512,0,38495,3016,0,0,0,0,0,0,0,0
2025-08-09,port120,Barranquilla,2,0,0,51819,0,0,0,0,0,51819,0,0,0,0
2025-08-10,port120,Barranquilla,1,0,0,30796,0,0,0,0,0,30796,0,0,0,0
2025-08-11,port120,Barranquilla,4,1,46731,325,46481,250,0,0,0,0,0,325,0,0
2025-08-12,port120,Barranquilla,1,0,2715,1428,0,0,0,2715,0,0,0,0,1428,0
2025-08-13,port120,Barranquilla,1,1,0,1939,0,0,0,0,0,0,1939,0,0,0
2025-08-14,port120,Barranquilla,3,2,0,4924,0,0,0,0,0,0,1721,3202,0,0
2025-08-15,port120,Barranquilla,6,2,16406,1705,0,6334,1706,8365,0,0,0,1705,0,0
2025-08-16,port120,Barranquilla,2,0,2136,0,0,0,2136,0,0,0,0,0,0,0
2025-08-17,port120,Barranquilla,2,0,11737,0,0,0,0,11737,0,0,0,0,0,0
2025-08-18,port120,Barranquilla,3,0,7737,3174,7737,0,0,0,0,0,0,0,3174,0
2025-08-19,port120,Barranquilla,5,1,13036,2593,10224,0,2085,726,0,0,362,2231,0,0
2025-08-20,port120,Barranquilla,4,2,37273,644,35799,1473,0,0,0,0,644,0,0,0
2025-08-21,port120,Barranquilla,5,1,54423,2709,34793,506,0,19123,0,1449,0,1260,0,0
2025-08-22,port120,Barranquilla,2,2,4887,11097,0,4887,0,0,0,0,11097,0,0,0
2025-08-23,port120,Barranquilla,0,0,0,0,0,0,0,0,0,0,0,0,0,0
2025-08-24,port120,Barranquilla,3,1,31320,28344,31320,0,0,0,0,27255,1088,0,0,0
2025-08-25,port120,Barranquilla,5,1,80857,5745,76200,0,4656,0,0,0,250,0,5494,0
2025-08-26,port120,Barranquilla,2,1,0,36375,0,0,0,0,0,36375,0,0,0,0
2025-08-27,port120,Barranquilla,2,1,0,2106,0,0,0,0,0,0,1160,0,946,0
2025-08-28,port120,Barranquilla,6,1,111822,0,110161,1086,0,574,0,0,0,0,0,0
2025-08-29,port120,Barranquilla,2,1,14441,0,0,374,0,14066,0,0,0,0,0,0
2025-08-30,port120,Barranquilla,1,0,0,2584,0,0,0,0,0,0,0,2584,0,0
2025-08-31,port120,Barranquilla,1,0,0,5954,0,0,0,0,0,0,0,5954,0,0
2025-09-01,port120,Barranquilla,2,0,2715,23849,0,0,0,2715,0,22421,0,0,1428,0
2025-09-02,port120,Barranquilla,7,2,71128,3882,71128,0,0,0,0,0,3749,133,0,0
2025-09-03,port120,Barranquilla,3,0,0,31196,0,0,0,0,0,27552,0,469,3174,0
2025-09-04,port120,Barranquilla,4,2,15681,14085,13166,2515,0,0,0,14085,0,0,0,0
2025-09-05,port120,Barranquilla,1,1,749,0,0,749,0,0,0,0,0,0,0,0
2025-09-06,port120,Barranquilla,0,0,0,0,0,0,0,0,0,0,0,0,0,0
2025-09-07,port120,Barranquilla,3,1,85082,539,85082,0,0,0,0,0,539,0,0,0
2025-09-08,port120,Barranquilla,3,1,0,12324,0,0,0,0,0,0,1503,0,10821,0
2025-09-09,port120,Barranquilla,2,1,0,5968,0,0,0,0,0,0,3323,2644,0,0
2025-09-10,port120,Barranquilla,4,1,23519,5741,20804,0,0,2715,0,0,4313,0,1428,0
2025-09-11,port120,Barranquilla,3,1,6649,0,0,1521,5127,0,0,0,0,0,0,0
2025-09-12,port120,Barranquilla,3,1,1496,483,0,1496,0,0,0,483,0,0,0,0
2025-09-13,port120,Barranquilla,2,1,7934,1428,0,5219,0,2715,0,0,0,0,1428,0
2025-09-14,port120,Barranquilla,2,1,0,251,0,0,0,0,0,0,251,0,0,0
2025-09-15,port120,Barranquilla,7,0,78245,50955,78217,0,0,28,0,49855,0,1100,0,0
2025-09-16,port120,Barranquilla,1,1,3323,0,0,3323,0,0,0,0,0,0,0,0
2025-09-17,port120,Barranquilla,3,1,8681,1428,0,1493,4472,2715,0,0,0,0,1428,0
2025-09-18,port120,Barranquilla,4,1,2888,555,2888,0,0,0,0,0,270,0,284,0
2025-09-19,port120,Barranquilla,2,1,3721,0,0,3721,0,0,0,0,0,0,0,0
2025-09-20,port120,Barranquilla,4,0,39553,11494,4586,0,3883,31083,0,0,0,0,11494,0
2025-09-21,port120,Barranquilla,3,0,30687,0,30687,0,0,0,0,0,0,0,0,0
2025-09-22,port120,Barranquilla,5,3,922,5193,0,922,0,0,0,0,2019,0,3174,0
2025-09-23,port120,Barranquilla,3,2,39087,644,38116,971,0,0,0,0,644,0,0,0
2025-09-24,port120,Barranquilla,2,0,69186,0,32694,0,0,36492,0,0,0,0,0,0
2025-09-25,port120,Barranquilla,2,0,48861,0,48861,0,0,0,0,0,0,0,0,0
2025-09-26,port120,Barranquilla,3,1,1812,0,0,1128,0,684,0,0,0,0,0,0
2025-09-27,port120,Barranquilla,1,0,0,0,0,0,0,0,0,0,0,0,0,0
2025-09-28,port120,Barranquilla,2,0,33819,3218,33819,0,0,0,0,0,0,0,3218,0
2025-09-29,port120,Barranquilla,3,2,10642,753,0,6355,4287,0,0,0,753,0,0,0
2025-09-30,port120,Barranquilla,4,1,10637,12067,10276,360,0,0,0,0,0,0,12067,0
2025-10-01,port120,Barranquilla,2,1,13826,0,11955,1871,0,0,0,0,0,0,0,0
2025-10-02,port120,Barranquilla,3,1,971,13100,0,971,0,0,0,8253,644,4201,0,0
2025-10-03,port120,Barranquilla,5,1,27485,10194,27485,0,0,0,0,0,371,5978,3843,0
2025-10-04,port120,Barranquilla,4,0,6817,6184,0,0,4101,2715,0,0,0,4756,1428,0
2025-10-05,port120,Barranquilla,2,1,0,1628,0,0,0,0,0,0,1628,0,0,0
2025-10-06,port120,Barranquilla,2,1,0,41289,0,0,0,0,0,41038,250,0,0,0
2025-10-07,port120,Barranquilla,2,1,4768,389,0,4768,0,0,0,0,0,0,389,0
2025-10-08,port120,Barranquilla,4,1,18096,3667,16552,971,0,573,0,0,644,0,3023,0
2025-10-09,port120,Barranquilla,4,1,52633,0,50096,508,2029,0,0,0,0,0,0,0
2025-10-10,port120,Barranquilla,2,1,0,2211,0,0,0,0,0,0,749,1461,0,0
2025-10-11,port120,Barranquilla,3,0,30393,38411,30393,0,0,0,0,36180,0,2231,0,0
2025-10-12,port120,Barranquilla,4,1,5562,1167,0,971,4591,0,0,0,644,523,0,0
2025-10-13,port120,Barranquilla,1,0,0,3461,0,0,0,0,0,0,0,0,3461,0
2025-10-14,port120,Barranquilla,3,1,5191,2246,0,0,0,5191,0,0,2246,0,0,0
2025-10-15,port120,Barranquilla,3,1,35634,938,34885,749,0,0,0,0,0,938,0,0
2025-10-16,port120,Barranquilla,4,1,40132,0,36348,1900,1103,780,0,0,0,0,0,0
2025-10-17,port120,Barranquilla,2,1,3360,0,0,3360,0,0,0,0,0,0,0,0
2025-10-18,port120,Barranquilla,3,0,81853,12995,81853,0,0,0,0,0,0,0,12995,0
2025-10-19,port120,Barranquilla,5,2,2208,17464,0,502,1706,0,0,0,3255,14208,0,0
2025-10-20,port120,Barranquilla,0,0,0,0,0,0,0,0,0,0,0,0,0,0
2025-10-21,port120,Barranquilla,2,1,2158,26091,0,2158,0,0,0,26091,0,0,0,0
2025-10-22,port120,Barranquilla,3,2,8160,3320,7388,771,0,0,0,0,3320,0,0,0
2025-10-23,port120,Barranquilla,3,1,0,987,0,0,0,0,0,0,987,0,0,0
2025-10-24,port120,Barranquilla,4,1,39967,0,35460,2259,0,2247,0,0,0,0,0,0
2025-10-25,port120,Barranquilla,3,0,38434,2122,38434,0,0,0,0,0,0,2122,0,0
2025-10-26,port120,Barranquilla,3,0,10354,6262,0,0,1706,8648,0,0,0,6262,0,0
2025-10-27,port120,Barranquilla,5,1,68793,37809,68793,0,0,0,0,36806,1003,0,0,0
2025-10-28,port120,Barranquilla,4,2,48274,2181,41919,6355,0,0,0,0,2181,0,0,0
2025-10-29,port120,Barranquilla,5,1,40172,0,37421,1860,0,889,0,0,0,0,0,0
2025-10-30,port120,Barranquilla,3,1,3731,0,0,1787,52,1890,0,0,0,0,0,0
2025-10-31,port120,Barranquilla,2,1,2244,3461,0,2244,0,0,0,0,0,0,3461,0
2025-11-01,port120,Barranquilla,2,0,75957,0,75957,0,0,0,0,0,0,0,0,0
2025-11-02,port120,Barranquilla,4,2,269,35212,0,269,0,0,0,30782,1253,0,3176,0
2025-11-03,port120,Barranquilla,4,0,39072,11695,31917,0,7154,0,0,0,0,11695,0,0
2025-11-04,port120,Barranquilla,3,1,12054,1456,0,0,559,11494,0,0,1456,0,0,0
2025-11-05,port120,Barranquilla,3,1,2328,1483,0,2328,0,0,0,0,0,1483,0,0
2025-11-06,port120,Barranquilla,1,0,0,31892,0,0,0,0,0,31892,0,0,0,0
2025-11-07,port120,Barranquilla,2,1,11112,0,10358,754,0,0,0,0,0,0,0,0
2025-11-08,port120,Barranquilla,1,0,40537,0,40537,0,0,0,0,0,0,0,0,0
2025-11-09,port120,Barranquilla,0,0,0,0,0,0,0,0,0,0,0,0,0,0
2025-11-10,port120,Barranquilla,5,1,0,6823,0,0,0,0,0,5353,502,967,0,0
2025-11-11,port120,Barranquilla,5,1,42243,0,41213,724,0,306,0,0,0,0,0,0
2025-11-12,port120,Barranquilla,2,1,3088,1428,0,373,0,2715,0,0,0,0,1428,0
2025-11-13,port120,Barranquilla,1,1,1368,0,0,1368,0,0,0,0,0,0,0,0
2025-11-14,port120,Barranquilla,3,1,1502,1698,0,1502,0,0,0,0,0,0,1698,0
2025-11-15,port120,Barranquilla,4,0,50519,0,31411,0,2697,16410,0,0,0,0,0,0
2025-11-16,port120,Barranquilla,5,1,65394,748,27398,0,0,37995,0,0,748,0,0,0
2025-11-17,port120,Barranquilla,5,1,40643,1705,37941,361,2340,0,0,0,0,1705,0,0
2025-11-18,port120,Barranquilla,3,1,37884,2136,33602,0,0,4281,0,0,2136,0,0,0
2025-11-19,port120,Barranquilla,5,1,43580,4844,36972,3892,0,2715,0,0,0,0,4844,0
2025-11-20,port120,Barranquilla,3,1,3046,9236,0,3046,0,0,0,0,0,7185,2051,0
2025-11-21,port120,Barranquilla,1,0,26643,0,0,0,0,26643,0,0,0,0,0,0
2025-11-22,port120,Barranquilla,1,0,5794,0,0,0,0,5794,0,0,0,0,0,0
2025-11-23,port120,Barranquilla,8,3,39260,37757,29402,9325,532,0,0,30627,1253,5876,0,0
2025-11-24,port120,Barranquilla,2,0,6756,25090,0,0,0,6756,0,0,0,0,25090,0
2025-11-25,port120,Barranquilla,2,2,2165,538,0,2165,0,0,0,0,538,0,0,0
2025-11-26,port120,Barranquilla,1,0,10769,0,0,0,10769,0,0,0,0,0,0,0
2025-11-27,port120,Barranquilla,3,1,0,21277,0,0,0,0,0,8115,1125,0,12036,0
2025-11-28,port120,Barranquilla,3,0,27637,25028,18138,0,0,9498,0,25028,0,0,0,0
2025-11-29,port120,Barranquilla,1,0,0,0,0,0,0,0,0,0,0,0,0,0
2025-11-30,port120,Barranquilla,3,1,58795,0,54763,4032,0,0,0,0,0,0,0,0
2025-12-01,port120,Barranquilla,2,1,39331,1752,39331,0,0,0,0,0,1752,0,0,0
2025-12-02,port120,Barranquilla,4,2,0,77834,0,0,0,0,0,41043,5912,0,30879,0
2025-12-03,port120,Barranquilla,4,1,32344,43302,29629,2715,0,0,0,39087,0,4214,0,0
2025-12-04,port120,Barranquilla,1,1,3002,0,0,3002,0,0,0,0,0,0,0,0
2025-12-05,port120,Barranquilla,1,0,38641,0,38641,0,0,0,0,0,0,0,0,0
2025-12-06,port120,Barranquilla,1,0,0,0,0,0,0,0,0,0,0,0,0,0
2025-12-07,port120,Barranquilla,2,1,1706,3458,0,0,1706,0,0,0,1752,1705,0,0
2025-12-08,port120,Barranquilla,4,1,27805,3694,22704,5101,0,0,0,0,0,3694,0,0
2025-12-09,port120,Barranquilla,3,2,3283,37662,0,3283,0,0,0,36579,1083,0,0,0
2025-12-10,port120,Barranquilla,2,1,1114,1350,0,1114,0,0,0,0,0,0,1350,0
2025-12-11,port120,Barranquilla,4,1,65977,1729,62164,3813,0,0,0,0,0,0,1729,0
2025-12-12,port120,Barranquilla,0,0,0,0,0,0,0,0,0,0,0,0,0,0
2025-12-13,port120,Barranquilla,0,0,0,0,0,0,0,0,0,0,0,0,0,0
2025-12-14,port120,Barranquilla,2,1,34624,0,33878,746,0,0,0,0,0,0,0,0
2025-12-15,port120,Barranquilla,1,1,4026,0,0,4026,0,0,0,0,0,0,0,0
2025-12-16,port120,Barranquilla,4,3,1456,6042,0,1456,0,0,0,0,6042,0,0,0
2025-12-17,port120,Barranquilla,3,1,46455,0,45682,772,0,0,0,0,0,0,0,0
2025-12-18,port120,Barranquilla,0,0,0,0,0,0,0,0,0,0,0,0,0,0
2025-12-19,port120,Barranquilla,3,0,65261,0,62533,0,0,2727,0,0,0,0,0,0
2025-12-20,port120,Barranquilla,2,0,0,5406,0,0,0,0,0,0,0,2231,3174,0
2025-12-21,port120,Barranquilla,3,1,32014,40012,32014,0,0,0,0,39013,998,0,0,0
2025-12-22,port120,Barranquilla,3,1,5500,462,0,5500,0,0,0,0,0,462,0,0
2025-12-23,port120,Barranquilla,4,2,34170,5726,31094,360,0,2715,0,0,4297,0,1428,0
2025-12-24,port120,Barranquilla,3,1,71422,0,71051,371,0,0,0,0,0,0,0,0
2025-12-25,port120,Barranquilla,3,2,1901,0,0,1901,0,0,0,0,0,0,0,0
2025-12-26,port120,Barranquilla,3,0,6882,36844,0,0,6882,0,0,32806,0,0,4038,0
2025-12-27,port120,Barranquilla,0,0,0,0,0,0,0,0,0,0,0,0,0,0
2025-12-28,port120,Barranquilla,2,1,1138,250,0,0,0,1138,0,0,250,0,0,0
2025-12-29,port120,Barranquilla,3,1,30330,3664,30330,0,0,0,0,0,3664,0,0,0
2025-12-30,port120,Barranquilla,5,1,54985,2455,39287,4563,4520,6614,0,0,0,2455,0,0
2025-12-31,port120,Barranquilla,3,2,37684,369,36905,778,0,0,0,0,369,0,0,0
2026-01-01,port120,Barranquilla,2,1,0,3708,0,0,0,0,0,0,1476,2231,0,0
2026-01-02,port120,Barranquilla,3,1,6847,0,4565,2282,0,0,0,0,0,0,0,0
2026-01-03,port120,Barranquilla,4,1,2647,746,2647,0,0,0,0,0,746,0,0,0
2026-01-04,port120,Barranquilla,3,0,29292,4554,27585,0,1706,0,0,0,0,1705,2848,0
2026-01-05,port120,Barranquilla,2,0,33379,0,33108,0,0,271,0,0,0,0,0,0
2026-01-06,port120,Barranquilla,3,1,11488,5174,0,0,1706,9781,0,0,3469,1705,0,0
2026-01-07,port120,Barranquilla,4,1,45012,2599,44642,369,0,0,0,0,0,0,2599,0
2026-01-08,port120,Barranquilla,2,1,971,1723,0,971,0,0,0,0,644,1078,0,0
2026-01-09,port120,Barranquilla,3,0,1842,71320,0,0,1842,0,0,71320,0,0,0,0
2026-01-10,port120,Barranquilla,2,0,5911,42044,0,0,0,5911,0,42044,0,0,0,0
2026-01-11,port120,Barranquilla,5,2,42971,4557,37895,5075,0,0,0,0,0,4557,0,0
2026-01-12,port120,Barranquilla,1,1,3725,0,0,3725,0,0,0,0,0,0,0,0
2026-01-13,port120,Barranquilla,2,0,26499,0,26499,0,0,0,0,0,0,0,0,0
2026-01-14,port120,Barranquilla,4,2,13932,2430,13147,784,0,0,0,0,0,2430,0,0
2026-01-15,port120,Barranquilla,2,0,61999,0,61999,0,0,0,0,0,0,0,0,0
2026-01-16,port120,Barranquilla,2,0,0,19343,0,0,0,0,0,19343,0,0,0,0
2026-01-17,port120,Barranquilla,1,0,0,3730,0,0,0,0,0,0,0,3730,0,0
2026-01-18,port120,Barranquilla,2,1,1828,1497,1828,0,0,0,0,0,1497,0,0,0
2026-01-19,port120,Barranquilla,2,0,0,28629,0,0,0,0,0,28629,0,0,0,0
2026-01-20,port120,Barranquilla,6,1,12362,7963,10656,0,1706,0,0,0,2161,1705,4097,0
2026-01-21,port120,Barranquilla,2,1,375,0,0,375,0,0,0,0,0,0,0,0
2026-01-22,port120,Barranquilla,3,1,1616,0,0,378,0,1237,0,0,0,0,0,0
2026-01-23,port120,Barranquilla,3,0,10984,3464,10984,0,0,0,0,0,0,0,3464,0
2026-01-24,port120,Barranquilla,5,1,46094,2001,37870,0,4853,3370,0,0,2001,0,0,0
2026-01-25,port120,Barranquilla,2,0,2338,4865,0,0,0,2338,0,0,0,0,4865,0
2026-01-26,port120,Barranquilla,3,0,8880,3461,6959,0,0,1921,0,0,0,0,3461,0
2026-01-27,port120,Barranquilla,1,0,0,27314,0,0,0,0,0,27314,0,0,0,0
2026-01-28,port120,Barranquilla,2,1,19437,0,0,2335,0,17101,0,0,0,0,0,0
2026-01-29,port120,Barranquilla,0,0,0,0,0,0,0,0,0,0,0,0,0,0
2026-01-30,port120,Barranquilla,4,1,62509,4060,61538,971,0,0,0,0,644,0,3415,0
2026-01-31,port120,Barranquilla,3,1,259,14257,0,0,259,0,0,0,2250,0,12006,0
2026-02-01,port120,Barranquilla,2,0,0,0,0,0,0,0,0,0,0,0,0,0
2026-02-02,port120,Barranquilla,0,0,0,0,0,0,0,0,0,0,0,0,0,0
2026-02-03,port120,Barranquilla,0,0,0,0,0,0,0,0,0,0,0,0,0,0
2026-02-04,port120,Barranquilla,5,2,971,10947,0,971,0,0,0,0,2243,0,8704,0
2026-02-05,port120,Barranquilla,2,0,6370,1705,0,0,1706,4663,0,0,0,1705,0,0
2026-02-06,port120,Barranquilla,4,1,69217,0,67387,1830,0,0,0,0,0,0,0,0
2026-02-07,port120,Barranquilla,3,1,35824,644,34853,971,0,0,0,0,644,0,0,0
2026-02-08,port120,Barranquilla,1,0,0,0,0,0,0,0,0,0,0,0,0,0
2026-02-09,port120,Barranquilla,3,2,3547,24019,0,3547,0,0,0,0,861,0,23157,0
2026-02-10,port120,Barranquilla,3,0,18160,14605,18160,0,0,0,0,4324,0,0,10280,0
2026-02-11,port120,Barranquilla,2,1,0,26571,0,0,0,0,0,26181,390,0,0,0
2026-02-12,port120,Barranquilla,4,0,55478,7443,53772,0,1706,0,0,5737,0,1705,0,0
2026-02-13,port120,Barranquilla,3,1,5732,821,4809,922,0,0,0,0,821,0,0,0
2026-02-14,port120,Barranquilla,5,2,5300,32757,0,369,1706,3224,0,29801,1250,1705,0,0
2026-02-15,port120,Barranquilla,3,0,421,7394,0,0,421,0,0,0,0,7111,283,0
2026-02-16,port120,Barranquilla,2,0,34622,25416,34622,0,0,0,0,25416,0,0,0,0
2026-02-17,port120,Barranquilla,5,0,31192,44373,31192,0,0,0,0,35191,0,2231,6950,0
2026-02-18,port120,Barranquilla,2,1,1491,5149,0,1491,0,0,0,0,0,5149,0,0
2026-02-19,port120,Barranquilla,2,1,0,1512,0,0,0,0,0,0,1512,0,0,0
2026-02-20,port120,Barranquilla,1,0,0,30494,0,0,0,0,0,30494,0,0,0,0
2026-02-21,port120,Barranquilla,2,1,971,644,0,971,0,0,0,0,644,0,0,0
2026-02-22,port120,Barranquilla,6,0,54818,30693,33641,0,18461,2715,0,29265,0,0,1428,0
2026-02-23,port120,Barranquilla,1,0,0,0,0,0,0,0,0,0,0,0,0,0
2026-02-24,port120,Barranquilla,3,1,390,3415,0,390,0,0,0,0,0,0,3415,0
2026-02-25,port120,Barranquilla,0,0,0,0,0,0,0,0,0,0,0,0,0,0
2026-02-26,port120,Barranquilla,4,1,3916,15800,3916,0,0,0,0,14316,1484,0,0,0
2026-02-27,port120,Barranquilla,3,1,31527,263,31527,0,0,0,0,0,263,0,0,0
2026-02-28,port120,Barranquilla,2,0,61460,0,45740,0,0,15719,0,0,0,0,0,0
2026-03-01,port120,Barranquilla,3,1,32802,1516,32802,0,0,0,0,0,753,763,0,0
2026-03-02,port120,Barranquilla,3,0,23852,31776,23852,0,0,0,0,31776,0,0,0,0
2026-03-03,port120,Barranquilla,0,0,0,0,0,0,0,0,0,0,0,0,0,0
2026-03-04,port120,Barranquilla,2,1,227,1127,0,0,0,227,0,0,1127,0,0,0
2026-03-05,port120,Barranquilla,3,2,41250,1104,40709,541,0,0,0,0,1104,0,0,0
2026-03-06,port120,Barranquilla,6,1,12015,18432,12015,0,0,0,0,11813,3444,0,3174,0
2026-03-07,port120,Barranquilla,3,0,12633,6297,0,0,0,12633,0,0,0,4868,1428,0
2026-03-08,port120,Barranquilla,3,2,0,512,0,0,0,0,0,0,512,0,0,0
2026-03-09,port120,Barranquilla,1,0,2715,1428,0,0,0,2715,0,0,0,0,1428,0
2026-03-10,port120,Barranquilla,4,0,26757,1705,25051,0,1706,0,0,0,0,1705,0,0
2026-03-11,port120,Barranquilla,4,0,12015,23785,12015,0,0,0,0,15103,0,0,8681,0
2026-03-12,port120,Barranquilla,6,1,58436,13093,56863,1573,0,0,0,2758,0,10334,0,0
2026-03-13,port120,Barranquilla,4,1,19083,16082,18160,922,0,0,0,4324,821,2231,8704,0
2026-03-14,port120,Barranquilla,4,1,44856,7202,44856,0,0,0,0,5200,2001,0,0,0
2026-03-15,port120,Barranquilla,5,1,22907,5735,16574,0,0,6332,0,5463,271,0,0,0
2026-03-16,port120,Barranquilla,2,0,321,0,0,0,321,0,0,0,0,0,0,0
2026-03-17,port120,Barranquilla,1,0,0,3916,0,0,0,0,0,3916,0,0,0,0
2026-03-18,port120,Barranquilla,7,1,32762,11078,20669,372,1500,10219,0,5463,0,1863,3751,0
2026-03-19,port120,Barranquilla,3,1,79736,0,79464,271,0,0,0,0,0,0,0,0
2026-03-20,port120,Barranquilla,1,0,33517,0,33517,0,0,0,0,0,0,0,0,0
2026-03-21,port120,Barranquilla,4,2,2085,1003,554,1530,0,0,0,0,1003,0,0,0
2026-03-22,port120,Barranquilla,1,0,15029,0,0,0,0,15029,0,0,0,0,0,0
2026-03-23,port120,Barranquilla,2,0,1152,0,0,0,1152,0,0,0,0,0,0,0
2026-03-24,port120,Barranquilla,3,1,133,4016,0,0,133,0,0,0,1075,2941,0,0
2026-03-25,port120,Barranquilla,6,1,46905,20442,31266,781,14857,0,0,16977,0,0,3464,0
2026-03-26,port120,Barranquilla,4,0,82492,279,82492,0,0,0,0,0,0,279,0,0
2026-03-27,port120,Barranquilla,2,0,37265,2887,37265,0,0,0,0,0,0,0,2887,0
2026-03-28,port120,Barranquilla,4,2,5311,2931,0,2595,0,2715,0,0,1503,0,1428,0
2026-03-29,port120,Barranquilla,1,0,0,0,0,0,0,0,0,0,0,0,0,0
2026-03-30,port120,Barranquilla,4,1,7635,5198,0,3348,4286,0,0,5198,0,0,0,0
2026-03-31,port120,Barranquilla,3,1,55586,0,53419,2167,0,0,0,0,0,0,0,0
2026-04-01,port120,Barranquilla,3,1,10633,8967,0,0,0,10633,0,7471,1495,0,0,0
2026-04-02,port120,Barranquilla,2,0,31677,0,31677,0,0,0,0,0,0,0,0,0
2026-04-03,port120,Barranquilla,1,0,1676,0,0,0,0,1676,0,0,0,0,0,0
2026-04-04,port120,Barranquilla,5,1,48032,3308,36817,0,0,11215,0,0,997,0,2311,0
2026-04-05,port120,Barranquilla,1,1,971,644,0,971,0,0,0,0,644,0,0,0
2026-04-06,port120,Barranquilla,3,1,6177,644,0,971,3528,1677,0,0,644,0,0,0
2026-04-07,port120,Barranquilla,1,0,0,13991,0,0,0,0,0,0,0,0,13991,0
2026-04-08,port120,Barranquilla,4,2,38732,35251,34964,3768,0,0,0,35251,0,0,0,0
2026-04-09,port120,Barranquilla,0,0,0,0,0,0,0,0,0,0,0,0,0,0
2026-04-10,port120,Barranquilla,2,0,8184,29378,8184,0,0,0,0,29378,0,0,0,0
2026-04-11,port120,Barranquilla,2,1,0,8812,0,0,0,0,0,0,592,8219,0,0
2026-04-12,port120,Barranquilla,2,0,0,21641,0,0,0,0,0,18176,0,0,3464,0
2026-04-13,port120,Barranquilla,2,0,54866,958,54866,0,0,0,0,0,0,958,0,0
2026-04-14,port120,Barranquilla,3,1,22356,644,16171,971,0,5214,0,0,644,0,0,0
2026-04-15,port120,Barranquilla,3,1,12387,10258,12015,372,0,0,0,5463,0,4795,0,0
2026-04-16,port120,Barranquilla,2,1,0,31305,0,0,0,0,0,0,4571,0,26734,0
2026-04-17,port120,Barranquilla,1,0,0,4502,0,0,0,0,0,0,0,4502,0,0
2026-04-18,port120,Barranquilla,2,2,922,1191,0,922,0,0,0,0,1191,0,0,0
2026-04-19,port120,Barranquilla,3,1,13228,0,10254,2974,0,0,0,0,0,0,0,0
2026-04-20,port120,Barranquilla,5,0,69837,729,69837,0,0,0,0,540,0,188,0,0
2026-04-21,port120,Barranquilla,3,0,40191,0,40191,0,0,0,0,0,0,0,0,0
2026-04-22,port120,Barranquilla,5,1,12935,10328,12015,777,143,0,0,5463,0,0,4865,0
2026-04-23,port120,Barranquilla,0,0,0,0,0,0,0,0,0,0,0,0,0,0
2026-04-24,port120,Barranquilla,2,0,3219,5340,0,0,3219,0,0,0,0,5340,0,0
2026-04-25,port120,Barranquilla,4,1,56837,6212,56837,0,0,0,0,4899,1312,0,0,0
2026-04-26,port120,Barranquilla,2,0,29671,2023,29671,0,0,0,0,0,0,0,2023,0
2026-04-27,port120,Barranquilla,1,0,55211,0,55211,0,0,0,0,0,0,0,0,0
2026-04-28,port120,Barranquilla,4,1,20275,6723,15840,0,4435,0,0,0,6723,0,0,0
2026-04-29,port120,Barranquilla,5,2,5895,2793,0,5114,0,780,0,0,1127,1665,0,0
2026-04-30,port120,Barranquilla,2,1,1851,6803,0,1851,0,0,0,0,0,6803,0,0
2026-05-01,port120,Barranquilla,3,0,25479,0,15418,0,0,10061,0,0,0,0,0,0
2026-05-02,port120,Barranquilla,3,2,12015,6486,12015,0,0,0,0,5463,1023,0,0,0
2026-05-03,port120,Barranquilla,2,1,4501,0,0,4501,0,0,0,0,0,0,0,0
2026-05-04,port120,Barranquilla,3,0,40486,32463,38780,0,1706,0,0,0,0,1705,30758,0
2026-05-05,port120,Barranquilla,4,0,79317,38355,79317,0,0,0,0,38355,0,0,0,0
2026-05-06,port120,Barranquilla,3,1,42227,10460,39883,2344,0,0,0,0,0,0,10460,0
2026-05-07,port120,Barranquilla,4,1,37714,9181,36742,971,0,0,0,0,644,8536,0,0
2026-05-08,port120,Barranquilla,1,0,0,0,0,0,0,0,0,0,0,0,0,0
2026-05-09,port120,Barranquilla,2,1,0,4060,0,0,0,0,0,0,596,3464,0,0
2026-05-10,port120,Barranquilla,2,0,12015,8062,12015,0,0,0,0,5463,0,0,2599,0
2026-05-11,port120,Barranquilla,1,0,14830,0,14830,0,0,0,0,0,0,0,0,0
2026-05-12,port120,Barranquilla,6,1,2677,74574,0,971,1706,0,0,65366,644,1705,6857,0
2026-05-13,port120,Barranquilla,5,2,45868,0,41212,4656,0,0,0,0,0,0,0,0
2026-05-14,port120,Barranquilla,3,0,25627,230,2859,0,0,22767,0,0,0,230,0,0
2026-05-15,port120,Barranquilla,5,1,1527,48345,0,1527,0,0,0,48345,0,0,0,0
2026-05-16,port120,Barranquilla,2,1,1881,821,0,922,958,0,0,0,821,0,0,0
2026-05-17,port120,Barranquilla,3,0,32013,80,32013,0,0,0,0,0,0,80,0,0
2026-05-18,port120,Barranquilla,2,1,8568,0,0,1251,0,7316,0,0,0,0,0,0
2026-05-19,port120,Barranquilla,3,0,20379,3936,18672,0,1706,0,0,0,0,3936,0,0
2026-05-20,port120,Barranquilla,5,1,22476,1821,18972,0,789,2715,0,0,393,0,1428,0
2026-05-21,port120,Barranquilla,3,0,3622,11780,0,0,0,3622,0,0,0,0,11780,0
2026-05-22,port120,Barranquilla,3,1,18842,0,16703,368,1771,0,0,0,0,0,0,0
2026-05-23,port120,Barranquilla,3,1,0,8336,0,0,0,0,0,0,298,5149,2889,0
2026-05-24,port120,Barranquilla,2,1,2087,0,0,370,0,1716,0,0,0,0,0,0
2026-05-25,port120,Barranquilla,5,0,84098,28630,84098,0,0,0,0,28630,0,0,0,0
2026-05-26,port120,Barranquilla,3,1,12015,9648,12015,0,0,0,0,5463,4185,0,0,0
2026-05-27,port120,Barranquilla,4,1,37658,725,33463,0,0,4195,0,0,725,0,0,0
2026-05-28,port120,Barranquilla,2,0,6898,0,6898,0,0,0,0,0,0,0,0,0
2026-05-29,port120,Barranquilla,1,0,0,0,0,0,0,0,0,0,0,0,0,0
2026-05-30,port120,Barranquilla,4,0,19757,33485,14356,0,3149,2252,0,33485,0,0,0,0
2026-05-31,port120,Barranquilla,2,2,367,985,0,367,0,0,0,0,985,0,0,0
2026-06-01,port120,Barranquilla,2,1,1574,2311,0,1574,0,0,0,0,0,0,2311,0
2026-06-02,port120,Barranquilla,3,0,1706,1705,0,0,1706,0,0,0,0,1705,0,0
2026-06-03,port120,Barranquilla,4,2,48330,5463,46845,1485,0,0,0,5463,0,0,0,0
2026-06-04,port120,Barranquilla,2,1,27325,0,22492,4832,0,0,0,0,0,0,0,0
2026-06-05,port120,Barranquilla,2,0,1993,2122,0,0,0,1993,0,0,0,2122,0,0
2026-06-06,port120,Barranquilla,4,2,13396,1836,0,971,0,12425,0,0,1836,0,0,0
2026-06-07,port120,Barranquilla,2,0,4966,0,4966,0,0,0,0,0,0,0,0,0
2026-06-08,port120,Barranquilla,4,1,32220,41127,2514,5768,0,23938,0,41127,0,0,0,0
2026-06-09,port120,Barranquilla,1,0,0,0,0,0,0,0,0,0,0,0,0,0
2026-06-10,port120,Barranquilla,3,1,41409,0,41409,0,0,0,0,0,0,0,0,0
2026-06-11,port120,Barranquilla,3,0,0,36435,0,0,0,0,0,27215,0,9220,0,0
2026-06-12,port120,Barranquilla,2,0,1706,4882,0,0,1706,0,0,0,0,1705,3176,0
2026-06-13,port120,Barranquilla,3,2,2445,5890,0,2445,0,0,0,0,821,5068,0,0
2026-06-14,port120,Barranquilla,4,1,7983,8704,0,6723,1260,0,0,0,0,0,8704,0
2026-06-15,port120,Barranquilla,0,0,0,0,0,0,0,0,0,0,0,0,0,0
2026-06-16,port120,Barranquilla,3,0,33432,0,33432,0,0,0,0,0,0,0,0,0
2026-06-17,port120,Barranquilla,2,1,3196,644,0,971,2225,0,0,0,644,0,0,0
2026-06-18,port120,Barranquilla,2,0,36987,0,36987,0,0,0,0,0,0,0,0,0
2026-06-19,port120,Barranquilla,2,0,12015,5463,12015,0,0,0,0,5463,0,0,0,0
2026-06-20,port120,Barranquilla,3,1,265,30562,0,265,0,0,0,28331,0,2231,0,0
2026-06-21,port120,Barranquilla,3,1,18956,0,17465,1491,0,0,0,0,0,0,0,0
2026-06-22,port120,Barranquilla,2,0,0,3121,0,0,0,0,0,0,0,3121,0,0
2026-06-23,port120,Barranquilla,2,1,7728,0,0,625,0,7102,0,0,0,0,0,0
2026-06-24,port120,Barranquilla,2,1,1445,2564,0,1445,0,0,0,0,0,0,2564,0
2026-06-25,port120,Barranquilla,0,0,0,0,0,0,0,0,0,0,0,0,0,0
2026-06-26,port120,Barranquilla,2,0,0,9065,0,0,0,0,0,9065,0,0,0,0
2026-06-27,port120,Barranquilla,9,2,151556,33179,147846,369,2946,395,0,31874,1305,0,0,0
2026-06-28,port120,Barranquilla,2,0,17824,0,0,0,10118,7705,0,0,0,0,0,0
2026-06-29,port120,Barranquilla,2,0,72790,0,72790,0,0,0,0,0,0,0,0,0
2026-06-30,port120,Barranquilla,1,0,0,0,0,0,0,0,0,0,0,0,0,0
2026-07-01,port120,Barranquilla,4,1,80611,644,74950,971,4689,0,0,0,644,0,0,0
2026-07-02,port120,Barranquilla,1,0,0,0,0,0,0,0,0,0,0,0,0,0
2026-07-03,port120,Barranquilla,0,0,0,0,0,0,0,0,0,0,0,0,0,0
2026-07-04,port120,Barranquilla,3,2,34022,1751,32637,1385,0,0,0,0,1751,0,0,0
2026-07-05,port120,Barranquilla,1,1,971,644,0,971,0,0,0,0,644,0,0,0
2026-07-06,port120,Barranquilla,1,0,0,0,0,0,0,0,0,0,0,0,0,0
2026-07-07,port120,Barranquilla,2,0,35955,0,35098,0,0,857,0,0,0,0,0,0
2026-07-08,port120,Barranquilla,3,1,2104,3776,0,971,1133,0,0,0,644,0,3132,0
2026-07-09,port120,Barranquilla,2,0,23689,7518,0,0,0,23689,0,0,0,7518,0,0
2026-07-10,port120,Barranquilla,3,0,4179,0,0,0,4179,0,0,0,0,0,0,0
2026-07-11,port120,Barranquilla,3,2,1142,651,0,1142,0,0,0,0,651,0,0,0
2026-07-12,port120,Barranquilla,3,0,13218,5493,13218,0,0,0,0,0,0,0,5493,0
2026-07-13,port120,Barranquilla,1,0,0,30347,0,0,0,0,0,30347,0,0,0,0
2026-07-14,port120,Barranquilla,3,0,10575,0,0,0,0,10575,0,0,0,0,0,0
2026-07-15,port120,Barranquilla,2,1,0,16662,0,0,0,0,0,15485,1177,0,0,0
2026-07-16,port120,Barranquilla,2,0,3854,28426,3854,0,0,0,0,0,0,0,28426,0
2026-07-17,port120,Barranquilla,4,0,44139,0,44139,0,0,0,0,0,0,0,0,0
2026-07-18,port120,Barranquilla,2,1,747,4035,0,747,0,0,0,0,0,0,4035,0
2026-07-19,port120,Barranquilla,1,1,0,2996,0,0,0,0,0,0,2996,0,0,0
2026-07-20,port120,Barranquilla,6,0,34749,17362,34347,0,0,402,0,12062,0,5300,0,0
2026-07-21,port120,Barranquilla,3,0,49959,29011,33894,0,0,16064,0,29011,0,0,0,0
2026-07-22,port120,Barranquilla,2,1,4230,0,0,724,0,3505,0,0,0,0,0,0
2026-07-23,port120,Barranquilla,2,1,37820,1459,37820,0,0,0,0,0,1459,0,0,0
2026-07-24,port120,Barranquilla,4,1,35289,7614,31583,3705,0,0,0,0,0,4438,3176,0
2026-07-25,port120,Barranquilla,3,1,0,2618,0,0,0,0,0,0,2618,0,0,0
2026-07-26,port120,Barranquilla,2,0,35992,0,35992,0,0,0,0,0,0,0,0,0
2026-07-27,port120,Barranquilla,3,1,32996,3422,30558,2438,0,0,0,0,0,3422,0,0
2026-07-28,port120,Barranquilla,2,0,12015,5463,12015,0,0,0,0,5463,0,0,0,0
2026-07-29,port120,Barranquilla,2,1,1563,23054,0,1563,0,0,0,23054,0,0,0,0
2026-07-30,port120,Barranquilla,2,0,0,38633,0,0,0,0,0,38633,0,0,0,0
2026-07-31,port120,Barranquilla,2,1,971,41825,0,971,0,0,0,41180,644,0,0,0
2026-08-01,port120,Barranquilla,3,1,52248,7054,52248,0,0,0,0,4324,2729,0,0,0
2026-08-02,port120,Barranquilla,3,0,12015,30745,12015,0,0,0,0,30745,0,0,0,0
2026-08-03,port120,Barranquilla,5,1,38595,73569,36860,1735,0,0,0,70437,0,0,3132,0
2026-08-04,port120,Barranquilla,2,0,40556,0,36198,0,4357,0,0,0,0,0,0,0
2026-08-05,port120,Barranquilla,2,1,1447,10992,0,1447,0,0,0,10992,0,0,0,0
2026-08-06,port120,Barranquilla,1,0,232,0,0,0,232,0,0,0,0,0,0,0
2026-08-07,port120,Barranquilla,4,1,70298,33424,69920,378,0,0,0,33424,0,0,0,0
2026-08-08,port120,Barranquilla,2,1,12575,821,0,922,0,11652,0,0,821,0,0,0
2026-08-09,port120,Barranquilla,1,0,31845,0,31845,0,0,0,0,0,0,0,0,0
2026-08-10,port120,Barranquilla,5,0,63716,38179,32698,0,0,31017,0,35863,0,2315,0,0
2026-08-11,port120,Barranquilla,0,0,0,0,0,0,0,0,0,0,0,0,0,0
2026-08-12,port120,Barranquilla,6,1,166,9466,0,0,166,0,0,0,1171,5407,2887,0
2026-08-13,port120,Barranquilla,2,0,7750,0,7750,0,0,0,0,0,0,0,0,0
2026-08-14,port120,Barranquilla,4,1,11369,10512,10995,374,0,0,0,6542,0,3970,0,0
2026-08-15,port120,Barranquilla,3,1,4323,3052,3400,922,0,0,0,0,821,2231,0,0
2026-08-16,port120,Barranquilla,3,0,39623,0,36994,0,0,2629,0,0,0,0,0,0
2026-08-17,port120,Barranquilla,5,0,36322,10636,31565,0,2108,2649,0,0,0,1705,8931,0
2026-08-18,port120,Barranquilla,3,0,69849,0,69849,0,0,0,0,0,0,0,0,0
2026-08-19,port120,Barranquilla,1,1,361,0,0,361,0,0,0,0,0,0,0,0
2026-08-20,port120,Barranquilla,0,0,0,0,0,0,0,0,0,0,0,0,0,0
2026-08-21,port120,Barranquilla,6,1,59240,5379,40557,1476,17206,0,0,3147,0,2231,0,0
2026-08-22,port120,Barranquilla,2,1,1605,821,0,922,682,0,0,0,821,0,0,0
2026-08-23,port120,Barranquilla,1,0,25289,0,0,0,0,25289,0,0,0,0,0,0
2026-08-24,port120,Barranquilla,3,0,37406,19507,37406,0,0,0,0,16531,0,2975,0,0
2026-08-25,port120,Barranquilla,2,0,41169,0,41169,0,0,0,0,0,0,0,0,0
2026-08-26,port120,Barranquilla,5,1,54179,9788,30175,1174,0,22829,0,9788,0,0,0,0
2026-08-27,port120,Barranquilla,3,1,35545,2821,35545,0,0,0,0,0,726,0,2094,0
2026-08-28,port120,Barranquilla,2,1,0,14531,0,0,0,0,0,13792,739,0,0,0
2026-08-29,port120,Barranquilla,4,1,37574,14529,37574,0,0,0,0,0,2462,0,12067,0
2026-08-30,port120,Barranquilla,2,1,1385,33852,0,1385,0,0,0,32990,861,0,0,0
2026-08-31,port120,Barranquilla,3,0,23941,2589,16196,0,0,7744,0,0,0,0,2589,0
2026-09-01,port120,Barranquilla,1,0,0,0,0,0,0,0,0,0,0,0,0,0
2026-09-02,port120,Barranquilla,4,1,2069,1705,0,363,1706,0,0,0,0,1705,0,0
2026-09-03,port120,Barranquilla,2,1,63809,0,60744,3064,0,0,0,0,0,0,0,0
2026-09-04,port120,Barranquilla,3,0,40754,8704,40754,0,0,0,0,0,0,0,8704,0
2026-09-05,port120,Barranquilla,2,1,0,2375,0,0,0,0,0,0,2001,0,373,0
2026-09-06,port120,Barranquilla,5,0,56205,5463,50767,0,0,5438,0,5463,0,0,0,0
2026-09-07,port120,Barranquilla,2,0,805,463,0,0,0,805,0,0,0,463,0,0
2026-09-08,port120,Barranquilla,1,0,9930,0,0,0,0,9930,0,0,0,0,0,0
2026-09-09,port120,Barranquilla,3,1,33767,390,25340,0,8426,0,0,0,390,0,0,0
2026-09-10,port120,Barranquilla,3,1,2601,3176,0,2601,0,0,0,0,0,0,3176,0
2026-09-11,port120,Barranquilla,0,0,0,0,0,0,0,0,0,0,0,0,0,0
2026-09-12,port120,Barranquilla,4,1,75882,1503,75882,0,0,0,0,0,1503,0,0,0
2026-09-13,port120,Barranquilla,3,0,45120,0,32316,0,0,12804,0,0,0,0,0,0
2026-09-14,port120,Barranquilla,1,0,0,0,0,0,0,0,0,0,0,0,0,0
2026-09-15,port120,Barranquilla,7,0,10843,8986,478,0,9124,1239,0,0,0,3109,5876,0
2026-09-16,port120,Barranquilla,4,1,362,0,0,362,0,0,0,0,0,0,0,0
2026-09-17,port120,Barranquilla,2,0,27449,28971,27449,0,0,0,0,28971,0,0,0,0
2026-09-18,port120,Barranquilla,3,1,9968,29757,0,0,0,9968,0,29018,738,0,0,0
2026-09-19,port120,Barranquilla,2,1,0,3677,0,0,0,0,0,0,500,0,3176,0
2026-09-20,port120,Barranquilla,1,0,0,0,0,0,0,0,0,0,0,0,0,0
2026-09-21,port120,Barranquilla,1,0,7819,0,7819,0,0,0,0,0,0,0,0,0
2026-09-22,port120,Barranquilla,1,0,12015,5463,12015,0,0,0,0,5463,0,0,0,0
2026-09-23,port120,Barranquilla,2,1,394,931,0,394,0,0,0,0,0,931,0,0
2026-09-24,port120,Barranquilla,2,1,12378,5463,12015,363,0,0,0,5463,0,0,0,0
2026-09-25,port120,Barranquilla,0,0,0,0,0,0,0,0,0,0,0,0,0,0
2019-01-07,port1154,Santa Marta,2,1,602,4649,0,0,0,0,602,0,4557,0,0,92
2019-01-08,port1154,Santa Marta,1,0,0,2108,0,0,0,0,0,0,0,2108,0,0
2019-01-09,port1154,Santa Marta,2,0,2508,92,0,0,0,0,2508,0,0,0,0,92
2019-01-10,port1154,Santa Marta,2,1,2707,2933,0,852,1855,0,0,0,2152,780,0,0
2019-01-11,port1154,Santa Marta,3,2,16050,3714,16050,0,0,0,0,0,3714,0,0,0
2019-01-12,port1154,Santa Marta,3,2,24864,2537,21558,3306,0,0,0,0,2537,0,0,0
2019-01-13,port1154,Santa Marta,2,0,3733,4783,0,0,1400,2332,0,0,0,0,4783,0
2019-01-14,port1154,Santa Marta,1,1,4062,0,0,4062,0,0,0,0,0,0,0,0
2019-01-15,port1154,Santa Marta,1,1,0,317,0,0,0,0,0,0,317,0,0,0
2019-01-16,port1154,Santa Marta,1,0,1855,780,0,0,1855,0,0,0,0,780,0,0
2019-01-17,port1154,Santa Marta,2,1,8764,379,8764,0,0,0,0,0,379,0,0,0
2019-01-18,port1154,Santa Marta,2,1,10427,3902,10427,0,0,0,0,0,3902,0,0,0
2019-01-19,port1154,Santa Marta,2,2,852,5890,0,852,0,0,0,0,5890,0,0,0
2019-01-20,port1154,Santa Marta,2,1,2229,0,0,2229,0,0,0,0,0,0,0,0
2019-01-21,port1154,Santa Marta,2,1,0,35709,0,0,0,0,0,35340,368,0,0,0
2019-01-22,port1154,Santa Marta,0,0,0,0,0,0,0,0,0,0,0,0,0,0
2019-01-23,port1154,Santa Marta,0,0,0,0,0,0,0,0,0,0,0,0,0,0
2019-01-24,port1154,Santa Marta,2,1,16271,2012,0,0,16271,0,0,0,2012,0,0,0
2019-01-25,port1154,Santa Marta,4,2,602,44099,0,0,0,0,602,37076,6930,0,0,92
2019-01-26,port1154,Santa Marta,3,2,2290,5586,0,2290,0,0,0,0,2152,0,3433,0
2019-01-27,port1154,Santa Marta,4,1,58440,2152,57588,852,0,0,0,0,2152,0,0,0
2019-01-28,port1154,Santa Marta,3,1,33935,367,33935,0,0,0,0,0,367,0,0,0
2019-01-29,port1154,Santa Marta,2,1,318,7191,0,318,0,0,0,0,0,0,7191,0
2019-01-30,port1154,Santa Marta,2,1,58636,1636,58636,0,0,0,0,0,1636,0,0,0
2019-01-31,port1154,Santa Marta,2,1,377,0,0,377,0,0,0,0,0,0,0,0
2019-02-01,port1154,Santa Marta,2,1,2332,10629,0,0,0,2332,0,0,5845,0,4783,0
2019-02-02,port1154,Santa Marta,4,2,11349,4455,9644,1705,0,0,0,0,4305,149,0,0
2019-02-03,port1154,Santa Marta,2,1,13293,0,8736,4557,0,0,0,0,0,0,0,0
2019-02-04,port1154,Santa Marta,4,1,17663,2933,0,852,2677,14133,0,0,2152,780,0,0
2019-02-05,port1154,Santa Marta,2,1,16530,6457,15895,635,0,0,0,6457,0,0,0,0
2019-02-06,port1154,Santa Marta,1,0,0,0,0,0,0,0,0,0,0,0,0,0
2019-02-07,port1154,Santa Marta,2,1,403,41316,0,403,0,0,0,41316,0,0,0,0
2019-02-08,port1154,Santa Marta,2,2,0,11166,0,0,0,0,0,0,11166,0,0,0
2019-02-09,port1154,Santa Marta,4,1,4561,17385,0,852,0,0,3708,0,2152,15140,0,92
2019-02-10,port1154,Santa Marta,0,0,0,0,0,0,0,0,0,0,0,0,0,0
2019-02-11,port1154,Santa Marta,1,1,2596,0,0,2596,0,0,0,0,0,0,0,0
2019-02-12,port1154,Santa Marta,1,0,444,0,444,0,0,0,0,0,0,0,0,0
2019-02-13,port1154,Santa Marta,1,0,0,7775,0,0,0,0,0,0,0,0,7775,0
2019-02-14,port1154,Santa Marta,4,1,1409,10174,0,0,814,0,595,0,4249,0,5924,0
2019-02-15,port1154,Santa Marta,3,1,24473,4388,22442,0,2031,0,0,0,4388,0,0,0
2019-02-16,port1154,Santa Marta,4,2,1397,36661,0,852,544,0,0,32475,4186,0,0,0
2019-02-17,port1154,Santa Marta,4,2,13449,4783,9988,1128,0,2332,0,0,0,0,4783,0
2019-02-18,port1154,Santa Marta,2,1,4992,2152,4140,852,0,0,0,0,2152,0,0,0
2019-02-19,port1154,Santa Marta,3,1,315,0,0,315,0,0,0,0,0,0,0,0
2019-02-20,port1154,Santa Marta,2,0,1855,780,0,0,1855,0,0,0,0,780,0,0
2019-02-21,port1154,Santa Marta,3,1,16295,53226,15895,400,0,0,0,53226,0,0,0,0
2019-02-22,port1154,Santa Marta,2,1,1855,1271,0,0,1855,0,0,0,490,780,0,0
2019-02-23,port1154,Santa Marta,2,2,1705,4305,0,1705,0,0,0,0,4305,0,0,0
2019-02-24,port1154,Santa Marta,2,1,792,17084,0,792,0,0,0,17084,0,0,0,0
2019-02-25,port1154,Santa Marta,3,1,6883,0,4106,2229,546,0,0,0,0,0,0,0
2019-02-26,port1154,Santa Marta,1,1,981,0,0,981,0,0,0,0,0,0,0,0
2019-02-27,port1154,Santa Marta,0,0,0,0,0,0,0,0,0,0,0,0,0,0
2019-02-28,port1154,Santa Marta,3,2,0,3579,0,0,0,0,0,0,3579,0,0,0
2019-03-01,port1154,Santa Marta,3,1,23311,5252,23311,0,0,0,0,0,1469,0,3783,0
2019-03-02,port1154,Santa Marta,4,2,29127,8610,28274,852,0,0,0,6457,2152,0,0,0
2019-03-03,port1154,Santa Marta,0,0,0,0,0,0,0,0,0,0,0,0,0,0
2019-03-04,port1154,Santa Marta,1,0,20646,0,20646,0,0,0,0,0,0,0,0,0
2019-03-05,port1154,Santa Marta,2,1,2947,0,0,2947,0,0,0,0,0,0,0,0
2019-03-06,port1154,Santa Marta,2,0,2626,0,0,0,2626,0,0,0,0,0,0,0
2019-03-07,port1154,Santa Marta,2,1,2164,1200,0,0,2164,0,0,0,1200,0,0,0
2019-03-08,port1154,Santa Marta,2,1,5914,0,0,1237,0,4676,0,0,0,0,0,0
2019-03-09,port1154,Santa Marta,5,3,22088,7987,22088,0,0,0,0,0,7987,0,0,0
2019-03-10,port1154,Santa Marta,1,0,0,0,0,0,0,0,0,0,0,0,0,0
2019-03-11,port1154,Santa Marta,4,2,327,10341,0,0,327,0,0,0,3820,0,6520,0
2019-03-12,port1154,Santa Marta,0,0,0,0,0,0,0,0,0,0,0,0,0,0
2019-03-13,port1154,Santa Marta,0,0,0,0,0,0,0,0,0,0,0,0,0,0
2019-03-14,port1154,Santa Marta,1,1,852,2152,0,852,0,0,0,0,2152,0,0,0
2019-03-15,port1154,Santa Marta,2,1,0,2943,0,0,0,0,0,0,2943,0,0,0
2019-03-16,port1154,Santa Marta,1,1,852,2152,0,852,0,0,0,0,2152,0,0,0
2019-03-17,port1154,Santa Marta,3,1,9398,41882,0,9398,0,0,0,41394,0,0,488,0
2019-03-18,port1154,Santa Marta,1,1,369,0,0,369,0,0,0,0,0,0,0,0
2019-03-19,port1154,Santa Marta,3,2,394,65320,0,394,0,0,0,63145,2174,0,0,0
2019-03-20,port1154,Santa Marta,4,0,52286,7692,50403,0,110,0,1772,0,0,0,7692,0
2019-03-21,port1154,Santa Marta,2,1,0,2399,0,0,0,0,0,0,2399,0,0,0
2019-03-22,port1154,Santa Marta,2,0,1855,19718,0,0,1855,0,0,18938,0,780,0,0
2019-03-23,port1154,Santa Marta,4,3,7878,9609,0,852,0,7025,0,0,9609,0,0,0
2019-03-24,port1154,Santa Marta,2,1,23179,0,12660,10519,0,0,0,0,0,0,0,0
2019-03-25,port1154,Santa Marta,5,1,8743,7975,0,852,3626,3661,602,0,2152,0,5730,92
2019-03-26,port1154,Santa Marta,3,0,63314,0,63314,0,0,0,0,0,0,0,0,0
2019-03-27,port1154,Santa Marta,2,1,852,17837,0,852,0,0,0,0,2152,0,15685,0
2019-03-28,port1154,Santa Marta,2,1,0,3493,0,0,0,0,0,0,3493,0,0,0
2019-03-29,port1154,Santa Marta,4,1,7083,7842,5534,0,1548,0,0,0,7842,0,0,0
2019-03-30,port1154,Santa Marta,3,2,2292,40454,0,2292,0,0,0,0,2152,0,38301,0
2019-03-31,port1154,Santa Marta,3,1,48687,1854,48687,0,0,0,0,0,1854,0,0,0
2019-04-01,port1154,Santa Marta,1,1,852,2152,0,852,0,0,0,0,2152,0,0,0
2019-04-02,port1154,Santa Marta,1,0,0,0,0,0,0,0,0,0,0,0,0,0
2019-04-03,port1154,Santa Marta,1,0,0,0,0,0,0,0,0,0,0,0,0,0
2019-04-04,port1154,Santa Marta,2,1,24271,0,24271,0,0,0,0,0,0,0,0,0
2019-04-05,port1154,Santa Marta,1,1,0,2358,0,0,0,0,0,0,2358,0,0,0
2019-04-06,port1154,Santa Marta,2,2,479,2556,0,479,0,0,0,0,2556,0,0,0
2019-04-07,port1154,Santa Marta,4,2,2211,7276,0,2211,0,0,0,0,7276,0,0,0
2019-04-08,port1154,Santa Marta,4,2,509,18653,0,0,0,0,509,16423,2230,0,0,0
2019-04-09,port1154,Santa Marta,2,1,23788,330,23788,0,0,0,0,0,330,0,0,0
2019-04-10,port1154,Santa Marta,2,1,460,1564,0,0,0,0,460,0,1564,0,0,0
2019-04-11,port1154,Santa Marta,1,1,0,0,0,0,0,0,0,0,0,0,0,0
2019-04-12,port1154,Santa Marta,2,1,27785,3902,27785,0,0,0,0,0,3902,0,0,0
2019-04-13,port1154,Santa Marta,2,2,450,3046,0,450,0,0,0,0,3046,0,0,0
2019-04-14,port1154,Santa Marta,1,1,2960,0,0,2960,0,0,0,0,0,0,0,0
2019-04-15,port1154,Santa Marta,2,1,735,1618,0,735,0,0,0,0,0,0,1618,0
2019-04-16,port1154,Santa Marta,4,1,0,45530,0,0,0,0,0,34196,2299,0,9034,0
2019-04-17,port1154,Santa Marta,2,1,164,1746,0,0,164,0,0,0,1746,0,0,0
2019-04-18,port1154,Santa Marta,5,1,38736,6457,35241,0,3495,0,0,6457,0,0,0,0
2019-04-19,port1154,Santa Marta,3,1,4489,7329,3934,0,0,0,554,0,7329,0,0,0
2019-04-20,port1154,Santa Marta,3,1,17975,8494,15895,0,2080,0,0,6457,2036,0,0,0
2019-04-21,port1154,Santa Marta,1,1,1849,0,0,1849,0,0,0,0,0,0,0,0
2019-04-22,port1154,Santa Marta,4,1,30156,4783,24409,3085,329,2332,0,0,0,0,4783,0
2019-04-23,port1154,Santa Marta,2,0,14799,0,14799,0,0,0,0,0,0,0,0,0
2019-04-24,port1154,Santa Marta,1,0,0,58501,0,0,0,0,0,58501,0,0,0,0
2019-04-25,port1154,Santa Marta,2,1,0,0,0,0,0,0,0,0,0,0,0,0
2019-04-26,port1154,Santa Marta,1,1,0,979,0,0,0,0,0,0,979,0,0,0
2019-04-27,port1154,Santa Marta,4,2,7585,54911,6732,852,0,0,0,52759,2152,0,0,0
2019-04-28,port1154,Santa Marta,4,1,50764,6457,48760,741,1263,0,0,6457,0,0,0,0
2019-04-29,port1154,Santa Marta,3,1,19224,7238,15895,1474,1855,0,0,6457,0,780,0,0
2019-04-30,port1154,Santa Marta,4,1,1455,3746,0,852,0,0,602,1501,2152,0,0,92
2019-05-01,port1154,Santa Marta,2,0,20350,780,18495,0,1855,0,0,0,0,780,0,0
2019-05-02,port1154,Santa Marta,3,2,17332,5772,17332,0,0,0,0,0,5772,0,0,0
2019-05-03,port1154,Santa Marta,1,0,0,4602,0,0,0,0,0,0,0,0,4602,0
2019-05-04,port1154,Santa Marta,4,3,852,7170,0,852,0,0,0,0,7170,0,0,0
2019-05-05,port1154,Santa Marta,3,1,5046,48579,2449,2596,0,0,0,48579,0,0,0,0
2019-05-06,port1154,Santa Marta,3,1,6373,2725,0,6373,0,0,0,0,0,0,2725,0
2019-05-07,port1154,Santa Marta,4,0,9025,0,6431,0,0,2593,0,0,0,0,0,0
2019-05-08,port1154,Santa Marta,2,1,1169,2599,0,0,0,1169,0,0,2477,0,122,0
2019-05-09,port1154,Santa Marta,2,1,0,2737,0,0,0,0,0,0,2737,0,0,0
2019-05-10,port1154,Santa Marta,2,2,4896,882,0,4896,0,0,0,0,882,0,0,0
2019-05-11,port1154,Santa Marta,3,2,9404,2661,8551,852,0,0,0,0,2661,0,0,0
2019-05-12,port1154,Santa Marta,1,1,1875,0,0,1875,0,0,0,0,0,0,0,0
2019-05-13,port1154,Santa Marta,3,2,0,5712,0,0,0,0,0,0,1367,0,4345,0
2019-05-14,port1154,Santa Marta,1,0,0,0,0,0,0,0,0,0,0,0,0,0
2019-05-15,port1154,Santa Marta,4,1,27646,780,7412,261,1855,18118,0,0,0,780,0,0
2019-05-16,port1154,Santa Marta,3,2,893,48301,0,893,0,0,0,45218,3083,0,0,0
2019-05-17,port1154,Santa Marta,2,1,479,0,0,479,0,0,0,0,0,0,0,0
2019-05-18,port1154,Santa Marta,3,1,2332,15660,0,0,0,2332,0,0,2039,0,13621,0
2019-05-19,port1154,Santa Marta,4,1,57379,0,52703,1099,0,3576,0,0,0,0,0,0
2019-05-20,port1154,Santa Marta,1,1,0,734,0,0,0,0,0,0,734,0,0,0
2019-05-21,port1154,Santa Marta,1,0,0,6018,0,0,0,0,0,6018,0,0,0,0
2019-05-22,port1154,Santa Marta,3,0,3713,10521,3382,0,331,0,0,10521,0,0,0,0
2019-05-23,port1154,Santa Marta,2,1,11767,2152,10914,852,0,0,0,0,2152,0,0,0
2019-05-24,port1154,Santa Marta,1,1,0,5475,0,0,0,0,0,0,5475,0,0,0
2019-05-25,port1154,Santa Marta,3,1,27370,2041,27370,0,0,0,0,0,2041,0,0,0
2019-05-26,port1154,Santa Marta,2,1,3423,0,0,2249,0,0,1173,0,0,0,0,0
2019-05-27,port1154,Santa Marta,1,1,0,1117,0,0,0,0,0,0,1117,0,0,0
2019-05-28,port1154,Santa Marta,2,0,27195,0,26423,0,771,0,0,0,0,0,0,0
2019-05-29,port1154,Santa Marta,1,0,0,4148,0,0,0,0,0,0,0,0,4148,0
2019-05-30,port1154,Santa Marta,2,2,1650,2152,0,1650,0,0,0,0,2152,0,0,0
2019-05-31,port1154,Santa Marta,1,1,481,0,0,481,0,0,0,0,0,0,0,0
2019-06-01,port1154,Santa Marta,4,2,37415,12044,36905,509,0,0,0,6457,5586,0,0,0
2019-06-02,port1154,Santa Marta,2,0,0,51966,0,0,0,0,0,51966,0,0,0,0
2019-06-03,port1154,Santa Marta,3,2,741,1111,0,741,0,0,0,0,1111,0,0,0
2019-06-04,port1154,Santa Marta,2,1,757,33064,0,757,0,0,0,33064,0,0,0,0
2019-06-05,port1154,Santa Marta,1,0,4295,0,0,0,4295,0,0,0,0,0,0,0
2019-06-06,port1154,Santa Marta,2,2,951,0,0,951,0,0,0,0,0,0,0,0
2019-06-07,port1154,Santa Marta,2,1,0,970,0,0,0,0,0,0,970,0,0,0
2019-06-08,port1154,Santa Marta,4,2,41394,1112,36574,4217,0,0,602,0,1020,0,0,92
2019-06-09,port1154,Santa Marta,4,1,3382,43518,0,2616,163,0,602,0,0,0,43426,92
2019-06-10,port1154,Santa Marta,1,1,852,2152,0,852,0,0,0,0,2152,0,0,0
2019-06-11,port1154,Santa Marta,3,1,635,3759,0,635,0,0,0,0,0,0,0,3759
2019-06-12,port1154,Santa Marta,3,0,24591,0,23967,0,165,0,458,0,0,0,0,0
2019-06-13,port1154,Santa Marta,1,1,0,0,0,0,0,0,0,0,0,0,0,0
2019-06-14,port1154,Santa Marta,2,1,1855,4365,0,0,1855,0,0,0,3584,780,0,0
2019-06-15,port1154,Santa Marta,2,2,959,3050,0,959,0,0,0,0,3050,0,0,0
2019-06-16,port1154,Santa Marta,2,1,1499,0,0,1499,0,0,0,0,0,0,0,0
2019-06-17,port1154,Santa Marta,1,1,0,0,0,0,0,0,0,0,0,0,0,0
2019-06-18,port1154,Santa Marta,0,0,0,0,0,0,0,0,0,0,0,0,0,0
2019-06-19,port1154,Santa Marta,1,0,38537,0,38537,0,0,0,0,0,0,0,0,0
2019-06-20,port1154,Santa Marta,3,1,16844,984,0,0,0,16844,0,0,984,0,0,0
2019-06-21,port1154,Santa Marta,1,1,6706,0,0,6706,0,0,0,0,0,0,0,0
2019-06-22,port1154,Santa Marta,5,2,2443,10008,0,0,1855,0,588,5839,3388,780,0,0
2019-06-23,port1154,Santa Marta,3,1,662,38361,0,0,662,0,0,34906,3455,0,0,0
2019-06-24,port1154,Santa Marta,3,2,645,2719,0,0,0,645,0,0,2719,0,0,0
2019-06-25,port1154,Santa Marta,2,0,1210,66553,0,0,1210,0,0,66553,0,0,0,0
2019-06-26,port1154,Santa Marta,3,1,5869,7309,5016,852,0,0,0,0,2152,0,5156,0
2019-06-27,port1154,Santa Marta,2,1,6285,0,0,6285,0,0,0,0,0,0,0,0
2019-06-28,port1154,Santa Marta,3,1,4580,2258,2428,2152,0,0,0,0,0,0,2258,0
2019-06-29,port1154,Santa Marta,2,2,0,9147,0,0,0,0,0,0,9147,0,0,0
2019-06-30,port1154,Santa Marta,2,2,0,12156,0,0,0,0,0,0,12156,0,0,0
2019-07-01,port1154,Santa Marta,1,1,1846,0,0,1846,0,0,0,0,0,0,0,0
2019-07-02,port1154,Santa Marta,2,0,1451,0,1451,0,0,0,0,0,0,0,0,0
2019-07-03,port1154,Santa Marta,0,0,0,0,0,0,0,0,0,0,0,0,0,0
2019-07-04,port1154,Santa Marta,5,3,8829,63813,0,940,7889,0,0,63813,0,0,0,0
2019-07-05,port1154,Santa Marta,1,1,6484,0,0,6484,0,0,0,0,0,0,0,0
2019-07-06,port1154,Santa Marta,7,3,15009,59549,0,3685,10485,0,838,44364,15184,0,0,0
2019-07-07,port1154,Santa Marta,1,1,0,10292,0,0,0,0,0,0,10292,0,0,0
2019-07-08,port1154,Santa Marta,2,1,2232,0,0,2232,0,0,0,0,0,0,0,0
2019-07-09,port1154,Santa Marta,1,1,635,0,0,635,0,0,0,0,0,0,0,0
2019-07-10,port1154,Santa Marta,1,0,494,0,0,0,494,0,0,0,0,0,0,0
2019-07-11,port1154,Santa Marta,3,1,1855,780,0,0,1855,0,0,0,0,780,0,0
2019-07-12,port1154,Santa Marta,1,1,3440,0,0,3440,0,0,0,0,0,0,0,0
2019-07-13,port1154,Santa Marta,4,3,12005,3081,0,4697,7307,0,0,0,3081,0,0,0
2019-07-14,port1154,Santa Marta,2,1,11569,7838,0,0,11569,0,0,0,7838,0,0,0
2019-07-15,port1154,Santa Marta,1,1,734,0,0,734,0,0,0,0,0,0,0,0
2019-07-16,port1154,Santa Marta,1,0,19644,0,19644,0,0,0,0,0,0,0,0,0
2019-07-17,port1154,Santa Marta,1,0,0,0,0,0,0,0,0,0,0,0,0,0
2019-07-18,port1154,Santa Marta,3,2,2513,3141,0,658,1855,0,0,0,2361,780,0,0
2019-07-19,port1154,Santa Marta,2,1,4748,32190,0,4748,0,0,0,32190,0,0,0,0
2019-07-20,port1154,Santa Marta,2,2,0,1469,0,0,0,0,0,0,1469,0,0,0
2019-07-21,port1154,Santa Marta,4,2,47382,12636,46294,0,1088,0,0,0,12636,0,0,0
2019-07-22,port1154,Santa Marta,2,1,50199,5660,50199,0,0,0,0,0,5660,0,0,0
2019-07-23,port1154,Santa Marta,2,0,602,46329,0,0,0,0,602,46237,0,0,0,92
2019-07-24,port1154,Santa Marta,2,1,1418,0,0,659,759,0,0,0,0,0,0,0
2019-07-25,port1154,Santa Marta,3,2,0,33334,0,0,0,0,0,0,270,0,33063,0
2019-07-26,port1154,Santa Marta,2,1,35670,0,30501,5168,0,0,0,0,0,0,0,0
2019-07-27,port1154,Santa Marta,3,2,0,7214,0,0,0,0,0,0,4712,0,2501,0
2019-07-28,port1154,Santa Marta,4,2,34441,4915,32888,1553,0,0,0,0,4915,0,0,0
2019-07-29,port1154,Santa Marta,2,1,1104,50296,0,1104,0,0,0,50296,0,0,0,0
2019-07-30,port1154,Santa Marta,2,1,7908,1979,7908,0,0,0,0,0,1979,0,0,0
2019-07-31,port1154,Santa Marta,2,0,510,0,0,0,0,0,510,0,0,0,0,0
2019-08-01,port1154,Santa Marta,3,2,0,49856,0,0,0,0,0,48572,1284,0,0,0
2019-08-02,port1154,Santa Marta,1,1,6921,0,0,6921,0,0,0,0,0,0,0,0
2019-08-03,port1154,Santa Marta,3,1,24908,2033,24908,0,0,0,0,0,2033,0,0,0
2019-08-04,port1154,Santa Marta,2,2,0,12958,0,0,0,0,0,0,12958,0,0,0
2019-08-05,port1154,Santa Marta,3,1,27165,0,23730,368,0,0,3066,0,0,0,0,0
2019-08-06,port1154,Santa Marta,2,0,9030,2342,0,0,9030,0,0,0,0,0,0,2342
2019-08-07,port1154,Santa Marta,1,0,602,92,0,0,0,0,602,0,0,0,0,92
2019-08-08,port1154,Santa Marta,3,1,920,34686,0,0,0,0,920,31467,3219,0,0,0
2019-08-09,port1154,Santa Marta,1,1,5603,0,0,5603,0,0,0,0,0,0,0,0
2019-08-10,port1154,Santa Marta,4,3,13796,10513,13796,0,0,0,0,0,10513,0,0,0
2019-08-11,port1154,Santa Marta,1,1,0,9787,0,0,0,0,0,0,9787,0,0,0
2019-08-12,port1154,Santa Marta,2,1,5701,0,0,4550,1150,0,0,0,0,0,0,0
2019-08-13,port1154,Santa Marta,4,0,13044,19863,0,0,326,12717,0,8692,0,0,11171,0
2019-08-14,port1154,Santa Marta,4,1,26941,0,26124,817,0,0,0,0,0,0,0,0
2019-08-15,port1154,Santa Marta,3,3,325,971,0,325,0,0,0,0,971,0,0,0
2019-08-16,port1154,Santa Marta,1,1,6911,0,0,6911,0,0,0,0,0,0,0,0
2019-08-17,port1154,Santa Marta,3,2,1004,5723,0,852,151,0,0,0,5723,0,0,0
2019-08-18,port1154,Santa Marta,1,1,0,10951,0,0,0,0,0,0,10951,0,0,0
2019-08-19,port1154,Santa Marta,5,3,1595,80045,0,1595,0,0,0,71022,9022,0,0,0
2019-08-20,port1154,Santa Marta,3,0,24462,11241,15895,0,6234,2332,0,6457,0,0,4783,0
2019-08-21,port1154,Santa Marta,1,1,0,957,0,0,0,0,0,0,957,0,0,0
2019-08-22,port1154,Santa Marta,3,1,0,50670,0,0,0,0,0,50012,658,0,0,0
2019-08-23,port1154,Santa Marta,3,1,9895,0,0,3271,6624,0,0,0,0,0,0,0
2019-08-24,port1154,Santa Marta,2,2,852,6300,0,852,0,0,0,0,6300,0,0,0
2019-08-25,port1154,Santa Marta,3,1,51436,7586,49581,0,1855,0,0,0,6805,780,0,0
2019-08-26,port1154,Santa Marta,3,2,11714,10491,11714,0,0,0,0,0,10491,0,0,0
2019-08-27,port1154,Santa Marta,1,0,0,27506,0,0,0,0,0,27506,0,0,0,0
2019-08-28,port1154,Santa Marta,1,0,8668,0,8668,0,0,0,0,0,0,0,0,0
2019-08-29,port1154,Santa Marta,2,1,0,8351,0,0,0,0,0,0,969,7381,0,0
2019-08-30,port1154,Santa Marta,3,1,26836,2885,22094,4741,0,0,0,0,0,0,2885,0
2019-08-31,port1154,Santa Marta,2,2,0,4913,0,0,0,0,0,0,4913,0,0,0
2019-09-01,port1154,Santa Marta,2,1,1343,2152,490,852,0,0,0,0,2152,0,0,0
2019-09-02,port1154,Santa Marta,2,2,0,6271,0,0,0,0,0,0,6271,0,0,0
2019-09-03,port1154,Santa Marta,4,1,10812,2152,0,852,0,9959,0,0,2152,0,0,0
2019-09-04,port1154,Santa Marta,2,0,23115,0,23115,0,0,0,0,0,0,0,0,0
2019-09-05,port1154,Santa Marta,4,2,151,52769,0,0,151,0,0,49905,2863,0,0,0
2019-09-06,port1154,Santa Marta,2,2,9746,0,0,9746,0,0,0,0,0,0,0,0
2019-09-07,port1154,Santa Marta,4,1,22215,6550,21613,0,0,0,602,6457,0,0,0,92
2019-09-08,port1154,Santa Marta,5,2,14543,10135,12594,1556,392,0,0,0,9808,326,0,0
2019-09-09,port1154,Santa Marta,2,1,17009,6457,15895,1114,0,0,0,6457,0,0,0,0
2019-09-10,port1154,Santa Marta,4,0,64119,0,64119,0,0,0,0,0,0,0,0,0
2019-09-11,port1154,Santa Marta,0,0,0,0,0,0,0,0,0,0,0,0,0,0
2019-09-12,port1154,Santa Marta,2,1,0,45516,0,0,0,0,0,43573,1943,0,0,0
2019-09-13,port1154,Santa Marta,1,1,852,2152,0,852,0,0,0,0,2152,0,0,0
2019-09-14,port1154,Santa Marta,3,2,22691,5842,0,0,0,22691,0,0,5842,0,0,0
2019-09-15,port1154,Santa Marta,3,1,49345,4910,49345,0,0,0,0,0,4910,0,0,0
2019-09-16,port1154,Santa Marta,3,1,15873,50642,15501,372,0,0,0,50642,0,0,0,0
2019-09-17,port1154,Santa Marta,0,0,0,0,0,0,0,0,0,0,0,0,0,0
2019-09-18,port1154,Santa Marta,1,1,852,2152,0,852,0,0,0,0,2152,0,0,0
2019-09-19,port1154,Santa Marta,3,1,39879,0,33185,982,5710,0,0,0,0,0,0,0
2019-09-20,port1154,Santa Marta,2,1,6911,1585,0,6911,0,0,0,0,0,0,1585,0
2019-09-21,port1154,Santa Marta,3,2,0,51228,0,0,0,0,0,44448,6780,0,0,0
2019-09-22,port1154,Santa Marta,3,2,0,10702,0,0,0,0,0,0,10702,0,0,0
2019-09-23,port1154,Santa Marta,3,1,7506,6078,0,373,7132,0,0,0,0,0,6078,0
2019-09-24,port1154,Santa Marta,1,0,0,0,0,0,0,0,0,0,0,0,0,0
2019-09-25,port1154,Santa Marta,2,0,34219,1896,34219,0,0,0,0,0,0,1896,0,0
2019-09-26,port1154,Santa Marta,3,1,1302,27226,0,1302,0,0,0,0,0,0,27226,0
2019-09-27,port1154,Santa Marta,3,1,58694,0,52219,6474,0,0,0,0,0,0,0,0
2019-09-28,port1154,Santa Marta,3,2,852,6324,0,852,0,0,0,0,5207,0,1116,0
2019-09-29,port1154,Santa Marta,1,1,0,7355,0,0,0,0,0,0,7355,0,0,0
2019-09-30,port1154,Santa Marta,3,2,369,48929,0,369,0,0,0,37933,10995,0,0,0
2019-10-01,port1154,Santa Marta,1,0,3656,0,3656,0,0,0,0,0,0,0,0,0
2019-10-02,port1154,Santa Marta,0,0,0,0,0,0,0,0,0,0,0,0,0,0
2019-10-03,port1154,Santa Marta,4,1,35775,3195,35775,0,0,0,0,0,2891,303,0,0
2019-10-04,port1154,Santa Marta,1,1,10619,0,0,10619,0,0,0,0,0,0,0,0
2019-10-05,port1154,Santa Marta,4,2,852,52712,0,852,0,0,0,50560,2152,0,0,0
2019-10-06,port1154,Santa Marta,3,2,30365,18339,30365,0,0,0,0,0,18339,0,0,0
2019-10-07,port1154,Santa Marta,2,1,4647,0,0,1846,0,0,2801,0,0,0,0,0
2019-10-08,port1154,Santa Marta,4,0,23380,18663,22462,0,0,0,918,0,0,18663,0,0
2019-10-09,port1154,Santa Marta,0,0,0,0,0,0,0,0,0,0,0,0,0,0
2019-10-10,port1154,Santa Marta,2,1,0,48117,0,0,0,0,0,46825,1291,0,0,0
2019-10-11,port1154,Santa Marta,3,1,11021,0,0,10182,0,0,838,0,0,0,0,0
2019-10-12,port1154,Santa Marta,2,1,0,2191,0,0,0,0,0,0,2028,163,0,0
2019-10-13,port1154,Santa Marta,2,1,10491,8563,0,0,10491,0,0,0,8563,0,0,0
2019-10-14,port1154,Santa Marta,3,2,29559,10285,28450,1109,0,0,0,0,10285,0,0,0
2019-10-15,port1154,Santa Marta,1,0,0,65820,0,0,0,0,0,65820,0,0,0,0
2019-10-16,port1154,Santa Marta,2,1,17148,6457,15895,1253,0,0,0,6457,0,0,0,0
2019-10-17,port1154,Santa Marta,1,1,0,1913,0,0,0,0,0,0,1913,0,0,0
2019-10-18,port1154,Santa Marta,4,1,28697,0,21969,5603,0,0,1125,0,0,0,0,0
2019-10-19,port1154,Santa Marta,2,2,852,6300,0,852,0,0,0,0,6300,0,0,0
2019-10-20,port1154,Santa Marta,1,1,0,5494,0,0,0,0,0,0,5494,0,0,0
2019-10-21,port1154,Santa Marta,5,2,5700,67540,0,2956,0,2743,0,58551,8834,154,0,0
2019-10-22,port1154,Santa Marta,1,0,9883,0,9883,0,0,0,0,0,0,0,0,0
2019-10-23,port1154,Santa Marta,2,0,32833,0,32833,0,0,0,0,0,0,0,0,0
2019-10-24,port1154,Santa Marta,1,0,0,822,0,0,0,0,0,0,0,822,0,0
2019-10-25,port1154,Santa Marta,3,2,10397,0,0,10397,0,0,0,0,0,0,0,0
2019-10-26,port1154,Santa Marta,3,2,6142,35978,0,6142,0,0,0,34963,1015,0,0,0
2019-10-27,port1154,Santa Marta,3,2,4868,8439,4868,0,0,0,0,0,8439,0,0,0
2019-10-28,port1154,Santa Marta,1,1,0,743,0,0,0,0,0,0,743,0,0,0
2019-10-29,port1154,Santa Marta,2,0,10029,0,6662,0,3366,0,0,0,0,0,0,0
2019-10-30,port1154,Santa Marta,1,0,0,0,0,0,0,0,0,0,0,0,0,0
2019-10-31,port1154,Santa Marta,3,0,1058,88809,0,0,1058,0,0,61599,0,0,27209,0
2019-11-01,port1154,Santa Marta,1,1,2239,0,0,2239,0,0,0,0,0,0,0,0
2019-11-02,port1154,Santa Marta,5,3,21621,4653,12310,9310,0,0,0,0,4386,267,0,0
2019-11-03,port1154,Santa Marta,2,2,0,20120,0,0,0,0,0,0,20120,0,0,0
2019-11-04,port1154,Santa Marta,4,1,4256,2152,0,852,327,3076,0,0,2152,0,0,0
2019-11-05,port1154,Santa Marta,1,0,7213,0,7213,0,0,0,0,0,0,0,0,0
2019-11-06,port1154,Santa Marta,2,1,2021,2274,0,852,0,1169,0,0,2152,0,122,0
2019-11-07,port1154,Santa Marta,2,0,1656,0,1656,0,0,0,0,0,0,0,0,0
2019-11-08,port1154,Santa Marta,5,2,17530,32913,9744,7786,0,0,0,32587,325,0,0,0
2019-11-09,port1154,Santa Marta,3,2,35775,3169,34923,852,0,0,0,0,3169,0,0,0
2019-11-10,port1154,Santa Marta,2,2,0,18355,0,0,0,0,0,0,18355,0,0,0
2019-11-11,port1154,Santa Marta,5,1,3141,54408,0,733,0,0,2408,50744,0,0,3664,0
2019-11-12,port1154,Santa Marta,1,0,19904,0,19904,0,0,0,0,0,0,0,0,0
2019-11-13,port1154,Santa Marta,0,0,0,0,0,0,0,0,0,0,0,0,0,0
2019-11-14,port1154,Santa Marta,2,1,1455,2244,0,852,0,0,602,0,2152,0,0,92
2019-11-15,port1154,Santa Marta,2,1,11495,356,0,11495,0,0,0,0,0,356,0,0
2019-11-16,port1154,Santa Marta,1,1,0,2543,0,0,0,0,0,0,2543,0,0,0
2019-11-17,port1154,Santa Marta,3,2,0,66598,0,0,0,0,0,49099,17499,0,0,0
2019-11-18,port1154,Santa Marta,2,1,1855,1890,0,0,1855,0,0,0,1109,780,0,0
2019-11-19,port1154,Santa Marta,6,0,59491,92,48696,0,3776,6416,602,0,0,0,0,92
2019-11-20,port1154,Santa Marta,0,0,0,0,0,0,0,0,0,0,0,0,0,0
2019-11-21,port1154,Santa Marta,4,1,0,4239,0,0,0,0,0,0,969,3270,0,0
2019-11-22,port1154,Santa Marta,2,1,7786,25338,0,7786,0,0,0,25338,0,0,0,0
2019-11-23,port1154,Santa Marta,3,3,812,2039,0,812,0,0,0,0,2039,0,0,0
2019-11-24,port1154,Santa Marta,3,1,28596,1472,18593,0,10003,0,0,0,1472,0,0,0
2019-11-25,port1154,Santa Marta,3,2,16798,2368,13072,3726,0,0,0,0,2368,0,0,0
2019-11-26,port1154,Santa Marta,2,0,291,0,0,0,291,0,0,0,0,0,0,0
2019-11-27,port1154,Santa Marta,1,0,54494,0,54494,0,0,0,0,0,0,0,0,0
2019-11-28,port1154,Santa Marta,2,1,1633,7865,0,1633,0,0,0,0,0,0,7865,0
2019-11-29,port1154,Santa Marta,1,1,11057,0,0,11057,0,0,0,0,0,0,0,0
2019-11-30,port1154,Santa Marta,3,2,852,4189,0,852,0,0,0,0,4189,0,0,0
2019-12-01,port1154,Santa Marta,1,1,0,9364,0,0,0,0,0,0,9364,0,0,0
2019-12-02,port1154,Santa Marta,2,2,6639,2152,0,6639,0,0,0,0,2152,0,0,0
2019-12-03,port1154,Santa Marta,3,0,26328,37077,0,0,0,26328,0,37077,0,0,0,0
2019-12-04,port1154,Santa Marta,1,1,852,2152,0,852,0,0,0,0,2152,0,0,0
2019-12-05,port1154,Santa Marta,2,0,80575,0,80575,0,0,0,0,0,0,0,0,0
2019-12-06,port1154,Santa Marta,1,1,9746,0,0,9746,0,0,0,0,0,0,0,0
2019-12-07,port1154,Santa Marta,3,2,2229,2033,0,2229,0,0,0,0,2033,0,0,0
2019-12-08,port1154,Santa Marta,2,2,0,21572,0,0,0,0,0,0,21572,0,0,0
2019-12-09,port1154,Santa Marta,1,1,1851,0,0,1851,0,0,0,0,0,0,0,0
2019-12-10,port1154,Santa Marta,1,0,602,92,0,0,0,0,602,0,0,0,0,92
2019-12-11,port1154,Santa Marta,1,1,852,2152,0,852,0,0,0,0,2152,0,0,0
2019-12-12,port1154,Santa Marta,1,1,0,654,0,0,0,0,0,0,654,0,0,0
2019-12-13,port1154,Santa Marta,1,1,852,2152,0,852,0,0,0,0,2152,0,0,0
2019-12-14,port1154,Santa Marta,5,2,19205,16410,15895,852,1855,0,602,6457,9079,780,0,92
2019-12-15,port1154,Santa Marta,3,2,16747,14057,15895,852,0,0,0,6457,7599,0,0,0
2019-12-16,port1154,Santa Marta,2,1,852,3169,0,852,0,0,0,0,2152,0,0,1016
2019-12-17,port1154,Santa Marta,0,0,0,0,0,0,0,0,0,0,0,0,0,0
2019-12-18,port1154,Santa Marta,3,0,2732,872,0,0,2129,0,602,0,0,780,0,92
2019-12-19,port1154,Santa Marta,1,1,852,2152,0,852,0,0,0,0,2152,0,0,0
2019-12-20,port1154,Santa Marta,2,1,852,4656,0,852,0,0,0,0,2152,2503,0,0
2019-12-21,port1154,Santa Marta,3,1,8971,506,0,0,8971,0,0,0,506,0,0,0
2019-12-22,port1154,Santa Marta,1,1,852,2152,0,852,0,0,0,0,2152,0,0,0
2019-12-23,port1154,Santa Marta,3,2,2699,13347,0,2699,0,0,0,0,2152,11194,0,0
2019-12-24,port1154,Santa Marta,2,0,15895,6457,15895,0,0,0,0,6457,0,0,0,0
2019-12-25,port1154,Santa Marta,1,0,1855,780,0,0,1855,0,0,0,0,780,0,0
2019-12-26,port1154,Santa Marta,0,0,0,0,0,0,0,0,0,0,0,0,0,0
2019-12-27,port1154,Santa Marta,1,1,852,2152,0,852,0,0,0,0,2152,0,0,0
2019-12-28,port1154,Santa Marta,4,2,18203,10855,15895,1705,0,0,602,6457,4305,0,0,92
2019-12-29,port1154,Santa Marta,3,3,0,19316,0,0,0,0,0,0,19316,0,0,0
2019-12-30,port1154,Santa Marta,3,1,29540,737,29540,0,0,0,0,0,737,0,0,0
2019-12-31,port1154,Santa Marta,4,1,19508,1712,0,1091,1855,16562,0,0,0,780,932,0
2020-01-01,port1154,Santa Marta,0,0,0,0,0,0,0,0,0,0,0,0,0,0
2020-01-02,port1154,Santa Marta,1,0,0,4196,0,0,0,0,0,0,0,0,4196,0
2020-01-03,port1154,Santa Marta,2,1,32063,0,25579,6484,0,0,0,0,0,0,0,0
2020-01-04,port1154,Santa Marta,3,2,19177,6032,0,852,0,18324,0,0,6032,0,0,0
2020-01-05,port1154,Santa Marta,3,1,16416,880,0,0,15814,0,602,0,788,0,0,92
2020-01-06,port1154,Santa Marta,4,2,18136,11061,0,1099,1855,15182,0,0,10281,780,0,0
2020-01-07,port1154,Santa Marta,2,1,51911,0,50115,1795,0,0,0,0,0,0,0,0
2020-01-08,port1154,Santa Marta,0,0,0,0,0,0,0,0,0,0,0,0,0,0
2020-01-09,port1154,Santa Marta,2,2,1394,2152,0,1394,0,0,0,0,2152,0,0,0
2020-01-10,port1154,Santa Marta,0,0,0,0,0,0,0,0,0,0,0,0,0,0
2020-01-11,port1154,Santa Marta,4,2,852,30780,0,852,0,0,0,26151,3171,0,1457,0
2020-01-12,port1154,Santa Marta,3,2,5662,1911,0,5662,0,0,0,0,0,0,0,1911
2020-01-13,port1154,Santa Marta,1,1,0,6241,0,0,0,0,0,0,6241,0,0,0
2020-01-14,port1154,Santa Marta,2,1,852,21442,0,852,0,0,0,0,2152,19289,0,0
2020-01-15,port1154,Santa Marta,3,1,54325,2152,53200,852,272,0,0,0,2152,0,0,0
2020-01-16,port1154,Santa Marta,2,0,499,21361,0,0,499,0,0,21361,0,0,0,0
2020-01-17,port1154,Santa Marta,3,2,7077,416,0,6474,0,0,602,0,324,0,0,92
2020-01-18,port1154,Santa Marta,2,2,3347,1015,0,3347,0,0,0,0,1015,0,0,0
2020-01-19,port1154,Santa Marta,2,1,26765,5057,26765,0,0,0,0,0,5057,0,0,0
2020-01-20,port1154,Santa Marta,2,1,2677,11643,0,0,0,0,2677,0,11643,0,0,0
2020-01-21,port1154,Santa Marta,2,1,0,15051,0,0,0,0,0,0,3744,0,11306,0
2020-01-22,port1154,Santa Marta,3,1,59116,3274,58263,852,0,0,0,0,2152,0,1121,0
2020-01-23,port1154,Santa Marta,2,1,13996,1537,13996,0,0,0,0,0,1537,0,0,0
2020-01-24,port1154,Santa Marta,1,1,9310,0,0,9310,0,0,0,0,0,0,0,0
2020-01-25,port1154,Santa Marta,1,1,1011,0,0,1011,0,0,0,0,0,0,0,0
2020-01-26,port1154,Santa Marta,3,1,25130,2152,24277,852,0,0,0,0,2152,0,0,0
2020-01-27,port1154,Santa Marta,2,1,852,2152,0,852,0,0,0,0,2152,0,0,0
2020-01-28,port1154,Santa Marta,1,1,852,2152,0,852,0,0,0,0,2152,0,0,0
2020-01-29,port1154,Santa Marta,2,0,15894,0,15894,0,0,0,0,0,0,0,0,0
2020-01-30,port1154,Santa Marta,1,1,0,975,0,0,0,0,0,0,975,0,0,0
2020-01-31,port1154,Santa Marta,2,2,5168,274,0,5168,0,0,0,0,274,0,0,0
2020-02-01,port1154,Santa Marta,2,2,852,4189,0,852,0,0,0,0,4189,0,0,0
2020-02-02,port1154,Santa Marta,5,2,20636,20882,15895,852,3888,0,0,6457,6655,0,7768,0
2020-02-03,port1154,Santa Marta,1,1,0,2232,0,0,0,0,0,0,2232,0,0,0
2020-02-04,port1154,Santa Marta,2,1,19571,2152,0,852,0,18718,0,0,2152,0,0,0
2020-02-05,port1154,Santa Marta,2,1,547,27030,0,547,0,0,0,27030,0,0,0,0
2020-02-06,port1154,Santa Marta,0,0,0,0,0,0,0,0,0,0,0,0,0,0
2020-02-07,port1154,Santa Marta,2,2,9746,1922,0,9746,0,0,0,0,1922,0,0,0
2020-02-08,port1154,Santa Marta,1,1,0,2533,0,0,0,0,0,0,2533,0,0,0
2020-02-09,port1154,Santa Marta,3,1,4412,14306,0,0,4412,0,0,0,13366,0,0,940
2020-02-10,port1154,Santa Marta,2,1,16747,8610,15895,852,0,0,0,6457,2152,0,0,0
2020-02-11,port1154,Santa Marta,3,1,18396,2933,15688,852,1855,0,0,0,2152,780,0,0
2020-02-12,port1154,Santa Marta,0,0,0,0,0,0,0,0,0,0,0,0,0,0
2020-02-13,port1154,Santa Marta,2,1,852,2456,0,852,0,0,0,0,2152,303,0,0
2020-02-14,port1154,Santa Marta,4,1,29180,0,22239,6941,0,0,0,0,0,0,0,0
2020-02-15,port1154,Santa Marta,4,2,1031,2036,1031,0,0,0,0,0,2036,0,0,0
2020-02-16,port1154,Santa Marta,1,1,0,6740,0,0,0,0,0,0,6740,0,0,0
2020-02-17,port1154,Santa Marta,0,0,0,0,0,0,0,0,0,0,0,0,0,0
2020-02-18,port1154,Santa Marta,2,2,603,748,0,603,0,0,0,0,748,0,0,0
2020-02-19,port1154,Santa Marta,1,0,2775,0,0,0,2775,0,0,0,0,0,0,0
2020-02-20,port1154,Santa Marta,4,0,59810,13345,57478,0,0,2332,0,0,0,0,13345,0
2020-02-21,port1154,Santa Marta,4,2,8814,2244,0,8211,0,0,602,0,2152,0,0,92
2020-02-22,port1154,Santa Marta,2,1,3624,1014,3624,0,0,0,0,0,1014,0,0,0
2020-02-23,port1154,Santa Marta,3,1,0,70325,0,0,0,0,0,60813,9512,0,0,0
2020-02-24,port1154,Santa Marta,1,1,0,2229,0,0,0,0,0,0,2229,0,0,0
2020-02-25,port1154,Santa Marta,2,1,13946,1208,0,0,0,13946,0,0,1208,0,0,0
2020-02-26,port1154,Santa Marta,2,0,20384,0,18252,0,0,0,2132,0,0,0,0,0
2020-02-27,port1154,Santa Marta,3,1,165,29979,0,0,165,0,0,29432,546,0,0,0
2020-02-28,port1154,Santa Marta,1,1,7379,0,0,7379,0,0,0,0,0,0,0,0
2020-02-29,port1154,Santa Marta,4,2,48470,3172,47618,852,0,0,0,0,3172,0,0,0
2020-03-01,port1154,Santa Marta,1,1,0,12289,0,0,0,0,0,0,12289,0,0,0
2020-03-02,port1154,Santa Marta,1,1,0,1108,0,0,0,0,0,0,1108,0,0,0
2020-03-03,port1154,Santa Marta,2,1,0,2399,0,0,0,0,0,0,2399,0,0,0
2020-03-04,port1154,Santa Marta,3,1,30335,7551,30335,0,0,0,0,6457,1093,0,0,0
2020-03-05,port1154,Santa Marta,1,1,775,0,0,775,0,0,0,0,0,0,0,0
2020-03-06,port1154,Santa Marta,3,1,5778,92,0,5176,0,0,602,0,0,0,0,92
2020-03-07,port1154,Santa Marta,4,1,151,8079,0,0,151,0,0,6559,1520,0,0,0
2020-03-08,port1154,Santa Marta,1,1,0,17517,0,0,0,0,0,0,17517,0,0,0
2020-03-09,port1154,Santa Marta,1,1,852,2152,0,852,0,0,0,0,2152,0,0,0
2020-03-10,port1154,Santa Marta,1,1,0,2993,0,0,0,0,0,0,2993,0,0,0
2020-03-11,port1154,Santa Marta,3,0,8399,0,3149,0,0,5250,0,0,0,0,0,0
2020-03-12,port1154,Santa Marta,2,1,0,20555,0,0,0,0,0,0,1845,0,18709,0
2020-03-13,port1154,Santa Marta,1,1,7797,0,0,7797,0,0,0,0,0,0,0,0
2020-03-14,port1154,Santa Marta,3,2,1705,4305,0,1705,0,0,0,0,4305,0,0,0
2020-03-15,port1154,Santa Marta,4,1,17045,13940,16880,0,164,0,0,0,13940,0,0,0
2020-03-16,port1154,Santa Marta,2,2,877,1114,0,877,0,0,0,0,1114,0,0,0
2020-03-17,port1154,Santa Marta,2,1,20614,0,18807,1806,0,0,0,0,0,0,0,0
2020-03-18,port1154,Santa Marta,0,0,0,0,0,0,0,0,0,0,0,0,0,0
2020-03-19,port1154,Santa Marta,0,0,0,0,0,0,0,0,0,0,0,0,0,0
2020-03-20,port1154,Santa Marta,3,2,25369,1161,20561,4807,0,0,0,0,1161,0,0,0
2020-03-21,port1154,Santa Marta,2,2,864,4072,0,864,0,0,0,0,4072,0,0,0
2020-03-22,port1154,Santa Marta,1,1,0,8975,0,0,0,0,0,0,8975,0,0,0
2020-03-23,port1154,Santa Marta,1,1,0,2220,0,0,0,0,0,0,2220,0,0,0
2020-03-24,port1154,Santa Marta,3,0,1019,0,0,0,0,0,1019,0,0,0,0,0
2020-03-25,port1154,Santa Marta,1,1,0,1093,0,0,0,0,0,0,1093,0,0,0
2020-03-26,port1154,Santa Marta,0,0,0,0,0,0,0,0,0,0,0,0,0,0
2020-03-27,port1154,Santa Marta,2,1,7369,0,0,7369,0,0,0,0,0,0,0,0
2020-03-28,port1154,Santa Marta,3,3,852,10896,0,852,0,0,0,0,10896,0,0,0
2020-03-29,port1154,Santa Marta,2,0,2934,4875,0,0,0,2332,602,0,0,0,4783,92
2020-03-30,port1154,Santa Marta,2,1,16366,0,15995,371,0,0,0,0,0,0,0,0
2020-03-31,port1154,Santa Marta,4,1,63596,4225,62757,0,0,0,838,0,4225,0,0,0
2020-04-01,port1154,Santa Marta,1,1,546,0,0,546,0,0,0,0,0,0,0,0
2020-04-02,port1154,Santa Marta,3,1,385,61563,0,385,0,0,0,59326,0,0,2236,0
2020-04-03,port1154,Santa Marta,3,1,29568,0,12955,3879,0,12733,0,0,0,0,0,0
2020-04-04,port1154,Santa Marta,4,3,0,21509,0,0,0,0,0,4639,16869,0,0,0
2020-04-05,port1154,Santa Marta,5,0,5336,21650,0,0,5336,0,0,21650,0,0,0,0
2020-04-06,port1154,Santa Marta,2,1,0,3059,0,0,0,0,0,0,3059,0,0,0
2020-04-07,port1154,Santa Marta,2,1,14665,2152,13813,852,0,0,0,0,2152,0,0,0
2020-04-08,port1154,Santa Marta,1,0,0,26017,0,0,0,0,0,0,0,0,26017,0
2020-04-09,port1154,Santa Marta,3,2,10043,337,0,7325,0,0,2718,0,337,0,0,0
2020-04-10,port1154,Santa Marta,2,1,384,0,0,384,0,0,0,0,0,0,0,0
2020-04-11,port1154,Santa Marta,4,3,953,7610,0,953,0,0,0,0,7610,0,0,0
2020-04-12,port1154,Santa Marta,2,0,23159,11539,23159,0,0,0,0,0,0,11539,0,0
2020-04-13,port1154,Santa Marta,3,1,1937,7689,0,1478,0,0,459,0,0,0,7689,0
2020-04-14,port1154,Santa Marta,2,1,1800,133,0,1800,0,0,0,0,0,133,0,0
2020-04-15,port1154,Santa Marta,1,0,0,0,0,0,0,0,0,0,0,0,0,0
2020-04-16,port1154,Santa Marta,3,1,5833,26246,5833,0,0,0,0,0,1159,0,25086,0
2020-04-17,port1154,Santa Marta,1,1,5611,0,0,5611,0,0,0,0,0,0,0,0
2020-04-18,port1154,Santa Marta,3,2,15895,14624,15895,0,0,0,0,6457,8166,0,0,0
2020-04-19,port1154,Santa Marta,2,0,1855,780,0,0,1855,0,0,0,0,780,0,0
2020-04-20,port1154,Santa Marta,2,1,57100,0,56361,739,0,0,0,0,0,0,0,0
2020-04-21,port1154,Santa Marta,4,1,6030,6616,0,0,1855,0,4175,0,3011,780,2824,0
2020-04-22,port1154,Santa Marta,1,0,27266,0,27266,0,0,0,0,0,0,0,0,0
2020-04-23,port1154,Santa Marta,3,1,18150,0,13408,4741,0,0,0,0,0,0,0,0
2020-04-24,port1154,Santa Marta,1,1,852,2152,0,852,0,0,0,0,2152,0,0,0
2020-04-25,port1154,Santa Marta,3,2,1981,2152,0,1818,162,0,0,0,2152,0,0,0
2020-04-26,port1154,Santa Marta,1,1,0,8967,0,0,0,0,0,0,8967,0,0,0
2020-04-27,port1154,Santa Marta,2,1,0,2389,0,0,0,0,0,0,2238,151,0,0
2020-04-28,port1154,Santa Marta,1,1,0,603,0,0,0,0,0,0,603,0,0,0
2020-04-29,port1154,Santa Marta,2,0,0,7410,0,0,0,0,0,0,0,0,7410,0
2020-04-30,port1154,Santa Marta,3,1,1075,12974,0,1075,0,0,0,0,0,460,12513,0
2020-05-01,port1154,Santa Marta,4,2,37220,0,20339,7736,9145,0,0,0,0,0,0,0
2020-05-02,port1154,Santa Marta,5,3,28600,19652,24292,4307,0,0,0,0,19652,0,0,0
2020-05-03,port1154,Santa Marta,2,0,27045,6457,27045,0,0,0,0,6457,0,0,0,0
2020-05-04,port1154,Santa Marta,2,1,266,746,0,0,266,0,0,0,746,0,0,0
2020-05-05,port1154,Santa Marta,2,1,0,10037,0,0,0,0,0,7521,2515,0,0,0
2020-05-06,port1154,Santa Marta,1,0,0,0,0,0,0,0,0,0,0,0,0,0
2020-05-07,port1154,Santa Marta,1,1,852,2152,0,852,0,0,0,0,2152,0,0,0
2020-05-08,port1154,Santa Marta,1,1,9746,0,0,9746,0,0,0,0,0,0,0,0
2020-05-09,port1154,Santa Marta,2,2,0,3934,0,0,0,0,0,0,3934,0,0,0
2020-05-10,port1154,Santa Marta,3,3,852,9439,0,852,0,0,0,0,9439,0,0,0
2020-05-11,port1154,Santa Marta,0,0,0,0,0,0,0,0,0,0,0,0,0,0
2020-05-12,port1154,Santa Marta,3,1,22892,2404,22892,0,0,0,0,0,2404,0,0,0
2020-05-13,port1154,Santa Marta,0,0,0,0,0,0,0,0,0,0,0,0,0,0
2020-05-14,port1154,Santa Marta,1,1,0,385,0,0,0,0,0,0,385,0,0,0
2020-05-15,port1154,Santa Marta,2,1,28126,0,22078,6047,0,0,0,0,0,0,0,0
2020-05-16,port1154,Santa Marta,3,2,0,4208,0,0,0,0,0,0,4208,0,0,0
2020-05-17,port1154,Santa Marta,3,1,301,23716,0,0,301,0,0,0,6187,17529,0,0
2020-05-18,port1154,Santa Marta,1,1,0,2235,0,0,0,0,0,0,2235,0,0,0
2020-05-19,port1154,Santa Marta,3,1,36140,54808,36140,0,0,0,0,54209,598,0,0,0
2020-05-20,port1154,Santa Marta,1,0,0,28825,0,0,0,0,0,0,0,0,28825,0
2020-05-21,port1154,Santa Marta,1,1,1093,0,0,1093,0,0,0,0,0,0,0,0
2020-05-22,port1154,Santa Marta,2,2,6502,1252,0,6502,0,0,0,0,1252,0,0,0
2020-05-23,port1154,Santa Marta,4,3,852,15246,0,852,0,0,0,0,7215,0,8030,0
2020-05-24,port1154,Santa Marta,1,0,0,34104,0,0,0,0,0,0,0,0,34104,0
2020-05-25,port1154,Santa Marta,2,1,328,370,0,0,328,0,0,0,370,0,0,0
2020-05-26,port1154,Santa Marta,1,1,0,1800,0,0,0,0,0,0,1800,0,0,0
2020-05-27,port1154,Santa Marta,2,1,58144,0,56215,1928,0,0,0,0,0,0,0,0
2020-05-28,port1154,Santa Marta,1,0,4380,0,0,0,4380,0,0,0,0,0,0,0
2020-05-29,port1154,Santa Marta,3,2,61039,0,55463,5576,0,0,0,0,0,0,0,0
2020-05-30,port1154,Santa Marta,4,2,6348,4769,0,5659,688,0,0,0,4769,0,0,0
2020-05-31,port1154,Santa Marta,1,1,852,2152,0,852,0,0,0,0,2152,0,0,0
2020-06-01,port1154,Santa Marta,3,1,852,2152,0,852,0,0,0,0,2152,0,0,0
2020-06-02,port1154,Santa Marta,1,1,0,599,0,0,0,0,0,0,599,0,0,0
2020-06-03,port1154,Santa Marta,1,0,0,2091,0,0,0,0,0,0,0,2091,0,0
2020-06-04,port1154,Santa Marta,0,0,0,0,0,0,0,0,0,0,0,0,0,0
2020-06-05,port1154,Santa Marta,3,2,6036,2152,0,6036,0,0,0,0,2152,0,0,0
2020-06-06,port1154,Santa Marta,2,2,852,2152,0,852,0,0,0,0,2152,0,0,0
2020-06-07,port1154,Santa Marta,2,1,0,38240,0,0,0,0,0,32617,5622,0,0,0
2020-06-08,port1154,Santa Marta,0,0,0,0,0,0,0,0,0,0,0,0,0,0
2020-06-09,port1154,Santa Marta,2,1,2707,2933,0,852,1855,0,0,0,2152,780,0,0
2020-06-10,port1154,Santa Marta,1,0,20366,0,20366,0,0,0,0,0,0,0,0,0
2020-06-11,port1154,Santa Marta,3,1,10198,22775,9345,852,0,0,0,0,2152,0,20622,0
2020-06-12,port1154,Santa Marta,3,2,2584,0,0,2584,0,0,0,0,0,0,0,0
2020-06-13,port1154,Santa Marta,3,3,0,14259,0,0,0,0,0,0,14259,0,0,0
2020-06-14,port1154,Santa Marta,1,0,4856,0,0,0,4856,0,0,0,0,0,0,0
2020-06-15,port1154,Santa Marta,1,1,1128,0,0,1128,0,0,0,0,0,0,0,0
2020-06-16,port1154,Santa Marta,0,0,0,0,0,0,0,0,0,0,0,0,0,0
2020-06-17,port1154,Santa Marta,3,0,30615,26063,29776,0,0,0,838,26063,0,0,0,0
2020-06-18,port1154,Santa Marta,2,1,388,4991,0,388,0,0,0,0,0,0,4991,0
2020-06-19,port1154,Santa Marta,1,1,4320,0,0,4320,0,0,0,0,0,0,0,0
2020-06-20,port1154,Santa Marta,4,3,4197,19405,0,1705,0,2492,0,0,13797,0,5608,0
2020-06-21,port1154,Santa Marta,2,0,2332,21550,0,0,0,2332,0,16766,0,0,4783,0
2020-06-22,port1154,Santa Marta,3,2,16740,6457,15895,845,0,0,0,6457,0,0,0,0
2020-06-23,port1154,Santa Marta,1,1,601,0,0,601,0,0,0,0,0,0,0,0
2020-06-24,port1154,Santa Marta,2,1,1855,1056,0,0,1855,0,0,0,275,780,0,0
2020-06-25,port1154,Santa Marta,1,1,0,387,0,0,0,0,0,0,387,0,0,0
2020-06-26,port1154,Santa Marta,1,1,4313,0,0,4313,0,0,0,0,0,0,0,0
2020-06-27,port1154,Santa Marta,4,3,36459,8072,35980,478,0,0,0,0,8072,0,0,0
2020-06-28,port1154,Santa Marta,1,0,0,0,0,0,0,0,0,0,0,0,0,0
2020-06-29,port1154,Santa Marta,1,1,0,375,0,0,0,0,0,0,375,0,0,0
2020-06-30,port1154,Santa Marta,2,1,12672,0,0,0,0,12672,0,0,0,0,0,0
2020-07-01,port1154,Santa Marta,1,0,11165,0,0,0,0,11165,0,0,0,0,0,0
2020-07-02,port1154,Santa Marta,4,1,5788,8293,0,0,5788,0,0,0,1302,0,6991,0
2020-07-03,port1154,Santa Marta,3,2,18536,771,11625,6911,0,0,0,0,771,0,0,0
2020-07-04,port1154,Santa Marta,3,3,1705,16042,0,1705,0,0,0,0,16042,0,0,0
2020-07-05,port1154,Santa Marta,1,0,23196,0,23196,0,0,0,0,0,0,0,0,0
2020-07-06,port1154,Santa Marta,2,1,7747,373,7747,0,0,0,0,0,373,0,0,0
2020-07-07,port1154,Santa Marta,3,1,7132,2152,0,852,6279,0,0,0,2152,0,0,0
2020-07-08,port1154,Santa Marta,0,0,0,0,0,0,0,0,0,0,0,0,0,0
2020-07-09,port1154,Santa Marta,1,1,385,0,0,385,0,0,0,0,0,0,0,0
2020-07-10,port1154,Santa Marta,2,1,56588,0,52281,4307,0,0,0,0,0,0,0,0
2020-07-11,port1154,Santa Marta,3,3,3933,6362,0,3933,0,0,0,0,6362,0,0,0
2020-07-12,port1154,Santa Marta,0,0,0,0,0,0,0,0,0,0,0,0,0,0
2020-07-13,port1154,Santa Marta,1,1,739,0,0,739,0,0,0,0,0,0,0,0
2020-07-14,port1154,Santa Marta,0,0,0,0,0,0,0,0,0,0,0,0,0,0
2020-07-15,port1154,Santa Marta,2,0,0,16327,0,0,0,0,0,15431,0,0,896,0
2020-07-16,port1154,Santa Marta,0,0,0,0,0,0,0,0,0,0,0,0,0,0
2020-07-17,port1154,Santa Marta,2,1,4741,9184,0,4741,0,0,0,0,0,0,9184,0
2020-07-18,port1154,Santa Marta,2,2,852,3108,0,852,0,0,0,0,3108,0,0,0
2020-07-19,port1154,Santa Marta,2,1,4632,10033,0,0,4632,0,0,0,10033,0,0,0
2020-07-20,port1154,Santa Marta,2,1,0,10873,0,0,0,0,0,0,1492,0,9380,0
2020-07-21,port1154,Santa Marta,2,1,5505,2410,5505,0,0,0,0,0,2410,0,0,0
2020-07-22,port1154,Santa Marta,0,0,0,0,0,0,0,0,0,0,0,0,0,0
2020-07-23,port1154,Santa Marta,0,0,0,0,0,0,0,0,0,0,0,0,0,0
2020-07-24,port1154,Santa Marta,3,3,4313,2036,0,4313,0,0,0,0,2036,0,0,0
2020-07-25,port1154,Santa Marta,2,2,852,8372,0,852,0,0,0,0,8372,0,0,0
2020-07-26,port1154,Santa Marta,0,0,0,0,0,0,0,0,0,0,0,0,0,0
2020-07-27,port1154,Santa Marta,4,1,33470,19283,32617,852,0,0,0,16239,2152,890,0,0
2020-07-28,port1154,Santa Marta,2,1,29215,2152,28362,852,0,0,0,0,2152,0,0,0
2020-07-29,port1154,Santa Marta,0,0,0,0,0,0,0,0,0,0,0,0,0,0
2020-07-30,port1154,Santa Marta,3,1,11797,2152,10944,852,0,0,0,0,2152,0,0,0
2020-07-31,port1154,Santa Marta,3,1,15522,0,6115,4734,4672,0,0,0,0,0,0,0
2020-08-01,port1154,Santa Marta,2,2,0,4921,0,0,0,0,0,0,4921,0,0,0
2020-08-02,port1154,Santa Marta,2,2,0,13328,0,0,0,0,0,0,13328,0,0,0
2020-08-03,port1154,Santa Marta,3,1,8883,47392,8883,0,0,0,0,46646,745,0,0,0
2020-08-04,port1154,Santa Marta,2,1,852,2409,0,852,0,0,0,0,2152,256,0,0
2020-08-05,port1154,Santa Marta,1,0,0,48009,0,0,0,0,0,48009,0,0,0,0
2020-08-06,port1154,Santa Marta,1,0,0,0,0,0,0,0,0,0,0,0,0,0
2020-08-07,port1154,Santa Marta,2,2,11440,0,0,11440,0,0,0,0,0,0,0,0
2020-08-08,port1154,Santa Marta,4,3,13513,31311,13513,0,0,0,0,0,31311,0,0,0
2020-08-09,port1154,Santa Marta,1,0,0,0,0,0,0,0,0,0,0,0,0,0
2020-08-10,port1154,Santa Marta,2,1,602,830,0,0,0,0,602,0,738,0,0,92
2020-08-11,port1154,Santa Marta,1,1,0,5724,0,0,0,0,0,0,5724,0,0,0
2020-08-12,port1154,Santa Marta,0,0,0,0,0,0,0,0,0,0,0,0,0,0
2020-08-13,port1154,Santa Marta,2,1,383,45421,0,383,0,0,0,0,0,0,45421,0
2020-08-14,port1154,Santa Marta,2,1,7348,0,0,7348,0,0,0,0,0,0,0,0
2020-08-15,port1154,Santa Marta,4,3,24267,13128,20334,3933,0,0,0,0,13128,0,0,0
2020-08-16,port1154,Santa Marta,2,1,4388,0,0,821,3566,0,0,0,0,0,0,0
2020-08-17,port1154,Santa Marta,1,1,0,3115,0,0,0,0,0,0,3115,0,0,0
2020-08-18,port1154,Santa Marta,1,1,1800,0,0,1800,0,0,0,0,0,0,0,0
2020-08-19,port1154,Santa Marta,0,0,0,0,0,0,0,0,0,0,0,0,0,0
2020-08-20,port1154,Santa Marta,0,0,0,0,0,0,0,0,0,0,0,0,0,0
2020-08-21,port1154,Santa Marta,4,2,15210,11533,0,8649,0,6560,0,0,2152,0,9380,0
2020-08-22,port1154,Santa Marta,5,3,56024,23522,53955,0,2069,0,0,0,23522,0,0,0
2020-08-23,port1154,Santa Marta,0,0,0,0,0,0,0,0,0,0,0,0,0,0
2020-08-24,port1154,Santa Marta,1,1,852,2152,0,852,0,0,0,0,2152,0,0,0
2020-08-25,port1154,Santa Marta,1,1,0,1195,0,0,0,0,0,0,1195,0,0,0
2020-08-26,port1154,Santa Marta,3,0,32388,12915,31790,0,0,0,597,12915,0,0,0,0
2020-08-27,port1154,Santa Marta,0,0,0,0,0,0,0,0,0,0,0,0,0,0
2020-08-28,port1154,Santa Marta,2,1,22816,6457,15895,6921,0,0,0,6457,0,0,0,0
2020-08-29,port1154,Santa Marta,3,2,24257,16520,24257,0,0,0,0,0,16520,0,0,0
2020-08-30,port1154,Santa Marta,0,0,0,0,0,0,0,0,0,0,0,0,0,0
2020-08-31,port1154,Santa Marta,2,1,6899,0,0,745,0,6153,0,0,0,0,0,0
2020-09-01,port1154,Santa Marta,2,1,12773,3594,12773,0,0,0,0,0,3594,0,0,0
2020-09-02,port1154,Santa Marta,0,0,0,0,0,0,0,0,0,0,0,0,0,0
2020-09-03,port1154,Santa Marta,3,1,7079,0,6308,770,0,0,0,0,0,0,0,0
2020-09-04,port1154,Santa Marta,1,1,6511,0,0,6511,0,0,0,0,0,0,0,0
2020-09-05,port1154,Santa Marta,3,3,0,6885,0,0,0,0,0,0,6885,0,0,0
2020-09-06,port1154,Santa Marta,0,0,0,0,0,0,0,0,0,0,0,0,0,0
2020-09-07,port1154,Santa Marta,2,1,24118,0,23748,369,0,0,0,0,0,0,0,0
2020-09-08,port1154,Santa Marta,1,1,3352,0,0,3352,0,0,0,0,0,0,0,0
2020-09-09,port1154,Santa Marta,0,0,0,0,0,0,0,0,0,0,0,0,0,0
2020-09-10,port1154,Santa Marta,3,1,852,8973,0,852,0,0,0,0,2152,0,6820,0
2020-09-11,port1154,Santa Marta,4,2,8258,43903,0,8258,0,0,0,43876,27,0,0,0
2020-09-12,port1154,Santa Marta,4,3,0,22945,0,0,0,0,0,0,13673,0,9272,0
2020-09-13,port1154,Santa Marta,0,0,0,0,0,0,0,0,0,0,0,0,0,0
2020-09-14,port1154,Santa Marta,1,1,3416,0,0,3416,0,0,0,0,0,0,0,0
2020-09-15,port1154,Santa Marta,2,1,12757,2996,0,0,0,12757,0,0,2996,0,0,0
2020-09-16,port1154,Santa Marta,3,1,33386,274,33386,0,0,0,0,0,274,0,0,0
2020-09-17,port1154,Santa Marta,1,1,852,2152,0,852,0,0,0,0,2152,0,0,0
2020-09-18,port1154,Santa Marta,3,1,11588,0,4647,6941,0,0,0,0,0,0,0,0
2020-09-19,port1154,Santa Marta,2,2,0,7499,0,0,0,0,0,0,7499,0,0,0
2020-09-20,port1154,Santa Marta,1,1,0,13855,0,0,0,0,0,0,13855,0,0,0
2020-09-21,port1154,Santa Marta,1,1,0,738,0,0,0,0,0,0,738,0,0,0
2020-09-22,port1154,Santa Marta,3,1,9320,35748,9320,0,0,0,0,33061,2686,0,0,0
2020-09-23,port1154,Santa Marta,0,0,0,0,0,0,0,0,0,0,0,0,0,0
2020-09-24,port1154,Santa Marta,3,1,3540,36863,2687,852,0,0,0,0,2152,0,34710,0
2020-09-25,port1154,Santa Marta,2,1,8685,0,0,7379,0,0,1305,0,0,0,0,0
2020-09-26,port1154,Santa Marta,1,1,0,5908,0,0,0,0,0,0,5908,0,0,0
2020-09-27,port1154,Santa Marta,2,1,0,37564,0,0,0,0,0,25275,12289,0,0,0
2020-09-28,port1154,Santa Marta,1,1,0,372,0,0,0,0,0,0,372,0,0,0
2020-09-29,port1154,Santa Marta,1,1,597,0,0,597,0,0,0,0,0,0,0,0
2020-09-30,port1154,Santa Marta,2,1,3651,0,3377,274,0,0,0,0,0,0,0,0
2020-10-01,port1154,Santa Marta,1,1,0,385,0,0,0,0,0,0,385,0,0,0
2020-10-02,port1154,Santa Marta,3,1,64365,0,58291,6073,0,0,0,0,0,0,0,0
2020-10-03,port1154,Santa Marta,2,2,0,15576,0,0,0,0,0,0,15576,0,0,0
2020-10-04,port1154,Santa Marta,4,0,7944,0,6243,0,1701,0,0,0,0,0,0,0
2020-10-05,port1154,Santa Marta,1,1,368,0,0,368,0,0,0,0,0,0,0,0
2020-10-06,port1154,Santa Marta,2,1,2654,2989,0,0,2654,0,0,0,2989,0,0,0
2020-10-07,port1154,Santa Marta,1,0,16055,0,16055,0,0,0,0,0,0,0,0,0
2020-10-08,port1154,Santa Marta,1,1,768,0,0,768,0,0,0,0,0,0,0,0
2020-10-09,port1154,Santa Marta,3,2,7379,262,0,7379,0,0,0,0,262,0,0,0
2020-10-10,port1154,Santa Marta,3,2,12294,7045,0,852,11442,0,0,0,7045,0,0,0
2020-10-11,port1154,Santa Marta,1,1,0,15584,0,0,0,0,0,0,15584,0,0,0
2020-10-12,port1154,Santa Marta,1,1,852,2152,0,852,0,0,0,0,2152,0,0,0
2020-10-13,port1154,Santa Marta,3,1,852,2152,0,852,0,0,0,0,2152,0,0,0
2020-10-14,port1154,Santa Marta,1,1,271,0,0,271,0,0,0,0,0,0,0,0
2020-10-15,port1154,Santa Marta,3,1,102,770,0,0,0,0,102,0,770,0,0,0
2020-10-16,port1154,Santa Marta,1,1,7379,0,0,7379,0,0,0,0,0,0,0,0
2020-10-17,port1154,Santa Marta,3,2,56361,7820,56361,0,0,0,0,0,7820,0,0,0
2020-10-18,port1154,Santa Marta,2,1,0,13632,0,0,0,0,0,0,11928,0,1703,0
2020-10-19,port1154,Santa Marta,4,1,4993,13901,0,0,0,4993,0,0,1111,12790,0,0
2020-10-20,port1154,Santa Marta,0,0,0,0,0,0,0,0,0,0,0,0,0,0
2020-10-21,port1154,Santa Marta,1,1,0,1346,0,0,0,0,0,0,1346,0,0,0
2020-10-22,port1154,Santa Marta,3,1,1709,47067,0,0,0,1709,0,46680,387,0,0,0
2020-10-23,port1154,Santa Marta,2,1,7829,45186,0,7829,0,0,0,45186,0,0,0,0
2020-10-24,port1154,Santa Marta,2,2,0,6417,0,0,0,0,0,0,6417,0,0,0
2020-10-25,port1154,Santa Marta,2,1,20991,15037,20991,0,0,0,0,0,15037,0,0,0
2020-10-26,port1154,Santa Marta,2,1,8084,0,6612,1471,0,0,0,0,0,0,0,0
2020-10-27,port1154,Santa Marta,2,1,36140,1811,36140,0,0,0,0,0,1811,0,0,0
2020-10-28,port1154,Santa Marta,0,0,0,0,0,0,0,0,0,0,0,0,0,0
2020-10-29,port1154,Santa Marta,2,1,14565,1155,14565,0,0,0,0,0,1155,0,0,0
2020-10-30,port1154,Santa Marta,3,2,6502,1444,0,6502,0,0,0,0,1087,357,0,0
2020-10-31,port1154,Santa Marta,5,1,55837,9626,55837,0,0,0,0,0,7320,0,2306,0
2020-11-01,port1154,Santa Marta,1,1,0,5547,0,0,0,0,0,0,5547,0,0,0
2020-11-02,port1154,Santa Marta,2,1,2673,3263,0,2673,0,0,0,0,0,3263,0,0
2020-11-03,port1154,Santa Marta,3,2,852,40413,0,852,0,0,0,37287,3126,0,0,0
2020-11-04,port1154,Santa Marta,1,0,0,2727,0,0,0,0,0,0,0,0,2727,0
2020-11-05,port1154,Santa Marta,1,1,852,2152,0,852,0,0,0,0,2152,0,0,0
2020-11-06,port1154,Santa Marta,1,1,4755,0,0,4755,0,0,0,0,0,0,0,0
2020-11-07,port1154,Santa Marta,3,2,0,3551,0,0,0,0,0,0,3551,0,0,0
2020-11-08,port1154,Santa Marta,4,1,5452,24236,4993,0,0,0,458,16381,7855,0,0,0
2020-11-09,port1154,Santa Marta,1,1,0,2217,0,0,0,0,0,0,2217,0,0,0
2020-11-10,port1154,Santa Marta,1,1,0,2396,0,0,0,0,0,0,2396,0,0,0
2020-11-11,port1154,Santa Marta,1,1,270,0,0,270,0,0,0,0,0,0,0,0
2020-11-12,port1154,Santa Marta,1,1,0,387,0,0,0,0,0,0,387,0,0,0
2020-11-13,port1154,Santa Marta,3,1,23210,0,19324,3885,0,0,0,0,0,0,0,0
2020-11-14,port1154,Santa Marta,5,3,6056,37258,0,852,5204,0,0,0,27877,0,9380,0
2020-11-15,port1154,Santa Marta,0,0,0,0,0,0,0,0,0,0,0,0,0,0
2020-11-16,port1154,Santa Marta,2,1,16264,6457,15895,368,0,0,0,6457,0,0,0,0
2020-11-17,port1154,Santa Marta,2,1,0,22576,0,0,0,0,0,21381,1195,0,0,0
2020-11-18,port1154,Santa Marta,0,0,0,0,0,0,0,0,0,0,0,0,0,0
2020-11-19,port1154,Santa Marta,3,2,20978,0,18623,2354,0,0,0,0,0,0,0,0
2020-11-20,port1154,Santa Marta,2,1,3902,2042,0,3902,0,0,0,0,0,2042,0,0
2020-11-21,port1154,Santa Marta,3,2,852,2152,0,852,0,0,0,0,2152,0,0,0
2020-11-22,port1154,Santa Marta,3,1,37080,7854,37080,0,0,0,0,0,7298,0,0,556
2020-11-23,port1154,Santa Marta,1,1,852,2152,0,852,0,0,0,0,2152,0,0,0
2020-11-24,port1154,Santa Marta,3,1,36230,3598,36230,0,0,0,0,0,3598,0,0,0
2020-11-25,port1154,Santa Marta,2,1,30970,0,28391,2579,0,0,0,0,0,0,0,0
2020-11-26,port1154,Santa Marta,1,1,812,0,0,812,0,0,0,0,0,0,0,0
2020-11-27,port1154,Santa Marta,3,2,16101,0,10515,5585,0,0,0,0,0,0,0,0
2020-11-28,port1154,Santa Marta,3,3,479,18110,0,479,0,0,0,0,18110,0,0,0
2020-11-29,port1154,Santa Marta,1,0,0,48684,0,0,0,0,0,48684,0,0,0,0
2020-11-30,port1154,Santa Marta,1,1,372,0,0,372,0,0,0,0,0,0,0,0
2020-12-01,port1154,Santa Marta,1,1,0,10188,0,0,0,0,0,0,10188,0,0,0
2020-12-02,port1154,Santa Marta,2,1,1304,0,0,1304,0,0,0,0,0,0,0,0
2020-12-03,port1154,Santa Marta,1,1,852,2152,0,852,0,0,0,0,2152,0,0,0
2020-12-04,port1154,Santa Marta,5,1,8021,2853,0,3461,4560,0,0,0,0,2853,0,0
2020-12-05,port1154,Santa Marta,2,2,0,6865,0,0,0,0,0,0,6865,0,0,0
2020-12-06,port1154,Santa Marta,1,1,0,8967,0,0,0,0,0,0,8967,0,0,0
2020-12-07,port1154,Santa Marta,2,1,13650,0,10307,3342,0,0,0,0,0,0,0,0
2020-12-08,port1154,Santa Marta,1,1,852,2152,0,852,0,0,0,0,2152,0,0,0
2020-12-09,port1154,Santa Marta,2,1,16542,0,15727,814,0,0,0,0,0,0,0,0
2020-12-10,port1154,Santa Marta,3,1,2238,780,0,383,1855,0,0,0,0,780,0,0
2020-12-11,port1154,Santa Marta,3,1,33112,0,27009,5643,0,0,458,0,0,0,0,0
2020-12-12,port1154,Santa Marta,3,1,1991,0,1047,944,0,0,0,0,0,0,0,0
2020-12-13,port1154,Santa Marta,2,1,602,2924,0,0,0,0,602,0,2832,0,0,92
2020-12-14,port1154,Santa Marta,2,1,1448,2152,0,852,0,595,0,0,2152,0,0,0
2020-12-15,port1154,Santa Marta,2,1,0,2009,0,0,0,0,0,0,2009,0,0,0
2020-12-16,port1154,Santa Marta,2,1,602,1515,0,0,0,0,602,0,1423,0,0,92
2020-12-17,port1154,Santa Marta,4,1,549,58490,0,386,163,0,0,58490,0,0,0,0
2020-12-18,port1154,Santa Marta,1,1,4769,0,0,4769,0,0,0,0,0,0,0,0
2020-12-19,port1154,Santa Marta,2,2,0,6950,0,0,0,0,0,0,6950,0,0,0
2020-12-20,port1154,Santa Marta,0,0,0,0,0,0,0,0,0,0,0,0,0,0
2020-12-21,port1154,Santa Marta,2,1,0,7376,0,0,0,0,0,0,744,0,6631,0
2020-12-22,port1154,Santa Marta,1,0,33449,0,33449,0,0,0,0,0,0,0,0,0
2020-12-23,port1154,Santa Marta,0,0,0,0,0,0,0,0,0,0,0,0,0,0
2020-12-24,port1154,Santa Marta,1,1,852,2152,0,852,0,0,0,0,2152,0,0,0
2020-12-25,port1154,Santa Marta,2,2,5636,9483,0,5636,0,0,0,0,9483,0,0,0
2020-12-26,port1154,Santa Marta,3,3,852,3108,0,852,0,0,0,0,3108,0,0,0
2020-12-27,port1154,Santa Marta,1,1,0,8975,0,0,0,0,0,0,8975,0,0,0
2020-12-28,port1154,Santa Marta,3,2,1705,4305,0,1705,0,0,0,0,4305,0,0,0
2020-12-29,port1154,Santa Marta,1,1,0,598,0,0,0,0,0,0,598,0,0,0
2020-12-30,port1154,Santa Marta,1,1,1263,0,0,1263,0,0,0,0,0,0,0,0
2020-12-31,port1154,Santa Marta,0,0,0,0,0,0,0,0,0,0,0,0,0,0
2021-01-01,port1154,Santa Marta,4,2,55927,20863,50318,5609,0,0,0,20863,0,0,0,0
2021-01-02,port1154,Santa Marta,1,1,8214,0,0,8214,0,0,0,0,0,0,0,0
2021-01-03,port1154,Santa Marta,4,1,17402,5622,8569,0,8833,0,0,0,5622,0,0,0
2021-01-04,port1154,Santa Marta,1,1,852,2152,0,852,0,0,0,0,2152,0,0,0
2021-01-05,port1154,Santa Marta,2,1,58145,2152,57292,852,0,0,0,0,2152,0,0,0
2021-01-06,port1154,Santa Marta,2,2,3244,0,0,3244,0,0,0,0,0,0,0,0
2021-01-07,port1154,Santa Marta,1,1,852,2152,0,852,0,0,0,0,2152,0,0,0
2021-01-08,port1154,Santa Marta,1,1,6529,0,0,6529,0,0,0,0,0,0,0,0
2021-01-09,port1154,Santa Marta,6,3,58715,13592,55405,852,1855,0,602,0,12719,780,0,92
2021-01-10,port1154,Santa Marta,0,0,0,0,0,0,0,0,0,0,0,0,0,0
2021-01-11,port1154,Santa Marta,3,1,9585,2152,8732,852,0,0,0,0,2152,0,0,0
2021-01-12,port1154,Santa Marta,3,1,37865,7808,37865,0,0,0,0,6457,1351,0,0,0
2021-01-13,port1154,Santa Marta,0,0,0,0,0,0,0,0,0,0,0,0,0,0
2021-01-14,port1154,Santa Marta,0,0,0,0,0,0,0,0,0,0,0,0,0,0
2021-01-15,port1154,Santa Marta,2,2,6082,1161,0,6082,0,0,0,0,1161,0,0,0
2021-01-16,port1154,Santa Marta,4,3,14697,10415,13844,852,0,0,0,0,10415,0,0,0
2021-01-17,port1154,Santa Marta,1,0,53237,0,53237,0,0,0,0,0,0,0,0,0
2021-01-18,port1154,Santa Marta,3,1,22429,1522,20574,0,1855,0,0,0,742,780,0,0
2021-01-19,port1154,Santa Marta,1,1,0,1205,0,0,0,0,0,0,1205,0,0,0
2021-01-20,port1154,Santa Marta,1,0,1855,780,0,0,1855,0,0,0,0,780,0,0
2021-01-21,port1154,Santa Marta,3,1,15197,270,0,0,0,14600,597,0,270,0,0,0
2021-01-22,port1154,Santa Marta,2,2,5213,385,0,5213,0,0,0,0,385,0,0,0
2021-01-23,port1154,Santa Marta,2,2,1447,2537,0,1447,0,0,0,0,2537,0,0,0
2021-01-24,port1154,Santa Marta,1,1,0,11151,0,0,0,0,0,0,11151,0,0,0
2021-01-25,port1154,Santa Marta,1,0,0,47432,0,0,0,0,0,47432,0,0,0,0
2021-01-26,port1154,Santa Marta,2,2,1705,4305,0,1705,0,0,0,0,4305,0,0,0
2021-01-27,port1154,Santa Marta,0,0,0,0,0,0,0,0,0,0,0,0,0,0
2021-01-28,port1154,Santa Marta,2,1,2332,6321,0,0,0,2332,0,0,1537,0,4783,0
2021-01-29,port1154,Santa Marta,2,1,4782,0,0,4782,0,0,0,0,0,0,0,0
2021-01-30,port1154,Santa Marta,1,1,0,3556,0,0,0,0,0,0,3556,0,0,0
2021-01-31,port1154,Santa Marta,1,1,0,8411,0,0,0,0,0,0,8411,0,0,0
2021-02-01,port1154,Santa Marta,1,1,0,3318,0,0,0,0,0,0,3318,0,0,0
2021-02-02,port1154,Santa Marta,2,1,56397,2152,55544,852,0,0,0,0,2152,0,0,0
2021-02-03,port1154,Santa Marta,3,1,1855,1327,0,0,1855,0,0,0,547,780,0,0
2021-02-04,port1154,Santa Marta,2,0,73801,0,73801,0,0,0,0,0,0,0,0,0
2021-02-05,port1154,Santa Marta,2,1,4775,0,0,4775,0,0,0,0,0,0,0,0
2021-02-06,port1154,Santa Marta,3,2,852,2152,0,852,0,0,0,0,2152,0,0,0
2021-02-07,port1154,Santa Marta,2,1,0,14609,0,0,0,0,0,0,14609,0,0,0
2021-02-08,port1154,Santa Marta,4,1,69468,9182,57586,738,11144,0,0,0,0,9182,0,0
2021-02-09,port1154,Santa Marta,1,1,0,600,0,0,0,0,0,0,600,0,0,0
2021-02-10,port1154,Santa Marta,4,1,1455,15221,0,852,0,0,602,0,2152,0,12976,92
2021-02-11,port1154,Santa Marta,1,0,26853,0,26853,0,0,0,0,0,0,0,0,0
2021-02-12,port1154,Santa Marta,2,1,11187,0,0,4356,6831,0,0,0,0,0,0,0
2021-02-13,port1154,Santa Marta,4,3,0,6007,0,0,0,0,0,0,5497,0,0,510
2021-02-14,port1154,Santa Marta,1,1,0,9522,0,0,0,0,0,0,9522,0,0,0
2021-02-15,port1154,Santa Marta,1,1,852,2152,0,852,0,0,0,0,2152,0,0,0
2021-02-16,port1154,Santa Marta,1,1,602,0,0,602,0,0,0,0,0,0,0,0
2021-02-17,port1154,Santa Marta,3,1,0,42823,0,0,0,0,0,29677,2713,0,10431,0
2021-02-18,port1154,Santa Marta,3,1,57632,770,57632,0,0,0,0,0,770,0,0,0
2021-02-19,port1154,Santa Marta,2,1,6978,0,0,6978,0,0,0,0,0,0,0,0
2021-02-20,port1154,Santa Marta,3,2,11087,9872,11087,0,0,0,0,0,9872,0,0,0
2021-02-21,port1154,Santa Marta,1,1,0,8975,0,0,0,0,0,0,8975,0,0,0
2021-02-22,port1154,Santa Marta,2,1,0,1262,0,0,0,0,0,0,371,890,0,0
2021-02-23,port1154,Santa Marta,1,1,0,3389,0,0,0,0,0,0,3389,0,0,0
2021-02-24,port1154,Santa Marta,0,0,0,0,0,0,0,0,0,0,0,0,0,0
2021-02-25,port1154,Santa Marta,3,1,16533,2152,13544,852,0,2136,0,0,2152,0,0,0
2021-02-26,port1154,Santa Marta,0,0,0,0,0,0,0,0,0,0,0,0,0,0
2021-02-27,port1154,Santa Marta,3,2,6106,3046,0,6106,0,0,0,0,3046,0,0,0
2021-02-28,port1154,Santa Marta,1,1,0,13390,0,0,0,0,0,0,13390,0,0,0
2021-03-01,port1154,Santa Marta,2,1,852,2152,0,852,0,0,0,0,2152,0,0,0
2021-03-02,port1154,Santa Marta,1,1,852,2152,0,852,0,0,0,0,2152,0,0,0
2021-03-03,port1154,Santa Marta,1,1,0,1918,0,0,0,0,0,0,1918,0,0,0
2021-03-04,port1154,Santa Marta,2,1,852,20994,0,852,0,0,0,0,2152,0,18841,0
2021-03-05,port1154,Santa Marta,3,1,6777,0,0,5247,0,0,1529,0,0,0,0,0
2021-03-06,port1154,Santa Marta,1,1,0,9983,0,0,0,0,0,0,9983,0,0,0
2021-03-07,port1154,Santa Marta,2,0,23870,92,23268,0,0,0,602,0,0,0,0,92
2021-03-08,port1154,Santa Marta,2,1,0,14318,0,0,0,0,0,11349,2969,0,0,0
2021-03-09,port1154,Santa Marta,1,1,0,1346,0,0,0,0,0,0,1346,0,0,0
2021-03-10,port1154,Santa Marta,1,0,0,0,0,0,0,0,0,0,0,0,0,0
2021-03-11,port1154,Santa Marta,0,0,0,0,0,0,0,0,0,0,0,0,0,0
2021-03-12,port1154,Santa Marta,2,1,6302,0,0,5681,0,621,0,0,0,0,0,0
2021-03-13,port1154,Santa Marta,4,2,23159,3565,22093,0,1065,0,0,0,3565,0,0,0
2021-03-14,port1154,Santa Marta,3,1,602,11276,0,0,0,0,602,0,11184,0,0,92
2021-03-15,port1154,Santa Marta,1,1,0,1492,0,0,0,0,0,0,1492,0,0,0
2021-03-16,port1154,Santa Marta,1,0,1924,0,0,0,0,0,1924,0,0,0,0,0
2021-03-17,port1154,Santa Marta,3,1,39010,1804,39010,0,0,0,0,0,1804,0,0,0
2021-03-18,port1154,Santa Marta,0,0,0,0,0,0,0,0,0,0,0,0,0,0
2021-03-19,port1154,Santa Marta,3,2,17078,0,9334,7743,0,0,0,0,0,0,0,0
2021-03-20,port1154,Santa Marta,4,2,57640,6442,56787,852,0,0,0,0,2152,0,4289,0
2021-03-21,port1154,Santa Marta,3,1,53181,13366,53016,0,164,0,0,0,13366,0,0,0
2021-03-22,port1154,Santa Marta,1,1,852,2152,0,852,0,0,0,0,2152,0,0,0
2021-03-23,port1154,Santa Marta,1,0,53843,0,53843,0,0,0,0,0,0,0,0,0
2021-03-24,port1154,Santa Marta,3,1,7063,92,5256,1205,0,0,602,0,0,0,0,92
2021-03-25,port1154,Santa Marta,2,1,852,2152,0,852,0,0,0,0,2152,0,0,0
2021-03-26,port1154,Santa Marta,2,2,8271,2152,0,8271,0,0,0,0,2152,0,0,0
2021-03-27,port1154,Santa Marta,2,1,852,2152,0,852,0,0,0,0,2152,0,0,0
2021-03-28,port1154,Santa Marta,4,2,16928,10555,16928,0,0,0,0,0,10555,0,0,0
2021-03-29,port1154,Santa Marta,1,1,852,2152,0,852,0,0,0,0,2152,0,0,0
2021-03-30,port1154,Santa Marta,2,1,20791,0,19585,1205,0,0,0,0,0,0,0,0
2021-03-31,port1154,Santa Marta,1,0,14935,0,14935,0,0,0,0,0,0,0,0,0
2021-04-01,port1154,Santa Marta,2,1,1187,2152,0,852,335,0,0,0,2152,0,0,0
2021-04-02,port1154,Santa Marta,2,1,8269,4476,0,8269,0,0,0,0,0,0,4476,0
2021-04-03,port1154,Santa Marta,4,2,1526,972,0,1526,0,0,0,0,972,0,0,0
2021-04-04,port1154,Santa Marta,4,2,5654,13612,1114,961,0,3577,0,0,13612,0,0,0
2021-04-05,port1154,Santa Marta,1,1,371,0,0,371,0,0,0,0,0,0,0,0
2021-04-06,port1154,Santa Marta,0,0,0,0,0,0,0,0,0,0,0,0,0,0
2021-04-07,port1154,Santa Marta,0,0,0,0,0,0,0,0,0,0,0,0,0,0
2021-04-08,port1154,Santa Marta,2,1,0,387,0,0,0,0,0,0,387,0,0,0
2021-04-09,port1154,Santa Marta,1,1,4566,0,0,4566,0,0,0,0,0,0,0,0
2021-04-10,port1154,Santa Marta,5,2,602,2632,0,0,0,0,602,0,2540,0,0,92
2021-04-11,port1154,Santa Marta,2,1,29281,10077,29281,0,0,0,0,0,10077,0,0,0
2021-04-12,port1154,Santa Marta,1,1,735,0,0,735,0,0,0,0,0,0,0,0
2021-04-13,port1154,Santa Marta,1,1,0,1202,0,0,0,0,0,0,1202,0,0,0
2021-04-14,port1154,Santa Marta,2,1,1417,1670,0,0,1417,0,0,0,1670,0,0,0
2021-04-15,port1154,Santa Marta,3,0,3141,7696,3141,0,0,0,0,0,0,0,7696,0
2021-04-16,port1154,Santa Marta,4,2,0,1717,0,0,0,0,0,0,1553,164,0,0
2021-04-17,port1154,Santa Marta,2,2,5122,1901,0,5122,0,0,0,0,1901,0,0,0
2021-04-18,port1154,Santa Marta,1,1,0,12837,0,0,0,0,0,0,12837,0,0,0
2021-04-19,port1154,Santa Marta,3,1,1618,2244,0,852,163,0,602,0,2152,0,0,92
2021-04-20,port1154,Santa Marta,1,1,0,2025,0,0,0,0,0,0,2025,0,0,0
2021-04-21,port1154,Santa Marta,1,1,0,13062,0,0,0,0,0,0,13062,0,0,0
2021-04-22,port1154,Santa Marta,3,0,1229,7721,0,0,0,0,1229,0,0,0,7721,0
2021-04-23,port1154,Santa Marta,4,2,10296,7208,0,8440,1855,0,0,0,1162,780,5265,0
2021-04-24,port1154,Santa Marta,2,1,26383,0,23799,2583,0,0,0,0,0,0,0,0
2021-04-25,port1154,Santa Marta,1,1,0,9522,0,0,0,0,0,0,9522,0,0,0
2021-04-26,port1154,Santa Marta,3,1,852,60049,0,852,0,0,0,57896,2152,0,0,0
2021-04-27,port1154,Santa Marta,2,1,60507,1804,60507,0,0,0,0,0,1804,0,0,0
2021-04-28,port1154,Santa Marta,2,0,15895,8153,15895,0,0,0,0,6457,0,0,1695,0
2021-04-29,port1154,Santa Marta,2,2,0,955,0,0,0,0,0,0,955,0,0,0
2021-04-30,port1154,Santa Marta,4,2,32984,8610,15895,7666,0,9422,0,6457,2152,0,0,0
2021-05-01,port1154,Santa Marta,3,2,8027,0,0,8027,0,0,0,0,0,0,0,0
2021-05-02,port1154,Santa Marta,2,1,19546,2152,18693,852,0,0,0,0,2152,0,0,0
2021-05-03,port1154,Santa Marta,2,1,372,30178,0,372,0,0,0,30178,0,0,0,0
2021-05-04,port1154,Santa Marta,1,0,6983,0,6983,0,0,0,0,0,0,0,0,0
2021-05-05,port1154,Santa Marta,4,2,14877,3025,5829,262,8785,0,0,0,3025,0,0,0
2021-05-06,port1154,Santa Marta,0,0,0,0,0,0,0,0,0,0,0,0,0,0
2021-05-07,port1154,Santa Marta,2,2,8259,389,0,8259,0,0,0,0,389,0,0,0
2021-05-08,port1154,Santa Marta,5,2,14226,2281,12371,0,1855,0,0,0,1501,780,0,0
2021-05-09,port1154,Santa Marta,3,1,6633,5622,5355,0,1278,0,0,0,5622,0,0,0
2021-05-10,port1154,Santa Marta,3,1,0,371,0,0,0,0,0,0,371,0,0,0
2021-05-11,port1154,Santa Marta,3,1,52153,2152,51301,852,0,0,0,0,2152,0,0,0
2021-05-12,port1154,Santa Marta,0,0,0,0,0,0,0,0,0,0,0,0,0,0
2021-05-13,port1154,Santa Marta,1,1,0,815,0,0,0,0,0,0,815,0,0,0
2021-05-14,port1154,Santa Marta,4,1,38292,780,31575,3940,1855,0,921,0,0,780,0,0
2021-05-15,port1154,Santa Marta,4,2,3275,4305,0,1705,325,1243,0,0,4305,0,0,0
2021-05-16,port1154,Santa Marta,3,1,17158,12816,17158,0,0,0,0,0,12816,0,0,0
2021-05-17,port1154,Santa Marta,1,1,738,0,0,738,0,0,0,0,0,0,0,0
2021-05-18,port1154,Santa Marta,3,1,15143,24771,15143,0,0,0,0,0,8171,0,16600,0
2021-05-19,port1154,Santa Marta,1,0,23295,0,23295,0,0,0,0,0,0,0,0,0
2021-05-20,port1154,Santa Marta,1,0,453,0,0,0,453,0,0,0,0,0,0,0
2021-05-21,port1154,Santa Marta,2,1,19443,0,11666,7777,0,0,0,0,0,0,0,0
2021-05-22,port1154,Santa Marta,2,2,8583,511,0,8583,0,0,0,0,511,0,0,0
2021-05-23,port1154,Santa Marta,1,1,0,8411,0,0,0,0,0,0,8411,0,0,0
2021-05-24,port1154,Santa Marta,2,1,511,0,0,0,0,0,511,0,0,0,0,0
2021-05-25,port1154,Santa Marta,1,1,1199,0,0,1199,0,0,0,0,0,0,0,0
2021-05-26,port1154,Santa Marta,4,2,1434,3333,0,1434,0,0,0,0,1671,0,1661,0
2021-05-27,port1154,Santa Marta,2,1,13733,387,0,0,0,13733,0,0,387,0,0,0
2021-05-28,port1154,Santa Marta,2,1,38171,0,30876,7295,0,0,0,0,0,0,0,0
2021-05-29,port1154,Santa Marta,6,2,4784,18456,0,0,4325,0,458,0,2514,0,15942,0
2021-05-30,port1154,Santa Marta,1,1,0,14702,0,0,0,0,0,0,14702,0,0,0
2021-05-31,port1154,Santa Marta,2,1,3827,0,3086,741,0,0,0,0,0,0,0,0
2021-06-01,port1154,Santa Marta,1,0,0,0,0,0,0,0,0,0,0,0,0,0
2021-06-02,port1154,Santa Marta,3,1,15895,42006,15895,0,0,0,0,39319,2686,0,0,0
2021-06-03,port1154,Santa Marta,1,1,0,1871,0,0,0,0,0,0,1871,0,0,0
2021-06-04,port1154,Santa Marta,3,1,31367,0,24071,7295,0,0,0,0,0,0,0,0
2021-06-05,port1154,Santa Marta,3,2,44535,13178,44535,0,0,0,0,0,13178,0,0,0
2021-06-06,port1154,Santa Marta,1,0,11064,0,11064,0,0,0,0,0,0,0,0,0
2021-06-07,port1154,Santa Marta,1,1,0,374,0,0,0,0,0,0,374,0,0,0
2021-06-08,port1154,Santa Marta,2,1,18732,602,18732,0,0,0,0,0,602,0,0,0
2021-06-09,port1154,Santa Marta,2,1,9581,2152,8729,852,0,0,0,0,2152,0,0,0
2021-06-10,port1154,Santa Marta,3,2,2483,2152,0,2483,0,0,0,0,2152,0,0,0
2021-06-11,port1154,Santa Marta,2,1,29196,0,23663,5533,0,0,0,0,0,0,0,0
2021-06-12,port1154,Santa Marta,2,2,852,2629,0,852,0,0,0,0,2629,0,0,0
2021-06-13,port1154,Santa Marta,4,2,8046,12851,7657,389,0,0,0,0,12851,0,0,0
2021-06-14,port1154,Santa Marta,2,1,890,373,0,0,890,0,0,0,373,0,0,0
2021-06-15,port1154,Santa Marta,1,0,0,47140,0,0,0,0,0,47140,0,0,0,0
2021-06-16,port1154,Santa Marta,2,2,1705,4305,0,1705,0,0,0,0,4305,0,0,0
2021-06-17,port1154,Santa Marta,1,1,4598,0,0,4598,0,0,0,0,0,0,0,0
2021-06-18,port1154,Santa Marta,4,2,9570,2152,0,7351,0,0,2219,0,2152,0,0,0
2021-06-19,port1154,Santa Marta,2,2,852,14992,0,852,0,0,0,0,14992,0,0,0
2021-06-20,port1154,Santa Marta,2,0,11340,92,10737,0,0,0,602,0,0,0,0,92
2021-06-21,port1154,Santa Marta,1,1,0,750,0,0,0,0,0,0,750,0,0,0
2021-06-22,port1154,Santa Marta,1,1,0,600,0,0,0,0,0,0,600,0,0,0
2021-06-23,port1154,Santa Marta,1,0,0,7068,0,0,0,0,0,7068,0,0,0,0
2021-06-24,port1154,Santa Marta,4,1,8003,0,0,449,7554,0,0,0,0,0,0,0
2021-06-25,port1154,Santa Marta,3,2,11024,92,0,10422,0,0,602,0,0,0,0,92
2021-06-26,port1154,Santa Marta,1,1,0,1019,0,0,0,0,0,0,1019,0,0,0
2021-06-27,port1154,Santa Marta,3,2,6300,15598,0,0,0,6300,0,0,15598,0,0,0
2021-06-28,port1154,Santa Marta,0,0,0,0,0,0,0,0,0,0,0,0,0,0
2021-06-29,port1154,Santa Marta,1,0,512,0,0,0,0,0,512,0,0,0,0,0
2021-06-30,port1154,Santa Marta,4,2,10150,1761,9603,547,0,0,0,0,520,0,1241,0
2021-07-01,port1154,Santa Marta,2,2,387,482,0,387,0,0,0,0,482,0,0,0
2021-07-02,port1154,Santa Marta,4,1,62869,0,56099,6769,0,0,0,0,0,0,0,0
2021-07-03,port1154,Santa Marta,1,1,0,0,0,0,0,0,0,0,0,0,0,0
2021-07-04,port1154,Santa Marta,1,1,0,10077,0,0,0,0,0,0,10077,0,0,0
2021-07-05,port1154,Santa Marta,1,1,0,1112,0,0,0,0,0,0,1112,0,0,0
2021-07-06,port1154,Santa Marta,2,1,8368,0,2420,5947,0,0,0,0,0,0,0,0
2021-07-07,port1154,Santa Marta,2,2,1445,235,0,1445,0,0,0,0,235,0,0,0
2021-07-08,port1154,Santa Marta,2,1,0,0,0,0,0,0,0,0,0,0,0,0
2021-07-09,port1154,Santa Marta,2,1,8725,0,0,8725,0,0,0,0,0,0,0,0
2021-07-10,port1154,Santa Marta,4,2,3273,7434,0,852,0,0,2420,0,2627,0,4807,0
2021-07-11,port1154,Santa Marta,1,1,0,14417,0,0,0,0,0,0,14417,0,0,0
2021-07-12,port1154,Santa Marta,3,1,16357,2353,16357,0,0,0,0,0,2353,0,0,0
2021-07-13,port1154,Santa Marta,2,1,20652,0,18638,2014,0,0,0,0,0,0,0,0
2021-07-14,port1154,Santa Marta,2,1,28856,0,28362,493,0,0,0,0,0,0,0,0
2021-07-15,port1154,Santa Marta,2,2,15231,2308,0,15231,0,0,0,0,2308,0,0,0
2021-07-16,port1154,Santa Marta,2,1,39324,0,34495,4829,0,0,0,0,0,0,0,0
2021-07-17,port1154,Santa Marta,4,2,14980,10586,14466,0,0,0,514,0,10586,0,0,0
2021-07-18,port1154,Santa Marta,0,0,0,0,0,0,0,0,0,0,0,0,0,0
2021-07-19,port1154,Santa Marta,3,1,40774,2152,39921,852,0,0,0,0,2152,0,0,0
2021-07-20,port1154,Santa Marta,2,1,0,604,0,0,0,0,0,0,604,0,0,0
2021-07-21,port1154,Santa Marta,2,1,852,2152,0,852,0,0,0,0,2152,0,0,0
2021-07-22,port1154,Santa Marta,2,1,0,21608,0,0,0,0,0,21162,445,0,0,0
2021-07-23,port1154,Santa Marta,2,1,7645,596,0,7645,0,0,0,0,0,0,596,0
2021-07-24,port1154,Santa Marta,3,2,4180,18472,3327,852,0,0,0,0,18472,0,0,0
2021-07-25,port1154,Santa Marta,1,0,11371,0,11371,0,0,0,0,0,0,0,0,0
2021-07-26,port1154,Santa Marta,4,2,984,32596,0,984,0,0,0,31129,1467,0,0,0
2021-07-27,port1154,Santa Marta,2,1,3184,6936,0,852,0,2332,0,0,2152,0,4783,0
2021-07-28,port1154,Santa Marta,3,1,62615,2152,61763,852,0,0,0,0,2152,0,0,0
2021-07-29,port1154,Santa Marta,2,0,15254,780,13399,0,1855,0,0,0,0,780,0,0
2021-07-30,port1154,Santa Marta,3,2,9587,1919,0,9587,0,0,0,0,1919,0,0,0
2021-07-31,port1154,Santa Marta,4,3,2619,13828,0,1705,0,0,914,0,13828,0,0,0
2021-08-01,port1154,Santa Marta,4,1,22161,1169,19655,0,2506,0,0,0,1169,0,0,0
2021-08-02,port1154,Santa Marta,1,1,0,367,0,0,0,0,0,0,367,0,0,0
2021-08-03,port1154,Santa Marta,1,1,2416,0,0,2416,0,0,0,0,0,0,0,0
2021-08-04,port1154,Santa Marta,3,2,476,2329,0,476,0,0,0,0,494,0,1835,0
2021-08-05,port1154,Santa Marta,3,2,1299,13377,0,1299,0,0,0,0,2152,0,11225,0
2021-08-06,port1154,Santa Marta,3,1,13056,0,8214,4842,0,0,0,0,0,0,0,0
2021-08-07,port1154,Santa Marta,3,2,5557,2152,0,5557,0,0,0,0,2152,0,0,0
2021-08-08,port1154,Santa Marta,3,1,12336,11296,0,0,12336,0,0,0,11194,101,0,0
2021-08-09,port1154,Santa Marta,1,1,852,2152,0,852,0,0,0,0,2152,0,0,0
2021-08-10,port1154,Santa Marta,3,1,1528,1355,0,0,0,0,1528,0,1355,0,0,0
2021-08-11,port1154,Santa Marta,2,1,547,11991,0,547,0,0,0,11991,0,0,0,0
2021-08-12,port1154,Santa Marta,2,2,0,2340,0,0,0,0,0,0,2340,0,0,0
2021-08-13,port1154,Santa Marta,1,1,2890,0,0,2890,0,0,0,0,0,0,0,0
2021-08-14,port1154,Santa Marta,3,2,852,16449,0,852,0,0,0,0,11675,0,4774,0
2021-08-15,port1154,Santa Marta,2,0,29450,0,29148,0,302,0,0,0,0,0,0,0
2021-08-16,port1154,Santa Marta,2,1,1111,57896,0,1111,0,0,0,57896,0,0,0,0
2021-08-17,port1154,Santa Marta,2,1,15019,600,0,0,15019,0,0,0,600,0,0,0
2021-08-18,port1154,Santa Marta,2,2,1922,1578,0,1922,0,0,0,0,1578,0,0,0
2021-08-19,port1154,Santa Marta,4,2,34119,0,32216,1902,0,0,0,0,0,0,0,0
2021-08-20,port1154,Santa Marta,1,1,6795,0,0,6795,0,0,0,0,0,0,0,0
2021-08-21,port1154,Santa Marta,4,3,33035,8320,31709,1326,0,0,0,0,8320,0,0,0
2021-08-22,port1154,Santa Marta,3,0,16441,4875,13506,0,0,2332,602,0,0,0,4783,92
2021-08-23,port1154,Santa Marta,1,1,0,3085,0,0,0,0,0,0,3085,0,0,0
2021-08-24,port1154,Santa Marta,1,1,1346,0,0,1346,0,0,0,0,0,0,0,0
2021-08-25,port1154,Santa Marta,4,2,11457,958,409,1474,9573,0,0,0,958,0,0,0
2021-08-26,port1154,Santa Marta,3,1,16497,7020,15895,0,0,0,602,6457,470,0,0,92
2021-08-27,port1154,Santa Marta,2,2,4842,770,0,4842,0,0,0,0,770,0,0,0
2021-08-28,port1154,Santa Marta,4,3,3178,18012,0,852,2326,0,0,0,18012,0,0,0
2021-08-29,port1154,Santa Marta,4,0,98466,0,98466,0,0,0,0,0,0,0,0,0
2021-08-30,port1154,Santa Marta,1,1,3078,0,0,3078,0,0,0,0,0,0,0,0
2021-08-31,port1154,Santa Marta,1,1,0,598,0,0,0,0,0,0,598,0,0,0
2021-09-01,port1154,Santa Marta,1,1,0,780,0,0,0,0,0,0,780,0,0,0
2021-09-02,port1154,Santa Marta,3,1,0,26438,0,0,0,0,0,24727,386,0,1324,0
2021-09-03,port1154,Santa Marta,3,1,35836,0,28484,5803,1548,0,0,0,0,0,0,0
2021-09-04,port1154,Santa Marta,4,2,15895,53751,15895,0,0,0,0,48192,5559,0,0,0
2021-09-05,port1154,Santa Marta,3,1,3827,12816,0,0,1183,2644,0,0,12816,0,0,0
2021-09-06,port1154,Santa Marta,4,1,30012,10633,29275,737,0,0,0,0,0,0,10633,0
2021-09-07,port1154,Santa Marta,1,1,852,2152,0,852,0,0,0,0,2152,0,0,0
2021-09-08,port1154,Santa Marta,3,1,1142,2152,0,852,289,0,0,0,2152,0,0,0
2021-09-09,port1154,Santa Marta,2,1,4023,0,0,1159,0,0,2863,0,0,0,0,0
2021-09-10,port1154,Santa Marta,2,1,28960,0,26058,2901,0,0,0,0,0,0,0,0
2021-09-11,port1154,Santa Marta,3,3,6175,11184,0,6175,0,0,0,0,11184,0,0,0
2021-09-12,port1154,Santa Marta,4,1,42101,0,40621,1480,0,0,0,0,0,0,0,0
2021-09-13,port1154,Santa Marta,2,0,458,0,0,0,0,0,458,0,0,0,0,0
2021-09-14,port1154,Santa Marta,1,0,794,0,0,0,794,0,0,0,0,0,0,0
2021-09-15,port1154,Santa Marta,3,2,1263,4215,0,1263,0,0,0,0,4215,0,0,0
2021-09-16,port1154,Santa Marta,1,1,382,0,0,382,0,0,0,0,0,0,0,0
2021-09-17,port1154,Santa Marta,2,1,12099,0,0,12099,0,0,0,0,0,0,0,0
2021-09-18,port1154,Santa Marta,3,2,852,6240,0,852,0,0,0,0,6240,0,0,0
2021-09-19,port1154,Santa Marta,3,2,0,29365,0,0,0,0,0,15034,14331,0,0,0
2021-09-20,port1154,Santa Marta,2,0,7421,0,7421,0,0,0,0,0,0,0,0,0
2021-09-21,port1154,Santa Marta,1,1,676,0,0,676,0,0,0,0,0,0,0,0
2021-09-22,port1154,Santa Marta,1,1,549,0,0,549,0,0,0,0,0,0,0,0
2021-09-23,port1154,Santa Marta,2,1,0,980,0,0,0,0,0,0,721,259,0,0
2021-09-24,port1154,Santa Marta,2,1,12099,983,0,12099,0,0,0,0,0,0,983,0
2021-09-25,port1154,Santa Marta,2,2,0,3197,0,0,0,0,0,0,3197,0,0,0
2021-09-26,port1154,Santa Marta,0,0,0,0,0,0,0,0,0,0,0,0,0,0
2021-09-27,port1154,Santa Marta,1,1,0,740,0,0,0,0,0,0,740,0,0,0
2021-09-28,port1154,Santa Marta,3,1,2041,1202,0,0,0,2041,0,0,1202,0,0,0
2021-09-29,port1154,Santa Marta,0,0,0,0,0,0,0,0,0,0,0,0,0,0
2021-09-30,port1154,Santa Marta,3,2,3257,2152,0,2799,0,0,457,0,2152,0,0,0
2021-10-01,port1154,Santa Marta,3,1,15320,5608,0,11611,1216,2492,0,0,0,0,5608,0
2021-10-02,port1154,Santa Marta,4,3,3858,8790,3379,478,0,0,0,0,8790,0,0,0
2021-10-03,port1154,Santa Marta,0,0,0,0,0,0,0,0,0,0,0,0,0,0
2021-10-04,port1154,Santa Marta,1,1,0,370,0,0,0,0,0,0,370,0,0,0
2021-10-05,port1154,Santa Marta,3,1,21781,54501,21109,672,0,0,0,54501,0,0,0,0
2021-10-06,port1154,Santa Marta,1,1,1481,0,0,1481,0,0,0,0,0,0,0,0
2021-10-07,port1154,Santa Marta,2,1,852,7697,0,852,0,0,0,0,2152,0,5545,0
2021-10-08,port1154,Santa Marta,4,1,49818,809,38207,11611,0,0,0,0,0,809,0,0
2021-10-09,port1154,Santa Marta,3,2,0,12673,0,0,0,0,0,0,12673,0,0,0
2021-10-10,port1154,Santa Marta,4,1,6571,0,3894,1549,0,0,1127,0,0,0,0,0
2021-10-11,port1154,Santa Marta,1,1,0,742,0,0,0,0,0,0,742,0,0,0
2021-10-12,port1154,Santa Marta,2,1,12938,2413,12938,0,0,0,0,0,2413,0,0,0
2021-10-13,port1154,Santa Marta,3,1,30415,0,29281,975,158,0,0,0,0,0,0,0
2021-10-14,port1154,Santa Marta,2,1,2717,4783,0,385,0,2332,0,0,0,0,4783,0
2021-10-15,port1154,Santa Marta,3,2,17144,0,0,11606,5537,0,0,0,0,0,0,0
2021-10-16,port1154,Santa Marta,3,2,9217,8250,9217,0,0,0,0,0,8250,0,0,0
2021-10-17,port1154,Santa Marta,0,0,0,0,0,0,0,0,0,0,0,0,0,0
2021-10-18,port1154,Santa Marta,2,1,12814,0,11710,1104,0,0,0,0,0,0,0,0
2021-10-19,port1154,Santa Marta,4,2,5200,9147,0,852,1855,2492,0,0,2758,780,5608,0
2021-10-20,port1154,Santa Marta,2,0,6125,5676,6125,0,0,0,0,0,0,0,5676,0
2021-10-21,port1154,Santa Marta,3,1,9853,0,9468,385,0,0,0,0,0,0,0,0
2021-10-22,port1154,Santa Marta,2,1,62783,0,54018,8764,0,0,0,0,0,0,0,0
2021-10-23,port1154,Santa Marta,4,2,61782,2408,58240,3084,0,0,457,0,2408,0,0,0
2021-10-24,port1154,Santa Marta,1,1,0,12289,0,0,0,0,0,0,12289,0,0,0
2021-10-25,port1154,Santa Marta,3,1,738,0,0,738,0,0,0,0,0,0,0,0
2021-10-26,port1154,Santa Marta,1,1,0,3000,0,0,0,0,0,0,3000,0,0,0
2021-10-27,port1154,Santa Marta,0,0,0,0,0,0,0,0,0,0,0,0,0,0
2021-10-28,port1154,Santa Marta,3,1,26433,3680,26433,0,0,0,0,0,0,3680,0,0
2021-10-29,port1154,Santa Marta,4,3,23690,7746,15895,7794,0,0,0,6457,1288,0,0,0
2021-10-30,port1154,Santa Marta,3,2,39218,3601,38366,852,0,0,0,0,3601,0,0,0
2021-10-31,port1154,Santa Marta,2,1,0,39566,0,0,0,0,0,26803,12762,0,0,0
2021-11-01,port1154,Santa Marta,1,0,0,491,0,0,0,0,0,0,0,491,0,0
2021-11-02,port1154,Santa Marta,1,1,0,6082,0,0,0,0,0,0,6082,0,0,0
2021-11-03,port1154,Santa Marta,2,1,852,51738,0,852,0,0,0,49585,2152,0,0,0
2021-11-04,port1154,Santa Marta,1,0,15895,6457,15895,0,0,0,0,6457,0,0,0,0
2021-11-05,port1154,Santa Marta,4,1,37240,1751,30707,5802,729,0,0,0,0,1751,0,0
2021-11-06,port1154,Santa Marta,3,2,486,3062,0,486,0,0,0,0,3062,0,0,0
2021-11-07,port1154,Santa Marta,1,1,0,13390,0,0,0,0,0,0,13390,0,0,0
2021-11-08,port1154,Santa Marta,1,1,0,2683,0,0,0,0,0,0,2683,0,0,0
2021-11-09,port1154,Santa Marta,3,1,6899,3014,6899,0,0,0,0,0,3014,0,0,0
2021-11-10,port1154,Santa Marta,1,1,0,2303,0,0,0,0,0,0,2303,0,0,0
2021-11-11,port1154,Santa Marta,0,0,0,0,0,0,0,0,0,0,0,0,0,0
2021-11-12,port1154,Santa Marta,2,1,11608,0,0,10224,0,0,1384,0,0,0,0,0
2021-11-13,port1154,Santa Marta,4,2,0,58463,0,0,0,0,0,56455,2007,0,0,0
2021-11-14,port1154,Santa Marta,3,1,52491,11425,51888,0,0,0,602,0,11333,0,0,92
2021-11-15,port1154,Santa Marta,1,1,738,0,0,738,0,0,0,0,0,0,0,0
2021-11-16,port1154,Santa Marta,3,1,34452,2671,34452,0,0,0,0,0,2671,0,0,0
2021-11-17,port1154,Santa Marta,3,1,0,25774,0,0,0,0,0,25279,495,0,0,0
2021-11-18,port1154,Santa Marta,1,1,852,2152,0,852,0,0,0,0,2152,0,0,0
2021-11-19,port1154,Santa Marta,2,1,8624,780,0,6769,1855,0,0,0,0,780,0,0
2021-11-20,port1154,Santa Marta,5,3,31943,21980,15895,0,0,16047,0,6457,15522,0,0,0
2021-11-21,port1154,Santa Marta,1,0,31585,0,31585,0,0,0,0,0,0,0,0,0
2021-11-22,port1154,Santa Marta,1,1,0,0,0,0,0,0,0,0,0,0,0,0
2021-11-23,port1154,Santa Marta,1,1,2416,0,0,2416,0,0,0,0,0,0,0,0
2021-11-24,port1154,Santa Marta,1,0,7763,0,0,0,7763,0,0,0,0,0,0,0
2021-11-25,port1154,Santa Marta,1,1,852,2152,0,852,0,0,0,0,2152,0,0,0
2021-11-26,port1154,Santa Marta,4,2,40725,1295,30501,10224,0,0,0,0,1162,132,0,0
2021-11-27,port1154,Santa Marta,2,2,0,5045,0,0,0,0,0,0,5045,0,0,0
2021-11-28,port1154,Santa Marta,3,1,0,55213,0,0,0,0,0,49585,5627,0,0,0
2021-11-29,port1154,Santa Marta,1,1,0,2683,0,0,0,0,0,0,2683,0,0,0
2021-11-30,port1154,Santa Marta,2,1,0,2410,0,0,0,0,0,0,2410,0,0,0
2021-12-01,port1154,Santa Marta,3,1,53478,8610,52625,852,0,0,0,6457,2152,0,0,0
2021-12-02,port1154,Santa Marta,2,1,8930,0,6763,2166,0,0,0,0,0,0,0,0
2021-12-03,port1154,Santa Marta,1,1,6273,0,0,6273,0,0,0,0,0,0,0,0
2021-12-04,port1154,Santa Marta,5,2,31909,48184,28979,2427,502,0,0,43571,4612,0,0,0
2021-12-05,port1154,Santa Marta,3,2,26098,15098,26098,0,0,0,0,0,15098,0,0,0
2021-12-06,port1154,Santa Marta,2,1,15340,0,0,3318,0,12021,0,0,0,0,0,0
2021-12-07,port1154,Santa Marta,1,1,0,1802,0,0,0,0,0,0,1802,0,0,0
2021-12-08,port1154,Santa Marta,2,0,0,0,0,0,0,0,0,0,0,0,0,0
2021-12-09,port1154,Santa Marta,2,1,5825,0,5374,450,0,0,0,0,0,0,0,0
2021-12-10,port1154,Santa Marta,2,1,852,3224,0,852,0,0,0,0,2152,1071,0,0
2021-12-11,port1154,Santa Marta,4,3,2785,2536,0,2785,0,0,0,0,2536,0,0,0
2021-12-12,port1154,Santa Marta,1,1,0,12762,0,0,0,0,0,0,12762,0,0,0
2021-12-13,port1154,Santa Marta,2,1,0,3313,0,0,0,0,0,0,3313,0,0,0
2021-12-14,port1154,Santa Marta,1,1,0,4052,0,0,0,0,0,0,4052,0,0,0
2021-12-15,port1154,Santa Marta,1,0,2232,0,0,0,0,0,2232,0,0,0,0,0
2021-12-16,port1154,Santa Marta,1,0,0,24559,0,0,0,0,0,0,0,0,24559,0
2021-12-17,port1154,Santa Marta,2,1,36585,0,32242,4343,0,0,0,0,0,0,0,0
2021-12-18,port1154,Santa Marta,3,3,852,15931,0,852,0,0,0,0,15931,0,0,0
2021-12-19,port1154,Santa Marta,1,0,0,48731,0,0,0,0,0,48731,0,0,0,0
2021-12-20,port1154,Santa Marta,0,0,0,0,0,0,0,0,0,0,0,0,0,0
2021-12-21,port1154,Santa Marta,3,1,1668,599,0,0,1668,0,0,0,599,0,0,0
2021-12-22,port1154,Santa Marta,0,0,0,0,0,0,0,0,0,0,0,0,0,0
2021-12-23,port1154,Santa Marta,2,2,2317,1165,0,2317,0,0,0,0,1165,0,0,0
2021-12-24,port1154,Santa Marta,1,1,6760,0,0,6760,0,0,0,0,0,0,0,0
2021-12-25,port1154,Santa Marta,3,2,7064,2550,0,7064,0,0,0,0,2550,0,0,0
2021-12-26,port1154,Santa Marta,1,1,0,12145,0,0,0,0,0,0,12145,0,0,0
2021-12-27,port1154,Santa Marta,3,1,59032,6457,57503,1529,0,0,0,6457,0,0,0,0
2021-12-28,port1154,Santa Marta,2,1,852,17004,0,852,0,0,0,0,2152,14852,0,0
2021-12-29,port1154,Santa Marta,4,1,15956,2152,15103,852,0,0,0,0,2152,0,0,0
2021-12-30,port1154,Santa Marta,2,0,12446,8821,12446,0,0,0,0,8821,0,0,0,0
2021-12-31,port1154,Santa Marta,1,0,1459,0,1459,0,0,0,0,0,0,0,0,0
2022-01-01,port1154,Santa Marta,2,2,852,5732,0,852,0,0,0,0,5732,0,0,0
2022-01-02,port1154,Santa Marta,4,2,1768,8958,0,388,0,0,1380,0,8958,0,0,0
2022-01-03,port1154,Santa Marta,2,1,25694,2346,25694,0,0,0,0,0,2346,0,0,0
2022-01-04,port1154,Santa Marta,4,0,50304,6457,46376,0,3928,0,0,6457,0,0,0,0
2022-01-05,port1154,Santa Marta,0,0,0,0,0,0,0,0,0,0,0,0,0,0
2022-01-06,port1154,Santa Marta,2,2,0,1632,0,0,0,0,0,0,1632,0,0,0
2022-01-07,port1154,Santa Marta,2,1,21682,6457,15895,5787,0,0,0,6457,0,0,0,0
2022-01-08,port1154,Santa Marta,2,1,3643,508,0,0,0,0,3643,0,508,0,0,0
2022-01-09,port1154,Santa Marta,3,1,15895,18874,15895,0,0,0,0,6457,12416,0,0,0
2022-01-10,port1154,Santa Marta,3,0,52559,355,52559,0,0,0,0,0,0,355,0,0
2022-01-11,port1154,Santa Marta,4,2,17702,6457,15895,1806,0,0,0,6457,0,0,0,0
2022-01-12,port1154,Santa Marta,4,2,11362,3936,8654,852,1855,0,0,0,3155,780,0,0
2022-01-13,port1154,Santa Marta,3,1,3710,3112,0,0,3710,0,0,0,1551,1561,0,0
2022-01-14,port1154,Santa Marta,2,1,7248,9096,0,7248,0,0,0,9096,0,0,0,0
2022-01-15,port1154,Santa Marta,4,1,40110,5079,40110,0,0,0,0,4058,1020,0,0,0
2022-01-16,port1154,Santa Marta,3,1,15895,15760,15895,0,0,0,0,6457,3317,0,5985,0
2022-01-17,port1154,Santa Marta,2,0,9143,0,7616,0,1526,0,0,0,0,0,0,0
2022-01-18,port1154,Santa Marta,1,1,1212,0,0,1212,0,0,0,0,0,0,0,0
2022-01-19,port1154,Santa Marta,3,1,35331,2312,35331,0,0,0,0,0,988,1324,0,0
2022-01-20,port1154,Santa Marta,2,1,53170,1345,53170,0,0,0,0,0,1345,0,0,0
2022-01-21,port1154,Santa Marta,3,1,9204,34141,0,9204,0,0,0,0,0,453,33687,0
2022-01-22,port1154,Santa Marta,2,2,962,2041,0,962,0,0,0,0,2041,0,0,0
2022-01-23,port1154,Santa Marta,5,2,13390,5820,8636,0,0,4753,0,0,5820,0,0,0
2022-01-24,port1154,Santa Marta,2,1,0,740,0,0,0,0,0,0,740,0,0,0
2022-01-25,port1154,Santa Marta,3,1,62716,0,59546,2713,0,0,456,0,0,0,0,0
2022-01-26,port1154,Santa Marta,0,0,0,0,0,0,0,0,0,0,0,0,0,0
2022-01-27,port1154,Santa Marta,2,1,852,15568,0,852,0,0,0,13415,2152,0,0,0
2022-01-28,port1154,Santa Marta,2,1,6808,18036,0,6808,0,0,0,18036,0,0,0,0
2022-01-29,port1154,Santa Marta,3,2,28702,4607,28220,482,0,0,0,0,4607,0,0,0
2022-01-30,port1154,Santa Marta,3,2,0,18626,0,0,0,0,0,0,14984,0,3642,0
2022-01-31,port1154,Santa Marta,1,1,0,0,0,0,0,0,0,0,0,0,0,0
2022-02-01,port1154,Santa Marta,2,1,32753,1213,32753,0,0,0,0,0,1213,0,0,0
2022-02-02,port1154,Santa Marta,1,0,15895,6457,15895,0,0,0,0,6457,0,0,0,0
2022-02-03,port1154,Santa Marta,2,0,11612,12246,0,0,0,11612,0,12246,0,0,0,0
2022-02-04,port1154,Santa Marta,2,1,11417,0,7575,3841,0,0,0,0,0,0,0,0
2022-02-05,port1154,Santa Marta,2,2,6804,11718,0,6804,0,0,0,0,11718,0,0,0
2022-02-06,port1154,Santa Marta,1,0,3366,0,0,0,3366,0,0,0,0,0,0,0
2022-02-07,port1154,Santa Marta,3,1,1855,1147,0,0,1855,0,0,0,367,780,0,0
2022-02-08,port1154,Santa Marta,1,0,19355,0,19355,0,0,0,0,0,0,0,0,0
2022-02-09,port1154,Santa Marta,2,2,2647,0,0,2647,0,0,0,0,0,0,0,0
2022-02-10,port1154,Santa Marta,4,1,61288,0,59357,387,1543,0,0,0,0,0,0,0
2022-02-11,port1154,Santa Marta,0,0,0,0,0,0,0,0,0,0,0,0,0,0
2022-02-12,port1154,Santa Marta,2,2,1978,0,0,1978,0,0,0,0,0,0,0,0
2022-02-13,port1154,Santa Marta,1,1,0,7346,0,0,0,0,0,0,7346,0,0,0
2022-02-14,port1154,Santa Marta,3,1,1088,33102,0,852,235,0,0,30949,2152,0,0,0
2022-02-15,port1154,Santa Marta,2,1,2050,1215,0,0,2050,0,0,0,1215,0,0,0
2022-02-16,port1154,Santa Marta,1,0,3175,0,3175,0,0,0,0,0,0,0,0,0
2022-02-17,port1154,Santa Marta,3,2,954,388,0,485,469,0,0,0,388,0,0,0
2022-02-18,port1154,Santa Marta,2,0,19023,92,18420,0,0,0,602,0,0,0,0,92
2022-02-19,port1154,Santa Marta,5,2,1989,12792,0,0,1989,0,0,0,8986,3806,0,0
2022-02-20,port1154,Santa Marta,2,1,1931,15196,0,1931,0,0,0,15196,0,0,0,0
2022-02-21,port1154,Santa Marta,1,1,0,734,0,0,0,0,0,0,734,0,0,0
2022-02-22,port1154,Santa Marta,1,1,0,2436,0,0,0,0,0,0,2436,0,0,0
2022-02-23,port1154,Santa Marta,1,0,0,0,0,0,0,0,0,0,0,0,0,0
2022-02-24,port1154,Santa Marta,1,0,1855,780,0,0,1855,0,0,0,0,780,0,0
2022-02-25,port1154,Santa Marta,0,0,0,0,0,0,0,0,0,0,0,0,0,0
2022-02-26,port1154,Santa Marta,4,2,28729,1532,28246,482,0,0,0,0,1532,0,0,0
2022-02-27,port1154,Santa Marta,2,1,29781,2152,28928,852,0,0,0,0,2152,0,0,0
2022-02-28,port1154,Santa Marta,1,1,1841,0,0,1841,0,0,0,0,0,0,0,0
2022-03-01,port1154,Santa Marta,2,1,30603,1813,0,0,0,30603,0,0,1813,0,0,0
2022-03-02,port1154,Santa Marta,0,0,0,0,0,0,0,0,0,0,0,0,0,0
2022-03-03,port1154,Santa Marta,1,0,51757,0,51757,0,0,0,0,0,0,0,0,0
2022-03-04,port1154,Santa Marta,1,0,1305,0,0,0,0,0,1305,0,0,0,0,0
2022-03-05,port1154,Santa Marta,4,2,18974,9631,18121,852,0,0,0,6457,3173,0,0,0
2022-03-06,port1154,Santa Marta,1,1,0,5846,0,0,0,0,0,0,5846,0,0,0
2022-03-07,port1154,Santa Marta,2,1,2332,5153,0,0,0,2332,0,0,369,0,4783,0
2022-03-08,port1154,Santa Marta,2,1,0,30404,0,0,0,0,0,28362,2041,0,0,0
2022-03-09,port1154,Santa Marta,2,1,3161,2467,0,0,3161,0,0,0,2467,0,0,0
2022-03-10,port1154,Santa Marta,2,1,2322,0,1933,389,0,0,0,0,0,0,0,0
2022-03-11,port1154,Santa Marta,3,0,18435,6457,15895,0,0,1155,1384,6457,0,0,0,0
2022-03-12,port1154,Santa Marta,2,2,509,2447,0,509,0,0,0,0,2447,0,0,0
2022-03-13,port1154,Santa Marta,1,0,7786,0,7786,0,0,0,0,0,0,0,0,0
2022-03-14,port1154,Santa Marta,2,1,25388,0,24280,1108,0,0,0,0,0,0,0,0
2022-03-15,port1154,Santa Marta,1,1,0,1214,0,0,0,0,0,0,1214,0,0,0
2022-03-16,port1154,Santa Marta,3,0,10510,34628,10510,0,0,0,0,0,0,0,34065,563
2022-03-17,port1154,Santa Marta,0,0,0,0,0,0,0,0,0,0,0,0,0,0
2022-03-18,port1154,Santa Marta,2,1,8172,0,8172,0,0,0,0,0,0,0,0,0
2022-03-19,port1154,Santa Marta,3,1,16747,15524,15895,852,0,0,0,6457,2152,6913,0,0
2022-03-20,port1154,Santa Marta,2,1,0,51221,0,0,0,0,0,35527,15694,0,0,0
2022-03-21,port1154,Santa Marta,3,2,2341,2152,0,2341,0,0,0,0,2152,0,0,0
2022-03-22,port1154,Santa Marta,4,2,6384,3785,6384,0,0,0,0,0,3785,0,0,0
2022-03-23,port1154,Santa Marta,3,0,19740,0,17978,0,0,0,1761,0,0,0,0,0
2022-03-24,port1154,Santa Marta,1,1,0,388,0,0,0,0,0,0,388,0,0,0
2022-03-25,port1154,Santa Marta,1,0,149,0,0,0,149,0,0,0,0,0,0,0
2022-03-26,port1154,Santa Marta,2,2,0,15818,0,0,0,0,0,0,15818,0,0,0
2022-03-27,port1154,Santa Marta,0,0,0,0,0,0,0,0,0,0,0,0,0,0
2022-03-28,port1154,Santa Marta,2,1,739,0,0,739,0,0,0,0,0,0,0,0
2022-03-29,port1154,Santa Marta,2,1,0,27452,0,0,0,0,0,0,1822,0,25629,0
2022-03-30,port1154,Santa Marta,0,0,0,0,0,0,0,0,0,0,0,0,0,0
2022-03-31,port1154,Santa Marta,3,2,0,5299,0,0,0,0,0,0,1645,0,3654,0
2022-04-01,port1154,Santa Marta,0,0,0,0,0,0,0,0,0,0,0,0,0,0
2022-04-02,port1154,Santa Marta,4,2,17077,12522,15895,852,329,0,0,6457,6064,0,0,0
2022-04-03,port1154,Santa Marta,1,0,16443,0,16443,0,0,0,0,0,0,0,0,0
2022-04-04,port1154,Santa Marta,1,1,370,0,0,370,0,0,0,0,0,0,0,0
2022-04-05,port1154,Santa Marta,3,2,3894,5762,3894,0,0,0,0,0,5762,0,0,0
2022-04-06,port1154,Santa Marta,0,0,0,0,0,0,0,0,0,0,0,0,0,0
2022-04-07,port1154,Santa Marta,2,1,0,32752,0,0,0,0,0,31972,780,0,0,0
2022-04-08,port1154,Santa Marta,0,0,0,0,0,0,0,0,0,0,0,0,0,0
2022-04-09,port1154,Santa Marta,3,2,20003,0,15587,4415,0,0,0,0,0,0,0,0
2022-04-10,port1154,Santa Marta,2,1,8376,0,6418,1958,0,0,0,0,0,0,0,0
2022-04-11,port1154,Santa Marta,1,1,745,0,0,745,0,0,0,0,0,0,0,0
2022-04-12,port1154,Santa Marta,2,1,10647,3623,10647,0,0,0,0,0,3623,0,0,0
2022-04-13,port1154,Santa Marta,1,0,32806,0,32806,0,0,0,0,0,0,0,0,0
2022-04-14,port1154,Santa Marta,1,0,1461,0,0,0,1461,0,0,0,0,0,0,0
2022-04-15,port1154,Santa Marta,1,0,3745,0,0,0,3745,0,0,0,0,0,0,0
2022-04-16,port1154,Santa Marta,3,3,2065,2914,0,2065,0,0,0,0,2914,0,0,0
2022-04-17,port1154,Santa Marta,1,1,0,6939,0,0,0,0,0,0,6939,0,0,0
2022-04-18,port1154,Santa Marta,1,1,2577,0,0,2577,0,0,0,0,0,0,0,0
2022-04-19,port1154,Santa Marta,4,0,59044,7542,57739,0,0,0,1305,6457,0,1084,0,0
2022-04-20,port1154,Santa Marta,2,0,555,45676,0,0,0,0,555,45676,0,0,0,0
2022-04-21,port1154,Santa Marta,3,1,5822,1357,0,0,4949,0,873,0,1357,0,0,0
2022-04-22,port1154,Santa Marta,2,1,178,389,0,0,178,0,0,0,389,0,0,0
2022-04-23,port1154,Santa Marta,4,1,66805,10032,33100,0,0,33704,0,6457,3574,0,0,0
2022-04-24,port1154,Santa Marta,3,1,18055,10369,15895,0,2160,0,0,6457,3911,0,0,0
2022-04-25,port1154,Santa Marta,2,1,17362,6457,15895,1467,0,0,0,6457,0,0,0,0
2022-04-26,port1154,Santa Marta,1,0,34707,0,34707,0,0,0,0,0,0,0,0,0
2022-04-27,port1154,Santa Marta,1,1,0,3047,0,0,0,0,0,0,3047,0,0,0
2022-04-28,port1154,Santa Marta,2,0,8576,0,0,0,3624,4951,0,0,0,0,0,0
2022-04-29,port1154,Santa Marta,2,1,58678,387,58678,0,0,0,0,0,387,0,0,0
2022-04-30,port1154,Santa Marta,2,2,9322,2152,0,9322,0,0,0,0,2152,0,0,0
2022-05-01,port1154,Santa Marta,3,1,68330,9297,68330,0,0,0,0,0,9297,0,0,0
2022-05-02,port1154,Santa Marta,1,1,852,2152,0,852,0,0,0,0,2152,0,0,0
2022-05-03,port1154,Santa Marta,1,1,0,2718,0,0,0,0,0,0,2718,0,0,0
2022-05-04,port1154,Santa Marta,2,1,5414,2152,4562,852,0,0,0,0,2152,0,0,0
2022-05-05,port1154,Santa Marta,1,0,15895,6457,15895,0,0,0,0,6457,0,0,0,0
2022-05-06,port1154,Santa Marta,1,1,0,390,0,0,0,0,0,0,390,0,0,0
2022-05-07,port1154,Santa Marta,2,1,8180,3066,8180,0,0,0,0,0,3066,0,0,0
2022-05-08,port1154,Santa Marta,1,1,0,0,0,0,0,0,0,0,0,0,0,0
2022-05-09,port1154,Santa Marta,2,1,3383,0,2283,1099,0,0,0,0,0,0,0,0
2022-05-10,port1154,Santa Marta,1,1,0,600,0,0,0,0,0,0,600,0,0,0
2022-05-11,port1154,Santa Marta,1,0,838,0,0,0,0,0,838,0,0,0,0,0
2022-05-12,port1154,Santa Marta,2,0,25768,0,22681,0,3086,0,0,0,0,0,0,0
2022-05-13,port1154,Santa Marta,4,2,924,2222,0,0,0,0,924,0,2222,0,0,0
2022-05-14,port1154,Santa Marta,2,2,1705,4305,0,1705,0,0,0,0,4305,0,0,0
2022-05-15,port1154,Santa Marta,1,1,0,7395,0,0,0,0,0,0,7395,0,0,0
2022-05-16,port1154,Santa Marta,2,1,1478,50341,0,1478,0,0,0,50341,0,0,0,0
2022-05-17,port1154,Santa Marta,3,0,3230,0,2900,0,329,0,0,0,0,0,0,0
2022-05-18,port1154,Santa Marta,2,2,1705,4305,0,1705,0,0,0,0,4305,0,0,0
2022-05-19,port1154,Santa Marta,3,0,2332,4783,0,0,0,2332,0,0,0,0,4783,0
2022-05-20,port1154,Santa Marta,1,0,608,0,0,0,608,0,0,0,0,0,0,0
2022-05-21,port1154,Santa Marta,4,3,0,10356,0,0,0,0,0,0,10356,0,0,0
2022-05-22,port1154,Santa Marta,3,1,21052,390,16358,0,4693,0,0,0,390,0,0,0
2022-05-23,port1154,Santa Marta,2,0,0,78181,0,0,0,0,0,78181,0,0,0,0
2022-05-24,port1154,Santa Marta,1,1,0,1210,0,0,0,0,0,0,1210,0,0,0
2022-05-25,port1154,Santa Marta,2,1,26681,0,26312,368,0,0,0,0,0,0,0,0
2022-05-26,port1154,Santa Marta,2,1,57272,0,56373,898,0,0,0,0,0,0,0,0
2022-05-27,port1154,Santa Marta,1,1,772,0,0,772,0,0,0,0,0,0,0,0
2022-05-28,port1154,Santa Marta,3,2,5400,4783,0,3067,0,2332,0,0,0,0,4783,0
2022-05-29,port1154,Santa Marta,4,1,58409,10429,58409,0,0,0,0,6491,3937,0,0,0
2022-05-30,port1154,Santa Marta,1,0,0,4290,0,0,0,0,0,4290,0,0,0,0
2022-05-31,port1154,Santa Marta,0,0,0,0,0,0,0,0,0,0,0,0,0,0
2022-06-01,port1154,Santa Marta,2,1,61965,0,59953,2011,0,0,0,0,0,0,0,0
2022-06-02,port1154,Santa Marta,2,1,1108,0,0,1108,0,0,0,0,0,0,0,0
2022-06-03,port1154,Santa Marta,3,1,3277,1164,2949,0,328,0,0,0,1164,0,0,0
2022-06-04,port1154,Santa Marta,2,2,1821,2152,0,1821,0,0,0,0,2152,0,0,0
2022-06-05,port1154,Santa Marta,1,1,0,4427,0,0,0,0,0,0,4427,0,0,0
2022-06-06,port1154,Santa Marta,3,1,1969,51485,0,0,1969,0,0,51485,0,0,0,0
2022-06-07,port1154,Santa Marta,1,0,0,0,0,0,0,0,0,0,0,0,0,0
2022-06-08,port1154,Santa Marta,2,1,12926,1818,0,0,12926,0,0,0,1818,0,0,0
2022-06-09,port1154,Santa Marta,2,1,852,4455,0,852,0,0,0,0,2152,0,2302,0
2022-06-10,port1154,Santa Marta,1,0,35300,0,35300,0,0,0,0,0,0,0,0,0
2022-06-11,port1154,Santa Marta,3,3,482,8427,0,482,0,0,0,0,8427,0,0,0
2022-06-12,port1154,Santa Marta,2,0,1058,1835,0,0,1058,0,0,0,0,1835,0,0
2022-06-13,port1154,Santa Marta,3,1,19826,6550,15895,3328,0,0,602,6457,0,0,0,92
2022-06-14,port1154,Santa Marta,1,1,0,2033,0,0,0,0,0,0,2033,0,0,0
2022-06-15,port1154,Santa Marta,4,1,54024,0,53528,495,0,0,0,0,0,0,0,0
2022-06-16,port1154,Santa Marta,3,1,32643,15068,31790,852,0,0,0,12915,2152,0,0,0
2022-06-17,port1154,Santa Marta,0,0,0,0,0,0,0,0,0,0,0,0,0,0
2022-06-18,port1154,Santa Marta,5,3,7189,15380,0,6586,0,0,602,0,6478,0,8810,92
2022-06-19,port1154,Santa Marta,2,0,17075,6457,15895,0,0,0,1179,6457,0,0,0,0
2022-06-20,port1154,Santa Marta,1,1,1478,0,0,1478,0,0,0,0,0,0,0,0
2022-06-21,port1154,Santa Marta,1,1,852,2152,0,852,0,0,0,0,2152,0,0,0
2022-06-22,port1154,Santa Marta,1,0,0,10177,0,0,0,0,0,0,0,0,10177,0
2022-06-23,port1154,Santa Marta,2,1,2137,0,0,485,1652,0,0,0,0,0,0,0
2022-06-24,port1154,Santa Marta,2,1,852,2152,0,852,0,0,0,0,2152,0,0,0
2022-06-25,port1154,Santa Marta,3,2,39006,2543,35073,3933,0,0,0,0,2543,0,0,0
2022-06-26,port1154,Santa Marta,0,0,0,0,0,0,0,0,0,0,0,0,0,0
2022-06-27,port1154,Santa Marta,1,1,0,4814,0,0,0,0,0,0,4814,0,0,0
2022-06-28,port1154,Santa Marta,1,1,0,1800,0,0,0,0,0,0,1800,0,0,0
2022-06-29,port1154,Santa Marta,3,1,20125,5494,19272,852,0,0,0,3341,2152,0,0,0
2022-06-30,port1154,Santa Marta,1,1,0,390,0,0,0,0,0,0,390,0,0,0
2022-07-01,port1154,Santa Marta,2,1,37556,2152,36703,852,0,0,0,0,2152,0,0,0
2022-07-02,port1154,Santa Marta,2,2,509,3903,0,509,0,0,0,0,3903,0,0,0
2022-07-03,port1154,Santa Marta,2,0,0,33207,0,0,0,0,0,33207,0,0,0,0
2022-07-04,port1154,Santa Marta,2,0,1021,0,457,0,0,0,563,0,0,0,0,0
2022-07-05,port1154,Santa Marta,3,1,1594,0,0,604,990,0,0,0,0,0,0,0
2022-07-06,port1154,Santa Marta,2,0,11320,83890,11320,0,0,0,0,83890,0,0,0,0
2022-07-07,port1154,Santa Marta,1,1,771,0,0,771,0,0,0,0,0,0,0,0
2022-07-08,port1154,Santa Marta,1,1,0,972,0,0,0,0,0,0,972,0,0,0
2022-07-09,port1154,Santa Marta,3,2,32499,2152,26418,6080,0,0,0,0,2152,0,0,0
2022-07-10,port1154,Santa Marta,2,1,0,12843,0,0,0,0,0,0,12843,0,0,0
2022-07-11,port1154,Santa Marta,4,1,56302,6457,52797,2581,0,0,923,6457,0,0,0,0
2022-07-12,port1154,Santa Marta,1,1,0,3352,0,0,0,0,0,0,3352,0,0,0
2022-07-13,port1154,Santa Marta,2,0,28453,0,22093,0,6360,0,0,0,0,0,0,0
2022-07-14,port1154,Santa Marta,0,0,0,0,0,0,0,0,0,0,0,0,0,0
2022-07-15,port1154,Santa Marta,2,1,0,967,0,0,0,0,0,0,967,0,0,0
2022-07-16,port1154,Santa Marta,2,2,509,11664,0,509,0,0,0,0,11664,0,0,0
2022-07-17,port1154,Santa Marta,0,0,0,0,0,0,0,0,0,0,0,0,0,0
2022-07-18,port1154,Santa Marta,5,2,29198,386,26264,743,0,1733,457,0,386,0,0,0
2022-07-19,port1154,Santa Marta,3,1,11004,1802,10386,0,0,618,0,0,1802,0,0,0
2022-07-20,port1154,Santa Marta,2,0,2332,4783,0,0,0,2332,0,0,0,0,4783,0
2022-07-21,port1154,Santa Marta,2,0,32475,0,32475,0,0,0,0,0,0,0,0,0
2022-07-22,port1154,Santa Marta,2,0,9318,0,7772,0,0,1546,0,0,0,0,0,0
2022-07-23,port1154,Santa Marta,2,2,6700,0,0,6700,0,0,0,0,0,0,0,0
2022-07-24,port1154,Santa Marta,2,1,483,7011,0,483,0,0,0,7011,0,0,0,0
2022-07-25,port1154,Santa Marta,2,1,18632,368,18632,0,0,0,0,0,368,0,0,0
2022-07-26,port1154,Santa Marta,3,2,10463,9875,10463,0,0,0,0,0,9875,0,0,0
2022-07-27,port1154,Santa Marta,1,0,12942,0,12942,0,0,0,0,0,0,0,0,0
2022-07-28,port1154,Santa Marta,1,1,965,0,0,965,0,0,0,0,0,0,0,0
2022-07-29,port1154,Santa Marta,0,0,0,0,0,0,0,0,0,0,0,0,0,0
2022-07-30,port1154,Santa Marta,2,2,852,2933,0,852,0,0,0,0,2933,0,0,0
2022-07-31,port1154,Santa Marta,4,1,602,42294,0,0,0,0,602,38819,3382,0,0,92
2022-08-01,port1154,Santa Marta,1,1,0,741,0,0,0,0,0,0,741,0,0,0
2022-08-02,port1154,Santa Marta,2,1,0,72969,0,0,0,0,0,71757,1212,0,0,0
2022-08-03,port1154,Santa Marta,4,0,5912,0,5751,0,160,0,0,0,0,0,0,0
2022-08-04,port1154,Santa Marta,1,1,966,0,0,966,0,0,0,0,0,0,0,0
2022-08-05,port1154,Santa Marta,0,0,0,0,0,0,0,0,0,0,0,0,0,0
2022-08-06,port1154,Santa Marta,4,1,56437,2152,55584,852,0,0,0,0,2152,0,0,0
2022-08-07,port1154,Santa Marta,2,2,852,6075,0,852,0,0,0,0,6075,0,0,0
2022-08-08,port1154,Santa Marta,3,1,31163,0,28992,1843,326,0,0,0,0,0,0,0
2022-08-09,port1154,Santa Marta,3,1,35008,3619,35008,0,0,0,0,0,3619,0,0,0
2022-08-10,port1154,Santa Marta,1,1,852,2152,0,852,0,0,0,0,2152,0,0,0
2022-08-11,port1154,Santa Marta,0,0,0,0,0,0,0,0,0,0,0,0,0,0
2022-08-12,port1154,Santa Marta,3,1,2909,7063,0,0,1599,0,1309,0,7063,0,0,0
2022-08-13,port1154,Santa Marta,3,1,27613,7238,15895,9863,1855,0,0,6457,0,780,0,0
2022-08-14,port1154,Santa Marta,3,0,78806,0,78216,0,0,0,590,0,0,0,0,0
2022-08-15,port1154,Santa Marta,2,1,18805,0,17338,1467,0,0,0,0,0,0,0,0
2022-08-16,port1154,Santa Marta,2,1,8961,1804,8961,0,0,0,0,0,1804,0,0,0
2022-08-17,port1154,Santa Marta,1,0,36323,0,36323,0,0,0,0,0,0,0,0,0
2022-08-18,port1154,Santa Marta,1,1,449,0,0,449,0,0,0,0,0,0,0,0
2022-08-19,port1154,Santa Marta,2,1,48838,0,47383,1454,0,0,0,0,0,0,0,0
2022-08-20,port1154,Santa Marta,1,1,0,1534,0,0,0,0,0,0,1534,0,0,0
2022-08-21,port1154,Santa Marta,2,1,1372,9790,0,0,0,0,1372,0,9790,0,0,0
2022-08-22,port1154,Santa Marta,2,1,737,14294,0,737,0,0,0,14294,0,0,0,0
2022-08-23,port1154,Santa Marta,2,1,0,15623,0,0,0,0,0,12936,2686,0,0,0
2022-08-24,port1154,Santa Marta,0,0,0,0,0,0,0,0,0,0,0,0,0,0
2022-08-25,port1154,Santa Marta,1,1,852,2152,0,852,0,0,0,0,2152,0,0,0
2022-08-26,port1154,Santa Marta,2,1,35777,0,34324,1452,0,0,0,0,0,0,0,0
2022-08-27,port1154,Santa Marta,2,1,7153,2152,6300,852,0,0,0,0,2152,0,0,0
2022-08-28,port1154,Santa Marta,1,1,0,4917,0,0,0,0,0,0,4917,0,0,0
2022-08-29,port1154,Santa Marta,2,1,2592,38030,0,2592,0,0,0,38030,0,0,0,0
2022-08-30,port1154,Santa Marta,0,0,0,0,0,0,0,0,0,0,0,0,0,0
2022-08-31,port1154,Santa Marta,3,1,42452,0,41847,605,0,0,0,0,0,0,0,0
2022-09-01,port1154,Santa Marta,2,1,852,2628,0,852,0,0,0,0,2152,475,0,0
2022-09-02,port1154,Santa Marta,3,0,29482,2137,21542,0,0,7939,0,0,0,2137,0,0
2022-09-03,port1154,Santa Marta,1,1,0,2053,0,0,0,0,0,0,2053,0,0,0
2022-09-04,port1154,Santa Marta,2,1,1111,4422,0,0,1111,0,0,0,4422,0,0,0
2022-09-05,port1154,Santa Marta,3,1,1383,50541,0,0,0,0,1383,48311,2229,0,0,0
2022-09-06,port1154,Santa Marta,1,1,0,679,0,0,0,0,0,0,679,0,0,0
2022-09-07,port1154,Santa Marta,2,1,9393,0,0,494,8898,0,0,0,0,0,0,0
2022-09-08,port1154,Santa Marta,3,1,4498,2152,0,852,2530,0,1115,0,2152,0,0,0
2022-09-09,port1154,Santa Marta,3,1,25489,2152,24637,852,0,0,0,0,2152,0,0,0
2022-09-10,port1154,Santa Marta,1,1,852,2152,0,852,0,0,0,0,2152,0,0,0
2022-09-11,port1154,Santa Marta,2,1,0,26219,0,0,0,0,0,17351,8867,0,0,0
2022-09-12,port1154,Santa Marta,3,1,21453,0,18740,2712,0,0,0,0,0,0,0,0
2022-09-13,port1154,Santa Marta,3,1,0,38041,0,0,0,0,0,36836,1205,0,0,0
2022-09-14,port1154,Santa Marta,0,0,0,0,0,0,0,0,0,0,0,0,0,0
2022-09-15,port1154,Santa Marta,4,2,1705,4305,0,1705,0,0,0,0,4305,0,0,0
2022-09-16,port1154,Santa Marta,3,1,12598,458,11634,964,0,0,0,0,0,0,0,458
2022-09-17,port1154,Santa Marta,2,1,852,2152,0,852,0,0,0,0,2152,0,0,0
2022-09-18,port1154,Santa Marta,1,1,0,4436,0,0,0,0,0,0,4436,0,0,0
2022-09-19,port1154,Santa Marta,2,1,6369,0,0,1478,4890,0,0,0,0,0,0,0
2022-09-20,port1154,Santa Marta,1,1,0,1209,0,0,0,0,0,0,1209,0,0,0
2022-09-21,port1154,Santa Marta,4,1,6153,2152,5300,852,0,0,0,0,2152,0,0,0
2022-09-22,port1154,Santa Marta,1,1,1933,0,0,1933,0,0,0,0,0,0,0,0
2022-09-23,port1154,Santa Marta,2,1,30432,979,30432,0,0,0,0,0,979,0,0,0
2022-09-24,port1154,Santa Marta,2,1,6006,0,0,5676,329,0,0,0,0,0,0,0
2022-09-25,port1154,Santa Marta,2,1,0,8844,0,0,0,0,0,0,8844,0,0,0
2022-09-26,port1154,Santa Marta,2,1,3122,4717,3122,0,0,0,0,0,4717,0,0,0
2022-09-27,port1154,Santa Marta,2,1,1206,15891,0,1206,0,0,0,15891,0,0,0,0
2022-09-28,port1154,Santa Marta,1,0,1525,0,0,0,1525,0,0,0,0,0,0,0
2022-09-29,port1154,Santa Marta,1,1,852,2152,0,852,0,0,0,0,2152,0,0,0
2022-09-30,port1154,Santa Marta,3,1,69842,486,69842,0,0,0,0,0,486,0,0,0
2022-10-01,port1154,Santa Marta,1,1,0,2039,0,0,0,0,0,0,2039,0,0,0
2022-10-02,port1154,Santa Marta,0,0,0,0,0,0,0,0,0,0,0,0,0,0
2022-10-03,port1154,Santa Marta,4,1,29586,0,23734,3519,0,2333,0,0,0,0,0,0
2022-10-04,port1154,Santa Marta,2,1,24031,2152,23179,852,0,0,0,0,2152,0,0,0
2022-10-05,port1154,Santa Marta,0,0,0,0,0,0,0,0,0,0,0,0,0,0
2022-10-06,port1154,Santa Marta,2,1,1232,2152,0,852,379,0,0,0,2152,0,0,0
2022-10-07,port1154,Santa Marta,2,1,1423,1444,0,0,1423,0,0,0,1444,0,0,0
2022-10-08,port1154,Santa Marta,2,1,852,8582,0,852,0,0,0,0,2152,6429,0,0
2022-10-09,port1154,Santa Marta,2,1,0,36995,0,0,0,0,0,33074,3921,0,0,0
2022-10-10,port1154,Santa Marta,3,1,14029,0,0,399,12449,0,1179,0,0,0,0,0
2022-10-11,port1154,Santa Marta,2,1,1855,1984,0,0,1855,0,0,0,1203,780,0,0
2022-10-12,port1154,Santa Marta,0,0,0,0,0,0,0,0,0,0,0,0,0,0
2022-10-13,port1154,Santa Marta,2,1,20058,0,19672,385,0,0,0,0,0,0,0,0
2022-10-14,port1154,Santa Marta,1,0,15895,6457,15895,0,0,0,0,6457,0,0,0,0
2022-10-15,port1154,Santa Marta,1,1,0,1532,0,0,0,0,0,0,1532,0,0,0
2022-10-16,port1154,Santa Marta,3,1,1128,39713,0,0,0,0,1128,30913,8800,0,0,0
2022-10-17,port1154,Santa Marta,3,1,8415,0,7677,738,0,0,0,0,0,0,0,0
2022-10-18,port1154,Santa Marta,1,1,1356,0,0,1356,0,0,0,0,0,0,0,0
2022-10-19,port1154,Santa Marta,4,1,26180,17730,25578,0,0,0,602,17147,490,0,0,92
2022-10-20,port1154,Santa Marta,1,1,389,0,0,389,0,0,0,0,0,0,0,0
2022-10-21,port1154,Santa Marta,2,1,14405,0,12963,1442,0,0,0,0,0,0,0,0
2022-10-22,port1154,Santa Marta,2,1,852,9836,0,852,0,0,0,0,2152,0,7683,0
2022-10-23,port1154,Santa Marta,1,1,0,6337,0,0,0,0,0,0,6337,0,0,0
2022-10-24,port1154,Santa Marta,3,1,57474,0,57106,368,0,0,0,0,0,0,0,0
2022-10-25,port1154,Santa Marta,1,1,0,4826,0,0,0,0,0,0,4826,0,0,0
2022-10-26,port1154,Santa Marta,0,0,0,0,0,0,0,0,0,0,0,0,0,0
2022-10-27,port1154,Santa Marta,2,2,765,483,0,765,0,0,0,0,483,0,0,0
2022-10-28,port1154,Santa Marta,3,1,444,1908,444,0,0,0,0,0,485,1423,0,0
2022-10-29,port1154,Santa Marta,2,1,22134,1535,0,0,0,22134,0,0,1535,0,0,0
2022-10-30,port1154,Santa Marta,0,0,0,0,0,0,0,0,0,0,0,0,0,0
2022-10-31,port1154,Santa Marta,2,1,21033,0,20291,741,0,0,0,0,0,0,0,0
2022-11-01,port1154,Santa Marta,3,1,23968,2152,22654,852,0,0,460,0,2152,0,0,0
2022-11-02,port1154,Santa Marta,1,0,0,55588,0,0,0,0,0,55588,0,0,0,0
2022-11-03,port1154,Santa Marta,1,1,852,2152,0,852,0,0,0,0,2152,0,0,0
2022-11-04,port1154,Santa Marta,3,1,0,41952,0,0,0,0,0,40389,492,1070,0,0
2022-11-05,port1154,Santa Marta,3,2,511,4848,0,511,0,0,0,0,4848,0,0,0
2022-11-06,port1154,Santa Marta,2,0,2529,15785,0,0,2529,0,0,0,0,0,15785,0
2022-11-07,port1154,Santa Marta,1,1,739,0,0,739,0,0,0,0,0,0,0,0
2022-11-08,port1154,Santa Marta,2,1,46394,1808,46394,0,0,0,0,0,1808,0,0,0
2022-11-09,port1154,Santa Marta,1,0,554,0,554,0,0,0,0,0,0,0,0,0
2022-11-10,port1154,Santa Marta,3,2,10059,2926,9207,852,0,0,0,0,2926,0,0,0
2022-11-11,port1154,Santa Marta,3,1,329,1558,0,0,329,0,0,0,486,1071,0,0
2022-11-12,port1154,Santa Marta,1,1,2041,0,0,2041,0,0,0,0,0,0,0,0
2022-11-13,port1154,Santa Marta,4,1,17451,3863,17451,0,0,0,0,0,3863,0,0,0
2022-11-14,port1154,Santa Marta,1,1,737,0,0,737,0,0,0,0,0,0,0,0
2022-11-15,port1154,Santa Marta,2,1,34773,2152,33921,852,0,0,0,0,2152,0,0,0
2022-11-16,port1154,Santa Marta,2,0,2615,0,0,0,0,2157,457,0,0,0,0,0
2022-11-17,port1154,Santa Marta,2,1,0,776,0,0,0,0,0,0,776,0,0,0
2022-11-18,port1154,Santa Marta,3,1,852,12579,0,852,0,0,0,2378,2152,0,8047,0
2022-11-19,port1154,Santa Marta,3,1,26276,2152,25424,852,0,0,0,0,2152,0,0,0
2022-11-20,port1154,Santa Marta,1,0,2182,0,0,0,0,0,2182,0,0,0,0,0
2022-11-21,port1154,Santa Marta,5,2,36612,6962,29940,1841,4830,0,0,0,6181,780,0,0
2022-11-22,port1154,Santa Marta,2,1,21446,1815,21446,0,0,0,0,0,1815,0,0,0
2022-11-23,port1154,Santa Marta,1,0,9382,0,9382,0,0,0,0,0,0,0,0,0
2022-11-24,port1154,Santa Marta,3,1,7531,17338,7145,386,0,0,0,17338,0,0,0,0
2022-11-25,port1154,Santa Marta,1,0,0,0,0,0,0,0,0,0,0,0,0,0
2022-11-26,port1154,Santa Marta,2,1,2875,780,0,1020,1855,0,0,0,0,780,0,0
2022-11-27,port1154,Santa Marta,4,1,8767,20389,8164,0,0,0,602,15429,4866,0,0,92
2022-11-28,port1154,Santa Marta,2,1,852,43141,0,852,0,0,0,40988,2152,0,0,0
2022-11-29,port1154,Santa Marta,1,1,852,2152,0,852,0,0,0,0,2152,0,0,0
2022-11-30,port1154,Santa Marta,5,2,3500,28193,0,0,3500,0,0,24717,2695,780,0,0
2022-12-01,port1154,Santa Marta,1,1,0,388,0,0,0,0,0,0,388,0,0,0
2022-12-02,port1154,Santa Marta,2,1,1210,1751,0,480,729,0,0,0,0,1751,0,0
2022-12-03,port1154,Santa Marta,3,2,852,4099,0,852,0,0,0,0,4099,0,0,0
2022-12-04,port1154,Santa Marta,1,0,2779,0,2779,0,0,0,0,0,0,0,0,0
2022-12-05,port1154,Santa Marta,3,1,1726,48298,0,852,0,0,873,46145,2152,0,0,0
2022-12-06,port1154,Santa Marta,2,1,0,3628,0,0,0,0,0,0,3628,0,0,0
2022-12-07,port1154,Santa Marta,2,1,30434,0,29562,872,0,0,0,0,0,0,0,0
2022-12-08,port1154,Santa Marta,2,2,1705,4305,0,1705,0,0,0,0,4305,0,0,0
2022-12-09,port1154,Santa Marta,4,1,2473,2841,0,0,1871,0,602,0,969,1780,0,92
2022-12-10,port1154,Santa Marta,2,2,0,5961,0,0,0,0,0,0,5961,0,0,0
2022-12-11,port1154,Santa Marta,1,0,0,42216,0,0,0,0,0,42216,0,0,0,0
2022-12-12,port1154,Santa Marta,1,1,0,0,0,0,0,0,0,0,0,0,0,0
2022-12-13,port1154,Santa Marta,2,1,19356,1820,19356,0,0,0,0,0,1820,0,0,0
2022-12-14,port1154,Santa Marta,1,0,52363,0,52363,0,0,0,0,0,0,0,0,0
2022-12-15,port1154,Santa Marta,1,1,3110,0,0,3110,0,0,0,0,0,0,0,0
2022-12-16,port1154,Santa Marta,2,1,0,1557,0,0,0,0,0,0,493,1064,0,0
2022-12-17,port1154,Santa Marta,3,1,12442,2933,9734,852,1855,0,0,0,2152,780,0,0
2022-12-18,port1154,Santa Marta,2,0,458,66822,0,0,0,0,458,66822,0,0,0,0
2022-12-19,port1154,Santa Marta,2,1,16743,368,0,0,0,16743,0,0,368,0,0,0
2022-12-20,port1154,Santa Marta,3,1,852,3294,0,852,0,0,0,0,2152,0,1141,0
2022-12-21,port1154,Santa Marta,1,0,1039,0,0,0,1039,0,0,0,0,0,0,0
2022-12-22,port1154,Santa Marta,2,1,0,5658,0,0,0,0,0,0,383,0,5275,0
2022-12-23,port1154,Santa Marta,3,1,27806,77062,27318,487,0,0,0,77062,0,0,0,0
2022-12-24,port1154,Santa Marta,3,2,0,7549,0,0,0,0,0,0,6432,0,1116,0
2022-12-25,port1154,Santa Marta,2,0,29562,916,29562,0,0,0,0,0,0,0,916,0
2022-12-26,port1154,Santa Marta,2,1,15895,8304,15895,0,0,0,0,6457,1846,0,0,0
2022-12-27,port1154,Santa Marta,0,0,0,0,0,0,0,0,0,0,0,0,0,0
2022-12-28,port1154,Santa Marta,2,1,15340,2152,14487,852,0,0,0,0,2152,0,0,0
2022-12-29,port1154,Santa Marta,2,1,389,0,0,389,0,0,0,0,0,0,0,0
2022-12-30,port1154,Santa Marta,2,1,15895,8879,15895,0,0,0,0,6457,2421,0,0,0
2022-12-31,port1154,Santa Marta,4,2,3375,1455,2913,0,0,0,461,0,1455,0,0,0
2023-01-01,port1154,Santa Marta,2,0,19140,473,19140,0,0,0,0,473,0,0,0,0
2023-01-02,port1154,Santa Marta,3,1,42616,6457,41514,1101,0,0,0,6457,0,0,0,0
2023-01-03,port1154,Santa Marta,2,1,6012,2152,5160,852,0,0,0,0,2152,0,0,0
2023-01-04,port1154,Santa Marta,1,0,28536,0,28536,0,0,0,0,0,0,0,0,0
2023-01-05,port1154,Santa Marta,2,1,382,0,0,382,0,0,0,0,0,0,0,0
2023-01-06,port1154,Santa Marta,1,0,31561,0,31561,0,0,0,0,0,0,0,0,0
2023-01-07,port1154,Santa Marta,3,2,3361,11549,0,0,3361,0,0,0,11549,0,0,0
2023-01-08,port1154,Santa Marta,0,0,0,0,0,0,0,0,0,0,0,0,0,0
2023-01-09,port1154,Santa Marta,3,1,473,13109,473,0,0,0,0,0,1484,0,11625,0
2023-01-10,port1154,Santa Marta,3,1,35519,12604,35519,0,0,0,0,6457,6146,0,0,0
2023-01-11,port1154,Santa Marta,2,2,1831,2152,0,1831,0,0,0,0,2152,0,0,0
2023-01-12,port1154,Santa Marta,3,1,2492,39385,0,0,0,2492,0,33001,775,0,5608,0
2023-01-13,port1154,Santa Marta,2,1,24279,480,24279,0,0,0,0,0,480,0,0,0
2023-01-14,port1154,Santa Marta,2,2,1015,4428,0,1015,0,0,0,0,4428,0,0,0
2023-01-15,port1154,Santa Marta,1,0,52763,0,52763,0,0,0,0,0,0,0,0,0
2023-01-16,port1154,Santa Marta,2,1,367,0,0,367,0,0,0,0,0,0,0,0
2023-01-17,port1154,Santa Marta,1,1,852,2152,0,852,0,0,0,0,2152,0,0,0
2023-01-18,port1154,Santa Marta,0,0,0,0,0,0,0,0,0,0,0,0,0,0
2023-01-19,port1154,Santa Marta,4,2,3055,2885,836,0,0,0,2219,0,2885,0,0,0
2023-01-20,port1154,Santa Marta,1,0,729,1751,0,0,729,0,0,0,0,1751,0,0
2023-01-21,port1154,Santa Marta,4,1,48100,2051,48100,0,0,0,0,0,2051,0,0,0
2023-01-22,port1154,Santa Marta,3,1,1855,9476,0,0,1855,0,0,0,8371,1104,0,0
2023-01-23,port1154,Santa Marta,3,1,852,36073,0,852,0,0,0,33920,2152,0,0,0
2023-01-24,port1154,Santa Marta,2,1,0,4445,0,0,0,0,0,0,2423,2021,0,0
2023-01-25,port1154,Santa Marta,4,2,4975,3138,1167,852,2954,0,0,0,3138,0,0,0
2023-01-26,port1154,Santa Marta,2,1,19401,2152,18548,852,0,0,0,0,2152,0,0,0
2023-01-27,port1154,Santa Marta,3,1,13439,8498,11091,0,2348,0,0,0,8498,0,0,0
2023-01-28,port1154,Santa Marta,2,1,602,601,0,0,0,0,602,0,509,0,0,92
2023-01-29,port1154,Santa Marta,2,1,0,54241,0,0,0,0,0,50798,3443,0,0,0
2023-01-30,port1154,Santa Marta,1,1,852,2152,0,852,0,0,0,0,2152,0,0,0
2023-01-31,port1154,Santa Marta,3,1,50383,1692,32861,0,0,17521,0,0,1692,0,0,0
2023-02-01,port1154,Santa Marta,3,1,9877,18088,9877,0,0,0,0,15649,2438,0,0,0
2023-02-02,port1154,Santa Marta,1,1,0,384,0,0,0,0,0,0,384,0,0,0
2023-02-03,port1154,Santa Marta,3,2,2925,936,2925,0,0,0,0,0,936,0,0,0
2023-02-04,port1154,Santa Marta,2,1,12483,1532,12483,0,0,0,0,0,1532,0,0,0
2023-02-05,port1154,Santa Marta,2,0,4400,0,4400,0,0,0,0,0,0,0,0,0
2023-02-06,port1154,Santa Marta,1,1,1111,0,0,1111,0,0,0,0,0,0,0,0
2023-02-07,port1154,Santa Marta,2,1,0,2025,0,0,0,0,0,0,2025,0,0,0
2023-02-08,port1154,Santa Marta,1,0,0,20617,0,0,0,0,0,20617,0,0,0,0
2023-02-09,port1154,Santa Marta,4,1,68792,775,68792,0,0,0,0,0,775,0,0,0
2023-02-10,port1154,Santa Marta,2,1,0,0,0,0,0,0,0,0,0,0,0,0
2023-02-11,port1154,Santa Marta,2,1,506,0,0,506,0,0,0,0,0,0,0,0
2023-02-12,port1154,Santa Marta,2,1,28858,3447,28858,0,0,0,0,0,3447,0,0,0
2023-02-13,port1154,Santa Marta,1,1,852,2152,0,852,0,0,0,0,2152,0,0,0
2023-02-14,port1154,Santa Marta,1,0,3894,0,3894,0,0,0,0,0,0,0,0,0
2023-02-15,port1154,Santa Marta,2,0,2028,0,0,0,1002,0,1026,0,0,0,0,0
2023-02-16,port1154,Santa Marta,3,1,16891,774,16891,0,0,0,0,0,774,0,0,0
2023-02-17,port1154,Santa Marta,2,1,1913,0,0,542,0,0,1371,0,0,0,0,0
2023-02-18,port1154,Santa Marta,2,2,0,5548,0,0,0,0,0,0,5548,0,0,0
2023-02-19,port1154,Santa Marta,1,1,0,3742,0,0,0,0,0,0,3742,0,0,0
2023-02-20,port1154,Santa Marta,2,0,9694,0,9694,0,0,0,0,0,0,0,0,0
2023-02-21,port1154,Santa Marta,2,1,0,5967,0,0,0,0,0,0,2725,3241,0,0
2023-02-22,port1154,Santa Marta,1,0,585,0,585,0,0,0,0,0,0,0,0,0
2023-02-23,port1154,Santa Marta,1,1,852,2152,0,852,0,0,0,0,2152,0,0,0
2023-02-24,port1154,Santa Marta,1,1,0,966,0,0,0,0,0,0,966,0,0,0
2023-02-25,port1154,Santa Marta,1,0,8448,0,8448,0,0,0,0,0,0,0,0,0
2023-02-26,port1154,Santa Marta,3,2,0,81910,0,0,0,0,0,77421,4488,0,0,0
2023-02-27,port1154,Santa Marta,2,1,9816,0,8317,1499,0,0,0,0,0,0,0,0
2023-02-28,port1154,Santa Marta,1,0,0,0,0,0,0,0,0,0,0,0,0,0
2023-03-01,port1154,Santa Marta,3,1,2764,2152,1451,852,0,0,461,0,2152,0,0,0
2023-03-02,port1154,Santa Marta,1,0,0,36152,0,0,0,0,0,36152,0,0,0,0
2023-03-03,port1154,Santa Marta,1,1,0,1449,0,0,0,0,0,0,1449,0,0,0
2023-03-04,port1154,Santa Marta,3,2,0,10762,0,0,0,0,0,5767,4994,0,0,0
2023-03-05,port1154,Santa Marta,2,0,8183,0,8183,0,0,0,0,0,0,0,0,0
2023-03-06,port1154,Santa Marta,3,1,13129,0,10358,367,2403,0,0,0,0,0,0,0
2023-03-07,port1154,Santa Marta,1,1,0,3647,0,0,0,0,0,0,3647,0,0,0
2023-03-08,port1154,Santa Marta,2,1,2707,2933,0,852,1855,0,0,0,2152,780,0,0
2023-03-09,port1154,Santa Marta,2,1,30568,388,30568,0,0,0,0,0,388,0,0,0
2023-03-10,port1154,Santa Marta,0,0,0,0,0,0,0,0,0,0,0,0,0,0
2023-03-11,port1154,Santa Marta,4,1,950,2962,0,493,0,0,457,0,0,153,2809,0
2023-03-12,port1154,Santa Marta,3,2,3349,8742,0,1016,0,2332,0,0,3958,0,4783,0
2023-03-13,port1154,Santa Marta,2,1,5311,1104,5311,0,0,0,0,0,1104,0,0,0
2023-03-14,port1154,Santa Marta,3,0,5317,5608,2824,0,0,2492,0,0,0,0,5608,0
2023-03-15,port1154,Santa Marta,1,1,852,2152,0,852,0,0,0,0,2152,0,0,0
2023-03-16,port1154,Santa Marta,4,2,4082,23136,2781,1300,0,0,0,20983,2152,0,0,0
2023-03-17,port1154,Santa Marta,1,1,0,2922,0,0,0,0,0,0,2922,0,0,0
2023-03-18,port1154,Santa Marta,2,1,15895,11586,15895,0,0,0,0,6457,5128,0,0,0
2023-03-19,port1154,Santa Marta,2,1,0,4452,0,0,0,0,0,0,3941,511,0,0
2023-03-20,port1154,Santa Marta,3,1,16996,7049,15895,1101,0,0,0,6457,0,0,0,591
2023-03-21,port1154,Santa Marta,0,0,0,0,0,0,0,0,0,0,0,0,0,0
2023-03-22,port1154,Santa Marta,3,2,15375,1330,13334,2041,0,0,0,0,1330,0,0,0
2023-03-23,port1154,Santa Marta,2,1,2332,5172,0,0,0,2332,0,0,389,0,4783,0
2023-03-24,port1154,Santa Marta,1,0,5410,0,5410,0,0,0,0,0,0,0,0,0
2023-03-25,port1154,Santa Marta,1,1,0,1477,0,0,0,0,0,0,1477,0,0,0
2023-03-26,port1154,Santa Marta,2,1,365,3220,0,365,0,0,0,0,0,3220,0,0
2023-03-27,port1154,Santa Marta,1,1,0,1524,0,0,0,0,0,0,1524,0,0,0
2023-03-28,port1154,Santa Marta,1,1,0,1221,0,0,0,0,0,0,1221,0,0,0
2023-03-29,port1154,Santa Marta,2,0,33664,0,33664,0,0,0,0,0,0,0,0,0
2023-03-30,port1154,Santa Marta,1,1,0,2315,0,0,0,0,0,0,2315,0,0,0
2023-03-31,port1154,Santa Marta,2,0,0,15362,0,0,0,0,0,12158,0,3203,0,0
2023-04-01,port1154,Santa Marta,3,3,852,5705,0,852,0,0,0,0,5705,0,0,0
2023-04-02,port1154,Santa Marta,5,1,52723,15296,44758,0,0,7659,306,6457,8838,0,0,0
2023-04-03,port1154,Santa Marta,1,1,852,2152,0,852,0,0,0,0,2152,0,0,0
2023-04-04,port1154,Santa Marta,3,2,10571,1846,9893,677,0,0,0,0,1846,0,0,0
2023-04-05,port1154,Santa Marta,3,0,4195,0,3877,0,318,0,0,0,0,0,0,0
2023-04-06,port1154,Santa Marta,2,1,10117,771,0,0,10117,0,0,0,771,0,0,0
2023-04-07,port1154,Santa Marta,1,1,969,0,0,969,0,0,0,0,0,0,0,0
2023-04-08,port1154,Santa Marta,2,0,18544,0,6707,0,0,11836,0,0,0,0,0,0
2023-04-09,port1154,Santa Marta,3,1,16045,16367,16045,0,0,0,0,0,7355,0,9011,0
2023-04-10,port1154,Santa Marta,3,2,3063,58505,0,3063,0,0,0,56352,2152,0,0,0
2023-04-11,port1154,Santa Marta,0,0,0,0,0,0,0,0,0,0,0,0,0,0
2023-04-12,port1154,Santa Marta,1,0,17827,0,17827,0,0,0,0,0,0,0,0,0
2023-04-13,port1154,Santa Marta,2,2,1334,2152,0,1334,0,0,0,0,2152,0,0,0
2023-04-14,port1154,Santa Marta,2,1,15702,0,14246,1455,0,0,0,0,0,0,0,0
2023-04-15,port1154,Santa Marta,2,2,1020,2449,0,1020,0,0,0,0,2449,0,0,0
2023-04-16,port1154,Santa Marta,0,0,0,0,0,0,0,0,0,0,0,0,0,0
2023-04-17,port1154,Santa Marta,3,1,45128,829,44526,0,0,0,602,0,737,0,0,92
2023-04-18,port1154,Santa Marta,1,1,0,2426,0,0,0,0,0,0,2426,0,0,0
2023-04-19,port1154,Santa Marta,0,0,0,0,0,0,0,0,0,0,0,0,0,0
2023-04-20,port1154,Santa Marta,1,1,0,777,0,0,0,0,0,0,777,0,0,0
2023-04-21,port1154,Santa Marta,2,1,0,979,0,0,0,0,0,0,489,489,0,0
2023-04-22,port1154,Santa Marta,2,2,0,13458,0,0,0,0,0,0,13458,0,0,0
2023-04-23,port1154,Santa Marta,0,0,0,0,0,0,0,0,0,0,0,0,0,0
2023-04-24,port1154,Santa Marta,3,1,0,10463,0,0,0,0,0,0,1106,326,9030,0
2023-04-25,port1154,Santa Marta,2,1,17484,1218,17484,0,0,0,0,0,1218,0,0,0
2023-04-26,port1154,Santa Marta,2,0,55588,30303,55588,0,0,0,0,30303,0,0,0,0
2023-04-27,port1154,Santa Marta,4,1,15849,1165,13994,0,1855,0,0,0,385,780,0,0
2023-04-28,port1154,Santa Marta,3,1,1966,14237,0,1966,0,0,0,0,0,1963,12273,0
2023-04-29,port1154,Santa Marta,3,2,889,10942,889,0,0,0,0,0,10942,0,0,0
2023-04-30,port1154,Santa Marta,1,0,11801,0,11801,0,0,0,0,0,0,0,0,0
2023-05-01,port1154,Santa Marta,4,1,22680,6796,21195,1484,0,0,0,6457,0,338,0,0
2023-05-02,port1154,Santa Marta,1,1,852,2152,0,852,0,0,0,0,2152,0,0,0
2023-05-03,port1154,Santa Marta,2,0,3413,0,3413,0,0,0,0,0,0,0,0,0
2023-05-04,port1154,Santa Marta,1,1,0,1558,0,0,0,0,0,0,1558,0,0,0
2023-05-05,port1154,Santa Marta,4,0,18770,7167,17857,0,0,0,913,6457,0,709,0,0
2023-05-06,port1154,Santa Marta,4,3,11830,8173,10962,868,0,0,0,0,8173,0,0,0
2023-05-07,port1154,Santa Marta,2,1,0,12133,0,0,0,0,0,0,1462,0,10671,0
2023-05-08,port1154,Santa Marta,3,1,11041,0,10307,733,0,0,0,0,0,0,0,0
2023-05-09,port1154,Santa Marta,3,1,606,15604,0,606,0,0,0,10924,0,4680,0,0
2023-05-10,port1154,Santa Marta,3,1,28675,977,20434,0,8241,0,0,0,977,0,0,0
2023-05-11,port1154,Santa Marta,1,1,0,770,0,0,0,0,0,0,770,0,0,0
2023-05-12,port1154,Santa Marta,2,1,1430,0,0,447,982,0,0,0,0,0,0,0
2023-05-13,port1154,Santa Marta,5,2,15675,61284,13971,0,1704,0,0,58941,2342,0,0,0
2023-05-14,port1154,Santa Marta,2,1,15895,11347,15895,0,0,0,0,6457,4889,0,0,0
2023-05-15,port1154,Santa Marta,2,1,11428,0,0,3078,8350,0,0,0,0,0,0,0
2023-05-16,port1154,Santa Marta,2,1,0,3147,0,0,0,0,0,0,1359,1788,0,0
2023-05-17,port1154,Santa Marta,2,0,16066,163,16066,0,0,0,0,0,0,163,0,0
2023-05-18,port1154,Santa Marta,2,1,2707,2933,0,852,1855,0,0,0,2152,780,0,0
2023-05-19,port1154,Santa Marta,1,1,669,0,0,669,0,0,0,0,0,0,0,0
2023-05-20,port1154,Santa Marta,2,2,1171,2152,0,1171,0,0,0,0,2152,0,0,0
2023-05-21,port1154,Santa Marta,1,1,0,5899,0,0,0,0,0,0,5899,0,0,0
2023-05-22,port1154,Santa Marta,1,1,1099,0,0,1099,0,0,0,0,0,0,0,0
2023-05-23,port1154,Santa Marta,1,0,0,0,0,0,0,0,0,0,0,0,0,0
2023-05-24,port1154,Santa Marta,2,0,602,92,0,0,0,0,602,0,0,0,0,92
2023-05-25,port1154,Santa Marta,1,1,852,2152,0,852,0,0,0,0,2152,0,0,0
2023-05-26,port1154,Santa Marta,3,1,1437,77222,585,852,0,0,0,75069,2152,0,0,0
2023-05-27,port1154,Santa Marta,1,1,852,2152,0,852,0,0,0,0,2152,0,0,0
2023-05-28,port1154,Santa Marta,3,1,7881,9712,5549,0,0,2332,0,0,4928,0,4783,0
2023-05-29,port1154,Santa Marta,2,1,1104,163,0,1104,0,0,0,0,0,163,0,0
2023-05-30,port1154,Santa Marta,3,1,16087,1992,14232,0,1855,0,0,0,1212,780,0,0
2023-05-31,port1154,Santa Marta,2,0,4210,0,2900,0,0,0,1309,0,0,0,0,0
2023-06-01,port1154,Santa Marta,3,1,317,50972,0,0,317,0,0,50586,386,0,0,0
2023-06-02,port1154,Santa Marta,1,1,852,2152,0,852,0,0,0,0,2152,0,0,0
2023-06-03,port1154,Santa Marta,2,2,0,7423,0,0,0,0,0,0,7423,0,0,0
2023-06-04,port1154,Santa Marta,0,0,0,0,0,0,0,0,0,0,0,0,0,0
2023-06-05,port1154,Santa Marta,1,1,1108,0,0,1108,0,0,0,0,0,0,0,0
2023-06-06,port1154,Santa Marta,2,1,157,1815,0,0,157,0,0,0,1815,0,0,0
2023-06-07,port1154,Santa Marta,1,0,0,0,0,0,0,0,0,0,0,0,0,0
2023-06-08,port1154,Santa Marta,2,1,33065,1537,33065,0,0,0,0,0,1537,0,0,0
2023-06-09,port1154,Santa Marta,3,1,15380,5710,14527,852,0,0,0,0,2152,3557,0,0
2023-06-10,port1154,Santa Marta,1,1,5266,0,0,5266,0,0,0,0,0,0,0,0
2023-06-11,port1154,Santa Marta,2,1,12150,4896,12150,0,0,0,0,0,4896,0,0,0
2023-06-12,port1154,Santa Marta,1,1,369,0,0,369,0,0,0,0,0,0,0,0
2023-06-13,port1154,Santa Marta,4,1,71934,2510,56036,678,15219,0,0,0,0,2510,0,0
2023-06-14,port1154,Santa Marta,0,0,0,0,0,0,0,0,0,0,0,0,0,0
2023-06-15,port1154,Santa Marta,1,1,775,0,0,775,0,0,0,0,0,0,0,0
2023-06-16,port1154,Santa Marta,2,1,852,5252,0,852,0,0,0,0,2152,3099,0,0
2023-06-17,port1154,Santa Marta,5,2,6304,4305,3195,1705,841,0,561,0,4305,0,0,0
2023-06-18,port1154,Santa Marta,2,0,17750,7238,15895,0,1855,0,0,6457,0,780,0,0
2023-06-19,port1154,Santa Marta,2,1,742,15443,0,742,0,0,0,15443,0,0,0,0
2023-06-20,port1154,Santa Marta,2,0,713,12639,0,0,713,0,0,0,0,0,12639,0
2023-06-21,port1154,Santa Marta,3,1,26248,37847,25395,852,0,0,0,35694,2152,0,0,0
2023-06-22,port1154,Santa Marta,3,2,15146,386,15146,0,0,0,0,0,386,0,0,0
2023-06-23,port1154,Santa Marta,1,1,0,2903,0,0,0,0,0,0,2903,0,0,0
2023-06-24,port1154,Santa Marta,2,1,0,8793,0,0,0,0,0,0,4590,0,4203,0
2023-06-25,port1154,Santa Marta,1,1,0,6387,0,0,0,0,0,0,6387,0,0,0
2023-06-26,port1154,Santa Marta,2,1,4522,2152,0,852,0,3669,0,0,2152,0,0,0
2023-06-27,port1154,Santa Marta,1,1,0,679,0,0,0,0,0,0,679,0,0,0
2023-06-28,port1154,Santa Marta,0,0,0,0,0,0,0,0,0,0,0,0,0,0
2023-06-29,port1154,Santa Marta,2,1,852,35673,0,852,0,0,0,33521,2152,0,0,0
2023-06-30,port1154,Santa Marta,1,1,0,665,0,0,0,0,0,0,665,0,0,0
2023-07-01,port1154,Santa Marta,3,1,8624,2152,7771,852,0,0,0,0,2152,0,0,0
2023-07-02,port1154,Santa Marta,3,0,10048,0,9883,0,164,0,0,0,0,0,0,0
2023-07-03,port1154,Santa Marta,3,1,1467,23881,0,852,0,615,0,21728,2152,0,0,0
2023-07-04,port1154,Santa Marta,1,1,605,0,0,605,0,0,0,0,0,0,0,0
2023-07-05,port1154,Santa Marta,2,0,17008,38691,17008,0,0,0,0,38691,0,0,0,0
2023-07-06,port1154,Santa Marta,1,1,852,2152,0,852,0,0,0,0,2152,0,0,0
2023-07-07,port1154,Santa Marta,2,1,32457,0,30518,1939,0,0,0,0,0,0,0,0
2023-07-08,port1154,Santa Marta,3,2,13136,3586,13136,0,0,0,0,0,3586,0,0,0
2023-07-09,port1154,Santa Marta,3,1,945,36074,0,0,945,0,0,30687,5387,0,0,0
2023-07-10,port1154,Santa Marta,4,1,11198,457,10460,738,0,0,0,0,0,0,0,457
2023-07-11,port1154,Santa Marta,1,1,852,2152,0,852,0,0,0,0,2152,0,0,0
2023-07-12,port1154,Santa Marta,0,0,0,0,0,0,0,0,0,0,0,0,0,0
2023-07-13,port1154,Santa Marta,3,1,33296,2152,32443,852,0,0,0,0,2152,0,0,0
2023-07-14,port1154,Santa Marta,2,1,0,4657,0,0,0,0,0,0,488,4169,0,0
2023-07-15,port1154,Santa Marta,4,2,1952,2823,0,852,1100,0,0,0,2790,0,32,0
2023-07-16,port1154,Santa Marta,1,1,0,5901,0,0,0,0,0,0,5901,0,0,0
2023-07-17,port1154,Santa Marta,4,1,9087,0,5263,740,0,0,3083,0,0,0,0,0
2023-07-18,port1154,Santa Marta,3,1,0,30490,0,0,0,0,0,25545,2423,2520,0,0
2023-07-19,port1154,Santa Marta,1,0,0,6294,0,0,0,0,0,0,0,0,6294,0
2023-07-20,port1154,Santa Marta,1,1,386,0,0,386,0,0,0,0,0,0,0,0
2023-07-21,port1154,Santa Marta,4,1,9583,4042,1113,8470,0,0,0,0,0,0,4042,0
2023-07-22,port1154,Santa Marta,3,2,0,7531,0,0,0,0,0,3315,4216,0,0,0
2023-07-23,port1154,Santa Marta,2,1,20666,4902,20666,0,0,0,0,0,4902,0,0,0
2023-07-24,port1154,Santa Marta,1,1,3318,0,0,3318,0,0,0,0,0,0,0,0
2023-07-25,port1154,Santa Marta,1,0,0,2153,0,0,0,0,0,0,0,2153,0,0
2023-07-26,port1154,Santa Marta,2,1,2575,2152,1722,852,0,0,0,0,2152,0,0,0
2023-07-27,port1154,Santa Marta,2,1,25316,387,25316,0,0,0,0,0,387,0,0,0
2023-07-28,port1154,Santa Marta,2,1,22052,961,22052,0,0,0,0,0,961,0,0,0
2023-07-29,port1154,Santa Marta,2,2,4592,2152,0,4592,0,0,0,0,2152,0,0,0
2023-07-30,port1154,Santa Marta,2,1,12256,10805,12256,0,0,0,0,0,10805,0,0,0
2023-07-31,port1154,Santa Marta,2,1,43169,0,41334,1835,0,0,0,0,0,0,0,0
2023-08-01,port1154,Santa Marta,2,1,8842,605,8842,0,0,0,0,0,605,0,0,0
2023-08-02,port1154,Santa Marta,1,0,0,25347,0,0,0,0,0,25347,0,0,0,0
2023-08-03,port1154,Santa Marta,2,1,779,3086,0,0,779,0,0,0,3086,0,0,0
2023-08-04,port1154,Santa Marta,2,1,17633,0,13751,3881,0,0,0,0,0,0,0,0
2023-08-05,port1154,Santa Marta,3,2,1855,5008,0,0,1855,0,0,0,4227,780,0,0
2023-08-06,port1154,Santa Marta,1,1,0,7923,0,0,0,0,0,0,7923,0,0,0
2023-08-07,port1154,Santa Marta,2,1,1501,11036,0,1501,0,0,0,11036,0,0,0,0
2023-08-08,port1154,Santa Marta,2,1,27856,2018,27856,0,0,0,0,0,2018,0,0,0
2023-08-09,port1154,Santa Marta,1,0,0,38055,0,0,0,0,0,38055,0,0,0,0
2023-08-10,port1154,Santa Marta,2,1,11641,776,11641,0,0,0,0,0,776,0,0,0
2023-08-11,port1154,Santa Marta,4,1,30021,2284,29169,852,0,0,0,0,2152,131,0,0
2023-08-12,port1154,Santa Marta,2,1,12079,1524,12079,0,0,0,0,0,1524,0,0,0
2023-08-13,port1154,Santa Marta,1,1,0,11310,0,0,0,0,0,0,11310,0,0,0
2023-08-14,port1154,Santa Marta,2,1,27188,0,26444,744,0,0,0,0,0,0,0,0
2023-08-15,port1154,Santa Marta,1,1,0,1808,0,0,0,0,0,0,1808,0,0,0
2023-08-16,port1154,Santa Marta,1,0,10927,0,10927,0,0,0,0,0,0,0,0,0
2023-08-17,port1154,Santa Marta,3,1,20182,8610,19330,852,0,0,0,6457,2152,0,0,0
2023-08-18,port1154,Santa Marta,1,1,959,0,0,959,0,0,0,0,0,0,0,0
2023-08-19,port1154,Santa Marta,2,2,0,2485,0,0,0,0,0,0,2485,0,0,0
2023-08-20,port1154,Santa Marta,2,0,8482,0,7655,0,827,0,0,0,0,0,0,0
2023-08-21,port1154,Santa Marta,2,1,2220,13507,0,2220,0,0,0,13507,0,0,0,0
2023-08-22,port1154,Santa Marta,2,1,0,7448,0,0,0,0,0,0,2418,5030,0,0
2023-08-23,port1154,Santa Marta,2,0,12544,884,12544,0,0,0,0,0,0,0,884,0
2023-08-24,port1154,Santa Marta,2,1,12409,0,11636,772,0,0,0,0,0,0,0,0
2023-08-25,port1154,Santa Marta,1,1,852,2152,0,852,0,0,0,0,2152,0,0,0
2023-08-26,port1154,Santa Marta,3,2,8521,1075,0,8521,0,0,0,0,0,0,1075,0
2023-08-27,port1154,Santa Marta,3,1,15895,11389,15895,0,0,0,0,6457,4931,0,0,0
2023-08-28,port1154,Santa Marta,3,1,27875,0,23670,2603,0,1602,0,0,0,0,0,0
2023-08-29,port1154,Santa Marta,2,0,29859,4692,29859,0,0,0,0,0,0,4692,0,0
2023-08-30,port1154,Santa Marta,2,1,13857,1808,13857,0,0,0,0,0,1808,0,0,0
2023-08-31,port1154,Santa Marta,1,1,0,776,0,0,0,0,0,0,776,0,0,0
2023-09-01,port1154,Santa Marta,2,1,0,981,0,0,0,0,0,0,981,0,0,0
2023-09-02,port1154,Santa Marta,4,3,7233,7394,6380,852,0,0,0,0,7394,0,0,0
2023-09-03,port1154,Santa Marta,0,0,0,0,0,0,0,0,0,0,0,0,0,0
2023-09-04,port1154,Santa Marta,1,1,0,1106,0,0,0,0,0,0,1106,0,0,0
2023-09-05,port1154,Santa Marta,2,1,33243,2870,33243,0,0,0,0,0,2870,0,0,0
2023-09-06,port1154,Santa Marta,3,1,4451,771,0,0,0,3849,602,0,679,0,0,92
2023-09-07,port1154,Santa Marta,1,1,0,1551,0,0,0,0,0,0,1551,0,0,0
2023-09-08,port1154,Santa Marta,2,1,16242,0,14798,1444,0,0,0,0,0,0,0,0
2023-09-09,port1154,Santa Marta,2,2,0,3384,0,0,0,0,0,0,3384,0,0,0
2023-09-10,port1154,Santa Marta,0,0,0,0,0,0,0,0,0,0,0,0,0,0
2023-09-11,port1154,Santa Marta,3,1,1268,0,0,1114,0,0,154,0,0,0,0,0
2023-09-12,port1154,Santa Marta,2,2,852,3843,0,852,0,0,0,0,3843,0,0,0
2023-09-13,port1154,Santa Marta,0,0,0,0,0,0,0,0,0,0,0,0,0,0
2023-09-14,port1154,Santa Marta,2,1,488,387,0,0,488,0,0,0,387,0,0,0
2023-09-15,port1154,Santa Marta,1,1,2408,0,0,2408,0,0,0,0,0,0,0,0
2023-09-16,port1154,Santa Marta,2,2,852,4706,0,852,0,0,0,0,4706,0,0,0
2023-09-17,port1154,Santa Marta,1,1,0,9812,0,0,0,0,0,0,9812,0,0,0
2023-09-18,port1154,Santa Marta,2,1,4544,0,0,3445,1098,0,0,0,0,0,0,0
2023-09-19,port1154,Santa Marta,0,0,0,0,0,0,0,0,0,0,0,0,0,0
2023-09-20,port1154,Santa Marta,1,1,676,0,0,676,0,0,0,0,0,0,0,0
2023-09-21,port1154,Santa Marta,1,1,0,1547,0,0,0,0,0,0,1547,0,0,0
2023-09-22,port1154,Santa Marta,1,1,0,4109,0,0,0,0,0,0,4109,0,0,0
2023-09-23,port1154,Santa Marta,5,3,3012,11081,0,852,2159,0,0,0,10300,780,0,0
2023-09-24,port1154,Santa Marta,1,0,9954,0,9954,0,0,0,0,0,0,0,0,0
2023-09-25,port1154,Santa Marta,2,1,7914,0,6795,1118,0,0,0,0,0,0,0,0
2023-09-26,port1154,Santa Marta,1,0,356,0,0,0,356,0,0,0,0,0,0,0
2023-09-27,port1154,Santa Marta,1,0,0,0,0,0,0,0,0,0,0,0,0,0
2023-09-28,port1154,Santa Marta,2,1,5309,779,0,0,5309,0,0,0,779,0,0,0
2023-09-29,port1154,Santa Marta,1,1,852,2152,0,852,0,0,0,0,2152,0,0,0
2023-09-30,port1154,Santa Marta,2,2,852,3684,0,852,0,0,0,0,3684,0,0,0
2023-10-01,port1154,Santa Marta,3,1,15895,46635,15895,0,0,0,0,38264,8370,0,0,0
2023-10-02,port1154,Santa Marta,2,2,0,933,0,0,0,0,0,0,933,0,0,0
2023-10-03,port1154,Santa Marta,3,1,0,31814,0,0,0,0,0,26516,605,4692,0,0
2023-10-04,port1154,Santa Marta,0,0,0,0,0,0,0,0,0,0,0,0,0,0
2023-10-05,port1154,Santa Marta,1,1,387,0,0,387,0,0,0,0,0,0,0,0
2023-10-06,port1154,Santa Marta,2,1,36327,2152,35474,852,0,0,0,0,2152,0,0,0
2023-10-07,port1154,Santa Marta,2,2,263,3556,0,263,0,0,0,0,3556,0,0,0
2023-10-08,port1154,Santa Marta,1,0,33620,0,33620,0,0,0,0,0,0,0,0,0
2023-10-09,port1154,Santa Marta,2,1,1492,8125,0,1492,0,0,0,8125,0,0,0,0
2023-10-10,port1154,Santa Marta,1,0,17271,0,17271,0,0,0,0,0,0,0,0,0
2023-10-11,port1154,Santa Marta,1,1,0,3044,0,0,0,0,0,0,3044,0,0,0
2023-10-12,port1154,Santa Marta,2,1,58597,2152,57745,852,0,0,0,0,2152,0,0,0
2023-10-13,port1154,Santa Marta,1,1,479,0,0,479,0,0,0,0,0,0,0,0
2023-10-14,port1154,Santa Marta,3,3,1705,11651,0,1705,0,0,0,0,11651,0,0,0
2023-10-15,port1154,Santa Marta,3,0,50041,549,49439,0,0,0,602,0,0,0,0,549
2023-10-16,port1154,Santa Marta,2,1,18018,2152,17165,852,0,0,0,0,2152,0,0,0
2023-10-17,port1154,Santa Marta,1,1,0,1350,0,0,0,0,0,0,1350,0,0,0
2023-10-18,port1154,Santa Marta,1,0,923,0,0,0,923,0,0,0,0,0,0,0
2023-10-19,port1154,Santa Marta,1,1,0,387,0,0,0,0,0,0,387,0,0,0
2023-10-20,port1154,Santa Marta,2,1,0,59537,0,0,0,0,0,58055,1481,0,0,0
2023-10-21,port1154,Santa Marta,4,3,11609,3107,10743,866,0,0,0,0,3107,0,0,0
2023-10-22,port1154,Santa Marta,1,1,0,6882,0,0,0,0,0,0,6882,0,0,0
2023-10-23,port1154,Santa Marta,3,2,27300,1689,26928,371,0,0,0,0,1689,0,0,0
2023-10-24,port1154,Santa Marta,1,1,1214,0,0,1214,0,0,0,0,0,0,0,0
2023-10-25,port1154,Santa Marta,1,0,0,0,0,0,0,0,0,0,0,0,0,0
2023-10-26,port1154,Santa Marta,1,0,921,0,0,0,921,0,0,0,0,0,0,0
2023-10-27,port1154,Santa Marta,2,2,390,966,0,390,0,0,0,0,966,0,0,0
2023-10-28,port1154,Santa Marta,1,1,0,510,0,0,0,0,0,0,510,0,0,0
2023-10-29,port1154,Santa Marta,3,1,0,14803,0,0,0,0,0,5820,7388,0,1593,0
2023-10-30,port1154,Santa Marta,2,1,2603,0,0,2603,0,0,0,0,0,0,0,0
2023-10-31,port1154,Santa Marta,2,1,0,6446,0,0,0,0,0,0,683,5763,0,0
2023-11-01,port1154,Santa Marta,1,0,9912,0,9912,0,0,0,0,0,0,0,0,0
2023-11-02,port1154,Santa Marta,1,1,852,2152,0,852,0,0,0,0,2152,0,0,0
2023-11-03,port1154,Santa Marta,2,1,762,965,762,0,0,0,0,0,965,0,0,0
2023-11-04,port1154,Santa Marta,3,3,852,6078,0,852,0,0,0,0,6078,0,0,0
2023-11-05,port1154,Santa Marta,0,0,0,0,0,0,0,0,0,0,0,0,0,0
2023-11-06,port1154,Santa Marta,1,1,735,0,0,735,0,0,0,0,0,0,0,0
2023-11-07,port1154,Santa Marta,2,0,0,26243,0,0,0,0,0,22659,0,3584,0,0
2023-11-08,port1154,Santa Marta,1,0,1041,0,1041,0,0,0,0,0,0,0,0,0
2023-11-09,port1154,Santa Marta,1,1,852,2152,0,852,0,0,0,0,2152,0,0,0
2023-11-10,port1154,Santa Marta,1,1,0,484,0,0,0,0,0,0,484,0,0,0
2023-11-11,port1154,Santa Marta,2,2,0,1791,0,0,0,0,0,0,1791,0,0,0
2023-11-12,port1154,Santa Marta,1,1,0,7424,0,0,0,0,0,0,7424,0,0,0
2023-11-13,port1154,Santa Marta,2,1,7800,2152,6947,852,0,0,0,0,2152,0,0,0
2023-11-14,port1154,Santa Marta,2,1,53648,1206,53648,0,0,0,0,0,1206,0,0,0
2023-11-15,port1154,Santa Marta,1,0,0,7431,0,0,0,0,0,0,0,0,7431,0
2023-11-16,port1154,Santa Marta,3,1,0,64772,0,0,0,0,0,53945,389,0,10438,0
2023-11-17,port1154,Santa Marta,2,1,491,2134,0,491,0,0,0,0,0,2134,0,0
2023-11-18,port1154,Santa Marta,2,2,852,3166,0,852,0,0,0,0,3166,0,0,0
2023-11-19,port1154,Santa Marta,2,1,0,8315,0,0,0,0,0,0,8315,0,0,0
2023-11-20,port1154,Santa Marta,1,1,1599,0,0,1599,0,0,0,0,0,0,0,0
2023-11-21,port1154,Santa Marta,1,0,2897,0,2897,0,0,0,0,0,0,0,0,0
2023-11-22,port1154,Santa Marta,2,1,4176,1811,4176,0,0,0,0,0,1811,0,0,0
2023-11-23,port1154,Santa Marta,1,1,852,2152,0,852,0,0,0,0,2152,0,0,0
2023-11-24,port1154,Santa Marta,2,1,58374,3388,58374,0,0,0,0,0,3388,0,0,0
2023-11-25,port1154,Santa Marta,4,3,1495,8070,0,852,0,643,0,0,8070,0,0,0
2023-11-26,port1154,Santa Marta,2,1,1200,11344,0,1200,0,0,0,0,0,11344,0,0
2023-11-27,port1154,Santa Marta,0,0,0,0,0,0,0,0,0,0,0,0,0,0
2023-11-28,port1154,Santa Marta,1,1,672,0,0,672,0,0,0,0,0,0,0,0
2023-11-29,port1154,Santa Marta,2,0,0,36039,0,0,0,0,0,36039,0,0,0,0
2023-11-30,port1154,Santa Marta,1,1,0,389,0,0,0,0,0,0,389,0,0,0
2023-12-01,port1154,Santa Marta,0,0,0,0,0,0,0,0,0,0,0,0,0,0
2023-12-02,port1154,Santa Marta,2,2,0,2016,0,0,0,0,0,0,2016,0,0,0
2023-12-03,port1154,Santa Marta,0,0,0,0,0,0,0,0,0,0,0,0,0,0
2023-12-04,port1154,Santa Marta,1,0,8889,0,8889,0,0,0,0,0,0,0,0,0
2023-12-05,port1154,Santa Marta,3,0,27763,0,27407,0,356,0,0,0,0,0,0,0
2023-12-06,port1154,Santa Marta,3,2,434,5111,0,0,0,0,434,0,5111,0,0,0
2023-12-07,port1154,Santa Marta,2,1,28868,2152,28016,852,0,0,0,0,2152,0,0,0
2023-12-08,port1154,Santa Marta,1,1,0,493,0,0,0,0,0,0,493,0,0,0
2023-12-09,port1154,Santa Marta,4,3,852,13710,0,852,0,0,0,0,13199,0,0,510
2023-12-10,port1154,Santa Marta,3,0,25111,0,23840,0,1270,0,0,0,0,0,0,0
2023-12-11,port1154,Santa Marta,1,1,0,2249,0,0,0,0,0,0,2249,0,0,0
2023-12-12,port1154,Santa Marta,1,1,0,675,0,0,0,0,0,0,675,0,0,0
2023-12-13,port1154,Santa Marta,1,0,0,3589,0,0,0,0,0,0,0,3589,0,0
2023-12-14,port1154,Santa Marta,1,1,0,774,0,0,0,0,0,0,774,0,0,0
2023-12-15,port1154,Santa Marta,2,1,36377,2152,35525,852,0,0,0,0,2152,0,0,0
2023-12-16,port1154,Santa Marta,4,3,1989,12060,0,0,1989,0,0,0,12060,0,0,0
2023-12-17,port1154,Santa Marta,1,0,29662,0,29662,0,0,0,0,0,0,0,0,0
2023-12-18,port1154,Santa Marta,3,1,16211,6828,15895,0,315,0,0,6457,370,0,0,0
2023-12-19,port1154,Santa Marta,0,0,0,0,0,0,0,0,0,0,0,0,0,0
2023-12-20,port1154,Santa Marta,0,0,0,0,0,0,0,0,0,0,0,0,0,0
2023-12-21,port1154,Santa Marta,2,1,56095,2152,55242,852,0,0,0,0,2152,0,0,0
2023-12-22,port1154,Santa Marta,1,0,0,1068,0,0,0,0,0,0,0,1068,0,0
2023-12-23,port1154,Santa Marta,2,1,4159,9823,0,0,4159,0,0,0,9823,0,0,0
2023-12-24,port1154,Santa Marta,0,0,0,0,0,0,0,0,0,0,0,0,0,0
2023-12-25,port1154,Santa Marta,2,1,44963,0,44222,740,0,0,0,0,0,0,0,0
2023-12-26,port1154,Santa Marta,3,1,12202,2699,12202,0,0,0,0,0,605,0,2094,0
2023-12-27,port1154,Santa Marta,1,1,0,1959,0,0,0,0,0,0,1959,0,0,0
2023-12-28,port1154,Santa Marta,2,1,0,1914,0,0,0,0,0,0,1556,357,0,0
2023-12-29,port1154,Santa Marta,2,0,2077,0,0,0,0,2077,0,0,0,0,0,0
2023-12-30,port1154,Santa Marta,4,2,4669,24316,4669,0,0,0,0,0,11150,0,13165,0
2023-12-31,port1154,Santa Marta,0,0,0,0,0,0,0,0,0,0,0,0,0,0
2024-01-01,port1154,Santa Marta,1,1,0,374,0,0,0,0,0,0,374,0,0,0
2024-01-02,port1154,Santa Marta,1,0,18058,0,18058,0,0,0,0,0,0,0,0,0
2024-01-03,port1154,Santa Marta,1,1,0,606,0,0,0,0,0,0,606,0,0,0
2024-01-04,port1154,Santa Marta,1,1,852,2152,0,852,0,0,0,0,2152,0,0,0
2024-01-05,port1154,Santa Marta,2,1,4184,496,0,0,4184,0,0,0,496,0,0,0
2024-01-06,port1154,Santa Marta,3,2,9427,7626,9427,0,0,0,0,0,7626,0,0,0
2024-01-07,port1154,Santa Marta,1,0,0,1127,0,0,0,0,0,0,0,1127,0,0
2024-01-08,port1154,Santa Marta,0,0,0,0,0,0,0,0,0,0,0,0,0,0
2024-01-09,port1154,Santa Marta,0,0,0,0,0,0,0,0,0,0,0,0,0,0
2024-01-10,port1154,Santa Marta,3,1,66608,8610,65755,852,0,0,0,6457,2152,0,0,0
2024-01-11,port1154,Santa Marta,2,1,7224,1945,7224,0,0,0,0,0,1945,0,0,0
2024-01-12,port1154,Santa Marta,4,1,26063,0,20223,5840,0,0,0,0,0,0,0,0
2024-01-13,port1154,Santa Marta,1,0,7060,0,7060,0,0,0,0,0,0,0,0,0
2024-01-14,port1154,Santa Marta,1,1,0,8378,0,0,0,0,0,0,8378,0,0,0
2024-01-15,port1154,Santa Marta,0,0,0,0,0,0,0,0,0,0,0,0,0,0
2024-01-16,port1154,Santa Marta,1,0,0,3602,0,0,0,0,0,0,0,3602,0,0
2024-01-17,port1154,Santa Marta,3,1,50363,606,50363,0,0,0,0,0,606,0,0,0
2024-01-18,port1154,Santa Marta,2,1,852,2152,0,852,0,0,0,0,2152,0,0,0
2024-01-19,port1154,Santa Marta,1,0,0,60034,0,0,0,0,0,60034,0,0,0,0
2024-01-20,port1154,Santa Marta,2,1,0,762,0,0,0,0,0,0,762,0,0,0
2024-01-21,port1154,Santa Marta,2,1,0,6098,0,0,0,0,0,1171,4926,0,0,0
2024-01-22,port1154,Santa Marta,0,0,0,0,0,0,0,0,0,0,0,0,0,0
2024-01-23,port1154,Santa Marta,3,2,852,3500,0,852,0,0,0,0,3500,0,0,0
2024-01-24,port1154,Santa Marta,3,2,0,9476,0,0,0,0,0,0,4082,5393,0,0
2024-01-25,port1154,Santa Marta,1,1,0,3110,0,0,0,0,0,0,3110,0,0,0
2024-01-26,port1154,Santa Marta,0,0,0,0,0,0,0,0,0,0,0,0,0,0
2024-01-27,port1154,Santa Marta,1,1,0,1348,0,0,0,0,0,0,1348,0,0,0
2024-01-28,port1154,Santa Marta,2,1,2332,15122,0,0,0,2332,0,0,10338,0,4783,0
2024-01-29,port1154,Santa Marta,3,0,0,6964,0,0,0,0,0,2795,0,3654,0,514
2024-01-30,port1154,Santa Marta,1,0,7205,0,7205,0,0,0,0,0,0,0,0,0
2024-01-31,port1154,Santa Marta,2,2,1775,337,0,1775,0,0,0,0,337,0,0,0
2024-02-01,port1154,Santa Marta,2,2,2846,2152,0,2846,0,0,0,0,2152,0,0,0
2024-02-02,port1154,Santa Marta,1,1,0,2891,0,0,0,0,0,0,2891,0,0,0
2024-02-03,port1154,Santa Marta,1,0,11096,0,11096,0,0,0,0,0,0,0,0,0
2024-02-04,port1154,Santa Marta,4,1,4542,2954,0,0,4542,0,0,0,2954,0,0,0
2024-02-05,port1154,Santa Marta,1,1,0,673,0,0,0,0,0,0,673,0,0,0
2024-02-06,port1154,Santa Marta,2,1,0,7128,0,0,0,0,0,0,1818,5309,0,0
2024-02-07,port1154,Santa Marta,2,1,0,6531,0,0,0,0,0,0,1082,0,5449,0
2024-02-08,port1154,Santa Marta,4,2,15503,1862,15503,0,0,0,0,0,1862,0,0,0
2024-02-09,port1154,Santa Marta,1,1,0,2421,0,0,0,0,0,0,2421,0,0,0
2024-02-10,port1154,Santa Marta,1,0,33310,0,33310,0,0,0,0,0,0,0,0,0
2024-02-11,port1154,Santa Marta,2,1,0,7497,0,0,0,0,0,0,2950,0,4546,0
2024-02-12,port1154,Santa Marta,2,2,852,3258,0,852,0,0,0,0,3258,0,0,0
2024-02-13,port1154,Santa Marta,4,1,25382,5169,25382,0,0,0,0,0,1213,3955,0,0
2024-02-14,port1154,Santa Marta,3,1,394,25506,0,394,0,0,0,0,337,0,25168,0
2024-02-15,port1154,Santa Marta,3,1,21826,2152,20974,852,0,0,0,0,2152,0,0,0
2024-02-16,port1154,Santa Marta,1,1,0,977,0,0,0,0,0,0,977,0,0,0
2024-02-17,port1154,Santa Marta,2,2,0,3564,0,0,0,0,0,0,3564,0,0,0
2024-02-18,port1154,Santa Marta,1,0,1477,0,0,0,1477,0,0,0,0,0,0,0
2024-02-19,port1154,Santa Marta,4,1,20868,780,15642,275,4950,0,0,0,0,780,0,0
2024-02-20,port1154,Santa Marta,1,0,1075,0,0,0,1075,0,0,0,0,0,0,0
2024-02-21,port1154,Santa Marta,5,3,21471,12877,21471,0,0,0,0,0,5188,0,7689,0
2024-02-22,port1154,Santa Marta,1,0,12717,0,12717,0,0,0,0,0,0,0,0,0
2024-02-23,port1154,Santa Marta,3,2,0,2365,0,0,0,0,0,0,2365,0,0,0
2024-02-24,port1154,Santa Marta,3,2,602,2060,0,0,0,0,602,0,1968,0,0,92
2024-02-25,port1154,Santa Marta,2,0,36627,0,36627,0,0,0,0,0,0,0,0,0
2024-02-26,port1154,Santa Marta,1,1,0,1098,0,0,0,0,0,0,1098,0,0,0
2024-02-27,port1154,Santa Marta,1,1,0,608,0,0,0,0,0,0,608,0,0,0
2024-02-28,port1154,Santa Marta,3,1,16439,10770,15895,544,0,0,0,6457,0,4312,0,0
2024-02-29,port1154,Santa Marta,2,1,852,79383,0,852,0,0,0,77230,2152,0,0,0
2024-03-01,port1154,Santa Marta,4,1,1704,3216,0,852,852,0,0,0,2152,1064,0,0
2024-03-02,port1154,Santa Marta,3,1,5906,11625,0,5906,0,0,0,0,0,0,11625,0
2024-03-03,port1154,Santa Marta,2,1,13792,2483,13792,0,0,0,0,0,2483,0,0,0
2024-03-04,port1154,Santa Marta,2,0,30970,6457,30970,0,0,0,0,6457,0,0,0,0
2024-03-05,port1154,Santa Marta,1,1,852,2152,0,852,0,0,0,0,2152,0,0,0
2024-03-06,port1154,Santa Marta,5,2,3710,4806,0,0,3710,0,0,0,3245,1561,0,0
2024-03-07,port1154,Santa Marta,2,1,0,17376,0,0,0,0,0,16051,1324,0,0,0
2024-03-08,port1154,Santa Marta,1,1,485,0,0,485,0,0,0,0,0,0,0,0
2024-03-09,port1154,Santa Marta,4,1,22214,6457,22214,0,0,0,0,6457,0,0,0,0
2024-03-10,port1154,Santa Marta,2,1,1798,3911,0,0,1798,0,0,0,3911,0,0,0
2024-03-11,port1154,Santa Marta,4,2,2312,0,0,973,417,0,921,0,0,0,0,0
2024-03-12,port1154,Santa Marta,2,1,852,2152,0,852,0,0,0,0,2152,0,0,0
2024-03-13,port1154,Santa Marta,3,1,24548,704,24277,271,0,0,0,0,0,704,0,0
2024-03-14,port1154,Santa Marta,1,1,852,2152,0,852,0,0,0,0,2152,0,0,0
2024-03-15,port1154,Santa Marta,4,1,37499,0,37003,495,0,0,0,0,0,0,0,0
2024-03-16,port1154,Santa Marta,1,1,1624,0,0,1624,0,0,0,0,0,0,0,0
2024-03-17,port1154,Santa Marta,2,1,11377,4960,11377,0,0,0,0,0,4960,0,0,0
2024-03-18,port1154,Santa Marta,0,0,0,0,0,0,0,0,0,0,0,0,0,0
2024-03-19,port1154,Santa Marta,3,1,19106,2152,17896,852,356,0,0,0,2152,0,0,0
2024-03-20,port1154,Santa Marta,4,3,2373,3902,0,2373,0,0,0,0,0,0,3902,0
2024-03-21,port1154,Santa Marta,1,0,0,4945,0,0,0,0,0,0,0,0,4945,0
2024-03-22,port1154,Santa Marta,2,2,0,1302,0,0,0,0,0,0,1302,0,0,0
2024-03-23,port1154,Santa Marta,3,1,15530,7125,0,852,0,14678,0,0,2152,0,0,4972
2024-03-24,port1154,Santa Marta,1,1,0,11303,0,0,0,0,0,0,11303,0,0,0
2024-03-25,port1154,Santa Marta,2,1,0,756,0,0,0,0,0,0,756,0,0,0
2024-03-26,port1154,Santa Marta,3,1,602,1667,0,0,0,0,602,0,1219,356,0,92
2024-03-27,port1154,Santa Marta,3,2,14837,0,13009,1828,0,0,0,0,0,0,0,0
2024-03-28,port1154,Santa Marta,2,0,15895,62932,15895,0,0,0,0,62932,0,0,0,0
2024-03-29,port1154,Santa Marta,2,2,2548,0,0,2548,0,0,0,0,0,0,0,0
2024-03-30,port1154,Santa Marta,1,1,0,9812,0,0,0,0,0,0,9812,0,0,0
2024-03-31,port1154,Santa Marta,3,1,22450,2152,21598,852,0,0,0,0,2152,0,0,0
2024-04-01,port1154,Santa Marta,1,1,0,2671,0,0,0,0,0,0,2671,0,0,0
2024-04-02,port1154,Santa Marta,3,0,4672,9556,4672,0,0,0,0,0,0,5379,4176,0
2024-04-03,port1154,Santa Marta,3,2,4729,5876,0,2237,0,2492,0,0,268,0,5608,0
2024-04-04,port1154,Santa Marta,2,1,53016,330,53016,0,0,0,0,0,330,0,0,0
2024-04-05,port1154,Santa Marta,3,1,0,5164,0,0,0,0,0,3258,488,1417,0,0
2024-04-06,port1154,Santa Marta,4,2,59911,2980,58056,0,1855,0,0,0,2200,780,0,0
2024-04-07,port1154,Santa Marta,0,0,0,0,0,0,0,0,0,0,0,0,0,0
2024-04-08,port1154,Santa Marta,1,0,2929,0,2929,0,0,0,0,0,0,0,0,0
2024-04-09,port1154,Santa Marta,1,0,5726,0,0,0,5726,0,0,0,0,0,0,0
2024-04-10,port1154,Santa Marta,3,1,4145,92,0,1212,2330,0,602,0,0,0,0,92
2024-04-11,port1154,Santa Marta,2,1,11673,389,11673,0,0,0,0,0,389,0,0,0
2024-04-12,port1154,Santa Marta,1,1,0,496,0,0,0,0,0,0,496,0,0,0
2024-04-13,port1154,Santa Marta,2,1,18428,1084,18428,0,0,0,0,0,1084,0,0,0
2024-04-14,port1154,Santa Marta,0,0,0,0,0,0,0,0,0,0,0,0,0,0
2024-04-15,port1154,Santa Marta,2,2,983,2412,0,983,0,0,0,0,2412,0,0,0
2024-04-16,port1154,Santa Marta,3,1,18149,13565,15895,2254,0,0,0,6457,0,0,7107,0
2024-04-17,port1154,Santa Marta,1,1,678,0,0,678,0,0,0,0,0,0,0,0
2024-04-18,port1154,Santa Marta,2,2,0,2919,0,0,0,0,0,0,2919,0,0,0
2024-04-19,port1154,Santa Marta,3,1,16747,19153,15895,852,0,0,0,17000,2152,0,0,0
2024-04-20,port1154,Santa Marta,1,1,0,0,0,0,0,0,0,0,0,0,0,0
2024-04-21,port1154,Santa Marta,1,1,0,5911,0,0,0,0,0,0,5911,0,0,0
2024-04-22,port1154,Santa Marta,2,0,12886,20493,12886,0,0,0,0,0,0,0,20493,0
2024-04-23,port1154,Santa Marta,1,0,729,1751,0,0,729,0,0,0,0,1751,0,0
2024-04-24,port1154,Santa Marta,2,1,15895,8275,15895,0,0,0,0,6457,1817,0,0,0
2024-04-25,port1154,Santa Marta,4,2,0,17047,0,0,0,0,0,0,4903,0,12143,0
2024-04-26,port1154,Santa Marta,2,2,1395,2152,0,1395,0,0,0,0,2152,0,0,0
2024-04-27,port1154,Santa Marta,3,1,36351,20582,36351,0,0,0,0,0,5399,0,15183,0
2024-04-28,port1154,Santa Marta,1,0,7510,0,7510,0,0,0,0,0,0,0,0,0
2024-04-29,port1154,Santa Marta,2,0,36096,3593,36096,0,0,0,0,0,0,3593,0,0
2024-04-30,port1154,Santa Marta,3,1,14554,3120,14554,0,0,0,0,0,2416,704,0,0
2024-05-01,port1154,Santa Marta,0,0,0,0,0,0,0,0,0,0,0,0,0,0
2024-05-02,port1154,Santa Marta,3,1,36416,0,35154,269,991,0,0,0,0,0,0,0
2024-05-03,port1154,Santa Marta,2,2,985,1666,0,985,0,0,0,0,1666,0,0,0
2024-05-04,port1154,Santa Marta,2,1,1305,0,0,0,0,0,1305,0,0,0,0,0
2024-05-05,port1154,Santa Marta,4,1,32566,15875,31790,0,775,0,0,12915,2959,0,0,0
2024-05-06,port1154,Santa Marta,1,0,0,0,0,0,0,0,0,0,0,0,0,0
2024-05-07,port1154,Santa Marta,3,0,55595,3593,54502,0,0,1092,0,0,0,3593,0,0
2024-05-08,port1154,Santa Marta,2,2,3765,0,0,3765,0,0,0,0,0,0,0,0
2024-05-09,port1154,Santa Marta,1,1,368,0,0,368,0,0,0,0,0,0,0,0
2024-05-10,port1154,Santa Marta,2,1,972,3191,0,972,0,0,0,0,0,3191,0,0
2024-05-11,port1154,Santa Marta,3,1,1855,4520,0,0,1855,0,0,0,3739,780,0,0
2024-05-12,port1154,Santa Marta,2,1,23817,490,23817,0,0,0,0,0,490,0,0,0
2024-05-13,port1154,Santa Marta,0,0,0,0,0,0,0,0,0,0,0,0,0,0
2024-05-14,port1154,Santa Marta,2,1,1582,3903,0,852,729,0,0,0,2152,1751,0,0
2024-05-15,port1154,Santa Marta,1,0,15895,6457,15895,0,0,0,0,6457,0,0,0,0
2024-05-16,port1154,Santa Marta,2,2,0,2198,0,0,0,0,0,0,2198,0,0,0
2024-05-17,port1154,Santa Marta,2,1,852,3099,0,852,0,0,0,0,2152,946,0,0
2024-05-18,port1154,Santa Marta,3,1,15895,9079,15895,0,0,0,0,6457,0,0,2621,0
2024-05-19,port1154,Santa Marta,3,2,4590,7795,0,4590,0,0,0,0,7795,0,0,0
2024-05-20,port1154,Santa Marta,2,0,1058,0,0,0,1058,0,0,0,0,0,0,0
2024-05-21,port1154,Santa Marta,2,1,1530,0,0,607,0,0,922,0,0,0,0,0
2024-05-22,port1154,Santa Marta,2,0,15490,0,0,0,15490,0,0,0,0,0,0,0
2024-05-23,port1154,Santa Marta,2,2,272,2215,0,272,0,0,0,0,2215,0,0,0
2024-05-24,port1154,Santa Marta,1,1,482,0,0,482,0,0,0,0,0,0,0,0
2024-05-25,port1154,Santa Marta,2,1,0,17160,0,0,0,0,0,16618,541,0,0,0
2024-05-26,port1154,Santa Marta,1,1,0,2183,0,0,0,0,0,0,2183,0,0,0
2024-05-27,port1154,Santa Marta,1,0,9103,0,9103,0,0,0,0,0,0,0,0,0
2024-05-28,port1154,Santa Marta,3,1,0,5244,0,0,0,0,0,0,2029,3214,0,0
2024-05-29,port1154,Santa Marta,3,0,4363,11142,4363,0,0,0,0,0,0,0,11142,0
2024-05-30,port1154,Santa Marta,2,2,0,1867,0,0,0,0,0,0,1867,0,0,0
2024-05-31,port1154,Santa Marta,1,1,495,0,0,495,0,0,0,0,0,0,0,0
2024-06-01,port1154,Santa Marta,1,1,0,0,0,0,0,0,0,0,0,0,0,0
2024-06-02,port1154,Santa Marta,2,1,2174,5399,0,0,2174,0,0,0,5399,0,0,0
2024-06-03,port1154,Santa Marta,2,0,19056,0,18543,0,0,0,513,0,0,0,0,0
2024-06-04,port1154,Santa Marta,1,0,0,2507,0,0,0,0,0,0,0,2507,0,0
2024-06-05,port1154,Santa Marta,3,1,21495,45846,20888,607,0,0,0,45846,0,0,0,0
2024-06-06,port1154,Santa Marta,2,2,539,2209,0,539,0,0,0,0,2209,0,0,0
2024-06-07,port1154,Santa Marta,1,1,0,483,0,0,0,0,0,0,483,0,0,0
2024-06-08,port1154,Santa Marta,4,2,14728,5407,13889,0,838,0,0,0,5407,0,0,0
2024-06-09,port1154,Santa Marta,0,0,0,0,0,0,0,0,0,0,0,0,0,0
2024-06-10,port1154,Santa Marta,1,0,19332,0,19332,0,0,0,0,0,0,0,0,0
2024-06-11,port1154,Santa Marta,2,0,18356,2859,18356,0,0,0,0,0,0,2859,0,0
2024-06-12,port1154,Santa Marta,1,1,0,608,0,0,0,0,0,0,608,0,0,0
2024-06-13,port1154,Santa Marta,2,1,0,2135,0,0,0,0,0,0,1324,0,810,0
2024-06-14,port1154,Santa Marta,2,1,852,2506,0,852,0,0,0,0,2152,353,0,0
2024-06-15,port1154,Santa Marta,2,1,1442,2152,0,852,589,0,0,0,2152,0,0,0
2024-06-16,port1154,Santa Marta,1,1,0,7385,0,0,0,0,0,0,7385,0,0,0
2024-06-17,port1154,Santa Marta,0,0,0,0,0,0,0,0,0,0,0,0,0,0
2024-06-18,port1154,Santa Marta,2,1,30531,605,30531,0,0,0,0,0,605,0,0,0
2024-06-19,port1154,Santa Marta,1,0,15185,0,15185,0,0,0,0,0,0,0,0,0
2024-06-20,port1154,Santa Marta,1,1,545,0,0,545,0,0,0,0,0,0,0,0
2024-06-21,port1154,Santa Marta,3,2,852,3262,0,852,0,0,0,0,3262,0,0,0
2024-06-22,port1154,Santa Marta,2,2,1936,2152,0,1936,0,0,0,0,2152,0,0,0
2024-06-23,port1154,Santa Marta,2,1,0,13906,0,0,0,0,0,9960,3945,0,0,0
2024-06-24,port1154,Santa Marta,0,0,0,0,0,0,0,0,0,0,0,0,0,0
2024-06-25,port1154,Santa Marta,4,1,5055,59332,0,1169,3885,0,0,59332,0,0,0,0
2024-06-26,port1154,Santa Marta,2,2,1216,0,0,1216,0,0,0,0,0,0,0,0
2024-06-27,port1154,Santa Marta,1,0,16890,0,16890,0,0,0,0,0,0,0,0,0
2024-06-28,port1154,Santa Marta,2,2,852,2485,0,852,0,0,0,0,2485,0,0,0
2024-06-29,port1154,Santa Marta,1,1,0,0,0,0,0,0,0,0,0,0,0,0
2024-06-30,port1154,Santa Marta,1,1,0,10694,0,0,0,0,0,0,10694,0,0,0
2024-07-01,port1154,Santa Marta,1,0,0,0,0,0,0,0,0,0,0,0,0,0
2024-07-02,port1154,Santa Marta,2,1,385,712,0,385,0,0,0,0,0,712,0,0
2024-07-03,port1154,Santa Marta,3,1,15895,7060,15895,0,0,0,0,6457,602,0,0,0
2024-07-04,port1154,Santa Marta,1,1,0,269,0,0,0,0,0,0,269,0,0,0
2024-07-05,port1154,Santa Marta,4,2,8639,3129,7787,852,0,0,0,0,3129,0,0,0
2024-07-06,port1154,Santa Marta,3,1,19841,834,19841,0,0,0,0,0,510,323,0,0
2024-07-07,port1154,Santa Marta,2,1,6145,7632,6145,0,0,0,0,0,7632,0,0,0
2024-07-08,port1154,Santa Marta,2,1,0,677,0,0,0,0,0,0,677,0,0,0
2024-07-09,port1154,Santa Marta,3,0,48600,0,48243,0,356,0,0,0,0,0,0,0
2024-07-10,port1154,Santa Marta,1,0,0,1631,0,0,0,0,0,0,0,1631,0,0
2024-07-11,port1154,Santa Marta,3,2,37076,2847,37076,0,0,0,0,0,2847,0,0,0
2024-07-12,port1154,Santa Marta,2,0,27821,0,26995,0,826,0,0,0,0,0,0,0
2024-07-13,port1154,Santa Marta,2,1,0,153,0,0,0,0,0,0,0,153,0,0
2024-07-14,port1154,Santa Marta,3,2,774,4920,0,774,0,0,0,0,4920,0,0,0
2024-07-15,port1154,Santa Marta,4,0,8204,67032,7577,0,627,0,0,58210,0,0,8821,0
2024-07-16,port1154,Santa Marta,1,0,167,0,167,0,0,0,0,0,0,0,0,0
2024-07-17,port1154,Santa Marta,3,2,852,6359,0,852,0,0,0,0,3145,3214,0,0
2024-07-18,port1154,Santa Marta,2,2,852,2420,0,852,0,0,0,0,2420,0,0,0
2024-07-19,port1154,Santa Marta,4,1,11649,3407,10109,0,0,0,1540,0,1979,1428,0,0
2024-07-20,port1154,Santa Marta,4,1,19133,2550,16782,0,1045,0,1305,0,2550,0,0,0
2024-07-21,port1154,Santa Marta,1,1,0,4392,0,0,0,0,0,0,4392,0,0,0
2024-07-22,port1154,Santa Marta,0,0,0,0,0,0,0,0,0,0,0,0,0,0
2024-07-23,port1154,Santa Marta,1,1,0,1813,0,0,0,0,0,0,1813,0,0,0
2024-07-24,port1154,Santa Marta,0,0,0,0,0,0,0,0,0,0,0,0,0,0
2024-07-25,port1154,Santa Marta,3,2,2151,0,0,2151,0,0,0,0,0,0,0,0
2024-07-26,port1154,Santa Marta,1,1,973,0,0,973,0,0,0,0,0,0,0,0
2024-07-27,port1154,Santa Marta,1,0,0,59024,0,0,0,0,0,59024,0,0,0,0
2024-07-28,port1154,Santa Marta,1,1,0,9334,0,0,0,0,0,0,9334,0,0,0
2024-07-29,port1154,Santa Marta,2,2,6017,0,0,6017,0,0,0,0,0,0,0,0
2024-07-30,port1154,Santa Marta,0,0,0,0,0,0,0,0,0,0,0,0,0,0
2024-07-31,port1154,Santa Marta,1,0,0,2740,0,0,0,0,0,0,0,2740,0,0
2024-08-01,port1154,Santa Marta,2,1,3302,2152,2449,852,0,0,0,0,2152,0,0,0
2024-08-02,port1154,Santa Marta,3,1,29997,7248,29997,0,0,0,0,0,467,0,6781,0
2024-08-03,port1154,Santa Marta,2,1,7698,2041,7698,0,0,0,0,0,2041,0,0,0
2024-08-04,port1154,Santa Marta,1,1,0,7848,0,0,0,0,0,0,7848,0,0,0
2024-08-05,port1154,Santa Marta,2,1,4671,0,2451,2220,0,0,0,0,0,0,0,0
2024-08-06,port1154,Santa Marta,3,1,852,39973,0,852,0,0,0,37464,2152,356,0,0
2024-08-07,port1154,Santa Marta,1,0,0,0,0,0,0,0,0,0,0,0,0,0
2024-08-08,port1154,Santa Marta,2,2,0,4661,0,0,0,0,0,0,4661,0,0,0
2024-08-09,port1154,Santa Marta,1,1,0,1481,0,0,0,0,0,0,1481,0,0,0
2024-08-10,port1154,Santa Marta,4,1,18765,9293,15895,852,2017,0,0,6457,2152,682,0,0
2024-08-11,port1154,Santa Marta,2,1,49964,9393,49964,0,0,0,0,0,9393,0,0,0
2024-08-12,port1154,Santa Marta,1,0,8772,0,8772,0,0,0,0,0,0,0,0,0
2024-08-13,port1154,Santa Marta,1,0,0,4306,0,0,0,0,0,0,0,4306,0,0
2024-08-14,port1154,Santa Marta,1,0,919,0,0,0,919,0,0,0,0,0,0,0
2024-08-15,port1154,Santa Marta,5,3,27587,4305,24871,2245,470,0,0,0,4305,0,0,0
2024-08-16,port1154,Santa Marta,2,1,5724,4380,5724,0,0,0,0,0,4380,0,0,0
2024-08-17,port1154,Santa Marta,1,1,0,3069,0,0,0,0,0,0,3069,0,0,0
2024-08-18,port1154,Santa Marta,3,2,29129,10499,28276,852,0,0,0,0,10499,0,0,0
2024-08-19,port1154,Santa Marta,2,1,20321,0,15402,4919,0,0,0,0,0,0,0,0
2024-08-20,port1154,Santa Marta,3,2,2536,1336,0,681,1855,0,0,0,555,780,0,0
2024-08-21,port1154,Santa Marta,1,0,1028,0,0,0,0,0,1028,0,0,0,0,0
2024-08-22,port1154,Santa Marta,2,1,2298,1140,2298,0,0,0,0,0,1140,0,0,0
2024-08-23,port1154,Santa Marta,2,1,1855,4652,0,0,1855,0,0,0,3871,780,0,0
2024-08-24,port1154,Santa Marta,1,1,6612,0,0,6612,0,0,0,0,0,0,0,0
2024-08-25,port1154,Santa Marta,1,1,0,8200,0,0,0,0,0,0,8200,0,0,0
2024-08-26,port1154,Santa Marta,2,1,53799,2152,52947,852,0,0,0,0,2152,0,0,0
2024-08-27,port1154,Santa Marta,2,1,16747,8610,15895,852,0,0,0,6457,2152,0,0,0
2024-08-28,port1154,Santa Marta,1,1,0,536,0,0,0,0,0,0,536,0,0,0
2024-08-29,port1154,Santa Marta,2,2,852,3369,0,852,0,0,0,0,3369,0,0,0
2024-08-30,port1154,Santa Marta,2,1,930,969,0,0,930,0,0,0,969,0,0,0
2024-08-31,port1154,Santa Marta,2,1,1855,4873,0,0,1855,0,0,0,4093,780,0,0
2024-09-01,port1154,Santa Marta,2,1,0,28774,0,0,0,0,0,26586,2188,0,0,0
2024-09-02,port1154,Santa Marta,1,1,3347,0,0,3347,0,0,0,0,0,0,0,0
2024-09-03,port1154,Santa Marta,1,1,0,2423,0,0,0,0,0,0,2423,0,0,0
2024-09-04,port1154,Santa Marta,1,0,8448,0,8448,0,0,0,0,0,0,0,0,0
2024-09-05,port1154,Santa Marta,2,2,3835,376,0,3835,0,0,0,0,376,0,0,0
2024-09-06,port1154,Santa Marta,1,1,0,2972,0,0,0,0,0,0,2972,0,0,0
2024-09-07,port1154,Santa Marta,1,1,0,0,0,0,0,0,0,0,0,0,0,0
2024-09-08,port1154,Santa Marta,1,1,0,1953,0,0,0,0,0,0,1953,0,0,0
2024-09-09,port1154,Santa Marta,3,2,3813,2286,0,3813,0,0,0,0,2152,133,0,0
2024-09-10,port1154,Santa Marta,0,0,0,0,0,0,0,0,0,0,0,0,0,0
2024-09-11,port1154,Santa Marta,3,1,19632,2429,19632,0,0,0,0,0,2429,0,0,0
2024-09-12,port1154,Santa Marta,3,2,5902,390,0,1487,4415,0,0,0,390,0,0,0
2024-09-13,port1154,Santa Marta,2,1,12899,3907,12899,0,0,0,0,0,3907,0,0,0
2024-09-14,port1154,Santa Marta,1,1,0,5134,0,0,0,0,0,0,5134,0,0,0
2024-09-15,port1154,Santa Marta,3,1,26667,6897,26667,0,0,0,0,0,6897,0,0,0
2024-09-16,port1154,Santa Marta,2,0,954,755,0,0,954,0,0,0,0,755,0,0
2024-09-17,port1154,Santa Marta,1,0,1071,0,0,0,1071,0,0,0,0,0,0,0
2024-09-18,port1154,Santa Marta,2,0,0,513,0,0,0,0,0,0,0,0,0,513
2024-09-19,port1154,Santa Marta,2,2,0,4026,0,0,0,0,0,0,4026,0,0,0
2024-09-20,port1154,Santa Marta,3,1,54483,2055,54483,0,0,0,0,0,1394,0,660,0
2024-09-21,port1154,Santa Marta,0,0,0,0,0,0,0,0,0,0,0,0,0,0
2024-09-22,port1154,Santa Marta,4,2,21022,5428,6107,4550,10364,0,0,0,5428,0,0,0
2024-09-23,port1154,Santa Marta,1,1,852,2152,0,852,0,0,0,0,2152,0,0,0
2024-09-24,port1154,Santa Marta,0,0,0,0,0,0,0,0,0,0,0,0,0,0
2024-09-25,port1154,Santa Marta,1,1,0,3028,0,0,0,0,0,0,3028,0,0,0
2024-09-26,port1154,Santa Marta,2,1,4172,2152,3320,852,0,0,0,0,2152,0,0,0
2024-09-27,port1154,Santa Marta,3,1,0,57545,0,0,0,0,0,53707,981,2856,0,0
2024-09-28,port1154,Santa Marta,2,1,328,4093,0,0,328,0,0,0,4093,0,0,0
2024-09-29,port1154,Santa Marta,3,2,16747,15045,15895,852,0,0,0,6457,8587,0,0,0
2024-09-30,port1154,Santa Marta,2,1,1492,0,0,1492,0,0,0,0,0,0,0,0
2024-10-01,port1154,Santa Marta,1,0,15895,6457,15895,0,0,0,0,6457,0,0,0,0
2024-10-02,port1154,Santa Marta,3,2,22019,8578,22019,0,0,0,0,0,8578,0,0,0
2024-10-03,port1154,Santa Marta,2,0,1972,0,1972,0,0,0,0,0,0,0,0,0
2024-10-04,port1154,Santa Marta,2,2,0,6542,0,0,0,0,0,0,6542,0,0,0
2024-10-05,port1154,Santa Marta,1,1,852,2152,0,852,0,0,0,0,2152,0,0,0
2024-10-06,port1154,Santa Marta,2,1,14911,8382,0,0,0,14911,0,0,8382,0,0,0
2024-10-07,port1154,Santa Marta,3,0,11554,35521,10384,0,0,0,1169,35521,0,0,0,0
2024-10-08,port1154,Santa Marta,3,2,3184,7536,0,852,0,2332,0,0,2752,0,4783,0
2024-10-09,port1154,Santa Marta,1,1,2207,0,0,2207,0,0,0,0,0,0,0,0
2024-10-10,port1154,Santa Marta,3,1,0,13751,0,0,0,0,0,0,3138,10613,0,0
2024-10-11,port1154,Santa Marta,0,0,0,0,0,0,0,0,0,0,0,0,0,0
2024-10-12,port1154,Santa Marta,3,1,0,15302,0,0,0,0,0,0,2049,7323,5929,0
2024-10-13,port1154,Santa Marta,4,2,3638,17191,0,3638,0,0,0,10239,5810,1141,0,0
2024-10-14,port1154,Santa Marta,2,1,14529,560,14529,0,0,0,0,0,560,0,0,0
2024-10-15,port1154,Santa Marta,2,1,729,3551,0,0,729,0,0,0,1800,1751,0,0
2024-10-16,port1154,Santa Marta,1,0,57371,0,57371,0,0,0,0,0,0,0,0,0
2024-10-17,port1154,Santa Marta,3,1,0,6085,0,0,0,0,0,0,1505,4579,0,0
2024-10-18,port1154,Santa Marta,1,1,0,3851,0,0,0,0,0,0,3851,0,0,0
2024-10-19,port1154,Santa Marta,1,1,852,2152,0,852,0,0,0,0,2152,0,0,0
2024-10-20,port1154,Santa Marta,4,2,0,4566,0,0,0,0,0,0,3630,936,0,0
2024-10-21,port1154,Santa Marta,4,1,57482,38826,51199,4428,1855,0,0,38046,0,780,0,0
2024-10-22,port1154,Santa Marta,3,1,1582,4851,0,852,729,0,0,0,2152,1751,947,0
2024-10-23,port1154,Santa Marta,2,1,852,2847,0,852,0,0,0,0,2152,694,0,0
2024-10-24,port1154,Santa Marta,1,1,789,0,0,789,0,0,0,0,0,0,0,0
2024-10-25,port1154,Santa Marta,2,1,3184,6936,0,852,0,2332,0,0,2152,0,4783,0
2024-10-26,port1154,Santa Marta,2,0,15895,6457,15895,0,0,0,0,6457,0,0,0,0
2024-10-27,port1154,Santa Marta,2,2,22619,5416,0,22619,0,0,0,0,5416,0,0,0
2024-10-28,port1154,Santa Marta,4,1,86659,13771,86659,0,0,0,0,0,13771,0,0,0
2024-10-29,port1154,Santa Marta,0,0,0,0,0,0,0,0,0,0,0,0,0,0
2024-10-30,port1154,Santa Marta,3,1,230,1512,0,0,230,0,0,0,1512,0,0,0
2024-10-31,port1154,Santa Marta,2,2,3323,378,0,3323,0,0,0,0,378,0,0,0
2024-11-01,port1154,Santa Marta,3,1,985,18933,0,985,0,0,0,15385,0,3548,0,0
2024-11-02,port1154,Santa Marta,1,0,24300,0,24300,0,0,0,0,0,0,0,0,0
2024-11-03,port1154,Santa Marta,1,0,0,0,0,0,0,0,0,0,0,0,0,0
2024-11-04,port1154,Santa Marta,0,0,0,0,0,0,0,0,0,0,0,0,0,0
2024-11-05,port1154,Santa Marta,2,2,1462,2152,0,1462,0,0,0,0,2152,0,0,0
2024-11-06,port1154,Santa Marta,2,1,0,10756,0,0,0,0,0,0,10294,461,0,0
2024-11-07,port1154,Santa Marta,4,1,6473,2733,6309,0,164,0,0,0,2733,0,0,0
2024-11-08,port1154,Santa Marta,2,1,464,359,0,464,0,0,0,0,0,359,0,0
2024-11-09,port1154,Santa Marta,2,2,0,11881,0,0,0,0,0,0,11881,0,0,0
2024-11-10,port1154,Santa Marta,1,1,10147,0,0,10147,0,0,0,0,0,0,0,0
2024-11-11,port1154,Santa Marta,2,0,56199,17169,56199,0,0,0,0,17169,0,0,0,0
2024-11-12,port1154,Santa Marta,2,0,18717,0,1111,0,0,17605,0,0,0,0,0,0
2024-11-13,port1154,Santa Marta,3,0,1171,1303,0,0,0,0,1171,0,0,1303,0,0
2024-11-14,port1154,Santa Marta,3,3,4558,4036,0,4558,0,0,0,0,4036,0,0,0
2024-11-15,port1154,Santa Marta,1,1,0,489,0,0,0,0,0,0,489,0,0,0
2024-11-16,port1154,Santa Marta,3,0,1855,35258,0,0,1855,0,0,34478,0,780,0,0
2024-11-17,port1154,Santa Marta,2,2,0,15801,0,0,0,0,0,0,15801,0,0,0
2024-11-18,port1154,Santa Marta,0,0,0,0,0,0,0,0,0,0,0,0,0,0
2024-11-19,port1154,Santa Marta,4,1,1619,10965,0,852,767,0,0,3411,2152,5400,0,0
2024-11-20,port1154,Santa Marta,1,1,852,2152,0,852,0,0,0,0,2152,0,0,0
2024-11-21,port1154,Santa Marta,2,0,15895,13473,15895,0,0,0,0,6457,0,7015,0,0
2024-11-22,port1154,Santa Marta,2,2,852,2943,0,852,0,0,0,0,2943,0,0,0
2024-11-23,port1154,Santa Marta,2,1,15895,7993,15895,0,0,0,0,6457,1535,0,0,0
2024-11-24,port1154,Santa Marta,2,1,14408,17254,0,0,0,14408,0,0,17254,0,0,0
2024-11-25,port1154,Santa Marta,1,0,16876,0,16876,0,0,0,0,0,0,0,0,0
2024-11-26,port1154,Santa Marta,2,0,28955,0,28955,0,0,0,0,0,0,0,0,0
2024-11-27,port1154,Santa Marta,3,1,607,8450,0,607,0,0,0,0,0,5989,2461,0
2024-11-28,port1154,Santa Marta,1,0,0,35329,0,0,0,0,0,35329,0,0,0,0
2024-11-29,port1154,Santa Marta,1,1,0,984,0,0,0,0,0,0,984,0,0,0
2024-11-30,port1154,Santa Marta,3,2,852,3573,0,852,0,0,0,0,2152,1421,0,0
2024-12-01,port1154,Santa Marta,2,1,1027,4327,0,0,0,0,1027,0,4327,0,0,0
2024-12-02,port1154,Santa Marta,2,1,36349,0,35607,741,0,0,0,0,0,0,0,0
2024-12-03,port1154,Santa Marta,2,0,36456,0,36456,0,0,0,0,0,0,0,0,0
2024-12-04,port1154,Santa Marta,3,1,852,5631,0,852,0,0,0,0,2152,690,2788,0
2024-12-05,port1154,Santa Marta,2,0,20775,92,20173,0,0,0,602,0,0,0,0,92
2024-12-06,port1154,Santa Marta,3,1,729,2928,0,0,729,0,0,0,1177,1751,0,0
2024-12-07,port1154,Santa Marta,2,1,3184,6936,0,852,0,2332,0,0,2152,0,4783,0
2024-12-08,port1154,Santa Marta,1,1,0,3285,0,0,0,0,0,0,3285,0,0,0
2024-12-09,port1154,Santa Marta,0,0,0,0,0,0,0,0,0,0,0,0,0,0
2024-12-10,port1154,Santa Marta,2,0,18799,617,18799,0,0,0,0,0,0,617,0,0
2024-12-11,port1154,Santa Marta,1,1,852,2152,0,852,0,0,0,0,2152,0,0,0
2024-12-12,port1154,Santa Marta,2,2,852,3633,0,852,0,0,0,0,3633,0,0,0
2024-12-13,port1154,Santa Marta,2,1,5633,0,0,0,0,5633,0,0,0,0,0,0
2024-12-14,port1154,Santa Marta,1,0,0,0,0,0,0,0,0,0,0,0,0,0
2024-12-15,port1154,Santa Marta,1,1,3863,0,0,3863,0,0,0,0,0,0,0,0
2024-12-16,port1154,Santa Marta,3,2,2232,16045,0,2232,0,0,0,0,11985,0,4060,0
2024-12-17,port1154,Santa Marta,1,0,0,16741,0,0,0,0,0,0,0,16741,0,0
2024-12-18,port1154,Santa Marta,2,2,0,4612,0,0,0,0,0,0,4612,0,0,0
2024-12-19,port1154,Santa Marta,4,2,16747,16819,15895,852,0,0,0,6457,5692,4668,0,0
2024-12-20,port1154,Santa Marta,4,1,10671,1764,4672,0,1855,4144,0,0,984,780,0,0
2024-12-21,port1154,Santa Marta,1,1,0,2556,0,0,0,0,0,0,2556,0,0,0
2024-12-22,port1154,Santa Marta,1,1,0,5422,0,0,0,0,0,0,5422,0,0,0
2024-12-23,port1154,Santa Marta,1,1,0,391,0,0,0,0,0,0,391,0,0,0
2024-12-24,port1154,Santa Marta,0,0,0,0,0,0,0,0,0,0,0,0,0,0
2024-12-25,port1154,Santa Marta,2,1,0,3902,0,0,0,0,0,0,674,3228,0,0
2024-12-26,port1154,Santa Marta,2,0,4143,4562,4143,0,0,0,0,0,0,4562,0,0
2024-12-27,port1154,Santa Marta,2,0,0,1871,0,0,0,0,0,0,0,1871,0,0
2024-12-28,port1154,Santa Marta,1,1,0,0,0,0,0,0,0,0,0,0,0,0
2024-12-29,port1154,Santa Marta,1,1,0,987,0,0,0,0,0,0,987,0,0,0
2024-12-30,port1154,Santa Marta,1,1,0,381,0,0,0,0,0,0,381,0,0,0
2024-12-31,port1154,Santa Marta,2,2,0,6760,0,0,0,0,0,0,6760,0,0,0
2025-01-01,port1154,Santa Marta,2,0,1855,780,0,0,1855,0,0,0,0,780,0,0
2025-01-02,port1154,Santa Marta,2,0,41573,0,41573,0,0,0,0,0,0,0,0,0
2025-01-03,port1154,Santa Marta,2,1,3999,2152,0,852,0,3146,0,0,2152,0,0,0
2025-01-04,port1154,Santa Marta,1,1,852,2152,0,852,0,0,0,0,2152,0,0,0
2025-01-05,port1154,Santa Marta,1,1,0,490,0,0,0,0,0,0,490,0,0,0
2025-01-06,port1154,Santa Marta,2,0,602,92,0,0,0,0,602,0,0,0,0,92
2025-01-07,port1154,Santa Marta,4,1,5821,517,4102,772,946,0,0,0,0,0,517,0
2025-01-08,port1154,Santa Marta,3,2,52866,2914,52866,0,0,0,0,0,2914,0,0,0
2025-01-09,port1154,Santa Marta,3,1,1855,4078,0,0,1855,0,0,1427,1871,780,0,0
2025-01-10,port1154,Santa Marta,2,1,1953,691,0,1953,0,0,0,0,0,691,0,0
2025-01-11,port1154,Santa Marta,2,2,7621,2152,0,7621,0,0,0,0,2152,0,0,0
2025-01-12,port1154,Santa Marta,3,1,7735,30504,0,0,7735,0,0,12256,18247,0,0,0
2025-01-13,port1154,Santa Marta,2,0,16900,0,16900,0,0,0,0,0,0,0,0,0
2025-01-14,port1154,Santa Marta,2,1,0,9161,0,0,0,0,0,6740,2421,0,0,0
2025-01-15,port1154,Santa Marta,2,0,135,49448,0,0,135,0,0,49448,0,0,0,0
2025-01-16,port1154,Santa Marta,2,1,50529,4312,50529,0,0,0,0,0,4312,0,0,0
2025-01-17,port1154,Santa Marta,2,1,6398,494,6398,0,0,0,0,0,494,0,0,0
2025-01-18,port1154,Santa Marta,3,2,1855,3198,0,0,1855,0,0,0,2417,780,0,0
2025-01-19,port1154,Santa Marta,1,1,0,5839,0,0,0,0,0,0,5839,0,0,0
2025-01-20,port1154,Santa Marta,1,0,20387,0,20387,0,0,0,0,0,0,0,0,0
2025-01-21,port1154,Santa Marta,3,2,17248,3553,17248,0,0,0,0,0,3553,0,0,0
2025-01-22,port1154,Santa Marta,1,0,1229,0,0,0,0,1229,0,0,0,0,0,0
2025-01-23,port1154,Santa Marta,1,0,56301,0,56301,0,0,0,0,0,0,0,0,0
2025-01-24,port1154,Santa Marta,1,1,0,0,0,0,0,0,0,0,0,0,0,0
2025-01-25,port1154,Santa Marta,1,1,0,4919,0,0,0,0,0,0,4919,0,0,0
2025-01-26,port1154,Santa Marta,1,1,0,2190,0,0,0,0,0,0,2190,0,0,0
2025-01-27,port1154,Santa Marta,2,1,852,2992,0,852,0,0,0,0,2152,0,839,0
2025-01-28,port1154,Santa Marta,0,0,0,0,0,0,0,0,0,0,0,0,0,0
2025-01-29,port1154,Santa Marta,4,1,29216,1518,0,0,14369,14847,0,0,610,907,0,0
2025-01-30,port1154,Santa Marta,1,0,1305,0,0,0,0,0,1305,0,0,0,0,0
2025-01-31,port1154,Santa Marta,2,1,602,1625,0,0,0,0,602,0,1533,0,0,92
2025-02-01,port1154,Santa Marta,1,1,852,2152,0,852,0,0,0,0,2152,0,0,0
2025-02-02,port1154,Santa Marta,1,1,1101,0,0,1101,0,0,0,0,0,0,0,0
2025-02-03,port1154,Santa Marta,1,1,852,2152,0,852,0,0,0,0,2152,0,0,0
2025-02-04,port1154,Santa Marta,1,1,0,5803,0,0,0,0,0,0,5803,0,0,0
2025-02-05,port1154,Santa Marta,3,1,16841,8836,15895,0,946,0,0,6457,2378,0,0,0
2025-02-06,port1154,Santa Marta,1,1,0,1362,0,0,0,0,0,0,1362,0,0,0
2025-02-07,port1154,Santa Marta,2,1,1855,1285,0,0,1855,0,0,0,505,780,0,0
2025-02-08,port1154,Santa Marta,3,1,20740,2279,20608,0,132,0,0,0,2279,0,0,0
2025-02-09,port1154,Santa Marta,1,1,0,3957,0,0,0,0,0,0,3957,0,0,0
2025-02-10,port1154,Santa Marta,4,2,6780,60942,0,6628,152,0,0,58790,2152,0,0,0
2025-02-11,port1154,Santa Marta,0,0,0,0,0,0,0,0,0,0,0,0,0,0
2025-02-12,port1154,Santa Marta,2,2,2426,2023,0,2426,0,0,0,0,2023,0,0,0
2025-02-13,port1154,Santa Marta,0,0,0,0,0,0,0,0,0,0,0,0,0,0
2025-02-14,port1154,Santa Marta,2,1,25141,2152,24289,852,0,0,0,0,2152,0,0,0
2025-02-15,port1154,Santa Marta,3,2,7047,335,0,1354,5692,0,0,0,335,0,0,0
2025-02-16,port1154,Santa Marta,2,1,6358,2971,6358,0,0,0,0,0,2971,0,0,0
2025-02-17,port1154,Santa Marta,2,2,3974,2152,0,3974,0,0,0,0,2152,0,0,0
2025-02-18,port1154,Santa Marta,1,0,29362,0,29362,0,0,0,0,0,0,0,0,0
2025-02-19,port1154,Santa Marta,2,1,38119,1826,38119,0,0,0,0,0,1826,0,0,0
2025-02-20,port1154,Santa Marta,2,1,1059,2666,0,0,1059,0,0,0,2666,0,0,0
2025-02-21,port1154,Santa Marta,2,1,20029,2152,19176,852,0,0,0,0,2152,0,0,0
2025-02-22,port1154,Santa Marta,2,1,2332,11279,0,0,0,2332,0,0,6495,0,4783,0
2025-02-23,port1154,Santa Marta,3,1,5560,20075,5560,0,0,0,0,0,4931,0,15144,0
2025-02-24,port1154,Santa Marta,2,1,2223,15730,0,2223,0,0,0,0,0,15730,0,0
2025-02-25,port1154,Santa Marta,3,1,23083,2152,21661,852,569,0,0,0,2152,0,0,0
2025-02-26,port1154,Santa Marta,3,1,15439,1835,15439,0,0,0,0,0,1835,0,0,0
2025-02-27,port1154,Santa Marta,0,0,0,0,0,0,0,0,0,0,0,0,0,0
2025-02-28,port1154,Santa Marta,4,2,481,68138,0,481,0,0,0,53465,2733,0,11939,0
2025-03-01,port1154,Santa Marta,2,1,4750,2152,3897,852,0,0,0,0,2152,0,0,0
2025-03-02,port1154,Santa Marta,2,1,25702,7892,25702,0,0,0,0,0,7892,0,0,0
2025-03-03,port1154,Santa Marta,2,1,8688,0,4982,3706,0,0,0,0,0,0,0,0
2025-03-04,port1154,Santa Marta,1,1,852,2152,0,852,0,0,0,0,2152,0,0,0
2025-03-05,port1154,Santa Marta,1,1,0,8784,0,0,0,0,0,0,8784,0,0,0
2025-03-06,port1154,Santa Marta,4,0,2395,46798,0,0,2395,0,0,38437,0,6400,1960,0
2025-03-07,port1154,Santa Marta,0,0,0,0,0,0,0,0,0,0,0,0,0,0
2025-03-08,port1154,Santa Marta,3,1,22315,4817,22315,0,0,0,0,0,4172,644,0,0
2025-03-09,port1154,Santa Marta,3,2,30504,486,30235,269,0,0,0,0,486,0,0,0
2025-03-10,port1154,Santa Marta,2,1,1695,370,0,0,1695,0,0,0,370,0,0,0
2025-03-11,port1154,Santa Marta,1,1,852,2152,0,852,0,0,0,0,2152,0,0,0
2025-03-12,port1154,Santa Marta,2,1,20683,2434,20683,0,0,0,0,0,2434,0,0,0
2025-03-13,port1154,Santa Marta,4,1,602,20008,0,0,0,0,602,0,1183,0,18733,92
2025-03-14,port1154,Santa Marta,2,2,346,1492,0,346,0,0,0,0,1492,0,0,0
2025-03-15,port1154,Santa Marta,2,1,0,18897,0,0,0,0,0,0,5134,0,13762,0
2025-03-16,port1154,Santa Marta,2,1,15895,15760,15895,0,0,0,0,6457,9302,0,0,0
2025-03-17,port1154,Santa Marta,2,1,33747,0,33378,368,0,0,0,0,0,0,0,0
2025-03-18,port1154,Santa Marta,2,1,575,12254,0,575,0,0,0,12254,0,0,0,0
2025-03-19,port1154,Santa Marta,0,0,0,0,0,0,0,0,0,0,0,0,0,0
2025-03-20,port1154,Santa Marta,3,1,56653,3381,56653,0,0,0,0,0,3381,0,0,0
2025-03-21,port1154,Santa Marta,1,1,489,0,0,489,0,0,0,0,0,0,0,0
2025-03-22,port1154,Santa Marta,5,2,17753,53240,16900,852,0,0,0,51087,2152,0,0,0
2025-03-23,port1154,Santa Marta,1,1,0,5359,0,0,0,0,0,0,5359,0,0,0
2025-03-24,port1154,Santa Marta,2,1,227,2028,0,0,227,0,0,0,2028,0,0,0
2025-03-25,port1154,Santa Marta,2,0,32551,23759,32551,0,0,0,0,23759,0,0,0,0
2025-03-26,port1154,Santa Marta,2,1,54096,0,53490,606,0,0,0,0,0,0,0,0
2025-03-27,port1154,Santa Marta,0,0,0,0,0,0,0,0,0,0,0,0,0,0
2025-03-28,port1154,Santa Marta,3,2,40949,3468,40949,0,0,0,0,0,3468,0,0,0
2025-03-29,port1154,Santa Marta,2,1,33880,5617,33880,0,0,0,0,0,5617,0,0,0
2025-03-30,port1154,Santa Marta,2,0,21009,9781,21009,0,0,0,0,0,0,0,9781,0
2025-03-31,port1154,Santa Marta,1,1,852,2152,0,852,0,0,0,0,2152,0,0,0
2025-04-01,port1154,Santa Marta,2,1,7029,0,5919,1109,0,0,0,0,0,0,0,0
2025-04-02,port1154,Santa Marta,3,1,34824,0,29915,489,0,4419,0,0,0,0,0,0
2025-04-03,port1154,Santa Marta,1,1,0,1826,0,0,0,0,0,0,1826,0,0,0
2025-04-04,port1154,Santa Marta,2,2,0,2377,0,0,0,0,0,0,2377,0,0,0
2025-04-05,port1154,Santa Marta,2,1,45557,0,45557,0,0,0,0,0,0,0,0,0
2025-04-06,port1154,Santa Marta,1,1,0,5333,0,0,0,0,0,0,5333,0,0,0
2025-04-07,port1154,Santa Marta,3,0,12013,13241,0,0,12013,0,0,0,0,327,12913,0
2025-04-08,port1154,Santa Marta,2,1,1855,3019,0,0,1855,0,0,0,2238,780,0,0
2025-04-09,port1154,Santa Marta,1,1,0,5490,0,0,0,0,0,0,5490,0,0,0
2025-04-10,port1154,Santa Marta,3,1,352,7799,0,0,352,0,0,0,5063,2736,0,0
2025-04-11,port1154,Santa Marta,1,1,3469,0,0,3469,0,0,0,0,0,0,0,0
2025-04-12,port1154,Santa Marta,4,1,25059,10045,25059,0,0,0,0,6457,3587,0,0,0
2025-04-13,port1154,Santa Marta,1,1,0,5461,0,0,0,0,0,0,5461,0,0,0
2025-04-14,port1154,Santa Marta,2,1,6691,1130,0,0,6691,0,0,0,1130,0,0,0
2025-04-15,port1154,Santa Marta,1,1,852,2152,0,852,0,0,0,0,2152,0,0,0
2025-04-16,port1154,Santa Marta,2,1,0,10288,0,0,0,0,0,0,4735,0,5552,0
2025-04-17,port1154,Santa Marta,1,1,0,3786,0,0,0,0,0,0,3786,0,0,0
2025-04-18,port1154,Santa Marta,4,1,37764,459,37764,0,0,0,0,0,459,0,0,0
2025-04-19,port1154,Santa Marta,1,1,0,0,0,0,0,0,0,0,0,0,0,0
2025-04-20,port1154,Santa Marta,2,1,8772,13294,8772,0,0,0,0,0,13294,0,0,0
2025-04-21,port1154,Santa Marta,3,2,852,3007,0,852,0,0,0,0,2525,482,0,0
2025-04-22,port1154,Santa Marta,1,0,602,92,0,0,0,0,602,0,0,0,0,92
2025-04-23,port1154,Santa Marta,3,1,17084,2152,16232,852,0,0,0,0,2152,0,0,0
2025-04-24,port1154,Santa Marta,1,1,0,2718,0,0,0,0,0,0,2718,0,0,0
2025-04-25,port1154,Santa Marta,1,1,2915,0,0,2915,0,0,0,0,0,0,0,0
2025-04-26,port1154,Santa Marta,3,2,0,29792,0,0,0,0,0,0,7342,0,22450,0
2025-04-27,port1154,Santa Marta,1,0,1855,780,0,0,1855,0,0,0,0,780,0,0
2025-04-28,port1154,Santa Marta,2,1,17465,367,17465,0,0,0,0,0,367,0,0,0
2025-04-29,port1154,Santa Marta,3,1,12627,6691,0,852,0,11774,0,0,2152,4538,0,0
2025-04-30,port1154,Santa Marta,2,1,54534,1353,54534,0,0,0,0,0,1353,0,0,0
2025-05-01,port1154,Santa Marta,2,1,13274,4127,0,0,0,13274,0,0,4127,0,0,0
2025-05-02,port1154,Santa Marta,2,1,852,2152,0,852,0,0,0,0,2152,0,0,0
2025-05-03,port1154,Santa Marta,3,2,55322,3294,55322,0,0,0,0,0,3294,0,0,0
2025-05-04,port1154,Santa Marta,1,0,377,0,0,0,377,0,0,0,0,0,0,0
2025-05-05,port1154,Santa Marta,4,1,34021,17326,33168,852,0,0,0,0,2152,0,15173,0
2025-05-06,port1154,Santa Marta,0,0,0,0,0,0,0,0,0,0,0,0,0,0
2025-05-07,port1154,Santa Marta,1,1,0,1215,0,0,0,0,0,0,1215,0,0,0
2025-05-08,port1154,Santa Marta,2,1,18600,3122,18600,0,0,0,0,0,3122,0,0,0
2025-05-09,port1154,Santa Marta,3,2,16419,971,0,538,15881,0,0,0,971,0,0,0
2025-05-10,port1154,Santa Marta,0,0,0,0,0,0,0,0,0,0,0,0,0,0
2025-05-11,port1154,Santa Marta,1,0,0,0,0,0,0,0,0,0,0,0,0,0
2025-05-12,port1154,Santa Marta,2,2,1115,5503,0,1115,0,0,0,0,5503,0,0,0
2025-05-13,port1154,Santa Marta,1,0,29362,0,29362,0,0,0,0,0,0,0,0,0
2025-05-14,port1154,Santa Marta,4,2,2707,4146,0,852,1855,0,0,0,3366,780,0,0
2025-05-15,port1154,Santa Marta,4,1,3712,19785,3712,0,0,0,0,0,3723,6093,9968,0
2025-05-16,port1154,Santa Marta,2,1,2771,970,0,0,0,0,2771,0,970,0,0,0
2025-05-17,port1154,Santa Marta,3,1,20342,2029,20342,0,0,0,0,0,0,2029,0,0
2025-05-18,port1154,Santa Marta,0,0,0,0,0,0,0,0,0,0,0,0,0,0
2025-05-19,port1154,Santa Marta,3,2,22819,4305,21113,1705,0,0,0,0,4305,0,0,0
2025-05-20,port1154,Santa Marta,2,2,610,9865,0,610,0,0,0,0,9865,0,0,0
2025-05-21,port1154,Santa Marta,1,0,4487,0,4487,0,0,0,0,0,0,0,0,0
2025-05-22,port1154,Santa Marta,2,1,4162,390,0,0,4162,0,0,0,390,0,0,0
2025-05-23,port1154,Santa Marta,2,1,9662,992,9662,0,0,0,0,0,992,0,0,0
2025-05-24,port1154,Santa Marta,2,1,0,1614,0,0,0,0,0,0,1614,0,0,0
2025-05-25,port1154,Santa Marta,2,1,6260,6784,6260,0,0,0,0,0,6784,0,0,0
2025-05-26,port1154,Santa Marta,3,2,19178,1356,18805,373,0,0,0,0,1356,0,0,0
2025-05-27,port1154,Santa Marta,3,1,1016,2152,0,852,163,0,0,0,2152,0,0,0
2025-05-28,port1154,Santa Marta,1,0,0,1503,0,0,0,0,0,0,0,1503,0,0
2025-05-29,port1154,Santa Marta,2,1,0,1125,0,0,0,0,0,0,1125,0,0,0
2025-05-30,port1154,Santa Marta,2,1,5696,1984,0,0,5696,0,0,0,1984,0,0,0
2025-05-31,port1154,Santa Marta,3,1,648,1690,0,0,648,0,0,0,0,1690,0,0
2025-06-01,port1154,Santa Marta,1,1,0,8389,0,0,0,0,0,0,8389,0,0,0
2025-06-02,port1154,Santa Marta,1,1,0,369,0,0,0,0,0,0,369,0,0,0
2025-06-03,port1154,Santa Marta,0,0,0,0,0,0,0,0,0,0,0,0,0,0
2025-06-04,port1154,Santa Marta,2,1,0,39462,0,0,0,0,0,0,1828,0,37634,0
2025-06-05,port1154,Santa Marta,3,1,1085,2152,0,852,233,0,0,0,2152,0,0,0
2025-06-06,port1154,Santa Marta,1,1,852,2152,0,852,0,0,0,0,2152,0,0,0
2025-06-07,port1154,Santa Marta,4,2,68267,9000,68267,0,0,0,0,0,9000,0,0,0
2025-06-08,port1154,Santa Marta,2,0,14346,0,14346,0,0,0,0,0,0,0,0,0
2025-06-09,port1154,Santa Marta,1,1,1841,0,0,1841,0,0,0,0,0,0,0,0
2025-06-10,port1154,Santa Marta,2,1,1099,0,0,1099,0,0,0,0,0,0,0,0
2025-06-11,port1154,Santa Marta,2,0,19391,0,0,0,18362,0,1029,0,0,0,0,0
2025-06-12,port1154,Santa Marta,2,2,672,2630,0,672,0,0,0,0,2630,0,0,0
2025-06-13,port1154,Santa Marta,2,1,2411,15434,0,2411,0,0,0,15434,0,0,0,0
2025-06-14,port1154,Santa Marta,3,2,2823,1146,0,2823,0,0,0,0,0,1146,0,0
2025-06-15,port1154,Santa Marta,3,1,0,63044,0,0,0,0,0,55266,7778,0,0,0
2025-06-16,port1154,Santa Marta,3,2,1957,2152,0,1957,0,0,0,0,2152,0,0,0
2025-06-17,port1154,Santa Marta,1,1,0,1212,0,0,0,0,0,0,1212,0,0,0
2025-06-18,port1154,Santa Marta,3,0,7052,16507,7052,0,0,0,0,0,0,0,16507,0
2025-06-19,port1154,Santa Marta,3,1,15106,776,15106,0,0,0,0,0,776,0,0,0
2025-06-20,port1154,Santa Marta,2,1,2348,780,0,493,1855,0,0,0,0,780,0,0
2025-06-21,port1154,Santa Marta,3,1,0,49563,0,0,0,0,0,29101,1617,0,18844,0
2025-06-22,port1154,Santa Marta,3,1,28109,8619,28109,0,0,0,0,0,7672,0,947,0
2025-06-23,port1154,Santa Marta,2,1,18468,6457,15895,2573,0,0,0,6457,0,0,0,0
2025-06-24,port1154,Santa Marta,1,1,602,0,0,602,0,0,0,0,0,0,0,0
2025-06-25,port1154,Santa Marta,2,1,132,2882,0,0,132,0,0,0,2882,0,0,0
2025-06-26,port1154,Santa Marta,1,1,0,1116,0,0,0,0,0,0,1116,0,0,0
2025-06-27,port1154,Santa Marta,3,1,61605,0,61117,487,0,0,0,0,0,0,0,0
2025-06-28,port1154,Santa Marta,2,1,15895,6457,15895,0,0,0,0,6457,0,0,0,0
2025-06-29,port1154,Santa Marta,1,1,0,5999,0,0,0,0,0,0,5999,0,0,0
2025-06-30,port1154,Santa Marta,1,1,852,2152,0,852,0,0,0,0,2152,0,0,0
2025-07-01,port1154,Santa Marta,3,2,1705,19037,0,1705,0,0,0,0,4305,14731,0,0
2025-07-02,port1154,Santa Marta,2,1,0,818,0,0,0,0,0,0,818,0,0,0
2025-07-03,port1154,Santa Marta,5,1,20042,21403,17709,0,0,2332,0,15064,1554,0,4783,0
2025-07-04,port1154,Santa Marta,3,1,20662,0,19207,1454,0,0,0,0,0,0,0,0
2025-07-05,port1154,Santa Marta,2,1,649,0,0,515,134,0,0,0,0,0,0,0
2025-07-06,port1154,Santa Marta,0,0,0,0,0,0,0,0,0,0,0,0,0,0
2025-07-07,port1154,Santa Marta,4,2,3335,14480,0,1480,1855,0,0,0,1355,780,12344,0
2025-07-08,port1154,Santa Marta,1,1,852,2152,0,852,0,0,0,0,2152,0,0,0
2025-07-09,port1154,Santa Marta,1,1,0,1449,0,0,0,0,0,0,1449,0,0,0
2025-07-10,port1154,Santa Marta,1,1,0,372,0,0,0,0,0,0,372,0,0,0
2025-07-11,port1154,Santa Marta,1,1,495,0,0,495,0,0,0,0,0,0,0,0
2025-07-12,port1154,Santa Marta,2,1,0,526,0,0,0,0,0,526,0,0,0,0
2025-07-13,port1154,Santa Marta,3,2,4887,10772,4887,0,0,0,0,0,10772,0,0,0
2025-07-14,port1154,Santa Marta,2,2,1592,2152,0,1592,0,0,0,0,2152,0,0,0
2025-07-15,port1154,Santa Marta,3,2,1354,55303,0,1354,0,0,0,54361,942,0,0,0
2025-07-16,port1154,Santa Marta,5,1,75027,19404,57740,852,16434,0,0,0,2152,157,17093,0
2025-07-17,port1154,Santa Marta,1,1,0,3926,0,0,0,0,0,0,3926,0,0,0
2025-07-18,port1154,Santa Marta,1,1,0,987,0,0,0,0,0,0,987,0,0,0
2025-07-19,port1154,Santa Marta,3,2,796,6695,0,796,0,0,0,0,6695,0,0,0
2025-07-20,port1154,Santa Marta,1,0,0,310,0,0,0,0,0,0,0,310,0,0
2025-07-21,port1154,Santa Marta,4,2,34920,6573,34550,369,0,0,0,6457,115,0,0,0
2025-07-22,port1154,Santa Marta,2,1,17089,0,15746,1343,0,0,0,0,0,0,0,0
2025-07-23,port1154,Santa Marta,2,1,0,818,0,0,0,0,0,0,818,0,0,0
2025-07-24,port1154,Santa Marta,4,1,35434,2265,30141,0,1855,3437,0,0,1485,780,0,0
2025-07-25,port1154,Santa Marta,2,1,13428,1234,0,796,0,12631,0,0,1234,0,0,0
2025-07-26,port1154,Santa Marta,2,1,0,14577,0,0,0,0,0,0,0,0,14577,0
2025-07-27,port1154,Santa Marta,1,1,0,13779,0,0,0,0,0,0,13779,0,0,0
2025-07-28,port1154,Santa Marta,2,1,0,1264,0,0,0,0,0,0,1108,156,0,0
2025-07-29,port1154,Santa Marta,2,2,1531,2152,0,1531,0,0,0,0,2152,0,0,0
2025-07-30,port1154,Santa Marta,1,1,0,730,0,0,0,0,0,0,730,0,0,0
2025-07-31,port1154,Santa Marta,3,1,1548,0,0,1548,0,0,0,0,0,0,0,0
2025-08-01,port1154,Santa Marta,3,1,22300,3695,20445,0,1855,0,0,0,2915,780,0,0
2025-08-02,port1154,Santa Marta,1,1,796,1234,0,796,0,0,0,0,1234,0,0,0
2025-08-03,port1154,Santa Marta,2,1,5879,8209,5879,0,0,0,0,0,8209,0,0,0
2025-08-04,port1154,Santa Marta,3,2,56840,2152,54875,1965,0,0,0,0,2152,0,0,0
2025-08-05,port1154,Santa Marta,2,1,0,3050,0,0,0,0,0,0,3050,0,0,0
2025-08-06,port1154,Santa Marta,2,1,796,1234,0,796,0,0,0,0,1234,0,0,0
2025-08-07,port1154,Santa Marta,1,1,852,2152,0,852,0,0,0,0,2152,0,0,0
2025-08-08,port1154,Santa Marta,2,1,10434,496,10434,0,0,0,0,0,496,0,0,0
2025-08-09,port1154,Santa Marta,1,1,0,0,0,0,0,0,0,0,0,0,0,0
2025-08-10,port1154,Santa Marta,2,1,0,9311,0,0,0,0,0,0,9311,0,0,0
2025-08-11,port1154,Santa Marta,3,1,50256,33038,49884,371,0,0,0,33038,0,0,0,0
2025-08-12,port1154,Santa Marta,1,1,0,1813,0,0,0,0,0,0,1813,0,0,0
2025-08-13,port1154,Santa Marta,3,1,9876,3411,9876,0,0,0,0,2598,813,0,0,0
2025-08-14,port1154,Santa Marta,2,1,59747,2152,58894,852,0,0,0,0,2152,0,0,0
2025-08-15,port1154,Santa Marta,2,1,1425,0,455,970,0,0,0,0,0,0,0,0
2025-08-16,port1154,Santa Marta,3,1,66169,1234,65372,796,0,0,0,0,1234,0,0,0
2025-08-17,port1154,Santa Marta,2,1,1088,5011,1088,0,0,0,0,0,5011,0,0,0
2025-08-18,port1154,Santa Marta,3,2,5987,2893,0,852,0,5134,0,0,2893,0,0,0
2025-08-19,port1154,Santa Marta,1,1,0,2718,0,0,0,0,0,0,2718,0,0,0
2025-08-20,port1154,Santa Marta,3,1,14990,1817,14990,0,0,0,0,0,1817,0,0,0
2025-08-21,port1154,Santa Marta,2,1,5011,2152,0,852,4159,0,0,0,2152,0,0,0
2025-08-22,port1154,Santa Marta,3,1,25937,0,25449,487,0,0,0,0,0,0,0,0
2025-08-23,port1154,Santa Marta,3,1,23941,780,22085,0,1855,0,0,0,0,780,0,0
2025-08-24,port1154,Santa Marta,2,1,482,6892,482,0,0,0,0,0,6892,0,0,0
2025-08-25,port1154,Santa Marta,3,2,9980,4305,8275,1705,0,0,0,0,4305,0,0,0
2025-08-26,port1154,Santa Marta,1,1,609,0,0,609,0,0,0,0,0,0,0,0
2025-08-27,port1154,Santa Marta,2,0,15798,3647,0,0,0,15798,0,0,0,3647,0,0
2025-08-28,port1154,Santa Marta,3,1,12360,387,11118,0,1242,0,0,0,387,0,0,0
2025-08-29,port1154,Santa Marta,1,1,493,0,0,493,0,0,0,0,0,0,0,0
2025-08-30,port1154,Santa Marta,3,1,45046,1234,44249,796,0,0,0,0,1234,0,0,0
2025-08-31,port1154,Santa Marta,1,1,0,3896,0,0,0,0,0,0,3896,0,0,0
2025-09-01,port1154,Santa Marta,4,2,20493,2523,19507,852,133,0,0,0,2523,0,0,0
2025-09-02,port1154,Santa Marta,0,0,0,0,0,0,0,0,0,0,0,0,0,0
2025-09-03,port1154,Santa Marta,3,2,2332,9786,0,0,0,2332,0,0,5002,0,4783,0
2025-09-04,port1154,Santa Marta,2,1,32134,1122,32134,0,0,0,0,0,1122,0,0,0
2025-09-05,port1154,Santa Marta,1,1,989,0,0,989,0,0,0,0,0,0,0,0
2025-09-06,port1154,Santa Marta,4,2,3900,2152,0,852,3047,0,0,0,2152,0,0,0
2025-09-07,port1154,Santa Marta,2,1,20138,7410,20138,0,0,0,0,0,7410,0,0,0
2025-09-08,port1154,Santa Marta,2,2,0,4187,0,0,0,0,0,0,4187,0,0,0
2025-09-09,port1154,Santa Marta,4,1,2614,7038,0,0,0,0,2614,0,4239,0,2799,0
2025-09-10,port1154,Santa Marta,2,1,0,10162,0,0,0,0,0,8715,1447,0,0,0
2025-09-11,port1154,Santa Marta,4,1,16102,776,13850,0,0,559,1692,0,776,0,0,0
2025-09-12,port1154,Santa Marta,2,1,0,457,0,0,0,0,0,0,457,0,0,0
2025-09-13,port1154,Santa Marta,3,2,56841,13446,56841,0,0,0,0,0,13446,0,0,0
2025-09-14,port1154,Santa Marta,1,0,0,0,0,0,0,0,0,0,0,0,0,0
2025-09-15,port1154,Santa Marta,3,2,16747,10087,15895,852,0,0,0,6457,3629,0,0,0
2025-09-16,port1154,Santa Marta,1,1,0,1212,0,0,0,0,0,0,1212,0,0,0
2025-09-17,port1154,Santa Marta,3,1,3937,2152,0,852,3085,0,0,0,2152,0,0,0
2025-09-18,port1154,Santa Marta,3,1,10374,2612,10374,0,0,0,0,0,2612,0,0,0
2025-09-19,port1154,Santa Marta,2,1,0,3072,0,0,0,0,0,0,1452,0,1620,0
2025-09-20,port1154,Santa Marta,4,2,17332,973,17332,0,0,0,0,0,973,0,0,0
2025-09-21,port1154,Santa Marta,0,0,0,0,0,0,0,0,0,0,0,0,0,0
2025-09-22,port1154,Santa Marta,1,1,0,1486,0,0,0,0,0,0,1486,0,0,0
2025-09-23,port1154,Santa Marta,3,3,1354,1059,0,1354,0,0,0,0,1059,0,0,0
2025-09-24,port1154,Santa Marta,3,1,50051,3262,50051,0,0,0,0,0,3262,0,0,0
2025-09-25,port1154,Santa Marta,1,1,3537,0,0,3537,0,0,0,0,0,0,0,0
2025-09-26,port1154,Santa Marta,3,2,3761,3969,0,3761,0,0,0,0,1477,2491,0,0
2025-09-27,port1154,Santa Marta,1,0,0,0,0,0,0,0,0,0,0,0,0,0
2025-09-28,port1154,Santa Marta,0,0,0,0,0,0,0,0,0,0,0,0,0,0
2025-09-29,port1154,Santa Marta,2,2,0,5844,0,0,0,0,0,0,5844,0,0,0
2025-09-30,port1154,Santa Marta,0,0,0,0,0,0,0,0,0,0,0,0,0,0
2025-10-01,port1154,Santa Marta,5,2,6473,7116,0,676,5796,0,0,0,4379,2736,0,0
2025-10-02,port1154,Santa Marta,1,1,0,373,0,0,0,0,0,0,373,0,0,0
2025-10-03,port1154,Santa Marta,2,1,21269,2152,20416,852,0,0,0,0,2152,0,0,0
2025-10-04,port1154,Santa Marta,4,1,19777,0,19020,0,757,0,0,0,0,0,0,0
2025-10-05,port1154,Santa Marta,1,0,26410,0,26410,0,0,0,0,0,0,0,0,0
2025-10-06,port1154,Santa Marta,3,2,2341,6924,0,0,0,2341,0,0,6924,0,0,0
2025-10-07,port1154,Santa Marta,0,0,0,0,0,0,0,0,0,0,0,0,0,0
2025-10-08,port1154,Santa Marta,2,2,609,4795,0,609,0,0,0,0,4795,0,0,0
2025-10-09,port1154,Santa Marta,3,1,27436,6457,27049,386,0,0,0,6457,0,0,0,0
2025-10-10,port1154,Santa Marta,2,1,9346,0,7887,1458,0,0,0,0,0,0,0,0
2025-10-11,port1154,Santa Marta,3,1,0,8525,0,0,0,0,0,0,4316,0,4209,0
2025-10-12,port1154,Santa Marta,1,0,3724,0,0,0,0,0,3724,0,0,0,0,0
2025-10-13,port1154,Santa Marta,2,1,852,2152,0,852,0,0,0,0,2152,0,0,0
2025-10-14,port1154,Santa Marta,3,2,15895,15599,15895,0,0,0,0,6457,9141,0,0,0
2025-10-15,port1154,Santa Marta,3,1,0,58674,0,0,0,0,0,56976,1246,451,0,0
2025-10-16,port1154,Santa Marta,2,1,11473,0,11099,373,0,0,0,0,0,0,0,0
2025-10-17,port1154,Santa Marta,2,1,1855,2705,0,0,1855,0,0,0,1924,780,0,0
2025-10-18,port1154,Santa Marta,3,1,2332,6358,0,0,0,2332,0,0,0,1574,4783,0
2025-10-19,port1154,Santa Marta,1,0,0,12420,0,0,0,0,0,0,0,12420,0,0
2025-10-20,port1154,Santa Marta,4,2,985,3281,0,852,132,0,0,0,3281,0,0,0
2025-10-21,port1154,Santa Marta,2,0,36383,0,36383,0,0,0,0,0,0,0,0,0
2025-10-22,port1154,Santa Marta,4,2,18856,4391,17165,852,0,0,838,0,4391,0,0,0
2025-10-23,port1154,Santa Marta,1,1,852,2152,0,852,0,0,0,0,2152,0,0,0
2025-10-24,port1154,Santa Marta,2,1,990,0,0,990,0,0,0,0,0,0,0,0
2025-10-25,port1154,Santa Marta,2,1,25517,1074,25517,0,0,0,0,0,1074,0,0,0
2025-10-26,port1154,Santa Marta,1,0,0,0,0,0,0,0,0,0,0,0,0,0
2025-10-27,port1154,Santa Marta,5,3,60400,1694,56284,4116,0,0,0,0,1694,0,0,0
2025-10-28,port1154,Santa Marta,1,1,0,1214,0,0,0,0,0,0,1214,0,0,0
2025-10-29,port1154,Santa Marta,2,1,4880,2078,4880,0,0,0,0,0,2078,0,0,0
2025-10-30,port1154,Santa Marta,1,1,0,742,0,0,0,0,0,0,742,0,0,0
2025-10-31,port1154,Santa Marta,2,1,0,4366,0,0,0,0,0,0,455,3910,0,0
2025-11-01,port1154,Santa Marta,2,1,0,758,0,0,0,0,0,0,0,0,758,0
2025-11-02,port1154,Santa Marta,1,0,57213,0,57213,0,0,0,0,0,0,0,0,0
2025-11-03,port1154,Santa Marta,2,2,0,4311,0,0,0,0,0,0,4311,0,0,0
2025-11-04,port1154,Santa Marta,1,1,0,2429,0,0,0,0,0,0,2429,0,0,0
2025-11-05,port1154,Santa Marta,1,0,3133,0,3133,0,0,0,0,0,0,0,0,0
2025-11-06,port1154,Santa Marta,2,1,0,7482,0,0,0,0,0,0,774,6708,0,0
2025-11-07,port1154,Santa Marta,3,1,17176,1234,0,796,10526,5852,0,0,1234,0,0,0
2025-11-08,port1154,Santa Marta,1,0,8184,0,8184,0,0,0,0,0,0,0,0,0
2025-11-09,port1154,Santa Marta,2,0,1855,780,0,0,1855,0,0,0,0,780,0,0
2025-11-10,port1154,Santa Marta,4,2,59316,5442,58512,368,0,0,435,0,5442,0,0,0
2025-11-11,port1154,Santa Marta,1,1,675,0,0,675,0,0,0,0,0,0,0,0
2025-11-12,port1154,Santa Marta,2,1,0,47739,0,0,0,0,0,45537,2202,0,0,0
2025-11-13,port1154,Santa Marta,1,1,852,2152,0,852,0,0,0,0,2152,0,0,0
2025-11-14,port1154,Santa Marta,1,1,0,0,0,0,0,0,0,0,0,0,0,0
2025-11-15,port1154,Santa Marta,3,1,11068,490,11068,0,0,0,0,0,490,0,0,0
2025-11-16,port1154,Santa Marta,0,0,0,0,0,0,0,0,0,0,0,0,0,0
2025-11-17,port1154,Santa Marta,3,3,1565,4749,0,1565,0,0,0,0,4749,0,0,0
2025-11-18,port1154,Santa Marta,5,1,36230,31979,34906,852,471,0,0,29020,2152,805,0,0
2025-11-19,port1154,Santa Marta,1,1,0,2735,0,0,0,0,0,0,2735,0,0,0
2025-11-20,port1154,Santa Marta,1,1,0,1939,0,0,0,0,0,0,1939,0,0,0
2025-11-21,port1154,Santa Marta,2,1,15895,6997,15895,0,0,0,0,6457,539,0,0,0
2025-11-22,port1154,Santa Marta,1,0,814,0,0,0,814,0,0,0,0,0,0,0
2025-11-23,port1154,Santa Marta,2,0,40395,0,33764,0,6630,0,0,0,0,0,0,0
2025-11-24,port1154,Santa Marta,2,2,538,4579,0,538,0,0,0,0,4579,0,0,0
2025-11-25,port1154,Santa Marta,2,1,10571,2707,10571,0,0,0,0,0,2707,0,0,0
2025-11-26,port1154,Santa Marta,3,1,20030,1636,14408,0,5622,0,0,0,1636,0,0,0
2025-11-27,port1154,Santa Marta,4,1,62451,2152,58020,852,3579,0,0,0,2152,0,0,0
2025-11-28,port1154,Santa Marta,2,1,15895,9838,15895,0,0,0,0,6457,3380,0,0,0
2025-11-29,port1154,Santa Marta,3,1,56115,188,56115,0,0,0,0,0,0,188,0,0
2025-11-30,port1154,Santa Marta,0,0,0,0,0,0,0,0,0,0,0,0,0,0
2025-12-01,port1154,Santa Marta,2,2,2379,6718,0,2379,0,0,0,0,6718,0,0,0
2025-12-02,port1154,Santa Marta,2,1,15717,1824,15717,0,0,0,0,0,1824,0,0,0
2025-12-03,port1154,Santa Marta,2,1,0,4534,0,0,0,0,0,0,1103,0,3430,0
2025-12-04,port1154,Santa Marta,1,1,852,2152,0,852,0,0,0,0,2152,0,0,0
2025-12-05,port1154,Santa Marta,3,1,29513,1751,28245,539,729,0,0,0,0,1751,0,0
2025-12-06,port1154,Santa Marta,1,1,0,15486,0,0,0,0,0,0,15486,0,0,0
2025-12-07,port1154,Santa Marta,0,0,0,0,0,0,0,0,0,0,0,0,0,0
2025-12-08,port1154,Santa Marta,3,2,0,3770,0,0,0,0,0,0,3088,682,0,0
2025-12-09,port1154,Santa Marta,3,0,9851,843,9851,0,0,0,0,0,0,843,0,0
2025-12-10,port1154,Santa Marta,2,2,1209,1386,0,1209,0,0,0,0,1386,0,0,0
2025-12-11,port1154,Santa Marta,5,1,28696,369,23522,0,1526,3646,0,0,369,0,0,0
2025-12-12,port1154,Santa Marta,1,1,989,0,0,989,0,0,0,0,0,0,0,0
2025-12-13,port1154,Santa Marta,2,1,15895,6457,15895,0,0,0,0,6457,0,0,0,0
2025-12-14,port1154,Santa Marta,1,0,0,28385,0,0,0,0,0,28385,0,0,0,0
2025-12-15,port1154,Santa Marta,3,2,1715,12873,0,1715,0,0,0,0,8902,0,3970,0
2025-12-16,port1154,Santa Marta,2,1,605,6352,0,605,0,0,0,6352,0,0,0,0
2025-12-17,port1154,Santa Marta,4,1,87040,8610,86187,852,0,0,0,6457,2152,0,0,0
2025-12-18,port1154,Santa Marta,1,1,852,2152,0,852,0,0,0,0,2152,0,0,0
2025-12-19,port1154,Santa Marta,2,1,7104,0,4821,2283,0,0,0,0,0,0,0,0
2025-12-20,port1154,Santa Marta,1,1,0,1072,0,0,0,0,0,0,1072,0,0,0
2025-12-21,port1154,Santa Marta,3,1,23285,1651,21131,0,0,2153,0,0,1651,0,0,0
2025-12-22,port1154,Santa Marta,2,2,1650,2152,0,1650,0,0,0,0,2152,0,0,0
2025-12-23,port1154,Santa Marta,1,0,1384,0,0,0,1384,0,0,0,0,0,0,0
2025-12-24,port1154,Santa Marta,3,2,6438,2562,0,3360,3078,0,0,0,2562,0,0,0
2025-12-25,port1154,Santa Marta,0,0,0,0,0,0,0,0,0,0,0,0,0,0
2025-12-26,port1154,Santa Marta,3,2,21759,0,21389,370,0,0,0,0,0,0,0,0
2025-12-27,port1154,Santa Marta,3,0,9982,0,8967,0,1015,0,0,0,0,0,0,0
2025-12-28,port1154,Santa Marta,0,0,0,0,0,0,0,0,0,0,0,0,0,0
2025-12-29,port1154,Santa Marta,1,1,852,2152,0,852,0,0,0,0,2152,0,0,0
2025-12-30,port1154,Santa Marta,1,1,1476,0,0,1476,0,0,0,0,0,0,0,0
2025-12-31,port1154,Santa Marta,2,2,2005,1234,0,2005,0,0,0,0,1234,0,0,0
2026-01-01,port1154,Santa Marta,4,2,27805,7768,23274,4531,0,0,0,0,0,0,7768,0
2026-01-02,port1154,Santa Marta,1,1,4301,0,0,4301,0,0,0,0,0,0,0,0
2026-01-03,port1154,Santa Marta,0,0,0,0,0,0,0,0,0,0,0,0,0,0
2026-01-04,port1154,Santa Marta,0,0,0,0,0,0,0,0,0,0,0,0,0,0
2026-01-05,port1154,Santa Marta,4,2,1116,2152,0,1116,0,0,0,0,2152,0,0,0
2026-01-06,port1154,Santa Marta,3,1,68487,672,68487,0,0,0,0,0,672,0,0,0
2026-01-07,port1154,Santa Marta,3,1,1799,2152,0,852,946,0,0,0,2152,0,0,0
2026-01-08,port1154,Santa Marta,1,1,852,2152,0,852,0,0,0,0,2152,0,0,0
2026-01-09,port1154,Santa Marta,2,0,35473,4585,35473,0,0,0,0,0,0,0,4585,0
2026-01-10,port1154,Santa Marta,1,1,0,0,0,0,0,0,0,0,0,0,0,0
2026-01-11,port1154,Santa Marta,3,2,28740,335,26994,1745,0,0,0,0,335,0,0,0
2026-01-12,port1154,Santa Marta,2,2,2823,13603,0,2823,0,0,0,0,13603,0,0,0
2026-01-13,port1154,Santa Marta,2,1,1689,287,0,0,1689,0,0,0,287,0,0,0
2026-01-14,port1154,Santa Marta,1,0,602,92,0,0,0,0,602,0,0,0,0,92
2026-01-15,port1154,Santa Marta,3,1,852,17008,0,852,0,0,0,11815,2152,3040,0,0
2026-01-16,port1154,Santa Marta,0,0,0,0,0,0,0,0,0,0,0,0,0,0
2026-01-17,port1154,Santa Marta,2,1,52300,0,48008,4291,0,0,0,0,0,0,0,0
2026-01-18,port1154,Santa Marta,0,0,0,0,0,0,0,0,0,0,0,0,0,0
2026-01-19,port1154,Santa Marta,2,2,0,3594,0,0,0,0,0,0,3594,0,0,0
2026-01-20,port1154,Santa Marta,2,0,25958,0,25958,0,0,0,0,0,0,0,0,0
2026-01-21,port1154,Santa Marta,3,1,5325,2167,0,0,1855,3470,0,0,1386,780,0,0
2026-01-22,port1154,Santa Marta,1,0,51274,0,51274,0,0,0,0,0,0,0,0,0
2026-01-23,port1154,Santa Marta,1,1,0,801,0,0,0,0,0,0,801,0,0,0
2026-01-24,port1154,Santa Marta,2,1,4523,0,0,0,0,4523,0,0,0,0,0,0
2026-01-25,port1154,Santa Marta,0,0,0,0,0,0,0,0,0,0,0,0,0,0
2026-01-26,port1154,Santa Marta,2,1,55739,8690,55739,0,0,0,0,0,8690,0,0,0
2026-01-27,port1154,Santa Marta,1,0,0,0,0,0,0,0,0,0,0,0,0,0
2026-01-28,port1154,Santa Marta,1,1,852,2152,0,852,0,0,0,0,2152,0,0,0
2026-01-29,port1154,Santa Marta,4,2,3206,19998,3206,0,0,0,0,0,7262,0,12736,0
2026-01-30,port1154,Santa Marta,1,1,0,536,0,0,0,0,0,0,536,0,0,0
2026-01-31,port1154,Santa Marta,1,0,0,0,0,0,0,0,0,0,0,0,0,0
2026-02-01,port1154,Santa Marta,0,0,0,0,0,0,0,0,0,0,0,0,0,0
2026-02-02,port1154,Santa Marta,1,1,638,0,0,638,0,0,0,0,0,0,0,0
2026-02-03,port1154,Santa Marta,0,0,0,0,0,0,0,0,0,0,0,0,0,0
2026-02-04,port1154,Santa Marta,1,1,852,2152,0,852,0,0,0,0,2152,0,0,0
2026-02-05,port1154,Santa Marta,4,1,31450,4869,30967,0,483,0,0,0,4869,0,0,0
2026-02-06,port1154,Santa Marta,1,1,746,0,0,746,0,0,0,0,0,0,0,0
2026-02-07,port1154,Santa Marta,1,1,0,0,0,0,0,0,0,0,0,0,0,0
2026-02-08,port1154,Santa Marta,2,1,4479,0,0,2823,0,1656,0,0,0,0,0,0
2026-02-09,port1154,Santa Marta,3,1,2778,27436,0,852,0,0,1925,25283,2152,0,0,0
2026-02-10,port1154,Santa Marta,2,1,17038,76847,0,17038,0,0,0,76847,0,0,0,0
2026-02-11,port1154,Santa Marta,1,1,0,686,0,0,0,0,0,0,686,0,0,0
2026-02-12,port1154,Santa Marta,2,2,852,2944,0,852,0,0,0,0,2944,0,0,0
2026-02-13,port1154,Santa Marta,2,0,28038,780,26183,0,1855,0,0,0,0,780,0,0
2026-02-14,port1154,Santa Marta,2,1,3226,1078,0,3226,0,0,0,0,0,1078,0,0
2026-02-15,port1154,Santa Marta,2,0,43656,0,43656,0,0,0,0,0,0,0,0,0
2026-02-16,port1154,Santa Marta,3,0,55893,0,55753,0,139,0,0,0,0,0,0,0
2026-02-17,port1154,Santa Marta,2,2,0,7947,0,0,0,0,0,0,7947,0,0,0
2026-02-18,port1154,Santa Marta,3,2,852,5874,0,852,0,0,0,0,5874,0,0,0
2026-02-19,port1154,Santa Marta,1,1,371,0,0,371,0,0,0,0,0,0,0,0
2026-02-20,port1154,Santa Marta,3,0,15895,6457,15895,0,0,0,0,6457,0,0,0,0
2026-02-21,port1154,Santa Marta,3,2,9786,0,8589,1197,0,0,0,0,0,0,0,0
2026-02-22,port1154,Santa Marta,2,1,16160,6457,15895,265,0,0,0,6457,0,0,0,0
2026-02-23,port1154,Santa Marta,3,2,18873,2152,18020,852,0,0,0,0,2152,0,0,0
2026-02-24,port1154,Santa Marta,3,2,852,68654,0,852,0,0,0,60834,7820,0,0,0
2026-02-25,port1154,Santa Marta,0,0,0,0,0,0,0,0,0,0,0,0,0,0
2026-02-26,port1154,Santa Marta,3,2,3451,0,0,2100,1351,0,0,0,0,0,0,0
2026-02-27,port1154,Santa Marta,2,1,741,1056,0,0,741,0,0,0,1056,0,0,0
2026-02-28,port1154,Santa Marta,2,1,42773,0,40618,2155,0,0,0,0,0,0,0,0
2026-03-01,port1154,Santa Marta,1,0,0,946,0,0,0,0,0,0,0,946,0,0
2026-03-02,port1154,Santa Marta,1,0,0,12093,0,0,0,0,0,0,0,0,12093,0
2026-03-03,port1154,Santa Marta,3,1,852,41013,0,852,0,0,0,38860,2152,0,0,0
2026-03-04,port1154,Santa Marta,4,3,1660,4431,0,1660,0,0,0,0,4210,221,0,0
2026-03-05,port1154,Santa Marta,0,0,0,0,0,0,0,0,0,0,0,0,0,0
2026-03-06,port1154,Santa Marta,0,0,0,0,0,0,0,0,0,0,0,0,0,0
2026-03-07,port1154,Santa Marta,4,1,62363,6943,62363,0,0,0,0,0,0,0,6943,0
2026-03-08,port1154,Santa Marta,3,0,14419,780,0,0,14419,0,0,0,0,780,0,0
2026-03-09,port1154,Santa Marta,1,1,852,2152,0,852,0,0,0,0,2152,0,0,0
2026-03-10,port1154,Santa Marta,1,0,0,0,0,0,0,0,0,0,0,0,0,0
2026-03-11,port1154,Santa Marta,5,3,17522,7641,14976,1171,1374,0,0,0,7641,0,0,0
2026-03-12,port1154,Santa Marta,3,1,27148,0,26369,778,0,0,0,0,0,0,0,0
2026-03-13,port1154,Santa Marta,0,0,0,0,0,0,0,0,0,0,0,0,0,0
2026-03-14,port1154,Santa Marta,3,1,157,4847,0,0,157,0,0,0,539,0,4307,0
2026-03-15,port1154,Santa Marta,0,0,0,0,0,0,0,0,0,0,0,0,0,0
2026-03-16,port1154,Santa Marta,2,1,4936,2058,0,0,0,4936,0,0,2058,0,0,0
2026-03-17,port1154,Santa Marta,2,0,320,23849,0,0,320,0,0,23849,0,0,0,0
2026-03-18,port1154,Santa Marta,1,1,0,8212,0,0,0,0,0,0,8212,0,0,0
2026-03-19,port1154,Santa Marta,1,0,55865,0,55865,0,0,0,0,0,0,0,0,0
2026-03-20,port1154,Santa Marta,3,1,0,1564,0,0,0,0,0,1564,0,0,0,0
2026-03-21,port1154,Santa Marta,0,0,0,0,0,0,0,0,0,0,0,0,0,0
2026-03-22,port1154,Santa Marta,1,0,20763,0,20763,0,0,0,0,0,0,0,0,0
2026-03-23,port1154,Santa Marta,3,2,19764,1960,19764,0,0,0,0,0,1960,0,0,0
2026-03-24,port1154,Santa Marta,1,1,0,9764,0,0,0,0,0,0,9764,0,0,0
2026-03-25,port1154,Santa Marta,2,1,0,689,0,0,0,0,0,0,689,0,0,0
2026-03-26,port1154,Santa Marta,4,1,12047,1561,8213,0,663,3169,0,0,1561,0,0,0
2026-03-27,port1154,Santa Marta,2,0,18634,0,18634,0,0,0,0,0,0,0,0,0
2026-03-28,port1154,Santa Marta,1,1,2153,0,0,2153,0,0,0,0,0,0,0,0
2026-03-29,port1154,Santa Marta,0,0,0,0,0,0,0,0,0,0,0,0,0,0
2026-03-30,port1154,Santa Marta,3,0,19552,6457,19552,0,0,0,0,6457,0,0,0,0
2026-03-31,port1154,Santa Marta,1,1,0,6737,0,0,0,0,0,0,6737,0,0,0
2026-04-01,port1154,Santa Marta,3,1,15895,20309,15895,0,0,0,0,6457,4831,0,9020,0
2026-04-02,port1154,Santa Marta,2,2,0,3512,0,0,0,0,0,0,3512,0,0,0
2026-04-03,port1154,Santa Marta,3,0,63579,7721,63579,0,0,0,0,0,0,0,7721,0
2026-04-04,port1154,Santa Marta,2,1,2332,4783,0,0,0,2332,0,0,0,0,4783,0
2026-04-05,port1154,Santa Marta,1,0,0,26418,0,0,0,0,0,26418,0,0,0,0
2026-04-06,port1154,Santa Marta,1,1,0,5158,0,0,0,0,0,0,5158,0,0,0
2026-04-07,port1154,Santa Marta,4,2,19571,8610,15895,3675,0,0,0,6457,2152,0,0,0
2026-04-08,port1154,Santa Marta,1,0,914,0,914,0,0,0,0,0,0,0,0,0
2026-04-09,port1154,Santa Marta,2,2,0,1739,0,0,0,0,0,0,1739,0,0,0
2026-04-10,port1154,Santa Marta,2,1,20204,0,18053,2150,0,0,0,0,0,0,0,0
2026-04-11,port1154,Santa Marta,2,0,32866,0,32866,0,0,0,0,0,0,0,0,0
2026-04-12,port1154,Santa Marta,0,0,0,0,0,0,0,0,0,0,0,0,0,0
2026-04-13,port1154,Santa Marta,3,2,1705,16989,0,1705,0,0,0,0,4305,0,12684,0
2026-04-14,port1154,Santa Marta,2,1,852,2152,0,852,0,0,0,0,2152,0,0,0
2026-04-15,port1154,Santa Marta,1,1,685,0,0,685,0,0,0,0,0,0,0,0
2026-04-16,port1154,Santa Marta,4,1,33028,17457,33028,0,0,0,0,0,2255,0,15201,0
2026-04-17,port1154,Santa Marta,2,0,3634,0,0,0,1102,0,2532,0,0,0,0,0
2026-04-18,port1154,Santa Marta,1,1,0,0,0,0,0,0,0,0,0,0,0,0
2026-04-19,port1154,Santa Marta,1,0,11466,0,0,0,11466,0,0,0,0,0,0,0
2026-04-20,port1154,Santa Marta,0,0,0,0,0,0,0,0,0,0,0,0,0,0
2026-04-21,port1154,Santa Marta,4,2,852,60045,0,852,0,0,0,53235,6621,189,0,0
2026-04-22,port1154,Santa Marta,2,1,852,2152,0,852,0,0,0,0,2152,0,0,0
2026-04-23,port1154,Santa Marta,3,1,14746,2730,14318,0,427,0,0,0,2730,0,0,0
2026-04-24,port1154,Santa Marta,3,1,5725,7755,0,539,5185,0,0,0,0,0,7755,0
2026-04-25,port1154,Santa Marta,0,0,0,0,0,0,0,0,0,0,0,0,0,0
2026-04-26,port1154,Santa Marta,0,0,0,0,0,0,0,0,0,0,0,0,0,0
2026-04-27,port1154,Santa Marta,3,2,20531,4305,18826,1705,0,0,0,0,4305,0,0,0
2026-04-28,port1154,Santa Marta,2,1,0,2386,0,0,0,0,0,0,2386,0,0,0
2026-04-29,port1154,Santa Marta,2,0,16060,1440,16060,0,0,0,0,0,0,1440,0,0
2026-04-30,port1154,Santa Marta,2,1,58772,753,58772,0,0,0,0,0,753,0,0,0
2026-05-01,port1154,Santa Marta,1,1,0,0,0,0,0,0,0,0,0,0,0,0
2026-05-02,port1154,Santa Marta,2,0,13889,6833,13889,0,0,0,0,0,0,0,6833,0
2026-05-03,port1154,Santa Marta,0,0,0,0,0,0,0,0,0,0,0,0,0,0
2026-05-04,port1154,Santa Marta,2,1,59273,2152,58421,852,0,0,0,0,2152,0,0,0
2026-05-05,port1154,Santa Marta,0,0,0,0,0,0,0,0,0,0,0,0,0,0
2026-05-06,port1154,Santa Marta,2,2,1379,1625,0,1379,0,0,0,0,1625,0,0,0
2026-05-07,port1154,Santa Marta,3,1,34083,6846,34083,0,0,0,0,6457,388,0,0,0
2026-05-08,port1154,Santa Marta,0,0,0,0,0,0,0,0,0,0,0,0,0,0
2026-05-09,port1154,Santa Marta,2,1,1072,2455,0,1072,0,0,0,0,0,0,2455,0
2026-05-10,port1154,Santa Marta,1,0,463,0,0,0,0,463,0,0,0,0,0,0
2026-05-11,port1154,Santa Marta,3,1,19797,2152,18629,852,314,0,0,0,2152,0,0,0
2026-05-12,port1154,Santa Marta,1,1,0,813,0,0,0,0,0,0,813,0,0,0
2026-05-13,port1154,Santa Marta,3,2,852,4183,0,852,0,0,0,0,4183,0,0,0
2026-05-14,port1154,Santa Marta,2,1,230,2927,0,0,230,0,0,0,2927,0,0,0
2026-05-15,port1154,Santa Marta,3,1,19072,0,19072,0,0,0,0,0,0,0,0,0
2026-05-16,port1154,Santa Marta,1,0,1855,780,0,0,1855,0,0,0,0,780,0,0
2026-05-17,port1154,Santa Marta,3,1,27561,0,25519,2041,0,0,0,0,0,0,0,0
2026-05-18,port1154,Santa Marta,2,1,0,3442,0,0,0,0,0,0,3442,0,0,0
2026-05-19,port1154,Santa Marta,2,1,21217,2152,20365,852,0,0,0,0,2152,0,0,0
2026-05-20,port1154,Santa Marta,1,0,18211,0,0,0,18211,0,0,0,0,0,0,0
2026-05-21,port1154,Santa Marta,2,1,2736,393,2736,0,0,0,0,0,393,0,0,0
2026-05-22,port1154,Santa Marta,0,0,0,0,0,0,0,0,0,0,0,0,0,0
2026-05-23,port1154,Santa Marta,2,1,1615,40122,0,1615,0,0,0,40122,0,0,0,0
2026-05-24,port1154,Santa Marta,0,0,0,0,0,0,0,0,0,0,0,0,0,0
2026-05-25,port1154,Santa Marta,2,1,852,2152,0,852,0,0,0,0,2152,0,0,0
2026-05-26,port1154,Santa Marta,1,1,852,2152,0,852,0,0,0,0,2152,0,0,0
2026-05-27,port1154,Santa Marta,2,2,1426,1234,0,1426,0,0,0,0,1234,0,0,0
2026-05-28,port1154,Santa Marta,3,1,852,3098,0,852,0,0,0,0,2152,946,0,0
2026-05-29,port1154,Santa Marta,3,1,59258,0,58432,0,825,0,0,0,0,0,0,0
2026-05-30,port1154,Santa Marta,1,1,394,337,0,394,0,0,0,0,337,0,0,0
2026-05-31,port1154,Santa Marta,1,0,52374,0,52374,0,0,0,0,0,0,0,0,0
2026-06-01,port1154,Santa Marta,1,1,0,2821,0,0,0,0,0,0,2821,0,0,0
2026-06-02,port1154,Santa Marta,1,1,1595,0,0,1595,0,0,0,0,0,0,0,0
2026-06-03,port1154,Santa Marta,2,1,15895,8496,15895,0,0,0,0,6457,2038,0,0,0
2026-06-04,port1154,Santa Marta,2,1,3199,1171,0,0,0,3199,0,0,1171,0,0,0
2026-06-05,port1154,Santa Marta,1,0,2332,4783,0,0,0,2332,0,0,0,0,4783,0
2026-06-06,port1154,Santa Marta,2,1,0,5028,0,0,0,0,0,0,537,0,4491,0
2026-06-07,port1154,Santa Marta,1,0,1855,780,0,0,1855,0,0,0,0,780,0,0
2026-06-08,port1154,Santa Marta,3,2,0,5141,0,0,0,0,0,0,5141,0,0,0
2026-06-09,port1154,Santa Marta,1,1,0,57,0,0,0,0,0,0,57,0,0,0
2026-06-10,port1154,Santa Marta,2,1,1354,13088,0,1354,0,0,0,0,335,0,12753,0
2026-06-11,port1154,Santa Marta,2,1,16747,8610,15895,852,0,0,0,6457,2152,0,0,0
2026-06-12,port1154,Santa Marta,3,1,10066,2685,10066,0,0,0,0,0,0,0,2685,0
2026-06-13,port1154,Santa Marta,3,0,554,60859,554,0,0,0,0,60859,0,0,0,0
2026-06-14,port1154,Santa Marta,0,0,0,0,0,0,0,0,0,0,0,0,0,0
2026-06-15,port1154,Santa Marta,1,1,852,2152,0,852,0,0,0,0,2152,0,0,0
2026-06-16,port1154,Santa Marta,2,1,22659,2407,22659,0,0,0,0,0,2407,0,0,0
2026-06-17,port1154,Santa Marta,4,1,15895,49528,15895,0,0,0,0,46091,3436,0,0,0
2026-06-18,port1154,Santa Marta,1,1,0,391,0,0,0,0,0,0,391,0,0,0
2026-06-19,port1154,Santa Marta,4,1,41173,2148,41173,0,0,0,0,0,2148,0,0,0
2026-06-20,port1154,Santa Marta,0,0,0,0,0,0,0,0,0,0,0,0,0,0
2026-06-21,port1154,Santa Marta,0,0,0,0,0,0,0,0,0,0,0,0,0,0
2026-06-22,port1154,Santa Marta,2,2,0,1741,0,0,0,0,0,0,1741,0,0,0
2026-06-23,port1154,Santa Marta,3,1,1855,2567,0,0,1855,0,0,0,1629,937,0,0
2026-06-24,port1154,Santa Marta,2,1,0,9465,0,0,0,0,0,0,2028,0,7437,0
2026-06-25,port1154,Santa Marta,2,1,4505,2152,0,852,0,3652,0,0,2152,0,0,0
2026-06-26,port1154,Santa Marta,2,0,60464,0,60464,0,0,0,0,0,0,0,0,0
2026-06-27,port1154,Santa Marta,2,1,31711,0,31711,0,0,0,0,0,0,0,0,0
2026-06-28,port1154,Santa Marta,2,1,7142,0,0,4288,0,2854,0,0,0,0,0,0
2026-06-29,port1154,Santa Marta,1,1,0,2818,0,0,0,0,0,0,2818,0,0,0
2026-06-30,port1154,Santa Marta,0,0,0,0,0,0,0,0,0,0,0,0,0,0
2026-07-01,port1154,Santa Marta,2,1,0,5683,0,0,0,0,0,0,5683,0,0,0
2026-07-02,port1154,Santa Marta,4,2,64338,4636,54329,781,9227,0,0,0,4636,0,0,0
2026-07-03,port1154,Santa Marta,1,0,6746,0,6746,0,0,0,0,0,0,0,0,0
2026-07-04,port1154,Santa Marta,2,1,0,536,0,0,0,0,0,0,536,0,0,0
2026-07-05,port1154,Santa Marta,1,0,0,3704,0,0,0,0,0,0,0,0,3704,0
2026-07-06,port1154,Santa Marta,1,1,0,5616,0,0,0,0,0,0,5616,0,0,0
2026-07-07,port1154,Santa Marta,2,1,15895,9655,15895,0,0,0,0,6457,3197,0,0,0
2026-07-08,port1154,Santa Marta,2,2,1354,3768,0,1354,0,0,0,0,3768,0,0,0
2026-07-09,port1154,Santa Marta,3,1,17572,927,0,0,0,17572,0,0,361,565,0,0
2026-07-10,port1154,Santa Marta,2,1,50587,0,50587,0,0,0,0,0,0,0,0,0
2026-07-11,port1154,Santa Marta,0,0,0,0,0,0,0,0,0,0,0,0,0,0
2026-07-12,port1154,Santa Marta,0,0,0,0,0,0,0,0,0,0,0,0,0,0
2026-07-13,port1154,Santa Marta,2,1,0,1694,0,0,0,0,0,0,1694,0,0,0
2026-07-14,port1154,Santa Marta,1,1,852,2152,0,852,0,0,0,0,2152,0,0,0
2026-07-15,port1154,Santa Marta,2,1,4462,0,0,407,0,4055,0,0,0,0,0,0
2026-07-16,port1154,Santa Marta,1,1,393,0,0,393,0,0,0,0,0,0,0,0
2026-07-17,port1154,Santa Marta,2,1,796,1234,0,796,0,0,0,0,1234,0,0,0
2026-07-18,port1154,Santa Marta,0,0,0,0,0,0,0,0,0,0,0,0,0,0
2026-07-19,port1154,Santa Marta,1,0,1855,780,0,0,1855,0,0,0,0,780,0,0
2026-07-20,port1154,Santa Marta,2,1,996,0,0,677,0,318,0,0,0,0,0,0
2026-07-21,port1154,Santa Marta,0,0,0,0,0,0,0,0,0,0,0,0,0,0
2026-07-22,port1154,Santa Marta,2,0,0,585,0,0,0,0,0,0,0,389,196,0
2026-07-23,port1154,Santa Marta,2,2,2392,724,0,2392,0,0,0,0,724,0,0,0
2026-07-24,port1154,Santa Marta,1,1,0,0,0,0,0,0,0,0,0,0,0,0
2026-07-25,port1154,Santa Marta,1,0,2340,0,2340,0,0,0,0,0,0,0,0,0
2026-07-26,port1154,Santa Marta,0,0,0,0,0,0,0,0,0,0,0,0,0,0
2026-07-27,port1154,Santa Marta,2,1,55695,4502,55695,0,0,0,0,0,4502,0,0,0
2026-07-28,port1154,Santa Marta,0,0,0,0,0,0,0,0,0,0,0,0,0,0
2026-07-29,port1154,Santa Marta,0,0,0,0,0,0,0,0,0,0,0,0,0,0
2026-07-30,port1154,Santa Marta,0,0,0,0,0,0,0,0,0,0,0,0,0,0
2026-07-31,port1154,Santa Marta,2,1,537,0,0,537,0,0,0,0,0,0,0,0
2026-08-01,port1154,Santa Marta,1,0,0,47583,0,0,0,0,0,47583,0,0,0,0
2026-08-02,port1154,Santa Marta,0,0,0,0,0,0,0,0,0,0,0,0,0,0
2026-08-03,port1154,Santa Marta,3,1,79531,337,79137,394,0,0,0,0,337,0,0,0
2026-08-04,port1154,Santa Marta,4,1,69314,15088,69314,0,0,0,0,6457,5565,3065,0,0
2026-08-05,port1154,Santa Marta,1,1,0,1225,0,0,0,0,0,0,1225,0,0,0
2026-08-06,port1154,Santa Marta,2,1,0,48455,0,0,0,0,0,48094,361,0,0,0
2026-08-07,port1154,Santa Marta,1,0,695,0,0,0,695,0,0,0,0,0,0,0
2026-08-08,port1154,Santa Marta,4,1,11117,5617,8927,0,0,0,2190,0,5617,0,0,0
2026-08-09,port1154,Santa Marta,0,0,0,0,0,0,0,0,0,0,0,0,0,0
2026-08-10,port1154,Santa Marta,2,0,12781,92,12178,0,0,0,602,0,0,0,0,92
2026-08-11,port1154,Santa Marta,3,2,17749,8134,17749,0,0,0,0,0,8134,0,0,0
2026-08-12,port1154,Santa Marta,1,0,10510,0,10510,0,0,0,0,0,0,0,0,0
2026-08-13,port1154,Santa Marta,3,1,1461,1176,1461,0,0,0,0,0,1176,0,0,0
2026-08-14,port1154,Santa Marta,3,0,31921,0,31168,0,752,0,0,0,0,0,0,0
2026-08-15,port1154,Santa Marta,3,1,28386,1326,26987,796,0,0,602,0,1234,0,0,92
2026-08-16,port1154,Santa Marta,2,0,1025,278,0,0,0,0,1025,278,0,0,0,0
2026-08-17,port1154,Santa Marta,2,1,0,4502,0,0,0,0,0,0,4502,0,0,0
2026-08-18,port1154,Santa Marta,2,1,7885,814,7885,0,0,0,0,0,814,0,0,0
2026-08-19,port1154,Santa Marta,2,1,10290,2741,10290,0,0,0,0,0,2741,0,0,0
2026-08-20,port1154,Santa Marta,2,1,53016,722,53016,0,0,0,0,0,722,0,0,0
2026-08-21,port1154,Santa Marta,2,0,0,1418,0,0,0,0,0,0,0,0,1418,0
2026-08-22,port1154,Santa Marta,2,1,0,4980,0,0,0,0,0,0,0,0,4980,0
2026-08-23,port1154,Santa Marta,0,0,0,0,0,0,0,0,0,0,0,0,0,0
2026-08-24,port1154,Santa Marta,2,0,10277,4783,7945,0,0,2332,0,0,0,0,4783,0
2026-08-25,port1154,Santa Marta,4,2,17713,5559,16909,803,0,0,0,0,5559,0,0,0
2026-08-26,port1154,Santa Marta,2,1,2739,4783,0,407,0,2332,0,0,0,0,4783,0
2026-08-27,port1154,Santa Marta,2,1,779,814,0,779,0,0,0,0,0,814,0,0
2026-08-28,port1154,Santa Marta,1,1,5407,0,0,5407,0,0,0,0,0,0,0,0
2026-08-29,port1154,Santa Marta,2,0,76484,5386,76484,0,0,0,0,5386,0,0,0,0
2026-08-30,port1154,Santa Marta,1,0,15895,6457,15895,0,0,0,0,6457,0,0,0,0
2026-08-31,port1154,Santa Marta,2,1,18009,10985,18009,0,0,0,0,5386,5599,0,0,0
2026-09-01,port1154,Santa Marta,2,1,10076,2152,9223,852,0,0,0,0,2152,0,0,0
2026-09-02,port1154,Santa Marta,0,0,0,0,0,0,0,0,0,0,0,0,0,0
2026-09-03,port1154,Santa Marta,3,1,5886,0,3894,1451,540,0,0,0,0,0,0,0
2026-09-04,port1154,Santa Marta,2,1,0,1151,0,0,0,0,0,0,0,1151,0,0
2026-09-05,port1154,Santa Marta,2,0,2332,66307,0,0,0,2332,0,61523,0,0,4783,0
2026-09-06,port1154,Santa Marta,0,0,0,0,0,0,0,0,0,0,0,0,0,0
2026-09-07,port1154,Santa Marta,1,1,0,5062,0,0,0,0,0,0,5062,0,0,0
2026-09-08,port1154,Santa Marta,3,1,65011,9643,65011,0,0,0,0,6457,3185,0,0,0
2026-09-09,port1154,Santa Marta,1,1,0,1366,0,0,0,0,0,0,1366,0,0,0
2026-09-10,port1154,Santa Marta,1,1,852,2152,0,852,0,0,0,0,2152,0,0,0
2026-09-11,port1154,Santa Marta,1,1,796,1234,0,796,0,0,0,0,1234,0,0,0
2026-09-12,port1154,Santa Marta,2,0,29885,1287,29885,0,0,0,0,0,0,1287,0,0
2026-09-13,port1154,Santa Marta,0,0,0,0,0,0,0,0,0,0,0,0,0,0
2026-09-14,port1154,Santa Marta,0,0,0,0,0,0,0,0,0,0,0,0,0,0
2026-09-15,port1154,Santa Marta,3,2,15895,9381,15895,0,0,0,0,6457,2923,0,0,0
2026-09-16,port1154,Santa Marta,1,1,407,0,0,407,0,0,0,0,0,0,0,0
2026-09-17,port1154,Santa Marta,3,1,73695,0,69682,4012,0,0,0,0,0,0,0,0
2026-09-18,port1154,Santa Marta,1,1,0,0,0,0,0,0,0,0,0,0,0,0
2026-09-19,port1154,Santa Marta,0,0,0,0,0,0,0,0,0,0,0,0,0,0
2026-09-20,port1154,Santa Marta,0,0,0,0,0,0,0,0,0,0,0,0,0,0
2026-09-21,port1154,Santa Marta,1,1,0,1735,0,0,0,0,0,0,1735,0,0,0
2026-09-22,port1154,Santa Marta,2,1,0,6385,0,0,0,0,0,0,6385,0,0,0
2026-09-23,port1154,Santa Marta,1,0,0,0,0,0,0,0,0,0,0,0,0,0
2026-09-24,port1154,Santa Marta,2,1,18252,6457,15895,2356,0,0,0,6457,0,0,0,0
2026-09-25,port1154,Santa Marta,2,0,573,0,0,0,573,0,0,0,0,0,0,0
